feature,symbol,baseMean,log2FoldChange,lfcSE,stat,pvalue,padj
0610005C13Rik,0610005C13Rik,4.097,-0.2026,0.8854,-0.2288,0.8191,
0610007P14Rik,0610007P14Rik,1099.4849,-0.0052,0.0774,-0.0675,0.9462,0.9971
0610009B22Rik,0610009B22Rik,750.0969,-0.0391,0.0847,-0.4612,0.6446,0.9684
0610009L18Rik,0610009L18Rik,24.8296,0.0779,0.3283,0.2372,0.8125,0.9886
0610009O20Rik,0610009O20Rik,1149.3325,-0.0376,0.0724,-0.5187,0.604,0.966
0610010F05Rik,0610010F05Rik,681.1058,-0.0437,0.191,-0.2288,0.819,0.9892
0610010K14Rik,0610010K14Rik,919.277,0.0203,0.0771,0.2638,0.7919,0.9866
0610011F06Rik,0610011F06Rik,359.334,0.0873,0.1017,0.8578,0.391,0.9331
0610012G03Rik,0610012G03Rik,321.3337,-0.127,0.102,-1.2454,0.213,0.8877
0610030E20Rik,0610030E20Rik,864.6869,0.1798,0.1076,1.6701,0.0949,0.7876
0610037L13Rik,0610037L13Rik,983.6591,0.0569,0.0951,0.5979,0.5499,0.9571
0610038B21Rik,0610038B21Rik,8.8596,0.4632,0.4862,0.9526,0.3408,
0610039K10Rik,0610039K10Rik,1.2499,-0.7858,1.4951,-0.5256,0.5991,
0610040B10Rik,0610040B10Rik,20.8071,0.162,0.3249,0.4987,0.618,0.966
0610040F04Rik,0610040F04Rik,0.5789,-0.5057,2.0046,-0.2522,0.8008,
0610040J01Rik,0610040J01Rik,0.676,-0.6102,1.9263,-0.3168,0.7514,
0610043K17Rik,0610043K17Rik,1.3432,0.4443,1.2549,0.354,0.7233,
1010001N08Rik,1010001N08Rik,1.0521,-2.3448,1.6993,-1.3798,0.1676,
1110001J03Rik,1110001J03Rik,122.5994,-0.0899,0.1455,-0.618,0.5366,0.9571
1110002L01Rik,1110002L01Rik,66.806,0.1095,0.2143,0.511,0.6094,0.966
1110004E09Rik,1110004E09Rik,565.9651,0.0183,0.1228,0.1492,0.8814,0.9914
1110004F10Rik,1110004F10Rik,2588.6651,-0.0473,0.0834,-0.5674,0.5705,0.9605
1110006O24Rik,1110006O24Rik,8.7699,0.677,0.4854,1.3948,0.1631,
1110007C09Rik,1110007C09Rik,1059.8132,-0.1156,0.0788,-1.4665,0.1425,0.8395
1110008F13Rik,1110008F13Rik,1094.7428,0.1165,0.123,0.9477,0.3433,0.9246
1110008L16Rik,1110008L16Rik,558.8421,-0.0422,0.0736,-0.5736,0.5663,0.9592
1110008P14Rik,1110008P14Rik,633.9857,-0.0351,0.089,-0.394,0.6935,0.9731
1110012L19Rik,1110012L19Rik,820.7147,0.2535,0.1394,1.8182,0.069,0.7617
1110017D15Rik,1110017D15Rik,1.8325,-0.8759,1.0643,-0.8231,0.4105,
1110019D14Rik,1110019D14Rik,94.1556,0.0382,0.1869,0.2046,0.8379,0.9906
1110020A21Rik,1110020A21Rik,11.2152,0.2141,0.4815,0.4447,0.6565,
1110032A03Rik,1110032A03Rik,259.1604,0.038,0.1093,0.3476,0.7281,0.9796
1110034G24Rik,1110034G24Rik,130.1929,0.1122,0.1304,0.8603,0.3896,0.933
1110037F02Rik,1110037F02Rik,2880.7138,0.0601,0.0766,0.7846,0.4327,0.9453
1110038B12Rik,1110038B12Rik,1498.2654,-0.0462,0.0723,-0.6387,0.523,0.9556
1110038F14Rik,1110038F14Rik,849.3896,-0.0949,0.0656,-1.4474,0.1478,0.8425
1110046J04Rik,1110046J04Rik,159.1325,-0.2392,0.1271,-1.8821,0.0598,0.749
1110051M20Rik,1110051M20Rik,1308.8347,-0.0331,0.0568,-0.5817,0.5608,0.9579
1110059E24Rik,1110059E24Rik,1011.9233,-0.0138,0.0729,-0.1898,0.8494,0.9906
1110059G10Rik,1110059G10Rik,488.1548,0.0533,0.1119,0.476,0.6341,0.9681
1110065P20Rik,1110065P20Rik,318.9213,0.2498,0.1841,1.357,0.1748,0.8614
1190002F15Rik,1190002F15Rik,80.6758,-0.301,0.1745,-1.7246,0.0846,0.7762
1190002N15Rik,1190002N15Rik,5052.9321,0.1565,0.1237,1.2645,0.2061,0.886
1190005I06Rik,1190005I06Rik,5.8448,0.1598,0.7626,0.2096,0.834,
1190007I07Rik,1190007I07Rik,58.6993,-0.1561,0.1964,-0.7947,0.4268,0.9429
1200014J11Rik,1200014J11Rik,1575.9275,0.0376,0.0644,0.5839,0.5593,0.9579
1300002E11Rik,1300002E11Rik,196.1041,0.2112,0.1155,1.8283,0.0675,0.7617
1300017J02Rik,1300017J02Rik,0.8801,-1.5031,1.5384,-0.977,0.3286,
1500004A13Rik,1500004A13Rik,73.7045,0.4174,0.1766,2.3632,0.0181,0.582
1500009C09Rik,1500009C09Rik,0.4831,0.2636,2.062,0.1278,0.8983,
1500009L16Rik,1500009L16Rik,21.2552,0.2655,0.3201,0.8294,0.4069,0.9373
1500011B03Rik,1500011B03Rik,215.8521,0.0605,0.173,0.3497,0.7265,0.9796
1500011K16Rik,1500011K16Rik,399.8097,0.0892,0.1323,0.6739,0.5004,0.9515
1500012F01Rik,1500012F01Rik,1423.9693,-0.0674,0.0751,-0.8971,0.3697,0.9295
1500012K07Rik,1500012K07Rik,0.9705,-0.0671,1.5806,-0.0424,0.9661,
1500015A07Rik,1500015A07Rik,46.2025,0.6187,0.4382,1.4119,0.158,0.8542
1500015O10Rik,1500015O10Rik,35.4439,-0.2279,0.2645,-0.8617,0.3888,0.933
1500017E21Rik,1500017E21Rik,56.6944,-0.4075,0.2683,-1.5189,0.1288,0.8225
1500026H17Rik,1500026H17Rik,1.3528,1.0471,1.2419,0.8432,0.3991,
1600002D24Rik,1600002D24Rik,0.8572,1.2185,1.5814,0.7705,0.441,
1600002H07Rik,1600002H07Rik,291.6293,0.0741,0.0979,0.7565,0.4494,0.9455
1600002K03Rik,1600002K03Rik,158.7491,-0.1536,0.1309,-1.1728,0.2409,0.8923
1600012H06Rik,1600012H06Rik,1475.9682,0.1707,0.0622,2.7425,0.0061,0.4185
1600014C10Rik,1600014C10Rik,596.9932,0.0091,0.1081,0.0838,0.9332,0.9963
1600014C23Rik,1600014C23Rik,0.5794,-0.4758,1.8015,-0.2641,0.7917,
1600020E01Rik,1600020E01Rik,177.5263,0.2114,0.151,1.4004,0.1614,0.8576
1600023N17Rik,1600023N17Rik,2.7202,0.5611,0.9527,0.589,0.5559,
1600027J07Rik,1600027J07Rik,11.2594,-0.1668,0.535,-0.3117,0.7552,
1700001C19Rik,1700001C19Rik,0.8672,-2.158,1.7684,-1.2203,0.2224,
1700001G11Rik,1700001G11Rik,5.892,1.1271,0.7357,1.5321,0.1255,
1700001G17Rik,1700001G17Rik,3.1858,-1.6242,0.8449,-1.9224,0.0546,
1700001K19Rik,1700001K19Rik,11.0237,0.8043,0.5006,1.6066,0.1081,
1700001K23Rik,1700001K23Rik,1.1573,0.1275,1.2435,0.1025,0.9183,
1700001L05Rik,1700001L05Rik,27.6729,-0.2583,0.3511,-0.7356,0.462,0.9483
1700001L19Rik,1700001L19Rik,3.7754,-1.4723,0.7879,-1.8686,0.0617,
1700001O22Rik,1700001O22Rik,8.7713,0.3789,0.4726,0.8018,0.4227,
1700001P01Rik,1700001P01Rik,2.8691,1.7854,1.1308,1.5789,0.1144,
1700003E16Rik,1700003E16Rik,88.7115,-0.0327,0.1687,-0.1941,0.8461,0.9906
1700003F12Rik,1700003F12Rik,49.6057,-0.1046,0.2784,-0.3756,0.7072,0.9744
1700003G18Rik,1700003G18Rik,0.6753,0.2547,1.714,0.1486,0.8819,
1700003M02Rik,1700003M02Rik,2.039,-2.7567,1.2629,-2.1828,0.029,
1700007G11Rik,1700007G11Rik,2.6943,-0.8897,0.8595,-1.0352,0.3006,
1700007J10Rik,1700007J10Rik,27.9133,0.6299,0.345,1.826,0.0679,0.7617
1700007K09Rik,1700007K09Rik,1.4383,0.766,1.4715,0.5206,0.6027,
1700007K13Rik,1700007K13Rik,10.1337,0.2556,0.4623,0.5528,0.5804,
1700007L15Rik,1700007L15Rik,35.0707,0.0133,0.2348,0.0565,0.955,0.9974
1700008J07Rik,1700008J07Rik,12.6458,-0.3887,0.3881,-1.0016,0.3165,
1700008O03Rik,1700008O03Rik,0.6801,-0.6126,1.9256,-0.3181,0.7504,
1700009N14Rik,1700009N14Rik,3.0844,-1.2072,0.8802,-1.3715,0.1702,
1700011E24Rik,1700011E24Rik,0.5873,-0.7062,1.9712,-0.3583,0.7201,
1700011I03Rik,1700011I03Rik,3.023,-1.3067,0.9577,-1.3645,0.1724,
1700012B07Rik,1700012B07Rik,1.8184,0.5294,1.3066,0.4052,0.6853,
1700012B09Rik,1700012B09Rik,72.1781,0.2056,0.2814,0.7305,0.4651,0.9483
1700012D01Rik,1700012D01Rik,20.3455,0.4194,0.3161,1.3267,0.1846,0.8729
1700012D14Rik,1700012D14Rik,6.3872,0.9426,0.6497,1.4509,0.1468,
1700012H19Rik,1700012H19Rik,1.3455,-0.0403,1.1945,-0.0338,0.9731,
1700012I11Rik,1700012I11Rik,0.5711,2.7008,1.9012,1.4206,0.1554,
1700013F07Rik,1700013F07Rik,1.5578,-1.3414,1.221,-1.0986,0.2719,
1700013G24Rik,1700013G24Rik,5.4121,-1.3363,0.6352,-2.1039,0.0354,
1700013H16Rik,1700013H16Rik,0.9565,0.6355,1.6294,0.39,0.6965,
1700015F17Rik,1700015F17Rik,0.7686,-0.7768,1.6944,-0.4585,0.6466,
1700016C15Rik,1700016C15Rik,0.48,1.4563,2.0223,0.7201,0.4714,
1700016D06Rik,1700016D06Rik,0.7775,0.6214,1.8557,0.3349,0.7377,
1700016L04Rik,1700016L04Rik,0.3846,0.9702,2.4712,0.3926,0.6946,
1700017B05Rik,1700017B05Rik,2358.6953,0.0051,0.0564,0.091,0.9275,0.9957
1700018A04Rik,1700018A04Rik,10.0844,0.6346,0.4987,1.2726,0.2032,
1700018B08Rik,1700018B08Rik,0.6699,-2.6831,2.1248,-1.2627,0.2067,
1700018C11Rik,1700018C11Rik,0.7684,2.2418,1.8076,1.2402,0.2149,
1700018L02Rik,1700018L02Rik,1.6527,-1.7535,1.2412,-1.4128,0.1577,
1700019A02Rik,1700019A02Rik,0.8491,2.1293,1.8604,1.1445,0.2524,
1700019B03Rik,1700019B03Rik,0.5725,0.2014,2.0294,0.0992,0.921,
1700019D03Rik,1700019D03Rik,0.3846,0.9702,2.4712,0.3926,0.6946,
1700019G17Rik,1700019G17Rik,13.1211,-0.2069,0.4183,-0.4946,0.6209,
1700019L03Rik,1700019L03Rik,106.4783,-0.0628,0.1791,-0.351,0.7256,0.9796
1700019N19Rik,1700019N19Rik,0.2934,-1.6605,2.5532,-0.6504,0.5154,
1700020A23Rik,1700020A23Rik,1.6449,1.5703,1.3586,1.1559,0.2477,
1700020D05Rik,1700020D05Rik,3.2745,1.7813,0.9118,1.9536,0.0507,
1700020I14Rik,1700020I14Rik,810.8695,-0.0657,0.1224,-0.5369,0.5913,0.964
1700020L24Rik,1700020L24Rik,157.2184,-0.1705,0.1366,-1.2483,0.2119,0.8875
1700020N01Rik,1700020N01Rik,1.0529,-0.6673,1.4674,-0.4547,0.6493,
1700020N18Rik,1700020N18Rik,0.4824,2.5323,2.2343,1.1334,0.2571,
1700021F05Rik,1700021F05Rik,846.9674,-0.0829,0.0856,-0.9682,0.3329,0.9206
1700021K19Rik,1700021K19Rik,2340.1838,-0.0257,0.0513,-0.5001,0.617,0.966
1700022H01Rik,1700022H01Rik,1.8249,0.8982,1.0421,0.8619,0.3887,
1700023F06Rik,1700023F06Rik,2.3,2.1086,1.099,1.9186,0.055,
1700024P16Rik,1700024P16Rik,39.6658,0.0945,0.3186,0.2966,0.7667,0.985
1700025F24Rik,1700025F24Rik,1.4585,0.1801,1.1994,0.1501,0.8807,
1700025G04Rik,1700025G04Rik,521.6927,-0.0182,0.1335,-0.1366,0.8914,0.992
1700026D08Rik,1700026D08Rik,34.2624,0.5299,0.3035,1.7459,0.0808,0.7741
1700026J14Rik,1700026J14Rik,0.5862,-0.7133,1.7318,-0.4119,0.6804,
1700026L06Rik,1700026L06Rik,5.2023,0.2892,0.6425,0.4501,0.6527,
1700027A15Rik,1700027A15Rik,0.4892,1.6046,2.3024,0.6969,0.4859,
1700028E10Rik,1700028E10Rik,4.1388,1.1819,0.7399,1.5975,0.1102,
1700028I16Rik,1700028I16Rik,4.6264,-0.8806,0.6892,-1.2777,0.2013,
1700028J19Rik,1700028J19Rik,16.1638,-0.1589,0.3578,-0.444,0.657,
1700028K03Rik,1700028K03Rik,5.9718,0.1619,0.5758,0.2812,0.7785,
1700028M03Rik,1700028M03Rik,0.8572,1.2185,1.5814,0.7705,0.441,
1700029H14Rik,1700029H14Rik,0.3846,0.9702,2.4712,0.3926,0.6946,
1700029I15Rik,1700029I15Rik,9.4334,-0.1527,0.4453,-0.3428,0.7317,
1700029J03Rik,1700029J03Rik,13.4786,-0.5648,0.4214,-1.3403,0.1802,
1700029J07Rik,1700029J07Rik,29.0344,0.2297,0.3222,0.7127,0.476,0.949
1700030F04Rik,1700030F04Rik,1.6504,0.2908,1.1073,0.2626,0.7929,
1700030F18Rik,1700030F18Rik,2.2961,0.1309,0.9683,0.1351,0.8925,
1700030J22Rik,1700030J22Rik,80.1876,-0.0254,0.1911,-0.1329,0.8943,0.9923
1700030K09Rik,1700030K09Rik,385.2015,-0.0398,0.0862,-0.4616,0.6443,0.9684
1700030L20Rik,1700030L20Rik,0.384,0.9702,2.472,0.3925,0.6947,
1700031A10Rik,1700031A10Rik,6.4488,-0.3358,0.5518,-0.6086,0.5428,
1700034E13Rik,1700034E13Rik,2.098,0.131,1.0182,0.1286,0.8976,
1700034H15Rik,1700034H15Rik,2.3105,2.6272,1.1219,2.3417,0.0192,
1700034P13Rik,1700034P13Rik,4.2195,0.174,0.7462,0.2331,0.8157,
1700037C18Rik,1700037C18Rik,53.3692,-0.2431,0.194,-1.2531,0.2102,0.8875
1700037H04Rik,1700037H04Rik,987.6998,0.019,0.081,0.2341,0.8149,0.9889
1700040L02Rik,1700040L02Rik,0.4888,1.6111,2.2503,0.716,0.474,
1700042O10Rik,1700042O10Rik,4.603,0.2788,0.6979,0.3994,0.6896,
1700048M11Rik,1700048M11Rik,9.9089,-0.3309,0.4629,-0.7149,0.4747,
1700048O20Rik,1700048O20Rik,0.4899,-0.334,2.3664,-0.1411,0.8878,
1700049G17Rik,1700049G17Rik,207.9508,0.1562,0.1182,1.3218,0.1862,0.874
1700052K11Rik,1700052K11Rik,216.4864,-0.0182,0.1199,-0.1517,0.8794,0.9914
1700056E22Rik,1700056E22Rik,18.1173,0.062,0.3498,0.1774,0.8592,
1700057G04Rik,1700057G04Rik,0.4882,-0.3283,2.0292,-0.1618,0.8715,
1700061G19Rik,1700061G19Rik,9.8509,-0.0006,0.4631,-0.0012,0.999,
1700061I17Rik,1700061I17Rik,1.445,1.2705,1.173,1.0831,0.2787,
1700063D05Rik,1700063D05Rik,0.6677,-1.5019,1.8962,-0.7921,0.4283,
1700065J18Rik,1700065J18Rik,11.5276,-0.1239,0.4432,-0.2796,0.7798,
1700066B19Rik,1700066B19Rik,1.5336,-1.3131,1.2997,-1.0103,0.3124,
1700066M21Rik,1700066M21Rik,529.237,-0.07,0.1334,-0.5244,0.6,0.966
1700067K01Rik,1700067K01Rik,10.1757,0.1109,0.5372,0.2065,0.8364,
1700071M16Rik,1700071M16Rik,1.0597,0.6126,1.3044,0.4697,0.6386,
1700073E17Rik,1700073E17Rik,1.0528,-0.416,1.488,-0.2796,0.7798,
1700084C01Rik,1700084C01Rik,1.0536,1.1849,1.7784,0.6663,0.5052,
1700084E18Rik,1700084E18Rik,2.2997,0.3488,1.0507,0.332,0.7399,
1700086L19Rik,1700086L19Rik,0.5854,-1.6449,1.91,-0.8612,0.3891,
1700086O06Rik,1700086O06Rik,14.7401,0.611,0.4012,1.5227,0.1278,
1700088E04Rik,1700088E04Rik,26.6999,-0.2411,0.3154,-0.7644,0.4447,0.9455
1700092C10Rik,1700092C10Rik,0.8744,-0.4426,1.6034,-0.276,0.7825,
1700092M07Rik,1700092M07Rik,2.5164,-1.291,0.9484,-1.3612,0.1734,
1700093K21Rik,1700093K21Rik,45.8818,-0.3057,0.2545,-1.2012,0.2297,0.8914
1700094D03Rik,1700094D03Rik,87.0556,0.2532,0.1529,1.6564,0.0976,0.7886
1700096K18Rik,1700096K18Rik,30.3853,0.5919,0.2789,2.122,0.0338,0.6686
1700101E01Rik,1700101E01Rik,2.5101,0.9431,1.0388,0.9079,0.3639,
1700101I11Rik,1700101I11Rik,6.9351,-0.3765,0.522,-0.7213,0.4708,
1700102H20Rik,1700102H20Rik,2.3165,-0.9223,0.9327,-0.9889,0.3227,
1700102P08Rik,1700102P08Rik,15.5663,-0.3288,0.3787,-0.8681,0.3853,
1700105P06Rik,1700105P06Rik,0.972,-0.7122,1.425,-0.4998,0.6172,
1700108F19Rik,1700108F19Rik,7.2616,0.2048,0.6732,0.3042,0.761,
1700109H08Rik,1700109H08Rik,14.6935,0.5265,0.4005,1.3146,0.1886,
1700109K24Rik,1700109K24Rik,78.6988,0.3153,0.1976,1.5957,0.1105,0.8103
1700110C19Rik,1700110C19Rik,1.4449,1.2806,1.2282,1.0426,0.2971,
1700112E06Rik,1700112E06Rik,67.9433,0.1473,0.2912,0.506,0.6129,0.966
1700112H15Rik,1700112H15Rik,3.1609,-1.6422,0.9677,-1.697,0.0897,
1700112J16Rik,1700112J16Rik,3.2578,1.9931,0.9079,2.1954,0.0281,
1700113A16Rik,1700113A16Rik,530.365,-0.0195,0.1197,-0.1632,0.8703,0.9906
1700113H08Rik,1700113H08Rik,0.6768,1.1295,1.8853,0.5991,0.5491,
1700116B05Rik,1700116B05Rik,0.6689,-0.3914,1.7674,-0.2214,0.8248,
1700119H24Rik,1700119H24Rik,0.7666,-0.7758,1.5787,-0.4914,0.6232,
1700120C14Rik,1700120C14Rik,4.5238,0.148,0.7305,0.2026,0.8395,
1700120K04Rik,1700120K04Rik,16.1262,-0.1045,0.3616,-0.2891,0.7725,
1700123K08Rik,1700123K08Rik,0.3846,-1.8819,2.44,-0.7713,0.4405,
1700123M08Rik,1700123M08Rik,32.2176,-0.2763,0.274,-1.0082,0.3134,0.9173
1700123O20Rik,1700123O20Rik,1036.6357,0.0038,0.0808,0.0476,0.962,0.9974
1700124L16Rik,1700124L16Rik,1.0624,-0.802,1.332,-0.6021,0.5471,
1700125G22Rik,1700125G22Rik,0.3841,-0.5408,2.5053,-0.2159,0.8291,
1700125H03Rik,1700125H03Rik,4.2402,1.1191,0.7242,1.5453,0.1223,
1700125H20Rik,1700125H20Rik,0.4801,-0.9574,2.0079,-0.4768,0.6335,
1700128A07Rik,1700128A07Rik,0.4813,-1.1521,2.3817,-0.4837,0.6286,
1810008I18Rik,1810008I18Rik,0.9678,0.5264,1.5562,0.3382,0.7352,
1810009A15Rik,1810009A15Rik,0.3819,0.9702,2.4748,0.3921,0.695,
1810010D01Rik,1810010D01Rik,0.3846,0.9702,2.4712,0.3926,0.6946,
1810010H24Rik,1810010H24Rik,23.0487,-0.0103,0.2879,-0.0357,0.9716,0.9974
1810011O10Rik,1810011O10Rik,126.7311,-0.1749,0.142,-1.2315,0.2181,0.8877
1810012K16Rik,1810012K16Rik,1.7283,0.0474,1.1805,0.0401,0.968,
1810013L24Rik,1810013L24Rik,2015.9017,0.0631,0.0685,0.9224,0.3563,0.9295
1810014B01Rik,1810014B01Rik,88.5905,0.0611,0.1601,0.3817,0.7027,0.9743
1810019D21Rik,1810019D21Rik,1.1623,-1.0152,1.3441,-0.7553,0.4501,
1810020O05Rik,1810020O05Rik,1.8404,-0.57,1.1454,-0.4976,0.6188,
1810021B22Rik,1810021B22Rik,38.671,0.0344,0.2428,0.1416,0.8874,0.9917
1810022K09Rik,1810022K09Rik,780.2275,-0.0279,0.0689,-0.4044,0.6859,0.9717
1810024B03Rik,1810024B03Rik,10.1922,0.5663,0.4755,1.1911,0.2336,
1810026B05Rik,1810026B05Rik,275.7155,0.0424,0.1053,0.4028,0.6871,0.9717
1810026J23Rik,1810026J23Rik,2630.591,0.0324,0.0819,0.3956,0.6924,0.9731
1810030O07Rik,1810030O07Rik,1672.8205,0.02,0.0596,0.3348,0.7377,0.9816
1810032O08Rik,1810032O08Rik,271.3925,-0.0464,0.1169,-0.397,0.6914,0.9731
1810034E14Rik,1810034E14Rik,72.4003,0.1759,0.1766,0.9963,0.3191,0.9181
1810037I17Rik,1810037I17Rik,1308.8733,0.0021,0.0726,0.0296,0.9764,0.9975
1810041L15Rik,1810041L15Rik,122.147,-0.1079,0.2337,-0.4618,0.6442,0.9684
1810043G02Rik,1810043G02Rik,587.0717,-0.1165,0.0768,-1.518,0.129,0.8225
1810043H04Rik,1810043H04Rik,223.3228,0.0964,0.1328,0.726,0.4679,0.9483
1810044D09Rik,1810044D09Rik,16.2599,0.0195,0.3612,0.0539,0.957,
1810046K07Rik,1810046K07Rik,0.857,-0.6195,1.899,-0.3262,0.7443,
1810053B23Rik,1810053B23Rik,2.1074,-0.098,0.9656,-0.1015,0.9192,
1810055G02Rik,1810055G02Rik,1956.5739,0.0344,0.0784,0.4387,0.6609,0.9702
1810058I24Rik,1810058I24Rik,1808.8446,-0.0327,0.1147,-0.2849,0.7757,0.985
1810062G17Rik,1810062G17Rik,18.2458,0.0742,0.3367,0.2205,0.8255,
1810062O18Rik,1810062O18Rik,4.0639,0.2206,0.6783,0.3253,0.7449,
2010001A14Rik,2010001A14Rik,77.9746,0.2516,0.2821,0.8919,0.3724,0.9295
2010003K11Rik,2010003K11Rik,1.83,0.4177,1.0021,0.4168,0.6768,
2010005H15Rik,2010005H15Rik,1.4438,-0.4273,1.2734,-0.3356,0.7372,
2010009K17Rik,2010009K17Rik,0.6775,0.2718,1.9025,0.1429,0.8864,
2010010A06Rik,2010010A06Rik,0.6775,-0.6141,1.9262,-0.3188,0.7499,
2010012O05Rik,2010012O05Rik,474.5121,-0.1283,0.0903,-1.4203,0.1555,0.8509
2010107E04Rik,2010107E04Rik,1791.1209,-0.1158,0.0739,-1.5678,0.1169,0.8127
2010107G12Rik,2010107G12Rik,3.9384,0.9041,0.7268,1.2441,0.2135,
2010107G23Rik,2010107G23Rik,100.6725,-0.2661,0.1836,-1.4493,0.1473,0.8425
2010109A12Rik,2010109A12Rik,0.489,-1.3133,2.2925,-0.5728,0.5667,
2010111I01Rik,2010111I01Rik,3512.6713,0.0916,0.1215,0.7536,0.4511,0.9455
2010204K13Rik,2010204K13Rik,56.0635,0.0675,0.2353,0.2869,0.7742,0.985
2010310C07Rik,2010310C07Rik,1.4454,0.1979,1.3125,0.1508,0.8802,
2010315B03Rik,2010315B03Rik,148.2041,0.1756,0.16,1.0976,0.2724,0.9032
2010320M18Rik,2010320M18Rik,82.5803,0.0287,0.1662,0.1727,0.8629,0.9906
2200002D01Rik,2200002D01Rik,247.1616,-0.3221,0.1561,-2.0636,0.0391,0.702
2210010C04Rik,2210010C04Rik,10.7148,-0.6488,0.444,-1.461,0.144,
2210011C24Rik,2210011C24Rik,57.8529,-0.386,0.265,-1.4566,0.1452,0.8423
2210013O21Rik,2210013O21Rik,1032.1238,0.0213,0.1023,0.2082,0.8351,0.9906
2210015D19Rik,2210015D19Rik,331.2327,0.1864,0.1238,1.506,0.1321,0.826
2210016F16Rik,2210016F16Rik,113.8158,0.1418,0.1457,0.9733,0.3304,0.9197
2210016L21Rik,2210016L21Rik,843.6439,0.0399,0.0877,0.4549,0.6492,0.9684
2210018M11Rik,2210018M11Rik,553.0254,0.0501,0.16,0.3132,0.7541,0.9849
2210404O09Rik,2210404O09Rik,33.8174,-0.0018,0.2951,-0.0061,0.9952,0.9993
2210406O10Rik,2210406O10Rik,6.0458,0.0251,0.5986,0.042,0.9665,
2210408F21Rik,2210408F21Rik,60.552,0.6085,0.197,3.0891,0.002,0.309
2210408I21Rik,2210408I21Rik,129.4207,-0.0482,0.1474,-0.327,0.7437,0.9831
2210409D07Rik,2210409D07Rik,6.6282,-0.1616,0.5478,-0.295,0.768,
2210416O15Rik,2210416O15Rik,15.934,0.3515,0.4613,0.7619,0.4461,
2300005B03Rik,2300005B03Rik,0.6781,2.1045,1.857,1.1333,0.2571,
2300009A05Rik,2300009A05Rik,91.9596,0.1483,0.2071,0.716,0.474,0.949
2310001H17Rik,2310001H17Rik,45.519,0.0072,0.228,0.0314,0.9749,0.9975
2310002F09Rik,2310002F09Rik,5.4296,-0.7236,0.7051,-1.0262,0.3048,
2310002L09Rik,2310002L09Rik,19.7665,-0.6362,0.4525,-1.406,0.1597,
2310007B03Rik,2310007B03Rik,2.1287,-0.9752,0.9922,-0.9828,0.3257,
2310008N11Rik,2310008N11Rik,1.8445,0.2755,1.0152,0.2714,0.7861,
2310009A05Rik,2310009A05Rik,153.3675,-0.1319,0.1303,-1.0119,0.3116,0.9173
2310009B15Rik,2310009B15Rik,332.9593,0.0733,0.1002,0.7311,0.4647,0.9483
2310010G23Rik,2310010G23Rik,32.7492,-0.0368,0.3242,-0.1135,0.9096,0.9941
2310010J17Rik,2310010J17Rik,22.1869,0.1356,0.3383,0.4008,0.6886,0.9719
2310011J03Rik,2310011J03Rik,1200.231,-0.0939,0.0799,-1.1758,0.2397,0.8923
2310015A10Rik,2310015A10Rik,263.9488,0.2262,0.1608,1.4065,0.1596,0.8558
2310020H05Rik,2310020H05Rik,10.9729,-0.5936,0.4662,-1.2733,0.2029,
2310022A10Rik,2310022A10Rik,1026.8973,-0.1219,0.0677,-1.8011,0.0717,0.7617
2310022B05Rik,2310022B05Rik,7346.5576,0.0363,0.0681,0.5332,0.5939,0.964
2310030G06Rik,2310030G06Rik,123.729,-0.1294,0.1639,-0.7893,0.4299,0.9448
2310033P09Rik,2310033P09Rik,283.2358,-0.0987,0.0984,-1.0027,0.316,0.9173
2310034G01Rik,2310034G01Rik,6.1881,-0.229,0.6066,-0.3775,0.7058,
2310035C23Rik,2310035C23Rik,1263.0783,-0.0166,0.0821,-0.2021,0.8399,0.9906
2310036O22Rik,2310036O22Rik,4915.47,-0.048,0.0656,-0.7314,0.4646,0.9483
2310039H08Rik,2310039H08Rik,107.3992,0.2553,0.203,1.2576,0.2085,0.8875
2310039L15Rik,2310039L15Rik,7.3354,-0.2551,0.5374,-0.4747,0.635,
2310040G24Rik,2310040G24Rik,5.1125,0.311,0.6303,0.4934,0.6217,
2310043L19Rik,2310043L19Rik,56.8277,-0.3217,0.2611,-1.232,0.218,0.8877
2310045N01Rik,2310045N01Rik,723.2259,0.1221,0.1073,1.138,0.2551,0.8935
2310047M10Rik,2310047M10Rik,480.611,0.0256,0.115,0.2229,0.8236,0.9893
2310057J18Rik,2310057J18Rik,0.3838,-1.8789,2.4405,-0.7699,0.4414,
2310057M21Rik,2310057M21Rik,433.1166,-0.0394,0.1005,-0.3918,0.6952,0.9731
2310061I04Rik,2310061I04Rik,454.602,-0.2235,0.0937,-2.3849,0.0171,0.582
2310065F04Rik,2310065F04Rik,16.721,-0.4204,0.3419,-1.2294,0.2189,
2310067B10Rik,2310067B10Rik,1167.9175,-0.0759,0.0724,-1.0489,0.2942,0.9119
2310068J16Rik,2310068J16Rik,2.8995,0.8616,0.9275,0.929,0.3529,
2310069B03Rik,2310069B03Rik,2.1164,-0.1721,1.0289,-0.1673,0.8672,
2310081J21Rik,2310081J21Rik,0.572,1.6574,1.9987,0.8292,0.407,
2410002F23Rik,2410002F23Rik,1241.2286,-0.0293,0.0839,-0.3496,0.7267,0.9796
2410004B18Rik,2410004B18Rik,511.0038,-0.148,0.0838,-1.7655,0.0775,0.7682
2410004P03Rik,2410004P03Rik,2.3931,0.9651,0.9469,1.0192,0.3081,
2410006H16Rik,2410006H16Rik,1609.9129,-0.106,0.071,-1.494,0.1352,0.8264
2410012E07Rik,2410012E07Rik,12.6946,-0.535,0.4164,-1.2849,0.1988,
2410015M20Rik,2410015M20Rik,1355.7428,-0.0362,0.1102,-0.3287,0.7424,0.983
2410016O06Rik,2410016O06Rik,473.1085,-0.0392,0.0767,-0.5116,0.6089,0.966
2410018L13Rik,2410018L13Rik,2.7704,-0.0598,0.9352,-0.0639,0.949,
2410021H03Rik,2410021H03Rik,4.0437,0.2857,0.7106,0.4021,0.6876,
2410089E03Rik,2410089E03Rik,1546.5763,0.0759,0.1411,0.5378,0.5907,0.964
2410127L17Rik,2410127L17Rik,441.9129,0.0146,0.1171,0.125,0.9005,0.9931
2410131K14Rik,2410131K14Rik,403.6093,-0.1221,0.0884,-1.3819,0.167,0.8612
2500002B13Rik,2500002B13Rik,84.5531,-0.1297,0.176,-0.7368,0.4612,0.9483
2500004C02Rik,2500004C02Rik,36.6458,-0.1434,0.2253,-0.6368,0.5243,0.956
2510002D24Rik,2510002D24Rik,151.0485,-0.1082,0.1224,-0.8838,0.3768,0.9301
2510003B16Rik,2510003B16Rik,2.576,0.5665,0.9724,0.5826,0.5602,
2510009E07Rik,2510009E07Rik,1409.4283,0.0756,0.1113,0.6794,0.4969,0.9515
2510039O18Rik,2510039O18Rik,2551.9425,-0.0459,0.0543,-0.8447,0.3983,0.9353
2610001J05Rik,2610001J05Rik,1381.2054,-0.0699,0.089,-0.7852,0.4323,0.9453
2610002M06Rik,2610002M06Rik,625.541,-0.0273,0.1461,-0.1865,0.852,0.9906
2610005L07Rik,2610005L07Rik,253.3432,0.4834,0.2875,1.6812,0.0927,0.7872
2610008E11Rik,2610008E11Rik,663.746,0.1892,0.1499,1.2616,0.2071,0.8866
2610015P09Rik,2610015P09Rik,184.4564,0.2878,0.2095,1.374,0.1695,0.8614
2610016A17Rik,2610016A17Rik,1.2656,-0.7358,1.4772,-0.4981,0.6184,
2610020C07Rik,2610020C07Rik,10.8777,-0.1919,0.4498,-0.4266,0.6697,
2610020H08Rik,2610020H08Rik,108.4706,-0.1284,0.1923,-0.6678,0.5043,0.9515
2610027K06Rik,2610027K06Rik,0.8715,2.539,1.7307,1.4671,0.1424,
2610028H24Rik,2610028H24Rik,1.4525,-0.3538,1.2122,-0.2919,0.7704,
2610035D17Rik,2610035D17Rik,24.4321,0.1955,0.3034,0.6445,0.5192,0.9553
2610037D02Rik,2610037D02Rik,1.4555,0.4829,1.3209,0.3656,0.7147,
2610044O15Rik8,2610044O15Rik8,183.7771,-0.1207,0.1141,-1.0576,0.2903,0.9079
2610203C22Rik,2610203C22Rik,6.613,-1.2274,0.7145,-1.718,0.0858,
2610206C17Rik,2610206C17Rik,7.0489,-1.1508,0.5898,-1.9511,0.051,
2610301B20Rik,2610301B20Rik,1101.0336,-0.0209,0.0657,-0.3175,0.7509,0.9843
2610305D13Rik,2610305D13Rik,0.7668,1.2562,1.5888,0.7907,0.4291,
2610306M01Rik,2610306M01Rik,72.0374,0.1087,0.2133,0.5096,0.6103,0.966
2610307P16Rik,2610307P16Rik,85.7148,0.0932,0.1827,0.5101,0.61,0.966
2610316D01Rik,2610316D01Rik,18.4853,0.0369,0.455,0.0812,0.9353,
2610318N02Rik,2610318N02Rik,37.3986,-0.1347,0.2422,-0.5561,0.5782,0.963
2610507B11Rik,2610507B11Rik,7669.4138,0.0737,0.0582,1.2665,0.2053,0.8854
2610507I01Rik,2610507I01Rik,11.6894,0.9291,0.6737,1.3791,0.1679,
2610524H06Rik,2610524H06Rik,157.4423,0.0526,0.1773,0.2965,0.7668,0.985
2610528A11Rik,2610528A11Rik,130.8466,-1.0375,0.3823,-2.7136,0.0067,0.4266
2700029M09Rik,2700029M09Rik,1077.5573,0.0235,0.1301,0.1807,0.8566,0.9906
2700038G22Rik,2700038G22Rik,42.8778,0.4449,0.385,1.1556,0.2479,0.8923
2700046G09Rik,2700046G09Rik,13.9922,0.2461,0.3868,0.6363,0.5246,
2700049A03Rik,2700049A03Rik,449.4205,0.0194,0.1622,0.1199,0.9046,0.9939
2700054A10Rik,2700054A10Rik,29.0419,-0.1196,0.2752,-0.4346,0.6639,0.9702
2700060E02Rik,2700060E02Rik,5068.1207,-0.0912,0.0714,-1.2777,0.2013,0.8828
2700062C07Rik,2700062C07Rik,403.9982,0.0425,0.083,0.5125,0.6083,0.966
2700069I18Rik,2700069I18Rik,13.1885,-0.2958,0.3848,-0.7687,0.442,
2700070H01Rik,2700070H01Rik,18.2372,-0.3273,0.3366,-0.9724,0.3309,
2700081O15Rik,2700081O15Rik,1648.8818,0.0146,0.0528,0.2772,0.7817,0.985
2700094K13Rik,2700094K13Rik,477.7953,-0.1691,0.1009,-1.6761,0.0937,0.7872
2700097O09Rik,2700097O09Rik,170.895,0.0473,0.1237,0.3822,0.7023,0.9743
2700099C18Rik,2700099C18Rik,144.4401,-0.2105,0.1994,-1.0556,0.2911,0.9084
2810001G20Rik,2810001G20Rik,67.4211,-0.0236,0.2625,-0.0899,0.9284,0.9957
2810002D19Rik,2810002D19Rik,94.9617,0.1351,0.214,0.6314,0.5278,0.9565
2810004N23Rik,2810004N23Rik,960.6979,-0.0004,0.0747,-0.0054,0.9957,0.9995
2810006K23Rik,2810006K23Rik,470.8353,-0.0686,0.0849,-0.808,0.4191,0.94
2810013P06Rik,2810013P06Rik,118.6539,0.3147,0.2831,1.1117,0.2663,0.8981
2810021J22Rik,2810021J22Rik,284.0022,0.2099,0.1294,1.6227,0.1047,0.8
2810025M15Rik,2810025M15Rik,1343.466,-0.1317,0.0794,-1.6588,0.0972,0.7886
2810029C07Rik,2810029C07Rik,15.653,-0.3647,0.4582,-0.7958,0.4261,
2810047C21Rik1,2810047C21Rik1,10.6538,-0.4418,0.478,-0.9244,0.3553,
2810403A07Rik,2810403A07Rik,2065.9198,0.1482,0.1516,0.9773,0.3284,0.9197
2810403D21Rik,2810403D21Rik,47.7093,0.2617,0.2543,1.0291,0.3034,0.9164
2810404M03Rik,2810404M03Rik,1.9232,-0.861,1.182,-0.7285,0.4663,
2810405F15Rik,2810405F15Rik,1.6445,-0.8194,1.1359,-0.7214,0.4707,
2810408A11Rik,2810408A11Rik,116.6317,-0.2121,0.1414,-1.4996,0.1337,0.826
2810408I11Rik,2810408I11Rik,42.2824,0.0623,0.2665,0.2337,0.8152,0.9889
2810410L24Rik,2810410L24Rik,78.3015,0.3417,0.376,0.9088,0.3635,0.9295
2810417H13Rik,2810417H13Rik,1661.2793,-0.1916,0.2016,-0.9507,0.3418,0.9246
2810428I15Rik,2810428I15Rik,1116.0245,-0.0334,0.094,-0.3552,0.7225,0.9788
2810433D01Rik,2810433D01Rik,21.994,-0.0273,0.3567,-0.0766,0.9389,0.9971
2810442N19Rik,2810442N19Rik,0.9542,-1.198,1.6346,-0.7329,0.4636,
2810454H06Rik,2810454H06Rik,12.4566,0.1646,0.4039,0.4076,0.6836,
2810468N07Rik,2810468N07Rik,80.5157,0.1679,0.176,0.9536,0.3403,0.9244
2810474O19Rik,2810474O19Rik,739.6658,0.1813,0.1626,1.115,0.2648,0.8981
2900005J15Rik,2900005J15Rik,2.2216,1.0405,0.9811,1.0605,0.2889,
2900008C10Rik,2900008C10Rik,8.7616,-0.061,0.4729,-0.129,0.8973,
2900009J06Rik,2900009J06Rik,0.3842,-0.544,2.5057,-0.2171,0.8281,
2900011O08Rik,2900011O08Rik,5.1569,0.5549,0.7301,0.76,0.4473,
2900026A02Rik,2900026A02Rik,2520.952,0.0031,0.0666,0.0465,0.9629,0.9974
2900041M22Rik,2900041M22Rik,41.5168,0.2892,0.2254,1.283,0.1995,0.8828
2900057B20Rik,2900057B20Rik,16.1531,-0.0285,0.3705,-0.0768,0.9388,
2900076A07Rik,2900076A07Rik,82.4139,0.2237,0.1861,1.2021,0.2293,0.8914
2900079G21Rik,2900079G21Rik,3.0825,-1.482,0.8894,-1.6662,0.0957,
2900097C17Rik,2900097C17Rik,5975.2001,0.2658,0.1598,1.6632,0.0963,0.7886
3000002C10Rik,3000002C10Rik,68.5577,0.452,0.2358,1.9164,0.0553,0.743
3010001F23Rik,3010001F23Rik,17.2324,0.3564,0.3568,0.9989,0.3178,
3010026O09Rik,3010026O09Rik,210.1353,0.1533,0.1299,1.1796,0.2382,0.8923
3110001I22Rik,3110001I22Rik,114.7146,0.0251,0.1575,0.1594,0.8734,0.991
3110002H16Rik,3110002H16Rik,848.259,-0.0944,0.0816,-1.1561,0.2477,0.8923
3110009E18Rik,3110009E18Rik,80.8373,-0.058,0.1601,-0.3625,0.717,0.9774
3110015C05Rik,3110015C05Rik,0.6765,-0.0797,1.9647,-0.0406,0.9676,
3110021A11Rik,3110021A11Rik,3.4877,0.1271,0.9058,0.1403,0.8884,
3110021N24Rik,3110021N24Rik,36.5666,0.1633,0.288,0.5669,0.5708,0.9606
3110035E14Rik,3110035E14Rik,2.3029,-0.1696,0.9452,-0.1794,0.8576,
3110039I08Rik,3110039I08Rik,772.4354,0.3115,0.2064,1.5095,0.1312,0.826
3110040N11Rik,3110040N11Rik,332.7313,-0.1367,0.0935,-1.4623,0.1437,0.8413
3110043O21Rik,3110043O21Rik,962.3818,0.0007,0.0657,0.0101,0.992,0.9993
3110045C21Rik,3110045C21Rik,4.2269,0.9687,0.6949,1.3939,0.1634,
3110052M02Rik,3110052M02Rik,11.1045,-0.0536,0.4313,-0.1242,0.9011,
3110056K07Rik,3110056K07Rik,59.5697,0.5325,0.2909,1.8305,0.0672,0.7617
3110057O12Rik,3110057O12Rik,108.8939,0.1482,0.1798,0.8243,0.4098,0.9377
3110062M04Rik,3110062M04Rik,133.4665,0.0204,0.1408,0.1451,0.8846,0.9914
3110070M22Rik,3110070M22Rik,2.8085,0.0095,0.8322,0.0115,0.9909,
3110082I17Rik,3110082I17Rik,479.8335,0.0212,0.1119,0.1899,0.8494,0.9906
3110082J24Rik,3110082J24Rik,2.0314,0.7621,1.0994,0.6932,0.4882,
3110099E03Rik,3110099E03Rik,0.2933,0.8438,2.6273,0.3212,0.7481,
3200001D21Rik,3200001D21Rik,16.0647,0.008,0.3457,0.0233,0.9814,
3300002I08Rik,3300002I08Rik,27.5423,0.1673,0.2926,0.5717,0.5675,0.9592
3300002P13Rik,3300002P13Rik,20.6322,0.1275,0.3745,0.3405,0.7335,0.9802
3300005D01Rik,3300005D01Rik,769.2017,-0.3034,0.0948,-3.2004,0.0014,0.2544
3425401B19Rik,3425401B19Rik,33.812,-0.2119,0.2538,-0.8348,0.4038,0.9365
3632451O06Rik,3632451O06Rik,22.052,-0.679,0.4071,-1.6677,0.0954,0.7876
3830403N18Rik,3830403N18Rik,751.8912,0.0171,0.1544,0.1108,0.9118,0.9943
3830406C13Rik,3830406C13Rik,407.5127,-0.0051,0.1094,-0.0464,0.963,0.9974
3830408C21Rik,3830408C21Rik,14.559,-0.403,0.3698,-1.0897,0.2758,
3830417A13Rik,3830417A13Rik,12.1241,-0.0888,0.443,-0.2004,0.8412,
3830432H09Rik,3830432H09Rik,1.0604,-2.4219,1.5212,-1.5921,0.1114,
3930402G23Rik,3930402G23Rik,1.4452,0.1979,1.0964,0.1805,0.8567,
4430402I18Rik,4430402I18Rik,2.8077,0.6033,0.9162,0.6584,0.5103,
4631405J19Rik,4631405J19Rik,8.6248,0.1179,0.5708,0.2066,0.8363,
4632404H12Rik,4632404H12Rik,52.8601,-0.0404,0.2478,-0.163,0.8705,0.9906
4632415L05Rik,4632415L05Rik,539.8152,0.3047,0.1818,1.6758,0.0938,0.7872
4632427E13Rik,4632427E13Rik,6.9539,0.247,0.5776,0.4276,0.6689,
4632428C04Rik,4632428C04Rik,7.0242,-0.1707,0.5142,-0.3319,0.7399,
4632428N05Rik,4632428N05Rik,2094.3958,0.1403,0.1938,0.7237,0.4693,0.9483
4732471J01Rik,4732471J01Rik,9.9266,0.0154,0.486,0.0317,0.9747,
4732491K20Rik,4732491K20Rik,51.646,-0.1447,0.2284,-0.6335,0.5264,0.9565
4831440E17Rik,4831440E17Rik,14.1183,0.2649,0.5358,0.4943,0.6211,
4833415N18Rik,4833415N18Rik,85.9663,-0.3198,0.257,-1.2441,0.2135,0.8877
4833417C18Rik,4833417C18Rik,9.9214,0.524,0.4565,1.148,0.251,
4833418N02Rik,4833418N02Rik,60.0005,-0.0901,0.1854,-0.4861,0.6269,0.9673
4833419F23Rik,4833419F23Rik,15.5127,-0.1904,0.379,-0.5024,0.6154,
4833420G17Rik,4833420G17Rik,314.5469,0.0666,0.0893,0.7456,0.4559,0.9483
4833422C13Rik,4833422C13Rik,26.0028,-0.2473,0.409,-0.6045,0.5455,0.9571
4833427F10Rik,4833427F10Rik,0.4814,-0.9492,2.3281,-0.4077,0.6835,
4833427G06Rik,4833427G06Rik,89.0383,-0.0146,0.1789,-0.0816,0.9349,0.9966
4833439L19Rik,4833439L19Rik,5932.1087,-0.0578,0.0561,-1.0296,0.3032,0.9164
4921507L20Rik,4921507L20Rik,26.8416,0.8792,0.299,2.9404,0.0033,0.3452
4921507P07Rik,4921507P07Rik,0.7658,-0.7776,1.6947,-0.4589,0.6463,
4921509O07Rik,4921509O07Rik,0.2934,-1.6605,2.5532,-0.6504,0.5154,
4921511C10Rik,4921511C10Rik,2.0063,0.069,1.025,0.0673,0.9464,
4921513I03Rik,4921513I03Rik,2.6879,0.8916,0.9468,0.9417,0.3463,
4921524J17Rik,4921524J17Rik,1360.7019,0.1191,0.089,1.3375,0.1811,0.8703
4921525O09Rik,4921525O09Rik,84.3816,-0.1264,0.1784,-0.7083,0.4788,0.9498
4921531C22Rik,4921531C22Rik,37.6226,-0.0011,0.2283,-0.0047,0.9963,0.9995
4921536K21Rik,4921536K21Rik,50.4904,0.0261,0.2106,0.124,0.9013,0.9934
4930402H24Rik,4930402H24Rik,1113.0859,0.0511,0.0657,0.777,0.4372,0.9455
4930404H11Rik,4930404H11Rik,1.9335,-0.9945,1.0621,-0.9364,0.3491,
4930404I05Rik,4930404I05Rik,11.4437,-0.0932,0.4338,-0.2149,0.8299,
4930404N11Rik,4930404N11Rik,372.614,-0.0197,0.1467,-0.134,0.8934,0.9922
4930405A21Rik,4930405A21Rik,10.108,-0.1905,0.489,-0.3897,0.6968,
4930405O22Rik,4930405O22Rik,1.0595,-1.5337,1.4323,-1.0708,0.2843,
4930407I10Rik,4930407I10Rik,2.1882,1.8565,1.2535,1.481,0.1386,
4930412B13Rik,4930412B13Rik,0.853,2.3874,2.1148,1.1289,0.259,
4930412C18Rik,4930412C18Rik,2.1984,0.6182,0.9878,0.6258,0.5314,
4930413G21Rik,4930413G21Rik,104.2629,0.0354,0.1576,0.2246,0.8223,0.9893
4930414N06Rik,4930414N06Rik,0.6718,0.7111,1.7761,0.4004,0.6889,
4930415O20Rik,4930415O20Rik,12.0144,-0.3294,0.4197,-0.7847,0.4326,
4930417O13Rik,4930417O13Rik,1.0591,0.6299,1.4081,0.4473,0.6546,
4930426L09Rik,4930426L09Rik,22.5627,-0.0679,0.3566,-0.1904,0.849,0.9906
4930427A07Rik,4930427A07Rik,513.1883,-0.101,0.1852,-0.5453,0.5856,0.964
4930429B21Rik,4930429B21Rik,28.8151,-0.2798,0.3389,-0.8256,0.409,0.9377
4930429D17Rik,4930429D17Rik,0.3849,0.9682,2.4701,0.392,0.6951,
4930429F24Rik,4930429F24Rik,53.9253,0.004,0.3115,0.0128,0.9898,0.9993
4930430F08Rik,4930430F08Rik,314.5574,0.1406,0.1339,1.0503,0.2936,0.911
4930432K21Rik,4930432K21Rik,36.6679,-0.0813,0.2343,-0.3469,0.7286,0.9796
4930443O20Rik,4930443O20Rik,4.8181,0.6062,0.6468,0.9373,0.3486,
4930444P10Rik,4930444P10Rik,0.7578,3.0888,1.7974,1.7184,0.0857,
4930445N18Rik,4930445N18Rik,1.5368,1.9566,1.3856,1.412,0.1579,
4930447C04Rik,4930447C04Rik,2.6037,0.3565,0.975,0.3657,0.7146,
4930447F24Rik,4930447F24Rik,112.1657,-0.6882,0.2642,-2.6045,0.0092,0.4763
4930451G09Rik,4930451G09Rik,17.5682,-0.223,0.4012,-0.5559,0.5783,
4930452B06Rik,4930452B06Rik,10.4281,-0.3958,0.6053,-0.654,0.5131,
4930453N24Rik,4930453N24Rik,850.9226,-0.0522,0.1119,-0.4659,0.6413,0.9684
4930455C13Rik,4930455C13Rik,3.1711,-0.8681,0.8477,-1.0241,0.3058,
4930461G14Rik,4930461G14Rik,1.7252,0.9435,1.0852,0.8695,0.3846,
4930465K10Rik,4930465K10Rik,2.4084,-0.3527,1.069,-0.3299,0.7415,
4930467D21Rik,4930467D21Rik,1.1522,-3.4663,1.5903,-2.1797,0.0293,
4930473A02Rik,4930473A02Rik,8.0702,0.2715,0.5397,0.5031,0.6149,
4930474M22Rik,4930474M22Rik,2.7951,1.1288,1.1457,0.9853,0.3245,
4930474N09Rik,4930474N09Rik,0.3853,0.9701,2.47,0.3928,0.6945,
4930479D17Rik,4930479D17Rik,1.6343,-0.6849,1.264,-0.5419,0.5879,
4930480K23Rik,4930480K23Rik,21.9934,-0.0114,0.2947,-0.0386,0.9692,0.9974
4930481A15Rik,4930481A15Rik,0.7834,0.7638,1.7699,0.4316,0.6661,
4930483J18Rik,4930483J18Rik,1.2469,-0.0834,1.4085,-0.0592,0.9528,
4930483K19Rik,4930483K19Rik,0.5713,0.4428,2.0612,0.2148,0.8299,
4930483O08Rik,4930483O08Rik,0.6796,-0.9117,2.2662,-0.4023,0.6875,
4930486L24Rik,4930486L24Rik,30.5228,0.7078,0.2669,2.6524,0.008,0.4472
4930487H11Rik,4930487H11Rik,7.2209,1.7659,0.6203,2.8468,0.0044,
4930503B20Rik,4930503B20Rik,1.2497,1.5121,1.3303,1.1367,0.2557,
4930503L19Rik,4930503L19Rik,295.1949,0.0089,0.1678,0.0528,0.9579,0.9974
4930505A04Rik,4930505A04Rik,2.2202,-0.0183,0.916,-0.02,0.9841,
4930506C21Rik,4930506C21Rik,8.5722,-0.371,0.4815,-0.7705,0.441,
4930507D05Rik,4930507D05Rik,4.1275,-0.0098,0.6994,-0.014,0.9888,
4930509E16Rik,4930509E16Rik,0.5793,-1.5064,1.948,-0.7733,0.4393,
4930511M06Rik,4930511M06Rik,3.1614,-0.1211,0.9374,-0.1292,0.8972,
4930512B01Rik,4930512B01Rik,1.5393,-0.3351,1.3939,-0.2404,0.81,
4930513N10Rik,4930513N10Rik,22.2292,-0.0151,0.322,-0.0469,0.9626,0.9974
4930515B02Rik,4930515B02Rik,1.1491,1.1437,1.3815,0.8279,0.4077,
4930515G01Rik,4930515G01Rik,25.9189,0.0756,0.345,0.2192,0.8265,0.9905
4930519G04Rik,4930519G04Rik,0.4831,-2.244,2.2833,-0.9828,0.3257,
4930520O04Rik,4930520O04Rik,18.6434,0.4748,0.3811,1.2461,0.2127,
4930521E06Rik,4930521E06Rik,0.2938,-0.4606,2.6291,-0.1752,0.8609,
4930523C07Rik,4930523C07Rik,180.4519,0.1073,0.1115,0.9618,0.3361,0.9212
4930525G20Rik,4930525G20Rik,0.4823,-2.2296,1.9591,-1.1381,0.2551,
4930526I15Rik,4930526I15Rik,159.7133,-0.0774,0.1532,-0.5054,0.6133,0.966
4930528A17Rik,4930528A17Rik,6.7601,-0.507,0.5783,-0.8768,0.3806,
4930538K18Rik,4930538K18Rik,11.4275,0.2353,0.4328,0.5437,0.5867,
4930539J05Rik,4930539J05Rik,48.4068,0.3187,0.266,1.1983,0.2308,0.8923
4930543E12Rik,4930543E12Rik,0.669,-1.4942,1.7232,-0.8671,0.3859,
4930544D05Rik,4930544D05Rik,0.4814,-1.1304,2.0481,-0.5519,0.581,
4930544M13Rik,4930544M13Rik,1.3572,0.7303,1.2476,0.5854,0.5583,
4930546K05Rik,4930546K05Rik,0.3902,-0.9393,2.4486,-0.3836,0.7013,
4930547E08Rik,4930547E08Rik,0.6691,2.9604,1.7994,1.6452,0.0999,
4930549G23Rik,4930549G23Rik,5.2844,-0.7706,0.7505,-1.0268,0.3045,
4930550C14Rik,4930550C14Rik,1.3611,-0.6627,1.4878,-0.4455,0.656,
4930550L24Rik,4930550L24Rik,70.6215,-0.0596,0.2344,-0.2541,0.7994,0.9871
4930552P12Rik,4930552P12Rik,1.14,0.3615,1.4843,0.2435,0.8076,
4930556M19Rik,4930556M19Rik,59.662,0.2221,0.23,0.9654,0.3343,0.9207
4930557K07Rik,4930557K07Rik,13.9659,0.1598,0.4079,0.3917,0.6953,
4930558C23Rik,4930558C23Rik,1.1639,-0.0445,1.2775,-0.0348,0.9722,
4930558J18Rik,4930558J18Rik,22.3346,-0.5048,0.4095,-1.2325,0.2178,0.8877
4930562C15Rik,4930562C15Rik,2.009,1.2747,1.0532,1.2103,0.2262,
4930562F07Rik,4930562F07Rik,2.7013,0.516,0.8305,0.6214,0.5344,
4930563E22Rik,4930563E22Rik,30.9944,0.1938,0.3287,0.5896,0.5554,0.9573
4930565N06Rik,4930565N06Rik,3.5042,-0.7395,0.9219,-0.8021,0.4225,
4930570G19Rik,4930570G19Rik,2.0408,-0.9312,1.0107,-0.9214,0.3568,
4930577N17Rik,4930577N17Rik,22.3033,0.4098,0.3076,1.3322,0.1828,0.8711
4930578M01Rik,4930578M01Rik,6.5483,-0.1736,0.5532,-0.3138,0.7536,
4930579G18Rik,4930579G18Rik,156.5937,0.3353,0.1676,2.0012,0.0454,0.7227
4930579G24Rik,4930579G24Rik,394.6594,-0.1672,0.1662,-1.0058,0.3145,0.9173
4930579K19Rik,4930579K19Rik,6.2823,-0.1546,0.588,-0.263,0.7926,
4930579P08Rik,4930579P08Rik,1.2451,-0.0548,1.5137,-0.0362,0.9711,
4930581F22Rik,4930581F22Rik,39.219,0.6122,0.2783,2.1996,0.0278,0.6379
4930590J08Rik,4930590J08Rik,3.4506,1.2699,0.7683,1.6528,0.0984,
4930592A05Rik,4930592A05Rik,1.3384,0.3052,1.2807,0.2383,0.8116,
4930593A02Rik,4930593A02Rik,1.9322,0.4491,1.0498,0.4278,0.6688,
4930595D18Rik,4930595D18Rik,1.0626,0.0675,1.5288,0.0442,0.9648,
4930599N23Rik,4930599N23Rik,1.8381,0.9863,1.0848,0.9092,0.3633,
4931402G19Rik,4931402G19Rik,2.0991,1.3277,1.0739,1.2363,0.2163,
4931403E22Rik,4931403E22Rik,1.8253,0.9026,1.0641,0.8482,0.3963,
4931403G20Rik,4931403G20Rik,3.6672,-0.5018,0.7913,-0.6341,0.526,
4931406C07Rik,4931406C07Rik,1573.1747,-0.0078,0.0582,-0.1337,0.8937,0.9923
4931406H21Rik,4931406H21Rik,0.8642,3.3684,1.6525,2.0383,0.0415,
4931406P16Rik,4931406P16Rik,2184.682,0.0842,0.1254,0.6713,0.502,0.9515
4931408D14Rik,4931408D14Rik,4.5932,0.6853,0.7047,0.9726,0.3308,
4931414P19Rik,4931414P19Rik,369.1478,0.0269,0.0943,0.2851,0.7755,0.985
4931428F04Rik,4931428F04Rik,264.6219,-0.2056,0.131,-1.5693,0.1166,0.8127
4931429L15Rik,4931429L15Rik,0.4798,2.5273,2.2358,1.1304,0.2583,
4931431C16Rik,4931431C16Rik,7.5016,-0.383,0.5545,-0.6908,0.4897,
4931440F15Rik,4931440F15Rik,2.0289,1.5708,1.0448,1.5034,0.1327,
4931440J10Rik,4931440J10Rik,0.481,-2.2385,2.2842,-0.98,0.3271,
4931440P22Rik,4931440P22Rik,10.0022,0.2775,0.5057,0.5487,0.5832,
4932415M13Rik,4932415M13Rik,0.2941,0.8438,2.6255,0.3214,0.7479,
4932416H05Rik,4932416H05Rik,102.0398,0.2483,0.1525,1.6287,0.1034,0.7971
4932418E24Rik,4932418E24Rik,1.0639,0.094,1.7073,0.055,0.9561,
4932438A13Rik,4932438A13Rik,1163.364,0.0152,0.209,0.0728,0.9419,0.9971
4932438H23Rik,4932438H23Rik,0.9629,-0.2523,1.7955,-0.1405,0.8882,
4932441J04Rik,4932441J04Rik,7.2146,0.2297,0.5095,0.451,0.652,
4932443I19Rik,4932443I19Rik,0.4888,1.6111,2.2503,0.716,0.474,
4933400C23Rik,4933400C23Rik,0.3916,1.2541,2.4276,0.5166,0.6055,
4933402D24Rik,4933402D24Rik,6.3393,-0.8157,0.6293,-1.2962,0.1949,
4933402E13Rik,4933402E13Rik,0.3909,1.254,2.4288,0.5163,0.6056,
4933402J07Rik,4933402J07Rik,0.7762,0.6228,1.6285,0.3824,0.7021,
4933404O12Rik,4933404O12Rik,588.9726,-0.0991,0.1048,-0.9452,0.3445,0.9246
4933405D12Rik,4933405D12Rik,1.3461,-0.0351,1.2605,-0.0278,0.9778,
4933405E24Rik,4933405E24Rik,0.3829,-0.4613,2.4628,-0.1873,0.8514,
4933405L10Rik,4933405L10Rik,2.633,0.0305,1.0087,0.0302,0.9759,
4933406C10Rik,4933406C10Rik,9.3316,-0.0904,0.6048,-0.1495,0.8812,
4933406G16Rik,4933406G16Rik,0.8675,-0.2591,1.5192,-0.1706,0.8646,
4933406I18Rik,4933406I18Rik,1.8233,-1.0054,1.1235,-0.8949,0.3709,
4933407K13Rik,4933407K13Rik,79.1713,0.3625,0.225,1.6107,0.1072,0.8026
4933408B17Rik,4933408B17Rik,5.3925,0.8219,0.7333,1.1209,0.2623,
4933408J17Rik,4933408J17Rik,0.57,-1.1464,2.2893,-0.5008,0.6165,
4933411K16Rik,4933411K16Rik,12.0541,0.4149,0.4174,0.9939,0.3203,
4933412E12Rik,4933412E12Rik,248.6812,-0.0706,0.1158,-0.6097,0.5421,0.9571
4933413G19Rik,4933413G19Rik,0.9551,-0.1161,1.516,-0.0766,0.939,
4933413J09Rik,4933413J09Rik,7.8109,0.0825,0.494,0.167,0.8673,
4933416M07Rik,4933416M07Rik,0.4831,0.2636,2.062,0.1278,0.8983,
4933417D19Rik,4933417D19Rik,4.2501,-0.6762,0.6791,-0.9957,0.3194,
4933417E11Rik,4933417E11Rik,5.7931,-0.4627,0.5685,-0.8139,0.4157,
4933421O10Rik,4933421O10Rik,89.0592,0.3275,0.3041,1.0769,0.2815,0.9074
4933422A05Rik,4933422A05Rik,1.346,0.9535,1.2171,0.7835,0.4333,
4933424G06Rik,4933424G06Rik,2.2988,-0.371,0.9455,-0.3924,0.6948,
4933425B07Rik,4933425B07Rik,0.7725,0.6239,1.6288,0.383,0.7017,
4933427D14Rik,4933427D14Rik,436.5966,0.104,0.1014,1.025,0.3054,0.9164
4933427E11Rik,4933427E11Rik,7.0169,0.542,0.5472,0.9904,0.322,
4933427G17Rik,4933427G17Rik,3.0879,0.1905,0.8088,0.2355,0.8138,
4933428G20Rik,4933428G20Rik,13.0693,0.1545,0.5105,0.3026,0.7622,
4933430H16Rik,4933430H16Rik,0.5852,0.1001,1.9337,0.0518,0.9587,
4933430I17Rik,4933430I17Rik,22.4881,-0.0046,0.317,-0.0145,0.9884,0.9993
4933431E20Rik,4933431E20Rik,247.3803,0.2164,0.1491,1.4519,0.1465,0.8425
4933431G14Rik,4933431G14Rik,1.3532,-0.1668,1.2732,-0.131,0.8958,
4933433C11Rik,4933433C11Rik,1.2472,0.7525,1.2722,0.5915,0.5542,
4933433G15Rik,4933433G15Rik,3.5436,1.0967,0.8182,1.3404,0.1801,
4933433G19Rik,4933433G19Rik,3.3494,-0.0882,0.8489,-0.104,0.9172,
4933433H22Rik,4933433H22Rik,7.1244,-0.7238,0.5679,-1.2746,0.2025,
4933434E20Rik,4933434E20Rik,1771.072,-0.0826,0.0745,-1.1095,0.2672,0.8995
4933438K21Rik,4933438K21Rik,0.6646,1.6848,2.2297,0.7556,0.4499,
4933439C10Rik,4933439C10Rik,43.7455,0.1391,0.2954,0.471,0.6377,0.9681
4933440M02Rik,4933440M02Rik,2.5067,-2.5662,1.218,-2.1069,0.0351,
5031410I06Rik,5031410I06Rik,0.5735,0.2005,2.0296,0.0988,0.9213,
5031414D18Rik,5031414D18Rik,63.6019,0.2928,0.2048,1.4297,0.1528,0.8495
5031425E22Rik,5031425E22Rik,148.043,0.2441,0.167,1.462,0.1437,0.8413
5031425F14Rik,5031425F14Rik,3.4416,0.8345,1.0082,0.8278,0.4078,
5031426D15Rik,5031426D15Rik,2.1238,0.2254,0.9865,0.2285,0.8193,
5031434C07Rik,5031434C07Rik,1.249,0.7584,1.1998,0.6322,0.5273,
5031434O11Rik,5031434O11Rik,5.7828,1.0273,0.652,1.5757,0.1151,
5031439G07Rik,5031439G07Rik,3563.9947,-0.0863,0.0695,-1.2411,0.2146,0.8877
5033403F01Rik,5033403F01Rik,7.33,-0.1947,0.5041,-0.3862,0.6993,
5033406O09Rik,5033406O09Rik,3.1879,0.6471,0.8886,0.7282,0.4665,
5330411J11Rik,5330411J11Rik,4.9114,0.684,0.6685,1.0232,0.3062,
5330417C22Rik,5330417C22Rik,1.5441,1.806,1.2899,1.4001,0.1615,
5330426P16Rik,5330426P16Rik,252.5863,0.0628,0.1102,0.5697,0.5689,0.9596
5330434G04Rik,5330434G04Rik,0.578,0.7605,1.7926,0.4242,0.6714,
5430402O13Rik,5430402O13Rik,2.4186,0.1542,0.932,0.1655,0.8686,
5430403N17Rik,5430403N17Rik,0.6744,0.2589,1.7141,0.151,0.88,
5430405H02Rik,5430405H02Rik,28.612,0.2741,0.2736,1.0017,0.3165,0.9173
5430416N02Rik,5430416N02Rik,128.1166,-0.0165,0.1342,-0.1226,0.9024,0.9937
5430416O09Rik,5430416O09Rik,2.7075,-0.1043,0.8346,-0.1249,0.9006,
5430419D17Rik,5430419D17Rik,7.332,-0.1917,0.5053,-0.3795,0.7043,
5430425K12Rik,5430425K12Rik,1.2498,0.2152,1.3512,0.1593,0.8735,
5430427O19Rik,5430427O19Rik,1.833,-0.7418,1.0862,-0.6829,0.4946,
5430431A17Rik,5430431A17Rik,37.0651,0.0583,0.3205,0.1818,0.8557,0.9906
5430440P10Rik,5430440P10Rik,1.2495,-1.9642,1.5869,-1.2378,0.2158,
5530601H04Rik,5530601H04Rik,336.9925,-0.0032,0.0877,-0.0364,0.9709,0.9974
5730403I07Rik,5730403I07Rik,0.5805,1.82,1.9115,0.9521,0.341,
5730405O15Rik,5730405O15Rik,6.1729,0.2945,0.5579,0.5278,0.5977,
5730408K05Rik,5730408K05Rik,11.7441,0.5591,0.5278,1.0594,0.2894,
5730409E04Rik,5730409E04Rik,293.0771,-0.0462,0.0938,-0.492,0.6228,0.9669
5730420D15Rik,5730420D15Rik,2.7218,0.1383,1.0562,0.1309,0.8958,
5730422E09Rik,5730422E09Rik,1.2588,-0.1324,1.2857,-0.103,0.918,
5730435O14Rik,5730435O14Rik,1.7278,0.6319,1.0578,0.5974,0.5502,
5730455P16Rik,5730455P16Rik,1233.3677,0.0653,0.0943,0.6924,0.4887,0.9515
5730480H06Rik,5730480H06Rik,15.9966,-0.4255,0.3777,-1.1265,0.2599,
5730507C01Rik,5730507C01Rik,0.9471,2.3661,1.7777,1.331,0.1832,
5730508B09Rik,5730508B09Rik,237.9349,-0.0991,0.1073,-0.923,0.356,0.9295
5730559C18Rik,5730559C18Rik,549.475,-0.0163,0.1251,-0.1307,0.896,0.9927
5830411N06Rik,5830411N06Rik,18.436,-0.4113,0.3334,-1.2337,0.2173,
5830415F09Rik,5830415F09Rik,94.6129,-0.3919,0.1722,-2.2763,0.0228,0.6144
5830416P10Rik,5830416P10Rik,5.5998,0.6439,0.618,1.0419,0.2975,
5830417I10Rik,5830417I10Rik,911.5401,-0.0558,0.0672,-0.8304,0.4063,0.9371
5830418P13Rik,5830418P13Rik,4.6806,0.8369,0.9915,0.8441,0.3986,
5830428M24Rik,5830428M24Rik,0.7649,0.4579,1.8975,0.2413,0.8093,
5830432E09Rik,5830432E09Rik,4.1407,1.1253,0.7553,1.4898,0.1363,
5830454E08Rik,5830454E08Rik,2.3247,-1.1644,0.9668,-1.2043,0.2285,
5830473C10Rik,5830473C10Rik,2.7993,-0.291,0.8036,-0.3621,0.7173,
5930430L01Rik,5930430L01Rik,269.0377,-0.0528,0.1092,-0.4833,0.6289,0.9676
5930438M14Rik,5930438M14Rik,1.6401,-1.6877,1.2019,-1.4042,0.1603,
6030408B16Rik,6030408B16Rik,0.7618,0.9044,1.9552,0.4626,0.6437,
6030419C18Rik,6030419C18Rik,2152.8419,0.0741,0.1109,0.6682,0.504,0.9515
6030443J06Rik,6030443J06Rik,12.1989,-0.3844,0.4315,-0.8909,0.373,
6030458C11Rik,6030458C11Rik,1639.3735,0.0699,0.0739,0.9454,0.3445,0.9246
6030468B19Rik,6030468B19Rik,0.6624,1.6506,1.9465,0.848,0.3964,
6230400D17Rik,6230400D17Rik,16.3562,0.6502,0.4337,1.4991,0.1339,
6330403A02Rik,6330403A02Rik,10.9169,-0.8267,0.8613,-0.9599,0.3371,
6330403K07Rik,6330403K07Rik,1.7373,-0.49,1.081,-0.4533,0.6503,
6330408A02Rik,6330408A02Rik,254.6817,-0.0577,0.0998,-0.5779,0.5633,0.9583
6330409D20Rik,6330409D20Rik,0.4823,0.2778,2.3926,0.1161,0.9076,
6330415G19Rik,6330415G19Rik,9.5551,0.458,0.5295,0.8648,0.3871,
6330416G13Rik,6330416G13Rik,694.2541,-0.0964,0.0783,-1.2311,0.2183,0.8877
6330418K02Rik,6330418K02Rik,5.678,0.3363,0.6016,0.559,0.5761,
6330549D23Rik,6330549D23Rik,6.6831,-0.0734,0.5585,-0.1314,0.8954,
6430531B16Rik,6430531B16Rik,9.4566,0.4523,0.4708,0.9607,0.3367,
6430548M08Rik,6430548M08Rik,938.4017,-0.1962,0.0919,-2.1345,0.0328,0.6625
6430550D23Rik,6430550D23Rik,8.5928,0.5056,0.5074,0.9966,0.319,
6430562O15Rik,6430562O15Rik,5.1043,0.441,0.6254,0.7053,0.4806,
6430571L13Rik,6430571L13Rik,12.8012,0.0816,0.3835,0.2129,0.8314,
6430573F11Rik,6430573F11Rik,1.0448,0.7565,1.5159,0.4991,0.6177,
6430584L05Rik,6430584L05Rik,0.5785,0.7589,1.7926,0.4234,0.672,
6530402F18Rik,6530402F18Rik,178.8013,-0.0071,0.1501,-0.0476,0.962,0.9974
6530411M01Rik,6530411M01Rik,0.4728,-0.5368,2.3855,-0.225,0.8219,
6720483E21Rik,6720483E21Rik,2.6885,-0.5616,0.8946,-0.6278,0.5301,
6720489N17Rik,6720489N17Rik,21.3921,0.3562,0.3334,1.0685,0.2853,0.9079
6820431F20Rik,6820431F20Rik,220.8803,0.4413,0.1712,2.5773,0.01,0.4961
7420700N18Rik,7420700N18Rik,0.3836,-0.5409,2.5059,-0.2158,0.8291,
8030423F21Rik,8030423F21Rik,1.5371,0.7152,1.17,0.6113,0.541,
8030423J24Rik,8030423J24Rik,1.7295,0.1201,1.0709,0.1121,0.9107,
8030462N17Rik,8030462N17Rik,606.8206,0.1221,0.0897,1.3615,0.1734,0.8614
8430408G22Rik,8430408G22Rik,308.2702,0.0024,0.2026,0.0117,0.9906,0.9993
8430419L09Rik,8430419L09Rik,502.7975,0.0224,0.1013,0.2213,0.8249,0.9899
8430423G03Rik,8430423G03Rik,11.8588,0.1013,0.4343,0.2332,0.8156,
8430426J06Rik,8430426J06Rik,2.5053,-0.6552,0.9461,-0.6925,0.4886,
8430429K09Rik,8430429K09Rik,61.0049,0.5215,0.195,2.6749,0.0075,0.4412
8430430B14Rik,8430430B14Rik,0.6779,-0.8451,1.6015,-0.5277,0.5977,
8430436N08Rik,8430436N08Rik,0.4894,0.5867,2.024,0.2899,0.7719,
9030025P20Rik,9030025P20Rik,90.3818,0.3134,0.2209,1.4183,0.1561,0.8512
9030404E10Rik,9030404E10Rik,0.7738,-0.1323,1.6371,-0.0808,0.9356,
9030612E09Rik,9030612E09Rik,4.849,0.5167,0.6945,0.744,0.4569,
9030617O03Rik,9030617O03Rik,1352.2551,-0.0014,0.088,-0.0159,0.9873,0.9992
9030624G23Rik,9030624G23Rik,2.7779,0.3348,0.8444,0.3965,0.6917,
9030624J02Rik,9030624J02Rik,2849.3771,-0.0532,0.0765,-0.6959,0.4865,0.9515
9130008F23Rik,9130008F23Rik,65.8957,0.1661,0.271,0.6128,0.54,0.9571
9130011E15Rik,9130011E15Rik,791.3369,0.0161,0.0661,0.2435,0.8076,0.9881
9130015A21Rik,9130015A21Rik,0.8649,-1.3152,1.876,-0.7011,0.4833,
9130019O22Rik,9130019O22Rik,98.225,0.0605,0.1572,0.3847,0.7005,0.9737
9130019P16Rik,9130019P16Rik,30.2492,-0.5488,0.2964,-1.8516,0.0641,0.7567
9130023H24Rik,9130023H24Rik,254.3001,0.0307,0.0993,0.3095,0.7569,0.9849
9130024F11Rik,9130024F11Rik,26.7373,0.4522,0.2895,1.5621,0.1183,0.8127
9130204L05Rik,9130204L05Rik,1.1592,2.1174,1.4788,1.4318,0.1522,
9130221H12Rik,9130221H12Rik,145.3782,0.2949,0.1632,1.8072,0.0707,0.7617
9130230L23Rik,9130230L23Rik,1.4344,-0.8944,1.461,-0.6122,0.5404,
9130401M01Rik,9130401M01Rik,1113.0068,-0.0879,0.0695,-1.2653,0.2058,0.8859
9230110C19Rik,9230110C19Rik,68.021,0.0318,0.2097,0.1515,0.8796,0.9914
9230112J17Rik,9230112J17Rik,3.0845,-0.1501,0.8093,-0.1854,0.8529,
9230114K14Rik,9230114K14Rik,57.4447,-0.0558,0.1882,-0.2965,0.7669,0.985
9230116L04Rik,9230116L04Rik,0.3824,0.9702,2.4739,0.3922,0.6949,
9230116N13Rik,9230116N13Rik,10.993,-0.4179,0.4412,-0.9473,0.3435,
9330020H09Rik,9330020H09Rik,42.5638,0.4163,0.3087,1.3484,0.1775,0.8659
9330102E08Rik,9330102E08Rik,121.5791,0.1748,0.1479,1.182,0.2372,0.8923
9330133O14Rik,9330133O14Rik,66.0168,0.3174,0.3286,0.9658,0.3342,0.9207
9330136K24Rik,9330136K24Rik,27.6704,0.0229,0.3074,0.0745,0.9406,0.9971
9330151L19Rik,9330151L19Rik,71.1256,0.3336,0.2066,1.6147,0.1064,0.8018
9330159F19Rik,9330159F19Rik,255.2029,-0.0931,0.1377,-0.6763,0.4989,0.9515
9330159M07Rik,9330159M07Rik,50.509,0.2585,0.2823,0.9156,0.3599,0.9295
9330162012Rik,9330162012Rik,3.2025,-0.288,0.8683,-0.3316,0.7402,
9330175E14Rik,9330175E14Rik,1.5271,0.6079,1.2109,0.5021,0.6156,
9330175M20Rik,9330175M20Rik,2.5022,-0.2186,0.8961,-0.2439,0.8073,
9330179D12Rik,9330179D12Rik,1.0668,-1.1445,1.5199,-0.753,0.4515,
9330182L06Rik,9330182L06Rik,1.2486,1.5197,1.3595,1.1179,0.2636,
9330188P03Rik,9330188P03Rik,2.0867,0.765,1.207,0.6338,0.5262,
9430015G10Rik,9430015G10Rik,604.3241,-0.0574,0.088,-0.6521,0.5144,0.9548
9430016H08Rik,9430016H08Rik,663.4146,-0.0244,0.0981,-0.2488,0.8035,0.9871
9430018G01Rik,9430018G01Rik,17.9654,0.0599,0.4322,0.1385,0.8898,
9430020K01Rik,9430020K01Rik,4142.0163,0.071,0.0748,0.9483,0.343,0.9246
9430037G07Rik,9430037G07Rik,24.7527,0.0867,0.385,0.2253,0.8218,0.9893
9430038I01Rik,9430038I01Rik,77.4874,0.1019,0.169,0.6027,0.5467,0.9571
9430060I03Rik,9430060I03Rik,1.5378,0.2894,1.2764,0.2268,0.8206,
9430065F17Rik,9430065F17Rik,0.5793,0.7656,1.7928,0.427,0.6693,
9430069I07Rik,9430069I07Rik,1.4435,0.1951,1.163,0.1677,0.8668,
9430076C15Rik,9430076C15Rik,3.2995,-0.8183,0.7911,-1.0343,0.301,
9430078K24Rik,9430078K24Rik,5.8674,-0.6557,0.582,-1.1267,0.2599,
9430083A17Rik,9430083A17Rik,6.5882,0.1501,0.5848,0.2567,0.7974,
9430091E24Rik,9430091E24Rik,93.1388,0.2952,0.1813,1.6281,0.1035,0.7971
9530026P05Rik,9530026P05Rik,0.6788,-0.6379,1.698,-0.3757,0.7071,
9530027J09Rik,9530027J09Rik,10.2587,0.6945,0.4757,1.46,0.1443,
9530053A07Rik,9530053A07Rik,31.1286,-0.1695,0.2454,-0.6904,0.4899,0.9515
9530068E07Rik,9530068E07Rik,14818.0651,0.0132,0.0545,0.2411,0.8095,0.9882
9530077C05Rik,9530077C05Rik,87.1964,-0.0115,0.1784,-0.0645,0.9486,0.9974
9530082P21Rik,9530082P21Rik,710.3649,0.1053,0.0817,1.2884,0.1976,0.8807
9530091C08Rik,9530091C08Rik,0.8636,0.5134,1.5088,0.3403,0.7336,
9630013K17Rik,9630013K17Rik,6.0646,0.2124,0.5542,0.3832,0.7016,
9630028B13Rik,9630028B13Rik,0.758,-0.2311,1.9738,-0.1171,0.9068,
9630028H03Rik,9630028H03Rik,0.9646,-1.3223,1.489,-0.8881,0.3745,
9630028I04Rik,9630028I04Rik,15.9165,0.3344,0.4651,0.719,0.4722,
9830132P13Rik,9830132P13Rik,2.7037,-0.301,1.6049,-0.1876,0.8512,
9830147E19Rik,9830147E19Rik,25.9384,0.3891,0.2937,1.3249,0.1852,0.874
9930012K11Rik,9930012K11Rik,425.6308,0.1203,0.1101,1.0926,0.2746,0.9053
9930021J03Rik,9930021J03Rik,489.3408,0.1427,0.1971,0.7239,0.4691,0.9483
9930104L06Rik,9930104L06Rik,509.0788,0.1883,0.1467,1.2829,0.1995,0.8828
9930111J21Rik1,9930111J21Rik1,7.8702,0.0464,0.526,0.0882,0.9297,
9930111J21Rik2,9930111J21Rik2,2.5016,-0.6594,0.9271,-0.7112,0.4769,
a,a,0.3844,2.1809,2.3996,0.9089,0.3634,
A130010J15Rik,A130010J15Rik,572.4554,0.1866,0.1003,1.8599,0.0629,0.7549
A230020J21Rik,A230020J21Rik,0.5713,1.6574,1.9992,0.829,0.4071,
A230028O05Rik,A230028O05Rik,8.1722,-0.206,0.5051,-0.4078,0.6834,
A230046K03Rik,A230046K03Rik,1825.8327,0.0472,0.1855,0.2542,0.7993,0.9871
A230050P20Rik,A230050P20Rik,383.8552,0.1823,0.097,1.8781,0.0604,0.749
A230056J06Rik,A230056J06Rik,1.5387,0.9592,1.1354,0.8448,0.3982,
A230056P14Rik,A230056P14Rik,43.5958,0.4982,0.2218,2.2462,0.0247,0.6278
A230065H16Rik,A230065H16Rik,1.0687,0.0136,1.3455,0.0101,0.9919,
A230070E04Rik,A230070E04Rik,1.353,1.2098,1.2006,1.0077,0.3136,
A230072C01Rik,A230072C01Rik,75.0255,0.2845,0.2061,1.3804,0.1675,0.8614
A230072E10Rik,A230072E10Rik,0.6771,-0.8596,1.7234,-0.4988,0.6179,
A230103J11Rik,A230103J11Rik,11.8543,-0.5608,0.4479,-1.2521,0.2105,
A230108P19Rik,A230108P19Rik,0.7686,0.1198,1.7074,0.0702,0.944,
A2m,A2m,0.3853,0.9701,2.47,0.3928,0.6945,
A330009N23Rik,A330009N23Rik,10.4906,0.0742,0.4931,0.1504,0.8805,
A330015K06Rik,A330015K06Rik,0.6777,2.1067,1.8108,1.1634,0.2447,
A330023F24Rik,A330023F24Rik,15.887,0.4633,0.3893,1.1901,0.234,
A330035P11Rik,A330035P11Rik,42.5273,0.4949,0.2326,2.128,0.0333,0.6642
A330040F15Rik,A330040F15Rik,2.5171,1.0556,1.0101,1.0451,0.296,
A330041J22Rik,A330041J22Rik,0.5787,-2.5211,2.1461,-1.1747,0.2401,
A330069E16Rik,A330069E16Rik,16.4971,-0.0859,0.3534,-0.2431,0.8079,
A330074K22Rik,A330074K22Rik,249.2604,-0.1319,0.1502,-0.8784,0.3797,0.9303
A330102I10Rik,A330102I10Rik,5.04,-0.2411,0.6831,-0.3529,0.7241,
A3galt2,A3galt2,5.0434,0.1014,0.6623,0.153,0.8784,
A430005L14Rik,A430005L14Rik,553.5167,-0.1351,0.0761,-1.7749,0.0759,0.7682
A430033K04Rik,A430033K04Rik,192.0818,0.1122,0.1537,0.7302,0.4652,0.9483
A430035B10Rik,A430035B10Rik,10.3958,0.1822,0.4618,0.3946,0.6932,
A430046D13Rik,A430046D13Rik,82.3092,0.124,0.2123,0.5837,0.5594,0.9579
A430078I02Rik,A430078I02Rik,24.1193,-0.378,0.3111,-1.2152,0.2243,0.8877
A430090L17Rik,A430090L17Rik,0.3846,-1.8819,2.44,-0.7713,0.4405,
A430093F15Rik,A430093F15Rik,2.2193,1.6108,0.9872,1.6317,0.1027,
A430105I19Rik,A430105I19Rik,2043.9392,-0.0923,0.0812,-1.1366,0.2557,0.8935
A4galt,A4galt,2104.4054,0.0358,0.075,0.4771,0.6333,0.9681
A4gnt,A4gnt,0.8635,-1.0744,1.6629,-0.6461,0.5182,
A530013C23Rik,A530013C23Rik,24.7571,0.1258,0.2906,0.4329,0.6651,0.9702
A530016L24Rik,A530016L24Rik,1.2585,-0.1193,1.1913,-0.1001,0.9203,
A530032D15Rik,A530032D15Rik,11.0732,-0.0712,0.5948,-0.1196,0.9048,
A530046M15Rik,A530046M15Rik,4.0247,1.1843,0.7721,1.534,0.125,
A530065N20Rik,A530065N20Rik,0.4815,-2.2399,2.284,-0.9807,0.3267,
A530072M11Rik,A530072M11Rik,24.5079,0.7164,0.3224,2.2224,0.0263,0.6347
A630001G21Rik,A630001G21Rik,2.3111,0.304,0.9693,0.3136,0.7538,
A630023A22Rik,A630023A22Rik,12.492,-0.0385,0.4575,-0.0841,0.933,
A630033H20Rik,A630033H20Rik,244.3345,-0.0486,0.194,-0.2505,0.8022,0.9871
A630066F11Rik,A630066F11Rik,10.309,0.1961,0.4254,0.461,0.6448,
A630072M18Rik,A630072M18Rik,115.3287,0.306,0.1519,2.0141,0.044,0.7227
A630076J17Rik,A630076J17Rik,1.7274,0.2487,1.0481,0.2373,0.8125,
A630089N07Rik,A630089N07Rik,12.6222,0.9114,0.4671,1.9511,0.0511,
A630095N17Rik,A630095N17Rik,1.9217,0.368,1.0811,0.3404,0.7336,
A730004F24Rik,A730004F24Rik,0.9771,2.74,1.9811,1.3831,0.1666,
A730017L22Rik,A730017L22Rik,91.6242,0.2564,0.2018,1.2706,0.2039,0.8854
A730020E08Rik,A730020E08Rik,4.0364,1.0556,0.6956,1.5175,0.1291,
A730020M07Rik,A730020M07Rik,3.6552,0.2983,0.7254,0.4112,0.6809,
A730036I17Rik,A730036I17Rik,0.4814,-1.1304,2.0481,-0.5519,0.581,
A730043L09Rik,A730043L09Rik,3.3486,1.0143,0.88,1.1527,0.249,
A730056A06Rik,A730056A06Rik,65.4823,0.2596,0.1879,1.382,0.167,0.8612
A730090N16Rik,A730090N16Rik,6.5495,-0.1085,0.539,-0.2014,0.8404,
A830009L08Rik,A830009L08Rik,0.8634,-2.0319,1.6201,-1.2542,0.2098,
A830010M20Rik,A830010M20Rik,107.1101,0.3667,0.2073,1.7694,0.0768,0.7682
A830019L24Rik,A830019L24Rik,0.8598,1.2307,1.8706,0.6579,0.5106,
A830052D11Rik,A830052D11Rik,4.6285,-0.5161,0.6747,-0.7649,0.4443,
A830080D01Rik,A830080D01Rik,212.0871,0.1596,0.2494,0.6398,0.5223,0.9556
A830082K12Rik,A830082K12Rik,88.5293,0.1109,0.1711,0.6482,0.5169,0.9548
A830082N09Rik,A830082N09Rik,54.7634,0.4003,0.2061,1.9425,0.0521,0.7276
A930001C03Rik,A930001C03Rik,10.5423,0.9373,0.7022,1.335,0.1819,
A930003A15Rik,A930003A15Rik,140.7747,-0.3763,0.1283,-2.934,0.0033,0.3452
A930004D18Rik,A930004D18Rik,81.3993,0.1193,0.2,0.5966,0.5508,0.9571
A930005H10Rik,A930005H10Rik,160.3419,-0.0446,0.132,-0.3378,0.7355,0.9807
A930006K02Rik,A930006K02Rik,6.0499,0.2147,0.5746,0.3737,0.7086,
A930007I19Rik,A930007I19Rik,6.6104,1.084,0.5892,1.8396,0.0658,
A930012L18Rik,A930012L18Rik,1.7418,-0.3573,1.1935,-0.2994,0.7646,
A930013F10Rik,A930013F10Rik,22.8954,0.1564,0.3737,0.4186,0.6755,0.9712
A930015D03Rik,A930015D03Rik,217.8332,-0.0948,0.1829,-0.5181,0.6044,0.966
A930016O22Rik,A930016O22Rik,2.2341,0.5506,1.2132,0.4538,0.6499,
A930018P22Rik,A930018P22Rik,0.7671,-2.8966,2.0591,-1.4067,0.1595,
A930019D19Rik,A930019D19Rik,0.579,-0.2364,1.9725,-0.1198,0.9046,
A930024E05Rik,A930024E05Rik,67.5685,0.1025,0.327,0.3134,0.754,0.9849
A930041C12Rik,A930041C12Rik,2.1916,0.2571,1.1416,0.2252,0.8218,
AA413626,AA413626,5.2027,-0.3418,0.6431,-0.5315,0.5951,
AA414768,AA414768,546.0161,-0.0663,0.1216,-0.545,0.5858,0.964
AA415398,AA415398,42.1031,0.3669,0.2585,1.4193,0.1558,0.8509
AA465934,AA465934,142.9402,-0.0307,0.2432,-0.1264,0.8995,0.9931
AA467197,AA467197,17.3026,-0.2803,0.4141,-0.6768,0.4985,
AA474331,AA474331,63.2897,0.1032,0.188,0.5493,0.5828,0.964
AA543186,AA543186,11.0673,0.5886,0.4339,1.3566,0.1749,
AA986860,AA986860,109.3826,-0.0101,0.1472,-0.0688,0.9451,0.9971
Aaas,Aaas,1656.494,-0.0698,0.0779,-0.8963,0.3701,0.9295
Aacs,Aacs,2106.3793,-0.1615,0.0606,-2.6635,0.0077,0.4412
Aadat,Aadat,0.5793,0.7569,1.9833,0.3816,0.7027,
Aaed1,Aaed1,892.6279,0.0613,0.0679,0.9031,0.3665,0.9295
Aagab,Aagab,1638.6612,0.1397,0.1134,1.2313,0.2182,0.8877
Aak1,Aak1,2775.8213,0.1088,0.0729,1.4923,0.1356,0.8269
Aamdc,Aamdc,992.1332,-0.1645,0.0894,-1.8402,0.0657,0.7609
Aamp,Aamp,6349.8515,0.0033,0.092,0.0354,0.9718,0.9974
Aanat,Aanat,0.4911,-0.3348,2.4134,-0.1387,0.8897,
Aar2,Aar2,1471.1648,-0.1045,0.0612,-1.7085,0.0875,0.7808
Aars,Aars,7632.3062,-0.0352,0.0867,-0.4057,0.685,0.9717
Aars2,Aars2,644.0707,-0.0603,0.0772,-0.7809,0.4348,0.9453
Aarsd1,Aarsd1,959.9085,-0.0435,0.0852,-0.5107,0.6095,0.966
Aasdh,Aasdh,427.4782,0.2369,0.08,2.9603,0.0031,0.3408
Aasdhppt,Aasdhppt,1195.1579,-0.0256,0.0808,-0.3172,0.7511,0.9843
Aatf,Aatf,1375.589,0.053,0.0677,0.782,0.4342,0.9453
Aatk,Aatk,15.771,0.006,0.4096,0.0148,0.9882,
AB124611,AB124611,37.8895,-0.1893,0.2364,-0.8008,0.4232,0.9416
Abat,Abat,19.633,-0.2191,0.3166,-0.6921,0.4889,
Abca1,Abca1,56.8218,-0.7834,0.2884,-2.7162,0.0066,0.4266
Abca12,Abca12,1.0518,1.1206,1.4531,0.7712,0.4406,
Abca13,Abca13,6.0905,-0.3984,0.5892,-0.6762,0.4989,
Abca17,Abca17,1.5521,-1.1156,1.1386,-0.9798,0.3272,
Abca2,Abca2,1613.0255,-0.1175,0.1338,-0.8784,0.3797,0.9303
Abca3,Abca3,723.349,-0.0314,0.0746,-0.4208,0.6739,0.971
Abca4,Abca4,57.8298,0.0218,0.2068,0.1052,0.9162,0.995
Abca5,Abca5,1060.1856,-0.0936,0.1797,-0.521,0.6024,0.966
Abca6,Abca6,14.9041,0.2087,0.3973,0.5253,0.5994,
Abca7,Abca7,2154.8495,-0.0428,0.117,-0.3662,0.7142,0.9766
Abca8a,Abca8a,31.7916,-0.1295,0.4065,-0.3186,0.7501,0.9843
Abca8b,Abca8b,206.282,-0.0585,0.1668,-0.351,0.7256,0.9796
Abca9,Abca9,161.8421,-0.1536,0.2495,-0.6158,0.538,0.9571
Abcb10,Abcb10,1054.0365,0.0237,0.0638,0.3713,0.7105,0.9754
Abcb11,Abcb11,0.5807,-1.5096,1.948,-0.7749,0.4384,
Abcb1a,Abcb1a,15.0196,0.1013,0.3896,0.26,0.7949,
Abcb1b,Abcb1b,613.2796,-0.0257,0.0819,-0.3144,0.7532,0.9849
Abcb4,Abcb4,0.7691,0.4655,1.9409,0.2398,0.8105,
Abcb6,Abcb6,1461.1899,-0.0804,0.0823,-0.9774,0.3284,0.9197
Abcb7,Abcb7,670.7127,-0.0578,0.1587,-0.3639,0.7159,0.9769
Abcb8,Abcb8,895.4356,-0.0657,0.0667,-0.9857,0.3243,0.9197
Abcb9,Abcb9,41.6946,0.279,0.2161,1.2912,0.1966,0.8806
Abcc1,Abcc1,4608.8566,0.2036,0.139,1.4648,0.143,0.8395
Abcc10,Abcc10,213.7616,0.0306,0.118,0.2593,0.7954,0.9871
Abcc12,Abcc12,5.0235,0.6163,0.7014,0.8787,0.3796,
Abcc2,Abcc2,0.3846,-1.8819,2.44,-0.7713,0.4405,
Abcc3,Abcc3,2.2353,-0.283,0.9801,-0.2887,0.7728,
Abcc4,Abcc4,547.6651,0.2909,0.1104,2.6346,0.0084,0.4585
Abcc5,Abcc5,2489.4815,0.1404,0.0643,2.1832,0.029,0.641
Abcc6,Abcc6,1.6383,0.0223,1.195,0.0187,0.9851,
Abcc8,Abcc8,1.7212,-0.8396,1.2395,-0.6774,0.4982,
Abcc9,Abcc9,16.656,0.109,0.4633,0.2353,0.814,
Abcd1,Abcd1,1195.3418,0.0747,0.0732,1.0203,0.3076,0.9169
Abcd2,Abcd2,294.8441,0.2618,0.1558,1.6805,0.0929,0.7872
Abcd3,Abcd3,2557.9394,0.1062,0.0558,1.9029,0.0571,0.746
Abcd4,Abcd4,1129.3037,-0.0329,0.082,-0.4012,0.6883,0.9717
Abce1,Abce1,8640.1822,0.1098,0.1064,1.0318,0.3021,0.9164
Abcf1,Abcf1,4938.0024,-0.0201,0.0474,-0.4235,0.6719,0.9707
Abcf2,Abcf2,4870.6761,-0.0095,0.082,-0.1161,0.9076,0.9939
Abcf3,Abcf3,2011.2536,-0.019,0.1028,-0.1847,0.8534,0.9906
Abcg1,Abcg1,220.5024,-0.1002,0.1693,-0.5917,0.5541,0.9571
Abcg2,Abcg2,2563.5827,-0.067,0.0567,-1.1804,0.2378,0.8923
Abcg4,Abcg4,48.7978,0.1592,0.2577,0.618,0.5366,0.9571
Abcg8,Abcg8,5.779,-0.4913,0.6267,-0.7839,0.4331,
Abhd1,Abhd1,42.4772,-0.0589,0.3206,-0.1838,0.8542,0.9906
Abhd10,Abhd10,409.9472,0.026,0.0855,0.3043,0.7609,0.9849
Abhd11,Abhd11,487.6352,-0.1265,0.0934,-1.3546,0.1755,0.8614
Abhd11os,Abhd11os,5.6791,0.4464,0.5966,0.7482,0.4543,
Abhd12,Abhd12,2168.9411,0.078,0.1114,0.6995,0.4842,0.9515
Abhd13,Abhd13,1472.1438,-0.0433,0.0917,-0.472,0.6369,0.9681
Abhd14a,Abhd14a,441.9117,0.0332,0.0843,0.3941,0.6935,0.9731
Abhd14b,Abhd14b,140.735,0.1867,0.1362,1.3705,0.1705,0.8614
Abhd15,Abhd15,48.207,-0.0856,0.2737,-0.3129,0.7543,0.9849
Abhd16a,Abhd16a,1323.26,-0.0374,0.0649,-0.5762,0.5645,0.9588
Abhd16b,Abhd16b,2.2008,0.4932,0.9961,0.4952,0.6205,
Abhd17a,Abhd17a,1916.7352,-0.1057,0.0557,-1.8992,0.0575,0.7477
Abhd17b,Abhd17b,840.3758,0.0009,0.1119,0.0079,0.9937,0.9993
Abhd17c,Abhd17c,1503.9757,-0.1023,0.0785,-1.3037,0.1923,0.8747
Abhd2,Abhd2,1149.8166,0.0214,0.068,0.3149,0.7529,0.9849
Abhd3,Abhd3,20.4851,0.4371,0.3104,1.4079,0.1592,0.8558
Abhd4,Abhd4,6381.4995,0.1599,0.1161,1.3776,0.1683,0.8614
Abhd5,Abhd5,1470.0989,-0.0236,0.0573,-0.4119,0.6804,0.9717
Abhd6,Abhd6,593.9167,-0.1496,0.0891,-1.6795,0.0931,0.7872
Abhd8,Abhd8,2013.1735,-0.0102,0.0533,-0.1917,0.848,0.9906
Abi1,Abi1,2394.4168,-0.0486,0.0937,-0.5191,0.6037,0.966
Abi2,Abi2,910.3075,-0.0476,0.1358,-0.3508,0.7257,0.9796
Abi3,Abi3,8.7613,-0.1074,0.5983,-0.1796,0.8575,
Abi3bp,Abi3bp,7.9797,-0.2911,0.5791,-0.5027,0.6152,
Abl1,Abl1,5136.5976,0.0519,0.0628,0.8254,0.4091,0.9377
Abl2,Abl2,2163.6623,-0.0172,0.0561,-0.306,0.7596,0.9849
Ablim1,Ablim1,9539.7977,0.0655,0.0769,0.852,0.3942,0.9341
Ablim2,Ablim2,133.3881,-0.3359,0.2261,-1.4857,0.1373,0.8296
Ablim3,Ablim3,546.7982,-0.2775,0.2041,-1.3598,0.1739,0.8614
Abr,Abr,6875.7767,-0.0153,0.0662,-0.2307,0.8175,0.989
Abra,Abra,289.9501,-0.3416,0.2657,-1.2856,0.1986,0.8828
Abracl,Abracl,2352.9176,-0.0467,0.0795,-0.5881,0.5565,0.9576
Abt1,Abt1,741.1885,-0.0936,0.0698,-1.3401,0.1802,0.87
Abtb1,Abtb1,450.3506,0.0472,0.1279,0.3687,0.7123,0.9762
Abtb2,Abtb2,803.3509,-0.1098,0.1002,-1.0956,0.2732,0.904
Acaa1a,Acaa1a,1539.5893,0.0464,0.0812,0.5714,0.5677,0.9592
Acaa1b,Acaa1b,62.9557,-0.0955,0.2009,-0.4753,0.6346,0.9681
Acaa2,Acaa2,4063.3335,0.0233,0.0746,0.3124,0.7547,0.9849
Acaca,Acaca,2318.3334,-0.0611,0.0859,-0.7114,0.4768,0.949
Acacb,Acacb,79.2649,0.1935,0.1718,1.1267,0.2599,0.8968
Acad10,Acad10,210.2324,0.1282,0.1463,0.8758,0.3811,0.9303
Acad11,Acad11,860.5798,0.0762,0.0686,1.1116,0.2663,0.8981
Acad12,Acad12,137.6449,0.338,0.2042,1.6552,0.0979,0.7886
Acad8,Acad8,901.0944,-0.0252,0.0771,-0.327,0.7437,0.9831
Acad9,Acad9,1708.1576,0.0072,0.0775,0.0929,0.926,0.9957
Acadl,Acadl,6395.2843,-0.0113,0.0875,-0.1288,0.8975,0.9927
Acadm,Acadm,3228.3737,0.1188,0.117,1.0153,0.3099,0.9171
Acads,Acads,2128.3163,-0.0379,0.0902,-0.4196,0.6748,0.9711
Acadsb,Acadsb,2130.4599,0.1282,0.1412,0.9074,0.3642,0.9295
Acadvl,Acadvl,5033.4928,0.0598,0.0823,0.7268,0.4673,0.9483
Acap1,Acap1,10.6129,-0.4017,0.4418,-0.9091,0.3633,
Acap2,Acap2,1875.9707,0.0628,0.1491,0.4209,0.6738,0.971
Acap3,Acap3,1397.8117,-0.0498,0.0636,-0.7827,0.4338,0.9453
Acat1,Acat1,2600.4587,-0.045,0.0926,-0.486,0.6269,0.9673
Acat2,Acat2,1830.5181,-0.2008,0.0642,-3.1298,0.0017,0.2859
Acat3,Acat3,52.946,-0.3751,0.352,-1.0655,0.2866,0.9079
Acbd3,Acbd3,3049.053,0.0573,0.0704,0.8136,0.4159,0.94
Acbd4,Acbd4,989.7967,-0.0635,0.0647,-0.9808,0.3267,0.9197
Acbd5,Acbd5,911.5928,0.0672,0.178,0.3777,0.7057,0.9744
Acbd6,Acbd6,1301.5928,0.0173,0.0651,0.2658,0.7904,0.9865
Acbd7,Acbd7,2.3175,1.3552,0.9562,1.4172,0.1564,
Accs,Accs,303.0653,0.0047,0.0956,0.0495,0.9606,0.9974
Accsl,Accsl,1.229,1.1396,1.6692,0.6827,0.4948,
Acd,Acd,679.8746,-0.1429,0.0664,-2.1539,0.0313,0.6516
Ace,Ace,81.9713,0.2746,0.2445,1.1235,0.2612,0.8968
Acer1,Acer1,3.5685,-0.4495,0.7407,-0.6068,0.544,
Acer2,Acer2,8.098,0.759,0.5048,1.5037,0.1327,
Acer3,Acer3,414.9968,0.0222,0.1082,0.2051,0.8375,0.9906
Ache,Ache,71.9214,0.2741,0.2343,1.1697,0.2421,0.8923
Acin1,Acin1,4792.6699,-0.0354,0.0593,-0.5974,0.5502,0.9571
Ackr2,Ackr2,1.1591,-1.3638,2.059,-0.6624,0.5077,
Ackr3,Ackr3,1759.5887,-0.3878,0.1408,-2.755,0.0059,0.4143
Ackr4,Ackr4,84.1955,0.4759,0.228,2.0873,0.0369,0.6867
Acly,Acly,5879.7126,-0.1074,0.0564,-1.9028,0.0571,0.746
Acmsd,Acmsd,0.4888,0.5886,2.0241,0.2908,0.7712,
Aco1,Aco1,2568.164,-0.0707,0.0726,-0.9741,0.33,0.9197
Aco2,Aco2,15276.9297,-0.0348,0.0637,-0.5469,0.5844,0.964
Acot1,Acot1,341.0452,-0.0919,0.1098,-0.837,0.4026,0.9365
Acot10,Acot10,4.8952,-0.3955,0.684,-0.5782,0.5631,
Acot11,Acot11,224.6187,0.0608,0.1505,0.4037,0.6864,0.9717
Acot12,Acot12,6.959,0.4121,0.5557,0.7415,0.4584,
Acot13,Acot13,766.8811,-0.1208,0.0984,-1.2279,0.2195,0.8877
Acot2,Acot2,328.776,-0.1484,0.125,-1.1877,0.2349,0.8923
Acot3,Acot3,1.7412,-1.4533,1.1928,-1.2184,0.2231,
Acot4,Acot4,26.8161,-0.0869,0.2848,-0.3049,0.7604,0.9849
Acot6,Acot6,116.1779,-0.1322,0.1351,-0.9788,0.3277,0.9197
Acot7,Acot7,2345.1743,-0.1287,0.0737,-1.7463,0.0808,0.7741
Acot8,Acot8,285.6404,-0.0969,0.123,-0.7879,0.4307,0.9451
Acot9,Acot9,3922.0311,-0.1185,0.0565,-2.0985,0.0359,0.6818
Acox1,Acox1,4220.8564,-0.0324,0.0608,-0.5323,0.5945,0.964
Acox2,Acox2,15.0859,-0.3309,0.3647,-0.9071,0.3643,
Acox3,Acox3,1250.5316,0.0482,0.1109,0.435,0.6635,0.9702
Acoxl,Acoxl,3.292,0.6122,0.8745,0.7,0.4839,
Acp1,Acp1,1135.6567,0.0785,0.1074,0.7302,0.4653,0.9483
Acp2,Acp2,2141.8227,0.1619,0.0681,2.3791,0.0174,0.582
Acp5,Acp5,8.9908,-0.6953,0.5198,-1.3377,0.181,
Acp6,Acp6,627.6237,-0.0516,0.077,-0.6706,0.5025,0.9515
Acpp,Acpp,2703.4946,0.3325,0.1408,2.3623,0.0182,0.582
Acrbp,Acrbp,34.4853,0.2545,0.28,0.909,0.3633,0.9295
Acsbg1,Acsbg1,184.3504,-0.3044,0.1483,-2.0529,0.0401,0.71
Acsbg2,Acsbg2,2.0151,1.4668,1.1074,1.3245,0.1854,
Acsf2,Acsf2,659.6135,0.2178,0.0818,2.6639,0.0077,0.4412
Acsf3,Acsf3,338.6046,-0.0583,0.0973,-0.5987,0.5494,0.9571
Acsl1,Acsl1,725.9955,-0.0009,0.109,-0.0086,0.9932,0.9993
Acsl3,Acsl3,5482.3455,0.026,0.0953,0.2729,0.785,0.985
Acsl4,Acsl4,2619.3784,-0.1161,0.1734,-0.6696,0.5031,0.9515
Acsl5,Acsl5,2057.7842,-0.1438,0.0624,-2.3045,0.0212,0.6065
Acsl6,Acsl6,619.1317,-0.15,0.1581,-0.9491,0.3426,0.9246
Acsm3,Acsm3,4.904,0.1467,0.6315,0.2323,0.8163,
Acss2,Acss2,459.9787,-0.1555,0.117,-1.3296,0.1837,0.8727
Acss2os,Acss2os,0.7837,1.4775,2.0669,0.7149,0.4747,
Acss3,Acss3,3.8422,0.2355,0.7259,0.3245,0.7456,
Acta1,Acta1,78512.3385,-0.1873,0.1246,-1.5035,0.1327,0.826
Acta2,Acta2,117802.3891,0.0399,0.1234,0.3235,0.7463,0.984
Actb,Actb,85250.7836,-0.0369,0.0813,-0.4533,0.6503,0.9684
Actc1,Actc1,20369.9708,-0.1965,0.151,-1.3011,0.1932,0.8766
Actg1,Actg1,64442.6927,0.1041,0.2034,0.5117,0.6089,0.966
Actg2,Actg2,5382.2864,0.0709,0.1161,0.611,0.5412,0.9571
Actl10,Actl10,3.4731,-0.1551,0.8358,-0.1856,0.8527,
Actl6a,Actl6a,2308.6279,-0.0892,0.0482,-1.8524,0.064,0.7562
Actl7a,Actl7a,0.5703,0.2014,2.0304,0.0992,0.921,
Actn1,Actn1,16100.7165,0.0759,0.0775,0.9782,0.328,0.9197
Actn2,Actn2,1272.919,-0.2597,0.2547,-1.02,0.3077,0.9169
Actn3,Actn3,10621.5266,-0.2305,0.0957,-2.4088,0.016,0.5725
Actn4,Actn4,14946.6995,0.1071,0.082,1.307,0.1912,0.8743
Actr10,Actr10,4426.4429,-0.0547,0.0724,-0.7558,0.4498,0.9455
Actr1a,Actr1a,7172.537,-0.0465,0.0716,-0.6488,0.5165,0.9548
Actr1b,Actr1b,4900.893,-0.0318,0.0658,-0.4834,0.6288,0.9676
Actr2,Actr2,7443.3877,0.0716,0.0775,0.9237,0.3556,0.9295
Actr3,Actr3,13461.2814,0.0029,0.0659,0.0434,0.9654,0.9974
Actr3b,Actr3b,111.6424,0.0808,0.1367,0.5914,0.5543,0.9571
Actr5,Actr5,262.4362,-0.0264,0.1092,-0.2414,0.8093,0.9882
Actr6,Actr6,499.3578,0.1522,0.1094,1.3904,0.1644,0.8598
Actr8,Actr8,1609.5387,-0.0604,0.0537,-1.1249,0.2606,0.8968
Acvr1,Acvr1,3208.2222,-0.0174,0.047,-0.3697,0.7116,0.9756
Acvr1b,Acvr1b,511.187,0.0504,0.0797,0.6316,0.5277,0.9565
Acvr2a,Acvr2a,497.2318,0.1795,0.1614,1.1119,0.2662,0.8981
Acvr2b,Acvr2b,15.404,-0.5907,0.3884,-1.5208,0.1283,
Acvrl1,Acvrl1,75.1408,0.3148,0.2726,1.1549,0.2481,0.8923
Acy1,Acy1,312.3442,-0.2514,0.091,-2.7618,0.0057,0.4116
Acy3,Acy3,134.1248,-0.2845,0.1671,-1.7023,0.0887,0.7829
Acyp1,Acyp1,235.3337,0.0598,0.0985,0.6073,0.5436,0.9571
Acyp2,Acyp2,105.9435,-0.0096,0.1487,-0.0644,0.9487,0.9974
Ada,Ada,157.0017,0.1058,0.1266,0.836,0.4031,0.9365
Adal,Adal,398.7778,0.0659,0.0824,0.7999,0.4237,0.9419
Adam10,Adam10,3306.7423,0.0299,0.1353,0.2212,0.825,0.9899
Adam11,Adam11,37.306,0.0519,0.2288,0.2268,0.8206,0.9893
Adam12,Adam12,1775.1626,-0.0375,0.1819,-0.2059,0.8369,0.9906
Adam15,Adam15,2633.0738,-0.0189,0.0671,-0.2819,0.778,0.985
Adam17,Adam17,3541.5814,0.0114,0.0773,0.1477,0.8826,0.9914
Adam19,Adam19,5111.3417,0.071,0.0549,1.2938,0.1957,0.8802
Adam1a,Adam1a,66.5057,0.4825,0.1876,2.5727,0.0101,0.4961
Adam21,Adam21,7.7819,0.3948,0.4995,0.7903,0.4294,
Adam22,Adam22,11.1601,0.4315,0.4687,0.9207,0.3572,
Adam23,Adam23,917.6268,0.4833,0.1535,3.1475,0.0016,0.2802
Adam32,Adam32,4.2573,0.3033,0.724,0.4189,0.6753,
Adam33,Adam33,1.2428,3.8448,1.5962,2.4088,0.016,
Adam4,Adam4,6.0776,-0.3108,0.5673,-0.5478,0.5838,
Adam5,Adam5,90.2938,0.3488,0.1618,2.1555,0.0311,0.6516
Adam8,Adam8,297.9837,-0.1375,0.1294,-1.0627,0.2879,0.9079
Adam9,Adam9,6115.8098,0.0632,0.1075,0.5874,0.5569,0.9578
Adamts1,Adamts1,1323.5135,-0.0637,0.1314,-0.4851,0.6276,0.9673
Adamts10,Adamts10,668.6884,0.0833,0.0976,0.853,0.3937,0.9341
Adamts12,Adamts12,660.6568,-0.0044,0.1428,-0.0307,0.9755,0.9975
Adamts13,Adamts13,0.2927,0.8437,2.6285,0.321,0.7482,
Adamts14,Adamts14,2371.5182,-0.0384,0.0524,-0.7332,0.4634,0.9483
Adamts15,Adamts15,61.9568,-0.4217,0.3189,-1.3224,0.186,0.874
Adamts16,Adamts16,896.0748,-0.2311,0.1839,-1.2561,0.2091,0.8875
Adamts17,Adamts17,22.0542,0.8819,0.3274,2.6933,0.0071,0.4351
Adamts2,Adamts2,4304.9368,-0.0242,0.0535,-0.4521,0.6512,0.9684
Adamts20,Adamts20,0.4808,-1.1521,2.3822,-0.4836,0.6287,
Adamts3,Adamts3,159.7498,0.3092,0.132,2.3422,0.0192,0.5897
Adamts4,Adamts4,3549.0921,0.014,0.0548,0.256,0.7979,0.9871
Adamts5,Adamts5,2265.4194,-0.0215,0.1936,-0.1112,0.9115,0.9943
Adamts6,Adamts6,837.8961,0.0784,0.1675,0.4682,0.6397,0.9681
Adamts7,Adamts7,4642.7359,-0.2163,0.1231,-1.757,0.0789,0.7689
Adamts8,Adamts8,4.9932,0.7557,0.6595,1.1458,0.2519,
Adamts9,Adamts9,45.2527,0.5469,0.3217,1.7003,0.0891,0.7829
Adamtsl1,Adamtsl1,277.4218,0.0299,0.1039,0.2878,0.7735,0.985
Adamtsl2,Adamtsl2,364.107,-0.2324,0.2396,-0.9697,0.3322,0.9205
Adamtsl3,Adamtsl3,1873.1485,0.0293,0.1642,0.1784,0.8584,0.9906
Adamtsl4,Adamtsl4,959.6988,-0.0253,0.08,-0.3163,0.7518,0.9848
Adamtsl5,Adamtsl5,1604.6792,-0.0714,0.1059,-0.6739,0.5003,0.9515
Adap1,Adap1,1.9336,0.4916,1.1562,0.4252,0.6707,
Adap2,Adap2,5.0043,0.0336,0.6067,0.0554,0.9558,
Adar,Adar,1556.1557,0.0413,0.0843,0.4903,0.6239,0.9673
Adarb1,Adarb1,2466.6184,0.1444,0.0615,2.3489,0.0188,0.5897
Adat1,Adat1,203.2203,0.1671,0.1295,1.2905,0.1969,0.8806
Adat2,Adat2,239.5679,0.1452,0.1072,1.3547,0.1755,0.8614
Adat3,Adat3,125.937,-0.2576,0.1645,-1.5662,0.1173,0.8127
Adck1,Adck1,1786.1694,0.1564,0.0967,1.6178,0.1057,0.8
Adck2,Adck2,451.4287,-0.0145,0.0793,-0.1824,0.8552,0.9906
Adck3,Adck3,1256.999,-0.0347,0.1493,-0.2325,0.8162,0.989
Adck4,Adck4,620.1672,-0.1234,0.068,-1.8151,0.0695,0.7617
Adck5,Adck5,860.2214,0.0112,0.0713,0.1577,0.8747,0.9911
Adcy1,Adcy1,8.3615,-0.596,0.523,-1.1396,0.2544,
Adcy10,Adcy10,1.9335,1.1205,1.2143,0.9228,0.3561,
Adcy3,Adcy3,818.2834,-0.0847,0.1236,-0.685,0.4934,0.9515
Adcy4,Adcy4,10.4944,0.2527,0.5175,0.4882,0.6254,
Adcy5,Adcy5,1.6345,-0.4962,1.0874,-0.4563,0.6482,
Adcy6,Adcy6,4439.706,0.1296,0.0862,1.5029,0.1329,0.826
Adcy7,Adcy7,15861.4583,-0.005,0.0794,-0.0625,0.9502,0.9974
Adcy8,Adcy8,6.1818,-0.1782,0.5568,-0.32,0.749,
Adcy9,Adcy9,836.7668,0.0931,0.0825,1.1291,0.2589,0.8966
Adcyap1r1,Adcyap1r1,3.2813,-2.0736,0.9204,-2.2529,0.0243,
Add1,Add1,9987.2488,-0.0041,0.0584,-0.0707,0.9436,0.9971
Add2,Add2,74.6622,0.0017,0.2447,0.0069,0.9945,0.9993
Add3,Add3,588.8963,-0.0939,0.1274,-0.7374,0.4609,0.9483
Adgb,Adgb,2.9646,0.3003,1.0144,0.2961,0.7672,
Adgra1,Adgra1,7.9677,-0.9896,0.6242,-1.5854,0.1129,
Adgra2,Adgra2,2895.7305,0.0274,0.0629,0.4357,0.6631,0.9702
Adgra3,Adgra3,3493.0881,0.0774,0.107,0.7233,0.4695,0.9483
Adgrb2,Adgrb2,14.9755,0.6317,0.3748,1.6856,0.0919,
Adgrd1,Adgrd1,16.7285,0.2976,0.4772,0.6236,0.5329,
Adgre5,Adgre5,8804.3745,-0.1872,0.0896,-2.09,0.0366,0.6839
Adgrf2,Adgrf2,0.9793,1.1939,2.0439,0.5842,0.5591,
Adgrf3,Adgrf3,13.6037,-0.5369,0.4514,-1.1894,0.2343,
Adgrf4,Adgrf4,29.1848,-0.1616,0.261,-0.6192,0.5358,0.9571
Adgrf5,Adgrf5,46.1013,-0.4007,0.3585,-1.1176,0.2637,0.8981
Adgrg1,Adgrg1,898.8068,-0.0227,0.136,-0.1669,0.8674,0.9906
Adgrg2,Adgrg2,176.4689,-0.0088,0.1955,-0.045,0.9641,0.9974
Adgrg3,Adgrg3,611.2461,0.2231,0.2266,0.9846,0.3248,0.9197
Adgrg5,Adgrg5,7.1235,0.688,0.573,1.2007,0.2299,
Adgrg6,Adgrg6,1523.9788,-0.237,0.2055,-1.1537,0.2486,0.8923
Adgrl1,Adgrl1,4110.4034,0.0375,0.0976,0.3838,0.7011,0.9737
Adgrl2,Adgrl2,2967.4203,0.1504,0.086,1.7479,0.0805,0.7728
Adgrl3,Adgrl3,512.3883,-0.1758,0.1806,-0.9735,0.3303,0.9197
Adgrl4,Adgrl4,69.3516,0.2678,0.2256,1.1872,0.2351,0.8923
Adgrv1,Adgrv1,3.0736,-1.502,0.9715,-1.5461,0.1221,
Adh1,Adh1,115.3139,0.2023,0.2227,0.9085,0.3636,0.9295
Adh5,Adh5,3614.4229,-0.0923,0.0626,-1.4734,0.1406,0.8373
Adh7,Adh7,630.9752,0.2721,0.1169,2.3278,0.0199,0.6035
Adhfe1,Adhfe1,13.3651,0.3977,0.4028,0.9873,0.3235,
Adi1,Adi1,854.3235,-0.0343,0.1027,-0.3342,0.7383,0.9817
Adipoq,Adipoq,0.4899,-0.334,2.3664,-0.1411,0.8878,
Adipor1,Adipor1,6303.1227,-0.0596,0.0507,-1.1763,0.2395,0.8923
Adipor2,Adipor2,3206.0906,-0.0493,0.0508,-0.9705,0.3318,0.9202
Adk,Adk,2704.8295,-0.0206,0.067,-0.3071,0.7588,0.9849
Adm,Adm,155.4065,-0.4873,0.291,-1.6747,0.094,0.7876
Adm2,Adm2,39.1168,-0.3679,0.3332,-1.104,0.2696,0.9027
Adnp,Adnp,50.1837,0.4261,0.2411,1.7674,0.0772,0.7682
Adnp2,Adnp2,1342.8841,-0.0367,0.0727,-0.5054,0.6133,0.966
Ado,Ado,2468.6395,-0.0166,0.0624,-0.2667,0.7897,0.9865
Adora1,Adora1,86.801,-0.1477,0.2098,-0.7039,0.4815,0.9507
Adora2a,Adora2a,48.0312,-0.0608,0.2373,-0.2562,0.7978,0.9871
Adora2b,Adora2b,303.7707,-0.1597,0.2151,-0.7424,0.4579,0.9483
Adpgk,Adpgk,1399.2667,0.1226,0.1079,1.1365,0.2558,0.8935
Adprh,Adprh,4230.792,0.0073,0.0833,0.0876,0.9302,0.9957
Adprhl1,Adprhl1,175.7129,-0.1784,0.2334,-0.7642,0.4448,0.9455
Adprhl2,Adprhl2,784.5877,0.0669,0.0706,0.9489,0.3427,0.9246
Adprm,Adprm,600.9717,0.032,0.0858,0.3731,0.7091,0.9746
Adra1b,Adra1b,86.2553,0.2786,0.3141,0.887,0.3751,0.9295
Adra1d,Adra1d,236.9239,0.0011,0.1915,0.0059,0.9953,0.9994
Adra2a,Adra2a,2.5781,-1.3139,1.1479,-1.1446,0.2524,
Adrb1,Adrb1,16.2835,0.1418,0.3475,0.4082,0.6831,
Adrb2,Adrb2,620.5587,-0.0741,0.1074,-0.6906,0.4898,0.9515
Adrb3,Adrb3,0.6774,0.2688,2.2516,0.1194,0.905,
Adrbk1,Adrbk1,3102.4812,0.0012,0.0637,0.0194,0.9846,0.9991
Adrm1,Adrm1,3569.5076,-0.031,0.0845,-0.3669,0.7137,0.9766
Adsl,Adsl,2571.8968,-0.02,0.0689,-0.2898,0.772,0.985
Adss,Adss,2772.8995,0.109,0.0872,1.2505,0.2111,0.8875
Adssl1,Adssl1,2829.9813,-0.1748,0.1009,-1.7329,0.0831,0.7756
Adtrp,Adtrp,0.4901,0.5596,2.3516,0.238,0.8119,
Aebp1,Aebp1,38960.6378,0.1093,0.0812,1.345,0.1786,0.8667
Aebp2,Aebp2,3083.5036,0.0445,0.1023,0.4353,0.6634,0.9702
Aen,Aen,1613.0958,-0.0007,0.1084,-0.0064,0.9949,0.9993
Aes,Aes,10150.4969,-0.1575,0.0541,-2.911,0.0036,0.3479
AF357399,AF357399,15.7305,0.4842,0.433,1.1185,0.2634,
AF529169,AF529169,1.4471,1.1265,1.2011,0.9379,0.3483,
Afap1,Afap1,3342.4839,0.051,0.0683,0.746,0.4556,0.9483
Afap1l1,Afap1l1,929.2645,-0.1301,0.1671,-0.7787,0.4361,0.9455
Afap1l2,Afap1l2,1813.184,0.0227,0.0636,0.3562,0.7217,0.9788
Aff1,Aff1,2626.5009,0.103,0.0505,2.0394,0.0414,0.7111
Aff2,Aff2,0.382,0.9683,2.4741,0.3914,0.6955,
Aff3,Aff3,168.2678,0.654,0.1477,4.4276,9.5305e-06,0.0197
Aff4,Aff4,4785.9008,0.0493,0.1558,0.3164,0.7517,0.9848
Afg3l1,Afg3l1,2336.0884,-0.0416,0.0569,-0.7318,0.4643,0.9483
Afg3l2,Afg3l2,3126.9578,0.0121,0.0825,0.1466,0.8834,0.9914
Afmid,Afmid,276.5983,0.1736,0.1001,1.7342,0.0829,0.7755
Afp,Afp,0.7736,-0.9487,1.6616,-0.571,0.568,
Aftph,Aftph,1073.4423,0.0528,0.126,0.419,0.6752,0.9711
Aga,Aga,1908.8814,-0.0149,0.0603,-0.2466,0.8053,0.9875
Agap1,Agap1,2395.7659,-0.193,0.1493,-1.2922,0.1963,0.8806
Agap2,Agap2,86.975,0.1941,0.1781,1.0896,0.2759,0.9068
Agap3,Agap3,2868.6304,-0.0032,0.0814,-0.0393,0.9687,0.9974
Agbl2,Agbl2,2.8759,0.4374,0.9384,0.4661,0.6411,
Agbl3,Agbl3,130.9247,-0.0268,0.1689,-0.1586,0.874,0.991
Agbl5,Agbl5,218.6744,-0.0889,0.1471,-0.6044,0.5456,0.9571
Ager,Ager,11.008,-0.227,0.4584,-0.4953,0.6204,
Agfg1,Agfg1,1723.4624,-0.0385,0.0886,-0.4345,0.6639,0.9702
Agfg2,Agfg2,588.117,-0.0962,0.0736,-1.3068,0.1913,0.8743
Aggf1,Aggf1,1990.7806,-0.0055,0.0697,-0.0783,0.9376,0.9971
Agk,Agk,709.8967,0.0377,0.0732,0.5144,0.607,0.966
Agl,Agl,3812.1723,0.0204,0.0448,0.4543,0.6496,0.9684
Agmat,Agmat,49.0195,-0.3106,0.2183,-1.423,0.1547,0.8501
Agmo,Agmo,1.1489,-2.5166,1.7507,-1.4375,0.1506,
Ago1,Ago1,2197.9739,0.0443,0.0665,0.6662,0.5053,0.9515
Ago2,Ago2,2563.6577,0.0096,0.0659,0.1455,0.8843,0.9914
Ago3,Ago3,190.9886,0.078,0.1778,0.4387,0.6609,0.9702
Ago4,Ago4,178.2213,-0.1408,0.1114,-1.2636,0.2064,0.886
Agpat1,Agpat1,2453.9083,-0.0294,0.0603,-0.4866,0.6265,0.9673
Agpat2,Agpat2,804.4023,-0.1573,0.0758,-2.0746,0.038,0.6915
Agpat3,Agpat3,5139.7525,0.0055,0.0702,0.0782,0.9377,0.9971
Agpat4,Agpat4,1363.2155,-0.0672,0.0687,-0.9773,0.3284,0.9197
Agpat5,Agpat5,1466.9262,0.0019,0.0507,0.0371,0.9704,0.9974
Agpat6,Agpat6,4247.2747,0.0006,0.0676,0.0086,0.9931,0.9993
Agpat9,Agpat9,168.1335,-0.1736,0.1233,-1.4082,0.1591,0.8558
Agps,Agps,2289.1541,-0.0088,0.1688,-0.0521,0.9584,0.9974
Agrn,Agrn,2659.9601,-0.0638,0.1074,-0.5944,0.5522,0.9571
Agrp,Agrp,5.226,0.0359,0.6517,0.0551,0.9561,
Agt,Agt,1.1606,0.6545,1.3396,0.4885,0.6252,
Agtpbp1,Agtpbp1,1171.7815,0.1385,0.099,1.3984,0.162,0.8576
Agtr1a,Agtr1a,0.5794,-0.4758,1.8015,-0.2641,0.7917,
Agtrap,Agtrap,931.4892,-0.0625,0.0822,-0.7601,0.4472,0.9455
Agxt,Agxt,0.5777,0.7621,1.9841,0.3841,0.7009,
Agxt2,Agxt2,0.7741,-0.4094,1.6544,-0.2474,0.8046,
Ahctf1,Ahctf1,2158.6198,0.0472,0.1371,0.3447,0.7303,0.98
Ahcy,Ahcy,1935.316,-0.0783,0.0642,-1.2203,0.2224,0.8877
Ahcyl1,Ahcyl1,8785.2238,0.0684,0.0605,1.1303,0.2584,0.8966
Ahcyl2,Ahcyl2,1054.2083,-0.0553,0.0836,-0.6616,0.5082,0.9528
Ahdc1,Ahdc1,2374.3724,-0.0666,0.1058,-0.6301,0.5286,0.9568
Ahi1,Ahi1,770.1595,0.0874,0.0814,1.0731,0.2832,0.9074
Ahnak,Ahnak,24896.1014,0.0897,0.0802,1.1175,0.2638,0.8981
Ahr,Ahr,1328.0085,0.2306,0.1087,2.1218,0.0339,0.6686
Ahrr,Ahrr,344.7907,0.5117,0.1658,3.0852,0.002,0.309
Ahsa1,Ahsa1,5852.6099,0.0362,0.0569,0.6365,0.5245,0.956
Ahsa2,Ahsa2,1658.5434,-0.0379,0.1088,-0.3482,0.7277,0.9796
Ahsg,Ahsg,3.4866,0.2941,0.7614,0.3863,0.6993,
AI115009,AI115009,0.9523,0.9073,1.6363,0.5545,0.5793,
AI118078,AI118078,2.0142,0.926,1.2946,0.7153,0.4745,
AI182371,AI182371,2.4883,-1.1317,1.0756,-1.0522,0.2927,
AI197445,AI197445,5.3843,0.6955,0.6245,1.1136,0.2654,
AI314180,AI314180,3496.1951,-0.0026,0.0838,-0.0314,0.975,0.9975
AI317395,AI317395,5.2107,-1.3492,0.7296,-1.8492,0.0644,
AI413582,AI413582,244.2526,-0.2068,0.1811,-1.1423,0.2533,0.893
AI414108,AI414108,10.2855,0.5673,0.5005,1.1334,0.2571,
AI429214,AI429214,192.3862,0.085,0.1119,0.7601,0.4472,0.9455
AI450353,AI450353,28.4009,0.1974,0.2881,0.6854,0.4931,0.9515
AI464131,AI464131,2013.3437,-0.1288,0.0836,-1.5416,0.1232,0.8143
AI467606,AI467606,1468.8199,-0.2247,0.0673,-3.3392,0.0008,0.2269
AI504432,AI504432,6.4393,0.0376,0.6315,0.0595,0.9525,
AI506816,AI506816,652.9271,0.2249,0.273,0.8238,0.41,0.9377
AI597479,AI597479,1973.7331,0.0753,0.0562,1.3387,0.1807,0.8703
AI607873,AI607873,15.905,0.0102,0.4584,0.0223,0.9822,
AI661453,AI661453,20.3991,0.0481,0.3299,0.1458,0.8841,0.9914
AI662270,AI662270,28.5601,0.3982,0.2781,1.4319,0.1522,0.8487
AI837181,AI837181,2241.5703,-0.0169,0.0592,-0.2852,0.7755,0.985
AI839979,AI839979,79.5799,-0.0342,0.1754,-0.1951,0.8453,0.9906
AI846148,AI846148,967.4439,-0.0088,0.091,-0.0967,0.923,0.9957
AI847159,AI847159,1.5424,0.3971,1.0984,0.3616,0.7177,
AI854703,AI854703,1.0629,0.0459,1.4598,0.0314,0.9749,
AI987944,AI987944,166.589,0.112,0.2311,0.4846,0.6279,0.9673
Aicda,Aicda,6.0619,0.3178,0.5547,0.5729,0.5667,
Aida,Aida,3455.8307,0.0641,0.0669,0.9586,0.3378,0.9222
Aif1,Aif1,3.1843,-0.6668,0.8374,-0.7963,0.4259,
Aif1l,Aif1l,7904.27,-0.1727,0.081,-2.1316,0.033,0.6642
Aifm1,Aifm1,2254.3201,0.0391,0.0772,0.506,0.6129,0.966
Aifm2,Aifm2,882.2822,-0.077,0.0977,-0.7878,0.4308,0.9451
Aig1,Aig1,204.9953,-0.4206,0.2184,-1.9261,0.0541,0.7358
Aim1,Aim1,1751.5015,0.2323,0.1246,1.8643,0.0623,0.7549
Aim1l,Aim1l,51.952,-0.327,0.2299,-1.4222,0.155,0.8501
Aim2,Aim2,63.4109,-0.0407,0.2747,-0.1481,0.8823,0.9914
Aimp1,Aimp1,2188.9441,-0.055,0.0558,-0.9852,0.3245,0.9197
Aimp2,Aimp2,1497.7619,-0.0821,0.0741,-1.1082,0.2678,0.8999
Aip,Aip,3244.396,-0.067,0.0556,-1.2049,0.2282,0.8914
Aipl1,Aipl1,10.6073,0.2384,0.4494,0.5304,0.5958,
Aire,Aire,6.4494,-0.2791,0.6447,-0.433,0.665,
Airn,Airn,30.2459,-0.2129,0.3108,-0.685,0.4933,0.9515
Ajuba,Ajuba,3507.1212,0.0743,0.0966,0.7687,0.4421,0.9455
AK010878,AK010878,103.1181,-0.0438,0.1554,-0.282,0.778,0.985
Ak1,Ak1,6606.3894,-0.0516,0.0928,-0.5558,0.5784,0.963
Ak2,Ak2,2487.9215,-0.0354,0.0649,-0.5465,0.5847,0.964
Ak3,Ak3,3654.9103,0.0022,0.0656,0.0334,0.9734,0.9974
Ak4,Ak4,667.7922,-0.6045,0.2537,-2.3828,0.0172,0.582
Ak5,Ak5,72.9192,-0.0898,0.1845,-0.4866,0.6265,0.9673
Ak6,Ak6,590.8141,-0.072,0.1154,-0.624,0.5326,0.9571
Ak8,Ak8,3.3781,0.5954,0.7995,0.7447,0.4564,
Akap1,Akap1,2402.0404,0.0588,0.0937,0.6275,0.5303,0.9568
Akap10,Akap10,750.6827,-0.0022,0.0839,-0.0258,0.9794,0.9979
Akap11,Akap11,1855.6317,-0.0226,0.2128,-0.1064,0.9153,0.9949
Akap12,Akap12,1153.4993,-0.0344,0.1191,-0.2891,0.7725,0.985
Akap13,Akap13,4352.3461,0.1168,0.0749,1.5584,0.1191,0.8127
Akap17b,Akap17b,169.1818,0.0989,0.1713,0.5775,0.5636,0.9583
Akap2,Akap2,0.8546,1.2227,1.8706,0.6537,0.5133,
Akap5,Akap5,3.8259,-0.485,0.7996,-0.6065,0.5442,
Akap6,Akap6,1654.5043,-0.0559,0.151,-0.37,0.7114,0.9756
Akap7,Akap7,528.4522,0.0899,0.1073,0.8371,0.4025,0.9365
Akap8,Akap8,2367.605,0.0263,0.0485,0.5434,0.5869,0.964
Akap8l,Akap8l,893.8385,-0.0379,0.0922,-0.4106,0.6814,0.9717
Akap9,Akap9,439.6466,0.0326,0.2029,0.1609,0.8722,0.991
Akip1,Akip1,131.7655,-0.094,0.136,-0.6908,0.4897,0.9515
Akirin1,Akirin1,4563.7545,0.046,0.0734,0.6266,0.5309,0.957
Akirin2,Akirin2,2628.9301,-0.0074,0.0716,-0.1041,0.9171,0.9952
Akna,Akna,223.3128,0.0073,0.1326,0.0548,0.9563,0.9974
Aknad1,Aknad1,22.2344,-0.3007,0.4202,-0.7157,0.4742,0.949
Akr1a1,Akr1a1,19430.0927,-0.0629,0.0629,-0.9996,0.3175,0.9173
Akr1b10,Akr1b10,681.0821,-0.115,0.08,-1.4375,0.1506,0.8447
Akr1b7,Akr1b7,7.127,-0.6726,0.5388,-1.2484,0.2119,
Akr1b8,Akr1b8,4725.9556,-0.0551,0.0858,-0.6427,0.5204,0.9555
Akr1c12,Akr1c12,42.3556,0.148,0.2385,0.6205,0.5349,0.9571
Akr1c13,Akr1c13,252.9714,-0.0858,0.1344,-0.6383,0.5233,0.9556
Akr1c14,Akr1c14,309.0306,0.53,0.1785,2.9695,0.003,0.3408
Akr1c21,Akr1c21,0.4749,-0.5367,2.3829,-0.2252,0.8218,
Akr1cl,Akr1cl,2.0242,-1.9264,1.1682,-1.649,0.0992,
Akr1e1,Akr1e1,356.3761,0.0792,0.082,0.965,0.3346,0.9207
Akr7a5,Akr7a5,892.9326,-0.0118,0.07,-0.1683,0.8664,0.9906
Akt1,Akt1,12087.6255,-0.0689,0.0537,-1.2823,0.1997,0.8828
Akt1s1,Akt1s1,2097.0401,-0.1475,0.0563,-2.6187,0.0088,0.4706
Akt2,Akt2,6893.6243,-0.0421,0.0611,-0.6894,0.4906,0.9515
Akt3,Akt3,1761.777,0.157,0.1002,1.5661,0.1173,0.8127
Aktip,Aktip,2516.7811,0.0139,0.0674,0.2056,0.8371,0.9906
Alad,Alad,1534.2974,0.0073,0.0688,0.1063,0.9154,0.9949
Alas1,Alas1,2232.6767,0.0559,0.0903,0.6189,0.536,0.9571
Alas2,Alas2,6.6152,0.9618,0.6654,1.4455,0.1483,
Alb,Alb,28.5051,-0.2648,0.3072,-0.8619,0.3888,0.933
Alcam,Alcam,569.1221,0.2763,0.1576,1.753,0.0796,0.7694
Aldh16a1,Aldh16a1,680.9827,-0.1,0.0852,-1.1736,0.2406,0.8923
Aldh18a1,Aldh18a1,3825.7843,-0.0405,0.0681,-0.5956,0.5514,0.9571
Aldh1a1,Aldh1a1,8.5962,-0.1967,0.6341,-0.3103,0.7563,
Aldh1a2,Aldh1a2,25.5893,0.807,0.5686,1.4194,0.1558,0.8509
Aldh1a3,Aldh1a3,103.1191,-0.6333,0.1849,-3.4252,0.0006,0.218
Aldh1b1,Aldh1b1,1.1627,-1.7073,1.5756,-1.0836,0.2785,
Aldh1l1,Aldh1l1,36.8307,-0.3303,0.2301,-1.4355,0.1511,0.8465
Aldh1l2,Aldh1l2,1224.1624,-0.1837,0.2167,-0.8476,0.3967,0.9347
Aldh2,Aldh2,10828.4804,0.0866,0.0883,0.9804,0.3269,0.9197
Aldh3a1,Aldh3a1,1464.1778,0.6379,0.2275,2.8039,0.005,0.3918
Aldh3a2,Aldh3a2,2336.6418,0.0752,0.0682,1.1021,0.2704,0.9027
Aldh3b1,Aldh3b1,1917.842,-0.2574,0.1001,-2.5709,0.0101,0.4961
Aldh3b2,Aldh3b2,4.6348,-1.1089,0.7896,-1.4044,0.1602,
Aldh3b3,Aldh3b3,46.2916,-0.2877,0.2631,-1.0935,0.2742,0.9045
Aldh4a1,Aldh4a1,688.5405,-0.0309,0.0841,-0.3675,0.7132,0.9766
Aldh5a1,Aldh5a1,214.089,-0.0561,0.1279,-0.4384,0.6611,0.9702
Aldh6a1,Aldh6a1,770.8137,0.2827,0.0843,3.3534,0.0008,0.2269
Aldh7a1,Aldh7a1,1186.9936,0.0395,0.0604,0.655,0.5125,0.9537
Aldh8a1,Aldh8a1,0.2938,-0.4606,2.6291,-0.1752,0.8609,
Aldh9a1,Aldh9a1,1779.2768,0.0192,0.0651,0.2943,0.7685,0.985
Aldoa,Aldoa,47121.3995,-0.288,0.086,-3.3487,0.0008,0.2269
Aldoart1,Aldoart1,3.6135,-0.5066,0.9836,-0.5151,0.6065,
Aldoart2,Aldoart2,0.2933,-0.4582,2.6297,-0.1742,0.8617,
Aldob,Aldob,0.9531,-0.0882,1.8671,-0.0472,0.9623,
Aldoc,Aldoc,351.7012,0.0736,0.2025,0.3633,0.7164,0.9773
Alg1,Alg1,722.5852,0.0305,0.0795,0.3833,0.7015,0.9737
Alg10b,Alg10b,1617.4835,0,0.1718,0.0002,0.9999,0.9999
Alg11,Alg11,766.6706,-0.0029,0.0787,-0.0366,0.9708,0.9974
Alg12,Alg12,586.6547,0.0669,0.0777,0.8607,0.3894,0.933
Alg13,Alg13,424.2519,-0.0112,0.1229,-0.0914,0.9272,0.9957
Alg14,Alg14,764.2758,-0.0384,0.0773,-0.4971,0.6191,0.966
Alg2,Alg2,2051.4771,0.0591,0.0919,0.6429,0.5203,0.9555
Alg3,Alg3,626.7634,0.0628,0.0929,0.6755,0.4993,0.9515
Alg5,Alg5,1386.6003,-0.0976,0.0905,-1.0784,0.2809,0.9074
Alg6,Alg6,544.5147,0.1323,0.0906,1.4599,0.1443,0.8416
Alg8,Alg8,557.0384,-0.0672,0.0859,-0.7823,0.434,0.9453
Alg9,Alg9,1195.1619,-0.1296,0.0791,-1.6393,0.1012,0.7908
Alkbh1,Alkbh1,776.8458,0.1806,0.077,2.3472,0.0189,0.5897
Alkbh2,Alkbh2,92.476,-0.1171,0.1497,-0.7823,0.434,0.9453
Alkbh3,Alkbh3,1210.3596,-0.0598,0.0722,-0.829,0.4071,0.9373
Alkbh4,Alkbh4,221.835,0.0786,0.1159,0.6781,0.4977,0.9515
Alkbh5,Alkbh5,7130.4363,-0.0862,0.08,-1.0782,0.2809,0.9074
Alkbh6,Alkbh6,376.5878,-0.0306,0.0972,-0.3147,0.753,0.9849
Alkbh7,Alkbh7,268.4444,-0.1375,0.105,-1.3093,0.1904,0.874
Alkbh8,Alkbh8,185.6514,0.1196,0.1407,0.8502,0.3952,0.9341
Alms1,Alms1,263.3463,0.1203,0.2033,0.5916,0.5541,0.9571
Alms1-ps2,Alms1-ps2,0.5776,1.8169,1.9125,0.95,0.3421,
Alox12,Alox12,8.7089,-0.4309,0.4929,-0.8741,0.3821,
Alox12b,Alox12b,0.962,0.392,1.653,0.2371,0.8126,
Alox5,Alox5,5473.0776,-0.1852,0.0961,-1.9278,0.0539,0.7358
Alox5ap,Alox5ap,398.0386,-0.0668,0.1377,-0.4851,0.6276,0.9673
Alox8,Alox8,5.182,-0.3102,0.6343,-0.4891,0.6248,
Aloxe3,Aloxe3,2.3205,0.2122,0.9289,0.2285,0.8193,
Alpi,Alpi,2.3156,-1.6802,1.1031,-1.5232,0.1277,
Alpk1,Alpk1,770.0649,0.2187,0.0845,2.5888,0.0096,0.4918
Alpk2,Alpk2,213.8848,-0.1649,0.1386,-1.1896,0.2342,0.8923
Alpk3,Alpk3,671.6377,-0.2617,0.1189,-2.201,0.0277,0.6379
Alpl,Alpl,4.1512,-0.6717,0.7008,-0.9584,0.3379,
Als2,Als2,1109.8299,-0.02,0.0711,-0.2813,0.7785,0.985
Als2cl,Als2cl,645.2949,-0.0045,0.1528,-0.0296,0.9764,0.9975
Als2cr11,Als2cr11,0.3842,-0.544,2.5057,-0.2171,0.8281,
Als2cr12,Als2cr12,4.8296,-0.734,0.6588,-1.1142,0.2652,
Alx3,Alx3,0.6761,-0.8789,1.9152,-0.4589,0.6463,
Alx4,Alx4,1.1682,1.521,1.4521,1.0475,0.2949,
Alyref,Alyref,1924.5324,-0.0932,0.0961,-0.9699,0.3321,0.9205
Alyref2,Alyref2,98.2783,0.2737,0.1553,1.763,0.0779,0.7682
Amacr,Amacr,1743.2991,-0.1106,0.0522,-2.1186,0.0341,0.6695
Ambp,Ambp,0.4873,-1.3048,2.3436,-0.5568,0.5777,
Ambra1,Ambra1,1923.6167,0.0046,0.0528,0.0868,0.9308,0.9957
Amdhd1,Amdhd1,12.6829,0.6785,0.4051,1.675,0.0939,
Amdhd2,Amdhd2,532.4302,-0.0854,0.1103,-0.7743,0.4387,0.9455
Amer1,Amer1,1140.3988,0.1429,0.0889,1.6087,0.1077,0.8028
Amfr,Amfr,12116.5054,-0.0384,0.0567,-0.6766,0.4987,0.9515
Amh,Amh,5.5768,-0.2515,0.6596,-0.3814,0.7029,
Amhr2,Amhr2,5.0996,1.3842,0.7753,1.7855,0.0742,
Amigo1,Amigo1,626.8187,0.1106,0.1301,0.8495,0.3956,0.9341
Amigo2,Amigo2,134.4068,-0.0574,0.1531,-0.3746,0.708,0.9745
Amigo3,Amigo3,124.0788,-0.1611,0.2033,-0.7928,0.4279,0.9437
Ammecr1,Ammecr1,709.7811,-0.0802,0.1747,-0.4592,0.6461,0.9684
Ammecr1l,Ammecr1l,2765.6764,0.0125,0.0533,0.235,0.8142,0.9889
Amn,Amn,3.8488,0.0119,0.8467,0.0141,0.9888,
Amn1,Amn1,501.0077,-0.1541,0.0863,-1.7854,0.0742,0.7682
Amot,Amot,1728.6739,0.1451,0.0601,2.4159,0.0157,0.5717
Amotl1,Amotl1,4413.657,0.0058,0.0509,0.1136,0.9095,0.9941
Amotl2,Amotl2,8663.0387,0.0672,0.0879,0.764,0.4449,0.9455
Ampd1,Ampd1,19.1017,-0.2205,0.3141,-0.7021,0.4826,
Ampd2,Ampd2,2079.7054,0.0617,0.0706,0.8735,0.3824,0.9315
Ampd3,Ampd3,1564.884,0.0553,0.1442,0.3839,0.7011,0.9737
Amt,Amt,118.5717,0.3503,0.2192,1.5982,0.11,0.8094
Amy1,Amy1,43.027,-0.2005,0.2746,-0.7302,0.4653,0.9483
Amz1,Amz1,27.2931,0.3526,0.3569,0.988,0.3231,0.9197
Amz2,Amz2,1630.5334,-0.0853,0.0549,-1.5533,0.1204,0.8127
Anapc1,Anapc1,7708.559,0.0226,0.0602,0.3751,0.7076,0.9745
Anapc10,Anapc10,1264.7611,0.0713,0.0764,0.9334,0.3506,0.9271
Anapc11,Anapc11,1472.3104,-0.0729,0.0868,-0.8393,0.4013,0.9365
Anapc13,Anapc13,624.595,-0.1097,0.0892,-1.2293,0.219,0.8877
Anapc15,Anapc15,314.3971,-0.0757,0.1281,-0.5911,0.5545,0.9571
Anapc16,Anapc16,1907.8679,-0.101,0.0579,-1.7437,0.0812,0.7744
Anapc2,Anapc2,5507.9247,-0.0331,0.0481,-0.6881,0.4914,0.9515
Anapc4,Anapc4,3592.1808,0.0559,0.0545,1.0254,0.3052,0.9164
Anapc5,Anapc5,8838.1862,-0.0523,0.0497,-1.0516,0.293,0.91
Anapc7,Anapc7,2489.2646,-0.0543,0.0765,-0.7105,0.4774,0.949
Ang,Ang,44.8804,0.4517,0.2294,1.9686,0.049,0.7227
Ang2,Ang2,7.3337,0.0072,0.5267,0.0136,0.9892,
Ang4,Ang4,0.6703,-0.0616,1.9815,-0.0311,0.9752,
Angel1,Angel1,260.6957,0.0051,0.1263,0.0401,0.968,0.9974
Angel2,Angel2,1703.8893,0.0339,0.0571,0.5929,0.5533,0.9571
Angpt1,Angpt1,3886.122,0.3276,0.1171,2.7975,0.0052,0.3918
Angpt2,Angpt2,46.9558,0.1651,0.2105,0.7845,0.4328,0.9453
Angpt4,Angpt4,893.4762,-0.1416,0.172,-0.8229,0.4106,0.9377
Angptl1,Angptl1,1.538,1.4059,1.4796,0.9501,0.342,
Angptl2,Angptl2,11646.214,-0.0858,0.0724,-1.1847,0.2361,0.8923
Angptl3,Angptl3,0.3902,-0.9393,2.4486,-0.3836,0.7013,
Angptl4,Angptl4,8676.1153,0.3479,0.1162,2.9945,0.0027,0.3404
Angptl6,Angptl6,49.0264,-0.3712,0.221,-1.6794,0.0931,0.7872
Angptl7,Angptl7,99.8427,1.0714,0.6381,1.679,0.0932,0.7872
Ank,Ank,13917.74,0.1963,0.1168,1.6817,0.0926,0.7872
Ank1,Ank1,1965.4171,-0.0259,0.1049,-0.2473,0.8047,0.9874
Ank2,Ank2,257.3928,0.0138,0.1659,0.0831,0.9338,0.9964
Ank3,Ank3,1354.5277,-0.0415,0.1134,-0.366,0.7143,0.9766
Ankdd1b,Ankdd1b,77.939,0.2351,0.1728,1.3608,0.1736,0.8614
Ankef1,Ankef1,0.3838,-1.8789,2.4405,-0.7699,0.4414,
Ankfn1,Ankfn1,0.4735,2.4099,2.3363,1.0315,0.3023,
Ankfy1,Ankfy1,3803.2201,0.062,0.0526,1.1794,0.2382,0.8923
Ankhd1,Ankhd1,1604.8284,0.0393,0.1397,0.2815,0.7783,0.985
Ankib1,Ankib1,1743.7038,0.0184,0.1084,0.1697,0.8652,0.9906
Ankk1,Ankk1,0.768,-0.4498,1.8982,-0.237,0.8127,
Ankle1,Ankle1,85.6841,-0.1884,0.1994,-0.9447,0.3448,0.9246
Ankle2,Ankle2,1878.9365,0.1495,0.0675,2.2146,0.0268,0.6374
Ankmy1,Ankmy1,45.3587,-0.2315,0.2172,-1.0655,0.2866,0.9079
Ankmy2,Ankmy2,741.5161,-0.0591,0.0608,-0.972,0.3311,0.9201
Ankra2,Ankra2,737.0227,0.0445,0.0758,0.5867,0.5574,0.9579
Ankrd1,Ankrd1,13883.7948,-0.128,0.1342,-0.9533,0.3404,0.9244
Ankrd10,Ankrd10,3519.3274,-0.0112,0.0764,-0.1466,0.8835,0.9914
Ankrd11,Ankrd11,3112.1012,0.1352,0.0709,1.9075,0.0565,0.744
Ankrd12,Ankrd12,208.5745,0.2704,0.1719,1.5727,0.1158,0.8127
Ankrd13a,Ankrd13a,2966.4491,-0.05,0.0587,-0.8507,0.3949,0.9341
Ankrd13b,Ankrd13b,1459.9444,-0.0995,0.0811,-1.2278,0.2195,0.8877
Ankrd13c,Ankrd13c,1201.1785,0.0122,0.0855,0.1424,0.8868,0.9917
Ankrd13d,Ankrd13d,161.538,-0.0818,0.1304,-0.6278,0.5301,0.9568
Ankrd16,Ankrd16,364.4832,0.1261,0.1118,1.128,0.2593,0.8968
Ankrd17,Ankrd17,4471.928,0.1227,0.1073,1.1427,0.2532,0.893
Ankrd2,Ankrd2,685.9042,-0.2655,0.1165,-2.2784,0.0227,0.6144
Ankrd23,Ankrd23,1142.63,-0.3973,0.1947,-2.0399,0.0414,0.7111
Ankrd24,Ankrd24,163.6525,0.0308,0.1459,0.2108,0.833,0.9906
Ankrd26,Ankrd26,145.4557,0.2664,0.1545,1.7246,0.0846,0.7762
Ankrd27,Ankrd27,1126.3243,0.0843,0.0992,0.8499,0.3954,0.9341
Ankrd28,Ankrd28,2041.1305,0.2001,0.1185,1.6889,0.0912,0.7855
Ankrd29,Ankrd29,105.301,0.141,0.2594,0.5438,0.5866,0.964
Ankrd32,Ankrd32,420.0931,0.0189,0.1636,0.1154,0.9081,0.9939
Ankrd33b,Ankrd33b,848.4699,0.1124,0.115,0.9775,0.3283,0.9197
Ankrd34a,Ankrd34a,115.6958,0.2011,0.2558,0.7861,0.4318,0.9453
Ankrd35,Ankrd35,35.9359,0.1562,0.2502,0.624,0.5326,0.9571
Ankrd37,Ankrd37,174.1858,-0.5358,0.1914,-2.7998,0.0051,0.3918
Ankrd39,Ankrd39,262.7844,0.244,0.1536,1.5893,0.112,0.8127
Ankrd40,Ankrd40,4346.3219,-0.0107,0.0536,-0.1997,0.8417,0.9906
Ankrd42,Ankrd42,89.4639,-0.016,0.1929,-0.0829,0.9339,0.9964
Ankrd44,Ankrd44,636.318,0.0462,0.1147,0.4027,0.6872,0.9717
Ankrd45,Ankrd45,3.7471,0.9347,0.7696,1.2144,0.2246,
Ankrd46,Ankrd46,4303.7307,0.0134,0.0639,0.2099,0.8338,0.9906
Ankrd49,Ankrd49,338.9389,0.1186,0.1299,0.9131,0.3612,0.9295
Ankrd50,Ankrd50,1668.3154,0.0405,0.0739,0.5475,0.584,0.964
Ankrd52,Ankrd52,2730.6484,0.0122,0.0574,0.2133,0.8311,0.9906
Ankrd53,Ankrd53,6.3468,0.09,0.5503,0.1636,0.8701,
Ankrd54,Ankrd54,830.3043,-0.0422,0.0845,-0.4992,0.6176,0.966
Ankrd55,Ankrd55,50.8367,0.1163,0.2959,0.3929,0.6944,0.9731
Ankrd6,Ankrd6,163.7603,0.0467,0.1418,0.3292,0.742,0.983
Ankrd61,Ankrd61,10.6887,0.6,0.4495,1.3348,0.1819,
Ankrd63,Ankrd63,1.2495,-1.4051,1.7506,-0.8026,0.4222,
Ankrd66,Ankrd66,4.1466,-0.0556,0.6744,-0.0825,0.9343,
Ankrd9,Ankrd9,215.7688,-0.1307,0.1138,-1.149,0.2505,0.8923
Anks1,Anks1,728.9797,-0.1336,0.0893,-1.4961,0.1346,0.826
Anks1b,Anks1b,1.6511,-0.0674,1.0885,-0.0619,0.9506,
Anks3,Anks3,992.3163,0.139,0.0997,1.3953,0.1629,0.8598
Anks6,Anks6,203.2858,-0.0582,0.1249,-0.4657,0.6414,0.9684
Ankzf1,Ankzf1,583.5139,0.0254,0.0855,0.2972,0.7663,0.985
Anln,Anln,3182.1963,-0.1453,0.1628,-0.8929,0.3719,0.9295
Ano1,Ano1,330.395,0.1694,0.1117,1.5171,0.1292,0.8225
Ano10,Ano10,3250.3681,-0.0015,0.0632,-0.023,0.9817,0.9984
Ano3,Ano3,5.0348,-0.1849,0.7189,-0.2572,0.7971,
Ano5,Ano5,823.4715,-0.2196,0.1891,-1.1611,0.2456,0.8923
Ano6,Ano6,6479.0669,-0.0046,0.0523,-0.087,0.9306,0.9957
Ano7,Ano7,0.382,0.9683,2.4741,0.3914,0.6955,
Ano8,Ano8,1589.5971,-0.1596,0.0934,-1.7087,0.0875,0.7808
Anp32a,Anp32a,3699.5196,0.0592,0.0831,0.7123,0.4763,0.949
Anp32b,Anp32b,6837.8473,0.0272,0.0993,0.2743,0.7838,0.985
Anp32e,Anp32e,6538.2992,-0.0306,0.0775,-0.3944,0.6933,0.9731
Anpep,Anpep,2875.1863,0.0301,0.1663,0.1811,0.8563,0.9906
Antxr1,Antxr1,3742.931,0.0755,0.0783,0.9644,0.3349,0.9207
Antxr2,Antxr2,2752.4176,-0.0819,0.0887,-0.9233,0.3559,0.9295
Antxrl,Antxrl,0.4815,-0.9428,2.3266,-0.4052,0.6853,
Anxa1,Anxa1,17798.6258,0.0041,0.0535,0.0759,0.9395,0.9971
Anxa11,Anxa11,1982.1097,-0.1643,0.0831,-1.9766,0.0481,0.7227
Anxa13,Anxa13,5.108,-0.2427,0.6483,-0.3744,0.7081,
Anxa2,Anxa2,32911.4227,-0.1121,0.056,-2.0003,0.0455,0.7227
Anxa3,Anxa3,5460.7145,-0.1617,0.0734,-2.2026,0.0276,0.6379
Anxa4,Anxa4,7816.9385,-0.0514,0.0577,-0.891,0.3729,0.9295
Anxa5,Anxa5,13695.4196,-0.0796,0.0514,-1.5482,0.1216,0.8127
Anxa6,Anxa6,27024.0832,-0.1494,0.0597,-2.5023,0.0123,0.5308
Anxa7,Anxa7,6696.8816,-0.0475,0.0894,-0.5313,0.5952,0.964
Anxa8,Anxa8,4930.3545,-0.4088,0.1149,-3.5578,0.0004,0.1659
Anxa9,Anxa9,93.0872,0.1368,0.1742,0.7851,0.4324,0.9453
Aoc1,Aoc1,0.3815,0.9683,2.475,0.3913,0.6956,
Aoc2,Aoc2,57.0472,-0.1539,0.2119,-0.7261,0.4678,0.9483
Aoc3,Aoc3,795.8773,0.0787,0.1519,0.5178,0.6046,0.966
Aox1,Aox1,1056.6714,0.358,0.1289,2.7765,0.0055,0.4039
Aox2,Aox2,3.2651,0.2556,0.7526,0.3396,0.7342,
Aox3,Aox3,28.9134,0.3581,1.001,0.3578,0.7205,0.9788
Aox4,Aox4,0.3836,-0.5409,2.5059,-0.2158,0.8291,
Ap1ar,Ap1ar,1345.3353,0.1101,0.068,1.6182,0.1056,0.8
Ap1b1,Ap1b1,4733.3547,-0.0268,0.0601,-0.4466,0.6551,0.9687
Ap1g1,Ap1g1,2864.2473,0.0262,0.0636,0.4123,0.6802,0.9717
Ap1g2,Ap1g2,159.3153,-0.2808,0.1372,-2.0457,0.0408,0.7111
Ap1m1,Ap1m1,2404.633,-0.0392,0.0621,-0.6306,0.5283,0.9567
Ap1s1,Ap1s1,3266.9346,-0.1141,0.0611,-1.8654,0.0621,0.7549
Ap1s2,Ap1s2,1319.5956,0.067,0.1149,0.583,0.5599,0.9579
Ap1s3,Ap1s3,53.6552,0.1202,0.2547,0.4721,0.6369,0.9681
Ap2a1,Ap2a1,3343.3962,-0.0616,0.0539,-1.1416,0.2536,0.893
Ap2a2,Ap2a2,5403.7595,-0.0363,0.0518,-0.7009,0.4834,0.9515
Ap2b1,Ap2b1,8113.7952,-0.0356,0.0516,-0.6905,0.4899,0.9515
Ap2m1,Ap2m1,10682.0749,0.028,0.0992,0.2819,0.778,0.985
Ap2s1,Ap2s1,1842.062,-0.0305,0.0616,-0.4951,0.6205,0.966
Ap3b1,Ap3b1,2654.8355,0.0328,0.0608,0.5391,0.5898,0.964
Ap3b2,Ap3b2,0.3846,-1.8819,2.44,-0.7713,0.4405,
Ap3d1,Ap3d1,4785.917,-0.0456,0.0557,-0.8201,0.4122,0.9392
Ap3m1,Ap3m1,2345.6999,0.0405,0.0796,0.5082,0.6113,0.966
Ap3m2,Ap3m2,696.2295,0.0312,0.0628,0.4973,0.619,0.966
Ap3s1,Ap3s1,3316.0555,-0.0384,0.0783,-0.4898,0.6243,0.9673
Ap3s2,Ap3s2,1643.5291,-0.0047,0.0621,-0.0763,0.9392,0.9971
Ap4b1,Ap4b1,761.0132,0.0141,0.0769,0.1834,0.8545,0.9906
Ap4e1,Ap4e1,769.2501,0.0112,0.1705,0.0656,0.9477,0.9974
Ap4m1,Ap4m1,400.0928,-0.1127,0.0818,-1.3768,0.1686,0.8614
Ap4s1,Ap4s1,323.9325,0.0457,0.1101,0.4147,0.6784,0.9717
Ap5b1,Ap5b1,183.1828,0.0133,0.1535,0.0865,0.9311,0.9957
Ap5m1,Ap5m1,332.6737,-0.1225,0.1441,-0.8503,0.3952,0.9341
Ap5s1,Ap5s1,593.5894,-0.0076,0.1208,-0.063,0.9498,0.9974
Ap5z1,Ap5z1,395.7649,-0.1417,0.1239,-1.1438,0.2527,0.893
Apaf1,Apaf1,1120.3064,0.0432,0.0838,0.5154,0.6063,0.966
Apba1,Apba1,73.8094,-0.1779,0.2364,-0.7524,0.4518,0.946
Apba3,Apba3,1759.7742,-0.1088,0.0914,-1.1902,0.234,0.8923
Apbb1,Apbb1,1546.5,-0.0238,0.0924,-0.2574,0.7969,0.9871
Apbb1ip,Apbb1ip,1749.6451,0.2965,0.1146,2.5867,0.0097,0.4918
Apbb2,Apbb2,2657.8371,0.0491,0.0693,0.7079,0.479,0.9498
Apbb3,Apbb3,362.3597,-0.0654,0.1049,-0.6234,0.533,0.9571
Apc,Apc,1078.8643,0.0258,0.1934,0.1334,0.8939,0.9923
Apc2,Apc2,109.1398,-0.0306,0.1985,-0.1541,0.8775,0.9914
Apcdd1,Apcdd1,186.1075,-0.1168,0.2643,-0.4421,0.6584,0.97
Apeh,Apeh,1969.6752,-0.1155,0.061,-1.8941,0.0582,0.7485
Apex1,Apex1,592.8847,0.0951,0.1856,0.5126,0.6082,0.966
Apex2,Apex2,330.0252,-0.1166,0.1285,-0.9072,0.3643,0.9295
Aph1a,Aph1a,2340.7469,0.1171,0.2262,0.5175,0.6048,0.966
Aph1b,Aph1b,696.8314,0.0751,0.0827,0.9077,0.364,0.9295
Aph1c,Aph1c,75.3329,0.0142,0.166,0.0853,0.932,0.9957
Api5,Api5,6279.2343,0.1108,0.063,1.7595,0.0785,0.7682
Apip,Apip,509.8865,-0.0361,0.0798,-0.4519,0.6513,0.9684
Apitd1,Apitd1,183.3517,-0.1694,0.1558,-1.0875,0.2768,0.9074
Aplf,Aplf,500.208,0.1574,0.0786,2.0014,0.0454,0.7227
Apln,Apln,800.6301,-0.5685,0.3538,-1.6067,0.1081,0.8038
Aplnr,Aplnr,65.3286,0.06,0.3018,0.1989,0.8424,0.9906
Aplp1,Aplp1,739.789,-0.0631,0.0952,-0.6628,0.5074,0.9528
Aplp2,Aplp2,9286.5,0.2022,0.1015,1.992,0.0464,0.7227
Apmap,Apmap,1728.3249,-0.03,0.0728,-0.4118,0.6805,0.9717
Apoa1,Apoa1,1.8518,-0.4488,1.1662,-0.3848,0.7004,
Apoa1bp,Apoa1bp,1820.878,0.0268,0.0886,0.3025,0.7623,0.9849
Apoa2,Apoa2,1.7252,1.585,1.3157,1.2046,0.2283,
Apoa4,Apoa4,0.4823,0.2778,2.3926,0.1161,0.9076,
Apoa5,Apoa5,2.3157,1.4457,0.9328,1.5498,0.1212,
Apob,Apob,2.8848,-0.2463,0.9176,-0.2684,0.7884,
Apobec1,Apobec1,466.5817,0.2917,0.1478,1.973,0.0485,0.7227
Apobec2,Apobec2,1376.0913,-0.2574,0.13,-1.9804,0.0477,0.7227
Apobec3,Apobec3,858.7895,-0.1188,0.0968,-1.2275,0.2196,0.8877
Apobr,Apobr,119.4523,0.1205,0.1445,0.8336,0.4045,0.9365
Apoc1,Apoc1,8.0209,0.6841,0.6621,1.0332,0.3015,
Apod,Apod,86.1804,-0.2453,0.1839,-1.3342,0.1821,0.8711
Apoe,Apoe,858.6139,-0.1843,0.1685,-1.0938,0.274,0.9045
Apof,Apof,2.2308,0.1628,0.9403,0.1732,0.8625,
Apoh,Apoh,15.8965,0.1154,0.3491,0.3306,0.741,
Apol10a,Apol10a,3.2953,1.4221,1.7675,0.8045,0.4211,
Apol10b,Apol10b,673.6548,0.1326,0.1552,0.8542,0.393,0.9341
Apol11b,Apol11b,13.0231,0.6143,0.5015,1.2249,0.2206,
Apol6,Apol6,125.8904,-0.0158,0.2563,-0.0617,0.9508,0.9974
Apol7a,Apol7a,20.6278,-0.339,0.3351,-1.0117,0.3117,0.9173
Apol7d,Apol7d,7.3038,0.402,0.5531,0.7268,0.4674,
Apol8,Apol8,26.1878,0.0775,0.3227,0.2403,0.8101,0.9885
Apol9a,Apol9a,329.4579,-0.3718,0.319,-1.1655,0.2438,0.8923
Apol9b,Apol9b,410.6129,-0.5463,0.3021,-1.8083,0.0706,0.7617
Apold1,Apold1,13.5413,0.5672,0.4467,1.2698,0.2042,
Apom,Apom,5.0969,0.6308,0.8446,0.7468,0.4552,
Apon,Apon,3.1829,-0.8738,0.8082,-1.0811,0.2797,
Apoo,Apoo,134.1606,0.025,0.5601,0.0446,0.9644,0.9974
Apool,Apool,982.0237,-0.1068,0.0705,-1.5144,0.1299,0.8232
Apopt1,Apopt1,958.5089,0.0912,0.1084,0.842,0.3998,0.9354
App,App,24031.8493,-0.0072,0.0466,-0.1551,0.8768,0.9914
Appbp2,Appbp2,980.473,0.0164,0.0698,0.235,0.8142,0.9889
Appbp2os,Appbp2os,3.3758,0.2643,0.9544,0.2769,0.7819,
Appl1,Appl1,1357.7159,-0.0181,0.188,-0.096,0.9235,0.9957
Appl2,Appl2,1312.7699,0.1129,0.1044,1.0811,0.2797,0.9074
Aprt,Aprt,2169.3779,0.0237,0.0898,0.2643,0.7915,0.9865
Aptx,Aptx,941.235,-0.0154,0.0995,-0.155,0.8768,0.9914
Aqp1,Aqp1,2569.9331,-0.1884,0.133,-1.416,0.1568,0.8517
Aqp11,Aqp11,13.962,0.0209,0.3934,0.0532,0.9576,
Aqp2,Aqp2,7.2491,0.3181,0.6551,0.4856,0.6273,
Aqp3,Aqp3,0.6692,0.9329,1.7817,0.5236,0.6006,
Aqp5,Aqp5,5932.3399,-0.0435,0.0685,-0.6355,0.5251,0.956
Aqp7,Aqp7,0.769,0.1362,1.586,0.0858,0.9316,
Aqp9,Aqp9,0.9655,1.0287,1.5544,0.6618,0.5081,
Aqr,Aqr,2490.8871,0.0003,0.048,0.0063,0.995,0.9993
Ar,Ar,83.9839,-0.3145,0.3532,-0.8905,0.3732,0.9295
Araf,Araf,2789.9931,-0.0201,0.0497,-0.4051,0.6854,0.9717
Arap1,Arap1,1718.1624,-0.0961,0.0546,-1.7594,0.0785,0.7682
Arap2,Arap2,46.0414,-0.0271,0.2738,-0.0991,0.9211,0.9957
Arap3,Arap3,126.1117,-0.1315,0.1416,-0.9283,0.3533,0.9275
Arc,Arc,81.4343,-0.0095,0.2487,-0.038,0.9697,0.9974
Arcn1,Arcn1,11286.288,0.0532,0.0563,0.9456,0.3444,0.9246
Areg,Areg,93.5131,-0.087,0.2263,-0.3846,0.7005,0.9737
Arel1,Arel1,2079.1518,0.0156,0.0532,0.2925,0.7699,0.985
Arf1,Arf1,19013.8024,-0.0686,0.0499,-1.3743,0.1694,0.8614
Arf2,Arf2,3569.0194,-0.0845,0.0536,-1.5755,0.1152,0.8127
Arf3,Arf3,8061.3792,-0.0062,0.0585,-0.1057,0.9158,0.995
Arf4,Arf4,15269.7504,-0.0219,0.0522,-0.4191,0.6752,0.9711
Arf5,Arf5,2902.6927,-0.0087,0.07,-0.1243,0.9011,0.9934
Arf6,Arf6,4026.7785,-0.0179,0.0783,-0.2289,0.8189,0.9892
Arfgap1,Arfgap1,3165.4699,-0.0093,0.0456,-0.2031,0.8391,0.9906
Arfgap2,Arfgap2,3604.8949,-0.0457,0.0509,-0.8975,0.3695,0.9295
Arfgap3,Arfgap3,5174.6721,-0.0325,0.0683,-0.4758,0.6342,0.9681
Arfgef1,Arfgef1,1796.261,0.0659,0.1588,0.4152,0.678,0.9717
Arfgef2,Arfgef2,2061.6114,0.1328,0.0853,1.5572,0.1194,0.8127
Arfgef3,Arfgef3,0.6706,-0.3878,1.7668,-0.2195,0.8263,
Arfip1,Arfip1,3645.3297,0.0476,0.0989,0.481,0.6306,0.9681
Arfip2,Arfip2,1614.5615,-0.0418,0.06,-0.6971,0.4857,0.9515
Arfrp1,Arfrp1,1031.6213,0.0101,0.0768,0.1315,0.8954,0.9927
Arg1,Arg1,6.8668,1.1405,0.6469,1.763,0.0779,
Arg2,Arg2,2.4097,0.1659,0.9082,0.1827,0.8551,
Arglu1,Arglu1,1455.8995,0.1346,0.0694,1.9406,0.0523,0.7276
Arhgap1,Arhgap1,4809.7583,0.0228,0.086,0.2654,0.7907,0.9865
Arhgap10,Arhgap10,2235.108,0.0448,0.0738,0.6065,0.5442,0.9571
Arhgap11a,Arhgap11a,1536.6548,-0.1987,0.1576,-1.2605,0.2075,0.8874
Arhgap12,Arhgap12,768.2414,0.0783,0.1335,0.5861,0.5578,0.9579
Arhgap17,Arhgap17,1022.5666,-0.0965,0.0638,-1.5116,0.1306,0.8249
Arhgap18,Arhgap18,544.844,0.0247,0.152,0.1628,0.8707,0.9906
Arhgap19,Arhgap19,429.6741,-0.1851,0.0955,-1.9389,0.0525,0.7288
Arhgap20,Arhgap20,1.3533,-0.1835,1.1618,-0.158,0.8745,
Arhgap20os,Arhgap20os,0.2933,0.8438,2.6273,0.3212,0.7481,
Arhgap21,Arhgap21,2754.1299,0.1434,0.0858,1.6712,0.0947,0.7876
Arhgap22,Arhgap22,2158.7463,-0.1498,0.0994,-1.5077,0.1316,0.826
Arhgap23,Arhgap23,3218.2433,0.1103,0.0488,2.2599,0.0238,0.624
Arhgap24,Arhgap24,1200.9323,-0.0786,0.0554,-1.4173,0.1564,0.8517
Arhgap25,Arhgap25,0.9642,0.1211,1.4416,0.084,0.933,
Arhgap26,Arhgap26,54.9152,0.4361,0.2404,1.8141,0.0697,0.7617
Arhgap27,Arhgap27,12.3425,-0.8209,0.4131,-1.987,0.0469,
Arhgap28,Arhgap28,2487.9993,0.0429,0.0978,0.4381,0.6613,0.9702
Arhgap29,Arhgap29,2489.8777,-0.156,0.1887,-0.8271,0.4082,0.9376
Arhgap30,Arhgap30,0.9687,-0.0802,1.4085,-0.057,0.9546,
Arhgap31,Arhgap31,2028.3065,0.0003,0.0778,0.0035,0.9972,0.9995
Arhgap32,Arhgap32,603.1518,-0.0147,0.1116,-0.1316,0.8953,0.9927
Arhgap33,Arhgap33,130.9069,-0.158,0.1717,-0.9199,0.3576,0.9295
Arhgap35,Arhgap35,3976.2549,0.0042,0.0591,0.0712,0.9432,0.9971
Arhgap39,Arhgap39,672.7173,-0.0541,0.0679,-0.7961,0.426,0.9422
Arhgap4,Arhgap4,8.969,-0.008,0.4529,-0.0176,0.986,
Arhgap42,Arhgap42,2467.1432,0.1426,0.1019,1.3996,0.1616,0.8576
Arhgap44,Arhgap44,335.354,-0.2473,0.1427,-1.7335,0.083,0.7755
Arhgap5,Arhgap5,668.0879,0.4216,0.1932,2.1824,0.0291,0.641
Arhgap6,Arhgap6,12.3769,-0.5172,0.501,-1.0323,0.3019,
Arhgap8,Arhgap8,0.5816,-0.2348,1.9716,-0.1191,0.9052,
Arhgap9,Arhgap9,9.4662,0.068,0.5269,0.129,0.8973,
Arhgdia,Arhgdia,23287.3128,-0.1256,0.0385,-3.2621,0.0011,0.2398
Arhgdib,Arhgdib,3689.4944,0.1584,0.1167,1.3577,0.1746,0.8614
Arhgdig,Arhgdig,114.0689,-0.4078,0.1602,-2.5454,0.0109,0.5073
Arhgef1,Arhgef1,2249.9496,-0.1114,0.0524,-2.1276,0.0334,0.6642
Arhgef10,Arhgef10,2802.1242,0.0255,0.0727,0.35,0.7263,0.9796
Arhgef10l,Arhgef10l,2221.5011,-0.0679,0.1042,-0.6518,0.5145,0.9548
Arhgef11,Arhgef11,1395.5316,0.0702,0.0766,0.9168,0.3592,0.9295
Arhgef12,Arhgef12,3891.3705,0.0754,0.1011,0.7459,0.4558,0.9483
Arhgef15,Arhgef15,17.3309,0.3596,0.454,0.7922,0.4283,
Arhgef16,Arhgef16,0.6676,0.0101,2.2885,0.0044,0.9965,
Arhgef17,Arhgef17,5295.507,0.0259,0.0565,0.4581,0.6469,0.9684
Arhgef18,Arhgef18,1476.2645,0.0354,0.0619,0.5717,0.5675,0.9592
Arhgef19,Arhgef19,2477.0833,-0.0573,0.0615,-0.9323,0.3512,0.9271
Arhgef2,Arhgef2,13452.7406,-0.0876,0.0482,-1.8179,0.0691,0.7617
Arhgef25,Arhgef25,2630.6607,0.0132,0.0515,0.2564,0.7976,0.9871
Arhgef26,Arhgef26,249.604,-0.2372,0.1388,-1.7086,0.0875,0.7808
Arhgef28,Arhgef28,26.4975,-0.4202,0.2694,-1.5596,0.1189,0.8127
Arhgef3,Arhgef3,338.8025,-0.1066,0.1253,-0.8506,0.395,0.9341
Arhgef33,Arhgef33,0.8638,-0.7636,1.8626,-0.4099,0.6818,
Arhgef37,Arhgef37,91.5848,-0.0671,0.204,-0.3292,0.742,0.983
Arhgef39,Arhgef39,190.0237,-0.2642,0.1672,-1.5806,0.114,0.8127
Arhgef4,Arhgef4,67.5076,0.4615,0.2452,1.8825,0.0598,0.749
Arhgef40,Arhgef40,5086.0703,0.06,0.0568,1.0568,0.2906,0.9079
Arhgef5,Arhgef5,2635.8714,-0.0172,0.0542,-0.3178,0.7507,0.9843
Arhgef6,Arhgef6,195.6613,0.2836,0.1481,1.9147,0.0555,0.743
Arhgef7,Arhgef7,2114.0933,-0.0237,0.0507,-0.4669,0.6405,0.9681
Arhgef9,Arhgef9,583.6944,0.1787,0.0965,1.8523,0.064,0.7562
Arid1a,Arid1a,3152.1888,0.0327,0.064,0.5106,0.6097,0.966
Arid1b,Arid1b,1800.7483,0.0928,0.0864,1.074,0.2828,0.9074
Arid2,Arid2,1946.3221,0.0682,0.1391,0.4905,0.6238,0.9673
Arid3a,Arid3a,329.4139,0.194,0.1278,1.5186,0.1289,0.8225
Arid3b,Arid3b,99.3526,-0.1571,0.1577,-0.9961,0.3192,0.9182
Arid3c,Arid3c,0.569,2.7116,2.197,1.2342,0.2171,
Arid4a,Arid4a,426.2943,0.1978,0.196,1.0093,0.3128,0.9173
Arid4b,Arid4b,449.2239,0.2582,0.1556,1.6595,0.097,0.7886
Arid5a,Arid5a,1132.3626,-0.2284,0.1135,-2.0126,0.0442,0.7227
Arid5b,Arid5b,1600.4292,0.2226,0.1279,1.7401,0.0818,0.7744
Arih1,Arih1,4016.2677,0.0488,0.0852,0.5727,0.5668,0.9592
Arih2,Arih2,2852.3398,-0.0324,0.0603,-0.5371,0.5912,0.964
Arl1,Arl1,6175.4643,0.0851,0.0639,1.3322,0.1828,0.8711
Arl10,Arl10,239.5927,-0.0235,0.1026,-0.229,0.8189,0.9892
Arl13a,Arl13a,0.6761,1.1266,1.705,0.6607,0.5088,
Arl13b,Arl13b,665.9287,0.0622,0.113,0.5509,0.5817,0.9637
Arl14ep,Arl14ep,1507.1676,0.1866,0.1186,1.5732,0.1157,0.8127
Arl14epl,Arl14epl,8.6084,0.0907,0.4997,0.1815,0.856,
Arl15,Arl15,945.4549,-0.0532,0.0651,-0.8172,0.4138,0.9399
Arl16,Arl16,430.8039,-0.0967,0.1048,-0.9234,0.3558,0.9295
Arl2,Arl2,1653.1542,-0.0495,0.073,-0.6777,0.498,0.9515
Arl2bp,Arl2bp,6466.0116,-0.0428,0.0656,-0.6526,0.514,0.9548
Arl3,Arl3,1169.0756,-0.0749,0.0578,-1.2959,0.195,0.8802
Arl4a,Arl4a,255.6749,-0.0363,0.1529,-0.2371,0.8126,0.9886
Arl4c,Arl4c,2523.9441,-0.1014,0.1271,-0.7983,0.4247,0.9422
Arl4d,Arl4d,231.9589,0.4124,0.213,1.9362,0.0528,0.7301
Arl5a,Arl5a,1842.9099,0.1052,0.1152,0.9132,0.3611,0.9295
Arl5b,Arl5b,310.9723,0.1065,0.1635,0.6517,0.5146,0.9548
Arl5c,Arl5c,135.7658,-0.0584,0.1731,-0.3375,0.7357,0.9807
Arl6,Arl6,568.6079,-0.0659,0.0858,-0.7675,0.4428,0.9455
Arl6ip1,Arl6ip1,4372.2946,-0.107,0.0921,-1.1621,0.2452,0.8923
Arl6ip4,Arl6ip4,1194.5736,0.03,0.1018,0.2948,0.7682,0.985
Arl6ip5,Arl6ip5,18300.2994,-0.0595,0.0877,-0.6787,0.4974,0.9515
Arl6ip6,Arl6ip6,759.7296,-0.0123,0.1057,-0.1167,0.9071,0.9939
Arl8a,Arl8a,2709.5209,-0.081,0.0728,-1.1117,0.2663,0.8981
Arl8b,Arl8b,3942.7475,-0.0527,0.0451,-1.1697,0.2421,0.8923
Arl9,Arl9,0.9549,1.6389,1.529,1.0718,0.2838,
Armc1,Armc1,1936.7244,0.0226,0.0557,0.4066,0.6843,0.9717
Armc10,Armc10,918.0472,0.0163,0.0617,0.2646,0.7914,0.9865
Armc2,Armc2,46.5673,0.0824,0.215,0.3834,0.7014,0.9737
Armc5,Armc5,593.3691,-0.1063,0.1088,-0.977,0.3286,0.9197
Armc6,Armc6,999.1548,0.0113,0.0753,0.1498,0.8809,0.9914
Armc7,Armc7,218.1869,-0.0874,0.1562,-0.5599,0.5756,0.9618
Armc8,Armc8,1088.4511,0.0457,0.0965,0.4733,0.636,0.9681
Armc9,Armc9,566.305,-0.0299,0.075,-0.3989,0.69,0.9723
Armcx1,Armcx1,868.8537,0.0362,0.078,0.4633,0.6431,0.9684
Armcx2,Armcx2,4301.2584,0.0295,0.0695,0.4249,0.6709,0.9702
Armcx3,Armcx3,1554.0593,0.0166,0.0922,0.1797,0.8574,0.9906
Armcx4,Armcx4,1198.8491,0.1443,0.0927,1.5573,0.1194,0.8127
Armcx5,Armcx5,248.4741,0.0756,0.1,0.7565,0.4493,0.9455
Armcx6,Armcx6,291.9721,-0.0545,0.1201,-0.4533,0.6503,0.9684
Armt1,Armt1,1155.6477,0.0214,0.0624,0.3433,0.7313,0.98
Arnt,Arnt,3476.076,0.0019,0.0457,0.0418,0.9667,0.9974
Arnt2,Arnt2,647.097,0.1033,0.076,1.3602,0.1738,0.8614
Arntl,Arntl,1073.9804,-0.148,0.0985,-1.502,0.1331,0.826
Arntl2,Arntl2,148.9922,-0.0426,0.1678,-0.2539,0.7996,0.9871
Arpc1a,Arpc1a,2540.8356,-0.0286,0.0511,-0.5597,0.5757,0.9618
Arpc1b,Arpc1b,9104.8755,0.0108,0.0515,0.2105,0.8333,0.9906
Arpc2,Arpc2,10877.8238,-0.0225,0.0758,-0.2965,0.7669,0.985
Arpc3,Arpc3,3931.1174,-0.0827,0.064,-1.2915,0.1965,0.8806
Arpc4,Arpc4,4296.1376,-0.0628,0.0699,-0.8988,0.3687,0.9295
Arpc5,Arpc5,6949.1049,0.0356,0.0859,0.4145,0.6785,0.9717
Arpc5l,Arpc5l,1860.359,-0.089,0.0735,-1.2115,0.2257,0.8895
Arpin,Arpin,1115.3813,-0.0925,0.0704,-1.3125,0.1894,0.874
Arpp19,Arpp19,2659.4822,-0.0541,0.0718,-0.7532,0.4513,0.9455
Arpp21,Arpp21,844.3336,-0.1592,0.1838,-0.866,0.3865,0.9324
Arr3,Arr3,0.8652,2.4584,1.5769,1.559,0.119,
Arrb1,Arrb1,874.7451,0.0364,0.0736,0.4949,0.6207,0.966
Arrb2,Arrb2,545.0945,-0.1715,0.0722,-2.3766,0.0175,0.582
Arrdc1,Arrdc1,205.0847,0.0141,0.1406,0.1,0.9203,0.9957
Arrdc2,Arrdc2,253.9311,0.1381,0.1519,0.9091,0.3633,0.9295
Arrdc3,Arrdc3,847.7233,0.2145,0.1449,1.4806,0.1387,0.8328
Arrdc4,Arrdc4,59.9161,0.2213,0.3141,0.7044,0.4812,0.9506
Arsa,Arsa,1857.6283,-0.0622,0.0948,-0.656,0.5118,0.9533
Arsb,Arsb,2468.2703,0.0903,0.0699,1.2917,0.1965,0.8806
Arsg,Arsg,121.6869,0.3894,0.2297,1.6954,0.09,0.7842
Arsi,Arsi,45.5883,-0.1007,0.3043,-0.3311,0.7406,0.9829
Arsj,Arsj,737.9903,0.3243,0.1236,2.624,0.0087,0.4661
Arsk,Arsk,446.5976,0.1591,0.081,1.965,0.0494,0.7227
Art1,Art1,249.0894,-0.4383,0.2159,-2.0299,0.0424,0.7204
Art2a-ps,Art2a-ps,0.3853,0.9701,2.47,0.3928,0.6945,
Art3,Art3,41.9073,-0.2424,0.2584,-0.938,0.3482,0.9264
Art5,Art5,48.5697,-0.5775,0.2457,-2.35,0.0188,0.5897
Artn,Artn,94.3092,-0.1518,0.2493,-0.6089,0.5426,0.9571
Arv1,Arv1,132.2632,0.0199,0.1308,0.1524,0.8788,0.9914
Arvcf,Arvcf,785.5492,-0.0041,0.101,-0.0408,0.9675,0.9974
Arx,Arx,82.3661,-0.2416,0.3085,-0.7833,0.4334,0.9453
Arxes1,Arxes1,3.0917,0.5217,0.7622,0.6844,0.4937,
Arxes2,Arxes2,140.38,-0.0167,0.1582,-0.1055,0.916,0.995
As3mt,As3mt,413.3133,-0.2305,0.111,-2.076,0.0379,0.6915
Asah1,Asah1,6768.3486,-0.0204,0.06,-0.3397,0.7341,0.9803
Asah2,Asah2,366.9556,0.1236,0.1328,0.9308,0.3519,0.9271
Asap1,Asap1,6501.7906,0.2025,0.0952,2.1281,0.0333,0.6642
Asap2,Asap2,440.0397,0.0731,0.0811,0.9008,0.3677,0.9295
Asap3,Asap3,834.8468,0.1647,0.1125,1.4641,0.1432,0.8395
Asb1,Asb1,1017.9194,0.0161,0.1409,0.114,0.9092,0.9941
Asb10,Asb10,1.3644,-0.4485,1.2362,-0.3628,0.7167,
Asb11,Asb11,3.547,-1.3426,0.9595,-1.3993,0.1617,
Asb12,Asb12,0.4815,-2.2399,2.284,-0.9807,0.3267,
Asb13,Asb13,146.4522,0.031,0.1178,0.2629,0.7926,0.9869
Asb14,Asb14,28.1877,0.04,0.278,0.1439,0.8855,0.9916
Asb15,Asb15,4.9148,-0.2042,0.6298,-0.3242,0.7458,
Asb16,Asb16,29.0572,-0.1879,0.2736,-0.6868,0.4922,0.9515
Asb17,Asb17,0.6705,1.9826,1.901,1.0429,0.297,
Asb2,Asb2,183.0177,0.0174,0.187,0.093,0.9259,0.9957
Asb3,Asb3,782.4529,-0.0352,0.0816,-0.4315,0.6661,0.9702
Asb4,Asb4,0.6857,1.2234,2.1319,0.5738,0.5661,
Asb5,Asb5,10415.3392,-0.1023,0.0719,-1.4236,0.1546,0.8501
Asb6,Asb6,1269.7276,0.0012,0.0777,0.0155,0.9877,0.9993
Asb7,Asb7,707.4827,-0.0246,0.1073,-0.2292,0.8187,0.9892
Asb8,Asb8,1990.3901,-0.0056,0.0738,-0.0752,0.9401,0.9971
Ascc1,Ascc1,756.7468,-0.0675,0.1048,-0.6435,0.5199,0.9553
Ascc2,Ascc2,1411.265,-0.0023,0.0702,-0.0332,0.9735,0.9974
Ascc3,Ascc3,935.1309,0.0092,0.2144,0.0431,0.9656,0.9974
Ascl3,Ascl3,0.4818,-1.1303,2.0478,-0.552,0.581,
Ascl5,Ascl5,1.6259,1.5198,1.3836,1.0984,0.272,
Asf1a,Asf1a,739.7127,-0.0189,0.0978,-0.1935,0.8466,0.9906
Asf1b,Asf1b,1584.4249,-0.2718,0.1598,-1.7007,0.089,0.7829
Asgr1,Asgr1,6.3676,0.6993,0.6705,1.043,0.2969,
Asgr2,Asgr2,4.8246,-0.5944,0.6972,-0.8526,0.3939,
Ash1l,Ash1l,1675.3579,0.0115,0.1936,0.0594,0.9527,0.9974
Ash2l,Ash2l,3240.7732,-0.0179,0.0578,-0.3095,0.757,0.9849
Asic1,Asic1,157.9094,0.22,0.1266,1.7374,0.0823,0.7752
Asic3,Asic3,4.2364,-0.4304,0.7241,-0.5944,0.5522,
Asic4,Asic4,0.9532,0.9817,2.1837,0.4496,0.653,
Asl,Asl,1059.2922,-0.1695,0.0895,-1.8948,0.0581,0.7485
Asmt,Asmt,1.9314,0.6502,1.0414,0.6244,0.5324,
Asna1,Asna1,4214.0893,-0.0551,0.0653,-0.8433,0.3991,0.9354
Asns,Asns,2262.5025,-0.12,0.1557,-0.7708,0.4408,0.9455
Asnsd1,Asnsd1,2044.3425,-0.0446,0.0619,-0.7198,0.4717,0.9489
Aspa,Aspa,104.9694,0.0047,0.1689,0.0281,0.9776,0.9976
Aspg,Aspg,3.3811,-0.3435,0.7466,-0.4601,0.6454,
Asph,Asph,3169.4124,-0.0093,0.0784,-0.118,0.9061,0.9939
Asphd2,Asphd2,28.0591,0.3978,0.2729,1.4579,0.1449,0.8421
Aspm,Aspm,650.4389,-0.0644,0.198,-0.3253,0.745,0.9836
Aspn,Aspn,191.7791,0.2758,0.1615,1.7084,0.0876,0.7808
Asprv1,Asprv1,13.2906,-0.607,0.406,-1.495,0.1349,
Aspscr1,Aspscr1,1349.2434,-0.0284,0.063,-0.4514,0.6517,0.9684
Asrgl1,Asrgl1,304.2215,0.2558,0.1367,1.8713,0.0613,0.7525
Ass1,Ass1,0.7691,1.306,2.1639,0.6036,0.5461,
Aste1,Aste1,232.1391,0.1017,0.1013,1.0043,0.3152,0.9173
Astn1,Astn1,2.0336,-0.8632,0.9889,-0.873,0.3827,
Asun,Asun,1579.9796,-0.0272,0.069,-0.3938,0.6938,0.9731
Asxl1,Asxl1,3169.8493,0.001,0.0477,0.0217,0.9827,0.9987
Asxl2,Asxl2,1148.297,0.0148,0.1617,0.0912,0.9273,0.9957
Atad1,Atad1,3255.8406,0.0765,0.0918,0.8334,0.4046,0.9365
Atad2,Atad2,1018.2612,-0.0685,0.349,-0.1963,0.8444,0.9906
Atad2b,Atad2b,606.9205,0.0775,0.2039,0.3802,0.7038,0.9744
Atad3a,Atad3a,1711.2546,0.0378,0.0784,0.4815,0.6301,0.968
Atad3aos,Atad3aos,10.0548,-0.1015,0.4538,-0.2237,0.823,
Atad5,Atad5,190.3544,-0.0219,0.2784,-0.0787,0.9373,0.9971
Atat1,Atat1,821.6192,-0.0823,0.0904,-0.9099,0.3629,0.9295
Atcay,Atcay,6.0799,0.5923,0.592,1.0005,0.3171,
Atcayos,Atcayos,14.292,-0.3804,0.5131,-0.7413,0.4585,
Ate1,Ate1,1671.8129,0.065,0.0871,0.7455,0.456,0.9483
Atf1,Atf1,2037.0744,0.0402,0.0764,0.5266,0.5985,0.9648
Atf2,Atf2,1373.1996,0.0419,0.1608,0.2604,0.7946,0.9871
Atf3,Atf3,105.627,-0.6094,0.3011,-2.024,0.043,0.7213
Atf4,Atf4,10008.4384,-0.1007,0.0788,-1.2788,0.201,0.8828
Atf5,Atf5,2303.9679,-0.1088,0.1115,-0.9752,0.3295,0.9197
Atf6,Atf6,5030.7179,0.0463,0.0847,0.547,0.5844,0.964
Atf6b,Atf6b,1848.9231,-0.0183,0.0735,-0.2489,0.8035,0.9871
Atf7,Atf7,3602.2544,0.0682,0.0473,1.4423,0.1492,0.8436
Atf7ip,Atf7ip,1620.7211,0.0122,0.0717,0.1709,0.8643,0.9906
Atg10,Atg10,327.7497,0.0807,0.0918,0.8793,0.3793,0.9303
Atg101,Atg101,1013.9773,-0.1312,0.0753,-1.7421,0.0815,0.7744
Atg12,Atg12,2131.7026,-0.0095,0.0439,-0.2163,0.8287,0.9906
Atg13,Atg13,2166.9049,-0.0115,0.091,-0.1267,0.8992,0.9931
Atg14,Atg14,558.5972,0.0801,0.0703,1.1385,0.2549,0.8935
Atg16l1,Atg16l1,1361.572,-0.0132,0.0697,-0.1887,0.8503,0.9906
Atg16l2,Atg16l2,372.9258,-0.0501,0.1089,-0.46,0.6455,0.9684
Atg2a,Atg2a,1321.9125,-0.052,0.088,-0.5908,0.5546,0.9571
Atg2b,Atg2b,2366.012,0.0324,0.0598,0.5412,0.5884,0.964
Atg3,Atg3,1950.0434,-0.0308,0.0678,-0.4547,0.6493,0.9684
Atg4a,Atg4a,5.7363,-0.2366,0.6859,-0.345,0.7301,
Atg4b,Atg4b,2047.5354,0.0059,0.0748,0.0787,0.9373,0.9971
Atg4c,Atg4c,725.2067,0.107,0.0718,1.4916,0.1358,0.827
Atg4d,Atg4d,564.6369,-0.1611,0.0834,-1.9323,0.0533,0.7335
Atg5,Atg5,1475.6294,-0.0653,0.058,-1.1256,0.2603,0.8968
Atg7,Atg7,1596.5147,0.0258,0.0823,0.3132,0.7541,0.9849
Atg9a,Atg9a,2156.2948,-0.0092,0.0577,-0.1587,0.8739,0.991
Atg9b,Atg9b,77.3659,-0.3693,0.213,-1.7336,0.083,0.7755
Athl1,Athl1,1014.4974,-0.0086,0.0597,-0.1442,0.8854,0.9916
Atic,Atic,4874.4654,0.0355,0.1048,0.3393,0.7344,0.9803
Atl1,Atl1,120.2376,0.0775,0.1717,0.4516,0.6515,0.9684
Atl2,Atl2,2547.8688,-0.006,0.0838,-0.0718,0.9427,0.9971
Atl3,Atl3,5858.6166,0.1396,0.0897,1.5573,0.1194,0.8127
Atm,Atm,545.7559,0.0674,0.1888,0.3571,0.721,0.9788
Atmin,Atmin,704.0029,-0.0599,0.1009,-0.5942,0.5524,0.9571
Atn1,Atn1,3461.5765,-0.0147,0.061,-0.2413,0.8094,0.9882
Atoh8,Atoh8,1288.6868,0.1389,0.071,1.9554,0.0505,0.7253
Atox1,Atox1,1135.7454,-0.0839,0.0689,-1.218,0.2232,0.8877
Atp10a,Atp10a,526.9116,0.0623,0.084,0.7419,0.4581,0.9483
Atp10b,Atp10b,11.2377,-0.7111,0.5187,-1.3709,0.1704,
Atp10d,Atp10d,365.6539,0.1202,0.0949,1.2669,0.2052,0.8854
Atp11a,Atp11a,3799.068,0.0065,0.086,0.0758,0.9396,0.9971
Atp11b,Atp11b,1121.4112,-0.01,0.1723,-0.0578,0.9539,0.9974
Atp11c,Atp11c,243.6588,0.0313,0.2184,0.1435,0.8859,0.9917
Atp13a1,Atp13a1,2041.0286,-0.0057,0.0596,-0.0954,0.924,0.9957
Atp13a2,Atp13a2,830.3406,0.0194,0.0798,0.2431,0.8079,0.9881
Atp13a3,Atp13a3,8489.3208,0.0435,0.1552,0.28,0.7795,0.985
Atp13a5,Atp13a5,10.2843,-0.3685,0.6956,-0.5298,0.5962,
Atp1a1,Atp1a1,18213.8009,-0.07,0.065,-1.0762,0.2818,0.9074
Atp1a2,Atp1a2,1710.6386,-0.1387,0.1185,-1.1699,0.242,0.8923
Atp1a3,Atp1a3,434.4645,-0.5486,0.2306,-2.3791,0.0174,0.582
Atp1a4,Atp1a4,0.7823,0.1073,1.5611,0.0688,0.9452,
Atp1b1,Atp1b1,1162.2913,0.0784,0.1564,0.5011,0.6163,0.966
Atp1b2,Atp1b2,28.7795,-0.0233,0.3164,-0.0738,0.9412,0.9971
Atp1b3,Atp1b3,6982.7107,-0.0354,0.0764,-0.4636,0.6429,0.9684
Atp1b4,Atp1b4,0.9706,0.2915,1.4565,0.2002,0.8414,
Atp2a1,Atp2a1,11858.8213,-0.1496,0.1212,-1.2339,0.2172,0.8877
Atp2a2,Atp2a2,17743.5335,-0.0393,0.0775,-0.5079,0.6115,0.966
Atp2a3,Atp2a3,77.1156,-0.1759,0.1959,-0.8981,0.3691,0.9295
Atp2b1,Atp2b1,2810.1976,-0.064,0.1992,-0.321,0.7482,0.9842
Atp2b4,Atp2b4,8863.5271,0.0929,0.0779,1.1928,0.2329,0.8923
Atp2c1,Atp2c1,2626.9704,0.0561,0.0773,0.7265,0.4675,0.9483
Atp2c2,Atp2c2,1.8276,0.2946,1.0645,0.2767,0.782,
Atp5a1,Atp5a1,28235.3289,-0.0343,0.0795,-0.4308,0.6666,0.9702
Atp5b,Atp5b,50669.4574,-0.1213,0.0664,-1.8258,0.0679,0.7617
Atp5c1,Atp5c1,8764.2271,-0.111,0.0577,-1.9255,0.0542,0.736
Atp5d,Atp5d,8000.0097,-0.1095,0.0609,-1.7985,0.0721,0.7647
Atp5e,Atp5e,2386.2368,-0.0426,0.091,-0.4681,0.6397,0.9681
Atp5f1,Atp5f1,8845.7195,-0.1179,0.0742,-1.5885,0.1122,0.8127
Atp5g1,Atp5g1,3254.6328,0.0021,0.0766,0.0275,0.9781,0.9976
Atp5g2,Atp5g2,5235.1561,-0.0884,0.0812,-1.0883,0.2765,0.9074
Atp5g3,Atp5g3,10999.2092,-0.1299,0.0596,-2.1794,0.0293,0.641
Atp5h,Atp5h,4724.086,-0.096,0.0708,-1.3552,0.1754,0.8614
Atp5j,Atp5j,3694.8305,-0.0488,0.0705,-0.6925,0.4887,0.9515
Atp5j2,Atp5j2,3382.9099,-0.1083,0.0726,-1.4921,0.1357,0.8269
Atp5k,Atp5k,812.5257,-0.1987,0.1088,-1.8269,0.0677,0.7617
Atp5l,Atp5l,4531.6519,-0.0982,0.0877,-1.1198,0.2628,0.8981
Atp5o,Atp5o,6506.3016,-0.1032,0.066,-1.5632,0.118,0.8127
Atp5s,Atp5s,202.0059,0.1449,0.1404,1.0323,0.302,0.9164
Atp5sl,Atp5sl,355.9329,-0.0739,0.113,-0.6538,0.5133,0.9545
Atp6ap1,Atp6ap1,8375.8031,-0.0997,0.0778,-1.2809,0.2002,0.8828
Atp6ap2,Atp6ap2,5016.8782,-0.0874,0.0561,-1.5558,0.1198,0.8127
Atp6v0a1,Atp6v0a1,2307.7686,0.1123,0.075,1.4971,0.1344,0.826
Atp6v0a2,Atp6v0a2,4742.764,0.0355,0.0845,0.4197,0.6747,0.9711
Atp6v0a4,Atp6v0a4,0.6791,-0.6128,1.9255,-0.3182,0.7503,
Atp6v0b,Atp6v0b,4007.954,-0.18,0.107,-1.6826,0.0924,0.7872
Atp6v0c,Atp6v0c,0.5734,1.6909,2.3055,0.7334,0.4633,
Atp6v0d1,Atp6v0d1,3243.5214,-0.08,0.0649,-1.2317,0.2181,0.8877
Atp6v0e,Atp6v0e,2669.7874,-0.1565,0.0676,-2.3149,0.0206,0.6047
Atp6v0e2,Atp6v0e2,222.3875,-0.0705,0.1445,-0.4875,0.6259,0.9673
Atp6v1a,Atp6v1a,6144.0135,0.0591,0.0816,0.725,0.4685,0.9483
Atp6v1b1,Atp6v1b1,0.4831,0.2636,2.062,0.1278,0.8983,
Atp6v1b2,Atp6v1b2,3843.8024,-0.1111,0.0879,-1.2637,0.2063,0.886
Atp6v1c1,Atp6v1c1,2824.846,-0.0806,0.0587,-1.3739,0.1695,0.8614
Atp6v1c2,Atp6v1c2,151.4392,0.0632,0.3079,0.2053,0.8374,0.9906
Atp6v1d,Atp6v1d,3195.7879,-0.1255,0.0855,-1.4679,0.1421,0.8395
Atp6v1e1,Atp6v1e1,4663.3719,-0.0976,0.076,-1.2846,0.1989,0.8828
Atp6v1e2,Atp6v1e2,1.064,-0.1849,1.4129,-0.1309,0.8959,
Atp6v1f,Atp6v1f,1556.7294,-0.063,0.1209,-0.5208,0.6025,0.966
Atp6v1g1,Atp6v1g1,9554.0418,-0.0918,0.0723,-1.2696,0.2042,0.8854
Atp6v1g2,Atp6v1g2,47.6324,-0.0231,0.2079,-0.1111,0.9116,0.9943
Atp6v1h,Atp6v1h,3099.2325,0.0291,0.0927,0.3136,0.7538,0.9849
Atp7a,Atp7a,927.8551,-0.0035,0.1821,-0.019,0.9849,0.9991
Atp7b,Atp7b,2.1157,-2.1199,1.3128,-1.6148,0.1064,
Atp8a1,Atp8a1,3.4436,-0.0915,0.8522,-0.1074,0.9145,
Atp8a2,Atp8a2,1.0609,0.4132,1.3735,0.3008,0.7636,
Atp8b1,Atp8b1,95.297,0.0845,0.1686,0.5009,0.6165,0.966
Atp8b2,Atp8b2,5191.1216,0.0682,0.0776,0.8788,0.3795,0.9303
Atp8b3,Atp8b3,5.0891,0.5508,0.6675,0.8252,0.4093,
Atp8b4,Atp8b4,23.8636,0.6897,0.3346,2.0613,0.0393,0.703
Atp8b5,Atp8b5,6.5736,-0.729,0.5999,-1.2152,0.2243,
Atp9a,Atp9a,44.6679,-0.4826,0.2895,-1.6668,0.0956,0.7876
Atp9b,Atp9b,2649.5062,0.024,0.057,0.4216,0.6733,0.971
Atpaf1,Atpaf1,525.2438,0.0896,0.1158,0.7741,0.4389,0.9455
Atpaf2,Atpaf2,936.8279,-0.0515,0.0711,-0.7248,0.4686,0.9483
Atpif1,Atpif1,2591.9254,-0.0535,0.0796,-0.6716,0.5019,0.9515
Atr,Atr,381.4815,0.0684,0.2275,0.3008,0.7635,0.9849
Atraid,Atraid,2495.558,0.1305,0.0959,1.3609,0.1735,0.8614
Atrip,Atrip,545.3315,0.0556,0.1028,0.5408,0.5886,0.964
Atrn,Atrn,2193.3908,0.0771,0.066,1.1685,0.2426,0.8923
Atrnl1,Atrnl1,1774.7523,-0.0165,0.1204,-0.1369,0.8911,0.992
Atrx,Atrx,842.9981,0.3028,0.1681,1.8009,0.0717,0.7617
Atxn1,Atxn1,933.8542,0.0261,0.1782,0.1462,0.8838,0.9914
Atxn10,Atxn10,8019.6739,0.0093,0.0619,0.1511,0.8799,0.9914
Atxn1l,Atxn1l,2205.2096,-0.0244,0.0636,-0.3845,0.7006,0.9737
Atxn2,Atxn2,3113.0361,0.0695,0.057,1.2199,0.2225,0.8877
Atxn2l,Atxn2l,3699.2711,-0.0771,0.1069,-0.7207,0.4711,0.9489
Atxn3,Atxn3,651.6668,0.0259,0.1476,0.1751,0.861,0.9906
Atxn7,Atxn7,382.0007,0.0951,0.1954,0.487,0.6263,0.9673
Atxn7l1,Atxn7l1,711.5375,0.1079,0.0793,1.3598,0.1739,0.8614
Atxn7l1os2,Atxn7l1os2,2.8671,-0.3019,1.1679,-0.2585,0.796,
Atxn7l2,Atxn7l2,174.8147,-0.1631,0.1479,-1.1025,0.2703,0.9027
Atxn7l3,Atxn7l3,3049.4559,-0.0261,0.0564,-0.4639,0.6427,0.9684
Atxn7l3b,Atxn7l3b,3687.0807,0.0627,0.0691,0.9083,0.3637,0.9295
AU015791,AU015791,1.9437,-2.6756,1.2767,-2.0957,0.0361,
AU015836,AU015836,1.7385,1.0994,1.1957,0.9195,0.3579,
AU018091,AU018091,267.407,-0.1389,0.1864,-0.7452,0.4562,0.9483
AU019823,AU019823,668.5798,0.1233,0.102,1.2081,0.227,0.8906
AU021092,AU021092,14.5208,-0.5434,0.3857,-1.4088,0.1589,
AU022252,AU022252,580.849,-0.1327,0.0786,-1.6884,0.0913,0.7855
AU023762,AU023762,1.445,0.0019,1.3178,0.0015,0.9988,
AU040320,AU040320,1835.7617,-0.0659,0.0833,-0.791,0.4289,0.9442
AU041133,AU041133,36.9534,0.1999,0.2548,0.7846,0.4327,0.9453
Auh,Auh,560.6523,0.0948,0.1028,0.922,0.3565,0.9295
Aunip,Aunip,209.6413,-0.3097,0.2543,-1.2175,0.2234,0.8877
Aup1,Aup1,2283.1893,-0.1153,0.0693,-1.6654,0.0958,0.7877
Aurka,Aurka,1227.5779,-0.2401,0.1541,-1.5579,0.1193,0.8127
Aurkaip1,Aurkaip1,2041.5829,-0.0104,0.081,-0.1283,0.8979,0.9927
Aurkb,Aurkb,1254.3482,-0.1762,0.1744,-1.01,0.3125,0.9173
Auts2,Auts2,893.7626,0.1074,0.0845,1.2713,0.2036,0.8847
AV039307,AV039307,5.6093,-0.3213,0.6117,-0.5252,0.5994,
AV051173,AV051173,3.3452,-0.5383,0.8732,-0.6165,0.5376,
AV320801,AV320801,0.482,1.4609,2.3443,0.6232,0.5332,
Aven,Aven,363.3313,-0.0561,0.0854,-0.6573,0.511,0.9529
Avil,Avil,9.4493,-0.9133,0.5196,-1.7577,0.0788,
Avl9,Avl9,574.1774,-0.0242,0.1857,-0.1305,0.8961,0.9927
Avpi1,Avpi1,978.0888,-0.1832,0.1011,-1.8126,0.0699,0.7617
Avpr1a,Avpr1a,124.4431,0.8304,0.5728,1.4497,0.1471,0.8425
AW011738,AW011738,26.0865,0.3692,0.3018,1.2231,0.2213,0.8877
AW046200,AW046200,12.9298,0.2338,0.3943,0.593,0.5532,
AW112010,AW112010,2.0391,0.359,1.0181,0.3527,0.7243,
AW146154,AW146154,56.03,0.2165,0.2157,1.0038,0.3155,0.9173
AW209491,AW209491,646.066,0.0234,0.101,0.2321,0.8165,0.989
AW549542,AW549542,3.3756,-0.093,0.752,-0.1237,0.9016,
AW549877,AW549877,2311.012,0.1526,0.15,1.018,0.3087,0.9169
AW551984,AW551984,1.2603,1.6069,1.6167,0.9939,0.3203,
AW554918,AW554918,367.6296,0.0977,0.114,0.8567,0.3916,0.9336
Awat2,Awat2,25.5289,-0.372,0.279,-1.3334,0.1824,0.8711
Axin1,Axin1,2345.0614,-0.0554,0.0481,-1.1528,0.249,0.8923
Axin2,Axin2,225.7478,0.1657,0.1134,1.4615,0.1439,0.8413
Axl,Axl,15233.4425,0.029,0.0625,0.4634,0.6431,0.9684
AY074887,AY074887,0.5871,-0.7096,1.9259,-0.3685,0.7125,
AY358078,AY358078,0.6845,1.2518,1.91,0.6554,0.5122,
AY512931,AY512931,0.3853,0.9701,2.47,0.3928,0.6945,
Azgp1,Azgp1,0.4794,1.4563,2.0227,0.72,0.4715,
Azi2,Azi2,1344.1372,0.0686,0.1189,0.5771,0.5639,0.9586
Azin1,Azin1,7722.4599,-0.0064,0.0866,-0.0745,0.9406,0.9971
Azin2,Azin2,1712.9653,0.064,0.0945,0.6774,0.4982,0.9515
B130024G19Rik,B130024G19Rik,7.517,-0.0718,0.5231,-0.1372,0.8909,
B130034C11Rik,B130034C11Rik,7.5407,0.559,0.5257,1.0634,0.2876,
B230118H07Rik,B230118H07Rik,633.3341,-0.0926,0.07,-1.3224,0.186,0.874
B230119M05Rik,B230119M05Rik,3.766,-0.2897,0.7859,-0.3686,0.7124,
B230206H07Rik,B230206H07Rik,0.4831,0.2636,2.062,0.1278,0.8983,
B230208H11Rik,B230208H11Rik,27.7121,0.1268,0.3511,0.3612,0.7179,0.9777
B230216N24Rik,B230216N24Rik,5.9848,-0.9271,0.604,-1.5349,0.1248,
B230217C12Rik,B230217C12Rik,44.8282,-0.185,0.2154,-0.859,0.3903,0.9331
B230217O12Rik,B230217O12Rik,42.0912,0.1974,0.2545,0.7754,0.4381,0.9455
B230219D22Rik,B230219D22Rik,4114.4273,0.1171,0.1182,0.9903,0.322,0.9197
B230307C23Rik,B230307C23Rik,53.036,0.1381,0.1963,0.7032,0.4819,0.9509
B230312C02Rik,B230312C02Rik,6.1546,-0.0068,0.6227,-0.0109,0.9913,
B230319C09Rik,B230319C09Rik,5.4194,-1.1113,0.7258,-1.531,0.1258,
B230354K17Rik,B230354K17Rik,742.7477,0.2549,0.1231,2.0708,0.0384,0.6939
B2m,B2m,12577.8616,0.013,0.0716,0.1812,0.8562,0.9906
B330016D10Rik,B330016D10Rik,33.1526,0.2103,0.3338,0.63,0.5287,0.9568
B3galnt1,B3galnt1,1290.9226,0.0555,0.0732,0.7578,0.4486,0.9455
B3galnt2,B3galnt2,1186.5513,0.095,0.0667,1.4243,0.1544,0.8501
B3galt1,B3galt1,19.7267,0.032,0.4068,0.0787,0.9372,
B3galt2,B3galt2,18.5838,-0.0328,0.3285,-0.0999,0.9204,
B3galt4,B3galt4,49.1078,0.3046,0.2244,1.3573,0.1747,0.8614
B3galt5,B3galt5,73.0393,0.2182,0.3123,0.6988,0.4847,0.9515
B3galt6,B3galt6,325.5451,-0.0357,0.0928,-0.3848,0.7004,0.9737
B3gat2,B3gat2,18.4522,-0.2186,0.3764,-0.5807,0.5614,
B3gat3,B3gat3,566.9323,-0.1108,0.0833,-1.3299,0.1836,0.8726
B3glct,B3glct,1003.7391,0.0938,0.0771,1.2166,0.2238,0.8877
B3gnt2,B3gnt2,1811.2382,-0.012,0.0609,-0.1971,0.8437,0.9906
B3gnt3,B3gnt3,0.4831,0.2636,2.062,0.1278,0.8983,
B3gnt4,B3gnt4,2.9875,0.3258,0.8996,0.3622,0.7172,
B3gnt5,B3gnt5,69.2878,-0.043,0.1742,-0.247,0.8049,0.9875
B3gnt6,B3gnt6,2.9885,0.4387,0.8273,0.5303,0.5959,
B3gnt7,B3gnt7,0.3838,-1.8789,2.4405,-0.7699,0.4414,
B3gnt8,B3gnt8,121.6409,-0.287,0.1582,-1.8136,0.0697,0.7617
B3gnt9,B3gnt9,836.0081,0.0117,0.0665,0.1753,0.8608,0.9906
B3gntl1,B3gntl1,189.5898,0.0004,0.1076,0.004,0.9968,0.9995
B430010I23Rik,B430010I23Rik,3.2387,2.6455,1.0403,2.543,0.011,
B430212C06Rik,B430212C06Rik,22.3094,0.2056,0.4022,0.5113,0.6091,0.966
B430319G15Rik,B430319G15Rik,49.52,0.1659,0.2386,0.6954,0.4868,0.9515
B4galnt1,B4galnt1,1775.3664,0.0952,0.0617,1.5414,0.1232,0.8143
B4galnt2,B4galnt2,11.7441,0.287,0.4043,0.71,0.4777,
B4galnt3,B4galnt3,21.2615,-0.2604,0.3143,-0.8285,0.4074,0.9373
B4galnt4,B4galnt4,45.9703,0.4328,0.2324,1.8628,0.0625,0.7549
B4galt1,B4galt1,7900.3512,0.0532,0.0658,0.8084,0.4189,0.94
B4galt2,B4galt2,1730.1319,-0.0338,0.057,-0.5928,0.5533,0.9571
B4galt3,B4galt3,930.0462,0.0833,0.1124,0.7417,0.4583,0.9483
B4galt4,B4galt4,429.0089,0.0314,0.0898,0.3492,0.727,0.9796
B4galt5,B4galt5,4155.1361,-0.2726,0.1329,-2.0514,0.0402,0.7103
B4galt6,B4galt6,1475.3352,-0.0105,0.1057,-0.0997,0.9206,0.9957
B4galt7,B4galt7,826.2372,-0.0603,0.1068,-0.5643,0.5726,0.9614
B4gat1,B4gat1,2365.632,0.0326,0.0865,0.3765,0.7065,0.9744
B630005N14Rik,B630005N14Rik,575.5617,-0.0862,0.1988,-0.4335,0.6646,0.9702
B630019K06Rik,B630019K06Rik,118.0217,0.1573,0.1372,1.146,0.2518,0.893
B930018H19Rik,B930018H19Rik,0.3838,-1.8789,2.4405,-0.7699,0.4414,
B930041F14Rik,B930041F14Rik,371.0869,0.2274,0.225,1.0105,0.3122,0.9173
B930059L03Rik,B930059L03Rik,5.0594,-0.1671,0.8782,-0.1903,0.8491,
B9d1,B9d1,304.4702,-0.0613,0.1021,-0.6002,0.5484,0.9571
B9d2,B9d2,250.5561,-0.0977,0.1074,-0.9095,0.3631,0.9295
Baalc,Baalc,330.5691,-0.1863,0.1507,-1.2363,0.2163,0.8877
Baat,Baat,0.6746,-0.607,1.9263,-0.3151,0.7527,
Babam1,Babam1,2115.9813,-0.0447,0.0675,-0.6619,0.508,0.9528
Bace1,Bace1,4555.3866,0.1646,0.0712,2.3128,0.0207,0.6047
Bace2,Bace2,146.373,-0.0154,0.1327,-0.1164,0.9073,0.9939
Bach1,Bach1,1781.6143,0.0087,0.1365,0.0634,0.9494,0.9974
Bach2,Bach2,76.9912,0.1701,0.2412,0.7054,0.4805,0.9506
Bad,Bad,978.0795,-0.0615,0.0725,-0.8487,0.396,0.9341
Bag1,Bag1,6096.4183,-0.0791,0.071,-1.1129,0.2657,0.8981
Bag2,Bag2,1955.2683,-0.0162,0.0991,-0.164,0.8698,0.9906
Bag3,Bag3,4229.032,0.0661,0.074,0.8931,0.3718,0.9295
Bag4,Bag4,781.4716,-0.0007,0.0643,-0.0115,0.9908,0.9993
Bag5,Bag5,1986.0927,0.0372,0.0678,0.5488,0.5831,0.964
Bag6,Bag6,8764.1367,-0.0357,0.0436,-0.8193,0.4126,0.9398
Bahcc1,Bahcc1,1120.8325,0.1848,0.0848,2.1785,0.0294,0.641
Bahd1,Bahd1,1323.3564,0.0918,0.0803,1.143,0.253,0.893
Baiap2,Baiap2,1691.5515,0.0008,0.0927,0.0086,0.9931,0.9993
Baiap2l1,Baiap2l1,3039.5275,-0.0432,0.098,-0.4404,0.6597,0.9702
Baiap2l2,Baiap2l2,5.9719,-0.0101,0.6261,-0.0161,0.9872,
Bak1,Bak1,2442.2762,-0.1273,0.0595,-2.14,0.0324,0.661
Bambi,Bambi,31.0233,-0.1934,0.2846,-0.6797,0.4967,0.9515
Bambi-ps1,Bambi-ps1,3.7457,0.0907,0.7131,0.1272,0.8988,
Banf1,Banf1,3454.2208,-0.0945,0.0702,-1.3468,0.178,0.8659
Bank1,Bank1,1.4539,1.3653,1.2545,1.0884,0.2764,
Banp,Banp,902.2618,0.083,0.1098,0.7558,0.4498,0.9455
Bap1,Bap1,2703.4601,-0.043,0.0503,-0.8542,0.393,0.9341
Bard1,Bard1,322.4265,-0.2075,0.2335,-0.8886,0.3742,0.9295
Barhl1,Barhl1,1.3558,-0.3336,1.1897,-0.2804,0.7791,
Barx2,Barx2,0.6858,-1.0219,1.8771,-0.5444,0.5861,
Basp1,Basp1,3744.2789,-0.1441,0.0853,-1.6906,0.0909,0.7855
Batf,Batf,4.9393,-1.123,0.6726,-1.6695,0.095,
Batf2,Batf2,4.0443,1.3175,0.8124,1.6217,0.1049,
Batf3,Batf3,1.7333,-2.3827,1.2762,-1.867,0.0619,
Bax,Bax,2297.3548,-0.0289,0.0805,-0.3594,0.7193,0.9783
Baz1a,Baz1a,1097.1459,0.0169,0.1286,0.1316,0.8953,0.9927
Baz1b,Baz1b,5484.6066,0.1131,0.0659,1.7168,0.086,0.7807
Baz2a,Baz2a,2900.4073,0.1304,0.1093,1.1931,0.2328,0.8923
Baz2b,Baz2b,846.925,0.0545,0.1407,0.3875,0.6984,0.9736
BB014433,BB014433,1.338,-0.7623,1.3493,-0.5649,0.5721,
BB123696,BB123696,0.5795,-2.5166,1.8531,-1.358,0.1744,
BB557941,BB557941,3.747,-0.3828,0.8083,-0.4736,0.6358,
Bbc3,Bbc3,207.4595,-0.165,0.1211,-1.3622,0.1731,0.8614
Bbip1,Bbip1,580.51,-0.06,0.1119,-0.5362,0.5918,0.964
Bbox1,Bbox1,1.2665,-1.9018,1.7599,-1.0806,0.2799,
Bbs1,Bbs1,559.9245,-0.0997,0.0794,-1.2558,0.2092,0.8875
Bbs10,Bbs10,155.5627,0.1483,0.169,0.8772,0.3804,0.9303
Bbs12,Bbs12,186.6775,0.3846,0.1724,2.2302,0.0257,0.6337
Bbs2,Bbs2,1122.0276,0.0783,0.0951,0.8233,0.4104,0.9377
Bbs4,Bbs4,338.5733,0.061,0.0962,0.6336,0.5263,0.9565
Bbs5,Bbs5,400.6758,-0.0074,0.0986,-0.0747,0.9404,0.9971
Bbs7,Bbs7,344.8844,0.0957,0.1006,0.9509,0.3416,0.9246
Bbs9,Bbs9,503.6643,-0.0213,0.0734,-0.2909,0.7711,0.985
Bbx,Bbx,1572.7556,0.0632,0.1766,0.358,0.7203,0.9787
BC002163,BC002163,9.231,0.253,0.5193,0.4872,0.6261,
BC003331,BC003331,809.4739,0.0851,0.1903,0.4473,0.6547,0.9687
BC003965,BC003965,734.2756,0.0271,0.096,0.2823,0.7777,0.985
BC004004,BC004004,4039.9238,-0.0098,0.0522,-0.1882,0.8507,0.9906
BC005537,BC005537,7856.1418,0.104,0.0577,1.8039,0.0712,0.7617
BC005561,BC005561,78.0907,0.1174,0.1856,0.6326,0.527,0.9565
BC005624,BC005624,1322.7791,-0.0034,0.0576,-0.0593,0.9527,0.9974
BC017158,BC017158,488.4578,0.1051,0.0936,1.1226,0.2616,0.8971
BC017643,BC017643,1698.3402,0.014,0.0702,0.1993,0.8421,0.9906
BC020402,BC020402,66.8908,0.1932,0.2119,0.9117,0.3619,0.9295
BC021614,BC021614,1.4373,0.8584,1.2249,0.7008,0.4834,
BC021767,BC021767,1.7619,-0.5352,1.2011,-0.4456,0.6559,
BC021785,BC021785,1.9338,-0.7561,1.0392,-0.7276,0.4669,
BC022687,BC022687,841.5401,0.0549,0.2179,0.2521,0.801,0.9871
BC023829,BC023829,2079.0324,0.1202,0.0879,1.3678,0.1714,0.8614
BC024139,BC024139,1.7535,-0.3148,1.0758,-0.2926,0.7698,
BC024386,BC024386,0.6709,1.9982,2.1864,0.9139,0.3608,
BC024978,BC024978,141.9864,0.1544,0.143,1.0798,0.2802,0.9074
BC025920,BC025920,29.165,0.1127,0.262,0.4301,0.6671,0.9702
BC027231,BC027231,735.0912,-0.0433,0.0641,-0.6758,0.4992,0.9515
BC028528,BC028528,47.8209,0.4462,0.2932,1.5221,0.128,0.8213
BC029214,BC029214,593.5991,-0.0537,0.0982,-0.5467,0.5846,0.964
BC029722,BC029722,1020.8668,0.0697,0.0811,0.8601,0.3897,0.9331
BC030336,BC030336,799.7067,0.0431,0.1185,0.3638,0.716,0.9769
BC030499,BC030499,3.2821,-0.3931,0.7928,-0.4958,0.62,
BC030867,BC030867,209.2973,-0.2927,0.2236,-1.3088,0.1906,0.874
BC031181,BC031181,2191.2585,-0.0606,0.0532,-1.1384,0.2549,0.8935
BC031361,BC031361,36.1076,0.1951,0.2519,0.7745,0.4386,0.9455
BC037032,BC037032,10.466,0.7561,0.5155,1.4667,0.1425,
BC037034,BC037034,362.4271,0.0932,0.0843,1.1058,0.2688,0.9024
BC037704,BC037704,18.462,-0.282,0.3636,-0.7755,0.438,
BC039771,BC039771,58.1108,0.1425,0.2359,0.6039,0.5459,0.9571
BC039966,BC039966,33.2551,-0.4641,0.2586,-1.7947,0.0727,0.7672
BC048403,BC048403,257.999,-0.023,0.1106,-0.2076,0.8356,0.9906
BC048502,BC048502,0.2938,-0.4606,2.6291,-0.1752,0.8609,
BC048609,BC048609,0.4899,-0.334,2.3664,-0.1411,0.8878,
BC051019,BC051019,296.0401,-0.2385,0.1848,-1.2909,0.1967,0.8806
BC051226,BC051226,19.506,0.235,0.3466,0.678,0.4978,
BC052040,BC052040,308.6208,0.0317,0.0968,0.3271,0.7436,0.9831
BC055324,BC055324,326.8338,-0.0283,0.1105,-0.2556,0.7983,0.9871
BC061237,BC061237,1.1524,-0.0648,1.384,-0.0469,0.9626,
BC064078,BC064078,11.0076,0.492,0.4595,1.0707,0.2843,
BC065397,BC065397,15.5938,0.3356,0.4247,0.7903,0.4294,
BC068281,BC068281,317.8475,0.0946,0.0903,1.0476,0.2948,0.9119
BC094916,BC094916,0.766,1.0575,1.9153,0.5521,0.5809,
BC100451,BC100451,28.0436,0.2944,0.2993,0.9837,0.3253,0.9197
Bcam,Bcam,1209.983,-0.1146,0.11,-1.0419,0.2975,0.9128
Bcan,Bcan,3.6679,-0.2515,0.8542,-0.2944,0.7684,
Bcap29,Bcap29,610.5218,0.0269,0.1195,0.225,0.822,0.9893
Bcap31,Bcap31,6304.7984,-0.1135,0.0685,-1.6563,0.0977,0.7886
Bcar1,Bcar1,3630.9346,-0.0393,0.063,-0.6232,0.5332,0.9571
Bcar3,Bcar3,1917.3207,0.0522,0.0544,0.9608,0.3367,0.9216
Bcas1,Bcas1,2.198,0.204,1.0413,0.1959,0.8447,
Bcas2,Bcas2,2025.4028,0.0477,0.0544,0.8763,0.3809,0.9303
Bcas3,Bcas3,1035.052,-0.0087,0.0816,-0.1061,0.9155,0.995
Bcat1,Bcat1,1668.0316,0.0246,0.0629,0.3915,0.6955,0.9731
Bcat2,Bcat2,1477.5422,-0.1232,0.078,-1.5796,0.1142,0.8127
Bccip,Bccip,1057.5328,0.0769,0.1006,0.7644,0.4446,0.9455
Bcdin3d,Bcdin3d,182.6977,0.0141,0.1098,0.1286,0.8977,0.9927
Bche,Bche,1.3536,0.2923,1.4158,0.2064,0.8365,
Bckdha,Bckdha,1318.9251,-0.0604,0.0838,-0.7209,0.471,0.9489
Bckdhb,Bckdhb,67.4759,0.1442,0.1812,0.7959,0.4261,0.9422
Bckdk,Bckdk,1905.1646,-0.069,0.0608,-1.1347,0.2565,0.8935
Bcl10,Bcl10,2452.5953,-0.0248,0.0648,-0.3832,0.7016,0.9737
Bcl11b,Bcl11b,1.3459,-0.0412,1.2199,-0.0338,0.973,
Bcl2,Bcl2,261.2299,-0.0867,0.2172,-0.399,0.6899,0.9723
Bcl2l1,Bcl2l1,1710.1895,-0.0714,0.0801,-0.892,0.3724,0.9295
Bcl2l11,Bcl2l11,1053.9886,0.169,0.0972,1.7388,0.0821,0.7752
Bcl2l12,Bcl2l12,214.5398,0.0545,0.1716,0.3177,0.7507,0.9843
Bcl2l13,Bcl2l13,2437.9926,-0.0524,0.0684,-0.7663,0.4435,0.9455
Bcl2l14,Bcl2l14,4.0486,0.3261,0.7449,0.4378,0.6615,
Bcl2l15,Bcl2l15,4.6389,-1.6298,0.8548,-1.9067,0.0566,
Bcl2l2,Bcl2l2,1871.9303,0.0549,0.0785,0.6988,0.4847,0.9515
Bcl3,Bcl3,639.5163,0.0757,0.1104,0.6855,0.493,0.9515
Bcl6,Bcl6,2130.0903,0.0478,0.058,0.8243,0.4098,0.9377
Bcl6b,Bcl6b,146.1492,0.2004,0.1737,1.1535,0.2487,0.8923
Bcl7a,Bcl7a,919.2989,0.0554,0.0665,0.8332,0.4047,0.9365
Bcl7b,Bcl7b,888.9391,-0.0325,0.0623,-0.5219,0.6017,0.966
Bcl7c,Bcl7c,742.1082,-0.0602,0.1186,-0.5075,0.6118,0.966
Bcl9,Bcl9,934.771,0.1892,0.0658,2.8769,0.004,0.3664
Bcl9l,Bcl9l,2566.134,0.1631,0.076,2.1457,0.0319,0.6558
Bclaf1,Bclaf1,2598.5361,0.0896,0.1413,0.634,0.5261,0.9565
Bco1,Bco1,0.3816,-0.4558,2.4647,-0.1849,0.8533,
Bco2,Bco2,7.7993,-0.2391,0.5705,-0.4192,0.6751,
Bcor,Bcor,2049.8953,0.0112,0.0529,0.2113,0.8326,0.9906
Bcorl1,Bcorl1,777.2357,0.1436,0.1182,1.215,0.2243,0.8877
Bcr,Bcr,2306.3589,-0.0972,0.0978,-0.9934,0.3205,0.9188
Bcs1l,Bcs1l,618.1613,0.051,0.0696,0.7328,0.4637,0.9483
Bdh1,Bdh1,11.2813,-1.1528,0.4494,-2.5654,0.0103,
Bdh2,Bdh2,330.4583,-0.0245,0.1134,-0.2159,0.829,0.9906
Bdkrb1,Bdkrb1,241.0217,-0.4976,0.1541,-3.2287,0.0012,0.2414
Bdkrb2,Bdkrb2,92.6179,-0.0092,0.2503,-0.0366,0.9708,0.9974
Bdnf,Bdnf,606.6462,0.1914,0.1546,1.2384,0.2156,0.8877
Bdp1,Bdp1,605.3125,0.0572,0.188,0.3045,0.7608,0.9849
Bean1,Bean1,247.499,0.1469,0.1098,1.3385,0.1807,0.8703
Becn1,Becn1,2901.5908,0.027,0.0582,0.4644,0.6424,0.9684
Begain,Begain,16.0868,0.0488,0.395,0.1236,0.9016,
Bend3,Bend3,541.9915,-0.0898,0.1128,-0.7963,0.4259,0.9422
Bend4,Bend4,1.2394,-0.7706,1.4107,-0.5463,0.5849,
Bend5,Bend5,36.9923,0.424,0.2955,1.4351,0.1513,0.8465
Bend6,Bend6,587.539,0.0678,0.1014,0.6692,0.5033,0.9515
Best1,Best1,285.125,-0.0791,0.1544,-0.5121,0.6086,0.966
Best2,Best2,0.8579,3.2907,1.7057,1.9293,0.0537,
Best3,Best3,48.5629,-0.2886,0.2508,-1.151,0.2497,0.8923
Bet1,Bet1,1425.3482,0.1117,0.0652,1.7117,0.087,0.7807
Bet1l,Bet1l,1054.8267,-0.0169,0.0924,-0.1828,0.8549,0.9906
Bex1,Bex1,3.5543,-0.3474,0.7905,-0.4395,0.6603,
Bex2,Bex2,1.2528,-0.3031,1.4728,-0.2058,0.8369,
Bfar,Bfar,1155.439,0.0521,0.0655,0.7952,0.4265,0.9428
Bfsp1,Bfsp1,1.914,0.8379,1.0851,0.7722,0.44,
Bfsp2,Bfsp2,9.9286,-1.1004,0.4716,-2.333,0.0196,
Bglap,Bglap,1.8377,-1.2889,1.1053,-1.1661,0.2436,
Bglap2,Bglap2,11.3426,-0.1506,0.4757,-0.3165,0.7516,
Bglap3,Bglap3,14.4648,-0.0081,0.3713,-0.0218,0.9826,
Bgn,Bgn,158979.8404,0.0594,0.0762,0.7789,0.436,0.9455
Bhlha15,Bhlha15,1.2563,-0.631,1.2286,-0.5136,0.6075,
Bhlha9,Bhlha9,0.6698,0.9313,1.7816,0.5227,0.6012,
Bhlhb9,Bhlhb9,1475.7432,0.2483,0.0872,2.8471,0.0044,0.3768
Bhlhe22,Bhlhe22,0.5696,0.5037,2.379,0.2117,0.8323,
Bhlhe40,Bhlhe40,4835.2912,-0.291,0.1725,-1.6871,0.0916,0.7855
Bhlhe41,Bhlhe41,2935.0089,-0.1221,0.0894,-1.3664,0.1718,0.8614
Bhmt,Bhmt,0.871,-0.4433,1.5642,-0.2834,0.7768,
Bicc1,Bicc1,916.458,0.1192,0.0918,1.2984,0.1942,0.8782
Bicd1,Bicd1,62.2019,0.0133,0.3413,0.0388,0.969,0.9974
Bicd2,Bicd2,10991.8251,0.0487,0.0624,0.7804,0.4351,0.9453
Bid,Bid,1433.0711,-0.0659,0.0783,-0.8415,0.4001,0.9354
Bik,Bik,64.0988,0.1489,0.1929,0.7723,0.4399,0.9455
Bin1,Bin1,22038.8195,-0.1215,0.1023,-1.1877,0.2349,0.8923
Bin3,Bin3,1431.6895,-0.1477,0.0548,-2.6945,0.0071,0.4351
Birc2,Birc2,1303.9747,0.1556,0.064,2.4302,0.0151,0.5682
Birc3,Birc3,105.6966,0.325,0.1423,2.284,0.0224,0.6144
Birc5,Birc5,1646.931,-0.2524,0.1424,-1.7725,0.0763,0.7682
Birc6,Birc6,3336.3839,0.0421,0.1603,0.2623,0.7931,0.9871
Bivm,Bivm,1015.1087,0.0774,0.0651,1.189,0.2344,0.8923
Blcap,Blcap,1072.5324,0.0534,0.0895,0.5968,0.5506,0.9571
Blk,Blk,8.7778,0.0832,0.5626,0.1479,0.8825,
Blm,Blm,226.4239,-0.2005,0.2189,-0.9162,0.3596,0.9295
Blmh,Blmh,2572.0167,-0.009,0.0593,-0.1516,0.8795,0.9914
Blnk,Blnk,305.4405,-0.3636,0.1455,-2.4983,0.0125,0.5308
Bloc1s1,Bloc1s1,1215.7854,-0.0877,0.0826,-1.0627,0.2879,0.9079
Bloc1s2,Bloc1s2,904.5156,-0.031,0.0776,-0.3994,0.6896,0.9723
Bloc1s3,Bloc1s3,395.1311,-0.0471,0.1043,-0.4516,0.6516,0.9684
Bloc1s4,Bloc1s4,393.886,0.0254,0.0889,0.2857,0.7751,0.985
Bloc1s5,Bloc1s5,801.8989,-0.0383,0.0652,-0.587,0.5572,0.9579
Bloc1s6,Bloc1s6,1602.192,0.0001,0.0527,0.0011,0.9992,0.9999
Blvra,Blvra,683.8437,-0.1324,0.0721,-1.8366,0.0663,0.7609
Blvrb,Blvrb,593.4475,0.2058,0.1517,1.3563,0.175,0.8614
Blzf1,Blzf1,1042.2053,0.0249,0.0851,0.2924,0.77,0.985
Bmf,Bmf,1047.4717,0.2122,0.1707,1.243,0.2139,0.8877
Bmi1,Bmi1,2314.4617,0.0734,0.147,0.4989,0.6179,0.966
Bmp1,Bmp1,9948.6708,-0.0118,0.0466,-0.2534,0.8,0.9871
Bmp15,Bmp15,1.1483,1.1453,1.3814,0.8291,0.407,
Bmp2,Bmp2,13.0356,0.318,0.5172,0.6149,0.5386,
Bmp2k,Bmp2k,675.7079,0.0299,0.1132,0.2644,0.7915,0.9865
Bmp3,Bmp3,0.6706,-0.3878,1.7668,-0.2195,0.8263,
Bmp4,Bmp4,2034.6422,0.2014,0.1213,1.6607,0.0968,0.7886
Bmp5,Bmp5,1.0686,0.5517,1.3872,0.3977,0.6908,
Bmp6,Bmp6,17.5782,-0.4186,0.3802,-1.1011,0.2709,
Bmp7,Bmp7,1.0627,1.2459,1.4127,0.8819,0.3778,
Bmp8a,Bmp8a,24.1164,0.2211,0.3016,0.7332,0.4634,0.9483
Bmp8b,Bmp8b,0.9625,1.007,1.3736,0.7331,0.4635,
Bmper,Bmper,6200.854,0.3315,0.1121,2.9562,0.0031,0.3413
Bmpr1a,Bmpr1a,4607.2583,0.0408,0.1121,0.3644,0.7155,0.9767
Bmpr1b,Bmpr1b,202.5544,-0.0473,0.26,-0.1821,0.8555,0.9906
Bmpr2,Bmpr2,1816.1134,0.0002,0.2043,0.0012,0.9991,0.9999
Bms1,Bms1,2342.7705,0.0368,0.0643,0.5721,0.5673,0.9592
Bmyc,Bmyc,29.5228,-0.0574,0.2681,-0.2141,0.8305,0.9906
Bnc1,Bnc1,21.2435,-0.3284,0.6054,-0.5424,0.5875,0.964
Bnc2,Bnc2,877.9549,0.0749,0.1052,0.7115,0.4768,0.949
Bnip1,Bnip1,624.9914,-0.1312,0.0669,-1.9614,0.0498,0.7227
Bnip2,Bnip2,6513.0823,0.0506,0.0802,0.6311,0.528,0.9565
Bnip3,Bnip3,4711.639,-0.6886,0.3604,-1.9105,0.0561,0.743
Bnip3l,Bnip3l,4460.0167,-0.1696,0.1453,-1.1668,0.2433,0.8923
Bnipl,Bnipl,1.8242,2.8135,1.3902,2.0239,0.043,
Boc,Boc,923.4587,0.0086,0.0927,0.0928,0.9261,0.9957
Bod1,Bod1,2150.7455,-0.1088,0.0857,-1.2699,0.2041,0.8854
Bod1l,Bod1l,672.2607,0.199,0.1435,1.3867,0.1655,0.8598
Bok,Bok,2113.4044,-0.0376,0.1618,-0.2327,0.816,0.989
Bola1,Bola1,310.0686,0.0991,0.1075,0.9213,0.3569,0.9295
Bola2,Bola2,319.3386,-0.1279,0.1106,-1.1564,0.2475,0.8923
Bola3,Bola3,494.2298,0.0139,0.1264,0.1103,0.9122,0.9943
Bop1,Bop1,4045.8583,-0.0578,0.0828,-0.699,0.4846,0.9515
Bora,Bora,338.9527,0.0264,0.1304,0.2023,0.8396,0.9906
Borg,Borg,2.0313,-0.8735,1.0323,-0.8462,0.3975,
Bpgm,Bpgm,1006.7452,-0.0975,0.0843,-1.1569,0.2473,0.8923
Bphl,Bphl,643.6495,-0.0146,0.0785,-0.1859,0.8525,0.9906
Bpi,Bpi,0.7684,-2.8768,1.755,-1.6392,0.1012,
Bpifb1,Bpifb1,2.6038,-0.1534,1.1658,-0.1316,0.8953,
Bpnt1,Bpnt1,1248.3198,0.0595,0.0841,0.7079,0.479,0.9498
Bptf,Bptf,2201.2778,0.0905,0.1485,0.6094,0.5422,0.9571
Braf,Braf,596.0141,0.0472,0.1764,0.2674,0.7891,0.9865
Brap,Brap,2979.7548,-0.0331,0.0437,-0.7572,0.4489,0.9455
Brat1,Brat1,927.9718,-0.0538,0.0734,-0.7327,0.4638,0.9483
Brca1,Brca1,513.6822,-0.07,0.2277,-0.3074,0.7585,0.9849
Brca2,Brca2,163.0354,0.2759,0.2166,1.2738,0.2027,0.8841
Brcc3,Brcc3,560.8539,0.0128,0.077,0.1662,0.868,0.9906
Brd1,Brd1,2859.7407,0.0671,0.0433,1.5491,0.1214,0.8127
Brd2,Brd2,7602.2308,-0.0088,0.0604,-0.1461,0.8838,0.9914
Brd3,Brd3,2432.1078,0.0995,0.0638,1.5604,0.1187,0.8127
Brd4,Brd4,3468.4599,0.0032,0.057,0.0554,0.9558,0.9974
Brd7,Brd7,3440.8761,0.0019,0.0752,0.0247,0.9803,0.9982
Brd8,Brd8,2013.3309,0.0227,0.0593,0.383,0.7017,0.9737
Brd9,Brd9,1297.1189,0.0785,0.068,1.1553,0.248,0.8923
Brdt,Brdt,32.1072,0.0269,0.2426,0.111,0.9116,0.9943
Bre,Bre,1673.0734,0.0571,0.1001,0.5701,0.5686,0.9596
Brf1,Brf1,1512.1672,-0.022,0.0561,-0.3922,0.6949,0.9731
Brf2,Brf2,497.6266,0.0536,0.0897,0.5979,0.5499,0.9571
Bri3,Bri3,971.4323,-0.0667,0.0715,-0.9328,0.3509,0.9271
Bri3bp,Bri3bp,1331.5174,0.0278,0.109,0.2554,0.7984,0.9871
Brinp1,Brinp1,7.3269,-0.3728,0.5299,-0.7036,0.4817,
Brinp3,Brinp3,6250.0734,0.1934,0.1292,1.4965,0.1345,0.826
Brip1,Brip1,291.341,-0.1461,0.2583,-0.5658,0.5715,0.9612
Brip1os,Brip1os,2493.2257,-0.0226,0.1117,-0.2019,0.84,0.9906
Brix1,Brix1,2557.0474,0.0203,0.0687,0.2952,0.7679,0.985
Brk1,Brk1,3548.1374,0.0074,0.0773,0.0956,0.9238,0.9957
Brms1,Brms1,706.5634,-0.1633,0.0748,-2.1825,0.0291,0.641
Brms1l,Brms1l,1395.7698,0.0783,0.0587,1.3332,0.1825,0.8711
Brox,Brox,4064.6526,0.1656,0.0838,1.9753,0.0482,0.7227
Brpf1,Brpf1,1377.2529,0.1314,0.0689,1.9066,0.0566,0.7442
Brpf3,Brpf3,613.4662,0.0981,0.0924,1.0613,0.2885,0.9079
Brsk1,Brsk1,351.732,0.0153,0.1121,0.137,0.891,0.992
Brsk2,Brsk2,0.6778,-0.5749,2.2909,-0.251,0.8018,
Brwd1,Brwd1,1764.3893,-0.0481,0.1098,-0.438,0.6614,0.9702
Brwd3,Brwd3,177.6853,-0.0478,0.236,-0.2025,0.8395,0.9906
Bscl2,Bscl2,69.7055,0.2918,0.178,1.6392,0.1012,0.7908
Bsdc1,Bsdc1,1649.8601,-0.0806,0.0748,-1.0783,0.2809,0.9074
Bsg,Bsg,27037.2014,-0.1164,0.0804,-1.4487,0.1474,0.8425
Bsn,Bsn,110.6712,0.2159,0.1759,1.2275,0.2196,0.8877
Bspry,Bspry,41.1242,0.0286,0.2536,0.1128,0.9102,0.9942
Bst1,Bst1,0.577,1.8169,1.9129,0.9498,0.3422,
Bst2,Bst2,497.2507,-0.2994,0.1533,-1.9528,0.0508,0.7259
Btaf1,Btaf1,1001.2761,0.073,0.1702,0.4287,0.6681,0.9702
Btbd1,Btbd1,3130.4095,0.0324,0.05,0.6475,0.5173,0.9548
Btbd10,Btbd10,871.5727,-0.0183,0.0859,-0.2136,0.8309,0.9906
Btbd11,Btbd11,531.6977,-0.1588,0.1411,-1.1256,0.2603,0.8968
Btbd17,Btbd17,157.0224,-0.1953,0.1594,-1.2251,0.2205,0.8877
Btbd18,Btbd18,3.4605,-0.0016,0.7428,-0.0021,0.9983,
Btbd19,Btbd19,485.6695,-0.0696,0.1024,-0.6804,0.4963,0.9515
Btbd2,Btbd2,1932.5138,-0.0152,0.0681,-0.2231,0.8235,0.9893
Btbd3,Btbd3,511.2973,-0.0267,0.1355,-0.1971,0.8437,0.9906
Btbd6,Btbd6,700.587,0.0593,0.0861,0.6888,0.4909,0.9515
Btbd7,Btbd7,1010.6269,-0.0223,0.0887,-0.2513,0.8016,0.9871
Btbd8,Btbd8,11.075,0.1585,0.4951,0.3201,0.7489,
Btbd9,Btbd9,1158.9615,-0.0429,0.0659,-0.6518,0.5146,0.9548
Btc,Btc,40.9716,0.1505,0.3039,0.4952,0.6205,0.966
Btd,Btd,1412.3846,-0.0068,0.0639,-0.1064,0.9153,0.9949
Btf3,Btf3,10268.6754,-0.0064,0.082,-0.078,0.9378,0.9971
Btf3l4,Btf3l4,1649.6832,0.0801,0.1009,0.794,0.4272,0.9431
Btg1,Btg1,7335.4687,0.0343,0.0721,0.475,0.6348,0.9681
Btg2,Btg2,1693.0816,-0.0166,0.0977,-0.17,0.865,0.9906
Btg3,Btg3,28.943,0.0625,0.379,0.1648,0.8691,0.9906
Btla,Btla,84.7602,-0.0627,0.1605,-0.3906,0.6961,0.9731
Btn1a1,Btn1a1,2.5219,-1.0403,0.8957,-1.1615,0.2455,
Btn2a2,Btn2a2,15.323,-0.0495,0.3759,-0.1318,0.8952,
Btrc,Btrc,1237.8162,-0.0204,0.0586,-0.3478,0.728,0.9796
Bub1,Bub1,763.855,-0.0717,0.2479,-0.2893,0.7723,0.985
Bub1b,Bub1b,2163.0894,-0.1652,0.1237,-1.3357,0.1816,0.8711
Bub3,Bub3,3506.1167,-0.0615,0.0607,-1.014,0.3106,0.9173
Bud13,Bud13,506.7793,-0.0901,0.0849,-1.0616,0.2884,0.9079
Bud31,Bud31,2008.0677,-0.126,0.0903,-1.3953,0.1629,0.8598
Bves,Bves,3605.1695,-0.0545,0.0487,-1.1183,0.2634,0.8981
Bvht,Bvht,155.7071,0.4946,0.2273,2.1763,0.0295,0.6423
Bysl,Bysl,1632.6435,-0.0564,0.0842,-0.6698,0.503,0.9515
Bzrap1,Bzrap1,31.2417,-0.1232,0.294,-0.419,0.6752,0.9711
Bzw1,Bzw1,9269.1402,0.0256,0.0632,0.406,0.6847,0.9717
Bzw2,Bzw2,2176.6692,-0.0466,0.0929,-0.502,0.6156,0.966
C030006K11Rik,C030006K11Rik,537.4032,-0.0146,0.0997,-0.1462,0.8838,0.9914
C030013C21Rik,C030013C21Rik,0.5687,1.6808,2.3073,0.7285,0.4663,
C030016D13Rik,C030016D13Rik,4.0682,0.7682,1.3065,0.588,0.5565,
C030034I22Rik,C030034I22Rik,36.07,0.3467,0.2779,1.2476,0.2122,0.8877
C030037D09Rik,C030037D09Rik,45.682,-0.011,0.2579,-0.0428,0.9659,0.9974
C030039L03Rik,C030039L03Rik,137.7406,0.1484,0.1403,1.0581,0.29,0.9079
C130021I20Rik,C130021I20Rik,0.4807,-0.9468,2.3285,-0.4066,0.6843,
C130026I21Rik,C130026I21Rik,2.4843,-1.0811,1.1202,-0.9651,0.3345,
C130036L24Rik,C130036L24Rik,4.8465,-0.8157,0.6685,-1.2201,0.2224,
C130046K22Rik,C130046K22Rik,1.143,-0.529,1.4668,-0.3606,0.7184,
C130050O18Rik,C130050O18Rik,4.5916,0.8858,0.6823,1.2982,0.1942,
C130060C02Rik,C130060C02Rik,4.9273,0.7443,0.7181,1.0366,0.2999,
C130080G10Rik,C130080G10Rik,105.9042,-0.0691,0.1738,-0.3973,0.6911,0.9731
C130083M11Rik,C130083M11Rik,51.5618,0.3995,0.2226,1.7948,0.0727,0.7672
C1d,C1d,1678.3468,-0.0185,0.067,-0.2761,0.7825,0.985
C1galt1,C1galt1,351.2741,-0.0406,0.1994,-0.2037,0.8386,0.9906
C1galt1c1,C1galt1c1,1013.4441,-0.0037,0.0802,-0.0458,0.9635,0.9974
C1qbp,C1qbp,3814.6363,-0.0591,0.0908,-0.6505,0.5153,0.9548
C1ql1,C1ql1,30.8584,-0.3111,0.305,-1.02,0.3077,0.9169
C1ql3,C1ql3,1.631,0.8846,1.0756,0.8225,0.4108,
C1ql4,C1ql4,4.1438,0.4548,0.6593,0.6898,0.4903,
C1qtnf1,C1qtnf1,1927.3962,-0.0305,0.1253,-0.2434,0.8077,0.9881
C1qtnf2,C1qtnf2,2.6923,-0.801,0.8934,-0.8966,0.3699,
C1qtnf3,C1qtnf3,30567.3208,-0.1691,0.1533,-1.1029,0.2701,0.9027
C1qtnf4,C1qtnf4,4.139,-0.8847,0.7365,-1.2012,0.2297,
C1qtnf6,C1qtnf6,3320.4964,-0.0861,0.0628,-1.3716,0.1702,0.8614
C1qtnf7,C1qtnf7,0.5879,0.0929,1.9334,0.0481,0.9617,
C1ra,C1ra,5224.4643,0.2284,0.1175,1.9441,0.0519,0.7276
C1rb,C1rb,420.2659,0.0431,0.1752,0.2459,0.8058,0.9876
C1rl,C1rl,894.5901,0.1557,0.0988,1.5753,0.1152,0.8127
C1s1,C1s1,15607.3463,0.1921,0.1226,1.5667,0.1172,0.8127
C1s2,C1s2,1171.7581,0.2525,0.199,1.269,0.2044,0.8854
C2,C2,2.312,0.9842,0.922,1.0674,0.2858,
C230024C17Rik,C230024C17Rik,1.0612,1.0296,1.5136,0.6802,0.4964,
C230035I16Rik,C230035I16Rik,20.4225,0.5187,0.364,1.4249,0.1542,0.8501
C230037L18Rik,C230037L18Rik,1.9364,-0.5222,1.247,-0.4188,0.6754,
C230091D08Rik,C230091D08Rik,258.4738,0.1064,0.2063,0.5157,0.6061,0.966
C2cd2,C2cd2,534.0524,-0.04,0.0808,-0.4955,0.6203,0.966
C2cd2l,C2cd2l,557.6633,-0.0773,0.0898,-0.8608,0.3894,0.933
C2cd3,C2cd3,846.9534,-0.0505,0.0894,-0.5646,0.5724,0.9614
C2cd4a,C2cd4a,3.5353,0.3577,0.8799,0.4066,0.6843,
C2cd4c,C2cd4c,9.8033,-0.6587,0.4765,-1.3823,0.1669,
C2cd5,C2cd5,732.9151,0.0172,0.072,0.2395,0.8107,0.9886
C3,C3,21728.323,0.133,0.1205,1.1034,0.2698,0.9027
C330006A16Rik,C330006A16Rik,1679.8169,-0.0428,0.0573,-0.7468,0.4552,0.9482
C330007P06Rik,C330007P06Rik,1192.2045,0.092,0.0891,1.0315,0.3023,0.9164
C330013E15Rik,C330013E15Rik,30.1597,-0.0972,0.2976,-0.3266,0.744,0.9833
C330013J21Rik,C330013J21Rik,6.7732,-0.2718,0.587,-0.4631,0.6433,
C330018D20Rik,C330018D20Rik,488.0966,0.0906,0.0858,1.0563,0.2908,0.9079
C330021F23Rik,C330021F23Rik,171.3022,0.0046,0.1215,0.0382,0.9695,0.9974
C330024C12Rik,C330024C12Rik,1.9145,0.4745,1.0115,0.4691,0.639,
C330027C09Rik,C330027C09Rik,805.7276,-0.0915,0.1926,-0.4749,0.6349,0.9681
C3ar1,C3ar1,13.4989,-0.5879,0.4044,-1.4536,0.1461,
C430002N11Rik,C430002N11Rik,10.2196,0.0574,0.4447,0.1291,0.8973,
C430049B03Rik,C430049B03Rik,171.6084,-0.1557,0.1222,-1.274,0.2026,0.8841
C4a,C4a,52.3871,0.0204,0.2133,0.0957,0.9237,0.9957
C4b,C4b,4.6694,-0.4112,0.7874,-0.5222,0.6015,
C530005A16Rik,C530005A16Rik,10.9097,0.3001,0.4974,0.6033,0.5463,
C530008M17Rik,C530008M17Rik,254.3574,-0.03,0.2008,-0.1492,0.8814,0.9914
C630043F03Rik,C630043F03Rik,26.5191,0.0662,0.3605,0.1837,0.8542,0.9906
C730002L08Rik,C730002L08Rik,0.4829,1.4601,2.0207,0.7226,0.47,
C77080,C77080,3361.621,0.0405,0.0725,0.5583,0.5767,0.9625
C87436,C87436,615.877,0.015,0.0809,0.1858,0.8526,0.9906
C8a,C8a,0.7741,-1.1692,1.8733,-0.6241,0.5326,
C8g,C8g,56.878,0.2115,0.2197,0.9626,0.3357,0.921
C9,C9,1.0587,0.0861,1.7069,0.0505,0.9598,
C920006O11Rik,C920006O11Rik,7.4163,0.4832,0.5109,0.9456,0.3443,
C920009B18Rik,C920009B18Rik,154.9887,0.0442,0.1435,0.3081,0.758,0.9849
C920021L13Rik,C920021L13Rik,10.7846,0.1225,0.4151,0.295,0.768,
C920025E04Rik,C920025E04Rik,205.4534,-0.0468,0.105,-0.4458,0.6558,0.9691
Caap1,Caap1,331.3617,0.0448,0.1294,0.3461,0.7292,0.9797
Cab39,Cab39,2997.534,0.0638,0.1161,0.5497,0.5825,0.964
Cab39l,Cab39l,1416.1857,-0.0442,0.086,-0.5142,0.6071,0.966
Cabin1,Cabin1,2982.1007,0.0112,0.072,0.1559,0.8761,0.9914
Cables1,Cables1,126.248,-0.1658,0.1682,-0.9856,0.3243,0.9197
Cables2,Cables2,668.3328,0.0612,0.0744,0.8233,0.4103,0.9377
Cabp1,Cabp1,0.8732,-0.4452,1.6037,-0.2776,0.7813,
Cabp4,Cabp4,3.6424,1.4143,0.8589,1.6467,0.0996,
Cabyr,Cabyr,20.3635,0.2646,0.3175,0.8335,0.4046,0.9365
Cacfd1,Cacfd1,1110.1756,-0.0158,0.0705,-0.2238,0.8229,0.9893
Cachd1,Cachd1,543.8825,0.0523,0.089,0.588,0.5565,0.9576
Cacna1a,Cacna1a,86.3393,0.3338,0.1971,1.6934,0.0904,0.7842
Cacna1b,Cacna1b,67.244,-0.1837,0.2009,-0.9144,0.3605,0.9295
Cacna1d,Cacna1d,0.5776,1.8169,1.9125,0.95,0.3421,
Cacna1g,Cacna1g,355.0324,-0.052,0.1378,-0.3771,0.7061,0.9744
Cacna1h,Cacna1h,1.1661,-0.5545,1.3171,-0.421,0.6737,
Cacna1i,Cacna1i,1.1509,-1.6183,1.4421,-1.1222,0.2618,
Cacna1s,Cacna1s,2005.3746,-0.1235,0.1423,-0.8678,0.3855,0.9315
Cacna2d1,Cacna2d1,2268.8561,0.1626,0.132,1.2311,0.2183,0.8877
Cacna2d2,Cacna2d2,18.2827,-0.1879,0.4272,-0.4399,0.66,
Cacna2d3,Cacna2d3,0.3901,0.156,2.5021,0.0623,0.9503,
Cacnb1,Cacnb1,2400.3625,-0.2067,0.1117,-1.8499,0.0643,0.7574
Cacnb2,Cacnb2,65.3795,0.4381,0.2027,2.1608,0.0307,0.6516
Cacnb3,Cacnb3,3170.6515,-0.1371,0.0721,-1.8997,0.0575,0.7477
Cacnb4,Cacnb4,11.3819,-0.2121,0.4071,-0.5212,0.6023,
Cacng1,Cacng1,4698.1576,-0.1329,0.0763,-1.7414,0.0816,0.7744
Cacng4,Cacng4,3.7426,0.6293,0.7475,0.842,0.3998,
Cacng6,Cacng6,43.5359,-0.0025,0.2722,-0.0092,0.9927,0.9993
Cacng7,Cacng7,6.3613,-0.182,0.5702,-0.3192,0.7495,
Cacng8,Cacng8,1.8159,-0.0268,1.1773,-0.0228,0.9818,
Cactin,Cactin,1319.5661,-0.1013,0.0614,-1.6485,0.0992,0.7895
Cacul1,Cacul1,1933.605,0.0077,0.0886,0.0867,0.9309,0.9957
Cacybp,Cacybp,3295.2504,0.1329,0.0682,1.9482,0.0514,0.7276
Cad,Cad,3209.5498,0.0364,0.0744,0.4893,0.6246,0.9673
Cadm1,Cadm1,532.0862,0.2652,0.1512,1.7536,0.0795,0.7694
Cadm2,Cadm2,1.6248,1.5154,1.6361,0.9262,0.3543,
Cadm3,Cadm3,15.3862,0.0129,0.3947,0.0328,0.9739,
Cadm4,Cadm4,656.9834,-0.2339,0.1619,-1.4444,0.1486,0.8436
Cage1,Cage1,63.3489,-0.1213,0.1921,-0.6311,0.528,0.9565
Cahm,Cahm,12.9408,0.0615,0.4735,0.1299,0.8966,
Calca,Calca,0.6764,-1.6566,1.8134,-0.9135,0.361,
Calcb,Calcb,1.8339,-0.319,1.2019,-0.2654,0.7907,
Calcoco1,Calcoco1,6602.9956,0.0318,0.0996,0.319,0.7497,0.9843
Calcrl,Calcrl,248.0637,-0.3038,0.3063,-0.992,0.3212,0.9197
Cald1,Cald1,19859.2375,0.0933,0.1026,0.9096,0.363,0.9295
Calhm2,Calhm2,1.9359,0.6413,1.1039,0.581,0.5613,
Calm1,Calm1,19482.3717,-0.0692,0.062,-1.1162,0.2643,0.8981
Calm2,Calm2,14838.9545,-0.0323,0.0621,-0.5195,0.6034,0.966
Calm3,Calm3,10148.0697,-0.1009,0.0513,-1.966,0.0493,0.7227
Calml3,Calml3,2.2936,-1.6022,1.2874,-1.2445,0.2133,
Calml4,Calml4,115.71,-0.3342,0.1506,-2.2192,0.0265,0.6361
Calr,Calr,60198.0653,-0.0561,0.0783,-0.7167,0.4735,0.949
Calr3,Calr3,39.0951,0.0031,0.2959,0.0104,0.9917,0.9993
Calr4,Calr4,25.9886,-0.6348,0.3391,-1.8719,0.0612,0.7521
Calu,Calu,38114.3144,-0.0048,0.0465,-0.1025,0.9184,0.9955
Caly,Caly,0.4812,0.074,2.4228,0.0305,0.9756,
Camk1,Camk1,1529.7458,-0.0389,0.0544,-0.7141,0.4752,0.949
Camk1d,Camk1d,155.4965,-0.1505,0.1643,-0.9158,0.3598,0.9295
Camk1g,Camk1g,714.1091,-0.0531,0.1172,-0.4531,0.6505,0.9684
Camk2a,Camk2a,1613.6243,-0.1545,0.1318,-1.1721,0.2412,0.8923
Camk2b,Camk2b,181.7866,-0.1429,0.2769,-0.516,0.6059,0.966
Camk2d,Camk2d,2110.8504,0.1241,0.0512,2.4247,0.0153,0.5682
Camk2g,Camk2g,4522.3913,0.1305,0.0888,1.4704,0.1415,0.8391
Camk2n1,Camk2n1,59.7444,-0.4742,0.2486,-1.9076,0.0564,0.744
Camk2n2,Camk2n2,116.7817,-0.3719,0.1565,-2.377,0.0175,0.582
Camk4,Camk4,13.5644,-0.3381,0.4242,-0.797,0.4255,
Camkk1,Camkk1,458.3419,0.0509,0.1186,0.4291,0.6679,0.9702
Camkk2,Camkk2,1410.1132,0.11,0.0675,1.6311,0.1029,0.7956
Camkmt,Camkmt,86.0048,-0.0319,0.1675,-0.1906,0.8489,0.9906
Camkv,Camkv,1.9317,-0.7544,1.0387,-0.7263,0.4677,
Caml,Caml,1252.474,0.0101,0.0698,0.1452,0.8845,0.9914
Camp,Camp,41.184,-0.0639,0.3364,-0.19,0.8493,0.9906
Camsap1,Camsap1,2126.1184,0.0001,0.0593,0.0011,0.9992,0.9999
Camsap2,Camsap2,1945.343,0.0156,0.139,0.1124,0.9105,0.9942
Camsap3,Camsap3,7.4545,-0.1188,0.6172,-0.1925,0.8474,
Camta1,Camta1,171.5968,-0.117,0.1349,-0.8676,0.3856,0.9315
Camta2,Camta2,1133.3066,0.042,0.0594,0.7077,0.4791,0.9498
Cand1,Cand1,7994.8059,-0.0313,0.0402,-0.7798,0.4355,0.9455
Cand2,Cand2,2284.5138,0.0798,0.0782,1.0209,0.3073,0.9169
Cant1,Cant1,2588.203,-0.0129,0.0574,-0.2255,0.8216,0.9893
Canx,Canx,16532.5311,-0.0018,0.0862,-0.0203,0.9838,0.9991
Cap1,Cap1,16380.2306,0.0201,0.0714,0.2814,0.7784,0.985
Cap2,Cap2,3006.9852,-0.0509,0.1041,-0.489,0.6248,0.9673
Capg,Capg,7654.6385,-0.1897,0.051,-3.7194,0.0002,0.1137
Capn1,Capn1,2805.9735,-0.1194,0.0803,-1.4867,0.1371,0.8296
Capn10,Capn10,476.8731,-0.0642,0.0904,-0.7103,0.4775,0.949
Capn11,Capn11,13.4307,-0.0941,0.398,-0.2363,0.8132,
Capn12,Capn12,1.1503,-1.6159,1.4419,-1.1207,0.2624,
Capn13,Capn13,0.3846,-1.8819,2.44,-0.7713,0.4405,
Capn15,Capn15,523.4645,0.1447,0.0744,1.9436,0.0519,0.7276
Capn2,Capn2,15386.8714,-0.0984,0.0571,-1.7249,0.0845,0.7762
Capn3,Capn3,621.2611,-0.1148,0.121,-0.9491,0.3426,0.9246
Capn5,Capn5,859.3145,0.0805,0.105,0.7671,0.443,0.9455
Capn6,Capn6,2241.1948,0.0471,0.1356,0.3476,0.7282,0.9796
Capn7,Capn7,1904.8913,0.0726,0.1254,0.5791,0.5625,0.9582
Capn9,Capn9,0.5877,-1.6524,1.8632,-0.8869,0.3752,
Capns1,Capns1,9555.363,-0.1118,0.0435,-2.5669,0.0103,0.4998
Capns2,Capns2,2.5922,1.7508,0.9988,1.753,0.0796,
Caprin1,Caprin1,13586.6962,0.0517,0.0682,0.7581,0.4484,0.9455
Caprin2,Caprin2,211.3572,0.1602,0.1139,1.4069,0.1594,0.8558
Caps2,Caps2,21.5684,0.6175,0.3513,1.7576,0.0788,0.7684
Capza1,Capza1,2647.9536,0.1207,0.172,0.7018,0.4828,0.9515
Capza2,Capza2,8914.036,0.0267,0.0606,0.4396,0.6602,0.9702
Capzb,Capzb,11551.5466,-0.0133,0.0777,-0.1709,0.8643,0.9906
Car1,Car1,3.3756,0.056,0.8651,0.0648,0.9483,
Car10,Car10,0.2938,-0.4606,2.6291,-0.1752,0.8609,
Car11,Car11,218.9052,-0.0255,0.1235,-0.2065,0.8364,0.9906
Car12,Car12,337.6118,-0.6769,0.2739,-2.471,0.0135,0.5435
Car13,Car13,2484.3817,0.1446,0.0779,1.8566,0.0634,0.7562
Car14,Car14,5.4028,-0.2908,0.7426,-0.3916,0.6954,
Car15,Car15,14.7998,-0.7263,0.4389,-1.6548,0.098,
Car2,Car2,210.6517,0.3826,0.1668,2.2934,0.0218,0.6087
Car3,Car3,610.9441,0.2202,0.0982,2.2434,0.0249,0.6305
Car5b,Car5b,2148.6279,-0.0533,0.0746,-0.7144,0.475,0.949
Car6,Car6,8.5565,-1.489,0.861,-1.7294,0.0837,
Car7,Car7,6.949,0.6016,0.5257,1.1444,0.2524,
Car8,Car8,7.5496,0.1199,0.6315,0.1899,0.8494,
Car9,Car9,3059.8935,-0.2562,0.1934,-1.3247,0.1853,0.874
Card10,Card10,94.8643,0.0706,0.1866,0.3782,0.7053,0.9744
Card11,Card11,0.2938,-0.4606,2.6291,-0.1752,0.8609,
Card14,Card14,30.955,-0.329,0.257,-1.2805,0.2004,0.8828
Card6,Card6,716.5898,0.0841,0.0678,1.2405,0.2148,0.8877
Card9,Card9,1.8373,-0.3796,1.0613,-0.3577,0.7206,
Carf,Carf,134.73,-0.1342,0.1971,-0.681,0.4958,0.9515
Carhsp1,Carhsp1,6724.223,-0.1714,0.0527,-3.2507,0.0012,0.2398
Carkd,Carkd,1806.345,-0.0343,0.0838,-0.4099,0.6819,0.9717
Carm1,Carm1,2769.6339,0.0441,0.0529,0.8328,0.405,0.9365
Carns1,Carns1,538.179,0.0813,0.0892,0.9114,0.3621,0.9295
Cars,Cars,2447.7712,-0.0759,0.0819,-0.9272,0.3538,0.9279
Cars2,Cars2,321.6998,-0.1722,0.1518,-1.1343,0.2567,0.8935
Casc1,Casc1,5.7833,-0.9457,0.7106,-1.3309,0.1832,
Casc3,Casc3,2294.2312,-0.0194,0.0554,-0.3497,0.7266,0.9796
Casc4,Casc4,1670.6891,0.2585,0.1091,2.369,0.0178,0.582
Casc5,Casc5,133.9469,0.355,0.2025,1.7532,0.0796,0.7694
Casd1,Casd1,983.6864,0.0532,0.1327,0.401,0.6884,0.9718
Cask,Cask,1262.4408,-0.0419,0.0961,-0.4364,0.6625,0.9702
Caskin1,Caskin1,25.8456,-0.3085,0.3509,-0.8791,0.3794,0.9303
Caskin2,Caskin2,940.9224,0.0206,0.0662,0.311,0.7558,0.9849
Casp1,Casp1,88.3061,0.1032,0.1593,0.6477,0.5172,0.9548
Casp12,Casp12,1395.337,0.0584,0.1237,0.4725,0.6366,0.9681
Casp14,Casp14,14.6363,-0.2478,0.3811,-0.6501,0.5156,
Casp2,Casp2,1023.5039,0.1039,0.1303,0.7974,0.4252,0.9422
Casp3,Casp3,2388.1792,-0.0192,0.0657,-0.2917,0.7705,0.985
Casp4,Casp4,296.2611,0.2113,0.104,2.0318,0.0422,0.7204
Casp6,Casp6,899.2822,-0.1613,0.0625,-2.5822,0.0098,0.4936
Casp7,Casp7,721.7125,0.0482,0.08,0.6019,0.5473,0.9571
Casp8,Casp8,1116.1432,-0.0328,0.1022,-0.3211,0.7481,0.9842
Casp8ap2,Casp8ap2,257.4965,0.2607,0.1589,1.6401,0.101,0.7908
Casp9,Casp9,893.8203,0.087,0.1014,0.8582,0.3908,0.9331
Casq1,Casq1,1742.811,0.058,0.1663,0.3485,0.7275,0.9796
Casq2,Casq2,14615.7836,-0.1752,0.1289,-1.3593,0.174,0.8614
Cass4,Cass4,1.3493,-1.2718,1.3564,-0.9376,0.3484,
Cast,Cast,4705.5085,0.0038,0.0983,0.039,0.9689,0.9974
Casz1,Casz1,252.2997,0.0223,0.1388,0.1607,0.8723,0.991
Cat,Cat,3171.197,0.0807,0.0455,1.7727,0.0763,0.7682
Catip,Catip,3.9431,-0.3261,0.7762,-0.4201,0.6744,
Catsper1,Catsper1,0.5734,1.6909,2.3055,0.7334,0.4633,
Catsper2,Catsper2,77.6212,0.155,0.1785,0.8683,0.3852,0.9315
Catsper3,Catsper3,10.5126,0.035,0.4346,0.0805,0.9359,
Catsperd,Catsperd,4.0275,0.2034,0.815,0.2495,0.803,
Catsperg1,Catsperg1,1.5495,-1.1174,1.1387,-0.9812,0.3265,
Catsperg2,Catsperg2,0.3824,-0.4591,2.463,-0.1864,0.8521,
Cav1,Cav1,13924.4862,0.0612,0.1267,0.4829,0.6291,0.9676
Cav2,Cav2,873.8808,0.1703,0.1438,1.1839,0.2364,0.8923
Cav3,Cav3,1309.226,-0.2569,0.1877,-1.3684,0.1712,0.8614
Cbfa2t2,Cbfa2t2,1509.3186,-0.0288,0.0692,-0.4158,0.6775,0.9717
Cbfa2t3,Cbfa2t3,297.5563,-0.2143,0.1315,-1.63,0.1031,0.7969
Cbfb,Cbfb,5287.0957,-0.0003,0.0741,-0.0037,0.997,0.9995
Cbl,Cbl,466.4807,0.1419,0.0962,1.475,0.1402,0.8366
Cblb,Cblb,1541.3373,0.1014,0.0703,1.4418,0.1494,0.8436
Cblc,Cblc,3.44,1.4738,1.0055,1.4657,0.1427,
Cbll1,Cbll1,646.6748,-0.0243,0.0932,-0.2614,0.7938,0.9871
Cbln1,Cbln1,24.175,-0.3409,0.4169,-0.8176,0.4136,0.9399
Cbln3,Cbln3,11.5646,0.3274,0.4536,0.7217,0.4705,
Cbr1,Cbr1,791.1526,0.0289,0.1051,0.2748,0.7835,0.985
Cbr2,Cbr2,3151.3896,-0.119,0.0906,-1.3139,0.1889,0.874
Cbr3,Cbr3,681.8581,0.1141,0.1446,0.7893,0.4299,0.9448
Cbr4,Cbr4,419.0174,-0.0154,0.0843,-0.1823,0.8553,0.9906
Cbs,Cbs,15.3301,0.4742,0.4096,1.1578,0.2469,
Cbwd1,Cbwd1,687.5899,-0.0501,0.0861,-0.5813,0.561,0.9579
Cbx1,Cbx1,1406.4944,0.0785,0.0833,0.9417,0.3463,0.9253
Cbx2,Cbx2,772.1095,0.0554,0.1296,0.427,0.6694,0.9702
Cbx3,Cbx3,2496.1639,0.151,0.126,1.1982,0.2308,0.8923
Cbx4,Cbx4,1289.2339,0.1628,0.1198,1.3587,0.1742,0.8614
Cbx5,Cbx5,12010.2144,0.0228,0.0802,0.2841,0.7763,0.985
Cbx6,Cbx6,6953.0854,0.1655,0.0966,1.7121,0.0869,0.7807
Cbx7,Cbx7,587.523,0.1543,0.0991,1.5561,0.1197,0.8127
Cbx8,Cbx8,371.0655,-0.0059,0.1116,-0.053,0.9577,0.9974
Cby1,Cby1,1092.8697,0.0352,0.0826,0.4262,0.6699,0.9702
Cc2d1a,Cc2d1a,3104.9266,0.0192,0.0508,0.3779,0.7055,0.9744
Cc2d1b,Cc2d1b,1514.4819,0.0457,0.07,0.6523,0.5142,0.9548
Cc2d2a,Cc2d2a,621.4013,0.0419,0.1028,0.4074,0.6837,0.9717
Ccar1,Ccar1,1479.3374,0.0336,0.1167,0.2876,0.7736,0.985
Ccar2,Ccar2,2163.4745,-0.009,0.0511,-0.1754,0.8608,0.9906
Ccbe1,Ccbe1,1218.1563,0.3387,0.1044,3.2442,0.0012,0.2398
Ccbl1,Ccbl1,222.8347,0.0338,0.1346,0.251,0.8018,0.9871
Ccbl2,Ccbl2,114.6556,-0.0106,0.1411,-0.0752,0.9401,0.9971
Ccdc101,Ccdc101,283.8793,0.0249,0.1185,0.21,0.8337,0.9906
Ccdc102a,Ccdc102a,2443.0146,0.0742,0.1098,0.6759,0.4991,0.9515
Ccdc103,Ccdc103,48.4058,-0.1004,0.2061,-0.4872,0.6261,0.9673
Ccdc105,Ccdc105,0.3836,-0.5409,2.5059,-0.2158,0.8291,
Ccdc106,Ccdc106,17.3208,-0.1771,0.3457,-0.5124,0.6084,
Ccdc107,Ccdc107,603.3934,-0.1257,0.0872,-1.4415,0.1494,0.8437
Ccdc109b,Ccdc109b,708.6215,-0.1308,0.0992,-1.3187,0.1873,0.874
Ccdc110,Ccdc110,0.2938,-0.4606,2.6291,-0.1752,0.8609,
Ccdc112,Ccdc112,177.6263,0.0032,0.1596,0.0201,0.984,0.9991
Ccdc114,Ccdc114,59.5172,0.1397,0.1878,0.744,0.4569,0.9483
Ccdc115,Ccdc115,754.7628,-0.024,0.0737,-0.3259,0.7445,0.9835
Ccdc116,Ccdc116,6.0425,0.0398,0.6066,0.0655,0.9477,
Ccdc117,Ccdc117,1376.1962,-0.0904,0.108,-0.8371,0.4026,0.9365
Ccdc12,Ccdc12,786.723,-0.0393,0.0879,-0.4472,0.6548,0.9687
Ccdc120,Ccdc120,164.754,-0.094,0.1215,-0.7738,0.439,0.9455
Ccdc122,Ccdc122,276.892,0.3098,0.1163,2.6637,0.0077,0.4412
Ccdc124,Ccdc124,1821.6608,-0.1512,0.0832,-1.8166,0.0693,0.7617
Ccdc125,Ccdc125,5.4059,-0.4267,0.6274,-0.68,0.4965,
Ccdc126,Ccdc126,383.3711,0.1085,0.1062,1.0218,0.3069,0.9169
Ccdc127,Ccdc127,2566.6599,0.0301,0.0499,0.6038,0.546,0.9571
Ccdc13,Ccdc13,0.3905,0.1641,2.1375,0.0768,0.9388,
Ccdc130,Ccdc130,692.0778,-0.0574,0.0643,-0.893,0.3719,0.9295
Ccdc132,Ccdc132,1006.1311,-0.0758,0.141,-0.5379,0.5907,0.964
Ccdc134,Ccdc134,1179.638,-0.0573,0.088,-0.6507,0.5152,0.9548
Ccdc136,Ccdc136,496.723,0.0387,0.1093,0.3536,0.7236,0.9788
Ccdc137,Ccdc137,791.3664,-0.034,0.0757,-0.4491,0.6533,0.9685
Ccdc138,Ccdc138,69.9573,0.0494,0.1858,0.2658,0.7904,0.9865
Ccdc14,Ccdc14,287.1761,0.1612,0.1237,1.3032,0.1925,0.8753
Ccdc141,Ccdc141,2427.4213,0.0332,0.1412,0.2354,0.8139,0.9889
Ccdc142,Ccdc142,134.3221,-0.1512,0.138,-1.0957,0.2732,0.904
Ccdc146,Ccdc146,2.2054,0.5034,1.0276,0.4899,0.6242,
Ccdc148,Ccdc148,1.3537,0.7338,1.2966,0.5659,0.5714,
Ccdc149,Ccdc149,18.5683,-0.0494,0.4048,-0.1221,0.9028,
Ccdc15,Ccdc15,31.9977,0.16,0.2995,0.5342,0.5932,0.964
Ccdc150,Ccdc150,10.0854,0.3414,0.5071,0.6734,0.5007,
Ccdc151,Ccdc151,10.241,-0.2489,0.4691,-0.5307,0.5957,
Ccdc152,Ccdc152,33.8075,0.4086,0.2657,1.5376,0.1241,0.815
Ccdc155,Ccdc155,1.3469,-1.2606,1.2456,-1.012,0.3115,
Ccdc157,Ccdc157,1078.1677,0.0302,0.0751,0.4024,0.6874,0.9717
Ccdc159,Ccdc159,80.4925,0.1536,0.1717,0.8942,0.3712,0.9295
Ccdc162,Ccdc162,95.7082,-0.1665,0.1675,-0.994,0.3202,0.9186
Ccdc163,Ccdc163,222.288,0.0326,0.1351,0.2415,0.8092,0.9882
Ccdc166,Ccdc166,102.8042,-0.2559,0.1718,-1.4895,0.1364,0.8275
Ccdc167,Ccdc167,126.1093,0.221,0.1472,1.5019,0.1331,0.826
Ccdc169,Ccdc169,7.0399,-0.0464,0.5349,-0.0868,0.9308,
Ccdc17,Ccdc17,32.1954,0.2616,0.25,1.0463,0.2954,0.9119
Ccdc170,Ccdc170,2.9127,-0.2566,0.9383,-0.2735,0.7845,
Ccdc171,Ccdc171,54.2338,-0.0559,0.2628,-0.2127,0.8316,0.9906
Ccdc173,Ccdc173,21.0237,-0.2096,0.3507,-0.5976,0.5501,0.9571
Ccdc174,Ccdc174,423.9601,0.0344,0.147,0.2343,0.8147,0.9889
Ccdc175,Ccdc175,0.6714,-0.39,1.7669,-0.2207,0.8253,
Ccdc176,Ccdc176,20.2876,0.6429,0.3495,1.8396,0.0658,
Ccdc18,Ccdc18,21.4486,0.0615,0.3182,0.1933,0.8467,0.9906
Ccdc180,Ccdc180,3.8715,0.0135,0.714,0.0189,0.9849,
Ccdc181,Ccdc181,330.6469,-0.0603,0.173,-0.3487,0.7273,0.9796
Ccdc183,Ccdc183,5.0065,-0.4466,0.6165,-0.7245,0.4688,
Ccdc184,Ccdc184,3.0476,0.211,1.0583,0.1994,0.842,
Ccdc186,Ccdc186,401.7407,0.0577,0.1864,0.3093,0.7571,0.9849
Ccdc22,Ccdc22,707.9704,-0.0182,0.0991,-0.1832,0.8546,0.9906
Ccdc23,Ccdc23,1516.4254,-0.0945,0.0737,-1.2827,0.1996,0.8828
Ccdc24,Ccdc24,89.6723,-0.0412,0.2348,-0.1754,0.8608,0.9906
Ccdc25,Ccdc25,853.0308,0.0813,0.1055,0.7704,0.4411,0.9455
Ccdc28a,Ccdc28a,186.6631,0.0116,0.1278,0.0906,0.9278,0.9957
Ccdc28b,Ccdc28b,199.3617,0.0598,0.1463,0.4088,0.6827,0.9717
Ccdc3,Ccdc3,85.007,0.0619,0.1674,0.3696,0.7117,0.9757
Ccdc30,Ccdc30,17.5302,0.2079,0.4467,0.4654,0.6416,
Ccdc32,Ccdc32,732.5933,-0.0024,0.0781,-0.0312,0.9751,0.9975
Ccdc34,Ccdc34,359.7698,0.0407,0.1559,0.2612,0.794,0.9871
Ccdc37,Ccdc37,18.547,0.9683,0.3344,2.8953,0.0038,
Ccdc38,Ccdc38,13.251,-0.009,0.4395,-0.0205,0.9836,
Ccdc39,Ccdc39,31.2772,0.4153,0.3058,1.3583,0.1744,0.8614
Ccdc40,Ccdc40,4.5017,0.2007,0.7395,0.2714,0.7861,
Ccdc42,Ccdc42,0.6714,1.9982,2.186,0.9141,0.3607,
Ccdc42b,Ccdc42b,0.6794,1.121,1.8839,0.595,0.5518,
Ccdc43,Ccdc43,1770.1009,-0.0216,0.0742,-0.2907,0.7712,0.985
Ccdc47,Ccdc47,2841.1545,0.0275,0.1173,0.2345,0.8146,0.9889
Ccdc50,Ccdc50,2688.505,0.0516,0.1474,0.3503,0.7261,0.9796
Ccdc51,Ccdc51,322.271,-0.0254,0.0853,-0.2974,0.7661,0.985
Ccdc53,Ccdc53,1387.1896,-0.0275,0.0628,-0.4383,0.6612,0.9702
Ccdc55,Ccdc55,266.0207,0.0386,0.2156,0.1791,0.8578,0.9906
Ccdc57,Ccdc57,141.0903,0.1186,0.1347,0.8806,0.3785,0.9303
Ccdc58,Ccdc58,650.4123,-0.0558,0.0692,-0.8071,0.4196,0.94
Ccdc59,Ccdc59,1021.9463,0.0047,0.0697,0.0681,0.9457,0.9971
Ccdc6,Ccdc6,2413.3359,0.0236,0.0586,0.4028,0.6871,0.9717
Ccdc60,Ccdc60,11.6554,0.3041,0.4386,0.6932,0.4882,
Ccdc61,Ccdc61,241.4669,-0.1204,0.118,-1.0201,0.3077,0.9169
Ccdc62,Ccdc62,59.4378,0.2743,0.2324,1.1804,0.2378,0.8923
Ccdc63,Ccdc63,0.6706,-0.3878,1.7668,-0.2195,0.8263,
Ccdc64,Ccdc64,73.3396,0.3213,0.203,1.5831,0.1134,0.8127
Ccdc64b,Ccdc64b,0.9555,-1.185,1.5244,-0.7773,0.437,
Ccdc65,Ccdc65,103.2406,0.001,0.1807,0.0055,0.9956,0.9995
Ccdc66,Ccdc66,336.7701,0.1813,0.1538,1.1788,0.2385,0.8923
Ccdc69,Ccdc69,5.1019,-0.0272,0.605,-0.0449,0.9642,
Ccdc71,Ccdc71,1553.1128,-0.019,0.052,-0.3658,0.7145,0.9766
Ccdc71l,Ccdc71l,441.2634,-0.0178,0.1201,-0.1483,0.8821,0.9914
Ccdc73,Ccdc73,38.3258,0.4032,0.2426,1.6619,0.0965,0.7886
Ccdc74a,Ccdc74a,51.0035,0.3617,0.2315,1.5621,0.1183,0.8127
Ccdc77,Ccdc77,270.43,0.0855,0.111,0.7699,0.4414,0.9455
Ccdc78,Ccdc78,4.7445,-0.5119,0.6489,-0.7888,0.4302,
Ccdc8,Ccdc8,1477.3723,-0.1386,0.095,-1.4588,0.1446,0.8418
Ccdc80,Ccdc80,19063.7762,0.0346,0.0582,0.5941,0.5525,0.9571
Ccdc82,Ccdc82,646.5651,0.2244,0.1997,1.1237,0.2611,0.8968
Ccdc83,Ccdc83,4.2444,0.3715,0.6897,0.5386,0.5902,
Ccdc84,Ccdc84,252.8111,-0.0313,0.102,-0.3063,0.7594,0.9849
Ccdc85b,Ccdc85b,872.5967,0.0785,0.1516,0.5175,0.6048,0.966
Ccdc85c,Ccdc85c,142.3611,-0.0346,0.2003,-0.1727,0.8629,0.9906
Ccdc86,Ccdc86,1121.0865,-0.0276,0.0875,-0.3152,0.7526,0.9849
Ccdc87,Ccdc87,3.6768,-0.6724,0.7663,-0.8774,0.3803,
Ccdc88a,Ccdc88a,254.5654,0.3931,0.1382,2.8431,0.0045,0.3768
Ccdc88b,Ccdc88b,20.3269,0.1166,0.2997,0.3891,0.6972,
Ccdc88c,Ccdc88c,916.2374,0.0935,0.0777,1.2041,0.2285,0.8914
Ccdc89,Ccdc89,17.2402,0.466,0.3393,1.3736,0.1696,
Ccdc9,Ccdc9,717.8851,-0.1143,0.0644,-1.7757,0.0758,0.7682
Ccdc90b,Ccdc90b,734.0522,0.1476,0.1089,1.3559,0.1751,0.8614
Ccdc91,Ccdc91,1390.9407,-0.0824,0.0734,-1.1231,0.2614,0.8968
Ccdc92,Ccdc92,126.3158,-0.0416,0.1333,-0.3119,0.7551,0.9849
Ccdc93,Ccdc93,2263.9571,0.1701,0.0931,1.8261,0.0678,0.7617
Ccdc94,Ccdc94,273.4873,0.0744,0.112,0.6642,0.5066,0.9523
Ccdc96,Ccdc96,27.7048,-0.2559,0.2705,-0.9457,0.3443,0.9246
Ccdc97,Ccdc97,1508.3003,-0.0427,0.0522,-0.8189,0.4128,0.9399
Cchcr1,Cchcr1,592.1815,0.021,0.0938,0.2233,0.8233,0.9893
Ccin,Ccin,4.7391,-0.331,0.6636,-0.4988,0.6179,
Cck,Cck,162.429,-0.1014,0.5999,-0.1691,0.8657,0.9906
Ccl11,Ccl11,51.6311,0.1634,0.2627,0.622,0.5339,0.9571
Ccl17,Ccl17,10.8801,0.402,0.5085,0.7906,0.4292,
Ccl2,Ccl2,795.8543,0.2049,0.1494,1.3711,0.1704,0.8614
Ccl25,Ccl25,45.7499,-0.0581,0.2173,-0.2675,0.789,0.9865
Ccl27a,Ccl27a,0.9635,0.1208,1.4415,0.0838,0.9332,
Ccl3,Ccl3,0.7819,-2.1198,1.8566,-1.1417,0.2536,
Ccl5,Ccl5,34.0491,-0.6405,0.3215,-1.9923,0.0463,0.7227
Ccl6,Ccl6,0.4829,1.4601,2.0207,0.7226,0.47,
Ccl7,Ccl7,1147.137,0.1619,0.2061,0.7855,0.4321,0.9453
Ccl8,Ccl8,111.0941,-0.7671,0.5846,-1.3123,0.1894,0.874
Ccl9,Ccl9,137.4252,0.0885,0.1256,0.7044,0.4812,0.9506
Ccm2,Ccm2,1694.5571,-0.0956,0.0607,-1.5741,0.1155,0.8127
Ccna1,Ccna1,0.6685,-1.5038,1.8963,-0.793,0.4278,
Ccna2,Ccna2,3134.0768,-0.2081,0.2034,-1.0231,0.3063,0.9169
Ccnb1,Ccnb1,2903.6973,-0.2331,0.1711,-1.3625,0.1731,0.8614
Ccnb1ip1,Ccnb1ip1,10.1066,-0.0362,0.5195,-0.0696,0.9445,
Ccnb2,Ccnb2,1785.4272,-0.2372,0.1552,-1.5281,0.1265,0.8164
Ccnb3,Ccnb3,0.5705,-1.1246,1.984,-0.5668,0.5708,
Ccnc,Ccnc,816.4868,-0.0208,0.1405,-0.1478,0.8825,0.9914
Ccnd1,Ccnd1,4664.2571,0.0702,0.1264,0.5549,0.579,0.963
Ccnd2,Ccnd2,564.0562,0.0018,0.1377,0.0129,0.9897,0.9993
Ccnd3,Ccnd3,8243.7146,-0.0845,0.0916,-0.9221,0.3565,0.9295
Ccndbp1,Ccndbp1,1649.9493,-0.0601,0.0563,-1.0685,0.2853,0.9079
Ccne1,Ccne1,683.1675,0.0297,0.1252,0.2373,0.8124,0.9886
Ccne2,Ccne2,132.5214,0.0247,0.3267,0.0755,0.9398,0.9971
Ccnf,Ccnf,1065.9606,-0.0765,0.128,-0.5976,0.5501,0.9571
Ccng1,Ccng1,7007.0152,0.1136,0.101,1.1246,0.2608,0.8968
Ccng2,Ccng2,2703.445,-0.1185,0.0662,-1.7908,0.0733,0.7682
Ccnh,Ccnh,1254.2467,0.1414,0.063,2.2458,0.0247,0.6278
Ccni,Ccni,10311.6999,-0.0478,0.0414,-1.1526,0.2491,0.8923
Ccnj,Ccnj,219.9603,-0.0346,0.1127,-0.3074,0.7586,0.9849
Ccnk,Ccnk,1299.3596,0.0094,0.058,0.163,0.8705,0.9906
Ccnl1,Ccnl1,1304.3983,0.0616,0.1422,0.4329,0.6651,0.9702
Ccnl2,Ccnl2,2223.5365,0.1492,0.0545,2.7366,0.0062,0.4198
Ccno,Ccno,12.3244,-0.1697,0.427,-0.3976,0.691,
Ccnt1,Ccnt1,392.9511,0.168,0.1191,1.4107,0.1583,0.8554
Ccnt2,Ccnt2,731.0708,0.0983,0.1345,0.7309,0.4648,0.9483
Ccny,Ccny,3961.5265,0.0058,0.0476,0.1213,0.9034,0.9939
Ccnyl1,Ccnyl1,1077.4292,-0.0436,0.1113,-0.3915,0.6954,0.9731
Ccp110,Ccp110,426.2031,0.1572,0.193,0.8147,0.4153,0.94
Ccpg1,Ccpg1,2873.8122,0.1461,0.0743,1.9651,0.0494,0.7227
Ccpg1os,Ccpg1os,89.5821,-0.0745,0.1717,-0.4338,0.6645,0.9702
Ccr1,Ccr1,2.2091,-0.7417,0.9864,-0.752,0.4521,
Ccr10,Ccr10,10.2019,-0.8097,0.4744,-1.7067,0.0879,
Ccr7,Ccr7,11.2908,0.2057,0.4139,0.4971,0.6191,
Ccr9,Ccr9,4.2669,0.18,0.7711,0.2334,0.8155,
Ccrl2,Ccrl2,9.321,0.1379,0.4699,0.2934,0.7692,
Ccrn4l,Ccrn4l,534.7562,-0.1083,0.1051,-1.0303,0.3029,0.9164
Ccs,Ccs,817.8468,0.0371,0.1155,0.3216,0.7478,0.9842
Ccsap,Ccsap,163.4381,-0.3061,0.1837,-1.6664,0.0956,0.7876
Ccser1,Ccser1,45.2587,0.331,0.234,1.4145,0.1572,0.852
Ccser2,Ccser2,2137.6078,-0.015,0.1648,-0.0909,0.9276,0.9957
Cct2,Cct2,16164.2978,-0.0393,0.0715,-0.5494,0.5827,0.964
Cct3,Cct3,11629.9352,-0.047,0.0773,-0.6085,0.5429,0.9571
Cct4,Cct4,11319.6835,-0.066,0.0542,-1.2192,0.2228,0.8877
Cct5,Cct5,15487.422,-0.0831,0.063,-1.319,0.1872,0.874
Cct6a,Cct6a,12204.4087,0.0227,0.0824,0.276,0.7825,0.985
Cct6b,Cct6b,12.914,0.0526,0.4545,0.1158,0.9078,
Cct7,Cct7,10325.0746,-0.0407,0.0758,-0.5369,0.5914,0.964
Cct8,Cct8,13538.39,-0.055,0.0687,-0.8004,0.4235,0.9418
Ccz1,Ccz1,1912.9951,0.0709,0.0533,1.3318,0.1829,0.8713
Cd101,Cd101,2.3106,-1.2945,0.9557,-1.3546,0.1756,
Cd109,Cd109,1947.3384,-0.0479,0.078,-0.6145,0.5389,0.9571
Cd14,Cd14,310.6769,-0.1175,0.1333,-0.8809,0.3784,0.9303
Cd151,Cd151,5813.3905,-0.1226,0.0569,-2.1549,0.0312,0.6516
Cd160,Cd160,5.01,0.7262,0.6088,1.1929,0.2329,
Cd163,Cd163,21.0521,0.0886,0.3504,0.2528,0.8004,0.9871
Cd163l1,Cd163l1,0.866,2.4598,1.7157,1.4337,0.1517,
Cd164,Cd164,18770.1075,0.0183,0.0562,0.3258,0.7446,0.9835
Cd164l2,Cd164l2,1.4504,0.3083,1.2371,0.2492,0.8032,
Cd177,Cd177,0.6714,1.9982,2.186,0.9141,0.3607,
Cd1d1,Cd1d1,182.9442,-0.1058,0.1446,-0.7314,0.4646,0.9483
Cd2,Cd2,1.0517,-0.6881,1.5816,-0.4351,0.6635,
Cd200,Cd200,5535.812,0.0726,0.1132,0.6413,0.5213,0.9555
Cd200r1,Cd200r1,3.5532,-1.5184,0.883,-1.7195,0.0855,
Cd200r2,Cd200r2,23.0106,-0.0489,0.3041,-0.1608,0.8722,0.991
Cd200r3,Cd200r3,4.9184,-0.267,0.7091,-0.3764,0.7066,
Cd200r4,Cd200r4,1.4518,-1.493,1.4197,-1.0516,0.293,
Cd244,Cd244,7.666,0.1159,0.5671,0.2043,0.8381,
Cd248,Cd248,1278.1118,-0.0244,0.0891,-0.2742,0.784,0.985
Cd24a,Cd24a,318.2333,-0.1737,0.1147,-1.5139,0.1301,0.8233
Cd27,Cd27,10.3061,-0.0225,0.4738,-0.0475,0.9621,
Cd274,Cd274,10.6387,-0.1104,0.446,-0.2475,0.8046,
Cd276,Cd276,3068.738,-0.0336,0.0747,-0.4493,0.6532,0.9685
Cd28,Cd28,52.6827,-0.1455,0.2281,-0.6379,0.5236,0.9556
Cd2ap,Cd2ap,797.5601,0.2818,0.1225,2.3,0.0214,0.6083
Cd2bp2,Cd2bp2,2583.5797,-0.1162,0.0559,-2.081,0.0374,0.6888
Cd300a,Cd300a,46.3474,-0.1058,0.2543,-0.416,0.6774,0.9717
Cd300lb,Cd300lb,12.4836,-0.7828,0.4633,-1.6895,0.0911,
Cd302,Cd302,1264.8126,0.1213,0.0875,1.3866,0.1656,0.8598
Cd320,Cd320,750.1929,-0.1895,0.0767,-2.4709,0.0135,0.5435
Cd33,Cd33,8.3257,-0.807,0.5689,-1.4186,0.156,
Cd34,Cd34,4393.9599,-0.0075,0.1067,-0.0706,0.9437,0.9971
Cd36,Cd36,377.6333,-0.0928,0.2058,-0.4507,0.6522,0.9684
Cd37,Cd37,4.5939,-0.3807,0.7664,-0.4968,0.6193,
Cd38,Cd38,2.2938,0.9324,1.098,0.8492,0.3958,
Cd3eap,Cd3eap,605.5801,-0.0633,0.0944,-0.6703,0.5027,0.9515
Cd3g,Cd3g,1.252,0.9733,1.5198,0.6404,0.5219,
Cd4,Cd4,0.3815,0.9683,2.475,0.3913,0.6956,
Cd40,Cd40,21.7783,-0.6062,0.4796,-1.264,0.2062,0.886
Cd44,Cd44,13634.6174,-0.2104,0.1183,-1.7795,0.0752,0.7682
Cd46,Cd46,6.642,0.6208,0.6264,0.9911,0.3216,
Cd47,Cd47,2968.0102,0.0158,0.0864,0.183,0.8548,0.9906
Cd48,Cd48,3.2351,1.2027,1.025,1.1734,0.2406,
Cd52,Cd52,0.4814,-1.1304,2.0481,-0.5519,0.581,
Cd53,Cd53,140.6447,-0.3889,0.1378,-2.822,0.0048,0.3853
Cd55,Cd55,388.0585,-0.0598,0.1703,-0.3513,0.7253,0.9796
Cd59a,Cd59a,429.3499,0.1463,0.1006,1.4539,0.146,0.8425
Cd59b,Cd59b,12.365,-0.5661,0.7524,-0.7525,0.4518,
Cd6,Cd6,1.0696,-1.7742,1.4329,-1.2382,0.2156,
Cd63,Cd63,47436.298,-0.0949,0.0693,-1.3687,0.1711,0.8614
Cd68,Cd68,39.5293,-0.1171,0.2696,-0.4342,0.6641,0.9702
Cd69,Cd69,5.5849,-0.1166,0.6152,-0.1895,0.8497,
Cd7,Cd7,40.6401,-0.2343,0.3071,-0.7628,0.4456,0.9455
Cd70,Cd70,0.864,0.4825,1.6652,0.2898,0.772,
Cd72,Cd72,8.1566,0.2222,0.5296,0.4195,0.6749,
Cd74,Cd74,25.8434,-0.2909,0.3331,-0.8733,0.3825,0.9315
Cd79a,Cd79a,2.8014,-0.2172,1.0803,-0.2011,0.8406,
Cd80,Cd80,2292.3134,0.0019,0.0566,0.0343,0.9726,0.9974
Cd81,Cd81,11151.5736,-0.1038,0.071,-1.4623,0.1437,0.8413
Cd82,Cd82,13826.6859,-0.0618,0.0783,-0.79,0.4295,0.9448
Cd83,Cd83,3.6674,0.3545,0.7373,0.4809,0.6306,
Cd9,Cd9,12744.8964,-0.0409,0.0641,-0.6377,0.5237,0.9556
Cd93,Cd93,6.1049,-1.0454,0.7991,-1.3082,0.1908,
Cd99l2,Cd99l2,4150.247,-0.0417,0.053,-0.7865,0.4316,0.9453
Cda,Cda,272.269,0.0781,0.1289,0.6059,0.5446,0.9571
Cdadc1,Cdadc1,1025.2594,-0.0536,0.0789,-0.6792,0.497,0.9515
Cdan1,Cdan1,797.2145,0.0091,0.0711,0.1285,0.8978,0.9927
Cdc123,Cdc123,2409.06,0.0234,0.0552,0.4241,0.6715,0.9705
Cdc14a,Cdc14a,137.8372,0.1894,0.1427,1.3271,0.1845,0.8729
Cdc14b,Cdc14b,846.7308,0.0088,0.1375,0.0644,0.9487,0.9974
Cdc16,Cdc16,5132.4277,0.0217,0.0782,0.2779,0.7811,0.985
Cdc20,Cdc20,2347.8324,-0.2321,0.1383,-1.678,0.0934,0.7872
Cdc23,Cdc23,2807.0587,0.0203,0.0534,0.3793,0.7045,0.9744
Cdc25a,Cdc25a,895.2896,0.0194,0.0821,0.2362,0.8133,0.9888
Cdc25b,Cdc25b,2686.2951,-0.2061,0.0746,-2.7622,0.0057,0.4116
Cdc25c,Cdc25c,449.2352,-0.2803,0.1217,-2.3026,0.0213,0.6068
Cdc26,Cdc26,975.4232,0.0147,0.1174,0.1251,0.9004,0.9931
Cdc27,Cdc27,2310.4282,-0.0095,0.1723,-0.0553,0.9559,0.9974
Cdc34,Cdc34,2862.6543,-0.1327,0.078,-1.6997,0.0892,0.7829
Cdc37,Cdc37,6726.2537,-0.059,0.0642,-0.9198,0.3577,0.9295
Cdc37l1,Cdc37l1,1895.7693,0.1002,0.0801,1.2509,0.211,0.8875
Cdc40,Cdc40,2050.3596,0.0531,0.0749,0.7091,0.4782,0.9498
Cdc42,Cdc42,20953.5983,0.0001,0.0602,0.0012,0.9991,0.9999
Cdc42bpa,Cdc42bpa,2424.5222,0.0236,0.1748,0.1351,0.8925,0.992
Cdc42bpb,Cdc42bpb,4467.882,0.0111,0.058,0.1912,0.8483,0.9906
Cdc42bpg,Cdc42bpg,877.1349,-0.0062,0.0936,-0.0666,0.9469,0.9971
Cdc42ep1,Cdc42ep1,4102.2341,-0.1208,0.1185,-1.0196,0.3079,0.9169
Cdc42ep2,Cdc42ep2,919.8416,-0.1898,0.0853,-2.2258,0.026,0.6337
Cdc42ep3,Cdc42ep3,3823.3588,0.0601,0.0591,1.0161,0.3096,0.917
Cdc42ep4,Cdc42ep4,1162.4655,0.1237,0.106,1.166,0.2436,0.8923
Cdc42ep5,Cdc42ep5,523.3573,-0.0667,0.1068,-0.6248,0.5321,0.9571
Cdc42se1,Cdc42se1,4054.4439,-0.0241,0.0909,-0.265,0.791,0.9865
Cdc42se2,Cdc42se2,2350.292,-0.0331,0.0689,-0.4797,0.6314,0.9681
Cdc45,Cdc45,674.0315,-0.1852,0.1503,-1.232,0.2179,0.8877
Cdc5l,Cdc5l,2944.365,0.0805,0.0824,0.9764,0.3289,0.9197
Cdc6,Cdc6,519.7308,-0.2134,0.2285,-0.9337,0.3505,0.9271
Cdc7,Cdc7,340.6155,0.0758,0.2165,0.3502,0.7262,0.9796
Cdc73,Cdc73,1044.0832,-0.0119,0.1031,-0.115,0.9084,0.9939
Cdca2,Cdca2,868.5313,-0.1407,0.1938,-0.726,0.4678,0.9483
Cdca3,Cdca3,1123.7777,-0.1509,0.1541,-0.9791,0.3275,0.9197
Cdca4,Cdca4,2047.1583,-0.0364,0.0659,-0.553,0.5803,0.9633
Cdca5,Cdca5,504.76,-0.213,0.1873,-1.1373,0.2554,0.8935
Cdca7,Cdca7,613.6829,0.0229,0.1224,0.187,0.8517,0.9906
Cdca7l,Cdca7l,640.7243,0.0416,0.1202,0.346,0.7293,0.9797
Cdca8,Cdca8,1176.4481,-0.2644,0.1684,-1.5698,0.1165,0.8127
Cdcp1,Cdcp1,0.776,-0.4134,1.6546,-0.2499,0.8027,
Cdh1,Cdh1,55.1263,0.0147,0.2179,0.0675,0.9462,0.9971
Cdh10,Cdh10,17.2228,0.4316,0.4004,1.0778,0.2811,
Cdh11,Cdh11,5043.6249,0.211,0.0761,2.7725,0.0056,0.4064
Cdh13,Cdh13,6074.9186,0.05,0.1107,0.4513,0.6518,0.9684
Cdh15,Cdh15,10909.295,-0.2615,0.0881,-2.9673,0.003,0.3408
Cdh17,Cdh17,29.5486,-0.0742,0.2955,-0.251,0.8018,0.9871
Cdh18,Cdh18,539.3698,-0.2615,0.1172,-2.2308,0.0257,0.6337
Cdh2,Cdh2,4667.6891,0.0152,0.0856,0.1781,0.8587,0.9906
Cdh22,Cdh22,0.5801,1.8209,1.9119,0.9524,0.3409,
Cdh23,Cdh23,305.5875,-0.1016,0.1259,-0.8069,0.4197,0.94
Cdh24,Cdh24,266.3581,0.0244,0.2076,0.1178,0.9062,0.9939
Cdh3,Cdh3,5.5351,-0.1524,0.7968,-0.1913,0.8483,
Cdh5,Cdh5,9.1109,-0.3849,0.5295,-0.727,0.4672,
Cdh6,Cdh6,5.9053,-0.4079,0.6679,-0.6107,0.5414,
Cdhr1,Cdhr1,1842.0466,-0.3314,0.2428,-1.3653,0.1722,0.8614
Cdhr3,Cdhr3,0.7677,0.1247,1.7072,0.073,0.9418,
Cdhr5,Cdhr5,2.4241,-0.4325,0.9246,-0.4678,0.64,
Cdip1,Cdip1,1653.0471,0.0601,0.1114,0.5401,0.5892,0.964
Cdipt,Cdipt,2624.536,-0.0424,0.0873,-0.4858,0.6271,0.9673
Cdk1,Cdk1,3713.4762,-0.1345,0.1183,-1.1372,0.2554,0.8935
Cdk10,Cdk10,645.9882,-0.0039,0.0745,-0.0521,0.9585,0.9974
Cdk11b,Cdk11b,2820.6772,0.0226,0.054,0.4192,0.6751,0.9711
Cdk12,Cdk12,1104.3118,0.0224,0.1444,0.155,0.8768,0.9914
Cdk13,Cdk13,1669.5826,-0.0188,0.112,-0.168,0.8666,0.9906
Cdk14,Cdk14,4232.0506,0.2301,0.0726,3.1684,0.0015,0.272
Cdk15,Cdk15,10.0523,-0.8115,0.547,-1.4835,0.1379,
Cdk16,Cdk16,5636.2529,-0.0837,0.0505,-1.6573,0.0975,0.7886
Cdk17,Cdk17,1958.5758,-0.1285,0.0728,-1.7652,0.0775,0.7682
Cdk18,Cdk18,2111.7682,-0.0227,0.0892,-0.2547,0.7989,0.9871
Cdk19,Cdk19,1723.8062,-0.0171,0.0935,-0.1827,0.8551,0.9906
Cdk2,Cdk2,2341.3152,-0.108,0.072,-1.5012,0.1333,0.826
Cdk20,Cdk20,282.4613,-0.0123,0.125,-0.0982,0.9218,0.9957
Cdk2ap1,Cdk2ap1,3291.681,0.1425,0.1969,0.7237,0.4693,0.9483
Cdk2ap2,Cdk2ap2,3951.2152,-0.0053,0.1327,-0.0401,0.968,0.9974
Cdk3-ps,Cdk3-ps,8.3519,0.1653,0.4912,0.3365,0.7365,
Cdk4,Cdk4,8738.1871,-0.0964,0.0405,-2.3778,0.0174,0.582
Cdk5,Cdk5,1441.7886,-0.0373,0.0648,-0.5753,0.5651,0.9588
Cdk5r1,Cdk5r1,560.8267,0.0132,0.1182,0.1113,0.9114,0.9943
Cdk5r2,Cdk5r2,3.3629,-1.3409,0.8704,-1.5405,0.1234,
Cdk5rap1,Cdk5rap1,532.4906,-0.0528,0.0813,-0.6493,0.5161,0.9548
Cdk5rap2,Cdk5rap2,1355.523,-0.0422,0.1226,-0.3439,0.7309,0.98
Cdk5rap3,Cdk5rap3,2150.3463,-0.0812,0.0567,-1.4322,0.1521,0.8487
Cdk6,Cdk6,197.4442,-0.0565,0.1475,-0.3831,0.7017,0.9737
Cdk7,Cdk7,2636.0712,0.1224,0.0697,1.7554,0.0792,0.7694
Cdk8,Cdk8,819.8543,0.1163,0.0803,1.4485,0.1475,0.8425
Cdk9,Cdk9,2610.387,-0.0499,0.0477,-1.0468,0.2952,0.9119
Cdkal1,Cdkal1,500.1764,0.0242,0.0824,0.2932,0.7693,0.985
Cdkl1,Cdkl1,2.0501,-0.8343,1.2014,-0.6944,0.4874,
Cdkl2,Cdkl2,99.792,-0.2021,0.1745,-1.1579,0.2469,0.8923
Cdkl3,Cdkl3,176.6394,0.0282,0.1231,0.229,0.8189,0.9892
Cdkl4,Cdkl4,0.777,-0.9283,1.8399,-0.5046,0.6139,
Cdkl5,Cdkl5,13.5897,-0.3248,0.4032,-0.8056,0.4205,
Cdkn1a,Cdkn1a,36513.0815,-0.1239,0.1116,-1.1105,0.2668,0.8987
Cdkn1b,Cdkn1b,2654.4374,0.1263,0.0954,1.3237,0.1856,0.874
Cdkn1c,Cdkn1c,627.4827,0.11,0.2571,0.4278,0.6688,0.9702
Cdkn2aip,Cdkn2aip,652.038,0.0391,0.0856,0.457,0.6476,0.9684
Cdkn2aipnl,Cdkn2aipnl,1084.6766,0.0607,0.0746,0.8131,0.4162,0.94
Cdkn2c,Cdkn2c,1338.9183,-0.1198,0.1035,-1.1575,0.2471,0.8923
Cdkn2d,Cdkn2d,1055.455,-0.1974,0.1042,-1.8941,0.0582,0.7485
Cdkn3,Cdkn3,251.0112,-0.2359,0.1797,-1.3128,0.1893,0.874
Cdnf,Cdnf,126.0256,0.0361,0.1438,0.2514,0.8015,0.9871
Cdo1,Cdo1,5.7891,-0.1281,0.5968,-0.2146,0.8301,
Cdon,Cdon,14917.7285,0.0439,0.0424,1.0354,0.3005,0.9155
Cdpf1,Cdpf1,212.9758,-0.1712,0.1051,-1.6281,0.1035,0.7971
Cdr2,Cdr2,1230.1401,-0.093,0.0802,-1.1596,0.2462,0.8923
Cdr2l,Cdr2l,1431.0143,-0.1122,0.1158,-0.969,0.3325,0.9205
Cds2,Cds2,4255.7643,-0.0542,0.0716,-0.7559,0.4497,0.9455
Cdsn,Cdsn,155.4283,0.1563,0.2115,0.7392,0.4598,0.9483
Cdt1,Cdt1,631.4815,-0.2051,0.1416,-1.4484,0.1475,0.8425
Cdv3,Cdv3,7763.0358,0.0297,0.1534,0.1933,0.8467,0.9906
Cdx1,Cdx1,7.1949,-0.048,0.5593,-0.0858,0.9316,
Cdyl,Cdyl,886.0514,0.03,0.0583,0.5145,0.6069,0.966
Cdyl2,Cdyl2,119.4521,0.0436,0.1403,0.311,0.7558,0.9849
Ceacam19,Ceacam19,11.1825,-0.4587,0.6089,-0.7532,0.4513,
Cebpa,Cebpa,1181.1522,0.06,0.0887,0.6765,0.4987,0.9515
Cebpb,Cebpb,2215.5855,0.055,0.1396,0.3942,0.6935,0.9731
Cebpd,Cebpd,901.5603,-0.1862,0.3575,-0.5209,0.6024,0.966
Cebpg,Cebpg,1249.8494,0.1109,0.1022,1.0847,0.2781,0.9074
Cebpz,Cebpz,1336.3745,0.1661,0.101,1.6438,0.1002,0.7895
Cebpzos,Cebpzos,135.6117,0.2578,0.2147,1.2006,0.2299,0.8914
Cecr2,Cecr2,2.9851,-0.8072,0.8368,-0.9647,0.3347,
Cecr5,Cecr5,320.089,0.0331,0.0968,0.3417,0.7326,0.9802
Cecr6,Cecr6,0.5713,1.6574,1.9992,0.829,0.4071,
Cela1,Cela1,451.0774,-0.0649,0.0809,-0.8022,0.4225,0.9412
Cela3b,Cela3b,0.5801,-0.4781,1.8015,-0.2654,0.7907,
Celf1,Celf1,4673.8777,0.0665,0.0696,0.9556,0.3393,0.9244
Celf2,Celf2,3046.2629,-0.053,0.1728,-0.3067,0.759,0.9849
Celf3,Celf3,1.5347,0.7194,1.1696,0.6151,0.5385,
Celf4,Celf4,65.046,-0.1099,0.219,-0.5017,0.6159,0.966
Celf5,Celf5,65.2893,-0.2308,0.1827,-1.2636,0.2064,0.886
Celf6,Celf6,1.831,-2.4869,1.2471,-1.9942,0.0461,
Celrr,Celrr,0.3838,-0.4559,2.4613,-0.1852,0.8531,
Celsr1,Celsr1,4.9151,0.0356,0.6913,0.0515,0.9589,
Celsr2,Celsr2,0.58,-2.5176,1.8531,-1.3586,0.1743,
Celsr3,Celsr3,8.7083,-0.5455,0.536,-1.0178,0.3088,
Cemip,Cemip,1362.0858,0.0107,0.102,0.1046,0.9167,0.995
Cend1,Cend1,1.1523,-0.6709,1.4304,-0.4691,0.639,
Cenpa,Cenpa,1557.3227,-0.2267,0.1337,-1.6959,0.0899,0.7842
Cenpb,Cenpb,7726.8155,-0.1006,0.0423,-2.3801,0.0173,0.582
Cenpc1,Cenpc1,834.1394,0.1094,0.1139,0.9602,0.337,0.9217
Cenpe,Cenpe,283.7683,0.1408,0.2239,0.6287,0.5295,0.9568
Cenpf,Cenpf,359.9977,0.2057,0.2157,0.9537,0.3402,0.9244
Cenph,Cenph,259.6756,-0.2027,0.2113,-0.959,0.3375,0.9222
Cenpi,Cenpi,672.346,-0.2464,0.1991,-1.2377,0.2158,0.8877
Cenpj,Cenpj,350.8071,0.1146,0.1585,0.723,0.4697,0.9483
Cenpk,Cenpk,117.4345,0.1276,0.185,0.6899,0.4903,0.9515
Cenpl,Cenpl,486.3153,-0.1122,0.1234,-0.9088,0.3635,0.9295
Cenpm,Cenpm,242.4561,-0.093,0.1942,-0.4791,0.6319,0.9681
Cenpn,Cenpn,347.6467,-0.3326,0.1703,-1.9528,0.0508,0.7259
Cenpo,Cenpo,361.9584,-0.0088,0.1279,-0.0685,0.9454,0.9971
Cenpp,Cenpp,318.3075,-0.2006,0.159,-1.2618,0.207,0.8866
Cenpq,Cenpq,365.997,-0.1247,0.1684,-0.7407,0.4589,0.9483
Cenpt,Cenpt,674.6848,-0.1326,0.0845,-1.5684,0.1168,0.8127
Cenpu,Cenpu,94.0977,0.1387,0.2795,0.4961,0.6198,0.966
Cenpv,Cenpv,186.4797,-0.168,0.1397,-1.2024,0.2292,0.8914
Cenpw,Cenpw,138.0053,0.0094,0.1533,0.061,0.9513,0.9974
Cep104,Cep104,1263.6334,-0.0302,0.0583,-0.5172,0.605,0.966
Cep112,Cep112,54.01,0.2058,0.2898,0.7102,0.4776,0.949
Cep120,Cep120,941.5541,0.0224,0.0661,0.3383,0.7352,0.9806
Cep126,Cep126,9.3509,-0.6766,0.4875,-1.3879,0.1652,
Cep128,Cep128,352.648,0.0626,0.1564,0.4005,0.6888,0.9721
Cep131,Cep131,509.685,-0.0964,0.085,-1.1347,0.2565,0.8935
Cep135,Cep135,194.2356,0.0212,0.23,0.0922,0.9265,0.9957
Cep152,Cep152,273.2111,0.041,0.1438,0.2852,0.7755,0.985
Cep162,Cep162,292.5663,0.1683,0.1699,0.9909,0.3217,0.9197
Cep164,Cep164,1148.6773,0.0543,0.0763,0.7123,0.4763,0.949
Cep170,Cep170,2841.0424,0.0743,0.1588,0.4679,0.6398,0.9681
Cep170b,Cep170b,3466.9902,0.0716,0.0883,0.8117,0.4169,0.94
Cep19,Cep19,422.1042,-0.0293,0.1026,-0.2852,0.7755,0.985
Cep192,Cep192,783.0859,0.0044,0.1558,0.0282,0.9775,0.9976
Cep250,Cep250,1489.7692,0.0857,0.0615,1.3938,0.1634,0.8598
Cep290,Cep290,49.7695,0.5867,0.3463,1.6939,0.0903,0.7842
Cep295,Cep295,344.0746,0.0004,0.1762,0.002,0.9984,0.9999
Cep350,Cep350,817.9415,0.0238,0.2118,0.1123,0.9106,0.9942
Cep41,Cep41,818.6341,0.0695,0.0862,0.8071,0.4196,0.94
Cep44,Cep44,504.2438,0.031,0.0887,0.3492,0.7269,0.9796
Cep55,Cep55,787.2627,-0.1556,0.1384,-1.1247,0.2607,0.8968
Cep57,Cep57,570.6452,0.1011,0.1229,0.8225,0.4108,0.9377
Cep57l1,Cep57l1,411.1576,0.0538,0.0918,0.5858,0.558,0.9579
Cep63,Cep63,695.0764,0.0277,0.0666,0.4166,0.677,0.9717
Cep68,Cep68,1425.4318,0.1564,0.0639,2.446,0.0144,0.562
Cep70,Cep70,154.4744,-0.1259,0.237,-0.5312,0.5952,0.964
Cep72,Cep72,57.9082,-0.2976,0.2087,-1.4264,0.1538,0.8501
Cep76,Cep76,689.4876,0.0523,0.081,0.6454,0.5187,0.9553
Cep78,Cep78,527.8285,0.1805,0.0749,2.4103,0.0159,0.5725
Cep83,Cep83,496.3017,0.0329,0.1312,0.2511,0.8018,0.9871
Cep83os,Cep83os,476.0514,0.1657,0.1108,1.4952,0.1349,0.826
Cep85,Cep85,1120.5644,0.0667,0.0543,1.2283,0.2193,0.8877
Cep85l,Cep85l,34.4841,-0.1928,0.3476,-0.5548,0.5791,0.963
Cep89,Cep89,552.6766,-0.0535,0.0831,-0.644,0.5196,0.9553
Cep95,Cep95,304.2755,0.0144,0.1179,0.1225,0.9025,0.9937
Cep97,Cep97,596.4002,0.0943,0.0882,1.0689,0.2851,0.9079
Cept1,Cept1,2097.4302,0.0091,0.065,0.1397,0.8889,0.992
Cer1,Cer1,0.58,-2.5176,1.8531,-1.3586,0.1743,
Cercam,Cercam,2795.4637,-0.0326,0.0598,-0.5451,0.5857,0.964
Cerk,Cerk,1465.2482,-0.0449,0.0584,-0.769,0.4419,0.9455
Cerkl,Cerkl,9.0571,0.4957,0.5301,0.9351,0.3497,
Cers2,Cers2,6118.8369,-0.0395,0.063,-0.6275,0.5303,0.9568
Cers3,Cers3,6.5684,-0.5542,0.536,-1.0339,0.3012,
Cers4,Cers4,36.6582,-0.42,0.4827,-0.8701,0.3843,0.9315
Cers5,Cers5,3663.152,-0.1222,0.0421,-2.9032,0.0037,0.3479
Cers6,Cers6,1078.4757,0.062,0.1022,0.6062,0.5444,0.9571
Ces1c,Ces1c,0.9614,0.1189,1.4417,0.0825,0.9343,
Ces1d,Ces1d,0.9557,2.5586,1.5835,1.6157,0.1062,
Ces1f,Ces1f,0.4814,-1.1304,2.0481,-0.5519,0.581,
Ces1g,Ces1g,4.0229,-0.2762,0.741,-0.3728,0.7093,
Ces2a,Ces2a,0.3823,2.176,2.4017,0.906,0.3649,
Ces2b,Ces2b,13.7283,-0.2426,0.4127,-0.588,0.5565,
Ces2c,Ces2c,262.9266,0.0365,0.1433,0.2544,0.7992,0.9871
Ces2d-ps,Ces2d-ps,46.8915,0.4248,0.3062,1.3876,0.1653,0.8598
Ces2e,Ces2e,8.8781,-0.619,0.5117,-1.2098,0.2264,
Ces2f,Ces2f,10.3999,-0.261,0.5321,-0.4905,0.6238,
Ces2g,Ces2g,6140.2164,0.2262,0.1256,1.8015,0.0716,0.7617
Ces3a,Ces3a,0.7675,0.4256,1.7081,0.2492,0.8032,
Ces3b,Ces3b,0.6595,0.4235,2.342,0.1808,0.8565,
Ces4a,Ces4a,4.5991,-0.3329,0.7579,-0.4392,0.6605,
Cetn2,Cetn2,1277.1111,-0.0908,0.0607,-1.4946,0.135,0.8264
Cetn3,Cetn3,1106.3867,0.093,0.0964,0.965,0.3346,0.9207
Cetn4,Cetn4,107.7675,-0.0171,0.1618,-0.1055,0.916,0.995
Cfap126,Cfap126,15.3159,0.235,0.388,0.6056,0.5448,
Cfap20,Cfap20,1851.9963,0.0365,0.0811,0.4497,0.653,0.9684
Cfap36,Cfap36,916.8286,0.1213,0.1204,1.0079,0.3135,0.9173
Cfap43,Cfap43,54.5222,0.1265,0.2425,0.5219,0.6017,0.966
Cfap44,Cfap44,2.6011,1.3552,0.9186,1.4753,0.1401,
Cfap46,Cfap46,3.8739,0.3906,0.803,0.4864,0.6267,
Cfap52,Cfap52,7.1274,-0.3034,0.5312,-0.5712,0.5679,
Cfap53,Cfap53,0.8666,0.7634,1.6677,0.4578,0.6471,
Cfap61,Cfap61,1.0584,0.0705,1.586,0.0445,0.9645,
Cfap69,Cfap69,124.6224,0.086,0.1758,0.4889,0.6249,0.9673
Cfap70,Cfap70,4.3035,0.1145,0.7638,0.1499,0.8808,
Cfap74,Cfap74,21.4652,-0.456,0.3115,-1.4639,0.1432,0.8395
Cfap97,Cfap97,662.0461,0.0409,0.1652,0.2477,0.8044,0.9874
Cfb,Cfb,488.4097,-0.0777,0.1108,-0.7016,0.4829,0.9515
Cfdp1,Cfdp1,2240.2693,-0.0398,0.0445,-0.894,0.3713,0.9295
Cfh,Cfh,1701.3925,0.1637,0.248,0.6602,0.5091,0.9528
Cfi,Cfi,0.8711,0.2588,1.8408,0.1406,0.8882,
Cfl1,Cfl1,26847.2313,-0.1449,0.0504,-2.8731,0.0041,0.3664
Cfl2,Cfl2,11453.9188,-0.0132,0.0685,-0.1925,0.8473,0.9906
Cflar,Cflar,2696.1661,0.1347,0.1071,1.2584,0.2083,0.8875
Cfp,Cfp,79.3128,0.0795,0.1799,0.442,0.6585,0.97
Cftr,Cftr,0.4808,-1.1521,2.3822,-0.4836,0.6287,
Cggbp1,Cggbp1,3824.174,0.0442,0.0871,0.5069,0.6122,0.966
Cgn,Cgn,24.66,0.1471,0.3423,0.4298,0.6674,0.9702
Cgnl1,Cgnl1,2093.5656,0.1763,0.104,1.6956,0.09,0.7842
Cgref1,Cgref1,529.553,-0.0152,0.1107,-0.1377,0.8905,0.992
Cgrrf1,Cgrrf1,1005.8465,-0.1129,0.0715,-1.5784,0.1145,0.8127
Ch25h,Ch25h,84.2788,0.1331,0.1696,0.7846,0.4327,0.9453
Chac1,Chac1,470.5958,-0.4653,0.2319,-2.0064,0.0448,0.7227
Chac2,Chac2,219.9638,0.1001,0.128,0.7819,0.4343,0.9453
Chad,Chad,3.6787,0.8505,0.8302,1.0245,0.3056,
Chadl,Chadl,66.4578,-0.0857,0.1815,-0.472,0.6369,0.9681
Chaf1a,Chaf1a,1232.5557,-0.2899,0.1712,-1.6934,0.0904,0.7842
Chaf1b,Chaf1b,470.6262,-0.1005,0.1556,-0.646,0.5183,0.9553
Champ1,Champ1,2007.102,0.1075,0.0747,1.4399,0.1499,0.8444
Chchd1,Chchd1,795.05,-0.0343,0.1049,-0.3274,0.7434,0.9831
Chchd10,Chchd10,221.8727,-0.3878,0.1671,-2.3213,0.0203,0.6047
Chchd2,Chchd2,3794.4548,0.0553,0.1859,0.2974,0.7661,0.985
Chchd3,Chchd3,2504.8319,-0.1157,0.0481,-2.4054,0.0162,0.5731
Chchd4,Chchd4,755.7132,-0.1308,0.0846,-1.5463,0.122,0.8138
Chchd5,Chchd5,540.4755,-0.1057,0.0833,-1.2681,0.2047,0.8854
Chchd6,Chchd6,348.7144,-0.0314,0.1018,-0.3079,0.7581,0.9849
Chchd7,Chchd7,328.4225,-0.0057,0.1237,-0.0463,0.963,0.9974
Chd1,Chd1,1162.0669,-0.0087,0.1518,-0.0575,0.9541,0.9974
Chd1l,Chd1l,465.0819,-0.1653,0.0958,-1.7251,0.0845,0.7762
Chd2,Chd2,1573.2673,0.0206,0.1399,0.1473,0.8829,0.9914
Chd3,Chd3,9693.1495,-0.0481,0.0626,-0.7691,0.4418,0.9455
Chd3os,Chd3os,115.8009,-0.0635,0.1507,-0.4214,0.6734,0.971
Chd4,Chd4,16823.8797,0.0655,0.0792,0.8263,0.4087,0.9377
Chd5,Chd5,16.6704,0.0487,0.3946,0.1235,0.9017,
Chd6,Chd6,1628.2408,0.2132,0.1245,1.7122,0.0869,0.7807
Chd7,Chd7,737.5253,0.1367,0.1016,1.3453,0.1785,0.8666
Chd8,Chd8,3496.5659,0.0894,0.0605,1.4792,0.1391,0.8342
Chd9,Chd9,1470.721,0.1663,0.1427,1.1653,0.2439,0.8923
Chdh,Chdh,12.4826,-0.1238,0.4345,-0.2848,0.7758,
Chek1,Chek1,259.5791,-0.1164,0.2302,-0.5057,0.6131,0.966
Chek2,Chek2,379.5833,-0.203,0.1271,-1.5962,0.1104,0.8103
Cherp,Cherp,2653.8492,-0.0064,0.0513,-0.124,0.9013,0.9934
Chfr,Chfr,1553.7367,0.021,0.0692,0.3034,0.7616,0.9849
Chgb,Chgb,1.7473,-1.078,1.1079,-0.9729,0.3306,
Chic1,Chic1,112.0121,0.1246,0.1938,0.6429,0.5203,0.9555
Chic2,Chic2,1213.4276,-0.0667,0.0645,-1.0332,0.3015,0.9164
Chid1,Chid1,1712.9534,0.0428,0.0875,0.4896,0.6244,0.9673
Chil1,Chil1,71.7643,0.0809,0.2654,0.3049,0.7604,0.9849
Chit1,Chit1,9.8388,-0.632,0.4948,-1.2773,0.2015,
Chka,Chka,757.9655,-0.1213,0.0727,-1.6683,0.0953,0.7876
Chkb,Chkb,0.8671,0.7662,1.6294,0.4702,0.6382,
Chm,Chm,431.9133,-0.0026,0.2064,-0.0124,0.9901,0.9993
Chml,Chml,311.6994,0.2109,0.1723,1.2245,0.2208,0.8877
Chmp1a,Chmp1a,3098.1737,-0.1257,0.0528,-2.3789,0.0174,0.582
Chmp1b,Chmp1b,1212.2865,0.1297,0.1006,1.289,0.1974,0.8806
Chmp2a,Chmp2a,2243.8121,-0.0166,0.0853,-0.1941,0.8461,0.9906
Chmp2b,Chmp2b,2169.1675,0.0669,0.07,0.9555,0.3393,0.9244
Chmp3,Chmp3,4434.4847,-0.0731,0.0546,-1.3391,0.1805,0.8703
Chmp4b,Chmp4b,5787.7626,-0.0416,0.0857,-0.4857,0.6272,0.9673
Chmp4c,Chmp4c,43.6029,-0.2495,0.2368,-1.0537,0.292,0.9088
Chmp5,Chmp5,4141.3504,-0.0345,0.0432,-0.7967,0.4256,0.9422
Chmp6,Chmp6,1432.7608,-0.0644,0.0733,-0.8775,0.3802,0.9303
Chmp7,Chmp7,2389.9775,-0.0671,0.069,-0.9717,0.3312,0.9201
Chn1,Chn1,839.9969,-0.1656,0.1351,-1.2253,0.2204,0.8877
Chn1os3,Chn1os3,13.6685,0.4198,0.3805,1.1031,0.27,
Chn2,Chn2,277.9496,0.0636,0.0949,0.67,0.5029,0.9515
Chodl,Chodl,0.9732,0.5227,1.5164,0.3447,0.7303,
Chordc1,Chordc1,2072.4848,0.0316,0.1246,0.2537,0.7997,0.9871
Chp1,Chp1,4636.4696,0.0213,0.056,0.3815,0.7028,0.9743
Chpf,Chpf,2684.6711,-0.0003,0.0567,-0.0051,0.9959,0.9995
Chpf2,Chpf2,3823.7613,0.1188,0.0851,1.3949,0.1631,0.8598
Chpt1,Chpt1,1205.1424,0.1119,0.0632,1.7698,0.0768,0.7682
Chrac1,Chrac1,1033.2331,-0.0506,0.0754,-0.6707,0.5024,0.9515
Chrd,Chrd,601.8744,-0.2019,0.0884,-2.2823,0.0225,0.6144
Chrdl1,Chrdl1,7496.1842,0.2853,0.1047,2.7247,0.0064,0.4257
Chrm4,Chrm4,80.9221,-0.1576,0.21,-0.7502,0.4531,0.947
Chrna1,Chrna1,28104.4553,-0.1799,0.0867,-2.075,0.038,0.6915
Chrna10,Chrna10,2.3299,0.5961,0.982,0.607,0.5439,
Chrna2,Chrna2,1.3554,1.0553,1.2189,0.8658,0.3866,
Chrna9,Chrna9,0.3846,-1.8819,2.44,-0.7713,0.4405,
Chrnb1,Chrnb1,3158.7275,-0.1765,0.08,-2.2069,0.0273,0.6379
Chrnb2,Chrnb2,23.5745,0.0768,0.4075,0.1884,0.8505,0.9906
Chrnb4,Chrnb4,1.2557,-1.1974,1.258,-0.9518,0.3412,
Chrnd,Chrnd,4119.6773,-0.3407,0.1156,-2.9481,0.0032,0.3423
Chrne,Chrne,8.5731,-0.9272,0.5198,-1.7837,0.0745,
Chrng,Chrng,6020.0492,-0.2282,0.1096,-2.0816,0.0374,0.6888
Chst1,Chst1,838.8891,0.2378,0.1622,1.4667,0.1425,0.8395
Chst10,Chst10,52.369,-0.2452,0.2345,-1.0455,0.2958,0.9119
Chst11,Chst11,2227.5026,0.1014,0.072,1.4091,0.1588,0.8557
Chst12,Chst12,1611.4112,0.077,0.071,1.0839,0.2784,0.9074
Chst13,Chst13,59.395,-0.2451,0.2318,-1.0573,0.2904,0.9079
Chst14,Chst14,1700.8842,0.1179,0.1032,1.1421,0.2534,0.893
Chst15,Chst15,2051.334,0.0288,0.1137,0.2533,0.8,0.9871
Chst2,Chst2,1047.4608,-0.2351,0.1963,-1.1979,0.231,0.8923
Chst3,Chst3,852.4973,-0.0581,0.0897,-0.647,0.5176,0.9549
Chst5,Chst5,20.7722,-0.2039,0.4221,-0.483,0.6291,0.9676
Chst7,Chst7,105.6292,0.0562,0.1646,0.3416,0.7326,0.9802
Chst8,Chst8,6.047,0.142,0.5698,0.2493,0.8031,
Chsy1,Chsy1,3174.1249,-0.042,0.0823,-0.5103,0.6098,0.966
Chsy3,Chsy3,21.0015,-0.0808,0.3028,-0.2667,0.7897,0.9865
Chtf18,Chtf18,417.3252,-0.0798,0.1822,-0.4381,0.6613,0.9702
Chtf8,Chtf8,4258.8739,-0.0214,0.0515,-0.4149,0.6782,0.9717
Chtop,Chtop,6872.8617,-0.044,0.0601,-0.7324,0.4639,0.9483
Chuk,Chuk,1375.0591,0.0489,0.1292,0.3789,0.7047,0.9744
Churc1,Churc1,542.667,-0.0957,0.0892,-1.0729,0.2833,0.9074
Ciao1,Ciao1,1452.1056,-0.0621,0.0689,-0.9019,0.3671,0.9295
Ciapin1,Ciapin1,3204.1256,-0.0342,0.0797,-0.4296,0.6675,0.9702
Ciart,Ciart,69.1762,-0.5262,0.2247,-2.342,0.0192,0.5897
Cib1,Cib1,857.5585,-0.0484,0.1086,-0.4453,0.6561,0.9693
Cib2,Cib2,409.5832,0.1884,0.0923,2.0412,0.0412,0.7111
Cib3,Cib3,0.4884,-1.3079,2.3432,-0.5582,0.5767,
Cic,Cic,2819.6061,-0.0699,0.089,-0.7857,0.432,0.9453
Cidea,Cidea,0.2933,-0.4582,2.6297,-0.1742,0.8617,
Cideb,Cideb,8.2548,-0.2409,0.5743,-0.4194,0.6749,
Cidec,Cidec,0.5683,0.5092,2.3801,0.214,0.8306,
Ciita,Ciita,3.5644,0.6349,0.8237,0.7708,0.4408,
Cilp,Cilp,25376.6184,0.1587,0.1308,1.2131,0.2251,0.8889
Cilp2,Cilp2,27.5236,-0.5323,0.3833,-1.3888,0.1649,0.8598
Cinp,Cinp,1152.3036,-0.0788,0.0816,-0.9659,0.3341,0.9207
Cipc,Cipc,1596.9353,0.0517,0.0795,0.6505,0.5154,0.9548
Cir1,Cir1,393.2034,0.1707,0.1244,1.3722,0.17,0.8614
Cirbp,Cirbp,1832.2475,0.1149,0.1628,0.7061,0.4801,0.9502
Cirh1a,Cirh1a,1922.0359,-0.0354,0.0866,-0.4083,0.683,0.9717
Cisd1,Cisd1,1435.9928,-0.0604,0.0679,-0.8904,0.3732,0.9295
Cisd2,Cisd2,1719.7647,-0.0341,0.08,-0.4266,0.6696,0.9702
Cisd3,Cisd3,483.3695,-0.0822,0.079,-1.0413,0.2977,0.9128
Cish,Cish,30.4172,0.0063,0.283,0.0221,0.9824,0.9986
Cit,Cit,552.4211,-0.0875,0.1815,-0.4822,0.6296,0.9677
Cited1,Cited1,2.6759,-0.5782,0.9491,-0.6092,0.5424,
Cited2,Cited2,5138.884,-0.0758,0.1026,-0.7382,0.4604,0.9483
Cited4,Cited4,0.8656,1.5501,1.792,0.865,0.387,
Ciz1,Ciz1,1729.7715,-0.0482,0.064,-0.7532,0.4513,0.9455
Ckap2,Ckap2,1565.8784,0.0432,0.0832,0.5187,0.604,0.966
Ckap2l,Ckap2l,1810.4831,-0.0614,0.1734,-0.3539,0.7234,0.9788
Ckap4,Ckap4,11950.4098,0.0079,0.0725,0.1089,0.9133,0.9943
Ckap5,Ckap5,3083.8426,-0.0067,0.1862,-0.0357,0.9715,0.9974
Ckb,Ckb,3285.8152,-0.1628,0.1017,-1.6014,0.1093,0.8072
Cklf,Cklf,122.4662,-0.0837,0.1756,-0.4765,0.6337,0.9681
Ckm,Ckm,2388.9188,-0.2458,0.1486,-1.6537,0.0982,0.7891
Ckmt1,Ckmt1,0.3853,0.9701,2.47,0.3928,0.6945,
Ckmt2,Ckmt2,21.0948,-0.32,0.3297,-0.9706,0.3317,0.9202
Cks1b,Cks1b,1652.0085,-0.1839,0.1015,-1.8122,0.07,0.7617
Cks2,Cks2,1220.4503,-0.2811,0.1398,-2.0108,0.0443,0.7227
Clasp1,Clasp1,4284.7315,0.0531,0.0606,0.8752,0.3815,0.9306
Clasp2,Clasp2,1408.474,0.093,0.0734,1.2678,0.2049,0.8854
Clasrp,Clasrp,612.7885,0.0105,0.0786,0.1334,0.8938,0.9923
Clca1,Clca1,6.8502,1.0229,0.5585,1.8317,0.067,
Clca2,Clca2,73.8658,-0.0883,0.2202,-0.4012,0.6883,0.9717
Clca3a1,Clca3a1,12.381,0.1402,0.4304,0.3258,0.7445,
Clca3a2,Clca3a2,2.0238,0.8224,1.034,0.7954,0.4264,
Clca3b,Clca3b,13.4905,0.0267,0.3863,0.0691,0.9449,
Clca4a,Clca4a,2.0205,-0.8506,1.0737,-0.7923,0.4282,
Clca4b,Clca4b,0.9621,0.1298,1.3645,0.0951,0.9242,
Clcc1,Clcc1,1159.6505,0.0363,0.0648,0.5601,0.5754,0.9617
Clcf1,Clcf1,569.3911,0.0204,0.1032,0.1974,0.8435,0.9906
Clcn1,Clcn1,11.1908,0.1268,0.4363,0.2906,0.7714,
Clcn2,Clcn2,234.8057,-0.0794,0.0973,-0.8154,0.4148,0.94
Clcn3,Clcn3,890.3363,-0.0197,0.115,-0.1715,0.8638,0.9906
Clcn4-2,Clcn4-2,2374.565,-0.0087,0.0872,-0.1004,0.92,0.9956
Clcn5,Clcn5,1321.9935,-0.0066,0.1468,-0.0447,0.9643,0.9974
Clcn6,Clcn6,798.3636,0.0314,0.1046,0.3004,0.7639,0.9849
Clcn7,Clcn7,1937.0237,-0.0411,0.0877,-0.4687,0.6393,0.9681
Clcnka,Clcnka,31.7133,-0.7027,0.3545,-1.9822,0.0475,0.7227
Clcnkb,Clcnkb,7.0714,-0.1594,0.5558,-0.2867,0.7743,
Cldn1,Cldn1,21.893,-0.0101,0.3296,-0.0305,0.9756,0.9975
Cldn12,Cldn12,1490.3006,0.1343,0.0867,1.5492,0.1213,0.8127
Cldn14,Cldn14,1.0707,-1.6247,1.5022,-1.0816,0.2794,
Cldn15,Cldn15,20.5194,-0.4983,0.357,-1.396,0.1627,0.8598
Cldn19,Cldn19,2.0237,1.0437,0.9924,1.0517,0.2929,
Cldn2,Cldn2,21.5597,-0.0748,0.3622,-0.2064,0.8365,0.9906
Cldn20,Cldn20,3.0854,-1.6752,1.0015,-1.6727,0.0944,
Cldn22,Cldn22,7.6732,0.2414,0.5136,0.4701,0.6383,
Cldn23,Cldn23,0.8807,0.383,1.7576,0.2179,0.8275,
Cldn3,Cldn3,3.9794,-1.5156,0.9588,-1.5807,0.1139,
Cldn34c1,Cldn34c1,15.3541,0.6029,0.3965,1.5207,0.1283,
Cldn4,Cldn4,1.4459,-2.9799,1.4134,-2.1083,0.035,
Cldn5,Cldn5,1.5562,-0.0069,1.199,-0.0058,0.9954,
Cldn7,Cldn7,0.7659,1.0833,1.6939,0.6395,0.5225,
Cldn9,Cldn9,4.4122,-1.764,0.8058,-2.189,0.0286,
Cldnd1,Cldnd1,2925.0811,0.0719,0.0754,0.9535,0.3403,0.9244
Clec10a,Clec10a,2.115,1.4544,0.9964,1.4597,0.1444,
Clec11a,Clec11a,73.1587,-0.3422,0.1645,-2.0803,0.0375,0.689
Clec14a,Clec14a,0.3844,2.1809,2.3996,0.9089,0.3634,
Clec16a,Clec16a,1957.8452,0.0407,0.0516,0.7888,0.4302,0.9448
Clec1a,Clec1a,3.2635,-1.1943,0.8395,-1.4226,0.1549,
Clec2d,Clec2d,1309.1177,0.0597,0.0885,0.6741,0.5002,0.9515
Clec2e,Clec2e,0.7749,0.3578,1.6335,0.219,0.8266,
Clec2g,Clec2g,0.384,0.9702,2.472,0.3925,0.6947,
Clec2i,Clec2i,0.3846,-1.8819,2.44,-0.7713,0.4405,
Clec2l,Clec2l,10.1692,-0.4053,0.517,-0.784,0.433,
Clec3b,Clec3b,119.3084,0.3246,0.3716,0.8735,0.3824,0.9315
Clec4d,Clec4d,0.4823,0.2778,2.3926,0.1161,0.9076,
Clec4e,Clec4e,0.9639,0.1216,1.4415,0.0843,0.9328,
Clec5a,Clec5a,1.049,1.8738,1.7985,1.0419,0.2975,
Clhc1,Clhc1,2.4102,0.3833,1.0092,0.3798,0.7041,
Clic1,Clic1,10911.2523,-0.2,0.0466,-4.2898,0,0.0261
Clic3,Clic3,88.4022,-0.2462,0.1998,-1.232,0.2179,0.8877
Clic4,Clic4,19408.8552,-0.005,0.0458,-0.1086,0.9136,0.9943
Clic5,Clic5,208.2803,-0.0356,0.19,-0.1875,0.8513,0.9906
Clic6,Clic6,1.0415,1.1494,2.198,0.5229,0.601,
Clint1,Clint1,4149.4535,0.0285,0.05,0.5697,0.5689,0.9596
Clip1,Clip1,3279.2828,0.0799,0.1199,0.6663,0.5052,0.9515
Clip2,Clip2,1800.6535,0.0932,0.084,1.1093,0.2673,0.8995
Clip3,Clip3,1669.0919,0.0813,0.0953,0.8526,0.3939,0.9341
Clip4,Clip4,629.8604,0.2325,0.1027,2.2637,0.0236,0.6236
Clk1,Clk1,2402.5414,0.2526,0.1452,1.74,0.0819,0.7744
Clk2,Clk2,220.5569,0.1298,0.1246,1.0412,0.2978,0.9128
Clk3,Clk3,1845.5885,-0.0583,0.0734,-0.7941,0.4271,0.9431
Clk4,Clk4,1022.7491,-0.038,0.0812,-0.4678,0.6399,0.9681
Clmn,Clmn,283.0787,-0.0449,0.0977,-0.459,0.6462,0.9684
Clmp,Clmp,1224.8896,0.1178,0.1445,0.8152,0.415,0.94
Cln3,Cln3,166.2296,-0.0839,0.1291,-0.6496,0.516,0.9548
Cln5,Cln5,2308.0862,-0.1353,0.0923,-1.4657,0.1427,0.8395
Cln6,Cln6,795.3923,-0.1435,0.0876,-1.6384,0.1013,0.7917
Cln8,Cln8,1580.5927,-0.0814,0.0806,-1.0097,0.3126,0.9173
Clnk,Clnk,0.5682,1.6808,2.3078,0.7283,0.4664,
Clns1a,Clns1a,1777.1643,0.0099,0.0852,0.1157,0.9079,0.9939
Clock,Clock,1227.4396,-0.0342,0.2252,-0.1519,0.8793,0.9914
Clp1,Clp1,476.1249,0.02,0.0744,0.2684,0.7884,0.9865
Clpb,Clpb,1399.459,-0.0772,0.0596,-1.2956,0.1951,0.8802
Clpp,Clpp,979.9705,0.066,0.0919,0.7185,0.4725,0.949
Clptm1,Clptm1,4679.4235,-0.1078,0.07,-1.5398,0.1236,0.8143
Clptm1l,Clptm1l,6153.1112,-0.0345,0.0633,-0.5459,0.5851,0.964
Clpx,Clpx,1628.573,0.1049,0.0648,1.6196,0.1053,0.8
Clrn1,Clrn1,138.4696,-0.083,0.1842,-0.4506,0.6523,0.9684
Clspn,Clspn,624.5317,-0.0303,0.2082,-0.1457,0.8842,0.9914
Clstn1,Clstn1,7215.7519,-0.0101,0.0645,-0.1559,0.8761,0.9914
Clstn2,Clstn2,1.4452,-0.8773,1.1894,-0.7376,0.4608,
Clstn3,Clstn3,88.0926,-0.0389,0.1589,-0.2448,0.8066,0.9878
Clta,Clta,4751.8975,-0.0864,0.0638,-1.3557,0.1752,0.8614
Cltb,Cltb,2060.8976,-0.0996,0.0768,-1.2967,0.1947,0.8801
Cltc,Cltc,16418.0696,0.0295,0.0561,0.5263,0.5987,0.965
Clu,Clu,303.0805,0.1621,0.1422,1.1395,0.2545,0.893
Cluap1,Cluap1,453.8987,-0.1086,0.0911,-1.1921,0.2332,0.8923
Cluh,Cluh,4020.1166,-0.0312,0.0795,-0.3922,0.6949,0.9731
Clvs1,Clvs1,23.7829,0.1745,0.326,0.5351,0.5926,0.964
Clybl,Clybl,781.906,-0.0875,0.0988,-0.886,0.3756,0.9295
Cma1,Cma1,2.2006,-1.1798,1.3053,-0.9039,0.3661,
Cmah,Cmah,406.8984,-0.157,0.172,-0.9128,0.3613,0.9295
Cmas,Cmas,1670.377,-0.0589,0.0618,-0.9533,0.3404,0.9244
Cmbl,Cmbl,197.7631,-0.1984,0.1183,-1.6765,0.0936,0.7872
Cmc1,Cmc1,328.972,-0.0249,0.0926,-0.269,0.7879,0.9865
Cmc2,Cmc2,430.6256,-0.0691,0.0902,-0.7661,0.4436,0.9455
Cmc4,Cmc4,37.1053,0.1661,0.2773,0.599,0.5492,0.9571
Cmip,Cmip,1372.0399,0.001,0.0608,0.0161,0.9872,0.9992
Cmklr1,Cmklr1,1023.5616,-0.3141,0.2019,-1.5554,0.1199,0.8127
Cml1,Cml1,35.661,0.1055,0.2776,0.3799,0.704,0.9744
Cml2,Cml2,1.0632,-0.1715,1.307,-0.1312,0.8956,
Cmpk1,Cmpk1,3433.1702,0.0488,0.083,0.588,0.5566,0.9576
Cmpk2,Cmpk2,6.3349,-0.2942,0.7066,-0.4164,0.6771,
Cmss1,Cmss1,179.8094,0.0135,0.1677,0.0804,0.9359,0.9971
Cmtm3,Cmtm3,1805.1401,0.0365,0.0804,0.4541,0.6498,0.9684
Cmtm4,Cmtm4,2441.1899,0.1208,0.0947,1.2757,0.2021,0.8837
Cmtm6,Cmtm6,1823.9254,-0.0085,0.0575,-0.1475,0.8827,0.9914
Cmtm7,Cmtm7,727.9455,0.0052,0.0955,0.0543,0.9567,0.9974
Cmtm8,Cmtm8,1.2642,0.4418,1.383,0.3194,0.7494,
Cmtr1,Cmtr1,185.3712,0.1524,0.2174,0.701,0.4833,0.9515
Cmtr2,Cmtr2,391.9159,-0.069,0.0953,-0.7241,0.469,0.9483
Cmya5,Cmya5,6.1425,0.5202,0.5592,0.9303,0.3522,
Cnbd2,Cnbd2,48.2852,-0.1184,0.2594,-0.4566,0.648,0.9684
Cnbp,Cnbp,14036.6001,0.0188,0.0646,0.2906,0.7714,0.985
Cndp2,Cndp2,1020.8045,-0.105,0.1109,-0.9471,0.3436,0.9246
Cnep1r1,Cnep1r1,2636.1077,0.1383,0.0874,1.5822,0.1136,0.8127
Cnga2,Cnga2,1.4356,-0.3824,1.5048,-0.2542,0.7994,
Cnga4,Cnga4,0.7743,-2.0323,1.6458,-1.2348,0.2169,
Cngb1,Cngb1,28.2223,-0.7859,0.2905,-2.7057,0.0068,0.4341
Cnih1,Cnih1,4477.6478,-0.055,0.0632,-0.8708,0.3839,0.9315
Cnih2,Cnih2,68.6634,0.155,0.1928,0.804,0.4214,0.941
Cnih3,Cnih3,6.9327,-0.1254,0.5353,-0.2343,0.8147,
Cnih4,Cnih4,2171.3508,-0.0523,0.0635,-0.8227,0.4107,0.9377
Cnksr1,Cnksr1,33.9185,-0.2073,0.2787,-0.7438,0.457,0.9483
Cnksr2,Cnksr2,6.7539,-0.6058,0.5991,-1.011,0.312,
Cnksr3,Cnksr3,1891.2157,-0.0195,0.0751,-0.2589,0.7957,0.9871
Cnn1,Cnn1,317.8719,-0.0736,0.2247,-0.3275,0.7433,0.9831
Cnn2,Cnn2,13498.113,0.08,0.1166,0.6867,0.4923,0.9515
Cnn3,Cnn3,37500.1538,-0.0688,0.0872,-0.7889,0.4302,0.9448
Cnnm2,Cnnm2,512.4558,-0.0963,0.1368,-0.7044,0.4812,0.9506
Cnnm3,Cnnm3,1064.5299,-0.0713,0.0654,-1.0897,0.2758,0.9068
Cnnm4,Cnnm4,669.0571,-0.2155,0.107,-2.0138,0.044,0.7227
Cnot1,Cnot1,9305.9468,0.0833,0.0644,1.2942,0.1956,0.8802
Cnot10,Cnot10,1857.2069,-0.0079,0.0689,-0.1151,0.9084,0.9939
Cnot11,Cnot11,1865.9098,-0.0353,0.0553,-0.6384,0.5232,0.9556
Cnot2,Cnot2,2834.916,0.0799,0.0741,1.0782,0.2809,0.9074
Cnot3,Cnot3,1507.3154,-0.0085,0.0932,-0.0914,0.9271,0.9957
Cnot4,Cnot4,886.365,0.0373,0.136,0.274,0.7841,0.985
Cnot6,Cnot6,3088.965,0.0179,0.1313,0.136,0.8918,0.992
Cnot6l,Cnot6l,2435.4174,-0.0266,0.1638,-0.1623,0.8711,0.9906
Cnot7,Cnot7,2206.7709,-0.0291,0.1169,-0.2492,0.8032,0.9871
Cnot8,Cnot8,2474.98,0.0666,0.0728,0.9154,0.36,0.9295
Cnp,Cnp,983.3711,-0.2067,0.0632,-3.2699,0.0011,0.2398
Cnppd1,Cnppd1,1877.6912,-0.0164,0.0801,-0.2052,0.8374,0.9906
Cnpy2,Cnpy2,3182.7453,0.0494,0.0888,0.5558,0.5784,0.963
Cnpy3,Cnpy3,1788.1224,0.0428,0.0859,0.4984,0.6182,0.966
Cnpy4,Cnpy4,1797.1509,0.0848,0.0763,1.1123,0.266,0.8981
Cnr1,Cnr1,164.9267,0.0206,0.3172,0.0651,0.9481,0.9974
Cnrip1,Cnrip1,166.2769,-0.0005,0.1258,-0.0038,0.9969,0.9995
Cnst,Cnst,1095.3288,0.0205,0.0734,0.2795,0.7799,0.985
Cntd1,Cntd1,15.4515,0.2052,0.3803,0.5395,0.5895,
Cntf,Cntf,3.1724,-0.5467,0.8424,-0.649,0.5163,
Cntfr,Cntfr,53.0226,0.2597,0.2424,1.0714,0.284,0.9074
Cntln,Cntln,329.9128,0.1914,0.1223,1.5647,0.1176,0.8127
Cntn1,Cntn1,0.9527,1.637,1.529,1.0706,0.2843,
Cntn3,Cntn3,12.1559,-0.3344,0.4167,-0.8026,0.4222,
Cntn5,Cntn5,0.9652,-0.5546,1.3837,-0.4008,0.6885,
Cntn6,Cntn6,2.3003,2.0021,1.0097,1.9829,0.0474,
Cntnap1,Cntnap1,146.2662,-0.1065,0.1408,-0.7563,0.4495,0.9455
Cntnap4,Cntnap4,18.5594,-0.1569,0.3683,-0.426,0.6701,
Cntnap5a,Cntnap5a,1.443,-0.2527,1.1688,-0.2162,0.8288,
Cntrl,Cntrl,385.2923,0.0218,0.1824,0.1194,0.905,0.9939
Cntrob,Cntrob,927.3878,-0.0818,0.1048,-0.7799,0.4355,0.9455
Coa3,Coa3,1192.7974,-0.0917,0.0969,-0.9459,0.3442,0.9246
Coa4,Coa4,137.4276,-0.063,0.1408,-0.4471,0.6548,0.9687
Coa5,Coa5,4258.7219,0.02,0.0581,0.3444,0.7305,0.98
Coa6,Coa6,289.1498,-0.1524,0.1054,-1.4457,0.1483,0.8436
Coa7,Coa7,309.6814,-0.0675,0.1041,-0.6487,0.5165,0.9548
Coasy,Coasy,1043.9625,0.0151,0.0893,0.1695,0.8654,0.9906
Cobl,Cobl,2017.1212,-0.1121,0.116,-0.9665,0.3338,0.9207
Cobll1,Cobll1,1041.1645,0.2508,0.1273,1.9699,0.0489,0.7227
Coch,Coch,3.7531,-0.2185,0.7861,-0.2779,0.7811,
Cog1,Cog1,1195.8185,-0.0359,0.0739,-0.4866,0.6265,0.9673
Cog2,Cog2,1063.1216,-0.0545,0.0672,-0.8104,0.4177,0.94
Cog3,Cog3,1899.5754,0.0461,0.0709,0.65,0.5157,0.9548
Cog4,Cog4,2378.7693,-0.0405,0.0511,-0.7912,0.4288,0.9441
Cog5,Cog5,618.7295,0.0621,0.0869,0.7149,0.4747,0.949
Cog6,Cog6,2284.1562,-0.0562,0.0536,-1.0472,0.295,0.9119
Cog7,Cog7,1013.6611,-0.0223,0.0547,-0.408,0.6833,0.9717
Cog8,Cog8,997.4808,-0.0157,0.0585,-0.2686,0.7882,0.9865
Coil,Coil,444.1136,-0.0832,0.0833,-0.9985,0.3181,0.9173
Col10a1,Col10a1,15.0018,0.0979,0.3719,0.2634,0.7923,
Col11a1,Col11a1,216.9038,0.0034,0.4668,0.0073,0.9941,0.9993
Col11a2,Col11a2,31.8473,0.1714,0.3101,0.5528,0.5804,0.9633
Col12a1,Col12a1,75703.5674,0.2158,0.0725,2.9763,0.0029,0.3408
Col13a1,Col13a1,28.9814,-0.2439,0.3808,-0.6406,0.5218,0.9556
Col14a1,Col14a1,199.4375,-0.2657,0.154,-1.7257,0.0844,0.7762
Col15a1,Col15a1,4.5369,0.6666,0.8298,0.8033,0.4218,
Col16a1,Col16a1,2443.5837,0.1446,0.0908,1.5929,0.1112,0.8127
Col17a1,Col17a1,77.2057,-0.3401,0.1986,-1.7129,0.0867,0.7807
Col18a1,Col18a1,8053.629,-0.1597,0.0825,-1.9347,0.053,0.7309
Col19a1,Col19a1,28.3707,-0.2885,0.2647,-1.0901,0.2757,0.9068
Col1a1,Col1a1,40907.6116,-0.2748,0.2342,-1.1737,0.2405,0.8923
Col1a2,Col1a2,121155.5995,0.003,0.0749,0.0401,0.968,0.9974
Col20a1,Col20a1,38.8745,0.2119,0.2748,0.7711,0.4407,0.9455
Col22a1,Col22a1,1.4469,-2.9212,1.4147,-2.0649,0.0389,
Col23a1,Col23a1,173.5208,-0.3103,0.19,-1.6326,0.1025,0.7941
Col24a1,Col24a1,175.3028,0.6685,0.1326,5.0412,4.6266e-07,0.0019
Col25a1,Col25a1,66.324,0.0083,0.2152,0.0386,0.9692,0.9974
Col26a1,Col26a1,59.9843,0.035,0.2413,0.1451,0.8846,0.9914
Col27a1,Col27a1,326.4665,0.3177,0.1343,2.3646,0.018,0.582
Col28a1,Col28a1,13.8395,0.0163,0.5347,0.0305,0.9756,
Col2a1,Col2a1,1.2557,0.3547,1.2789,0.2774,0.7815,
Col3a1,Col3a1,244551.3333,0.0322,0.0577,0.5571,0.5774,0.963
Col4a1,Col4a1,21852.0022,-0.0061,0.0536,-0.1129,0.9101,0.9942
Col4a2,Col4a2,17246.2068,-0.0254,0.0568,-0.4472,0.6547,0.9687
Col4a3,Col4a3,1.4443,-3.8212,1.5078,-2.5343,0.0113,
Col4a3bp,Col4a3bp,1774.0144,-0.0666,0.1274,-0.5232,0.6009,0.966
Col4a4,Col4a4,2.8845,-0.3107,0.9681,-0.3209,0.7483,
Col4a5,Col4a5,1181.5965,0.0081,0.1339,0.0608,0.9515,0.9974
Col4a6,Col4a6,57.9601,0.014,0.2644,0.0529,0.9578,0.9974
Col5a1,Col5a1,55848.88,-0.0458,0.105,-0.4359,0.6629,0.9702
Col5a2,Col5a2,61016.3741,0.0337,0.0478,0.7046,0.4811,0.9506
Col5a3,Col5a3,6264.4933,-0.2435,0.1405,-1.7335,0.083,0.7755
Col6a1,Col6a1,79414.3593,0.1775,0.1071,1.6566,0.0976,0.7886
Col6a2,Col6a2,43742.293,0.1236,0.0988,1.2504,0.2112,0.8875
Col6a3,Col6a3,23112.3441,0.0601,0.0909,0.6615,0.5083,0.9528
Col6a4,Col6a4,14.2635,-0.1004,0.3692,-0.2719,0.7857,
Col6a5,Col6a5,2.4015,-1.2266,1.0112,-1.213,0.2251,
Col7a1,Col7a1,44.6133,-0.1828,0.2943,-0.6212,0.5345,0.9571
Col8a1,Col8a1,10329.5768,0.0933,0.1563,0.5971,0.5505,0.9571
Col8a2,Col8a2,7523.2158,0.1398,0.1394,1.0034,0.3156,0.9173
Col9a2,Col9a2,1.7563,0.3216,1.1664,0.2757,0.7828,
Col9a3,Col9a3,7.3047,0.1535,0.5413,0.2836,0.7767,
Colec10,Colec10,109.1153,-0.0725,0.3262,-0.2222,0.8241,0.9895
Colec12,Colec12,10895.4927,0.1847,0.0984,1.8774,0.0605,0.749
Colgalt1,Colgalt1,7780.6071,-0.0014,0.0425,-0.0328,0.9738,0.9974
Colq,Colq,226.3919,0.325,0.1699,1.9124,0.0558,0.743
Commd1,Commd1,1703.549,-0.0228,0.0711,-0.3205,0.7486,0.9843
Commd10,Commd10,1343.8084,-0.0603,0.0578,-1.043,0.2969,0.9127
Commd2,Commd2,1094.5106,-0.0357,0.0737,-0.484,0.6284,0.9675
Commd3,Commd3,3003.3058,-0.0239,0.0555,-0.4298,0.6673,0.9702
Commd4,Commd4,676.7254,-0.1131,0.0795,-1.4224,0.1549,0.8501
Commd5,Commd5,871.9466,-0.1355,0.0778,-1.7418,0.0815,0.7744
Commd6,Commd6,692.9629,-0.0961,0.0727,-1.3217,0.1863,0.874
Commd7,Commd7,1404.2396,-0.0167,0.055,-0.3038,0.7613,0.9849
Commd8,Commd8,1283.2243,0.0655,0.0757,0.866,0.3865,0.9324
Commd9,Commd9,828.07,-0.0403,0.0727,-0.5537,0.5798,0.9631
Comp,Comp,16.1727,-0.5023,0.3571,-1.4066,0.1595,
Comt,Comt,2746.524,0.0841,0.0775,1.0854,0.2778,0.9074
Comtd1,Comtd1,264.5708,-0.1085,0.1164,-0.9322,0.3512,0.9271
Copa,Copa,19775.161,-0.0137,0.0484,-0.2837,0.7766,0.985
Copb1,Copb1,7689.3414,0.011,0.0505,0.2182,0.8272,0.9906
Copb2,Copb2,11514.3762,0.0348,0.0659,0.528,0.5975,0.964
Cope,Cope,3511.8119,-0.0824,0.0502,-1.6434,0.1003,0.7895
Copg1,Copg1,9404.3707,0.0044,0.0507,0.0867,0.9309,0.9957
Copg2,Copg2,2699.3841,-0.0683,0.0545,-1.2533,0.2101,0.8875
Coprs,Coprs,322.3951,-0.0702,0.1189,-0.5905,0.5549,0.9571
Cops2,Cops2,3613.6835,0.1319,0.122,1.081,0.2797,0.9074
Cops3,Cops3,3073.1087,0.0043,0.08,0.0536,0.9572,0.9974
Cops4,Cops4,3441.6677,-0.1044,0.053,-1.9712,0.0487,0.7227
Cops5,Cops5,3540.0876,-0.1027,0.095,-1.0816,0.2794,0.9074
Cops6,Cops6,3622.209,-0.0602,0.1053,-0.5722,0.5672,0.9592
Cops7a,Cops7a,2923.963,-0.0024,0.0625,-0.0389,0.969,0.9974
Cops7b,Cops7b,903.9063,-0.0562,0.0788,-0.7138,0.4753,0.949
Cops8,Cops8,3136.6313,-0.0308,0.0549,-0.5601,0.5754,0.9617
Copz1,Copz1,5008.8146,-0.0269,0.0428,-0.629,0.5293,0.9568
Copz2,Copz2,3010.8167,-0.0164,0.0612,-0.2674,0.7892,0.9865
Coq10a,Coq10a,746.6775,-0.0727,0.0979,-0.7427,0.4577,0.9483
Coq10b,Coq10b,1840.104,-0.0194,0.0956,-0.2032,0.839,0.9906
Coq2,Coq2,1077.8617,0.038,0.074,0.5142,0.6071,0.966
Coq3,Coq3,687.5038,0.0579,0.0758,0.7637,0.445,0.9455
Coq4,Coq4,334.6717,-0.0434,0.1007,-0.431,0.6665,0.9702
Coq5,Coq5,1376.1636,0.0051,0.0841,0.0605,0.9517,0.9974
Coq6,Coq6,670.9466,-0.0302,0.085,-0.3549,0.7227,0.9788
Coq7,Coq7,362.8026,-0.188,0.1142,-1.6465,0.0997,0.7895
Coq9,Coq9,2738.0039,-0.0258,0.0697,-0.3701,0.7113,0.9756
Corin,Corin,2.3988,-0.2951,0.9042,-0.3263,0.7442,
Coro1a,Coro1a,22.3821,0.2099,0.3528,0.5948,0.5519,0.9571
Coro1b,Coro1b,6031.7717,-0.1004,0.0625,-1.6055,0.1084,0.8052
Coro1c,Coro1c,5546.3893,-0.0778,0.069,-1.1279,0.2594,0.8968
Coro2a,Coro2a,146.6157,-0.2679,0.1998,-1.3406,0.18,0.8695
Coro2b,Coro2b,1674.9919,-0.0535,0.065,-0.8233,0.4103,0.9377
Coro6,Coro6,933.0432,-0.1028,0.0968,-1.0614,0.2885,0.9079
Coro7,Coro7,537.3494,-0.0774,0.0874,-0.8863,0.3755,0.9295
Cort,Cort,7.006,0.688,0.5471,1.2575,0.2086,
Cotl1,Cotl1,2021.136,-0.1108,0.1239,-0.8939,0.3714,0.9295
Cox10,Cox10,451.5686,0.0029,0.0925,0.0316,0.9748,0.9975
Cox11,Cox11,411.9505,-0.1604,0.0813,-1.9731,0.0485,0.7227
Cox14,Cox14,1441.4875,-0.0801,0.0786,-1.018,0.3087,0.9169
Cox15,Cox15,1605.9157,0.0225,0.0794,0.2841,0.7763,0.985
Cox16,Cox16,233.654,0.1638,0.3283,0.499,0.6178,0.966
Cox17,Cox17,829.2882,-0.2062,0.0816,-2.5276,0.0115,0.5168
Cox18,Cox18,579.8004,0.1093,0.1023,1.0681,0.2855,0.9079
Cox19,Cox19,1161.3365,-0.1289,0.0632,-2.039,0.0414,0.7111
Cox20,Cox20,546.137,0.0717,0.114,0.6291,0.5293,0.9568
Cox4i1,Cox4i1,9240.4891,-0.1079,0.0667,-1.6173,0.1058,0.8
Cox4i2,Cox4i2,1.8219,1.0911,1.0581,1.0312,0.3024,
Cox5a,Cox5a,3308.6392,-0.1326,0.0848,-1.5636,0.1179,0.8127
Cox5b,Cox5b,3111.3435,-0.1514,0.0715,-2.1188,0.0341,0.6695
Cox6a1,Cox6a1,3993.5459,-0.0496,0.0676,-0.7335,0.4633,0.9483
Cox6a2,Cox6a2,277.0985,-0.0731,0.1526,-0.4788,0.6321,0.9681
Cox6b1,Cox6b1,4229.3605,-0.2016,0.0603,-3.3448,0.0008,0.2269
Cox6b2,Cox6b2,9.0676,0.1477,0.487,0.3034,0.7616,
Cox6c,Cox6c,5407.1448,-0.1199,0.0579,-2.0698,0.0385,0.6945
Cox7a1,Cox7a1,39.6779,-0.6543,0.2296,-2.8496,0.0044,0.3768
Cox7a2,Cox7a2,3029.1788,-0.1148,0.0744,-1.5423,0.123,0.8143
Cox7a2l,Cox7a2l,4624.6526,-0.0576,0.0806,-0.7142,0.4751,0.949
Cox7b,Cox7b,3640.4608,-0.0257,0.0734,-0.3501,0.7263,0.9796
Cox7b2,Cox7b2,2.7972,0.0076,0.8011,0.0095,0.9924,
Cox7c,Cox7c,3775.7176,-0.066,0.0905,-0.7291,0.4659,0.9483
Cox8a,Cox8a,4437.9229,0.0131,0.0937,0.1394,0.8891,0.992
Cox8b,Cox8b,72.6286,-0.4904,0.2317,-2.1163,0.0343,0.6713
Cp,Cp,10920.3219,0.1649,0.1636,1.008,0.3135,0.9173
Cpa1,Cpa1,5.7841,0.1295,0.6181,0.2096,0.834,
Cpa2,Cpa2,3.2704,0.4774,0.8379,0.5698,0.5688,
Cpa4,Cpa4,75.9472,-0.0046,0.1877,-0.0243,0.9806,0.9982
Cpa5,Cpa5,6.175,0.841,0.5658,1.4866,0.1371,
Cpa6,Cpa6,7.4902,0.2983,0.8025,0.3717,0.7101,
Cpd,Cpd,5820.8442,0.0735,0.0767,0.9586,0.3377,0.9222
Cpe,Cpe,3717.452,-0.1429,0.1477,-0.9678,0.3332,0.9207
Cpeb1,Cpeb1,214.3433,0.0333,0.1428,0.2334,0.8155,0.989
Cpeb2,Cpeb2,265.4489,-0.0181,0.2545,-0.0709,0.9434,0.9971
Cpeb3,Cpeb3,361.6825,0.2836,0.1181,2.4014,0.0163,0.5731
Cpeb4,Cpeb4,724.0206,-0.0062,0.2013,-0.0308,0.9754,0.9975
Cped1,Cped1,278.9875,0.16,0.1892,0.8454,0.3979,0.9351
Cplx1,Cplx1,0.6681,-0.3891,1.7673,-0.2202,0.8257,
Cplx2,Cplx2,814.5811,0.1467,0.0796,1.843,0.0653,0.7609
Cplx3,Cplx3,20.9093,-0.1491,0.3116,-0.4785,0.6323,0.9681
Cpm,Cpm,18.1321,0.656,0.4176,1.571,0.1162,
Cpn1,Cpn1,2.8027,-1.3146,1.0264,-1.2808,0.2003,
Cpn2,Cpn2,0.3919,-2.0336,2.3451,-0.8672,0.3859,
Cpne1,Cpne1,2871.3186,0.0938,0.0992,0.9455,0.3444,0.9246
Cpne2,Cpne2,1707.4096,-0.0061,0.0708,-0.0862,0.9313,0.9957
Cpne3,Cpne3,2134.3124,-0.093,0.1876,-0.4958,0.62,0.966
Cpne5,Cpne5,7.5515,-0.7819,0.5945,-1.3152,0.1885,
Cpne7,Cpne7,3.181,-0.2374,0.8142,-0.2916,0.7706,
Cpne8,Cpne8,1636.8789,0.1688,0.0747,2.2596,0.0238,0.624
Cpne9,Cpne9,0.8667,-0.2504,1.4401,-0.1739,0.862,
Cpox,Cpox,1269.161,0.1507,0.0697,2.161,0.0307,0.6516
Cpped1,Cpped1,2431.8839,0.0996,0.0562,1.7726,0.0763,0.7682
Cpq,Cpq,6999.9704,0.1764,0.0985,1.7905,0.0734,0.7682
Cps1,Cps1,1.3604,-0.4493,1.1881,-0.3781,0.7053,
Cpsf1,Cpsf1,3275.6103,-0.0202,0.0523,-0.3856,0.6998,0.9737
Cpsf2,Cpsf2,2372.6543,0.0568,0.068,0.8364,0.4029,0.9365
Cpsf3,Cpsf3,2599.2309,0.0462,0.0655,0.7059,0.4803,0.9502
Cpsf3l,Cpsf3l,1832.0909,-0.039,0.066,-0.5915,0.5542,0.9571
Cpsf4,Cpsf4,656.0196,-0.0474,0.0961,-0.4925,0.6224,0.9666
Cpsf4l,Cpsf4l,2.312,-0.6403,0.9324,-0.6867,0.4923,
Cpsf6,Cpsf6,2352.4848,0.0151,0.0941,0.1601,0.8728,0.991
Cpsf7,Cpsf7,2836.6044,-0.0149,0.0526,-0.2836,0.7767,0.985
Cpt1a,Cpt1a,8616.8154,0.3412,0.1341,2.5444,0.0109,0.5073
Cpt1b,Cpt1b,1.2596,0.2884,1.7925,0.1609,0.8722,
Cpt1c,Cpt1c,647.3799,0.1642,0.0697,2.3545,0.0185,0.5867
Cpt2,Cpt2,1246.5656,0.0239,0.0782,0.3057,0.7598,0.9849
Cptp,Cptp,693.1164,0.1134,0.1086,1.0443,0.2963,0.912
Cpvl,Cpvl,2.1452,-0.6203,1.0349,-0.5994,0.5489,
Cpxm1,Cpxm1,23.6331,0.1976,0.2965,0.6666,0.505,0.9515
Cpz,Cpz,245.4594,0.1161,0.123,0.9443,0.345,0.9247
Cr1l,Cr1l,1830.5225,0.0904,0.0809,1.1163,0.2643,0.8981
Crabp1,Crabp1,45.1347,-0.9679,0.4858,-1.9925,0.0463,0.7227
Crabp2,Crabp2,1429.1166,-0.5539,0.1699,-3.2594,0.0011,0.2398
Cracr2a,Cracr2a,0.7585,-0.2329,1.9739,-0.118,0.9061,
Cracr2b,Cracr2b,79.0164,0.1407,0.1638,0.8591,0.3903,0.9331
Cradd,Cradd,218.3222,-0.0952,0.1037,-0.9184,0.3584,0.9295
Cramp1l,Cramp1l,826.2483,0.1309,0.0658,1.9888,0.0467,0.7227
Crat,Crat,2317.8428,-0.0289,0.0634,-0.4555,0.6488,0.9684
Crbn,Crbn,1036.3657,0.0046,0.1086,0.0426,0.966,0.9974
Crcp,Crcp,837.2726,-0.0434,0.0875,-0.4962,0.6198,0.966
Crct1,Crct1,0.8807,-1.5009,1.5942,-0.9415,0.3465,
Creb1,Creb1,1091.5183,-0.0144,0.1756,-0.0822,0.9345,0.9966
Creb3,Creb3,2420.2959,-0.0359,0.0615,-0.5836,0.5595,0.9579
Creb3l1,Creb3l1,8368.2849,0.0904,0.0919,0.9835,0.3254,0.9197
Creb3l2,Creb3l2,1484.683,0.0358,0.0792,0.4517,0.6515,0.9684
Creb3l3,Creb3l3,27.5063,0.0928,0.2845,0.3263,0.7442,0.9834
Creb3l4,Creb3l4,10.4173,-0.1076,0.4564,-0.2357,0.8137,
Creb5,Creb5,65.2244,-0.2512,0.2555,-0.9833,0.3255,0.9197
Crebbp,Crebbp,773.0347,0.0474,0.1224,0.3869,0.6988,0.9736
Crebl2,Crebl2,405.0889,0.1419,0.1322,1.0732,0.2832,0.9074
Crebrf,Crebrf,445.5929,0.1725,0.2614,0.6596,0.5095,0.9528
Crebzf,Crebzf,891.4025,0.1798,0.1136,1.5831,0.1134,0.8127
Creg1,Creg1,1935.454,0.0692,0.085,0.8139,0.4157,0.94
Creg2,Creg2,16.3717,0.0986,0.3675,0.2682,0.7885,
Creld1,Creld1,2055.6537,-0.0611,0.0715,-0.8541,0.393,0.9341
Creld2,Creld2,1936.0471,-0.2014,0.1031,-1.9535,0.0508,0.7259
Crem,Crem,249.8157,-0.1048,0.1208,-0.8675,0.3857,0.9315
Crh,Crh,5.4144,0.5735,0.6321,0.9072,0.3643,
Crhbp,Crhbp,4.5231,-0.1888,0.6693,-0.2822,0.7778,
Crhr2,Crhr2,1.1529,1.9161,1.5155,1.2644,0.2061,
Crim1,Crim1,1248.4058,0.3733,0.1076,3.4696,0.0005,0.2158
Crip1,Crip1,5121.7214,-0.3175,0.0646,-4.9159,8.8379e-07,0.0027
Crip2,Crip2,19008.6861,-0.1295,0.0696,-1.8612,0.0627,0.7549
Crip3,Crip3,0.8653,-0.6147,1.8452,-0.3331,0.739,
Cript,Cript,1820.0033,-0.0825,0.0487,-1.696,0.0899,0.7842
Crisp2,Crisp2,2.7028,-0.1075,0.8751,-0.1228,0.9022,
Crispld1,Crispld1,3.9298,0.9924,0.7787,1.2744,0.2025,
Crispld2,Crispld2,9.9031,-0.1357,0.4618,-0.2938,0.7689,
Crk,Crk,6525.4846,0.0888,0.0767,1.1565,0.2475,0.8923
Crkl,Crkl,2810.6168,0.0461,0.0522,0.8831,0.3772,0.9303
Crlf1,Crlf1,8610.4233,0.0051,0.1173,0.0435,0.9653,0.9974
Crlf2,Crlf2,184.8596,0.1114,0.1368,0.8148,0.4152,0.94
Crlf3,Crlf3,1273.0736,-0.0024,0.083,-0.0287,0.9771,0.9976
Crls1,Crls1,1330.4943,0.0016,0.0577,0.0277,0.9779,0.9976
Crmp1,Crmp1,4.6042,-0.7269,0.7242,-1.0037,0.3155,
Crnde,Crnde,218.0487,-0.0168,0.1387,-0.1213,0.9035,0.9939
Crnkl1,Crnkl1,1691.4055,0.0657,0.0797,0.8249,0.4094,0.9377
Crocc,Crocc,365.2213,-0.0864,0.1346,-0.6416,0.5211,0.9555
Crot,Crot,1595.4793,0.0746,0.064,1.1657,0.2437,0.8923
Crtap,Crtap,5072.5866,0.143,0.0885,1.6156,0.1062,0.8008
Crtc1,Crtc1,1281.478,0.0281,0.0687,0.4089,0.6826,0.9717
Crtc2,Crtc2,1161.4385,0.0494,0.0559,0.8849,0.3762,0.9295
Crtc3,Crtc3,935.4562,-0.0194,0.0649,-0.2983,0.7655,0.985
Cry1,Cry1,541.5384,-0.1719,0.1597,-1.076,0.2819,0.9074
Cry2,Cry2,448.5329,-0.2579,0.089,-2.8977,0.0038,0.351
Cryab,Cryab,7968.207,-0.1262,0.0955,-1.3204,0.1867,0.874
Cryba4,Cryba4,29.5794,-0.2415,0.2847,-0.8483,0.3963,0.9345
Crybb1,Crybb1,5.4588,0.2324,0.7439,0.3125,0.7547,
Crybb3,Crybb3,9.7946,0.2583,0.4665,0.5537,0.5798,
Crybg3,Crybg3,351.1937,0.1513,0.1193,1.2679,0.2048,0.8854
Crygs,Crygs,0.3838,-1.8789,2.4405,-0.7699,0.4414,
Cryl1,Cryl1,228.6358,-0.0427,0.1309,-0.3265,0.744,0.9833
Crym,Crym,31.6699,-0.5699,0.3616,-1.5762,0.115,0.8127
Cryz,Cryz,1849.9434,0.0587,0.0745,0.788,0.4307,0.9451
Cryzl1,Cryzl1,818.9531,0.0797,0.1101,0.7234,0.4694,0.9483
Cs,Cs,13488.8795,-0.0317,0.0657,-0.4831,0.629,0.9676
Csad,Csad,978.1568,0.2365,0.0959,2.4654,0.0137,0.5466
Csdc2,Csdc2,787.6349,0.0224,0.1466,0.1531,0.8783,0.9914
Csde1,Csde1,10461.1524,0.0254,0.1119,0.2267,0.8206,0.9893
Cse1l,Cse1l,4575.8584,0.0273,0.0693,0.3937,0.6938,0.9731
Csf1,Csf1,16725.3182,0.2527,0.1017,2.4835,0.013,0.5405
Csf1r,Csf1r,35.6056,-0.065,0.2506,-0.2592,0.7955,0.9871
Csf2,Csf2,1.0588,-0.8094,1.5967,-0.5069,0.6122,
Csf2ra,Csf2ra,11.0678,0.3845,0.4225,0.91,0.3628,
Csf2rb,Csf2rb,164.7897,-0.0552,0.5032,-0.1097,0.9127,0.9943
Csf2rb2,Csf2rb2,5.8657,-0.086,0.6116,-0.1407,0.8881,
Csgalnact1,Csgalnact1,2145.7257,0.0358,0.0906,0.3958,0.6922,0.9731
Csgalnact2,Csgalnact2,1549.0364,0.1213,0.1457,0.8329,0.4049,0.9365
Csk,Csk,2545.8558,-0.0887,0.0466,-1.9017,0.0572,0.746
Csl,Csl,1.1652,-1.1064,1.4455,-0.7654,0.444,
Csmd1,Csmd1,18.8923,0.5896,0.3909,1.5085,0.1314,
Csmd2,Csmd2,0.6706,-0.3878,1.7668,-0.2195,0.8263,
Csmd3,Csmd3,1.9225,1.0254,1.012,1.0133,0.3109,
Csn3,Csn3,1.3613,-0.0235,1.2152,-0.0193,0.9846,
Csnk1a1,Csnk1a1,12256.2353,0.0422,0.0641,0.659,0.5099,0.9528
Csnk1d,Csnk1d,7353.6979,0.0273,0.0453,0.6027,0.5467,0.9571
Csnk1e,Csnk1e,3262.9553,0.0129,0.0468,0.2753,0.7831,0.985
Csnk1g1,Csnk1g1,1404.2597,0.1373,0.0844,1.6266,0.1038,0.7977
Csnk1g2,Csnk1g2,5646.7795,-0.1208,0.0474,-2.5497,0.0108,0.5073
Csnk1g3,Csnk1g3,1589.3911,0.004,0.1126,0.0359,0.9714,0.9974
Csnk2a1,Csnk2a1,5104.8393,0.0129,0.0662,0.1942,0.846,0.9906
Csnk2a2,Csnk2a2,2236.3579,0.037,0.0775,0.4778,0.6328,0.9681
Csnk2b,Csnk2b,2881.517,-0.0769,0.051,-1.5083,0.1315,0.826
Cspg4,Cspg4,1778.3907,-0.0114,0.0732,-0.1564,0.8757,0.9914
Cspg5,Cspg5,5.6922,0.7634,0.8329,0.9166,0.3594,
Cspp1,Cspp1,254.6869,0.0524,0.1866,0.2808,0.7788,0.985
Csrnp1,Csrnp1,416.7345,-0.2456,0.1283,-1.9144,0.0556,0.743
Csrnp2,Csrnp2,782.493,-0.0889,0.0712,-1.2483,0.2119,0.8875
Csrnp3,Csrnp3,1.1776,-1.411,1.5971,-0.8835,0.377,
Csrp1,Csrp1,11983.8102,-0.0349,0.1082,-0.3222,0.7473,0.9842
Csrp2,Csrp2,3107.8357,-0.2142,0.1355,-1.5802,0.1141,0.8127
Csrp2bp,Csrp2bp,1300.7517,0.0076,0.0591,0.1281,0.8981,0.9927
Csrp3,Csrp3,680.3138,-0.2645,0.166,-1.5938,0.111,0.8118
Cst3,Cst3,19472.1469,0.1203,0.1301,0.9247,0.3551,0.9294
Cst6,Cst6,415.287,-0.2878,0.1535,-1.8751,0.0608,0.7507
Cstad,Cstad,9.9204,0.5216,0.4371,1.1933,0.2327,
Cstb,Cstb,3069.7604,-0.0456,0.0969,-0.4708,0.6378,0.9681
Cstf1,Cstf1,1263.8486,-0.0989,0.072,-1.3736,0.1696,0.8614
Cstf2,Cstf2,1269.8397,0.0479,0.1001,0.4788,0.6321,0.9681
Cstf2t,Cstf2t,2582.5919,0.0102,0.0549,0.1857,0.8527,0.9906
Cstf3,Cstf3,1213.8885,0.0394,0.0864,0.4556,0.6487,0.9684
Cstl1,Cstl1,1.1654,-0.2314,1.3176,-0.1756,0.8606,
Ctage5,Ctage5,1299.2579,0.0879,0.1265,0.6953,0.4869,0.9515
Ctbp1,Ctbp1,8556.8783,-0.0985,0.0636,-1.549,0.1214,0.8127
Ctbp2,Ctbp2,957.5727,-0.0009,0.0668,-0.0132,0.9895,0.9993
Ctbs,Ctbs,320.3314,0.1162,0.0984,1.1814,0.2375,0.8923
Ctc1,Ctc1,1830.579,-0.0231,0.0539,-0.4292,0.6678,0.9702
Ctcf,Ctcf,2695.0585,0.039,0.0844,0.462,0.6441,0.9684
Ctdnep1,Ctdnep1,3441.2072,-0.119,0.0543,-2.1927,0.0283,0.6409
Ctdp1,Ctdp1,1531.9809,-0.0052,0.0598,-0.0876,0.9302,0.9957
Ctdsp1,Ctdsp1,4065.2192,0.0521,0.0689,0.7553,0.4501,0.9455
Ctdsp2,Ctdsp2,10570.3261,0.035,0.0822,0.4262,0.6699,0.9702
Ctdspl,Ctdspl,1095.5442,0.1519,0.0948,1.6024,0.1091,0.8072
Ctdspl2,Ctdspl2,954.8311,0.0561,0.1434,0.391,0.6958,0.9731
Ctf1,Ctf1,155.7774,-0.112,0.1264,-0.8859,0.3757,0.9295
Ctf2,Ctf2,2.6905,0.0411,0.8434,0.0488,0.9611,
Ctgf,Ctgf,4045.079,-0.4916,0.5482,-0.8967,0.3699,0.9295
Cth,Cth,75.1276,-0.0965,0.2649,-0.3645,0.7155,0.9767
Cthrc1,Cthrc1,522.3399,-0.13,0.1788,-0.7267,0.4674,0.9483
Ctif,Ctif,2058.7237,-0.0284,0.0614,-0.4621,0.644,0.9684
Ctla2a,Ctla2a,537.9878,0.0585,0.1508,0.3878,0.6982,0.9736
Ctla2b,Ctla2b,68.8728,-0.442,0.2608,-1.6948,0.0901,0.7842
Ctnna1,Ctnna1,24360.1391,-0.0395,0.0604,-0.654,0.5131,0.9544
Ctnna3,Ctnna3,1.5449,0.5453,1.1768,0.4633,0.6431,
Ctnnal1,Ctnnal1,571.7318,-0.0169,0.0989,-0.1706,0.8645,0.9906
Ctnnb1,Ctnnb1,26502.0825,-0.0538,0.0506,-1.064,0.2873,0.9079
Ctnnbip1,Ctnnbip1,1336.9366,-0.1372,0.068,-2.0192,0.0435,0.7227
Ctnnbl1,Ctnnbl1,1325.731,-0.0496,0.0673,-0.7375,0.4608,0.9483
Ctnnd1,Ctnnd1,15114.7609,0.0077,0.0543,0.1425,0.8867,0.9917
Ctnnd2,Ctnnd2,1.3567,1.2135,1.2625,0.9612,0.3364,
Ctns,Ctns,1123.9138,-0.0676,0.1026,-0.6591,0.5099,0.9528
Ctps,Ctps,4199.4834,-0.0326,0.0583,-0.5588,0.5763,0.9622
Ctps2,Ctps2,2513.689,0.1035,0.0823,1.2566,0.2089,0.8875
Ctr9,Ctr9,2341.3916,0.0091,0.052,0.1757,0.8605,0.9906
Ctrb1,Ctrb1,551.1864,-0.2523,0.2009,-1.2561,0.2091,0.8875
Ctrl,Ctrl,3.1952,-1.3906,0.8406,-1.6543,0.0981,
Ctsa,Ctsa,7506.4266,-0.0668,0.1458,-0.4584,0.6466,0.9684
Ctsb,Ctsb,35739.5566,-0.0431,0.1329,-0.3238,0.7461,0.9837
Ctsc,Ctsc,135.2587,-0.2667,0.1807,-1.4763,0.1399,0.8363
Ctsd,Ctsd,36728.5723,-0.0754,0.1091,-0.6911,0.4895,0.9515
Ctsf,Ctsf,1018.7818,0.0512,0.1502,0.3409,0.7332,0.9802
Ctsg,Ctsg,0.679,1.12,1.8839,0.5945,0.5522,
Ctsh,Ctsh,631.9766,0.014,0.1502,0.0929,0.926,0.9957
Ctsk,Ctsk,8.2781,-0.7075,0.529,-1.3374,0.1811,
Ctsl,Ctsl,31321.1318,-0.1156,0.0963,-1.1998,0.2302,0.8922
Ctso,Ctso,1061.7813,0.2093,0.0679,3.0814,0.0021,0.309
Ctss,Ctss,6.0567,1.1973,0.6439,1.8594,0.063,
Ctsw,Ctsw,57.9966,-0.7023,0.2641,-2.6594,0.0078,0.442
Ctsz,Ctsz,6834.2916,0.047,0.0773,0.6076,0.5434,0.9571
Cttn,Cttn,9577.3533,-0.0055,0.0767,-0.0717,0.9429,0.9971
Cttnbp2nl,Cttnbp2nl,1573.7216,-0.0569,0.1315,-0.4324,0.6655,0.9702
Ctu1,Ctu1,340.582,0.029,0.0891,0.3254,0.7449,0.9836
Ctu2,Ctu2,512.8081,0.0487,0.119,0.4094,0.6823,0.9717
Ctxn1,Ctxn1,286.2321,-0.3202,0.1229,-2.6044,0.0092,0.4763
Ctxn3,Ctxn3,327.1815,-0.0746,0.1787,-0.4176,0.6763,0.9713
Cubn,Cubn,112.9265,-0.0969,0.1452,-0.6672,0.5047,0.9515
Cuedc1,Cuedc1,2056.4638,0.056,0.069,0.8113,0.4172,0.94
Cuedc2,Cuedc2,1998.4151,-0.0547,0.0712,-0.7676,0.4427,0.9455
Cul1,Cul1,4499.7546,0.0039,0.0914,0.0424,0.9662,0.9974
Cul2,Cul2,1741.8344,0.0905,0.0995,0.9088,0.3635,0.9295
Cul3,Cul3,2917.0905,0.0264,0.1373,0.192,0.8477,0.9906
Cul4a,Cul4a,6132.1224,0.0462,0.0837,0.5517,0.5812,0.9637
Cul4b,Cul4b,1569.171,-0.008,0.1759,-0.0457,0.9636,0.9974
Cul5,Cul5,1385.0477,0.0516,0.1919,0.2687,0.7881,0.9865
Cul7,Cul7,4831.5566,-0.021,0.0562,-0.3734,0.7089,0.9746
Cul9,Cul9,7.5378,-0.9034,0.526,-1.7175,0.0859,
Cuta,Cuta,1185.4302,-0.1653,0.0584,-2.8298,0.0047,0.3838
Cutal,Cutal,4.4219,0.5645,0.6426,0.8784,0.3797,
Cutc,Cutc,173.5804,-0.335,0.1307,-2.5636,0.0104,0.5006
Cux1,Cux1,3752.3771,0.0187,0.0496,0.3776,0.7057,0.9744
Cux2,Cux2,2.3035,0.4139,0.9561,0.4329,0.6651,
Cuzd1,Cuzd1,0.3846,-1.8819,2.44,-0.7713,0.4405,
Cwc15,Cwc15,2536.2508,0.0116,0.0554,0.2085,0.8349,0.9906
Cwc22,Cwc22,826.0253,0.0531,0.1762,0.3015,0.763,0.9849
Cwc25,Cwc25,1153.6701,-0.0145,0.065,-0.2225,0.824,0.9894
Cwc27,Cwc27,525.8665,0.1019,0.1162,0.8769,0.3806,0.9303
Cwf19l1,Cwf19l1,552.505,-0.1056,0.0867,-1.2182,0.2232,0.8877
Cwf19l2,Cwf19l2,355.2267,0.1217,0.1818,0.6692,0.5034,0.9515
Cwh43,Cwh43,1.5305,2.5324,1.3296,1.9046,0.0568,
Cx3cl1,Cx3cl1,2794.1602,0.2191,0.0865,2.5322,0.0113,0.5139
Cx3cr1,Cx3cr1,0.8573,0.2812,1.5809,0.1779,0.8588,
Cxadr,Cxadr,298.5037,0.1044,0.1947,0.5363,0.5917,0.964
Cxcl1,Cxcl1,3429.7926,0.0589,0.4361,0.135,0.8926,0.992
Cxcl10,Cxcl10,50.974,0.0131,0.5256,0.025,0.9801,0.9982
Cxcl11,Cxcl11,0.4822,-1.133,2.048,-0.5532,0.5801,
Cxcl12,Cxcl12,15110.4794,0.053,0.1446,0.3668,0.7138,0.9766
Cxcl13,Cxcl13,32.6338,-0.2431,0.2594,-0.9372,0.3487,0.9264
Cxcl14,Cxcl14,2145.5942,-0.0429,0.1907,-0.2249,0.822,0.9893
Cxcl15,Cxcl15,7.0411,0.2584,0.5306,0.487,0.6263,
Cxcl16,Cxcl16,711.8323,0.1451,0.0666,2.1777,0.0294,0.6413
Cxcl2,Cxcl2,0.4728,-0.5368,2.3855,-0.225,0.8219,
Cxcl5,Cxcl5,17369.2871,0.3638,0.4148,0.8772,0.3804,0.9303
Cxcl9,Cxcl9,12.3937,-1.0328,0.6504,-1.5878,0.1123,
Cxcr4,Cxcr4,1874.8961,-0.0965,0.0898,-1.0745,0.2826,0.9074
Cxcr5,Cxcr5,35.3172,0.2978,0.2848,1.0458,0.2957,0.9119
Cxcr6,Cxcr6,27.9978,-0.2207,0.3235,-0.6824,0.495,0.9515
Cxx1a,Cxx1a,266.2462,0.0267,0.105,0.2541,0.7994,0.9871
Cxx1b,Cxx1b,335.0937,0.0328,0.1297,0.2527,0.8005,0.9871
Cxx1c,Cxx1c,267.7257,0.1688,0.1184,1.4259,0.1539,0.8501
Cxxc1,Cxxc1,1655.9798,-0.0372,0.0576,-0.6456,0.5186,0.9553
Cxxc5,Cxxc5,2685.8558,0.0361,0.0882,0.4088,0.6827,0.9717
Cyb561,Cyb561,19.4594,-0.1023,0.3578,-0.2859,0.775,
Cyb561a3,Cyb561a3,1625.0657,-0.0102,0.0691,-0.1471,0.883,0.9914
Cyb561d1,Cyb561d1,333.2791,-0.0016,0.0935,-0.0174,0.9861,0.9992
Cyb561d2,Cyb561d2,311.4851,-0.1424,0.097,-1.4684,0.142,0.8395
Cyb5a,Cyb5a,1596.2853,0.1683,0.1531,1.0993,0.2717,0.9032
Cyb5b,Cyb5b,7987.6655,0.0204,0.0484,0.421,0.6737,0.971
Cyb5d1,Cyb5d1,510.7844,0.1506,0.1771,0.8502,0.3952,0.9341
Cyb5d2,Cyb5d2,456.4554,-0.044,0.0973,-0.4526,0.6508,0.9684
Cyb5r1,Cyb5r1,3434.1559,-0.0825,0.105,-0.7861,0.4318,0.9453
Cyb5r2,Cyb5r2,2.8766,-1.2506,0.9283,-1.3472,0.1779,
Cyb5r3,Cyb5r3,24405.427,-0.0298,0.0588,-0.5063,0.6126,0.966
Cyb5r4,Cyb5r4,964.5354,-0.1164,0.0992,-1.1734,0.2406,0.8923
Cyb5rl,Cyb5rl,117.332,0.4965,0.1682,2.9511,0.0032,0.342
Cyba,Cyba,1.2473,-0.3151,1.3211,-0.2385,0.8115,
Cybb,Cybb,6.1274,-2.403,1.117,-2.1514,0.0314,
Cybrd1,Cybrd1,5.5083,-0.3272,0.6875,-0.4759,0.6342,
Cyc1,Cyc1,4959.6573,-0.1123,0.0881,-1.2755,0.2021,0.8837
Cycs,Cycs,3335.1616,0.0643,0.1787,0.3597,0.7191,0.9782
Cyfip1,Cyfip1,4303.0344,-0.0437,0.0534,-0.819,0.4128,0.9399
Cyfip2,Cyfip2,245.1008,0.1144,0.3396,0.337,0.7362,0.9808
Cygb,Cygb,30.0814,-0.275,0.2638,-1.0423,0.2973,0.9127
Cyhr1,Cyhr1,3262.7574,0.0356,0.068,0.5239,0.6003,0.966
Cyld,Cyld,4245.8638,0.1768,0.0893,1.9805,0.0476,0.7227
Cym,Cym,0.3902,-0.9393,2.4486,-0.3836,0.7013,
Cyp11a1,Cyp11a1,54.0597,-0.4122,0.3107,-1.3267,0.1846,0.8729
Cyp11b1,Cyp11b1,20.7381,0.158,0.3835,0.412,0.6803,0.9717
Cyp1a1,Cyp1a1,11.0322,0.8221,0.57,1.4424,0.1492,
Cyp1b1,Cyp1b1,11981.793,0.3328,0.1009,3.2984,0.001,0.2398
Cyp20a1,Cyp20a1,1689.187,-0.0304,0.0681,-0.4464,0.6553,0.9688
Cyp26a1,Cyp26a1,12.4643,-0.304,0.4786,-0.6352,0.5253,
Cyp26b1,Cyp26b1,80.0051,0.1483,0.1857,0.7987,0.4245,0.9422
Cyp26c1,Cyp26c1,4.3601,-0.2581,0.851,-0.3032,0.7617,
Cyp27a1,Cyp27a1,56.4864,-0.0555,0.1925,-0.2884,0.773,0.985
Cyp27b1,Cyp27b1,17.5943,0.7445,0.3582,2.0787,0.0376,
Cyp2a5,Cyp2a5,0.2925,-0.4548,2.6319,-0.1728,0.8628,
Cyp2ab1,Cyp2ab1,1.7423,-3.2928,1.3649,-2.4125,0.0158,
Cyp2b13,Cyp2b13,1.7565,-2.4807,1.7004,-1.4589,0.1446,
Cyp2c29,Cyp2c29,0.6875,-2.8311,2.1229,-1.3336,0.1823,
Cyp2c44,Cyp2c44,17.8535,0.3423,0.3537,0.9678,0.3331,
Cyp2c50,Cyp2c50,0.2933,-0.4582,2.6297,-0.1742,0.8617,
Cyp2c70,Cyp2c70,0.2938,-0.4606,2.6291,-0.1752,0.8609,
Cyp2d10,Cyp2d10,0.2933,0.8438,2.6273,0.3212,0.7481,
Cyp2d22,Cyp2d22,777.666,0.2392,0.1134,2.1094,0.0349,0.6753
Cyp2d26,Cyp2d26,0.6757,0.2485,1.594,0.1559,0.8761,
Cyp2e1,Cyp2e1,2.9058,0.1895,0.8746,0.2167,0.8284,
Cyp2f2,Cyp2f2,34.7739,-0.5482,0.5004,-1.0954,0.2734,0.904
Cyp2j13,Cyp2j13,2.1061,-0.5445,0.9897,-0.5502,0.5822,
Cyp2j6,Cyp2j6,217.1954,0.2064,0.123,1.6774,0.0935,0.7872
Cyp2j9,Cyp2j9,16.0107,0.201,0.3448,0.5829,0.5599,
Cyp2s1,Cyp2s1,11.9833,-0.1278,0.4266,-0.2995,0.7645,
Cyp2t4,Cyp2t4,4.4394,-0.447,0.6453,-0.6926,0.4885,
Cyp2u1,Cyp2u1,101.6078,0.1828,0.1839,0.9942,0.3201,0.9186
Cyp39a1,Cyp39a1,1191.0997,-0.0975,0.071,-1.374,0.1694,0.8614
Cyp3a11,Cyp3a11,2.2272,-0.2254,1.0252,-0.2198,0.826,
Cyp3a13,Cyp3a13,13.9018,-0.2303,0.4626,-0.4979,0.6185,
Cyp3a25,Cyp3a25,0.5771,-1.3125,2.2526,-0.5827,0.5601,
Cyp3a41a,Cyp3a41a,2.501,-1.4747,1.0654,-1.3842,0.1663,
Cyp46a1,Cyp46a1,92.2304,0.2377,0.1553,1.5309,0.1258,0.815
Cyp4a10,Cyp4a10,0.3816,-0.4558,2.4647,-0.1849,0.8533,
Cyp4f13,Cyp4f13,183.1868,0.1963,0.1477,1.3285,0.184,0.8729
Cyp4f14,Cyp4f14,1.9182,-3.3446,1.3957,-2.3964,0.0166,
Cyp4f16,Cyp4f16,490.536,-0.0832,0.0861,-0.9665,0.3338,0.9207
Cyp4f17,Cyp4f17,173.9015,0.1318,0.134,0.984,0.3251,0.9197
Cyp4f41-ps,Cyp4f41-ps,2.5202,0.087,1.0247,0.0849,0.9324,
Cyp4v3,Cyp4v3,488.4519,0.0911,0.1231,0.7398,0.4594,0.9483
Cyp51,Cyp51,6515.1041,-0.0213,0.0775,-0.2748,0.7835,0.985
Cyp7b1,Cyp7b1,3.3956,-1.1762,0.8761,-1.3425,0.1794,
Cyr61,Cyr61,18435.565,-0.0165,0.2243,-0.0734,0.9415,0.9971
Cys1,Cys1,111.7939,0.0811,0.1755,0.4622,0.644,0.9684
Cysltr1,Cysltr1,0.3846,-1.8819,2.44,-0.7713,0.4405,
Cysltr2,Cysltr2,0.7698,2.2418,1.807,1.2406,0.2148,
Cystm1,Cystm1,69.1059,-0.1121,0.2,-0.5604,0.5752,0.9617
Cyth1,Cyth1,967.719,-0.0435,0.0641,-0.6786,0.4974,0.9515
Cyth2,Cyth2,1767.4715,-0.2193,0.087,-2.522,0.0117,0.5194
Cyth3,Cyth3,3864.2403,0.1308,0.1374,0.9519,0.3411,0.9246
Cyth4,Cyth4,0.7604,3.1127,2.053,1.5162,0.1295,
Cytip,Cytip,1.0526,0.2349,1.3636,0.1723,0.8632,
Cyyr1,Cyyr1,0.8663,-1.0748,1.5173,-0.7083,0.4787,
D030025P21Rik,D030025P21Rik,31.4409,0.1216,0.2649,0.4589,0.6463,0.9684
D030028A08Rik,D030028A08Rik,92.0323,0.2547,0.1694,1.5036,0.1327,0.826
D030040B21Rik,D030040B21Rik,3.0837,0.2605,0.7888,0.3303,0.7412,
D030045P18Rik,D030045P18Rik,0.6754,3.0432,2.0092,1.5146,0.1299,
D030047H15Rik,D030047H15Rik,1.6254,0.9858,1.2912,0.7635,0.4452,
D030056L22Rik,D030056L22Rik,571.6417,-0.0867,0.0735,-1.1796,0.2382,0.8923
D10Jhu81e,D10Jhu81e,1366.6448,-0.0774,0.0827,-0.9356,0.3495,0.9271
D10Wsu102e,D10Wsu102e,1898.2239,-0.1017,0.0562,-1.8078,0.0706,0.7617
D11Wsu47e,D11Wsu47e,591.4919,0.0037,0.0739,0.0505,0.9597,0.9974
D130017N08Rik,D130017N08Rik,73.5535,0.4305,0.1926,2.2347,0.0254,0.6337
D130020L05Rik,D130020L05Rik,29.8107,0.2209,0.2654,0.8323,0.4052,0.9368
D130040H23Rik,D130040H23Rik,4.6045,0.3701,0.6728,0.5501,0.5822,
D130043K22Rik,D130043K22Rik,1.4511,-0.5162,1.1633,-0.4438,0.6572,
D14Ertd670e,D14Ertd670e,0.5818,0.7631,2.2926,0.3329,0.7392,
D15Ertd621e,D15Ertd621e,4808.6926,0.0831,0.0916,0.9069,0.3644,0.9295
D16Ertd472e,D16Ertd472e,415.4259,0.1548,0.1601,0.9668,0.3337,0.9207
D17H6S53E,D17H6S53E,515.7152,-0.1244,0.0911,-1.3656,0.172,0.8614
D17H6S56E-5,D17H6S56E-5,6873.2452,-0.342,0.2158,-1.5851,0.1129,0.8127
D17Wsu92e,D17Wsu92e,5096.3104,-0.0259,0.0641,-0.4031,0.6869,0.9717
D19Bwg1357e,D19Bwg1357e,2256.4292,0.0237,0.0598,0.3963,0.6919,0.9731
D1Ertd622e,D1Ertd622e,642.9505,-0.0115,0.074,-0.1557,0.8763,0.9914
D230025D16Rik,D230025D16Rik,1099.603,0.0462,0.085,0.5438,0.5866,0.964
D2hgdh,D2hgdh,331.2402,0.1038,0.0978,1.0612,0.2886,0.9079
D2Wsu81e,D2Wsu81e,536.1567,0.0362,0.0998,0.3627,0.7168,0.9774
D330023K18Rik,D330023K18Rik,33.7963,0.2572,0.3069,0.838,0.4021,0.9365
D330041H03Rik,D330041H03Rik,16.1588,-0.0048,0.4882,-0.0099,0.9921,
D330045A20Rik,D330045A20Rik,32.1004,0.2024,0.3244,0.6238,0.5328,0.9571
D330050G23Rik,D330050G23Rik,4.995,0.235,0.7123,0.3299,0.7415,
D330050I16Rik,D330050I16Rik,14.5165,0.6634,0.4273,1.5526,0.1205,
D3Ertd254e,D3Ertd254e,396.6967,0.1046,0.1719,0.6083,0.543,0.9571
D3Ertd751e,D3Ertd751e,86.3108,0.1384,0.1607,0.8614,0.389,0.933
D430019H16Rik,D430019H16Rik,2.5974,-0.9055,1.0185,-0.8891,0.374,
D430020J02Rik,D430020J02Rik,193.2911,0.0149,0.1433,0.104,0.9172,0.9952
D430036J16Rik,D430036J16Rik,3.8552,0.4039,0.7361,0.5486,0.5833,
D430041D05Rik,D430041D05Rik,17.1052,-0.2841,0.5203,-0.5461,0.585,
D430042O09Rik,D430042O09Rik,648.3922,0.0238,0.0832,0.2858,0.7751,0.985
D4Ertd617e,D4Ertd617e,1.0602,0.6118,1.3044,0.469,0.639,
D5Ertd579e,D5Ertd579e,2787.2181,0.1219,0.0818,1.4908,0.136,0.827
D5Ertd605e,D5Ertd605e,17.6319,0.1024,0.362,0.2828,0.7773,
D5Ertd615e,D5Ertd615e,9.9649,-1.1146,0.5786,-1.9263,0.0541,
D630003M21Rik,D630003M21Rik,63.4912,-0.0549,0.2174,-0.2523,0.8008,0.9871
D630010B17Rik,D630010B17Rik,3.2375,1.4818,0.9345,1.5856,0.1128,
D630023F18Rik,D630023F18Rik,3.3732,1.0028,0.7997,1.254,0.2098,
D630024D03Rik,D630024D03Rik,2.3182,-0.7055,0.8972,-0.7863,0.4317,
D630029K05Rik,D630029K05Rik,7.552,0.0422,0.5349,0.0788,0.9372,
D630033O11Rik,D630033O11Rik,1.1561,0.1118,1.3442,0.0832,0.9337,
D630039A03Rik,D630039A03Rik,1.444,-2.9177,1.3893,-2.1001,0.0357,
D630045J12Rik,D630045J12Rik,458.8371,0.0241,0.0863,0.2796,0.7798,0.985
D630045M09Rik,D630045M09Rik,1.6506,0.0684,1.168,0.0585,0.9533,
D6Ertd527e,D6Ertd527e,1.2613,-0.9664,1.5421,-0.6267,0.5309,
D6Wsu163e,D6Wsu163e,696.6721,-0.0237,0.0635,-0.3738,0.7086,0.9746
D730005E14Rik,D730005E14Rik,3.2909,0.0498,0.8032,0.0621,0.9505,
D7Ertd443e,D7Ertd443e,2.1059,-0.2074,1.0037,-0.2066,0.8363,
D830013O20Rik,D830013O20Rik,5.5412,0.5011,0.7173,0.6985,0.4848,
D830031N03Rik,D830031N03Rik,570.8075,0.0166,0.193,0.0859,0.9315,0.9957
D830046C22Rik,D830046C22Rik,8.5684,0.0092,0.4838,0.019,0.9848,
D8Ertd738e,D8Ertd738e,4321.1631,-0.0361,0.055,-0.656,0.5118,0.9533
D8Ertd82e,D8Ertd82e,740.6536,-0.0776,0.1773,-0.4374,0.6618,0.9702
D930007P13Rik,D930007P13Rik,33.8823,0.6199,0.3029,2.0465,0.0407,0.7111
D930015E06Rik,D930015E06Rik,1435.4476,0.0929,0.0927,1.0023,0.3162,0.9173
D930015M05Rik,D930015M05Rik,6.1796,-0.2854,0.55,-0.519,0.6038,
D930016D06Rik,D930016D06Rik,137.3342,0.1817,0.2147,0.8461,0.3975,0.9347
D930048N14Rik,D930048N14Rik,22.9561,0.5177,0.3043,1.7013,0.0889,0.7829
Daam1,Daam1,1385.0379,-0.1221,0.1751,-0.6975,0.4855,0.9515
Daam2,Daam2,3309.9635,0.2845,0.1256,2.2644,0.0236,0.6236
Dab2,Dab2,3374.2709,0.0698,0.1139,0.6131,0.5398,0.9571
Dab2ip,Dab2ip,3840.9013,-0.0109,0.082,-0.1324,0.8947,0.9926
Dach2,Dach2,0.4821,1.4601,2.0214,0.7223,0.4701,
Dact1,Dact1,550.3666,0.0691,0.1104,0.6259,0.5314,0.9571
Dact2,Dact2,352.1543,0.2365,0.117,2.0212,0.0433,0.7227
Dact3,Dact3,363.0902,0.0658,0.1117,0.5894,0.5556,0.9573
Dad1,Dad1,3936.1391,-0.1185,0.0501,-2.3677,0.0179,0.582
Dag1,Dag1,26766.9341,-0.0395,0.0455,-0.8677,0.3856,0.9315
Dagla,Dagla,676.4952,-0.129,0.0763,-1.6918,0.0907,0.7849
Daglb,Daglb,595.31,-0.0354,0.0712,-0.4974,0.6189,0.966
Dalrd3,Dalrd3,504.9248,-0.0299,0.1102,-0.2715,0.786,0.9857
Dancr,Dancr,63.994,0.1583,0.224,0.7066,0.4798,0.9502
Dand5,Dand5,127.0954,-0.1183,0.1283,-0.9217,0.3567,0.9295
Dap,Dap,10959.7674,-0.0667,0.0462,-1.4442,0.1487,0.8436
Dap3,Dap3,2115.7467,-0.112,0.0593,-1.8892,0.0589,0.749
Dapk1,Dapk1,18.9421,0.2699,0.3774,0.7151,0.4745,
Dapk2,Dapk2,2551.4862,-0.1711,0.0895,-1.9105,0.0561,0.743
Dapk3,Dapk3,1362.8582,-0.1259,0.0709,-1.7747,0.076,0.7682
Dapp1,Dapp1,56.8443,0.1274,0.1943,0.6556,0.5121,0.9533
Dars,Dars,6231.0727,0.0983,0.0665,1.4788,0.1392,0.8343
Dars2,Dars2,955.844,0.01,0.0601,0.1663,0.868,0.9906
Daxx,Daxx,1176.9997,-0.0643,0.0646,-0.995,0.3197,0.9186
Dazap1,Dazap1,2257.9265,-0.1189,0.0897,-1.326,0.1848,0.8737
Dazap2,Dazap2,9579.9089,-0.0746,0.0487,-1.5305,0.1259,0.815
Dbf4,Dbf4,768.013,-0.0905,0.1674,-0.5407,0.5887,0.964
Dbh,Dbh,175.1909,0.1738,0.2865,0.6065,0.5442,0.9571
Dbhos,Dbhos,0.7773,-0.9516,1.6613,-0.5728,0.5668,
Dbi,Dbi,2820.1153,-0.1253,0.0591,-2.1202,0.034,0.6695
Dbil5,Dbil5,5.7002,0.1786,0.5892,0.3031,0.7618,
Dbn1,Dbn1,7128.1908,-0.0741,0.0548,-1.3526,0.1762,0.8631
Dbndd1,Dbndd1,133.6777,-0.0765,0.1881,-0.4066,0.6843,0.9717
Dbndd2,Dbndd2,875.9426,-0.2174,0.0748,-2.9082,0.0036,0.3479
Dbnl,Dbnl,3725.6299,-0.0106,0.0559,-0.1901,0.8492,0.9906
Dbp,Dbp,289.1909,0.0011,0.1207,0.0089,0.9929,0.9993
Dbr1,Dbr1,630.3781,0.058,0.0789,0.735,0.4623,0.9483
Dbt,Dbt,593.5333,0.0974,0.0987,0.987,0.3236,0.9197
Dcaf10,Dcaf10,1547.796,0.0374,0.0916,0.4086,0.6828,0.9717
Dcaf11,Dcaf11,1425.6968,-0.015,0.0855,-0.1758,0.8604,0.9906
Dcaf12,Dcaf12,3364.7558,-0.0385,0.0542,-0.7104,0.4774,0.949
Dcaf13,Dcaf13,2302.6672,-0.0366,0.0626,-0.5855,0.5582,0.9579
Dcaf15,Dcaf15,1611.8663,-0.052,0.1149,-0.4531,0.6505,0.9684
Dcaf17,Dcaf17,338.6394,0.013,0.1743,0.0747,0.9405,0.9971
Dcaf4,Dcaf4,611.1036,-0.0781,0.087,-0.8983,0.369,0.9295
Dcaf5,Dcaf5,3141.9002,0.0088,0.0562,0.1561,0.876,0.9914
Dcaf6,Dcaf6,2315.8414,-0.114,0.0657,-1.7353,0.0827,0.7755
Dcaf7,Dcaf7,4837.0838,-0.0465,0.0431,-1.0782,0.2809,0.9074
Dcaf8,Dcaf8,8109.0723,0.0441,0.0889,0.4967,0.6194,0.966
Dcakd,Dcakd,4406.8948,-0.0889,0.0674,-1.3188,0.1872,0.874
Dcbld1,Dcbld1,270.524,-0.0814,0.0946,-0.8606,0.3895,0.933
Dcbld2,Dcbld2,2782.1566,-0.0048,0.0959,-0.0501,0.9601,0.9974
Dcdc2b,Dcdc2b,355.8115,0.1005,0.257,0.3911,0.6957,0.9731
Dcdc2c,Dcdc2c,0.8736,1.658,1.5856,1.0457,0.2957,
Dchs1,Dchs1,427.95,0.1929,0.1232,1.5657,0.1174,0.8127
Dck,Dck,1119.3806,-0.0438,0.1837,-0.2384,0.8116,0.9886
Dclk1,Dclk1,13769.0624,0.0599,0.1324,0.4523,0.6511,0.9684
Dclk2,Dclk2,237.0727,0.1983,0.1161,1.7077,0.0877,0.7813
Dclk3,Dclk3,1.5309,-1.2991,1.3695,-0.9486,0.3428,
Dclre1a,Dclre1a,522.3698,0.1416,0.1042,1.3589,0.1742,0.8614
Dclre1b,Dclre1b,284.2052,-0.0096,0.1388,-0.069,0.945,0.9971
Dclre1c,Dclre1c,230.8764,0.0393,0.1279,0.3077,0.7583,0.9849
Dcn,Dcn,1622.2345,-0.2607,0.211,-1.2357,0.2166,0.8877
Dcp1a,Dcp1a,1213.1147,0.0808,0.0621,1.3016,0.193,0.8764
Dcp1b,Dcp1b,146.3961,-0.0222,0.127,-0.1747,0.8613,0.9906
Dcp2,Dcp2,698.7809,0.1303,0.1347,0.9674,0.3333,0.9207
Dcps,Dcps,1233.807,-0.1846,0.0589,-3.134,0.0017,0.2859
Dcst1,Dcst1,12.1144,0.0046,0.451,0.0101,0.9919,
Dctd,Dctd,416.3202,0.1669,0.0868,1.9237,0.0544,0.736
Dctn1,Dctn1,6068.1224,0.0008,0.0409,0.0191,0.9848,0.9991
Dctn2,Dctn2,7034.6722,-0.0499,0.0717,-0.6958,0.4866,0.9515
Dctn3,Dctn3,1398.2831,-0.188,0.0561,-3.3484,0.0008,0.2269
Dctn4,Dctn4,3180.8404,0.0241,0.0413,0.5825,0.5602,0.9579
Dctn5,Dctn5,1832.982,-0.0466,0.058,-0.8042,0.4213,0.941
Dctn6,Dctn6,1882.8366,0.0007,0.097,0.0076,0.9939,0.9993
Dctpp1,Dctpp1,365.6233,-0.1527,0.0988,-1.5454,0.1223,0.8139
Dcun1d1,Dcun1d1,840.3726,0.0467,0.1727,0.2701,0.7871,0.9865
Dcun1d2,Dcun1d2,1286.8475,0.0089,0.0642,0.1391,0.8893,0.992
Dcun1d3,Dcun1d3,946.818,0.0003,0.0687,0.005,0.996,0.9995
Dcun1d4,Dcun1d4,593.2384,0.185,0.1103,1.6769,0.0936,0.7872
Dcun1d5,Dcun1d5,1870.1482,-0.0485,0.0796,-0.6092,0.5424,0.9571
Dcx,Dcx,9.9271,-0.3681,0.5211,-0.7065,0.4799,
Dcxr,Dcxr,349.8864,0.084,0.1331,0.6315,0.5277,0.9565
Dda1,Dda1,2524.0742,-0.0232,0.0488,-0.4747,0.635,0.9681
Ddah1,Ddah1,2217.2555,0.0112,0.1031,0.1085,0.9136,0.9943
Ddah2,Ddah2,2943.0047,-0.1765,0.0686,-2.5717,0.0101,0.4961
Ddb1,Ddb1,42936.7092,-0.0426,0.0759,-0.5618,0.5742,0.9614
Ddb2,Ddb2,103.5842,0.2664,0.149,1.7883,0.0737,0.7682
Ddc,Ddc,138.0471,0.1285,0.1953,0.658,0.5106,0.9529
Ddhd1,Ddhd1,854.576,0.0353,0.0762,0.4636,0.6429,0.9684
Ddhd2,Ddhd2,1447.3474,0.1484,0.0591,2.5107,0.012,0.5308
Ddi2,Ddi2,428.7206,0.1468,0.094,1.5615,0.1184,0.8127
Ddias,Ddias,202.2953,-0.1194,0.2048,-0.583,0.5599,0.9579
Ddit3,Ddit3,571.4425,0.0119,0.1784,0.0667,0.9468,0.9971
Ddit4,Ddit4,1354.6952,-0.1774,0.0806,-2.1998,0.0278,0.6379
Ddit4l,Ddit4l,379.6339,0.1305,0.0937,1.3938,0.1634,0.8598
Ddn,Ddn,16.5661,-0.4844,0.3865,-1.2534,0.2101,
Ddo,Ddo,16.0309,0.242,0.3835,0.631,0.5281,
Ddost,Ddost,10087.8137,-0.0028,0.0597,-0.0461,0.9633,0.9974
Ddr1,Ddr1,4639.189,-0.0192,0.0541,-0.356,0.7218,0.9788
Ddr2,Ddr2,3077.0788,0.1372,0.1293,1.0611,0.2886,0.9079
Ddrgk1,Ddrgk1,1667.9884,-0.143,0.1072,-1.334,0.1822,0.8711
Ddt,Ddt,634.6231,-0.0178,0.1032,-0.1723,0.8632,0.9906
Ddx1,Ddx1,7059.8521,-0.0089,0.0685,-0.1303,0.8963,0.9927
Ddx10,Ddx10,645.7853,0.1419,0.1521,0.9327,0.351,0.9271
Ddx11,Ddx11,416.2831,-0.056,0.1351,-0.4147,0.6784,0.9717
Ddx17,Ddx17,16318.1965,0.1063,0.0446,2.3845,0.0171,0.582
Ddx18,Ddx18,2174.6759,0.0802,0.0729,1.1006,0.2711,0.9032
Ddx19a,Ddx19a,1360.2854,0.0031,0.0913,0.0342,0.9727,0.9974
Ddx19b,Ddx19b,850.2114,0.0189,0.0754,0.25,0.8026,0.9871
Ddx20,Ddx20,905.2472,-0.0562,0.0684,-0.8219,0.4111,0.9377
Ddx21,Ddx21,6216.9166,0.103,0.0713,1.4435,0.1489,0.8436
Ddx23,Ddx23,6084.2719,-0.0659,0.058,-1.136,0.2559,0.8935
Ddx24,Ddx24,4598.0539,-0.0582,0.0489,-1.191,0.2336,0.8923
Ddx25,Ddx25,0.7678,-0.7752,1.6943,-0.4575,0.6473,
Ddx26b,Ddx26b,131.1332,0.302,0.1823,1.6561,0.0977,0.7886
Ddx27,Ddx27,2236.564,0.0289,0.0607,0.4751,0.6347,0.9681
Ddx28,Ddx28,549.0354,-0.1824,0.075,-2.4315,0.015,0.5682
Ddx31,Ddx31,524.8916,-0.0165,0.0975,-0.1697,0.8653,0.9906
Ddx39,Ddx39,2885.4652,-0.1683,0.0863,-1.9509,0.0511,0.7261
Ddx39b,Ddx39b,5848.7011,0.0399,0.1003,0.3978,0.6908,0.973
Ddx3x,Ddx3x,14423.8148,0.0394,0.1317,0.2995,0.7646,0.9849
Ddx4,Ddx4,0.3819,0.9702,2.4748,0.3921,0.695,
Ddx41,Ddx41,1169.0173,0.0169,0.0688,0.2453,0.8063,0.9877
Ddx42,Ddx42,3760.2276,0.0627,0.0566,1.1088,0.2675,0.8998
Ddx46,Ddx46,2170.4121,0.0964,0.1431,0.6736,0.5006,0.9515
Ddx47,Ddx47,2154.86,-0.0132,0.0663,-0.1985,0.8427,0.9906
Ddx49,Ddx49,953.737,-0.0019,0.0695,-0.0275,0.9781,0.9976
Ddx5,Ddx5,31023.2701,0.0484,0.1308,0.3702,0.7113,0.9756
Ddx50,Ddx50,3340.2703,0.1042,0.0791,1.3176,0.1877,0.874
Ddx51,Ddx51,1212.4237,-0.0491,0.063,-0.7801,0.4353,0.9455
Ddx52,Ddx52,1372.1422,-0.0508,0.0942,-0.5389,0.5899,0.964
Ddx54,Ddx54,2836.0659,-0.0731,0.0542,-1.3482,0.1776,0.8659
Ddx55,Ddx55,332.9343,0.0232,0.0889,0.2612,0.794,0.9871
Ddx56,Ddx56,1880.9461,0.0186,0.0963,0.1928,0.8471,0.9906
Ddx58,Ddx58,929.6239,0.1249,0.1155,1.0808,0.2798,0.9074
Ddx59,Ddx59,425.3312,-0.0672,0.0859,-0.7821,0.4341,0.9453
Ddx6,Ddx6,8258.8393,0.0708,0.0784,0.9032,0.3664,0.9295
Ddx60,Ddx60,27.1464,-0.5622,0.322,-1.7462,0.0808,0.7741
Deaf1,Deaf1,518.9789,0.1079,0.0824,1.3091,0.1905,0.874
Dear1,Dear1,0.758,-0.2311,1.9738,-0.1171,0.9068,
Deb1,Deb1,302.4523,-0.0363,0.1454,-0.2498,0.8027,0.9871
Decr1,Decr1,2114.8579,-0.0157,0.0484,-0.3244,0.7456,0.9836
Decr2,Decr2,341.9733,-0.0544,0.1269,-0.4287,0.6682,0.9702
Dedd,Dedd,1510.0697,-0.0672,0.0566,-1.1874,0.2351,0.8923
Dedd2,Dedd2,200.9143,-0.0418,0.1319,-0.3168,0.7514,0.9846
Def6,Def6,209.7364,-0.0933,0.1489,-0.6265,0.531,0.957
Def8,Def8,1289.591,-0.0176,0.0587,-0.299,0.765,0.985
Defb25,Defb25,13.514,-0.0653,0.4255,-0.1534,0.8781,
Defb28,Defb28,1.1608,0.127,1.2436,0.1021,0.9186,
Defb30,Defb30,0.9558,-2.3142,2.1158,-1.0938,0.274,
Defb36,Defb36,2.1056,-1.7249,1.2924,-1.3346,0.182,
Defb41,Defb41,21.4991,-0.3462,0.3885,-0.8912,0.3728,0.9295
Defb42,Defb42,6.6445,-0.4235,0.5963,-0.7102,0.4776,
Defb47,Defb47,1.0607,-1.696,1.5552,-1.0906,0.2755,
Degs1,Degs1,5725.671,-0.0333,0.0778,-0.4282,0.6685,0.9702
Degs2,Degs2,42.275,0.1179,0.2353,0.5011,0.6163,0.966
Dek,Dek,1179.0531,0.138,0.1811,0.7619,0.4461,0.9455
Dennd1a,Dennd1a,928.4612,-0.0407,0.0835,-0.4873,0.626,0.9673
Dennd1b,Dennd1b,379.1651,-0.0572,0.1972,-0.2902,0.7717,0.985
Dennd1c,Dennd1c,0.4829,1.4601,2.0207,0.7226,0.47,
Dennd2a,Dennd2a,1393.811,-0.1198,0.0683,-1.7544,0.0794,0.7694
Dennd2c,Dennd2c,258.3407,-0.0011,0.1092,-0.0101,0.9919,0.9993
Dennd2d,Dennd2d,14.3217,-0.0419,0.4089,-0.1025,0.9184,
Dennd3,Dennd3,114.3176,-0.1916,0.1637,-1.1705,0.2418,0.8923
Dennd4a,Dennd4a,622.9714,0.04,0.2195,0.1823,0.8553,0.9906
Dennd4b,Dennd4b,401.4845,0.024,0.0797,0.3016,0.763,0.9849
Dennd4c,Dennd4c,778.8874,0.1131,0.1712,0.6605,0.509,0.9528
Dennd5a,Dennd5a,5778.1655,-0.0595,0.0451,-1.3175,0.1877,0.874
Dennd5b,Dennd5b,793.3287,0.0359,0.1217,0.2949,0.7681,0.985
Dennd6a,Dennd6a,1207.3227,0.0787,0.0853,0.9236,0.3557,0.9295
Dennd6b,Dennd6b,166.8531,-0.0127,0.125,-0.1018,0.9189,0.9955
Denr,Denr,2703.0182,0.041,0.0737,0.5563,0.578,0.963
Depdc1a,Depdc1a,223.0097,0.0615,0.2637,0.233,0.8157,0.989
Depdc1b,Depdc1b,219.4752,-0.1115,0.1267,-0.88,0.3789,0.9303
Depdc5,Depdc5,1061.4948,0.0295,0.0579,0.5089,0.6108,0.966
Depdc7,Depdc7,259.0606,-0.1447,0.0962,-1.5044,0.1325,0.826
Deptor,Deptor,6490.3868,0.2243,0.1142,1.965,0.0494,0.7227
Dera,Dera,605.8057,-0.1831,0.0842,-2.1757,0.0296,0.6423
Derl1,Derl1,6605.3087,-0.0746,0.067,-1.1127,0.2658,0.8981
Derl2,Derl2,2034.2879,-0.0806,0.0578,-1.3937,0.1634,0.8598
Derl3,Derl3,7.7443,-0.0353,0.5668,-0.0623,0.9503,
Des,Des,48118.6683,-0.181,0.0796,-2.2743,0.023,0.6144
Desi1,Desi1,2642.5979,-0.0098,0.0607,-0.1619,0.8714,0.9908
Desi2,Desi2,3213.9001,0.0248,0.0688,0.3611,0.718,0.9777
Det1,Det1,339.8351,0.1052,0.1031,1.0201,0.3077,0.9169
Dexi,Dexi,664.733,0.0164,0.0823,0.1997,0.8417,0.9906
Dffa,Dffa,707.7557,0.0045,0.0902,0.0495,0.9606,0.9974
Dffb,Dffb,106.0134,0.2296,0.1431,1.6045,0.1086,0.8054
Dfna5,Dfna5,355.6888,0.2809,0.1261,2.2276,0.0259,0.6337
Dfnb59,Dfnb59,1.4424,0.3583,1.206,0.2971,0.7664,
Dgat1,Dgat1,979.7547,-0.0668,0.0829,-0.8056,0.4204,0.9404
Dgat2,Dgat2,213.8902,-0.2252,0.18,-1.2513,0.2108,0.8875
Dgcr14,Dgcr14,887.9072,-0.0094,0.0715,-0.1313,0.8955,0.9927
Dgcr2,Dgcr2,3738.0311,-0.028,0.0492,-0.5698,0.5688,0.9596
Dgcr6,Dgcr6,875.5482,0.0464,0.0714,0.6501,0.5156,0.9548
Dgcr8,Dgcr8,1564.3909,0.1575,0.0705,2.2332,0.0255,0.6337
Dgka,Dgka,1190.3201,0.0179,0.0673,0.2659,0.7903,0.9865
Dgkd,Dgkd,2417.7744,-0.1058,0.0685,-1.5448,0.1224,0.8139
Dgke,Dgke,275.5906,0.055,0.095,0.579,0.5626,0.9582
Dgkeos,Dgkeos,1.2514,0.4472,1.4701,0.3042,0.761,
Dgkg,Dgkg,20.151,-0.3969,0.4379,-0.9065,0.3647,
Dgkh,Dgkh,41.5135,-0.204,0.2386,-0.8552,0.3925,0.9341
Dgki,Dgki,1.168,0.9603,1.4016,0.6851,0.4933,
Dgkq,Dgkq,417.4674,0.0979,0.0936,1.0457,0.2957,0.9119
Dgkz,Dgkz,2430.1602,-0.0493,0.0619,-0.7962,0.4259,0.9422
Dguok,Dguok,626.3786,0.0468,0.0772,0.6068,0.544,0.9571
Dhcr24,Dhcr24,4530.3322,-0.2217,0.0878,-2.5257,0.0115,0.517
Dhcr7,Dhcr7,1464.8327,-0.1385,0.0753,-1.839,0.0659,0.7609
Dhdds,Dhdds,1951.6189,-0.0652,0.058,-1.1242,0.2609,0.8968
Dhdh,Dhdh,15.2405,-0.0696,0.3601,-0.1932,0.8468,
Dhfr,Dhfr,529.2881,0.0146,0.1517,0.096,0.9235,0.9957
Dhh,Dhh,7.2021,-0.4764,0.5767,-0.8261,0.4087,
Dhodh,Dhodh,433.7771,0.1164,0.1089,1.0688,0.2851,0.9079
Dhps,Dhps,2014.0882,0.0155,0.0883,0.1758,0.8605,0.9906
Dhrs1,Dhrs1,2435.8439,-0.0286,0.0557,-0.5131,0.6079,0.966
Dhrs11,Dhrs11,179.2129,0.1052,0.1265,0.832,0.4054,0.9368
Dhrs13,Dhrs13,182.4402,-0.1918,0.1812,-1.0586,0.2898,0.9079
Dhrs2,Dhrs2,1.2485,-2.653,1.4376,-1.8455,0.065,
Dhrs3,Dhrs3,697.3863,0.2122,0.1286,1.6503,0.0989,0.7895
Dhrs4,Dhrs4,434.438,-0.2909,0.1043,-2.7902,0.0053,0.3918
Dhrs7,Dhrs7,1245.9017,0.0685,0.1366,0.5012,0.6162,0.966
Dhrs7b,Dhrs7b,896.3642,-0.0859,0.0752,-1.1419,0.2535,0.893
Dhrs7c,Dhrs7c,361.5422,-0.221,0.2111,-1.0469,0.2951,0.9119
Dhrs9,Dhrs9,27.4545,-0.4356,0.3612,-1.206,0.2278,0.8911
Dhtkd1,Dhtkd1,164.1858,0.14,0.1505,0.9301,0.3523,0.9271
Dhx15,Dhx15,7494.2966,0.0999,0.0657,1.5206,0.1284,0.8217
Dhx16,Dhx16,1712.1156,0.0472,0.0706,0.6684,0.5039,0.9515
Dhx29,Dhx29,1894.9142,0.1486,0.0866,1.7154,0.0863,0.7807
Dhx30,Dhx30,2279.0202,0.021,0.0559,0.3757,0.7071,0.9744
Dhx32,Dhx32,1344.3692,-0.0428,0.0674,-0.6345,0.5258,0.9565
Dhx33,Dhx33,1641.9191,0.0351,0.0605,0.5802,0.5618,0.9579
Dhx34,Dhx34,424.2752,-0.0826,0.0828,-0.998,0.3183,0.9176
Dhx35,Dhx35,643.562,-0.0138,0.0775,-0.1783,0.8585,0.9906
Dhx36,Dhx36,2070.3856,0.0698,0.1404,0.4968,0.6193,0.966
Dhx37,Dhx37,864.1604,-0.0421,0.0826,-0.5099,0.6101,0.966
Dhx38,Dhx38,1864.781,-0.0994,0.0571,-1.7401,0.0818,0.7744
Dhx40,Dhx40,1573.1251,0.0917,0.0825,1.1117,0.2663,0.8981
Dhx57,Dhx57,1193.2183,0.0363,0.0702,0.5166,0.6054,0.966
Dhx58,Dhx58,102.7877,0.2798,0.184,1.5204,0.1284,0.8217
Dhx8,Dhx8,1874.9419,0.038,0.0585,0.6495,0.516,0.9548
Dhx9,Dhx9,6989.0463,0.1423,0.0908,1.5669,0.1171,0.8127
Diablo,Diablo,1478.0568,-0.0705,0.0663,-1.0627,0.2879,0.9079
Diap1,Diap1,2277.5362,-0.1084,0.0598,-1.811,0.0701,0.7617
Diap2,Diap2,379.3653,0.1612,0.1816,0.8877,0.3747,0.9295
Diap3,Diap3,842.1251,-0.0915,0.1952,-0.4689,0.6392,0.9681
Dicer1,Dicer1,1645.7787,0.0993,0.0778,1.2764,0.2018,0.8833
Dido1,Dido1,2309.3466,0.1127,0.0748,1.5063,0.132,0.826
Diexf,Diexf,1013.5564,0.0961,0.0933,1.0303,0.3028,0.9164
Dimt1,Dimt1,716.1943,0.0856,0.0751,1.1397,0.2544,0.893
Dio1,Dio1,0.2933,0.8438,2.6273,0.3212,0.7481,
Dio2,Dio2,829.8022,-0.06,0.1849,-0.3248,0.7454,0.9836
Dio3,Dio3,6.0348,0.4051,0.6197,0.6536,0.5134,
Dio3os,Dio3os,5.3621,-0.1299,0.6579,-0.1974,0.8435,
Dip2a,Dip2a,1853.524,0.0117,0.0637,0.1833,0.8546,0.9906
Dip2b,Dip2b,1017.2706,-0.0178,0.0827,-0.2157,0.8293,0.9906
Dip2c,Dip2c,1807.4962,0.0413,0.0671,0.6153,0.5384,0.9571
Diras1,Diras1,37.9649,-0.3379,0.2778,-1.2165,0.2238,0.8877
Diras2,Diras2,96.2303,-0.2518,0.281,-0.896,0.3702,0.9295
Dirc2,Dirc2,1665.7116,0.0229,0.0833,0.2747,0.7835,0.985
Dis3,Dis3,1218.7981,0.0926,0.0726,1.2766,0.2017,0.8832
Dis3l,Dis3l,977.6443,-0.0484,0.0639,-0.758,0.4485,0.9455
Dis3l2,Dis3l2,815.6844,-0.0165,0.0873,-0.1889,0.8502,0.9906
Disc1,Disc1,5.9528,-0.9438,0.6571,-1.4363,0.1509,
Disp1,Disp1,1851.9812,0.0201,0.0648,0.3101,0.7565,0.9849
Disp2,Disp2,21.9269,0.1458,0.3393,0.4296,0.6675,0.9702
Dixdc1,Dixdc1,412.8531,0.2868,0.1983,1.4459,0.1482,0.8436
Dkc1,Dkc1,987.778,0.1451,0.0981,1.4795,0.139,0.8341
Dkk2,Dkk2,115.1046,-0.2537,0.2663,-0.9527,0.3407,0.9246
Dkk3,Dkk3,1624.5709,0.4159,0.1607,2.5877,0.0097,0.4918
Dkkl1,Dkkl1,0.7666,-0.7758,1.5787,-0.4914,0.6232,
Dlat,Dlat,3761.4734,0.008,0.0686,0.1165,0.9072,0.9939
Dlc1,Dlc1,1655.4354,0.1125,0.0964,1.1669,0.2432,0.8923
Dld,Dld,5047.4249,0.0683,0.0762,0.8964,0.3701,0.9295
Dlec1,Dlec1,4.6116,0.4673,0.7081,0.66,0.5093,
Dleu2,Dleu2,78.7907,0.0329,0.2081,0.1583,0.8742,0.991
Dlg1,Dlg1,3543.4498,0.1167,0.1156,1.0095,0.3127,0.9173
Dlg2,Dlg2,38.3192,0.2695,0.2292,1.176,0.2396,0.8923
Dlg3,Dlg3,892.3946,0.167,0.0941,1.7754,0.0758,0.7682
Dlg4,Dlg4,1627.0225,0.0436,0.0539,0.8101,0.4179,0.94
Dlg5,Dlg5,2529.9601,0.0591,0.0477,1.2377,0.2158,0.8877
Dlgap1,Dlgap1,20.7244,0.0354,0.3045,0.1164,0.9074,0.9939
Dlgap2,Dlgap2,15.9001,-0.5143,0.4391,-1.1713,0.2415,
Dlgap4,Dlgap4,5588.0222,-0.0487,0.1016,-0.4796,0.6315,0.9681
Dlgap5,Dlgap5,931.8174,-0.0955,0.1566,-0.6096,0.5421,0.9571
Dlk2,Dlk2,33.4752,0.2396,0.2941,0.8149,0.4151,0.94
Dll1,Dll1,1352.6274,-0.0685,0.1133,-0.6043,0.5457,0.9571
Dll4,Dll4,2.1115,1.3268,1.0654,1.2454,0.213,
Dlst,Dlst,8019.9451,0.0164,0.0922,0.1781,0.8587,0.9906
Dlx1,Dlx1,46.802,0.6156,0.2545,2.4188,0.0156,0.5706
Dlx1as,Dlx1as,4.1619,0.7357,0.7134,1.0313,0.3024,
Dlx2,Dlx2,101.637,0.2251,0.2056,1.0952,0.2734,0.904
Dlx3,Dlx3,347.3601,-0.3391,0.1928,-1.7587,0.0786,0.7682
Dlx4,Dlx4,28.9867,0.27,0.2901,0.9306,0.3521,0.9271
Dmap1,Dmap1,782.478,-0.0234,0.0641,-0.3659,0.7145,0.9766
Dmbx1,Dmbx1,81.3024,-0.3424,0.1859,-1.8421,0.0655,0.7609
Dmc1,Dmc1,0.3829,-0.4613,2.4628,-0.1873,0.8514,
Dmd,Dmd,17.4124,-0.4438,0.4648,-0.9548,0.3397,
Dmkn,Dmkn,1.0558,2.7509,1.7218,1.5976,0.1101,
Dmp1,Dmp1,149.5439,-0.3592,0.1802,-1.993,0.0463,0.7227
Dmpk,Dmpk,6140.9201,-0.1033,0.0584,-1.7683,0.077,0.7682
Dmr,Dmr,0.8598,1.2307,1.8706,0.6579,0.5106,
Dmrt1,Dmrt1,0.4822,-1.133,2.048,-0.5532,0.5801,
Dmrt2,Dmrt2,284.5445,0.0289,0.1471,0.1967,0.844,0.9906
Dmrta2,Dmrta2,362.3884,-0.0308,0.0929,-0.3318,0.7401,0.9825
Dmrtc1a,Dmrtc1a,0.4728,-0.5368,2.3855,-0.225,0.8219,
Dmtf1,Dmtf1,1042.1386,0.175,0.1426,1.2268,0.2199,0.8877
Dmtn,Dmtn,46.2128,-0.2381,0.2142,-1.1112,0.2665,0.8981
Dmwd,Dmwd,1833.5891,-0.0506,0.0697,-0.7259,0.4679,0.9483
Dmxl1,Dmxl1,557.7466,0.1296,0.2268,0.5716,0.5676,0.9592
Dmxl2,Dmxl2,146.7103,0.1132,0.2169,0.522,0.6017,0.966
Dna2,Dna2,159.8831,0.0412,0.2267,0.1816,0.8559,0.9906
Dnaaf2,Dnaaf2,439.2985,-0.0349,0.1168,-0.2985,0.7653,0.985
Dnaaf3,Dnaaf3,34.3729,-0.7692,0.4022,-1.9122,0.0558,0.743
Dnaaf5,Dnaaf5,951.7833,-0.0877,0.0716,-1.2251,0.2205,0.8877
Dnah1,Dnah1,8.6755,-0.4998,0.4796,-1.0422,0.2973,
Dnah10,Dnah10,7.3174,-0.5345,0.5701,-0.9376,0.3485,
Dnah11,Dnah11,0.5773,0.762,2.2946,0.3321,0.7398,
Dnah17,Dnah17,71.3435,0.2045,0.203,1.0076,0.3137,0.9173
Dnah2,Dnah2,22.7551,-0.2061,0.3007,-0.6854,0.4931,0.9515
Dnah5,Dnah5,0.2933,0.8438,2.6273,0.3212,0.7481,
Dnah6,Dnah6,19.1033,0.3534,0.3585,0.9856,0.3243,
Dnah7a,Dnah7a,0.9729,-1.6039,1.5996,-1.0027,0.316,
Dnah7b,Dnah7b,2.6654,1.0468,1.0908,0.9596,0.3373,
Dnah8,Dnah8,3.4621,-0.8681,0.7744,-1.121,0.2623,
Dnah9,Dnah9,0.384,0.9702,2.472,0.3925,0.6947,
Dnaic1,Dnaic1,44.4932,0.1694,0.2534,0.6683,0.5039,0.9515
Dnaic2,Dnaic2,44.9592,-0.1735,0.2254,-0.77,0.4413,0.9455
Dnaja1,Dnaja1,6732.2864,0.1594,0.0965,1.6524,0.0985,0.7891
Dnaja2,Dnaja2,13172.3295,0.0361,0.0731,0.4936,0.6216,0.966
Dnaja3,Dnaja3,2220.928,-0.0077,0.0785,-0.0978,0.9221,0.9957
Dnaja4,Dnaja4,1166.9754,-0.0915,0.0739,-1.2395,0.2152,0.8877
Dnajb1,Dnajb1,4198.7407,-0.0349,0.0604,-0.578,0.5632,0.9583
Dnajb11,Dnajb11,5059.8719,-0.0519,0.0573,-0.9052,0.3654,0.9295
Dnajb12,Dnajb12,1938.9949,-0.0463,0.0526,-0.8789,0.3794,0.9303
Dnajb13,Dnajb13,16.4774,-0.5115,0.5132,-0.9966,0.319,
Dnajb14,Dnajb14,205.1148,0.1064,0.1092,0.9743,0.3299,0.9197
Dnajb2,Dnajb2,2171.721,0.0428,0.0916,0.4675,0.6401,0.9681
Dnajb4,Dnajb4,2903.0177,0.1669,0.0975,1.7121,0.0869,0.7807
Dnajb5,Dnajb5,1264.6753,-0.1165,0.1046,-1.1138,0.2654,0.8981
Dnajb6,Dnajb6,4847.7968,0.066,0.0812,0.8123,0.4166,0.94
Dnajb7,Dnajb7,0.3844,2.1809,2.3996,0.9089,0.3634,
Dnajb9,Dnajb9,1816.2155,-0.0301,0.0982,-0.3063,0.7594,0.9849
Dnajc1,Dnajc1,1160.7908,0.1245,0.1046,1.1906,0.2338,0.8923
Dnajc10,Dnajc10,8469.3972,0.0451,0.0792,0.5692,0.5692,0.9596
Dnajc11,Dnajc11,2599.3185,-0.065,0.0588,-1.1051,0.2691,0.9026
Dnajc12,Dnajc12,156.4088,0.1209,0.1224,0.9877,0.3233,0.9197
Dnajc13,Dnajc13,2955.1925,0.0818,0.1378,0.5934,0.5529,0.9571
Dnajc14,Dnajc14,3005.8213,-0.0116,0.0618,-0.1868,0.8518,0.9906
Dnajc15,Dnajc15,714.6383,-0.0342,0.0842,-0.406,0.6847,0.9717
Dnajc16,Dnajc16,977.7572,0.0289,0.0802,0.3599,0.7189,0.9781
Dnajc17,Dnajc17,264.3892,0.1119,0.1101,1.0167,0.3093,0.9169
Dnajc18,Dnajc18,1312.5426,0.0786,0.0583,1.3481,0.1776,0.8659
Dnajc19,Dnajc19,449.7355,0.1757,0.1047,1.6777,0.0934,0.7872
Dnajc2,Dnajc2,1116.1992,0.1168,0.1144,1.0215,0.307,0.9169
Dnajc21,Dnajc21,943.7409,-0.2,0.1944,-1.0287,0.3036,0.9164
Dnajc22,Dnajc22,33.6337,-0.2303,0.3296,-0.6987,0.4848,0.9515
Dnajc24,Dnajc24,418.9889,-0.0012,0.0869,-0.0138,0.989,0.9993
Dnajc25,Dnajc25,997.5671,0.0507,0.0639,0.7944,0.427,0.943
Dnajc27,Dnajc27,415.1294,0.0547,0.0773,0.7076,0.4792,0.9498
Dnajc28,Dnajc28,202.7488,0.0479,0.1195,0.4013,0.6882,0.9717
Dnajc3,Dnajc3,3013.1678,0.0511,0.165,0.3095,0.7569,0.9849
Dnajc30,Dnajc30,364.9567,0.0846,0.1254,0.6743,0.5001,0.9515
Dnajc4,Dnajc4,335.7085,0.0827,0.1068,0.7746,0.4386,0.9455
Dnajc5,Dnajc5,4803.4448,-0.0002,0.0456,-0.0034,0.9973,0.9995
Dnajc6,Dnajc6,12.4124,0.7173,0.4075,1.7603,0.0784,
Dnajc7,Dnajc7,3268.494,0.0011,0.0648,0.0172,0.9863,0.9992
Dnajc8,Dnajc8,4049.1633,0.0346,0.0811,0.427,0.6694,0.9702
Dnajc9,Dnajc9,1637.6099,-0.1136,0.1268,-0.8957,0.3704,0.9295
Dnal1,Dnal1,1769.3999,-0.0526,0.0784,-0.6704,0.5026,0.9515
Dnal4,Dnal4,1295.9427,-0.1044,0.0653,-1.6004,0.1095,0.8072
Dnali1,Dnali1,7.135,-0.8559,0.5589,-1.5313,0.1257,
Dnase1,Dnase1,77.1234,0.1595,0.2095,0.7616,0.4463,0.9455
Dnase1l1,Dnase1l1,689.8203,-0.2009,0.0689,-2.9156,0.0035,0.3479
Dnase1l2,Dnase1l2,28.2254,-0.5185,0.2779,-1.866,0.062,0.7549
Dnase1l3,Dnase1l3,783.3739,0.0596,0.2058,0.2895,0.7722,0.985
Dnase2a,Dnase2a,1384.8005,-0.0276,0.1234,-0.2239,0.8228,0.9893
Dnd1,Dnd1,23.9207,-0.0763,0.348,-0.2192,0.8265,0.9905
Dner,Dner,2.6186,-0.1654,0.9042,-0.1829,0.8548,
Dnlz,Dnlz,951.5495,-0.0384,0.065,-0.5903,0.555,0.9572
Dnm1,Dnm1,2636.661,0.0333,0.0819,0.4063,0.6845,0.9717
Dnm1l,Dnm1l,2581.3832,0.0536,0.112,0.4781,0.6326,0.9681
Dnm2,Dnm2,4363.5569,-0.047,0.0514,-0.9141,0.3606,0.9295
Dnm3,Dnm3,111.8184,-0.1672,0.144,-1.1616,0.2454,0.8923
Dnm3os,Dnm3os,569.5887,0.2691,0.2208,1.2186,0.223,0.8877
Dnmbp,Dnmbp,1170.167,0.0783,0.0878,0.8923,0.3723,0.9295
Dnmt1,Dnmt1,3663.0865,-0.0257,0.086,-0.2991,0.7649,0.985
Dnmt3a,Dnmt3a,770.4522,0.0896,0.0746,1.2014,0.2296,0.8914
Dnmt3b,Dnmt3b,84.9165,-0.0787,0.1687,-0.4665,0.6408,0.9681
Dnmt3l,Dnmt3l,1.533,1.3618,1.2717,1.0708,0.2842,
Dnpep,Dnpep,2939.0192,-0.1249,0.0637,-1.961,0.0499,0.7227
Dnph1,Dnph1,277.4136,-0.1898,0.1095,-1.7333,0.083,0.7755
Dntt,Dntt,0.384,0.9702,2.472,0.3925,0.6947,
Dnttip1,Dnttip1,1179.1139,-0.1468,0.067,-2.1896,0.0286,0.6409
Dnttip2,Dnttip2,1701.709,0.0227,0.113,0.2007,0.8409,0.9906
Doc2a,Doc2a,156.0256,-0.2968,0.1804,-1.6453,0.0999,0.7895
Doc2b,Doc2b,236.0251,-0.124,0.1275,-0.9727,0.3307,0.92
Doc2g,Doc2g,63.722,-0.1367,0.1901,-0.7188,0.4723,0.949
Dock1,Dock1,1554.5514,0.0702,0.0649,1.0818,0.2793,0.9074
Dock10,Dock10,31.9133,0.0407,0.4622,0.088,0.9299,0.9957
Dock11,Dock11,386.87,-0.1138,0.2493,-0.4563,0.6482,0.9684
Dock2,Dock2,1.4472,0.1983,1.1631,0.1705,0.8646,
Dock3,Dock3,1.1681,-0.0457,1.2777,-0.0357,0.9715,
Dock4,Dock4,293.4002,0.4643,0.1606,2.8913,0.0038,0.3556
Dock5,Dock5,2237.3678,0.0844,0.0535,1.5764,0.1149,0.8127
Dock6,Dock6,1123.8803,0.0035,0.0912,0.0388,0.9691,0.9974
Dock7,Dock7,4526.076,0.053,0.0954,0.5552,0.5787,0.963
Dock8,Dock8,51.2779,-0.4681,0.2357,-1.9859,0.047,0.7227
Dock9,Dock9,846.7691,-0.0107,0.1263,-0.085,0.9322,0.9957
Dohh,Dohh,1131.7629,-0.1372,0.0976,-1.406,0.1597,0.8558
Dok1,Dok1,1280.0537,-0.0895,0.061,-1.4672,0.1423,0.8395
Dok2,Dok2,3.7779,-0.1903,0.8263,-0.2303,0.8179,
Dok3,Dok3,10.4113,0.4505,0.4412,1.021,0.3072,
Dok4,Dok4,832.5661,0.0683,0.1037,0.6587,0.5101,0.9528
Dok5,Dok5,2.7048,0.5926,0.8792,0.674,0.5003,
Dok6,Dok6,0.3824,-0.4591,2.463,-0.1864,0.8521,
Dok7,Dok7,738.4539,-0.149,0.1394,-1.0684,0.2854,0.9079
Dolk,Dolk,840.0343,0.004,0.116,0.0349,0.9721,0.9974
Dolpp1,Dolpp1,478.6972,0.1104,0.0902,1.2243,0.2208,0.8877
Donson,Donson,376.7147,0.025,0.1373,0.1823,0.8553,0.9906
Dopey1,Dopey1,608.7488,0.2557,0.1357,1.885,0.0594,0.749
Dopey2,Dopey2,2041.686,0.0656,0.0475,1.3814,0.1671,0.8614
Dos,Dos,305.6671,-0.2685,0.1205,-2.2285,0.0258,0.6337
Dot1l,Dot1l,1258.5794,-0.0121,0.0709,-0.1707,0.8644,0.9906
Dpagt1,Dpagt1,1285.8568,-0.1031,0.0755,-1.3646,0.1724,0.8614
Dpcd,Dpcd,608.8662,-0.0693,0.0852,-0.8135,0.4159,0.94
Dpcr1,Dpcr1,1.7368,-0.1273,1.0761,-0.1183,0.9058,
Dpep1,Dpep1,436.8398,0.2993,0.1921,1.5576,0.1193,0.8127
Dpep2,Dpep2,11.3082,-0.2251,0.4482,-0.5023,0.6155,
Dpf1,Dpf1,95.0131,-0.1345,0.1535,-0.8762,0.3809,0.9303
Dpf2,Dpf2,2971.524,-0.0341,0.0512,-0.6665,0.5051,0.9515
Dpf3,Dpf3,6.46,0.7968,0.6434,1.2385,0.2155,
Dph1,Dph1,289.0744,-0.0205,0.1012,-0.2029,0.8392,0.9906
Dph2,Dph2,442.9265,-0.0938,0.0789,-1.1879,0.2349,0.8923
Dph3,Dph3,1446.0189,-0.06,0.0523,-1.1469,0.2514,0.893
Dph5,Dph5,385.5548,0.0129,0.102,0.1264,0.8994,0.9931
Dph6,Dph6,1072.2201,0.1961,0.0859,2.2822,0.0225,0.6144
Dph7,Dph7,516.323,0.0527,0.1,0.5273,0.598,0.9644
Dpm1,Dpm1,32.7603,0.188,0.2453,0.7666,0.4433,0.9455
Dpm2,Dpm2,945.906,-0.0741,0.0665,-1.1131,0.2657,0.8981
Dpm3,Dpm3,327.5454,0.0982,0.1415,0.6936,0.4879,0.9515
Dpp3,Dpp3,3041.6669,-0.1255,0.0599,-2.0952,0.0362,0.6818
Dpp4,Dpp4,0.3853,0.9701,2.47,0.3928,0.6945,
Dpp6,Dpp6,2.5173,-0.0383,0.9322,-0.041,0.9673,
Dpp7,Dpp7,1139.4892,-0.0657,0.1103,-0.5952,0.5517,0.9571
Dpp8,Dpp8,4473.6178,0.1305,0.0605,2.1586,0.0309,0.6516
Dpp9,Dpp9,2322.7398,-0.0373,0.0551,-0.6772,0.4983,0.9515
Dppa2,Dppa2,0.3909,1.254,2.4288,0.5163,0.6056,
Dppa4,Dppa4,0.3918,0.1594,2.1361,0.0746,0.9405,
Dpt,Dpt,547.3838,-0.0873,0.2081,-0.4198,0.6746,0.9711
Dpy19l1,Dpy19l1,8187.5882,0.2291,0.1195,1.9175,0.0552,0.7425
Dpy19l3,Dpy19l3,1969.2068,0.1262,0.1122,1.1247,0.2607,0.8968
Dpy19l4,Dpy19l4,365.747,-0.0339,0.215,-0.1577,0.8747,0.9911
Dpy30,Dpy30,797.8093,-0.0375,0.0691,-0.5422,0.5877,0.964
Dpyd,Dpyd,29.0922,-0.1165,0.3264,-0.3569,0.7212,0.9788
Dpys,Dpys,0.6705,0.7158,1.7759,0.403,0.6869,
Dpysl2,Dpysl2,1191.293,-0.0734,0.1108,-0.662,0.508,0.9528
Dpysl3,Dpysl3,17493.97,-0.0996,0.1145,-0.8697,0.3845,0.9315
Dpysl5,Dpysl5,1.1477,-0.6713,1.4298,-0.4695,0.6387,
Dqx1,Dqx1,22.584,0.125,0.3096,0.4039,0.6863,0.9717
Dr1,Dr1,1947.6045,0.0367,0.089,0.4127,0.6798,0.9717
Dram1,Dram1,1614.5899,0.0539,0.0605,0.8896,0.3737,0.9295
Dram2,Dram2,1586.4905,-0.0437,0.082,-0.5327,0.5943,0.964
Drap1,Drap1,3473.5158,-0.067,0.0869,-0.7706,0.441,0.9455
Draxin,Draxin,13.1842,0.163,0.3894,0.4185,0.6756,
Drc1,Drc1,2.4168,0.5936,0.8922,0.6653,0.5059,
Drc7,Drc7,2.4065,1.5184,1.368,1.11,0.267,
Drd1,Drd1,0.2933,0.8438,2.6273,0.3212,0.7481,
Drd2,Drd2,0.3853,0.9701,2.47,0.3928,0.6945,
Drd3,Drd3,0.48,0.2639,2.0633,0.1279,0.8982,
Drg1,Drg1,3760.1908,-0.0325,0.0647,-0.502,0.6157,0.966
Drg2,Drg2,2143.8121,-0.0414,0.0623,-0.6654,0.5058,0.9515
Drosha,Drosha,2795.1183,-0.023,0.0646,-0.3556,0.7222,0.9788
Drp2,Drp2,3654.963,0.1252,0.0992,1.2618,0.207,0.8866
Dsc2,Dsc2,1.2443,-0.1783,1.5147,-0.1177,0.9063,
Dscam,Dscam,22.2127,-0.0299,0.3016,-0.0992,0.9209,0.9957
Dscc1,Dscc1,137.3305,-0.2068,0.2515,-0.8222,0.411,0.9377
Dscr3,Dscr3,2388.6599,-0.0054,0.0667,-0.0811,0.9354,0.997
Dse,Dse,3231.2469,0.1514,0.0822,1.8406,0.0657,0.7609
Dsel,Dsel,869.0818,0.086,0.1908,0.4507,0.6522,0.9684
Dsg1b,Dsg1b,0.5764,-0.2292,1.9729,-0.1162,0.9075,
Dsg2,Dsg2,0.3846,-1.8819,2.44,-0.7713,0.4405,
Dsg3,Dsg3,13.1137,-0.2178,0.3902,-0.5583,0.5767,
Dsn1,Dsn1,511.8967,-0.1683,0.1585,-1.0618,0.2883,0.9079
Dsp,Dsp,6.3511,-0.1456,0.6299,-0.2312,0.8172,
Dst,Dst,7569.9645,-0.018,0.2029,-0.0887,0.9293,0.9957
Dstn,Dstn,12828.903,0.0626,0.0728,0.8606,0.3895,0.933
Dstyk,Dstyk,2142.4906,0.1085,0.065,1.6703,0.0949,0.7876
Dtd1,Dtd1,282.0047,0.0297,0.1001,0.297,0.7665,0.985
Dtd2,Dtd2,540.9162,0.1736,0.0785,2.2109,0.027,0.6374
Dtl,Dtl,692.3679,-0.0262,0.2097,-0.125,0.9005,0.9931
Dtna,Dtna,1609.595,0.0117,0.0767,0.1526,0.8787,0.9914
Dtnb,Dtnb,253.7097,0.0231,0.1386,0.1664,0.8678,0.9906
Dtnbp1,Dtnbp1,1769.3972,-0.0107,0.0542,-0.197,0.8438,0.9906
Dtwd1,Dtwd1,467.8542,0.0375,0.1175,0.3193,0.7495,0.9843
Dtwd2,Dtwd2,105.8375,0.0241,0.1453,0.1661,0.8681,0.9906
Dtx2,Dtx2,1007.0706,-0.1441,0.0995,-1.448,0.1476,0.8425
Dtx3,Dtx3,1535.6285,-0.0448,0.1109,-0.4039,0.6863,0.9717
Dtx3l,Dtx3l,726.6879,-0.0445,0.1254,-0.3545,0.723,0.9788
Dtx4,Dtx4,2318.5424,-0.1314,0.0951,-1.3819,0.167,0.8612
Dtymk,Dtymk,1398.3399,-0.0411,0.1003,-0.4093,0.6823,0.9717
Duox1,Duox1,41.8785,-0.4415,0.3176,-1.39,0.1645,0.8598
Duox2,Duox2,14.5587,-0.4637,0.4068,-1.1398,0.2544,
Duoxa1,Duoxa1,118.4264,-0.1799,0.1529,-1.177,0.2392,0.8923
Duoxa2,Duoxa2,4.5435,-1.2859,0.8119,-1.5838,0.1132,
Dupd1,Dupd1,2.3201,-1.8348,1.0142,-1.809,0.0704,
Dus1l,Dus1l,1064.7481,-0.1092,0.0629,-1.7363,0.0825,0.7754
Dus2,Dus2,545.7501,-0.0813,0.0797,-1.0211,0.3072,0.9169
Dus3l,Dus3l,957.0114,-0.1829,0.0654,-2.7958,0.0052,0.3918
Dus4l,Dus4l,271.1907,-0.0339,0.1084,-0.3126,0.7546,0.9849
Dusp1,Dusp1,1291.4682,-0.4693,0.2179,-2.1541,0.0312,0.6516
Dusp10,Dusp10,1565.8974,-0.1622,0.1027,-1.5795,0.1142,0.8127
Dusp11,Dusp11,4385.0205,0.0244,0.1217,0.2005,0.8411,0.9906
Dusp12,Dusp12,737.7907,0.1538,0.1304,1.179,0.2384,0.8923
Dusp13,Dusp13,266.8709,-0.2291,0.1376,-1.6646,0.096,0.7877
Dusp14,Dusp14,554.019,-0.0183,0.1251,-0.1464,0.8836,0.9914
Dusp15,Dusp15,1.4294,0.9169,1.2664,0.724,0.4691,
Dusp16,Dusp16,843.9537,-0.0632,0.0766,-0.8251,0.4093,0.9377
Dusp18,Dusp18,1996.4874,-0.084,0.0791,-1.0617,0.2884,0.9079
Dusp19,Dusp19,154.994,0.1551,0.1274,1.2174,0.2235,0.8877
Dusp2,Dusp2,58.2755,-0.1678,0.2495,-0.6724,0.5013,0.9515
Dusp22,Dusp22,578.3156,-0.087,0.089,-0.9776,0.3283,0.9197
Dusp23,Dusp23,25.2722,0.202,0.3138,0.6438,0.5197,0.9553
Dusp26,Dusp26,2.3144,-0.2523,1.0559,-0.2389,0.8112,
Dusp27,Dusp27,2555.1552,-0.1571,0.1001,-1.5691,0.1166,0.8127
Dusp28,Dusp28,317.4609,-0.1605,0.1264,-1.2693,0.2043,0.8854
Dusp3,Dusp3,3254.3227,-0.2475,0.088,-2.8138,0.0049,0.3899
Dusp4,Dusp4,713.1213,-0.3443,0.1989,-1.7311,0.0834,0.7762
Dusp5,Dusp5,136.3393,-0.2179,0.2666,-0.8174,0.4137,0.9399
Dusp6,Dusp6,1271.3828,-0.2446,0.1592,-1.5358,0.1246,0.815
Dusp7,Dusp7,1017.4906,0.0887,0.1168,0.7595,0.4476,0.9455
Dusp8,Dusp8,348.722,-0.4014,0.2234,-1.7967,0.0724,0.766
Dusp9,Dusp9,264.525,-0.0936,0.1606,-0.5827,0.5601,0.9579
Dut,Dut,951.7917,-0.1784,0.151,-1.1813,0.2375,0.8923
Dvl1,Dvl1,4293.4328,-0.0343,0.0559,-0.6135,0.5395,0.9571
Dvl2,Dvl2,1387.9098,-0.0249,0.0663,-0.3755,0.7073,0.9744
Dvl3,Dvl3,1562.2382,0.1136,0.0724,1.5691,0.1166,0.8127
Dxo,Dxo,578.5936,-0.1243,0.1069,-1.1629,0.2449,0.8923
Dym,Dym,1592.6907,-0.0773,0.0804,-0.9613,0.3364,0.9214
Dynap,Dynap,1548.228,0.0113,0.1294,0.0871,0.9306,0.9957
Dync1h1,Dync1h1,15226.5576,0.061,0.0828,0.7366,0.4613,0.9483
Dync1i1,Dync1i1,351.1117,-0.4724,0.1533,-3.0807,0.0021,0.309
Dync1i2,Dync1i2,5884.9461,0.0321,0.0683,0.4708,0.6378,0.9681
Dync1li1,Dync1li1,3702.1013,-0.0025,0.0668,-0.0377,0.97,0.9974
Dync1li2,Dync1li2,7716.6134,0.0739,0.0877,0.8421,0.3997,0.9354
Dync2h1,Dync2h1,310.8863,0.1177,0.2313,0.509,0.6108,0.966
Dync2li1,Dync2li1,1004.1845,0.1482,0.0865,1.7127,0.0868,0.7807
Dynll1,Dynll1,6338.0835,-0.0635,0.088,-0.7219,0.4704,0.9488
Dynll2,Dynll2,3986.843,-0.1026,0.0581,-1.7656,0.0775,0.7682
Dynlrb1,Dynlrb1,4215.1562,-0.081,0.073,-1.1097,0.2671,0.8995
Dynlrb2,Dynlrb2,0.3913,0.1613,2.1363,0.0755,0.9398,
Dynlt1a,Dynlt1a,75.5009,0.1625,0.7181,0.2263,0.821,0.9893
Dynlt1b,Dynlt1b,462.1127,0.2122,0.436,0.4866,0.6266,0.9673
Dynlt1f,Dynlt1f,19.6089,0.198,0.3553,0.5572,0.5774,
Dynlt3,Dynlt3,4248.82,0.1043,0.1634,0.6385,0.5232,0.9556
Dyrk1a,Dyrk1a,2790.8104,0.0067,0.0563,0.1194,0.9049,0.9939
Dyrk1b,Dyrk1b,490.0654,-0.07,0.1057,-0.662,0.508,0.9528
Dyrk2,Dyrk2,1211.8939,-0.0375,0.1245,-0.3012,0.7633,0.9849
Dyrk3,Dyrk3,180.6949,-0.1492,0.1191,-1.2521,0.2105,0.8875
Dysf,Dysf,2230.2568,-0.1036,0.0836,-1.2392,0.2153,0.8877
Dyx1c1,Dyx1c1,15.4263,0.6024,0.3556,1.6943,0.0902,
Dzank1,Dzank1,23.8063,0.129,0.3557,0.3628,0.7167,0.9774
Dzip1,Dzip1,582.3883,0.2268,0.081,2.8008,0.0051,0.3918
Dzip1l,Dzip1l,968.2994,0.0993,0.0649,1.5301,0.126,0.815
Dzip3,Dzip3,516.0228,0.1976,0.1362,1.4508,0.1468,0.8425
E030003E18Rik,E030003E18Rik,1.1527,0.2979,1.3836,0.2153,0.8295,
E030011O05Rik,E030011O05Rik,72.836,0.0889,0.19,0.4681,0.6397,0.9681
E030024N20Rik,E030024N20Rik,31.4765,-0.282,0.4097,-0.6882,0.4913,0.9515
E030030I06Rik,E030030I06Rik,22.0097,-0.7112,0.3331,-2.1355,0.0327,0.6622
E130006D01Rik,E130006D01Rik,1.2375,-0.092,1.8194,-0.0506,0.9597,
E130012A19Rik,E130012A19Rik,62.6632,-0.3703,0.2065,-1.7934,0.0729,0.7674
E130018N17Rik,E130018N17Rik,0.7682,-1.9387,1.8542,-1.0456,0.2958,
E130102H24Rik,E130102H24Rik,40.7275,0.3014,0.2707,1.1133,0.2656,0.8981
E130112N10Rik,E130112N10Rik,25.0309,-0.2143,0.3011,-0.7118,0.4766,0.949
E130304I02Rik,E130304I02Rik,0.6727,0.9921,2.2699,0.4371,0.662,
E130307A14Rik,E130307A14Rik,136.5768,0.1114,0.1346,0.8274,0.408,0.9376
E130308A19Rik,E130308A19Rik,240.2385,0.1991,0.1084,1.837,0.0662,0.7609
E130309D02Rik,E130309D02Rik,754.1888,-0.1846,0.0749,-2.4655,0.0137,0.5466
E130309D14Rik,E130309D14Rik,1.6563,0.8659,1.165,0.7432,0.4573,
E130310I04Rik,E130310I04Rik,2.4077,0.4344,0.8927,0.4867,0.6265,
E130311K13Rik,E130311K13Rik,305.2846,0.1811,0.0967,1.8737,0.061,0.7507
E130317F20Rik,E130317F20Rik,89.6897,-0.0161,0.1631,-0.099,0.9212,0.9957
E230013L22Rik,E230013L22Rik,13.2082,-0.7372,0.4456,-1.6546,0.098,
E230016K23Rik,E230016K23Rik,5.1947,0.7046,0.5976,1.179,0.2384,
E230016M11Rik,E230016M11Rik,20.8801,0.3571,0.2992,1.1932,0.2328,0.8923
E230025N22Rik,E230025N22Rik,17.97,-0.2514,0.3531,-0.712,0.4765,
E2f1,E2f1,849.5742,-0.1135,0.1063,-1.0674,0.2858,0.9079
E2f2,E2f2,2233.0987,-0.3088,0.1568,-1.9688,0.049,0.7227
E2f3,E2f3,1252.2514,0.0825,0.0706,1.1676,0.243,0.8923
E2f4,E2f4,1570.9655,-0.0287,0.059,-0.4865,0.6266,0.9673
E2f5,E2f5,428.0696,0.0614,0.112,0.548,0.5837,0.964
E2f6,E2f6,1547.8081,0.0919,0.0957,0.9606,0.3368,0.9216
E2f7,E2f7,783.3698,-0.1768,0.2204,-0.8022,0.4224,0.9412
E2f8,E2f8,1235.6808,-0.174,0.1742,-0.9989,0.3179,0.9173
E330009J07Rik,E330009J07Rik,32.2636,0.3585,0.2712,1.3219,0.1862,0.874
E330011O21Rik,E330011O21Rik,9.1435,0.387,0.5896,0.6564,0.5116,
E330033B04Rik,E330033B04Rik,17.0587,0.8681,0.5949,1.4593,0.1445,
E430016F16Rik,E430016F16Rik,3.1667,-1.2006,0.8808,-1.3632,0.1728,
E430018J23Rik,E430018J23Rik,198.2463,0.2831,0.1489,1.9015,0.0572,0.746
E430025E21Rik,E430025E21Rik,5339.2475,-0.0259,0.0648,-0.4,0.6891,0.9721
E4f1,E4f1,561.0958,-0.0665,0.0754,-0.8814,0.3781,0.9303
E530011L22Rik,E530011L22Rik,49.2581,0.1439,0.3069,0.4687,0.6393,0.9681
Eaf1,Eaf1,2884.6607,-0.0127,0.0523,-0.2427,0.8082,0.9881
Eaf2,Eaf2,18.3446,-0.3264,0.368,-0.887,0.3751,
Eapp,Eapp,1332.8698,-0.1446,0.0666,-2.1697,0.03,0.6464
Ears2,Ears2,443.7289,0.0952,0.0875,1.0875,0.2768,0.9074
Ebag9,Ebag9,837.0005,0.014,0.0827,0.1697,0.8653,0.9906
Ebf1,Ebf1,508.988,-0.0119,0.1856,-0.064,0.9489,0.9974
Ebf3,Ebf3,715.6705,0.0854,0.1162,0.7353,0.4621,0.9483
Ebf4,Ebf4,2.035,0.5823,1.0751,0.5416,0.5881,
Ebna1bp2,Ebna1bp2,2275.4659,0.0453,0.0964,0.4697,0.6386,0.9681
Ebp,Ebp,2711.5234,-0.1535,0.0861,-1.7836,0.0745,0.7682
Ebpl,Ebpl,423.4205,-0.0613,0.078,-0.7861,0.4318,0.9453
Ecd,Ecd,1953.8186,-0.0184,0.068,-0.2709,0.7865,0.9862
Ece1,Ece1,5484.1876,0.0467,0.0602,0.7753,0.4382,0.9455
Ece2,Ece2,1172.9586,0.152,0.1069,1.4227,0.1548,0.8501
Ecel1,Ecel1,4.3063,-0.7698,0.9166,-0.8399,0.401,
Ech1,Ech1,2537.5103,0.0611,0.0912,0.6703,0.5027,0.9515
Echdc1,Echdc1,256.3149,0.2669,0.1373,1.9447,0.0518,0.7276
Echdc2,Echdc2,368.9137,0.053,0.089,0.5961,0.5511,0.9571
Echdc3,Echdc3,90.1482,-0.3915,0.1721,-2.2749,0.0229,0.6144
Echs1,Echs1,2797.6351,-0.0408,0.1006,-0.406,0.6848,0.9717
Eci1,Eci1,779.6956,0.0443,0.095,0.4669,0.6406,0.9681
Eci2,Eci2,2246.5565,-0.0097,0.0789,-0.123,0.9021,0.9937
Eci3,Eci3,45.6077,-0.6211,1.1778,-0.5273,0.598,0.9644
Ecm1,Ecm1,8223.3196,-0.0165,0.047,-0.3516,0.7251,0.9796
Ecm2,Ecm2,438.7121,0.2032,0.1215,1.6731,0.0943,0.7876
Ecscr,Ecscr,14.1868,0.1191,0.3974,0.2996,0.7645,
Ecsit,Ecsit,601.6034,0.1122,0.1119,1.0023,0.3162,0.9173
Ect2,Ect2,1267.096,-0.0629,0.1814,-0.3469,0.7286,0.9796
Ect2l,Ect2l,2.0338,-1.503,1.0785,-1.3935,0.1635,
Eda,Eda,2.6933,-0.5077,1.0996,-0.4617,0.6443,
Eda2r,Eda2r,2965.0776,0.0072,0.1007,0.0711,0.9433,0.9971
Edar,Edar,2.0123,-0.8274,1.2233,-0.6764,0.4988,
Edaradd,Edaradd,2.2475,-0.6236,1.3212,-0.472,0.6369,
Edc3,Edc3,1333.8368,-0.0117,0.0707,-0.1656,0.8685,0.9906
Edc4,Edc4,2108.5739,0.0292,0.0581,0.503,0.615,0.966
Eddm3b,Eddm3b,0.6781,-0.0287,1.7282,-0.0166,0.9868,
Edem1,Edem1,2796.703,-0.0345,0.0673,-0.5129,0.608,0.966
Edem2,Edem2,1522.1208,-0.1002,0.0805,-1.2439,0.2135,0.8877
Edem3,Edem3,2199.5283,-0.0149,0.1752,-0.085,0.9323,0.9957
Edf1,Edf1,3202.2115,-0.0509,0.0556,-0.9148,0.3603,0.9295
Edil3,Edil3,2002.0794,0.0196,0.1362,0.1443,0.8853,0.9916
Edn1,Edn1,179.1536,-0.1083,0.2861,-0.3786,0.705,0.9744
Ednra,Ednra,381.0648,0.0243,0.0925,0.2631,0.7924,0.9869
Edrf1,Edrf1,474.3494,0.0475,0.0924,0.5138,0.6074,0.966
Eea1,Eea1,793.9688,0.1543,0.1694,0.9108,0.3624,0.9295
Eed,Eed,1096.7824,-0.0056,0.0689,-0.0817,0.9349,0.9966
Eef1a1,Eef1a1,288192.8582,0.0095,0.068,0.1395,0.8891,0.992
Eef1b2,Eef1b2,14965.4938,-0.0572,0.064,-0.8937,0.3715,0.9295
Eef1d,Eef1d,6470.7842,-0.0781,0.0547,-1.4292,0.1529,0.8496
Eef1e1,Eef1e1,1151.7567,-0.1042,0.0653,-1.5952,0.1107,0.8103
Eef1g,Eef1g,13784.1938,-0.0655,0.0834,-0.7848,0.4326,0.9453
Eef2,Eef2,119318.9668,-0.1005,0.0705,-1.4252,0.1541,0.8501
Eef2k,Eef2k,1767.0825,0.0123,0.1024,0.1199,0.9046,0.9939
Eef2kmt,Eef2kmt,440.6226,0.0749,0.1076,0.6961,0.4864,0.9515
Eefsec,Eefsec,609.1966,-0.0556,0.0767,-0.725,0.4684,0.9483
Eepd1,Eepd1,319.2965,0.0894,0.1341,0.6667,0.505,0.9515
Efcab11,Efcab11,132.6798,-0.189,0.193,-0.9797,0.3272,0.9197
Efcab12,Efcab12,1.7334,-0.3596,1.0986,-0.3273,0.7434,
Efcab14,Efcab14,1765.6475,0.0666,0.0987,0.6747,0.4999,0.9515
Efcab2,Efcab2,31.5848,-0.109,0.321,-0.3396,0.7341,0.9803
Efcab3,Efcab3,4.5214,0.1023,0.6359,0.1609,0.8722,
Efcab5,Efcab5,6.344,-0.1903,0.5522,-0.3447,0.7303,
Efcab7,Efcab7,269.9936,0.0955,0.1153,0.8288,0.4072,0.9373
Efcab8,Efcab8,0.3844,2.1809,2.3996,0.9089,0.3634,
Efcab9,Efcab9,3.1918,1.2969,0.8506,1.5246,0.1274,
Efcc1,Efcc1,6.1559,0.0183,0.5671,0.0323,0.9742,
Efemp1,Efemp1,418.4572,0.3672,0.1364,2.6916,0.0071,0.4351
Efemp2,Efemp2,3896.7705,0.0944,0.0845,1.117,0.264,0.8981
Efhb,Efhb,4.3111,-0.1023,0.8423,-0.1214,0.9033,
Efhc1,Efhc1,44.0772,-0.2456,0.2402,-1.0226,0.3065,0.9169
Efhc2,Efhc2,4.3425,0.8396,0.7094,1.1835,0.2366,
Efhd1,Efhd1,417.5964,-0.2878,0.1316,-2.1864,0.0288,0.6409
Efhd2,Efhd2,1306.5985,-0.1123,0.0668,-1.6796,0.093,0.7872
Efna1,Efna1,877.557,0.1407,0.1677,0.8391,0.4014,0.9365
Efna2,Efna2,220.261,-0.2387,0.1551,-1.5397,0.1236,0.8143
Efna3,Efna3,67.8104,-0.1133,0.2194,-0.5166,0.6054,0.966
Efna4,Efna4,369.0891,0.0819,0.122,0.6713,0.502,0.9515
Efna5,Efna5,121.6572,0.0393,0.194,0.2026,0.8394,0.9906
Efnb1,Efnb1,1400.2095,0.1915,0.1176,1.6275,0.1036,0.7975
Efnb2,Efnb2,1436.3789,-0.0902,0.198,-0.4555,0.6488,0.9684
Efnb3,Efnb3,23.8217,0.0657,0.2906,0.2261,0.8211,0.9893
Efr3a,Efr3a,3646.6217,0.0624,0.1142,0.5466,0.5847,0.964
Efr3b,Efr3b,36.6086,-0.236,0.2733,-0.8636,0.3878,0.933
Efs,Efs,75.4307,-0.2528,0.2196,-1.1513,0.2496,0.8923
Eftud1,Eftud1,906.5242,0.0155,0.0666,0.2324,0.8163,0.989
Eftud2,Eftud2,4749.2116,-0.0324,0.0541,-0.6,0.5485,0.9571
Egf,Egf,41.6653,0.3278,0.2348,1.3962,0.1627,0.8598
Egfl7,Egfl7,57.8243,-0.2482,0.2349,-1.0567,0.2907,0.9079
Egfl8,Egfl8,8.6441,0.0768,0.4896,0.1568,0.8754,
Egflam,Egflam,37.4959,-0.2235,0.3099,-0.7211,0.4708,0.9489
Egfr,Egfr,1563.622,0.0154,0.0995,0.1546,0.8771,0.9914
Egln1,Egln1,3478.9631,-0.3239,0.1385,-2.3386,0.0194,0.5929
Egln2,Egln2,1343.6316,-0.1145,0.0663,-1.7259,0.0844,0.7762
Egln3,Egln3,4757.9418,-0.3703,0.0973,-3.8034,0.0001,0.0985
Egr1,Egr1,9090.5182,-0.1426,0.3636,-0.3922,0.6949,0.9731
Egr2,Egr2,759.5046,-0.0357,0.2242,-0.1593,0.8734,0.991
Egr3,Egr3,1681.515,-0.0734,0.2004,-0.3664,0.7141,0.9766
Ehbp1,Ehbp1,683.3513,0.1782,0.1105,1.6124,0.1069,0.8021
Ehbp1l1,Ehbp1l1,8647.1985,-0.0158,0.0811,-0.1945,0.8458,0.9906
Ehd1,Ehd1,4531.2981,-0.0493,0.0672,-0.7328,0.4637,0.9483
Ehd2,Ehd2,12036.4147,0.0244,0.0702,0.348,0.7279,0.9796
Ehd3,Ehd3,2215.6567,0.3472,0.1243,2.7931,0.0052,0.3918
Ehd4,Ehd4,6743.0061,-0.1216,0.0805,-1.5107,0.1309,0.8258
Ehhadh,Ehhadh,32.7584,0.2964,0.2773,1.0689,0.2851,0.9079
Ehmt1,Ehmt1,1660.6802,0.0633,0.0536,1.1823,0.2371,0.8923
Ehmt2,Ehmt2,5191.182,-0.0359,0.0492,-0.7299,0.4654,0.9483
Ei24,Ei24,2955.197,-0.036,0.0846,-0.426,0.6701,0.9702
Eid1,Eid1,2512.9047,0.2488,0.1403,1.7732,0.0762,0.7682
Eid2,Eid2,151.2381,-0.0494,0.1623,-0.3043,0.7609,0.9849
Eid2b,Eid2b,222.9049,0.0888,0.1288,0.689,0.4908,0.9515
Eid3,Eid3,5.6911,-0.3528,0.6777,-0.5207,0.6026,
Eif1,Eif1,17442.476,-0.1123,0.0649,-1.7308,0.0835,0.7762
Eif1a,Eif1a,4890.2628,0.0349,0.0614,0.5692,0.5692,0.9596
Eif1ad,Eif1ad,1358.899,-0.0132,0.0815,-0.1622,0.8711,0.9906
Eif1ax,Eif1ax,3181.3287,-0.0522,0.0621,-0.842,0.3998,0.9354
Eif1b,Eif1b,1186.8682,-0.0771,0.0741,-1.0412,0.2978,0.9128
Eif2a,Eif2a,2319.4871,0.0234,0.0711,0.3292,0.742,0.983
Eif2ak1,Eif2ak1,2116.3776,0.0227,0.0621,0.3659,0.7145,0.9766
Eif2ak2,Eif2ak2,651.6704,0.0812,0.1486,0.5461,0.585,0.964
Eif2ak3,Eif2ak3,1324.5514,0.0201,0.0592,0.339,0.7346,0.9803
Eif2ak4,Eif2ak4,966.6144,0.1403,0.0691,2.0305,0.0423,0.7204
Eif2b1,Eif2b1,1928.8609,0.0104,0.0857,0.1215,0.9033,0.9939
Eif2b2,Eif2b2,2635.3715,-0.1349,0.066,-2.0423,0.0411,0.7111
Eif2b3,Eif2b3,1284.3068,0.0277,0.1074,0.2581,0.7963,0.9871
Eif2b4,Eif2b4,1038.5516,-0.0767,0.0845,-0.9081,0.3638,0.9295
Eif2b5,Eif2b5,3100.5545,-0.0666,0.06,-1.1091,0.2674,0.8996
Eif2d,Eif2d,1227.1655,0.0644,0.077,0.8363,0.403,0.9365
Eif2s1,Eif2s1,4504.2981,-0.0213,0.0597,-0.3576,0.7207,0.9788
Eif2s2,Eif2s2,5644.7894,0.0998,0.0798,1.2507,0.2111,0.8875
Eif2s3x,Eif2s3x,6525.1941,0.111,0.0829,1.3388,0.1806,0.8703
Eif3a,Eif3a,8034.0752,0.0287,0.1789,0.1605,0.8725,0.991
Eif3b,Eif3b,10017.5453,-0.0372,0.0851,-0.4374,0.6618,0.9702
Eif3c,Eif3c,10998.4277,0.0128,0.0772,0.1655,0.8686,0.9906
Eif3d,Eif3d,9703.854,-0.0166,0.0734,-0.2261,0.8211,0.9893
Eif3e,Eif3e,10533.4633,0.076,0.0452,1.6805,0.0929,0.7872
Eif3f,Eif3f,6310.4748,-0.1184,0.0609,-1.9455,0.0517,0.7276
Eif3g,Eif3g,2905.8972,-0.0716,0.0674,-1.0611,0.2887,0.9079
Eif3h,Eif3h,10921.2849,-0.0688,0.053,-1.2988,0.194,0.8782
Eif3i,Eif3i,4870.3048,-0.0131,0.0703,-0.1869,0.8518,0.9906
Eif3k,Eif3k,2850.7415,-0.0442,0.0697,-0.6339,0.5262,0.9565
Eif3l,Eif3l,8288.3936,-0.0756,0.0597,-1.2664,0.2054,0.8854
Eif3m,Eif3m,4740.9314,0.0165,0.0512,0.3212,0.7481,0.9842
Eif4a1,Eif4a1,27214.5207,-0.0848,0.0595,-1.4256,0.154,0.8501
Eif4a2,Eif4a2,15783.067,0.0874,0.0522,1.6738,0.0942,0.7876
Eif4a3,Eif4a3,4251.0311,-0.0544,0.0836,-0.6504,0.5154,0.9548
Eif4b,Eif4b,24322.0316,-0.0318,0.0609,-0.523,0.6009,0.966
Eif4e,Eif4e,4391.2165,0.0406,0.0686,0.5913,0.5543,0.9571
Eif4e2,Eif4e2,4717.1138,-0.1022,0.0602,-1.6981,0.0895,0.7842
Eif4e3,Eif4e3,482.9229,0.085,0.1016,0.8364,0.4029,0.9365
Eif4ebp1,Eif4ebp1,2342.9968,-0.1719,0.0983,-1.7494,0.0802,0.7719
Eif4ebp2,Eif4ebp2,1311.0716,-0.0858,0.065,-1.3197,0.1869,0.874
Eif4ebp3,Eif4ebp3,138.0005,0.0835,0.1743,0.4787,0.6321,0.9681
Eif4enif1,Eif4enif1,2154.5639,0.0389,0.0502,0.7754,0.4381,0.9455
Eif4g1,Eif4g1,20145.7834,0.0787,0.0675,1.1662,0.2435,0.8923
Eif4g2,Eif4g2,34887.4069,0.0183,0.0649,0.2813,0.7785,0.985
Eif4g3,Eif4g3,2633.3792,0.1313,0.0699,1.8778,0.0604,0.749
Eif4h,Eif4h,11248.7724,-0.0371,0.0689,-0.5381,0.5905,0.964
Eif5,Eif5,7087.2235,-0.008,0.1265,-0.0631,0.9497,0.9974
Eif5a,Eif5a,21763.882,-0.0408,0.079,-0.5161,0.6058,0.966
Eif5a2,Eif5a2,390.8934,0.0297,0.2403,0.1237,0.9015,0.9934
Eif5b,Eif5b,1817.3935,0.0648,0.1272,0.5093,0.6105,0.966
Eif6,Eif6,3193.908,-0.0783,0.0699,-1.1192,0.2631,0.8981
Elac1,Elac1,409.1699,0.1281,0.0967,1.3239,0.1856,0.874
Elac2,Elac2,1506.0653,0.0042,0.0817,0.0514,0.959,0.9974
Elavl1,Elavl1,3967.3252,-0.0167,0.0706,-0.2358,0.8136,0.9889
Elavl3,Elavl3,0.2925,-0.4548,2.6319,-0.1728,0.8628,
Eldr,Eldr,29.4194,-0.2795,0.4102,-0.6813,0.4957,0.9515
Elf1,Elf1,970.2886,0.1302,0.1335,0.9753,0.3294,0.9197
Elf2,Elf2,2000.0322,0.0132,0.0545,0.2413,0.8093,0.9882
Elf3,Elf3,4.2281,-0.3791,0.8163,-0.4644,0.6424,
Elf4,Elf4,1203.1321,-0.0291,0.0619,-0.4708,0.6378,0.9681
Elfn1,Elfn1,4.2444,-0.2782,0.6623,-0.4201,0.6744,
Elfn2,Elfn2,4.5283,0.0393,0.8868,0.0443,0.9646,
Elk1,Elk1,1723.3739,0.041,0.0845,0.4859,0.627,0.9673
Elk3,Elk3,4520.5855,-0.0127,0.06,-0.211,0.8329,0.9906
Elk4,Elk4,378.8754,-0.0036,0.0975,-0.0368,0.9706,0.9974
Ell,Ell,837.3965,0.0595,0.09,0.6618,0.5081,0.9528
Ell2,Ell2,748.4459,0.0271,0.1315,0.206,0.8368,0.9906
Ell3,Ell3,14.533,0.2639,0.3736,0.7063,0.48,
Elmo1,Elmo1,133.7802,0.1592,0.1804,0.8821,0.3777,0.9303
Elmo2,Elmo2,2064.2648,-0.0335,0.0599,-0.5587,0.5764,0.9622
Elmo3,Elmo3,48.6928,0.0091,0.2181,0.0418,0.9666,0.9974
Elmod2,Elmod2,1039.4652,-0.0331,0.2439,-0.1356,0.8921,0.992
Elmod3,Elmod3,431.5576,0.0295,0.0952,0.3095,0.757,0.9849
Elmsan1,Elmsan1,2305.3736,0.0368,0.0528,0.6957,0.4866,0.9515
Eln,Eln,3.372,-1.206,0.8275,-1.4573,0.145,
Elof1,Elof1,1502.8291,-0.0386,0.0679,-0.5683,0.5699,0.9604
Elovl1,Elovl1,3434.4782,-0.0213,0.0575,-0.3706,0.7109,0.9755
Elovl3,Elovl3,19.8915,-0.1478,0.3303,-0.4475,0.6545,
Elovl4,Elovl4,303.8204,0.2231,0.1133,1.9693,0.0489,0.7227
Elovl5,Elovl5,4683.6229,0.0959,0.096,0.9996,0.3175,0.9173
Elovl6,Elovl6,683.7918,-0.0079,0.1866,-0.0423,0.9662,0.9974
Elovl7,Elovl7,9.7457,-0.2804,0.4544,-0.6171,0.5372,
Elp2,Elp2,4047.5427,0.0148,0.0837,0.1768,0.8597,0.9906
Elp3,Elp3,3348.2453,0.0319,0.0598,0.5333,0.5939,0.964
Elp4,Elp4,801.8253,-0.031,0.0704,-0.4402,0.6598,0.9702
Elp5,Elp5,1691.7782,-0.0981,0.0674,-1.4544,0.1458,0.8425
Elp6,Elp6,301.704,0.0794,0.0981,0.8096,0.4182,0.94
Emb,Emb,3897.1941,0.5302,0.1824,2.9063,0.0037,0.3479
Emc1,Emc1,2573.4743,-0.0083,0.0495,-0.1681,0.8665,0.9906
Emc10,Emc10,2275.316,0.0183,0.0706,0.2597,0.7951,0.9871
Emc2,Emc2,3520.8816,0.0184,0.0643,0.2867,0.7743,0.985
Emc3,Emc3,5259.7278,0.02,0.0833,0.2397,0.8106,0.9886
Emc4,Emc4,1776.5363,-0.0783,0.0864,-0.9063,0.3648,0.9295
Emc6,Emc6,1075.3474,0.01,0.0757,0.1322,0.8948,0.9926
Emc7,Emc7,3381.587,-0.034,0.0705,-0.4827,0.6293,0.9676
Emc8,Emc8,1586.2058,0.0348,0.0767,0.4539,0.6499,0.9684
Emc9,Emc9,203.4524,-0.1779,0.1161,-1.5327,0.1253,0.815
Emd,Emd,2461.0819,-0.0104,0.0812,-0.1277,0.8984,0.9927
Eme1,Eme1,155.6026,-0.1498,0.2229,-0.6718,0.5017,0.9515
Eme2,Eme2,217.8329,-0.0176,0.1201,-0.1464,0.8836,0.9914
Emg1,Emg1,1457.3006,-0.0098,0.0958,-0.1022,0.9186,0.9955
Emid1,Emid1,22.0563,-0.3711,0.3457,-1.0737,0.283,0.9074
Emilin1,Emilin1,1878.293,0.0563,0.0782,0.7205,0.4712,0.9489
Emilin2,Emilin2,4418.4189,0.0136,0.0765,0.1783,0.8585,0.9906
Emilin3,Emilin3,5.851,0.0288,0.625,0.0461,0.9633,
Eml1,Eml1,3278.6669,0.0899,0.0755,1.1917,0.2334,0.8923
Eml2,Eml2,959.5965,-0.1268,0.0882,-1.4373,0.1506,0.8447
Eml3,Eml3,736.2838,0.1857,0.0825,2.2508,0.0244,0.6278
Eml4,Eml4,1196.7437,0.1333,0.0902,1.4786,0.1392,0.8343
Eml5,Eml5,35.7328,0.2573,0.3431,0.7501,0.4532,0.947
Eml6,Eml6,33.0719,0.1983,0.3017,0.6572,0.511,0.9529
Emp1,Emp1,23962.4143,-0.0947,0.0858,-1.1034,0.2699,0.9027
Emp2,Emp2,10707.0035,0.0043,0.0527,0.0825,0.9343,0.9966
Emp3,Emp3,3767.9827,-0.2447,0.074,-3.3085,0.0009,0.2378
Emx2,Emx2,1.7297,-1.0871,1.2126,-0.8965,0.37,
Emx2os,Emx2os,0.769,0.1362,1.586,0.0858,0.9316,
En1,En1,1006.7716,0.0466,0.0874,0.5329,0.5941,0.964
Enah,Enah,5277.1455,0.0301,0.097,0.3098,0.7567,0.9849
Enc1,Enc1,3742.7588,-0.0151,0.0664,-0.2279,0.8197,0.9893
Endod1,Endod1,1499.039,-0.078,0.1401,-0.5565,0.5779,0.963
Endog,Endog,93.8391,-0.148,0.199,-0.7438,0.457,0.9483
Endou,Endou,8.6706,0.1631,0.5608,0.2909,0.7711,
Endov,Endov,1258.5905,0.1718,0.0841,2.0429,0.0411,0.7111
Eng,Eng,205.9058,-0.004,0.109,-0.0368,0.9707,0.9974
Engase,Engase,138.9185,-0.1434,0.1328,-1.08,0.2802,0.9074
Enho,Enho,780.0119,-0.0727,0.0911,-0.7983,0.4247,0.9422
Enkd1,Enkd1,320.0387,-0.0984,0.0955,-1.0307,0.3027,0.9164
Enkur,Enkur,30.3115,-0.2515,0.2804,-0.8968,0.3698,0.9295
Eno1,Eno1,1.3373,1.5957,1.3424,1.1887,0.2345,
Eno1b,Eno1b,10735.3299,-0.1821,0.3035,-0.6,0.5485,0.9571
Eno2,Eno2,1278.3916,-0.2348,0.1661,-1.4134,0.1575,0.8529
Eno3,Eno3,20358.7024,-0.1539,0.095,-1.6191,0.1054,0.8
Eno4,Eno4,5.9056,-0.9518,0.597,-1.5943,0.1109,
Enoph1,Enoph1,459.4513,0.0322,0.0972,0.3317,0.7401,0.9825
Enox1,Enox1,318.3191,0.3343,0.244,1.3701,0.1706,0.8614
Enox2,Enox2,307.5238,-0.0429,0.1342,-0.32,0.749,0.9843
Enpep,Enpep,119.8347,0.3987,0.2943,1.3546,0.1755,0.8614
Enpp1,Enpp1,4851.8135,0.1721,0.078,2.2058,0.0274,0.6379
Enpp2,Enpp2,1088.489,0.2164,0.2424,0.8927,0.372,0.9295
Enpp3,Enpp3,649.4049,0.0576,0.0978,0.5887,0.5561,0.9576
Enpp4,Enpp4,833.6754,0.1185,0.1018,1.1639,0.2445,0.8923
Enpp5,Enpp5,846.6377,0.1791,0.0994,1.8018,0.0716,0.7617
Enpp6,Enpp6,1.5441,-0.8636,1.2858,-0.6716,0.5018,
Ensa,Ensa,5613.1662,-0.0124,0.0649,-0.1906,0.8489,0.9906
Enthd2,Enthd2,507.5911,-0.0067,0.0997,-0.067,0.9465,0.9971
Entpd1,Entpd1,4.0613,-0.4948,0.7206,-0.6865,0.4924,
Entpd2,Entpd2,40.0565,-0.2753,0.2641,-1.0422,0.2973,0.9127
Entpd3,Entpd3,28.9728,-0.4959,0.308,-1.6097,0.1075,0.8027
Entpd4,Entpd4,82.6013,0.5189,0.2154,2.4086,0.016,0.5725
Entpd5,Entpd5,1479.3838,-0.0783,0.1005,-0.7795,0.4357,0.9455
Entpd6,Entpd6,233.0408,0.0498,0.1053,0.4731,0.6361,0.9681
Entpd7,Entpd7,442.9086,-0.0632,0.0808,-0.782,0.4342,0.9453
Eny2,Eny2,1908.0134,0.0027,0.1191,0.0226,0.982,0.9984
Eogt,Eogt,634.403,0.0435,0.1224,0.3556,0.7221,0.9788
Eomes,Eomes,1.0599,-0.8063,1.3997,-0.5761,0.5646,
Ep300,Ep300,2458.0259,0.0344,0.1135,0.3027,0.7621,0.9849
Ep400,Ep400,3194.8634,0.0222,0.0759,0.2931,0.7694,0.985
Epas1,Epas1,12.6359,-0.4983,0.4086,-1.2195,0.2227,
Epb4.1,Epb4.1,319.7754,-0.2767,0.194,-1.4264,0.1537,0.8501
Epb4.1l1,Epb4.1l1,2456.3182,0.0755,0.065,1.1618,0.2453,0.8923
Epb4.1l2,Epb4.1l2,7911.9871,0.0794,0.0712,1.115,0.2649,0.8981
Epb4.1l3,Epb4.1l3,5427.5227,0.1699,0.0695,2.4448,0.0145,0.562
Epb4.1l4a,Epb4.1l4a,1222.3384,-0.0044,0.0854,-0.0519,0.9586,0.9974
Epb4.1l4aos,Epb4.1l4aos,81.3969,0.2623,0.2104,1.2469,0.2124,0.8877
Epb4.1l4b,Epb4.1l4b,21.5721,-0.7309,0.4403,-1.6601,0.0969,0.7886
Epb4.1l5,Epb4.1l5,326.9159,0.1342,0.0933,1.4383,0.1503,0.8447
Epc1,Epc1,970.092,0.0267,0.127,0.2101,0.8336,0.9906
Epc2,Epc2,652.213,-0.0465,0.2495,-0.1865,0.852,0.9906
Epcam,Epcam,0.8677,2.4603,1.7605,1.3975,0.1622,
Epdr1,Epdr1,3961.083,0.0058,0.0377,0.1527,0.8786,0.9914
Epg5,Epg5,1609.8184,0.056,0.0853,0.6556,0.5121,0.9533
Epgn,Epgn,7.2675,-0.8389,0.5607,-1.496,0.1347,
Epha1,Epha1,1096.2108,0.1803,0.1705,1.0579,0.2901,0.9079
Epha2,Epha2,3480.7796,0.0308,0.0528,0.5831,0.5598,0.9579
Epha3,Epha3,6.2808,0.2312,0.7263,0.3184,0.7502,
Epha4,Epha4,319.8255,-0.138,0.1045,-1.3208,0.1866,0.874
Epha7,Epha7,105.6878,0.3557,0.1721,2.0669,0.0387,0.6985
Ephb1,Ephb1,7.153,0.5595,0.6065,0.9225,0.3563,
Ephb2,Ephb2,1946.2524,0.161,0.0815,1.976,0.0482,0.7227
Ephb3,Ephb3,2608.387,0.1086,0.0917,1.1839,0.2364,0.8923
Ephb4,Ephb4,2453.1988,0.0089,0.0924,0.0959,0.9236,0.9957
Ephb6,Ephb6,5285.2581,0.0152,0.1292,0.1173,0.9066,0.9939
Ephx1,Ephx1,7319.4091,0.0441,0.1084,0.4068,0.6841,0.9717
Ephx2,Ephx2,53.6417,0.077,0.1915,0.4018,0.6878,0.9717
Ephx3,Ephx3,4.0553,0.2102,0.7355,0.2857,0.7751,
Ephx4,Ephx4,2.7032,-0.9448,0.8691,-1.0871,0.277,
Epm2a,Epm2a,51.7976,-0.2806,0.2872,-0.977,0.3286,0.9197
Epm2aip1,Epm2aip1,1603.7644,0.0567,0.144,0.3939,0.6937,0.9731
Epn1,Epn1,2484.7607,-0.1033,0.0557,-1.8527,0.0639,0.7562
Epn2,Epn2,2743.4446,0.08,0.071,1.126,0.2602,0.8968
Epn3,Epn3,52.0971,-0.246,0.2437,-1.0093,0.3128,0.9173
Epor,Epor,124.056,0.0773,0.1808,0.4272,0.6692,0.9702
Eppk1,Eppk1,41.056,0.0224,0.3287,0.0682,0.9456,0.9971
Eprs,Eprs,6667.8934,0.1074,0.1174,0.9145,0.3604,0.9295
Eps15,Eps15,2046.6787,-0.0402,0.1453,-0.2768,0.7819,0.985
Eps15l1,Eps15l1,1718.3205,0.0294,0.0673,0.4369,0.6622,0.9702
Eps8,Eps8,3020.1296,0.1389,0.0916,1.5163,0.1295,0.8225
Eps8l1,Eps8l1,7.2956,-0.3075,0.5438,-0.5656,0.5717,
Eps8l2,Eps8l2,199.148,0.1194,0.1224,0.9758,0.3291,0.9197
Epsti1,Epsti1,0.7666,-0.7758,1.5787,-0.4914,0.6232,
Ept1,Ept1,2105.3531,0.0544,0.0696,0.7817,0.4344,0.9453
Eqtn,Eqtn,0.6774,1.125,1.8845,0.597,0.5505,
Eral1,Eral1,790.6878,-0.1087,0.0768,-1.4154,0.157,0.8517
Erap1,Erap1,704.5257,0.0958,0.1014,0.9454,0.3445,0.9246
Erbb2,Erbb2,2550.0518,-0.0047,0.0831,-0.0563,0.9551,0.9974
Erbb2ip,Erbb2ip,2669.7277,0.1775,0.1677,1.0584,0.2899,0.9079
Erbb3,Erbb3,1363.7908,-0.1275,0.1256,-1.0154,0.3099,0.9171
Erc1,Erc1,2258.27,0.0588,0.0757,0.7761,0.4377,0.9455
Erc2,Erc2,1.8439,0.0699,1.0578,0.0661,0.9473,
Ercc1,Ercc1,828.0549,-0.0646,0.0696,-0.9285,0.3532,0.9275
Ercc2,Ercc2,252.2685,0.0418,0.1086,0.3847,0.7005,0.9737
Ercc3,Ercc3,2211.1937,0.0259,0.0755,0.3435,0.7312,0.98
Ercc4,Ercc4,693.4927,0.0183,0.0665,0.2753,0.7831,0.985
Ercc5,Ercc5,1051.6555,0.2581,0.0767,3.3637,0.0008,0.2269
Ercc6,Ercc6,688.2198,0.0877,0.1138,0.7705,0.441,0.9455
Ercc6l,Ercc6l,483.9554,-0.0584,0.2238,-0.261,0.7941,0.9871
Ercc6l2,Ercc6l2,651.9961,0.1968,0.1503,1.309,0.1905,0.874
Ercc8,Ercc8,256.4979,0.1426,0.1375,1.0375,0.2995,0.9154
Erdr1,Erdr1,211.5554,0.352,0.3325,1.0584,0.2899,0.9079
Ereg,Ereg,599.0084,0.3199,0.1332,2.4023,0.0163,0.5731
Erf,Erf,1430.0902,-0.0668,0.0827,-0.8079,0.4191,0.94
Erg,Erg,1.0477,-3.3169,2.0145,-1.6465,0.0997,
Ergic1,Ergic1,6514.2326,0.0196,0.0585,0.3353,0.7374,0.9815
Ergic2,Ergic2,1433.8991,0.0456,0.0969,0.4706,0.6379,0.9681
Ergic3,Ergic3,5922.5019,0.0228,0.0873,0.2607,0.7943,0.9871
Erh,Erh,3764.6545,-0.0431,0.0949,-0.4546,0.6494,0.9684
Eri1,Eri1,1974.9626,0.0111,0.1169,0.0948,0.9245,0.9957
Eri2,Eri2,267.0284,-0.0361,0.1353,-0.2671,0.7894,0.9865
Eri3,Eri3,2976.8161,-0.0718,0.0603,-1.1895,0.2342,0.8923
Erich1,Erich1,266.7818,-0.0123,0.1487,-0.0828,0.934,0.9964
Erich2,Erich2,7.5303,0.0911,0.5289,0.1723,0.8632,
Erich6,Erich6,12.2268,-0.3882,0.45,-0.8626,0.3883,
Erlec1,Erlec1,2024.6119,0.1468,0.0663,2.2123,0.0269,0.6374
Erlin1,Erlin1,1488.0373,-0.01,0.0883,-0.1137,0.9095,0.9941
Erlin2,Erlin2,2637.9294,0.0285,0.0558,0.5103,0.6098,0.966
Ermap,Ermap,6.0977,-0.696,0.6535,-1.065,0.2869,
Ermard,Ermard,225.9115,-0.0137,0.1172,-0.117,0.9069,0.9939
Ermp1,Ermp1,1323.862,0.0088,0.0984,0.0894,0.9288,0.9957
Ern1,Ern1,616.338,0.0983,0.1266,0.7766,0.4374,0.9455
Ero1l,Ero1l,1591.5193,-0.2195,0.1925,-1.1404,0.2541,0.893
Ero1lb,Ero1lb,313.8224,-0.0145,0.1497,-0.0966,0.9231,0.9957
Erp27,Erp27,5.7735,-0.571,0.608,-0.9391,0.3477,
Erp29,Erp29,2745.8653,-0.0713,0.0503,-1.4165,0.1566,0.8517
Erp44,Erp44,3521.3629,0.0168,0.0561,0.2998,0.7643,0.9849
Errfi1,Errfi1,5762.9549,0.0835,0.1074,0.7782,0.4364,0.9455
Erv3,Erv3,12.266,-1.8194,0.5404,-3.3667,0.0008,
Esam,Esam,1.3569,-1.358,1.2675,-1.0714,0.284,
Esco1,Esco1,284.8574,0.0164,0.1858,0.088,0.9298,0.9957
Esco2,Esco2,244.2143,0.0691,0.2591,0.2667,0.7897,0.9865
Esd,Esd,10504.1836,0.09,0.1548,0.5812,0.5611,0.9579
Esf1,Esf1,254.2252,0.2438,0.1843,1.3227,0.1859,0.874
Esm1,Esm1,7.6532,0.5035,0.5579,0.9025,0.3668,
Espl1,Espl1,1201.0565,-0.1904,0.1617,-1.1777,0.2389,0.8923
Espn,Espn,16.9658,0.095,0.4083,0.2327,0.816,
Espnl,Espnl,6.6195,-0.1587,0.5911,-0.2686,0.7883,
Esr1,Esr1,605.1389,0.0043,0.1167,0.0365,0.9709,0.9974
Esr2,Esr2,1.9333,-0.3043,0.9602,-0.3169,0.7513,
Esrp1,Esrp1,0.3853,0.9701,2.47,0.3928,0.6945,
Esrp2,Esrp2,2.3229,-0.126,0.9642,-0.1307,0.896,
Esrra,Esrra,1190.0199,-0.0747,0.0827,-0.9039,0.3661,0.9295
Esrrb,Esrrb,21.0942,-0.5873,0.3922,-1.4975,0.1343,0.826
Esrrg,Esrrg,2.0238,3.035,1.3229,2.2942,0.0218,
Esx1,Esx1,3.0599,-0.7408,0.913,-0.8114,0.4172,
Esyt1,Esyt1,6603.7991,-0.2268,0.0813,-2.7902,0.0053,0.3918
Esyt2,Esyt2,4916.6839,0.1689,0.1059,1.595,0.1107,0.8103
Esyt3,Esyt3,13.6065,-0.1822,0.3864,-0.4716,0.6372,
Etaa1,Etaa1,228.4537,0.0815,0.2244,0.3631,0.7165,0.9773
Etaa1os,Etaa1os,2.508,-0.1311,0.8854,-0.148,0.8823,
Etf1,Etf1,8874.841,0.0336,0.0626,0.5371,0.5912,0.964
Etfa,Etfa,4420.9981,0.0682,0.0804,0.8491,0.3958,0.9341
Etfb,Etfb,2017.4868,0.0666,0.0751,0.8875,0.3748,0.9295
Etfdh,Etfdh,2680.8388,0.0592,0.0799,0.7406,0.4589,0.9483
Ethe1,Ethe1,491.5708,-0.1093,0.0862,-1.2675,0.205,0.8854
Etl4,Etl4,776.3292,-0.0226,0.1245,-0.1819,0.8557,0.9906
Etnk1,Etnk1,1857.1027,0.087,0.1473,0.5906,0.5548,0.9571
Etnk2,Etnk2,0.776,-1.1555,1.6501,-0.7002,0.4838,
Etnppl,Etnppl,0.4897,-2.3531,2.1823,-1.0782,0.2809,
Etohd2,Etohd2,36.4695,0.5202,0.2479,2.0981,0.0359,0.6818
Etohi1,Etohi1,119.0498,0.1984,0.2027,0.9786,0.3278,0.9197
Ets1,Ets1,1881.3695,0.1069,0.1061,1.0075,0.3137,0.9173
Ets2,Ets2,8815.3176,-0.0291,0.0486,-0.5992,0.549,0.9571
Etv1,Etv1,208.3373,-0.0806,0.1568,-0.514,0.6073,0.966
Etv3,Etv3,1069.8838,0.0137,0.0697,0.1973,0.8436,0.9906
Etv4,Etv4,489.5227,-0.5202,0.1603,-3.2448,0.0012,0.2398
Etv5,Etv5,579.2131,-0.123,0.1282,-0.9594,0.3373,0.9222
Etv6,Etv6,1418.3814,-0.0527,0.0958,-0.5504,0.5821,0.9637
Eva1a,Eva1a,41.8145,-0.4723,0.2504,-1.8861,0.0593,0.749
Eva1b,Eva1b,456.8277,0.0463,0.0962,0.4813,0.6303,0.968
Eva1c,Eva1c,496.2265,0.2123,0.1479,1.4354,0.1512,0.8465
Evc,Evc,1559.7094,0.0889,0.0721,1.2341,0.2172,0.8877
Evc2,Evc2,1222.908,0.0612,0.0588,1.0417,0.2976,0.9128
Evi2a,Evi2a,748.8325,0.0317,0.0896,0.3541,0.7233,0.9788
Evi5,Evi5,1030.2885,0.0482,0.1806,0.2669,0.7896,0.9865
Evi5l,Evi5l,350.2844,-0.1931,0.0953,-2.0265,0.0427,0.7204
Evl,Evl,1095.2713,-0.0606,0.1023,-0.5919,0.5539,0.9571
Evpl,Evpl,3.7732,-1.9156,0.8544,-2.242,0.025,
Ewsr1,Ewsr1,8097.6871,0.0397,0.0801,0.4955,0.6202,0.966
Exd1,Exd1,29.1345,-0.1853,0.3089,-0.6,0.5485,0.9571
Exd2,Exd2,940.1734,0.0075,0.0773,0.0964,0.9232,0.9957
Exo1,Exo1,365.758,-0.2515,0.2066,-1.217,0.2236,0.8877
Exo5,Exo5,535.1859,0.1569,0.0888,1.7674,0.0772,0.7682
Exoc1,Exoc1,1679.7767,0.0128,0.0626,0.205,0.8376,0.9906
Exoc2,Exoc2,1915.5694,0.0364,0.0546,0.6672,0.5046,0.9515
Exoc3,Exoc3,2490.0581,0.0334,0.0593,0.5637,0.573,0.9614
Exoc3l,Exoc3l,535.335,-0.1675,0.0926,-1.8099,0.0703,0.7617
Exoc3l4,Exoc3l4,225.5768,-0.1418,0.1061,-1.3358,0.1816,0.8711
Exoc4,Exoc4,2964.7196,0.0789,0.0665,1.1856,0.2358,0.8923
Exoc5,Exoc5,1437.5283,-0.0046,0.1727,-0.0266,0.9788,0.9979
Exoc6,Exoc6,382.8329,-0.1237,0.1324,-0.9345,0.3501,0.9271
Exoc6b,Exoc6b,1607.5144,0.1185,0.0562,2.109,0.0349,0.6753
Exoc7,Exoc7,2327.7903,-0.0165,0.06,-0.2757,0.7828,0.985
Exoc8,Exoc8,783.2641,-0.0119,0.0715,-0.1671,0.8673,0.9906
Exog,Exog,430.8497,0.0297,0.1068,0.278,0.781,0.985
Exosc1,Exosc1,781.7209,0.1164,0.1072,1.0866,0.2772,0.9074
Exosc10,Exosc10,2145.2426,0.0265,0.0487,0.5446,0.586,0.964
Exosc2,Exosc2,965.7338,0.0138,0.0771,0.1789,0.858,0.9906
Exosc3,Exosc3,612.6026,-0.0856,0.0742,-1.1539,0.2485,0.8923
Exosc4,Exosc4,1145.2102,-0.0419,0.0903,-0.4643,0.6425,0.9684
Exosc5,Exosc5,394.3622,-0.0261,0.1164,-0.2238,0.8229,0.9893
Exosc6,Exosc6,307.7161,-0.2086,0.1069,-1.9519,0.0509,0.7261
Exosc7,Exosc7,591.1712,0.0728,0.1043,0.6978,0.4853,0.9515
Exosc8,Exosc8,837.9658,-0.0518,0.0975,-0.5312,0.5953,0.964
Exosc9,Exosc9,1152.5386,0.0445,0.0895,0.4977,0.6187,0.966
Exph5,Exph5,0.6766,0.2602,1.9028,0.1367,0.8912,
Ext1,Ext1,9225.4661,-0.1159,0.1072,-1.0818,0.2793,0.9074
Ext2,Ext2,6715.8059,0.0702,0.0656,1.0711,0.2841,0.9074
Extl1,Extl1,91.0686,0.1871,0.1891,0.9891,0.3226,0.9197
Extl2,Extl2,1603.3329,0.1,0.0866,1.1548,0.2482,0.8923
Extl3,Extl3,5891.6049,0.009,0.0461,0.1944,0.8458,0.9906
Eya1,Eya1,475.4081,-0.0728,0.1393,-0.5226,0.6013,0.966
Eya2,Eya2,1.3618,-0.4501,1.2685,-0.3548,0.7227,
Eya3,Eya3,2019.29,0.0229,0.0626,0.3653,0.7149,0.9766
Eya4,Eya4,993.7225,0.1364,0.1152,1.1834,0.2367,0.8923
Ezh1,Ezh1,2614.6964,0.0429,0.1038,0.4132,0.6795,0.9717
Ezh2,Ezh2,1222.2306,-0.0119,0.1505,-0.0791,0.937,0.9971
Ezr,Ezr,3932.3307,-0.1563,0.0858,-1.8216,0.0685,0.7617
F11r,F11r,920.1477,-0.0826,0.1491,-0.5542,0.5795,0.963
F12,F12,0.5786,-1.5045,1.9481,-0.7723,0.4399,
F13a1,F13a1,14.5721,-0.1845,0.3713,-0.4969,0.6193,
F2,F2,79.6425,-0.5308,0.272,-1.9515,0.051,0.7261
F2r,F2r,6487.9035,0.1276,0.0824,1.5489,0.1214,0.8127
F2rl1,F2rl1,18.1072,0.111,0.4178,0.2656,0.7905,
F2rl2,F2rl2,19.5598,-0.0568,0.3821,-0.1486,0.8819,
F2rl3,F2rl3,10.4359,-0.2024,0.4511,-0.4487,0.6537,
F3,F3,1493.8132,0.5501,0.2166,2.539,0.0111,0.5095
F420014N23Rik,F420014N23Rik,31.147,-0.1449,0.2807,-0.5162,0.6057,0.966
F5,F5,20.2011,0.1657,0.4506,0.3678,0.713,
F630042J09Rik,F630042J09Rik,19.9332,-0.2836,0.3245,-0.8739,0.3821,
F7,F7,23.0252,-0.7115,0.4113,-1.7298,0.0837,0.7762
F730043M19Rik,F730043M19Rik,193.6908,0.3065,0.142,2.1594,0.0308,0.6516
F8,F8,23.5131,-0.0563,0.3007,-0.1874,0.8513,0.9906
F830016B08Rik,F830016B08Rik,1.5417,-0.8887,1.1674,-0.7613,0.4465,
F8a,F8a,91.6275,-0.073,0.1565,-0.4663,0.641,0.9681
F930015N05Rik,F930015N05Rik,21.2602,0.2609,0.3033,0.8604,0.3895,0.933
Faah,Faah,8.3,-0.2884,0.5534,-0.5211,0.6023,
Faap100,Faap100,709.0535,0.0308,0.0797,0.3863,0.6993,0.9736
Faap20,Faap20,554.4588,-0.1052,0.0934,-1.1261,0.2601,0.8968
Faap24,Faap24,237.7693,-0.2212,0.1136,-1.9468,0.0516,0.7276
Fabp1,Fabp1,0.4796,0.2683,2.0644,0.13,0.8966,
Fabp3,Fabp3,287.2852,-0.2609,0.1701,-1.5341,0.125,0.815
Fabp4,Fabp4,14.0599,0.6638,0.7997,0.83,0.4065,
Fabp5,Fabp5,518.6479,-0.3163,0.1856,-1.7038,0.0884,0.7829
Fabp7,Fabp7,1.8203,-0.5641,1.177,-0.4793,0.6317,
Fadd,Fadd,328.4455,-0.206,0.1026,-2.0068,0.0448,0.7227
Fads1,Fads1,3997.4148,-0.065,0.0758,-0.8583,0.3907,0.9331
Fads2,Fads2,1975.1979,-0.354,0.1608,-2.2023,0.0276,0.6379
Fads3,Fads3,7350.0894,-0.0948,0.0647,-1.4642,0.1431,0.8395
Fads6,Fads6,43.1864,-0.1768,0.2918,-0.6059,0.5446,0.9571
Faf1,Faf1,2628.1222,-0.0225,0.0697,-0.3227,0.747,0.9842
Faf2,Faf2,3668.275,0.0333,0.057,0.5843,0.559,0.9579
Fah,Fah,1341.2566,-0.1532,0.0783,-1.9562,0.0504,0.7253
Fahd1,Fahd1,143.9321,0.2949,0.1718,1.7164,0.0861,0.7807
Fahd2a,Fahd2a,254.462,0.1668,0.1491,1.1189,0.2632,0.8981
Faim,Faim,463.4683,0.0515,0.0776,0.6637,0.5069,0.9526
Faim2,Faim2,8.875,-0.1579,0.5162,-0.3058,0.7597,
Fam101a,Fam101a,3.4841,-0.3548,0.762,-0.4656,0.6415,
Fam101b,Fam101b,2491.171,-0.1749,0.2174,-0.8044,0.4212,0.941
Fam102a,Fam102a,1248.1921,0.2234,0.1392,1.6046,0.1086,0.8054
Fam102b,Fam102b,1995.9316,0.0829,0.1238,0.6701,0.5028,0.9515
Fam103a1,Fam103a1,736.6601,0.2058,0.1252,1.6437,0.1002,0.7895
Fam104a,Fam104a,1531.0174,0.1154,0.1103,1.0469,0.2951,0.9119
Fam105a,Fam105a,53.6407,0.4627,0.3038,1.5231,0.1277,0.8208
Fam107a,Fam107a,306.188,-0.1956,0.1655,-1.1822,0.2371,0.8923
Fam107b,Fam107b,1910.5519,-0.0017,0.1114,-0.0154,0.9877,0.9993
Fam109a,Fam109a,520.9733,-0.0435,0.0944,-0.4611,0.6448,0.9684
Fam109b,Fam109b,3.5748,0.0544,0.7867,0.0692,0.9448,
Fam110a,Fam110a,1055.6763,0.0489,0.09,0.5432,0.587,0.964
Fam110b,Fam110b,163.6442,0.0086,0.1146,0.0754,0.9399,0.9971
Fam110c,Fam110c,129.5792,0.6018,0.5541,1.086,0.2775,0.9074
Fam111a,Fam111a,1377.4817,0.1039,0.1329,0.7819,0.4343,0.9453
Fam114a1,Fam114a1,6972.4195,0.073,0.0738,0.9895,0.3224,0.9197
Fam114a2,Fam114a2,2292.4108,-0.0502,0.0535,-0.9392,0.3476,0.9264
Fam117a,Fam117a,695.722,0.0958,0.1209,0.7925,0.4281,0.944
Fam117b,Fam117b,1529.8081,0.0942,0.0729,1.2925,0.1962,0.8806
Fam118a,Fam118a,1681.4428,0.1426,0.0912,1.5625,0.1182,0.8127
Fam118b,Fam118b,951.0972,-0.0378,0.0772,-0.4898,0.6242,0.9673
Fam120a,Fam120a,9890.0057,0.064,0.0561,1.1406,0.254,0.893
Fam120aos,Fam120aos,129.935,0.0077,0.1694,0.0457,0.9635,0.9974
Fam120b,Fam120b,1985.5321,0.0131,0.0687,0.1907,0.8488,0.9906
Fam120c,Fam120c,756.4776,0.1039,0.1141,0.9105,0.3625,0.9295
Fam122a,Fam122a,346.4682,0.0873,0.088,0.9919,0.3213,0.9197
Fam122b,Fam122b,230.0921,0.1176,0.136,0.8644,0.3874,0.933
Fam124a,Fam124a,6.9502,-0.6103,0.5338,-1.1433,0.2529,
Fam124b,Fam124b,5.0692,1.4326,0.7111,2.0147,0.0439,
Fam126a,Fam126a,1552.9223,-0.0073,0.0879,-0.083,0.9338,0.9964
Fam126b,Fam126b,176.1038,0.164,0.2373,0.6911,0.4895,0.9515
Fam129a,Fam129a,203.5634,0.1989,0.1126,1.7675,0.0771,0.7682
Fam129b,Fam129b,16093.0993,-0.0627,0.0865,-0.7253,0.4683,0.9483
Fam129c,Fam129c,78.5716,0.2421,0.1657,1.4608,0.1441,0.8413
Fam131a,Fam131a,52.1009,-0.1453,0.2157,-0.6735,0.5006,0.9515
Fam131b,Fam131b,1208.1058,0.469,0.2434,1.9267,0.054,0.7358
Fam131c,Fam131c,44.9971,-0.3108,0.2184,-1.4231,0.1547,0.8501
Fam132a,Fam132a,525.9302,0.088,0.1219,0.7217,0.4705,0.9488
Fam132b,Fam132b,890.2876,-0.3621,0.2337,-1.5494,0.1213,0.8127
Fam133b,Fam133b,641.5703,0.1678,0.0908,1.8483,0.0646,0.7586
Fam134a,Fam134a,2592.5744,0.0148,0.0804,0.1835,0.8544,0.9906
Fam134b,Fam134b,4278.3454,-0.0411,0.0921,-0.4459,0.6557,0.9691
Fam134c,Fam134c,2396.9306,-0.033,0.0656,-0.5029,0.6151,0.966
Fam135a,Fam135a,879.0611,0.0189,0.1936,0.0976,0.9222,0.9957
Fam136a,Fam136a,1037.2827,-0.0382,0.0645,-0.5926,0.5534,0.9571
Fam13a,Fam13a,66.6132,-0.1078,0.2159,-0.4993,0.6176,0.966
Fam13b,Fam13b,930.1054,-0.0766,0.1819,-0.4212,0.6736,0.971
Fam13c,Fam13c,664.4302,0.1601,0.1275,1.2558,0.2092,0.8875
Fam149a,Fam149a,944.1717,0.0306,0.0669,0.4575,0.6473,0.9684
Fam149b,Fam149b,1109.223,0.0641,0.0588,1.0902,0.2756,0.9068
Fam150a,Fam150a,11.9756,0.1382,0.3987,0.3467,0.7288,
Fam151b,Fam151b,51.1277,0.1297,0.2058,0.6304,0.5284,0.9568
Fam160a1,Fam160a1,1408.2724,-0.0609,0.0561,-1.0859,0.2775,0.9074
Fam160a2,Fam160a2,777.6658,0.0181,0.0658,0.2749,0.7834,0.985
Fam160b1,Fam160b1,1638.5308,0.0819,0.0649,1.2632,0.2065,0.886
Fam160b2,Fam160b2,639.7816,0.0234,0.0788,0.2963,0.767,0.985
Fam161a,Fam161a,67.8752,0.2288,0.1883,1.2147,0.2245,0.8877
Fam161b,Fam161b,98.3877,0.2505,0.1542,1.6245,0.1043,0.8
Fam162a,Fam162a,4083.0206,-0.371,0.1234,-3.0052,0.0027,0.3399
Fam163a,Fam163a,0.5707,1.6575,1.9996,0.8289,0.4072,
Fam163b,Fam163b,0.5867,-0.7145,1.7318,-0.4126,0.6799,
Fam166a,Fam166a,0.6767,-0.8802,1.9152,-0.4596,0.6458,
Fam167a,Fam167a,867.903,-0.1059,0.1604,-0.6605,0.5089,0.9528
Fam167b,Fam167b,6.779,-0.2593,0.6052,-0.4284,0.6684,
Fam168a,Fam168a,4443.5769,0.0525,0.0606,0.8673,0.3858,0.9315
Fam168b,Fam168b,6507.0318,0.0096,0.0486,0.1978,0.8432,0.9906
Fam169a,Fam169a,13.3533,0.0827,0.3857,0.2145,0.8301,
Fam169b,Fam169b,33.8986,-0.1825,0.2929,-0.6232,0.5332,0.9571
Fam171a1,Fam171a1,1658.3542,-0.0127,0.0718,-0.1774,0.8592,0.9906
Fam171a2,Fam171a2,2402.3712,-0.0991,0.1226,-0.8083,0.4189,0.94
Fam171b,Fam171b,38.7998,-0.1335,0.3125,-0.4271,0.6693,0.9702
Fam172a,Fam172a,1421.9068,0.0902,0.0669,1.3476,0.1778,0.8659
Fam173a,Fam173a,729.3903,-0.1308,0.0807,-1.6196,0.1053,0.8
Fam173b,Fam173b,603.8687,-0.008,0.079,-0.1006,0.9199,0.9956
Fam174a,Fam174a,958.7432,0.04,0.0925,0.4329,0.6651,0.9702
Fam174b,Fam174b,0.3838,-1.8789,2.4405,-0.7699,0.4414,
Fam175a,Fam175a,490.1967,-0.006,0.0865,-0.07,0.9442,0.9971
Fam175b,Fam175b,1507.5089,-0.0145,0.0757,-0.1915,0.8481,0.9906
Fam178a,Fam178a,2025.6656,0.1142,0.1239,0.9219,0.3566,0.9295
Fam178b,Fam178b,14.5906,0.0942,0.3805,0.2476,0.8045,
Fam179a,Fam179a,6.6227,-0.1983,0.586,-0.3384,0.7351,
Fam179b,Fam179b,783.415,0.0536,0.1652,0.3247,0.7454,0.9836
Fam180a,Fam180a,125.1507,-0.2545,0.1558,-1.6332,0.1024,0.7936
Fam181b,Fam181b,23.0357,0.4691,0.3457,1.3571,0.1747,0.8614
Fam184b,Fam184b,1.5334,0.2649,1.1023,0.2403,0.8101,
Fam185a,Fam185a,379.8807,0.1792,0.1257,1.4258,0.1539,0.8501
Fam186b,Fam186b,2.8025,-1.7057,0.9454,-1.8041,0.0712,
Fam187a,Fam187a,1.9179,1.3548,1.1282,1.2009,0.2298,
Fam187b,Fam187b,0.9634,0.1226,1.4415,0.0851,0.9322,
Fam188a,Fam188a,1189.393,0.0676,0.0658,1.0269,0.3045,0.9164
Fam188b,Fam188b,376.3667,0.007,0.0992,0.0701,0.9441,0.9971
Fam189a1,Fam189a1,14.4196,-0.3808,0.4155,-0.9165,0.3594,
Fam189a2,Fam189a2,118.7426,-0.1365,0.1739,-0.7849,0.4325,0.9453
Fam189b,Fam189b,1461.3378,-0.0968,0.1086,-0.8912,0.3728,0.9295
Fam192a,Fam192a,2848.5185,0.0185,0.0806,0.2292,0.8187,0.9892
Fam193a,Fam193a,1498.5521,0.0334,0.0561,0.5962,0.5511,0.9571
Fam193b,Fam193b,1148.8318,0.1038,0.0695,1.4935,0.1353,0.8268
Fam195a,Fam195a,155.1119,-0.0724,0.1288,-0.5625,0.5738,0.9614
Fam195b,Fam195b,2833.9055,-0.0554,0.0539,-1.0275,0.3042,0.9164
Fam196a,Fam196a,2.7154,-0.1732,0.8553,-0.2026,0.8395,
Fam198a,Fam198a,32.965,0.0696,0.3579,0.1944,0.8459,0.9906
Fam198b,Fam198b,414.2301,0.0817,0.2036,0.4012,0.6883,0.9717
Fam199x,Fam199x,177.7499,0.078,0.2801,0.2784,0.7807,0.985
Fam19a1,Fam19a1,1.3482,0.2541,1.2926,0.1966,0.8442,
Fam19a2,Fam19a2,12.1671,-1.0118,0.4914,-2.059,0.0395,
Fam19a3,Fam19a3,0.4816,0.0982,2.0866,0.0471,0.9625,
Fam19a5,Fam19a5,378.6821,0.0052,0.1179,0.0443,0.9647,0.9974
Fam204a,Fam204a,688.5125,0.045,0.1092,0.4119,0.6804,0.9717
Fam206a,Fam206a,1343.0871,0.0193,0.0777,0.2488,0.8035,0.9871
Fam207a,Fam207a,1465.729,-0.0496,0.0533,-0.9312,0.3518,0.9271
Fam208a,Fam208a,400.8745,0.0554,0.2397,0.2312,0.8172,0.989
Fam208b,Fam208b,654.2197,0.0492,0.1586,0.3102,0.7564,0.9849
Fam209,Fam209,2.3836,0.0798,0.9812,0.0813,0.9352,
Fam20a,Fam20a,9385.9659,0.0273,0.0787,0.3471,0.7285,0.9796
Fam20b,Fam20b,4518.6033,0.0699,0.0612,1.1435,0.2528,0.893
Fam20c,Fam20c,3266.7124,-0.1021,0.0857,-1.1908,0.2337,0.8923
Fam21,Fam21,3280.0589,0.0243,0.0634,0.3833,0.7015,0.9737
Fam210a,Fam210a,2215.3276,-0.0061,0.0913,-0.0672,0.9464,0.9971
Fam210b,Fam210b,931.5916,0.003,0.0634,0.0476,0.9621,0.9974
Fam212a,Fam212a,43.1578,0.2749,0.2296,1.1976,0.2311,0.8923
Fam212b,Fam212b,759.6108,0.0252,0.1166,0.2159,0.8291,0.9906
Fam213a,Fam213a,112.3201,0.0936,0.1614,0.5803,0.5617,0.9579
Fam213b,Fam213b,4.2465,0.6727,0.6713,1.0021,0.3163,
Fam214a,Fam214a,563.6029,0.1339,0.0903,1.4838,0.1379,0.8305
Fam214b,Fam214b,2694.9702,-0.0991,0.0543,-1.8267,0.0678,0.7617
Fam216a,Fam216a,914.7519,0.0365,0.1047,0.3482,0.7277,0.9796
Fam219a,Fam219a,291.369,0.0563,0.1037,0.5434,0.5868,0.964
Fam219aos,Fam219aos,107.7083,0.1032,0.1537,0.6715,0.5019,0.9515
Fam219b,Fam219b,865.848,0.0732,0.1099,0.6654,0.5058,0.9515
Fam220a,Fam220a,1220.5982,-0.068,0.0616,-1.1048,0.2692,0.9026
Fam221a,Fam221a,92.5221,-0.1354,0.1552,-0.8721,0.3831,0.9315
Fam221b,Fam221b,1.1416,-0.531,1.586,-0.3348,0.7378,
Fam222a,Fam222a,0.3905,-0.94,2.4484,-0.3839,0.701,
Fam222b,Fam222b,889.4367,-0.0673,0.0808,-0.8332,0.4047,0.9365
Fam227a,Fam227a,38.3425,0.4948,0.281,1.7609,0.0783,0.7682
Fam227b,Fam227b,0.9641,1.7641,1.5904,1.1092,0.2673,
Fam228b,Fam228b,3.7389,0.8393,0.7788,1.0776,0.2812,
Fam229b,Fam229b,99.208,0.1522,0.1478,1.0299,0.3031,0.9164
Fam24a,Fam24a,0.5713,-1.1272,1.984,-0.5681,0.5699,
Fam26d,Fam26d,0.777,-1.8927,2.1793,-0.8685,0.3851,
Fam26e,Fam26e,80.9941,0.3875,0.1898,2.0416,0.0412,0.7111
Fam26f,Fam26f,1.9345,0.3325,1.0098,0.3292,0.742,
Fam32a,Fam32a,2905.8362,-0.0214,0.0721,-0.2963,0.767,0.985
Fam35a,Fam35a,214.7666,-0.0893,0.1424,-0.6272,0.5305,0.9568
Fam3a,Fam3a,972.1198,-0.0101,0.0694,-0.1459,0.884,0.9914
Fam3c,Fam3c,2125.8704,0.1348,0.0614,2.1967,0.028,0.6379
Fam43a,Fam43a,675.202,0.0403,0.1102,0.366,0.7144,0.9766
Fam43b,Fam43b,0.7778,-2.9648,1.7702,-1.6748,0.094,
Fam45a,Fam45a,1075.9762,0.0657,0.073,0.9004,0.3679,0.9295
Fam46a,Fam46a,479.6053,0.2663,0.1641,1.6232,0.1045,0.8
Fam46b,Fam46b,194.611,-0.1121,0.1212,-0.9254,0.3548,0.9293
Fam46c,Fam46c,32.8115,0.2205,0.3005,0.7336,0.4632,0.9483
Fam49a,Fam49a,8.8648,0.0976,0.4613,0.2115,0.8325,
Fam49b,Fam49b,2257.413,-0.0236,0.0863,-0.2734,0.7845,0.985
Fam50a,Fam50a,1533.0409,-0.0754,0.0608,-1.2409,0.2146,0.8877
Fam53a,Fam53a,1255.084,-0.0478,0.0794,-0.6019,0.5472,0.9571
Fam53b,Fam53b,1392.0246,-0.0484,0.0909,-0.5325,0.5944,0.964
Fam53c,Fam53c,3021.9455,-0.0755,0.0508,-1.4849,0.1376,0.8299
Fam57a,Fam57a,333.5656,-0.019,0.151,-0.1257,0.9,0.9931
Fam57b,Fam57b,4.3205,0.1512,0.7038,0.2148,0.8299,
Fam58b,Fam58b,436.2729,0.0152,0.0974,0.1564,0.8757,0.9914
Fam60a,Fam60a,610.9133,0.0269,0.1881,0.1428,0.8865,0.9917
Fam63a,Fam63a,1832.6265,0.0748,0.1132,0.6608,0.5088,0.9528
Fam63b,Fam63b,744.3354,-0.1781,0.2535,-0.7024,0.4824,0.9513
Fam64a,Fam64a,1704.6623,-0.284,0.1537,-1.8474,0.0647,0.7587
Fam65a,Fam65a,2741.1784,0.0159,0.0695,0.2289,0.8189,0.9892
Fam65b,Fam65b,134.6207,0.1407,0.1439,0.9778,0.3281,0.9197
Fam65c,Fam65c,35.738,0.1135,0.2721,0.4173,0.6765,0.9713
Fam69a,Fam69a,1047.1755,0.0622,0.067,0.9275,0.3537,0.9278
Fam69b,Fam69b,465.1189,0.1249,0.0897,1.3921,0.1639,0.8598
Fam71b,Fam71b,15.1393,0.0876,0.3622,0.2418,0.8089,
Fam71e1,Fam71e1,6.5618,0.736,0.5584,1.3181,0.1875,
Fam71f1,Fam71f1,18.5523,0.285,0.3592,0.7934,0.4276,
Fam71f2,Fam71f2,8.9006,-0.0033,0.4946,-0.0066,0.9947,
Fam72a,Fam72a,82.9008,-0.3114,0.2146,-1.4512,0.1467,0.8425
Fam73a,Fam73a,42.9978,-0.0287,0.2662,-0.108,0.914,0.9945
Fam73b,Fam73b,1008.2755,0.1203,0.1047,1.1485,0.2507,0.8927
Fam76a,Fam76a,1872.929,-0.051,0.0582,-0.8753,0.3814,0.9306
Fam76b,Fam76b,620.2155,0.218,0.1651,1.3205,0.1867,0.874
Fam78a,Fam78a,38.5611,-0.3468,0.293,-1.1837,0.2365,0.8923
Fam78b,Fam78b,43.8491,-0.4824,0.2797,-1.7247,0.0846,0.7762
Fam81a,Fam81a,19.6781,-0.34,0.3774,-0.9008,0.3677,
Fam83a,Fam83a,24.8294,-0.206,0.3116,-0.6612,0.5085,0.9528
Fam83b,Fam83b,16.5851,-0.103,0.493,-0.2089,0.8346,
Fam83c,Fam83c,0.8718,0.2305,1.4422,0.1599,0.873,
Fam83d,Fam83d,812.3387,-0.2116,0.1683,-1.2575,0.2086,0.8875
Fam83e,Fam83e,3.8304,-0.8774,0.807,-1.0871,0.277,
Fam83f,Fam83f,0.9632,-1.4999,1.5872,-0.945,0.3446,
Fam83h,Fam83h,874.1395,-0.0448,0.0734,-0.6105,0.5415,0.9571
Fam84a,Fam84a,15.4919,0.1575,0.3515,0.4481,0.6541,
Fam84b,Fam84b,4.6108,-0.3075,0.6872,-0.4475,0.6545,
Fam89a,Fam89a,9.5263,0.3361,0.4482,0.7499,0.4533,
Fam89b,Fam89b,1887.3257,-0.0079,0.1012,-0.0778,0.938,0.9971
Fam8a1,Fam8a1,906.2644,0.0589,0.1082,0.5444,0.5861,0.964
Fam92a,Fam92a,1290.0979,0.0773,0.0833,0.928,0.3534,0.9276
Fam92b,Fam92b,0.4816,0.0982,2.0866,0.0471,0.9625,
Fam96a,Fam96a,1768.159,-0.0932,0.076,-1.2261,0.2201,0.8877
Fam96b,Fam96b,1094.449,-0.1496,0.0647,-2.3115,0.0208,0.6047
Fam98a,Fam98a,3099.4846,-0.0343,0.0618,-0.5539,0.5796,0.963
Fam98b,Fam98b,1901.8741,0.0896,0.0919,0.9748,0.3296,0.9197
Fam98c,Fam98c,73.5037,-0.077,0.1945,-0.3957,0.6924,0.9731
Fan1,Fan1,219.6208,0.0675,0.1479,0.4561,0.6483,0.9684
Fanca,Fanca,217.1325,0.0366,0.2125,0.1722,0.8633,0.9906
Fancb,Fancb,186.0021,-0.0362,0.2098,-0.1724,0.8631,0.9906
Fancc,Fancc,446.9411,0.034,0.084,0.4048,0.6857,0.9717
Fancd2,Fancd2,355.4461,-0.232,0.1652,-1.4047,0.1601,0.8561
Fancd2os,Fancd2os,19.0433,-0.1568,0.509,-0.308,0.7581,
Fance,Fance,699.2632,0.0511,0.0799,0.6398,0.5223,0.9556
Fancf,Fancf,159.1184,-0.2047,0.1428,-1.4339,0.1516,0.8466
Fancg,Fancg,269.9647,-0.0143,0.1077,-0.1332,0.8941,0.9923
Fanci,Fanci,280.9768,-0.0493,0.1849,-0.2669,0.7896,0.9865
Fancl,Fancl,254.7711,-0.0177,0.1379,-0.1284,0.8978,0.9927
Fancm,Fancm,273.0951,0.0628,0.1539,0.4078,0.6834,0.9717
Fank1,Fank1,3.9678,-0.2648,0.6833,-0.3875,0.6984,
Fap,Fap,13.5066,-0.3804,0.3788,-1.0043,0.3152,
Far1,Far1,1761.5297,0.0665,0.1781,0.373,0.7091,0.9746
Far1os,Far1os,3.2754,0.3725,0.8046,0.4629,0.6434,
Far2,Far2,22.6563,0.3502,0.3959,0.8846,0.3764,0.9295
Farp1,Farp1,4330.3233,0.0447,0.0704,0.6354,0.5252,0.956
Farp2,Farp2,293.2404,0.0277,0.0991,0.2793,0.78,0.985
Fars2,Fars2,524.4509,-0.0991,0.0831,-1.193,0.2329,0.8923
Farsa,Farsa,3754.5857,-0.1028,0.0787,-1.3062,0.1915,0.8743
Farsb,Farsb,2638.002,-0.0206,0.0767,-0.2692,0.7878,0.9865
Fas,Fas,824.1237,0.0972,0.0894,1.0866,0.2772,0.9074
Fasl,Fasl,0.482,2.5313,2.2345,1.1328,0.2573,
Fasn,Fasn,8762.7049,-0.1357,0.0824,-1.6479,0.0994,0.7895
Fastk,Fastk,1980.3716,-0.1002,0.0456,-2.1975,0.028,0.6379
Fastkd1,Fastkd1,602.2571,0.1126,0.1052,1.0707,0.2843,0.9074
Fastkd2,Fastkd2,796.4956,-0.0782,0.0818,-0.9556,0.3393,0.9244
Fastkd3,Fastkd3,374.6603,-0.107,0.0922,-1.1607,0.2458,0.8923
Fastkd5,Fastkd5,609.9,-0.0665,0.0994,-0.6688,0.5036,0.9515
Fat1,Fat1,8498.1063,0.1971,0.1474,1.3376,0.181,0.8703
Fat2,Fat2,5.0051,0.6021,0.647,0.9307,0.352,
Fat3,Fat3,0.6709,1.9982,2.1864,0.9139,0.3608,
Fat4,Fat4,482.8571,0.1369,0.258,0.5305,0.5958,0.964
Fau,Fau,9807.0556,-0.0621,0.0859,-0.7228,0.4698,0.9483
Faxc,Faxc,1085.176,0.0135,0.0714,0.1894,0.8498,0.9906
Fbf1,Fbf1,1739.9187,0.0014,0.079,0.018,0.9856,0.9992
Fbl,Fbl,1887.6848,-0.1495,0.0629,-2.3752,0.0175,0.582
Fblim1,Fblim1,2130.4051,-0.0789,0.0803,-0.9823,0.3259,0.9197
Fbln1,Fbln1,7022.4111,0.2869,0.2123,1.3515,0.1765,0.8631
Fbln2,Fbln2,16366.4371,-0.1093,0.0466,-2.3426,0.0191,0.5897
Fbln5,Fbln5,6866.7763,0.0902,0.0666,1.3555,0.1753,0.8614
Fbln7,Fbln7,1373.6229,0.5363,0.1844,2.9085,0.0036,0.3479
Fbn1,Fbn1,30420.1277,-0.0782,0.1218,-0.6419,0.5209,0.9555
Fbp1,Fbp1,0.5733,2.7189,2.1953,1.2385,0.2155,
Fbp2,Fbp2,2.5152,-0.3748,0.8905,-0.4209,0.6738,
Fbrs,Fbrs,1102.7147,-0.0591,0.0717,-0.8241,0.4099,0.9377
Fbrsl1,Fbrsl1,721.5853,0.0707,0.0699,1.012,0.3115,0.9173
Fbxl12,Fbxl12,258.5755,-0.0697,0.1393,-0.5001,0.617,0.966
Fbxl12os,Fbxl12os,36.8301,0.1762,0.2407,0.7321,0.4641,0.9483
Fbxl13,Fbxl13,35.3808,0.0582,0.268,0.2173,0.828,0.9906
Fbxl14,Fbxl14,1020.7183,0.0153,0.0573,0.267,0.7895,0.9865
Fbxl15,Fbxl15,161.0269,-0.0783,0.1658,-0.4722,0.6368,0.9681
Fbxl16,Fbxl16,658.7812,0.0339,0.0721,0.4702,0.6382,0.9681
Fbxl17,Fbxl17,1541.8437,0.0673,0.0562,1.1974,0.2311,0.8923
Fbxl18,Fbxl18,214.2939,-0.0176,0.1319,-0.1331,0.8941,0.9923
Fbxl19,Fbxl19,564.7583,-0.0886,0.0749,-1.1823,0.2371,0.8923
Fbxl2,Fbxl2,628.7464,-0.1017,0.0762,-1.3342,0.1821,0.8711
Fbxl20,Fbxl20,2181.2329,0.2111,0.1183,1.7843,0.0744,0.7682
Fbxl21,Fbxl21,12.7437,-0.2739,0.3995,-0.6855,0.493,
Fbxl22,Fbxl22,133.7683,-0.4463,0.1412,-3.1612,0.0016,0.2749
Fbxl3,Fbxl3,1782.5686,0.0613,0.164,0.374,0.7084,0.9746
Fbxl4,Fbxl4,649.6447,0.1091,0.0676,1.6133,0.1067,0.8019
Fbxl5,Fbxl5,1962.3692,0.049,0.0534,0.9183,0.3584,0.9295
Fbxl6,Fbxl6,1180.496,0.0197,0.0722,0.2732,0.7847,0.985
Fbxl7,Fbxl7,196.4018,-0.0807,0.1336,-0.6036,0.5461,0.9571
Fbxl8,Fbxl8,241.0881,-0.0184,0.1063,-0.1728,0.8628,0.9906
Fbxo10,Fbxo10,1212.9556,-0.0025,0.0602,-0.0416,0.9669,0.9974
Fbxo11,Fbxo11,2442.2794,0.0932,0.1072,0.8698,0.3844,0.9315
Fbxo15,Fbxo15,3.2634,-2.2948,1.0205,-2.2487,0.0245,
Fbxo16,Fbxo16,61.95,-0.3063,0.2063,-1.4845,0.1377,0.8299
Fbxo17,Fbxo17,575.1532,-0.0597,0.0905,-0.6591,0.5099,0.9528
Fbxo18,Fbxo18,2996.7706,0.0097,0.0512,0.1887,0.8503,0.9906
Fbxo2,Fbxo2,45.4516,0.2081,0.2474,0.8413,0.4002,0.9356
Fbxo21,Fbxo21,1481.4126,0.0154,0.0914,0.1691,0.8658,0.9906
Fbxo22,Fbxo22,1266.4818,0.0225,0.0869,0.259,0.7956,0.9871
Fbxo24,Fbxo24,46.215,0.1108,0.2131,0.5199,0.6032,0.966
Fbxo25,Fbxo25,1097.0175,-0.029,0.0615,-0.4717,0.6372,0.9681
Fbxo28,Fbxo28,2035.7856,0.0598,0.0504,1.1863,0.2355,0.8923
Fbxo3,Fbxo3,2466.1023,0.0087,0.048,0.1818,0.8557,0.9906
Fbxo30,Fbxo30,1263.141,0.0949,0.1199,0.7914,0.4287,0.9441
Fbxo31,Fbxo31,800.0502,-0.074,0.0659,-1.122,0.2619,0.8973
Fbxo32,Fbxo32,2480.2114,-0.069,0.1397,-0.4938,0.6214,0.966
Fbxo33,Fbxo33,462.8297,0.0174,0.107,0.1628,0.8707,0.9906
Fbxo34,Fbxo34,845.1272,0.0006,0.0801,0.0076,0.9939,0.9993
Fbxo36,Fbxo36,289.564,-0.0224,0.1163,-0.1929,0.847,0.9906
Fbxo38,Fbxo38,2747.9142,0.0013,0.0503,0.0263,0.979,0.9979
Fbxo4,Fbxo4,767.7506,0.0209,0.074,0.2826,0.7775,0.985
Fbxo40,Fbxo40,47.6493,0.0776,0.3044,0.255,0.7987,0.9871
Fbxo42,Fbxo42,1792.3924,0.0508,0.0598,0.8498,0.3955,0.9341
Fbxo43,Fbxo43,1.8257,0.7835,1.0117,0.7744,0.4387,
Fbxo44,Fbxo44,112.5068,0.2793,0.1866,1.497,0.1344,0.826
Fbxo45,Fbxo45,1005.8766,-0.0215,0.0866,-0.2481,0.804,0.9871
Fbxo46,Fbxo46,324.0076,0.1218,0.0998,1.2205,0.2223,0.8877
Fbxo47,Fbxo47,10.8824,0.3104,0.4224,0.7348,0.4625,
Fbxo48,Fbxo48,24.3715,0.2638,0.3257,0.8101,0.4179,0.94
Fbxo5,Fbxo5,533.4226,0.0217,0.2151,0.1008,0.9197,0.9956
Fbxo6,Fbxo6,1277.0011,-0.0988,0.0807,-1.2237,0.2211,0.8877
Fbxo7,Fbxo7,391.3219,-0.0049,0.0889,-0.0555,0.9557,0.9974
Fbxo8,Fbxo8,815.213,0.1164,0.0698,1.6673,0.0954,0.7876
Fbxo9,Fbxo9,1018.2925,-0.0071,0.0774,-0.0913,0.9272,0.9957
Fbxw10,Fbxw10,11.4673,0.207,0.4221,0.4904,0.6238,
Fbxw11,Fbxw11,4174.1728,-0.0342,0.0526,-0.6511,0.515,0.9548
Fbxw17,Fbxw17,619.2566,0.0638,0.0763,0.8359,0.4032,0.9365
Fbxw2,Fbxw2,2649.1654,-0.059,0.0602,-0.9807,0.3267,0.9197
Fbxw4,Fbxw4,807.9729,-0.0678,0.0607,-1.1179,0.2636,0.8981
Fbxw5,Fbxw5,1521.4061,0.0061,0.0605,0.1006,0.9199,0.9956
Fbxw7,Fbxw7,686.1021,-0.0338,0.1151,-0.2931,0.7694,0.985
Fbxw8,Fbxw8,5941.2868,-0.0111,0.0582,-0.1911,0.8484,0.9906
Fbxw9,Fbxw9,1193.2239,-0.0576,0.0774,-0.744,0.4569,0.9483
Fcamr,Fcamr,0.2927,0.8437,2.6285,0.321,0.7482,
Fcer1g,Fcer1g,1.3696,-1.1897,1.5652,-0.7601,0.4472,
Fcf1,Fcf1,1499.2229,-0.0529,0.0763,-0.6937,0.4878,0.9515
Fcgr1,Fcgr1,2.3113,2.1609,1.1967,1.8057,0.071,
Fcgr2b,Fcgr2b,3.5478,0.2172,0.7574,0.2868,0.7743,
Fcgr3,Fcgr3,3.727,0.9808,1.0004,0.9804,0.3269,
Fcgr4,Fcgr4,98.2792,-0.1694,0.1665,-1.0175,0.3089,0.9169
Fcgrt,Fcgrt,5802.2124,0.0941,0.1074,0.8764,0.3808,0.9303
Fcho1,Fcho1,0.8652,-0.679,2.2118,-0.307,0.7589,
Fcho2,Fcho2,747.1133,0.0385,0.1627,0.2369,0.8128,0.9886
Fchsd1,Fchsd1,295.506,0.1769,0.1138,1.5543,0.1201,0.8127
Fchsd2,Fchsd2,951.3111,-0.0094,0.1353,-0.0695,0.9446,0.9971
Fcna,Fcna,15.4881,-0.4572,0.4645,-0.9842,0.325,
Fcrlb,Fcrlb,5.9591,0.5307,0.6616,0.8021,0.4225,
Fdft1,Fdft1,3781.9811,-0.1914,0.0781,-2.4492,0.0143,0.5611
Fdps,Fdps,5088.3946,-0.2609,0.0899,-2.9029,0.0037,0.3479
Fdx1,Fdx1,340.7087,-0.0484,0.1114,-0.4342,0.6641,0.9702
Fdx1l,Fdx1l,7.4134,-0.4524,0.5254,-0.8611,0.3892,
Fdxacb1,Fdxacb1,294.6844,-0.0172,0.1036,-0.166,0.8681,0.9906
Fdxr,Fdxr,822.7872,0.0758,0.077,0.9842,0.325,0.9197
Fech,Fech,4479.6385,0.0381,0.0891,0.4274,0.6691,0.9702
Fem1a,Fem1a,2814.4862,-0.0406,0.0766,-0.5296,0.5964,0.964
Fem1b,Fem1b,2581.6634,0.0489,0.0682,0.7166,0.4736,0.949
Fem1c,Fem1c,827.4987,-0.0389,0.1294,-0.3007,0.7636,0.9849
Fen1,Fen1,1194.5565,-0.1457,0.1392,-1.0467,0.2952,0.9119
Fer,Fer,1392.6998,0.0135,0.1328,0.1013,0.9193,0.9956
Fer1l5,Fer1l5,286.1025,-0.0451,0.1102,-0.4088,0.6827,0.9717
Fermt2,Fermt2,7038.8808,0.0013,0.0758,0.0168,0.9866,0.9992
Fermt3,Fermt3,12.0895,-0.1147,0.4734,-0.2423,0.8085,
Fes,Fes,21.6991,-0.718,0.304,-2.3615,0.0182,0.582
Fetub,Fetub,143.8415,-0.004,0.3492,-0.0115,0.9908,0.9993
Fez1,Fez1,71.7318,-0.5545,0.2328,-2.3822,0.0172,0.582
Fez2,Fez2,1361.104,0.0232,0.0638,0.364,0.7158,0.9769
Ffar4,Ffar4,4.2009,-0.4379,0.8311,-0.5269,0.5982,
Fga,Fga,1.6468,-0.0599,1.05,-0.0571,0.9545,
Fgb,Fgb,0.6865,-1.0236,1.8771,-0.5453,0.5856,
Fgd1,Fgd1,716.868,0.0431,0.0852,0.5064,0.6126,0.966
Fgd2,Fgd2,45.5225,-0.1057,0.2835,-0.3729,0.7092,0.9746
Fgd3,Fgd3,1523.8451,0.1397,0.1474,0.9472,0.3435,0.9246
Fgd4,Fgd4,31.8417,-0.3666,0.2618,-1.4003,0.1614,0.8576
Fgd6,Fgd6,230.1035,0.122,0.1162,1.0501,0.2937,0.911
Fgf1,Fgf1,7.5144,-0.4931,0.5493,-0.8977,0.3693,
Fgf10,Fgf10,148.538,-0.1032,0.3738,-0.2761,0.7825,0.985
Fgf11,Fgf11,1160.6388,-0.0305,0.077,-0.3963,0.6919,0.9731
Fgf13,Fgf13,52.98,-0.3811,0.2791,-1.3654,0.1721,0.8614
Fgf14,Fgf14,0.6706,-0.3878,1.7668,-0.2195,0.8263,
Fgf15,Fgf15,2.3128,-0.3487,0.9321,-0.3741,0.7083,
Fgf16,Fgf16,0.5785,0.7589,1.7926,0.4234,0.672,
Fgf17,Fgf17,0.7572,-0.2286,1.9737,-0.1158,0.9078,
Fgf18,Fgf18,0.5786,-1.5045,1.9481,-0.7723,0.4399,
Fgf2,Fgf2,36.8252,0.0029,0.3047,0.0096,0.9923,0.9993
Fgf21,Fgf21,686.4682,-0.1159,0.1792,-0.6469,0.5177,0.9549
Fgf22,Fgf22,2.1127,0.5651,1.0409,0.5429,0.5872,
Fgf23,Fgf23,1.0542,1.8482,1.4689,1.2582,0.2083,
Fgf5,Fgf5,82.0528,-0.3542,0.2382,-1.4868,0.1371,0.8296
Fgf7,Fgf7,1727.527,0.51,0.1739,2.9325,0.0034,0.3452
Fgf9,Fgf9,7.2453,-0.3617,0.5659,-0.6393,0.5226,
Fgfbp1,Fgfbp1,207.8956,-0.1813,0.2746,-0.6603,0.5091,0.9528
Fgfbp3,Fgfbp3,32.294,0.1723,0.2543,0.6776,0.498,0.9515
Fgfr1,Fgfr1,7340.0102,-0.0272,0.0841,-0.3232,0.7466,0.9841
Fgfr1op,Fgfr1op,1076.0836,0.0188,0.0605,0.3105,0.7562,0.9849
Fgfr1op2,Fgfr1op2,2274.3376,0.0749,0.1137,0.6592,0.5098,0.9528
Fgfr2,Fgfr2,167.8004,0.223,0.1354,1.6462,0.0997,0.7895
Fgfr3,Fgfr3,107.0511,-0.227,0.1671,-1.3581,0.1744,0.8614
Fgfr4,Fgfr4,2730.8156,-0.0139,0.1112,-0.1247,0.9008,0.9933
Fgfrl1,Fgfrl1,1361.4672,-0.0306,0.1007,-0.3042,0.761,0.9849
Fgg,Fgg,0.8733,1.6554,1.6409,1.0089,0.313,
Fggy,Fggy,621.3469,-0.0628,0.0752,-0.8351,0.4036,0.9365
Fgl1,Fgl1,1.9119,-3.3366,1.6219,-2.0572,0.0397,
Fgl2,Fgl2,25.2998,0.1846,0.2979,0.6197,0.5354,0.9571
Fh1,Fh1,3095.2155,-0.0205,0.0771,-0.2661,0.7901,0.9865
Fhad1,Fhad1,1.7122,0.4564,1.2406,0.3679,0.7129,
Fhdc1,Fhdc1,167.5728,-0.3037,0.2573,-1.1803,0.2379,0.8923
Fhl1,Fhl1,10730.7182,-0.2376,0.1145,-2.0755,0.0379,0.6915
Fhl2,Fhl2,2633.8706,-0.0052,0.074,-0.07,0.9442,0.9971
Fhl3,Fhl3,1587.4823,-0.0679,0.0924,-0.734,0.4629,0.9483
Fhl4,Fhl4,37.3836,-0.4458,0.2384,-1.8702,0.0615,0.7528
Fhod1,Fhod1,1441.5219,0.0371,0.0544,0.6822,0.4951,0.9515
Fhod3,Fhod3,1547.9414,0.1056,0.1069,0.9878,0.3232,0.9197
Fibcd1,Fibcd1,13.2164,-0.6531,0.4071,-1.6042,0.1087,
Fibin,Fibin,611.2491,0.1746,0.1122,1.5561,0.1197,0.8127
Fibp,Fibp,1361.2656,-0.0981,0.0707,-1.3864,0.1656,0.8598
Ficd,Ficd,552.8931,-0.0169,0.0908,-0.1866,0.852,0.9906
Fig4,Fig4,1714.9944,0.0132,0.0951,0.1389,0.8895,0.992
Figf,Figf,834.6586,0.3872,0.1674,2.3132,0.0207,0.6047
Fign,Fign,5.8091,0.082,0.6308,0.1299,0.8966,
Fignl1,Fignl1,903.8262,-0.1515,0.211,-0.7182,0.4726,0.949
Fignl2,Fignl2,14.8642,0.3604,0.4112,0.8765,0.3807,
Filip1,Filip1,741.5329,-0.0996,0.1557,-0.6401,0.5221,0.9556
Filip1l,Filip1l,2604.2822,-0.0112,0.1493,-0.0748,0.9404,0.9971
Fip1l1,Fip1l1,1765.4641,-0.0329,0.0843,-0.3904,0.6962,0.9731
Firre,Firre,743.3616,0.3699,0.1128,3.2783,0.001,0.2398
Fis1,Fis1,3392.2735,-0.0601,0.0725,-0.8289,0.4071,0.9373
Fitm1,Fitm1,14.0732,-0.3664,0.3791,-0.9667,0.3337,
Fitm2,Fitm2,804.8163,0.0159,0.0965,0.1648,0.8691,0.9906
Fiz1,Fiz1,699.5589,-0.1303,0.0811,-1.6068,0.1081,0.8038
Fjx1,Fjx1,15.12,0.1697,0.3836,0.4425,0.6581,
Fkbp10,Fkbp10,9911.4703,0.0585,0.0847,0.6906,0.4898,0.9515
Fkbp11,Fkbp11,727.4893,-0.0051,0.0714,-0.0711,0.9433,0.9971
Fkbp14,Fkbp14,2927.4783,0.0345,0.0604,0.5711,0.5679,0.9592
Fkbp15,Fkbp15,1660.2533,0.0211,0.0561,0.3754,0.7073,0.9744
Fkbp1a,Fkbp1a,12956.0197,-0.0715,0.0602,-1.1881,0.2348,0.8923
Fkbp1b,Fkbp1b,152.5777,-0.0574,0.1324,-0.4334,0.6647,0.9702
Fkbp2,Fkbp2,813.858,-0.1972,0.084,-2.348,0.0189,0.5897
Fkbp3,Fkbp3,1918.4551,0.0945,0.0994,0.9507,0.3417,0.9246
Fkbp4,Fkbp4,5697.7617,-0.056,0.0601,-0.9324,0.3511,0.9271
Fkbp5,Fkbp5,1499.4332,-0.0462,0.0902,-0.512,0.6087,0.966
Fkbp7,Fkbp7,2165.3365,0.083,0.083,1.0005,0.3171,0.9173
Fkbp8,Fkbp8,5078.3726,-0.0803,0.0476,-1.6884,0.0913,0.7855
Fkbp9,Fkbp9,16946.0301,0.0216,0.0483,0.4473,0.6547,0.9687
Fkbpl,Fkbpl,284.6528,-0.0667,0.1021,-0.6532,0.5136,0.9548
Fkrp,Fkrp,959.9906,0.0159,0.1066,0.1493,0.8813,0.9914
Fktn,Fktn,368.6423,0.1495,0.1785,0.8374,0.4024,0.9365
Flad1,Flad1,595.6612,0.0234,0.0935,0.25,0.8026,0.9871
Flcn,Flcn,1740.1612,-0.1235,0.0999,-1.2365,0.2163,0.8877
Flii,Flii,6223.9487,-0.0642,0.0531,-1.2077,0.2272,0.8906
Flna,Flna,62236.7639,0.0061,0.0634,0.0965,0.9231,0.9957
Flnb,Flnb,16187.0916,-0.0823,0.0787,-1.0467,0.2952,0.9119
Flnc,Flnc,20007.1261,-0.0186,0.0553,-0.337,0.7361,0.9808
Flot1,Flot1,2394.2583,-0.1445,0.0927,-1.5582,0.1192,0.8127
Flot2,Flot2,3934.8659,-0.0244,0.0575,-0.4239,0.6716,0.9706
Flrt1,Flrt1,27.3121,-0.027,0.2777,-0.0971,0.9227,0.9957
Flrt2,Flrt2,1296.4938,-0.1628,0.2229,-0.7302,0.4653,0.9483
Flt1,Flt1,68.1456,-0.2135,0.2809,-0.7601,0.4472,0.9455
Flt3,Flt3,4.2145,-0.1889,0.8741,-0.2161,0.8289,
Flt3l,Flt3l,96.8585,0.1359,0.1693,0.8031,0.4219,0.9412
Flt4,Flt4,0.3816,-0.4558,2.4647,-0.1849,0.8533,
Flywch1,Flywch1,1521.5591,0.1315,0.1008,1.3048,0.192,0.8743
Flywch2,Flywch2,11.3994,0.5862,0.4598,1.2749,0.2023,
Fmn1,Fmn1,674.7131,0.0706,0.1333,0.5297,0.5963,0.964
Fmn2,Fmn2,11.7656,0.032,0.4087,0.0782,0.9376,
Fmnl1,Fmnl1,441.556,-0.2614,0.1521,-1.7192,0.0856,0.7807
Fmnl2,Fmnl2,789.6193,0.0872,0.1449,0.6021,0.5471,0.9571
Fmnl3,Fmnl3,5910.3087,-0.0431,0.0479,-0.9005,0.3678,0.9295
Fmo1,Fmo1,7924.4615,0.5361,0.2306,2.3245,0.0201,0.6047
Fmo2,Fmo2,197.6341,0.6507,0.2895,2.2476,0.0246,0.6278
Fmo3,Fmo3,2.8736,0.658,1.0414,0.6319,0.5275,
Fmo4,Fmo4,30.9176,0.5465,0.3708,1.4739,0.1405,0.8373
Fmo5,Fmo5,93.9061,0.3171,0.1703,1.8622,0.0626,0.7549
Fmod,Fmod,2189.6537,-0.4181,0.3943,-1.0603,0.289,0.9079
Fmr1,Fmr1,1906.2378,0.0839,0.1931,0.4347,0.6638,0.9702
Fmr1os,Fmr1os,1.05,0.2365,1.4439,0.1638,0.8699,
Fn1,Fn1,359563.796,-0.0349,0.09,-0.3877,0.6982,0.9736
Fn3k,Fn3k,312.2445,-0.1592,0.1311,-1.2141,0.2247,0.8877
Fn3krp,Fn3krp,686.2256,-0.0582,0.1103,-0.5281,0.5974,0.964
Fnbp1,Fnbp1,1502.4536,0.0635,0.0733,0.8659,0.3865,0.9324
Fnbp1l,Fnbp1l,1100.5305,-0.0552,0.211,-0.2615,0.7937,0.9871
Fnbp4,Fnbp4,1499.7522,0.0667,0.1056,0.6314,0.5278,0.9565
Fndc1,Fndc1,21551.9296,0.0091,0.0611,0.1493,0.8813,0.9914
Fndc3a,Fndc3a,1781.0026,0.0034,0.2072,0.0162,0.9871,0.9992
Fndc3b,Fndc3b,7882.1699,0.0939,0.1002,0.9372,0.3487,0.9264
Fndc4,Fndc4,493.7068,0.1477,0.0986,1.4976,0.1342,0.826
Fndc5,Fndc5,962.9192,-0.1312,0.1258,-1.0434,0.2968,0.9124
Fndc7,Fndc7,17.7344,0.3238,0.3327,0.9733,0.3304,
Fndc8,Fndc8,0.7742,-0.9291,1.8402,-0.5049,0.6136,
Fndc9,Fndc9,12.2554,1.179,0.4983,2.3661,0.018,
Fnip1,Fnip1,1086.6197,0.0065,0.2093,0.0309,0.9754,0.9975
Fnip2,Fnip2,657.0344,-0.062,0.1314,-0.4717,0.6372,0.9681
Fnta,Fnta,3330.8081,-0.0137,0.0689,-0.1991,0.8421,0.9906
Fntb,Fntb,1133.0294,-0.1573,0.0816,-1.9282,0.0538,0.7358
Focad,Focad,1802.0561,0.1145,0.0646,1.771,0.0766,0.7682
Folh1,Folh1,3.4427,0.1396,0.8046,0.1735,0.8622,
Folr1,Folr1,4.138,-1.0685,0.7176,-1.4891,0.1365,
Folr2,Folr2,7.25,0.4031,0.5665,0.7116,0.4767,
Fopnl,Fopnl,1634.8464,-0.0006,0.069,-0.0088,0.993,0.9993
Fos,Fos,254.1177,-0.3658,0.5667,-0.6456,0.5185,0.9553
Fosb,Fosb,64.5776,0.0913,0.1983,0.4606,0.6451,0.9684
Fosl1,Fosl1,175.327,-0.0335,0.1879,-0.1781,0.8586,0.9906
Fosl2,Fosl2,8726.0887,0.1236,0.0694,1.7819,0.0748,0.7682
Foxa3,Foxa3,5.1125,-0.3097,0.6024,-0.5141,0.6072,
Foxc1,Foxc1,800.8394,0.2635,0.1142,2.3074,0.021,0.6047
Foxc2,Foxc2,267.741,0.014,0.1006,0.1394,0.8891,0.992
Foxd1,Foxd1,3.9379,0.2646,0.7312,0.3619,0.7174,
Foxd2,Foxd2,57.1687,0.1839,0.2194,0.8382,0.4019,0.9365
Foxd2os,Foxd2os,123.3091,-0.3286,0.1602,-2.0511,0.0403,0.7103
Foxf1,Foxf1,8.1579,-0.899,0.8724,-1.0305,0.3028,
Foxf2,Foxf2,652.4231,0.2121,0.0744,2.8491,0.0044,0.3768
Foxg1,Foxg1,0.6858,-1.0219,1.8771,-0.5444,0.5861,
Foxh1,Foxh1,1.1477,0.7929,1.7097,0.4638,0.6428,
Foxj1,Foxj1,3.2645,-1.0241,0.8464,-1.21,0.2263,
Foxj2,Foxj2,1276.3054,-0.029,0.0625,-0.4639,0.6427,0.9684
Foxj3,Foxj3,1875.6253,0.0446,0.0712,0.6268,0.5308,0.957
Foxk1,Foxk1,1830.057,0.0973,0.0585,1.6628,0.0964,0.7886
Foxk2,Foxk2,4307.4652,-0.0461,0.0625,-0.7378,0.4606,0.9483
Foxl1,Foxl1,149.8216,-0.0362,0.1588,-0.2281,0.8196,0.9893
Foxm1,Foxm1,1874.2105,-0.2183,0.1821,-1.199,0.2305,0.8923
Foxn1,Foxn1,13.7741,-0.3711,0.3928,-0.9447,0.3448,
Foxn2,Foxn2,761.0944,-0.045,0.1517,-0.2963,0.767,0.985
Foxn3,Foxn3,310.7047,0.124,0.1203,1.031,0.3026,0.9164
Foxo1,Foxo1,1763.0741,0.09,0.1242,0.7245,0.4688,0.9483
Foxo3,Foxo3,889.2896,0.0968,0.0867,1.117,0.264,0.8981
Foxo4,Foxo4,1418.9436,-0.0584,0.0867,-0.6744,0.5001,0.9515
Foxo6,Foxo6,435.3716,-0.1945,0.1242,-1.5663,0.1173,0.8127
Foxp1,Foxp1,1882.8941,0.0415,0.1188,0.349,0.7271,0.9796
Foxp3,Foxp3,2.2038,0.2605,1.0284,0.2533,0.8,
Foxp4,Foxp4,1467.6546,0.0215,0.0631,0.3411,0.733,0.9802
Foxq1,Foxq1,345.1567,0.3303,0.1237,2.6705,0.0076,0.4412
Foxred1,Foxred1,772.928,0.168,0.1142,1.471,0.1413,0.8389
Foxred2,Foxred2,876.619,0.299,0.1613,1.8541,0.0637,0.7562
Foxs1,Foxs1,691.9174,-0.1166,0.1249,-0.9336,0.3505,0.9271
Fpgs,Fpgs,843.3136,0.0605,0.0938,0.6452,0.5188,0.9553
Fpgt,Fpgt,538.0812,-0.0032,0.1846,-0.0175,0.986,0.9992
Fra10ac1,Fra10ac1,389.6676,0.1032,0.1237,0.8345,0.404,0.9365
Fras1,Fras1,68.2937,-0.0915,0.2098,-0.4362,0.6627,0.9702
Frat1,Frat1,17.226,-0.1701,0.4085,-0.4163,0.6772,
Frat2,Frat2,46.6818,-0.2652,0.2575,-1.0299,0.303,0.9164
Frem1,Frem1,134.7201,0.4366,0.3233,1.3504,0.1769,0.8643
Frem2,Frem2,31.509,-0.4896,0.4765,-1.0275,0.3042,0.9164
Frg1,Frg1,1517.2956,0.0506,0.0591,0.8557,0.3922,0.9341
Frk,Frk,464.8981,0.0462,0.1495,0.309,0.7573,0.9849
Frmd3,Frmd3,3.1687,-0.9064,0.8966,-1.011,0.312,
Frmd4a,Frmd4a,3324.998,0.0165,0.0566,0.2908,0.7712,0.985
Frmd4b,Frmd4b,112.0189,-0.0719,0.1888,-0.381,0.7032,0.9743
Frmd5,Frmd5,40.6562,0.2279,0.2231,1.0213,0.3071,0.9169
Frmd6,Frmd6,7292.888,0.0686,0.071,0.9658,0.3341,0.9207
Frmd8,Frmd8,2774.5953,-0.0059,0.0927,-0.0632,0.9496,0.9974
Frmpd1,Frmpd1,1756.6823,-0.1125,0.1199,-0.9386,0.3479,0.9264
Frmpd4,Frmpd4,1.6325,-1.6328,1.3515,-1.2081,0.227,
Frrs1,Frrs1,386.6122,-0.1334,0.1502,-0.8884,0.3743,0.9295
Frs2,Frs2,2483.1809,0.1349,0.0685,1.9683,0.049,0.7227
Frs3,Frs3,101.8183,0.1149,0.1624,0.7076,0.4792,0.9498
Frs3os,Frs3os,6.1661,1.321,0.7818,1.6896,0.0911,
Fry,Fry,78.1601,-0.1005,0.1778,-0.5654,0.5718,0.9612
Fryl,Fryl,1530.4957,0.0686,0.0582,1.1774,0.239,0.8923
Frzb,Frzb,9.0269,0.6486,0.5886,1.1019,0.2705,
Fsbp,Fsbp,9.3199,0.446,0.4835,0.9223,0.3564,
Fscn1,Fscn1,12529.2086,-0.0338,0.0758,-0.4467,0.6551,0.9687
Fscn2,Fscn2,4.6741,-0.5822,0.9059,-0.6427,0.5204,
Fsd1,Fsd1,10.04,0.5175,0.4425,1.1695,0.2422,
Fsd1l,Fsd1l,294.7566,-0.0149,0.2119,-0.0705,0.9438,0.9971
Fsd2,Fsd2,42.8519,-0.5565,0.3159,-1.7616,0.0781,0.7682
Fsip1,Fsip1,7.9242,-0.4694,0.5816,-0.8071,0.4196,
Fst,Fst,3914.3991,0.0992,0.149,0.6657,0.5056,0.9515
Fstl1,Fstl1,53028.3637,-0.0164,0.0743,-0.2202,0.8257,0.9904
Fstl3,Fstl3,563.0782,-0.0305,0.1303,-0.234,0.815,0.9889
Ftcd,Ftcd,3.2024,0.9219,0.9434,0.9772,0.3285,
Fth1,Fth1,41034.0467,0.0608,0.1064,0.5709,0.568,0.9592
Ftl1,Ftl1,24984.5933,0.0238,0.1509,0.1578,0.8746,0.9911
Fto,Fto,8260.1842,0.0944,0.0771,1.2241,0.2209,0.8877
Ftsj1,Ftsj1,1336.2036,-0.0259,0.0994,-0.2608,0.7942,0.9871
Ftsj2,Ftsj2,252.2861,0.1303,0.1056,1.2343,0.2171,0.8877
Ftsj3,Ftsj3,3372.8599,0.081,0.1134,0.7138,0.4754,0.949
Ftx,Ftx,199.232,0.1512,0.1692,0.8934,0.3716,0.9295
Fubp1,Fubp1,2577.5219,0.1145,0.1084,1.0565,0.2907,0.9079
Fubp3,Fubp3,2338.0592,0.0464,0.0738,0.6284,0.5297,0.9568
Fuca1,Fuca1,2499.3007,0.0664,0.0787,0.8432,0.3991,0.9354
Fuca2,Fuca2,696.0441,-0.1436,0.0761,-1.8868,0.0592,0.749
Fuk,Fuk,610.2204,0.1074,0.0816,1.3158,0.1882,0.874
Fundc1,Fundc1,1515.766,0.0778,0.0889,0.8758,0.3811,0.9303
Fundc2,Fundc2,3643.1971,-0.0077,0.0528,-0.1462,0.8837,0.9914
Fuom,Fuom,180.5065,-0.0664,0.1264,-0.5252,0.5995,0.9658
Furin,Furin,5696.5114,-0.0424,0.0447,-0.949,0.3426,0.9246
Fus,Fus,8224.5955,-0.0135,0.0884,-0.1532,0.8782,0.9914
Fut1,Fut1,11.6259,0.3999,0.42,0.9522,0.341,
Fut10,Fut10,755.6861,0.0928,0.0835,1.1111,0.2665,0.8981
Fut11,Fut11,1858.8603,0.079,0.0632,1.2493,0.2115,0.8875
Fut2,Fut2,11.104,-0.2132,0.4378,-0.4869,0.6263,
Fut4,Fut4,158.2898,0.1241,0.1287,0.9639,0.3351,0.9207
Fut7,Fut7,4.1405,0.2023,0.6824,0.2964,0.7669,
Fut8,Fut8,1374.5573,0.0539,0.106,0.5087,0.611,0.966
Fut9,Fut9,9.3272,-0.3878,0.6974,-0.556,0.5782,
Fuz,Fuz,387.1501,0.0881,0.083,1.0614,0.2885,0.9079
Fv1,Fv1,92.806,0.1643,0.1652,0.9943,0.3201,0.9186
Fxn,Fxn,250.1513,-0.122,0.1041,-1.1723,0.2411,0.8923
Fxr1,Fxr1,4650.192,0.0095,0.1234,0.0771,0.9386,0.9971
Fxr2,Fxr2,4244.4468,-0.0484,0.0534,-0.9072,0.3643,0.9295
Fxyd1,Fxyd1,82.3604,0.1499,0.2711,0.553,0.5802,0.9633
Fxyd4,Fxyd4,4.4266,-0.2731,0.6523,-0.4187,0.6755,
Fxyd5,Fxyd5,634.1112,-0.0968,0.091,-1.0639,0.2874,0.9079
Fxyd6,Fxyd6,126.8254,-0.313,0.3315,-0.9442,0.3451,0.9247
Fyb,Fyb,17.6592,0.1543,0.4067,0.3794,0.7044,
Fyco1,Fyco1,2157.4026,0.1887,0.0758,2.4895,0.0128,0.5382
Fyn,Fyn,4718.5677,-0.1496,0.0668,-2.24,0.0251,0.6335
Fyttd1,Fyttd1,3940.8875,-0.0086,0.1278,-0.067,0.9466,0.9971
Fzd1,Fzd1,8364.9777,0.1813,0.0528,3.4344,0.0006,0.218
Fzd2,Fzd2,3024.4466,0.094,0.0919,1.0231,0.3063,0.9169
Fzd3,Fzd3,429.8315,-0.1063,0.1572,-0.6761,0.499,0.9515
Fzd4,Fzd4,101.5562,0.0329,0.1625,0.2027,0.8394,0.9906
Fzd5,Fzd5,685.258,0.1141,0.083,1.3744,0.1693,0.8614
Fzd6,Fzd6,1059.2218,-0.0147,0.0973,-0.1508,0.8802,0.9914
Fzd7,Fzd7,2455.1935,-0.0401,0.0661,-0.6063,0.5443,0.9571
Fzd8,Fzd8,179.6252,-0.0048,0.1402,-0.0342,0.9727,0.9974
Fzd9,Fzd9,39.2221,-0.0411,0.2763,-0.1486,0.8819,0.9914
Fzr1,Fzr1,2015.4412,-0.1015,0.0687,-1.4776,0.1395,0.8356
G0s2,G0s2,1257.1503,-0.1304,0.1218,-1.0706,0.2843,0.9074
G2e3,G2e3,596.8185,-0.017,0.1835,-0.0925,0.9263,0.9957
G3bp1,G3bp1,7368.3069,0.0114,0.0681,0.1675,0.867,0.9906
G3bp2,G3bp2,5094.5884,0.0187,0.0508,0.3687,0.7124,0.9762
G530011O06Rik,G530011O06Rik,5.1005,-0.2442,0.665,-0.3673,0.7134,
G630025P09Rik,G630025P09Rik,3.3477,1.0692,0.9449,1.1315,0.2579,
G630071F17Rik,G630071F17Rik,2.9914,0.0147,0.8034,0.0183,0.9854,
G630090E17Rik,G630090E17Rik,15.53,-0.2544,0.3908,-0.6511,0.515,
G6b,G6b,0.5798,-1.5064,1.9478,-0.7734,0.4393,
G6pc3,G6pc3,1478.0002,0.0177,0.071,0.2496,0.8029,0.9871
G6pdx,G6pdx,3452.1082,0.1993,0.1282,1.5549,0.12,0.8127
Gaa,Gaa,6039.7334,0.0067,0.0948,0.0703,0.9439,0.9971
Gab1,Gab1,1751.0701,0.0901,0.0594,1.518,0.129,0.8225
Gab2,Gab2,790.5828,-0.003,0.0881,-0.0342,0.9727,0.9974
Gab3,Gab3,2.977,-1.6804,0.951,-1.7669,0.0772,
Gabarap,Gabarap,11935.2084,-0.1253,0.0636,-1.9697,0.0489,0.7227
Gabarapl1,Gabarapl1,3929.6206,0.1263,0.1558,0.8105,0.4177,0.94
Gabarapl2,Gabarapl2,1687.1364,-0.0546,0.0913,-0.5981,0.5497,0.9571
Gabbr1,Gabbr1,987.6084,0.132,0.0995,1.3267,0.1846,0.8729
Gabbr2,Gabbr2,2.3895,-1.1579,1.3384,-0.8651,0.387,
Gabpa,Gabpa,1858.7902,0.0535,0.1532,0.3492,0.7269,0.9796
Gabpb1,Gabpb1,962.1056,0.0197,0.0776,0.2542,0.7993,0.9871
Gabpb2,Gabpb2,1357.0593,0.0482,0.1393,0.3459,0.7294,0.9797
Gabra1,Gabra1,0.9706,-1.6024,1.5996,-1.0018,0.3165,
Gabrb2,Gabrb2,10.1232,-0.8817,0.4939,-1.7852,0.0742,
Gabrd,Gabrd,2.2187,-1.0889,1.2303,-0.8851,0.3761,
Gabre,Gabre,108.9552,0.0465,0.16,0.2904,0.7715,0.985
Gabrg2,Gabrg2,0.8716,-2.1037,2.1581,-0.9748,0.3297,
Gabrr2,Gabrr2,13.3173,0.6965,0.422,1.6506,0.0988,
Gad1os,Gad1os,0.7668,0.1338,1.5863,0.0844,0.9328,
Gadd45a,Gadd45a,2546.2914,-0.1218,0.1323,-0.9207,0.3572,0.9295
Gadd45b,Gadd45b,1665.5468,0.0229,0.1439,0.1591,0.8736,0.991
Gadd45g,Gadd45g,2316.0583,-0.0018,0.1016,-0.0172,0.9862,0.9992
Gadd45gip1,Gadd45gip1,961.8605,-0.0395,0.0904,-0.4368,0.6623,0.9702
Gadl1,Gadl1,21.0433,-0.4718,0.3538,-1.3335,0.1824,0.8711
Gak,Gak,3354.1512,0.0311,0.0679,0.4584,0.6466,0.9684
Gal,Gal,1.3462,-0.7186,1.3078,-0.5495,0.5827,
Gal3st1,Gal3st1,0.5803,-0.2492,1.7782,-0.1401,0.8886,
Gal3st2,Gal3st2,0.4839,0.2714,2.3914,0.1135,0.9096,
Gal3st3,Gal3st3,3.8393,0.586,0.7418,0.7899,0.4296,
Gal3st4,Gal3st4,8.3463,-0.2005,0.5443,-0.3684,0.7126,
Galc,Galc,1065.2785,-0.0286,0.0852,-0.3361,0.7368,0.9814
Gale,Gale,532.5666,-0.2844,0.108,-2.6331,0.0085,0.4585
Galk1,Galk1,2134.7771,-0.3073,0.0827,-3.717,0.0002,0.1137
Galk2,Galk2,2407.5129,0.1353,0.0801,1.6888,0.0912,0.7855
Galm,Galm,410.7207,0.0118,0.1284,0.0919,0.9267,0.9957
Galns,Galns,1039.1676,0.0292,0.0839,0.3479,0.7279,0.9796
Galnt1,Galnt1,4159.3581,0.0566,0.0834,0.679,0.4971,0.9515
Galnt10,Galnt10,5914.3637,0.1296,0.0792,1.6355,0.1019,0.7929
Galnt11,Galnt11,2272.7483,0.0433,0.0558,0.7757,0.4379,0.9455
Galnt13,Galnt13,1.904,2.2391,1.2558,1.783,0.0746,
Galnt15,Galnt15,56.8385,0.204,0.241,0.8463,0.3974,0.9347
Galnt16,Galnt16,8.1077,-0.3861,0.5714,-0.6757,0.4992,
Galnt18,Galnt18,428.7115,-0.0353,0.1201,-0.2939,0.7688,0.985
Galnt2,Galnt2,4466.7241,-0.0535,0.0587,-0.912,0.3618,0.9295
Galnt3,Galnt3,1.4241,0.9336,1.4193,0.6578,0.5107,
Galnt4,Galnt4,1242.2048,0.0164,0.0616,0.2667,0.7897,0.9865
Galnt5,Galnt5,16.562,-0.059,0.3517,-0.1677,0.8668,
Galnt6,Galnt6,666.4145,-0.2826,0.1843,-1.534,0.125,0.815
Galnt7,Galnt7,711.6887,0.0109,0.1445,0.0752,0.9401,0.9971
Galnt9,Galnt9,9.2234,-0.0669,0.4676,-0.1431,0.8862,
Galr1,Galr1,0.2941,0.8438,2.6255,0.3214,0.7479,
Galr2,Galr2,66.3445,-0.0209,0.1755,-0.1188,0.9054,0.9939
Galr3,Galr3,6.2662,-0.267,0.5651,-0.4726,0.6365,
Galt,Galt,116.2076,-0.028,0.1382,-0.2025,0.8395,0.9906
Gamt,Gamt,1323.1338,-0.0751,0.1101,-0.6815,0.4956,0.9515
Gan,Gan,85.2362,0.0343,0.1563,0.2194,0.8264,0.9905
Ganab,Ganab,6848.3064,0.019,0.0607,0.3131,0.7542,0.9849
Ganc,Ganc,501.2339,0.0712,0.1137,0.6261,0.5313,0.9571
Gap43,Gap43,443.4714,-0.3732,0.135,-2.7654,0.0057,0.4116
Gapdh,Gapdh,46012.8473,-0.2354,0.055,-4.2778,0,0.0261
Gapdhs,Gapdhs,62.2165,0.2871,0.2182,1.3153,0.1884,0.874
Gapvd1,Gapvd1,2775.3211,0.0108,0.0636,0.1692,0.8656,0.9906
Gar1,Gar1,621.86,-0.177,0.0902,-1.9616,0.0498,0.7227
Garem,Garem,163.404,-0.2739,0.1782,-1.5369,0.1243,0.815
Gareml,Gareml,51.2605,-0.0833,0.224,-0.3719,0.71,0.9751
Garnl3,Garnl3,335.3236,-0.0386,0.137,-0.2815,0.7784,0.985
Gars,Gars,8697.0327,-0.0511,0.0842,-0.6072,0.5437,0.9571
Gart,Gart,2594.6929,0.0751,0.0991,0.7574,0.4488,0.9455
Gas1,Gas1,22598.6547,0.1903,0.0999,1.9056,0.0567,0.7442
Gas2,Gas2,439.2638,-0.1548,0.1411,-1.0973,0.2725,0.9032
Gas2l1,Gas2l1,2666.0827,-0.1168,0.066,-1.7689,0.0769,0.7682
Gas2l3,Gas2l3,603.154,-0.1672,0.1781,-0.9389,0.3478,0.9264
Gas5,Gas5,1673.8486,0.2291,0.1199,1.9104,0.0561,0.743
Gas6,Gas6,4141.6032,0.2393,0.0799,2.9964,0.0027,0.3404
Gas7,Gas7,350.4856,-0.0959,0.1563,-0.6139,0.5393,0.9571
Gas8,Gas8,739.076,-0.0691,0.0853,-0.8101,0.4179,0.94
Gata2,Gata2,1004.9936,0.0984,0.0816,1.2059,0.2279,0.8911
Gata3,Gata3,141.2974,-0.0255,0.1272,-0.2005,0.8411,0.9906
Gata4,Gata4,600.3958,0.0507,0.0891,0.5694,0.5691,0.9596
Gata6,Gata6,17.5686,-0.0782,0.4183,-0.1871,0.8516,
Gatad1,Gatad1,2756.0875,-0.0655,0.0705,-0.9297,0.3526,0.9274
Gatad2a,Gatad2a,3537.722,-0.0542,0.0552,-0.9822,0.326,0.9197
Gatad2b,Gatad2b,609.2975,0.0644,0.0774,0.8318,0.4055,0.9368
Gatb,Gatb,424.1886,-0.0053,0.0772,-0.0687,0.9452,0.9971
Gatc,Gatc,640.0677,0.0951,0.0755,1.2592,0.208,0.8875
Gatm,Gatm,3781.8023,-0.0544,0.0577,-0.9422,0.3461,0.9253
Gatsl2,Gatsl2,1544.3793,0.1451,0.1101,1.3181,0.1875,0.874
Gatsl3,Gatsl3,168.0155,-0.1265,0.1165,-1.0857,0.2776,0.9074
Gba,Gba,2508.0373,0.0227,0.102,0.2224,0.824,0.9894
Gba2,Gba2,376.679,0.0505,0.1067,0.4729,0.6363,0.9681
Gbas,Gbas,3170.7884,0.0331,0.0752,0.4396,0.6602,0.9702
Gbe1,Gbe1,861.901,-0.1781,0.1144,-1.5566,0.1196,0.8127
Gbf1,Gbf1,5895.5971,-0.0077,0.0499,-0.1545,0.8772,0.9914
Gbgt1,Gbgt1,1.0681,0.7568,1.4798,0.5114,0.6091,
Gbp10,Gbp10,171.1339,0.1142,0.2704,0.4224,0.6728,0.971
Gbp11,Gbp11,22.7384,0.1313,0.3152,0.4164,0.6771,0.9717
Gbp2,Gbp2,149.3078,0.0264,0.1616,0.1633,0.8703,0.9906
Gbp2b,Gbp2b,93.4312,0.1175,0.2292,0.5126,0.6082,0.966
Gbp3,Gbp3,64.0725,0.0988,0.3049,0.3241,0.7459,0.9837
Gbp4,Gbp4,132.0582,-0.065,0.2461,-0.2642,0.7916,0.9865
Gbp5,Gbp5,10.5006,0.1321,0.4282,0.3085,0.7577,
Gbp6,Gbp6,70.6062,-0.0326,0.2385,-0.1369,0.8911,0.992
Gbp7,Gbp7,34.6666,0.1499,0.3384,0.443,0.6577,0.97
Gbp8,Gbp8,187.8204,-0.0465,0.2755,-0.1688,0.866,0.9906
Gbp9,Gbp9,190.9812,0.0551,0.2069,0.266,0.7902,0.9865
Gbx1,Gbx1,1.2528,-0.1394,1.3676,-0.102,0.9188,
Gbx2,Gbx2,2.9707,-0.2319,0.9185,-0.2525,0.8007,
Gc,Gc,5.0503,-0.4682,0.7281,-0.643,0.5202,
Gca,Gca,7.8121,0.5421,0.4996,1.0851,0.2779,
Gcat,Gcat,186.5385,-0.1302,0.1311,-0.9932,0.3206,0.9188
Gcc1,Gcc1,1010.5887,-0.0098,0.0678,-0.1447,0.8849,0.9916
Gcc2,Gcc2,296.8572,0.2414,0.1811,1.333,0.1825,0.8711
Gcdh,Gcdh,1055.6866,0.015,0.0931,0.1606,0.8724,0.991
Gcfc2,Gcfc2,178.9813,0.0653,0.1117,0.5842,0.5591,0.9579
Gch1,Gch1,338.2432,0.0722,0.1346,0.5364,0.5917,0.964
Gchfr,Gchfr,1114.7516,0.0704,0.1186,0.5937,0.5527,0.9571
Gck,Gck,3.2901,-0.1307,0.8062,-0.1621,0.8712,
Gckr,Gckr,0.5808,-0.2327,1.9717,-0.118,0.906,
Gclc,Gclc,1496.0084,0.1361,0.0741,1.837,0.0662,0.7609
Gclm,Gclm,585.2174,0.0775,0.121,0.6405,0.5219,0.9556
Gcn1l1,Gcn1l1,4146.4716,0.0757,0.0622,1.2174,0.2234,0.8877
Gcnt1,Gcnt1,143.9164,0.1783,0.2131,0.8364,0.4029,0.9365
Gcnt2,Gcnt2,1340.8764,0.0113,0.0759,0.1487,0.8818,0.9914
Gcnt3,Gcnt3,2.6025,0.0005,0.8526,0.0006,0.9995,
Gcnt4,Gcnt4,601.5788,0.0568,0.1033,0.5505,0.582,0.9637
Gcnt7,Gcnt7,1.8552,-0.4579,1.3662,-0.3351,0.7375,
Gcsh,Gcsh,944.4427,0.0569,0.1204,0.4731,0.6362,0.9681
Gda,Gda,58.3341,-0.3845,0.4769,-0.8063,0.4201,0.9402
Gdap1,Gdap1,0.6756,1.117,1.9296,0.5789,0.5627,
Gdap10,Gdap10,10.671,0.0544,0.455,0.1196,0.9048,
Gdap1l1,Gdap1l1,3.4542,-1.0476,0.8455,-1.239,0.2153,
Gdap2,Gdap2,949.2434,-0.0443,0.0612,-0.7238,0.4692,0.9483
Gde1,Gde1,1831.5424,-0.1196,0.062,-1.9275,0.0539,0.7358
Gdf11,Gdf11,638.4202,0.1113,0.0836,1.3307,0.1833,0.8725
Gdf15,Gdf15,367.9293,-0.3052,0.2175,-1.4034,0.1605,0.8569
Gdf5,Gdf5,48.6598,-0.7093,0.305,-2.3254,0.0201,0.6047
Gdf6,Gdf6,69.7955,-0.2001,0.2698,-0.7415,0.4584,0.9483
Gdf7,Gdf7,5.6617,0.2996,0.5931,0.5051,0.6135,
Gdf9,Gdf9,37.1492,-0.0002,0.2383,-0.001,0.9992,0.9999
Gdi1,Gdi1,3994.1924,0.0151,0.045,0.3355,0.7373,0.9815
Gdi2,Gdi2,16503.49,-0.0316,0.0476,-0.6633,0.5071,0.9528
Gdnf,Gdnf,708.0001,0.02,0.1317,0.1521,0.8791,0.9914
Gdpd1,Gdpd1,594.8339,-0.2702,0.1141,-2.3687,0.0178,0.582
Gdpd2,Gdpd2,238.5826,0.2763,0.1444,1.9131,0.0557,0.743
Gdpd3,Gdpd3,28.4469,0.2067,0.2718,0.7603,0.4471,0.9455
Gdpd4,Gdpd4,0.6602,2.8861,2.1722,1.3286,0.184,
Gdpd5,Gdpd5,364.8523,-0.2932,0.1544,-1.8988,0.0576,0.7477
Gdpgp1,Gdpgp1,121.2539,0.2574,0.1427,1.8038,0.0713,0.7617
Gem,Gem,1091.5473,0.1119,0.0904,1.2373,0.216,0.8877
Gemin2,Gemin2,406.6156,0.0111,0.1055,0.1049,0.9164,0.995
Gemin4,Gemin4,1026.9121,-0.014,0.0705,-0.1987,0.8425,0.9906
Gemin5,Gemin5,1752.4822,0.0451,0.0604,0.7463,0.4555,0.9483
Gemin6,Gemin6,412.3527,-0.0647,0.1029,-0.6286,0.5296,0.9568
Gemin7,Gemin7,868.8413,-0.0859,0.0747,-1.1495,0.2503,0.8923
Gemin8,Gemin8,272.7717,0.211,0.1376,1.5336,0.1251,0.815
Gen1,Gen1,279.6074,-0.0489,0.174,-0.2811,0.7787,0.985
Get4,Get4,1895.1358,-0.0246,0.0728,-0.3381,0.7353,0.9807
Gfap,Gfap,7.7896,-0.6772,0.539,-1.2564,0.209,
Gfer,Gfer,576.1154,0.0583,0.0835,0.698,0.4852,0.9515
Gfi1,Gfi1,2.3899,-1.5217,1.2412,-1.226,0.2202,
Gfm1,Gfm1,2110.4392,-0.0287,0.0915,-0.3135,0.7539,0.9849
Gfm2,Gfm2,1173.8125,-0.0717,0.0613,-1.1699,0.242,0.8923
Gfod1,Gfod1,1286.1975,-0.0905,0.0718,-1.2604,0.2075,0.8874
Gfod2,Gfod2,310.008,-0.0669,0.1122,-0.5967,0.5507,0.9571
Gfpt1,Gfpt1,3074.728,0.0542,0.0889,0.6097,0.5421,0.9571
Gfpt2,Gfpt2,49.4658,-0.3193,0.2343,-1.3628,0.1729,0.8614
Gfra1,Gfra1,2566.0759,-0.1659,0.0892,-1.8604,0.0628,0.7549
Gfra2,Gfra2,1610.9499,0.2086,0.1148,1.8178,0.0691,0.7617
Gfra4,Gfra4,392.6316,-0.0509,0.1297,-0.3924,0.6948,0.9731
Gga1,Gga1,2782.9844,-0.0151,0.0506,-0.2992,0.7648,0.985
Gga2,Gga2,3513.7561,-0.1625,0.0726,-2.2391,0.0252,0.6337
Gga3,Gga3,965.0546,0.0234,0.0569,0.4111,0.681,0.9717
Ggact,Ggact,219.2638,-0.022,0.1324,-0.1666,0.8677,0.9906
Ggct,Ggct,181.3817,0.2698,0.1257,2.1458,0.0319,0.6558
Ggcx,Ggcx,1986.1903,-0.0054,0.0755,-0.0709,0.9435,0.9971
Ggh,Ggh,1423.3273,0.062,0.0539,1.1506,0.2499,0.8923
Ggn,Ggn,51.7858,0.0046,0.2278,0.0204,0.9837,0.9991
Ggnbp1,Ggnbp1,25.5032,0.0908,0.2912,0.3119,0.7551,0.9849
Ggnbp2,Ggnbp2,2207.7588,0.1182,0.0969,1.2202,0.2224,0.8877
Ggnbp2os,Ggnbp2os,31.1465,0.4773,0.4457,1.071,0.2842,0.9074
Ggps1,Ggps1,920.1005,0.1093,0.0992,1.1024,0.2703,0.9027
Ggt1,Ggt1,1.1599,-0.6735,1.4781,-0.4557,0.6486,
Ggt5,Ggt5,19.3252,0.271,0.3762,0.7204,0.4713,
Ggt7,Ggt7,277.3485,0.0662,0.105,0.6301,0.5287,0.9568
Ggta1,Ggta1,1908.887,0.1022,0.0846,1.2075,0.2272,0.8906
Ghdc,Ghdc,475.5304,0.0242,0.0879,0.275,0.7833,0.985
Ghitm,Ghitm,9424.0379,-0.017,0.0656,-0.2591,0.7955,0.9871
Ghr,Ghr,3398.4093,0.0292,0.1789,0.1634,0.8702,0.9906
Ghrl,Ghrl,9.7962,0.0794,0.5191,0.153,0.8784,
Gid4,Gid4,1512.9844,0.0404,0.0612,0.6595,0.5096,0.9528
Gid8,Gid8,3017.8172,-0.003,0.0685,-0.0445,0.9645,0.9974
Gigyf1,Gigyf1,840.3291,0.0944,0.0954,0.9893,0.3225,0.9197
Gigyf2,Gigyf2,2689.6346,0.1115,0.0844,1.3213,0.1864,0.874
Gimap8,Gimap8,1.7464,-0.5976,1.2603,-0.4742,0.6354,
Gimap9,Gimap9,7.3101,0.4746,0.53,0.8954,0.3706,
Gin1,Gin1,192.2945,-0.1197,0.147,-0.8144,0.4154,0.94
Ginm1,Ginm1,1816.7625,0.1226,0.0799,1.5355,0.1247,0.815
Gins1,Gins1,184.541,-0.2712,0.1299,-2.087,0.0369,0.6867
Gins2,Gins2,383.9794,-0.1992,0.186,-1.0711,0.2841,0.9074
Gins3,Gins3,726.0513,-0.0561,0.0913,-0.6143,0.539,0.9571
Gins4,Gins4,918.0554,-0.1565,0.0861,-1.8165,0.0693,0.7617
Gipc1,Gipc1,3994.838,-0.0761,0.0516,-1.4746,0.1403,0.8367
Gipc2,Gipc2,4.9064,-0.3846,1.1581,-0.3321,0.7398,
Gipc3,Gipc3,9.0392,0.4152,0.4736,0.8765,0.3807,
Gipr,Gipr,16.693,-0.1775,0.5798,-0.3061,0.7595,
Git1,Git1,2811.6212,-0.0406,0.0471,-0.8627,0.3883,0.933
Git2,Git2,1841.6161,-0.0879,0.0497,-1.7699,0.0768,0.7682
Gja1,Gja1,5774.4358,0.0218,0.052,0.4196,0.6748,0.9711
Gja3,Gja3,15.9003,0.0071,0.4665,0.0151,0.9879,
Gja4,Gja4,7.1472,-0.2055,0.5578,-0.3684,0.7126,
Gja5,Gja5,692.8476,-0.5066,0.3835,-1.3209,0.1865,0.874
Gja6,Gja6,2.9066,-0.021,0.8527,-0.0246,0.9804,
Gja8,Gja8,0.8542,0.2949,1.895,0.1556,0.8763,
Gjb2,Gjb2,19.4201,-0.6619,0.5675,-1.1663,0.2435,
Gjb3,Gjb3,509.859,-0.2294,0.254,-0.9034,0.3663,0.9295
Gjb4,Gjb4,296.1811,-0.1556,0.3136,-0.4964,0.6196,0.966
Gjb5,Gjb5,121.5404,-0.1531,0.2035,-0.7524,0.4518,0.946
Gjc1,Gjc1,926.6252,0.0092,0.0703,0.1305,0.8961,0.9927
Gjc2,Gjc2,11.915,0.5668,0.4789,1.1836,0.2366,
Gjd3,Gjd3,0.4816,0.0982,2.0866,0.0471,0.9625,
Gjd4,Gjd4,38.5687,-0.5706,0.2394,-2.3831,0.0172,0.582
Gk5,Gk5,85.7878,0.6518,0.179,3.6414,0.0003,0.1347
Gkap1,Gkap1,546.5256,-0.0469,0.1199,-0.3913,0.6956,0.9731
Gla,Gla,585.4755,-0.1324,0.1619,-0.8179,0.4134,0.9399
Glb1,Glb1,2364.3553,0.0856,0.0786,1.0881,0.2766,0.9074
Glb1l,Glb1l,196.2316,0.0416,0.1039,0.4002,0.689,0.9721
Glcci1,Glcci1,310.4512,0.0486,0.2039,0.2384,0.8116,0.9886
Glce,Glce,2521.7791,0.026,0.0537,0.4838,0.6285,0.9675
Gldc,Gldc,115.4769,0.0185,0.2503,0.0738,0.9411,0.9971
Gle1,Gle1,1881.8914,-0.042,0.0541,-0.7753,0.4382,0.9455
Glg1,Glg1,3696.1128,0.0372,0.0703,0.5293,0.5966,0.964
Gli1,Gli1,10.9776,0.1626,0.4119,0.3949,0.6929,
Gli2,Gli2,110.1622,-0.3387,0.1471,-2.3033,0.0213,0.6068
Gli3,Gli3,1524.5611,0.0978,0.121,0.8083,0.4189,0.94
Glipr1,Glipr1,32.4117,0.0331,0.284,0.1166,0.9072,0.9939
Glipr2,Glipr2,4612.9671,-0.091,0.0637,-1.4279,0.1533,0.8501
Glis1,Glis1,10.0336,0.1728,0.4647,0.3718,0.71,
Glis2,Glis2,2175.4215,-0.0648,0.1065,-0.6083,0.543,0.9571
Glis3,Glis3,526.6076,0.0614,0.1509,0.407,0.684,0.9717
Glmn,Glmn,244.3976,0.241,0.1211,1.9891,0.0467,0.7227
Glmp,Glmp,4191.5507,-0.1127,0.1098,-1.0262,0.3048,0.9164
Glo1,Glo1,6387.7815,0.0058,0.0857,0.0676,0.9461,0.9971
Glod4,Glod4,3101.3657,-0.0414,0.0779,-0.5321,0.5947,0.964
Glod5,Glod5,0.4831,0.2636,2.062,0.1278,0.8983,
Glp1r,Glp1r,1.633,0.1437,1.1935,0.1204,0.9042,
Glra4,Glra4,1.1522,0.5191,1.3786,0.3766,0.7065,
Glrb,Glrb,780.2428,0.0905,0.1281,0.7066,0.4798,0.9502
Glrp1,Glrp1,7.9045,-0.3632,0.5804,-0.6257,0.5315,
Glrx,Glrx,2718.7175,0.2744,0.1636,1.6774,0.0935,0.7872
Glrx2,Glrx2,727.7461,0.0618,0.1152,0.5363,0.5917,0.964
Glrx3,Glrx3,121.5831,0.1497,0.294,0.5091,0.6107,0.966
Glrx5,Glrx5,1201.0766,-0.0169,0.1118,-0.1509,0.8801,0.9914
Gls,Gls,2143.5387,0.0843,0.139,0.6069,0.5439,0.9571
Gls2,Gls2,86.9523,-0.0338,0.1877,-0.1799,0.8572,0.9906
Glt28d2,Glt28d2,263.3442,0.0591,0.1084,0.5453,0.5855,0.964
Glt8d1,Glt8d1,2022.0449,-0.0021,0.0802,-0.0264,0.979,0.9979
Glt8d2,Glt8d2,271.5626,-0.2504,0.1249,-2.0051,0.0449,0.7227
Gltp,Gltp,1673.0474,-0.1041,0.0742,-1.4027,0.1607,0.8572
Gltpd2,Gltpd2,0.8789,0.4032,1.5763,0.2558,0.7981,
Gltscr1,Gltscr1,513.0326,0.0254,0.0799,0.3175,0.7509,0.9843
Gltscr1l,Gltscr1l,962.2414,0.1449,0.0793,1.8275,0.0676,0.7617
Gltscr2,Gltscr2,3223.8418,-0.1076,0.0642,-1.6753,0.0939,0.7872
Glud1,Glud1,9475.9589,0.0498,0.0826,0.6023,0.5469,0.9571
Glul,Glul,6958.9594,0.0746,0.0984,0.7583,0.4483,0.9455
Glyctk,Glyctk,48.8857,0.0193,0.2271,0.085,0.9323,0.9957
Glyr1,Glyr1,3842.4602,0.0247,0.0601,0.4105,0.6815,0.9717
Gm10012,Gm10012,11.8857,-0.1798,0.466,-0.3858,0.6997,
Gm10033,Gm10033,30.5254,0.0121,0.274,0.0441,0.9648,0.9974
Gm10046,Gm10046,4.9895,0.8893,0.6586,1.3502,0.1769,
Gm10069,Gm10069,72.3799,0.0659,0.264,0.2498,0.8028,0.9871
Gm10125,Gm10125,9.4591,0.4975,0.4546,1.0945,0.2737,
Gm10220,Gm10220,0.6851,0.4625,1.8198,0.2542,0.7994,
Gm10248,Gm10248,0.9566,-0.119,1.5162,-0.0785,0.9374,
Gm10336,Gm10336,606.4626,0.0732,0.099,0.7396,0.4595,0.9483
Gm10354,Gm10354,0.3838,-0.4559,2.4613,-0.1852,0.8531,
Gm10364,Gm10364,1.4432,0.6459,1.1848,0.5452,0.5856,
Gm10371,Gm10371,0.6701,1.0027,2.2715,0.4414,0.6589,
Gm10373,Gm10373,0.6799,0.2648,1.9474,0.136,0.8918,
Gm10389,Gm10389,2.005,1.0373,1.1069,0.9371,0.3487,
Gm10390,Gm10390,1.142,1.27,1.5762,0.8057,0.4204,
Gm10416,Gm10416,4.6071,0.23,0.6901,0.3332,0.739,
Gm10421,Gm10421,18.717,-0.221,0.352,-0.6278,0.5301,
Gm10433,Gm10433,0.7672,2.2337,1.6502,1.3536,0.1759,
Gm10436,Gm10436,4.3704,0.0898,0.9726,0.0923,0.9264,
Gm1045,Gm1045,7.1937,0.1715,0.5474,0.3134,0.754,
Gm10451,Gm10451,6.1998,-0.3239,0.6106,-0.5305,0.5958,
Gm10471,Gm10471,0.5734,1.6909,2.3055,0.7334,0.4633,
Gm10494,Gm10494,38.5875,-0.2945,0.2505,-1.1754,0.2398,0.8923
Gm10509,Gm10509,75.0822,0.0413,0.2336,0.1766,0.8598,0.9906
Gm10510,Gm10510,0.962,-1.3233,1.4891,-0.8887,0.3742,
Gm10516,Gm10516,52.2567,0.0884,0.2142,0.4127,0.6798,0.9717
Gm10532,Gm10532,0.4833,1.4609,2.3428,0.6236,0.5329,
Gm10548,Gm10548,3.1796,0.5521,0.7726,0.7146,0.4749,
Gm10549,Gm10549,0.4882,-0.3283,2.0292,-0.1618,0.8715,
Gm10560,Gm10560,38.0907,0.1818,0.3811,0.477,0.6334,0.9681
Gm10584,Gm10584,17.6924,0.4839,0.4013,1.2059,0.2279,
Gm10635,Gm10635,2.6126,0.3145,0.9423,0.3338,0.7386,
Gm10636,Gm10636,0.4839,0.2714,2.3914,0.1135,0.9096,
Gm10638,Gm10638,17.2357,0.5175,0.3742,1.383,0.1667,
Gm10639,Gm10639,1.6544,-3.2703,1.5552,-2.1029,0.0355,
Gm10640,Gm10640,0.8595,-0.9232,1.7006,-0.5429,0.5872,
Gm10653,Gm10653,3.4046,0.1545,0.9841,0.157,0.8752,
Gm10658,Gm10658,12.7476,-0.4736,0.3991,-1.1866,0.2354,
Gm10677,Gm10677,0.855,2.3498,1.6543,1.4204,0.1555,
Gm10714,Gm10714,0.4821,1.4601,2.0214,0.7223,0.4701,
Gm10767,Gm10767,15.8191,-0.2822,0.357,-0.7906,0.4292,
Gm10778,Gm10778,8.9594,0.2298,0.477,0.4818,0.6299,
Gm10782,Gm10782,1.2403,-1.521,1.5248,-0.9975,0.3185,
Gm10785,Gm10785,19.6782,0.0854,0.355,0.2404,0.81,
Gm10789,Gm10789,1.7209,0.9415,1.0849,0.8678,0.3855,
Gm10790,Gm10790,3.0939,-0.7759,0.8055,-0.9632,0.3355,
Gm10791,Gm10791,8.3593,0.7148,0.5395,1.3248,0.1852,
Gm10804,Gm10804,1.5526,-1.6354,1.204,-1.3583,0.1744,
Gm10814,Gm10814,15.2131,0.6249,0.4699,1.3301,0.1835,
Gm10865,Gm10865,2.9942,3.0852,1.1185,2.7583,0.0058,
Gm10941,Gm10941,16.1544,-0.5913,0.3738,-1.582,0.1137,
Gm11110,Gm11110,78.6202,0.0295,0.2355,0.1251,0.9005,0.9931
Gm11127,Gm11127,8.5831,1.0897,0.608,1.7924,0.0731,
Gm11149,Gm11149,6.7322,0.3197,0.6029,0.5303,0.5959,
Gm11201,Gm11201,4.6124,1.2715,0.6728,1.8899,0.0588,
Gm1123,Gm1123,0.8573,1.4369,1.8818,0.7636,0.4451,
Gm1141,Gm1141,5.9714,0.2622,0.6554,0.4001,0.6891,
Gm11413,Gm11413,0.7767,0.6216,1.6285,0.3817,0.7027,
Gm11423,Gm11423,28.3813,0.0283,0.3097,0.0915,0.9271,0.9957
Gm11517,Gm11517,8.8651,0.5332,0.4681,1.139,0.2547,
Gm11549,Gm11549,1.8127,-0.077,1.0988,-0.07,0.9442,
Gm11627,Gm11627,8.8085,-0.2656,0.4857,-0.5468,0.5845,
Gm11665,Gm11665,20.211,-0.207,0.3361,-0.6159,0.538,
Gm11696,Gm11696,6.8168,0.5083,0.5679,0.8951,0.3708,
Gm11715,Gm11715,2.5723,0.1665,0.9815,0.1696,0.8653,
Gm11744,Gm11744,16.0553,0.137,0.3759,0.3645,0.7155,
Gm11747,Gm11747,0.9565,1.4927,1.5183,0.9831,0.3255,
Gm11762,Gm11762,3.0753,-0.9135,0.8374,-1.0909,0.2753,
Gm11837,Gm11837,2.0197,0.174,1.0425,0.167,0.8674,
Gm11944,Gm11944,21.4984,0.2043,0.3155,0.6475,0.5173,0.9548
Gm11974,Gm11974,298.2698,-0.0318,0.1259,-0.2523,0.8008,0.9871
Gm11992,Gm11992,1.6466,-2.3878,1.2935,-1.8459,0.0649,
Gm12070,Gm12070,254.5057,0.1786,0.4782,0.3735,0.7087,0.9746
Gm12185,Gm12185,20.2468,-0.2842,0.4314,-0.6588,0.51,
Gm12216,Gm12216,29.0145,0.3105,0.2849,1.0899,0.2758,0.9068
Gm12238,Gm12238,1.9184,-0.3452,1.0988,-0.3141,0.7534,
Gm12250,Gm12250,5.2075,-0.204,0.627,-0.3254,0.7449,
Gm12338,Gm12338,107.2964,0.2568,0.2725,0.9424,0.346,0.9253
Gm12359,Gm12359,19.3964,0.7838,0.4783,1.6387,0.1013,
Gm12504,Gm12504,1.8402,0.0728,1.0731,0.0679,0.9459,
Gm12522,Gm12522,6.0737,0.9864,0.6436,1.5325,0.1254,
Gm12596,Gm12596,4.7262,0.8016,0.7127,1.1249,0.2606,
Gm12603,Gm12603,17.4027,0.4054,0.4575,0.8862,0.3755,
Gm12657,Gm12657,18.5092,-0.0953,0.3164,-0.3011,0.7634,
Gm12695,Gm12695,0.7764,0.6242,1.6286,0.3833,0.7015,
Gm128,Gm128,0.5777,-0.2504,1.7789,-0.1408,0.888,
Gm12942,Gm12942,7.2036,-0.3767,0.5874,-0.6412,0.5214,
Gm12992,Gm12992,14.505,0.2258,0.4419,0.5109,0.6094,
Gm13031,Gm13031,1.5133,1.889,2.1163,0.8926,0.3721,
Gm13034,Gm13034,1.5595,-0.0075,1.1885,-0.0063,0.995,
Gm13139,Gm13139,1.0416,-2.2691,2.183,-1.0394,0.2986,
Gm13152,Gm13152,1.4422,0.1979,1.1882,0.1666,0.8677,
Gm13154,Gm13154,6.1564,0.6941,0.5556,1.2494,0.2115,
Gm13157,Gm13157,1.2488,-1.6137,1.487,-1.0852,0.2778,
Gm13212,Gm13212,0.9649,1.7621,1.5899,1.1084,0.2677,
Gm13247,Gm13247,2.8831,0.5063,0.8426,0.6008,0.548,
Gm13251,Gm13251,1.0606,0.0331,1.3787,0.024,0.9808,
Gm13271,Gm13271,0.871,0.2319,1.4422,0.1608,0.8722,
Gm13272,Gm13272,0.2933,0.8438,2.6273,0.3212,0.7481,
Gm13275,Gm13275,1.2585,-0.1193,1.1913,-0.1001,0.9203,
Gm13276,Gm13276,2.3362,-0.2117,1.0238,-0.2068,0.8362,
Gm13283,Gm13283,1.4268,0.9092,1.2343,0.7366,0.4614,
Gm13286,Gm13286,0.7687,-1.9387,1.854,-1.0456,0.2957,
Gm13288,Gm13288,0.5735,0.2005,2.0296,0.0988,0.9213,
Gm13293,Gm13293,2.9007,-0.9749,0.8747,-1.1146,0.265,
Gm13375,Gm13375,99.6586,-0.1066,0.1595,-0.6683,0.5039,0.9515
Gm13446,Gm13446,1.2484,0.2135,1.2723,0.1678,0.8667,
Gm13483,Gm13483,10.6646,0.5487,0.4391,1.2497,0.2114,
Gm13544,Gm13544,22.3456,0.0436,0.307,0.142,0.8871,0.9917
Gm13547,Gm13547,1.9362,0.7734,1.0861,0.7121,0.4764,
Gm13582,Gm13582,0.7765,2.3425,1.7596,1.3313,0.1831,
Gm13710,Gm13710,4.6131,-0.7574,1.0745,-0.7049,0.4809,
Gm13749,Gm13749,0.9636,1.6167,1.5809,1.0227,0.3065,
Gm13807,Gm13807,106.2699,0.1859,0.1557,1.1937,0.2326,0.8923
Gm13830,Gm13830,2.3187,1.3578,0.9394,1.4453,0.1484,
Gm13889,Gm13889,87.8762,-0.0265,0.2148,-0.1234,0.9018,0.9936
Gm13985,Gm13985,7.9133,-0.248,0.4865,-0.5099,0.6102,
Gm13986,Gm13986,28.1211,0.0735,0.3274,0.2245,0.8224,0.9893
Gm14005,Gm14005,717.0892,-0.2647,0.1065,-2.4856,0.0129,0.54
Gm14023,Gm14023,8.1614,0.9738,0.5743,1.6957,0.0899,
Gm14057,Gm14057,23.0987,0.0448,0.3057,0.1465,0.8835,0.9914
Gm14124,Gm14124,2.7963,0.3127,0.8412,0.3717,0.7101,
Gm14137,Gm14137,449.9793,-0.0306,0.0898,-0.3408,0.7332,0.9802
Gm14139,Gm14139,38.9532,0.3046,0.2385,1.2775,0.2014,0.8828
Gm14295,Gm14295,120.3615,0.1725,0.1532,1.1261,0.2601,0.8968
Gm14305,Gm14305,116.3382,0.0913,0.2061,0.4431,0.6577,0.97
Gm14322,Gm14322,26.1877,0.0446,0.3076,0.1449,0.8848,0.9915
Gm14325,Gm14325,236.3368,0.2161,0.1434,1.5071,0.1318,0.826
Gm14326,Gm14326,125.3073,0.0009,0.1565,0.0061,0.9952,0.9993
Gm14327,Gm14327,25.5829,-0.3861,0.2926,-1.3197,0.1869,0.874
Gm14379,Gm14379,8.9667,0.2508,0.4599,0.5453,0.5855,
Gm14391,Gm14391,1.3197,2.0335,1.6709,1.217,0.2236,
Gm14393,Gm14393,6.1373,0.7097,0.7897,0.8987,0.3688,
Gm14403,Gm14403,74.4038,0.1084,0.2022,0.5363,0.5917,0.964
Gm14405,Gm14405,0.3849,0.9682,2.4701,0.392,0.6951,
Gm14420,Gm14420,167.9427,0.2701,0.1667,1.6205,0.1051,0.8
Gm14436,Gm14436,1.6251,-1.0693,1.36,-0.7862,0.4317,
Gm14440,Gm14440,6.9297,0.9151,0.9144,1.0007,0.317,
Gm14634,Gm14634,8.8482,0.6439,0.5417,1.1888,0.2345,
Gm14635,Gm14635,380.2168,0.0199,0.1604,0.1243,0.9011,0.9934
Gm14827,Gm14827,1.0701,-2.5821,1.5216,-1.697,0.0897,
Gm15008,Gm15008,0.3829,-0.4613,2.4628,-0.1873,0.8514,
Gm15097,Gm15097,5.7752,-0.2068,0.664,-0.3114,0.7555,
Gm15127,Gm15127,0.2937,-0.4582,2.6288,-0.1743,0.8616,
Gm15217,Gm15217,11.8067,-0.3995,0.4896,-0.8159,0.4145,
Gm15328,Gm15328,1.6429,-1.0364,1.1385,-0.9103,0.3626,
Gm15401,Gm15401,6.253,0.2461,0.5842,0.4212,0.6736,
Gm15408,Gm15408,8.1211,0.1669,0.5594,0.2983,0.7654,
Gm15413,Gm15413,4.3346,0.0298,0.7563,0.0394,0.9686,
Gm15417,Gm15417,100.0706,-0.0031,0.2238,-0.0139,0.9889,0.9993
Gm15421,Gm15421,31.3953,-0.012,0.2664,-0.0449,0.9642,0.9974
Gm15441,Gm15441,3.0015,0.0825,0.8649,0.0953,0.9241,
Gm15446,Gm15446,19.1366,0.2055,0.3459,0.5942,0.5524,
Gm15455,Gm15455,6.5705,0.1323,0.6207,0.2132,0.8312,
Gm15471,Gm15471,1.1566,-0.4284,1.3532,-0.3166,0.7516,
Gm15545,Gm15545,36.3796,0.2241,0.31,0.7231,0.4696,0.9483
Gm15612,Gm15612,12.8173,0.7583,0.4633,1.6366,0.1017,
Gm1564,Gm1564,4.5036,0.4508,0.6829,0.6602,0.5091,
Gm15663,Gm15663,4.7148,0.6452,0.6769,0.9531,0.3405,
Gm15694,Gm15694,17.0944,0.3293,0.3808,0.8647,0.3872,
Gm15698,Gm15698,5.3002,0.8004,0.6203,1.2903,0.197,
Gm15706,Gm15706,16.6325,-0.1906,0.3701,-0.515,0.6065,
Gm15708,Gm15708,14.5374,-0.6547,0.415,-1.5776,0.1147,
Gm15760,Gm15760,70.1573,-0.0644,0.1798,-0.3584,0.7201,0.9784
Gm15787,Gm15787,16.7762,0.3049,0.4178,0.7298,0.4655,
Gm15800,Gm15800,1449.7327,0.0139,0.0748,0.1865,0.852,0.9906
Gm15816,Gm15816,868.2779,0.0035,0.1185,0.0294,0.9766,0.9975
Gm15867,Gm15867,673.47,0.0101,0.12,0.0842,0.9329,0.9961
Gm15908,Gm15908,11.477,-0.4293,0.4768,-0.9003,0.368,
Gm15910,Gm15910,1.9383,0.2233,1.0107,0.2209,0.8251,
Gm15915,Gm15915,4.8192,-0.2716,0.7058,-0.3848,0.7004,
Gm15972,Gm15972,0.9769,-1.6843,1.6479,-1.0221,0.3067,
Gm15987,Gm15987,3.2826,0.2479,0.7528,0.3293,0.742,
Gm1600,Gm1600,6.2572,0.0345,0.6408,0.0538,0.9571,
Gm16023,Gm16023,15.4599,0.0674,0.3773,0.1786,0.8582,
Gm16062,Gm16062,11.3861,0.0974,0.53,0.1838,0.8542,
Gm16159,Gm16159,4.2184,1.4715,0.715,2.0579,0.0396,
Gm16287,Gm16287,0.4794,1.4563,2.0227,0.72,0.4715,
Gm16325,Gm16325,0.9553,-0.1165,1.5161,-0.0769,0.9387,
Gm16386,Gm16386,15.8847,-0.6794,0.361,-1.8819,0.0598,
Gm16432,Gm16432,7.3064,1.0809,0.535,2.0203,0.0433,
Gm16532,Gm16532,0.7738,0.6209,1.6288,0.3812,0.7031,
Gm16576,Gm16576,71.3812,0.2952,0.2001,1.4753,0.1401,0.8365
Gm16596,Gm16596,28.1108,0.5308,0.2747,1.9327,0.0533,0.7335
Gm166,Gm166,67.9148,-0.2656,0.1818,-1.4611,0.144,0.8413
Gm1661,Gm1661,9.2635,-0.3593,0.4824,-0.745,0.4563,
Gm16617,Gm16617,12.8582,0.645,0.4844,1.3314,0.1831,
Gm16675,Gm16675,16.7421,0.106,0.3822,0.2773,0.7815,
Gm16701,Gm16701,0.3851,-1.884,2.4396,-0.7723,0.4399,
Gm16712,Gm16712,0.7746,-0.1268,1.6368,-0.0775,0.9382,
Gm1673,Gm1673,17.043,-0.0846,0.3504,-0.2414,0.8092,
Gm16740,Gm16740,7.1134,1.0615,0.6556,1.6191,0.1054,
Gm16793,Gm16793,4.4495,-0.5969,0.855,-0.6981,0.4851,
Gm16796,Gm16796,2.1204,0.1204,0.9532,0.1263,0.8995,
Gm16845,Gm16845,30.727,0.0519,0.27,0.1924,0.8474,0.9906
Gm16853,Gm16853,0.9618,-0.5545,1.3838,-0.4007,0.6887,
Gm16861,Gm16861,23.9223,0.3345,0.3849,0.8688,0.3849,0.9315
Gm16863,Gm16863,0.3836,-0.5409,2.5059,-0.2158,0.8291,
Gm16894,Gm16894,2.6889,-1.1263,0.9251,-1.2174,0.2234,
Gm16897,Gm16897,15.2143,0.245,0.4224,0.5801,0.5619,
Gm16907,Gm16907,110.5616,0.1958,0.1527,1.2824,0.1997,0.8828
Gm16938,Gm16938,11.3459,0.3357,0.4287,0.783,0.4336,
Gm16973,Gm16973,57.1541,0.0759,0.2065,0.3677,0.7131,0.9766
Gm16982,Gm16982,10.6014,-0.0754,0.4463,-0.1688,0.8659,
Gm16998,Gm16998,0.2927,0.8437,2.6285,0.321,0.7482,
Gm17019,Gm17019,0.48,1.4563,2.0223,0.7201,0.4714,
Gm17066,Gm17066,287.2336,0.2627,0.1725,1.5233,0.1277,0.8208
Gm1720,Gm1720,2.1979,0.0818,1.094,0.0747,0.9404,
Gm17252,Gm17252,1.8416,-0.8699,1.1279,-0.7713,0.4405,
Gm17296,Gm17296,293.1673,-0.0435,0.1131,-0.3845,0.7006,0.9737
Gm17455,Gm17455,86.5404,-0.3718,0.1808,-2.0568,0.0397,0.7066
Gm17746,Gm17746,1.7268,1.0317,1.109,0.9303,0.3522,
Gm17762,Gm17762,6.455,0.1807,0.6238,0.2896,0.7721,
Gm17769,Gm17769,10.8225,-0.0705,0.4264,-0.1654,0.8687,
Gm1821,Gm1821,403.2103,0.2609,0.4504,0.5793,0.5624,0.9582
Gm18409,Gm18409,0.4749,-0.5367,2.3829,-0.2252,0.8218,
Gm19276,Gm19276,2.3056,-1.4909,1.3017,-1.1453,0.2521,
Gm19277,Gm19277,0.3916,1.2541,2.4276,0.5166,0.6055,
Gm19299,Gm19299,18.0051,0.3212,0.333,0.9644,0.3348,
Gm19395,Gm19395,1.3391,-0.4051,1.265,-0.3202,0.7488,
Gm1943,Gm1943,796.8416,0.0814,0.1418,0.5743,0.5658,0.9591
Gm19434,Gm19434,2.4072,0.6355,0.9802,0.6483,0.5168,
Gm19510,Gm19510,8.582,-0.0463,0.5075,-0.0912,0.9274,
Gm19522,Gm19522,4.3256,-0.4127,0.6707,-0.6153,0.5383,
Gm19557,Gm19557,14.03,0.6937,0.4229,1.6402,0.101,
Gm19589,Gm19589,31.9877,-0.8335,0.3555,-2.3444,0.0191,0.5897
Gm19705,Gm19705,8.7051,-0.1103,0.5078,-0.2172,0.828,
Gm19710,Gm19710,17.0884,0.6232,0.4369,1.4263,0.1538,
Gm1976,Gm1976,160.5361,0.1131,0.129,0.8763,0.3808,0.9303
Gm19897,Gm19897,2.3126,-0.3249,0.9706,-0.3348,0.7378,
Gm1995,Gm1995,5.0928,-0.5612,0.6389,-0.8783,0.3798,
Gm2011,Gm2011,7.5446,0.2552,0.5167,0.494,0.6213,
Gm20125,Gm20125,2.3952,0.9779,1.0179,0.9607,0.3367,
Gm20139,Gm20139,21.6264,-0.2064,0.3759,-0.5491,0.5829,0.964
Gm2016,Gm2016,55.4053,0.4214,0.2973,1.4173,0.1564,0.8517
Gm20219,Gm20219,4.2843,-0.6271,0.8388,-0.7476,0.4547,
Gm2022,Gm2022,42.3539,0.2719,0.229,1.1875,0.235,0.8923
Gm20257,Gm20257,24.7713,0.3993,0.3922,1.018,0.3087,0.9169
Gm20300,Gm20300,383.5759,-0.0249,0.1844,-0.1349,0.8927,0.992
Gm20324,Gm20324,5.287,0.061,0.6298,0.0969,0.9228,
Gm20337,Gm20337,17.2986,0.1351,0.3509,0.3851,0.7002,
Gm2042,Gm2042,0.8571,-1.9338,1.8173,-1.0641,0.2873,
Gm20554,Gm20554,48.2466,0.441,0.291,1.5152,0.1297,0.8232
Gm20604,Gm20604,4.3311,0.3807,3.2655,0.1166,0.9072,
Gm20605,Gm20605,25.0875,0.3033,0.2919,1.0392,0.2987,0.9139
Gm20743,Gm20743,6.1802,-0.2475,0.5653,-0.4378,0.6615,
Gm20744,Gm20744,0.3824,-0.4591,2.463,-0.1864,0.8521,
Gm20753,Gm20753,1.9265,0.4582,1.0051,0.4558,0.6485,
Gm20755,Gm20755,0.8566,-1.9328,1.8172,-1.0636,0.2875,
Gm20756,Gm20756,5.8708,-0.2279,0.6415,-0.3552,0.7224,
Gm20758,Gm20758,2.8847,0.2801,0.8175,0.3426,0.7319,
Gm20939,Gm20939,2.1218,-0.4833,1.002,-0.4824,0.6295,
Gm2115,Gm2115,1585.5763,0.3007,0.1318,2.2811,0.0225,0.6144
Gm21188,Gm21188,1.8449,0.7133,1.1353,0.6283,0.5298,
Gm21284,Gm21284,3.7661,0.1458,0.7339,0.1987,0.8425,
Gm21319,Gm21319,1.0336,3.5427,2.052,1.7265,0.0843,
Gm2176,Gm2176,0.4792,0.2667,2.0644,0.1292,0.8972,
Gm21859,Gm21859,0.391,0.1552,2.5008,0.0621,0.9505,
Gm2381,Gm2381,2.0139,-0.1555,1.0313,-0.1508,0.8801,
Gm24148,Gm24148,1.9292,1.6985,1.1768,1.4433,0.1489,
Gm2518,Gm2518,3.1638,0.8024,0.7804,1.0282,0.3039,
Gm25500,Gm25500,5.1013,0.6141,0.6032,1.0181,0.3086,
Gm2560,Gm2560,32.5851,0.1869,0.25,0.7474,0.4548,0.9479
Gm266,Gm266,9.9684,0.4279,0.4867,0.8792,0.3793,
Gm26688,Gm26688,0.3844,2.1809,2.3996,0.9089,0.3634,
Gm26705,Gm26705,22.9788,0.6613,0.3927,1.684,0.0922,0.7872
Gm2694,Gm2694,23.535,-0.1813,0.3491,-0.5193,0.6036,0.966
Gm29684,Gm29684,1.7206,0.5388,1.1308,0.4765,0.6337,
Gm29766,Gm29766,213.9477,0.0075,0.1499,0.05,0.9601,0.9974
Gm29811,Gm29811,8.2965,-0.1368,0.5182,-0.2641,0.7917,
Gm2a,Gm2a,3156.8152,0.1717,0.1465,1.1723,0.2411,0.8923
Gm30505,Gm30505,1.2712,-0.5644,1.4763,-0.3823,0.7022,
Gm3086,Gm3086,4.1767,-0.049,0.7206,-0.068,0.9458,
Gm31763,Gm31763,6.0632,0.5319,0.5756,0.9241,0.3554,
Gm3219,Gm3219,41.3252,0.4096,0.3001,1.3649,0.1723,0.8614
Gm3230,Gm3230,11.987,-0.0168,0.4041,-0.0415,0.9669,
Gm3258,Gm3258,7.975,0.2774,0.5042,0.5501,0.5822,
Gm3264,Gm3264,0.4834,0.2695,2.3914,0.1127,0.9103,
Gm3336,Gm3336,2.8104,-0.9753,0.8671,-1.1247,0.2607,
Gm3363,Gm3363,2.5072,-0.1158,0.9602,-0.1206,0.904,
Gm3414,Gm3414,20.1115,0.3424,0.3139,1.0906,0.2755,
Gm3435,Gm3435,27.4854,0.0211,0.3611,0.0584,0.9534,0.9974
Gm3458,Gm3458,0.3844,2.1809,2.3996,0.9089,0.3634,
Gm35612,Gm35612,1.8378,0.638,1.0769,0.5925,0.5535,
Gm3604,Gm3604,9.6843,0.2052,0.575,0.3569,0.7212,
Gm3636,Gm3636,26.5945,-0.0489,0.3636,-0.1346,0.8929,0.9921
Gm3646,Gm3646,1.6135,0.1019,1.5452,0.066,0.9474,
Gm3704,Gm3704,9.168,0.2469,0.4585,0.5385,0.5902,
Gm3716,Gm3716,70.5889,-0.2821,0.2406,-1.1725,0.241,0.8923
Gm3776,Gm3776,1.8428,-1.4765,1.2572,-1.1744,0.2402,
Gm38397,Gm38397,0.6675,-0.3996,1.9583,-0.2041,0.8383,
Gm38403,Gm38403,338.7624,-0.0142,0.1304,-0.109,0.9132,0.9943
Gm38416,Gm38416,0.5805,1.82,1.9115,0.9521,0.341,
Gm38426,Gm38426,7.4961,-0.3725,0.5487,-0.6788,0.4972,
Gm38670,Gm38670,8.8011,0.4312,0.548,0.7869,0.4314,
Gm4013,Gm4013,4.3483,0.0517,0.6441,0.0803,0.936,
Gm41,Gm41,1.632,-0.0817,1.1008,-0.0742,0.9408,
Gm4262,Gm4262,30.1362,0.0946,0.2725,0.3472,0.7284,0.9796
Gm4285,Gm4285,21.9203,0.0197,0.3433,0.0574,0.9543,0.9974
Gm4349,Gm4349,2.7869,-0.9298,0.9326,-0.9969,0.3188,
Gm4371,Gm4371,10.648,-0.0251,0.4875,-0.0514,0.959,
Gm4432,Gm4432,1.0624,0.4086,1.4055,0.2907,0.7712,
Gm4461,Gm4461,0.6775,-0.8624,1.7237,-0.5003,0.6169,
Gm4532,Gm4532,11.5122,0.3954,0.5845,0.6765,0.4987,
Gm4566,Gm4566,0.3816,-0.4558,2.4647,-0.1849,0.8533,
Gm4737,Gm4737,1547.08,0.0648,0.3587,0.1806,0.8567,0.9906
Gm4787,Gm4787,8.3736,-0.174,0.4735,-0.3674,0.7133,
Gm4827,Gm4827,2.2944,0.0242,0.9504,0.0254,0.9797,
Gm4832,Gm4832,0.3823,2.176,2.4017,0.906,0.3649,
Gm4890,Gm4890,9.3669,-0.4173,0.4929,-0.8467,0.3972,
Gm4907,Gm4907,1.3467,-0.6998,1.2144,-0.5762,0.5645,
Gm4925,Gm4925,3.4065,0.1189,0.9161,0.1298,0.8967,
Gm4944,Gm4944,56.8427,0.4019,0.2168,1.854,0.0637,0.7562
Gm4951,Gm4951,2.1357,1.0542,1.2546,0.8403,0.4007,
Gm4952,Gm4952,0.2933,-0.4582,2.6297,-0.1742,0.8617,
Gm4961,Gm4961,1.7373,-0.3624,1.0036,-0.3611,0.718,
Gm4981,Gm4981,0.3853,0.9701,2.47,0.3928,0.6945,
Gm4984,Gm4984,1.6408,0.7123,1.1858,0.6007,0.548,
Gm5039,Gm5039,45.3713,0.297,0.2378,1.2493,0.2116,0.8875
Gm5069,Gm5069,24.0782,-0.1779,0.2937,-0.6058,0.5447,0.9571
Gm5082,Gm5082,1.2418,-0.1647,1.3157,-0.1252,0.9004,
Gm5084,Gm5084,8.6825,-0.0257,0.4794,-0.0537,0.9572,
Gm5086,Gm5086,0.577,1.8169,1.9129,0.9498,0.3422,
Gm5088,Gm5088,126.7412,0.0822,0.1414,0.5817,0.5608,0.9579
Gm5091,Gm5091,2.2178,-0.9144,1.0132,-0.9025,0.3668,
Gm5105,Gm5105,245.0327,0.0332,0.1303,0.255,0.7987,0.9871
Gm5113,Gm5113,174.5876,0.1142,0.1252,0.9126,0.3615,0.9295
Gm5122,Gm5122,0.6602,2.8861,2.1722,1.3286,0.184,
Gm5124,Gm5124,0.5703,0.2014,2.0304,0.0992,0.921,
Gm5126,Gm5126,3.0948,-0.3469,0.7672,-0.4522,0.6511,
Gm5129,Gm5129,0.3846,0.9702,2.4712,0.3926,0.6946,
Gm5141,Gm5141,18.3455,0.3524,0.348,1.0125,0.3113,
Gm5148,Gm5148,240.3663,0.4463,0.3123,1.4292,0.1529,0.8496
Gm5176,Gm5176,2.4104,0.5883,0.9652,0.6095,0.5422,
Gm527,Gm527,75.6666,0.3348,0.1775,1.8859,0.0593,0.749
Gm5431,Gm5431,1.1658,0.258,1.3258,0.1946,0.8457,
Gm5458,Gm5458,0.8663,0.0412,1.6353,0.0252,0.9799,
Gm5460,Gm5460,0.4879,1.6044,2.3039,0.6964,0.4862,
Gm5464,Gm5464,1.1601,2.9636,1.5958,1.8571,0.0633,
Gm5468,Gm5468,0.5789,-0.5057,2.0046,-0.2522,0.8008,
Gm5475,Gm5475,1.2493,0.7491,1.2724,0.5888,0.556,
Gm5512,Gm5512,4.6946,0.1612,0.6876,0.2345,0.8146,
Gm5523,Gm5523,4.5919,-0.6398,1.0208,-0.6268,0.5308,
Gm5532,Gm5532,106.0954,-0.2437,0.1843,-1.3219,0.1862,0.874
Gm5535,Gm5535,0.7815,0.0881,1.7818,0.0494,0.9606,
Gm5544,Gm5544,2.0244,0.707,0.9416,0.7508,0.4528,
Gm5547,Gm5547,1.3411,1.1142,1.7043,0.6538,0.5133,
Gm5577,Gm5577,16.6474,-0.0238,0.3797,-0.0627,0.95,
Gm5595,Gm5595,35.3796,0.1714,0.2685,0.6385,0.5232,0.9556
Gm561,Gm561,127.2979,-0.0535,0.1773,-0.3017,0.7629,0.9849
Gm5617,Gm5617,69.9754,0.2895,0.2482,1.1662,0.2435,0.8923
Gm5643,Gm5643,19.281,-0.0095,0.3252,-0.0293,0.9766,
Gm5662,Gm5662,130.1695,0.5801,0.2165,2.6795,0.0074,0.4412
Gm572,Gm572,4.4283,-0.1502,0.7417,-0.2026,0.8395,
Gm5741,Gm5741,3.5665,0.3891,0.7249,0.5368,0.5914,
Gm5779,Gm5779,15.616,0.2203,0.4111,0.5359,0.592,
Gm5800,Gm5800,0.4728,-0.5368,2.3855,-0.225,0.8219,
Gm5801,Gm5801,244.1715,0.0027,0.1824,0.0149,0.9881,0.9993
Gm5803,Gm5803,4.8829,-0.3077,0.9848,-0.3125,0.7547,
Gm5820,Gm5820,1.4384,0.0499,1.2029,0.0414,0.9669,
Gm6034,Gm6034,1.2379,1.4109,1.3571,1.0396,0.2985,
Gm608,Gm608,891.2926,-0.0319,0.1832,-0.174,0.8619,0.9906
Gm6093,Gm6093,151.1345,-0.0226,0.2072,-0.109,0.9132,0.9943
Gm614,Gm614,1.3485,-2.0715,1.3837,-1.4971,0.1344,
Gm6194,Gm6194,0.6845,0.4227,2.2333,0.1893,0.8499,
Gm6225,Gm6225,3.8458,0.0592,0.7652,0.0774,0.9383,
Gm6251,Gm6251,6.8523,-0.2951,0.5514,-0.5352,0.5925,
Gm6277,Gm6277,3.269,-0.3426,0.7832,-0.4375,0.6618,
Gm6297,Gm6297,11.4832,0.2732,0.4662,0.5859,0.558,
Gm6307,Gm6307,5.2094,-0.6229,0.5998,-1.0385,0.299,
Gm6377,Gm6377,1.0527,0.5124,1.5681,0.3268,0.7439,
Gm6402,Gm6402,3.2092,-0.6906,1.0607,-0.6511,0.515,
Gm6416,Gm6416,0.5808,-2.5192,1.853,-1.3595,0.174,
Gm648,Gm648,0.4803,1.4535,2.3445,0.62,0.5353,
Gm6484,Gm6484,1.354,0.2892,1.3755,0.2102,0.8335,
Gm6498,Gm6498,2.5983,-0.1725,0.8933,-0.1931,0.8469,
Gm6524,Gm6524,1.6436,1.5617,1.231,1.2686,0.2046,
Gm6525,Gm6525,1.1568,-0.1851,1.5186,-0.1219,0.903,
Gm6548,Gm6548,324.5436,0.2934,0.1709,1.7171,0.086,0.7807
Gm6559,Gm6559,1.0623,-1.5306,1.476,-1.037,0.2997,
Gm6567,Gm6567,1.0787,-1.256,1.8079,-0.6947,0.4872,
Gm6568,Gm6568,0.7679,-1.9372,1.854,-1.0449,0.2961,
Gm6578,Gm6578,0.6776,-1.7908,1.6826,-1.0643,0.2872,
Gm6583,Gm6583,2.0163,1.4474,1.0263,1.4102,0.1585,
Gm6623,Gm6623,2.0385,-2.1473,1.1958,-1.7957,0.0725,
Gm6634,Gm6634,257.7634,-0.1198,0.1547,-0.7745,0.4386,0.9455
Gm6654,Gm6654,11.9192,0.6947,0.5461,1.2721,0.2033,
Gm6682,Gm6682,220.8302,-0.1985,0.1831,-1.0844,0.2782,0.9074
Gm6710,Gm6710,1.4396,1.2138,1.3359,0.9087,0.3635,
Gm6787,Gm6787,8.3788,-0.1971,0.543,-0.3629,0.7167,
Gm6815,Gm6815,0.6705,0.7158,1.7759,0.403,0.6869,
Gm684,Gm684,91.8235,-0.1962,0.1944,-1.0093,0.3128,0.9173
Gm6880,Gm6880,14.0033,0.292,0.393,0.743,0.4575,
Gm6904,Gm6904,3.0755,1.3849,0.8512,1.627,0.1037,
Gm6981,Gm6981,9.6085,-0.2412,0.4928,-0.4894,0.6246,
Gm7008,Gm7008,8.2662,-0.1456,0.5117,-0.2846,0.776,
Gm7030,Gm7030,5.9865,0.4751,0.9353,0.5079,0.6115,
Gm7102,Gm7102,1.164,-1.323,1.5044,-0.8794,0.3792,
Gm7104,Gm7104,3.8473,-0.8577,0.787,-1.0899,0.2758,
Gm7120,Gm7120,107.9562,0.0781,0.188,0.4153,0.678,0.9717
Gm715,Gm715,0.3853,0.9701,2.47,0.3928,0.6945,
Gm7325,Gm7325,2437.4973,-0.0417,0.0957,-0.436,0.6628,0.9702
Gm7361,Gm7361,110.1866,-0.3236,0.2722,-1.1889,0.2345,0.8923
Gm7609,Gm7609,1.7371,-0.7369,1.1636,-0.6332,0.5266,
Gm7694,Gm7694,4.9133,-0.2664,0.679,-0.3923,0.6948,
Gm773,Gm773,83.0437,-0.0354,0.2059,-0.1719,0.8635,0.9906
Gm7854,Gm7854,0.2933,0.8438,2.6273,0.3212,0.7481,
Gm7904,Gm7904,0.8665,2.4598,1.7155,1.4339,0.1516,
Gm805,Gm805,0.8584,3.3069,1.9892,1.6624,0.0964,
Gm8234,Gm8234,3.1734,0.6382,0.7833,0.8148,0.4152,
Gm8300,Gm8300,195.9548,0.1941,0.1692,1.1471,0.2514,0.893
Gm8369,Gm8369,3.2476,0.493,0.8359,0.5898,0.5553,
Gm8580,Gm8580,0.2933,-0.4582,2.6297,-0.1742,0.8617,
Gm8615,Gm8615,738.2571,0.0077,0.1145,0.0671,0.9465,0.9971
Gm867,Gm867,17.1267,-0.9968,0.3485,-2.86,0.0042,
Gm8773,Gm8773,27.6391,0.1266,0.2727,0.4642,0.6425,0.9684
Gm8801,Gm8801,129.4151,-0.1688,0.3181,-0.5307,0.5956,0.964
Gm8817,Gm8817,1.0526,0.2349,1.3636,0.1723,0.8632,
Gm8883,Gm8883,24.7966,0.407,0.3004,1.3546,0.1756,0.8614
Gm8909,Gm8909,7.5567,-0.0478,0.6424,-0.0744,0.9407,
Gm904,Gm904,0.2933,-0.4582,2.6297,-0.1742,0.8617,
Gm9054,Gm9054,7.7265,-0.0392,0.4943,-0.0792,0.9369,
Gm9079,Gm9079,31.4451,0.1113,0.2601,0.4281,0.6686,0.9702
Gm9199,Gm9199,25.6917,-0.1211,0.5857,-0.2067,0.8363,0.9906
Gm960,Gm960,14.1333,-0.6246,0.4174,-1.4964,0.1345,
Gm973,Gm973,2.8087,-0.3531,0.8122,-0.4347,0.6638,
Gm9776,Gm9776,63.4201,-0.0078,0.2057,-0.0381,0.9696,0.9974
Gm9833,Gm9833,19.2599,0.4264,0.3919,1.0882,0.2765,
Gm9895,Gm9895,0.4786,0.2804,2.3959,0.117,0.9068,
Gm9920,Gm9920,2.2252,-0.7905,1.0573,-0.7476,0.4547,
Gm9958,Gm9958,18.6362,0.1222,0.4535,0.2694,0.7876,
Gm996,Gm996,193.2066,0.1185,0.1112,1.0659,0.2865,0.9079
Gm9992,Gm9992,67.8011,-0.1753,0.3114,-0.563,0.5734,0.9614
Gm9994,Gm9994,14.5119,0.2822,0.3638,0.7757,0.4379,
Gmcl1,Gmcl1,1082.3645,0.0667,0.0585,1.1399,0.2543,0.893
Gmds,Gmds,1223.7349,0.3319,0.1694,1.9591,0.0501,0.7227
Gmeb1,Gmeb1,838.3046,-0.0731,0.1338,-0.5466,0.5846,0.964
Gmeb2,Gmeb2,815.6465,-0.0609,0.0937,-0.6499,0.5158,0.9548
Gmfb,Gmfb,4716.0933,0.039,0.0862,0.4521,0.6512,0.9684
Gmip,Gmip,399.5599,0.0136,0.0906,0.1502,0.8806,0.9914
Gml,Gml,0.3853,0.9701,2.47,0.3928,0.6945,
Gml2,Gml2,0.9749,-0.066,1.8375,-0.0359,0.9713,
Gmnn,Gmnn,654.1411,-0.1515,0.1616,-0.9372,0.3486,0.9264
Gmppa,Gmppa,1912.5494,-0.0268,0.0662,-0.4047,0.6857,0.9717
Gmppb,Gmppb,864.5996,-0.0966,0.0721,-1.3409,0.1799,0.8693
Gmpr,Gmpr,523.6903,-0.0576,0.1338,-0.4307,0.6667,0.9702
Gmpr2,Gmpr2,841.7504,-0.0249,0.0728,-0.3418,0.7325,0.9802
Gmps,Gmps,2631.8106,-0.064,0.0564,-1.1352,0.2563,0.8935
Gna11,Gna11,5169.6539,-0.0165,0.0485,-0.3394,0.7343,0.9803
Gna12,Gna12,1266.6319,0.0201,0.0673,0.2985,0.7653,0.985
Gna13,Gna13,2977.1042,-0.0263,0.0571,-0.4598,0.6456,0.9684
Gna14,Gna14,9.4348,-0.4994,0.482,-1.0362,0.3001,
Gna15,Gna15,1.164,0.4485,1.4107,0.3179,0.7505,
Gnai1,Gnai1,366.0942,0.2837,0.1243,2.2822,0.0225,0.6144
Gnai2,Gnai2,19594.0416,-0.0594,0.0595,-0.999,0.3178,0.9173
Gnai3,Gnai3,6323.494,0.0548,0.0728,0.7533,0.4513,0.9455
Gnal,Gnal,109.7039,0.117,0.1481,0.7899,0.4296,0.9448
Gnao1,Gnao1,5590.5401,0.1306,0.0779,1.6774,0.0935,0.7872
Gnaq,Gnaq,1375.4305,0.0522,0.1431,0.3646,0.7154,0.9767
Gnas,Gnas,39884.8742,-0.0469,0.0415,-1.1291,0.2589,0.8966
Gnat2,Gnat2,13.5316,0.1207,0.4371,0.276,0.7825,
Gnat3,Gnat3,0.9509,0.9888,2.1836,0.4528,0.6507,
Gnaz,Gnaz,64.0038,0.0225,0.19,0.1186,0.9056,0.9939
Gnb1,Gnb1,15489.2476,-0.0567,0.0439,-1.2911,0.1967,0.8806
Gnb1l,Gnb1l,188.3332,0.1368,0.1086,1.2602,0.2076,0.8874
Gnb2,Gnb2,8218.332,0.0372,0.0958,0.3887,0.6975,0.9736
Gnb2l1,Gnb2l1,39906.6642,-0.0637,0.0566,-1.1257,0.2603,0.8968
Gnb3,Gnb3,1.5288,-0.0275,1.2142,-0.0227,0.9819,
Gnb4,Gnb4,1507.6181,0.0495,0.0824,0.6011,0.5477,0.9571
Gnb5,Gnb5,923.9862,0.0385,0.1337,0.2884,0.773,0.985
Gne,Gne,812.6202,0.0474,0.0749,0.6319,0.5274,0.9565
Gng10,Gng10,3562.9337,0.0406,0.0669,0.6074,0.5436,0.9571
Gng11,Gng11,377.0213,-0.1303,0.0885,-1.473,0.1408,0.8373
Gng12,Gng12,4182.3529,0.0459,0.0935,0.4906,0.6237,0.9673
Gng13,Gng13,1.4502,0.3266,1.14,0.2865,0.7745,
Gng2,Gng2,3234.5229,0.12,0.0863,1.3912,0.1642,0.8598
Gng3,Gng3,5.4101,-0.1068,0.6022,-0.1774,0.8592,
Gng4,Gng4,19.0313,-0.2951,0.3792,-0.7783,0.4364,
Gng5,Gng5,2569.2417,-0.0057,0.0827,-0.0691,0.9449,0.9971
Gng7,Gng7,129.4754,0.1725,0.1461,1.1809,0.2377,0.8923
Gng8,Gng8,21.3073,-0.3049,0.3195,-0.9543,0.3399,0.9244
Gngt2,Gngt2,6.1923,-0.2516,0.5961,-0.4221,0.673,
Gnl1,Gnl1,3019.5358,0.0283,0.0887,0.3188,0.7499,0.9843
Gnl2,Gnl2,2072.0923,0.1132,0.0671,1.688,0.0914,0.7855
Gnl3,Gnl3,2321.7588,0.0503,0.0908,0.5541,0.5795,0.963
Gnl3l,Gnl3l,3120.8949,0.0666,0.0576,1.1562,0.2476,0.8923
Gnmt,Gnmt,4.1663,1.295,0.8367,1.5478,0.1217,
Gnpat,Gnpat,3170.553,-0.0696,0.0749,-0.9287,0.3531,0.9275
Gnpda1,Gnpda1,270.9467,-0.0856,0.1604,-0.5336,0.5936,0.964
Gnpda2,Gnpda2,316.4027,0.1859,0.1221,1.5222,0.1279,0.8213
Gnpnat1,Gnpnat1,1120.8385,0.0924,0.0794,1.1641,0.2444,0.8923
Gnptab,Gnptab,1632.8824,0.1413,0.0747,1.893,0.0584,0.749
Gnptg,Gnptg,798.4962,-0.112,0.0973,-1.1515,0.2495,0.8923
Gnrh1,Gnrh1,18.9889,0.475,0.4392,1.0816,0.2795,
Gns,Gns,8121.1198,0.0231,0.1099,0.2099,0.8338,0.9906
Golga1,Golga1,985.4659,0.0492,0.1144,0.4297,0.6674,0.9702
Golga2,Golga2,4261.2043,0.0173,0.0431,0.4001,0.6891,0.9721
Golga3,Golga3,2145.2733,0.0685,0.0647,1.0586,0.2898,0.9079
Golga4,Golga4,1796.767,0.0371,0.1988,0.1867,0.8519,0.9906
Golga5,Golga5,1549.0184,0.0103,0.0676,0.1521,0.8791,0.9914
Golga7,Golga7,2977.5221,-0.0327,0.0726,-0.4505,0.6523,0.9684
Golga7b,Golga7b,3.3452,-0.6256,0.8812,-0.7098,0.4778,
Golgb1,Golgb1,1974.4391,-0.0116,0.2152,-0.0538,0.9571,0.9974
Golim4,Golim4,2408.2711,0.1434,0.1413,1.0145,0.3104,0.9172
Golm1,Golm1,802.1718,-0.1151,0.1442,-0.7983,0.4247,0.9422
Golph3,Golph3,6121.5118,-0.0007,0.0631,-0.0112,0.9911,0.9993
Golph3l,Golph3l,1082.6902,0.0663,0.0625,1.0611,0.2886,0.9079
Golt1b,Golt1b,3085.4757,-0.0126,0.0488,-0.2572,0.797,0.9871
Gon4l,Gon4l,1181.3565,0.0727,0.0591,1.2301,0.2187,0.8877
Gopc,Gopc,1624.117,0.0615,0.0752,0.818,0.4133,0.9399
Gorab,Gorab,1242.9066,0.2926,0.1102,2.6544,0.0079,0.4465
Gorasp1,Gorasp1,1057.3541,0.1209,0.0934,1.2939,0.1957,0.8802
Gorasp2,Gorasp2,6097.528,-0.0195,0.0433,-0.4513,0.6518,0.9684
Gosr1,Gosr1,1980.3511,0.0064,0.0627,0.1024,0.9185,0.9955
Gosr2,Gosr2,5033.079,-0.0255,0.0411,-0.6194,0.5357,0.9571
Got1,Got1,2421.0798,-0.0893,0.0878,-1.0178,0.3088,0.9169
Got2,Got2,11828.1572,0.0404,0.0852,0.4747,0.635,0.9681
Gp1ba,Gp1ba,20.832,-0.3814,0.3138,-1.2155,0.2242,0.8877
Gp1bb,Gp1bb,113.1618,-0.1171,0.1434,-0.8165,0.4142,0.94
Gp5,Gp5,22.8195,-0.1323,0.3553,-0.3723,0.7096,0.9749
Gp9,Gp9,0.4839,0.2714,2.3914,0.1135,0.9096,
Gpa33,Gpa33,7.2149,-0.0746,0.5147,-0.1448,0.8848,
Gpaa1,Gpaa1,1973.0394,0.0244,0.0524,0.4667,0.6407,0.9681
Gpalpp1,Gpalpp1,1440.6652,0.0245,0.0888,0.2759,0.7826,0.985
Gpam,Gpam,1875.5331,0.1532,0.1062,1.4427,0.1491,0.8436
Gpank1,Gpank1,354.9948,-0.1676,0.0918,-1.827,0.0677,0.7617
Gpat2,Gpat2,2.0257,-0.0385,1.0046,-0.0383,0.9694,
Gpatch1,Gpatch1,554.7136,0.0469,0.0722,0.6493,0.5162,0.9548
Gpatch11,Gpatch11,649.7569,-0.0018,0.087,-0.0207,0.9835,0.9991
Gpatch2,Gpatch2,657.7006,0.0317,0.0815,0.3887,0.6975,0.9736
Gpatch2l,Gpatch2l,1270.1294,0.0299,0.0601,0.4975,0.6188,0.966
Gpatch3,Gpatch3,171.2565,-0.196,0.1342,-1.46,0.1443,0.8416
Gpatch4,Gpatch4,436.6314,-0.1006,0.0965,-1.0424,0.2972,0.9127
Gpatch8,Gpatch8,1696.8168,0.073,0.0765,0.9544,0.3399,0.9244
Gpbar1,Gpbar1,6.5446,-1.4357,0.8658,-1.6583,0.0973,
Gpbp1,Gpbp1,2217.1138,0.0424,0.1594,0.2661,0.7902,0.9865
Gpbp1l1,Gpbp1l1,1512.3485,0.0634,0.0548,1.1562,0.2476,0.8923
Gpc1,Gpc1,46074.4119,0.0533,0.0896,0.5945,0.5522,0.9571
Gpc2,Gpc2,41.0737,-0.2879,0.2268,-1.2692,0.2044,0.8854
Gpc4,Gpc4,4.6882,-0.2356,0.7407,-0.318,0.7505,
Gpc6,Gpc6,2526.4798,0.1524,0.081,1.8818,0.0599,0.749
Gpcpd1,Gpcpd1,557.5875,0.1805,0.127,1.421,0.1553,0.8507
Gpd1,Gpd1,81.7142,-0.3868,0.2109,-1.8342,0.0666,0.7613
Gpd1l,Gpd1l,1940.1806,-0.1364,0.101,-1.3514,0.1766,0.8631
Gpd2,Gpd2,1444.1686,-0.0472,0.0875,-0.5394,0.5896,0.964
Gper1,Gper1,1178.5947,-0.0424,0.1148,-0.3692,0.712,0.9759
Gpha2,Gpha2,2.909,-0.2276,0.8919,-0.2552,0.7986,
Gphn,Gphn,570.9621,0.033,0.1089,0.3029,0.762,0.9849
Gpi1,Gpi1,20631.6663,-0.277,0.1012,-2.7357,0.0062,0.4198
Gpkow,Gpkow,2161.1406,0.0204,0.068,0.2995,0.7646,0.9849
Gpld1,Gpld1,616.8711,0.115,0.0741,1.5513,0.1208,0.8127
Gpm6b,Gpm6b,1313.315,0.3691,0.1414,2.6112,0.009,0.4728
Gpn1,Gpn1,866.5517,0.0254,0.0885,0.2874,0.7738,0.985
Gpn2,Gpn2,490.5503,-0.0004,0.0917,-0.0044,0.9965,0.9995
Gpn3,Gpn3,707.2369,0.0349,0.1069,0.327,0.7437,0.9831
Gpnmb,Gpnmb,27.6819,-1.0222,0.432,-2.3661,0.018,0.582
Gpr107,Gpr107,3158.3225,-0.0126,0.0647,-0.1944,0.8458,0.9906
Gpr108,Gpr108,2444.5221,-0.0022,0.0843,-0.0258,0.9794,0.9979
Gpr135,Gpr135,10.5443,0.2167,0.4679,0.4631,0.6433,
Gpr137,Gpr137,788.5446,-0.0381,0.0732,-0.5207,0.6026,0.966
Gpr137b,Gpr137b,862.3527,-0.0254,0.1873,-0.1359,0.8919,0.992
Gpr137b-ps,Gpr137b-ps,664.319,-0.1077,0.0879,-1.2251,0.2205,0.8877
Gpr137c,Gpr137c,13.1356,-0.3547,0.3897,-0.9103,0.3627,
Gpr141,Gpr141,7.4147,0.6859,0.499,1.3746,0.1692,
Gpr142,Gpr142,1.24,0.3927,1.3902,0.2825,0.7776,
Gpr143,Gpr143,0.2941,0.8438,2.6255,0.3214,0.7479,
Gpr146,Gpr146,457.4285,-0.0904,0.1094,-0.8267,0.4084,0.9376
Gpr149,Gpr149,7.9482,-0.2635,0.671,-0.3927,0.6945,
Gpr15,Gpr15,0.769,0.1362,1.586,0.0858,0.9316,
Gpr151,Gpr151,2.8058,0.8189,0.8696,0.9417,0.3463,
Gpr152,Gpr152,0.9583,0.6327,1.6298,0.3882,0.6979,
Gpr153,Gpr153,1536.4735,-0.2409,0.1198,-2.0103,0.0444,0.7227
Gpr155,Gpr155,515.0818,0.0551,0.0878,0.6271,0.5306,0.9569
Gpr156,Gpr156,8.1163,0.1997,0.5006,0.399,0.6899,
Gpr157,Gpr157,135.5092,-0.1808,0.1843,-0.9806,0.3268,0.9197
Gpr160,Gpr160,0.4897,-2.3531,2.1823,-1.0782,0.2809,
Gpr161,Gpr161,153.8072,0.0502,0.1424,0.3526,0.7244,0.9793
Gpr162,Gpr162,49.4592,0.3362,0.2442,1.3767,0.1686,0.8614
Gpr17,Gpr17,7.5013,0.5622,0.5181,1.0851,0.2779,
Gpr173,Gpr173,88.3863,0.0054,0.1545,0.0352,0.9719,0.9974
Gpr174,Gpr174,0.9722,-1.6014,1.5449,-1.0366,0.2999,
Gpr176,Gpr176,1232.2656,0.0037,0.147,0.0255,0.9797,0.9981
Gpr179,Gpr179,52.1273,-0.3149,0.258,-1.2203,0.2224,0.8877
Gpr18,Gpr18,3.2149,-0.3508,0.8779,-0.3996,0.6894,
Gpr180,Gpr180,1188.3346,-0.0514,0.0663,-0.7754,0.4381,0.9455
Gpr182,Gpr182,8.6742,0.0082,0.5637,0.0146,0.9883,
Gpr19,Gpr19,83.5099,0.1382,0.1597,0.8653,0.3869,0.9328
Gpr20,Gpr20,70.9574,-0.7061,0.2404,-2.9371,0.0033,0.3452
Gpr21,Gpr21,5.11,0.488,0.7842,0.6222,0.5338,
Gpr3,Gpr3,13.9611,0.3317,0.3704,0.8955,0.3705,
Gpr34,Gpr34,1.0697,-0.527,1.3271,-0.3971,0.6913,
Gpr35,Gpr35,274.467,-0.7536,0.5776,-1.3047,0.192,0.8743
Gpr37,Gpr37,10.8279,-0.131,0.4801,-0.2728,0.785,
Gpr37l1,Gpr37l1,5.4631,0.9022,0.6685,1.3496,0.1771,
Gpr39,Gpr39,40.6187,-0.2258,0.2924,-0.7721,0.4401,0.9455
Gpr4,Gpr4,1.9161,0.309,1.1686,0.2644,0.7914,
Gpr52,Gpr52,5.3916,0.8318,0.6978,1.192,0.2333,
Gpr61,Gpr61,1.2511,0.9798,1.5015,0.6526,0.514,
Gpr62,Gpr62,10.3176,-0.344,0.4285,-0.8029,0.4221,
Gpr63,Gpr63,65.6916,-0.0969,0.1771,-0.5469,0.5844,0.964
Gpr68,Gpr68,8.6637,0.2979,0.4804,0.6202,0.5351,
Gpr75,Gpr75,5.1071,0.3917,0.6136,0.6383,0.5233,
Gpr85,Gpr85,10.184,0.1756,0.4716,0.3724,0.7096,
Gpr88,Gpr88,1.266,-0.2587,1.4479,-0.1786,0.8582,
Gpr89,Gpr89,827.1393,-0.1423,0.0728,-1.9551,0.0506,0.7253
Gprasp1,Gprasp1,466.6306,0.0974,0.1314,0.7414,0.4585,0.9483
Gprasp2,Gprasp2,45.2316,0.0872,0.2282,0.3821,0.7024,0.9743
Gprc5a,Gprc5a,685.0947,-0.0477,0.1172,-0.4067,0.6842,0.9717
Gprc5b,Gprc5b,3021.4554,-0.018,0.0865,-0.2082,0.835,0.9906
Gprc5c,Gprc5c,2166.009,-0.0652,0.1431,-0.4557,0.6486,0.9684
Gprc5d,Gprc5d,17.995,0.2273,0.3415,0.6657,0.5056,
Gprin1,Gprin1,21.1433,0.2405,0.3527,0.6818,0.4954,0.9515
Gprin2,Gprin2,3.0855,1.4259,0.8554,1.6669,0.0955,
Gprin3,Gprin3,261.2195,0.119,0.1395,0.8534,0.3935,0.9341
Gps1,Gps1,3856.2546,0.0126,0.0837,0.1507,0.8802,0.9914
Gps2,Gps2,662.3176,-0.0183,0.0803,-0.2278,0.8198,0.9893
Gpsm1,Gpsm1,1040.0945,-0.0179,0.0616,-0.291,0.771,0.985
Gpsm2,Gpsm2,1626.0623,0.0125,0.0836,0.1497,0.881,0.9914
Gpsm3,Gpsm3,56.813,-0.0565,0.2305,-0.245,0.8065,0.9878
Gpt,Gpt,182.9741,-0.1809,0.1211,-1.4939,0.1352,0.8264
Gpt2,Gpt2,4496.9859,-0.0644,0.0693,-0.9294,0.3527,0.9274
Gpx1,Gpx1,3976.1324,0.1109,0.1333,0.8319,0.4055,0.9368
Gpx3,Gpx3,7369.1948,0.0284,0.1685,0.1688,0.8659,0.9906
Gpx4,Gpx4,8738.0059,-0.0588,0.0751,-0.7822,0.4341,0.9453
Gpx7,Gpx7,6.8587,-0.8642,0.5976,-1.446,0.1482,
Gpx8,Gpx8,5942.8887,0.0217,0.0532,0.4073,0.6838,0.9717
Gramd1a,Gramd1a,1256.9955,-0.0131,0.055,-0.2376,0.8122,0.9886
Gramd1b,Gramd1b,203.5201,-0.2416,0.1299,-1.8605,0.0628,0.7549
Gramd1c,Gramd1c,41.119,0.3041,0.2673,1.1376,0.2553,0.8935
Gramd2,Gramd2,16.2787,0.2526,0.4013,0.6296,0.529,
Gramd3,Gramd3,545.7451,-0.0501,0.1024,-0.4889,0.6249,0.9673
Gramd4,Gramd4,2441.7907,0.0202,0.0926,0.2184,0.8271,0.9906
Grap,Grap,1.6374,0.4682,1.1703,0.4001,0.6891,
Grasp,Grasp,505.4171,-0.2359,0.0971,-2.428,0.0152,0.5682
Grb10,Grb10,10.704,0.2876,0.5375,0.5351,0.5926,
Grb14,Grb14,888.66,0.0414,0.1331,0.3112,0.7557,0.9849
Grb2,Grb2,4192.0623,-0.0599,0.0526,-1.1396,0.2545,0.893
Grcc10,Grcc10,1721.8499,-0.0335,0.066,-0.5082,0.6113,0.966
Greb1,Greb1,126.9352,0.1926,0.2654,0.7256,0.4681,0.9483
Greb1l,Greb1l,41.4808,0.1704,0.2578,0.6608,0.5087,0.9528
Grem1,Grem1,2811.8941,0.4071,0.2204,1.8469,0.0648,0.7588
Grem2,Grem2,454.4395,0.3679,0.1618,2.2744,0.0229,0.6144
Grhl1,Grhl1,13.7859,-0.0238,0.3805,-0.0624,0.9502,
Grhl3,Grhl3,55.2687,-0.1974,0.2742,-0.7199,0.4716,0.9489
Grhpr,Grhpr,1036.4884,-0.2583,0.1242,-2.0795,0.0376,0.6893
Gria1,Gria1,26.4705,-0.4101,0.2949,-1.3904,0.1644,0.8598
Gria3,Gria3,5.2968,-0.0313,0.72,-0.0434,0.9653,
Gria4,Gria4,1.5585,1.5402,1.5974,0.9642,0.335,
Grid1,Grid1,6.3234,-0.2456,0.6716,-0.3656,0.7147,
Grid2ip,Grid2ip,1.353,-1.3506,1.3754,-0.9819,0.3261,
Grik2,Grik2,4.3214,-0.907,0.7818,-1.16,0.246,
Grik5,Grik5,849.1737,0.0644,0.0728,0.8851,0.3761,0.9295
Grin1,Grin1,0.8655,-2.0372,1.7726,-1.1493,0.2504,
Grin2a,Grin2a,3.2724,1.7775,1.022,1.7392,0.082,
Grin2d,Grin2d,83.7539,-0.1336,0.1582,-0.8444,0.3984,0.9353
Grin3a,Grin3a,1.1577,-0.2312,1.3159,-0.1757,0.8605,
Grin3b,Grin3b,36.1052,0.1193,0.2339,0.5103,0.6098,0.966
Grina,Grina,5697.7653,-0.1017,0.1221,-0.8332,0.4048,0.9365
Grip1,Grip1,17.3718,0.0643,0.3448,0.1864,0.8521,
Grip2,Grip2,59.0978,-0.4862,0.2546,-1.9097,0.0562,0.743
Gripap1,Gripap1,1224.2031,-0.0255,0.0638,-0.4001,0.6891,0.9721
Grk1,Grk1,0.5771,-1.3125,2.2526,-0.5827,0.5601,
Grk4,Grk4,45.8158,0.0973,0.2207,0.4408,0.6594,0.9702
Grk5,Grk5,548.1981,0.0422,0.087,0.4858,0.6271,0.9673
Grk6,Grk6,1972.6258,-0.0189,0.0936,-0.2023,0.8397,0.9906
Grm1,Grm1,0.7752,-2.9611,1.7052,-1.7365,0.0825,
Grm7,Grm7,1.9172,1.371,1.1732,1.1686,0.2426,
Grn,Grn,9758.5559,-0.0683,0.0759,-0.8989,0.3687,0.9295
Grpel1,Grpel1,2029.999,-0.0421,0.0785,-0.536,0.592,0.964
Grpel2,Grpel2,1140.454,0.0364,0.0767,0.4741,0.6354,0.9681
Grpr,Grpr,4.0583,-0.2394,0.6973,-0.3433,0.7314,
Grrp1,Grrp1,0.9641,0.8038,1.472,0.5461,0.585,
Grsf1,Grsf1,3082.0739,0.0115,0.0571,0.2016,0.8402,0.9906
Grtp1,Grtp1,453.8219,-0.3531,0.1385,-2.5503,0.0108,0.5073
Grwd1,Grwd1,885.6158,-0.0767,0.0764,-1.004,0.3154,0.9173
Gsap,Gsap,618.3325,-0.0765,0.0925,-0.8269,0.4083,0.9376
Gsdma,Gsdma,0.7756,-1.1415,1.5372,-0.7426,0.4577,
Gsdmc4,Gsdmc4,1.3396,1.0621,1.4392,0.738,0.4605,
Gsdmd,Gsdmd,1544.5593,0.101,0.0798,1.2665,0.2053,0.8854
Gse1,Gse1,1174.1669,-0.0199,0.1107,-0.1794,0.8576,0.9906
Gsg1,Gsg1,4.5253,-1.4351,0.7262,-1.9763,0.0481,
Gsg2,Gsg2,297.1846,-0.0927,0.1785,-0.5194,0.6035,0.966
Gsk3a,Gsk3a,1644.2709,-0.0133,0.0825,-0.1606,0.8724,0.991
Gsk3b,Gsk3b,3184.0635,-0.021,0.1284,-0.1634,0.8702,0.9906
Gskip,Gskip,1507.7975,-0.0508,0.0646,-0.7853,0.4323,0.9453
Gsn,Gsn,27834.5848,0.0352,0.0935,0.3767,0.7064,0.9744
Gspt1,Gspt1,5839.9851,0.0701,0.0576,1.2174,0.2235,0.8877
Gspt2,Gspt2,200.8696,0.2049,0.1087,1.8847,0.0595,0.749
Gsr,Gsr,1368.3002,0.0145,0.0864,0.1682,0.8664,0.9906
Gss,Gss,1769.3807,-0.0486,0.1031,-0.471,0.6376,0.9681
Gsta1,Gsta1,15.4594,-0.1526,0.6985,-0.2185,0.827,
Gsta3,Gsta3,3.5818,-0.3555,1.0091,-0.3523,0.7246,
Gsta4,Gsta4,1465.935,0.2939,0.2293,1.2815,0.2,0.8828
Gstcd,Gstcd,711.8795,0.0546,0.0703,0.7776,0.4368,0.9455
Gstk1,Gstk1,9.3236,-0.4366,0.5045,-0.8654,0.3868,
Gstm1,Gstm1,4441.8707,0.3606,0.2038,1.7698,0.0768,0.7682
Gstm2,Gstm2,1683.2485,0.0804,0.0716,1.123,0.2614,0.8968
Gstm3,Gstm3,1.7473,1.3166,1.4572,0.9035,0.3663,
Gstm4,Gstm4,16.5057,0.2918,0.3505,0.8325,0.4051,
Gstm5,Gstm5,770.0599,0.0894,0.0971,0.9206,0.3573,0.9295
Gstm6,Gstm6,10.7357,0.0566,0.5161,0.1097,0.9127,
Gstm7,Gstm7,33.4212,0.0394,0.2508,0.1572,0.8751,0.9914
Gsto1,Gsto1,2673.2329,-0.2179,0.0759,-2.8694,0.0041,0.3675
Gsto2,Gsto2,276.923,-0.3246,0.1528,-2.1241,0.0337,0.668
Gstp1,Gstp1,6297.1251,0.2357,0.1217,1.9368,0.0528,0.7299
Gstp2,Gstp2,144.4615,-0.1563,0.128,-1.2209,0.2221,0.8877
Gstt1,Gstt1,177.0222,0.1751,0.1748,1.0016,0.3165,0.9173
Gstt2,Gstt2,27.0038,-0.2581,0.2966,-0.8701,0.3843,0.9315
Gstt3,Gstt3,105.4324,-0.0911,0.158,-0.5767,0.5641,0.9588
Gstz1,Gstz1,1232.9247,0.0557,0.0748,0.7448,0.4564,0.9483
Gt(ROSA)26Sor,Gt(ROSA)26Sor,150.9701,0.1526,0.2237,0.682,0.4952,0.9515
Gtdc1,Gtdc1,355.5876,0.2001,0.1663,1.2031,0.2289,0.8914
Gtf2a1,Gtf2a1,805.5705,0.1093,0.1858,0.588,0.5565,0.9576
Gtf2a1l,Gtf2a1l,1.1596,0.31,1.3124,0.2362,0.8133,
Gtf2a2,Gtf2a2,1270.3556,0.0069,0.0778,0.0888,0.9292,0.9957
Gtf2b,Gtf2b,1290.967,-0.051,0.0659,-0.774,0.4389,0.9455
Gtf2e1,Gtf2e1,1171.0271,0.039,0.0681,0.5725,0.567,0.9592
Gtf2e2,Gtf2e2,1474.0248,-0.1131,0.0668,-1.6939,0.0903,0.7842
Gtf2f1,Gtf2f1,2813.0636,-0.0103,0.0553,-0.1862,0.8523,0.9906
Gtf2f2,Gtf2f2,1024.8212,-0.0269,0.0787,-0.3422,0.7322,0.9802
Gtf2h1,Gtf2h1,1230.4485,0.0531,0.1143,0.4645,0.6423,0.9684
Gtf2h2,Gtf2h2,611.4897,0.053,0.0854,0.62,0.5352,0.9571
Gtf2h3,Gtf2h3,1212.5478,0.0077,0.0679,0.1138,0.9094,0.9941
Gtf2h4,Gtf2h4,684.8236,0.0488,0.0983,0.4968,0.6193,0.966
Gtf2h5,Gtf2h5,1978.8954,-0.0258,0.0704,-0.366,0.7143,0.9766
Gtf2i,Gtf2i,7532.7371,0.046,0.0533,0.8631,0.3881,0.933
Gtf2ird1,Gtf2ird1,2759.8043,-0.0158,0.0572,-0.2759,0.7826,0.985
Gtf2ird2,Gtf2ird2,369.2591,0.0014,0.0997,0.0143,0.9886,0.9993
Gtf3a,Gtf3a,256.9098,-0.0447,0.1298,-0.3441,0.7308,0.98
Gtf3c1,Gtf3c1,3899.5813,-0.0323,0.0516,-0.6261,0.5313,0.9571
Gtf3c2,Gtf3c2,2843.4924,0.0251,0.0437,0.5755,0.5649,0.9588
Gtf3c3,Gtf3c3,1121.9528,0.0789,0.0555,1.4209,0.1553,0.8507
Gtf3c4,Gtf3c4,3090.4164,-0.013,0.0547,-0.238,0.8119,0.9886
Gtf3c5,Gtf3c5,1410.3837,-0.0759,0.0641,-1.1835,0.2366,0.8923
Gtf3c6,Gtf3c6,766.0937,-0.1206,0.0724,-1.6661,0.0957,0.7876
Gtpbp1,Gtpbp1,2550.589,0.0591,0.0735,0.8039,0.4215,0.941
Gtpbp10,Gtpbp10,522.9612,0.072,0.1141,0.6311,0.528,0.9565
Gtpbp2,Gtpbp2,1724.4684,-0.0555,0.0562,-0.9873,0.3235,0.9197
Gtpbp3,Gtpbp3,686.7456,0.1174,0.1153,1.0178,0.3088,0.9169
Gtpbp4,Gtpbp4,2659.1933,0.0399,0.0734,0.5434,0.5869,0.964
Gtpbp6,Gtpbp6,249.4119,0.0371,0.114,0.3253,0.745,0.9836
Gtpbp8,Gtpbp8,526.0879,0.0918,0.0798,1.151,0.2497,0.8923
Gtse1,Gtse1,1300.1494,-0.1884,0.1342,-1.4038,0.1604,0.8568
Gtsf1,Gtsf1,1.248,1.356,1.2851,1.0552,0.2913,
Guca1a,Guca1a,21.0821,-0.1032,0.3196,-0.323,0.7467,0.9841
Guca1b,Guca1b,4.3321,-0.6009,0.999,-0.6016,0.5475,
Guca2a,Guca2a,0.6659,0.9601,1.9715,0.487,0.6263,
Gucd1,Gucd1,976.8635,-0.0687,0.0595,-1.1543,0.2484,0.8923
Gucy1b2,Gucy1b2,1.631,-0.6843,1.2796,-0.5348,0.5928,
Gucy2d,Gucy2d,3.0734,-0.4501,0.9507,-0.4734,0.6359,
Gucy2e,Gucy2e,3.94,0.0923,0.6895,0.1338,0.8936,
Gucy2g,Gucy2g,2.3186,-0.4197,0.8943,-0.4693,0.6388,
Guf1,Guf1,661.2485,0.1077,0.1135,0.9491,0.3426,0.9246
Guk1,Guk1,768.3278,0.0304,0.0711,0.4281,0.6686,0.9702
Gulp1,Gulp1,1247.7963,0.4003,0.143,2.7995,0.0051,0.3918
Gusb,Gusb,2859.9902,0.0369,0.0575,0.6408,0.5217,0.9556
Gxylt1,Gxylt1,985.9693,0.0875,0.1258,0.6953,0.4869,0.9515
Gxylt2,Gxylt2,907.0576,0.3821,0.2032,1.8804,0.0601,0.749
Gyg,Gyg,1987.7327,-0.2406,0.0795,-3.0273,0.0025,0.3295
Gyk,Gyk,224.4532,0.0674,0.12,0.5613,0.5746,0.9614
Gyltl1b,Gyltl1b,5.0891,-0.3881,0.6325,-0.6135,0.5395,
Gypc,Gypc,3584.3066,0.2516,0.148,1.6999,0.0892,0.7829
Gys1,Gys1,3566.8393,-0.207,0.0699,-2.963,0.003,0.3408
Gzf1,Gzf1,1676.9053,0.0025,0.0504,0.0496,0.9605,0.9974
Gzmd,Gzmd,2.8071,-0.2088,0.8488,-0.246,0.8057,
Gzme,Gzme,28.8628,-0.9038,0.3227,-2.8006,0.0051,0.3918
Gzmm,Gzmm,30.6919,-0.1831,0.2624,-0.6979,0.4852,0.9515
Gzmn,Gzmn,3.5536,0.4151,0.8887,0.467,0.6405,
H13,H13,5889.5734,-0.0525,0.0776,-0.6764,0.4988,0.9515
H19,H19,196595.7543,-0.121,0.0674,-1.7958,0.0725,0.7667
H1f0,H1f0,11594.2396,-0.0285,0.0385,-0.7402,0.4592,0.9483
H1foo,H1foo,0.4728,-0.5368,2.3855,-0.225,0.8219,
H1fx,H1fx,433.2366,0.0939,0.1269,0.7402,0.4592,0.9483
H2-Aa,H2-Aa,0.2933,-0.4582,2.6297,-0.1742,0.8617,
H2-Bl,H2-Bl,0.5772,0.7627,1.7933,0.4253,0.6706,
H2-D1,H2-D1,1939.5344,0.1038,0.1475,0.7037,0.4816,0.9507
H2-DMa,H2-DMa,167.8913,0.1969,0.1309,1.5039,0.1326,0.826
H2-DMb1,H2-DMb1,1.1513,-0.6864,1.3523,-0.5076,0.6118,
H2-DMb2,H2-DMb2,0.5782,-2.5207,2.1986,-1.1465,0.2516,
H2-K1,H2-K1,1922.5638,-0.0154,0.1142,-0.1349,0.8927,0.992
H2-K2,H2-K2,0.9624,-2.2411,1.52,-1.4744,0.1404,
H2-Ke6,H2-Ke6,468.1796,0.0983,0.0965,1.0191,0.3082,0.9169
H2-M10.2,H2-M10.2,0.2927,0.8437,2.6285,0.321,0.7482,
H2-M3,H2-M3,358.9425,-0.0154,0.1023,-0.1504,0.8804,0.9914
H2-M5,H2-M5,2.3178,0.8501,0.9331,0.911,0.3623,
H2-Q1,H2-Q1,630.4088,0.1059,0.1064,0.9953,0.3196,0.9186
H2-Q10,H2-Q10,3.5712,0.3842,0.9115,0.4215,0.6734,
H2-Q4,H2-Q4,930.1178,0.0966,0.0954,1.0129,0.3111,0.9173
H2-T10,H2-T10,105.8486,-0.1093,0.1799,-0.6072,0.5437,0.9571
H2-T23,H2-T23,2085.0132,-0.0351,0.1158,-0.3035,0.7615,0.9849
H2-T24,H2-T24,10.7797,-0.2383,0.4273,-0.5578,0.577,
H2afj,H2afj,467.2001,0.2341,0.1815,1.2898,0.1971,0.8806
H2afv,H2afv,2085.664,-0.0378,0.0822,-0.4593,0.646,0.9684
H2afx,H2afx,866.5015,-0.2881,0.1613,-1.7857,0.0742,0.7682
H2afy,H2afy,2176.9183,-0.0276,0.0585,-0.4717,0.6371,0.9681
H2afy2,H2afy2,796.7087,0.0365,0.0847,0.4306,0.6668,0.9702
H2afz,H2afz,7015.3457,-0.1532,0.1297,-1.181,0.2376,0.8923
H3f3a,H3f3a,14813.935,0.0608,0.1206,0.5038,0.6144,0.966
H3f3b,H3f3b,22180.8193,-0.0254,0.0992,-0.2559,0.798,0.9871
H6pd,H6pd,3303.5167,0.1671,0.1027,1.6265,0.1038,0.7977
Haao,Haao,0.8659,-0.2561,1.519,-0.1686,0.8661,
Habp2,Habp2,1.1572,0.6553,1.3395,0.4892,0.6247,
Habp4,Habp4,1519.8349,0.02,0.0764,0.2623,0.7931,0.9871
Hacd1,Hacd1,2779.5007,-0.087,0.0747,-1.165,0.244,0.8923
Hacd2,Hacd2,640.819,-0.0378,0.0862,-0.4387,0.6609,0.9702
Hacd3,Hacd3,3716.6001,0.1056,0.1195,0.884,0.3767,0.93
Hacd4,Hacd4,558.7579,0.1674,0.1394,1.2005,0.2299,0.8914
Hace1,Hace1,576.6689,0.03,0.1295,0.2316,0.8169,0.989
Hacl1,Hacl1,359.1577,0.0874,0.0961,0.9098,0.3629,0.9295
Hadh,Hadh,2814.9578,0.0691,0.0803,0.8616,0.3889,0.933
Hadha,Hadha,7396.2422,0.008,0.0731,0.1089,0.9133,0.9943
Hadhb,Hadhb,4219.6335,0.0081,0.0774,0.105,0.9164,0.995
Hagh,Hagh,703.7671,-0.0474,0.0827,-0.5729,0.5667,0.9592
Haghl,Haghl,540.7385,0.0295,0.1225,0.2406,0.8099,0.9885
Hal,Hal,5.2929,-0.271,0.5972,-0.4539,0.6499,
Halr1,Halr1,8.2514,-0.7147,0.6858,-1.042,0.2974,
Hao1,Hao1,5.7901,0.3296,0.6608,0.4988,0.618,
Hap1,Hap1,14.5661,-0.6581,0.4211,-1.5628,0.1181,
Hapln1,Hapln1,0.3918,-0.9442,2.4473,-0.3858,0.6996,
Hapln3,Hapln3,5.8505,-0.0196,0.6484,-0.0302,0.9759,
Hapln4,Hapln4,97.8268,-0.1472,0.1661,-0.886,0.3756,0.9295
Harbi1,Harbi1,470.6661,0.0334,0.0761,0.4386,0.6609,0.9702
Hars,Hars,3040.6327,-0.0176,0.0878,-0.2009,0.8408,0.9906
Hars2,Hars2,1117.5778,0.0177,0.0708,0.2503,0.8023,0.9871
Has1,Has1,85.671,-0.5558,0.2516,-2.2087,0.0272,0.6379
Has2,Has2,2183.7688,0.0207,0.2131,0.0972,0.9226,0.9957
Has2os,Has2os,19.713,0.0746,0.3175,0.2349,0.8143,
Has3,Has3,24.6355,0.4894,0.3366,1.4539,0.146,0.8425
Hat1,Hat1,1463.2543,0.0029,0.1111,0.0258,0.9794,0.9979
Haus1,Haus1,512.127,0.0558,0.0874,0.6379,0.5235,0.9556
Haus2,Haus2,1077.2582,0.0834,0.1053,0.7918,0.4285,0.9441
Haus3,Haus3,265.6085,0.1954,0.2013,0.9704,0.3318,0.9202
Haus4,Haus4,760.3986,0.0124,0.0656,0.1886,0.8504,0.9906
Haus5,Haus5,367.1536,-0.1159,0.1303,-0.8894,0.3738,0.9295
Haus6,Haus6,371.8694,0.02,0.2233,0.0895,0.9287,0.9957
Haus7,Haus7,765.2295,0.0403,0.0985,0.4093,0.6823,0.9717
Haus8,Haus8,450.4703,-0.2248,0.1827,-1.2303,0.2186,0.8877
Havcr2,Havcr2,23.5548,0.2037,0.3264,0.624,0.5326,0.9571
Hax1,Hax1,2906.0783,-0.0537,0.0722,-0.7438,0.457,0.9483
Hbegf,Hbegf,748.379,-0.4008,0.3572,-1.1222,0.2618,0.8973
Hbp1,Hbp1,4693.4269,0.0398,0.0473,0.8411,0.4003,0.9357
Hbq1b,Hbq1b,0.2938,-0.4606,2.6291,-0.1752,0.8609,
Hbs1l,Hbs1l,2780.3068,0.0087,0.0606,0.144,0.8855,0.9916
Hc,Hc,1.9269,-1.0606,1.119,-0.9478,0.3432,
Hccs,Hccs,771.9568,0.104,0.1252,0.8307,0.4062,0.9371
Hcfc1,Hcfc1,5117.9176,0.0346,0.0439,0.7878,0.4308,0.9451
Hcfc1r1,Hcfc1r1,2564.3619,0.0542,0.0935,0.5801,0.5619,0.9579
Hcfc2,Hcfc2,1286.8839,0.0286,0.0651,0.4399,0.66,0.9702
Hck,Hck,24.2694,-0.3238,0.407,-0.7958,0.4262,0.9422
Hcls1,Hcls1,0.2941,0.8438,2.6255,0.3214,0.7479,
Hcn1,Hcn1,1.8415,-1.4786,1.2571,-1.1762,0.2395,
Hcn2,Hcn2,7.4209,-0.4999,0.5508,-0.9077,0.364,
Hcn3,Hcn3,11.0867,0.1709,0.4144,0.4125,0.68,
Hcn4,Hcn4,1.4337,-1.1461,1.3733,-0.8346,0.404,
Hcrtr1,Hcrtr1,2.7153,-0.6217,0.8348,-0.7447,0.4565,
Hcst,Hcst,0.3844,2.1809,2.3996,0.9089,0.3634,
Hdac1,Hdac1,3059.0092,-0.0816,0.079,-1.0335,0.3014,0.9164
Hdac10,Hdac10,470.6988,0.0257,0.0854,0.3011,0.7633,0.9849
Hdac11,Hdac11,666.3962,0,0.1409,-0.0003,0.9998,0.9999
Hdac2,Hdac2,5019.6008,0.0224,0.0634,0.3534,0.7238,0.9788
Hdac3,Hdac3,3050.1257,-0.0327,0.049,-0.666,0.5054,0.9515
Hdac4,Hdac4,584.2934,0.1791,0.1303,1.3749,0.1692,0.8614
Hdac5,Hdac5,3041.4704,-0.0192,0.1062,-0.1806,0.8567,0.9906
Hdac6,Hdac6,998.101,-0.0964,0.0708,-1.3609,0.1736,0.8614
Hdac7,Hdac7,2813.1766,0.1301,0.0726,1.7927,0.073,0.7674
Hdac8,Hdac8,376.3743,-0.0153,0.0896,-0.1706,0.8645,0.9906
Hdac9,Hdac9,204.4814,-0.2972,0.1982,-1.4997,0.1337,0.826
Hdc,Hdc,12.5603,-0.9439,0.5339,-1.7678,0.0771,
Hddc2,Hddc2,532.7201,-0.074,0.0836,-0.8847,0.3763,0.9295
Hddc3,Hddc3,825.8354,-0.0518,0.0884,-0.5859,0.5579,0.9579
Hdgf,Hdgf,13290.7777,-0.0158,0.0706,-0.224,0.8227,0.9893
Hdgfrp2,Hdgfrp2,2550.8206,-0.029,0.0548,-0.5289,0.5969,0.964
Hdgfrp3,Hdgfrp3,4.8203,-0.7333,0.6378,-1.1497,0.2503,
Hdhd2,Hdhd2,1121.2991,0.0456,0.0681,0.6699,0.5029,0.9515
Hdhd3,Hdhd3,622.3163,-0.0808,0.105,-0.7696,0.4416,0.9455
Hdlbp,Hdlbp,31899.7034,0.0156,0.0406,0.3833,0.7015,0.9737
Hdx,Hdx,8.8014,-0.2469,0.6378,-0.3871,0.6987,
Heatr1,Heatr1,2019.5554,0.156,0.1002,1.5574,0.1194,0.8127
Heatr3,Heatr3,3827.0637,0.0248,0.0657,0.3777,0.7056,0.9744
Heatr5a,Heatr5a,3475.4957,0.079,0.0649,1.2174,0.2234,0.8877
Heatr5b,Heatr5b,1618.9343,0.0697,0.051,1.3661,0.1719,0.8614
Heatr6,Heatr6,1528.0996,0.0776,0.0558,1.3921,0.1639,0.8598
Heatr9,Heatr9,0.6785,2.1067,1.8104,1.1637,0.2446,
Hebp1,Hebp1,852.1241,-0.1381,0.0872,-1.5834,0.1133,0.8127
Hebp2,Hebp2,842.3359,-0.0402,0.0815,-0.4933,0.6218,0.966
Heca,Heca,912.0135,0.0914,0.1071,0.8536,0.3933,0.9341
Hectd1,Hectd1,5170.7862,0.0919,0.141,0.6516,0.5147,0.9548
Hectd2,Hectd2,69.2987,-0.1239,0.2597,-0.4771,0.6333,0.9681
Hectd3,Hectd3,2006.6635,-0.0557,0.0673,-0.8272,0.4081,0.9376
Hecw1,Hecw1,1.0521,-1.4287,1.6053,-0.89,0.3734,
Hecw2,Hecw2,511.312,0.0224,0.1298,0.1724,0.8631,0.9906
Heg1,Heg1,1805.563,-0.0653,0.0963,-0.6782,0.4977,0.9515
Helb,Helb,955.0154,0.0553,0.0642,0.8614,0.389,0.933
Hells,Hells,305.3955,0.0034,0.2955,0.0117,0.9907,0.9993
Helq,Helq,328.9696,0.0551,0.0848,0.6501,0.5157,0.9548
Helz,Helz,648.9233,0.1718,0.078,2.2023,0.0276,0.6379
Helz2,Helz2,972.1498,-0.0017,0.1102,-0.0153,0.9878,0.9993
Hemk1,Hemk1,411.3401,0.0524,0.0964,0.5442,0.5863,0.964
Henmt1,Henmt1,1.1445,1.0127,1.3753,0.7363,0.4615,
Hepacam,Hepacam,0.4816,0.0982,2.0866,0.0471,0.9625,
Hepacam2,Hepacam2,0.7747,-0.4106,1.6545,-0.2481,0.804,
Heph,Heph,8.9329,-0.0113,0.4739,-0.0238,0.981,
Hephl1,Hephl1,284.058,-0.0993,0.1773,-0.5602,0.5754,0.9617
Herc1,Herc1,2484.6039,0.1003,0.0971,1.0332,0.3015,0.9164
Herc2,Herc2,2401.1242,0.1432,0.0608,2.3555,0.0185,0.5867
Herc3,Herc3,722.2166,0.0964,0.0736,1.3107,0.1899,0.874
Herc4,Herc4,2260.8506,0.0545,0.0546,0.9973,0.3186,0.9177
Herc6,Herc6,68.0464,-0.0274,0.2852,-0.0961,0.9235,0.9957
Herpud1,Herpud1,6129.9572,-0.0689,0.1188,-0.5803,0.5617,0.9579
Herpud2,Herpud2,1853.5957,0.0393,0.0588,0.6684,0.5039,0.9515
Hes1,Hes1,1401.8907,-0.3679,0.1851,-1.9874,0.0469,0.7227
Hes6,Hes6,3043.3673,-0.2308,0.0944,-2.4441,0.0145,0.562
Hes7,Hes7,7.894,0.3266,0.549,0.5949,0.5519,
Hexa,Hexa,8676.2667,-0.0347,0.1109,-0.3127,0.7545,0.9849
Hexb,Hexb,3010.6131,0.0013,0.1053,0.0125,0.99,0.9993
Hexdc,Hexdc,534.5961,-0.0356,0.1076,-0.3305,0.741,0.983
Hexim1,Hexim1,3110.4423,-0.0229,0.0423,-0.5422,0.5877,0.964
Hexim2,Hexim2,210.5157,-0.04,0.1255,-0.3183,0.7502,0.9843
Hey1,Hey1,183.3304,-0.3947,0.124,-3.1832,0.0015,0.2661
Hey2,Hey2,2.4147,-1.204,0.9601,-1.2541,0.2098,
Heyl,Heyl,1171.2217,-0.4131,0.2019,-2.0461,0.0407,0.7111
Hfe,Hfe,182.1322,0.165,0.1125,1.4661,0.1426,0.8395
Hfe2,Hfe2,2631.7199,-0.2201,0.1285,-1.7132,0.0867,0.7807
Hgd,Hgd,0.5725,-1.4006,2.348,-0.5965,0.5508,
Hgf,Hgf,1405.5075,0.633,0.2559,2.4737,0.0134,0.5435
Hgfac,Hgfac,7.3716,-0.2404,0.8287,-0.2901,0.7718,
Hgh1,Hgh1,464.3739,-0.0448,0.084,-0.5335,0.5937,0.964
Hgs,Hgs,3063.9862,-0.0814,0.0636,-1.2791,0.2009,0.8828
Hgsnat,Hgsnat,1795.7553,-0.0587,0.0673,-0.8712,0.3836,0.9315
Hhat,Hhat,692.639,-0.0073,0.0968,-0.0753,0.94,0.9971
Hhatl,Hhatl,253.2091,-0.1029,0.2191,-0.4697,0.6386,0.9681
Hhex,Hhex,30.991,-0.0614,0.2712,-0.2264,0.8209,0.9893
Hhip,Hhip,85.9945,-0.5193,0.3103,-1.6739,0.0942,0.7876
Hhipl1,Hhipl1,172.4606,-0.363,0.1631,-2.2255,0.026,0.6337
Hhipl2,Hhipl2,4.0711,-0.9661,0.7508,-1.2868,0.1982,
Hiat1,Hiat1,1655.7072,0.0226,0.0732,0.3085,0.7577,0.9849
Hiatl1,Hiatl1,2226.4833,0.0621,0.0785,0.7915,0.4287,0.9441
Hibadh,Hibadh,2261.0101,-0.0037,0.0664,-0.0562,0.9552,0.9974
Hibch,Hibch,761.7062,0.1171,0.1016,1.1523,0.2492,0.8923
Hic1,Hic1,4.7992,0.7284,0.6758,1.0779,0.2811,
Hic2,Hic2,119.6999,0.1369,0.1371,0.9986,0.318,0.9173
Hid1,Hid1,1109.8879,-0.2462,0.1091,-2.2553,0.0241,0.6252
Hif1a,Hif1a,6381.3498,0.0095,0.1566,0.0607,0.9516,0.9974
Hif1an,Hif1an,2473.8531,-0.0507,0.0714,-0.7104,0.4774,0.949
Hif3a,Hif3a,1.7418,0.5003,1.1599,0.4313,0.6662,
Higd1a,Higd1a,1538.9123,-0.4681,0.143,-3.2726,0.0011,0.2398
Higd2a,Higd2a,1083.3022,-0.0412,0.0919,-0.4484,0.6538,0.9687
Hilpda,Hilpda,416.0445,-0.3536,0.0893,-3.9604,0.0001,0.0581
Hils1,Hils1,4.4489,0.6424,0.7147,0.8989,0.3687,
Hinfp,Hinfp,287.093,0.0971,0.0991,0.9804,0.3269,0.9197
Hint1,Hint1,4549.4715,-0.0958,0.0691,-1.3856,0.1659,0.8598
Hint2,Hint2,256.3115,-0.0916,0.1108,-0.8271,0.4082,0.9376
Hint3,Hint3,153.8821,-0.0088,0.1214,-0.0728,0.942,0.9971
Hip1,Hip1,4852.9484,0.0806,0.0904,0.8916,0.3726,0.9295
Hip1r,Hip1r,1578.8337,-0.1172,0.0735,-1.596,0.1105,0.8103
Hipk1,Hipk1,3498.8439,0.0996,0.0845,1.1782,0.2387,0.8923
Hipk2,Hipk2,250.4427,-0.0064,0.1409,-0.0455,0.9637,0.9974
Hipk3,Hipk3,3479.4904,0.0268,0.1642,0.1634,0.8702,0.9906
Hipk4,Hipk4,38.6455,0.3157,0.2421,1.3041,0.1922,0.8745
Hira,Hira,1639.1641,0.0613,0.0698,0.8785,0.3797,0.9303
Hirip3,Hirip3,613.1131,-0.0777,0.1093,-0.7109,0.4772,0.949
Hist1h1a,Hist1h1a,1.4526,-0.5315,1.2974,-0.4097,0.6821,
Hist1h1b,Hist1h1b,5.6872,-1.0829,0.6173,-1.7544,0.0794,
Hist1h1c,Hist1h1c,2123.3093,-0.0829,0.1715,-0.4831,0.629,0.9676
Hist1h1d,Hist1h1d,19.9039,0.2907,0.3265,0.8902,0.3733,
Hist1h1e,Hist1h1e,15.2247,-0.1095,0.4772,-0.2295,0.8185,
Hist1h1t,Hist1h1t,0.5705,-1.1246,1.984,-0.5668,0.5708,
Hist1h2ab,Hist1h2ab,1.3369,-0.213,1.2873,-0.1654,0.8686,
Hist1h2ac,Hist1h2ac,3.0835,0.1928,0.7698,0.2505,0.8022,
Hist1h2ad,Hist1h2ad,4.0498,-0.8933,0.7637,-1.1697,0.2421,
Hist1h2ae,Hist1h2ae,6.8394,-0.1216,0.5595,-0.2173,0.828,
Hist1h2af,Hist1h2af,0.3824,-0.4591,2.463,-0.1864,0.8521,
Hist1h2ag,Hist1h2ag,3.3025,0.2173,0.8857,0.2453,0.8062,
Hist1h2ah,Hist1h2ah,0.968,1.14,1.6347,0.6974,0.4856,
Hist1h2ai,Hist1h2ai,1.1541,-0.287,1.3918,-0.2062,0.8366,
Hist1h2ak,Hist1h2ak,0.4887,-1.3328,1.9686,-0.677,0.4984,
Hist1h2an,Hist1h2an,0.4898,0.5877,2.0238,0.2904,0.7715,
Hist1h2bb,Hist1h2bb,4.5482,1.9992,1.0055,1.9882,0.0468,
Hist1h2bc,Hist1h2bc,492.1285,-0.2245,0.1548,-1.4507,0.1469,0.8425
Hist1h2be,Hist1h2be,22.3649,-0.2233,0.3701,-0.6034,0.5463,0.9571
Hist1h2bf,Hist1h2bf,0.5785,0.7589,1.7926,0.4234,0.672,
Hist1h2bg,Hist1h2bg,15.1706,-0.5512,0.4928,-1.1184,0.2634,
Hist1h2bh,Hist1h2bh,3.0859,-0.2222,0.7822,-0.2841,0.7764,
Hist1h2bj,Hist1h2bj,3.7162,-1.0337,0.9927,-1.0413,0.2978,
Hist1h2bk,Hist1h2bk,1.7257,-0.5677,1.1705,-0.485,0.6277,
Hist1h2bl,Hist1h2bl,0.7735,-0.1136,1.8642,-0.061,0.9514,
Hist1h2bm,Hist1h2bm,0.7742,-0.1428,1.5218,-0.0939,0.9252,
Hist1h2bn,Hist1h2bn,0.8725,1.4399,1.8784,0.7666,0.4433,
Hist1h2bp,Hist1h2bp,0.4818,-2.2405,2.2839,-0.981,0.3266,
Hist1h3a,Hist1h3a,1.6138,-1.0283,1.6975,-0.6058,0.5447,
Hist1h3b,Hist1h3b,1.8231,-1.295,1.178,-1.0994,0.2716,
Hist1h3c,Hist1h3c,3.064,-0.4104,0.866,-0.4739,0.6356,
Hist1h3d,Hist1h3d,6.708,-0.2681,0.6137,-0.4369,0.6622,
Hist1h3e,Hist1h3e,1.4465,-0.4028,1.1757,-0.3427,0.7319,
Hist1h3f,Hist1h3f,1.5243,0.1579,1.2675,0.1246,0.9009,
Hist1h3g,Hist1h3g,2.512,-0.129,0.8921,-0.1446,0.885,
Hist1h3h,Hist1h3h,1.1432,1.8121,1.4663,1.2359,0.2165,
Hist1h3i,Hist1h3i,3.3371,0.0325,0.9025,0.036,0.9713,
Hist1h4a,Hist1h4a,1.3379,-0.9768,1.3548,-0.721,0.4709,
Hist1h4b,Hist1h4b,0.6772,0.9046,1.8809,0.481,0.6305,
Hist1h4c,Hist1h4c,1.3473,-2.0905,1.4664,-1.4256,0.154,
Hist1h4d,Hist1h4d,2.3132,0.4028,0.9199,0.4379,0.6615,
Hist1h4f,Hist1h4f,0.5703,0.2014,2.0304,0.0992,0.921,
Hist1h4h,Hist1h4h,6.3308,0.1627,0.5749,0.283,0.7772,
Hist1h4i,Hist1h4i,61.7691,-0.0222,0.245,-0.0906,0.9278,0.9957
Hist1h4k,Hist1h4k,0.8818,-0.8469,1.7613,-0.4808,0.6306,
Hist1h4n,Hist1h4n,2.8831,0.1788,0.8794,0.2033,0.8389,
Hist2h2ac,Hist2h2ac,0.5813,-1.3212,2.1988,-0.6009,0.5479,
Hist2h2bb,Hist2h2bb,7.6202,0.4751,0.5738,0.828,0.4077,
Hist2h2be,Hist2h2be,42.1091,-0.0273,0.2524,-0.1082,0.9138,0.9944
Hist2h4,Hist2h4,1.5403,0.3943,1.173,0.3362,0.7368,
Hist3h2a,Hist3h2a,144.9177,-0.1995,0.1464,-1.3628,0.1729,0.8614
Hist3h2ba,Hist3h2ba,0.382,0.9683,2.4741,0.3914,0.6955,
Hist3h2bb-ps,Hist3h2bb-ps,0.7758,0.6241,1.5137,0.4123,0.6801,
Hist4h4,Hist4h4,1.3371,-0.9759,1.3546,-0.7204,0.4713,
Hivep1,Hivep1,1096.7859,-0.0753,0.1731,-0.4348,0.6637,0.9702
Hivep2,Hivep2,1471.4079,-0.0089,0.1593,-0.0561,0.9553,0.9974
Hivep3,Hivep3,93.5286,0.2824,0.1913,1.4762,0.1399,0.8363
Hjurp,Hjurp,124.1857,0.3586,0.3632,0.9874,0.3235,0.9197
Hk1,Hk1,7521.0765,-0.108,0.0644,-1.6764,0.0937,0.7872
Hk1os,Hk1os,5.4148,-0.1394,0.6121,-0.2277,0.8198,
Hk2,Hk2,1735.1745,-0.2906,0.1272,-2.2851,0.0223,0.6144
Hkdc1,Hkdc1,0.6769,-0.0273,1.7282,-0.0158,0.9874,
Hlcs,Hlcs,407.9986,0.1742,0.0935,1.8635,0.0624,0.7549
Hlf,Hlf,30.4601,-0.7655,0.5784,-1.3236,0.1856,0.874
Hltf,Hltf,450.7418,0.1561,0.1883,0.8289,0.4072,0.9373
Hlx,Hlx,473.0635,-0.0298,0.1118,-0.2662,0.79,0.9865
Hmbox1,Hmbox1,262.4163,-0.0056,0.1157,-0.0486,0.9613,0.9974
Hmbs,Hmbs,943.6563,-0.0129,0.0945,-0.137,0.891,0.992
Hmces,Hmces,869.2814,-0.0882,0.0705,-1.2504,0.2111,0.8875
Hmcn1,Hmcn1,246.025,-0.123,0.1597,-0.7704,0.4411,0.9455
Hmg20a,Hmg20a,1530.77,0.0025,0.0549,0.0456,0.9636,0.9974
Hmg20b,Hmg20b,1650.3923,-0.0946,0.0683,-1.3847,0.1661,0.8608
Hmga1,Hmga1,33.218,0.0323,0.395,0.0818,0.9348,0.9966
Hmga2,Hmga2,1370.2583,-0.0868,0.1351,-0.642,0.5209,0.9555
Hmga2-ps1,Hmga2-ps1,435.3319,0.1068,0.205,0.5211,0.6023,0.966
Hmgb1,Hmgb1,6272.3164,0.1011,0.1427,0.7085,0.4786,0.9498
Hmgb2,Hmgb2,2340.2616,-0.0779,0.1853,-0.4201,0.6744,0.9711
Hmgb3,Hmgb3,779.0706,-0.0544,0.1469,-0.3703,0.7111,0.9756
Hmgcl,Hmgcl,896.4382,-0.0301,0.0864,-0.3486,0.7274,0.9796
Hmgcll1,Hmgcll1,5.1865,0.6901,0.618,1.1166,0.2641,
Hmgcr,Hmgcr,3543.9592,-0.1923,0.1092,-1.7605,0.0783,0.7682
Hmgcs1,Hmgcs1,6513.1569,-0.0134,0.1022,-0.1315,0.8953,0.9927
Hmgcs2,Hmgcs2,1.6316,2.0019,1.1885,1.6843,0.0921,
Hmgn1,Hmgn1,9020.1061,-0.0047,0.0694,-0.068,0.9458,0.9971
Hmgn2,Hmgn2,2314.3423,-0.2278,0.0997,-2.2844,0.0223,0.6144
Hmgn3,Hmgn3,1129.2217,0.0545,0.0584,0.9333,0.3506,0.9271
Hmgn5,Hmgn5,65.4483,0.482,0.2315,2.0823,0.0373,0.6888
Hmgxb3,Hmgxb3,1761.2949,0.1,0.0837,1.1945,0.2323,0.8923
Hmgxb4,Hmgxb4,1030.8543,0.0122,0.1028,0.1191,0.9052,0.9939
Hmha1,Hmha1,13.9748,0.0262,0.3811,0.0688,0.9451,
Hmmr,Hmmr,935.6346,-0.0331,0.1686,-0.196,0.8446,0.9906
Hmox1,Hmox1,2195.6078,-0.0748,0.1742,-0.4297,0.6674,0.9702
Hmox2,Hmox2,1481.3288,-0.0226,0.079,-0.2859,0.7749,0.985
Hmx2,Hmx2,21.8112,-0.2112,0.3399,-0.6214,0.5344,0.9571
Hn1,Hn1,5659.0694,-0.1712,0.074,-2.3131,0.0207,0.6047
Hn1l,Hn1l,2369.2812,-0.0296,0.1062,-0.2789,0.7803,0.985
Hnf1a,Hnf1a,1.4444,-2.0872,1.3208,-1.5803,0.114,
Hnf1b,Hnf1b,1.1575,-1.0094,1.4181,-0.7118,0.4766,
Hnf4a,Hnf4a,1.0609,-0.802,1.43,-0.5608,0.5749,
Hnf4aos,Hnf4aos,1.0589,0.4093,1.4054,0.2913,0.7708,
Hnmt,Hnmt,6.397,-0.9233,0.6228,-1.4824,0.1382,
Hnrnpa0,Hnrnpa0,9373.5495,0.0374,0.0866,0.4323,0.6655,0.9702
Hnrnpa1,Hnrnpa1,148.5892,0.1425,0.1931,0.7378,0.4606,0.9483
Hnrnpa2b1,Hnrnpa2b1,14295.6803,-0.0135,0.0831,-0.1631,0.8704,0.9906
Hnrnpa3,Hnrnpa3,814.9859,0.2382,0.173,1.3768,0.1686,0.8614
Hnrnpab,Hnrnpab,20132.1064,-0.0655,0.0687,-0.9531,0.3405,0.9245
Hnrnpc,Hnrnpc,8542.3457,-0.0259,0.082,-0.3153,0.7525,0.9849
Hnrnpd,Hnrnpd,4334.6005,-0.0301,0.0839,-0.3585,0.72,0.9784
Hnrnpdl,Hnrnpdl,6060.9893,0.122,0.1387,0.8799,0.3789,0.9303
Hnrnpf,Hnrnpf,7023.6271,0.1444,0.2387,0.605,0.5452,0.9571
Hnrnph1,Hnrnph1,9279.5604,0.0344,0.0731,0.4714,0.6373,0.9681
Hnrnph2,Hnrnph2,4207.7651,0.0175,0.0928,0.1885,0.8505,0.9906
Hnrnph3,Hnrnph3,209.716,0.2966,0.1539,1.9276,0.0539,0.7358
Hnrnpk,Hnrnpk,24970.9479,0.0226,0.0701,0.3227,0.7469,0.9842
Hnrnpl,Hnrnpl,8256.2394,-0.0668,0.0711,-0.9406,0.3469,0.9257
Hnrnpll,Hnrnpll,2587.5304,-0.0424,0.0623,-0.6815,0.4956,0.9515
Hnrnpm,Hnrnpm,5604.3474,-0.0663,0.0942,-0.7044,0.4812,0.9506
Hnrnpr,Hnrnpr,3956.1485,0.0848,0.0625,1.3572,0.1747,0.8614
Hnrnpu,Hnrnpu,13690.3325,0.0731,0.0851,0.8596,0.39,0.9331
Hnrnpul1,Hnrnpul1,5200.3954,-0.0478,0.0687,-0.6952,0.4869,0.9515
Hnrnpul2,Hnrnpul2,3923.1343,-0.0211,0.056,-0.3759,0.707,0.9744
Hoga1,Hoga1,100.7291,-0.0017,0.1514,-0.0115,0.9908,0.9993
Homer1,Homer1,485.4728,-0.1015,0.145,-0.6996,0.4842,0.9515
Homer3,Homer3,841.37,-0.1072,0.1003,-1.0688,0.2852,0.9079
Homez,Homez,352.0823,0.0482,0.1142,0.4222,0.6729,0.971
Hook1,Hook1,5.2754,-0.1918,0.6407,-0.2994,0.7646,
Hook2,Hook2,625.2366,0.0191,0.0747,0.2561,0.7979,0.9871
Hook3,Hook3,1311.5321,0.1487,0.1954,0.7612,0.4466,0.9455
Hopx,Hopx,625.0483,0.2428,0.1287,1.8869,0.0592,0.749
Hormad2,Hormad2,6.7247,-0.0078,0.5362,-0.0145,0.9885,
Hotair,Hotair,141.9178,0.4085,0.2085,1.9593,0.0501,0.7227
Hotairm1,Hotairm1,79.8799,-0.1197,0.1728,-0.6929,0.4884,0.9515
Hottip,Hottip,0.6779,3.0467,2.0086,1.5168,0.1293,
Hoxa1,Hoxa1,125.9102,-0.0315,0.1446,-0.2175,0.8278,0.9906
Hoxa10,Hoxa10,1634.6273,0.1279,0.0922,1.3875,0.1653,0.8598
Hoxa11,Hoxa11,962.0021,0.1879,0.12,1.5651,0.1176,0.8127
Hoxa11os,Hoxa11os,829.6617,0.1299,0.1554,0.8362,0.403,0.9365
Hoxa13,Hoxa13,59.3556,0.1822,0.2493,0.7309,0.4648,0.9483
Hoxa2,Hoxa2,43.7581,0.4169,0.2342,1.7798,0.0751,0.7682
Hoxa3,Hoxa3,99.6338,0.4069,0.1562,2.6056,0.0092,0.4763
Hoxa4,Hoxa4,25.9983,0.0739,0.2697,0.2738,0.7842,0.985
Hoxa5,Hoxa5,122.4822,0.1009,0.1343,0.7512,0.4526,0.9468
Hoxa6,Hoxa6,29.5125,0.5631,0.2716,2.0732,0.0382,0.6923
Hoxa7,Hoxa7,263.3805,0.024,0.1544,0.1554,0.8765,0.9914
Hoxa9,Hoxa9,732.9636,0.1759,0.1297,1.3564,0.175,0.8614
Hoxaas2,Hoxaas2,24.6476,0.062,0.2826,0.2194,0.8263,0.9905
Hoxaas3,Hoxaas3,9.1223,-0.5102,0.4961,-1.0285,0.3037,
Hoxb13,Hoxb13,0.4893,-0.3323,2.3666,-0.1404,0.8883,
Hoxb2,Hoxb2,0.5808,-2.5192,1.853,-1.3595,0.174,
Hoxb3,Hoxb3,15.9024,0.2396,0.3705,0.6467,0.5178,
Hoxb4,Hoxb4,18.1819,-0.6635,0.3944,-1.6821,0.0925,
Hoxb5,Hoxb5,1.9248,-1.4879,1.2794,-1.163,0.2448,
Hoxb6,Hoxb6,2.4166,-1.3446,1.0642,-1.2635,0.2064,
Hoxb7,Hoxb7,2.9913,1.1279,0.9147,1.2331,0.2175,
Hoxb8,Hoxb8,1.144,1.8169,1.4663,1.2391,0.2153,
Hoxb9,Hoxb9,0.4839,0.2714,2.3914,0.1135,0.9096,
Hoxc10,Hoxc10,1554.1386,-0.0212,0.0625,-0.3388,0.7348,0.9803
Hoxc11,Hoxc11,538.3369,0.0156,0.1055,0.1482,0.8822,0.9914
Hoxc12,Hoxc12,49.7214,0.2492,0.2262,1.1017,0.2706,0.9028
Hoxc13,Hoxc13,549.3729,0.0857,0.1227,0.6987,0.4847,0.9515
Hoxc4,Hoxc4,271.7615,-0.066,0.1337,-0.4938,0.6214,0.966
Hoxc5,Hoxc5,65.7226,0.4017,0.2801,1.4343,0.1515,0.8466
Hoxc6,Hoxc6,373.8918,0.1317,0.1208,1.0904,0.2755,0.9068
Hoxc8,Hoxc8,39.413,0.1954,0.2604,0.7503,0.4531,0.947
Hoxc9,Hoxc9,573.7147,0.1535,0.1196,1.2837,0.1993,0.8828
Hp,Hp,77.5822,-1.396,0.8951,-1.5596,0.1189,0.8127
Hp1bp3,Hp1bp3,7799.2425,0.0515,0.0825,0.6238,0.5328,0.9571
Hpca,Hpca,0.7672,2.2337,1.6502,1.3536,0.1759,
Hpcal1,Hpcal1,1828.8351,-0.1125,0.0695,-1.6191,0.1054,0.8
Hpd,Hpd,0.586,0.098,1.9336,0.0507,0.9596,
Hpdl,Hpdl,20.9306,-0.0265,0.3347,-0.0792,0.9369,0.9971
Hpgd,Hpgd,383.9484,0.6766,0.1756,3.8535,0.0001,0.0851
Hpgds,Hpgds,0.7737,-0.1192,1.6757,-0.0711,0.9433,
Hpn,Hpn,0.9646,1.0272,1.5932,0.6448,0.5191,
Hprt,Hprt,3373.9932,-0.0762,0.0749,-1.0171,0.3091,0.9169
Hps1,Hps1,596.1484,0.0052,0.1312,0.04,0.9681,0.9974
Hps3,Hps3,557.8674,0.1572,0.0906,1.7353,0.0827,0.7755
Hps4,Hps4,573.0572,-0.0523,0.0789,-0.6621,0.5079,0.9528
Hps5,Hps5,1324.2297,0.0453,0.0609,0.7439,0.4569,0.9483
Hps6,Hps6,755.9568,0.0065,0.0658,0.0981,0.9219,0.9957
Hpse,Hpse,904.1417,0.0301,0.1178,0.2551,0.7987,0.9871
Hpx,Hpx,8.4844,0.302,0.4923,0.6134,0.5396,
Hr,Hr,1347.7518,-0.058,0.1049,-0.5529,0.5803,0.9633
Hras,Hras,1468.4875,-0.1494,0.0829,-1.8011,0.0717,0.7617
Hrasls,Hrasls,7.6516,-0.1545,0.5578,-0.2769,0.7818,
Hrc,Hrc,2506.4387,-0.134,0.1415,-0.9475,0.3434,0.9246
Hrct1,Hrct1,20.8637,-0.2169,0.3067,-0.7072,0.4794,0.9501
Hrh1,Hrh1,15.1066,-0.5027,0.4054,-1.24,0.215,
Hrh3,Hrh3,6.4335,-0.1095,0.6254,-0.1751,0.861,
Hrsp12,Hrsp12,483.505,0.0358,0.0888,0.4032,0.6868,0.9717
Hs1bp3,Hs1bp3,1575.8234,-0.0021,0.0739,-0.0291,0.9768,0.9975
Hs2st1,Hs2st1,5955.0181,-0.0034,0.0378,-0.0893,0.9288,0.9957
Hs3st1,Hs3st1,47.9389,-0.2318,0.2607,-0.889,0.374,0.9295
Hs3st3a1,Hs3st3a1,113.3513,0.0589,0.1738,0.339,0.7346,0.9803
Hs3st3b1,Hs3st3b1,74.3103,0.1465,0.1689,0.8674,0.3857,0.9315
Hs3st5,Hs3st5,4.6325,-1.4554,0.7888,-1.845,0.065,
Hs6st1,Hs6st1,2732.2435,-0.0343,0.0664,-0.5168,0.6053,0.966
Hs6st2,Hs6st2,2.118,-0.0754,0.9508,-0.0794,0.9368,
Hsbp1,Hsbp1,3926.573,-0.0828,0.0551,-1.5025,0.133,0.826
Hsbp1l1,Hsbp1l1,4.0177,1.2146,0.7384,1.6448,0.1,
Hscb,Hscb,235.8824,0.0043,0.1269,0.0337,0.9731,0.9974
Hsd11b1,Hsd11b1,3996.4709,0.1199,0.2238,0.536,0.5919,0.964
Hsd11b2,Hsd11b2,9.3486,-0.3004,0.4543,-0.6612,0.5085,
Hsd17b1,Hsd17b1,8.3913,0.235,0.49,0.4796,0.6315,
Hsd17b10,Hsd17b10,1830.3452,-0.0421,0.0892,-0.4719,0.637,0.9681
Hsd17b11,Hsd17b11,1043.0757,0.0032,0.0921,0.0347,0.9723,0.9974
Hsd17b12,Hsd17b12,3937.3683,-0.1654,0.0576,-2.8726,0.0041,0.3664
Hsd17b13,Hsd17b13,4.7929,0.0245,0.7033,0.0349,0.9722,
Hsd17b14,Hsd17b14,9.3485,-0.3597,0.5703,-0.6308,0.5282,
Hsd17b4,Hsd17b4,4313.5658,0.0373,0.0879,0.4249,0.6709,0.9702
Hsd17b7,Hsd17b7,1154.0403,-0.0212,0.0725,-0.2929,0.7696,0.985
Hsd3b3,Hsd3b3,2.78,1.1749,0.9523,1.2338,0.2173,
Hsd3b7,Hsd3b7,688.1636,-0.2291,0.1394,-1.6431,0.1004,0.7895
Hsdl1,Hsdl1,617.3602,-0.2881,0.0858,-3.3574,0.0008,0.2269
Hsdl2,Hsdl2,1565.2189,0.0547,0.0716,0.7642,0.4447,0.9455
Hsf1,Hsf1,1967.9638,-0.0338,0.0635,-0.5318,0.5948,0.964
Hsf2,Hsf2,1144.147,-0.0823,0.0783,-1.0522,0.2927,0.9096
Hsf2bp,Hsf2bp,96.3166,-0.2994,0.1857,-1.6121,0.1069,0.8021
Hsf4,Hsf4,227.2963,0.0607,0.1297,0.4675,0.6401,0.9681
Hsf5,Hsf5,2.4078,0.5261,0.902,0.5832,0.5597,
Hsh2d,Hsh2d,0.6779,-0.8451,1.6015,-0.5277,0.5977,
Hsp90aa1,Hsp90aa1,12659.868,0.1156,0.1719,0.6727,0.5012,0.9515
Hsp90ab1,Hsp90ab1,88541.844,-0.06,0.0424,-1.4163,0.1567,0.8517
Hsp90b1,Hsp90b1,28303.9255,-0.0317,0.1587,-0.1996,0.8418,0.9906
Hspa12a,Hspa12a,1206.8121,0.0117,0.1119,0.1049,0.9165,0.995
Hspa12b,Hspa12b,140.3641,-0.1636,0.1406,-1.1633,0.2447,0.8923
Hspa13,Hspa13,2881.6585,0.0884,0.1214,0.7285,0.4663,0.9483
Hspa14,Hspa14,1817.8271,-0.0013,0.0719,-0.0185,0.9852,0.9991
Hspa1a,Hspa1a,175.7212,-0.1081,0.119,-0.9085,0.3636,0.9295
Hspa1b,Hspa1b,1267.9369,-0.0202,0.065,-0.3105,0.7562,0.9849
Hspa1l,Hspa1l,103.0439,0.0723,0.1537,0.4706,0.6379,0.9681
Hspa2,Hspa2,660.3407,-0.1425,0.0804,-1.7726,0.0763,0.7682
Hspa4,Hspa4,10579.4808,0.0573,0.0724,0.7917,0.4285,0.9441
Hspa4l,Hspa4l,1936.6601,0.0532,0.0763,0.6974,0.4855,0.9515
Hspa5,Hspa5,33277.1648,-0.0173,0.123,-0.1406,0.8882,0.992
Hspa8,Hspa8,41072.6191,-0.035,0.1013,-0.3459,0.7294,0.9797
Hspa9,Hspa9,22781.1496,-0.053,0.082,-0.6459,0.5183,0.9553
Hspb1,Hspb1,5234.3015,-0.1781,0.1275,-1.3971,0.1624,0.8592
Hspb11,Hspb11,480.6362,-0.137,0.1075,-1.2744,0.2025,0.8841
Hspb2,Hspb2,564.167,0.1465,0.2179,0.6724,0.5013,0.9515
Hspb3,Hspb3,99.1802,-0.0212,0.2226,-0.0952,0.9242,0.9957
Hspb6,Hspb6,801.4633,-0.1741,0.0977,-1.7819,0.0748,0.7682
Hspb7,Hspb7,817.514,-0.4394,0.1994,-2.2038,0.0275,0.6379
Hspb8,Hspb8,5235.9197,-0.0629,0.0929,-0.6771,0.4984,0.9515
Hspb9,Hspb9,6.5398,0.5556,0.5746,0.9668,0.3336,
Hspbap1,Hspbap1,408.7611,0.0133,0.1387,0.0956,0.9238,0.9957
Hspbp1,Hspbp1,717.5218,-0.1376,0.0874,-1.5737,0.1155,0.8127
Hspd1,Hspd1,10186.3245,0.0478,0.0695,0.6869,0.4921,0.9515
Hspe1,Hspe1,3347.3428,-0.111,0.0607,-1.8279,0.0676,0.7617
Hspg2,Hspg2,35227.3326,0.0345,0.0931,0.3707,0.7109,0.9755
Hsph1,Hsph1,4488.2951,0.0135,0.0554,0.2435,0.8077,0.9881
Htatip2,Htatip2,91.0945,-0.0998,0.2637,-0.3784,0.7051,0.9744
Htatsf1,Htatsf1,1478.1131,0.0973,0.14,0.6951,0.487,0.9515
Htr1b,Htr1b,10.7651,-0.1812,0.4361,-0.4155,0.6777,
Htr1d,Htr1d,17.7638,-1.0355,0.4465,-2.3191,0.0204,
Htr2a,Htr2a,9.6268,0.5135,0.6897,0.7444,0.4566,
Htr2b,Htr2b,199.106,-0.2291,0.2481,-0.9236,0.3557,0.9295
Htr4,Htr4,0.3844,2.1809,2.3996,0.9089,0.3634,
Htr6,Htr6,3.8462,-0.1085,0.7505,-0.1446,0.885,
Htr7,Htr7,35.6905,0.0142,0.354,0.0401,0.968,0.9974
Htra1,Htra1,15897.5579,0.0971,0.0873,1.1119,0.2662,0.8981
Htra2,Htra2,1560.5965,-0.0667,0.0919,-0.7251,0.4684,0.9483
Htra3,Htra3,1978.2778,0.0723,0.082,0.8818,0.3779,0.9303
Htra4,Htra4,7.306,0.3495,0.6553,0.5334,0.5938,
Htt,Htt,2228.2873,0.0251,0.0549,0.4569,0.6477,0.9684
Hunk,Hunk,32.1339,0.0698,0.2538,0.275,0.7833,0.985
Hus1,Hus1,502.8731,0.0141,0.12,0.1174,0.9065,0.9939
Hus1b,Hus1b,0.4814,-0.9492,2.3281,-0.4077,0.6835,
Huwe1,Huwe1,8995.5562,0.0889,0.0665,1.3358,0.1816,0.8711
Hvcn1,Hvcn1,31.0953,-0.0089,0.3144,-0.0283,0.9774,0.9976
Hyal1,Hyal1,233.8363,0.1484,0.1378,1.0767,0.2816,0.9074
Hyal2,Hyal2,1259.648,0.0139,0.1099,0.1265,0.8993,0.9931
Hyal3,Hyal3,20.422,0.2163,0.315,0.6865,0.4924,0.9515
Hydin,Hydin,4.6066,-0.9577,0.8655,-1.1066,0.2685,
Hyi,Hyi,321.791,0.1042,0.1225,0.8511,0.3947,0.9341
Hykk,Hykk,65.3203,0.1119,0.1773,0.6312,0.5279,0.9565
Hyls1,Hyls1,352.8565,-0.3303,0.1546,-2.1369,0.0326,0.6622
Hyou1,Hyou1,7070.6119,-0.1061,0.126,-0.8416,0.4,0.9354
Hypk,Hypk,2163.8157,-0.1247,0.0699,-1.7853,0.0742,0.7682
I830077J02Rik,I830077J02Rik,0.4823,-2.2296,1.9591,-1.1381,0.2551,
Iah1,Iah1,572.5469,-0.0686,0.0865,-0.7923,0.4282,0.944
Iars,Iars,5687.8993,0.016,0.0635,0.2517,0.8013,0.9871
Iars2,Iars2,3080.2424,0.0624,0.0819,0.7618,0.4462,0.9455
Iba57,Iba57,229.7324,-0.0131,0.1076,-0.1217,0.9031,0.9939
Ibtk,Ibtk,2174.9767,0.1143,0.0954,1.1975,0.2311,0.8923
Ica1,Ica1,453.5396,-0.0901,0.0989,-0.9112,0.3622,0.9295
Ica1l,Ica1l,12.7039,-0.1296,0.4179,-0.3101,0.7565,
Icam1,Icam1,3.6558,-0.5446,0.7308,-0.7453,0.4561,
Icam2,Icam2,1.3405,-2.7515,1.6351,-1.6828,0.0924,
Icam4,Icam4,8.7787,-0.5468,0.5183,-1.0549,0.2915,
Icam5,Icam5,32.9891,0.1598,0.2624,0.6089,0.5426,0.9571
Ice1,Ice1,2836.5579,0.0276,0.0737,0.3739,0.7085,0.9746
Ice2,Ice2,382.9419,0.2777,0.1576,1.7627,0.078,0.7682
Ick,Ick,1156.5184,0.0965,0.0774,1.2465,0.2126,0.8877
Icmt,Icmt,3495.9002,-0.0593,0.0512,-1.1575,0.2471,0.8923
Icosl,Icosl,0.6775,-0.8624,1.7237,-0.5003,0.6169,
Ict1,Ict1,878.6997,-0.0982,0.069,-1.4223,0.155,0.8501
Id1,Id1,870.648,-0.2297,0.1292,-1.7782,0.0754,0.7682
Id2,Id2,1421.5753,-0.3057,0.2359,-1.2956,0.1951,0.8802
Id3,Id3,2887.2812,0.0698,0.0872,0.8006,0.4233,0.9417
Id4,Id4,4.3147,-0.3918,0.7719,-0.5076,0.6118,
Ide,Ide,3000.9219,0.1432,0.0747,1.9177,0.0551,0.7425
Idh1,Idh1,8188.0455,0.0462,0.0664,0.6959,0.4865,0.9515
Idh2,Idh2,5553.3253,-0.0849,0.0706,-1.2031,0.2289,0.8914
Idh3a,Idh3a,3805.5151,0.0279,0.0813,0.3438,0.731,0.98
Idh3b,Idh3b,2908.0616,-0.0774,0.0519,-1.4925,0.1356,0.8269
Idh3g,Idh3g,3420.8439,-0.0837,0.0808,-1.0361,0.3002,0.9154
Idi1,Idi1,1012.2109,-0.0156,0.2421,-0.0645,0.9486,0.9974
Idi2,Idi2,0.4829,1.4601,2.0207,0.7226,0.47,
Idnk,Idnk,318.0947,-0.0987,0.0996,-0.9907,0.3218,0.9197
Ido1,Ido1,0.8642,0.0794,1.8636,0.0426,0.966,
Ido2,Ido2,2.5997,0.3283,0.8671,0.3786,0.705,
Ids,Ids,2209.9988,0.0201,0.1555,0.1294,0.897,0.9927
Idua,Idua,258.08,0.0901,0.1228,0.7335,0.4632,0.9483
Ier2,Ier2,3138.6708,-0.2302,0.397,-0.58,0.5619,0.9579
Ier3,Ier3,1552.7174,-0.4566,0.2423,-1.8844,0.0595,0.749
Ier3ip1,Ier3ip1,2216.9345,-0.0363,0.0591,-0.6131,0.5398,0.9571
Ier5,Ier5,2589.9307,-0.048,0.0706,-0.6793,0.4969,0.9515
Ier5l,Ier5l,584.562,-0.0982,0.0694,-1.4156,0.1569,0.8517
Iffo1,Iffo1,4654.3215,-0.0219,0.0902,-0.2432,0.8078,0.9881
Iffo2,Iffo2,1564.5761,-0.0791,0.0814,-0.9717,0.3312,0.9201
Ifi202b,Ifi202b,1363.1325,0.0899,0.18,0.4994,0.6175,0.966
Ifi203,Ifi203,363.2485,0.0945,0.1867,0.5062,0.6127,0.966
Ifi204,Ifi204,1048.1178,-0.0664,0.1806,-0.3675,0.7133,0.9766
Ifi205,Ifi205,2.5172,-0.5752,1.1464,-0.5017,0.6158,
Ifi27,Ifi27,3386.7278,-0.1616,0.1278,-1.2643,0.2061,0.886
Ifi27l2a,Ifi27l2a,36.1984,-0.4803,0.2619,-1.8336,0.0667,0.7616
Ifi30,Ifi30,873.209,-0.1278,0.0756,-1.691,0.0908,0.7855
Ifi35,Ifi35,643.2402,-0.0565,0.0743,-0.7598,0.4474,0.9455
Ifi44,Ifi44,19.8475,-0.1529,1.179,-0.1296,0.8968,
Ifi44l,Ifi44l,1.3373,-1.243,1.7626,-0.7052,0.4807,
Ifi47,Ifi47,121.2939,-0.1908,0.2634,-0.7243,0.4689,0.9483
Ifih1,Ifih1,125.6808,-0.0495,0.2654,-0.1865,0.8521,0.9906
Ifit1,Ifit1,63.3832,-0.0441,0.5451,-0.081,0.9355,0.997
Ifit1bl1,Ifit1bl1,3.6696,-0.3322,0.7549,-0.4401,0.6598,
Ifit1bl2,Ifit1bl2,2.3217,0.6425,0.9546,0.6731,0.5009,
Ifit2,Ifit2,613.0133,0.1372,0.158,0.8687,0.385,0.9315
Ifit3,Ifit3,104.9701,0.016,0.5789,0.0276,0.978,0.9976
Ifit3b,Ifit3b,30.9425,-0.1243,0.6018,-0.2065,0.8364,0.9906
Ifitm1,Ifitm1,144.3196,-0.3495,0.1827,-1.9133,0.0557,0.743
Ifitm10,Ifitm10,109.6687,-0.0161,0.2627,-0.0614,0.9511,0.9974
Ifitm2,Ifitm2,5360.3889,0.1015,0.1372,0.7398,0.4594,0.9483
Ifitm3,Ifitm3,7231.3768,-0.0764,0.1008,-0.7586,0.4481,0.9455
Ifitm5,Ifitm5,14.789,0.3019,0.584,0.5169,0.6052,
Ifitm6,Ifitm6,14.9294,-0.4016,0.4787,-0.839,0.4015,
Ifna13,Ifna13,0.3846,-1.8819,2.44,-0.7713,0.4405,
Ifnar1,Ifnar1,3125.4848,0.0757,0.0615,1.2299,0.2187,0.8877
Ifnar2,Ifnar2,2127.5419,0.1554,0.1038,1.4971,0.1344,0.826
Ifng,Ifng,2.3295,0.9573,1.0715,0.8934,0.3717,
Ifngr1,Ifngr1,2395.1016,0.0126,0.0699,0.1799,0.8572,0.9906
Ifngr2,Ifngr2,2373.1772,0.0293,0.0529,0.5545,0.5792,0.963
Ifnlr1,Ifnlr1,9.2413,0.3652,0.4849,0.7531,0.4514,
Ifnz,Ifnz,3.0206,-0.5817,0.9588,-0.6067,0.5441,
Ifrd1,Ifrd1,2125.0468,-0.0848,0.0894,-0.9484,0.3429,0.9246
Ifrd2,Ifrd2,624.0141,-0.0634,0.095,-0.6677,0.5043,0.9515
Ift122,Ift122,1578.1273,0.0384,0.08,0.48,0.6312,0.9681
Ift140,Ift140,1071.4132,0.0404,0.0617,0.6555,0.5121,0.9533
Ift172,Ift172,1373.7704,-0.0229,0.0968,-0.2364,0.8131,0.9887
Ift20,Ift20,1109.1799,-0.1113,0.0764,-1.4572,0.1451,0.8421
Ift22,Ift22,493.7064,-0.039,0.0792,-0.4927,0.6222,0.9665
Ift27,Ift27,615.209,0.1193,0.088,1.3553,0.1753,0.8614
Ift43,Ift43,1098.3508,-0.1683,0.0865,-1.946,0.0517,0.7276
Ift46,Ift46,2009.3946,-0.0624,0.0872,-0.7154,0.4744,0.949
Ift52,Ift52,1394.8943,-0.0203,0.0533,-0.3813,0.703,0.9743
Ift57,Ift57,1131.016,0.1204,0.0746,1.6141,0.1065,0.8019
Ift74,Ift74,452.3339,0.1661,0.1492,1.1134,0.2655,0.8981
Ift80,Ift80,1283.4529,0.1363,0.1548,0.8807,0.3785,0.9303
Ift81,Ift81,688.8382,0.1534,0.1634,0.9388,0.3478,0.9264
Ift88,Ift88,447.2046,0.1185,0.0841,1.4088,0.1589,0.8557
Igbp1,Igbp1,1973.5204,-0.058,0.0615,-0.942,0.3462,0.9253
Igdcc4,Igdcc4,2386.3409,0.236,0.0973,2.4257,0.0153,0.5682
Igf1,Igf1,2108.4066,0.2949,0.0823,3.5845,0.0003,0.1554
Igf1r,Igf1r,2129.8148,0.086,0.127,0.6775,0.4981,0.9515
Igf2,Igf2,18091.3692,0.0371,0.1804,0.2057,0.8371,0.9906
Igf2bp1,Igf2bp1,6.2341,0.8909,0.6401,1.3919,0.1639,
Igf2bp2,Igf2bp2,1527.0968,-0.1468,0.1763,-0.8328,0.4049,0.9365
Igf2bp3,Igf2bp3,43.3682,0.0116,0.2481,0.0469,0.9626,0.9974
Igf2os,Igf2os,23.251,0.0183,0.3263,0.0559,0.9554,0.9974
Igf2r,Igf2r,5516.8405,-0.0767,0.0776,-0.9878,0.3232,0.9197
Igfals,Igfals,4.825,0.164,0.6166,0.2661,0.7902,
Igfbp1,Igfbp1,0.8671,1.5366,1.6265,0.9447,0.3448,
Igfbp2,Igfbp2,9775.6858,-0.1242,0.0861,-1.4423,0.1492,0.8436
Igfbp3,Igfbp3,217.6987,-0.0986,0.2221,-0.4441,0.657,0.9699
Igfbp4,Igfbp4,15117.0386,0.341,0.2353,1.4495,0.1472,0.8425
Igfbp5,Igfbp5,42611.84,-0.1436,0.0762,-1.8859,0.0593,0.749
Igfbp6,Igfbp6,3250.2511,0.0878,0.1363,0.6443,0.5194,0.9553
Igfbp7,Igfbp7,14495.5154,-0.0189,0.1103,-0.1715,0.8638,0.9906
Igflr1,Igflr1,32.1977,-0.3161,0.242,-1.3061,0.1915,0.8743
Igfn1,Igfn1,51.5287,-0.5139,0.2272,-2.2619,0.0237,0.624
Ighmbp2,Ighmbp2,533.054,-0.0843,0.0827,-1.0189,0.3082,0.9169
Igip,Igip,83.9018,0.3023,0.2195,1.3775,0.1683,0.8614
Igll1,Igll1,2.2238,0.2514,0.9716,0.2588,0.7958,
Iglon5,Iglon5,79.7114,-0.3941,0.2294,-1.7184,0.0857,0.7807
Igsf1,Igsf1,0.2941,0.8438,2.6255,0.3214,0.7479,
Igsf10,Igsf10,692.3219,0.1199,0.1162,1.0321,0.302,0.9164
Igsf11,Igsf11,53.4723,-0.1246,0.1969,-0.6326,0.527,0.9565
Igsf23,Igsf23,2.6178,0.8342,0.9358,0.8915,0.3727,
Igsf3,Igsf3,3219.6382,0.1536,0.0944,1.6267,0.1038,0.7977
Igsf5,Igsf5,16.4609,-0.2408,0.3443,-0.6994,0.4843,
Igsf6,Igsf6,4.0559,-0.3406,0.7039,-0.484,0.6284,
Igsf8,Igsf8,2534.4029,0.0512,0.0744,0.6885,0.4912,0.9515
Igsf9,Igsf9,45.587,0.0111,0.2437,0.0453,0.9638,0.9974
Igsf9b,Igsf9b,2.788,0.176,0.8961,0.1964,0.8443,
Igtp,Igtp,155.0894,-0.0404,0.1501,-0.2692,0.7877,0.9865
Ihh,Ihh,2.6981,-0.8529,0.8926,-0.9555,0.3393,
Iigp1,Iigp1,17.769,0.226,0.7419,0.3046,0.7606,
Ik,Ik,4386.8138,0.112,0.0619,1.809,0.0705,0.7617
Ikbip,Ikbip,3720.4347,0.0823,0.0816,1.0077,0.3136,0.9173
Ikbkap,Ikbkap,2352.6293,0.0475,0.0928,0.5111,0.6093,0.966
Ikbkb,Ikbkb,1832.0065,-0.0141,0.0573,-0.2465,0.8053,0.9875
Ikbke,Ikbke,342.0658,0.0644,0.1094,0.5883,0.5564,0.9576
Ikbkg,Ikbkg,2768.1187,0.0434,0.1116,0.3888,0.6975,0.9736
Ikzf1,Ikzf1,0.3915,-0.9435,2.4475,-0.3855,0.6999,
Ikzf2,Ikzf2,267.1629,0.1518,0.1828,0.8305,0.4062,0.9371
Ikzf4,Ikzf4,6.6381,0.5657,0.6154,0.9193,0.358,
Ikzf5,Ikzf5,627.6111,0.1007,0.1439,0.6999,0.484,0.9515
Il10rb,Il10rb,1051.604,0.0178,0.0827,0.2157,0.8292,0.9906
Il11,Il11,25.7294,-0.0587,0.3267,-0.1796,0.8575,0.9906
Il11ra1,Il11ra1,492.5764,0.3047,0.1224,2.4896,0.0128,0.5382
Il12a,Il12a,201.4424,-0.1577,0.1749,-0.9018,0.3672,0.9295
Il12b,Il12b,1.0632,-0.1715,1.307,-0.1312,0.8956,
Il12rb1,Il12rb1,119.0785,0.2004,0.1713,1.1696,0.2422,0.8923
Il12rb2,Il12rb2,10.6742,-0.1086,0.4541,-0.2391,0.811,
Il13ra1,Il13ra1,2958.1456,0.0357,0.0765,0.4663,0.641,0.9681
Il13ra2,Il13ra2,165.7498,0.1041,0.3586,0.2904,0.7715,0.985
Il15,Il15,49.917,-0.4498,0.253,-1.7778,0.0754,0.7682
Il15ra,Il15ra,19.2582,-0.0216,0.3263,-0.0661,0.9473,
Il16,Il16,83.0852,0.381,0.2074,1.837,0.0662,0.7609
Il17b,Il17b,7.0269,0.1069,0.5436,0.1967,0.8441,
Il17c,Il17c,1.4409,0.6328,1.3051,0.4849,0.6278,
Il17d,Il17d,9.1601,0.0878,0.4913,0.1788,0.8581,
Il17ra,Il17ra,1306.0146,-0.0778,0.1113,-0.6996,0.4842,0.9515
Il17rb,Il17rb,2.7969,1.0016,0.8815,1.1363,0.2558,
Il17rc,Il17rc,1667.1347,0.0959,0.0517,1.8538,0.0638,0.7562
Il17rd,Il17rd,748.684,-0.0146,0.0791,-0.1844,0.8537,0.9906
Il17re,Il17re,20.0321,-0.3982,0.3178,-1.253,0.2102,
Il18,Il18,261.2614,-0.1755,0.1235,-1.4209,0.1553,0.8507
Il18bp,Il18bp,32.1508,-0.1362,0.2569,-0.5301,0.596,0.964
Il18r1,Il18r1,1.1604,-1.8662,1.5218,-1.2263,0.2201,
Il18rap,Il18rap,286.9944,0.1805,0.1797,1.0045,0.3151,0.9173
Il19,Il19,1.2465,-0.8797,1.4193,-0.6198,0.5354,
Il1a,Il1a,17.0589,-0.3806,0.3704,-1.0275,0.3042,
Il1b,Il1b,86.6832,-0.4334,0.2337,-1.8546,0.0637,0.7562
Il1bos,Il1bos,0.4801,-0.9574,2.0079,-0.4768,0.6335,
Il1f10,Il1f10,1.0609,-1.6947,1.5549,-1.0899,0.2758,
Il1f5,Il1f5,0.3844,2.1809,2.3996,0.9089,0.3634,
Il1f9,Il1f9,8.6101,-1.292,0.68,-1.9,0.0574,
Il1r1,Il1r1,3304.1218,0.2717,0.1149,2.365,0.018,0.582
Il1r2,Il1r2,2.7018,-0.1888,0.8408,-0.2245,0.8224,
Il1rap,Il1rap,471.832,-0.0081,0.2035,-0.0401,0.9681,0.9974
Il1rl1,Il1rl1,289.2467,0.2903,0.2968,0.9782,0.328,0.9197
Il1rn,Il1rn,639.4409,0.2002,0.1213,1.6502,0.0989,0.7895
Il2,Il2,2.1447,-0.3539,1.0452,-0.3385,0.735,
Il20rb,Il20rb,31.6685,-0.0325,0.2658,-0.1223,0.9027,0.9937
Il21r,Il21r,4.7088,-1.035,0.7142,-1.4492,0.1473,
Il22ra1,Il22ra1,1.0688,1.1193,1.5304,0.7314,0.4645,
Il23a,Il23a,0.6782,1.1291,1.7047,0.6623,0.5078,
Il23r,Il23r,9.5133,-0.2619,0.5555,-0.4715,0.6373,
Il25,Il25,1.1523,-0.2838,1.3914,-0.204,0.8384,
Il27,Il27,0.9638,-0.2143,1.8494,-0.1159,0.9077,
Il27ra,Il27ra,101.0399,0.2019,0.1537,1.3129,0.1892,0.874
Il2rb,Il2rb,50.7273,-0.645,0.2149,-3.0015,0.0027,0.3404
Il2rg,Il2rg,264.8049,-0.3513,0.1584,-2.2177,0.0266,0.6363
Il31ra,Il31ra,1.1508,2.0376,1.5266,1.3347,0.182,
Il33,Il33,851.2013,-0.1869,0.156,-1.198,0.2309,0.8923
Il34,Il34,303.6315,-0.2195,0.1511,-1.4529,0.1462,0.8425
Il3ra,Il3ra,549.465,-0.0026,0.1028,-0.0248,0.9802,0.9982
Il4i1,Il4i1,3.9343,-0.1854,0.7295,-0.2542,0.7994,
Il4ra,Il4ra,4661.0507,0.0617,0.0773,0.7978,0.425,0.9422
Il5,Il5,0.3853,0.9701,2.47,0.3928,0.6945,
Il6,Il6,96.283,0.0268,0.2956,0.0906,0.9278,0.9957
Il6ra,Il6ra,323.58,0.1031,0.1043,0.9885,0.3229,0.9197
Il6st,Il6st,8989.9055,0.1677,0.0946,1.7724,0.0763,0.7682
Il7,Il7,47.9384,0.0577,0.2305,0.2504,0.8023,0.9871
Ildr2,Ildr2,400.1249,-0.0785,0.1588,-0.494,0.6213,0.966
Ilf2,Ilf2,3070.2947,-0.0537,0.0917,-0.5852,0.5584,0.9579
Ilf3,Ilf3,3961.937,0.0016,0.0697,0.0224,0.9822,0.9985
Ilk,Ilk,7066.0194,-0.0585,0.0804,-0.7274,0.467,0.9483
Ilkap,Ilkap,1767.2203,-0.0597,0.072,-0.8299,0.4066,0.9373
Ilvbl,Ilvbl,1416.7851,-0.0436,0.0727,-0.5999,0.5486,0.9571
Immp1l,Immp1l,642.8694,0.0242,0.0784,0.3089,0.7574,0.9849
Immp2l,Immp2l,96.101,0.1026,0.1814,0.5657,0.5716,0.9612
Immt,Immt,5770.1299,-0.0385,0.0684,-0.5626,0.5737,0.9614
Imp3,Imp3,738.8974,0.0641,0.119,0.5388,0.59,0.964
Imp4,Imp4,873.1978,-0.0684,0.0634,-1.0791,0.2805,0.9074
Impa1,Impa1,1791.3004,-0.0831,0.0666,-1.2481,0.212,0.8875
Impa2,Impa2,336.1434,0.1445,0.132,1.0947,0.2737,0.9042
Impact,Impact,2862.0029,0.1333,0.0914,1.4579,0.1449,0.8421
Impad1,Impad1,2949.5162,0.0794,0.1532,0.5182,0.6044,0.966
Impdh1,Impdh1,3852.6542,-0.0239,0.0457,-0.5229,0.601,0.966
Impdh2,Impdh2,6025.2433,0.0412,0.0876,0.4707,0.6379,0.9681
Impg2,Impg2,12.0675,-0.4184,0.5067,-0.8258,0.4089,
Ina,Ina,1.0519,-1.4254,1.5686,-0.9087,0.3635,
Inadl,Inadl,878.8471,-0.0326,0.1085,-0.3,0.7642,0.9849
Inafm1,Inafm1,258.9104,0.0722,0.1068,0.6765,0.4987,0.9515
Inafm2,Inafm2,1559.5826,0.089,0.1265,0.7035,0.4817,0.9507
Inca1,Inca1,45.7428,-0.2575,0.2333,-1.1036,0.2698,0.9027
Incenp,Incenp,2012.9854,-0.1364,0.1353,-1.0082,0.3134,0.9173
Inf2,Inf2,6479.4442,0.0865,0.0658,1.3143,0.1887,0.874
Ing1,Ing1,1742.5125,-0.003,0.0705,-0.0432,0.9655,0.9974
Ing2,Ing2,392.178,-0.0216,0.0835,-0.2584,0.7961,0.9871
Ing3,Ing3,492.4207,-0.0663,0.1522,-0.4358,0.6629,0.9702
Ing4,Ing4,1551.0264,-0.0506,0.0705,-0.7185,0.4724,0.949
Ing5,Ing5,467.4987,0.1404,0.1018,1.3788,0.168,0.8614
Inha,Inha,76.4263,0.002,0.1614,0.0122,0.9903,0.9993
Inhba,Inhba,280.8439,0.0714,0.1843,0.3874,0.6984,0.9736
Inhbb,Inhbb,15642.2524,0.2912,0.1321,2.204,0.0275,0.6379
Inip,Inip,730.6103,0.1721,0.1124,1.5315,0.1256,0.815
Inmt,Inmt,0.683,-0.274,1.8412,-0.1488,0.8817,
Ino80,Ino80,1212.7826,0.013,0.0985,0.1325,0.8946,0.9926
Ino80b,Ino80b,578.4235,0.0074,0.0888,0.083,0.9338,0.9964
Ino80c,Ino80c,1330.312,-0.2211,0.0743,-2.9755,0.0029,0.3408
Ino80d,Ino80d,867.7537,0.0532,0.2224,0.2392,0.8109,0.9886
Ino80dos,Ino80dos,32.3448,-0.0478,0.2565,-0.1864,0.8521,0.9906
Ino80e,Ino80e,657.9696,0.1103,0.1511,0.7303,0.4652,0.9483
Inpp1,Inpp1,339.6944,0.1327,0.1012,1.3111,0.1898,0.874
Inpp4a,Inpp4a,603.027,-0.0458,0.1139,-0.402,0.6877,0.9717
Inpp4b,Inpp4b,346.3006,-0.0311,0.1482,-0.2101,0.8336,0.9906
Inpp5a,Inpp5a,1024.4679,-0.1341,0.0683,-1.9646,0.0495,0.7227
Inpp5b,Inpp5b,1352.7479,0.0457,0.056,0.8167,0.4141,0.94
Inpp5d,Inpp5d,14.5697,-0.375,0.3924,-0.9557,0.3392,
Inpp5e,Inpp5e,800.2597,0.0397,0.0774,0.513,0.608,0.966
Inpp5f,Inpp5f,810.9844,0.0966,0.1144,0.8446,0.3983,0.9353
Inpp5j,Inpp5j,14.1776,-0.1098,0.3624,-0.3029,0.762,
Inpp5k,Inpp5k,1255.1623,0.0203,0.0874,0.2326,0.816,0.989
Inppl1,Inppl1,8684.1371,-0.0888,0.0723,-1.2286,0.2192,0.8877
Ins2,Ins2,23.4779,-0.3705,0.4215,-0.879,0.3794,0.9303
Insc,Insc,178.9682,-0.4382,0.3201,-1.369,0.171,0.8614
Insig1,Insig1,1669.4621,-0.3315,0.1986,-1.6691,0.0951,0.7876
Insig2,Insig2,3752.5703,0.1195,0.0967,1.2361,0.2164,0.8877
Insl6,Insl6,12.5129,0.0459,0.4278,0.1072,0.9146,
Insr,Insr,1710.589,0.0826,0.1116,0.7404,0.459,0.9483
Ints1,Ints1,2245.3876,0.0399,0.0584,0.6842,0.4938,0.9515
Ints10,Ints10,1247.0828,0.0177,0.0541,0.327,0.7437,0.9831
Ints12,Ints12,745.6873,0.0316,0.0994,0.3178,0.7507,0.9843
Ints2,Ints2,876.0179,0.0303,0.0983,0.3077,0.7583,0.9849
Ints3,Ints3,2743.9901,-0.0451,0.0504,-0.8959,0.3703,0.9295
Ints4,Ints4,1505.7339,0.0147,0.0688,0.2133,0.8311,0.9906
Ints5,Ints5,841.1326,0.0426,0.067,0.6366,0.5244,0.956
Ints6,Ints6,752.4637,0.0598,0.0964,0.6196,0.5355,0.9571
Ints7,Ints7,1923.07,-0.0974,0.067,-1.4536,0.1461,0.8425
Ints8,Ints8,1637.7037,-0.0069,0.128,-0.0541,0.9568,0.9974
Ints9,Ints9,1009.0737,-0.0628,0.0697,-0.9007,0.3678,0.9295
Intu,Intu,330.182,0.0304,0.1257,0.2418,0.8089,0.9882
Invs,Invs,736.4124,0.1487,0.0783,1.8977,0.0577,0.7481
Ip6k1,Ip6k1,4559.4746,0.1072,0.0831,1.2905,0.1969,0.8806
Ip6k2,Ip6k2,1112.8573,0.0674,0.1177,0.5731,0.5666,0.9592
Ip6k3,Ip6k3,1074.1626,-0.1983,0.0892,-2.2222,0.0263,0.6347
Ipcef1,Ipcef1,0.4878,-0.3274,2.3674,-0.1383,0.89,
Ipmk,Ipmk,1098.6909,-0.063,0.0778,-0.8104,0.4177,0.94
Ipo11,Ipo11,1758.6918,0.0236,0.0745,0.316,0.752,0.9849
Ipo13,Ipo13,2043.1907,0.058,0.0847,0.685,0.4933,0.9515
Ipo4,Ipo4,4068.1339,-0.0258,0.0609,-0.4228,0.6724,0.971
Ipo5,Ipo5,9010.8578,0.0167,0.0626,0.2663,0.79,0.9865
Ipo7,Ipo7,3044.9295,0.0627,0.1335,0.47,0.6384,0.9681
Ipo8,Ipo8,2884.3203,0.0201,0.048,0.4196,0.6748,0.9711
Ipo9,Ipo9,6350.2062,0.015,0.0551,0.272,0.7856,0.9854
Ipp,Ipp,500.7702,-0.0442,0.1025,-0.4315,0.6661,0.9702
Ippk,Ippk,736.1961,0.0189,0.0763,0.248,0.8042,0.9872
Iqca,Iqca,1.1655,-0.2373,1.3346,-0.1778,0.8589,
Iqcb1,Iqcb1,383.596,0.1012,0.088,1.1494,0.2504,0.8923
Iqcc,Iqcc,567.8548,0.1277,0.1266,1.0093,0.3128,0.9173
Iqcd,Iqcd,21.3423,-0.2276,0.3093,-0.7359,0.4618,0.9483
Iqce,Iqce,677.2381,0.1067,0.0791,1.3493,0.1772,0.8653
Iqcf5,Iqcf5,0.2927,0.8437,2.6285,0.321,0.7482,
Iqcg,Iqcg,29.8521,-0.0586,0.3164,-0.1852,0.8531,0.9906
Iqch,Iqch,2.224,-0.2498,1.115,-0.2241,0.8227,
Iqck,Iqck,25.8137,0.0402,0.2916,0.1378,0.8904,0.992
Iqgap1,Iqgap1,10461.4656,-0.0387,0.0787,-0.4914,0.6231,0.9673
Iqgap2,Iqgap2,6.1392,0.7105,0.5947,1.1948,0.2322,
Iqgap3,Iqgap3,1702.5338,-0.1936,0.1539,-1.2582,0.2083,0.8875
Iqsec1,Iqsec1,3279.3362,0.0366,0.0513,0.713,0.4759,0.949
Iqsec2,Iqsec2,988.8453,0.043,0.0825,0.5211,0.6023,0.966
Iqsec3,Iqsec3,37.3549,-0.7517,0.3514,-2.139,0.0324,0.6615
Iqub,Iqub,0.6751,2.1002,1.8574,1.1307,0.2582,
Irak1,Irak1,3518.091,0.0853,0.0436,1.9532,0.0508,0.7259
Irak1bp1,Irak1bp1,425.1871,0.0662,0.0872,0.7593,0.4477,0.9455
Irak2,Irak2,874.3431,-0.0397,0.0833,-0.4767,0.6335,0.9681
Irak3,Irak3,129.9429,0.1168,0.1283,0.9106,0.3625,0.9295
Irak4,Irak4,450.663,0.0273,0.0809,0.3379,0.7354,0.9807
Ireb2,Ireb2,2026.2984,-0.0369,0.1802,-0.2051,0.8375,0.9906
Irf1,Irf1,1830.3619,0.0873,0.0811,1.0768,0.2816,0.9074
Irf2,Irf2,1019.6739,0.1001,0.0944,1.0599,0.2892,0.9079
Irf2bp1,Irf2bp1,1229.8796,-0.0691,0.0603,-1.1451,0.2522,0.893
Irf2bp2,Irf2bp2,2117.268,-0.1284,0.1304,-0.9846,0.3248,0.9197
Irf2bpl,Irf2bpl,5275.8418,-0.0926,0.0948,-0.9768,0.3287,0.9197
Irf3,Irf3,1284.8882,0.0145,0.0901,0.1609,0.8722,0.991
Irf4,Irf4,1.3338,-0.1531,1.5799,-0.0969,0.9228,
Irf5,Irf5,70.0113,0.1038,0.1743,0.5956,0.5515,0.9571
Irf6,Irf6,79.183,-0.3747,0.1712,-2.1878,0.0287,0.6409
Irf7,Irf7,94.6382,-0.2205,0.2939,-0.7501,0.4532,0.947
Irf9,Irf9,565.2987,-0.2951,0.1286,-2.2944,0.0218,0.6087
Irgc1,Irgc1,1.0501,-1.1986,1.6154,-0.742,0.4581,
Irgm1,Irgm1,1198.1694,-0.0094,0.1646,-0.0572,0.9544,0.9974
Irgm2,Irgm2,171.982,0.1616,0.1788,0.9037,0.3662,0.9295
Irgq,Irgq,1930.5483,-0.0175,0.0923,-0.1893,0.8498,0.9906
Irs1,Irs1,4340.5497,0.0243,0.0825,0.295,0.768,0.985
Irs2,Irs2,407.3012,0.0951,0.1507,0.631,0.528,0.9565
Irs3,Irs3,17.7517,0.3246,0.3373,0.9624,0.3359,
Irx2,Irx2,255.5077,0.1992,0.1709,1.1656,0.2438,0.8923
Irx3,Irx3,698.2821,-0.2557,0.1664,-1.5366,0.1244,0.815
Irx5,Irx5,494.4433,-0.0569,0.0941,-0.6045,0.5455,0.9571
Isca1,Isca1,2073.3972,-0.0597,0.1208,-0.4937,0.6215,0.966
Isca2,Isca2,767.1617,-0.1146,0.0819,-1.3992,0.1617,0.8576
Iscu,Iscu,1855.4507,0.0051,0.0925,0.0554,0.9558,0.9974
Isg15,Isg15,132.2247,-0.2686,0.283,-0.9491,0.3425,0.9246
Isg20,Isg20,335.0797,-0.2054,0.0953,-2.1557,0.0311,0.6516
Isg20l2,Isg20l2,2273.0779,-0.1074,0.0683,-1.5733,0.1157,0.8127
Isl1,Isl1,2.4765,1.5675,1.0563,1.484,0.1378,
Isl2,Isl2,137.2947,-0.1326,0.1568,-0.8456,0.3978,0.935
Islr,Islr,21410.0427,0.1494,0.1164,1.2837,0.1992,0.8828
Islr2,Islr2,81.8467,0.3814,0.1732,2.2022,0.0277,0.6379
Ism1,Ism1,63.2708,0.4862,0.1904,2.5537,0.0107,0.5073
Ism2,Ism2,39.4671,-0.1049,0.2361,-0.444,0.657,0.9699
Isoc1,Isoc1,1077.8195,0.1772,0.0756,2.3448,0.019,0.5897
Isoc2a,Isoc2a,257.2226,-0.0038,0.0975,-0.0393,0.9686,0.9974
Isoc2b,Isoc2b,26.7901,0.2165,0.278,0.7786,0.4362,0.9455
Ispd,Ispd,171.3065,0.1401,0.1439,0.9734,0.3303,0.9197
Ist1,Ist1,2352.724,-0.0297,0.0778,-0.3813,0.703,0.9743
Isx,Isx,68.7285,-0.2294,0.2415,-0.9499,0.3422,0.9246
Isy1,Isy1,1177.2084,0.0037,0.0756,0.0493,0.9607,0.9974
Isyna1,Isyna1,1463.5189,-0.1455,0.0587,-2.4772,0.0132,0.5435
Itch,Itch,2483.1051,0.0519,0.1197,0.4334,0.6647,0.9702
Itfg1,Itfg1,8939.3437,0.0809,0.0396,2.0458,0.0408,0.7111
Itfg2,Itfg2,691.1151,0.0774,0.067,1.1562,0.2476,0.8923
Itfg3,Itfg3,4139.2728,0.0093,0.0519,0.18,0.8571,0.9906
Itga1,Itga1,151.0952,0.2092,0.1577,1.3268,0.1846,0.8729
Itga10,Itga10,457.2845,-0.0047,0.1276,-0.0367,0.9708,0.9974
Itga11,Itga11,3045.1639,0.008,0.1484,0.0537,0.9572,0.9974
Itga2,Itga2,1.5124,1.5958,1.6042,0.9948,0.3198,
Itga2b,Itga2b,115.9799,0.1565,0.1413,1.1082,0.2678,0.8999
Itga3,Itga3,4234.743,0.3224,0.1404,2.2965,0.0216,0.6087
Itga4,Itga4,418.3586,-0.2594,0.2207,-1.1754,0.2398,0.8923
Itga5,Itga5,12053.9867,0.0125,0.0731,0.1708,0.8644,0.9906
Itga6,Itga6,2586.2751,-0.0193,0.0911,-0.2119,0.8322,0.9906
Itga7,Itga7,36305.0547,-0.1159,0.0736,-1.5755,0.1151,0.8127
Itga8,Itga8,39.5322,0.0253,0.2601,0.0973,0.9225,0.9957
Itga9,Itga9,16.4565,-0.3749,0.5178,-0.7241,0.469,
Itgad,Itgad,1.513,1.8327,1.6084,1.1394,0.2545,
Itgae,Itgae,14.2395,0.0026,0.3931,0.0067,0.9946,
Itgal,Itgal,6.4514,0.8761,0.565,1.5506,0.121,
Itgam,Itgam,7.5472,-0.4316,0.5204,-0.8294,0.4069,
Itgav,Itgav,6640.8755,0.0435,0.1439,0.3023,0.7624,0.9849
Itgb1,Itgb1,41058.863,-0.0317,0.0524,-0.6048,0.5453,0.9571
Itgb1bp1,Itgb1bp1,1092.626,-0.0088,0.0779,-0.1125,0.9104,0.9942
Itgb1bp2,Itgb1bp2,1815.7028,-0.2421,0.1601,-1.5119,0.1306,0.8248
Itgb2,Itgb2,33.6728,-0.454,0.3843,-1.1814,0.2375,0.8923
Itgb2l,Itgb2l,0.4884,-1.3079,2.3432,-0.5582,0.5767,
Itgb3,Itgb3,1455.4082,-0.0105,0.0962,-0.109,0.9132,0.9943
Itgb3bp,Itgb3bp,231.6074,0.1104,0.1529,0.722,0.4703,0.9488
Itgb4,Itgb4,185.6842,-0.2595,0.148,-1.7534,0.0795,0.7694
Itgb5,Itgb5,14173.296,-0.0233,0.0842,-0.2762,0.7824,0.985
Itgb6,Itgb6,330.4459,0.0784,0.1661,0.4722,0.6368,0.9681
Itgb7,Itgb7,16.7311,-0.0665,0.5295,-0.1256,0.9001,
Itgb8,Itgb8,69.4906,0.1571,0.2797,0.5617,0.5743,0.9614
Itgbl1,Itgbl1,63.6004,0.0228,0.2139,0.1066,0.9151,0.9949
Itih1,Itih1,2.3186,-1.8352,1.027,-1.7871,0.0739,
Itih2,Itih2,21.9919,0.1771,0.3688,0.4801,0.6311,0.9681
Itih3,Itih3,4.9238,0.4401,0.6441,0.6832,0.4945,
Itih4,Itih4,7.5089,-0.2739,0.5449,-0.5027,0.6152,
Itih5,Itih5,26.091,0.523,0.3217,1.6261,0.1039,0.7979
Itln1,Itln1,1.5407,-0.2655,1.2067,-0.2201,0.8258,
Itm2a,Itm2a,95.4518,-0.2829,0.2578,-1.0973,0.2725,0.9032
Itm2b,Itm2b,37321.513,0.063,0.0708,0.8898,0.3736,0.9295
Itm2c,Itm2c,8477.2727,0.0787,0.0908,0.8666,0.3861,0.9322
Itpa,Itpa,1897.9773,-0.0585,0.0971,-0.6029,0.5466,0.9571
Itpk1,Itpk1,539.0293,0.1676,0.1165,1.4378,0.1505,0.8447
Itpka,Itpka,3.2558,1.2682,0.8904,1.4244,0.1543,
Itpkb,Itpkb,693.0114,0.1169,0.1037,1.1277,0.2595,0.8968
Itpkc,Itpkc,663.8537,0.0461,0.0774,0.5948,0.552,0.9571
Itpr1,Itpr1,895.9636,0.1272,0.077,1.652,0.0985,0.7891
Itpr2,Itpr2,804.5034,0.041,0.1428,0.2873,0.7739,0.985
Itpr3,Itpr3,3613.0673,-0.1546,0.0956,-1.6174,0.1058,0.8
Itprip,Itprip,2864.2763,-0.0698,0.0556,-1.2551,0.2095,0.8875
Itpripl1,Itpripl1,235.6302,-0.1687,0.1298,-1.2995,0.1938,0.8778
Itpripl2,Itpripl2,7257.8123,0.1611,0.0614,2.6234,0.0087,0.4661
Itsn1,Itsn1,3703.1063,0.0574,0.0747,0.7687,0.4421,0.9455
Itsn2,Itsn2,618.2905,0.0169,0.1744,0.0971,0.9227,0.9957
Ivd,Ivd,1667.7056,0.0681,0.0874,0.7794,0.4358,0.9455
Ivns1abp,Ivns1abp,17755.6751,-0.0736,0.061,-1.2079,0.2271,0.8906
Iws1,Iws1,1959.7383,0.0021,0.12,0.0177,0.9859,0.9992
Iyd,Iyd,8.3942,0.3092,0.5018,0.6162,0.5378,
Izumo4,Izumo4,90.1463,0.1316,0.1808,0.7276,0.4669,0.9483
Jade1,Jade1,1567.793,0.1591,0.1094,1.4541,0.1459,0.8425
Jade2,Jade2,661.5524,0.2048,0.109,1.8793,0.0602,0.749
Jade3,Jade3,205.805,0.1151,0.1323,0.8699,0.3843,0.9315
Jag1,Jag1,601.5328,-0.0166,0.15,-0.111,0.9116,0.9943
Jag2,Jag2,1048.6405,-0.2611,0.1349,-1.9348,0.053,0.7309
Jagn1,Jagn1,1207.8403,-0.0488,0.0787,-0.6205,0.5349,0.9571
Jak1,Jak1,6375.3024,0.0349,0.0668,0.5233,0.6008,0.966
Jak2,Jak2,2149.3519,0.2168,0.1363,1.591,0.1116,0.8127
Jak3,Jak3,83.6078,-0.2069,0.2195,-0.9425,0.3459,0.9253
Jakmip1,Jakmip1,64.2125,-0.2948,0.2447,-1.2045,0.2284,0.8914
Jakmip3,Jakmip3,0.6779,1.126,1.8845,0.5975,0.5502,
Jam2,Jam2,2471.1786,-0.0498,0.068,-0.7325,0.4638,0.9483
Jam3,Jam3,1305.9984,0.076,0.0964,0.7887,0.4303,0.9448
Jarid2,Jarid2,683.4655,0.1767,0.1238,1.4269,0.1536,0.8501
Jazf1,Jazf1,57.1413,0.2146,0.2221,0.9663,0.3339,0.9207
Jchain,Jchain,2.8903,-1.059,0.8374,-1.2647,0.206,
Jdp2,Jdp2,2720.82,-0.0088,0.0697,-0.1267,0.8992,0.9931
Jkamp,Jkamp,1101.6031,0.0273,0.0659,0.4141,0.6788,0.9717
Jmjd1c,Jmjd1c,1000.7746,0.0571,0.1815,0.3146,0.7531,0.9849
Jmjd4,Jmjd4,600.3948,0.0046,0.0888,0.0514,0.959,0.9974
Jmjd6,Jmjd6,1848.1061,-0.2151,0.07,-3.0755,0.0021,0.3103
Jmjd7,Jmjd7,2.0136,1.1275,1.185,0.9514,0.3414,
Jmjd8,Jmjd8,349.4833,0.008,0.1117,0.0718,0.9428,0.9971
Jmy,Jmy,1501.3074,-0.0035,0.1261,-0.0281,0.9776,0.9976
Josd1,Josd1,4022.712,0.1052,0.0922,1.1411,0.2538,0.893
Josd2,Josd2,676.8048,-0.0355,0.0739,-0.4808,0.6307,0.9681
Jph1,Jph1,1291.6571,-0.075,0.1117,-0.6711,0.5021,0.9515
Jph2,Jph2,9689.1741,-0.0604,0.0788,-0.766,0.4437,0.9455
Jph3,Jph3,1.0537,0.9186,1.3695,0.6708,0.5024,
Jph4,Jph4,0.6776,-1.7908,1.6826,-1.0643,0.2872,
Jpx,Jpx,41.5434,0.3212,0.3132,1.0253,0.3052,0.9164
Jrk,Jrk,635.7342,0.0708,0.0663,1.0672,0.2859,0.9079
Jrkl,Jrkl,197.339,0.1583,0.1808,0.876,0.381,0.9303
Jsrp1,Jsrp1,1758.4062,-0.2453,0.0821,-2.9869,0.0028,0.3408
Jtb,Jtb,1364.1255,0.0065,0.0862,0.0756,0.9397,0.9971
Jun,Jun,4504.6206,-0.1388,0.1453,-0.9555,0.3393,0.9244
Junb,Junb,9247.7716,-0.1816,0.2007,-0.9048,0.3656,0.9295
Jund,Jund,4268.3783,-0.2395,0.1153,-2.0772,0.0378,0.6915
Jup,Jup,5239.7698,-0.2257,0.0818,-2.7608,0.0058,0.4116
Kalrn,Kalrn,791.4641,0.1268,0.0807,1.5719,0.116,0.8127
Kank1,Kank1,249.5936,-0.0058,0.1381,-0.042,0.9665,0.9974
Kank2,Kank2,8236.5222,0.0469,0.0572,0.8198,0.4123,0.9393
Kank3,Kank3,197.6427,-0.0521,0.128,-0.4065,0.6843,0.9717
Kank4,Kank4,1.9311,-0.5169,1.0408,-0.4966,0.6194,
Kank4os,Kank4os,14.7563,-0.8268,0.3865,-2.1393,0.0324,
Kansl1,Kansl1,1716.7569,0.1023,0.1048,0.9757,0.3292,0.9197
Kansl1l,Kansl1l,668.8098,-0.0888,0.1492,-0.5952,0.5517,0.9571
Kansl2,Kansl2,5690.0935,0.0597,0.0868,0.6887,0.491,0.9515
Kansl3,Kansl3,2878.4798,0.1329,0.109,1.2193,0.2227,0.8877
Kantr,Kantr,181.2563,0.2214,0.1797,1.2321,0.2179,0.8877
Kars,Kars,5784.0248,-0.008,0.0769,-0.1046,0.9167,0.995
Kat2a,Kat2a,2023.4473,0.0225,0.0659,0.3409,0.7332,0.9802
Kat2b,Kat2b,1977.8449,0.0625,0.0654,0.9549,0.3396,0.9244
Kat5,Kat5,1245.6541,-0.098,0.0546,-1.7938,0.0728,0.7674
Kat6a,Kat6a,2088.123,0.0926,0.1508,0.6141,0.5392,0.9571
Kat6b,Kat6b,900.6583,0.0859,0.1201,0.715,0.4746,0.949
Kat7,Kat7,4026.9949,-0.0662,0.0599,-1.1051,0.2691,0.9026
Kat8,Kat8,687.284,-0.0976,0.0628,-1.5544,0.1201,0.8127
Katna1,Katna1,1258.8233,-0.0154,0.0854,-0.1797,0.8574,0.9906
Katnal1,Katnal1,916.4853,0.1133,0.0779,1.4543,0.1459,0.8425
Katnal2,Katnal2,19.9762,-0.1325,0.3564,-0.3716,0.7102,
Katnb1,Katnb1,1275.5619,0.0028,0.0814,0.0339,0.973,0.9974
Katnbl1,Katnbl1,1309.3136,0.0164,0.0809,0.2024,0.8396,0.9906
Kazald1,Kazald1,197.8611,0.323,0.1897,1.7023,0.0887,0.7829
Kbtbd11,Kbtbd11,1048.1744,-0.1164,0.1749,-0.6652,0.5059,0.9515
Kbtbd12,Kbtbd12,26.1204,-0.2348,0.2737,-0.8578,0.391,0.9331
Kbtbd13,Kbtbd13,1.846,-0.3788,1.0886,-0.348,0.7278,
Kbtbd2,Kbtbd2,2217.7241,0.0685,0.0606,1.1298,0.2586,0.8966
Kbtbd3,Kbtbd3,92.1413,0.0327,0.1496,0.2186,0.8269,0.9905
Kbtbd4,Kbtbd4,1100.7523,-0.0326,0.0595,-0.5486,0.5833,0.964
Kbtbd6,Kbtbd6,16.3658,-0.0128,0.4824,-0.0266,0.9788,
Kbtbd7,Kbtbd7,297.5924,-0.0775,0.1709,-0.4535,0.6502,0.9684
Kbtbd8,Kbtbd8,31.6321,-0.0128,0.307,-0.0417,0.9668,0.9974
Kcmf1,Kcmf1,3346.0899,-0.0941,0.053,-1.7764,0.0757,0.7682
Kcna1,Kcna1,0.4895,-0.332,2.0288,-0.1636,0.87,
Kcna3,Kcna3,0.391,0.1552,2.5008,0.0621,0.9505,
Kcna4,Kcna4,14.8396,0.655,0.3734,1.754,0.0794,
Kcna6,Kcna6,2.3941,0.2042,1.0284,0.1986,0.8426,
Kcna7,Kcna7,21.3881,-0.1873,0.3142,-0.5962,0.551,0.9571
Kcnab1,Kcnab1,60.2212,0.2515,0.2228,1.1288,0.259,0.8968
Kcnab2,Kcnab2,116.2336,-0.0153,0.1504,-0.1014,0.9192,0.9956
Kcnab3,Kcnab3,163.4384,-0.2498,0.1253,-1.9938,0.0462,0.7227
Kcnb1,Kcnb1,289.399,-0.0296,0.1864,-0.1588,0.8738,0.991
Kcnc1,Kcnc1,24.5851,-0.476,0.349,-1.3636,0.1727,0.8614
Kcnc2,Kcnc2,123.001,0.0086,0.1842,0.0468,0.9627,0.9974
Kcnc3,Kcnc3,5.0491,0.0543,0.7357,0.0738,0.9412,
Kcnc4,Kcnc4,0.5726,-1.1564,2.289,-0.5052,0.6134,
Kcnd1,Kcnd1,130.4202,0.2476,0.1407,1.7597,0.0785,0.7682
Kcne1,Kcne1,0.5707,1.6575,1.9996,0.8289,0.4072,
Kcne2,Kcne2,1.0593,-0.1718,1.307,-0.1315,0.8954,
Kcne4,Kcne4,46.7317,0.0277,0.2208,0.1257,0.9,0.9931
Kcnf1,Kcnf1,434.1099,-0.1395,0.1421,-0.9817,0.3263,0.9197
Kcng2,Kcng2,1.533,-0.7894,1.1908,-0.6629,0.5074,
Kcnh1,Kcnh1,112.3993,-0.526,0.2933,-1.7936,0.0729,0.7674
Kcnh2,Kcnh2,322.2573,-0.0753,0.1653,-0.4556,0.6486,0.9684
Kcnh3,Kcnh3,3.8333,0.8396,0.7459,1.1257,0.2603,
Kcnh5,Kcnh5,0.3838,-1.8789,2.4405,-0.7699,0.4414,
Kcnh7,Kcnh7,7.2179,-0.464,0.5582,-0.8312,0.4059,
Kcnip2,Kcnip2,0.7731,1.4148,1.6627,0.8509,0.3948,
Kcnip3,Kcnip3,6.6417,-0.6649,0.5907,-1.1256,0.2603,
Kcnip4,Kcnip4,8.1543,-0.6753,0.6345,-1.0642,0.2872,
Kcnj11,Kcnj11,2.6967,-0.8009,0.8953,-0.8946,0.371,
Kcnj12,Kcnj12,201.1266,-0.4054,0.3031,-1.3377,0.181,0.8703
Kcnj13,Kcnj13,2.1322,-0.5564,0.9959,-0.5588,0.5763,
Kcnj14,Kcnj14,1.0461,0.7652,1.6388,0.4669,0.6406,
Kcnj15,Kcnj15,1.1608,0.127,1.2436,0.1021,0.9186,
Kcnj16,Kcnj16,23.1245,0.1134,0.3026,0.3748,0.7078,0.9745
Kcnj2,Kcnj2,329.8284,0.034,0.1661,0.2049,0.8376,0.9906
Kcnj4,Kcnj4,1.7304,-2.3832,1.2761,-1.8675,0.0618,
Kcnj6,Kcnj6,0.8661,1.5331,1.6265,0.9426,0.3459,
Kcnj8,Kcnj8,0.4808,1.4563,2.0217,0.7204,0.4713,
Kcnj9,Kcnj9,1.6497,0.4234,1.1331,0.3737,0.7086,
Kcnk12,Kcnk12,16.4366,0.3031,0.4059,0.7467,0.4552,
Kcnk13,Kcnk13,48.7122,-0.193,0.4044,-0.4773,0.6332,0.9681
Kcnk2,Kcnk2,221.282,-0.0323,0.1417,-0.2278,0.8198,0.9893
Kcnk4,Kcnk4,7.0468,0.2854,0.5311,0.5374,0.591,
Kcnk5,Kcnk5,257.1201,-0.3014,0.0995,-3.0282,0.0025,0.3295
Kcnk6,Kcnk6,28.5229,-0.1338,0.2645,-0.5057,0.6131,0.966
Kcnk7,Kcnk7,5.8325,-0.4056,0.7752,-0.5233,0.6008,
Kcnma1,Kcnma1,5.0889,-0.8108,0.6799,-1.1925,0.2331,
Kcnmb1,Kcnmb1,6.5604,-0.274,0.5788,-0.4734,0.6359,
Kcnmb2,Kcnmb2,1.1501,0.5202,1.3033,0.3991,0.6898,
Kcnmb4,Kcnmb4,29.2167,0.7863,0.6026,1.305,0.1919,0.8743
Kcnmb4os1,Kcnmb4os1,0.3914,0.1504,2.5002,0.0602,0.952,
Kcnmb4os2,Kcnmb4os2,8.4601,0.0721,0.4889,0.1475,0.8827,
Kcnn1,Kcnn1,376.8578,0.0626,0.1049,0.597,0.5505,0.9571
Kcnn3,Kcnn3,600.1208,0.058,0.1185,0.4895,0.6245,0.9673
Kcnn4,Kcnn4,783.9003,-0.0608,0.0737,-0.8252,0.4093,0.9377
Kcnq1,Kcnq1,4.3504,-1.0282,0.7312,-1.4062,0.1597,
Kcnq1ot1,Kcnq1ot1,17.4156,0.1158,0.391,0.2961,0.7671,
Kcnq4,Kcnq4,1092.8164,-0.1926,0.1662,-1.1586,0.2466,0.8923
Kcnrg,Kcnrg,10.5996,0.6497,0.4522,1.4366,0.1508,
Kcnt2,Kcnt2,2.6835,-1.1256,0.9653,-1.1661,0.2436,
Kcnu1,Kcnu1,12.43,-0.3154,0.4052,-0.7784,0.4364,
Kcp,Kcp,68.6444,0.2178,0.2143,1.0166,0.3093,0.9169
Kctd1,Kctd1,432.9431,0.1562,0.0801,1.9498,0.0512,0.7261
Kctd10,Kctd10,4728.429,0.0748,0.0964,0.7754,0.4381,0.9455
Kctd11,Kctd11,2244.092,-0.1813,0.1349,-1.3447,0.1787,0.8668
Kctd12,Kctd12,103.461,-0.1278,0.2077,-0.6154,0.5383,0.9571
Kctd12b,Kctd12b,100.7481,0.4082,0.1725,2.366,0.018,0.582
Kctd13,Kctd13,259.1683,0.0501,0.1176,0.4265,0.6697,0.9702
Kctd14,Kctd14,26.9004,0.0323,0.3171,0.102,0.9188,0.9955
Kctd15,Kctd15,1032.4699,-0.0271,0.0657,-0.4128,0.6798,0.9717
Kctd17,Kctd17,2671.6156,-0.0415,0.0582,-0.7133,0.4757,0.949
Kctd18,Kctd18,567.1898,0.0796,0.0797,0.9989,0.3179,0.9173
Kctd19,Kctd19,1.748,1.7306,1.2659,1.3671,0.1716,
Kctd2,Kctd2,1150.5828,0.0775,0.0992,0.7812,0.4347,0.9453
Kctd20,Kctd20,2348.3511,0.0009,0.059,0.0152,0.9879,0.9993
Kctd21,Kctd21,187.6756,0.1505,0.1352,1.1129,0.2658,0.8981
Kctd3,Kctd3,1885.1813,-0.0071,0.0489,-0.1461,0.8838,0.9914
Kctd5,Kctd5,3177.3509,-0.0272,0.0716,-0.3793,0.7044,0.9744
Kctd6,Kctd6,448.8075,-0.0557,0.1026,-0.5433,0.5869,0.964
Kctd7,Kctd7,545.3541,0.1197,0.1145,1.0452,0.2959,0.9119
Kctd9,Kctd9,2090.758,-0.0742,0.0858,-0.8642,0.3875,0.933
Kdelc1,Kdelc1,1770.7714,0.0475,0.0779,0.6097,0.542,0.9571
Kdelc2,Kdelc2,1568.9778,0.1846,0.0861,2.1448,0.032,0.6558
Kdelr1,Kdelr1,5766.259,-0.0544,0.0532,-1.0217,0.3069,0.9169
Kdelr2,Kdelr2,7279.0582,-0.0274,0.0429,-0.639,0.5228,0.9556
Kdelr3,Kdelr3,3860.1743,-0.1073,0.0518,-2.0728,0.0382,0.6923
Kdm1a,Kdm1a,5136.6661,-0.0056,0.0583,-0.0963,0.9232,0.9957
Kdm1b,Kdm1b,600.2085,0.0602,0.0713,0.8437,0.3988,0.9354
Kdm2a,Kdm2a,3955.0472,0.0706,0.0644,1.0973,0.2725,0.9032
Kdm2b,Kdm2b,997.591,0.0268,0.1064,0.2517,0.8012,0.9871
Kdm3a,Kdm3a,2266.1275,-0.0551,0.1039,-0.5301,0.596,0.964
Kdm3b,Kdm3b,2836.0504,0.0303,0.0593,0.5113,0.6091,0.966
Kdm4a,Kdm4a,3063.2158,-0.0131,0.0564,-0.2328,0.8159,0.989
Kdm4b,Kdm4b,1909.9268,-0.1382,0.1149,-1.2034,0.2288,0.8914
Kdm4c,Kdm4c,1043.7282,0.081,0.1118,0.724,0.469,0.9483
Kdm4d,Kdm4d,2.0201,0.3283,1.2323,0.2664,0.7899,
Kdm5a,Kdm5a,1847.722,0.0714,0.1495,0.4773,0.6332,0.9681
Kdm5b,Kdm5b,3133.0675,0.1296,0.0803,1.6129,0.1068,0.8019
Kdm5c,Kdm5c,6332.752,-0.0005,0.0624,-0.0079,0.9937,0.9993
Kdm6a,Kdm6a,1085.2399,0.1189,0.1188,1.0009,0.3169,0.9173
Kdm6b,Kdm6b,2030.9715,-0.0127,0.0698,-0.1816,0.8559,0.9906
Kdm7a,Kdm7a,661.2056,0.0612,0.1766,0.3468,0.7288,0.9796
Kdm8,Kdm8,121.556,-0.1409,0.1371,-1.0276,0.3041,0.9164
Kdr,Kdr,1.3409,2.2895,1.5546,1.4727,0.1408,
Kdsr,Kdsr,1077.7316,0.008,0.1026,0.0784,0.9375,0.9971
Keap1,Keap1,2335.0011,0.0083,0.0699,0.1183,0.9058,0.9939
Khdrbs1,Khdrbs1,6565.3651,0.0365,0.0787,0.4645,0.6423,0.9684
Khdrbs3,Khdrbs3,330.3212,-0.3178,0.158,-2.0122,0.0442,0.7227
Khk,Khk,356.6916,0.1192,0.1576,0.7562,0.4495,0.9455
Khnyn,Khnyn,960.9947,0.0195,0.0916,0.2132,0.8311,0.9906
Khsrp,Khsrp,4525.7664,-0.034,0.0627,-0.5423,0.5876,0.964
Kidins220,Kidins220,5506.4104,0.0593,0.0692,0.8579,0.391,0.9331
Kif11,Kif11,1224.8214,-0.0073,0.2281,-0.0318,0.9746,0.9975
Kif13a,Kif13a,1486.1169,-0.0122,0.0586,-0.2084,0.8349,0.9906
Kif13b,Kif13b,766.5381,0.128,0.1019,1.2559,0.2091,0.8875
Kif14,Kif14,486.4625,-0.1266,0.1931,-0.6556,0.5121,0.9533
Kif15,Kif15,328.1684,-0.0321,0.1953,-0.1643,0.8695,0.9906
Kif16b,Kif16b,815.9437,0.0637,0.0902,0.7067,0.4798,0.9502
Kif17,Kif17,7.6981,1.2754,0.5283,2.4139,0.0158,
Kif18a,Kif18a,142.4154,0.0975,0.2486,0.3922,0.6949,0.9731
Kif18b,Kif18b,1154.4738,-0.2611,0.1561,-1.6731,0.0943,0.7876
Kif19a,Kif19a,63.2703,-0.2956,0.2189,-1.3502,0.1769,0.8643
Kif1a,Kif1a,91.2536,0.1554,0.3191,0.487,0.6263,0.9673
Kif1b,Kif1b,5415.6081,0.0874,0.0976,0.8958,0.3704,0.9295
Kif1bp,Kif1bp,2304.8018,-0.0392,0.0465,-0.8427,0.3994,0.9354
Kif1c,Kif1c,9916.6262,-0.031,0.0499,-0.6198,0.5354,0.9571
Kif20a,Kif20a,2885.2441,-0.1652,0.1397,-1.1826,0.237,0.8923
Kif20b,Kif20b,161.7601,0.3303,0.2158,1.5303,0.1259,0.815
Kif21a,Kif21a,596.7127,0.253,0.2026,1.2484,0.2119,0.8875
Kif21b,Kif21b,782.885,0.0512,0.1357,0.3775,0.7058,0.9744
Kif22,Kif22,1363.7474,-0.1953,0.1465,-1.3335,0.1824,0.8711
Kif23,Kif23,1418.4168,-0.0677,0.1752,-0.3866,0.6991,0.9736
Kif24,Kif24,572.8991,-0.1131,0.0948,-1.1934,0.2327,0.8923
Kif26a,Kif26a,17.5411,-1.1581,0.4411,-2.6253,0.0087,
Kif26b,Kif26b,1254.868,-0.0362,0.1621,-0.2237,0.823,0.9893
Kif27,Kif27,6.5133,-0.0431,0.619,-0.0697,0.9444,
Kif2a,Kif2a,1258.7894,0.0153,0.1031,0.1482,0.8822,0.9914
Kif2c,Kif2c,1569.4279,-0.2844,0.1424,-1.9968,0.0458,0.7227
Kif3a,Kif3a,1195.2302,0.0491,0.1491,0.3294,0.7419,0.983
Kif3b,Kif3b,2265.5161,0.0003,0.0444,0.0075,0.994,0.9993
Kif3c,Kif3c,1635.0232,0.0291,0.09,0.3233,0.7465,0.9841
Kif4,Kif4,940.8014,-0.0733,0.2098,-0.3494,0.7268,0.9796
Kif5a,Kif5a,53.0413,0.0087,0.2305,0.0375,0.9701,0.9974
Kif5b,Kif5b,3865.9981,0.0942,0.1574,0.5985,0.5495,0.9571
Kif5c,Kif5c,727.673,0.0273,0.0969,0.2812,0.7786,0.985
Kif6,Kif6,9.0617,0.6541,0.5209,1.2556,0.2093,
Kif7,Kif7,437.2171,0.1295,0.1101,1.1761,0.2396,0.8923
Kif9,Kif9,74.5607,-0.0436,0.2069,-0.211,0.8329,0.9906
Kifap3,Kifap3,3963.2853,0.0853,0.0711,1.2009,0.2298,0.8914
Kifc1,Kifc1,918.1867,-0.1573,0.1999,-0.7869,0.4314,0.9453
Kifc2,Kifc2,66.9748,0.1405,0.1921,0.7314,0.4645,0.9483
Kifc3,Kifc3,3198.8348,0.011,0.0859,0.1275,0.8986,0.9927
Kifc5b,Kifc5b,573.9527,-0.0121,0.1945,-0.062,0.9506,0.9974
Kin,Kin,396.5432,-0.0697,0.1257,-0.5541,0.5795,0.963
Kirrel,Kirrel,8155.211,0.0651,0.055,1.1845,0.2362,0.8923
Kirrel3,Kirrel3,310.9282,0.1518,0.2062,0.7361,0.4617,0.9483
Kiss1r,Kiss1r,46.5118,-0.0329,0.2231,-0.1474,0.8828,0.9914
Kitl,Kitl,819.0144,0.2347,0.3535,0.6639,0.5067,0.9525
Kiz,Kiz,764.4981,-0.0396,0.1121,-0.3533,0.7239,0.9788
Klb,Klb,2.4221,0.1588,0.8876,0.1789,0.858,
Klc1,Klc1,7220.6273,-0.092,0.0643,-1.4305,0.1526,0.8495
Klc2,Klc2,1913.7876,-0.0401,0.0603,-0.6653,0.5058,0.9515
Klc3,Klc3,128.3338,-0.1938,0.1394,-1.3905,0.1644,0.8598
Klc4,Klc4,754.4188,-0.0342,0.0797,-0.4292,0.6678,0.9702
Klf1,Klf1,4.6293,-1.2592,0.7188,-1.7518,0.0798,
Klf10,Klf10,2733.9952,-0.0976,0.1725,-0.5656,0.5717,0.9612
Klf11,Klf11,836.3096,0.1002,0.0832,1.2036,0.2288,0.8914
Klf12,Klf12,27.5474,-0.0067,0.2709,-0.0247,0.9803,0.9982
Klf13,Klf13,3360.5818,-0.0711,0.1173,-0.6059,0.5446,0.9571
Klf15,Klf15,22.4138,-0.2101,0.3966,-0.5297,0.5963,0.964
Klf16,Klf16,852.811,-0.1585,0.0848,-1.8687,0.0617,0.7531
Klf2,Klf2,642.7682,-0.3607,0.168,-2.1467,0.0318,0.6558
Klf3,Klf3,1345.3871,0.0755,0.0869,0.8696,0.3845,0.9315
Klf4,Klf4,996.3629,-0.3521,0.2482,-1.4186,0.156,0.8511
Klf5,Klf5,1190.4042,-0.0711,0.0939,-0.7565,0.4494,0.9455
Klf6,Klf6,4334.5775,-0.0391,0.1557,-0.2512,0.8017,0.9871
Klf7,Klf7,84.7831,0.1406,0.2153,0.653,0.5138,0.9548
Klf8,Klf8,9.7263,-0.1557,0.4612,-0.3376,0.7357,
Klf9,Klf9,661.1252,0.2049,0.1781,1.1505,0.2499,0.8923
Klhdc1,Klhdc1,270.6741,0.1356,0.1208,1.1222,0.2618,0.8973
Klhdc10,Klhdc10,4410.7238,0.0406,0.0924,0.4398,0.6601,0.9702
Klhdc2,Klhdc2,4365.3545,-0.0101,0.0723,-0.1399,0.8887,0.992
Klhdc3,Klhdc3,2625.4292,0.0152,0.0859,0.1767,0.8597,0.9906
Klhdc4,Klhdc4,916.9367,0.0363,0.0783,0.4628,0.6435,0.9684
Klhdc7a,Klhdc7a,5.4729,-0.7862,0.6584,-1.1942,0.2324,
Klhdc8a,Klhdc8a,1533.7965,-0.0833,0.0923,-0.903,0.3665,0.9295
Klhdc8b,Klhdc8b,199.7499,-0.1245,0.1097,-1.1347,0.2565,0.8935
Klhdc9,Klhdc9,239.3455,0.1184,0.1187,0.9975,0.3185,0.9177
Klhl10,Klhl10,12.0693,-0.1456,0.3984,-0.3654,0.7148,
Klhl11,Klhl11,155.2814,0.031,0.1337,0.2318,0.8167,0.989
Klhl12,Klhl12,1186.1065,-0.0709,0.0728,-0.9739,0.3301,0.9197
Klhl13,Klhl13,813.4243,-0.1538,0.1036,-1.4854,0.1374,0.8296
Klhl14,Klhl14,0.2938,-0.4606,2.6291,-0.1752,0.8609,
Klhl15,Klhl15,67.883,0.0324,0.1918,0.1689,0.8659,0.9906
Klhl17,Klhl17,633.7779,0.1469,0.0802,1.8311,0.0671,0.7617
Klhl18,Klhl18,846.3738,0.0117,0.0742,0.1577,0.8747,0.9911
Klhl2,Klhl2,842.719,-0.0979,0.0624,-1.5682,0.1168,0.8127
Klhl20,Klhl20,1572.5724,-0.006,0.0665,-0.0902,0.9282,0.9957
Klhl21,Klhl21,2980.0575,-0.0306,0.0782,-0.3907,0.696,0.9731
Klhl22,Klhl22,1183.961,0.0316,0.0705,0.4485,0.6538,0.9687
Klhl23,Klhl23,336.7849,-0.0026,0.1173,-0.0219,0.9825,0.9986
Klhl24,Klhl24,1552.3717,0.044,0.1729,0.2547,0.799,0.9871
Klhl25,Klhl25,955.6037,-0.0158,0.0837,-0.1884,0.8506,0.9906
Klhl26,Klhl26,1913.6897,0.0763,0.0763,0.9993,0.3177,0.9173
Klhl28,Klhl28,108.4607,0.0493,0.2295,0.2147,0.83,0.9906
Klhl29,Klhl29,1.7454,-0.2236,1.0607,-0.2108,0.833,
Klhl3,Klhl3,3.5499,0.297,0.8193,0.3625,0.717,
Klhl30,Klhl30,3944.9829,-0.3512,0.1471,-2.388,0.0169,0.582
Klhl31,Klhl31,573.1611,-0.1246,0.1198,-1.0401,0.2983,0.9131
Klhl32,Klhl32,7.9787,-0.611,0.5401,-1.1313,0.2579,
Klhl33,Klhl33,96.9231,0.2359,0.1465,1.61,0.1074,0.8027
Klhl34,Klhl34,48.0518,-0.3138,0.2784,-1.1269,0.2598,0.8968
Klhl36,Klhl36,114.6056,0.0156,0.1407,0.1109,0.9117,0.9943
Klhl38,Klhl38,4.6369,0.166,0.6491,0.2557,0.7982,
Klhl40,Klhl40,933.6392,-0.2054,0.1133,-1.8127,0.0699,0.7617
Klhl41,Klhl41,9577.604,-0.1011,0.1311,-0.7716,0.4404,0.9455
Klhl42,Klhl42,923.9666,0.1562,0.0921,1.6965,0.0898,0.7842
Klhl5,Klhl5,2247.8942,0.0363,0.0621,0.5848,0.5587,0.9579
Klhl6,Klhl6,3.9745,-1.2003,0.7576,-1.5843,0.1131,
Klhl7,Klhl7,1296.5168,0.0845,0.095,0.8894,0.3738,0.9295
Klhl8,Klhl8,542.3042,0.0229,0.1083,0.2111,0.8328,0.9906
Klhl9,Klhl9,2266.4074,0.1011,0.1252,0.8074,0.4194,0.94
Klk10,Klk10,39.2183,-0.2201,0.2864,-0.7683,0.4423,0.9455
Klk11,Klk11,9.861,-0.9327,0.5612,-1.6619,0.0965,
Klk12,Klk12,0.2937,-0.4582,2.6288,-0.1743,0.8616,
Klk1b16,Klk1b16,1.5417,-0.1793,1.2097,-0.1482,0.8822,
Klk1b22,Klk1b22,22.5795,0.2024,0.3273,0.6185,0.5362,0.9571
Klk1b27,Klk1b27,1.1543,-2.5039,1.4994,-1.6699,0.0949,
Klk1b8,Klk1b8,0.4894,0.5867,2.024,0.2899,0.7719,
Klk1b9,Klk1b9,0.5784,-0.5363,2.3262,-0.2305,0.8177,
Klk8,Klk8,4.3344,2.046,0.7776,2.6311,0.0085,
Klk9,Klk9,0.5782,-0.2342,1.9726,-0.1187,0.9055,
Klra2,Klra2,13.3783,0.3698,0.4435,0.8339,0.4043,
Klrb1a,Klrb1a,17.744,-0.6137,0.508,-1.2082,0.227,
Klrg1,Klrg1,0.2927,0.8437,2.6285,0.321,0.7482,
Klrg2,Klrg2,46.6045,-0.1185,0.2392,-0.4953,0.6204,0.966
Kmo,Kmo,0.3846,-1.8819,2.44,-0.7713,0.4405,
Kmt2a,Kmt2a,1953.4419,0.1358,0.1268,1.071,0.2842,0.9074
Kmt2b,Kmt2b,1244.5106,0.0345,0.059,0.5853,0.5584,0.9579
Kmt2c,Kmt2c,876.6865,0.094,0.1623,0.5792,0.5624,0.9582
Kmt2d,Kmt2d,2302.5977,0.0932,0.0727,1.2809,0.2002,0.8828
Kmt2e,Kmt2e,1954.0311,0.0697,0.1725,0.4042,0.686,0.9717
Kndc1,Kndc1,2.0149,-0.4975,0.9781,-0.5087,0.611,
Kng1,Kng1,14.0617,-0.7142,0.7119,-1.0032,0.3158,
Kng2,Kng2,434.6289,-0.2585,0.7482,-0.3455,0.7297,0.9799
Knop1,Knop1,1954.7432,0.054,0.0525,1.0297,0.3031,0.9164
Knstrn,Knstrn,1792.9767,-0.2196,0.1466,-1.4981,0.1341,0.826
Kntc1,Kntc1,722.0304,-0.0995,0.2391,-0.4162,0.6773,0.9717
Kpna1,Kpna1,2457.63,0.0676,0.059,1.1454,0.2521,0.893
Kpna2,Kpna2,5090.8721,-0.1224,0.1501,-0.8156,0.4147,0.94
Kpna3,Kpna3,2552.2674,0.0297,0.1247,0.2379,0.8119,0.9886
Kpna4,Kpna4,3576.648,0.0561,0.0634,0.8852,0.3761,0.9295
Kpna6,Kpna6,5042.6502,-0.0176,0.0595,-0.2955,0.7676,0.985
Kpnb1,Kpnb1,17064.5185,0.0611,0.0836,0.7311,0.4647,0.9483
Kprp,Kprp,0.7651,-0.3604,2.239,-0.161,0.8721,
Kptn,Kptn,277.279,-0.0501,0.1054,-0.4754,0.6345,0.9681
Kras,Kras,2386.5636,-0.0427,0.125,-0.3413,0.7329,0.9802
Krba1,Krba1,409.4239,-0.0048,0.0983,-0.0492,0.9608,0.9974
Krcc1,Krcc1,1494.9664,0.0728,0.0907,0.8022,0.4224,0.9412
Kremen1,Kremen1,9991.6174,-0.0874,0.0644,-1.3567,0.1749,0.8614
Kremen2,Kremen2,2.3142,0.6941,1.0102,0.6871,0.492,
Kri1,Kri1,694.1556,-0.0444,0.0697,-0.637,0.5241,0.956
Krit1,Krit1,999.3944,0.1283,0.1445,0.8878,0.3746,0.9295
Krr1,Krr1,1158.8332,0.0933,0.1302,0.7168,0.4735,0.949
Krt10,Krt10,137.6215,-0.056,0.1353,-0.4138,0.679,0.9717
Krt13,Krt13,37.4335,0.7106,0.3261,2.1788,0.0293,0.641
Krt14,Krt14,251.6618,-0.3746,0.2629,-1.4251,0.1541,0.8501
Krt16,Krt16,2.2992,-0.626,1.1607,-0.5393,0.5897,
Krt18,Krt18,1.6528,0.4356,1.3308,0.3273,0.7434,
Krt19,Krt19,92.3654,-1.22,0.2954,-4.1304,0,0.0421
Krt222,Krt222,2.8893,1.2792,0.8707,1.4693,0.1418,
Krt23,Krt23,0.7771,0.6224,1.6285,0.3822,0.7023,
Krt28,Krt28,0.9567,-1.1967,1.6344,-0.7322,0.464,
Krt31,Krt31,5.6249,-1.9157,0.7786,-2.4604,0.0139,
Krt33a,Krt33a,0.6779,-1.7968,1.8542,-0.969,0.3325,
Krt36,Krt36,0.8664,2.4603,1.761,1.3972,0.1624,
Krt7,Krt7,5.1256,-1.0893,0.6232,-1.7478,0.0805,
Krt78,Krt78,0.3838,-1.8789,2.4405,-0.7699,0.4414,
Krt8,Krt8,3.0881,-0.1477,0.8172,-0.1807,0.8566,
Krt80,Krt80,776.8518,-0.6458,0.2497,-2.5861,0.0097,0.4918
Krt83,Krt83,0.4825,0.2655,2.0621,0.1287,0.8976,
Krt9,Krt9,3.968,-0.066,0.7668,-0.086,0.9314,
Krtcap2,Krtcap2,2529.2405,-0.0455,0.0581,-0.7835,0.4333,0.9453
Krtcap3,Krtcap3,61.7599,0.1031,0.1951,0.5285,0.5972,0.964
Ksr1,Ksr1,377.4117,0.0987,0.0956,1.0329,0.3017,0.9164
Ksr2,Ksr2,1.1473,-0.0611,1.4978,-0.0408,0.9675,
Kti12,Kti12,638.4269,-0.0246,0.0836,-0.294,0.7688,0.985
Ktn1,Ktn1,1452.4233,0.1028,0.1553,0.6622,0.5079,0.9528
Kxd1,Kxd1,963.2849,0.0012,0.095,0.0123,0.9902,0.9993
Ky,Ky,9.0758,-0.1336,0.47,-0.2842,0.7763,
L1cam,L1cam,634.2263,-0.6485,0.2362,-2.7452,0.006,0.4185
L2hgdh,L2hgdh,556.9344,-0.0001,0.0933,-0.0008,0.9993,0.9999
L3hypdh,L3hypdh,304.0704,0.0124,0.0979,0.1266,0.8993,0.9931
L3mbtl2,L3mbtl2,1182.8276,-0.0474,0.079,-0.5992,0.5491,0.9571
L3mbtl3,L3mbtl3,514.1761,-0.028,0.0972,-0.2885,0.773,0.985
l7Rn6,l7Rn6,1146.8282,-0.1206,0.06,-2.0106,0.0444,0.7227
Lacc1,Lacc1,442.8692,-0.0058,0.1247,-0.0462,0.9632,0.9974
Lace1,Lace1,371.021,-0.046,0.0898,-0.5122,0.6085,0.966
Lactb,Lactb,550.207,-0.0121,0.1019,-0.1189,0.9053,0.9939
Lactb2,Lactb2,1057.9724,0.1122,0.0978,1.1467,0.2515,0.893
Lad1,Lad1,13.7492,-0.1169,0.4001,-0.2923,0.7701,
Lag3,Lag3,21.6692,0.3073,0.3055,1.006,0.3144,0.9173
Lage3,Lage3,496.9374,0.0143,0.1069,0.1339,0.8935,0.9922
Lama1,Lama1,326.7408,-0.0926,0.2058,-0.4498,0.6528,0.9684
Lama2,Lama2,2548.9772,-0.0216,0.1009,-0.2139,0.8306,0.9906
Lama3,Lama3,5.6734,0.4915,0.5976,0.8224,0.4109,
Lama4,Lama4,1587.9917,0.0523,0.0911,0.5738,0.5661,0.9592
Lama5,Lama5,7170.7588,-0.059,0.0656,-0.899,0.3686,0.9295
Lamb1,Lamb1,12666.7838,0.101,0.0623,1.6205,0.1051,0.8
Lamb2,Lamb2,5340.0642,0.0476,0.0471,1.0105,0.3123,0.9173
Lamb3,Lamb3,992.717,-0.3708,0.1485,-2.4971,0.0125,0.5308
Lamc1,Lamc1,9784.6504,0.1003,0.0677,1.4824,0.1382,0.8314
Lamc2,Lamc2,552.8825,-0.3017,0.1107,-2.7243,0.0064,0.4257
Lamc3,Lamc3,20.4211,-0.4579,0.3502,-1.3076,0.191,0.8743
Lamp1,Lamp1,29068.4126,-0.0774,0.0831,-0.9312,0.3517,0.9271
Lamp2,Lamp2,13554.3799,0.0868,0.1188,0.7307,0.465,0.9483
Lamp3,Lamp3,0.7662,3.1782,1.7473,1.8189,0.0689,
Lamtor1,Lamtor1,1905.3727,-0.0619,0.0784,-0.79,0.4295,0.9448
Lamtor2,Lamtor2,1246.6016,-0.0464,0.0754,-0.6163,0.5377,0.9571
Lamtor3,Lamtor3,1887.2726,-0.0316,0.0988,-0.3196,0.7492,0.9843
Lamtor4,Lamtor4,682.01,-0.0917,0.0849,-1.0798,0.2802,0.9074
Lamtor5,Lamtor5,1934.9146,-0.1516,0.0559,-2.7132,0.0067,0.4266
Lancl1,Lancl1,1623.5624,0.0374,0.0552,0.678,0.4978,0.9515
Lancl2,Lancl2,695.7044,-0.0256,0.0796,-0.3217,0.7477,0.9842
Lancl3,Lancl3,119.3878,-0.1752,0.2028,-0.864,0.3876,0.933
Lap3,Lap3,2893.0606,-0.0192,0.0683,-0.2816,0.7782,0.985
Laptm4a,Laptm4a,31701.4449,-0.0476,0.0593,-0.8022,0.4224,0.9412
Laptm4b,Laptm4b,2934.352,-0.0392,0.0726,-0.5402,0.5891,0.964
Laptm5,Laptm5,2.0237,1.8188,1.0731,1.695,0.0901,
Large,Large,2448.259,-0.0047,0.0648,-0.0728,0.942,0.9971
Larp1,Larp1,5087.5408,0.0286,0.054,0.5296,0.5964,0.964
Larp1b,Larp1b,522.8691,0.0246,0.1149,0.2137,0.8308,0.9906
Larp4,Larp4,1910.6654,0.0535,0.1667,0.321,0.7482,0.9842
Larp4b,Larp4b,1576.5928,0.0458,0.1319,0.3468,0.7287,0.9796
Larp6,Larp6,456.3519,0.0962,0.1544,0.6233,0.5331,0.9571
Larp7,Larp7,1037.0906,0.06,0.0899,0.6682,0.504,0.9515
Lars,Lars,5256.301,0.0465,0.079,0.5886,0.5562,0.9576
Lars2,Lars2,2306.7049,0.0992,0.0998,0.9944,0.3201,0.9186
Las1l,Las1l,1535.3828,0.0421,0.1084,0.3887,0.6975,0.9736
Lasp1,Lasp1,8506.2633,-0.067,0.0616,-1.0868,0.2771,0.9074
Lat,Lat,6.2587,0.1058,0.5649,0.1873,0.8514,
Lat2,Lat2,34.9292,-0.1779,0.2597,-0.685,0.4933,0.9515
Lats1,Lats1,2275.6056,0.1069,0.1648,0.6486,0.5166,0.9548
Lats2,Lats2,2938.3965,0.0524,0.0522,1.0027,0.316,0.9173
Lax1,Lax1,10.366,0.4694,0.4765,0.985,0.3246,
Layn,Layn,1048.9636,0.0798,0.0928,0.8595,0.39,0.9331
Lbh,Lbh,3486.6835,-0.1142,0.0746,-1.5302,0.126,0.815
Lbp,Lbp,197.9091,0.125,0.1736,0.7199,0.4716,0.9489
Lbr,Lbr,1604.6422,-0.0175,0.0919,-0.1901,0.8493,0.9906
Lbx1,Lbx1,11.9101,-0.5778,0.4937,-1.1704,0.2418,
Lbx2,Lbx2,2.4883,0.3995,0.8816,0.4532,0.6504,
Lca5,Lca5,340.9881,0.2256,0.1068,2.1136,0.0345,0.6747
Lca5l,Lca5l,10.5045,0.6084,0.5091,1.1951,0.2321,
Lcat,Lcat,30.0942,-0.1824,0.2656,-0.6867,0.4923,0.9515
Lce1f,Lce1f,0.9647,0.1321,1.3643,0.0968,0.9229,
Lce1g,Lce1g,1.8441,-0.9456,1.0696,-0.8841,0.3766,
Lck,Lck,20.0614,0.1793,0.3262,0.5498,0.5825,
Lclat1,Lclat1,2786.2676,0.0027,0.0537,0.0506,0.9596,0.9974
Lcmt1,Lcmt1,819.1618,-0.109,0.0653,-1.6691,0.0951,0.7876
Lcmt2,Lcmt2,325.6034,-0.1267,0.1022,-1.2404,0.2148,0.8877
Lcn2,Lcn2,77.9509,0.1465,0.4478,0.3271,0.7436,0.9831
Lcor,Lcor,37.8004,-0.0222,0.253,-0.0877,0.9301,0.9957
Lcorl,Lcorl,146.3854,0.2144,0.1332,1.6093,0.1076,0.8028
Lcp1,Lcp1,0.4886,-0.3317,2.0294,-0.1635,0.8702,
Lct,Lct,3.8453,-0.6,0.8073,-0.7433,0.4573,
Lctl,Lctl,15.3293,-0.2737,0.3471,-0.7886,0.4304,
Ldah,Ldah,2043.162,-0.0112,0.0548,-0.2053,0.8374,0.9906
Ldb1,Ldb1,2818.3724,0.0552,0.0788,0.7004,0.4837,0.9515
Ldb3,Ldb3,2787.1796,-0.1043,0.1036,-1.0065,0.3142,0.9173
Ldha,Ldha,36935.1657,-0.4014,0.1208,-3.3226,0.0009,0.2308
Ldhal6b,Ldhal6b,3.1771,-0.9908,0.833,-1.1894,0.2343,
Ldhb,Ldhb,536.0458,0.096,0.1315,0.73,0.4654,0.9483
Ldhc,Ldhc,0.5801,-0.4781,1.8015,-0.2654,0.7907,
Ldhd,Ldhd,6.777,0.216,0.6417,0.3367,0.7364,
Ldlr,Ldlr,6472.3761,-0.1006,0.0566,-1.7784,0.0753,0.7682
Ldlrad2,Ldlrad2,0.6793,-2.7598,1.8002,-1.5331,0.1253,
Ldlrad3,Ldlrad3,2679.0366,-0.0093,0.0769,-0.1214,0.9034,0.9939
Ldlrad4,Ldlrad4,647.0388,0.1511,0.0694,2.1786,0.0294,0.641
Ldlrap1,Ldlrap1,1628.7077,0.1021,0.0843,1.2118,0.2256,0.8895
Ldoc1l,Ldoc1l,79.9974,0.0083,0.2265,0.0366,0.9708,0.9974
Leap2,Leap2,2.2186,-0.606,1.0256,-0.5909,0.5546,
Lef1,Lef1,733.1918,0.0268,0.0699,0.3832,0.7016,0.9737
Lefty1,Lefty1,2.9243,-0.4989,0.9284,-0.5373,0.591,
Lekr1,Lekr1,38.2673,0.2268,0.28,0.8098,0.4181,0.94
Lemd1,Lemd1,0.9686,-0.7124,1.4251,-0.4999,0.6171,
Lemd2,Lemd2,2469.5587,-0.0562,0.0561,-1.0018,0.3164,0.9173
Lemd3,Lemd3,920.5626,0.1157,0.088,1.3153,0.1884,0.874
Lenep,Lenep,48.4846,0.079,0.247,0.32,0.749,0.9843
Leng1,Leng1,355.0756,0.1473,0.103,1.4303,0.1526,0.8495
Leng8,Leng8,1426.0486,0.1686,0.0932,1.8092,0.0704,0.7617
Leng9,Leng9,128.2741,-0.1794,0.1401,-1.28,0.2005,0.8828
Leo1,Leo1,969.9556,0.041,0.0857,0.4789,0.632,0.9681
Lepr,Lepr,8.5351,0.3653,0.5256,0.695,0.487,
Leprot,Leprot,4012.8559,-0.0127,0.0667,-0.19,0.8493,0.9906
Leprotl1,Leprotl1,2618.2787,0.026,0.0489,0.5324,0.5945,0.964
Letm1,Letm1,2022.7355,0.024,0.0947,0.253,0.8003,0.9871
Letm2,Letm2,145.4917,0.0257,0.162,0.1584,0.8741,0.991
Letmd1,Letmd1,873.8907,-0.0026,0.0645,-0.0402,0.9679,0.9974
Lfng,Lfng,412.8012,-0.129,0.1671,-0.7724,0.4399,0.9455
Lgals1,Lgals1,66296.7849,-0.2527,0.0577,-4.3782,0,0.0212
Lgals12,Lgals12,5.2732,0.2743,0.6293,0.4358,0.663,
Lgals2,Lgals2,82.3922,0.1787,0.1819,0.982,0.3261,0.9197
Lgals3,Lgals3,11559.5725,-0.2703,0.1296,-2.0863,0.037,0.6867
Lgals3bp,Lgals3bp,2072.7235,-0.0424,0.1098,-0.3865,0.6992,0.9736
Lgals4,Lgals4,5.6577,0.6772,0.6465,1.0475,0.2949,
Lgals7,Lgals7,1.9267,0.2379,1.0526,0.226,0.8212,
Lgals8,Lgals8,2916.5829,0.0425,0.0425,0.9985,0.3181,0.9173
Lgals9,Lgals9,1975.7632,0.0624,0.0654,0.9535,0.3403,0.9244
Lgalsl,Lgalsl,316.4041,0.2315,0.1761,1.3144,0.1887,0.874
Lgi2,Lgi2,11.1621,0.169,0.4407,0.3834,0.7014,
Lgi3,Lgi3,2.4211,-0.8648,0.909,-0.9514,0.3414,
Lgi4,Lgi4,9.537,-0.3424,0.4588,-0.7462,0.4556,
Lgmn,Lgmn,6000.9898,-0.034,0.1006,-0.3375,0.7357,0.9807
Lgr4,Lgr4,743.612,0.0161,0.0837,0.1924,0.8474,0.9906
Lgr5,Lgr5,55.4574,-0.5099,0.2941,-1.7342,0.0829,0.7755
Lgr6,Lgr6,19.4227,-0.0094,0.4207,-0.0225,0.9821,
Lhfp,Lhfp,3213.8367,-0.0021,0.0633,-0.033,0.9737,0.9974
Lhfpl1,Lhfpl1,1.9163,-1.114,1.1932,-0.9336,0.3505,
Lhfpl2,Lhfpl2,2963.17,-0.026,0.0565,-0.4601,0.6455,0.9684
Lhfpl4,Lhfpl4,6.1513,-0.4534,0.7167,-0.6326,0.527,
Lhpp,Lhpp,113.3522,-0.0479,0.1455,-0.3291,0.7421,0.983
Lhx1,Lhx1,0.3853,0.9701,2.47,0.3928,0.6945,
Lhx2,Lhx2,31.2298,-0.0441,0.3363,-0.1311,0.8957,0.9927
Lhx6,Lhx6,362.6967,0.1141,0.0974,1.1709,0.2416,0.8923
Lhx8,Lhx8,17.2635,0.5014,0.4223,1.1872,0.2351,
Lhx9,Lhx9,174.8717,0.0322,0.1417,0.2274,0.8202,0.9893
Lias,Lias,1081.5854,-0.0268,0.0876,-0.306,0.7596,0.9849
Lif,Lif,627.2878,-0.1359,0.4114,-0.3303,0.7411,0.983
Lifr,Lifr,4121.7084,0.076,0.131,0.5802,0.5618,0.9579
Lig1,Lig1,1288.8387,-0.2689,0.1678,-1.6032,0.1089,0.807
Lig3,Lig3,2227.9551,0.1199,0.0584,2.0535,0.04,0.71
Lig4,Lig4,280.9013,0.0625,0.1389,0.4497,0.6529,0.9684
Lilr4b,Lilr4b,0.5799,-1.4968,1.7595,-0.8507,0.3949,
Lilrb4a,Lilrb4a,0.5787,-2.5211,2.1461,-1.1747,0.2401,
Lima1,Lima1,14095.8271,0.1797,0.1137,1.58,0.1141,0.8127
Limch1,Limch1,133.2142,-0.1226,0.234,-0.5241,0.6002,0.966
Limd1,Limd1,2504.4743,0.068,0.0663,1.0261,0.3048,0.9164
Limd2,Limd2,1161.3779,-0.1455,0.0821,-1.7729,0.0762,0.7682
Lime1,Lime1,442.1553,0.0095,0.0878,0.1086,0.9135,0.9943
Limk1,Limk1,1180.8113,-0.1259,0.0985,-1.2781,0.2012,0.8828
Limk2,Limk2,1734.5409,0.0845,0.0952,0.8873,0.3749,0.9295
Lims1,Lims1,5403.7109,0.0166,0.146,0.1135,0.9096,0.9941
Lims2,Lims2,155.0088,-0.0329,0.1515,-0.2172,0.828,0.9906
Lin28a,Lin28a,3.4571,-0.0705,0.7845,-0.0899,0.9284,
Lin37,Lin37,508.6937,-0.2067,0.0878,-2.3542,0.0186,0.5867
Lin52,Lin52,406.6654,0.1929,0.0952,2.0262,0.0427,0.7204
Lin54,Lin54,411.1959,-0.006,0.1625,-0.0371,0.9704,0.9974
Lin7a,Lin7a,4.1715,-0.062,0.8437,-0.0735,0.9414,
Lin7b,Lin7b,4.141,1.2369,0.7436,1.6634,0.0962,
Lin7c,Lin7c,1256.2633,0.0302,0.1956,0.1542,0.8775,0.9914
Lin9,Lin9,343.2547,0.0349,0.1766,0.1978,0.8432,0.9906
Linc-md1,Linc-md1,110.433,0.4352,0.3915,1.1117,0.2662,0.8981
Lincenc1,Lincenc1,4.8076,-0.3337,0.6324,-0.5277,0.5977,
Lincpint,Lincpint,1.7314,0.2526,1.0814,0.2335,0.8153,
Lincppara,Lincppara,203.7001,0.2254,0.1829,1.2325,0.2178,0.8877
Lingo1,Lingo1,39.3692,-0.3676,0.237,-1.5513,0.1208,0.8127
Lingo2,Lingo2,12.3081,-0.8187,0.4931,-1.6605,0.0968,
Lingo3,Lingo3,2.2295,0.4341,0.9345,0.4646,0.6423,
Lingo4,Lingo4,16.4586,0.0066,0.4052,0.0162,0.9871,
Lins,Lins,495.591,-0.0804,0.1052,-0.764,0.4449,0.9455
Lipa,Lipa,2669.6616,-0.0154,0.0612,-0.2522,0.8009,0.9871
Lipc,Lipc,7.3211,-0.6129,0.5419,-1.1312,0.258,
Lipe,Lipe,380.347,0.1867,0.1546,1.2079,0.2271,0.8906
Lipg,Lipg,87.9294,-0.2373,0.2511,-0.9449,0.3447,0.9246
Liph,Liph,5.7894,0.4438,0.564,0.7869,0.4313,
Lipk,Lipk,0.9722,-1.4368,1.5182,-0.9464,0.344,
Lipm,Lipm,0.8646,-2.1585,1.8121,-1.1912,0.2336,
Lipn,Lipn,0.572,1.6574,1.9987,0.8292,0.407,
Lipt1,Lipt1,287.3027,-0.0526,0.1176,-0.4471,0.6548,0.9687
Lipt2,Lipt2,74.2871,-0.0334,0.1815,-0.1838,0.8542,0.9906
Litaf,Litaf,5661.1966,-0.0718,0.0849,-0.846,0.3976,0.9347
Lix1,Lix1,480.2885,-0.0016,0.1391,-0.0115,0.9908,0.9993
Lix1l,Lix1l,5712.9245,0.11,0.1035,1.0626,0.2879,0.9079
Llgl1,Llgl1,3007.3356,-0.0566,0.0476,-1.1878,0.2349,0.8923
Llgl2,Llgl2,18.3021,-0.5696,0.3772,-1.51,0.131,
Llph,Llph,931.6634,0.2242,0.1976,1.1343,0.2567,0.8935
Lman1,Lman1,8238.0381,0.1286,0.0834,1.5423,0.123,0.8143
Lman1l,Lman1l,174.4188,-0.3924,0.211,-1.8601,0.0629,0.7549
Lman2,Lman2,8333.3264,-0.0275,0.043,-0.6396,0.5224,0.9556
Lman2l,Lman2l,1260.9404,-0.0152,0.0671,-0.226,0.8212,0.9893
Lmbr1,Lmbr1,480.0424,0.1789,0.1041,1.7183,0.0857,0.7807
Lmbr1l,Lmbr1l,473.4871,-0.1349,0.1323,-1.0199,0.3078,0.9169
Lmbrd1,Lmbrd1,2492.7125,-0.0394,0.0776,-0.5074,0.6119,0.966
Lmbrd2,Lmbrd2,200.4893,-0.0232,0.2383,-0.0972,0.9225,0.9957
Lmcd1,Lmcd1,738.015,-0.0809,0.0723,-1.1182,0.2635,0.8981
Lmf1,Lmf1,1046.3115,-0.182,0.0796,-2.286,0.0223,0.6144
Lmf2,Lmf2,4309.0825,-0.1121,0.0724,-1.5474,0.1218,0.8129
Lmln,Lmln,99.3666,0.0425,0.1722,0.2467,0.8051,0.9875
Lmna,Lmna,33560.8389,-0.069,0.0802,-0.8612,0.3891,0.933
Lmnb1,Lmnb1,1781.5391,-0.1988,0.1446,-1.3744,0.1693,0.8614
Lmnb2,Lmnb2,3778.166,-0.1301,0.0907,-1.435,0.1513,0.8465
Lmntd2,Lmntd2,1.6315,1.0269,1.1477,0.8947,0.3709,
Lmo1,Lmo1,23.3556,0.1876,0.3063,0.6125,0.5402,0.9571
Lmo2,Lmo2,5.2105,-1.2106,0.6491,-1.8651,0.0622,
Lmo4,Lmo4,1928.6105,0.0591,0.0627,0.9422,0.3461,0.9253
Lmo7,Lmo7,3756.2308,-0.0803,0.122,-0.6588,0.51,0.9528
Lmod1,Lmod1,1034.7742,0.1455,0.1648,0.8827,0.3774,0.9303
Lmod2,Lmod2,1124.0549,-0.0595,0.1632,-0.3648,0.7152,0.9767
Lmod3,Lmod3,1434.6644,-0.1282,0.1109,-1.1558,0.2478,0.8923
Lmtk2,Lmtk2,877.256,-0.0645,0.1002,-0.6438,0.5197,0.9553
Lmtk3,Lmtk3,19.7281,0.4886,0.3095,1.5785,0.1144,
Lnp,Lnp,751.0639,0.0503,0.1474,0.3414,0.7328,0.9802
Lnpep,Lnpep,969.0264,0.004,0.2059,0.0197,0.9843,0.9991
Lnx1,Lnx1,219.2474,0.3018,0.2198,1.3734,0.1696,0.8614
Lnx2,Lnx2,543.8791,0.0766,0.0864,0.8872,0.375,0.9295
LOC100049077,LOC100049077,0.7745,0.6284,1.6286,0.3859,0.6996,
LOC100503496,LOC100503496,2.22,0.6461,0.9071,0.7123,0.4763,
LOC100504703,LOC100504703,3.0734,1.0281,0.862,1.1927,0.233,
LOC100505025,LOC100505025,11.8612,-0.0464,0.3963,-0.1172,0.9067,
LOC105246506,LOC105246506,7.9519,0.2305,0.572,0.403,0.6869,
LOC106740,LOC106740,280.6747,0.2693,0.1109,2.4285,0.0152,0.5682
Loh12cr1,Loh12cr1,351.8801,0.1183,0.1275,0.9277,0.3536,0.9278
Lonp1,Lonp1,3773.4386,-0.0941,0.0676,-1.3927,0.1637,0.8598
Lonp2,Lonp2,4478.2757,-0.0265,0.051,-0.5201,0.603,0.966
Lonrf1,Lonrf1,293.5262,-0.0932,0.1103,-0.8447,0.3983,0.9353
Lonrf3,Lonrf3,114.0901,-0.0322,0.2493,-0.1292,0.8972,0.9927
Lor,Lor,3.6269,-0.8966,1.1094,-0.8082,0.419,
Lox,Lox,39212.7787,0.1677,0.1407,1.1916,0.2334,0.8923
Loxhd1,Loxhd1,4.7244,-0.8854,0.7507,-1.1795,0.2382,
Loxl1,Loxl1,12439.5536,-0.043,0.0587,-0.7333,0.4634,0.9483
Loxl2,Loxl2,1679.505,-0.28,0.1086,-2.5784,0.0099,0.4961
Loxl3,Loxl3,2997.0507,0.0428,0.0759,0.5646,0.5724,0.9614
Loxl4,Loxl4,1221.0358,0.0518,0.0901,0.5748,0.5654,0.9588
Lpar1,Lpar1,2681.4083,0.1038,0.0802,1.2946,0.1955,0.8802
Lpar2,Lpar2,70.7677,-0.0561,0.1847,-0.3035,0.7615,0.9849
Lpar3,Lpar3,358.7719,0.13,0.1314,0.9892,0.3226,0.9197
Lpar4,Lpar4,129.4728,0.2961,0.1399,2.1167,0.0343,0.6713
Lpar6,Lpar6,224.3499,0.2465,0.1245,1.9802,0.0477,0.7227
Lpcat1,Lpcat1,512.2743,-0.0729,0.0985,-0.7408,0.4588,0.9483
Lpcat2,Lpcat2,34.3534,-0.06,0.2768,-0.2167,0.8284,0.9906
Lpcat2b,Lpcat2b,0.3912,-2.0314,2.3457,-0.866,0.3865,
Lpcat3,Lpcat3,2163.8967,-0.0705,0.0593,-1.1895,0.2343,0.8923
Lpcat4,Lpcat4,450.0335,-0.0852,0.1118,-0.762,0.4461,0.9455
Lpgat1,Lpgat1,3633.7117,0.0529,0.1359,0.3897,0.6968,0.9735
Lpin1,Lpin1,634.1045,0.2124,0.1187,1.7895,0.0735,0.7682
Lpin2,Lpin2,1735.8145,0.0236,0.0602,0.3914,0.6955,0.9731
Lpin3,Lpin3,2086.7139,-0.1093,0.0615,-1.7773,0.0755,0.7682
Lpl,Lpl,2283.8002,0.3881,0.1671,2.3225,0.0202,0.6047
Lpp,Lpp,3296.8419,0.0135,0.2262,0.0598,0.9523,0.9974
Lppos,Lppos,38.5835,0.211,0.2581,0.8175,0.4136,0.9399
Lppr2,Lppr2,1052.2614,0.0657,0.0678,0.9688,0.3327,0.9205
Lppr3,Lppr3,323.911,-0.4504,0.1399,-3.2202,0.0013,0.2448
Lpxn,Lpxn,4.7337,-0.1177,0.6734,-0.1749,0.8612,
Lrba,Lrba,848.6805,0.0956,0.0796,1.2015,0.2296,0.8914
Lrch1,Lrch1,1442.4863,0.0563,0.0715,0.7872,0.4312,0.9453
Lrch2,Lrch2,253.6201,0.025,0.1952,0.128,0.8981,0.9927
Lrch3,Lrch3,1214.8735,0.0799,0.0852,0.9378,0.3484,0.9264
Lrfn1,Lrfn1,0.6706,-0.3878,1.7668,-0.2195,0.8263,
Lrfn3,Lrfn3,384.3029,0.0639,0.0959,0.666,0.5054,0.9515
Lrfn4,Lrfn4,1003.7008,-0.053,0.0649,-0.8159,0.4145,0.94
Lrguk,Lrguk,7.2302,0.3965,0.5373,0.7379,0.4606,
Lrif1,Lrif1,385.9595,0.0971,0.1589,0.611,0.5412,0.9571
Lrig1,Lrig1,3948.0687,0.0025,0.0899,0.0274,0.9782,0.9976
Lrig2,Lrig2,1182.8747,0.1152,0.11,1.0474,0.2949,0.9119
Lrig3,Lrig3,1557.9547,0.0029,0.1007,0.0285,0.9773,0.9976
Lrmp,Lrmp,2.0394,-1.3881,1.0453,-1.3279,0.1842,
Lrp1,Lrp1,46532.2827,0.0451,0.1123,0.4013,0.6882,0.9717
Lrp10,Lrp10,6741.6468,-0.106,0.064,-1.656,0.0977,0.7886
Lrp11,Lrp11,597.0675,-0.0761,0.1343,-0.5671,0.5707,0.9606
Lrp12,Lrp12,2075.9869,0.0924,0.0594,1.5554,0.1198,0.8127
Lrp2,Lrp2,6.2228,1.6814,0.6084,2.7635,0.0057,
Lrp2bp,Lrp2bp,6.2731,0.038,0.6886,0.0552,0.956,
Lrp4,Lrp4,4935.2644,0.0554,0.0503,1.1026,0.2702,0.9027
Lrp5,Lrp5,5925.4642,0.0167,0.0821,0.2034,0.8388,0.9906
Lrp6,Lrp6,2368.5892,0.1739,0.1411,1.2319,0.218,0.8877
Lrp8,Lrp8,261.2971,-0.2065,0.1837,-1.1246,0.2607,0.8968
Lrpap1,Lrpap1,4319.5264,0.1203,0.1267,0.9495,0.3424,0.9246
Lrpprc,Lrpprc,2413.9415,0.029,0.0561,0.5166,0.6054,0.966
Lrr1,Lrr1,95.07,-0.176,0.2551,-0.6901,0.4901,0.9515
Lrrc1,Lrrc1,458.5932,-0.0107,0.0998,-0.107,0.9148,0.9949
Lrrc10b,Lrrc10b,48.9392,0.1784,0.3994,0.4466,0.6551,0.9687
Lrrc14,Lrrc14,1051.1353,-0.0301,0.0753,-0.399,0.6899,0.9723
Lrrc14b,Lrrc14b,64.8518,-0.1253,0.1775,-0.706,0.4802,0.9502
Lrrc15,Lrrc15,75.4269,-0.0066,0.2337,-0.0284,0.9773,0.9976
Lrrc16a,Lrrc16a,844.8492,0.1987,0.0774,2.5655,0.0103,0.4999
Lrrc16b,Lrrc16b,2.2168,-1.2535,1.0533,-1.1901,0.234,
Lrrc17,Lrrc17,6516.0671,0.1044,0.1421,0.7342,0.4628,0.9483
Lrrc19,Lrrc19,5.7801,0.5546,0.6077,0.9126,0.3614,
Lrrc2,Lrrc2,21.5008,-0.5239,0.3671,-1.4271,0.1536,0.8501
Lrrc20,Lrrc20,1203.5626,0.0233,0.0873,0.2672,0.7893,0.9865
Lrrc23,Lrrc23,6.0978,-0.1325,0.6457,-0.2052,0.8374,
Lrrc24,Lrrc24,60.178,0.1889,0.1808,1.0445,0.2963,0.912
Lrrc26,Lrrc26,2.223,-0.5035,0.9433,-0.5337,0.5935,
Lrrc27,Lrrc27,119.4139,-0.127,0.15,-0.8466,0.3972,0.9347
Lrrc28,Lrrc28,589.7094,-0.0703,0.0891,-0.7892,0.43,0.9448
Lrrc29,Lrrc29,78.9952,0.2546,0.1857,1.3707,0.1705,0.8614
Lrrc3,Lrrc3,0.5786,-1.5045,1.9481,-0.7723,0.4399,
Lrrc30,Lrrc30,26.5941,0.0901,0.2774,0.3247,0.7454,0.9836
Lrrc32,Lrrc32,648.7804,-0.0671,0.1666,-0.4024,0.6874,0.9717
Lrrc34,Lrrc34,2.9812,-0.9919,1.0243,-0.9684,0.3329,
Lrrc36,Lrrc36,0.4821,1.4601,2.0214,0.7223,0.4701,
Lrrc39,Lrrc39,220.431,-0.0205,0.1309,-0.1567,0.8755,0.9914
Lrrc4,Lrrc4,33.4918,-0.4678,0.2799,-1.6715,0.0946,0.7876
Lrrc40,Lrrc40,1097.0251,0.0456,0.0771,0.5914,0.5543,0.9571
Lrrc41,Lrrc41,3794.8494,0.0142,0.0656,0.2161,0.8289,0.9906
Lrrc42,Lrrc42,1559.6889,-0.0034,0.0862,-0.04,0.9681,0.9974
Lrrc45,Lrrc45,806.147,0.092,0.0843,1.0915,0.275,0.9059
Lrrc46,Lrrc46,29.8799,-0.3765,0.2734,-1.3772,0.1684,0.8614
Lrrc47,Lrrc47,1114.5727,-0.0553,0.0678,-0.8154,0.4149,0.94
Lrrc48,Lrrc48,4.7133,0.853,0.6971,1.2236,0.2211,
Lrrc49,Lrrc49,672.8542,0.0493,0.0772,0.6381,0.5234,0.9556
Lrrc4c,Lrrc4c,162.5795,-0.19,0.2235,-0.8498,0.3954,0.9341
Lrrc51,Lrrc51,99.7209,-0.2813,0.1699,-1.6554,0.0979,0.7886
Lrrc55,Lrrc55,14.7047,0.018,0.4461,0.0403,0.9679,
Lrrc56,Lrrc56,53.1806,0.1364,0.2172,0.6281,0.5299,0.9568
Lrrc57,Lrrc57,665.1107,0.0839,0.0872,0.9622,0.3359,0.9211
Lrrc58,Lrrc58,2383.0621,0.0731,0.2055,0.3556,0.7222,0.9788
Lrrc59,Lrrc59,9945.9832,-0.0192,0.0609,-0.316,0.752,0.9849
Lrrc6,Lrrc6,0.3853,0.9701,2.47,0.3928,0.6945,
Lrrc61,Lrrc61,294.503,0.1093,0.1212,0.9017,0.3672,0.9295
Lrrc66,Lrrc66,2.1298,0.0275,0.9229,0.0298,0.9763,
Lrrc69,Lrrc69,0.3844,2.1809,2.3996,0.9089,0.3634,
Lrrc71,Lrrc71,5.5557,0.4588,0.7305,0.628,0.53,
Lrrc73,Lrrc73,54.2599,0.0189,0.1882,0.1005,0.92,0.9956
Lrrc74b,Lrrc74b,9.3671,-0.8002,0.507,-1.5781,0.1145,
Lrrc75a,Lrrc75a,612.5114,-0.0442,0.0882,-0.5011,0.6163,0.966
Lrrc75b,Lrrc75b,701.0888,0.1144,0.1068,1.0715,0.2839,0.9074
Lrrc8a,Lrrc8a,1423.2836,-0.0247,0.0572,-0.4319,0.6658,0.9702
Lrrc8b,Lrrc8b,219.9209,-0.3226,0.217,-1.4866,0.1371,0.8296
Lrrc8c,Lrrc8c,451.6291,-0.0441,0.1081,-0.4083,0.6831,0.9717
Lrrc8d,Lrrc8d,481.5957,-0.0605,0.0855,-0.7071,0.4795,0.9501
Lrrc8e,Lrrc8e,279.3417,-0.0757,0.096,-0.7891,0.4301,0.9448
Lrrc9,Lrrc9,0.8552,1.412,1.7057,0.8278,0.4078,
Lrrcc1,Lrrcc1,258.9739,0.3162,0.1511,2.0927,0.0364,0.6818
Lrrd1,Lrrd1,14.6855,-0.0267,0.3988,-0.067,0.9466,
Lrrfip1,Lrrfip1,5040.2672,-0.0163,0.0543,-0.3005,0.7638,0.9849
Lrrfip2,Lrrfip2,1398.3352,0.0735,0.0605,1.2147,0.2245,0.8877
Lrriq3,Lrriq3,16.8264,0.4407,0.3377,1.305,0.1919,
Lrrk1,Lrrk1,5053.2695,0.174,0.0721,2.4117,0.0159,0.5725
Lrrk2,Lrrk2,1442.2007,0.0766,0.1419,0.5399,0.5892,0.964
Lrrn1,Lrrn1,2682.0514,-0.0555,0.0831,-0.6676,0.5044,0.9515
Lrrn2,Lrrn2,3.97,-0.1199,0.7305,-0.1642,0.8696,
Lrrn3,Lrrn3,31.4071,0.6588,0.271,2.4311,0.0151,0.5682
Lrrn4cl,Lrrn4cl,44.5457,-0.2498,0.2244,-1.1131,0.2657,0.8981
Lrrtm2,Lrrtm2,34.6556,-0.2073,0.3598,-0.5762,0.5645,0.9588
Lrrtm3,Lrrtm3,0.4812,0.074,2.4228,0.0305,0.9756,
Lrrtm4,Lrrtm4,0.3828,0.9683,2.4729,0.3916,0.6954,
Lrsam1,Lrsam1,788.1194,0.0753,0.0999,0.7536,0.4511,0.9455
Lrtm1,Lrtm1,9.2411,-1.0655,0.534,-1.9954,0.046,
Lrtm2,Lrtm2,0.8658,-1.0726,1.6627,-0.6451,0.5189,
Lrwd1,Lrwd1,909.6539,-0.0234,0.0629,-0.3728,0.7093,0.9747
Lsg1,Lsg1,1982.1336,0.0433,0.0793,0.5461,0.585,0.964
Lsm1,Lsm1,882.8932,-0.0783,0.0694,-1.1291,0.2588,0.8966
Lsm10,Lsm10,454.4843,-0.1365,0.0849,-1.6088,0.1077,0.8028
Lsm11,Lsm11,588.5591,-0.1257,0.0928,-1.3543,0.1756,0.8614
Lsm12,Lsm12,1038.8072,-0.0328,0.0847,-0.3867,0.699,0.9736
Lsm14a,Lsm14a,4772.1906,-0.0011,0.0718,-0.0157,0.9875,0.9992
Lsm14b,Lsm14b,2565.8931,-0.092,0.0561,-1.6407,0.1009,0.7908
Lsm2,Lsm2,735.224,-0.2543,0.0873,-2.9142,0.0036,0.3479
Lsm3,Lsm3,927.1216,-0.1084,0.0719,-1.5074,0.1317,0.826
Lsm4,Lsm4,875.9442,-0.0958,0.0774,-1.2388,0.2154,0.8877
Lsm5,Lsm5,538.8901,0.0036,0.0826,0.044,0.9649,0.9974
Lsm6,Lsm6,2391.8745,-0.0493,0.1013,-0.4866,0.6265,0.9673
Lsm7,Lsm7,582.411,-0.0017,0.1373,-0.0124,0.9901,0.9993
Lsm8,Lsm8,892.2551,-0.0787,0.0902,-0.8725,0.3829,0.9315
Lsmem1,Lsmem1,2.9873,-0.5645,0.8832,-0.6392,0.5227,
Lsp1,Lsp1,3996.8414,-0.2691,0.088,-3.0585,0.0022,0.3213
Lsr,Lsr,16.2036,0.6619,0.3672,1.8025,0.0715,
Lss,Lss,999.6919,-0.1734,0.1258,-1.3788,0.168,0.8614
Lst1,Lst1,3.8646,0.611,0.7224,0.8459,0.3976,
Lta,Lta,3.8501,0.1376,0.7562,0.182,0.8556,
Lta4h,Lta4h,3653.9377,-0.0897,0.0414,-2.1678,0.0302,0.6482
Ltb,Ltb,0.4798,2.5273,2.2358,1.1304,0.2583,
Ltb4r2,Ltb4r2,0.6768,-0.0675,1.92,-0.0351,0.972,
Ltbp1,Ltbp1,7628.7277,0.1807,0.1153,1.5669,0.1171,0.8127
Ltbp2,Ltbp2,9671.5898,0.2095,0.0638,3.2828,0.001,0.2398
Ltbp3,Ltbp3,13390.553,0.0854,0.054,1.5822,0.1136,0.8127
Ltbp4,Ltbp4,3949.4775,-0.095,0.0917,-1.0364,0.3,0.9154
Ltbr,Ltbr,3405.1406,0.0359,0.0744,0.4825,0.6295,0.9677
Ltc4s,Ltc4s,85.9937,0.1482,0.1828,0.8109,0.4174,0.94
Ltf,Ltf,0.3846,0.9702,2.4712,0.3926,0.6946,
Ltk,Ltk,0.4805,0.262,2.0633,0.127,0.8989,
Ltn1,Ltn1,1785.8585,0.1196,0.1209,0.9889,0.3227,0.9197
Ltv1,Ltv1,1254.7895,-0.0275,0.0723,-0.3803,0.7038,0.9744
Luc7l,Luc7l,2398.9417,-0.0136,0.0722,-0.1887,0.8503,0.9906
Luc7l2,Luc7l2,3596.7011,0.0841,0.0989,0.8504,0.3951,0.9341
Luc7l3,Luc7l3,1346.0678,0.1641,0.1556,1.0547,0.2915,0.9087
Lum,Lum,47.5023,0.362,0.2317,1.5624,0.1182,0.8127
Lurap1,Lurap1,89.1921,0.1108,0.1993,0.556,0.5782,0.963
Lurap1l,Lurap1l,2760.4054,0.0351,0.103,0.3408,0.7333,0.9802
Luzp1,Luzp1,3661.7841,0.0783,0.1058,0.74,0.4593,0.9483
Luzp4,Luzp4,2.6051,0.6429,0.9411,0.6831,0.4945,
Lvrn,Lvrn,90.6913,-0.1862,0.1626,-1.1453,0.2521,0.893
Lxn,Lxn,773.4871,0.1216,0.0987,1.2319,0.218,0.8877
Ly6a,Ly6a,6281.5407,-0.1167,0.1775,-0.6576,0.5108,0.9529
Ly6c1,Ly6c1,926.4588,-0.351,0.218,-1.6097,0.1075,0.8027
Ly6c2,Ly6c2,292.5187,-0.5517,0.448,-1.2315,0.2181,0.8877
Ly6d,Ly6d,35.7442,1.2164,0.4655,2.6132,0.009,0.4722
Ly6e,Ly6e,18068.377,0.0647,0.0722,0.8951,0.3708,0.9295
Ly6f,Ly6f,2.192,-0.7869,1.2471,-0.631,0.528,
Ly6g5b,Ly6g5b,3.745,0.2109,0.7206,0.2927,0.7698,
Ly6g6c,Ly6g6c,2.495,0.2946,1.0021,0.294,0.7687,
Ly6i,Ly6i,1.6401,-0.1995,1.0278,-0.1941,0.8461,
Ly6k,Ly6k,0.6691,2.9604,1.7994,1.6452,0.0999,
Ly75,Ly75,768.3577,0.0276,0.0774,0.3561,0.7218,0.9788
Ly96,Ly96,116.539,0.0861,0.1401,0.6143,0.539,0.9571
Lyar,Lyar,733.7592,0.1451,0.0833,1.7418,0.0815,0.7744
Lyl1,Lyl1,8.539,0.1172,0.5177,0.2265,0.8208,
Lyn,Lyn,572.9706,-0.1237,0.1398,-0.8848,0.3762,0.9295
Lynx1,Lynx1,3279.748,0.1333,0.096,1.389,0.1648,0.8598
Lypd6,Lypd6,350.9869,-0.1785,0.1086,-1.6438,0.1002,0.7895
Lypd6b,Lypd6b,29.0911,0.0118,0.2898,0.0408,0.9675,0.9974
Lypla1,Lypla1,2501.9857,0.0688,0.0946,0.7276,0.4668,0.9483
Lypla2,Lypla2,1412.3567,-0.0936,0.0662,-1.4141,0.1573,0.8522
Lyplal1,Lyplal1,196.8973,0.0366,0.1416,0.2584,0.7961,0.9871
Lyrm1,Lyrm1,124.4844,0.1839,0.1451,1.2675,0.205,0.8854
Lyrm2,Lyrm2,630.9481,0.0406,0.0683,0.595,0.5518,0.9571
Lyrm4,Lyrm4,288.7624,-0.0413,0.1006,-0.4112,0.6809,0.9717
Lyrm5,Lyrm5,895.736,-0.0144,0.0617,-0.2328,0.8159,0.989
Lyrm7,Lyrm7,41.4031,0.0099,0.2301,0.0429,0.9658,0.9974
Lyrm9,Lyrm9,203.1156,0.0253,0.1352,0.1873,0.8514,0.9906
Lysmd1,Lysmd1,131.9546,0.2969,0.2588,1.1474,0.2512,0.893
Lysmd2,Lysmd2,401.5728,0.1719,0.1357,1.267,0.2051,0.8854
Lysmd3,Lysmd3,431.4225,-0.0628,0.2191,-0.2867,0.7744,0.985
Lysmd4,Lysmd4,464.9317,-0.0519,0.101,-0.5138,0.6074,0.966
Lyst,Lyst,742.6538,-0.021,0.23,-0.0911,0.9274,0.9957
Lyz2,Lyz2,25.2423,-0.1403,0.2751,-0.5098,0.6102,0.966
Lzic,Lzic,1482.8165,-0.0299,0.0802,-0.3733,0.7089,0.9746
Lztfl1,Lztfl1,437.113,0.1296,0.152,0.8527,0.3938,0.9341
Lztr1,Lztr1,3160.6192,0.0151,0.0539,0.2812,0.7786,0.985
Lzts1,Lzts1,111.1534,-0.1194,0.1541,-0.7749,0.4384,0.9455
Lzts2,Lzts2,2912.4326,0.0706,0.0779,0.9053,0.3653,0.9295
Lzts3,Lzts3,679.0968,-0.1355,0.0837,-1.6184,0.1056,0.8
M1ap,M1ap,20.1606,-0.2476,0.3714,-0.6666,0.505,
M6pr,M6pr,5998.1313,0.023,0.062,0.3709,0.7107,0.9755
Maats1,Maats1,7.6383,-1.1247,0.5548,-2.0273,0.0426,
Mab21l1,Mab21l1,0.6863,-1.8914,2.1415,-0.8832,0.3771,
Mab21l3,Mab21l3,96.5196,0.3104,0.1821,1.7044,0.0883,0.7829
Macc1,Macc1,75.0593,-0.1153,0.3503,-0.3292,0.742,0.983
Macf1,Macf1,11989.6928,0.0216,0.1673,0.1293,0.8971,0.9927
Macrod1,Macrod1,896.2574,-0.09,0.1203,-0.7482,0.4543,0.9475
Macrod2,Macrod2,3.7788,-0.2507,0.7826,-0.3203,0.7487,
Mad1l1,Mad1l1,1100.2796,0.0024,0.0811,0.0297,0.9763,0.9975
Mad2l1,Mad2l1,1576.1558,-0.1619,0.1491,-1.086,0.2775,0.9074
Mad2l1bp,Mad2l1bp,795.2938,-0.0091,0.0624,-0.1452,0.8846,0.9914
Mad2l2,Mad2l2,417.0893,-0.1248,0.0897,-1.3902,0.1645,0.8598
Madcam1,Madcam1,0.58,2.8132,2.0881,1.3472,0.1779,
Madd,Madd,583.193,-0.3363,0.14,-2.4028,0.0163,0.5731
Maea,Maea,5380.2373,0.0034,0.0857,0.0399,0.9682,0.9974
Maf,Maf,856.0582,0.1065,0.1058,1.0069,0.314,0.9173
Maf1,Maf1,3642.6806,-0.0425,0.0846,-0.5022,0.6155,0.966
Mafa,Mafa,80.0525,-0.2464,0.2084,-1.1824,0.2371,0.8923
Mafb,Mafb,7.5075,-0.6155,0.541,-1.1377,0.2552,
Maff,Maff,669.8509,-0.4135,0.1894,-2.1834,0.029,0.641
Mafg,Mafg,830.0656,0.0218,0.0799,0.2736,0.7844,0.985
Mafk,Mafk,1351.6915,-0.0749,0.0627,-1.195,0.2321,0.8923
Magea3,Magea3,1.1608,-1.7093,1.5486,-1.1038,0.2697,
Magea5,Magea5,0.677,0.2527,1.7139,0.1474,0.8828,
Magea8,Magea8,26.4498,0.0572,0.386,0.1481,0.8822,0.9914
Mageb18,Mageb18,3.7596,0.3236,0.7353,0.4401,0.6598,
Mageb3,Mageb3,1.8302,0.0613,1.0053,0.061,0.9514,
Mageb4,Mageb4,0.3816,-0.4558,2.4647,-0.1849,0.8533,
Maged1,Maged1,29613.2702,0.034,0.0701,0.4854,0.6274,0.9673
Maged2,Maged2,3641.9524,-0.0055,0.0549,-0.1002,0.9202,0.9957
Magee1,Magee1,1215.0521,0.1146,0.1027,1.1155,0.2646,0.8981
Magef1,Magef1,105.1602,0.0836,0.3033,0.2756,0.7829,0.985
Magi1,Magi1,419.0209,0.0095,0.129,0.074,0.941,0.9971
Magi2,Magi2,61.1165,0.3202,0.234,1.3682,0.1712,0.8614
Magi3,Magi3,1319.0237,0.1051,0.1329,0.7903,0.4293,0.9448
Magix,Magix,3.9724,-0.7645,0.8175,-0.9351,0.3497,
Magoh,Magoh,1494.1558,-0.0575,0.0623,-0.9216,0.3567,0.9295
Magohb,Magohb,390.3092,0.1029,0.0921,1.1173,0.2639,0.8981
Magt1,Magt1,2067.4587,-0.1523,0.202,-0.7542,0.4507,0.9455
Mak,Mak,0.3829,-0.4613,2.4628,-0.1873,0.8514,
Mak16,Mak16,1328.716,0.0914,0.1144,0.7994,0.4241,0.9422
Mal,Mal,62.4987,0.0141,0.2786,0.0507,0.9596,0.9974
Mal2,Mal2,0.8675,0.513,1.5087,0.34,0.7338,
Malat1,Malat1,4578.0253,0.2634,0.3227,0.8161,0.4145,0.94
Malsu1,Malsu1,417.9952,-0.0405,0.1075,-0.3772,0.7061,0.9744
Malt1,Malt1,243.9388,0.0289,0.1356,0.2133,0.8311,0.9906
Mamdc2,Mamdc2,1199.8959,-0.0483,0.1181,-0.4089,0.6826,0.9717
Mamdc4,Mamdc4,73.3465,-0.0039,0.1654,-0.0234,0.9813,0.9984
Maml1,Maml1,1763.4349,0.04,0.0523,0.7642,0.4448,0.9455
Maml2,Maml2,543.3659,0.2104,0.1752,1.2008,0.2298,0.8914
Maml3,Maml3,725.6699,0.1086,0.0894,1.2147,0.2245,0.8877
Mamld1,Mamld1,2.701,-0.0959,0.9804,-0.0978,0.9221,
Mamstr,Mamstr,103.3027,-0.1664,0.1528,-1.0895,0.276,0.9068
Man1a,Man1a,103.0206,-0.1267,0.2208,-0.5736,0.5662,0.9592
Man1a2,Man1a2,1644.9246,0.1129,0.1465,0.7705,0.441,0.9455
Man1b1,Man1b1,3833.8304,0.0075,0.0462,0.1624,0.871,0.9906
Man1c1,Man1c1,3873.152,0.0359,0.0671,0.5344,0.593,0.964
Man2a1,Man2a1,3808.4649,0.0713,0.1503,0.4741,0.6354,0.9681
Man2a2,Man2a2,5214.1785,0.084,0.0644,1.3046,0.192,0.8743
Man2b1,Man2b1,2336.2114,-0.0908,0.1005,-0.903,0.3665,0.9295
Man2b2,Man2b2,2202.0772,0.0549,0.0772,0.7107,0.4773,0.949
Man2c1,Man2c1,1380.2164,0.1542,0.0888,1.7379,0.0822,0.7752
Man2c1os,Man2c1os,6.1254,0.2471,0.6842,0.3611,0.7181,
Manba,Manba,664.4213,-0.0856,0.1241,-0.6901,0.4901,0.9515
Manbal,Manbal,1168.359,0.0824,0.1157,0.712,0.4764,0.949
Manea,Manea,766.8065,0.0108,0.1919,0.0561,0.9553,0.9974
Maneal,Maneal,5.7607,0.9895,0.6166,1.6047,0.1086,
Manf,Manf,5955.1103,-0.1499,0.0977,-1.5331,0.1253,0.815
Mannr,Mannr,1.5389,-0.2154,1.4056,-0.1532,0.8782,
Mansc1,Mansc1,5.8884,-0.4787,0.5724,-0.8363,0.403,
Mansc4,Mansc4,4.3309,0.2916,0.6859,0.4252,0.6707,
Maoa,Maoa,2716.7367,0.006,0.0702,0.0861,0.9314,0.9957
Maob,Maob,14.1602,0.0451,0.4055,0.1112,0.9115,
Map1a,Map1a,5049.2103,0.1637,0.0958,1.7084,0.0876,0.7808
Map1b,Map1b,5927.2737,-0.0394,0.1231,-0.3198,0.7491,0.9843
Map1lc3a,Map1lc3a,2600.656,-0.0085,0.0916,-0.0927,0.9262,0.9957
Map1lc3b,Map1lc3b,7113.213,0.0175,0.0957,0.1834,0.8545,0.9906
Map1s,Map1s,1695.322,0.021,0.067,0.314,0.7536,0.9849
Map2,Map2,248.7496,-0.3156,0.304,-1.0379,0.2993,0.9152
Map2k1,Map2k1,4089.101,-0.1366,0.0746,-1.8311,0.0671,0.7617
Map2k2,Map2k2,2813.1857,-0.0862,0.0712,-1.2099,0.2263,0.8904
Map2k3,Map2k3,4062.4376,-0.0152,0.0667,-0.2285,0.8193,0.9893
Map2k3os,Map2k3os,82.315,0.0179,0.1995,0.0898,0.9285,0.9957
Map2k4,Map2k4,2480.6135,0.0015,0.0549,0.0272,0.9783,0.9976
Map2k5,Map2k5,973.0871,0.0048,0.0758,0.0638,0.9491,0.9974
Map2k6,Map2k6,143.4376,0.0424,0.1398,0.3031,0.7618,0.9849
Map2k7,Map2k7,2043.6691,-0.0511,0.0569,-0.898,0.3692,0.9295
Map3k1,Map3k1,185.7406,0.1091,0.1589,0.6866,0.4924,0.9515
Map3k10,Map3k10,1230.7392,-0.0335,0.0829,-0.4042,0.686,0.9717
Map3k11,Map3k11,1119.9802,0.0021,0.0614,0.0346,0.9724,0.9974
Map3k12,Map3k12,780.4371,0.1161,0.098,1.1854,0.2359,0.8923
Map3k13,Map3k13,28.5566,-0.069,0.2755,-0.2505,0.8022,0.9871
Map3k14,Map3k14,1076.6918,0.0509,0.0789,0.6447,0.5191,0.9553
Map3k15,Map3k15,10.3132,0.2133,0.4636,0.4601,0.6454,
Map3k19,Map3k19,22.7618,-0.1338,0.3309,-0.4044,0.6859,0.9717
Map3k2,Map3k2,1090.771,-0.0174,0.2328,-0.0748,0.9404,0.9971
Map3k3,Map3k3,1871.8157,0.063,0.0739,0.8526,0.3939,0.9341
Map3k4,Map3k4,1740.4932,0.0139,0.053,0.2628,0.7927,0.9869
Map3k5,Map3k5,40.8313,-0.0924,0.2214,-0.4174,0.6764,0.9713
Map3k6,Map3k6,300.7261,0.0329,0.0967,0.3404,0.7335,0.9802
Map3k7,Map3k7,3767.2106,0.0541,0.0749,0.7219,0.4703,0.9488
Map3k7cl,Map3k7cl,234.9432,-0.3294,0.1795,-1.8345,0.0666,0.7613
Map3k8,Map3k8,303.538,0.178,0.1764,1.0086,0.3132,0.9173
Map3k9,Map3k9,64.1114,-0.314,0.2009,-1.563,0.1181,0.8127
Map4,Map4,15418.43,0.0096,0.0442,0.2181,0.8274,0.9906
Map4k1,Map4k1,13.0964,-0.4424,0.4015,-1.102,0.2705,
Map4k2,Map4k2,541.7498,-0.067,0.1259,-0.5318,0.5949,0.964
Map4k3,Map4k3,815.1881,-0.1032,0.1488,-0.6936,0.4879,0.9515
Map4k4,Map4k4,17519.5909,0.0118,0.0562,0.2097,0.8339,0.9906
Map4k5,Map4k5,1639.034,0.137,0.1043,1.3138,0.1889,0.874
Map6,Map6,2406.8951,-0.051,0.0573,-0.89,0.3734,0.9295
Map6d1,Map6d1,16.6982,0.3393,0.3742,0.9066,0.3646,
Map7,Map7,30.5614,0.2176,0.3403,0.6394,0.5225,0.9556
Map7d1,Map7d1,9814.7116,-0.068,0.0583,-1.1661,0.2436,0.8923
Map9,Map9,115.2978,0.0537,0.2387,0.2249,0.8221,0.9893
Mapk1,Mapk1,8456.5054,0.0333,0.0727,0.4586,0.6465,0.9684
Mapk10,Mapk10,0.5806,0.7618,1.792,0.4251,0.6707,
Mapk11,Mapk11,580.2568,-0.0078,0.076,-0.1029,0.9181,0.9955
Mapk12,Mapk12,760.3551,-0.1422,0.086,-1.6526,0.0984,0.7891
Mapk13,Mapk13,42.4023,0.2973,0.2663,1.1163,0.2643,0.8981
Mapk14,Mapk14,2997.2689,0.0642,0.0803,0.7991,0.4242,0.9422
Mapk15,Mapk15,21.257,-0.0775,0.4271,-0.1814,0.856,0.9906
Mapk1ip1,Mapk1ip1,240.1235,0.2249,0.1186,1.8958,0.058,0.7485
Mapk1ip1l,Mapk1ip1l,4654.18,0.1281,0.0903,1.4181,0.1562,0.8512
Mapk3,Mapk3,4133.7282,-0.0389,0.0619,-0.6273,0.5305,0.9568
Mapk4,Mapk4,57.6679,-0.1734,0.2535,-0.6841,0.4939,0.9515
Mapk6,Mapk6,5670.3947,-0.0227,0.0685,-0.3317,0.7401,0.9825
Mapk7,Mapk7,1021.2698,0.0142,0.0589,0.2412,0.8094,0.9882
Mapk8,Mapk8,1100.7111,0.0052,0.0931,0.0556,0.9557,0.9974
Mapk8ip1,Mapk8ip1,1394.7719,-0.2093,0.089,-2.3524,0.0187,0.588
Mapk8ip3,Mapk8ip3,2665.6376,0.0573,0.0546,1.0504,0.2936,0.911
Mapk9,Mapk9,1693.7023,-0.0214,0.07,-0.306,0.7596,0.9849
Mapkap1,Mapkap1,2589.7625,0.0155,0.0544,0.2848,0.7758,0.985
Mapkapk2,Mapkapk2,5273.7861,-0.0961,0.0522,-1.84,0.0658,0.7609
Mapkapk3,Mapkapk3,27.1663,-0.0221,0.2859,-0.0773,0.9384,0.9971
Mapkapk5,Mapkapk5,1268.0544,-0.0947,0.0649,-1.4585,0.1447,0.8418
Mapkbp1,Mapkbp1,1393.2228,0.0775,0.0964,0.804,0.4214,0.941
Mapre1,Mapre1,7616.0787,0.0434,0.0463,0.938,0.3483,0.9264
Mapre2,Mapre2,1346.1075,0.054,0.0777,0.6946,0.4873,0.9515
Mapre3,Mapre3,2571.9714,-0.0297,0.095,-0.3129,0.7544,0.9849
Mapt,Mapt,32.0397,-0.2071,0.3212,-0.6449,0.519,0.9553
Marcks,Marcks,12379.5719,-0.0207,0.1081,-0.1911,0.8484,0.9906
Marcksl1,Marcksl1,2248.1664,-0.1123,0.057,-1.9681,0.0491,0.7227
Marf1,Marf1,2101.5682,0.1636,0.0852,1.9202,0.0548,0.7404
Mark1,Mark1,12.3839,0.6198,0.5896,1.0511,0.2932,
Mark2,Mark2,2404.0527,0.0148,0.0489,0.3029,0.762,0.9849
Mark3,Mark3,3389.8387,0.0461,0.0624,0.7383,0.4603,0.9483
Mark4,Mark4,815.2779,-0.0026,0.074,-0.0348,0.9722,0.9974
Mars,Mars,5135.2956,-0.0162,0.0747,-0.2174,0.8279,0.9906
Mars2,Mars2,310.5904,0.0682,0.1059,0.6447,0.5191,0.9553
Marveld1,Marveld1,2833.7096,0.1414,0.0813,1.7388,0.0821,0.7752
Marveld2,Marveld2,1.8163,0.6936,1.0763,0.6444,0.5193,
Marveld3,Marveld3,0.7757,2.3424,1.7599,1.331,0.1832,
Mas1,Mas1,1.2499,1.5174,1.3595,1.1162,0.2643,
Masp1,Masp1,2676.1957,0.4623,0.1939,2.3842,0.0171,0.582
Masp2,Masp2,6.2329,1.2712,0.6593,1.9282,0.0538,
Mast1,Mast1,146.3627,-0.05,0.1457,-0.343,0.7316,0.9802
Mast2,Mast2,4147.1262,-0.0637,0.0661,-0.9635,0.3353,0.9207
Mast3,Mast3,1548.4067,-0.0243,0.0602,-0.4032,0.6868,0.9717
Mast4,Mast4,2219.2943,0.0137,0.086,0.1594,0.8733,0.991
Mastl,Mastl,510.5335,-0.1085,0.1913,-0.5673,0.5705,0.9605
Mat1a,Mat1a,0.7844,-2.1092,2.0966,-1.006,0.3144,
Mat2a,Mat2a,10227.1495,0.0131,0.0701,0.1874,0.8514,0.9906
Mat2b,Mat2b,2392.3689,-0.0169,0.0688,-0.246,0.8057,0.9876
Matk,Matk,12.2396,-0.0082,0.398,-0.0206,0.9836,
Matn2,Matn2,8104.9694,0.1783,0.1122,1.5893,0.112,0.8127
Matn3,Matn3,26.8841,-0.7067,0.4769,-1.482,0.1383,0.8314
Matn4,Matn4,6.5382,0.5306,0.672,0.7897,0.4297,
Matr3,Matr3,4884.8763,0.0821,0.1519,0.5409,0.5886,0.964
Mau2,Mau2,1881.7025,-0.0371,0.0484,-0.7657,0.4438,0.9455
Mavs,Mavs,1509.8845,0.0816,0.0969,0.8422,0.3996,0.9354
Max,Max,2404.7322,0.0518,0.0755,0.6862,0.4926,0.9515
Maz,Maz,3127.7904,-0.1871,0.0878,-2.1307,0.0331,0.6642
Mb,Mb,3631.2613,-0.3222,0.208,-1.5489,0.1214,0.8127
Mb21d1,Mb21d1,203.4829,0.1458,0.167,0.8729,0.3827,0.9315
Mb21d2,Mb21d2,294.5457,-0.0323,0.0887,-0.3644,0.7155,0.9767
Mbd1,Mbd1,1184.8957,0.0284,0.0675,0.4207,0.6739,0.971
Mbd2,Mbd2,2607.6871,0.1005,0.067,1.4999,0.1336,0.826
Mbd3,Mbd3,3630.939,-0.105,0.0465,-2.2585,0.0239,0.624
Mbd4,Mbd4,164.7676,-0.0158,0.1329,-0.1188,0.9055,0.9939
Mbd5,Mbd5,541.9996,0.0193,0.1401,0.1381,0.8902,0.992
Mbd6,Mbd6,885.469,0.0537,0.0741,0.7254,0.4682,0.9483
Mbip,Mbip,379.7214,-0.046,0.1434,-0.3211,0.7482,0.9842
Mblac1,Mblac1,46.8912,-0.2122,0.2102,-1.0095,0.3127,0.9173
Mblac2,Mblac2,101.6649,0.0108,0.2327,0.0463,0.9631,0.9974
Mbnl1,Mbnl1,5059.0152,0.1791,0.1246,1.4375,0.1506,0.8447
Mbnl2,Mbnl2,2533.1279,-0.0272,0.1815,-0.15,0.8808,0.9914
Mbnl3,Mbnl3,141.6783,0.2036,0.228,0.8929,0.3719,0.9295
Mboat1,Mboat1,622.4031,-0.1165,0.1026,-1.1351,0.2563,0.8935
Mboat2,Mboat2,454.2351,-0.1759,0.1063,-1.6541,0.0981,0.7891
Mboat4,Mboat4,5.131,0.3123,0.7001,0.4461,0.6555,
Mboat7,Mboat7,1210.5981,-0.1308,0.0742,-1.7622,0.078,0.7682
Mbp,Mbp,81.1397,0.247,0.1823,1.3545,0.1756,0.8614
Mbtd1,Mbtd1,663.8348,0.026,0.1785,0.1456,0.8842,0.9914
Mbtps1,Mbtps1,8754.525,0.0443,0.084,0.5281,0.5974,0.964
Mbtps2,Mbtps2,813.967,0.1027,0.154,0.6671,0.5047,0.9515
Mc1r,Mc1r,0.3912,-2.0314,2.3457,-0.866,0.3865,
Mc4r,Mc4r,20.7395,-0.2858,0.3704,-0.7718,0.4403,0.9455
Mc5r,Mc5r,1.5489,0.2616,1.2101,0.2162,0.8289,
Mcam,Mcam,255.0467,-0.1815,0.1511,-1.2009,0.2298,0.8914
Mcat,Mcat,1032.8726,0.0461,0.0757,0.6096,0.5421,0.9571
Mcc,Mcc,383.435,0.2914,0.1092,2.6673,0.0076,0.4412
Mccc1,Mccc1,741.9856,0.0774,0.112,0.6914,0.4893,0.9515
Mccc1os,Mccc1os,2.2265,-3.6554,1.2658,-2.8879,0.0039,
Mccc2,Mccc2,585.4626,-0.0672,0.091,-0.7389,0.4599,0.9483
Mcee,Mcee,180.4048,-0.0062,0.1189,-0.0521,0.9584,0.9974
Mcf2l,Mcf2l,413.9926,-0.1281,0.1417,-0.9046,0.3657,0.9295
Mcfd2,Mcfd2,3003.0607,-0.0395,0.0579,-0.683,0.4946,0.9515
Mchr1,Mchr1,292.8288,-0.1258,0.1958,-0.6423,0.5206,0.9555
Mcl1,Mcl1,6948.4056,-0.0938,0.045,-2.0845,0.0371,0.687
Mcm10,Mcm10,438.3708,-0.0884,0.1933,-0.4572,0.6475,0.9684
Mcm2,Mcm2,2299.2098,-0.0771,0.1125,-0.6853,0.4931,0.9515
Mcm3,Mcm3,2136.8932,-0.156,0.1431,-1.0908,0.2753,0.9067
Mcm3ap,Mcm3ap,2683.7332,-0.0326,0.0561,-0.5803,0.5617,0.9579
Mcm4,Mcm4,2214.325,-0.0467,0.1394,-0.3354,0.7373,0.9815
Mcm5,Mcm5,1775.4922,-0.2336,0.1934,-1.2079,0.2271,0.8906
Mcm6,Mcm6,3699.3916,-0.0333,0.1216,-0.2738,0.7843,0.985
Mcm7,Mcm7,2717.1873,-0.149,0.122,-1.2213,0.222,0.8877
Mcm8,Mcm8,179.5734,0.0369,0.1691,0.218,0.8274,0.9906
Mcm9,Mcm9,240.8721,0.0538,0.1125,0.4779,0.6327,0.9681
Mcmbp,Mcmbp,1704.6594,-0.0026,0.0576,-0.0456,0.9636,0.9974
Mcoln1,Mcoln1,1238.644,-0.1249,0.1322,-0.9446,0.3449,0.9246
Mcoln2,Mcoln2,0.8652,2.4584,1.5769,1.559,0.119,
Mcoln3,Mcoln3,1.3462,-1.0857,1.2905,-0.8413,0.4002,
Mcph1,Mcph1,757.3184,-0.0332,0.1103,-0.3014,0.7631,0.9849
Mcpt-ps1,Mcpt-ps1,0.6709,1.9982,2.1864,0.9139,0.3608,
Mcpt1,Mcpt1,4.1597,-1.4637,0.7456,-1.9632,0.0496,
Mcpt2,Mcpt2,0.2933,0.8438,2.6273,0.3212,0.7481,
Mcpt4,Mcpt4,0.6781,2.1029,1.8566,1.1327,0.2573,
Mcpt8,Mcpt8,172.6168,-0.6635,0.2802,-2.3682,0.0179,0.582
Mcrs1,Mcrs1,1789.707,-0.0711,0.0613,-1.1595,0.2462,0.8923
Mctp1,Mctp1,16.7672,-0.518,0.5695,-0.9096,0.363,
Mctp2,Mctp2,16.138,-0.0724,0.4172,-0.1735,0.8623,
Mcts1,Mcts1,1400.9685,0.0228,0.0794,0.2866,0.7744,0.985
Mcts2,Mcts2,199.3937,0.0369,0.1343,0.275,0.7833,0.985
Mcu,Mcu,2181.6361,-0.05,0.0889,-0.5622,0.574,0.9614
Mcur1,Mcur1,768.5334,0.0291,0.1286,0.2265,0.8208,0.9893
Mdc1,Mdc1,1608.0656,0.007,0.0877,0.0799,0.9363,0.9971
Mdfi,Mdfi,109.3054,0.0839,0.1537,0.546,0.5851,0.964
Mdfic,Mdfic,2671.9191,0.0545,0.0654,0.8333,0.4047,0.9365
Mdga1,Mdga1,129.6677,-0.2423,0.2086,-1.1613,0.2455,0.8923
Mdh1,Mdh1,6432.5408,-0.1054,0.0677,-1.5569,0.1195,0.8127
Mdh1b,Mdh1b,2.9659,0.9759,0.886,1.1014,0.2707,
Mdh2,Mdh2,9867.3679,-0.0824,0.0764,-1.0779,0.2811,0.9074
Mdk,Mdk,4.227,-0.1375,0.6675,-0.2059,0.8368,
Mdm1,Mdm1,438.8877,0.0324,0.0967,0.3352,0.7375,0.9815
Mdm2,Mdm2,3518.1118,0.0341,0.065,0.5239,0.6003,0.966
Mdm4,Mdm4,2781.0398,0.2139,0.1336,1.6007,0.1094,0.8072
Mdn1,Mdn1,1594.3313,0.1979,0.0855,2.3138,0.0207,0.6047
Mdp1,Mdp1,1338.9488,0.0007,0.0839,0.0086,0.9931,0.9993
Me1,Me1,4219.8784,0.1407,0.0702,2.0045,0.045,0.7227
Me2,Me2,1522.8391,-0.0534,0.0653,-0.8173,0.4138,0.9399
Me3,Me3,127.4725,0.2169,0.1669,1.2993,0.1938,0.8778
Mea1,Mea1,1364.3342,-0.102,0.0871,-1.1717,0.2413,0.8923
Meaf6,Meaf6,536.759,0.051,0.0775,0.6586,0.5101,0.9528
Mecom,Mecom,184.3666,-0.0724,0.1436,-0.5044,0.614,0.966
Mecp2,Mecp2,2347.4259,0.1169,0.0856,1.3656,0.1721,0.8614
Mecr,Mecr,578.3077,-0.0042,0.0988,-0.0429,0.9658,0.9974
Med1,Med1,2416.9081,0.0782,0.0676,1.1574,0.2471,0.8923
Med10,Med10,1083.0437,-0.08,0.0632,-1.266,0.2055,0.8855
Med11,Med11,448.5255,-0.0391,0.0902,-0.4337,0.6645,0.9702
Med12,Med12,2200.4202,0.0581,0.0782,0.7424,0.4579,0.9483
Med12l,Med12l,8.5612,0.212,0.4651,0.4559,0.6485,
Med13,Med13,1290.7332,-0.0398,0.2193,-0.1817,0.8558,0.9906
Med13l,Med13l,1692.1156,0.1476,0.1051,1.4053,0.1599,0.856
Med14,Med14,2076.3532,0.0221,0.1116,0.1976,0.8434,0.9906
Med15,Med15,2986.6523,0.0415,0.0443,0.9358,0.3494,0.9271
Med16,Med16,1454.165,0.0505,0.0826,0.6114,0.5409,0.9571
Med17,Med17,1422.8544,-0.0349,0.0537,-0.6511,0.515,0.9548
Med18,Med18,223.1322,0.0089,0.1179,0.0751,0.9402,0.9971
Med19,Med19,952.0109,0.0445,0.0629,0.7076,0.4792,0.9498
Med20,Med20,1161.3318,0.043,0.0941,0.4575,0.6473,0.9684
Med21,Med21,1266.8206,-0.0075,0.0574,-0.131,0.8958,0.9927
Med22,Med22,2346.4896,0.0158,0.0995,0.1585,0.8741,0.991
Med23,Med23,1666.0636,-0.0387,0.0628,-0.6168,0.5373,0.9571
Med24,Med24,1782.8334,0.0078,0.0725,0.1082,0.9138,0.9944
Med25,Med25,1480.059,-0.0186,0.0753,-0.2468,0.805,0.9875
Med26,Med26,483.523,-0.0413,0.0906,-0.4553,0.6489,0.9684
Med27,Med27,742.3467,-0.035,0.088,-0.3976,0.6909,0.973
Med28,Med28,1728.4869,-0.1029,0.0547,-1.881,0.06,0.749
Med29,Med29,445.1167,-0.0294,0.1151,-0.2556,0.7983,0.9871
Med30,Med30,1595.3601,-0.1535,0.0505,-3.0382,0.0024,0.3256
Med31,Med31,461.53,-0.1752,0.0783,-2.2378,0.0252,0.6337
Med4,Med4,1021.7242,-0.0307,0.0655,-0.4686,0.6394,0.9681
Med6,Med6,788.686,-0.0777,0.0891,-0.8722,0.3831,0.9315
Med7,Med7,1061.7893,0.0223,0.0778,0.2869,0.7742,0.985
Med8,Med8,1035.3559,-0.2049,0.0721,-2.8415,0.0045,0.3768
Med9,Med9,782.5612,-0.1073,0.074,-1.4498,0.1471,0.8425
Med9os,Med9os,6.3653,-0.2111,0.5355,-0.3941,0.6935,
Medag,Medag,2494.441,-0.0966,0.1579,-0.6118,0.5406,0.9571
Mef2a,Mef2a,6060.9931,0.0422,0.1484,0.2845,0.776,0.985
Mef2b,Mef2b,0.7687,-0.7757,1.5785,-0.4915,0.6231,
Mef2c,Mef2c,1473.367,-0.1476,0.3269,-0.4514,0.6517,0.9684
Mef2d,Mef2d,3089.3674,-0.0412,0.0692,-0.5955,0.5515,0.9571
Mefv,Mefv,0.6839,-0.2796,1.8878,-0.1481,0.8822,
Megf10,Megf10,4474.5174,-0.0977,0.1314,-0.7437,0.4571,0.9483
Megf11,Megf11,7.6332,-0.4355,0.5246,-0.8302,0.4064,
Megf6,Megf6,616.9716,0.2761,0.156,1.7695,0.0768,0.7682
Megf8,Megf8,4869.6916,-0.0183,0.0988,-0.1855,0.8528,0.9906
Megf9,Megf9,138.1475,-0.1019,0.1999,-0.5096,0.6104,0.966
Mei1,Mei1,0.8684,0.7865,1.8107,0.4344,0.664,
Meig1,Meig1,3.4646,0.3782,0.7489,0.505,0.6136,
Meikin,Meikin,0.7574,2.135,1.8986,1.1245,0.2608,
Meis1,Meis1,550.5288,0.1993,0.1607,1.2402,0.2149,0.8877
Meis2,Meis2,949.6229,-0.0216,0.1035,-0.209,0.8344,0.9906
Meis3,Meis3,320.7135,0.053,0.1049,0.5051,0.6135,0.966
Melk,Melk,980.2964,-0.202,0.1885,-1.0716,0.2839,0.9074
Memo1,Memo1,3160.833,-0.0902,0.0664,-1.3573,0.1747,0.8614
Men1,Men1,2114.2943,-0.038,0.0698,-0.5447,0.586,0.964
Meox1,Meox1,19.1621,-0.4619,0.3295,-1.402,0.1609,
Mep1a,Mep1a,4.4939,-0.4385,0.7767,-0.5646,0.5724,
Mepce,Mepce,1441.6172,-0.0637,0.0541,-1.1784,0.2386,0.8923
Mertk,Mertk,205.7911,0.2689,0.1238,2.1727,0.0298,0.6434
Mesdc1,Mesdc1,1438.3429,-0.114,0.0815,-1.3989,0.1619,0.8576
Mesdc2,Mesdc2,4202.1892,0.0659,0.1105,0.5966,0.5508,0.9571
Mesp2,Mesp2,0.6679,0.7006,1.9616,0.3571,0.721,
Mest,Mest,2728.3288,-0.043,0.146,-0.2949,0.7681,0.985
Met,Met,1812.4159,-0.0821,0.0882,-0.9311,0.3518,0.9271
Metap1,Metap1,2254.6938,-0.0085,0.0648,-0.1305,0.8962,0.9927
Metap1d,Metap1d,258.0162,0.1725,0.1053,1.6379,0.1014,0.7919
Metap2,Metap2,8136.3727,0.0268,0.0604,0.4432,0.6576,0.97
Metrn,Metrn,477.3351,-0.0226,0.0966,-0.234,0.815,0.9889
Metrnl,Metrnl,1057.4859,-0.1365,0.073,-1.8689,0.0616,0.7531
Mettl1,Mettl1,338.97,-0.026,0.0891,-0.2923,0.77,0.985
Mettl10,Mettl10,447.2692,0.0132,0.0772,0.1707,0.8645,0.9906
Mettl13,Mettl13,768.7257,0.1084,0.1085,0.9995,0.3175,0.9173
Mettl14,Mettl14,849.8291,0.0271,0.0973,0.2783,0.7808,0.985
Mettl15,Mettl15,367.9739,0.1537,0.1007,1.5263,0.1269,0.8177
Mettl16,Mettl16,1069.2517,-0.0051,0.0641,-0.0794,0.9367,0.9971
Mettl17,Mettl17,513.7234,0.0834,0.0699,1.1936,0.2326,0.8923
Mettl18,Mettl18,182.434,-0.1141,0.1089,-1.048,0.2946,0.9119
Mettl2,Mettl2,788.2689,0.0434,0.066,0.657,0.5112,0.953
Mettl20,Mettl20,258.0461,-0.1686,0.1434,-1.1754,0.2398,0.8923
Mettl21a,Mettl21a,1555.1325,-0.0348,0.0625,-0.5558,0.5783,0.963
Mettl21b,Mettl21b,9.636,-0.0752,0.4438,-0.1694,0.8655,
Mettl21c,Mettl21c,0.6792,0.2556,1.7135,0.1491,0.8814,
Mettl22,Mettl22,335.034,-0.0795,0.1191,-0.6674,0.5045,0.9515
Mettl23,Mettl23,435.0846,-0.1125,0.1005,-1.1197,0.2629,0.8981
Mettl24,Mettl24,64.9554,-0.1143,0.1829,-0.6249,0.5321,0.9571
Mettl25,Mettl25,286.6713,-0.0009,0.1063,-0.0085,0.9932,0.9993
Mettl3,Mettl3,703.285,-0.0287,0.0891,-0.3224,0.7472,0.9842
Mettl4,Mettl4,292.8323,-0.0985,0.1658,-0.5942,0.5524,0.9571
Mettl5,Mettl5,271.3873,0.1201,0.11,1.0917,0.275,0.9059
Mettl6,Mettl6,959.1943,0.0774,0.1024,0.7564,0.4494,0.9455
Mettl7a1,Mettl7a1,1023.0174,0.0968,0.1143,0.8468,0.3971,0.9347
Mettl7a2,Mettl7a2,0.4899,-1.3348,1.9681,-0.6782,0.4976,
Mettl7a3,Mettl7a3,0.6687,1.9804,1.9013,1.0416,0.2976,
Mettl7b,Mettl7b,0.5806,0.7618,1.792,0.4251,0.6707,
Mettl8,Mettl8,670.7116,-0.1155,0.0925,-1.2492,0.2116,0.8875
Mettl9,Mettl9,2913.4638,-0.0992,0.0675,-1.4683,0.142,0.8395
Mex3a,Mex3a,1148.1454,0.1036,0.1142,0.9075,0.3641,0.9295
Mex3b,Mex3b,813.2111,-0.0475,0.0981,-0.4844,0.6281,0.9673
Mex3c,Mex3c,1785.0802,0.1043,0.101,1.0326,0.3018,0.9164
Mex3d,Mex3d,1584.4764,-0.1178,0.0711,-1.6557,0.0978,0.7886
Mfap1a,Mfap1a,928.3723,0.0848,0.1058,0.8018,0.4226,0.9412
Mfap1b,Mfap1b,242.3364,0.086,0.106,0.8109,0.4174,0.94
Mfap2,Mfap2,395.7235,0.1651,0.0909,1.8167,0.0693,0.7617
Mfap3,Mfap3,1457.9883,0.0689,0.061,1.1303,0.2583,0.8966
Mfap3l,Mfap3l,1811.447,-0.1675,0.1838,-0.9112,0.3622,0.9295
Mfap4,Mfap4,66.3148,-0.4853,0.3144,-1.5433,0.1228,0.8143
Mfap5,Mfap5,2946.8303,0.0516,0.0596,0.865,0.387,0.9328
Mff,Mff,3567.3291,0.0044,0.0611,0.0724,0.9423,0.9971
Mfge8,Mfge8,8028.6763,-0.0253,0.0504,-0.502,0.6157,0.966
Mfhas1,Mfhas1,615.8361,0.055,0.0975,0.564,0.5728,0.9614
Mfi2,Mfi2,0.9702,-1.6002,1.5992,-1.0006,0.317,
Mfn1,Mfn1,1985.3765,0.0072,0.0504,0.1436,0.8858,0.9917
Mfn2,Mfn2,3957.5242,-0.0022,0.0546,-0.0403,0.9678,0.9974
Mfng,Mfng,2.526,-2.0365,1.0285,-1.98,0.0477,
Mfsd1,Mfsd1,4366.8264,-0.0376,0.0923,-0.4075,0.6836,0.9717
Mfsd10,Mfsd10,568.7567,-0.0032,0.0919,-0.0345,0.9725,0.9974
Mfsd11,Mfsd11,1940.8002,-0.0771,0.0722,-1.0679,0.2856,0.9079
Mfsd12,Mfsd12,360.0699,-0.0425,0.1022,-0.4154,0.6779,0.9717
Mfsd2a,Mfsd2a,303.4582,-0.3012,0.1986,-1.5165,0.1294,0.8225
Mfsd2b,Mfsd2b,6.7455,-0.4485,0.5891,-0.7613,0.4465,
Mfsd3,Mfsd3,285.8306,-0.083,0.0972,-0.8539,0.3932,0.9341
Mfsd4,Mfsd4,275.2593,0.1883,0.1224,1.5385,0.1239,0.815
Mfsd5,Mfsd5,2152.5152,-0.046,0.0702,-0.6557,0.512,0.9533
Mfsd6,Mfsd6,169.5782,0.0311,0.1716,0.1813,0.8561,0.9906
Mfsd7a,Mfsd7a,617.1014,-0.197,0.1276,-1.5433,0.1228,0.8143
Mfsd7b,Mfsd7b,319.3649,0.1546,0.1244,1.2427,0.214,0.8877
Mfsd7c,Mfsd7c,16.2297,-0.6016,0.3697,-1.6272,0.1037,
Mfsd8,Mfsd8,430.9548,0.155,0.0907,1.709,0.0874,0.7808
Mfsd9,Mfsd9,202.3728,-0.1647,0.1341,-1.2281,0.2194,0.8877
Mga,Mga,1155.6403,0.119,0.1606,0.7411,0.4586,0.9483
Mgam,Mgam,733.3575,-0.327,0.1983,-1.6493,0.0991,0.7895
Mgarp,Mgarp,664.6878,-0.2095,0.1142,-1.8347,0.0666,0.7613
Mgat1,Mgat1,3264.9611,0.021,0.0425,0.4935,0.6217,0.966
Mgat2,Mgat2,3910.8208,0.0528,0.0692,0.7639,0.4449,0.9455
Mgat3,Mgat3,1983.9733,0.0482,0.0911,0.5284,0.5972,0.964
Mgat4a,Mgat4a,33.462,0.0612,0.2488,0.2461,0.8056,0.9876
Mgat4b,Mgat4b,4178.5758,0.0351,0.0696,0.5043,0.6141,0.966
Mgat4e,Mgat4e,0.5713,-1.1272,1.984,-0.5681,0.5699,
Mgat5,Mgat5,245.6457,0.1719,0.1219,1.4098,0.1586,0.8557
Mgea5,Mgea5,3454.8467,0.0304,0.0675,0.4502,0.6525,0.9684
Mgl2,Mgl2,497.6953,0.3093,0.1305,2.3701,0.0178,0.582
Mgll,Mgll,551.4542,-0.4125,0.2476,-1.6658,0.0957,0.7876
Mgme1,Mgme1,419.0162,0.1221,0.0885,1.38,0.1676,0.8614
Mgmt,Mgmt,5.7612,0.5511,0.6048,0.9111,0.3623,
Mgp,Mgp,8963.1323,0.2834,0.2164,1.3094,0.1904,0.874
Mgrn1,Mgrn1,3689.6862,0.0372,0.0646,0.5766,0.5642,0.9588
Mgst1,Mgst1,1214.8031,0.0076,0.1977,0.0385,0.9693,0.9974
Mgst2,Mgst2,213.6118,0.1444,0.2121,0.681,0.4959,0.9515
Mgst3,Mgst3,766.5334,-0.146,0.0969,-1.5066,0.1319,0.826
Mia,Mia,0.9641,1.0316,1.5543,0.6637,0.5069,
Mia3,Mia3,3343.6943,0.035,0.1631,0.2144,0.8303,0.9906
Miat,Miat,53.6192,0.4688,0.3532,1.3274,0.1844,0.8729
Mib1,Mib1,631.8162,0.0037,0.1514,0.0245,0.9805,0.9982
Mib2,Mib2,1458.2348,-0.0183,0.0731,-0.2506,0.8021,0.9871
Mical1,Mical1,2867.321,0.0033,0.1081,0.0306,0.9756,0.9975
Mical2,Mical2,6902.569,-0.0162,0.0707,-0.2292,0.8187,0.9892
Mical3,Mical3,1472.0152,0.0932,0.0614,1.5167,0.1294,0.8225
Micalcl,Micalcl,18.7898,-0.3045,0.3265,-0.9326,0.3511,
Micall1,Micall1,1394.6541,-0.0667,0.1244,-0.5363,0.5918,0.964
Micall2,Micall2,1274.9473,0.0922,0.0781,1.1793,0.2383,0.8923
Micu1,Micu1,5511.4079,-0.1018,0.0719,-1.4167,0.1566,0.8517
Micu2,Micu2,3750.742,-0.0204,0.0536,-0.3809,0.7032,0.9743
Micu3,Micu3,165.1741,0.2476,0.1682,1.4722,0.141,0.8382
Mid1,Mid1,1409.5636,-0.0022,0.1247,-0.0174,0.9861,0.9992
Mid1ip1,Mid1ip1,1904.5366,-0.0302,0.0778,-0.3886,0.6976,0.9736
Mid2,Mid2,559.0665,-0.0198,0.2114,-0.0935,0.9255,0.9957
Midn,Midn,6481.623,-0.1146,0.0588,-1.95,0.0512,0.7261
Mief1,Mief1,2045.7985,-0.0126,0.0578,-0.2182,0.8273,0.9906
Mief2,Mief2,767.9406,-0.0597,0.1203,-0.4964,0.6196,0.966
Mien1,Mien1,771.896,-0.1351,0.0798,-1.6931,0.0904,0.7842
Mier1,Mier1,1355.5724,0.0023,0.1677,0.0138,0.989,0.9993
Mier2,Mier2,1173.2883,-0.0279,0.0583,-0.4791,0.6319,0.9681
Mier3,Mier3,679.8457,-0.0463,0.1581,-0.2929,0.7696,0.985
Mif,Mif,10183.7115,-0.3316,0.0898,-3.6951,0.0002,0.1137
Mif4gd,Mif4gd,358.4787,-0.1082,0.0904,-1.1968,0.2314,0.8923
Miip,Miip,336.4303,-0.0756,0.1061,-0.7123,0.4763,0.949
Mill2,Mill2,32.7418,-0.2997,0.3555,-0.8431,0.3992,0.9354
Milr1,Milr1,209.5244,-0.27,0.1644,-1.6418,0.1006,0.7906
Mina,Mina,608.5622,0.0124,0.0742,0.167,0.8674,0.9906
Mink1,Mink1,3273.4721,0.0167,0.0608,0.2752,0.7832,0.985
Minos1,Minos1,3045.2981,-0.0536,0.0832,-0.6441,0.5195,0.9553
Minpp1,Minpp1,2377.0814,0.0093,0.0497,0.186,0.8524,0.9906
Mios,Mios,760.136,0.0812,0.0959,0.8469,0.397,0.9347
Mip,Mip,2.1355,0.2126,0.9961,0.2135,0.831,
Mipep,Mipep,808.9066,-0.1145,0.0671,-1.7067,0.0879,0.7825
Mipol1,Mipol1,63.1711,0.2821,0.224,1.2591,0.208,0.8875
Mir103-2,Mir103-2,1.7319,0.6332,1.0582,0.5984,0.5496,
Mir106b,Mir106b,0.7662,0.4287,1.7082,0.251,0.8018,
Mir1191,Mir1191,15.1947,0.7747,0.4306,1.7993,0.072,
Mir1191b,Mir1191b,0.5743,-1.4045,2.3474,-0.5983,0.5496,
Mir1249,Mir1249,6.5757,0.1643,0.6086,0.27,0.7871,
Mir1258,Mir1258,2.101,2.2602,1.1635,1.9426,0.0521,
Mir125a,Mir125a,1.2414,0.6226,1.3891,0.4482,0.654,
Mir1291,Mir1291,17.2925,0.3813,0.4875,0.7822,0.4341,
Mir133a-1,Mir133a-1,1.3475,-0.0391,1.2199,-0.032,0.9744,
Mir133a-2,Mir133a-2,2.9961,0.3075,0.8449,0.3639,0.7159,
Mir140,Mir140,1.4429,0.4026,1.4309,0.2814,0.7784,
Mir143,Mir143,2.9619,0.8957,0.8808,1.0169,0.3092,
Mir143hg,Mir143hg,101.6627,0.2383,0.2329,1.0231,0.3062,0.9169
Mir145a,Mir145a,11.5914,0.4402,0.4917,0.8954,0.3706,
Mir149,Mir149,0.6714,1.9982,2.186,0.9141,0.3607,
Mir155hg,Mir155hg,18.9663,0.4746,0.4642,1.0225,0.3065,
Mir16-1,Mir16-1,2.3044,0.395,1.0247,0.3855,0.6999,
Mir17hg,Mir17hg,56.7102,0.043,0.2467,0.1741,0.8618,0.9906
Mir181d,Mir181d,0.5789,-0.2277,1.972,-0.1154,0.9081,
Mir1839,Mir1839,4.0512,0.1004,0.7738,0.1297,0.8968,
Mir186,Mir186,5.6742,0.7708,0.6324,1.2189,0.2229,
Mir1894,Mir1894,5.695,-0.4377,0.7021,-0.6233,0.5331,
Mir1898,Mir1898,8.0127,-0.021,0.4979,-0.0422,0.9664,
Mir1907,Mir1907,1.3379,0.2927,1.2007,0.2438,0.8074,
Mir1929,Mir1929,1.1591,0.124,1.2687,0.0977,0.9221,
Mir1930,Mir1930,2.115,1.0893,1.0212,1.0667,0.2861,
Mir1932,Mir1932,0.7692,-2.8973,2.0069,-1.4436,0.1488,
Mir1934,Mir1934,0.4825,1.4583,2.3432,0.6224,0.5337,
Mir1938,Mir1938,0.4797,0.276,2.3946,0.1152,0.9083,
Mir194-1,Mir194-1,2.033,0.169,0.9843,0.1716,0.8637,
Mir1943,Mir1943,2.3118,2.1479,1.0527,2.0404,0.0413,
Mir1945,Mir1945,1.155,-0.6693,1.4305,-0.4679,0.6399,
Mir1949,Mir1949,8.9822,0.5469,0.5875,0.9309,0.3519,
Mir1956,Mir1956,1.6322,0.8841,1.0757,0.8219,0.4111,
Mir1968,Mir1968,5.4857,0.0972,0.6195,0.157,0.8753,
Mir196b,Mir196b,6.5628,-0.0927,0.5714,-0.1622,0.8711,
Mir199a-1,Mir199a-1,2.0169,-0.4916,1.0265,-0.4789,0.632,
Mir206,Mir206,3.5681,-1.4347,0.7942,-1.8064,0.0709,
Mir210,Mir210,1.5448,1.0027,1.4145,0.7089,0.4784,
Mir215,Mir215,1.7215,-0.5672,1.1453,-0.4952,0.6204,
Mir221,Mir221,2.9833,0.0346,0.9822,0.0353,0.9719,
Mir224,Mir224,0.4801,-0.9574,2.0079,-0.4768,0.6335,
Mir22hg,Mir22hg,2029.8071,0.1447,0.1062,1.3626,0.173,0.8614
Mir23a,Mir23a,7.9584,0.5085,0.5439,0.9349,0.3499,
Mir24-2,Mir24-2,43.7077,0.4962,0.3811,1.3022,0.1928,0.8758
Mir25,Mir25,6.285,-0.6688,0.5688,-1.1757,0.2397,
Mir26b,Mir26b,0.8746,0.9103,1.589,0.5729,0.5667,
Mir27a,Mir27a,5.2912,-0.2925,0.6664,-0.4389,0.6607,
Mir2861,Mir2861,2.071,1.5359,2.0681,0.7427,0.4577,
Mir296,Mir296,1.9158,0.4702,0.9938,0.4731,0.6361,
Mir298,Mir298,0.4728,-0.5368,2.3855,-0.225,0.8219,
Mir29a,Mir29a,0.9472,2.4979,1.8157,1.3758,0.1689,
Mir301,Mir301,1.5247,2.4707,1.3724,1.8003,0.0718,
Mir3058,Mir3058,0.6749,1.1127,2.2277,0.4995,0.6175,
Mir3060,Mir3060,5.4242,-0.4813,0.6558,-0.7339,0.463,
Mir3061,Mir3061,23.6374,0.0222,0.3116,0.0713,0.9431,0.9971
Mir3064,Mir3064,197.943,0.6398,0.2462,2.5989,0.0094,0.482
Mir3068,Mir3068,4.4927,-0.0547,0.8535,-0.0641,0.9489,
Mir3091,Mir3091,3.2543,-0.7105,0.92,-0.7722,0.44,
Mir30d,Mir30d,0.3853,0.9701,2.47,0.3928,0.6945,
Mir31,Mir31,21.5586,0.6585,0.3971,1.6581,0.0973,0.7886
Mir3100,Mir3100,1.1663,-0.5363,1.7274,-0.3104,0.7562,
Mir3101,Mir3101,4.9185,0.1865,0.6141,0.3037,0.7614,
Mir3113,Mir3113,5.9945,-0.1223,0.5807,-0.2106,0.8332,
Mir324,Mir324,1.3493,0.4478,1.2154,0.3685,0.7125,
Mir330,Mir330,0.3922,0.1534,2.4991,0.0614,0.9511,
Mir339,Mir339,0.767,0.3952,1.586,0.2492,0.8032,
Mir343,Mir343,0.6796,-0.6112,1.9256,-0.3174,0.7509,
Mir345,Mir345,3.9514,-0.2844,0.6988,-0.4069,0.6841,
Mir3470a,Mir3470a,1.7231,1.5566,1.2238,1.2719,0.2034,
Mir3470b,Mir3470b,0.6719,0.0101,2.2881,0.0044,0.9965,
Mir3471-1,Mir3471-1,0.9611,0.789,1.5498,0.5091,0.6107,
Mir3473c,Mir3473c,1.5304,0.4677,1.28,0.3654,0.7148,
Mir3474,Mir3474,0.479,1.4535,2.346,0.6196,0.5355,
Mir34a,Mir34a,0.9567,-2.1569,1.7796,-1.212,0.2255,
Mir365-2,Mir365-2,2.8181,0.6489,0.9714,0.6681,0.5041,
Mir378b,Mir378b,0.9627,-0.5616,1.4582,-0.3851,0.7001,
Mir3960,Mir3960,15.2655,-0.0785,0.4071,-0.1928,0.8471,
Mir421,Mir421,1.4426,0.199,1.1626,0.1712,0.8641,
Mir425,Mir425,4.0324,1.1444,0.8122,1.409,0.1588,
Mir466i,Mir466i,0.6785,-0.6087,1.9257,-0.3161,0.7519,
Mir467c,Mir467c,6.5312,0.1066,0.5889,0.181,0.8564,
Mir5098,Mir5098,1.7277,1.4025,1.3651,1.0274,0.3042,
Mir5119,Mir5119,1.0617,-2.5038,1.516,-1.6516,0.0986,
Mir5133,Mir5133,15.5708,-0.6724,0.6,-1.1207,0.2624,
Mir5620,Mir5620,0.6847,0.4563,1.867,0.2444,0.8069,
Mir568,Mir568,31.0351,0.7244,0.3322,2.1807,0.0292,0.641
Mir615,Mir615,0.5789,-0.2333,1.9726,-0.1183,0.9059,
Mir6358,Mir6358,1.4434,-1.4261,1.3137,-1.0855,0.2777,
Mir6385,Mir6385,6.6177,0.5609,0.5751,0.9753,0.3294,
Mir6386,Mir6386,4.609,0.124,0.66,0.1879,0.8509,
Mir6395,Mir6395,0.9669,-0.2208,1.8497,-0.1194,0.905,
Mir6397,Mir6397,0.4825,0.2655,2.0621,0.1287,0.8976,
Mir6403,Mir6403,2.6127,-0.1217,0.9597,-0.1268,0.8991,
Mir6516,Mir6516,11.9761,0.1439,0.4526,0.3178,0.7506,
Mir677,Mir677,2.4382,-0.2056,1.0711,-0.1919,0.8478,
Mir680-2,Mir680-2,0.7664,2.2337,1.6504,1.3534,0.1759,
Mir682,Mir682,65.0461,0.1084,0.2796,0.3877,0.6983,0.9736
Mir684-1,Mir684-1,17.0187,0.2614,0.7043,0.3711,0.7106,
Mir687,Mir687,0.3902,-0.9393,2.4486,-0.3836,0.7013,
Mir688,Mir688,1.1591,0.8463,1.3123,0.6449,0.519,
Mir6909,Mir6909,0.7576,0.8935,1.9556,0.4569,0.6477,
Mir6912,Mir6912,0.7758,0.6241,1.5137,0.4123,0.6801,
Mir6913,Mir6913,1.3391,-0.4051,1.265,-0.3202,0.7488,
Mir6922,Mir6922,0.7688,2.2492,2.1225,1.0597,0.2893,
Mir6928,Mir6928,0.3846,-1.8819,2.44,-0.7713,0.4405,
Mir6929,Mir6929,1.1517,1.3314,1.391,0.9571,0.3385,
Mir6931,Mir6931,9.7242,0.8734,0.446,1.9582,0.0502,
Mir6935,Mir6935,25.9653,-0.3221,0.3199,-1.0069,0.314,0.9173
Mir6939,Mir6939,0.7752,-0.1044,1.8638,-0.056,0.9553,
Mir6941,Mir6941,0.6786,1.1299,1.7047,0.6628,0.5074,
Mir6942,Mir6942,1.5253,0.4399,1.209,0.3638,0.716,
Mir6945,Mir6945,0.6794,-1.7989,1.854,-0.9703,0.3319,
Mir6948,Mir6948,3.1465,0.6074,0.928,0.6545,0.5128,
Mir6955,Mir6955,2.015,-0.1526,0.984,-0.1551,0.8768,
Mir6966,Mir6966,0.6784,0.2574,1.7136,0.1502,0.8806,
Mir697,Mir697,4.4836,0.4405,0.8834,0.4986,0.618,
Mir6976,Mir6976,1.3441,-0.7245,1.3554,-0.5345,0.593,
Mir6990,Mir6990,3.4814,-1.55,0.9132,-1.6974,0.0896,
Mir6998,Mir6998,0.9468,0.4582,1.7101,0.2679,0.7887,
Mir6999,Mir6999,2.4889,-0.5334,0.9332,-0.5716,0.5676,
Mir7-1,Mir7-1,33.2672,-0.0335,0.3863,-0.0866,0.931,0.9957
Mir7001,Mir7001,14.9221,0.614,0.5418,1.1333,0.2571,
Mir7013,Mir7013,2.8964,-0.6116,0.8149,-0.7505,0.453,
Mir7025,Mir7025,1.538,-0.5066,1.2596,-0.4022,0.6875,
Mir7026,Mir7026,1.8354,0.9803,1.0343,0.9477,0.3433,
Mir7027,Mir7027,1.8111,3.5598,1.3469,2.643,0.0082,
Mir703,Mir703,84.4874,-0.4148,0.8556,-0.4849,0.6278,0.9673
Mir7030,Mir7030,0.6756,-0.9013,2.2666,-0.3976,0.6909,
Mir7035,Mir7035,0.5811,0.7644,1.9827,0.3855,0.6998,
Mir7041,Mir7041,1.0441,-1.0576,1.8334,-0.5768,0.5641,
Mir7050,Mir7050,0.5818,0.7631,2.2926,0.3329,0.7392,
Mir7051,Mir7051,1.0678,0.2079,1.3717,0.1516,0.8795,
Mir7052,Mir7052,8.0533,0.3762,0.512,0.7347,0.4625,
Mir7061,Mir7061,1.2596,-1.8805,1.3635,-1.3791,0.1679,
Mir7063,Mir7063,0.8816,-1.49,2.0799,-0.7164,0.4737,
Mir7078,Mir7078,0.4824,2.5323,2.2343,1.1334,0.2571,
Mir7079,Mir7079,3.9523,-1.3324,0.8681,-1.5349,0.1248,
Mir7081,Mir7081,0.5713,-1.1272,1.984,-0.5681,0.5699,
Mir7085,Mir7085,0.4825,0.2655,2.0621,0.1287,0.8976,
Mir7087,Mir7087,0.3824,-0.4591,2.463,-0.1864,0.8521,
Mir7089,Mir7089,0.3815,0.9683,2.475,0.3913,0.6956,
Mir7115,Mir7115,1.0626,-1.6956,1.5552,-1.0903,0.2756,
Mir7117,Mir7117,0.4807,-0.9468,2.3285,-0.4066,0.6843,
Mir7211,Mir7211,0.5801,1.8209,1.9119,0.9524,0.3409,
Mir7237,Mir7237,1.2492,0.4449,1.4699,0.3027,0.7621,
Mir7240,Mir7240,0.672,-0.3916,1.767,-0.2216,0.8246,
Mir744,Mir744,0.3851,-1.884,2.4396,-0.7723,0.4399,
Mir7578,Mir7578,0.384,0.9702,2.472,0.3925,0.6947,
Mir760,Mir760,0.5742,1.6908,2.3048,0.7336,0.4632,
Mir761,Mir761,4.664,1.2394,0.9299,1.3328,0.1826,
Mir7662,Mir7662,6.5732,-0.1696,0.5699,-0.2976,0.766,
Mir7664,Mir7664,0.5867,-0.7145,1.7318,-0.4126,0.6799,
Mir7666,Mir7666,1.4269,-0.2869,1.3828,-0.2074,0.8357,
Mir7667,Mir7667,1.34,3.0438,1.4302,2.1282,0.0333,
Mir7669,Mir7669,0.875,1.6406,1.7431,0.9412,0.3466,
Mir7673,Mir7673,1.8238,-0.7166,1.1198,-0.64,0.5222,
Mir7674,Mir7674,3.8327,0.7755,0.7499,1.0342,0.301,
Mir8091,Mir8091,4.2092,1.0237,0.7344,1.3939,0.1633,
Mir8094,Mir8094,5.1955,0.828,0.7992,1.0361,0.3002,
Mir8102,Mir8102,0.3923,-0.946,2.4469,-0.3866,0.6991,
Mir8112,Mir8112,0.9719,-0.2895,1.3866,-0.2088,0.8346,
Mir8116,Mir8116,1.0573,-0.3988,1.6116,-0.2475,0.8046,
Mir8120,Mir8120,0.3823,2.176,2.4017,0.906,0.3649,
Mir9-2,Mir9-2,0.3838,-1.8789,2.4405,-0.7699,0.4414,
Mir93,Mir93,0.3922,0.1534,2.4991,0.0614,0.9511,
Mir99a,Mir99a,0.4831,0.2636,2.062,0.1278,0.8983,
Mir99ahg,Mir99ahg,17.8331,0.2816,0.3399,0.8285,0.4074,
Mira,Mira,290.366,0.0559,0.1054,0.5303,0.5959,0.964
Mirlet7d,Mirlet7d,18.1872,0.5315,0.4003,1.3277,0.1843,
Mirlet7f-1,Mirlet7f-1,2.4998,1.0294,0.9549,1.078,0.281,
Mirlet7i,Mirlet7i,1.8305,2.8579,1.3828,2.0668,0.0388,
Mis12,Mis12,1518.9829,0.0191,0.0788,0.2424,0.8085,0.9882
Mis18a,Mis18a,377.1019,-0.1021,0.1609,-0.6345,0.5258,0.9565
Mis18bp1,Mis18bp1,178.7143,0.1188,0.1889,0.6292,0.5292,0.9568
Misp,Misp,5.3169,0.1032,0.6094,0.1694,0.8655,
Mitd1,Mitd1,374.7281,0.1352,0.1074,1.2588,0.2081,0.8875
Mitf,Mitf,359.3929,0.1678,0.1656,1.0132,0.311,0.9173
Mki67,Mki67,1372.3958,0.1125,0.2377,0.4732,0.6361,0.9681
Mkks,Mkks,1139.1851,0.0213,0.0818,0.2608,0.7942,0.9871
Mkl1,Mkl1,2927.1596,0.03,0.0558,0.5375,0.5909,0.964
Mkl2,Mkl2,1246.7752,0.0814,0.0629,1.2945,0.1955,0.8802
Mkln1,Mkln1,2315.6544,0.0365,0.0632,0.5784,0.563,0.9583
Mkln1os,Mkln1os,7.5886,0.5727,0.5032,1.1381,0.2551,
Mknk1,Mknk1,1004.3774,-0.0728,0.0639,-1.1393,0.2546,0.893
Mknk2,Mknk2,4325.2631,-0.1582,0.0793,-1.9957,0.046,0.7227
Mkrn1,Mkrn1,1434.2128,-0.048,0.0888,-0.5408,0.5886,0.964
Mkrn2,Mkrn2,931.552,-0.0557,0.0809,-0.6887,0.491,0.9515
Mkrn2os,Mkrn2os,11.8614,0.0775,0.3968,0.1953,0.8452,
Mkrn3,Mkrn3,19.1105,0.1993,0.3265,0.6105,0.5415,
Mks1,Mks1,307.7428,0.0348,0.0959,0.3624,0.717,0.9774
Mkx,Mkx,31.8738,0.4281,0.2696,1.5875,0.1124,0.8127
Mlc1,Mlc1,3.5823,0.0644,0.8084,0.0797,0.9365,
Mlec,Mlec,14807.8478,-0.0327,0.0549,-0.5958,0.5513,0.9571
Mlf1,Mlf1,21.1249,0.1737,0.3602,0.4823,0.6296,0.9677
Mlf2,Mlf2,7121.677,-0.1029,0.0517,-1.9905,0.0465,0.7227
Mlh1,Mlh1,506.7344,-0.0091,0.0825,-0.1099,0.9125,0.9943
Mlh3,Mlh3,239.5578,-0.0645,0.1826,-0.3534,0.7238,0.9788
Mlip,Mlip,8.3435,0.7107,0.5108,1.3914,0.1641,
Mlkl,Mlkl,779.9879,-0.0587,0.1046,-0.5616,0.5744,0.9614
Mllt1,Mllt1,2222.7322,-0.0633,0.0516,-1.2271,0.2198,0.8877
Mllt10,Mllt10,800.6214,0.1014,0.0902,1.1239,0.2611,0.8968
Mllt11,Mllt11,1181.8851,-0.0498,0.117,-0.4252,0.6707,0.9702
Mllt3,Mllt3,498.1457,-0.0808,0.1523,-0.5308,0.5955,0.964
Mllt4,Mllt4,2064.424,0.0631,0.0819,0.7713,0.4405,0.9455
Mllt6,Mllt6,1987.6508,-0.0456,0.0729,-0.6256,0.5316,0.9571
Mlph,Mlph,4.1346,-0.8161,0.8459,-0.9647,0.3347,
Mlst8,Mlst8,505.8285,0.0447,0.0838,0.5335,0.5937,0.964
Mlx,Mlx,1213.0559,-0.0796,0.0675,-1.1788,0.2385,0.8923
Mlxip,Mlxip,1429.4999,0.0739,0.0855,0.8651,0.387,0.9328
Mlycd,Mlycd,583.8613,-0.1343,0.0763,-1.7589,0.0786,0.7682
Mmaa,Mmaa,597.3201,0.139,0.0825,1.6859,0.0918,0.7855
Mmab,Mmab,673.3183,0.0587,0.0746,0.7862,0.4317,0.9453
Mmachc,Mmachc,769.355,0.0353,0.0801,0.4405,0.6596,0.9702
Mmadhc,Mmadhc,3849.3226,-0.0582,0.0658,-0.8843,0.3765,0.9298
Mmd,Mmd,5700.9274,0.0698,0.1208,0.578,0.5633,0.9583
Mme,Mme,22.255,-0.1879,0.3747,-0.5014,0.6161,0.966
Mmel1,Mmel1,7.4359,-0.4116,0.5492,-0.7494,0.4536,
Mmgt1,Mmgt1,1925.6225,-0.0169,0.1443,-0.117,0.9068,0.9939
Mmgt2,Mmgt2,624.9989,0.0524,0.0741,0.7062,0.4801,0.9502
Mmp10,Mmp10,5.404,-0.616,0.707,-0.8712,0.3836,
Mmp11,Mmp11,2335.1082,-0.0373,0.1271,-0.2932,0.7694,0.985
Mmp13,Mmp13,2.4361,-0.1045,1.3933,-0.075,0.9402,
Mmp14,Mmp14,23137.2793,0.0631,0.0625,1.0108,0.3121,0.9173
Mmp15,Mmp15,2003.4189,-0.2152,0.1405,-1.5315,0.1256,0.815
Mmp16,Mmp16,128.8371,-0.0222,0.218,-0.1017,0.919,0.9955
Mmp17,Mmp17,10.475,0.0038,0.4635,0.0081,0.9935,
Mmp19,Mmp19,2027.6355,0.0874,0.075,1.1659,0.2437,0.8923
Mmp2,Mmp2,36485.3917,0.0335,0.0664,0.5051,0.6135,0.966
Mmp23,Mmp23,469.0388,0.1184,0.0854,1.3862,0.1657,0.8598
Mmp24,Mmp24,1.5445,-0.0169,1.1025,-0.0154,0.9877,
Mmp25,Mmp25,3.7621,-0.183,0.6902,-0.2651,0.7909,
Mmp28,Mmp28,304.5711,0.1668,0.1518,1.0989,0.2718,0.9032
Mmp3,Mmp3,15.0371,0.1624,0.5454,0.2978,0.7658,
Mmp8,Mmp8,13.6314,-0.2013,0.5599,-0.3596,0.7191,
Mmp9,Mmp9,156.1995,0.5997,0.2422,2.4758,0.0133,0.5435
Mmrn2,Mmrn2,1.443,-0.9138,1.4363,-0.6363,0.5246,
Mms19,Mms19,1274.9122,-0.0711,0.0714,-0.9953,0.3196,0.9186
Mms22l,Mms22l,396.7871,-0.1401,0.1885,-0.7429,0.4575,0.9483
Mn1,Mn1,285.4199,0.0732,0.2002,0.3655,0.7148,0.9766
Mnat1,Mnat1,2080.7323,0.0351,0.0753,0.4664,0.6409,0.9681
Mnd1,Mnd1,219.0082,0.0847,0.1232,0.6877,0.4917,0.9515
Mnd1-ps,Mnd1-ps,0.3838,-1.8789,2.4405,-0.7699,0.4414,
Mnda,Mnda,270.5649,-0.149,0.1966,-0.7577,0.4486,0.9455
Mndal,Mndal,56.6941,0.0377,0.2781,0.1356,0.8921,0.992
Mns1,Mns1,80.3488,0.2089,0.2379,0.8779,0.38,0.9303
Mnt,Mnt,1008.5245,-0.0953,0.0978,-0.9738,0.3301,0.9197
Mob1a,Mob1a,1877.7249,0.091,0.0977,0.9309,0.3519,0.9271
Mob1b,Mob1b,519.7691,-0.0532,0.1539,-0.3454,0.7298,0.9799
Mob2,Mob2,899.2868,-0.0616,0.0935,-0.6595,0.5096,0.9528
Mob3a,Mob3a,1801.2679,-0.0019,0.0854,-0.0227,0.9819,0.9984
Mob3b,Mob3b,113.8066,-0.0035,0.2089,-0.0168,0.9866,0.9992
Mob3c,Mob3c,304.2335,0.1019,0.0994,1.0257,0.305,0.9164
Mob4,Mob4,2497.7016,-0.0007,0.1063,-0.0061,0.9951,0.9993
Mocos,Mocos,72.5698,-0.0274,0.225,-0.1219,0.903,0.9939
Mocs1,Mocs1,949.7618,0.2576,0.1624,1.5858,0.1128,0.8127
Mocs2,Mocs2,1345.7978,0.0532,0.0784,0.6791,0.4971,0.9515
Mocs3,Mocs3,244.9399,-0.077,0.1064,-0.724,0.4691,0.9483
Mog,Mog,4.7214,-1.143,0.7118,-1.6059,0.1083,
Mogat2,Mogat2,193.3451,-0.0364,0.1383,-0.2629,0.7926,0.9869
Mogs,Mogs,2202.8905,0.0648,0.0807,0.8028,0.4221,0.9412
Mok,Mok,120.2602,-0.1241,0.1337,-0.9285,0.3532,0.9275
Mon1a,Mon1a,321.7462,-0.0848,0.0941,-0.9007,0.3677,0.9295
Mon1b,Mon1b,637.5724,-0.0959,0.0827,-1.1585,0.2467,0.8923
Mon2,Mon2,3891.2163,0.0589,0.0586,1.0045,0.3151,0.9173
Morc2a,Morc2a,3259.5446,0.0457,0.0733,0.6229,0.5334,0.9571
Morc2b,Morc2b,2.1251,-0.1761,0.9571,-0.184,0.854,
Morc3,Morc3,1857.0396,0.0964,0.1079,0.8932,0.3717,0.9295
Morc4,Morc4,622.5276,-0.0207,0.0997,-0.2078,0.8354,0.9906
Morf4l1,Morf4l1,14694.0129,0.0238,0.0758,0.3145,0.7532,0.9849
Morf4l1-ps1,Morf4l1-ps1,574.2016,0.9424,1.1656,0.8085,0.4188,0.94
Morf4l2,Morf4l2,17203.9239,-0.037,0.0602,-0.6146,0.5388,0.9571
Morn1,Morn1,47.1172,-0.0509,0.2776,-0.1833,0.8545,0.9906
Morn2,Morn2,117.9759,-0.0887,0.151,-0.587,0.5572,0.9579
Morn3,Morn3,3.2724,-0.3443,0.7839,-0.4392,0.6605,
Morn4,Morn4,792.4486,-0.1514,0.0748,-2.0246,0.0429,0.7211
Morn5,Morn5,4.6175,0.0217,0.7073,0.0307,0.9755,
Mos,Mos,1.7388,-1.9406,1.2193,-1.5916,0.1115,
Mospd1,Mospd1,1072.7916,-0.0209,0.0841,-0.2483,0.8039,0.9871
Mospd2,Mospd2,688.5706,0.1535,0.1848,0.8307,0.4062,0.9371
Mospd3,Mospd3,574.8501,-0.0522,0.0865,-0.6033,0.5463,0.9571
Mospd4,Mospd4,2.0362,0.6456,1.1002,0.5868,0.5573,
Mov10,Mov10,701.6079,0.0609,0.0818,0.7449,0.4563,0.9483
Mov10l1,Mov10l1,9.5392,-0.9947,0.4862,-2.046,0.0408,
Moxd1,Moxd1,1.4463,-2.196,1.3296,-1.6516,0.0986,
Mpc1,Mpc1,451.3492,0.2523,0.4428,0.5698,0.5688,0.9596
Mpc2,Mpc2,1068.2772,-0.0277,0.0803,-0.3445,0.7305,0.98
Mpdu1,Mpdu1,784.0105,-0.0917,0.0687,-1.3348,0.1819,0.8711
Mpdz,Mpdz,2229.6704,0.0526,0.134,0.3922,0.6949,0.9731
Mpeg1,Mpeg1,7.627,0.4225,0.645,0.6551,0.5124,
Mpg,Mpg,600.173,-0.051,0.0863,-0.5909,0.5546,0.9571
Mphosph10,Mphosph10,717.0658,0.0431,0.1087,0.396,0.6921,0.9731
Mphosph6,Mphosph6,608.6039,-0.0494,0.1093,-0.4522,0.6511,0.9684
Mphosph8,Mphosph8,429.478,0.1855,0.1608,1.154,0.2485,0.8923
Mphosph9,Mphosph9,389.6311,0.1988,0.1162,1.7113,0.087,0.7807
Mpi,Mpi,1520.1602,-0.1083,0.0978,-1.1083,0.2677,0.8999
Mplkip,Mplkip,466.3049,-0.111,0.0848,-1.3092,0.1905,0.874
Mpnd,Mpnd,1748.6482,0.0134,0.0835,0.1599,0.873,0.991
Mpo,Mpo,0.5786,-1.5045,1.9481,-0.7723,0.4399,
Mpp1,Mpp1,2452.1024,-0.0079,0.0715,-0.1104,0.9121,0.9943
Mpp2,Mpp2,378.5164,-0.2093,0.116,-1.804,0.0712,0.7617
Mpp3,Mpp3,26.0685,0.0243,0.3487,0.0698,0.9444,0.9971
Mpp4,Mpp4,6.775,0.942,0.888,1.0608,0.2888,
Mpp5,Mpp5,690.869,-0.0643,0.1635,-0.3931,0.6942,0.9731
Mpp6,Mpp6,720.8327,-0.045,0.1078,-0.4177,0.6762,0.9713
Mpp7,Mpp7,8.9421,-0.4566,0.4786,-0.9541,0.34,
Mppe1,Mppe1,426.2351,-0.056,0.0946,-0.5922,0.5537,0.9571
Mprip,Mprip,15105.6672,0.0157,0.0459,0.3409,0.7331,0.9802
Mpst,Mpst,1024.8031,-0.1211,0.0609,-1.987,0.0469,0.7227
Mpv17,Mpv17,1526.9274,-0.0014,0.0724,-0.0189,0.9849,0.9991
Mpv17l,Mpv17l,137.1341,-0.0192,0.1384,-0.1386,0.8898,0.992
Mpv17l2,Mpv17l2,560.7213,-0.0675,0.08,-0.8437,0.3988,0.9354
Mpz,Mpz,5.1247,0.1846,0.6221,0.2968,0.7667,
Mpzl1,Mpzl1,1331.7818,0.1418,0.0919,1.5431,0.1228,0.8143
Mpzl3,Mpzl3,17.1073,-0.568,0.3924,-1.4476,0.1477,
Mr1,Mr1,1652.7797,0.1694,0.0967,1.7524,0.0797,0.7699
Mrap2,Mrap2,0.7648,1.2787,1.8798,0.6802,0.4964,
Mras,Mras,1387.7545,-0.0221,0.0516,-0.428,0.6686,0.9702
Mrc1,Mrc1,7.5453,-0.3984,0.5275,-0.7554,0.45,
Mrc2,Mrc2,10274.9379,0.0893,0.0555,1.6074,0.108,0.8038
Mre11a,Mre11a,948.5435,0.0781,0.0695,1.124,0.261,0.8968
Mreg,Mreg,200.0338,0.0837,0.1462,0.5722,0.5672,0.9592
Mrfap1,Mrfap1,10697.899,0.0704,0.1107,0.6361,0.5247,0.956
Mrgbp,Mrgbp,671.918,-0.028,0.0971,-0.2885,0.7729,0.985
Mrgprd,Mrgprd,0.9732,0.5227,1.5164,0.3447,0.7303,
Mrgpre,Mrgpre,261.4132,-0.2148,0.1687,-1.2737,0.2028,0.8841
Mrgprf,Mrgprf,1087.5352,0.0938,0.1347,0.6966,0.4861,0.9515
Mri1,Mri1,855.1687,0.0894,0.1611,0.5549,0.579,0.963
Mrln,Mrln,89.9746,-0.0287,0.1727,-0.1662,0.868,0.9906
Mrm1,Mrm1,355.5816,-0.145,0.1318,-1.1,0.2713,0.9032
Mro,Mro,6.2421,0.2456,0.556,0.4417,0.6587,
Mroh1,Mroh1,1527.3964,-0.2659,0.1624,-1.6376,0.1015,0.7919
Mroh2a,Mroh2a,3.8569,0.1218,0.6883,0.177,0.8595,
Mroh4,Mroh4,2.3099,-1.688,1.0331,-1.6339,0.1023,
Mroh6,Mroh6,11.6434,0.2261,0.4116,0.5494,0.5827,
Mroh7,Mroh7,0.9743,-3.2976,1.9715,-1.6727,0.0944,
Mroh8,Mroh8,2.7974,0.1079,0.8924,0.1209,0.9038,
Mroh9,Mroh9,1.3569,-0.3328,1.1898,-0.2797,0.7797,
Mrpl1,Mrpl1,695.3582,0.0364,0.0822,0.4428,0.6579,0.97
Mrpl10,Mrpl10,2082.079,-0.026,0.0576,-0.4511,0.6519,0.9684
Mrpl11,Mrpl11,1092.5628,0.0042,0.0914,0.0459,0.9634,0.9974
Mrpl12,Mrpl12,2114.0929,-0.1339,0.0744,-1.8007,0.0717,0.7617
Mrpl13,Mrpl13,2592.9511,-0.0283,0.0564,-0.5018,0.6158,0.966
Mrpl14,Mrpl14,1125.5707,-0.0431,0.0826,-0.521,0.6024,0.966
Mrpl15,Mrpl15,1578.3614,-0.081,0.094,-0.8623,0.3885,0.933
Mrpl16,Mrpl16,1040.388,-0.019,0.0919,-0.207,0.836,0.9906
Mrpl17,Mrpl17,1720.2262,-0.0917,0.0767,-1.1961,0.2317,0.8923
Mrpl18,Mrpl18,1787.9835,-0.0716,0.0784,-0.9137,0.3609,0.9295
Mrpl19,Mrpl19,925.0801,-0.0594,0.0871,-0.6823,0.495,0.9515
Mrpl2,Mrpl2,1354.9498,0.0152,0.0954,0.1598,0.8731,0.991
Mrpl20,Mrpl20,1308.0011,-0.0215,0.1022,-0.2104,0.8333,0.9906
Mrpl21,Mrpl21,1005.8056,-0.0277,0.1114,-0.2481,0.804,0.9871
Mrpl22,Mrpl22,757.0165,-0.0246,0.1136,-0.2164,0.8287,0.9906
Mrpl23,Mrpl23,761.0508,-0.0259,0.0719,-0.3607,0.7183,0.9779
Mrpl24,Mrpl24,1331.9239,0.01,0.0747,0.1334,0.8939,0.9923
Mrpl27,Mrpl27,706.7905,-0.0332,0.0925,-0.3586,0.7199,0.9784
Mrpl28,Mrpl28,1730.7397,-0.0566,0.0786,-0.7202,0.4714,0.9489
Mrpl3,Mrpl3,2100.7054,0.0316,0.1054,0.2998,0.7643,0.9849
Mrpl30,Mrpl30,1874.237,-0.0967,0.0901,-1.0733,0.2831,0.9074
Mrpl32,Mrpl32,835.662,-0.127,0.0881,-1.4421,0.1493,0.8436
Mrpl33,Mrpl33,2233.7636,0.0235,0.0923,0.2551,0.7986,0.9871
Mrpl34,Mrpl34,558.2232,-0.0552,0.0883,-0.625,0.532,0.9571
Mrpl35,Mrpl35,479.5016,-0.0515,0.1014,-0.5079,0.6115,0.966
Mrpl36,Mrpl36,752.1293,0.0749,0.0907,0.8258,0.4089,0.9377
Mrpl37,Mrpl37,1468.0017,-0.0483,0.0719,-0.6717,0.5018,0.9515
Mrpl38,Mrpl38,1650.2451,-0.0755,0.0747,-1.0111,0.312,0.9173
Mrpl39,Mrpl39,1391.8519,-0.0243,0.0731,-0.3324,0.7396,0.9825
Mrpl4,Mrpl4,1200.8456,-0.039,0.0803,-0.4862,0.6268,0.9673
Mrpl40,Mrpl40,968.5441,-0.0492,0.0712,-0.6915,0.4893,0.9515
Mrpl41,Mrpl41,789.887,0.0162,0.0983,0.1649,0.869,0.9906
Mrpl42,Mrpl42,1927.2048,-0.1215,0.0705,-1.7236,0.0848,0.7772
Mrpl43,Mrpl43,1414.9164,-0.0446,0.0786,-0.5677,0.5702,0.9604
Mrpl44,Mrpl44,838.5134,-0.033,0.0824,-0.4012,0.6883,0.9717
Mrpl45,Mrpl45,1558.9688,-0.0791,0.0643,-1.2304,0.2185,0.8877
Mrpl46,Mrpl46,393.2676,-0.0239,0.0865,-0.2762,0.7824,0.985
Mrpl47,Mrpl47,506.6906,-0.0164,0.0965,-0.1703,0.8648,0.9906
Mrpl48,Mrpl48,666.5773,0.032,0.0926,0.3459,0.7294,0.9797
Mrpl49,Mrpl49,1513.5638,0.0294,0.0789,0.3733,0.709,0.9746
Mrpl50,Mrpl50,1475.9208,0.0365,0.0734,0.4968,0.6193,0.966
Mrpl51,Mrpl51,1597.4301,-0.0923,0.0862,-1.0715,0.284,0.9074
Mrpl52,Mrpl52,1024.8494,-0.1021,0.0942,-1.0841,0.2783,0.9074
Mrpl53,Mrpl53,833.4732,-0.0064,0.1133,-0.0566,0.9549,0.9974
Mrpl54,Mrpl54,630.0762,-0.1845,0.0835,-2.2113,0.027,0.6374
Mrpl55,Mrpl55,382.2586,-0.0116,0.0948,-0.1227,0.9023,0.9937
Mrpl57,Mrpl57,520.3366,0.1083,0.1278,0.8475,0.3967,0.9347
Mrpl9,Mrpl9,2023.6444,-0.0675,0.0569,-1.1864,0.2355,0.8923
Mrps10,Mrps10,1337.7236,-0.0405,0.0876,-0.4621,0.644,0.9684
Mrps11,Mrps11,605.2285,-0.0679,0.0757,-0.8974,0.3695,0.9295
Mrps12,Mrps12,515.0139,-0.0406,0.0905,-0.4482,0.654,0.9687
Mrps14,Mrps14,865.8429,-0.0889,0.0935,-0.951,0.3416,0.9246
Mrps15,Mrps15,876.3047,-0.0406,0.0688,-0.5909,0.5546,0.9571
Mrps16,Mrps16,1096.7489,-0.0579,0.0643,-0.9005,0.3679,0.9295
Mrps17,Mrps17,1726.4683,0.0065,0.0755,0.0857,0.9317,0.9957
Mrps18a,Mrps18a,982.2776,-0.0751,0.068,-1.1055,0.269,0.9026
Mrps18b,Mrps18b,891.536,-0.0623,0.0925,-0.6738,0.5004,0.9515
Mrps18c,Mrps18c,876.9426,-0.1278,0.1016,-1.2579,0.2084,0.8875
Mrps2,Mrps2,1412.9997,-0.0963,0.0543,-1.7737,0.0761,0.7682
Mrps21,Mrps21,1260.6572,-0.0267,0.09,-0.2965,0.7668,0.985
Mrps22,Mrps22,862.77,-0.0515,0.0839,-0.614,0.5392,0.9571
Mrps23,Mrps23,2105.9687,-0.1209,0.0831,-1.456,0.1454,0.8423
Mrps24,Mrps24,983.3892,-0.0485,0.0749,-0.6482,0.5169,0.9548
Mrps25,Mrps25,819.3436,-0.0248,0.0918,-0.2705,0.7868,0.9862
Mrps26,Mrps26,1013.4477,-0.0463,0.0662,-0.6992,0.4844,0.9515
Mrps27,Mrps27,878.6456,0.0044,0.1043,0.0419,0.9666,0.9974
Mrps28,Mrps28,388.6785,-0.1501,0.1082,-1.3877,0.1652,0.8598
Mrps30,Mrps30,1160.275,-0.0824,0.0553,-1.4911,0.1359,0.827
Mrps31,Mrps31,776.4453,0.0949,0.0952,0.9971,0.3187,0.9177
Mrps33,Mrps33,732.7162,0.1203,0.1558,0.7725,0.4398,0.9455
Mrps34,Mrps34,1199.1548,-0.0644,0.0796,-0.8085,0.4188,0.94
Mrps35,Mrps35,641.4433,-0.059,0.0874,-0.6751,0.4996,0.9515
Mrps36,Mrps36,695.9,-0.0258,0.1254,-0.2061,0.8367,0.9906
Mrps5,Mrps5,1074.2839,0.0262,0.0893,0.2934,0.7692,0.985
Mrps6,Mrps6,745.5913,0.1368,0.1247,1.0973,0.2725,0.9032
Mrps7,Mrps7,1640.2566,-0.0928,0.0759,-1.2223,0.2216,0.8877
Mrps9,Mrps9,1015.153,0.0363,0.067,0.5428,0.5873,0.964
Mrrf,Mrrf,876.5421,-0.0705,0.0745,-0.9468,0.3437,0.9246
Mrs2,Mrs2,519.2191,0.0378,0.0907,0.4161,0.6774,0.9717
Mrto4,Mrto4,1410.8354,-0.0722,0.066,-1.0935,0.2742,0.9045
Mrvi1,Mrvi1,34.2074,0.1725,0.3185,0.5415,0.5881,0.964
Ms4a10,Ms4a10,2.405,-0.371,0.9124,-0.4066,0.6843,
Ms4a18,Ms4a18,1.1519,-0.078,1.2535,-0.0622,0.9504,
Ms4a4b,Ms4a4b,0.5774,2.8067,2.1446,1.3087,0.1906,
Ms4a4c,Ms4a4c,0.2941,0.8438,2.6255,0.3214,0.7479,
Ms4a4d,Ms4a4d,424.4534,0.0167,0.1449,0.115,0.9085,0.9939
Ms4a6c,Ms4a6c,1.259,-0.6302,1.2286,-0.513,0.608,
Ms4a6d,Ms4a6d,3.0735,-0.0011,0.8565,-0.0013,0.999,
Ms4a8a,Ms4a8a,0.9717,-0.9172,1.4132,-0.649,0.5163,
Msantd1,Msantd1,0.489,-1.3133,2.2925,-0.5728,0.5667,
Msantd2,Msantd2,339.0891,0.1001,0.0929,1.0778,0.2811,0.9074
Msantd3,Msantd3,831.9757,-0.0623,0.0732,-0.8507,0.395,0.9341
Msantd4,Msantd4,2600.3605,0.0191,0.0653,0.2919,0.7704,0.985
Msc,Msc,101.3352,-0.5633,0.1986,-2.8358,0.0046,0.3811
Msh2,Msh2,1127.7749,0.0427,0.0808,0.5284,0.5972,0.964
Msh3,Msh3,442.8525,0.0524,0.1134,0.4623,0.6438,0.9684
Msh4,Msh4,1.7269,-0.1238,1.1221,-0.1103,0.9122,
Msh5,Msh5,57.008,0.1155,0.189,0.6112,0.5411,0.9571
Msh6,Msh6,1701.541,-0.0215,0.0903,-0.2384,0.8115,0.9886
Msi1,Msi1,47.6606,0.3906,0.2358,1.6563,0.0977,0.7886
Msi2,Msi2,4541.7551,-0.0258,0.1205,-0.2141,0.8305,0.9906
Msl1,Msl1,2549.6546,0.0431,0.0767,0.562,0.5741,0.9614
Msl2,Msl2,1283.3379,0.1003,0.1219,0.8232,0.4104,0.9377
Msl3,Msl3,1667.4448,0.019,0.0511,0.371,0.7106,0.9755
Msl3l2,Msl3l2,115.5778,0.1846,0.1882,0.9809,0.3267,0.9197
Msln,Msln,6128.4951,-0.0437,0.1304,-0.3354,0.7374,0.9815
Mslnl,Mslnl,3.0009,0.2838,0.8215,0.3455,0.7297,
Msmo1,Msmo1,3354.8182,-0.1725,0.0831,-2.0751,0.038,0.6915
Msn,Msn,31800.5431,-0.1197,0.0473,-2.5301,0.0114,0.515
Msr1,Msr1,9.2222,-0.0129,0.4903,-0.0262,0.9791,
Msra,Msra,257.5816,-0.0585,0.1243,-0.4701,0.6382,0.9681
Msrb1,Msrb1,758.296,-0.1709,0.0764,-2.2365,0.0253,0.6337
Msrb2,Msrb2,63.4205,-0.1935,0.2373,-0.8156,0.4148,0.94
Msrb3,Msrb3,5639.8601,0.0322,0.0929,0.3464,0.7291,0.9797
Mss51,Mss51,200.6262,-0.0273,0.1395,-0.1955,0.845,0.9906
Mst1,Mst1,5.2984,0.1012,0.5972,0.1694,0.8655,
Mst1r,Mst1r,19.0849,0.2112,0.3468,0.6091,0.5425,
Mstn,Mstn,6.5921,0.6647,0.5984,1.1107,0.2667,
Msto1,Msto1,914.341,0.0618,0.0961,0.6438,0.5197,0.9553
Msx1,Msx1,78.7125,-0.0112,0.184,-0.0606,0.9517,0.9974
Msx1os,Msx1os,14.4037,-0.0778,0.4048,-0.1921,0.8477,
Msx2,Msx2,12.0439,-0.2352,0.4357,-0.5398,0.5893,
Msx3,Msx3,6.9621,0.0867,0.572,0.1517,0.8795,
Mt1,Mt1,4370.3518,-0.2692,0.1999,-1.3463,0.1782,0.866
Mt2,Mt2,3851.9928,-0.1118,0.213,-0.5247,0.5998,0.966
Mt3,Mt3,0.3916,1.2541,2.4276,0.5166,0.6055,
Mta1,Mta1,3943.8845,-0.0635,0.0556,-1.141,0.2539,0.893
Mta2,Mta2,2487.8029,-0.0225,0.0548,-0.4107,0.6813,0.9717
Mta3,Mta3,1192.6843,0.1227,0.078,1.5721,0.1159,0.8127
Mtag2,Mtag2,1.66,-1.7997,1.3206,-1.3628,0.1729,
Mtap,Mtap,3804.9906,0.0954,0.0807,1.1819,0.2372,0.8923
Mtap7d3,Mtap7d3,13.6873,0.4486,0.3874,1.1577,0.247,
Mtbp,Mtbp,835.0588,0.0194,0.0867,0.2242,0.8226,0.9893
Mtch1,Mtch1,14727.4483,-0.0917,0.068,-1.3469,0.178,0.8659
Mtch2,Mtch2,5417.987,-0.0476,0.0745,-0.6389,0.5229,0.9556
Mtcl1,Mtcl1,1237.488,-0.0362,0.076,-0.4767,0.6335,0.9681
Mtcp1,Mtcp1,51.194,0.3345,0.2019,1.6569,0.0975,0.7886
Mtdh,Mtdh,5731.7233,0.0414,0.1187,0.3491,0.727,0.9796
Mterf1a,Mterf1a,113.0082,0.1051,0.1551,0.6776,0.498,0.9515
Mterf1b,Mterf1b,76.7723,0.338,0.1728,1.9557,0.0505,0.7253
Mterf2,Mterf2,271.6313,0.0671,0.0998,0.6721,0.5015,0.9515
Mterf3,Mterf3,676.2718,0.1603,0.1022,1.5684,0.1168,0.8127
Mterf4,Mterf4,737.3203,0.1215,0.0739,1.6441,0.1002,0.7895
Mtf1,Mtf1,1026.5027,0.0056,0.0748,0.0743,0.9408,0.9971
Mtf2,Mtf2,690.5482,0.0721,0.1561,0.4616,0.6443,0.9684
Mtfmt,Mtfmt,370.8434,-0.0195,0.0927,-0.2103,0.8334,0.9906
Mtfp1,Mtfp1,151.1224,-0.0983,0.1302,-0.7554,0.45,0.9455
Mtfr1,Mtfr1,1753.4786,-0.0072,0.0581,-0.1238,0.9015,0.9934
Mtfr1l,Mtfr1l,3852.9954,0.0234,0.1056,0.2214,0.8248,0.9899
Mtfr2,Mtfr2,242.2159,-0.1854,0.1952,-0.9498,0.3422,0.9246
Mtg1,Mtg1,325.4519,-0.051,0.1072,-0.476,0.6341,0.9681
Mtg2,Mtg2,507.2064,-0.0184,0.0783,-0.2357,0.8137,0.9889
Mthfd1,Mthfd1,2254.9539,0.0439,0.1118,0.3924,0.6948,0.9731
Mthfd1l,Mthfd1l,1902.3425,-0.4989,0.1797,-2.7765,0.0055,0.4039
Mthfd2,Mthfd2,2049.4918,-0.1319,0.1029,-1.2811,0.2001,0.8828
Mthfd2l,Mthfd2l,447.3577,0.1366,0.0832,1.6418,0.1006,0.7906
Mthfr,Mthfr,1975.3071,0.1748,0.0945,1.8489,0.0645,0.7583
Mthfs,Mthfs,68.0045,0.1852,0.23,0.8056,0.4205,0.9404
Mthfsd,Mthfsd,391.9413,0.0163,0.0897,0.1811,0.8563,0.9906
Mthfsl,Mthfsl,114.6384,0.1513,0.1906,0.7936,0.4275,0.9431
Mtif2,Mtif2,1018.49,0.0861,0.0904,0.9525,0.3408,0.9246
Mtif3,Mtif3,522.1604,0.0125,0.1279,0.0977,0.9222,0.9957
Mtl5,Mtl5,27.3788,0.0504,0.3322,0.1516,0.8795,0.9914
Mtm1,Mtm1,125.6226,0.097,0.1903,0.51,0.6101,0.966
Mtmr1,Mtmr1,1173.0084,0.0786,0.0866,0.9069,0.3645,0.9295
Mtmr10,Mtmr10,1131.1699,0.0535,0.0764,0.6994,0.4843,0.9515
Mtmr11,Mtmr11,797.4906,-0.0137,0.0785,-0.175,0.8611,0.9906
Mtmr12,Mtmr12,929.045,0.0067,0.0774,0.0869,0.9308,0.9957
Mtmr14,Mtmr14,911.3299,-0.0679,0.0795,-0.8539,0.3931,0.9341
Mtmr2,Mtmr2,2480.1208,0.0502,0.0694,0.7232,0.4695,0.9483
Mtmr3,Mtmr3,3146.0644,0.0208,0.0548,0.3799,0.704,0.9744
Mtmr4,Mtmr4,2063.1112,0.0191,0.0998,0.1914,0.8482,0.9906
Mtmr6,Mtmr6,3902.2601,0.0771,0.0429,1.7966,0.0724,0.766
Mtmr7,Mtmr7,39.7763,0.2933,0.2313,1.2682,0.2047,0.8854
Mtmr9,Mtmr9,1379.5186,0.0673,0.0674,0.999,0.3178,0.9173
Mto1,Mto1,638.8898,0.0049,0.1003,0.0488,0.9611,0.9974
Mtor,Mtor,2907.101,0.063,0.0671,0.9383,0.3481,0.9264
Mtpap,Mtpap,1299.4471,0.0951,0.064,1.4855,0.1374,0.8296
Mtpn,Mtpn,8904.0305,0.0168,0.0967,0.1742,0.8617,0.9906
Mtr,Mtr,855.0263,0.0555,0.085,0.6533,0.5136,0.9548
Mtrf1,Mtrf1,55.6033,-0.0062,0.1881,-0.0331,0.9736,0.9974
Mtrf1l,Mtrf1l,230.7701,0.1177,0.1056,1.1141,0.2652,0.8981
Mtrr,Mtrr,897.2662,-0.0281,0.0724,-0.3877,0.6982,0.9736
Mtss1,Mtss1,4870.6151,-0.0049,0.0713,-0.0685,0.9454,0.9971
Mtss1l,Mtss1l,9028.2704,0.0441,0.0728,0.6058,0.5447,0.9571
Mttp,Mttp,677.8289,-0.1727,0.1004,-1.7199,0.0854,0.7807
Mturn,Mturn,968.6267,0.03,0.1508,0.1993,0.842,0.9906
Mtus1,Mtus1,1160.929,0.1272,0.1034,1.2303,0.2186,0.8877
Mtus2,Mtus2,5.3149,-0.3113,0.6617,-0.4705,0.638,
Mtx1,Mtx1,1004.1244,-0.0988,0.0604,-1.6363,0.1018,0.7921
Mtx2,Mtx2,1516.3506,-0.0156,0.0542,-0.2879,0.7734,0.985
Mtx3,Mtx3,618.74,0.2017,0.1076,1.8736,0.061,0.7507
Muc1,Muc1,11.7093,0.2778,0.4281,0.649,0.5164,
Muc13,Muc13,4.5396,-0.806,0.6795,-1.1861,0.2356,
Muc15,Muc15,0.4735,2.4099,2.3363,1.0315,0.3023,
Muc2,Muc2,1.3482,-0.2613,1.5318,-0.1706,0.8646,
Muc20,Muc20,0.8649,-1.3152,1.876,-0.7011,0.4833,
Muc4,Muc4,5.1074,-0.5006,0.6432,-0.7783,0.4364,
Muc5b,Muc5b,0.6779,-0.8451,1.6015,-0.5277,0.5977,
Mug1,Mug1,1.1654,0.9576,1.4214,0.6737,0.5005,
Mul1,Mul1,1053.0186,-0.078,0.0721,-1.0822,0.2792,0.9074
Mum1,Mum1,1787.4871,-0.0124,0.0875,-0.142,0.8871,0.9917
Mum1l1,Mum1l1,477.45,0.049,0.1608,0.3046,0.7607,0.9849
Munc,Munc,15.7566,-0.2263,0.385,-0.5879,0.5566,
Mup10,Mup10,0.6868,-0.2828,1.8876,-0.1498,0.8809,
Mup13,Mup13,0.8646,-0.2523,1.4404,-0.1751,0.861,
Mup14,Mup14,0.3901,0.156,2.5021,0.0623,0.9503,
Mup20,Mup20,0.8638,-1.0758,1.5175,-0.7089,0.4784,
Mup3,Mup3,1.8403,-0.2483,1.074,-0.2312,0.8171,
Murc,Murc,7864.3049,-0.0598,0.1009,-0.5926,0.5535,0.9571
Mus81,Mus81,811.8772,-0.1148,0.07,-1.64,0.101,0.7908
Musk,Musk,1021.748,0.0187,0.1066,0.1751,0.861,0.9906
Mustn1,Mustn1,2181.6722,-0.172,0.104,-1.6533,0.0983,0.7891
Mut,Mut,1678.6832,0.2167,0.0793,2.7342,0.0063,0.4198
Mutyh,Mutyh,73.6106,-0.1828,0.1982,-0.922,0.3565,0.9295
Mvb12a,Mvb12a,953.7132,-0.096,0.0795,-1.2076,0.2272,0.8906
Mvb12b,Mvb12b,1169.7651,0.0617,0.0921,0.6699,0.5029,0.9515
Mvd,Mvd,688.9514,-0.2456,0.086,-2.8558,0.0043,0.3755
Mvk,Mvk,772.247,-0.0267,0.0665,-0.4014,0.6882,0.9717
Mvp,Mvp,5632.8303,-0.02,0.0824,-0.2421,0.8087,0.9882
Mx1,Mx1,6.9407,-0.0382,0.6778,-0.0563,0.9551,
Mx2,Mx2,29.6872,-0.0307,0.426,-0.072,0.9426,0.9971
Mxd1,Mxd1,677.2724,-0.1759,0.0914,-1.9237,0.0544,0.736
Mxd3,Mxd3,380.622,-0.1869,0.1962,-0.9525,0.3408,0.9246
Mxd4,Mxd4,1585.7446,0.1429,0.0898,1.5916,0.1115,0.8127
Mxi1,Mxi1,2065.217,0.0344,0.1226,0.2803,0.7793,0.985
Mxra7,Mxra7,4368.3944,-0.0964,0.0555,-1.7383,0.0822,0.7752
Mxra8,Mxra8,11613.4868,0.1425,0.0787,1.8104,0.0702,0.7617
Myadm,Myadm,17813.6158,-0.0587,0.0458,-1.282,0.1998,0.8828
Myadml2,Myadml2,14.474,-0.1678,0.3815,-0.4398,0.6601,
Myb,Myb,14.3323,0.0535,0.4938,0.1083,0.9138,
Mybbp1a,Mybbp1a,7972.1424,0.0513,0.1066,0.4808,0.6306,0.9681
Mybl1,Mybl1,140.9553,0.1147,0.2659,0.4312,0.6663,0.9702
Mybl2,Mybl2,443.3548,-0.1618,0.2801,-0.5778,0.5634,0.9583
Mybpc1,Mybpc1,180.0961,-0.1451,0.2642,-0.5493,0.5828,0.964
Mybpc2,Mybpc2,125.8536,-0.3671,0.2096,-1.7514,0.0799,0.77
Mybph,Mybph,13395.6689,-0.1334,0.1434,-0.9302,0.3522,0.9271
Myc,Myc,1574.8613,0.0294,0.1069,0.2751,0.7832,0.985
Mycbp,Mycbp,808.3896,-0.0601,0.1158,-0.5188,0.6039,0.966
Mycbp2,Mycbp2,1298.7881,0.1422,0.1576,0.9024,0.3668,0.9295
Mycbpap,Mycbpap,21.3443,-0.2022,0.338,-0.5982,0.5497,0.9571
Mycl,Mycl,1626.3326,-0.2214,0.0784,-2.8246,0.0047,0.3853
Mycn,Mycn,9.0201,-0.3832,0.5598,-0.6846,0.4936,
Myd88,Myd88,868.2158,0.0919,0.0847,1.0847,0.278,0.9074
Mydgf,Mydgf,2488.9946,-0.02,0.0629,-0.3179,0.7505,0.9843
Myef2,Myef2,1477.4602,0.1013,0.1337,0.758,0.4485,0.9455
Myeov2,Myeov2,1679.8777,-0.0609,0.1028,-0.593,0.5532,0.9571
Myf5,Myf5,637.2761,-0.1719,0.1487,-1.1562,0.2476,0.8923
Myf6,Myf6,19.6642,-0.3974,0.3667,-1.0836,0.2785,
Myg1,Myg1,1215.6508,-0.068,0.0654,-1.0392,0.2987,0.9139
Myh1,Myh1,11122.1709,-0.1066,0.1667,-0.6396,0.5224,0.9556
Myh10,Myh10,4310.5253,0.0785,0.0789,0.9941,0.3202,0.9186
Myh11,Myh11,3.8777,0.1201,0.7162,0.1677,0.8668,
Myh13,Myh13,17.8488,-0.6303,0.5821,-1.0828,0.2789,
Myh14,Myh14,18.1448,-0.2406,0.3728,-0.6453,0.5187,
Myh2,Myh2,608.2713,-0.3501,0.3649,-0.9595,0.3373,0.9222
Myh3,Myh3,22759.9206,-0.0968,0.1118,-0.8661,0.3865,0.9324
Myh4,Myh4,709.5575,-0.4694,0.2603,-1.8033,0.0713,0.7617
Myh6,Myh6,136.878,-0.3166,0.3013,-1.0508,0.2933,0.9107
Myh7,Myh7,703.5465,-0.1679,0.2245,-0.7481,0.4544,0.9475
Myh7b,Myh7b,100.229,0.034,0.2393,0.1422,0.8869,0.9917
Myh8,Myh8,1216.9054,-0.1188,0.2157,-0.5508,0.5818,0.9637
Myh9,Myh9,51564.2048,0.0199,0.0557,0.3565,0.7215,0.9788
Myl1,Myl1,19736.2894,-0.2915,0.1447,-2.0145,0.044,0.7227
Myl10,Myl10,4.3404,-0.253,0.7208,-0.3509,0.7256,
Myl12a,Myl12a,33544.5798,-0.1127,0.0604,-1.8651,0.0622,0.7549
Myl12b,Myl12b,6532.1404,-0.2384,0.1743,-1.3673,0.1715,0.8614
Myl2,Myl2,7.2483,-0.6745,0.6481,-1.0407,0.298,
Myl3,Myl3,0.9636,-1.3255,1.4893,-0.89,0.3735,
Myl4,Myl4,11249.1213,-0.2339,0.183,-1.2783,0.2011,0.8828
Myl6,Myl6,22649.945,-0.0354,0.0678,-0.5219,0.6018,0.966
Myl6b,Myl6b,2365.9556,-0.2125,0.1326,-1.6022,0.1091,0.8072
Myl9,Myl9,6202.6329,0.1334,0.1454,0.9179,0.3587,0.9295
Mylip,Mylip,954.7353,0.1796,0.1784,1.0067,0.3141,0.9173
Mylk,Mylk,1729.5094,0.222,0.0915,2.4276,0.0152,0.5682
Mylk2,Mylk2,463.9468,-0.3453,0.1541,-2.2405,0.0251,0.6335
Mylk3,Mylk3,17.5766,-0.1602,0.3566,-0.4493,0.6533,
Mylk4,Mylk4,1026.044,-0.1389,0.1282,-1.0835,0.2786,0.9074
Mylpf,Mylpf,38561.6916,-0.3612,0.1242,-2.9092,0.0036,0.3479
Mynn,Mynn,796.3444,-0.0218,0.1312,-0.1658,0.8683,0.9906
Myo10,Myo10,10058.0766,0.0329,0.0584,0.5626,0.5737,0.9614
Myo15,Myo15,2.0259,-0.3514,0.9734,-0.361,0.7181,
Myo16,Myo16,0.3902,-0.9393,2.4486,-0.3836,0.7013,
Myo18a,Myo18a,5866.682,0.0316,0.0749,0.4221,0.673,0.971
Myo18b,Myo18b,215.213,-0.1357,0.2337,-0.5807,0.5614,0.9579
Myo19,Myo19,472.3212,-0.001,0.0886,-0.0109,0.9913,0.9993
Myo1a,Myo1a,12.1126,0.1414,0.4054,0.3487,0.7273,
Myo1b,Myo1b,1253.4558,-0.0139,0.1528,-0.091,0.9275,0.9957
Myo1c,Myo1c,16824.8972,-0.0316,0.061,-0.5175,0.6048,0.966
Myo1d,Myo1d,2426.0229,0.1435,0.0793,1.8091,0.0704,0.7617
Myo1e,Myo1e,3944.9165,-0.0979,0.0459,-2.1354,0.0327,0.6622
Myo1g,Myo1g,4.336,-0.7266,0.7201,-1.0089,0.313,
Myo1h,Myo1h,43.68,-0.2148,0.2074,-1.0356,0.3004,0.9154
Myo3b,Myo3b,2.0295,0.4678,0.9788,0.4779,0.6327,
Myo5a,Myo5a,2306.5567,0.06,0.1878,0.3197,0.7492,0.9843
Myo5b,Myo5b,0.7717,-0.1125,1.8178,-0.0619,0.9506,
Myo5c,Myo5c,1.9491,0.3012,1.0958,0.2749,0.7834,
Myo6,Myo6,612.9908,0.1525,0.0943,1.6162,0.106,0.8003
Myo7a,Myo7a,25.7435,-0.3798,0.3552,-1.0693,0.285,0.9079
Myo7b,Myo7b,3.6604,-0.5739,0.8117,-0.7071,0.4795,
Myo9a,Myo9a,655.0108,0.0845,0.2097,0.4031,0.6869,0.9717
Myo9b,Myo9b,4194.5781,-0.0166,0.0566,-0.2926,0.7698,0.985
Myoc,Myoc,1.5433,-0.8912,1.1436,-0.7793,0.4358,
Myocd,Myocd,1.3535,-1.3509,1.3851,-0.9752,0.3294,
Myod1,Myod1,5566.8518,-0.1871,0.0888,-2.1073,0.0351,0.6767
Myof,Myof,13107.7737,0.0023,0.0551,0.0426,0.966,0.9974
Myog,Myog,22789.8538,-0.1312,0.1151,-1.14,0.2543,0.893
Myom1,Myom1,1721.2587,-0.1046,0.1501,-0.6969,0.4858,0.9515
Myom2,Myom2,12198.7674,-0.1384,0.1087,-1.2735,0.2029,0.8841
Myom3,Myom3,1991.2815,-0.0619,0.1625,-0.3806,0.7035,0.9744
Myot,Myot,79.3255,-0.2148,0.2871,-0.7481,0.4544,0.9475
Myoz1,Myoz1,16.7917,-0.1392,0.3361,-0.4141,0.6788,
Myoz2,Myoz2,1146.7575,-0.3324,0.1537,-2.1631,0.0305,0.6516
Myoz3,Myoz3,2.603,2.3759,1.0518,2.2588,0.0239,
Mypn,Mypn,431.044,-0.121,0.1554,-0.7791,0.4359,0.9455
Mypop,Mypop,391.3383,0.0731,0.1308,0.5587,0.5764,0.9622
Myrf,Myrf,159.6448,-0.0521,0.1391,-0.3747,0.7079,0.9745
Myrfl,Myrfl,1.9271,1.2848,1.1404,1.1267,0.2599,
Myrip,Myrip,9.2624,-0.2585,0.5196,-0.4975,0.6188,
Mysm1,Mysm1,356.2376,-0.0154,0.2006,-0.0768,0.9388,0.9971
Myt1l,Myt1l,0.3853,0.9701,2.47,0.3928,0.6945,
Myzap,Myzap,384.538,0.0101,0.1251,0.0809,0.9355,0.997
Mzb1,Mzb1,0.3844,2.1809,2.3996,0.9089,0.3634,
Mzf1,Mzf1,14.276,0.0627,0.383,0.1637,0.87,
Mzt1,Mzt1,1951.3305,0.0706,0.1201,0.5877,0.5567,0.9578
Mzt2,Mzt2,620.8134,0.1606,0.1067,1.5043,0.1325,0.826
N4bp1,N4bp1,3528.8319,0.1284,0.0599,2.1436,0.0321,0.6561
N4bp2,N4bp2,181.9135,0.0738,0.1915,0.3855,0.6999,0.9737
N4bp2l1,N4bp2l1,45.2576,0.2982,0.3659,0.815,0.4151,0.94
N4bp2l2,N4bp2l2,1411.3672,0.0163,0.115,0.1417,0.8873,0.9917
N4bp3,N4bp3,337.8731,-0.0261,0.1199,-0.2177,0.8277,0.9906
N6amt1,N6amt1,479.1006,0.1669,0.0888,1.8802,0.0601,0.749
N6amt2,N6amt2,765.58,-0.1315,0.071,-1.8526,0.0639,0.7562
Naa10,Naa10,994.1229,-0.141,0.0735,-1.9191,0.055,0.7414
Naa11,Naa11,1.3534,-1.5565,1.4458,-1.0766,0.2817,
Naa15,Naa15,2052.8548,0.0667,0.1489,0.4477,0.6544,0.9687
Naa16,Naa16,206.9778,0.0161,0.1745,0.0921,0.9266,0.9957
Naa20,Naa20,1700.6169,0.0154,0.0872,0.1772,0.8593,0.9906
Naa25,Naa25,1386.2457,0.1141,0.0728,1.5676,0.117,0.8127
Naa30,Naa30,1312.7516,0.0418,0.0951,0.4391,0.6606,0.9702
Naa35,Naa35,1819.2291,-0.0123,0.0529,-0.2321,0.8164,0.989
Naa38,Naa38,462.2106,0.0412,0.1463,0.282,0.778,0.985
Naa40,Naa40,1245.1927,-0.0167,0.0682,-0.2455,0.806,0.9877
Naa50,Naa50,6187.4291,0.0362,0.1061,0.3414,0.7328,0.9802
Naa60,Naa60,1898.6288,0.0173,0.0583,0.2976,0.766,0.985
Naaa,Naaa,732.9199,0.112,0.0877,1.277,0.2016,0.883
Naalad2,Naalad2,341.2248,0.1195,0.0935,1.2782,0.2012,0.8828
Naaladl1,Naaladl1,13.4455,0.1188,0.478,0.2486,0.8037,
Nab1,Nab1,1598.6512,0.0346,0.1299,0.266,0.7903,0.9865
Nab2,Nab2,3125.3552,-0.1181,0.0564,-2.0951,0.0362,0.6818
Nabp1,Nabp1,697.1583,-0.0246,0.1094,-0.2246,0.8223,0.9893
Nabp2,Nabp2,1471.5886,-0.044,0.0767,-0.5731,0.5666,0.9592
Naca,Naca,21463.534,-0.0672,0.0562,-1.1946,0.2322,0.8923
Nacad,Nacad,183.8836,0.1106,0.1222,0.9044,0.3658,0.9295
Nacc1,Nacc1,8010.0587,0.01,0.0712,0.1404,0.8883,0.992
Nacc2,Nacc2,2858.7763,0.1374,0.0875,1.5696,0.1165,0.8127
Nadk,Nadk,5327.6857,-0.0362,0.0592,-0.612,0.5405,0.9571
Nadk2,Nadk2,1209.8594,0.1973,0.0906,2.1786,0.0294,0.641
Nadsyn1,Nadsyn1,294.1342,0.0773,0.1203,0.6422,0.5207,0.9555
Nae1,Nae1,1314.8066,-0.0021,0.0942,-0.0225,0.9821,0.9985
Naf1,Naf1,618.1196,0.0575,0.0861,0.668,0.5041,0.9515
Naga,Naga,1974.398,0.0681,0.1047,0.6505,0.5154,0.9548
Nagk,Nagk,1128.7802,-0.1452,0.0685,-2.119,0.0341,0.6695
Naglu,Naglu,1546.1666,0.0006,0.1186,0.0049,0.9961,0.9995
Nagpa,Nagpa,546.4414,-0.0048,0.0951,-0.0506,0.9596,0.9974
Nags,Nags,1.4398,-0.6069,1.2827,-0.4732,0.6361,
Naif1,Naif1,168.6504,0.0164,0.1303,0.1261,0.8997,0.9931
Naip1,Naip1,1.3399,0.8391,1.3586,0.6176,0.5368,
Naip2,Naip2,66.775,0.1425,0.2101,0.6781,0.4977,0.9515
Naip5,Naip5,10.3857,0.0406,0.4455,0.0912,0.9273,
Naip6,Naip6,12.9944,-0.6552,0.4532,-1.4458,0.1482,
Nalcn,Nalcn,13.9099,0.0423,0.4793,0.0882,0.9297,
Nampt,Nampt,1623.4479,-0.1123,0.1599,-0.7025,0.4823,0.9513
Nanog,Nanog,12.8239,-0.0254,0.5063,-0.0502,0.96,
Nanos1,Nanos1,38.0369,-0.239,0.2583,-0.9252,0.3549,0.9293
Nanos3,Nanos3,12.0243,0.4949,0.3997,1.2381,0.2157,
Nanp,Nanp,60.8945,0.2811,0.3301,0.8515,0.3945,0.9341
Nans,Nans,2780.8388,-0.1059,0.0612,-1.7301,0.0836,0.7762
Nap1l1,Nap1l1,12537.3188,0.0157,0.0797,0.1968,0.844,0.9906
Nap1l2,Nap1l2,25.0021,0.031,0.3207,0.0965,0.9231,0.9957
Nap1l3,Nap1l3,8.8698,0.2869,0.4765,0.6022,0.547,
Nap1l4,Nap1l4,5028.0326,-0.0188,0.069,-0.2723,0.7854,0.9854
Nap1l5,Nap1l5,1.9189,-0.85,1.0627,-0.7998,0.4238,
Napa,Napa,3735.7645,-0.0472,0.0617,-0.764,0.4449,0.9455
Napb,Napb,258.9702,0.1281,0.1279,1.0014,0.3166,0.9173
Napepld,Napepld,251.1531,0.1459,0.0973,1.4992,0.1338,0.826
Napg,Napg,1557.9327,0.0841,0.0739,1.1371,0.2555,0.8935
Naprt,Naprt,21.5896,-0.1677,0.3148,-0.5326,0.5943,0.964
Napsa,Napsa,2.602,0.5738,0.8838,0.6492,0.5162,
Narf,Narf,2983.9925,-0.0474,0.0567,-0.8363,0.403,0.9365
Narfl,Narfl,902.9906,-0.109,0.0748,-1.4571,0.1451,0.8421
Nars,Nars,10011.2722,0.0011,0.0643,0.0167,0.9867,0.9992
Nars2,Nars2,783.7117,-0.1478,0.1036,-1.4273,0.1535,0.8501
Nasp,Nasp,1656.7289,-0.059,0.1159,-0.5085,0.6111,0.966
Nat1,Nat1,2.9788,1.3068,0.8428,1.5506,0.121,
Nat10,Nat10,1390.3877,0.1058,0.1094,0.9674,0.3333,0.9207
Nat14,Nat14,57.7627,0.0821,0.1885,0.4354,0.6633,0.9702
Nat2,Nat2,213.3501,0.1058,0.1176,0.899,0.3686,0.9295
Nat6,Nat6,527.0165,-0.0098,0.0778,-0.1259,0.8998,0.9931
Nat8,Nat8,0.2938,-0.4606,2.6291,-0.1752,0.8609,
Nat8l,Nat8l,0.7572,-0.2286,1.9737,-0.1158,0.9078,
Nat9,Nat9,387.9378,0.0255,0.0988,0.2585,0.796,0.9871
Natd1,Natd1,1350.9376,-0.0307,0.0755,-0.4063,0.6845,0.9717
Nav1,Nav1,3746.5937,-0.0311,0.1081,-0.2879,0.7734,0.985
Nav2,Nav2,1093.5008,-0.0947,0.0988,-0.9581,0.338,0.9227
Nav3,Nav3,681.6748,0.1167,0.0847,1.378,0.1682,0.8614
Nbas,Nbas,1631.1621,0.0337,0.0787,0.4278,0.6688,0.9702
Nbea,Nbea,603.4665,0.0823,0.1624,0.5065,0.6125,0.966
Nbeal1,Nbeal1,247.9622,0.1768,0.2029,0.8715,0.3835,0.9315
Nbeal2,Nbeal2,244.1238,-0.0164,0.1054,-0.1554,0.8765,0.9914
Nbl1,Nbl1,7998.0008,0.0451,0.1484,0.3042,0.761,0.9849
Nbn,Nbn,742.9723,0.0908,0.1504,0.6039,0.5459,0.9571
Nbr1,Nbr1,6899.2017,0.0566,0.0564,1.0045,0.3151,0.9173
Ncald,Ncald,121.8351,0.084,0.1373,0.6114,0.541,0.9571
Ncam1,Ncam1,14713.1401,0.0669,0.089,0.7516,0.4523,0.9466
Ncapd2,Ncapd2,2580.9909,-0.1349,0.1241,-1.0876,0.2768,0.9074
Ncapd3,Ncapd3,907.3104,0.0408,0.1325,0.3079,0.7582,0.9849
Ncapg,Ncapg,584.4115,0.0755,0.1793,0.4211,0.6737,0.971
Ncapg2,Ncapg2,976.2182,-0.0682,0.2333,-0.2923,0.77,0.985
Ncaph,Ncaph,1574.8351,-0.1701,0.1569,-1.0842,0.2783,0.9074
Ncaph2,Ncaph2,5742.8194,-0.0925,0.0595,-1.5557,0.1198,0.8127
Ncbp1,Ncbp1,3982.4387,-0.0574,0.0618,-0.9293,0.3527,0.9274
Ncbp2,Ncbp2,2557.718,0.0887,0.0842,1.0534,0.2921,0.9088
Nccrp1,Nccrp1,0.3836,-0.5409,2.5059,-0.2158,0.8291,
Ncdn,Ncdn,1544.1495,0.0641,0.0526,1.2195,0.2227,0.8877
Nceh1,Nceh1,693.5561,-0.0122,0.1026,-0.1191,0.9052,0.9939
Ncf1,Ncf1,34.9151,-0.6216,0.2631,-2.3622,0.0182,0.582
Ncf2,Ncf2,4.3489,-1.4747,0.7224,-2.0415,0.0412,
Ncf4,Ncf4,10.4284,-0.2609,0.4435,-0.5883,0.5563,
Nck1,Nck1,1362.1772,0.0289,0.071,0.4064,0.6845,0.9717
Nck2,Nck2,1438.3421,-0.055,0.0556,-0.988,0.3231,0.9197
Nckap1,Nckap1,6156.771,0.0455,0.1128,0.403,0.6869,0.9717
Nckap1l,Nckap1l,36.2889,-0.0178,0.2661,-0.0669,0.9466,0.9971
Nckap5,Nckap5,20.875,-0.157,0.3437,-0.4567,0.6479,0.9684
Nckap5l,Nckap5l,2409.4399,-0.0656,0.0558,-1.1759,0.2397,0.8923
Nckipsd,Nckipsd,379.2872,0.0646,0.0937,0.689,0.4908,0.9515
Ncl,Ncl,10332.679,0.0491,0.1448,0.3392,0.7344,0.9803
Ncln,Ncln,3985.73,-0.0139,0.0547,-0.2539,0.7996,0.9871
Ncmap,Ncmap,3.4497,0.8699,0.9405,0.9249,0.355,
Ncoa1,Ncoa1,812.828,0.1696,0.099,1.713,0.0867,0.7807
Ncoa2,Ncoa2,1266.2256,0.119,0.1303,0.9132,0.3611,0.9295
Ncoa3,Ncoa3,833.0057,-0.0138,0.0794,-0.1737,0.8621,0.9906
Ncoa4,Ncoa4,1912.6302,0.1393,0.1065,1.3074,0.1911,0.8743
Ncoa5,Ncoa5,1723.5356,-0.0842,0.0864,-0.9742,0.3299,0.9197
Ncoa6,Ncoa6,1812.4707,0.0171,0.0899,0.1908,0.8487,0.9906
Ncoa7,Ncoa7,508.5621,-0.1055,0.1757,-0.6006,0.5481,0.9571
Ncor1,Ncor1,3684.0328,0.0534,0.1258,0.4246,0.6712,0.9703
Ncor2,Ncor2,6394.0324,-0.1031,0.0823,-1.2518,0.2107,0.8875
Ncs1,Ncs1,3598.5881,-0.0333,0.0699,-0.4768,0.6335,0.9681
Ncstn,Ncstn,4625.4364,-0.002,0.0547,-0.0366,0.9708,0.9974
Nctc1,Nctc1,15.1346,-0.1149,0.4166,-0.2759,0.7826,
Ndc1,Ndc1,831.5499,-0.0663,0.1138,-0.5827,0.5601,0.9579
Ndc80,Ndc80,601.8533,-0.1434,0.2011,-0.7128,0.476,0.949
Nde1,Nde1,3197.0747,-0.0447,0.0724,-0.6165,0.5376,0.9571
Ndel1,Ndel1,2848.7193,-0.0526,0.0511,-1.0293,0.3033,0.9164
Ndfip1,Ndfip1,5669.8437,0.0545,0.0569,0.9577,0.3382,0.923
Ndfip2,Ndfip2,2419.5573,-0.0334,0.0685,-0.4876,0.6258,0.9673
Ndn,Ndn,287.7112,0.0208,0.1461,0.142,0.8871,0.9917
Ndnf,Ndnf,4.4981,-1.2022,1.0509,-1.144,0.2526,
Ndnl2,Ndnl2,1054.3464,-0.0579,0.0656,-0.8818,0.3779,0.9303
Ndor1,Ndor1,906.4203,0.1646,0.1031,1.5969,0.1103,0.8103
Ndp,Ndp,0.2941,0.8438,2.6255,0.3214,0.7479,
Ndrg1,Ndrg1,7496.3055,-0.4715,0.184,-2.562,0.0104,0.5011
Ndrg2,Ndrg2,1493.9812,-0.2459,0.1321,-1.8607,0.0628,0.7549
Ndrg3,Ndrg3,3846.4165,0.0831,0.0692,1.201,0.2298,0.8914
Ndrg4,Ndrg4,5411.6187,-0.2192,0.1194,-1.8368,0.0662,0.7609
Ndst1,Ndst1,3785.569,-0.0188,0.068,-0.2762,0.7824,0.985
Ndst2,Ndst2,1146.2804,0.0571,0.0712,0.8021,0.4225,0.9412
Ndst3,Ndst3,89.0758,0.0889,0.1614,0.551,0.5817,0.9637
Ndst4,Ndst4,39.0059,0.1466,0.2521,0.5816,0.5608,0.9579
Ndufa1,Ndufa1,967.6225,-0.1443,0.0776,-1.8609,0.0628,0.7549
Ndufa10,Ndufa10,3889.1458,-0.0222,0.0768,-0.2894,0.7723,0.985
Ndufa11,Ndufa11,1498.7172,-0.01,0.0842,-0.119,0.9053,0.9939
Ndufa12,Ndufa12,1604.8724,-0.1375,0.0954,-1.4406,0.1497,0.8444
Ndufa13,Ndufa13,2303.5743,-0.1856,0.0704,-2.6352,0.0084,0.4585
Ndufa2,Ndufa2,1471.3839,-0.0601,0.0845,-0.7114,0.4769,0.949
Ndufa3,Ndufa3,642.1978,-0.0733,0.0845,-0.8677,0.3856,0.9315
Ndufa4,Ndufa4,3628.846,-0.1809,0.0783,-2.309,0.0209,0.6047
Ndufa4l2,Ndufa4l2,4.5355,-0.9648,0.6836,-1.4113,0.1582,
Ndufa5,Ndufa5,827.8593,-0.0911,0.1266,-0.7193,0.472,0.949
Ndufa6,Ndufa6,1948.4977,-0.0131,0.0704,-0.1859,0.8525,0.9906
Ndufa7,Ndufa7,2769.9356,-0.0588,0.0888,-0.6623,0.5078,0.9528
Ndufa8,Ndufa8,2788.2735,-0.0873,0.0699,-1.2481,0.212,0.8875
Ndufa9,Ndufa9,3308.2196,-0.08,0.0634,-1.2621,0.2069,0.8866
Ndufab1,Ndufab1,1844.9511,-0.0301,0.0966,-0.3115,0.7554,0.9849
Ndufaf1,Ndufaf1,1003.5965,0.0164,0.0733,0.2239,0.8228,0.9893
Ndufaf2,Ndufaf2,325.0859,0.0978,0.1114,0.8783,0.3798,0.9303
Ndufaf3,Ndufaf3,338.2832,0.0291,0.1059,0.2743,0.7839,0.985
Ndufaf4,Ndufaf4,751.633,0.0259,0.1119,0.2315,0.817,0.989
Ndufaf5,Ndufaf5,382.4589,-0.0735,0.0885,-0.8309,0.406,0.9371
Ndufaf6,Ndufaf6,154.3387,0.0802,0.1189,0.6748,0.4998,0.9515
Ndufaf7,Ndufaf7,783.3233,-0.0246,0.0719,-0.3419,0.7325,0.9802
Ndufb10,Ndufb10,2809.3273,-0.0744,0.0923,-0.8061,0.4202,0.9402
Ndufb11,Ndufb11,2224.0843,-0.0846,0.0693,-1.221,0.2221,0.8877
Ndufb2,Ndufb2,658.831,-0.0933,0.0849,-1.0984,0.272,0.9032
Ndufb3,Ndufb3,1298.4651,0.009,0.0871,0.1035,0.9176,0.9954
Ndufb4,Ndufb4,1557.3436,0.0573,0.1515,0.378,0.7055,0.9744
Ndufb5,Ndufb5,2280.057,-0.1059,0.0551,-1.9217,0.0546,0.7385
Ndufb6,Ndufb6,1489.9638,-0.1021,0.0775,-1.3166,0.188,0.874
Ndufb7,Ndufb7,2954.1927,-0.0662,0.0708,-0.9342,0.3502,0.9271
Ndufb8,Ndufb8,2899.8989,-0.0899,0.0801,-1.1213,0.2622,0.8977
Ndufb9,Ndufb9,4246.6782,-0.1123,0.0783,-1.4342,0.1515,0.8466
Ndufc1,Ndufc1,1011.6207,-0.1338,0.1032,-1.2963,0.1949,0.8801
Ndufc2,Ndufc2,1880.2138,-0.0803,0.0598,-1.3414,0.1798,0.8693
Ndufs1,Ndufs1,4344.5151,0.0385,0.0621,0.6203,0.535,0.9571
Ndufs2,Ndufs2,10427.9775,-0.0815,0.0729,-1.1188,0.2632,0.8981
Ndufs3,Ndufs3,2893.7164,-0.0582,0.0946,-0.6154,0.5383,0.9571
Ndufs4,Ndufs4,2090.8141,-0.0775,0.0791,-0.9796,0.3273,0.9197
Ndufs6,Ndufs6,1154.8397,-0.0822,0.0802,-1.025,0.3053,0.9164
Ndufs7,Ndufs7,1439.8548,-0.076,0.064,-1.1871,0.2352,0.8923
Ndufs8,Ndufs8,2042.9205,-0.1415,0.0747,-1.8946,0.0581,0.7485
Ndufv1,Ndufv1,4465.4116,-0.0681,0.0806,-0.845,0.3981,0.9353
Ndufv2,Ndufv2,3370.6663,-0.115,0.0611,-1.8826,0.0598,0.749
Ndufv3,Ndufv3,1820.0963,-0.0931,0.0728,-1.278,0.2013,0.8828
Neat1,Neat1,5540.4628,0.4754,0.4345,1.0942,0.2739,0.9045
Neb,Neb,2290.4291,0.0693,0.1924,0.3602,0.7187,0.9781
Nebl,Nebl,8.458,-0.6958,0.5721,-1.2163,0.2239,
Necab1,Necab1,12.6178,0.2501,0.3932,0.6359,0.5248,
Necab2,Necab2,0.5707,1.6575,1.9996,0.8289,0.4072,
Necab3,Necab3,12.712,-0.1816,0.3895,-0.4662,0.641,
Necap1,Necap1,1699.796,0.0082,0.0605,0.135,0.8926,0.992
Necap2,Necap2,2040.3082,-0.0257,0.076,-0.3375,0.7358,0.9807
Nedd1,Nedd1,1166.5567,-0.0428,0.1335,-0.3204,0.7487,0.9843
Nedd4,Nedd4,41311.6859,0.1106,0.1007,1.0976,0.2724,0.9032
Nedd4l,Nedd4l,1253.3915,-0.0327,0.0781,-0.4186,0.6755,0.9712
Nedd8,Nedd8,2807.7539,-0.0777,0.0758,-1.0246,0.3055,0.9167
Nedd9,Nedd9,3216.1356,-0.0202,0.1206,-0.1678,0.8667,0.9906
Nefh,Nefh,8.05,0.1375,0.5876,0.234,0.815,
Nefl,Nefl,513.5619,-0.8876,0.2158,-4.1129,0,0.0421
Nefm,Nefm,94.2836,-0.4396,0.2195,-2.0027,0.0452,0.7227
Negr1,Negr1,16.6546,-0.1293,0.5658,-0.2286,0.8192,
Neil1,Neil1,340.6245,-0.0575,0.099,-0.5806,0.5615,0.9579
Neil2,Neil2,0.879,-0.2046,1.5269,-0.134,0.8934,
Neil3,Neil3,373.4721,0.0143,0.1836,0.0779,0.9379,0.9971
Nek1,Nek1,636.2535,0.0457,0.2121,0.2156,0.8293,0.9906
Nek10,Nek10,3.264,0.2163,0.8759,0.2469,0.805,
Nek11,Nek11,5.4886,-0.797,0.6222,-1.2809,0.2002,
Nek2,Nek2,1358.7289,-0.2235,0.1482,-1.5087,0.1314,0.826
Nek3,Nek3,192.8831,-0.1012,0.1237,-0.8185,0.4131,0.9399
Nek4,Nek4,535.8671,0.1401,0.0792,1.7687,0.077,0.7682
Nek5,Nek5,0.4796,1.4535,2.3454,0.6197,0.5354,
Nek6,Nek6,1917.2368,0.0359,0.0731,0.4901,0.624,0.9673
Nek7,Nek7,4129.8901,0.1591,0.109,1.4596,0.1444,0.8417
Nek8,Nek8,400.8085,-0.0438,0.0801,-0.5472,0.5842,0.964
Nek9,Nek9,6234.0953,0.0323,0.0803,0.4019,0.6877,0.9717
Nelfa,Nelfa,1034.7375,0.0546,0.06,0.9102,0.3627,0.9295
Nelfb,Nelfb,2250.3974,-0.0213,0.0517,-0.4121,0.6802,0.9717
Nelfcd,Nelfcd,1402.5446,-0.0831,0.0758,-1.0968,0.2727,0.9034
Nelfe,Nelfe,1341.8834,-0.0004,0.073,-0.0052,0.9958,0.9995
Nell2,Nell2,10.7967,-0.2539,0.4729,-0.5369,0.5914,
Nemf,Nemf,732.7828,0.1676,0.1362,1.2306,0.2185,0.8877
Nenf,Nenf,1543.6114,0.0744,0.1176,0.6329,0.5268,0.9565
Neo1,Neo1,3835.8931,0.0537,0.0973,0.5522,0.5808,0.9635
Nepn,Nepn,1.8445,-0.9432,1.0855,-0.8689,0.3849,
Nes,Nes,40184.9774,-0.081,0.0685,-1.182,0.2372,0.8923
Nespas,Nespas,11.9443,0.0145,0.4032,0.0359,0.9713,
Net1,Net1,4872.3236,0.1755,0.0918,1.9116,0.0559,0.743
Neto2,Neto2,25.8932,0.0458,0.2996,0.1527,0.8786,0.9914
Neu1,Neu1,1093.4974,-0.1501,0.1083,-1.3859,0.1658,0.8598
Neu2,Neu2,44.3015,-0.0682,0.2178,-0.3133,0.754,0.9849
Neu3,Neu3,148.224,0.3691,0.119,3.101,0.0019,0.309
Neurl1a,Neurl1a,2955.3338,-0.1973,0.121,-1.6311,0.1029,0.7956
Neurl1b,Neurl1b,272.9881,-0.159,0.1748,-0.9094,0.3631,0.9295
Neurl2,Neurl2,119.0832,-0.2855,0.2335,-1.2227,0.2214,0.8877
Neurl3,Neurl3,92.8568,0.0073,0.207,0.0351,0.972,0.9974
Neurl4,Neurl4,1769.6135,-0.1019,0.0535,-1.9053,0.0567,0.7442
Nexn,Nexn,909.4292,0.1189,0.1292,0.92,0.3576,0.9295
Nf1,Nf1,1663.6848,0.0137,0.1419,0.0967,0.923,0.9957
Nf2,Nf2,4320.2046,-0.0681,0.0494,-1.3797,0.1677,0.8614
Nfam1,Nfam1,0.5881,0.9155,2.2022,0.4157,0.6776,
Nfat5,Nfat5,3292.1515,0.1299,0.1941,0.6691,0.5035,0.9515
Nfatc1,Nfatc1,1288.8725,0.0442,0.089,0.4966,0.6194,0.966
Nfatc2,Nfatc2,30.7107,-0.5704,0.3634,-1.5696,0.1165,0.8127
Nfatc2ip,Nfatc2ip,409.5515,-0.0527,0.1059,-0.4974,0.6189,0.966
Nfatc3,Nfatc3,2164.7817,0.0826,0.0909,0.909,0.3633,0.9295
Nfatc4,Nfatc4,1264.7865,0.1591,0.0848,1.8748,0.0608,0.7507
Nfe2,Nfe2,5.3877,-0.3622,0.6242,-0.5803,0.5617,
Nfe2l1,Nfe2l1,19883.4063,0.0757,0.1187,0.6375,0.5238,0.9556
Nfe2l2,Nfe2l2,5649.2238,0.0514,0.0852,0.6034,0.5463,0.9571
Nfe2l3,Nfe2l3,6.5414,0.2482,0.6387,0.3886,0.6976,
Nfia,Nfia,27.9114,0.0689,0.2771,0.2486,0.8037,0.9871
Nfib,Nfib,1538.3483,-0.0077,0.1819,-0.0425,0.9661,0.9974
Nfic,Nfic,11826.1448,0.0738,0.0496,1.4897,0.1363,0.8275
Nfil3,Nfil3,1498.2153,-0.133,0.1187,-1.1212,0.2622,0.8977
Nfix,Nfix,14737.9687,0.0789,0.0725,1.0883,0.2764,0.9074
Nfkb1,Nfkb1,4562.8013,0.034,0.0698,0.4866,0.6265,0.9673
Nfkb2,Nfkb2,3222.0938,0.004,0.0591,0.0677,0.946,0.9971
Nfkbia,Nfkbia,1437.4922,0.0846,0.0934,0.906,0.365,0.9295
Nfkbib,Nfkbib,522.6651,-0.1459,0.0732,-1.9941,0.0461,0.7227
Nfkbid,Nfkbid,10.5014,0.2333,0.433,0.5388,0.59,
Nfkbie,Nfkbie,997.3539,0.1388,0.1214,1.143,0.253,0.893
Nfkbil1,Nfkbil1,496.0403,-0.1844,0.0885,-2.0849,0.0371,0.687
Nfkbiz,Nfkbiz,1685.4756,0.0881,0.1058,0.8331,0.4048,0.9365
Nfrkb,Nfrkb,966.2834,0.0161,0.0665,0.2418,0.8089,0.9882
Nfs1,Nfs1,1614.4239,0.0262,0.0906,0.2898,0.772,0.985
Nfu1,Nfu1,1351.132,-0.0844,0.077,-1.0953,0.2734,0.904
Nfx1,Nfx1,3122.9954,-0.0165,0.0549,-0.3012,0.7632,0.9849
Nfxl1,Nfxl1,704.5229,0.0065,0.1046,0.0617,0.9508,0.9974
Nfya,Nfya,1716.5957,0.0119,0.0731,0.1626,0.8708,0.9906
Nfyb,Nfyb,1007.0631,0.0338,0.0911,0.3717,0.7101,0.9751
Nfyc,Nfyc,1274.8828,-0.0677,0.1116,-0.6069,0.5439,0.9571
Ngb,Ngb,1.4441,-0.2519,1.122,-0.2245,0.8223,
Ngdn,Ngdn,1035.9103,-0.0596,0.0695,-0.8577,0.3911,0.9331
Ngef,Ngef,1052.0677,-0.058,0.1196,-0.4845,0.6281,0.9673
Ngf,Ngf,106.1881,0.1644,0.1572,1.0454,0.2958,0.9119
Ngfr,Ngfr,10.0348,-0.4102,0.4511,-0.9093,0.3632,
Ngfrap1,Ngfrap1,1697.3796,-0.0087,0.092,-0.0945,0.9247,0.9957
Ngly1,Ngly1,994.6527,0.0546,0.0845,0.6468,0.5178,0.9549
Ngrn,Ngrn,1006.9646,-0.1109,0.0981,-1.1302,0.2584,0.8966
Nhej1,Nhej1,80.201,-0.0179,0.1915,-0.0932,0.9257,0.9957
Nhlh2,Nhlh2,1.249,0.506,1.7752,0.285,0.7756,
Nhlrc1,Nhlrc1,41.7392,-0.3214,0.2233,-1.4396,0.15,0.8444
Nhlrc2,Nhlrc2,854.4803,0.003,0.0809,0.0375,0.9701,0.9974
Nhlrc3,Nhlrc3,245.9591,-0.0641,0.1106,-0.5799,0.562,0.9579
Nhlrc4,Nhlrc4,38.5303,-0.1464,0.2418,-0.6055,0.5449,0.9571
Nhp2,Nhp2,1310.626,-0.0757,0.1073,-0.7052,0.4807,0.9506
Nhp2l1,Nhp2l1,3873.5334,0.0855,0.1472,0.5805,0.5616,0.9579
Nhs,Nhs,37.2424,0.3595,0.3487,1.0308,0.3026,0.9164
Nhsl1,Nhsl1,1739.1883,-0.1991,0.1193,-1.6687,0.0952,0.7876
Nhsl2,Nhsl2,36.41,-0.105,0.2792,-0.3761,0.7068,0.9744
Nicn1,Nicn1,1147.367,-0.0396,0.0621,-0.6383,0.5233,0.9556
Nid1,Nid1,14866.5451,0.069,0.0835,0.8261,0.4087,0.9377
Nid2,Nid2,22186.2757,0.2773,0.0685,4.0457,0.0001,0.0463
Nif3l1,Nif3l1,1257.7641,-0.0056,0.0711,-0.0787,0.9373,0.9971
Nifk,Nifk,2579.6471,-0.0499,0.0616,-0.8104,0.4177,0.94
Nim1k,Nim1k,26.9101,0.3206,0.3124,1.0263,0.3047,0.9164
Nin,Nin,1013.6859,0.073,0.172,0.4242,0.6715,0.9705
Ninj1,Ninj1,794.1081,-0.1458,0.0838,-1.7402,0.0818,0.7744
Ninj2,Ninj2,1.6323,-1.4619,1.2259,-1.1925,0.2331,
Ninl,Ninl,522.9913,0.1989,0.0897,2.2167,0.0266,0.6363
Nip7,Nip7,1615.6565,-0.1347,0.0792,-1.7014,0.0889,0.7829
Nipa1,Nipa1,256.3444,-0.0653,0.1039,-0.6288,0.5295,0.9568
Nipa2,Nipa2,984.8778,0.0147,0.067,0.2188,0.8268,0.9905
Nipal1,Nipal1,60.8068,0.2796,0.244,1.146,0.2518,0.893
Nipal2,Nipal2,0.7756,-1.1415,1.5372,-0.7426,0.4577,
Nipal3,Nipal3,203.319,0.1042,0.1334,0.7811,0.4347,0.9453
Nipal4,Nipal4,18.338,-0.1167,0.3204,-0.3642,0.7157,
Nipbl,Nipbl,1254.2264,0.3054,0.1533,1.9921,0.0464,0.7227
Nipsnap1,Nipsnap1,367.4225,0.0221,0.0884,0.2496,0.8029,0.9871
Nipsnap3b,Nipsnap3b,829.3902,-0.0445,0.0668,-0.6665,0.5051,0.9515
Nisch,Nisch,19864.4265,0.009,0.0493,0.1824,0.8553,0.9906
Nit1,Nit1,660.8574,0.072,0.0848,0.8489,0.396,0.9341
Nit2,Nit2,715.8485,0.052,0.0908,0.5723,0.5671,0.9592
Nkain1,Nkain1,2351.3708,-0.1125,0.0909,-1.2367,0.2162,0.8877
Nkain2,Nkain2,15.5384,0.1985,0.4236,0.4685,0.6394,
Nkain3,Nkain3,0.7781,-1.1954,2.2281,-0.5365,0.5916,
Nkain4,Nkain4,0.391,0.1552,2.5008,0.0621,0.9505,
Nkap,Nkap,609.2464,0.0734,0.1286,0.5711,0.5679,0.9592
Nkapl,Nkapl,3.7766,-1.13,0.8837,-1.2787,0.201,
Nkd1,Nkd1,4.3055,0.1503,0.8132,0.1849,0.8533,
Nkd2,Nkd2,1597.961,0.2064,0.0815,2.533,0.0113,0.5139
Nkiras1,Nkiras1,475.849,-0.1049,0.0839,-1.249,0.2117,0.8875
Nkiras2,Nkiras2,443.726,-0.1147,0.0886,-1.2946,0.1955,0.8802
Nkpd1,Nkpd1,1.0707,0.7594,1.4798,0.5131,0.6079,
Nkrf,Nkrf,427.3459,-0.0007,0.1485,-0.0045,0.9964,0.9995
Nktr,Nktr,1818.0918,0.0843,0.1736,0.4854,0.6274,0.9673
Nkx2-3,Nkx2-3,5.2948,0.0988,0.6428,0.1537,0.8779,
Nkx2-5,Nkx2-5,11.6658,-0.3233,0.4191,-0.7715,0.4404,
Nkx3-2,Nkx3-2,13.4503,0.1729,0.3946,0.4383,0.6612,
Nkx6-3,Nkx6-3,4.9129,0.101,0.6274,0.161,0.8721,
Nle1,Nle1,556.8606,-0.0221,0.0861,-0.2572,0.7971,0.9871
Nlgn2,Nlgn2,2361.5274,0.0053,0.0882,0.0606,0.9517,0.9974
Nlgn3,Nlgn3,8.7196,0.0947,0.5227,0.1811,0.8563,
Nlk,Nlk,568.4603,0.1302,0.0777,1.6764,0.0937,0.7872
Nln,Nln,1244.1705,0.0713,0.0696,1.0257,0.305,0.9164
Nlrc3,Nlrc3,93.1933,-0.2097,0.1579,-1.3282,0.1841,0.8729
Nlrc4,Nlrc4,0.9456,-0.7594,2.1885,-0.347,0.7286,
Nlrc5,Nlrc5,52.4189,-0.6439,0.2411,-2.67,0.0076,0.4412
Nlrp10,Nlrp10,9.0574,-1.2778,0.5768,-2.2153,0.0267,
Nlrp1b,Nlrp1b,0.3846,0.9702,2.4712,0.3926,0.6946,
Nlrp3,Nlrp3,4.3215,-0.4943,0.7833,-0.6311,0.528,
Nlrp4e,Nlrp4e,8.3591,0.2185,0.5176,0.4222,0.6728,
Nlrp5,Nlrp5,0.3846,-1.8819,2.44,-0.7713,0.4405,
Nlrx1,Nlrx1,546.3039,0.0138,0.072,0.1916,0.848,0.9906
Nmb,Nmb,29.7536,0.0904,0.2599,0.3479,0.7279,0.9796
Nmbr,Nmbr,0.7752,-0.4531,1.8838,-0.2405,0.8099,
Nmd3,Nmd3,1691.3175,-0.0079,0.0924,-0.0854,0.9319,0.9957
Nme1,Nme1,3286.8126,-0.1364,0.0886,-1.5403,0.1235,0.8143
Nme2,Nme2,10526.2393,-0.136,0.0614,-2.216,0.0267,0.6363
Nme3,Nme3,210.3145,-0.0883,0.1295,-0.6816,0.4955,0.9515
Nme4,Nme4,299.1699,-0.0348,0.0971,-0.3587,0.7199,0.9784
Nme5,Nme5,54.284,-0.0596,0.2075,-0.2871,0.774,0.985
Nme6,Nme6,343.955,-0.0816,0.0909,-0.8986,0.3689,0.9295
Nme7,Nme7,687.5229,-0.0283,0.0823,-0.3441,0.7308,0.98
Nmi,Nmi,97.6787,0.1845,0.1535,1.202,0.2294,0.8914
Nmnat1,Nmnat1,250.306,-0.1265,0.119,-1.063,0.2878,0.9079
Nmnat2,Nmnat2,632.014,-0.1583,0.1003,-1.5781,0.1145,0.8127
Nmnat3,Nmnat3,93.5712,0.0196,0.1658,0.1182,0.9059,0.9939
Nmral1,Nmral1,386.2695,-0.1252,0.096,-1.3047,0.192,0.8743
Nmrk1,Nmrk1,144.3166,-0.2184,0.1234,-1.7703,0.0767,0.7682
Nmrk2,Nmrk2,303.2527,-0.3134,0.2102,-1.4905,0.1361,0.827
Nmt1,Nmt1,5061.7275,-0.0419,0.0679,-0.6175,0.5369,0.9571
Nmt2,Nmt2,1440.5437,0.0219,0.084,0.2605,0.7945,0.9871
Nmu,Nmu,0.4892,1.6046,2.3024,0.6969,0.4859,
Nnat,Nnat,10.7101,-0.1645,0.4441,-0.3703,0.7111,
Nnmt,Nnmt,292.4673,-0.0442,0.1004,-0.4409,0.6593,0.9702
Nnt,Nnt,2632.4741,-0.078,0.0573,-1.3623,0.1731,0.8614
Noa1,Noa1,748.7084,-0.1134,0.1063,-1.0668,0.2861,0.9079
Nob1,Nob1,1123.869,-0.0565,0.0837,-0.6755,0.4994,0.9515
Nobox,Nobox,2.1207,0.5226,0.9442,0.5535,0.5799,
Noc2l,Noc2l,2070.4046,-0.0254,0.0942,-0.2693,0.7877,0.9865
Noc3l,Noc3l,776.9374,0.0701,0.0868,0.8071,0.4196,0.94
Noc4l,Noc4l,1284.4291,-0.0378,0.0684,-0.5526,0.5806,0.9634
Nod1,Nod1,1020.0448,0.0232,0.073,0.3174,0.751,0.9843
Nod2,Nod2,591.3073,0.157,0.1838,0.8545,0.3928,0.9341
Nog,Nog,21.4284,-0.2589,0.3225,-0.8027,0.4222,0.9412
Nol10,Nol10,1478.7584,0.0338,0.0949,0.3559,0.7219,0.9788
Nol11,Nol11,1970.2546,0.0732,0.0626,1.1693,0.2423,0.8923
Nol12,Nol12,1468.833,-0.0765,0.0667,-1.1483,0.2508,0.8927
Nol3,Nol3,1108.4172,-0.0203,0.0697,-0.2911,0.771,0.985
Nol4,Nol4,137.0044,-0.1878,0.1627,-1.1544,0.2483,0.8923
Nol4l,Nol4l,107.7483,0.285,0.2049,1.3908,0.1643,0.8598
Nol6,Nol6,2005.9602,0.0736,0.1012,0.7275,0.4669,0.9483
Nol7,Nol7,1323.5892,-0.0047,0.063,-0.0746,0.9405,0.9971
Nol8,Nol8,324.5848,0.1634,0.1639,0.9971,0.3187,0.9177
Nol9,Nol9,2139.0955,-0.0084,0.0732,-0.1151,0.9083,0.9939
Nolc1,Nolc1,3255.9791,0.0658,0.0776,0.8481,0.3964,0.9346
Nom1,Nom1,1483.8957,0.0488,0.0785,0.6226,0.5336,0.9571
Nomo1,Nomo1,4559.1504,0.006,0.0595,0.1008,0.9197,0.9956
Nono,Nono,13304.9393,-0.0729,0.063,-1.1566,0.2474,0.8923
Nop10,Nop10,1198.7508,-0.014,0.0841,-0.1663,0.8679,0.9906
Nop14,Nop14,1470.4218,0.1356,0.0745,1.8201,0.0687,0.7617
Nop16,Nop16,1470.833,-0.0801,0.1107,-0.7237,0.4693,0.9483
Nop2,Nop2,2734.2067,-0.0406,0.0867,-0.4686,0.6394,0.9681
Nop56,Nop56,3584.9158,-0.0408,0.0841,-0.4852,0.6276,0.9673
Nop58,Nop58,1740.4591,0.0503,0.143,0.352,0.7249,0.9796
Nop9,Nop9,1479.8077,0.0029,0.0775,0.0369,0.9705,0.9974
Nos1,Nos1,104.1698,-0.3704,0.1881,-1.9698,0.0489,0.7227
Nos1ap,Nos1ap,4.1243,0.2072,0.7207,0.2876,0.7737,
Nos2,Nos2,106.6512,-1.0261,0.6207,-1.6531,0.0983,0.7891
Nos3,Nos3,21.5101,0.3548,0.3147,1.1273,0.2596,0.8968
Nosip,Nosip,1196.9561,-0.0715,0.0775,-0.9231,0.356,0.9295
Nostrin,Nostrin,4.0602,-0.6483,0.7042,-0.9206,0.3573,
Notch1,Notch1,1852.6018,-0.0709,0.0799,-0.8872,0.375,0.9295
Notch2,Notch2,7526.2594,0.0854,0.0755,1.1307,0.2582,0.8966
Notch3,Notch3,5148.9927,-0.1487,0.0958,-1.5523,0.1206,0.8127
Notch4,Notch4,20.325,-0.0614,0.3068,-0.2002,0.8413,
Notum,Notum,51.2973,-0.3132,0.2893,-1.0827,0.279,0.9074
Nov,Nov,642.955,-0.6402,0.3969,-1.6128,0.1068,0.8019
Nova2,Nova2,4.6313,-1.2658,0.739,-1.7129,0.0867,
Nox1,Nox1,0.8822,-1.5031,1.5944,-0.9428,0.3458,
Nox4,Nox4,296.758,-0.0395,0.214,-0.1846,0.8536,0.9906
Noxo1,Noxo1,68.19,-0.0416,0.1778,-0.2339,0.815,0.9889
Noxred1,Noxred1,5.3225,-0.5016,0.678,-0.7398,0.4594,
Npas1,Npas1,5.8848,-0.2223,0.5854,-0.3797,0.7042,
Npas2,Npas2,44.8031,-0.3785,0.2978,-1.2713,0.2036,0.8847
Npas3,Npas3,15.5579,-0.0045,0.3886,-0.0115,0.9908,
Npas4,Npas4,38.9396,0.2394,0.2587,0.9254,0.3548,0.9293
Npat,Npat,639.948,0.087,0.1383,0.6291,0.5293,0.9568
Npb,Npb,3.3529,0.5967,0.8781,0.6796,0.4968,
Npc1,Npc1,2053.5502,-0.0434,0.1225,-0.354,0.7234,0.9788
Npc1l1,Npc1l1,4.5308,0.5599,0.6565,0.8528,0.3938,
Npc2,Npc2,15995.9531,-0.0328,0.0906,-0.3626,0.7169,0.9774
Npdc1,Npdc1,4241.4623,-0.0561,0.06,-0.9356,0.3495,0.9271
Npepl1,Npepl1,1529.2107,-0.0378,0.0618,-0.6124,0.5403,0.9571
Npepps,Npepps,5597.4908,0.0024,0.0585,0.0408,0.9675,0.9974
Npff,Npff,23.0469,0.5293,0.308,1.7185,0.0857,0.7807
Nphp1,Nphp1,1310.3004,0.0323,0.0575,0.561,0.5748,0.9614
Nphp3,Nphp3,470.7139,0.1903,0.1048,1.8153,0.0695,0.7617
Nphp4,Nphp4,175.3305,0.1261,0.1318,0.9561,0.339,0.9244
Nphs2,Nphs2,6.1713,-1.2932,0.6455,-2.0035,0.0451,
Npl,Npl,0.9705,-2.4212,1.5061,-1.6076,0.1079,
Nploc4,Nploc4,5265.1299,-0.0047,0.0707,-0.066,0.9474,0.9974
Npm1,Npm1,13912.5285,0.0872,0.0809,1.0784,0.2809,0.9074
Npm2,Npm2,7.3101,0.5452,0.5154,1.0578,0.2902,
Npm3,Npm3,1079.2504,-0.0216,0.1009,-0.2143,0.8303,0.9906
Npm3-ps1,Npm3-ps1,13.9059,-0.112,0.405,-0.2764,0.7822,
Npnt,Npnt,4843.9492,-0.0787,0.1304,-0.6035,0.5462,0.9571
Nppa,Nppa,1.1675,1.5226,1.452,1.0486,0.2944,
Nppb,Nppb,10.3277,-0.6972,0.4626,-1.5071,0.1318,
Nppc,Nppc,7.8154,0.7203,0.5638,1.2776,0.2014,
Npr1,Npr1,5.9838,-0.0783,0.6168,-0.127,0.899,
Npr2,Npr2,1987.7551,0.0555,0.0691,0.8027,0.4222,0.9412
Npr3,Npr3,97.6258,0.1987,0.3328,0.597,0.5505,0.9571
Nprl2,Nprl2,526.7413,0.1108,0.0975,1.1369,0.2556,0.8935
Nprl3,Nprl3,903.4977,0.028,0.0806,0.3473,0.7283,0.9796
Nps,Nps,1.264,0.1966,1.2435,0.1581,0.8744,
Npsr1,Npsr1,0.5772,-0.2313,1.9728,-0.1172,0.9067,
Nptn,Nptn,12732.4087,0.0226,0.0365,0.6202,0.5351,0.9571
Nptx1,Nptx1,1158.2197,-0.2737,0.1795,-1.5246,0.1273,0.8196
Nptxr,Nptxr,34.7391,-0.1549,0.3668,-0.4224,0.6728,0.971
Npw,Npw,2.4118,-1.3901,1.0133,-1.3719,0.1701,
Npy1r,Npy1r,56.8078,-0.2014,0.3063,-0.6576,0.5108,0.9529
Npy4r,Npy4r,5.3257,-0.2616,0.6716,-0.3896,0.6968,
Npy5r,Npy5r,1.843,0.7131,1.1801,0.6043,0.5457,
Nqo1,Nqo1,684.2599,0.3335,0.1917,1.74,0.0819,0.7744
Nqo2,Nqo2,1259.3303,0.0165,0.0669,0.2461,0.8056,0.9876
Nr1d1,Nr1d1,2613.163,0.2214,0.1897,1.1666,0.2434,0.8923
Nr1d2,Nr1d2,1389.356,0.097,0.127,0.7633,0.4453,0.9455
Nr1h2,Nr1h2,1718.1628,-0.0795,0.0782,-1.0165,0.3094,0.9169
Nr1h3,Nr1h3,83.4788,-0.0407,0.1959,-0.2076,0.8356,0.9906
Nr1h4,Nr1h4,1.4362,0.5184,1.1503,0.4506,0.6522,
Nr1h5,Nr1h5,19.6061,0.0443,0.3389,0.1307,0.896,
Nr1i2,Nr1i2,1.5312,1.9023,1.3933,1.3654,0.1721,
Nr1i3,Nr1i3,2.7186,-1.4845,0.9133,-1.6254,0.1041,
Nr2c1,Nr2c1,1016.102,0.0527,0.0648,0.8131,0.4161,0.94
Nr2c2,Nr2c2,792.2593,0.1432,0.0964,1.4853,0.1375,0.8296
Nr2c2ap,Nr2c2ap,29.3345,-0.0926,0.299,-0.3098,0.7567,0.9849
Nr2f1,Nr2f1,258.4552,0.1336,0.1465,0.912,0.3618,0.9295
Nr2f2,Nr2f2,779.0697,0.1187,0.0961,1.2344,0.217,0.8877
Nr2f6,Nr2f6,1611.8243,-0.1103,0.074,-1.4903,0.1362,0.827
Nr3c1,Nr3c1,2826.14,0.1032,0.1652,0.6244,0.5324,0.9571
Nr3c2,Nr3c2,11.9332,-0.5654,0.4896,-1.1549,0.2481,
Nr4a1,Nr4a1,541.0976,0.1388,0.0894,1.5524,0.1206,0.8127
Nr4a2,Nr4a2,181.2095,0.2008,0.1246,1.6116,0.107,0.8024
Nr4a3,Nr4a3,36.2448,0.1135,0.2671,0.4248,0.671,0.9703
Nr5a1,Nr5a1,0.9707,-3.3001,1.5669,-2.1062,0.0352,
Nr6a1,Nr6a1,238.0573,0.1614,0.1497,1.0783,0.2809,0.9074
Nradd,Nradd,1408.4434,-0.051,0.0836,-0.6102,0.5418,0.9571
Nrap,Nrap,1568.7428,-0.1408,0.103,-1.3664,0.1718,0.8614
Nrarp,Nrarp,45.9825,-0.4859,0.2302,-2.1114,0.0347,0.6753
Nras,Nras,3570.2966,-0.0511,0.0589,-0.8686,0.3851,0.9315
Nrbf2,Nrbf2,951.0457,0.2188,0.1017,2.1517,0.0314,0.6516
Nrbp1,Nrbp1,4392.0812,-0.0414,0.0621,-0.666,0.5054,0.9515
Nrbp2,Nrbp2,484.4472,0.038,0.0876,0.4342,0.6642,0.9702
Nrcam,Nrcam,15.79,0.636,0.3892,1.634,0.1022,
Nrd1,Nrd1,5000.7879,0.0035,0.0474,0.0745,0.9406,0.9971
Nrde2,Nrde2,711.4569,-0.0177,0.091,-0.1946,0.8457,0.9906
Nrep,Nrep,3098.5547,-0.0344,0.0868,-0.3962,0.6919,0.9731
Nrf1,Nrf1,1110.6843,-0.1092,0.0789,-1.3831,0.1666,0.8612
Nrg1,Nrg1,415.3467,-0.0017,0.1302,-0.0134,0.9893,0.9993
Nrg2,Nrg2,0.7601,-0.2582,1.7796,-0.1451,0.8847,
Nrg4,Nrg4,10.1168,0.2383,0.4396,0.5421,0.5878,
Nrgn,Nrgn,0.2925,-0.4548,2.6319,-0.1728,0.8628,
Nrip1,Nrip1,294.8388,0.104,0.2265,0.4592,0.6461,0.9684
Nrip2,Nrip2,26.9598,-0.2265,0.3296,-0.6871,0.492,0.9515
Nrip3,Nrip3,3.7799,-1.3533,0.7809,-1.7331,0.0831,
Nrk,Nrk,1.2666,-1.2818,1.3662,-0.9383,0.3481,
Nrm,Nrm,445.9818,-0.1339,0.1264,-1.0594,0.2894,0.9079
Nrn1,Nrn1,519.4841,-0.046,0.1372,-0.3351,0.7375,0.9815
Nrn1l,Nrn1l,3.3866,0.5076,0.7726,0.657,0.5112,
Nron,Nron,0.9582,2.5908,2.0576,1.2591,0.208,
Nrp,Nrp,10.0852,-0.1704,0.4725,-0.3607,0.7183,
Nrp1,Nrp1,2591.3007,0.0982,0.1374,0.7153,0.4744,0.949
Nrp2,Nrp2,6755.9453,0.1236,0.0459,2.6963,0.007,0.4351
Nrros,Nrros,1.2542,0.3417,1.3614,0.251,0.8018,
Nrsn1,Nrsn1,0.5713,-1.1272,1.984,-0.5681,0.5699,
Nrtn,Nrtn,6.6451,-0.3055,0.6485,-0.4712,0.6375,
Nrxn1,Nrxn1,0.6698,0.9313,1.7816,0.5227,0.6012,
Nrxn3,Nrxn3,55.5605,-0.3701,0.2,-1.8505,0.0642,0.7571
Nsa2,Nsa2,4634.5912,0.0776,0.0723,1.0729,0.2833,0.9074
Nsd1,Nsd1,3337.1543,0.0985,0.0872,1.1294,0.2587,0.8966
Nsdhl,Nsdhl,2512.8822,-0.166,0.0671,-2.4756,0.0133,0.5435
Nsf,Nsf,1807.0958,0.0603,0.0524,1.1511,0.2497,0.8923
Nsfl1c,Nsfl1c,3091.8428,-0.0706,0.0797,-0.885,0.3762,0.9295
Nsg1,Nsg1,5797.629,0.1487,0.0916,1.6227,0.1046,0.8
Nsg2,Nsg2,1.0552,0.2437,1.5634,0.1559,0.8761,
Nsl1,Nsl1,371.4911,-0.1132,0.1722,-0.6575,0.5109,0.9529
Nsmaf,Nsmaf,1481.4974,0.0035,0.0608,0.0577,0.954,0.9974
Nsmce1,Nsmce1,834.3913,-0.1704,0.0784,-2.1722,0.0298,0.6434
Nsmce2,Nsmce2,1856.1913,-0.0479,0.0507,-0.9461,0.3441,0.9246
Nsmce4a,Nsmce4a,1314.876,0,0.0653,-0.0005,0.9996,0.9999
Nsmf,Nsmf,1864.0956,0.003,0.0482,0.0628,0.95,0.9974
Nsun2,Nsun2,4734.083,-0.0478,0.0671,-0.7131,0.4758,0.949
Nsun3,Nsun3,105.9619,0.2639,0.1505,1.7531,0.0796,0.7694
Nsun4,Nsun4,973.964,-0.0556,0.0729,-0.7618,0.4462,0.9455
Nsun5,Nsun5,439.4221,0.0069,0.0908,0.0759,0.9395,0.9971
Nsun6,Nsun6,202.1841,0.0315,0.1068,0.2946,0.7683,0.985
Nsun7,Nsun7,6.1562,-0.0513,0.5677,-0.0904,0.928,
Nt5c,Nt5c,893.1254,-0.0831,0.0678,-1.225,0.2206,0.8877
Nt5c1b,Nt5c1b,0.2927,0.8437,2.6285,0.321,0.7482,
Nt5c2,Nt5c2,2186.8796,-0.0608,0.0567,-1.0725,0.2835,0.9074
Nt5c3,Nt5c3,845.0354,0.027,0.0794,0.3395,0.7342,0.9803
Nt5c3b,Nt5c3b,1149.6316,0.0065,0.0617,0.1057,0.9158,0.995
Nt5dc1,Nt5dc1,585.3027,0.0562,0.1085,0.5175,0.6048,0.966
Nt5dc2,Nt5dc2,5776.8114,0.0273,0.1047,0.2606,0.7944,0.9871
Nt5dc3,Nt5dc3,2015.5375,-0.0261,0.0677,-0.3857,0.6997,0.9737
Nt5e,Nt5e,709.5111,0.001,0.1589,0.0065,0.9948,0.9993
Nt5m,Nt5m,520.7448,0.0378,0.0739,0.5115,0.609,0.966
Ntan1,Ntan1,904.1646,0.0894,0.1445,0.6187,0.5361,0.9571
Ntf5,Ntf5,23.4926,-0.6047,0.3393,-1.7823,0.0747,0.7682
Nthl1,Nthl1,259.573,0.0573,0.1021,0.5611,0.5747,0.9614
Ntmt1,Ntmt1,964.5761,-0.0591,0.0953,-0.6207,0.5348,0.9571
Ntn1,Ntn1,4408.6679,-0.2559,0.1674,-1.5284,0.1264,0.8164
Ntn3,Ntn3,17.0087,-0.0362,0.382,-0.0947,0.9246,
Ntn4,Ntn4,669.9584,0.0062,0.0752,0.0828,0.934,0.9964
Ntn5,Ntn5,41.6436,-0.266,0.2235,-1.19,0.234,0.8923
Ntng2,Ntng2,31.6631,-0.2493,0.3509,-0.7106,0.4773,0.949
Ntpcr,Ntpcr,319.33,0.105,0.0989,1.0617,0.2884,0.9079
Ntrk3,Ntrk3,12.013,-0.2341,0.4145,-0.5647,0.5723,
Ntsr1,Ntsr1,0.2941,0.8438,2.6255,0.3214,0.7479,
Ntsr2,Ntsr2,3.2371,-0.727,1.1099,-0.655,0.5125,
Nuak1,Nuak1,3492.6183,-0.0488,0.1004,-0.4862,0.6269,0.9673
Nuak2,Nuak2,512.6584,0.0272,0.103,0.264,0.7918,0.9865
Nub1,Nub1,3212.8206,0.0861,0.066,1.3058,0.1916,0.8743
Nubp1,Nubp1,719.3101,0.011,0.1498,0.0737,0.9413,0.9971
Nubp2,Nubp2,1127.9236,-0.1049,0.0806,-1.3026,0.1927,0.8758
Nubpl,Nubpl,459.8032,-0.0574,0.0747,-0.7683,0.4423,0.9455
Nucb1,Nucb1,8044.894,0.0018,0.0751,0.0241,0.9807,0.9983
Nucb2,Nucb2,1360.4277,0.0471,0.0874,0.5388,0.59,0.964
Nucks1,Nucks1,7014.0092,0.0288,0.1225,0.2353,0.8139,0.9889
Nudc,Nudc,3127.8044,-0.0816,0.0658,-1.2404,0.2148,0.8877
Nudcd1,Nudcd1,1570.7223,0.0439,0.1117,0.3925,0.6947,0.9731
Nudcd2,Nudcd2,2430.0458,0.0474,0.0955,0.4965,0.6196,0.966
Nudcd3,Nudcd3,5630.6085,-0.0304,0.0649,-0.4689,0.6391,0.9681
Nudt1,Nudt1,194.7614,-0.0892,0.1481,-0.6023,0.547,0.9571
Nudt12,Nudt12,60.3269,0.5776,0.198,2.9177,0.0035,0.3479
Nudt13,Nudt13,381.201,0.0935,0.1098,0.8519,0.3942,0.9341
Nudt14,Nudt14,679.7398,-0.0438,0.0775,-0.5643,0.5725,0.9614
Nudt15,Nudt15,48.5016,-0.0388,0.4115,-0.0942,0.9249,0.9957
Nudt16,Nudt16,280.6405,-0.0103,0.1034,-0.0996,0.9206,0.9957
Nudt16l1,Nudt16l1,671.7842,0.0558,0.0924,0.6036,0.5461,0.9571
Nudt17,Nudt17,117.814,-0.3867,0.1502,-2.5741,0.01,0.4961
Nudt18,Nudt18,799.649,-0.1848,0.0707,-2.6157,0.0089,0.4706
Nudt19,Nudt19,763.3056,0.0521,0.0686,0.7594,0.4476,0.9455
Nudt2,Nudt2,746.0081,-0.133,0.0685,-1.9405,0.0523,0.7276
Nudt21,Nudt21,2970.5582,-0.0339,0.1018,-0.333,0.7391,0.9825
Nudt22,Nudt22,320.9894,0.0905,0.1325,0.683,0.4946,0.9515
Nudt3,Nudt3,3065.5264,-0.0635,0.0617,-1.0284,0.3038,0.9164
Nudt4,Nudt4,10743.1805,0.0097,0.0655,0.1483,0.8821,0.9914
Nudt5,Nudt5,1052.6021,-0.0152,0.0805,-0.1891,0.85,0.9906
Nudt6,Nudt6,246.3783,-0.1387,0.1136,-1.2208,0.2221,0.8877
Nudt7,Nudt7,1.5417,-0.5733,1.1264,-0.509,0.6108,
Nudt8,Nudt8,291.0062,0.0331,0.1339,0.2475,0.8045,0.9874
Nudt9,Nudt9,2337.5632,-0.0186,0.0766,-0.2432,0.8078,0.9881
Nuf2,Nuf2,1488.5653,-0.1551,0.1842,-0.8419,0.3999,0.9354
Nufip1,Nufip1,800.7731,-0.0787,0.0712,-1.1049,0.2692,0.9026
Nufip2,Nufip2,2285.7217,0.0099,0.1638,0.0605,0.9517,0.9974
Nuggc,Nuggc,0.7661,0.1357,1.5863,0.0856,0.9318,
Numa1,Numa1,6407.0603,0.0395,0.0581,0.6804,0.4963,0.9515
Numb,Numb,1042.6036,0.0587,0.0604,0.9722,0.331,0.9201
Numbl,Numbl,1853.457,0.0492,0.0818,0.6018,0.5473,0.9571
Nup107,Nup107,2078.4338,-0.0408,0.0952,-0.4287,0.6682,0.9702
Nup133,Nup133,1485.0863,-0.0806,0.0861,-0.9355,0.3495,0.9271
Nup153,Nup153,2642.8099,0.0971,0.0892,1.0888,0.2763,0.9074
Nup155,Nup155,2610.6934,0.0846,0.0724,1.1682,0.2427,0.8923
Nup160,Nup160,1185.388,0.0652,0.1043,0.6251,0.5319,0.9571
Nup188,Nup188,2781.5758,-0.0496,0.0467,-1.0626,0.288,0.9079
Nup205,Nup205,3269.6084,0.0214,0.0542,0.3946,0.6931,0.9731
Nup210,Nup210,29.2476,-0.131,0.3233,-0.4053,0.6852,0.9717
Nup210l,Nup210l,22.0625,-0.245,0.3272,-0.7487,0.454,0.9475
Nup214,Nup214,2077.5344,-0.0233,0.062,-0.3756,0.7072,0.9744
Nup35,Nup35,1051.8354,-0.1998,0.0784,-2.5484,0.0108,0.5073
Nup37,Nup37,829.1885,-0.0941,0.0915,-1.0283,0.3038,0.9164
Nup43,Nup43,664.9786,-0.1044,0.0913,-1.1436,0.2528,0.893
Nup50,Nup50,2881.7972,-0.0052,0.063,-0.0819,0.9347,0.9966
Nup54,Nup54,962.0604,0.0377,0.0863,0.4371,0.662,0.9702
Nup62,Nup62,2068.6703,-0.1325,0.0774,-1.7108,0.0871,0.7807
Nup62-il4i1,Nup62-il4i1,2.7576,0.5817,1.0345,0.5623,0.5739,
Nup85,Nup85,1820.2408,-0.0434,0.0845,-0.5142,0.6071,0.966
Nup88,Nup88,2850.94,-0.0069,0.06,-0.1157,0.9079,0.9939
Nup93,Nup93,4222.8752,0.0723,0.1067,0.6779,0.4979,0.9515
Nup98,Nup98,2515.7025,0.0436,0.0682,0.6396,0.5224,0.9556
Nupl1,Nupl1,1381.7882,0.0033,0.1108,0.0295,0.9765,0.9975
Nupl2,Nupl2,451.4871,0.0758,0.0794,0.9545,0.3399,0.9244
Nupr1,Nupr1,1932.0914,-0.0147,0.1133,-0.1302,0.8964,0.9927
Nupr1l,Nupr1l,5.0067,0.4173,0.7194,0.5801,0.5619,
Nus1,Nus1,3040.9004,0.0713,0.0977,0.7295,0.4657,0.9483
Nusap1,Nusap1,1529.8406,-0.1313,0.1981,-0.6628,0.5075,0.9528
Nutf2,Nutf2,441.0358,-0.052,0.0844,-0.6168,0.5374,0.9571
Nutm1,Nutm1,1.2509,2.0843,1.4971,1.3923,0.1638,
Nvl,Nvl,1410.2935,0.0532,0.0893,0.5958,0.5513,0.9571
Nwd1,Nwd1,12.4344,-0.9551,0.5961,-1.6023,0.1091,
Nxf1,Nxf1,2369.4626,0.0848,0.0483,1.7546,0.0793,0.7694
Nxf3,Nxf3,168.8977,0.2478,0.1667,1.4871,0.137,0.8296
Nxf7,Nxf7,86.0317,-0.4533,0.213,-2.1277,0.0334,0.6642
Nxn,Nxn,5912.5858,0.0532,0.0703,0.7564,0.4494,0.9455
Nxnl1,Nxnl1,1.1591,0.8463,1.3123,0.6449,0.519,
Nxpe3,Nxpe3,198.136,0.1244,0.1237,1.0059,0.3145,0.9173
Nxpe4,Nxpe4,22.2082,0.0748,0.3376,0.2216,0.8246,0.9898
Nxph2,Nxph2,5.798,-0.3495,0.6466,-0.5406,0.5888,
Nxph3,Nxph3,40.3677,0.4051,0.2891,1.4012,0.1611,0.8576
Nxph4,Nxph4,11.8671,-0.7472,0.5161,-1.4478,0.1477,
Nxt1,Nxt1,614.7505,-0.0085,0.0812,-0.1049,0.9164,0.995
Nxt2,Nxt2,395.3429,-0.0244,0.1577,-0.1548,0.877,0.9914
Nyap1,Nyap1,303.0721,0.0939,0.1313,0.715,0.4746,0.949
Nynrin,Nynrin,2094.9014,0.1639,0.1094,1.4982,0.1341,0.826
Nyx,Nyx,1.6284,0.3317,1.652,0.2008,0.8409,
Oacyl,Oacyl,4.4313,-0.7227,0.7107,-1.017,0.3092,
Oaf,Oaf,1971.8105,0.1554,0.1274,1.2199,0.2225,0.8877
Oard1,Oard1,560.8291,-0.0432,0.1056,-0.4091,0.6824,0.9717
Oas1a,Oas1a,1.92,-0.067,1.4125,-0.0474,0.9622,
Oas1b,Oas1b,5.3449,0.6448,0.7709,0.8364,0.4029,
Oas1c,Oas1c,1.5289,1.8899,1.3209,1.4307,0.1525,
Oas1g,Oas1g,0.5705,-1.1246,1.984,-0.5668,0.5708,
Oas2,Oas2,1.92,-0.067,1.4125,-0.0474,0.9622,
Oas3,Oas3,1.7284,-1.2506,1.2517,-0.9992,0.3177,
Oasl1,Oasl1,11.5643,-1.5345,0.5097,-3.0107,0.0026,
Oasl2,Oasl2,143.9161,-0.1074,0.3139,-0.3421,0.7323,0.9802
Oat,Oat,6198.9031,-0.0517,0.0395,-1.3088,0.1906,0.874
Oaz2,Oaz2,3724.0709,0.0922,0.1111,0.8303,0.4063,0.9371
Oaz3,Oaz3,46.1938,0.3153,0.3138,1.0049,0.3149,0.9173
Obfc1,Obfc1,1282.0777,-0.0642,0.0746,-0.8597,0.39,0.9331
Obscn,Obscn,1017.292,-0.2232,0.1672,-1.3347,0.182,0.8711
Obsl1,Obsl1,5012.808,-0.1041,0.1248,-0.8343,0.4041,0.9365
Oc90,Oc90,0.4793,-0.9427,2.3291,-0.4048,0.6857,
Ocel1,Ocel1,291.7552,-0.2217,0.1029,-2.1539,0.0313,0.6516
Ociad1,Ociad1,6774.294,-0.0064,0.0468,-0.137,0.891,0.992
Ociad2,Ociad2,515.4223,-0.1657,0.0966,-1.7142,0.0865,0.7807
Ocln,Ocln,22.6268,-0.0571,0.3422,-0.1669,0.8674,0.9906
Ocrl,Ocrl,1192.7353,0.1058,0.0657,1.6106,0.1073,0.8026
Ocstamp,Ocstamp,1.0551,-0.6651,1.4672,-0.4533,0.6503,
Odc1,Odc1,5100.2498,-0.1232,0.0898,-1.3718,0.1701,0.8614
Odf2,Odf2,2039.9263,-0.0298,0.0556,-0.5356,0.5922,0.964
Odf2l,Odf2l,354.2767,0.1326,0.1653,0.802,0.4226,0.9412
Odf3,Odf3,0.3838,-1.8789,2.4405,-0.7699,0.4414,
Odf3l1,Odf3l1,15.2059,-0.9878,0.4754,-2.078,0.0377,
Ofd1,Ofd1,306.3958,0.0652,0.1707,0.3821,0.7024,0.9743
Ogdh,Ogdh,7352.1459,0.0157,0.0622,0.2523,0.8008,0.9871
Ogdhl,Ogdhl,46.7891,-0.2265,0.2589,-0.8748,0.3817,0.9306
Ogfod1,Ogfod1,2478.5813,0.0788,0.067,1.1764,0.2394,0.8923
Ogfod2,Ogfod2,332.2206,0.0413,0.1093,0.3779,0.7055,0.9744
Ogfod3,Ogfod3,417.8446,0.0147,0.0896,0.164,0.8698,0.9906
Ogfr,Ogfr,1884.1151,-0.072,0.0499,-1.4442,0.1487,0.8436
Ogfrl1,Ogfrl1,146.8435,0.0713,0.181,0.3942,0.6934,0.9731
Ogg1,Ogg1,348.3477,0.034,0.0978,0.3477,0.7281,0.9796
Ogn,Ogn,9368.31,0.6342,0.1546,4.1035,0,0.0421
Ogt,Ogt,4906.6014,0.1444,0.1051,1.3731,0.1697,0.8614
Oip5,Oip5,236.0945,0.0475,0.1578,0.3013,0.7632,0.9849
Oit1,Oit1,1.144,-0.5289,1.4669,-0.3606,0.7184,
Oit3,Oit3,8.8018,0.0325,0.5698,0.057,0.9546,
Ola1,Ola1,3510.6163,-0.0041,0.0702,-0.0583,0.9535,0.9974
Olfm1,Olfm1,7268.6552,0.0224,0.0983,0.2284,0.8193,0.9893
Olfm2,Olfm2,6.322,-0.0955,0.6693,-0.1428,0.8865,
Olfml2a,Olfml2a,182.223,0.2772,0.1558,1.7798,0.0751,0.7682
Olfml2b,Olfml2b,7953.813,-0.081,0.1051,-0.7703,0.4411,0.9455
Olfml3,Olfml3,10823.2603,0.121,0.0736,1.6452,0.0999,0.7895
Olfr1250,Olfr1250,1.7428,0.9264,1.1278,0.8214,0.4114,
Olfr1251,Olfr1251,2.1238,-0.5507,1.0645,-0.5174,0.6049,
Olfr1257,Olfr1257,0.4815,-2.2399,2.284,-0.9807,0.3267,
Olfr1317,Olfr1317,0.2927,0.8437,2.6285,0.321,0.7482,
Olfr1372-ps1,Olfr1372-ps1,6.6292,-0.4644,0.5951,-0.7803,0.4352,
Olfr1393,Olfr1393,0.572,1.6574,1.9987,0.8292,0.407,
Olfr147,Olfr147,0.4821,1.4601,2.0214,0.7223,0.4701,
Olfr18,Olfr18,0.6765,-1.7953,1.8991,-0.9454,0.3445,
Olfr215,Olfr215,1.5363,0.7141,1.103,0.6474,0.5174,
Olfr31,Olfr31,1.4579,0.1781,1.2275,0.1451,0.8847,
Olfr456,Olfr456,7.6204,0.7561,0.5265,1.4361,0.151,
Olfr543,Olfr543,0.9783,-0.461,1.4947,-0.3084,0.7578,
Olfr545,Olfr545,0.3838,-1.8789,2.4405,-0.7699,0.4414,
Olfr722,Olfr722,0.3846,-1.8819,2.44,-0.7713,0.4405,
Olfr805,Olfr805,111.4605,0.097,0.1881,0.5155,0.6062,0.966
Olfr809,Olfr809,0.2933,0.8438,2.6273,0.3212,0.7481,
Olfr810,Olfr810,19.4892,-0.8115,0.4246,-1.9114,0.056,
Olfr856-ps1,Olfr856-ps1,1.0574,1.9478,1.5702,1.2405,0.2148,
Olfr920,Olfr920,3.8709,-0.4076,0.7593,-0.5369,0.5914,
Olfr921,Olfr921,0.4798,2.5273,2.2358,1.1304,0.2583,
Olfr99,Olfr99,1.3496,1.6891,1.418,1.1912,0.2336,
Olr1,Olr1,4.1586,-1.6424,0.7508,-2.1876,0.0287,
Oma1,Oma1,443.5008,-0.1221,0.0805,-1.5163,0.1294,0.8225
Omd,Omd,770.6865,1.0476,0.4123,2.541,0.0111,0.5095
Omp,Omp,8.3675,-0.1958,0.503,-0.3893,0.697,
Onecut2,Onecut2,19.4371,-0.1579,0.3415,-0.4625,0.6437,
Ooep,Ooep,9.6987,0.3365,0.4798,0.7014,0.4831,
Opa1,Opa1,2405.5188,0.0667,0.0971,0.6869,0.4921,0.9515
Opa3,Opa3,789.2243,0.0111,0.0768,0.1441,0.8854,0.9916
Ophn1,Ophn1,837.9274,0.2453,0.0734,3.3392,0.0008,0.2269
Oplah,Oplah,636.3328,0.0603,0.113,0.534,0.5933,0.964
Opn1mw,Opn1mw,0.5794,-0.4758,1.8015,-0.2641,0.7917,
Opn1sw,Opn1sw,6.9305,-1.0488,0.5806,-1.8062,0.0709,
Opn3,Opn3,300.1685,-0.096,0.1014,-0.9469,0.3437,0.9246
Opn4,Opn4,2.2402,-0.7076,1.2358,-0.5726,0.5669,
Optc,Optc,54.7697,0.1067,0.2827,0.3774,0.7058,0.9744
Optn,Optn,812.2643,0.0478,0.1042,0.4592,0.6461,0.9684
Orai1,Orai1,594.2202,-0.0715,0.1096,-0.6529,0.5138,0.9548
Orai2,Orai2,1708.5022,0.1314,0.106,1.2406,0.2148,0.8877
Orai3,Orai3,643.3349,-0.0723,0.084,-0.8612,0.3892,0.933
Oraov1,Oraov1,565.0114,0.1462,0.1772,0.8249,0.4094,0.9377
Orc1,Orc1,208.5479,-0.0976,0.1967,-0.496,0.6199,0.966
Orc2,Orc2,1450.2315,-0.0124,0.0864,-0.1438,0.8857,0.9917
Orc3,Orc3,2041.8916,0.0447,0.0742,0.6035,0.5462,0.9571
Orc4,Orc4,1220.7718,0.0245,0.0711,0.3445,0.7305,0.98
Orc5,Orc5,707.4107,-0.0539,0.0998,-0.5398,0.5894,0.964
Orc6,Orc6,1360.1093,-0.0487,0.1136,-0.4286,0.6682,0.9702
Orm1,Orm1,172.5671,0.499,0.2547,1.9594,0.0501,0.7227
Orm2,Orm2,32.154,0.1502,0.2717,0.5529,0.5803,0.9633
Orm3,Orm3,50.8272,0.5854,0.2409,2.4304,0.0151,0.5682
Ormdl1,Ormdl1,626.9882,-0.0666,0.0759,-0.8776,0.3802,0.9303
Ormdl2,Ormdl2,266.056,-0.0658,0.1493,-0.4411,0.6591,0.9702
Ormdl3,Ormdl3,2646.9883,-0.0085,0.1197,-0.0709,0.9435,0.9971
Os9,Os9,7307.9955,0.0608,0.1088,0.559,0.5762,0.9622
Osbp,Osbp,3970.0301,0.047,0.057,0.8256,0.409,0.9377
Osbp2,Osbp2,562.0289,-0.4056,0.1606,-2.5249,0.0116,0.517
Osbpl10,Osbpl10,87.8271,-0.0708,0.1857,-0.3813,0.703,0.9743
Osbpl11,Osbpl11,1461.5502,0.0734,0.0657,1.1172,0.2639,0.8981
Osbpl1a,Osbpl1a,753.2051,0.0254,0.0712,0.3566,0.7214,0.9788
Osbpl2,Osbpl2,2038.3549,0.0224,0.0727,0.3082,0.7579,0.9849
Osbpl3,Osbpl3,1634.6006,0.0482,0.059,0.8173,0.4137,0.9399
Osbpl5,Osbpl5,3446.4631,-0.0325,0.0579,-0.5611,0.5747,0.9614
Osbpl6,Osbpl6,109.4348,0.0038,0.2395,0.0157,0.9875,0.9992
Osbpl7,Osbpl7,203.0581,0.1832,0.1099,1.6665,0.0956,0.7876
Osbpl8,Osbpl8,820.847,-0.0749,0.2357,-0.3177,0.7507,0.9843
Osbpl9,Osbpl9,5451.5747,0.0409,0.0723,0.5657,0.5716,0.9612
Oscp1,Oscp1,235.5217,-0.1851,0.1076,-1.7198,0.0855,0.7807
Oser1,Oser1,774.8676,-0.0392,0.1266,-0.3094,0.757,0.9849
Osgep,Osgep,1208.7579,-0.0098,0.0861,-0.1137,0.9095,0.9941
Osgepl1,Osgepl1,429.473,-0.0511,0.0999,-0.5114,0.609,0.966
Osgin1,Osgin1,552.0598,0.2474,0.1706,1.4503,0.147,0.8425
Osgin2,Osgin2,595.0473,0.0577,0.1039,0.556,0.5782,0.963
Osmr,Osmr,4016.9304,0.1805,0.1419,1.2724,0.2032,0.8844
Osr1,Osr1,221.1045,0.0112,0.1294,0.0866,0.931,0.9957
Osr2,Osr2,3.2827,-1.3432,0.8537,-1.5734,0.1156,
Ost4,Ost4,2249.5341,0.0788,0.1356,0.5814,0.561,0.9579
Ostc,Ostc,4619.8825,-0.1591,0.0567,-2.8072,0.005,0.3918
Ostf1,Ostf1,2103.6455,-0.1929,0.0847,-2.2787,0.0227,0.6144
Ostm1,Ostm1,1856.8116,-0.0389,0.0788,-0.4943,0.6211,0.966
Otoa,Otoa,26.1065,-0.0784,0.3897,-0.2012,0.8406,0.9906
Otof,Otof,0.7667,-1.7897,1.6527,-1.0829,0.2789,
Otog,Otog,746.7917,-0.14,0.1229,-1.1395,0.2545,0.893
Otogl,Otogl,2.8798,0.0479,0.8205,0.0583,0.9535,
Otop1,Otop1,2.5028,0.7737,1.3748,0.5628,0.5736,
Otop2,Otop2,7.9911,-0.2974,0.4957,-0.5999,0.5486,
Otos,Otos,8.1306,0.5969,0.5498,1.0856,0.2776,
Otub1,Otub1,2967.444,-0.0558,0.0625,-0.894,0.3713,0.9295
Otub2,Otub2,391.0637,-0.0313,0.0883,-0.354,0.7234,0.9788
Otud1,Otud1,852.1855,-0.0909,0.0944,-0.9631,0.3355,0.9207
Otud3,Otud3,302.4631,0.006,0.1098,0.0544,0.9567,0.9974
Otud4,Otud4,3470.5335,0.0827,0.1332,0.621,0.5346,0.9571
Otud5,Otud5,3086.4143,-0.041,0.0422,-0.9711,0.3315,0.9201
Otud6b,Otud6b,2110.7915,0.0335,0.0737,0.4542,0.6497,0.9684
Otud7a,Otud7a,40.4902,-0.5925,0.3499,-1.6932,0.0904,0.7842
Otud7b,Otud7b,3533.5941,0.0254,0.0493,0.5158,0.606,0.966
Otulin,Otulin,1295.0488,-0.0662,0.068,-0.9743,0.3299,0.9197
Otx1,Otx1,64.0131,-0.2104,0.1901,-1.1069,0.2684,0.9011
Ovca2,Ovca2,391.8854,0.0306,0.1062,0.2884,0.7731,0.985
Ovgp1,Ovgp1,31.4573,0.205,0.2677,0.7659,0.4437,0.9455
Ovol1,Ovol1,7.8841,0.0134,0.4975,0.027,0.9785,
Ovol3,Ovol3,0.3828,0.9683,2.4729,0.3916,0.6954,
Oxa1l,Oxa1l,2437.1027,-0.0235,0.0733,-0.3199,0.749,0.9843
Oxct1,Oxct1,6421.4525,0.054,0.0745,0.7249,0.4685,0.9483
Oxct2a,Oxct2a,1.2365,0.4117,1.7933,0.2296,0.8184,
Oxld1,Oxld1,98.7678,0.0716,0.1712,0.4183,0.6757,0.9712
Oxnad1,Oxnad1,728.7289,-0.0418,0.0719,-0.5822,0.5604,0.9579
Oxr1,Oxr1,3653.5692,0.1783,0.095,1.8772,0.0605,0.749
Oxsm,Oxsm,448.1309,0.0163,0.082,0.1987,0.8425,0.9906
Oxsr1,Oxsr1,2327.9897,-0.0023,0.0584,-0.0391,0.9688,0.9974
Oxtr,Oxtr,8.4824,0.6728,0.5759,1.1684,0.2427,
P2rx1,P2rx1,3.9466,0.8603,0.7026,1.2245,0.2208,
P2rx2,P2rx2,9.3185,-0.4635,0.4837,-0.9581,0.338,
P2rx3,P2rx3,8.0151,-0.2565,0.5212,-0.4921,0.6226,
P2rx4,P2rx4,2462.665,-0.0734,0.1757,-0.4176,0.6763,0.9713
P2rx5,P2rx5,343.0393,0.0837,0.1079,0.7759,0.4378,0.9455
P2rx6,P2rx6,612.7143,0.1877,0.1486,1.2633,0.2065,0.886
P2rx7,P2rx7,1368.6368,0.0291,0.1355,0.2151,0.8297,0.9906
P2ry1,P2ry1,10.1107,-0.5567,0.4739,-1.1746,0.2401,
P2ry10,P2ry10,0.9524,0.9432,1.8601,0.5071,0.6121,
P2ry14,P2ry14,21.0384,-0.2998,0.3475,-0.8627,0.3883,0.933
P2ry2,P2ry2,527.6821,-0.0163,0.098,-0.1659,0.8683,0.9906
P2ry6,P2ry6,5.1455,0.1699,0.6649,0.2556,0.7983,
P3h1,P3h1,3728.7691,-0.075,0.0449,-1.6707,0.0948,0.7876
P3h2,P3h2,125.0764,0.1452,0.1338,1.0846,0.2781,0.9074
P3h3,P3h3,2301.8305,0.0567,0.0667,0.8506,0.395,0.9341
P3h4,P3h4,5923.3317,-0.0275,0.0656,-0.4192,0.6751,0.9711
P4ha1,P4ha1,14665.9117,-0.2479,0.1719,-1.4421,0.1493,0.8436
P4ha2,P4ha2,4132.6765,-0.4913,0.1965,-2.5004,0.0124,0.5308
P4ha3,P4ha3,2062.4825,0.2553,0.1303,1.9596,0.05,0.7227
P4hb,P4hb,48118.8117,-0.1354,0.0681,-1.988,0.0468,0.7227
P4htm,P4htm,98.3671,0.2587,0.1721,1.503,0.1328,0.826
Pa2g4,Pa2g4,7105.4267,-0.0358,0.0849,-0.4214,0.6735,0.971
Pabpc1,Pabpc1,24498.497,-0.0109,0.0657,-0.1658,0.8683,0.9906
Pabpc1l,Pabpc1l,8.9461,0.0367,0.4913,0.0748,0.9404,
Pabpc4,Pabpc4,4983.9418,-0.0228,0.0564,-0.4039,0.6863,0.9717
Pabpc4l,Pabpc4l,0.3905,0.1641,2.1375,0.0768,0.9388,
Pabpn1,Pabpn1,2383.513,-0.0145,0.0717,-0.2026,0.8395,0.9906
Pabpn1l,Pabpn1l,1.9285,-0.0991,1.0118,-0.098,0.9219,
Pacrg,Pacrg,11.8559,-0.0119,0.3991,-0.0298,0.9762,
Pacrgl,Pacrgl,367.0304,-0.116,0.0888,-1.3061,0.1915,0.8743
Pacs1,Pacs1,1441.7803,0.0192,0.0837,0.2296,0.8184,0.9892
Pacs2,Pacs2,9456.7893,0.0031,0.0379,0.083,0.9338,0.9964
Pacsin1,Pacsin1,50.6736,-0.2395,0.2541,-0.9424,0.346,0.9253
Pacsin2,Pacsin2,9955.9741,-0.0531,0.0591,-0.8975,0.3695,0.9295
Pacsin3,Pacsin3,2370.8467,-0.1024,0.1125,-0.9098,0.3629,0.9295
Padi1,Padi1,0.3903,1.2539,2.4297,0.5161,0.6058,
Padi2,Padi2,614.2138,-0.2777,0.2137,-1.2995,0.1938,0.8778
Padi3,Padi3,108.8284,-0.5103,0.2531,-2.0165,0.0437,0.7227
Padi4,Padi4,30.2905,-0.2481,0.3243,-0.7649,0.4443,0.9455
Padi6,Padi6,1.6404,0.7119,1.1857,0.6004,0.5482,
Paf1,Paf1,1689.2647,0.0283,0.0796,0.3556,0.7221,0.9788
Pafah1b1,Pafah1b1,6920.4543,0.0031,0.1353,0.023,0.9817,0.9984
Pafah1b2,Pafah1b2,6195.593,-0.003,0.0768,-0.0384,0.9694,0.9974
Pafah1b3,Pafah1b3,560.1515,-0.294,0.1158,-2.5393,0.0111,0.5095
Pafah2,Pafah2,475.4326,0.0057,0.0905,0.0631,0.9496,0.9974
Pag1,Pag1,42.9526,-0.1788,0.2509,-0.7127,0.476,0.949
Pagr1a,Pagr1a,727.9545,-0.1626,0.0696,-2.3382,0.0194,0.5929
Pah,Pah,0.4818,0.2682,2.0631,0.13,0.8966,
Paics,Paics,9005.1255,0.0645,0.0697,0.9257,0.3546,0.9293
Paip1,Paip1,2689.8349,0.0169,0.06,0.2814,0.7784,0.985
Paip2,Paip2,5262.7903,-0.008,0.0485,-0.1645,0.8693,0.9906
Paip2b,Paip2b,1442.3602,-0.0134,0.0599,-0.223,0.8235,0.9893
Pak1,Pak1,5595.8133,-0.0663,0.078,-0.8496,0.3955,0.9341
Pak1ip1,Pak1ip1,2789.8336,-0.0133,0.0826,-0.1605,0.8725,0.991
Pak2,Pak2,3749.7965,0.0704,0.0723,0.974,0.3301,0.9197
Pak3,Pak3,679.6208,0.1125,0.166,0.6777,0.4979,0.9515
Pak4,Pak4,929.9737,-0.1515,0.0742,-2.0422,0.0411,0.7111
Pak6,Pak6,3.2714,0.06,0.7567,0.0793,0.9368,
Pakap,Pakap,17.0526,1.1622,1.801,0.6453,0.5187,
Palb2,Palb2,90.3345,-0.2108,0.1918,-1.0994,0.2716,0.9032
Pald1,Pald1,1675.1324,-0.0537,0.0763,-0.7037,0.4816,0.9507
Palld,Palld,12792.9174,0.0639,0.0947,0.6752,0.4995,0.9515
Palm,Palm,3979.9821,-0.0612,0.0754,-0.8114,0.4171,0.94
Palm2,Palm2,555.3554,0.083,0.1028,0.8071,0.4196,0.94
Palm3,Palm3,233.2994,-0.4649,0.2369,-1.9625,0.0497,0.7227
Palmd,Palmd,26.0616,-0.0899,0.3035,-0.2963,0.767,0.985
Pam,Pam,9711.2747,-0.0466,0.0605,-0.7693,0.4417,0.9455
Pam16,Pam16,688.6668,-0.0253,0.0862,-0.2937,0.769,0.985
Pan2,Pan2,864.4694,0.0493,0.06,0.8213,0.4115,0.9378
Pan3,Pan3,936.6835,0.0953,0.0879,1.0838,0.2785,0.9074
Pank1,Pank1,508.1144,0.0934,0.0812,1.1498,0.2502,0.8923
Pank2,Pank2,1748.4695,0.0857,0.0627,1.3659,0.172,0.8614
Pank3,Pank3,2302.1117,-0.0126,0.2423,-0.052,0.9585,0.9974
Pank4,Pank4,875.4405,-0.0282,0.0683,-0.4124,0.68,0.9717
Panx1,Panx1,818.721,-0.1015,0.0827,-1.228,0.2195,0.8877
Panx2,Panx2,0.4816,1.4601,2.0218,0.7222,0.4702,
Panx3,Panx3,0.5803,-0.2492,1.7782,-0.1401,0.8886,
Paox,Paox,347.6932,0.1042,0.1247,0.8351,0.4036,0.9365
Papd4,Papd4,1061.9286,-0.0019,0.1095,-0.0169,0.9865,0.9992
Papd5,Papd5,1712.7714,0.0477,0.1003,0.4757,0.6343,0.9681
Papd7,Papd7,1735.9194,-0.019,0.1005,-0.1886,0.8504,0.9906
Papln,Papln,0.7744,-0.9229,1.8397,-0.5017,0.6159,
Papola,Papola,4556.504,0.0411,0.128,0.3208,0.7484,0.9842
Papolb,Papolb,0.9685,-1.4256,1.5733,-0.9061,0.3649,
Papolg,Papolg,552.2587,0.0311,0.1373,0.2268,0.8206,0.9893
Pappa,Pappa,113.9277,0.1241,0.1861,0.6668,0.5049,0.9515
Pappa2,Pappa2,165.0705,0.2059,0.236,0.8723,0.383,0.9315
Papss1,Papss1,3744.8044,-0.1003,0.0787,-1.2743,0.2026,0.8841
Papss2,Papss2,100.7428,-0.126,0.2886,-0.4367,0.6623,0.9702
Paqr3,Paqr3,114.4695,0.0513,0.1548,0.3316,0.7402,0.9825
Paqr4,Paqr4,350.9021,-0.075,0.1145,-0.6545,0.5128,0.9541
Paqr5,Paqr5,1.452,0.8983,1.2306,0.73,0.4654,
Paqr6,Paqr6,1.6495,1.0469,1.1343,0.923,0.356,
Paqr7,Paqr7,670.1635,-0.0729,0.0741,-0.9833,0.3255,0.9197
Paqr8,Paqr8,301.4276,-0.0474,0.097,-0.4887,0.6251,0.9673
Paqr9,Paqr9,0.5713,-1.1272,1.984,-0.5681,0.5699,
Pard3,Pard3,1776.6223,0.0879,0.0627,1.4017,0.161,0.8572
Pard3b,Pard3b,37.6936,-0.2621,0.3537,-0.7412,0.4585,0.9483
Pard6a,Pard6a,220.4158,-0.0703,0.1044,-0.6734,0.5007,0.9515
Pard6b,Pard6b,14.9005,-1.1183,0.4024,-2.779,0.0055,
Pard6g,Pard6g,812.2911,0.0353,0.1058,0.3341,0.7383,0.9817
Parg,Parg,1614.8365,0.0632,0.0935,0.6764,0.4988,0.9515
Park2,Park2,8.3895,0.5892,0.4884,1.2063,0.2277,
Park7,Park7,4326.7986,-0.0321,0.0746,-0.4311,0.6664,0.9702
Parl,Parl,1881.2359,-0.0076,0.1053,-0.0721,0.9425,0.9971
Parm1,Parm1,357.8215,0.3433,0.2257,1.5208,0.1283,0.8217
Parn,Parn,1504.8088,0.1147,0.0781,1.4693,0.1417,0.8395
Parp1,Parp1,2943.4543,0.013,0.076,0.171,0.8642,0.9906
Parp10,Parp10,924.4919,-0.02,0.1146,-0.1744,0.8615,0.9906
Parp11,Parp11,334.6449,-0.1027,0.0872,-1.1769,0.2392,0.8923
Parp12,Parp12,1110.4672,-0.0795,0.0908,-0.8751,0.3815,0.9306
Parp14,Parp14,192.6878,0.0612,0.2126,0.2879,0.7734,0.985
Parp16,Parp16,518.5008,0.1328,0.1166,1.1387,0.2548,0.8935
Parp2,Parp2,1024.2195,-0.0391,0.0716,-0.5464,0.5848,0.964
Parp3,Parp3,3150.1167,0.0671,0.0841,0.7979,0.4249,0.9422
Parp4,Parp4,1472.2928,0.0951,0.0769,1.2371,0.216,0.8877
Parp6,Parp6,648.4028,-0.0823,0.0652,-1.2623,0.2069,0.8866
Parp8,Parp8,861.6346,0.0356,0.0842,0.4227,0.6725,0.971
Parp9,Parp9,605.3104,-0.0629,0.1745,-0.3606,0.7184,0.9779
Parpbp,Parpbp,358.256,0.025,0.1494,0.1672,0.8672,0.9906
Pars2,Pars2,237.9714,0.0512,0.1033,0.4952,0.6205,0.966
Particl,Particl,62.4714,0.1046,0.208,0.5029,0.615,0.966
Parva,Parva,8910.7809,0.0562,0.0627,0.8962,0.3702,0.9295
Parvb,Parvb,3166.6885,-0.1216,0.0721,-1.6858,0.0918,0.7855
Parvg,Parvg,2.9862,-0.0372,0.9047,-0.0411,0.9672,
Pask,Pask,496.6928,-0.1135,0.1582,-0.7173,0.4732,0.949
Pate2,Pate2,1.7301,-0.5271,1.0711,-0.4921,0.6226,
Pate4,Pate4,0.489,-0.3322,1.8201,-0.1825,0.8552,
Patl1,Patl1,1703.9459,0.0541,0.0586,0.9246,0.3552,0.9294
Patl2,Patl2,3.389,0.5714,0.7724,0.7398,0.4594,
Patz1,Patz1,925.2828,0.0147,0.0717,0.2047,0.8378,0.9906
Pawr,Pawr,55.306,0.2594,0.2688,0.965,0.3345,0.9207
Pax3,Pax3,3.7356,0.8917,0.8152,1.0938,0.2741,
Pax5,Pax5,1.4434,-1.2478,1.2861,-0.9703,0.3319,
Pax6,Pax6,25.8612,-0.1699,0.3181,-0.5342,0.5932,0.964
Pax7,Pax7,1291.92,0.1258,0.1257,1.0006,0.317,0.9173
Pax8,Pax8,3.7671,-0.5664,0.8612,-0.6577,0.5108,
Paxbp1,Paxbp1,729.6903,0.1428,0.1391,1.0269,0.3045,0.9164
Paxip1,Paxip1,1023.0482,0.0087,0.1134,0.0769,0.9387,0.9971
Pbdc1,Pbdc1,1821.4034,-0.1541,0.0765,-2.015,0.0439,0.7227
Pbk,Pbk,1544.6251,-0.1298,0.1719,-0.7548,0.4504,0.9455
Pbld1,Pbld1,0.8662,-1.2797,1.6561,-0.7727,0.4397,
Pbld2,Pbld2,13.2493,-0.2061,0.4147,-0.4969,0.6193,
Pbp2,Pbp2,3.4689,-0.1227,0.7554,-0.1624,0.871,
Pbrm1,Pbrm1,2142.1826,0.1172,0.174,0.6737,0.5005,0.9515
Pbx1,Pbx1,2427.7441,0.1672,0.1207,1.3856,0.1659,0.8598
Pbx2,Pbx2,1472.373,-0.035,0.0758,-0.4613,0.6446,0.9684
Pbx3,Pbx3,713.0352,-0.0666,0.1261,-0.5283,0.5973,0.964
Pbx4,Pbx4,32.937,0.1108,0.2566,0.4316,0.6661,0.9702
Pbxip1,Pbxip1,9686.9618,-0.0185,0.0616,-0.3004,0.7639,0.9849
Pcbd1,Pcbd1,119.2046,0.0218,0.1759,0.1239,0.9014,0.9934
Pcbd2,Pcbd2,180.0772,0.0329,0.1185,0.278,0.781,0.985
Pcbp1,Pcbp1,12066.1928,-0.0431,0.0603,-0.7142,0.4751,0.949
Pcbp2,Pcbp2,11905.0239,0.0324,0.0727,0.4452,0.6561,0.9693
Pcbp3,Pcbp3,318.1843,-0.1901,0.1313,-1.4471,0.1479,0.8425
Pcbp4,Pcbp4,5780.1542,-0.0045,0.1097,-0.0407,0.9675,0.9974
Pcca,Pcca,1091.0132,0.0712,0.0708,1.0054,0.3147,0.9173
Pccb,Pccb,1712.8843,0.0343,0.0967,0.3547,0.7228,0.9788
Pcdh1,Pcdh1,1321.7631,-0.1697,0.0971,-1.748,0.0805,0.7728
Pcdh10,Pcdh10,0.9559,-0.1295,1.4341,-0.0903,0.9281,
Pcdh12,Pcdh12,0.4831,0.2636,2.062,0.1278,0.8983,
Pcdh15,Pcdh15,0.6842,-1.9033,1.8767,-1.0142,0.3105,
Pcdh17,Pcdh17,1.1375,3.7191,1.8918,1.9659,0.0493,
Pcdh18,Pcdh18,1243.219,-0.028,0.145,-0.1931,0.8469,0.9906
Pcdh19,Pcdh19,2077.5997,0.0465,0.1709,0.2721,0.7855,0.9854
Pcdh20,Pcdh20,1.0534,0.2314,1.3076,0.1769,0.8595,
Pcdh7,Pcdh7,3245.3943,0.0687,0.1002,0.6855,0.493,0.9515
Pcdha10,Pcdha10,0.8548,0.2858,1.7051,0.1676,0.8669,
Pcdha3,Pcdha3,0.3905,0.1641,2.1375,0.0768,0.9388,
Pcdha9,Pcdha9,3.0791,-0.3795,0.7859,-0.4829,0.6292,
Pcdhac2,Pcdhac2,4.5168,0.2925,0.7019,0.4167,0.6769,
Pcdhb10,Pcdhb10,19.3126,-0.0423,0.4531,-0.0934,0.9256,
Pcdhb11,Pcdhb11,58.2951,0.2974,0.2119,1.4033,0.1605,0.8569
Pcdhb12,Pcdhb12,123.6753,0.0846,0.1972,0.4292,0.6678,0.9702
Pcdhb13,Pcdhb13,45.8068,0.4831,0.2399,2.0132,0.0441,0.7227
Pcdhb14,Pcdhb14,320.2361,0.1654,0.1446,1.1436,0.2528,0.893
Pcdhb15,Pcdhb15,96.5617,0.1885,0.1748,1.0785,0.2808,0.9074
Pcdhb16,Pcdhb16,401.0729,0.1644,0.1239,1.3271,0.1845,0.8729
Pcdhb17,Pcdhb17,507.4317,-0.1273,0.1039,-1.2252,0.2205,0.8877
Pcdhb18,Pcdhb18,110.8054,0.1043,0.2023,0.5157,0.6061,0.966
Pcdhb19,Pcdhb19,115.322,0.2223,0.1558,1.4266,0.1537,0.8501
Pcdhb2,Pcdhb2,15.5965,-0.1544,0.3578,-0.4314,0.6661,
Pcdhb20,Pcdhb20,488.9117,0.1466,0.0876,1.6721,0.0945,0.7876
Pcdhb21,Pcdhb21,200.1661,0.0882,0.1209,0.7298,0.4655,0.9483
Pcdhb22,Pcdhb22,261.7072,0.0399,0.168,0.2372,0.8125,0.9886
Pcdhb3,Pcdhb3,11.5889,0.1341,0.4776,0.2808,0.7788,
Pcdhb4,Pcdhb4,11.8499,-0.2122,0.4073,-0.5211,0.6023,
Pcdhb5,Pcdhb5,39.0511,0.0801,0.2305,0.3474,0.7283,0.9796
Pcdhb6,Pcdhb6,1.4436,0.3452,1.1661,0.296,0.7672,
Pcdhb7,Pcdhb7,43.5014,0.4284,0.2494,1.718,0.0858,0.7807
Pcdhb8,Pcdhb8,8.3122,-1.0579,0.5826,-1.8157,0.0694,
Pcdhb9,Pcdhb9,46.7618,0.2995,0.2286,1.3099,0.1902,0.874
Pcdhga1,Pcdhga1,113.4467,0.2778,0.1803,1.5406,0.1234,0.8143
Pcdhga11,Pcdhga11,1.459,0.4098,1.2241,0.3348,0.7378,
Pcdhga12,Pcdhga12,2.6948,-1.5888,0.9306,-1.7074,0.0878,
Pcdhga2,Pcdhga2,13.8662,0.5259,0.5214,1.0086,0.3132,
Pcdhga3,Pcdhga3,20.0669,0.3908,0.3782,1.0334,0.3014,
Pcdhga4,Pcdhga4,22.1125,0.3762,0.3176,1.1845,0.2362,0.8923
Pcdhga5,Pcdhga5,2.6024,-0.4704,1.0111,-0.4652,0.6418,
Pcdhga6,Pcdhga6,143.7428,0.0974,0.2036,0.4786,0.6322,0.9681
Pcdhga7,Pcdhga7,12.4882,0.0374,0.4473,0.0836,0.9334,
Pcdhga8,Pcdhga8,4.0217,0.6642,0.7852,0.8459,0.3976,
Pcdhga9,Pcdhga9,49.3424,-0.2666,0.2296,-1.1613,0.2455,0.8923
Pcdhgb1,Pcdhgb1,216.5723,0.0715,0.1223,0.5849,0.5586,0.9579
Pcdhgb2,Pcdhgb2,22.5269,0.2723,0.35,0.7781,0.4365,0.9455
Pcdhgb4,Pcdhgb4,1.3425,3.9715,1.7463,2.2743,0.0229,
Pcdhgb5,Pcdhgb5,1.6346,-1.6184,1.2408,-1.3043,0.1921,
Pcdhgb6,Pcdhgb6,26.8603,-0.6009,0.3117,-1.9279,0.0539,0.7358
Pcdhgb7,Pcdhgb7,4.3273,-0.5543,0.7663,-0.7234,0.4694,
Pcdhgb8,Pcdhgb8,3.8348,0.9663,0.7435,1.2996,0.1937,
Pcdhgc3,Pcdhgc3,12018.7617,0.0613,0.0809,0.7574,0.4488,0.9455
Pcdhgc4,Pcdhgc4,14.5865,0.1216,0.4079,0.298,0.7657,
Pcdhgc5,Pcdhgc5,143.9594,-0.1879,0.1352,-1.3897,0.1646,0.8598
Pced1a,Pced1a,665.2095,0.1079,0.0671,1.6067,0.1081,0.8038
Pced1b,Pced1b,88.6118,0.0241,0.2115,0.1139,0.9093,0.9941
Pcf11,Pcf11,603.9468,0.1326,0.1487,0.8918,0.3725,0.9295
Pcgf1,Pcgf1,190.2289,0.125,0.1209,1.0343,0.301,0.9162
Pcgf2,Pcgf2,847.8824,0.0031,0.0869,0.0352,0.972,0.9974
Pcgf3,Pcgf3,2960.0476,-0.02,0.0657,-0.3052,0.7602,0.9849
Pcgf5,Pcgf5,555.9121,-0.1618,0.1384,-1.1687,0.2425,0.8923
Pcgf6,Pcgf6,437.2732,0.0853,0.0801,1.0642,0.2872,0.9079
Pcid2,Pcid2,1045.2219,-0.0625,0.0691,-0.9048,0.3656,0.9295
Pcif1,Pcif1,1553.5628,0.0716,0.0685,1.0446,0.2962,0.912
Pck1,Pck1,1.5311,1.8746,1.2249,1.5304,0.1259,
Pck2,Pck2,2269.7105,-0.0697,0.0953,-0.7315,0.4645,0.9483
Pclo,Pclo,49.6245,-0.3935,0.3108,-1.2661,0.2055,0.8855
Pcm1,Pcm1,1135.4472,0.1037,0.1951,0.5313,0.5952,0.964
Pcmt1,Pcmt1,2622.6772,-0.0263,0.0613,-0.4279,0.6687,0.9702
Pcmtd1,Pcmtd1,1077.0423,0.122,0.1852,0.6586,0.5102,0.9528
Pcmtd2,Pcmtd2,1835.1109,0.1352,0.1135,1.1912,0.2336,0.8923
Pcna,Pcna,3433.6001,-0.0569,0.1369,-0.4158,0.6775,0.9717
Pcnp,Pcnp,3128.0151,0.1846,0.1259,1.466,0.1427,0.8395
Pcnt,Pcnt,1203.3589,0.0543,0.1031,0.5266,0.5985,0.9648
Pcnx,Pcnx,2345.9141,0.1013,0.0792,1.2796,0.2007,0.8828
Pcnxl3,Pcnxl3,2304.7056,0.0052,0.0603,0.0857,0.9317,0.9957
Pcnxl4,Pcnxl4,688.4845,0.0223,0.0674,0.3307,0.7409,0.983
Pcolce,Pcolce,30946.0573,0.1917,0.114,1.6824,0.0925,0.7872
Pcolce2,Pcolce2,751.8437,-0.2668,0.127,-2.1015,0.0356,0.6813
Pcp2,Pcp2,0.3853,0.9701,2.47,0.3928,0.6945,
Pcp4l1,Pcp4l1,8.3796,-0.0433,0.493,-0.0878,0.9301,
Pcsk1,Pcsk1,2.1318,-0.3698,0.9919,-0.3728,0.7093,
Pcsk2,Pcsk2,4.805,0.7214,0.63,1.1451,0.2522,
Pcsk2os1,Pcsk2os1,0.6856,-0.2804,1.8413,-0.1523,0.879,
Pcsk4,Pcsk4,60.9053,0.063,0.1801,0.35,0.7263,0.9796
Pcsk6,Pcsk6,367.6025,0.3562,0.2139,1.6651,0.0959,0.7877
Pcsk7,Pcsk7,1642.1308,0.0595,0.0656,0.9064,0.3647,0.9295
Pcsk9,Pcsk9,284.553,0.0577,0.1189,0.4851,0.6276,0.9673
Pctp,Pctp,13.4136,-0.635,0.4289,-1.4807,0.1387,
Pcx,Pcx,1479.1934,-0.1041,0.0906,-1.149,0.2506,0.8923
Pcyox1,Pcyox1,6036.0698,0.052,0.0421,1.2331,0.2176,0.8877
Pcyox1l,Pcyox1l,498.2578,-0.0722,0.1018,-0.7094,0.4781,0.9496
Pcyt1a,Pcyt1a,3154.4637,0.0205,0.0499,0.4107,0.6813,0.9717
Pcyt1b,Pcyt1b,367.612,-0.0293,0.1524,-0.192,0.8478,0.9906
Pcyt2,Pcyt2,959.6525,-0.0222,0.0925,-0.2404,0.81,0.9885
Pdap1,Pdap1,4270.5241,-0.0469,0.0855,-0.5489,0.5831,0.964
Pdcd10,Pdcd10,1447.5817,0.0191,0.0691,0.2764,0.7823,0.985
Pdcd11,Pdcd11,2334.9836,0.0323,0.0703,0.4593,0.646,0.9684
Pdcd2,Pdcd2,516.3909,-0.0123,0.0732,-0.1673,0.8671,0.9906
Pdcd2l,Pdcd2l,458.0781,-0.0734,0.0867,-0.8461,0.3975,0.9347
Pdcd4,Pdcd4,1243.1714,0.0781,0.0748,1.0438,0.2966,0.9123
Pdcd5,Pdcd5,1248.2088,-0.0829,0.0765,-1.0833,0.2787,0.9074
Pdcd6,Pdcd6,2544.3771,0.0027,0.0721,0.0381,0.9696,0.9974
Pdcd6ip,Pdcd6ip,6975.7242,0.027,0.0591,0.457,0.6476,0.9684
Pdcd7,Pdcd7,526.1524,-0.0256,0.1017,-0.2519,0.8011,0.9871
Pdcl,Pdcl,2008.7683,0.0381,0.066,0.577,0.564,0.9587
Pdcl3,Pdcl3,3266.9438,-0.1215,0.0685,-1.7751,0.0759,0.7682
Pddc1,Pddc1,700.8354,0.0611,0.1097,0.5571,0.5774,0.963
Pde10a,Pde10a,283.9474,-0.1805,0.1397,-1.2926,0.1962,0.8806
Pde12,Pde12,814.1952,-0.0675,0.0708,-0.9534,0.3404,0.9244
Pde1a,Pde1a,111.0908,0.6354,0.3916,1.6227,0.1047,0.8
Pde1b,Pde1b,132.5916,-0.1965,0.1716,-1.1454,0.2521,0.893
Pde1c,Pde1c,4.1419,-0.1556,0.7169,-0.2171,0.8282,
Pde2a,Pde2a,547.1715,-0.225,0.1124,-2.0016,0.0453,0.7227
Pde3a,Pde3a,22.3823,-0.0156,0.3742,-0.0416,0.9668,0.9974
Pde3b,Pde3b,517.3313,0.0712,0.1415,0.5027,0.6151,0.966
Pde4a,Pde4a,604.5806,0.0805,0.0721,1.1167,0.2641,0.8981
Pde4b,Pde4b,975.0496,-0.0577,0.101,-0.571,0.568,0.9592
Pde4c,Pde4c,2.9724,0.461,0.854,0.5399,0.5893,
Pde4d,Pde4d,1784.0452,0.1636,0.0827,1.9792,0.0478,0.7227
Pde4dip,Pde4dip,5098.4813,-0.0303,0.071,-0.4266,0.6697,0.9702
Pde5a,Pde5a,609.6642,-0.1321,0.1736,-0.761,0.4467,0.9455
Pde6a,Pde6a,2.3244,-2.9559,1.2146,-2.4335,0.015,
Pde6b,Pde6b,1.3577,1.2212,1.4251,0.8569,0.3915,
Pde6d,Pde6d,1762.5042,-0.0508,0.0536,-0.949,0.3426,0.9246
Pde6g,Pde6g,1.8313,-1.224,1.0857,-1.1274,0.2596,
Pde6h,Pde6h,0.8635,-1.0744,1.6629,-0.6461,0.5182,
Pde7a,Pde7a,987.9577,-0.1278,0.0698,-1.8301,0.0672,0.7617
Pde7b,Pde7b,225.1726,0.2793,0.2469,1.1309,0.2581,0.8966
Pde8a,Pde8a,239.7363,-0.0556,0.1644,-0.3378,0.7355,0.9807
Pde8b,Pde8b,34.1041,0.1909,0.2625,0.7272,0.4671,0.9483
Pdf,Pdf,686.7991,-0.0293,0.0917,-0.3196,0.7493,0.9843
Pdgfa,Pdgfa,902.5509,-0.0222,0.067,-0.3316,0.7402,0.9825
Pdgfb,Pdgfb,688.754,-0.1439,0.203,-0.7088,0.4784,0.9498
Pdgfc,Pdgfc,4002.2273,0.0892,0.0725,1.231,0.2183,0.8877
Pdgfd,Pdgfd,197.9379,-0.121,0.217,-0.5576,0.5771,0.963
Pdgfra,Pdgfra,2047.0883,0.2931,0.0962,3.0482,0.0023,0.3249
Pdgfrb,Pdgfrb,16372.6043,0.1049,0.0461,2.275,0.0229,0.6144
Pdgfrl,Pdgfrl,5872.654,0.0405,0.0815,0.4966,0.6195,0.966
Pdha1,Pdha1,6280.1716,0.0897,0.0679,1.32,0.1868,0.874
Pdhb,Pdhb,3859.9953,-0.0596,0.0907,-0.6569,0.5113,0.9531
Pdhx,Pdhx,1190.3508,0.0007,0.0867,0.0079,0.9937,0.9993
Pdia2,Pdia2,1.9219,-0.0993,1.0178,-0.0975,0.9223,
Pdia3,Pdia3,26312.4485,-0.0384,0.0573,-0.67,0.5028,0.9515
Pdia4,Pdia4,7858.8142,-0.079,0.0846,-0.9338,0.3504,0.9271
Pdia5,Pdia5,1415.8228,-0.0765,0.0893,-0.8567,0.3916,0.9336
Pdia6,Pdia6,13535.2656,-0.1016,0.0693,-1.4658,0.1427,0.8395
Pdik1l,Pdik1l,295.8775,0.1119,0.1377,0.8124,0.4166,0.94
Pdk1,Pdk1,4316.3369,-0.4645,0.2465,-1.8843,0.0595,0.749
Pdk2,Pdk2,1234.5938,-0.0059,0.0966,-0.0613,0.9512,0.9974
Pdk3,Pdk3,1229.3977,-0.1041,0.0896,-1.1628,0.2449,0.8923
Pdk4,Pdk4,1400.8926,0.3392,0.072,4.7092,2.4874e-06,0.0062
Pdlim1,Pdlim1,2215.0835,-0.305,0.0762,-4.001,0.0001,0.0522
Pdlim2,Pdlim2,4865.7679,0.0435,0.0672,0.648,0.517,0.9548
Pdlim3,Pdlim3,4034.4737,-0.2372,0.1025,-2.314,0.0207,0.6047
Pdlim4,Pdlim4,4579.8557,-0.1546,0.0663,-2.3322,0.0197,0.5995
Pdlim5,Pdlim5,5675.0333,0.0747,0.072,1.0368,0.2998,0.9154
Pdlim7,Pdlim7,4556.3373,-0.1293,0.0667,-1.94,0.0524,0.7278
Pdp1,Pdp1,1539.5605,0.1217,0.0796,1.5286,0.1264,0.8164
Pdp2,Pdp2,134.2891,-0.0152,0.1305,-0.1168,0.907,0.9939
Pdpk1,Pdpk1,2936.5699,0.0754,0.0522,1.4436,0.1489,0.8436
Pdpn,Pdpn,11468.9808,-0.0989,0.082,-1.2063,0.2277,0.8911
Pdpr,Pdpr,359.2845,0.1175,0.0897,1.3088,0.1906,0.874
Pdrg1,Pdrg1,2126.1323,-0.0677,0.0838,-0.8078,0.4192,0.94
Pds5a,Pds5a,1351.0713,0.0437,0.1797,0.2432,0.8078,0.9881
Pds5b,Pds5b,1637.1329,0.0575,0.1521,0.3778,0.7056,0.9744
Pdss1,Pdss1,194.1487,-0.0887,0.1295,-0.6844,0.4937,0.9515
Pdss2,Pdss2,354.5904,0.015,0.091,0.1644,0.8694,0.9906
Pdxdc1,Pdxdc1,4701.6113,-0.0009,0.0406,-0.0226,0.982,0.9984
Pdxk,Pdxk,1540.4071,0.1565,0.1285,1.2179,0.2233,0.8877
Pdxk-ps,Pdxk-ps,2.7927,0.3172,0.8029,0.395,0.6928,
Pdxp,Pdxp,472.4469,-0.0909,0.1425,-0.638,0.5234,0.9556
Pdzd11,Pdzd11,1686.1791,-0.0692,0.0829,-0.8345,0.404,0.9365
Pdzd2,Pdzd2,16.4764,-0.34,0.5267,-0.6454,0.5186,
Pdzd3,Pdzd3,0.8706,0.2381,1.5937,0.1494,0.8812,
Pdzd4,Pdzd4,229.7121,-0.1961,0.1082,-1.8126,0.0699,0.7617
Pdzd7,Pdzd7,41.3873,0.1565,0.2301,0.68,0.4965,0.9515
Pdzd8,Pdzd8,1007.4278,0.0666,0.1568,0.425,0.6708,0.9702
Pdzd9,Pdzd9,1.2517,0.9787,1.5015,0.6518,0.5145,
Pdzk1,Pdzk1,213.1651,0.0722,0.1224,0.5895,0.5555,0.9573
Pdzk1ip1,Pdzk1ip1,2.8993,0.8698,0.9757,0.8915,0.3727,
Pdzrn3,Pdzrn3,3394.5853,0.0579,0.0717,0.8072,0.4196,0.94
Pdzrn4,Pdzrn4,1.8293,-1.8532,1.1987,-1.5459,0.1221,
Pea15a,Pea15a,8905.0578,-0.0704,0.0493,-1.4299,0.1527,0.8495
Peak1,Peak1,4594.9177,0.2003,0.0889,2.2538,0.0242,0.6265
Pear1,Pear1,289.4183,0.0795,0.1263,0.6292,0.5292,0.9568
Pebp1,Pebp1,9782.0148,0,0.0895,0.0005,0.9996,0.9999
Pebp4,Pebp4,1.7489,-1.3679,1.1314,-1.2091,0.2266,
Pecam1,Pecam1,2.81,0.7356,0.8801,0.8358,0.4033,
Pecr,Pecr,555.5566,-0.093,0.091,-1.022,0.3068,0.9169
Pef1,Pef1,2227.8817,-0.0503,0.0641,-0.7842,0.4329,0.9453
Peg10,Peg10,1348.4522,-0.0912,0.1721,-0.5299,0.5962,0.964
Peg12,Peg12,59.5398,0.0429,0.258,0.1664,0.8679,0.9906
Peg13,Peg13,836.5126,0.0249,0.1322,0.1883,0.8507,0.9906
Peg3,Peg3,1895.2461,-0.003,0.1886,-0.016,0.9872,0.9992
Peli1,Peli1,314.5366,-0.0029,0.1464,-0.0196,0.9844,0.9991
Peli2,Peli2,1578.7824,0.1601,0.0711,2.2528,0.0243,0.6268
Peli3,Peli3,98.8186,0.174,0.2496,0.6972,0.4857,0.9515
Pelo,Pelo,627.8103,0.0108,0.0836,0.129,0.8973,0.9927
Pelp1,Pelp1,1696.6007,0.0036,0.0507,0.0715,0.943,0.9971
Pemt,Pemt,119.4486,-0.0963,0.1359,-0.7086,0.4786,0.9498
Penk,Penk,10.7787,0.5403,0.4716,1.1457,0.2519,
Peo1,Peo1,1061.6816,-0.0018,0.0922,-0.0199,0.9841,0.9991
Pepd,Pepd,1530.3377,-0.1317,0.0655,-2.0108,0.0443,0.7227
Per1,Per1,818.8502,0.1166,0.1302,0.8952,0.3707,0.9295
Per2,Per2,317.3959,-0.0492,0.1631,-0.3016,0.7629,0.9849
Per3,Per3,484.2204,0.0143,0.0947,0.1506,0.8803,0.9914
Perm1,Perm1,42.3472,-0.1527,0.2501,-0.6106,0.5415,0.9571
Perp,Perp,34.0117,0.0434,0.2417,0.1795,0.8575,0.9906
Pes1,Pes1,4323.8135,-0.0487,0.0825,-0.5908,0.5546,0.9571
Pet100,Pet100,199.9218,-0.2298,0.1313,-1.7505,0.08,0.7706
Pet2,Pet2,30.1524,0.1105,0.3014,0.3665,0.714,0.9766
Pex1,Pex1,530.0527,0.0772,0.0828,0.9322,0.3512,0.9271
Pex10,Pex10,196.5668,-0.074,0.1216,-0.6088,0.5427,0.9571
Pex11a,Pex11a,107.7958,0.0452,0.1515,0.2985,0.7653,0.985
Pex11b,Pex11b,1299.6325,-0.0504,0.1016,-0.4961,0.6198,0.966
Pex11g,Pex11g,133.8725,-0.16,0.1422,-1.1249,0.2606,0.8968
Pex12,Pex12,522.2508,-0.0336,0.0983,-0.3423,0.7321,0.9802
Pex13,Pex13,1442.0847,0.0147,0.0738,0.1988,0.8424,0.9906
Pex14,Pex14,1570.8332,-0.0134,0.0789,-0.1696,0.8653,0.9906
Pex16,Pex16,528.6279,-0.0346,0.0824,-0.4201,0.6744,0.9711
Pex19,Pex19,5852.0167,0.0244,0.0969,0.2517,0.8013,0.9871
Pex2,Pex2,1715.1206,-0.0484,0.055,-0.8789,0.3795,0.9303
Pex26,Pex26,330.4535,-0.0009,0.114,-0.0076,0.9939,0.9993
Pex3,Pex3,1042.0719,-0.016,0.0623,-0.2569,0.7973,0.9871
Pex5,Pex5,2480.737,0.0524,0.0786,0.6663,0.5052,0.9515
Pex5l,Pex5l,32.6853,0.1538,0.3114,0.494,0.6213,0.966
Pex6,Pex6,1569.798,-0.0236,0.0718,-0.3286,0.7425,0.983
Pex7,Pex7,494.3358,-0.0009,0.0777,-0.0122,0.9903,0.9993
Pf4,Pf4,1.9183,-0.2139,1.0745,-0.1991,0.8422,
Pfas,Pfas,947.5858,0.0488,0.0585,0.8346,0.4039,0.9365
Pfdn1,Pfdn1,1372.8415,-0.1525,0.0709,-2.1521,0.0314,0.6516
Pfdn2,Pfdn2,1471.4185,-0.0082,0.1071,-0.0762,0.9393,0.9971
Pfdn4,Pfdn4,685.5489,-0.0133,0.0994,-0.1341,0.8934,0.9922
Pfdn5,Pfdn5,4831.4183,-0.0876,0.1007,-0.8698,0.3844,0.9315
Pfdn6,Pfdn6,1110.4814,-0.0377,0.0838,-0.4507,0.6522,0.9684
Pfkfb1,Pfkfb1,47.3214,-0.0065,0.2097,-0.0311,0.9752,0.9975
Pfkfb2,Pfkfb2,623.9335,0.1218,0.0776,1.5696,0.1165,0.8127
Pfkfb3,Pfkfb3,680.5179,-0.2129,0.133,-1.6005,0.1095,0.8072
Pfkfb4,Pfkfb4,407.5557,0.1252,0.0929,1.3485,0.1775,0.8659
Pfkl,Pfkl,6725.8405,-0.5079,0.3368,-1.5078,0.1316,0.826
Pfkm,Pfkm,7300.5925,-0.117,0.1083,-1.0807,0.2798,0.9074
Pfkp,Pfkp,3093.7443,-0.3085,0.1146,-2.6917,0.0071,0.4351
Pfn1,Pfn1,19968.0718,-0.1332,0.0707,-1.8841,0.0596,0.749
Pfn2,Pfn2,345.1685,0.0868,0.1137,0.7635,0.4452,0.9455
Pfn4,Pfn4,1.7466,-1.3688,1.1165,-1.2259,0.2202,
Pga5,Pga5,0.6843,-0.2696,1.6576,-0.1626,0.8708,
Pgam1,Pgam1,13727.326,-0.2274,0.3346,-0.6796,0.4967,0.9515
Pgam2,Pgam2,772.2089,-0.2249,0.1592,-1.4127,0.1577,0.8537
Pgam5,Pgam5,1996.0924,-0.0347,0.0744,-0.4664,0.6409,0.9681
Pgap1,Pgap1,238.9264,0.0109,0.1997,0.0545,0.9565,0.9974
Pgap2,Pgap2,902.804,-0.0888,0.0595,-1.4928,0.1355,0.8269
Pgap3,Pgap3,296.0377,0.0335,0.1114,0.3009,0.7635,0.9849
Pgbd1,Pgbd1,28.8553,-0.1305,0.262,-0.498,0.6185,0.966
Pgbd5,Pgbd5,6.9374,0.3363,0.52,0.6469,0.5177,
Pgd,Pgd,7961.9569,0.1114,0.1595,0.6987,0.4848,0.9515
Pgf,Pgf,708.9353,-0.0037,0.1039,-0.0353,0.9719,0.9974
Pggt1b,Pggt1b,346.3648,0.09,0.1178,0.764,0.4449,0.9455
Pgk1,Pgk1,37951.5932,-0.3642,0.1229,-2.964,0.003,0.3408
Pgls,Pgls,1482.0561,-0.0502,0.0649,-0.7729,0.4396,0.9455
Pglyrp1,Pglyrp1,0.8595,0.293,1.7051,0.1718,0.8636,
Pgm1,Pgm1,1248.494,-0.0209,0.0729,-0.2869,0.7742,0.985
Pgm2,Pgm2,4794.7226,-0.3495,0.1327,-2.6347,0.0084,0.4585
Pgm2l1,Pgm2l1,92.6215,0.0634,0.1816,0.3489,0.7271,0.9796
Pgm3,Pgm3,847.584,0.0305,0.0696,0.4389,0.6607,0.9702
Pgm5,Pgm5,2413.8683,-0.294,0.165,-1.7817,0.0748,0.7682
Pgp,Pgp,841.376,-0.077,0.0864,-0.8906,0.3731,0.9295
Pgpep1,Pgpep1,1707.7249,-0.0078,0.1206,-0.0644,0.9487,0.9974
Pgpep1l,Pgpep1l,4.0172,-0.1354,0.7881,-0.1718,0.8636,
Pgrmc1,Pgrmc1,4080.0505,0.0814,0.0625,1.3014,0.1931,0.8764
Pgrmc2,Pgrmc2,4341.3647,-0.039,0.0595,-0.6555,0.5122,0.9533
Pgs1,Pgs1,2067.1891,-0.0345,0.0627,-0.5504,0.582,0.9637
Phactr1,Phactr1,1.8164,-0.9717,1.2562,-0.7735,0.4392,
Phactr2,Phactr2,1.0568,0.2405,1.5638,0.1538,0.8778,
Phactr3,Phactr3,0.8664,2.4603,1.761,1.3972,0.1624,
Phactr4,Phactr4,2053.768,-0.0094,0.0521,-0.1805,0.8568,0.9906
Phax,Phax,1432.9286,0.1076,0.0514,2.0925,0.0364,0.6818
Phb,Phb,2568.3932,-0.111,0.0949,-1.1695,0.2422,0.8923
Phb2,Phb2,4680.7981,-0.0491,0.083,-0.5923,0.5536,0.9571
Phc1,Phc1,1068.3757,-0.0639,0.0786,-0.813,0.4162,0.94
Phc2,Phc2,5075.0013,-0.0353,0.0546,-0.6462,0.5181,0.9553
Phc3,Phc3,1517.214,0.0299,0.1856,0.1613,0.8719,0.991
Phex,Phex,141.5274,0.4081,0.3595,1.1353,0.2562,0.8935
Phf1,Phf1,784.0608,0.0253,0.092,0.2746,0.7836,0.985
Phf10,Phf10,2789.0643,0.0696,0.0531,1.3101,0.1902,0.874
Phf11a,Phf11a,0.6681,-0.3891,1.7673,-0.2202,0.8257,
Phf11b,Phf11b,12.875,-0.0517,0.4137,-0.1249,0.9006,
Phf11c,Phf11c,21.1524,-0.2054,0.3349,-0.6131,0.5398,0.9571
Phf11d,Phf11d,71.2326,0.1415,0.2502,0.5654,0.5718,0.9612
Phf12,Phf12,1874.6082,0.1374,0.0595,2.3111,0.0208,0.6047
Phf13,Phf13,1590.0477,0.0537,0.0862,0.6233,0.5331,0.9571
Phf14,Phf14,811.5283,0.0684,0.1311,0.5217,0.6019,0.966
Phf19,Phf19,356.5737,-0.0897,0.1895,-0.4736,0.6358,0.9681
Phf2,Phf2,2897.7446,0.0424,0.0504,0.8424,0.3996,0.9354
Phf20,Phf20,2415.3022,0.0596,0.0778,0.7663,0.4435,0.9455
Phf20l1,Phf20l1,832.7235,0.1329,0.1641,0.8102,0.4178,0.94
Phf21a,Phf21a,1387.9646,0.1153,0.0845,1.3647,0.1723,0.8614
Phf21b,Phf21b,4.9981,-0.1825,0.6787,-0.269,0.788,
Phf23,Phf23,2754.3177,-0.1265,0.0515,-2.4544,0.0141,0.5583
Phf3,Phf3,1965.0185,0.1239,0.145,0.8548,0.3926,0.9341
Phf5a,Phf5a,1802.5364,-0.0435,0.0724,-0.6013,0.5476,0.9571
Phf6,Phf6,1071.6806,-0.0175,0.152,-0.1152,0.9083,0.9939
Phf7,Phf7,230.5424,-0.0083,0.1092,-0.0759,0.9395,0.9971
Phf8,Phf8,1083.716,0.1035,0.0802,1.2906,0.1968,0.8806
Phgdh,Phgdh,5106.048,-0.046,0.1029,-0.447,0.6549,0.9687
Phip,Phip,527.3717,0.3499,0.1872,1.8687,0.0617,0.7531
Phka1,Phka1,846.376,-0.039,0.0668,-0.5839,0.5593,0.9579
Phka2,Phka2,1293.2033,0.0109,0.0591,0.1852,0.8531,0.9906
Phkb,Phkb,3431.1471,0.1281,0.0695,1.8445,0.0651,0.7608
Phkg1,Phkg1,15.7584,0.4025,0.3563,1.1296,0.2586,
Phkg2,Phkg2,266.2235,-0.0413,0.1236,-0.3342,0.7383,0.9817
Phlda1,Phlda1,1914.0462,-0.2187,0.1525,-1.4342,0.1515,0.8466
Phlda3,Phlda3,6345.864,0.0285,0.1074,0.2652,0.7908,0.9865
Phldb1,Phldb1,4574.6121,0.089,0.07,1.2699,0.2041,0.8854
Phldb2,Phldb2,6649.8692,0.1272,0.1055,1.2059,0.2278,0.8911
Phldb3,Phldb3,229.381,-0.1979,0.1606,-1.2321,0.2179,0.8877
Phlpp1,Phlpp1,708.2743,-0.0324,0.0837,-0.387,0.6988,0.9736
Phlpp2,Phlpp2,489.7825,0.1835,0.1115,1.6453,0.0999,0.7895
Phospho1,Phospho1,146.8351,0.0688,0.2211,0.311,0.7558,0.9849
Phospho2,Phospho2,958.673,-0.0263,0.0773,-0.3409,0.7332,0.9802
Phpt1,Phpt1,921.8367,-0.0356,0.0975,-0.3652,0.715,0.9766
Phrf1,Phrf1,2590.8369,-0.0426,0.0436,-0.9762,0.329,0.9197
Phtf1,Phtf1,1485.7434,0.0461,0.0669,0.6884,0.4912,0.9515
Phtf1os,Phtf1os,4.3691,-0.3547,0.7776,-0.4561,0.6483,
Phtf2,Phtf2,456.0835,-0.0536,0.1211,-0.4424,0.6582,0.97
Phyh,Phyh,680.4011,0.0034,0.0717,0.0469,0.9626,0.9974
Phyhd1,Phyhd1,509.3875,-0.1601,0.0796,-2.0105,0.0444,0.7227
Phyhip,Phyhip,5.3231,-0.9236,0.62,-1.4896,0.1363,
Phyhipl,Phyhipl,1.5402,0.5266,1.0896,0.4833,0.6289,
Phykpl,Phykpl,263.8198,0.1673,0.1208,1.3845,0.1662,0.8608
Pi15,Pi15,641.3078,0.1676,0.2424,0.6917,0.4892,0.9515
Pi16,Pi16,61.7457,-0.2848,0.2069,-1.377,0.1685,0.8614
Pi4k2a,Pi4k2a,2512.9465,0.0031,0.0891,0.0343,0.9726,0.9974
Pi4k2b,Pi4k2b,1273.4936,0.157,0.086,1.826,0.0679,0.7617
Pi4ka,Pi4ka,3013.948,0.0686,0.0606,1.1317,0.2578,0.8963
Pi4kb,Pi4kb,2774.2274,-0.0471,0.0515,-0.9146,0.3604,0.9295
Pianp,Pianp,132.8624,0.2028,0.1801,1.1261,0.2601,0.8968
Pias1,Pias1,1019.4371,0.0464,0.1056,0.4391,0.6606,0.9702
Pias2,Pias2,2617.5867,0.0191,0.0935,0.2038,0.8385,0.9906
Pias3,Pias3,1695.2573,0.0396,0.0849,0.4666,0.6408,0.9681
Pias4,Pias4,932.4361,-0.0371,0.0716,-0.5182,0.6043,0.966
Pibf1,Pibf1,236.1977,0.2007,0.1432,1.4017,0.161,0.8572
Picalm,Picalm,5219.423,0.0309,0.1102,0.2807,0.779,0.985
Pick1,Pick1,552.3976,0.0462,0.0945,0.4893,0.6246,0.9673
Pid1,Pid1,406.1715,0.1838,0.1729,1.0631,0.2877,0.9079
Pidd1,Pidd1,161.4246,0.1365,0.127,1.0748,0.2825,0.9074
Piezo1,Piezo1,5057.2368,-0.0338,0.0775,-0.4363,0.6626,0.9702
Piezo2,Piezo2,849.3138,0.1475,0.1014,1.4536,0.1461,0.8425
Pif1,Pif1,251.4245,-0.0499,0.098,-0.5094,0.6105,0.966
Piga,Piga,417.2044,-0.0737,0.1046,-0.7044,0.4812,0.9506
Pigb,Pigb,125.9112,0.154,0.1324,1.1635,0.2446,0.8923
Pigc,Pigc,1120.192,-0.0847,0.0565,-1.4993,0.1338,0.826
Pigf,Pigf,408.4463,0.1011,0.1006,1.0047,0.3151,0.9173
Pigg,Pigg,455.1351,0.1846,0.1127,1.6371,0.1016,0.7921
Pigh,Pigh,251.0975,0.1356,0.0991,1.368,0.1713,0.8614
Pigk,Pigk,2881.8428,0.0659,0.0515,1.2782,0.2012,0.8828
Pigl,Pigl,140.7432,-0.0828,0.1359,-0.6089,0.5426,0.9571
Pigm,Pigm,903.5405,0.073,0.0778,0.9387,0.3479,0.9264
Pign,Pign,1646.9316,0.0931,0.1152,0.8081,0.419,0.94
Pigo,Pigo,322.1459,-0.0082,0.0999,-0.0817,0.9349,0.9966
Pigp,Pigp,1188.4433,-0.016,0.0567,-0.2818,0.7781,0.985
Pigq,Pigq,2267.9163,-0.012,0.0503,-0.2387,0.8113,0.9886
Pigs,Pigs,3173.8702,0.0286,0.0491,0.5825,0.5602,0.9579
Pigt,Pigt,3552.1348,0.0163,0.0598,0.273,0.7849,0.985
Pigu,Pigu,1097.7813,-0.0671,0.0558,-1.2025,0.2292,0.8914
Pigv,Pigv,459.5108,0.0423,0.0795,0.5321,0.5947,0.964
Pigw,Pigw,232.5548,0.1361,0.1183,1.1501,0.2501,0.8923
Pigx,Pigx,620.9335,-0.0439,0.0912,-0.4817,0.63,0.968
Pigyl,Pigyl,410.7964,-0.073,0.0835,-0.8748,0.3817,0.9306
Pigz,Pigz,2.9165,-0.5001,0.9673,-0.517,0.6052,
Pih1d1,Pih1d1,705.2758,-0.0779,0.1311,-0.5941,0.5524,0.9571
Pih1d2,Pih1d2,59.0663,0.1646,0.2054,0.8011,0.423,0.9415
Pik3ap1,Pik3ap1,0.2933,0.8438,2.6273,0.3212,0.7481,
Pik3c2a,Pik3c2a,821.1788,0.0638,0.1767,0.3611,0.718,0.9777
Pik3c2b,Pik3c2b,358.7617,0.1214,0.0908,1.3369,0.1813,0.8705
Pik3c2g,Pik3c2g,6.9154,0.5756,0.5264,1.0934,0.2742,
Pik3c3,Pik3c3,1265.8955,0.0066,0.0724,0.0905,0.9279,0.9957
Pik3ca,Pik3ca,2347.9884,0.0505,0.0945,0.5344,0.593,0.964
Pik3cb,Pik3cb,464.7308,-0.0978,0.1189,-0.8229,0.4106,0.9377
Pik3cd,Pik3cd,65.0516,0.016,0.1991,0.0802,0.936,0.9971
Pik3ip1,Pik3ip1,1057.1698,0.1656,0.158,1.0476,0.2948,0.9119
Pik3r1,Pik3r1,3592.6666,0.2299,0.1634,1.4066,0.1595,0.8558
Pik3r2,Pik3r2,3968.1567,-0.0363,0.0449,-0.8094,0.4183,0.94
Pik3r3,Pik3r3,1233.4142,0.0654,0.1296,0.5044,0.614,0.966
Pik3r4,Pik3r4,1499.5599,0.0439,0.0616,0.7128,0.476,0.949
Pik3r5,Pik3r5,48.8314,-0.3613,0.3243,-1.1143,0.2651,0.8981
Pik3r6,Pik3r6,0.4793,-0.9427,2.3291,-0.4048,0.6857,
Pikfyve,Pikfyve,759.0516,0.0059,0.1793,0.0331,0.9736,0.9974
Pilra,Pilra,0.9639,-0.5527,1.3835,-0.3995,0.6895,
Pim1,Pim1,624.498,-0.1345,0.122,-1.1022,0.2704,0.9027
Pim2,Pim2,102.5138,-0.1007,0.1796,-0.561,0.5748,0.9614
Pim3,Pim3,942.1634,-0.0168,0.0728,-0.2315,0.8169,0.989
Pin1,Pin1,1649.3543,-0.0712,0.071,-1.0021,0.3163,0.9173
Pin4,Pin4,386.4736,-0.1382,0.0887,-1.5572,0.1194,0.8127
Pink1,Pink1,3650.788,0.0792,0.1071,0.7391,0.4598,0.9483
Pinlyp,Pinlyp,1.2549,0.8611,1.3059,0.6594,0.5097,
Pinx1,Pinx1,417.9147,0.0026,0.0868,0.0294,0.9765,0.9975
Pip4k2a,Pip4k2a,1415.1787,-0.0037,0.0773,-0.0485,0.9613,0.9974
Pip4k2b,Pip4k2b,2814.9153,0.0127,0.067,0.189,0.8501,0.9906
Pip4k2c,Pip4k2c,1810.1864,-0.0118,0.0781,-0.1514,0.8797,0.9914
Pip5k1a,Pip5k1a,3332.5558,0.0698,0.0748,0.9333,0.3507,0.9271
Pip5k1b,Pip5k1b,12.7416,-0.2721,0.4961,-0.5486,0.5833,
Pip5k1c,Pip5k1c,2145.0051,-0.0355,0.0637,-0.5568,0.5777,0.963
Pip5kl1,Pip5kl1,1.2497,-0.3311,1.2057,-0.2746,0.7836,
Pipox,Pipox,0.5799,-0.5062,2.0042,-0.2526,0.8006,
Pir,Pir,623.3726,0.1082,0.1027,1.0541,0.2918,0.9088
Pisd,Pisd,2005.4324,-0.0387,0.067,-0.5779,0.5633,0.9583
Pisd-ps1,Pisd-ps1,204.9645,0.1641,0.1087,1.5105,0.1309,0.8258
Pisd-ps2,Pisd-ps2,30.343,0.2796,0.2798,0.9995,0.3175,0.9173
Pithd1,Pithd1,1136.0117,-0.0465,0.0754,-0.6169,0.5373,0.9571
Pitpna,Pitpna,7494.5878,-0.0333,0.0698,-0.4776,0.6329,0.9681
Pitpnb,Pitpnb,4108.3282,0.0537,0.06,0.8948,0.3709,0.9295
Pitpnc1,Pitpnc1,99.1229,-0.0231,0.1669,-0.1385,0.8899,0.992
Pitpnm1,Pitpnm1,2447.3537,0.0688,0.1088,0.6318,0.5275,0.9565
Pitpnm2,Pitpnm2,667.1858,0.054,0.0974,0.5546,0.5791,0.963
Pitrm1,Pitrm1,3484.9641,0.0973,0.0522,1.8627,0.0625,0.7549
Pitx2,Pitx2,3023.7347,0.1852,0.0945,1.96,0.05,0.7227
Pitx3,Pitx3,132.3169,0.0513,0.1562,0.3286,0.7424,0.983
Piwil2,Piwil2,7.1981,0.446,0.5367,0.8309,0.406,
Piwil4,Piwil4,13.8919,-0.29,0.3676,-0.7891,0.4301,
Pja1,Pja1,2824.3806,0.0991,0.0826,1.1989,0.2306,0.8923
Pja2,Pja2,5735.1757,0.0674,0.0921,0.7317,0.4643,0.9483
Pkd1,Pkd1,6473.3715,0.0082,0.0846,0.0967,0.923,0.9957
Pkd1l2,Pkd1l2,1.346,-0.6989,1.2142,-0.5756,0.5649,
Pkd1l3,Pkd1l3,46.9949,0.4033,0.2318,1.7401,0.0818,0.7744
Pkd2,Pkd2,3599.6191,0.1691,0.0714,2.3684,0.0179,0.582
Pkd2l2,Pkd2l2,238.6618,0.2673,0.253,1.0568,0.2906,0.9079
Pkdcc,Pkdcc,313.9749,0.0185,0.1301,0.1423,0.8868,0.9917
Pkhd1,Pkhd1,174.8812,0.0328,0.1554,0.2113,0.8326,0.9906
Pkia,Pkia,5192.8101,-0.0612,0.1047,-0.5841,0.5591,0.9579
Pkig,Pkig,5419.9805,-0.143,0.0786,-1.8204,0.0687,0.7617
Pkm,Pkm,94613.4159,-0.2361,0.0705,-3.3505,0.0008,0.2269
Pkmyt1,Pkmyt1,270.6161,-0.2006,0.2112,-0.9498,0.3422,0.9246
Pkn1,Pkn1,2657.1314,-0.0208,0.0641,-0.324,0.746,0.9837
Pkn2,Pkn2,2099.0168,0.0783,0.1245,0.6285,0.5297,0.9568
Pkn3,Pkn3,166.7409,-0.4195,0.2038,-2.0584,0.0396,0.7049
Pknox1,Pknox1,1214.716,0.0154,0.083,0.1859,0.8525,0.9906
Pknox2,Pknox2,781.1581,0.0077,0.1244,0.0618,0.9507,0.9974
Pkp1,Pkp1,3128.9246,-0.2198,0.0912,-2.4096,0.016,0.5725
Pkp2,Pkp2,1047.2785,0.0282,0.1446,0.1953,0.8452,0.9906
Pkp3,Pkp3,19.4034,-0.5583,0.3253,-1.7163,0.0861,
Pkp4,Pkp4,1338.3293,-0.1116,0.0829,-1.3462,0.1782,0.866
Pla1a,Pla1a,1153.2555,-0.0194,0.1249,-0.1551,0.8767,0.9914
Pla2g12a,Pla2g12a,852.161,-0.1062,0.0757,-1.4041,0.1603,0.8567
Pla2g12b,Pla2g12b,5.0101,1.0283,0.8646,1.1893,0.2343,
Pla2g15,Pla2g15,1566.1602,0.2098,0.1221,1.7185,0.0857,0.7807
Pla2g16,Pla2g16,2780.3046,-0.0694,0.0937,-0.7402,0.4592,0.9483
Pla2g1b,Pla2g1b,0.8653,-2.0342,1.5854,-1.2831,0.1995,
Pla2g2d,Pla2g2d,0.7666,-0.7758,1.5787,-0.4914,0.6232,
Pla2g2e,Pla2g2e,23.1375,-0.4282,0.322,-1.3299,0.1836,0.8726
Pla2g3,Pla2g3,3.6704,0.5578,0.8436,0.6613,0.5084,
Pla2g4a,Pla2g4a,894.9607,0.0276,0.0733,0.3767,0.7064,0.9744
Pla2g4b,Pla2g4b,3.1861,1.4963,0.87,1.7199,0.0855,
Pla2g4c,Pla2g4c,10.8504,0.0128,0.5251,0.0244,0.9806,
Pla2g4f,Pla2g4f,0.8721,0.9054,1.589,0.5698,0.5688,
Pla2g5,Pla2g5,1.0683,-2.4928,1.6166,-1.542,0.1231,
Pla2g6,Pla2g6,1056.5288,0.0179,0.1088,0.1644,0.8694,0.9906
Pla2g7,Pla2g7,238.7922,0.2951,0.1181,2.4989,0.0125,0.5308
Pla2r1,Pla2r1,665.1241,0.2037,0.1247,1.6335,0.1024,0.7936
Plaa,Plaa,3253.8876,0.0127,0.0821,0.1549,0.8769,0.9914
Plac1,Plac1,4.3322,-1.1756,0.7041,-1.6698,0.095,
Plac8,Plac8,18.1619,-0.4816,0.4381,-1.0993,0.2717,
Plag1,Plag1,25.0923,-0.2409,0.3114,-0.7736,0.4392,0.9455
Plagl1,Plagl1,7.8189,-0.531,0.5899,-0.9003,0.368,
Plagl2,Plagl2,548.1403,0.1377,0.1023,1.3457,0.1784,0.8662
Plat,Plat,6802.3552,0.0513,0.1048,0.4892,0.6247,0.9673
Platr14,Platr14,184.6823,-0.2173,0.1901,-1.1431,0.253,0.893
Platr20,Platr20,1.152,-0.8951,1.4101,-0.6348,0.5256,
Platr22,Platr22,2.3244,-2.478,1.2016,-2.0622,0.0392,
Plau,Plau,4424.4392,-0.1887,0.0924,-2.0433,0.041,0.7111
Plaur,Plaur,549.6703,-0.0857,0.097,-0.8837,0.3769,0.9301
Plb1,Plb1,45.8463,-0.0181,0.2134,-0.085,0.9323,0.9957
Plbd1,Plbd1,7.8072,0.1795,0.5387,0.3332,0.739,
Plbd2,Plbd2,6004.4509,0.0587,0.1062,0.5531,0.5802,0.9633
Plcb1,Plcb1,89.4465,0.3937,0.199,1.9782,0.0479,0.7227
Plcb2,Plcb2,1.5213,0.6358,1.3951,0.4557,0.6486,
Plcb3,Plcb3,4549.4998,-0.0822,0.0596,-1.3804,0.1675,0.8614
Plcb4,Plcb4,673.6663,0.2958,0.1095,2.6999,0.0069,0.4351
Plcd1,Plcd1,1473.4472,0.1305,0.1373,0.9507,0.3418,0.9246
Plcd3,Plcd3,1320.7409,-0.0183,0.0585,-0.3129,0.7544,0.9849
Plcd4,Plcd4,15.0546,0.4296,0.4108,1.0456,0.2957,
Plce1,Plce1,0.6771,-1.6543,1.8593,-0.8898,0.3736,
Plcg1,Plcg1,3230.101,0.0467,0.0734,0.6357,0.525,0.956
Plcg2,Plcg2,95.0488,-0.297,0.232,-1.28,0.2006,0.8828
Plch1,Plch1,0.9687,-0.7063,1.4931,-0.4731,0.6362,
Plch2,Plch2,8.1896,-0.0069,0.5332,-0.0129,0.9897,
Plcl1,Plcl1,269.4428,-0.0569,0.1602,-0.355,0.7226,0.9788
Plcl2,Plcl2,350.32,0.1069,0.0938,1.1396,0.2545,0.893
Plcxd1,Plcxd1,24.6803,0.1508,0.3269,0.4612,0.6446,0.9684
Plcxd2,Plcxd2,115.4285,0.1859,0.2173,0.8555,0.3923,0.9341
Pld1,Pld1,885.1905,0.1343,0.0753,1.7849,0.0743,0.7682
Pld2,Pld2,1158.5062,-0.0955,0.0681,-1.4021,0.1609,0.8572
Pld3,Pld3,6192.1612,-0.0324,0.0978,-0.3316,0.7402,0.9825
Pld4,Pld4,1.2632,1.6725,1.4413,1.1604,0.2459,
Pld5,Pld5,0.6753,1.122,1.8849,0.5952,0.5517,
Pld6,Pld6,0.4814,-1.1304,2.0481,-0.5519,0.581,
Pldi,Pldi,2.4983,0.3028,0.9093,0.333,0.7392,
Plec,Plec,20843.7406,-0.0513,0.0647,-0.7934,0.4275,0.9431
Plek,Plek,35.4114,-0.0464,0.3321,-0.1398,0.8888,0.992
Plek2,Plek2,29.5292,-0.45,0.4632,-0.9715,0.3313,0.9201
Plekha1,Plekha1,2005.9758,0.0102,0.1156,0.0885,0.9294,0.9957
Plekha2,Plekha2,3856.0981,-0.0148,0.0589,-0.2515,0.8014,0.9871
Plekha3,Plekha3,1795.0272,0.0792,0.0894,0.8859,0.3757,0.9295
Plekha4,Plekha4,147.6721,-0.0176,0.1871,-0.094,0.9251,0.9957
Plekha5,Plekha5,984.1779,0.1479,0.085,1.7402,0.0818,0.7744
Plekha6,Plekha6,344.1732,0.0954,0.1074,0.8876,0.3747,0.9295
Plekha7,Plekha7,225.8694,-0.1928,0.1977,-0.9755,0.3293,0.9197
Plekha8,Plekha8,624.7519,0.1259,0.0981,1.2825,0.1997,0.8828
Plekhb1,Plekhb1,67.3501,-0.7552,0.2628,-2.8734,0.0041,0.3664
Plekhb2,Plekhb2,5701.4085,-0.0622,0.0657,-0.9457,0.3443,0.9246
Plekhd1,Plekhd1,0.6712,2.9688,2.0653,1.4375,0.1506,
Plekhf1,Plekhf1,827.2275,0.0006,0.0663,0.0097,0.9922,0.9993
Plekhf2,Plekhf2,798.2202,-0.0464,0.0834,-0.5564,0.5779,0.963
Plekhg1,Plekhg1,22.5833,-0.1011,0.3329,-0.3037,0.7614,0.9849
Plekhg2,Plekhg2,1668.574,0.0356,0.0734,0.4854,0.6274,0.9673
Plekhg3,Plekhg3,1072.0876,0.0226,0.0697,0.3244,0.7456,0.9836
Plekhg4,Plekhg4,395.4117,0.0459,0.1783,0.2572,0.797,0.9871
Plekhg5,Plekhg5,5099.1147,-0.0117,0.0878,-0.1329,0.8942,0.9923
Plekhg6,Plekhg6,45.3792,0.4653,0.2276,2.0442,0.0409,0.7111
Plekhh1,Plekhh1,304.2855,-0.0407,0.1325,-0.3074,0.7586,0.9849
Plekhh2,Plekhh2,1743.9428,0.0496,0.0724,0.6854,0.4931,0.9515
Plekhh3,Plekhh3,826.9741,0.0428,0.0968,0.4418,0.6586,0.97
Plekhj1,Plekhj1,1027.3932,-0.069,0.0637,-1.0836,0.2785,0.9074
Plekhm1,Plekhm1,1391.1628,0.0364,0.0878,0.4146,0.6784,0.9717
Plekhm2,Plekhm2,1801.0906,-0.028,0.0752,-0.3717,0.7101,0.9751
Plekhm3,Plekhm3,851.5074,0.1352,0.0824,1.6404,0.1009,0.7908
Plekhn1,Plekhn1,172.5957,0.1154,0.1372,0.8409,0.4004,0.9357
Plekho1,Plekho1,2080.104,-0.1407,0.0886,-1.5888,0.1121,0.8127
Plekho2,Plekho2,2511.0757,0.1438,0.1406,1.0227,0.3065,0.9169
Plekhs1,Plekhs1,6.8511,0.6956,0.6005,1.1583,0.2468,
Plet1,Plet1,75.7009,-0.0545,0.2639,-0.2064,0.8365,0.9906
Plet1os,Plet1os,3.1929,-1.209,0.9309,-1.2988,0.194,
Plg,Plg,1.6414,-1.3309,1.2087,-1.1011,0.2709,
Plgrkt,Plgrkt,719.8929,0.078,0.0806,0.9668,0.3337,0.9207
Plin1,Plin1,0.7574,2.135,1.8986,1.1245,0.2608,
Plin2,Plin2,5822.979,-0.0412,0.0918,-0.4482,0.654,0.9687
Plin3,Plin3,3809.0148,-0.039,0.0869,-0.4483,0.654,0.9687
Plin4,Plin4,109.1147,-0.1457,0.2982,-0.4885,0.6252,0.9673
Plin5,Plin5,0.9655,1.7608,1.5899,1.1075,0.2681,
Plk1,Plk1,1832.855,-0.2275,0.1546,-1.4713,0.1412,0.8389
Plk2,Plk2,7218.6788,-0.1225,0.1315,-0.9314,0.3516,0.9271
Plk3,Plk3,406.8943,-0.1267,0.1449,-0.875,0.3816,0.9306
Plk4,Plk4,790.523,-0.0111,0.1849,-0.0603,0.9519,0.9974
Plk5,Plk5,1.4633,0.1725,1.4667,0.1176,0.9064,
Pllp,Pllp,11.1304,0.4869,0.448,1.0869,0.2771,
Plod1,Plod1,9172.0895,-0.1483,0.0687,-2.1573,0.031,0.6516
Plod2,Plod2,6452.8587,0.04,0.1716,0.2331,0.8157,0.989
Plod3,Plod3,4932.9667,-0.034,0.0679,-0.5001,0.617,0.966
Plp1,Plp1,16.7371,0.3684,0.4269,0.8629,0.3882,
Plp2,Plp2,3747.6275,-0.0913,0.1281,-0.7126,0.4761,0.949
Plrg1,Plrg1,2367.8607,-0.1087,0.0515,-2.1114,0.0347,0.6753
Pls1,Pls1,2.9019,-1.2248,0.9314,-1.315,0.1885,
Pls3,Pls3,11398.4683,0.0097,0.0536,0.1803,0.8569,0.9906
Plscr1,Plscr1,913.495,-0.0262,0.0729,-0.3588,0.7197,0.9784
Plscr2,Plscr2,1015.3362,0.2374,0.125,1.8987,0.0576,0.7477
Plscr3,Plscr3,2103.0566,-0.0385,0.0771,-0.4994,0.6175,0.966
Plscr4,Plscr4,1018.545,0.1157,0.0877,1.3192,0.1871,0.874
Pltp,Pltp,3055.1175,0.0861,0.1131,0.7616,0.4463,0.9455
Plvap,Plvap,17.8121,-0.3715,0.4083,-0.9098,0.3629,
Plxdc1,Plxdc1,220.4476,-0.1731,0.1797,-0.9633,0.3354,0.9207
Plxdc2,Plxdc2,368.9775,-0.1037,0.1372,-0.7557,0.4499,0.9455
Plxna1,Plxna1,6665.2334,0.0597,0.065,0.9192,0.358,0.9295
Plxna2,Plxna2,1429.362,0.0785,0.0713,1.1017,0.2706,0.9028
Plxna3,Plxna3,1358.8283,0.0416,0.0661,0.6282,0.5299,0.9568
Plxna4,Plxna4,34.6789,-0.3037,0.2425,-1.2521,0.2105,0.8875
Plxnb1,Plxnb1,708.1713,-0.0995,0.101,-0.9851,0.3246,0.9197
Plxnb2,Plxnb2,16269.7692,-0.0185,0.0522,-0.354,0.7233,0.9788
Plxnb3,Plxnb3,64.1909,-0.2434,0.1944,-1.2524,0.2104,0.8875
Plxnc1,Plxnc1,13.9593,-0.2372,0.3831,-0.6191,0.5358,
Plxnd1,Plxnd1,4438.2879,0.0456,0.0583,0.7819,0.4343,0.9453
Pm20d1,Pm20d1,4.7346,0.189,0.643,0.2939,0.7688,
Pm20d2,Pm20d2,13.032,0.2363,0.4184,0.5649,0.5722,
Pmaip1,Pmaip1,1471.5193,-0.2562,0.1436,-1.7838,0.0745,0.7682
Pmch,Pmch,4.4251,-0.5428,0.7291,-0.7444,0.4566,
Pmel,Pmel,18.1692,0.2775,0.4062,0.6832,0.4945,
Pmepa1,Pmepa1,13683.8156,-0.1529,0.1506,-1.0155,0.3099,0.9171
Pmf1,Pmf1,709.5105,-0.1663,0.0814,-2.0425,0.0411,0.7111
Pml,Pml,2949.2558,0.0858,0.0866,0.9912,0.3216,0.9197
Pmm1,Pmm1,1382.9573,-0.0519,0.0638,-0.8127,0.4164,0.94
Pmm2,Pmm2,1225.7802,0.0006,0.0845,0.0076,0.994,0.9993
Pmp22,Pmp22,7212.5267,0.1379,0.1239,1.1129,0.2658,0.8981
Pmpca,Pmpca,4022.2778,-0.0316,0.0722,-0.4377,0.6616,0.9702
Pmpcb,Pmpcb,3208.2617,-0.0097,0.068,-0.1422,0.8869,0.9917
Pms1,Pms1,186.5909,-0.0403,0.1718,-0.2348,0.8144,0.9889
Pms2,Pms2,461.1617,-0.0244,0.0854,-0.2861,0.7748,0.985
Pmvk,Pmvk,507.4971,-0.2567,0.115,-2.2324,0.0256,0.6337
Pnck,Pnck,5.4759,-0.2223,0.6171,-0.3602,0.7187,
Pnisr,Pnisr,925.5345,0.2162,0.1405,1.5386,0.1239,0.815
Pnkd,Pnkd,825.8072,0.0104,0.0704,0.148,0.8824,0.9914
Pnkp,Pnkp,814.8435,-0.1292,0.0797,-1.6196,0.1053,0.8
Pnldc1,Pnldc1,7.8881,0.0967,0.4958,0.195,0.8454,
Pnliprp2,Pnliprp2,0.5781,-1.3181,2.2009,-0.5989,0.5492,
Pnma1,Pnma1,41.8605,0.1054,0.2169,0.486,0.627,0.9673
Pnma2,Pnma2,0.9551,-0.1161,1.516,-0.0766,0.939,
Pnma5,Pnma5,0.6677,-1.5019,1.8962,-0.7921,0.4283,
Pnmal1,Pnmal1,1.4435,-0.2522,1.1689,-0.2157,0.8292,
Pnmal2,Pnmal2,2422.0515,-0.0997,0.0549,-1.8145,0.0696,0.7617
Pnmt,Pnmt,0.6847,-1.8838,2.2388,-0.8414,0.4001,
Pnn,Pnn,1049.6877,0.1522,0.1837,0.8283,0.4075,0.9374
Pno1,Pno1,1866.4574,0.0045,0.0977,0.0457,0.9635,0.9974
Pnp,Pnp,1835.4153,0.0453,0.0907,0.4997,0.6173,0.966
Pnp2,Pnp2,78.6111,-0.3381,0.788,-0.4291,0.6679,0.9702
Pnpla2,Pnpla2,1157.7281,0.1019,0.1757,0.5802,0.5618,0.9579
Pnpla3,Pnpla3,0.7742,-0.1428,1.5218,-0.0939,0.9252,
Pnpla6,Pnpla6,726.2506,-0.0234,0.0903,-0.2588,0.7958,0.9871
Pnpla7,Pnpla7,481.4006,0.088,0.1032,0.8525,0.3939,0.9341
Pnpla8,Pnpla8,1345.3044,0.091,0.1622,0.561,0.5748,0.9614
Pnpo,Pnpo,387.6703,-0.0044,0.1139,-0.0389,0.969,0.9974
Pnpt1,Pnpt1,762.1614,0.0974,0.0998,0.9751,0.3295,0.9197
Pnrc1,Pnrc1,2448.8311,-0.0554,0.0765,-0.7243,0.4689,0.9483
Pnrc2,Pnrc2,3004.6099,0.0035,0.0686,0.0511,0.9593,0.9974
Poc1a,Poc1a,172.6443,-0.096,0.1984,-0.4838,0.6285,0.9675
Poc1b,Poc1b,648.0134,-0.0055,0.0663,-0.0832,0.9337,0.9964
Poc5,Poc5,709.1545,0.0153,0.0758,0.2021,0.8398,0.9906
Podn,Podn,34.8987,-0.0412,0.3126,-0.132,0.895,0.9927
Podnl1,Podnl1,1501.5475,0.0825,0.0909,0.9076,0.3641,0.9295
Podxl,Podxl,66.9801,-0.4797,0.3019,-1.5891,0.112,0.8127
Podxl2,Podxl2,621.0231,0.125,0.1055,1.1847,0.2361,0.8923
Pofut1,Pofut1,2468.8027,0.0195,0.0495,0.3942,0.6934,0.9731
Pofut2,Pofut2,6351.83,0.033,0.0409,0.8072,0.4195,0.94
Pogk,Pogk,885.9764,0.1014,0.0826,1.2277,0.2195,0.8877
Poglut1,Poglut1,2910.1023,0.0859,0.0698,1.2295,0.2189,0.8877
Pogz,Pogz,1777.1477,0.0362,0.077,0.4698,0.6385,0.9681
Pola1,Pola1,514.6023,0.0305,0.2516,0.1214,0.9034,0.9939
Pola2,Pola2,805.0795,-0.1341,0.1083,-1.2379,0.2157,0.8877
Polb,Polb,1186.7289,-0.0398,0.0707,-0.563,0.5734,0.9614
Pold1,Pold1,593.0649,-0.0159,0.1103,-0.1439,0.8855,0.9916
Pold2,Pold2,1044.4807,0.0079,0.0843,0.0935,0.9255,0.9957
Pold3,Pold3,892.2073,-0.1234,0.1022,-1.2066,0.2276,0.8911
Pold4,Pold4,208.6834,0.1388,0.3012,0.4608,0.645,0.9684
Poldip2,Poldip2,4156.49,-0.0003,0.0812,-0.0041,0.9968,0.9995
Poldip3,Poldip3,5480.7223,-0.0369,0.0484,-0.7622,0.4459,0.9455
Pole,Pole,758.9726,-0.1586,0.1758,-0.9019,0.3671,0.9295
Pole2,Pole2,439.8775,-0.0564,0.1349,-0.4178,0.6761,0.9713
Pole3,Pole3,1088.2206,-0.0269,0.108,-0.2488,0.8035,0.9871
Pole4,Pole4,1443.801,-0.0159,0.0774,-0.2058,0.837,0.9906
Polg,Polg,1624.0417,0.0362,0.0619,0.585,0.5586,0.9579
Polg2,Polg2,138.7557,-0.0438,0.146,-0.2997,0.7644,0.9849
Polh,Polh,1525.7558,0.0156,0.0992,0.1571,0.8751,0.9914
Poli,Poli,267.753,0.184,0.1177,1.5623,0.1182,0.8127
Polk,Polk,590.5259,0.1721,0.1115,1.5432,0.1228,0.8143
Poll,Poll,454.0418,-0.0976,0.0776,-1.2586,0.2082,0.8875
Polm,Polm,473.336,0.0819,0.1131,0.724,0.4691,0.9483
Poln,Poln,5.104,-0.454,0.6725,-0.6751,0.4996,
Polq,Polq,140.5129,-0.1198,0.254,-0.4715,0.6372,0.9681
Polr1a,Polr1a,2805.5221,0.0846,0.0835,1.0132,0.311,0.9173
Polr1b,Polr1b,1099.405,0.0479,0.1014,0.4728,0.6363,0.9681
Polr1c,Polr1c,1493.3799,-0.1583,0.0534,-2.9624,0.0031,0.3408
Polr1d,Polr1d,1714.7362,-0.0642,0.0852,-0.7539,0.4509,0.9455
Polr1e,Polr1e,546.1663,0.0566,0.0777,0.7279,0.4667,0.9483
Polr2a,Polr2a,7048.0498,-0.0552,0.0553,-0.9986,0.318,0.9173
Polr2b,Polr2b,4771.5432,-0.0071,0.0615,-0.1153,0.9082,0.9939
Polr2c,Polr2c,2484.6517,-0.0333,0.0779,-0.4268,0.6695,0.9702
Polr2d,Polr2d,1125.0114,-0.1296,0.0702,-1.8452,0.065,0.7608
Polr2e,Polr2e,2377.9281,0.0009,0.1062,0.0086,0.9932,0.9993
Polr2f,Polr2f,1253.9464,-0.0927,0.0776,-1.1945,0.2323,0.8923
Polr2g,Polr2g,782.1438,-0.0849,0.1092,-0.7772,0.437,0.9455
Polr2h,Polr2h,693.8434,-0.087,0.0981,-0.8869,0.3751,0.9295
Polr2i,Polr2i,374.8585,-0.0013,0.1141,-0.0116,0.9908,0.9993
Polr2j,Polr2j,1071.2254,-0.0339,0.0888,-0.3812,0.7031,0.9743
Polr2k,Polr2k,975.1436,-0.0677,0.0627,-1.0796,0.2803,0.9074
Polr2l,Polr2l,640.7013,0.2114,0.2065,1.0239,0.3059,0.9168
Polr2m,Polr2m,8417.1309,0.0177,0.0677,0.2616,0.7936,0.9871
Polr3a,Polr3a,1116.614,0.0336,0.076,0.4418,0.6586,0.97
Polr3b,Polr3b,1763.4474,0.0953,0.0728,1.3097,0.1903,0.874
Polr3c,Polr3c,1318.0338,-0.1212,0.0568,-2.1363,0.0327,0.6622
Polr3d,Polr3d,1219.4167,-0.0094,0.0582,-0.1624,0.871,0.9906
Polr3e,Polr3e,819.2997,-0.0776,0.0905,-0.8584,0.3907,0.9331
Polr3f,Polr3f,925.2842,0.0403,0.1204,0.3352,0.7375,0.9815
Polr3g,Polr3g,232.0769,0.0642,0.1026,0.6257,0.5315,0.9571
Polr3gl,Polr3gl,749.6885,-0.032,0.077,-0.415,0.6782,0.9717
Polr3h,Polr3h,1222.0138,0.0038,0.0943,0.0401,0.968,0.9974
Polr3k,Polr3k,1377.3071,0.0711,0.0734,0.9687,0.3327,0.9205
Polrmt,Polrmt,1231.5459,-0.0728,0.0628,-1.1607,0.2458,0.8923
Pom121,Pom121,1373.549,-0.056,0.0664,-0.8429,0.3993,0.9354
Pomc,Pomc,1.2581,-0.6264,1.2047,-0.52,0.6031,
Pomgnt1,Pomgnt1,3814.6708,-0.0093,0.0816,-0.114,0.9092,0.9941
Pomgnt2,Pomgnt2,221.914,-0.2932,0.164,-1.7877,0.0738,0.7682
Pomk,Pomk,1009.4902,0.0003,0.0678,0.0038,0.997,0.9995
Pomp,Pomp,3430.1356,-0.0415,0.0841,-0.4935,0.6216,0.966
Pomt1,Pomt1,727.4075,-0.099,0.1164,-0.8507,0.395,0.9341
Pomt2,Pomt2,1419.5342,0.084,0.0781,1.0761,0.2819,0.9074
Pon1,Pon1,0.586,0.098,1.9336,0.0507,0.9596,
Pon2,Pon2,1987.5386,-0.0248,0.0542,-0.4571,0.6476,0.9684
Pon3,Pon3,818.5775,0.1281,0.0635,2.0177,0.0436,0.7227
Pop1,Pop1,441.1055,-0.022,0.1217,-0.181,0.8563,0.9906
Pop4,Pop4,514.7082,-0.0684,0.1135,-0.6023,0.547,0.9571
Pop5,Pop5,410.9709,0.0098,0.1281,0.0768,0.9388,0.9971
Pop7,Pop7,313.123,-0.2265,0.0943,-2.4026,0.0163,0.5731
Popdc2,Popdc2,147.0548,0.0052,0.1792,0.0291,0.9768,0.9975
Popdc3,Popdc3,4933.5247,-0.1184,0.0589,-2.0107,0.0444,0.7227
Por,Por,3092.8168,-0.0137,0.0797,-0.1718,0.8636,0.9906
Porcn,Porcn,2672.4545,-0.1312,0.1117,-1.1744,0.2402,0.8923
Postn,Postn,16633.9881,-0.2545,0.3332,-0.7637,0.4451,0.9455
Pot1a,Pot1a,761.2809,0.0356,0.079,0.4498,0.6528,0.9684
Pot1b,Pot1b,226.16,0.0198,0.1074,0.1841,0.854,0.9906
Pou2af1,Pou2af1,31.0358,-0.7901,0.3421,-2.3091,0.0209,0.6047
Pou2f1,Pou2f1,388.413,0.0232,0.1956,0.1186,0.9056,0.9939
Pou2f2,Pou2f2,0.4813,0.2696,2.3933,0.1126,0.9103,
Pou2f3,Pou2f3,1.9267,1.2975,1.0151,1.2781,0.2012,
Pou3f1,Pou3f1,0.488,0.5912,2.0251,0.2919,0.7703,
Pou4f1,Pou4f1,25.4467,-0.3296,0.2984,-1.1045,0.2694,0.9026
Pou6f1,Pou6f1,879.2612,-0.0638,0.074,-0.8621,0.3887,0.933
Pp2d1,Pp2d1,2.7752,0.931,0.9174,1.0149,0.3102,
Ppa1,Ppa1,2555.3734,-0.1371,0.0838,-1.6366,0.1017,0.7921
Ppa2,Ppa2,937.4107,0.0064,0.0911,0.0708,0.9436,0.9971
Ppan,Ppan,997.0356,0.0005,0.0649,0.0071,0.9943,0.9993
Ppap2a,Ppap2a,3509.2521,0.0377,0.0848,0.4445,0.6567,0.9698
Ppap2b,Ppap2b,2328.3349,0.2727,0.0968,2.8184,0.0048,0.3868
Ppap2c,Ppap2c,1419.9376,-0.2279,0.1014,-2.2481,0.0246,0.6278
Ppapdc1b,Ppapdc1b,1471.414,-0.0718,0.0952,-0.7538,0.4509,0.9455
Ppapdc2,Ppapdc2,85.2979,-0.0611,0.1799,-0.3394,0.7343,0.9803
Ppapdc3,Ppapdc3,333.2114,-0.1807,0.1358,-1.3304,0.1834,0.8726
Ppara,Ppara,7.7806,0.1374,0.5031,0.2731,0.7848,
Ppard,Ppard,1474.2924,-0.0046,0.0841,-0.0546,0.9565,0.9974
Pparg,Pparg,217.8373,-0.0246,0.1166,-0.211,0.8329,0.9906
Ppargc1a,Ppargc1a,30.7575,-0.1179,0.2811,-0.4194,0.6749,0.9711
Ppargc1b,Ppargc1b,138.9664,-0.0417,0.1256,-0.3317,0.7401,0.9825
Ppat,Ppat,1301.4899,0.0488,0.0884,0.5519,0.581,0.9637
Ppbp,Ppbp,28.0475,0.4681,0.3065,1.5274,0.1267,0.8168
Ppcdc,Ppcdc,392.942,0.1135,0.102,1.1126,0.2659,0.8981
Ppcs,Ppcs,327.8575,-0.0791,0.1146,-0.6903,0.49,0.9515
Ppdpf,Ppdpf,665.3425,0.0044,0.1452,0.0303,0.9758,0.9975
Ppef1,Ppef1,10.6171,0.3257,0.4552,0.7155,0.4743,
Ppef2,Ppef2,15.3028,0.5836,0.3541,1.6483,0.0993,
Ppfia1,Ppfia1,1811.9232,0.0458,0.0511,0.896,0.3702,0.9295
Ppfia2,Ppfia2,0.7567,-0.191,2.2729,-0.0841,0.933,
Ppfia3,Ppfia3,74.7996,-0.3281,0.1902,-1.7253,0.0845,0.7762
Ppfia4,Ppfia4,990.2768,-0.2158,0.097,-2.2252,0.0261,0.6337
Ppfibp1,Ppfibp1,11997.2584,0.1376,0.0672,2.0472,0.0406,0.7111
Ppfibp2,Ppfibp2,25.822,-0.4354,0.4958,-0.8783,0.3798,0.9303
Pphln1,Pphln1,2264.0148,0.0805,0.0854,0.9428,0.3458,0.9253
Ppia,Ppia,34943.0456,-0.1063,0.1026,-1.0357,0.3003,0.9154
Ppib,Ppib,5290.8107,0.0834,0.1399,0.5962,0.5511,0.9571
Ppic,Ppic,12267.4469,0.0073,0.0796,0.0917,0.9269,0.9957
Ppid,Ppid,2821.8004,0.0481,0.0809,0.595,0.5518,0.9571
Ppie,Ppie,1125.557,0.0407,0.0886,0.4588,0.6464,0.9684
Ppif,Ppif,278.5216,-0.076,0.1197,-0.6349,0.5255,0.9565
Ppifos,Ppifos,38.1803,0.464,0.2634,1.7614,0.0782,0.7682
Ppig,Ppig,1002.0594,0.207,0.1348,1.5359,0.1246,0.815
Ppih,Ppih,404.0875,-0.2432,0.1313,-1.8527,0.0639,0.7562
Ppil1,Ppil1,971.8338,-0.0109,0.0978,-0.111,0.9116,0.9943
Ppil2,Ppil2,2448.0107,-0.0437,0.0477,-0.9159,0.3597,0.9295
Ppil3,Ppil3,927.2658,-0.0437,0.1,-0.4368,0.6623,0.9702
Ppil4,Ppil4,1102.1179,0.09,0.1527,0.5892,0.5557,0.9573
Ppil6,Ppil6,16.5304,-0.0253,0.379,-0.0667,0.9469,
Ppip5k1,Ppip5k1,629.5995,0.0822,0.0709,1.158,0.2469,0.8923
Ppip5k2,Ppip5k2,812.164,0.1915,0.1486,1.2892,0.1973,0.8806
Ppl,Ppl,52.4279,0.286,0.2388,1.1976,0.2311,0.8923
Ppm1a,Ppm1a,4093.8265,-0.0567,0.0391,-1.4491,0.1473,0.8425
Ppm1b,Ppm1b,3215.5503,-0.0292,0.0685,-0.4269,0.6694,0.9702
Ppm1d,Ppm1d,654.9326,0.0292,0.0907,0.322,0.7474,0.9842
Ppm1e,Ppm1e,119.6078,-0.1259,0.2578,-0.4886,0.6251,0.9673
Ppm1f,Ppm1f,2523.115,0.0368,0.0932,0.3953,0.6926,0.9731
Ppm1g,Ppm1g,4354.8502,-0.0078,0.0904,-0.0866,0.931,0.9957
Ppm1h,Ppm1h,6.7362,-0.1992,0.5336,-0.3732,0.709,
Ppm1j,Ppm1j,7.8171,-1.1813,0.5517,-2.1412,0.0323,
Ppm1k,Ppm1k,146.3885,0.1436,0.1856,0.7734,0.4393,0.9455
Ppm1l,Ppm1l,265.9207,-0.0447,0.0965,-0.4637,0.6429,0.9684
Ppm1m,Ppm1m,879.3288,-0.0165,0.0597,-0.2764,0.7822,0.985
Ppm1n,Ppm1n,2.4186,0.4998,0.9162,0.5456,0.5854,
Ppme1,Ppme1,2729.0112,-0.1008,0.0724,-1.3923,0.1638,0.8598
Ppox,Ppox,571.7234,0.0695,0.0788,0.8823,0.3776,0.9303
Ppp1ca,Ppp1ca,12564.1714,-0.0615,0.0638,-0.9631,0.3355,0.9207
Ppp1cb,Ppp1cb,7856.1903,0.016,0.0769,0.2082,0.8351,0.9906
Ppp1cc,Ppp1cc,4551.5919,0.0421,0.1276,0.3297,0.7416,0.983
Ppp1r10,Ppp1r10,2262.9144,-0.0612,0.0783,-0.7814,0.4346,0.9453
Ppp1r11,Ppp1r11,1505.6326,-0.0615,0.1151,-0.5345,0.593,0.964
Ppp1r12a,Ppp1r12a,1121.6029,-0.0419,0.1711,-0.2448,0.8066,0.9878
Ppp1r12b,Ppp1r12b,196.8755,0.1853,0.1394,1.329,0.1838,0.8729
Ppp1r12c,Ppp1r12c,1346.3338,-0.0371,0.0813,-0.4567,0.6479,0.9684
Ppp1r13b,Ppp1r13b,644.9362,-0.0203,0.0748,-0.271,0.7864,0.9862
Ppp1r13l,Ppp1r13l,968.3606,-0.2044,0.1313,-1.557,0.1195,0.8127
Ppp1r14a,Ppp1r14a,18.7865,0.2539,0.3197,0.7941,0.4271,
Ppp1r14b,Ppp1r14b,6449.148,-0.0656,0.0935,-0.7014,0.4831,0.9515
Ppp1r14c,Ppp1r14c,1658.4583,-0.034,0.0749,-0.4535,0.6502,0.9684
Ppp1r14d,Ppp1r14d,0.4735,2.4099,2.3363,1.0315,0.3023,
Ppp1r15a,Ppp1r15a,1269.9706,-0.2057,0.1332,-1.5439,0.1226,0.8143
Ppp1r15b,Ppp1r15b,5022.2414,0.077,0.0563,1.3679,0.1713,0.8614
Ppp1r16a,Ppp1r16a,1163.8219,-0.0676,0.0813,-0.8319,0.4054,0.9368
Ppp1r16b,Ppp1r16b,0.4903,-0.3342,2.0286,-0.1647,0.8692,
Ppp1r18,Ppp1r18,3665.8591,-0.0184,0.0608,-0.3024,0.7623,0.9849
Ppp1r1a,Ppp1r1a,2.4103,0.2558,0.8896,0.2876,0.7737,
Ppp1r2,Ppp1r2,3421.8146,0.0217,0.1235,0.176,0.8603,0.9906
Ppp1r21,Ppp1r21,1033.9391,-0.0502,0.0768,-0.6533,0.5135,0.9548
Ppp1r26,Ppp1r26,46.4149,0.0671,0.2204,0.3046,0.7607,0.9849
Ppp1r27,Ppp1r27,13.9382,-0.2296,0.6365,-0.3607,0.7183,
Ppp1r32,Ppp1r32,3.002,-0.2722,0.8476,-0.3211,0.7481,
Ppp1r35,Ppp1r35,511.7977,-0.0108,0.0981,-0.1098,0.9126,0.9943
Ppp1r37,Ppp1r37,1824.2335,-0.0416,0.0575,-0.7234,0.4694,0.9483
Ppp1r3a,Ppp1r3a,8.6922,-1.0559,0.5601,-1.8853,0.0594,
Ppp1r3b,Ppp1r3b,165.8284,-0.1248,0.1502,-0.8311,0.4059,0.9371
Ppp1r3c,Ppp1r3c,99.6175,-0.2572,0.2592,-0.9925,0.3209,0.9193
Ppp1r3e,Ppp1r3e,22.6385,-0.2799,0.34,-0.8232,0.4104,0.9377
Ppp1r3f,Ppp1r3f,234.6727,0.1754,0.1796,0.9766,0.3288,0.9197
Ppp1r3fos,Ppp1r3fos,7.8511,0.2486,0.5645,0.4403,0.6597,
Ppp1r3g,Ppp1r3g,1.3533,-0.3486,1.3084,-0.2665,0.7899,
Ppp1r42,Ppp1r42,0.3916,1.2541,2.4276,0.5166,0.6055,
Ppp1r7,Ppp1r7,1598.5427,-0.0126,0.0652,-0.1936,0.8465,0.9906
Ppp1r8,Ppp1r8,1994.4807,-0.0657,0.0694,-0.9465,0.3439,0.9246
Ppp1r9a,Ppp1r9a,39.1264,-0.0632,0.2658,-0.2378,0.812,0.9886
Ppp1r9b,Ppp1r9b,5360.1308,0.006,0.0563,0.1064,0.9153,0.9949
Ppp2ca,Ppp2ca,11951.3394,-0.0219,0.052,-0.4203,0.6743,0.9711
Ppp2cb,Ppp2cb,2256.6923,-0.0336,0.0489,-0.688,0.4914,0.9515
Ppp2r1a,Ppp2r1a,10622.9388,0.0245,0.0772,0.3167,0.7515,0.9846
Ppp2r1b,Ppp2r1b,1813.8295,0.1164,0.0779,1.4944,0.1351,0.8264
Ppp2r2a,Ppp2r2a,3426.0068,0.0584,0.0585,0.9984,0.3181,0.9173
Ppp2r2b,Ppp2r2b,80.7739,-0.2781,0.2047,-1.3581,0.1744,0.8614
Ppp2r2d,Ppp2r2d,1468.9201,0.0242,0.0781,0.3095,0.7569,0.9849
Ppp2r3a,Ppp2r3a,1110.4489,-0.0477,0.1521,-0.3136,0.7538,0.9849
Ppp2r3c,Ppp2r3c,1085.2972,-0.0892,0.0686,-1.3003,0.1935,0.8775
Ppp2r3d,Ppp2r3d,161.1781,0.1186,0.134,0.885,0.3762,0.9295
Ppp2r4,Ppp2r4,5813.5281,-0.0521,0.0598,-0.8717,0.3834,0.9315
Ppp2r5a,Ppp2r5a,1478.134,0.0957,0.0802,1.1935,0.2327,0.8923
Ppp2r5b,Ppp2r5b,1865.6683,-0.1364,0.0692,-1.9718,0.0486,0.7227
Ppp2r5c,Ppp2r5c,3553.2727,-0.028,0.0666,-0.421,0.6738,0.971
Ppp2r5d,Ppp2r5d,3641.9497,-0.0304,0.0666,-0.4558,0.6485,0.9684
Ppp2r5e,Ppp2r5e,2271.3966,0.066,0.0738,0.8949,0.3709,0.9295
Ppp3ca,Ppp3ca,3181.6475,0.1504,0.1213,1.24,0.215,0.8877
Ppp3cb,Ppp3cb,4200.2611,0.0042,0.0814,0.0515,0.9589,0.9974
Ppp3cc,Ppp3cc,682.4584,0.0877,0.0678,1.2936,0.1958,0.8802
Ppp3r1,Ppp3r1,6475.4524,0.0107,0.0554,0.1923,0.8475,0.9906
Ppp4c,Ppp4c,2259.3087,-0.0902,0.0571,-1.5798,0.1142,0.8127
Ppp4r1,Ppp4r1,2731.5412,-0.0979,0.0615,-1.5902,0.1118,0.8127
Ppp4r1l-ps,Ppp4r1l-ps,181.8146,0.1782,0.11,1.6199,0.1052,0.8
Ppp4r2,Ppp4r2,2816.8482,0.1667,0.1149,1.4513,0.1467,0.8425
Ppp4r4,Ppp4r4,13.9932,-0.2499,0.6545,-0.3819,0.7025,
Ppp5c,Ppp5c,2000.1754,-0.0577,0.0645,-0.8938,0.3714,0.9295
Ppp6c,Ppp6c,1703.532,-0.1208,0.0609,-1.9851,0.0471,0.7227
Ppp6r1,Ppp6r1,2895.0715,-0.0035,0.0524,-0.0659,0.9475,0.9974
Ppp6r2,Ppp6r2,992.9654,-0.0176,0.0628,-0.2795,0.7799,0.985
Ppp6r3,Ppp6r3,4044.6947,0.0493,0.0893,0.5524,0.5806,0.9634
Pprc1,Pprc1,1890.66,0.0201,0.046,0.4361,0.6628,0.9702
Ppt1,Ppt1,5857.2836,0.0406,0.0749,0.5426,0.5874,0.964
Ppt2,Ppt2,1133.9392,0.0036,0.0568,0.0632,0.9496,0.9974
Pptc7,Pptc7,819.0098,-0.0142,0.1176,-0.1204,0.9042,0.9939
Ppwd1,Ppwd1,692.7038,0.1312,0.0965,1.3588,0.1742,0.8614
Pqbp1,Pqbp1,1112.7132,-0.0278,0.0717,-0.3875,0.6984,0.9736
Pqlc1,Pqlc1,471.6229,0.0415,0.1348,0.3083,0.7579,0.9849
Pqlc2,Pqlc2,192.1,-0.2192,0.1477,-1.4835,0.1379,0.8305
Pqlc3,Pqlc3,1144.6352,0.0554,0.0637,0.8685,0.3851,0.9315
Pradc1,Pradc1,242.7043,-0.1517,0.1438,-1.0553,0.2913,0.9084
Praf2,Praf2,1978.5313,-0.0434,0.0545,-0.7966,0.4257,0.9422
Pram1,Pram1,18.3101,0.3209,0.3261,0.9841,0.3251,
Pramef8,Pramef8,1277.7876,-0.0618,0.0584,-1.058,0.2901,0.9079
Prap1,Prap1,0.5734,1.6909,2.3055,0.7334,0.4633,
Prc1,Prc1,3754.8631,-0.2162,0.1642,-1.3167,0.1879,0.874
Prcc,Prcc,2134.7466,-0.0814,0.0531,-1.5317,0.1256,0.815
Prcp,Prcp,1653.8177,0.0312,0.0634,0.4924,0.6224,0.9666
Prdm1,Prdm1,95.6915,0.427,0.2344,1.8217,0.0685,0.7617
Prdm10,Prdm10,95.0268,0.0101,0.1721,0.0585,0.9534,0.9974
Prdm11,Prdm11,23.2922,0.3629,0.3481,1.0425,0.2972,0.9127
Prdm12,Prdm12,0.7698,2.2418,1.807,1.2406,0.2148,
Prdm15,Prdm15,553.5658,-0.0195,0.0734,-0.2653,0.7908,0.9865
Prdm2,Prdm2,2887.88,0.066,0.0647,1.0199,0.3078,0.9169
Prdm4,Prdm4,1546.1044,-0.1443,0.0652,-2.2127,0.0269,0.6374
Prdm5,Prdm5,540.0639,0.1225,0.0821,1.4926,0.1355,0.8269
Prdm8,Prdm8,37.2092,-0.1628,0.3156,-0.516,0.6058,0.966
Prdm9,Prdm9,75.9885,0.0762,0.1905,0.3997,0.6893,0.9722
Prdx1,Prdx1,16266.6359,-0.0565,0.0662,-0.8531,0.3936,0.9341
Prdx2,Prdx2,16527.693,-0.0564,0.0493,-1.1419,0.2535,0.893
Prdx3,Prdx3,3310.2565,-0.0328,0.0685,-0.4781,0.6326,0.9681
Prdx4,Prdx4,5556.7586,0.258,0.1896,1.3613,0.1734,0.8614
Prdx5,Prdx5,5501.1343,-0.113,0.1103,-1.0239,0.3059,0.9168
Prdx6,Prdx6,5689.8535,0.0071,0.0845,0.0845,0.9326,0.9959
Preb,Preb,3696.5943,-0.0401,0.0553,-0.7253,0.4683,0.9483
Prelid1,Prelid1,9130.0761,-0.1773,0.1265,-1.4018,0.161,0.8572
Prelid2,Prelid2,347.8807,-0.4378,0.2175,-2.0134,0.0441,0.7227
Prelp,Prelp,9287.8083,0.0358,0.1166,0.307,0.7588,0.9849
Prep,Prep,7507.4093,-0.0369,0.0765,-0.4824,0.6295,0.9677
Prepl,Prepl,2693.156,-0.0431,0.0743,-0.5794,0.5623,0.9582
Prex1,Prex1,101.9326,0.0663,0.1471,0.4506,0.6523,0.9684
Prex2,Prex2,24.6704,-0.2445,0.5145,-0.4752,0.6346,0.9681
Prf1,Prf1,0.6697,-1.7102,2.2357,-0.7649,0.4443,
Prg4,Prg4,195.2975,-0.4979,0.2653,-1.8768,0.0605,0.749
Prickle1,Prickle1,1177.8116,0.1247,0.0682,1.8293,0.0674,0.7617
Prickle2,Prickle2,83.8503,0.304,0.1725,1.7629,0.0779,0.7682
Prickle3,Prickle3,192.8118,0.2867,0.1089,2.6319,0.0085,0.4585
Prickle4,Prickle4,2.3138,-0.2266,0.9472,-0.2392,0.811,
Prim1,Prim1,724.6338,-0.0962,0.1635,-0.5885,0.5562,0.9576
Prim2,Prim2,742.0516,-0.0929,0.1066,-0.8715,0.3835,0.9315
Primpol,Primpol,160.5346,0.1536,0.1452,1.0578,0.2902,0.9079
Prkaa1,Prkaa1,3237.6747,0.0279,0.1214,0.2301,0.818,0.9892
Prkaa2,Prkaa2,340.4024,-0.2156,0.2111,-1.0214,0.3071,0.9169
Prkab1,Prkab1,1527.7436,0.0445,0.0631,0.705,0.4808,0.9506
Prkab2,Prkab2,1679.7954,0.2478,0.1485,1.6688,0.0952,0.7876
Prkaca,Prkaca,13542.616,-0.0216,0.0697,-0.31,0.7566,0.9849
Prkacb,Prkacb,3948.3532,0.1254,0.0759,1.6521,0.0985,0.7891
Prkag1,Prkag1,3679.3796,-0.0838,0.0568,-1.4759,0.14,0.8363
Prkag2,Prkag2,325.952,-0.0947,0.1326,-0.7139,0.4753,0.949
Prkag2os1,Prkag2os1,0.7684,-2.8768,1.755,-1.6392,0.1012,
Prkag3,Prkag3,996.6207,-0.0083,0.1474,-0.0561,0.9552,0.9974
Prkar1a,Prkar1a,37559.9603,-0.0129,0.0774,-0.1661,0.8681,0.9906
Prkar1b,Prkar1b,43.8423,-0.0206,0.2402,-0.0859,0.9315,0.9957
Prkar2a,Prkar2a,2157.8309,0.0333,0.0869,0.3837,0.7012,0.9737
Prkar2b,Prkar2b,2323.3547,0.0966,0.1257,0.7682,0.4424,0.9455
Prkca,Prkca,2148.7151,0.0955,0.0901,1.0601,0.2891,0.9079
Prkcb,Prkcb,13.9406,0.3657,0.4434,0.8249,0.4095,
Prkcd,Prkcd,1376.6666,0.0291,0.0883,0.3292,0.742,0.983
Prkcdbp,Prkcdbp,2378.7897,-0.104,0.0545,-1.9087,0.0563,0.744
Prkce,Prkce,165.517,0.0002,0.1989,0.0009,0.9993,0.9999
Prkcg,Prkcg,27.5244,-0.1121,0.3061,-0.3662,0.7142,0.9766
Prkch,Prkch,27.569,-0.4357,0.2864,-1.5209,0.1283,0.8217
Prkci,Prkci,2889.5701,0.1068,0.0751,1.4227,0.1548,0.8501
Prkcq,Prkcq,0.8736,-2.2407,1.7643,-1.27,0.2041,
Prkcsh,Prkcsh,5083.9733,-0.063,0.0453,-1.3906,0.1644,0.8598
Prkcz,Prkcz,7.6438,-0.0759,0.5586,-0.1359,0.8919,
Prkd1,Prkd1,4.3962,-1.0392,1.0482,-0.9914,0.3215,
Prkd2,Prkd2,525.4814,0.1915,0.111,1.7251,0.0845,0.7762
Prkd3,Prkd3,3142.8514,0.1041,0.103,1.0108,0.3121,0.9173
Prkdc,Prkdc,523.6813,0.0733,0.2337,0.3134,0.7539,0.9849
Prkg1,Prkg1,197.0609,0.0358,0.1804,0.1984,0.8427,0.9906
Prkg2,Prkg2,2038.5049,0.0987,0.1377,0.717,0.4734,0.949
Prkra,Prkra,1062.9107,-0.1984,0.0536,-3.705,0.0002,0.1137
Prkrip1,Prkrip1,707.827,-0.096,0.0986,-0.9739,0.3301,0.9197
Prkrir,Prkrir,2516.541,0.1007,0.0756,1.3321,0.1828,0.8711
Prkx,Prkx,886.1581,-0.1334,0.0961,-1.3883,0.1651,0.8598
Prl2c2,Prl2c2,121.0027,0.166,0.2083,0.7973,0.4253,0.9422
Prl2c3,Prl2c3,2.0119,0.0757,1.0712,0.0707,0.9437,
Prl2c5,Prl2c5,4.7179,-0.3142,0.6242,-0.5034,0.6147,
Prl3a1,Prl3a1,0.3836,-0.5409,2.5059,-0.2158,0.8291,
Prl8a8,Prl8a8,1.1594,1.434,1.3496,1.0625,0.288,
Prmt1,Prmt1,6674.2546,-0.1116,0.0832,-1.3418,0.1796,0.8693
Prmt10,Prmt10,793.0136,0.0778,0.0934,0.8329,0.4049,0.9365
Prmt2,Prmt2,1523.5183,-0.0535,0.0642,-0.8336,0.4045,0.9365
Prmt3,Prmt3,1614.9184,0.0771,0.0795,0.9689,0.3326,0.9205
Prmt5,Prmt5,2829.0219,-0.043,0.085,-0.5063,0.6127,0.966
Prmt6,Prmt6,647.0026,-0.0792,0.0889,-0.8909,0.373,0.9295
Prmt7,Prmt7,1301.9351,0.0169,0.1005,0.1679,0.8667,0.9906
Prnp,Prnp,8925.8787,0.0656,0.0759,0.8647,0.3872,0.9328
Prob1,Prob1,189.8609,-0.1685,0.1199,-1.4059,0.1598,0.8558
Proca1,Proca1,4.2259,-0.4567,0.6979,-0.6543,0.5129,
Procr,Procr,149.773,0.0305,0.1479,0.2061,0.8367,0.9906
Prodh,Prodh,81.6086,0.1513,0.1644,0.9204,0.3574,0.9295
Prok1,Prok1,1.4538,-1.4984,1.2957,-1.1565,0.2475,
Prokr1,Prokr1,48.1942,0.3596,0.2568,1.4004,0.1614,0.8576
Prorsd1,Prorsd1,343.1227,0.0987,0.1013,0.9744,0.3298,0.9197
Pros1,Pros1,3005.1367,0.0661,0.0593,1.1144,0.2651,0.8981
Prosc,Prosc,2067.9848,0.0266,0.0828,0.3208,0.7483,0.9842
Proser1,Proser1,780.144,-0.0457,0.0712,-0.6425,0.5206,0.9555
Proser2,Proser2,153.3581,-0.1498,0.1301,-1.1513,0.2496,0.8923
Proser3,Proser3,147.337,-0.0713,0.1412,-0.5051,0.6135,0.966
Prox1,Prox1,34.0633,-0.0912,0.3432,-0.2656,0.7905,0.9865
Prox2,Prox2,102.7063,0.2367,0.1592,1.4867,0.1371,0.8296
Proz,Proz,34.5989,-0.4792,0.2991,-1.6019,0.1092,0.8072
Prpf18,Prpf18,1961.3463,0.0522,0.0541,0.9648,0.3346,0.9207
Prpf19,Prpf19,6519.8138,-0.0036,0.0844,-0.0425,0.9661,0.9974
Prpf3,Prpf3,1171.5746,-0.036,0.0927,-0.3887,0.6975,0.9736
Prpf31,Prpf31,1462.3134,-0.0475,0.0605,-0.7858,0.432,0.9453
Prpf38a,Prpf38a,1491.6395,-0.0195,0.0684,-0.2853,0.7754,0.985
Prpf38b,Prpf38b,1944.9419,0.0472,0.1282,0.3686,0.7125,0.9762
Prpf39,Prpf39,605.445,0.0136,0.1709,0.0798,0.9364,0.9971
Prpf4,Prpf4,1268.7817,0.0139,0.0737,0.1883,0.8506,0.9906
Prpf40a,Prpf40a,1564.399,0.1395,0.1173,1.1896,0.2342,0.8923
Prpf40b,Prpf40b,1274.4064,0.0867,0.0804,1.079,0.2806,0.9074
Prpf4b,Prpf4b,1193.6717,0.1595,0.1485,1.0741,0.2828,0.9074
Prpf6,Prpf6,4083.6127,-0.044,0.0691,-0.6366,0.5244,0.956
Prpf8,Prpf8,13633.9123,0.0523,0.0701,0.7456,0.4559,0.9483
Prph,Prph,21.0999,-0.2597,0.3466,-0.7493,0.4537,0.9473
Prps1,Prps1,1384.3826,-0.0297,0.0965,-0.3082,0.7579,0.9849
Prps1l1,Prps1l1,0.4824,2.5323,2.2343,1.1334,0.2571,
Prps1l3,Prps1l3,1662.9222,-0.0315,0.0808,-0.3897,0.6967,0.9735
Prps2,Prps2,1071.7826,0.1082,0.0829,1.3044,0.1921,0.8744
Prpsap1,Prpsap1,2452.4202,-0.0136,0.0631,-0.2155,0.8294,0.9906
Prpsap2,Prpsap2,866.3847,0.0205,0.0729,0.2813,0.7784,0.985
Prr11,Prr11,1017.4074,-0.0975,0.1753,-0.556,0.5782,0.963
Prr12,Prr12,1160.5702,-0.0023,0.0652,-0.0348,0.9723,0.9974
Prr13,Prr13,2458.6616,-0.1659,0.0902,-1.8378,0.0661,0.7609
Prr14,Prr14,1488.6565,-0.0205,0.0755,-0.2719,0.7857,0.9854
Prr14l,Prr14l,800.531,0.0114,0.1612,0.0708,0.9436,0.9971
Prr15,Prr15,10.711,-0.7542,0.4955,-1.5221,0.128,
Prr15l,Prr15l,0.5787,-2.5211,2.1461,-1.1747,0.2401,
Prr16,Prr16,33.5439,-0.2727,0.3491,-0.7813,0.4346,0.9453
Prr18,Prr18,11.1541,-0.2015,0.4695,-0.4292,0.6678,
Prr22,Prr22,3.1846,-1.9349,0.8866,-2.1823,0.0291,
Prr29,Prr29,5.2933,-0.795,0.6608,-1.203,0.229,
Prr3,Prr3,587.3239,-0.0097,0.0806,-0.1208,0.9039,0.9939
Prr32,Prr32,62.79,-0.3044,0.3126,-0.9738,0.3302,0.9197
Prr33,Prr33,323.3267,0.3521,0.4547,0.7744,0.4387,0.9455
Prr36,Prr36,24.9363,0.3852,0.2789,1.3809,0.1673,0.8614
Prr5,Prr5,401.7384,0.0195,0.1078,0.1808,0.8565,0.9906
Prr5l,Prr5l,38.7169,0.1065,0.2333,0.4563,0.6482,0.9684
Prr7,Prr7,133.0696,0.3546,0.1928,1.8388,0.0659,0.7609
Prr9,Prr9,16.0408,-1.1052,0.7395,-1.4945,0.135,
Prrc1,Prrc1,3618.0894,0.0296,0.0559,0.5291,0.5967,0.964
Prrc2a,Prrc2a,14011.5672,0.0291,0.0497,0.585,0.5585,0.9579
Prrc2b,Prrc2b,10442.7069,0.0844,0.0427,1.9787,0.0479,0.7227
Prrc2c,Prrc2c,5271.9505,0.0604,0.1203,0.5025,0.6153,0.966
Prrg1,Prrg1,138.0939,-0.0268,0.1937,-0.1383,0.89,0.992
Prrg2,Prrg2,191.4392,0.0234,0.1388,0.1689,0.8659,0.9906
Prrg4,Prrg4,129.7953,-0.2838,0.2072,-1.3697,0.1708,0.8614
Prrt2,Prrt2,59.5806,0.4457,0.2364,1.8848,0.0595,0.749
Prrt3,Prrt3,25.3349,0.2867,0.2721,1.0537,0.292,0.9088
Prrt4,Prrt4,84.0924,-0.0084,0.177,-0.0476,0.9621,0.9974
Prrx1,Prrx1,6115.6033,0.16,0.142,1.127,0.2597,0.8968
Prrx2,Prrx2,1980.6438,0.2429,0.1229,1.9761,0.0481,0.7227
Prss12,Prss12,82.0673,-0.0084,0.1861,-0.0451,0.9641,0.9974
Prss16,Prss16,12.1214,-0.3258,0.4184,-0.7787,0.4362,
Prss2,Prss2,1.1599,0.3666,1.7655,0.2076,0.8355,
Prss22,Prss22,5.5821,0.1884,0.6468,0.2913,0.7708,
Prss23,Prss23,8445.2469,0.0828,0.1086,0.7621,0.446,0.9455
Prss27,Prss27,3.0691,0.6012,0.9684,0.6208,0.5347,
Prss30,Prss30,0.864,1.5326,1.5241,1.0055,0.3146,
Prss32,Prss32,2.6997,0.5905,0.8186,0.7213,0.4707,
Prss35,Prss35,80.3468,0.124,0.1595,0.7775,0.4369,0.9455
Prss36,Prss36,168.1139,0.0165,0.1339,0.123,0.9021,0.9937
Prss41,Prss41,2.7925,0.24,0.8343,0.2876,0.7736,
Prss45,Prss45,4.135,-0.8139,0.8951,-0.9093,0.3632,
Prss46,Prss46,118.6504,-0.2276,0.2021,-1.1264,0.26,0.8968
Prss50,Prss50,4.1272,0.8293,0.7619,1.0886,0.2764,
Prss53,Prss53,65.0668,0.0204,0.1987,0.1024,0.9184,0.9955
Prss56,Prss56,4.4236,0.7186,0.6552,1.0969,0.2727,
Prss57,Prss57,1.138,1.3568,2.1521,0.6304,0.5284,
Prss8,Prss8,0.962,0.392,1.653,0.2371,0.8126,
Prtg,Prtg,76.3385,0.5772,0.2488,2.3197,0.0204,0.6047
Prtn3,Prtn3,3.7724,-1.2927,0.8156,-1.5849,0.113,
Prune,Prune,2722.7109,-0.0727,0.0813,-0.8947,0.371,0.9295
Prune2,Prune2,7308.475,0.0795,0.0894,0.8896,0.3737,0.9295
Prx,Prx,240.3193,-0.0851,0.1249,-0.6816,0.4955,0.9515
Psap,Psap,54209.7143,-0.0664,0.0862,-0.7696,0.4415,0.9455
Psapl1,Psapl1,0.2925,-0.4548,2.6319,-0.1728,0.8628,
Psat1,Psat1,6670.8354,-0.1292,0.0934,-1.3838,0.1664,0.861
Psca,Psca,1.3491,0.9544,1.2173,0.784,0.433,
Psd,Psd,514.1479,0.156,0.1041,1.499,0.1339,0.826
Psd2,Psd2,2.9003,-0.3041,0.8595,-0.3538,0.7235,
Psd3,Psd3,379.8497,-0.0065,0.2033,-0.0318,0.9746,0.9975
Psd4,Psd4,8.4855,0.3574,0.562,0.636,0.5248,
Psen1,Psen1,3041.4134,-0.0164,0.0586,-0.2804,0.7791,0.985
Psen2,Psen2,713.3673,-0.0403,0.1206,-0.3342,0.7383,0.9817
Psenen,Psenen,1161.3383,-0.0748,0.0837,-0.8932,0.3717,0.9295
Psg17,Psg17,7.5943,0.5112,0.5222,0.979,0.3276,
Psg18,Psg18,0.9533,0.8686,1.517,0.5726,0.5669,
Psg22,Psg22,0.6765,1.1274,1.705,0.6612,0.5085,
Psg26,Psg26,8.1872,-0.6456,0.6051,-1.067,0.286,
Psg28,Psg28,31.3968,0.0383,0.401,0.0954,0.924,0.9957
Psip1,Psip1,2286.4802,0.1003,0.1325,0.7571,0.449,0.9455
Pskh1,Pskh1,1233.6056,0.0519,0.0625,0.8308,0.4061,0.9371
Psma1,Psma1,3069.4972,-0.0932,0.0688,-1.3542,0.1757,0.8614
Psma2,Psma2,5416.9597,-0.1339,0.0866,-1.5473,0.1218,0.8129
Psma3,Psma3,6123.5091,-0.0433,0.0752,-0.5755,0.565,0.9588
Psma4,Psma4,4140.9576,0.0377,0.0984,0.3834,0.7014,0.9737
Psma5,Psma5,5681.5343,-0.1066,0.0731,-1.4586,0.1447,0.8418
Psma6,Psma6,5966.0607,-0.0211,0.0892,-0.2371,0.8126,0.9886
Psma7,Psma7,4336.6496,-0.0749,0.0863,-0.8677,0.3855,0.9315
Psmb1,Psmb1,6860.0718,-0.0622,0.0752,-0.827,0.4082,0.9376
Psmb10,Psmb10,360.6876,-0.2062,0.1084,-1.9024,0.0571,0.746
Psmb11,Psmb11,0.8753,-1.1839,1.8197,-0.6506,0.5153,
Psmb2,Psmb2,3305.3414,-0.0308,0.0917,-0.3365,0.7365,0.9811
Psmb3,Psmb3,4962.6129,-0.0899,0.101,-0.8903,0.3733,0.9295
Psmb4,Psmb4,6158.8257,-0.0827,0.0869,-0.952,0.3411,0.9246
Psmb5,Psmb5,2056.6768,0.0275,0.1522,0.1805,0.8568,0.9906
Psmb6,Psmb6,4401.1325,-0.0988,0.0816,-1.2113,0.2258,0.8895
Psmb7,Psmb7,4971.1381,-0.1046,0.0926,-1.1293,0.2588,0.8966
Psmb8,Psmb8,62.1579,0.3963,0.2022,1.96,0.05,0.7227
Psmb9,Psmb9,10.2476,0.7235,0.4954,1.4606,0.1441,
Psmc1,Psmc1,7517.8231,-0.0291,0.0815,-0.3572,0.7209,0.9788
Psmc2,Psmc2,5853.5695,-0.0924,0.0878,-1.0535,0.2921,0.9088
Psmc3,Psmc3,12894.1992,-0.048,0.1064,-0.4505,0.6523,0.9684
Psmc3ip,Psmc3ip,175.0549,-0.2521,0.1478,-1.705,0.0882,0.7829
Psmc4,Psmc4,3733.2465,-0.0835,0.0778,-1.0731,0.2832,0.9074
Psmc5,Psmc5,5225.7289,-0.0604,0.0982,-0.6154,0.5383,0.9571
Psmc6,Psmc6,5179.5204,0.0346,0.084,0.4113,0.6809,0.9717
Psmd1,Psmd1,9188.6655,0.0373,0.0873,0.4271,0.6693,0.9702
Psmd10,Psmd10,1493.4995,-0.1478,0.0679,-2.1747,0.0297,0.6427
Psmd11,Psmd11,3788.7343,0.0241,0.0729,0.3301,0.7413,0.983
Psmd12,Psmd12,4768.4216,-0.0406,0.0685,-0.5934,0.5529,0.9571
Psmd13,Psmd13,3918.303,-0.116,0.0773,-1.5016,0.1332,0.826
Psmd14,Psmd14,4584.0108,0.0033,0.0911,0.0364,0.9709,0.9974
Psmd2,Psmd2,15009.5573,-0.0873,0.0695,-1.2575,0.2086,0.8875
Psmd3,Psmd3,6261.0762,-0.0464,0.0747,-0.6209,0.5347,0.9571
Psmd4,Psmd4,6006.9172,-0.0669,0.0802,-0.8335,0.4045,0.9365
Psmd5,Psmd5,3148.1212,0.0192,0.1081,0.1777,0.859,0.9906
Psmd6,Psmd6,5152.0422,-0.0536,0.0915,-0.586,0.5579,0.9579
Psmd7,Psmd7,5496.3051,-0.0932,0.0646,-1.443,0.149,0.8436
Psmd8,Psmd8,7074.5675,-0.2419,0.1001,-2.416,0.0157,0.5717
Psmd9,Psmd9,1170.032,-0.1258,0.0703,-1.7907,0.0733,0.7682
Psme1,Psme1,1746.1172,-0.0157,0.0565,-0.278,0.781,0.985
Psme2,Psme2,2378.5786,-0.0412,0.0715,-0.5756,0.5649,0.9588
Psme2b,Psme2b,15.4122,-0.3122,0.3578,-0.8727,0.3828,
Psme3,Psme3,5200.823,-0.0093,0.0719,-0.1299,0.8966,0.9927
Psme4,Psme4,3517.1976,0.0054,0.1568,0.0347,0.9723,0.9974
Psmf1,Psmf1,1364.1421,0.0705,0.0784,0.8988,0.3688,0.9295
Psmg1,Psmg1,721.4166,0.0242,0.0958,0.2524,0.8008,0.9871
Psmg2,Psmg2,1034.2513,-0.0107,0.0791,-0.1356,0.8921,0.992
Psmg3,Psmg3,517.298,-0.0593,0.0867,-0.6839,0.494,0.9515
Psmg4,Psmg4,273.6677,0.054,0.1223,0.441,0.6592,0.9702
Psors1c2,Psors1c2,0.6749,1.1127,2.2277,0.4995,0.6175,
Pspc1,Pspc1,1306.8536,0.0918,0.0933,0.9839,0.3252,0.9197
Psph,Psph,897.4745,-0.079,0.1102,-0.717,0.4734,0.949
Pspn,Pspn,5.9819,-0.6764,0.6341,-1.0667,0.2861,
Psrc1,Psrc1,768.9404,0.0032,0.1481,0.0215,0.9829,0.9987
Pstk,Pstk,418.7759,-0.0472,0.0798,-0.5917,0.5541,0.9571
Pstpip1,Pstpip1,309.8137,-0.4024,0.1915,-2.1015,0.0356,0.6813
Pstpip2,Pstpip2,1053.4385,-0.174,0.1208,-1.4408,0.1496,0.8444
Ptafr,Ptafr,3.8614,-0.9092,0.7861,-1.1566,0.2475,
Ptar1,Ptar1,82.8311,-0.2672,0.2278,-1.1727,0.2409,0.8923
Ptbp1,Ptbp1,7014.801,0.0044,0.0856,0.0514,0.959,0.9974
Ptbp2,Ptbp2,1280.8705,0.0708,0.0822,0.862,0.3887,0.933
Ptbp3,Ptbp3,2263.5052,-0.0039,0.204,-0.0191,0.9847,0.9991
Ptcd1,Ptcd1,760.6177,-0.016,0.0862,-0.1861,0.8524,0.9906
Ptcd2,Ptcd2,1262.3046,-0.0893,0.0642,-1.3911,0.1642,0.8598
Ptcd3,Ptcd3,2023.5918,0.0326,0.0699,0.4668,0.6407,0.9681
Ptch1,Ptch1,347.4138,0.1794,0.1161,1.5449,0.1224,0.8139
Ptch2,Ptch2,12.4566,-0.3139,0.4117,-0.7623,0.4459,
Ptchd1,Ptchd1,2.0101,0.42,1.091,0.385,0.7003,
Ptchd2,Ptchd2,1.5634,0.4297,1.2841,0.3347,0.7379,
Ptchd4,Ptchd4,6.3303,0.0865,0.6414,0.1349,0.8927,
Ptcra,Ptcra,0.7667,0.4719,1.9409,0.2431,0.8079,
Ptdss1,Ptdss1,2385.8319,-0.012,0.0795,-0.1513,0.8798,0.9914
Ptdss2,Ptdss2,1046.4604,-0.0485,0.077,-0.6296,0.529,0.9568
Pten,Pten,2520.6474,0.111,0.1362,0.8155,0.4148,0.94
Pter,Pter,383.2768,-0.1268,0.1292,-0.981,0.3266,0.9197
Ptgdr2,Ptgdr2,3.1702,0.5849,0.8091,0.7229,0.4697,
Ptgds,Ptgds,74.2689,-0.3174,0.215,-1.4761,0.1399,0.8363
Ptger1,Ptger1,1494.5456,-0.0323,0.1358,-0.2382,0.8118,0.9886
Ptger2,Ptger2,3.9664,-0.5349,0.6977,-0.7667,0.4433,
Ptger3,Ptger3,3.741,-1.03,0.8978,-1.1471,0.2513,
Ptger4,Ptger4,692.7966,0.0787,0.1049,0.7503,0.4531,0.947
Ptges,Ptges,30.2761,-0.0107,0.3144,-0.0341,0.9728,0.9974
Ptges2,Ptges2,980.3712,0.0079,0.0888,0.0891,0.929,0.9957
Ptges3,Ptges3,7296.7312,-0.0706,0.079,-0.8929,0.3719,0.9295
Ptges3l,Ptges3l,556.2929,-0.1413,0.1221,-1.1574,0.2471,0.8923
Ptgfr,Ptgfr,1553.2988,0.3428,0.172,1.9934,0.0462,0.7227
Ptgfrn,Ptgfrn,28426.1079,0.0366,0.069,0.5305,0.5958,0.964
Ptgir,Ptgir,295.1809,0.2357,0.1407,1.6755,0.0938,0.7872
Ptgis,Ptgis,4888.9321,-0.1061,0.0437,-2.4246,0.0153,0.5682
Ptgr1,Ptgr1,3581.0507,-0.1096,0.065,-1.6859,0.0918,0.7855
Ptgr2,Ptgr2,2138.6387,0.0024,0.0603,0.0399,0.9682,0.9974
Ptgs1,Ptgs1,5722.2865,0.1467,0.1621,0.9049,0.3655,0.9295
Ptgs2,Ptgs2,712.6059,-0.0146,0.3543,-0.0412,0.9672,0.9974
Ptgs2os,Ptgs2os,17.0702,0.2078,0.4283,0.4852,0.6275,
Ptgs2os2,Ptgs2os2,26.1581,-0.1242,0.2897,-0.4285,0.6683,0.9702
Pth1r,Pth1r,93.968,-0.2832,0.2491,-1.1365,0.2557,0.8935
Pthlh,Pthlh,19.4297,-0.3771,0.3493,-1.0796,0.2803,
Ptk2,Ptk2,3276.7487,0.0469,0.0576,0.8149,0.4151,0.94
Ptk2b,Ptk2b,1049.2608,-0.0795,0.0638,-1.2469,0.2124,0.8877
Ptk7,Ptk7,3953.106,0.1111,0.1052,1.056,0.291,0.908
Ptma,Ptma,19275.179,-0.02,0.1248,-0.16,0.8729,0.991
Ptms,Ptms,12672.6258,-0.0896,0.0569,-1.5748,0.1153,0.8127
Ptn,Ptn,252.6903,-0.1535,0.2462,-0.6234,0.533,0.9571
Ptov1,Ptov1,3518.9386,-0.0242,0.0615,-0.3941,0.6935,0.9731
Ptp4a1,Ptp4a1,288.5707,0.1375,0.1754,0.7836,0.4333,0.9453
Ptp4a2,Ptp4a2,12319.6885,-0.0002,0.0612,-0.0035,0.9972,0.9995
Ptp4a3,Ptp4a3,2308.3973,-0.0564,0.055,-1.025,0.3053,0.9164
Ptpdc1,Ptpdc1,777.8741,0.1181,0.0871,1.3562,0.175,0.8614
Ptpmt1,Ptpmt1,817.4744,-0.1459,0.0719,-2.0294,0.0424,0.7204
Ptpn1,Ptpn1,3928.6511,0.037,0.0596,0.6201,0.5352,0.9571
Ptpn11,Ptpn11,9124.1442,0.0111,0.0601,0.1849,0.8533,0.9906
Ptpn12,Ptpn12,2797.7471,-0.0466,0.1074,-0.4342,0.6641,0.9702
Ptpn13,Ptpn13,1624.8433,0.1752,0.0814,2.1533,0.0313,0.6516
Ptpn14,Ptpn14,3931.0347,0.0517,0.052,0.9943,0.3201,0.9186
Ptpn18,Ptpn18,1.6258,-0.4037,1.2213,-0.3305,0.741,
Ptpn2,Ptpn2,1032.5863,0.0608,0.1288,0.4718,0.6371,0.9681
Ptpn21,Ptpn21,2571.3679,0.0051,0.0566,0.0903,0.928,0.9957
Ptpn22,Ptpn22,197.6599,0.0164,0.1194,0.1375,0.8907,0.992
Ptpn23,Ptpn23,2930.5915,-0.0281,0.0705,-0.3986,0.6902,0.9724
Ptpn3,Ptpn3,760.7336,0.1576,0.0875,1.8016,0.0716,0.7617
Ptpn4,Ptpn4,120.4774,0.2955,0.1847,1.6001,0.1096,0.8073
Ptpn5,Ptpn5,20.4496,0.3751,0.3339,1.1233,0.2613,0.8968
Ptpn6,Ptpn6,84.7733,-0.0767,0.1601,-0.4791,0.6319,0.9681
Ptpn7,Ptpn7,6.8462,0.3831,0.5445,0.7035,0.4817,
Ptpn9,Ptpn9,2893.3678,0.0963,0.0685,1.4058,0.1598,0.8558
Ptpra,Ptpra,4749.5671,0.0488,0.0676,0.7212,0.4708,0.9489
Ptprb,Ptprb,23.7111,0.3578,0.3111,1.1499,0.2502,0.8923
Ptprc,Ptprc,0.3918,0.1594,2.1361,0.0746,0.9405,
Ptprcap,Ptprcap,7.1084,-0.1867,0.5366,-0.348,0.7279,
Ptprd,Ptprd,679.9535,-0.0165,0.1517,-0.1086,0.9136,0.9943
Ptpre,Ptpre,343.9111,0.0337,0.1211,0.2781,0.7809,0.985
Ptprf,Ptprf,2658.0243,0.1136,0.0634,1.791,0.0733,0.7682
Ptprg,Ptprg,1521.8729,0.1091,0.117,0.9323,0.3512,0.9271
Ptprj,Ptprj,561.6565,0.0565,0.1037,0.5447,0.5859,0.964
Ptprk,Ptprk,3326.4623,0.009,0.0846,0.1065,0.9152,0.9949
Ptprm,Ptprm,721.3695,0.0077,0.0766,0.101,0.9195,0.9956
Ptprn,Ptprn,21.2777,-0.1059,0.3045,-0.3478,0.728,0.9796
Ptprn2,Ptprn2,75.5019,0.1564,0.2033,0.7691,0.4418,0.9455
Ptprq,Ptprq,13.9807,0.0538,0.4135,0.1302,0.8964,
Ptprr,Ptprr,60.5197,0.3402,0.1928,1.7647,0.0776,0.7682
Ptprs,Ptprs,8242.4287,-0.0734,0.0834,-0.8803,0.3787,0.9303
Ptprt,Ptprt,0.3914,0.1504,2.5002,0.0602,0.952,
Ptpru,Ptpru,6.6433,0.0727,0.522,0.1393,0.8892,
Ptprv,Ptprv,292.4117,0.1393,0.1461,0.9535,0.3404,0.9244
Ptrf,Ptrf,18505.7536,-0.003,0.0782,-0.038,0.9697,0.9974
Ptrh1,Ptrh1,441.0313,-0.1303,0.1433,-0.9095,0.3631,0.9295
Ptrh2,Ptrh2,803.5715,-0.0016,0.0681,-0.0228,0.9818,0.9984
Ptrhd1,Ptrhd1,188.3107,-0.0551,0.147,-0.3745,0.708,0.9745
Pts,Pts,742.3001,0.0755,0.0836,0.9034,0.3663,0.9295
Pttg1,Pttg1,1122.0853,-0.2455,0.1171,-2.0971,0.036,0.6818
Pttg1ip,Pttg1ip,11905.4304,0.0043,0.079,0.0547,0.9563,0.9974
Ptx3,Ptx3,559.2032,-0.0244,0.2705,-0.0901,0.9282,0.9957
Puf60,Puf60,6235.7128,-0.05,0.06,-0.8339,0.4043,0.9365
Pum1,Pum1,3767.556,0.0646,0.0431,1.5012,0.1333,0.826
Pum2,Pum2,3868.4318,0.0868,0.1537,0.5651,0.572,0.9613
Pura,Pura,160.5997,0.0393,0.1363,0.2882,0.7732,0.985
Purb,Purb,8886.6414,-0.0426,0.1327,-0.3209,0.7483,0.9842
Purg,Purg,183.0538,0.0689,0.1129,0.6102,0.5417,0.9571
Pus1,Pus1,952.4623,-0.1303,0.0755,-1.7256,0.0844,0.7762
Pus10,Pus10,692.6327,0.0589,0.1124,0.5243,0.6001,0.966
Pus3,Pus3,335.0136,0.1024,0.1074,0.9526,0.3408,0.9246
Pus7,Pus7,1753.8096,0.1421,0.1052,1.3514,0.1766,0.8631
Pus7l,Pus7l,460.2701,0.0202,0.0818,0.2473,0.8047,0.9874
Pusl1,Pusl1,305.6536,0.1616,0.1143,1.4146,0.1572,0.852
Pvalb,Pvalb,64.2601,-0.3962,0.249,-1.5907,0.1117,0.8127
Pvr,Pvr,1485.974,-0.1172,0.0733,-1.5985,0.1099,0.8093
Pvrl1,Pvrl1,482.3956,-0.0587,0.0813,-0.7215,0.4706,0.9488
Pvrl2,Pvrl2,1177.6736,-0.0403,0.087,-0.4628,0.6435,0.9684
Pvrl3,Pvrl3,771.5468,0.0203,0.1445,0.1403,0.8884,0.992
Pvrl4,Pvrl4,11.4719,0.0089,0.4391,0.0202,0.9839,
Pvt1,Pvt1,415.4745,0.3361,0.183,1.8366,0.0663,0.7609
Pwp1,Pwp1,2188.7762,-0.0589,0.0631,-0.934,0.3503,0.9271
Pwp2,Pwp2,1309.0709,0.0019,0.0821,0.023,0.9817,0.9984
Pwwp2a,Pwwp2a,394.8711,0.0235,0.1377,0.1707,0.8645,0.9906
Pwwp2b,Pwwp2b,466.3463,-0.0668,0.0807,-0.8278,0.4078,0.9376
Pxdc1,Pxdc1,700.8296,-0.2303,0.1047,-2.2002,0.0278,0.6379
Pxdn,Pxdn,11142.1199,-0.0662,0.1224,-0.5406,0.5888,0.964
Pxk,Pxk,1810.3599,0.1462,0.0626,2.3346,0.0196,0.597
Pxmp2,Pxmp2,44.5747,0.0612,0.2214,0.2764,0.7823,0.985
Pxmp4,Pxmp4,582.3486,0.1034,0.0899,1.1499,0.2502,0.8923
Pxn,Pxn,3402.4074,-0.0709,0.0568,-1.2475,0.2122,0.8877
Pxylp1,Pxylp1,2456.1482,0.1309,0.064,2.044,0.041,0.7111
Pycard,Pycard,2.4033,-1.2204,1.056,-1.1557,0.2478,
Pycr1,Pycr1,496.5068,0.0249,0.1118,0.2228,0.8237,0.9893
Pycr2,Pycr2,1529.1235,-0.0241,0.1013,-0.2376,0.8122,0.9886
Pycrl,Pycrl,804.0419,-0.035,0.069,-0.5081,0.6114,0.966
Pygb,Pygb,3082.3161,0.0805,0.0939,0.8574,0.3912,0.9331
Pygl,Pygl,45.3193,-0.4672,0.2847,-1.6411,0.1008,0.7908
Pygm,Pygm,2279.775,-0.0757,0.1643,-0.4608,0.645,0.9684
Pygo1,Pygo1,68.8259,0.0087,0.1783,0.0491,0.9609,0.9974
Pygo2,Pygo2,2950.5734,-0.0402,0.0592,-0.679,0.4971,0.9515
Pyroxd1,Pyroxd1,327.6174,0.1428,0.1296,1.1021,0.2704,0.9027
Pyroxd2,Pyroxd2,40.0904,0.13,0.2625,0.4951,0.6205,0.966
Pyurf,Pyurf,349.7614,0.1759,0.1419,1.2396,0.2151,0.8877
Pzp,Pzp,2.3177,0.4817,0.883,0.5455,0.5854,
Qars,Qars,4053.6592,-0.0788,0.0635,-1.2412,0.2145,0.8877
Qdpr,Qdpr,1041.5598,-0.1304,0.0915,-1.4252,0.1541,0.8501
Qk,Qk,6986.1622,-0.0026,0.1499,-0.0172,0.9862,0.9992
Qpct,Qpct,374.4689,0.1715,0.1089,1.5743,0.1154,0.8127
Qpctl,Qpctl,544.2958,-0.0108,0.0844,-0.1279,0.8982,0.9927
Qprt,Qprt,4.2522,0.5336,0.7752,0.6883,0.4913,
Qrfp,Qrfp,132.4424,-0.2409,0.188,-1.2817,0.2,0.8828
Qrich1,Qrich1,3589.8285,-0.0194,0.0528,-0.3682,0.7127,0.9765
Qrich2,Qrich2,0.7771,-2.9638,1.7055,-1.7378,0.0822,
Qrsl1,Qrsl1,364.693,-0.055,0.0929,-0.5922,0.5537,0.9571
Qser1,Qser1,1111.6104,-0.0865,0.1957,-0.4419,0.6586,0.97
Qsox1,Qsox1,11605.926,0.1132,0.0822,1.3761,0.1688,0.8614
Qsox2,Qsox2,1363.5645,0.0192,0.071,0.2698,0.7873,0.9865
Qtrt1,Qtrt1,344.0714,-0.0877,0.0903,-0.9709,0.3316,0.9202
Qtrtd1,Qtrtd1,677.6274,0.1113,0.0916,1.215,0.2244,0.8877
R3hcc1,R3hcc1,1211.5064,-0.1331,0.0685,-1.9428,0.052,0.7276
R3hcc1l,R3hcc1l,665.3456,-0.0329,0.0829,-0.3968,0.6915,0.9731
R3hdm1,R3hdm1,1747.5747,-0.0193,0.1173,-0.1646,0.8692,0.9906
R3hdm2,R3hdm2,3785.3704,-0.05,0.0738,-0.6777,0.498,0.9515
R3hdm4,R3hdm4,3289.0561,0.0189,0.064,0.295,0.768,0.985
R3hdml,R3hdml,1177.8506,-0.3299,0.1928,-1.7109,0.0871,0.7807
R74862,R74862,77.4591,0.0325,0.1671,0.1948,0.8455,0.9906
Rab1,Rab1,8950.4873,0.0045,0.0542,0.0831,0.9337,0.9964
Rab10,Rab10,7356.5532,0.0444,0.0859,0.517,0.6051,0.966
Rab10os,Rab10os,137.5054,0.1518,0.149,1.019,0.3082,0.9169
Rab11a,Rab11a,3651.5605,-0.0703,0.044,-1.5966,0.1104,0.8103
Rab11b,Rab11b,4107.1608,0.0182,0.0971,0.1869,0.8517,0.9906
Rab11fip1,Rab11fip1,349.8797,-0.0529,0.1044,-0.5061,0.6128,0.966
Rab11fip2,Rab11fip2,270.2323,0.1174,0.2422,0.4847,0.6279,0.9673
Rab11fip3,Rab11fip3,1733.1985,-0.014,0.0526,-0.2663,0.79,0.9865
Rab11fip4,Rab11fip4,0.3918,0.1594,2.1361,0.0746,0.9405,
Rab11fip5,Rab11fip5,3375.8111,-0.046,0.0707,-0.6508,0.5152,0.9548
Rab12,Rab12,4161.4006,0.0418,0.0672,0.6224,0.5337,0.9571
Rab13,Rab13,988.3001,-0.0344,0.0669,-0.5149,0.6066,0.966
Rab14,Rab14,7873.4065,0.0483,0.0513,0.9421,0.3461,0.9253
Rab15,Rab15,20.8873,0.1024,0.3738,0.2739,0.7842,0.985
Rab17,Rab17,0.9545,-0.1151,1.516,-0.0759,0.9395,
Rab18,Rab18,7514.1935,0.0728,0.0572,1.2721,0.2033,0.8844
Rab1b,Rab1b,5794.988,-0.0804,0.0509,-1.5779,0.1146,0.8127
Rab20,Rab20,71.2398,-0.1115,0.2224,-0.5013,0.6161,0.966
Rab21,Rab21,3045.4892,0.0094,0.0487,0.1936,0.8465,0.9906
Rab22a,Rab22a,1350.3097,-0.0211,0.0795,-0.2653,0.7908,0.9865
Rab23,Rab23,1691.2129,0.0953,0.0684,1.3942,0.1633,0.8598
Rab24,Rab24,1513.2915,-0.0568,0.0623,-0.9117,0.3619,0.9295
Rab25,Rab25,2.0271,0.3836,0.9731,0.3942,0.6934,
Rab26,Rab26,3.586,-1.3516,0.8206,-1.6471,0.0995,
Rab26os,Rab26os,24.1864,-0.0762,0.46,-0.1657,0.8684,0.9906
Rab27a,Rab27a,60.0593,-0.203,0.2318,-0.8758,0.3811,0.9303
Rab27b,Rab27b,279.2067,0.0638,0.1681,0.3797,0.7042,0.9744
Rab28,Rab28,1662.8153,-0.0725,0.0569,-1.2728,0.2031,0.8844
Rab29,Rab29,207.4103,0.0201,0.1167,0.172,0.8634,0.9906
Rab2a,Rab2a,9116.6477,-0.0236,0.054,-0.4361,0.6628,0.9702
Rab2b,Rab2b,1004.5956,0.1044,0.0765,1.3657,0.172,0.8614
Rab30,Rab30,186.8483,0.3875,0.1563,2.4787,0.0132,0.5435
Rab31,Rab31,10056.2169,-0.0218,0.053,-0.4108,0.6812,0.9717
Rab32,Rab32,872.1606,0.0775,0.0884,0.8773,0.3803,0.9303
Rab33a,Rab33a,10.4569,0.6544,0.481,1.3605,0.1737,
Rab33b,Rab33b,1251.5713,0.107,0.0708,1.5124,0.1304,0.8245
Rab34,Rab34,3492.2521,-0.0247,0.0519,-0.4767,0.6336,0.9681
Rab35,Rab35,2407.9713,-0.0418,0.0519,-0.8049,0.4208,0.9407
Rab36,Rab36,141.2744,0.1857,0.1538,1.2076,0.2272,0.8906
Rab37,Rab37,1.1521,-0.6931,1.3278,-0.522,0.6017,
Rab38,Rab38,242.7249,-0.332,0.2031,-1.6345,0.1022,0.7932
Rab39,Rab39,0.5809,1.8209,1.9114,0.9527,0.3408,
Rab39b,Rab39b,15.6972,0.3527,0.4145,0.8508,0.3949,
Rab3a,Rab3a,593.0383,-0.0903,0.0892,-1.0118,0.3117,0.9173
Rab3b,Rab3b,27.2235,0.3051,0.2883,1.0581,0.29,0.9079
Rab3d,Rab3d,1406.1341,-0.0082,0.0594,-0.1388,0.8896,0.992
Rab3gap1,Rab3gap1,2777.5457,0.0562,0.0552,1.0188,0.3083,0.9169
Rab3gap2,Rab3gap2,3493.9466,-0.0036,0.0557,-0.0644,0.9486,0.9974
Rab3il1,Rab3il1,593.1287,0.0805,0.1315,0.6126,0.5401,0.9571
Rab3ip,Rab3ip,1135.6671,-0.1436,0.0753,-1.906,0.0567,0.7442
Rab40b,Rab40b,578.7427,-0.0793,0.1272,-0.623,0.5333,0.9571
Rab40c,Rab40c,989.5621,0.011,0.0924,0.1192,0.9051,0.9939
Rab42,Rab42,6.6476,-0.1377,0.5891,-0.2338,0.8151,
Rab43,Rab43,1800.7658,0.0206,0.0807,0.2555,0.7983,0.9871
Rab44,Rab44,144.5842,-0.1285,0.1674,-0.7675,0.4428,0.9455
Rab4a,Rab4a,486.8719,-0.1577,0.094,-1.6784,0.0933,0.7872
Rab4b,Rab4b,903.8144,-0.0732,0.0757,-0.9679,0.3331,0.9207
Rab5a,Rab5a,2893.5402,0.1803,0.0734,2.4577,0.014,0.5549
Rab5b,Rab5b,6101.834,0.0244,0.0817,0.2981,0.7657,0.985
Rab5c,Rab5c,5183.6372,-0.0192,0.0559,-0.3437,0.731,0.98
Rab6a,Rab6a,4919.9307,-0.0001,0.0882,-0.0007,0.9994,0.9999
Rab6b,Rab6b,75.6378,-0.269,0.2055,-1.3094,0.1904,0.874
Rab7,Rab7,12650.5827,0.0214,0.0533,0.4012,0.6883,0.9717
Rab7b,Rab7b,830.8974,0.1318,0.1456,0.9052,0.3654,0.9295
Rab8a,Rab8a,2820.666,-0.0716,0.0558,-1.2835,0.1993,0.8828
Rab8b,Rab8b,1083.4683,0.1758,0.1193,1.4733,0.1407,0.8373
Rab9,Rab9,1458.4052,0.0346,0.0738,0.4695,0.6387,0.9681
Rab9b,Rab9b,0.6792,-1.8006,1.8992,-0.9481,0.3431,
Rabac1,Rabac1,3080.0542,-0.0928,0.0897,-1.0347,0.3008,0.9159
Rabep1,Rabep1,1872.0172,-0.0115,0.1614,-0.0714,0.9431,0.9971
Rabep2,Rabep2,603.7901,-0.1704,0.091,-1.8723,0.0612,0.7521
Rabepk,Rabepk,655.8716,-0.1174,0.0882,-1.3301,0.1835,0.8726
Rabgap1,Rabgap1,2862.4262,0.0604,0.0564,1.0701,0.2846,0.9079
Rabgap1l,Rabgap1l,940.4782,0.0268,0.1188,0.2259,0.8213,0.9893
Rabgef1,Rabgef1,1834.8658,0.0513,0.0684,0.7505,0.453,0.947
Rabggta,Rabggta,755.4534,-0.1394,0.0834,-1.6713,0.0947,0.7876
Rabggtb,Rabggtb,2570.6762,0.0034,0.0755,0.0444,0.9646,0.9974
Rabif,Rabif,1073.2131,-0.0194,0.0584,-0.3321,0.7398,0.9825
Rabl2,Rabl2,462.8952,-0.0606,0.0856,-0.7078,0.4791,0.9498
Rabl3,Rabl3,461.3703,-0.0361,0.0953,-0.3793,0.7044,0.9744
Rabl6,Rabl6,3885.8545,-0.0141,0.0468,-0.3006,0.7638,0.9849
Rac1,Rac1,13772.0154,-0.0331,0.0529,-0.6248,0.5321,0.9571
Rac3,Rac3,279.7795,0.2611,0.117,2.231,0.0257,0.6337
Racgap1,Racgap1,5410.9744,-0.1827,0.1203,-1.5186,0.1289,0.8225
Rad1,Rad1,672.7665,-0.0495,0.0681,-0.7269,0.4673,0.9483
Rad17,Rad17,824.4295,0.0243,0.1089,0.2232,0.8234,0.9893
Rad18,Rad18,354.085,-0.14,0.1564,-0.8952,0.3707,0.9295
Rad21,Rad21,10895.5093,-0.0126,0.098,-0.1288,0.8975,0.9927
Rad23a,Rad23a,4208.5965,0.0587,0.0598,0.9815,0.3264,0.9197
Rad23b,Rad23b,10626.5603,-0.0535,0.0437,-1.2237,0.2211,0.8877
Rad50,Rad50,645.4416,0.2645,0.1318,2.0067,0.0448,0.7227
Rad51,Rad51,702.7603,-0.1704,0.1617,-1.054,0.2919,0.9088
Rad51ap1,Rad51ap1,287.5222,-0.0683,0.1942,-0.3517,0.7251,0.9796
Rad51b,Rad51b,120.6512,0.0333,0.1492,0.2232,0.8234,0.9893
Rad51c,Rad51c,268.9466,0.1539,0.1404,1.0963,0.2729,0.9036
Rad51d,Rad51d,633.7209,-0.0093,0.0697,-0.1341,0.8934,0.9922
Rad52,Rad52,547.7085,0.1301,0.0749,1.7375,0.0823,0.7752
Rad54b,Rad54b,230.2623,-0.0032,0.1704,-0.0187,0.9851,0.9991
Rad54l,Rad54l,255.1737,-0.1177,0.2105,-0.5592,0.576,0.9621
Rad54l2,Rad54l2,1560.0008,0.0305,0.0539,0.5665,0.571,0.9608
Rad9a,Rad9a,896.0582,0.0484,0.0905,0.5346,0.5929,0.964
Rad9b,Rad9b,45.0236,-0.0114,0.2086,-0.0546,0.9564,0.9974
Radil,Radil,180.3036,0.0713,0.1157,0.6157,0.5381,0.9571
Rae1,Rae1,1963.9467,-0.0593,0.0582,-1.0182,0.3086,0.9169
Raet1a,Raet1a,31.9034,-0.0008,0.3194,-0.0025,0.998,0.9996
Raet1d,Raet1d,34.9759,-0.1649,0.2443,-0.6752,0.4996,0.9515
Raet1e,Raet1e,53.084,-0.2969,0.2775,-1.0698,0.2847,0.9079
Raf1,Raf1,4270.4511,-0.0409,0.056,-0.7303,0.4652,0.9483
Rai1,Rai1,1827.378,0.1159,0.0583,1.9871,0.0469,0.7227
Rai14,Rai14,4349.9111,0.0113,0.1107,0.1022,0.9186,0.9955
Rai2,Rai2,9.5499,-1.0893,0.5635,-1.9331,0.0532,
Rala,Rala,2489.618,-0.0673,0.0841,-0.8008,0.4232,0.9416
Ralb,Ralb,3166.215,0.0219,0.06,0.3651,0.715,0.9766
Ralbp1,Ralbp1,2458.5211,0.067,0.085,0.7884,0.4305,0.945
Ralgapa1,Ralgapa1,947.0656,0.0223,0.1933,0.1154,0.9081,0.9939
Ralgapa2,Ralgapa2,403.1894,-0.1199,0.1376,-0.8714,0.3835,0.9315
Ralgapb,Ralgapb,2849.9443,0.0869,0.0845,1.0276,0.3042,0.9164
Ralgds,Ralgds,2717.5315,0.0405,0.0987,0.4102,0.6817,0.9717
Ralgps1,Ralgps1,151.5563,-0.0496,0.1743,-0.2847,0.7759,0.985
Ralgps2,Ralgps2,676.2797,-0.024,0.0979,-0.2454,0.8062,0.9877
Raly,Raly,8697.0542,-0.0276,0.0702,-0.3927,0.6946,0.9731
Ramp1,Ramp1,61.2232,0.0383,0.2136,0.1793,0.8577,0.9906
Ramp2,Ramp2,88.9806,-0.2534,0.1992,-1.2725,0.2032,0.8844
Ramp3,Ramp3,24.1823,-0.1107,0.3283,-0.3371,0.7361,0.9808
Ran,Ran,13227.7484,-0.0539,0.0899,-0.5995,0.5489,0.9571
Ranbp1,Ranbp1,4221.8216,-0.0161,0.0801,-0.2014,0.8404,0.9906
Ranbp10,Ranbp10,1584.6659,0.0214,0.0596,0.3591,0.7195,0.9784
Ranbp2,Ranbp2,2433.144,-0.007,0.1895,-0.037,0.9705,0.9974
Ranbp3,Ranbp3,2712.5131,-0.0319,0.0491,-0.6483,0.5168,0.9548
Ranbp3l,Ranbp3l,482.6167,0.577,0.1601,3.605,0.0003,0.1491
Ranbp6,Ranbp6,589.7526,0.0841,0.1306,0.6438,0.5197,0.9553
Ranbp9,Ranbp9,2659.0016,-0.0141,0.0614,-0.2306,0.8176,0.989
Rangap1,Rangap1,5453.1991,-0.105,0.0903,-1.1631,0.2448,0.8923
Rangrf,Rangrf,346.7751,-0.0041,0.1343,-0.0306,0.9755,0.9975
Rap1a,Rap1a,2156.186,0.0488,0.1109,0.4402,0.6598,0.9702
Rap1b,Rap1b,8164.6673,-0.0486,0.0341,-1.4235,0.1546,0.8501
Rap1gap,Rap1gap,127.4601,0.0321,0.1426,0.2252,0.8218,0.9893
Rap1gap2,Rap1gap2,3101.277,-0.0506,0.1106,-0.4573,0.6475,0.9684
Rap1gds1,Rap1gds1,3327.726,0.0395,0.0568,0.695,0.4871,0.9515
Rap2a,Rap2a,1237.939,0.1083,0.0567,1.9101,0.0561,0.743
Rap2b,Rap2b,1402.16,-0.1558,0.0729,-2.1375,0.0326,0.6622
Rap2c,Rap2c,1379.7833,0.0461,0.1779,0.259,0.7956,0.9871
Rapgef1,Rapgef1,5824.0925,-0.0864,0.0535,-1.6136,0.1066,0.8019
Rapgef2,Rapgef2,1266.1318,0.159,0.066,2.408,0.016,0.5725
Rapgef3,Rapgef3,240.5238,0.1442,0.1193,1.2088,0.2267,0.8906
Rapgef4,Rapgef4,22.4244,0.0979,0.3484,0.281,0.7787,0.985
Rapgef6,Rapgef6,769.4287,0.0063,0.1965,0.0322,0.9743,0.9975
Rapgefl1,Rapgefl1,236.5597,-0.0204,0.1007,-0.2024,0.8396,0.9906
Raph1,Raph1,1846.273,-0.1183,0.1494,-0.7919,0.4284,0.9441
Rapsn,Rapsn,2871.898,-0.1245,0.0618,-2.0141,0.044,0.7227
Rara,Rara,1878.5836,0.0301,0.0742,0.4048,0.6856,0.9717
Rarb,Rarb,20.4102,0.1855,0.3757,0.4938,0.6214,0.966
Rarg,Rarg,4697.1457,0.059,0.1035,0.5701,0.5686,0.9596
Rarres1,Rarres1,5.1114,0.3104,0.6164,0.5036,0.6146,
Rarres2,Rarres2,144.1767,0.3199,0.1816,1.7622,0.078,0.7682
Rars,Rars,4426.1893,-0.0051,0.0561,-0.0904,0.9279,0.9957
Rars2,Rars2,785.0452,0.1725,0.0818,2.1088,0.035,0.6753
Rasa1,Rasa1,2321.9606,0,0.1914,-0.0001,0.9999,0.9999
Rasa2,Rasa2,430.3656,0.1615,0.1308,1.235,0.2168,0.8877
Rasa3,Rasa3,6166.9483,0.0273,0.115,0.2376,0.8122,0.9886
Rasa4,Rasa4,1565.206,-0.0478,0.0669,-0.7151,0.4746,0.949
Rasal2,Rasal2,1417.9017,0.0621,0.1612,0.3851,0.7001,0.9737
Rasd1,Rasd1,2.9737,-1.3271,0.9387,-1.4137,0.1574,
Rasgef1a,Rasgef1a,3.7437,0.2096,0.7713,0.2717,0.7858,
Rasgef1b,Rasgef1b,5.5797,0.2751,0.6002,0.4583,0.6468,
Rasgrf1,Rasgrf1,2.4173,0.9667,1.0276,0.9408,0.3468,
Rasgrf2,Rasgrf2,2.516,-0.901,0.8889,-1.0136,0.3108,
Rasgrp2,Rasgrp2,5.8753,-0.4194,0.609,-0.6887,0.491,
Rasgrp3,Rasgrp3,14.1858,0.1294,0.3628,0.3566,0.7214,
Rasgrp4,Rasgrp4,20.8616,-0.4975,0.3548,-1.4021,0.1609,0.8572
Rasip1,Rasip1,6.7362,-0.0726,0.6023,-0.1205,0.9041,
Rasl10a,Rasl10a,40.1779,-0.0569,0.3046,-0.1868,0.8518,0.9906
Rasl10b,Rasl10b,7.7676,-0.0047,0.5183,-0.009,0.9928,
Rasl11a,Rasl11a,162.4099,0.3537,0.355,0.9964,0.319,0.9181
Rasl11b,Rasl11b,98.2544,0.409,0.2004,2.0412,0.0412,0.7111
Rasl12,Rasl12,774.8892,0.0773,0.1481,0.5222,0.6016,0.966
Rasl2-9,Rasl2-9,0.7692,3.1814,1.9953,1.5944,0.1108,
Rassf1,Rassf1,1896.0335,-0.0416,0.1,-0.4163,0.6772,0.9717
Rassf2,Rassf2,676.3679,0.3374,0.1869,1.8053,0.071,0.7617
Rassf3,Rassf3,2312.2256,-0.163,0.0732,-2.2257,0.026,0.6337
Rassf4,Rassf4,248.9909,-0.0274,0.1073,-0.2552,0.7986,0.9871
Rassf5,Rassf5,839.5172,0.1273,0.0686,1.8554,0.0635,0.7562
Rassf6,Rassf6,6.0526,-0.4064,0.5872,-0.6921,0.4889,
Rassf7,Rassf7,632.3188,-0.1154,0.0892,-1.2926,0.1961,0.8806
Rassf8,Rassf8,394.1918,0.251,0.0943,2.6615,0.0078,0.4412
Raver1,Raver1,1328.4551,-0.0161,0.0782,-0.2062,0.8366,0.9906
Raver2,Raver2,7.2857,-0.3179,0.5657,-0.5621,0.5741,
Rax,Rax,3.266,-0.9464,0.8187,-1.1559,0.2477,
Rb1,Rb1,1759.3702,0.0078,0.1664,0.047,0.9625,0.9974
Rb1cc1,Rb1cc1,885.9714,0.2199,0.1639,1.3414,0.1798,0.8693
Rbak,Rbak,416.5483,0.1033,0.1128,0.9164,0.3595,0.9295
Rbbp4,Rbbp4,16011.4813,-0.045,0.0621,-0.7252,0.4683,0.9483
Rbbp5,Rbbp5,1711.077,-0.0307,0.0659,-0.4652,0.6418,0.9684
Rbbp6,Rbbp6,1244.8789,0.0767,0.1416,0.5414,0.5882,0.964
Rbbp7,Rbbp7,9136.9546,0.0027,0.0846,0.032,0.9745,0.9975
Rbbp8,Rbbp8,500.8651,0.0282,0.218,0.1292,0.8972,0.9927
Rbbp9,Rbbp9,1215.8089,0.0816,0.0794,1.0282,0.3038,0.9164
Rbck1,Rbck1,1680.9011,0.0004,0.0585,0.0071,0.9943,0.9993
Rbfa,Rbfa,365.1569,-0.0241,0.0885,-0.2729,0.785,0.985
Rbfox1,Rbfox1,109.8998,0.0922,0.2061,0.4473,0.6546,0.9687
Rbfox2,Rbfox2,16735.7558,0.0678,0.0857,0.7912,0.4288,0.9441
Rbks,Rbks,27.6958,0.1159,0.3958,0.2928,0.7697,0.985
Rbl1,Rbl1,990.0265,0.0456,0.1746,0.2613,0.7938,0.9871
Rbl2,Rbl2,3644.6771,0.1414,0.0446,3.1706,0.0015,0.272
Rbm10,Rbm10,2139.624,-0.0147,0.0533,-0.2752,0.7832,0.985
Rbm11,Rbm11,5.5742,-0.2714,0.5907,-0.4593,0.646,
Rbm12,Rbm12,1350.3521,0.0357,0.0894,0.3997,0.6894,0.9722
Rbm12b1,Rbm12b1,71.6937,-0.1977,0.2557,-0.7734,0.4393,0.9455
Rbm12b2,Rbm12b2,287.8914,0.0677,0.1508,0.449,0.6534,0.9685
Rbm14,Rbm14,1288.5703,0.0254,0.0836,0.3044,0.7608,0.9849
Rbm15,Rbm15,395.0918,-0.185,0.1836,-1.0078,0.3135,0.9173
Rbm15b,Rbm15b,1388.449,-0.0245,0.0627,-0.3905,0.6961,0.9731
Rbm17,Rbm17,2458.2432,-0.0323,0.0451,-0.7157,0.4742,0.949
Rbm18,Rbm18,2079.0161,0.0486,0.0725,0.6707,0.5024,0.9515
Rbm19,Rbm19,810.6526,0.026,0.0716,0.3631,0.7166,0.9773
Rbm20,Rbm20,3278.7163,-0.0524,0.0428,-1.2239,0.221,0.8877
Rbm22,Rbm22,1953.3005,-0.0123,0.0579,-0.2121,0.832,0.9906
Rbm24,Rbm24,4169.541,-0.0296,0.1121,-0.2642,0.7916,0.9865
Rbm25,Rbm25,1845.5629,0.1382,0.1262,1.0948,0.2736,0.9042
Rbm26,Rbm26,635.8287,0.0171,0.1276,0.1342,0.8932,0.9922
Rbm27,Rbm27,692.0357,-0.0095,0.168,-0.0566,0.9549,0.9974
Rbm28,Rbm28,2400.6359,0.0923,0.0932,0.9905,0.322,0.9197
Rbm3,Rbm3,7504.08,0.1011,0.1612,0.6276,0.5303,0.9568
Rbm33,Rbm33,1861.4777,0.0539,0.0654,0.824,0.4099,0.9377
Rbm34,Rbm34,624.1364,-0.0746,0.117,-0.6376,0.5237,0.9556
Rbm38,Rbm38,751.6155,-0.1854,0.1427,-1.2985,0.1941,0.8782
Rbm39,Rbm39,5289.252,0.0795,0.1224,0.6497,0.5159,0.9548
Rbm3os,Rbm3os,12.1283,0.389,0.3887,1.0008,0.3169,
Rbm4,Rbm4,44.8737,0.1222,0.3068,0.3982,0.6905,0.9727
Rbm41,Rbm41,273.3222,0.0842,0.1515,0.5561,0.5782,0.963
Rbm42,Rbm42,1958.675,-0.0184,0.0599,-0.3077,0.7583,0.9849
Rbm43,Rbm43,169.41,-0.0873,0.1426,-0.6126,0.5401,0.9571
Rbm44,Rbm44,0.8635,-1.0744,1.6629,-0.6461,0.5182,
Rbm45,Rbm45,1206.6531,-0.0147,0.0629,-0.2337,0.8152,0.9889
Rbm47,Rbm47,45.4055,-0.0439,0.2187,-0.2006,0.841,0.9906
Rbm48,Rbm48,197.1713,0.1021,0.1509,0.6763,0.4988,0.9515
Rbm4b,Rbm4b,280.4895,0.0565,0.1117,0.5059,0.6129,0.966
Rbm5,Rbm5,3217.2744,0.0886,0.0512,1.7295,0.0837,0.7762
Rbm6,Rbm6,1854.4313,0.1254,0.1064,1.1778,0.2389,0.8923
Rbm7,Rbm7,1769.2464,0.1492,0.0688,2.1673,0.0302,0.6482
Rbm8a,Rbm8a,2939.3679,-0.0386,0.0743,-0.5203,0.6028,0.966
Rbms1,Rbms1,1552.9602,0.0318,0.1244,0.2553,0.7985,0.9871
Rbms2,Rbms2,4078.6064,-0.0089,0.0484,-0.1841,0.854,0.9906
Rbms3,Rbms3,791.7102,0.0036,0.1563,0.0231,0.9816,0.9984
Rbmx,Rbmx,949.752,0.063,0.0957,0.6581,0.5105,0.9529
Rbmx2,Rbmx2,265.8158,-0.0039,0.1377,-0.028,0.9777,0.9976
Rbmxl1,Rbmxl1,2002.6068,0.2111,0.1826,1.1562,0.2476,0.8923
Rbp1,Rbp1,497.7392,0.0191,0.1088,0.176,0.8603,0.9906
Rbp4,Rbp4,112.4669,0.1223,0.2719,0.4499,0.6528,0.9684
Rbp7,Rbp7,1.4366,0.5188,1.1503,0.451,0.652,
Rbpj,Rbpj,1847.3729,0.0728,0.0899,0.8103,0.4178,0.94
Rbpms,Rbpms,309.1548,-0.1502,0.1067,-1.4085,0.159,0.8557
Rbpms2,Rbpms2,747.8597,-0.105,0.0905,-1.1595,0.2462,0.8923
Rbsn,Rbsn,1898.5702,0.0771,0.0472,1.6344,0.1022,0.7932
Rbx1,Rbx1,4550.1355,-0.0507,0.0849,-0.5968,0.5507,0.9571
Rc3h1,Rc3h1,1169.2359,-0.0258,0.189,-0.1367,0.8913,0.992
Rc3h2,Rc3h2,1196.8967,-0.0465,0.2121,-0.2193,0.8264,0.9905
Rcan1,Rcan1,1096.3974,0.0022,0.0888,0.0245,0.9804,0.9982
Rcan2,Rcan2,1210.1706,0.0556,0.1561,0.3564,0.7215,0.9788
Rcan3,Rcan3,1316.2919,0.0663,0.0733,0.9044,0.3658,0.9295
Rcbtb1,Rcbtb1,1570.1147,0.0432,0.0592,0.7298,0.4655,0.9483
Rcbtb2,Rcbtb2,1307.0017,-0.0447,0.0549,-0.8152,0.415,0.94
Rcc1,Rcc1,1461.49,-0.1023,0.0737,-1.3877,0.1652,0.8598
Rcc2,Rcc2,8479.3642,0.0228,0.0987,0.2308,0.8174,0.989
Rccd1,Rccd1,220.8207,-0.0376,0.114,-0.3301,0.7413,0.983
Rce1,Rce1,747.1559,-0.0568,0.0947,-0.5994,0.5489,0.9571
Rchy1,Rchy1,1466.0543,-0.083,0.0535,-1.5526,0.1205,0.8127
Rcl1,Rcl1,1017.8673,0.1096,0.0888,1.2334,0.2174,0.8877
Rcn1,Rcn1,12347.1575,-0.0329,0.0518,-0.6342,0.5259,0.9565
Rcn2,Rcn2,5304.8266,0.0548,0.0688,0.796,0.426,0.9422
Rcn3,Rcn3,9312.7808,0.1609,0.107,1.5039,0.1326,0.826
Rcor1,Rcor1,745.5939,-0.0011,0.1303,-0.0088,0.993,0.9993
Rcor2,Rcor2,722.723,-0.2278,0.1029,-2.213,0.0269,0.6374
Rcor3,Rcor3,1082.9819,0.0713,0.1069,0.6673,0.5046,0.9515
Rcsd1,Rcsd1,3.3788,1.3246,0.7718,1.7162,0.0861,
Rd3,Rd3,0.9736,-0.0728,1.581,-0.0461,0.9633,
Rdh1,Rdh1,2.7877,0.872,1.0435,0.8357,0.4033,
Rdh10,Rdh10,1062.852,0.1954,0.092,2.1244,0.0336,0.668
Rdh11,Rdh11,1149.2575,0.0262,0.0805,0.3257,0.7447,0.9836
Rdh12,Rdh12,42.9855,0.1613,0.2156,0.7478,0.4546,0.9475
Rdh13,Rdh13,826.5453,-0.0237,0.1018,-0.2324,0.8162,0.989
Rdh14,Rdh14,784.1849,0.0411,0.0888,0.4635,0.643,0.9684
Rdh5,Rdh5,593.5834,-0.1433,0.1706,-0.8401,0.4008,0.9365
Rdh7,Rdh7,0.5788,0.4856,2.3503,0.2066,0.8363,
Rdh8,Rdh8,1.2474,-1.0988,1.3838,-0.794,0.4272,
Rdh9,Rdh9,9.2125,-0.2191,0.5629,-0.3892,0.6971,
Rdm1,Rdm1,207.5335,-0.1828,0.1057,-1.7292,0.0838,0.7762
Rdx,Rdx,4148.7573,0.0739,0.1085,0.6808,0.496,0.9515
Rec114,Rec114,41.4661,-0.442,0.2206,-2.0034,0.0451,0.7227
Reck,Reck,422.9375,0.2492,0.1162,2.1452,0.0319,0.6558
Recql,Recql,643.8089,0.1939,0.0964,2.012,0.0442,0.7227
Recql4,Recql4,234.8241,-0.0499,0.152,-0.3281,0.7429,0.983
Recql5,Recql5,856.9879,0.0248,0.0686,0.362,0.7174,0.9775
Reep1,Reep1,773.9636,-0.049,0.1494,-0.3279,0.743,0.983
Reep2,Reep2,207.3936,-0.0969,0.1274,-0.7606,0.4469,0.9455
Reep3,Reep3,2677.0092,0.0349,0.1217,0.2867,0.7743,0.985
Reep4,Reep4,785.5582,-0.0349,0.0636,-0.5485,0.5834,0.964
Reep5,Reep5,8775.5894,-0.0692,0.0512,-1.352,0.1764,0.8631
Reep6,Reep6,121.8805,-0.1393,0.1391,-1.0018,0.3164,0.9173
Rel,Rel,102.8294,0.0207,0.1862,0.1113,0.9114,0.9943
Rela,Rela,3229.8549,-0.1233,0.0635,-1.942,0.0521,0.7276
Relb,Relb,996.7838,-0.0131,0.0592,-0.2207,0.8253,0.9902
Rell1,Rell1,2410.9116,0.0111,0.0666,0.166,0.8682,0.9906
Rell2,Rell2,5.6746,-0.0833,0.6145,-0.1356,0.8921,
Reln,Reln,0.853,0.716,2.2317,0.3208,0.7483,
Relt,Relt,390.1771,0.0652,0.1491,0.4372,0.662,0.9702
Rem1,Rem1,895.24,0.091,0.1235,0.737,0.4611,0.9483
Rem2,Rem2,1.5416,0.5339,1.1121,0.4801,0.6312,
Renbp,Renbp,1330.5046,-0.1851,0.1124,-1.6473,0.0995,0.7895
Rep15,Rep15,79.9756,0.3624,0.1624,2.2309,0.0257,0.6337
Repin1,Repin1,782.6061,0.0617,0.0963,0.6404,0.5219,0.9556
Reps1,Reps1,1211.2033,-0.0193,0.0608,-0.3172,0.7511,0.9843
Reps2,Reps2,2.2167,-0.8159,0.9488,-0.8599,0.3898,
Rer1,Rer1,4345.7928,-0.0653,0.0613,-1.0655,0.2867,0.9079
Rere,Rere,4189.5178,0.0761,0.0811,0.9375,0.3485,0.9264
Rerg,Rerg,792.8357,0.189,0.08,2.361,0.0182,0.582
Rest,Rest,739.6485,0.0016,0.1019,0.016,0.9872,0.9992
Ret,Ret,114.2227,-0.286,0.169,-1.6925,0.0905,0.7842
Retsat,Retsat,745.0749,0.0616,0.096,0.6414,0.5213,0.9555
Rev1,Rev1,510.6314,0.0403,0.0816,0.4942,0.6212,0.966
Rev3l,Rev3l,501.9349,0.2369,0.1778,1.3329,0.1826,0.8711
Rex2,Rex2,0.8601,3.3089,1.9891,1.6635,0.0962,
Rexo1,Rexo1,1164.6156,-0.114,0.0687,-1.6604,0.0968,0.7886
Rexo2,Rexo2,2713.4195,-0.0022,0.055,-0.0398,0.9682,0.9974
Rexo4,Rexo4,1568.7078,0.056,0.0767,0.7308,0.4649,0.9483
Rfc1,Rfc1,1775.1525,0.119,0.1155,1.031,0.3025,0.9164
Rfc2,Rfc2,1167.8974,-0.1564,0.0927,-1.6875,0.0915,0.7855
Rfc3,Rfc3,913.2394,-0.1664,0.1241,-1.3409,0.1799,0.8693
Rfc4,Rfc4,499.5214,-0.0845,0.141,-0.5994,0.5489,0.9571
Rfc5,Rfc5,863.2147,-0.1825,0.1563,-1.1674,0.2431,0.8923
Rfesd,Rfesd,311.1422,-0.0523,0.1056,-0.4948,0.6207,0.966
Rffl,Rffl,381.0994,0.0984,0.1102,0.893,0.3719,0.9295
Rfk,Rfk,2328.3501,-0.0073,0.0541,-0.1355,0.8922,0.992
Rfng,Rfng,958.9581,0.0156,0.0614,0.2546,0.799,0.9871
Rft1,Rft1,1030.9295,0.0843,0.106,0.7949,0.4266,0.9429
Rftn1,Rftn1,554.1611,-0.0667,0.1318,-0.5058,0.613,0.966
Rftn2,Rftn2,3469.4905,0.025,0.0903,0.2764,0.7822,0.985
Rfwd2,Rfwd2,3204.5521,0.0063,0.0499,0.1256,0.9,0.9931
Rfwd3,Rfwd3,1826.4317,0.0561,0.108,0.5195,0.6034,0.966
Rfx1,Rfx1,672.3804,-0.0894,0.1081,-0.8269,0.4083,0.9376
Rfx2,Rfx2,151.2561,-0.0764,0.1462,-0.5224,0.6014,0.966
Rfx3,Rfx3,206.7774,0.0002,0.1969,0.0008,0.9993,0.9999
Rfx4,Rfx4,10.0381,-0.4876,0.4639,-1.0513,0.2931,
Rfx5,Rfx5,923.2833,0.1404,0.0935,1.5007,0.1334,0.826
Rfx7,Rfx7,931.2149,0.0863,0.1519,0.5679,0.5701,0.9604
Rfx8,Rfx8,7.6975,0.4292,0.506,0.8482,0.3963,
Rfxank,Rfxank,347.2555,0.0396,0.1267,0.312,0.755,0.9849
Rfxap,Rfxap,552.3613,-0.0379,0.0792,-0.4786,0.6322,0.9681
Rgag1,Rgag1,117.2982,0.2821,0.1911,1.4759,0.14,0.8363
Rgag4,Rgag4,88.622,0.1295,0.151,0.8574,0.3912,0.9331
Rgcc,Rgcc,123.4475,-0.3227,0.2174,-1.4844,0.1377,0.8299
Rgl1,Rgl1,1434.7329,0.0672,0.101,0.6651,0.506,0.9515
Rgl2,Rgl2,794.5527,-0.0443,0.0683,-0.6492,0.5162,0.9548
Rgl3,Rgl3,518.2152,-0.0125,0.0925,-0.1357,0.8921,0.992
Rgma,Rgma,1500.1526,-0.0899,0.074,-1.2154,0.2242,0.8877
Rgmb,Rgmb,938.7637,-0.0233,0.084,-0.2774,0.7815,0.985
Rgn,Rgn,9.9395,0.4758,0.4794,0.9925,0.321,
Rgp1,Rgp1,1786.4637,0.1387,0.0673,2.0593,0.0395,0.7049
Rgr,Rgr,0.9643,-1.3183,1.5946,-0.8268,0.4084,
Rgs10,Rgs10,218.0913,0.0086,0.1071,0.0803,0.936,0.9971
Rgs11,Rgs11,49.2036,-0.3885,0.4128,-0.9412,0.3466,0.9253
Rgs12,Rgs12,2232.0713,-0.0793,0.0519,-1.5269,0.1268,0.8173
Rgs14,Rgs14,17.8777,-0.6711,0.4443,-1.5103,0.131,
Rgs16,Rgs16,284.1479,-0.1142,0.1259,-0.9068,0.3645,0.9295
Rgs17,Rgs17,7.1099,0.7235,0.5566,1.2998,0.1937,
Rgs18,Rgs18,0.7657,-1.7942,1.8559,-0.9668,0.3337,
Rgs19,Rgs19,754.6848,-0.0058,0.0793,-0.073,0.9418,0.9971
Rgs2,Rgs2,67.9471,-0.1093,0.1831,-0.5971,0.5504,0.9571
Rgs20,Rgs20,175.4398,0.0202,0.1679,0.1202,0.9043,0.9939
Rgs3,Rgs3,1101.7483,0.1257,0.1443,0.8711,0.3837,0.9315
Rgs4,Rgs4,338.0411,0.1008,0.2093,0.4815,0.6302,0.968
Rgs5,Rgs5,4.8015,0.1188,0.7096,0.1674,0.8671,
Rgs7,Rgs7,3.1727,-1.2407,0.8701,-1.426,0.1539,
Rgs8,Rgs8,3.5755,0.4414,0.7268,0.6073,0.5437,
Rgs9,Rgs9,3.5824,-1.9733,0.9298,-2.1223,0.0338,
Rgs9bp,Rgs9bp,3.1768,-1.8255,0.8885,-2.0546,0.0399,
Rgsl1,Rgsl1,0.6713,1.8231,1.8605,0.9799,0.3271,
Rhbdd1,Rhbdd1,1834.7879,0.0339,0.0683,0.4959,0.6199,0.966
Rhbdd2,Rhbdd2,998.7977,-0.0275,0.0704,-0.3909,0.6958,0.9731
Rhbdd3,Rhbdd3,405.511,-0.1188,0.0806,-1.4734,0.1406,0.8373
Rhbdf1,Rhbdf1,2865.8193,-0.0507,0.0461,-1.0992,0.2717,0.9032
Rhbdf2,Rhbdf2,954.1737,0.1456,0.1525,0.9548,0.3397,0.9244
Rhbdl1,Rhbdl1,26.4813,0.3599,0.2662,1.3522,0.1763,0.8631
Rhbdl2,Rhbdl2,139.978,0.1758,0.2418,0.727,0.4672,0.9483
Rhbdl3,Rhbdl3,18.3651,0.2381,0.3324,0.7165,0.4737,
Rhd,Rhd,16.6214,-0.0878,0.4456,-0.197,0.8439,
Rheb,Rheb,3820.2038,0.0118,0.091,0.1294,0.8971,0.9927
Rhebl1,Rhebl1,184.5138,0.0075,0.1566,0.0477,0.9619,0.9974
Rhno1,Rhno1,951.7568,0.0221,0.0862,0.2566,0.7975,0.9871
Rho,Rho,4.8319,0.5703,0.7191,0.793,0.4278,
Rhoa,Rhoa,20988.6217,-0.044,0.0538,-0.8182,0.4133,0.9399
Rhob,Rhob,13628.3549,-0.1139,0.0597,-1.9073,0.0565,0.744
Rhobtb1,Rhobtb1,1266.8007,0.0116,0.1074,0.1084,0.9137,0.9944
Rhobtb2,Rhobtb2,1856.2295,-0.2245,0.112,-2.004,0.0451,0.7227
Rhobtb3,Rhobtb3,1811.0558,0.093,0.1231,0.7559,0.4497,0.9455
Rhoc,Rhoc,6808.0331,-0.1508,0.0548,-2.749,0.006,0.4172
Rhod,Rhod,1143.3066,0.1816,0.1246,1.4576,0.145,0.8421
Rhof,Rhof,66.0235,-0.0659,0.2003,-0.3288,0.7423,0.983
Rhog,Rhog,1478.3989,-0.1013,0.055,-1.8433,0.0653,0.7609
Rhoh,Rhoh,6.781,-0.1514,0.5709,-0.2652,0.7909,
Rhoj,Rhoj,1697.5372,-0.0358,0.0873,-0.4101,0.6817,0.9717
Rhoq,Rhoq,5244.4545,-0.0636,0.0967,-0.6573,0.511,0.9529
Rhot1,Rhot1,2630.1658,0.0178,0.0576,0.3085,0.7577,0.9849
Rhot2,Rhot2,1426.4701,-0.0522,0.0615,-0.8475,0.3967,0.9347
Rhou,Rhou,959.6024,-0.2268,0.1348,-1.6824,0.0925,0.7872
Rhov,Rhov,23.4887,0.2444,0.3427,0.7132,0.4757,0.949
Rhox10,Rhox10,4.1358,0.3318,0.7893,0.4204,0.6742,
Rhox5,Rhox5,3.9263,0.0374,0.7206,0.0519,0.9586,
Rhpn1,Rhpn1,11.8178,-0.0403,0.4762,-0.0847,0.9325,
Rhpn2,Rhpn2,55.8787,-0.3116,0.2036,-1.5304,0.1259,0.815
Ribc1,Ribc1,35.492,0.0492,0.2894,0.1699,0.8651,0.9906
Ric1,Ric1,1153.8305,0.0226,0.0764,0.2953,0.7677,0.985
Ric3,Ric3,0.4818,-2.2405,2.2839,-0.981,0.3266,
Ric8,Ric8,2500.1339,-0.1148,0.0653,-1.7585,0.0787,0.7682
Ric8b,Ric8b,1238.8961,0.0193,0.0622,0.311,0.7558,0.9849
Rictor,Rictor,951.6293,0.0214,0.1894,0.1128,0.9102,0.9942
Rif1,Rif1,242.2896,0.1645,0.1972,0.8342,0.4042,0.9365
Riiad1,Riiad1,3.8427,0.2353,0.726,0.324,0.7459,
Rilp,Rilp,76.9776,0.2706,0.1902,1.4228,0.1548,0.8501
Rilpl1,Rilpl1,1480.6845,-0.0059,0.0749,-0.079,0.937,0.9971
Rilpl2,Rilpl2,697.0411,0.0006,0.0957,0.0061,0.9952,0.9993
Rimbp3,Rimbp3,0.6777,-1.637,2.1388,-0.7654,0.444,
Rimklb,Rimklb,2.0086,1.8436,1.1844,1.5565,0.1196,
Rims2,Rims2,7.1042,0.1134,0.5858,0.1936,0.8465,
Rims3,Rims3,1.2604,1.0632,1.6398,0.6484,0.5167,
Rin1,Rin1,2139.9339,-0.0592,0.0718,-0.8243,0.4098,0.9377
Rin2,Rin2,4125.1658,0.1226,0.0597,2.0524,0.0401,0.71
Rin3,Rin3,1560.0415,-0.1527,0.1199,-1.2728,0.2031,0.8844
Ring1,Ring1,902.0249,-0.0102,0.065,-0.1569,0.8753,0.9914
Rinl,Rinl,5.5853,0.5898,0.6322,0.9329,0.3509,
Rint1,Rint1,869.0968,0.043,0.0738,0.5821,0.5605,0.9579
Riok1,Riok1,982.2313,0.0811,0.0917,0.8848,0.3762,0.9295
Riok2,Riok2,1766.0608,-0.1286,0.0652,-1.9736,0.0484,0.7227
Riok3,Riok3,6125.0664,0.0769,0.075,1.0243,0.3057,0.9168
Ripk1,Ripk1,1705.1834,0.0376,0.0756,0.4977,0.6187,0.966
Ripk2,Ripk2,1055.4748,0.1721,0.0859,2.0019,0.0453,0.7227
Ripk3,Ripk3,371.6257,-0.1528,0.1128,-1.3548,0.1755,0.8614
Ripk4,Ripk4,0.4886,0.5659,2.3528,0.2405,0.8099,
Ripply1,Ripply1,25.4498,-0.1471,0.3335,-0.4412,0.659,0.9702
Ripply3,Ripply3,35.6522,0.0929,0.2918,0.3183,0.7503,0.9843
Rit1,Rit1,1751.1877,-0.0406,0.1262,-0.322,0.7475,0.9842
Rita1,Rita1,281.9905,-0.1246,0.116,-1.0747,0.2825,0.9074
Rlbp1,Rlbp1,2.4922,0.3028,0.9006,0.3362,0.7367,
Rlf,Rlf,1399.7555,-0.0258,0.1748,-0.1475,0.8827,0.9914
Rlim,Rlim,2393.4675,0.0212,0.1753,0.121,0.9037,0.9939
Rln1,Rln1,0.4788,-0.941,2.3293,-0.404,0.6862,
Rln3,Rln3,0.9782,-0.5095,2.0703,-0.2461,0.8056,
Rltpr,Rltpr,13.6542,-0.1568,0.4377,-0.3583,0.7201,
Rmdn1,Rmdn1,315.2224,-0.1448,0.1029,-1.4066,0.1595,0.8558
Rmdn2,Rmdn2,275.9025,-0.0888,0.1496,-0.594,0.5525,0.9571
Rmdn3,Rmdn3,1405.206,0.0314,0.058,0.5412,0.5884,0.964
Rmi1,Rmi1,435.2933,0.1585,0.1696,0.9347,0.35,0.9271
Rmi2,Rmi2,49.0486,-0.3491,0.2917,-1.1971,0.2313,0.8923
Rmnd1,Rmnd1,1.731,-1.092,1.1166,-0.978,0.3281,
Rmnd5a,Rmnd5a,2097.1795,0.0655,0.0931,0.7036,0.4817,0.9507
Rmnd5b,Rmnd5b,1213.0172,-0.0539,0.0709,-0.7606,0.4469,0.9455
Rmrp,Rmrp,1.1523,-0.2838,1.3914,-0.204,0.8384,
Rn45s,Rn45s,19615.8624,0.1272,0.1201,1.0595,0.2894,0.9079
Rnase1,Rnase1,1.1638,-1.7202,2.206,-0.7798,0.4355,
Rnase10,Rnase10,52.6785,0.0144,0.2665,0.0541,0.9568,0.9974
Rnase4,Rnase4,4418.3105,0.2174,0.0979,2.2214,0.0263,0.6349
Rnase6,Rnase6,1.938,0.1438,1.1007,0.1307,0.896,
Rnaseh1,Rnaseh1,475.6316,-0.0992,0.0852,-1.1638,0.2445,0.8923
Rnaseh2a,Rnaseh2a,1506.7808,-0.0517,0.0782,-0.6609,0.5087,0.9528
Rnaseh2b,Rnaseh2b,537.0943,0.0461,0.0857,0.5386,0.5902,0.964
Rnaseh2c,Rnaseh2c,542.0743,-0.226,0.0837,-2.6994,0.0069,0.4351
Rnasek,Rnasek,2216.2009,-0.1005,0.0904,-1.1113,0.2664,0.8981
Rnasel,Rnasel,81.0434,0.0149,0.2217,0.0673,0.9464,0.9971
Rnaset2b,Rnaset2b,76.4647,0.3148,0.2958,1.0641,0.2873,0.9079
Rnd1,Rnd1,150.6168,-0.1958,0.1235,-1.5856,0.1128,0.8127
Rnd2,Rnd2,231.0575,0.0454,0.1103,0.4119,0.6804,0.9717
Rnd3,Rnd3,4499.0802,0.1995,0.0908,2.196,0.0281,0.6379
Rnf10,Rnf10,8584.3567,-0.0535,0.0422,-1.2689,0.2045,0.8854
Rnf103,Rnf103,1144.8569,0.013,0.0674,0.193,0.8469,0.9906
Rnf11,Rnf11,10243.6059,-0.0694,0.0595,-1.1669,0.2432,0.8923
Rnf111,Rnf111,1277.4207,0.0201,0.0669,0.3009,0.7635,0.9849
Rnf113a1,Rnf113a1,109.5212,0.2235,0.1539,1.4524,0.1464,0.8425
Rnf113a2,Rnf113a2,212.9221,-0.0451,0.1034,-0.4367,0.6623,0.9702
Rnf114,Rnf114,1552.9851,0.0085,0.0691,0.1228,0.9023,0.9937
Rnf115,Rnf115,1431.0285,0.0515,0.0597,0.8628,0.3883,0.933
Rnf121,Rnf121,1008.1388,-0.0614,0.086,-0.713,0.4758,0.949
Rnf122,Rnf122,761.8576,-0.1446,0.0894,-1.6173,0.1058,0.8
Rnf123,Rnf123,1427.1218,0.0838,0.0666,1.2579,0.2084,0.8875
Rnf125,Rnf125,17.114,0.5794,0.3681,1.574,0.1155,
Rnf126,Rnf126,1858.5973,-0.1818,0.0747,-2.4348,0.0149,0.5682
Rnf128,Rnf128,353.6579,-0.0925,0.1696,-0.5454,0.5855,0.964
Rnf13,Rnf13,2250.7557,0.0267,0.1195,0.2236,0.8231,0.9893
Rnf130,Rnf130,1.6282,-0.8612,1.3038,-0.6605,0.5089,
Rnf135,Rnf135,374.6072,0.0694,0.0907,0.7655,0.444,0.9455
Rnf138,Rnf138,620.1901,-0.114,0.1408,-0.8099,0.418,0.94
Rnf138rt1,Rnf138rt1,0.2933,0.8438,2.6273,0.3212,0.7481,
Rnf139,Rnf139,2819.031,0.011,0.0466,0.2368,0.8128,0.9886
Rnf14,Rnf14,3272.4078,0.0728,0.0603,1.2078,0.2271,0.8906
Rnf141,Rnf141,326.0518,-0.0979,0.1231,-0.7959,0.4261,0.9422
Rnf144b,Rnf144b,102.1814,-0.165,0.1409,-1.1716,0.2414,0.8923
Rnf145,Rnf145,4662.8611,-0.2137,0.0703,-3.0375,0.0024,0.3256
Rnf146,Rnf146,1201.1403,0.0207,0.0724,0.286,0.7749,0.985
Rnf149,Rnf149,2419.9108,-0.0183,0.0483,-0.3782,0.7053,0.9744
Rnf150,Rnf150,6517.2697,0.2033,0.1036,1.9618,0.0498,0.7227
Rnf151,Rnf151,13.0315,-0.0898,0.4092,-0.2194,0.8263,
Rnf152,Rnf152,20.1122,-0.0858,0.4705,-0.1823,0.8553,
Rnf157,Rnf157,858.2283,-0.1758,0.1257,-1.3985,0.162,0.8576
Rnf165,Rnf165,37.5972,0.0515,0.2879,0.1787,0.8582,0.9906
Rnf166,Rnf166,977.1968,0.0684,0.0742,0.9221,0.3565,0.9295
Rnf167,Rnf167,771.3897,0.0264,0.0704,0.3745,0.708,0.9745
Rnf168,Rnf168,1018.1772,0.0065,0.0947,0.0688,0.9452,0.9971
Rnf169,Rnf169,786.7232,0.2014,0.1149,1.7533,0.0796,0.7694
Rnf170,Rnf170,688.8893,0.1145,0.189,0.6057,0.5447,0.9571
Rnf180,Rnf180,1.1397,1.3192,1.8289,0.7213,0.4707,
Rnf181,Rnf181,4025.5359,-0.0745,0.0692,-1.0773,0.2814,0.9074
Rnf182,Rnf182,1.0513,-0.4086,1.5726,-0.2598,0.795,
Rnf183,Rnf183,1.3507,0.2852,1.3018,0.2191,0.8266,
Rnf185,Rnf185,2027.6505,-0.0552,0.0559,-0.9882,0.323,0.9197
Rnf187,Rnf187,5892.0129,-0.0439,0.0577,-0.7613,0.4465,0.9455
Rnf19a,Rnf19a,2414.6835,0.0147,0.1044,0.1411,0.8878,0.9917
Rnf19b,Rnf19b,3252.4178,-0.1038,0.0742,-1.3988,0.1619,0.8576
Rnf2,Rnf2,2075.6072,0.1128,0.1079,1.0449,0.2961,0.9119
Rnf20,Rnf20,2709.6535,0.0462,0.0669,0.6901,0.4901,0.9515
Rnf207,Rnf207,14.815,0.15,0.5641,0.2659,0.7903,
Rnf208,Rnf208,7.1529,0.4671,0.5492,0.8505,0.395,
Rnf214,Rnf214,1543.1372,0.0842,0.0618,1.3635,0.1727,0.8614
Rnf215,Rnf215,726.4329,0.0628,0.0758,0.8284,0.4074,0.9373
Rnf216,Rnf216,2115.6824,0.0801,0.0583,1.3731,0.1697,0.8614
Rnf217,Rnf217,1930.0927,-0.16,0.0807,-1.983,0.0474,0.7227
Rnf219,Rnf219,451.647,-0.0077,0.1117,-0.0685,0.9454,0.9971
Rnf220,Rnf220,2011.3418,-0.0416,0.0608,-0.6843,0.4938,0.9515
Rnf223,Rnf223,9.0764,0.2333,0.4691,0.4974,0.6189,
Rnf224,Rnf224,0.3853,0.9701,2.47,0.3928,0.6945,
Rnf225,Rnf225,83.3509,0.0007,0.1686,0.0039,0.9969,0.9995
Rnf24,Rnf24,958.7251,0.0933,0.0819,1.1393,0.2546,0.893
Rnf25,Rnf25,916.1323,-0.0488,0.0767,-0.636,0.5247,0.956
Rnf26,Rnf26,1554.2325,0.0872,0.1241,0.7022,0.4825,0.9513
Rnf31,Rnf31,715.8888,-0.0385,0.0677,-0.5683,0.5698,0.9604
Rnf32,Rnf32,32.0947,0.2355,0.2607,0.9034,0.3663,0.9295
Rnf34,Rnf34,1208.4002,-0.09,0.0767,-1.1725,0.241,0.8923
Rnf38,Rnf38,1648.0651,0.031,0.0853,0.3638,0.716,0.9769
Rnf39,Rnf39,3.2737,0.7225,0.7928,0.9113,0.3622,
Rnf4,Rnf4,6064.9291,-0.0155,0.0589,-0.2634,0.7923,0.9868
Rnf40,Rnf40,2331.5907,-0.0214,0.0636,-0.3361,0.7368,0.9814
Rnf41,Rnf41,1378.6365,-0.1154,0.0813,-1.419,0.1559,0.8509
Rnf44,Rnf44,2818.4755,-0.0614,0.0594,-1.0344,0.301,0.9162
Rnf5,Rnf5,910.9602,-0.1105,0.0704,-1.5696,0.1165,0.8127
Rnf6,Rnf6,2145.5922,0.0748,0.1273,0.5873,0.557,0.9578
Rnf7,Rnf7,3259.9736,-0.0306,0.0796,-0.3841,0.7009,0.9737
Rnf8,Rnf8,106.1405,0.089,0.1872,0.4753,0.6346,0.9681
Rnf8-cmtr1,Rnf8-cmtr1,6.0544,0.2843,0.5527,0.5144,0.607,
Rnft1,Rnft1,1594.3042,0.0244,0.1138,0.2145,0.8301,0.9906
Rnft2,Rnft2,105.5044,-0.0987,0.1497,-0.659,0.5099,0.9528
Rngtt,Rngtt,738.1949,-0.0191,0.1387,-0.1374,0.8907,0.992
Rnh1,Rnh1,6275.7616,-0.1496,0.0753,-1.9859,0.047,0.7227
Rnls,Rnls,102.3097,-0.0968,0.1463,-0.6616,0.5082,0.9528
Rnmt,Rnmt,1546.4832,0.019,0.069,0.2758,0.7827,0.985
Rnmtl1,Rnmtl1,386.4506,0.0983,0.1096,0.8974,0.3695,0.9295
Rnpc3,Rnpc3,251.6236,0.0453,0.1276,0.355,0.7226,0.9788
Rnpep,Rnpep,1217.2506,-0.0164,0.071,-0.2312,0.8171,0.989
Rnpepl1,Rnpepl1,1716.0948,-0.1222,0.0586,-2.0859,0.037,0.6867
Rnps1,Rnps1,1937.1979,-0.0246,0.0689,-0.3563,0.7216,0.9788
Rnu73b,Rnu73b,2.8586,0.0859,1.0521,0.0816,0.935,
Robo1,Robo1,1339.5215,0.0621,0.1355,0.4585,0.6466,0.9684
Robo2,Robo2,100.5626,-0.1806,0.2875,-0.6283,0.5298,0.9568
Robo3,Robo3,1.9128,0.9713,1.0918,0.8896,0.3737,
Rock1,Rock1,528.4711,0.2485,0.1633,1.522,0.128,0.8213
Rock2,Rock2,2160.6643,0.1467,0.1695,0.8657,0.3866,0.9325
Rogdi,Rogdi,513.4849,0.0616,0.1072,0.5748,0.5654,0.9588
Rom1,Rom1,51.8089,-0.0142,0.2169,-0.0654,0.9479,0.9974
Romo1,Romo1,675.8185,-0.009,0.1183,-0.0757,0.9397,0.9971
Ropn1l,Ropn1l,111.876,-0.0366,0.181,-0.202,0.8399,0.9906
Ror1,Ror1,263.993,0.3947,0.1439,2.7437,0.0061,0.4185
Ror2,Ror2,268.5383,0.157,0.1016,1.5462,0.1221,0.8138
Rora,Rora,99.7383,0.2699,0.2527,1.068,0.2855,0.9079
Rorb,Rorb,24.7637,-0.409,0.3238,-1.2633,0.2065,0.886
Rorc,Rorc,159.0859,0.0677,0.1606,0.4215,0.6734,0.971
Rp1l1,Rp1l1,0.2941,0.8438,2.6255,0.3214,0.7479,
Rp2h,Rp2h,552.3424,0.063,0.1957,0.322,0.7474,0.9842
Rp9,Rp9,733.1831,-0.0466,0.0831,-0.5614,0.5745,0.9614
Rpa1,Rpa1,4851.2882,-0.0341,0.0914,-0.3727,0.7094,0.9747
Rpa2,Rpa2,1105.4631,-0.1272,0.1043,-1.2195,0.2226,0.8877
Rpa3,Rpa3,707.9469,-0.0482,0.0965,-0.4995,0.6174,0.966
Rpain,Rpain,287.9886,0.0417,0.0931,0.4481,0.6541,0.9687
Rpap1,Rpap1,1019.797,0.0429,0.0816,0.5256,0.5991,0.9655
Rpap2,Rpap2,712.0729,0.0327,0.0709,0.4612,0.6446,0.9684
Rpap3,Rpap3,1055.6672,0.0536,0.0663,0.8086,0.4187,0.94
Rpe,Rpe,870.2326,0.095,0.1161,0.8181,0.4133,0.9399
Rpf1,Rpf1,855.0282,-0.0613,0.0695,-0.8814,0.3781,0.9303
Rpf2,Rpf2,1095.0932,0.0014,0.0776,0.0179,0.9858,0.9992
Rpgr,Rpgr,244.0663,0.0576,0.1228,0.4693,0.6388,0.9681
Rpgrip1,Rpgrip1,4.0181,0.0998,0.8067,0.1237,0.9016,
Rpgrip1l,Rpgrip1l,763.6499,0.2671,0.1513,1.7657,0.0774,0.7682
Rph3al,Rph3al,9.759,-0.1705,0.4708,-0.3621,0.7172,
Rpia,Rpia,552.2942,0.0046,0.106,0.0437,0.9652,0.9974
Rpl10,Rpl10,37590.0284,-0.0938,0.053,-1.7688,0.0769,0.7682
Rpl10a,Rpl10a,16812.4922,-0.0216,0.0658,-0.3279,0.743,0.983
Rpl11,Rpl11,14792.8323,-0.0888,0.0951,-0.9335,0.3505,0.9271
Rpl12,Rpl12,29117.585,-0.0506,0.0757,-0.6688,0.5036,0.9515
Rpl13,Rpl13,23199.6313,-0.0363,0.0706,-0.515,0.6066,0.966
Rpl13a,Rpl13a,17846.4145,0.0011,0.1312,0.0081,0.9935,0.9993
Rpl14,Rpl14,19478.6475,-0.0881,0.0756,-1.1656,0.2438,0.8923
Rpl14-ps1,Rpl14-ps1,45.304,-0.0299,0.2707,-0.1106,0.9119,0.9943
Rpl15,Rpl15,14982.1033,0.0588,0.1232,0.477,0.6334,0.9681
Rpl17,Rpl17,22894.1199,-0.0181,0.0845,-0.2139,0.8306,0.9906
Rpl18,Rpl18,13672.5248,-0.0814,0.0657,-1.2394,0.2152,0.8877
Rpl18a,Rpl18a,25979.0597,-0.0485,0.0734,-0.6618,0.5081,0.9528
Rpl19,Rpl19,23917.3784,-0.0293,0.0723,-0.406,0.6848,0.9717
Rpl21,Rpl21,12343.7783,-0.21,0.1926,-1.0903,0.2756,0.9068
Rpl22,Rpl22,10895.9964,-0.0688,0.0866,-0.7937,0.4274,0.9431
Rpl22l1,Rpl22l1,4276.5537,-0.1034,0.0563,-1.8365,0.0663,0.7609
Rpl23,Rpl23,26297.4144,-0.0838,0.0782,-1.0723,0.2836,0.9074
Rpl23a,Rpl23a,29556.0088,0.0118,0.0863,0.1373,0.8908,0.992
Rpl24,Rpl24,15817.093,-0.0529,0.0915,-0.5778,0.5634,0.9583
Rpl27,Rpl27,11485.3246,-0.0624,0.0743,-0.839,0.4015,0.9365
Rpl27a,Rpl27a,19386.7663,-0.0255,0.0719,-0.3544,0.723,0.9788
Rpl28,Rpl28,15039.4624,-0.0984,0.0724,-1.3605,0.1737,0.8614
Rpl29,Rpl29,865.8797,-0.4401,0.5734,-0.7675,0.4428,0.9455
Rpl3,Rpl3,30398.5809,-0.1372,0.1137,-1.2068,0.2275,0.8911
Rpl30,Rpl30,12.973,-0.0592,0.4359,-0.1359,0.8919,
Rpl31,Rpl31,17964.1748,-0.138,0.0734,-1.8814,0.0599,0.749
Rpl31-ps12,Rpl31-ps12,2.822,0.4815,0.9486,0.5076,0.6117,
Rpl32,Rpl32,15489.4238,-0.0183,0.0857,-0.2136,0.8309,0.9906
Rpl34,Rpl34,87.3258,0.2524,0.3481,0.7251,0.4684,0.9483
Rpl35,Rpl35,15157.7554,-0.0909,0.0778,-1.1689,0.2424,0.8923
Rpl35a,Rpl35a,10613.9846,-0.0704,0.0855,-0.8231,0.4104,0.9377
Rpl36,Rpl36,6297.8936,-0.0245,0.0972,-0.252,0.8011,0.9871
Rpl36a,Rpl36a,7902.6632,-0.0995,0.0941,-1.0584,0.2899,0.9079
Rpl36al,Rpl36al,2946.083,0.0737,0.1575,0.4678,0.6399,0.9681
Rpl37,Rpl37,14469.2588,-0.1155,0.0972,-1.1881,0.2348,0.8923
Rpl37a,Rpl37a,14097.4124,-0.0699,0.0891,-0.7848,0.4326,0.9453
Rpl37rt,Rpl37rt,210.7385,-0.038,0.1693,-0.2244,0.8224,0.9893
Rpl38,Rpl38,2783.9507,-0.0756,0.1665,-0.454,0.6498,0.9684
Rpl39,Rpl39,7938.6322,-0.0494,0.1066,-0.4638,0.6428,0.9684
Rpl3l,Rpl3l,2.884,-1.6074,0.9477,-1.6962,0.0899,
Rpl4,Rpl4,45595.4994,0.0126,0.0764,0.165,0.869,0.9906
Rpl41,Rpl41,25115.6165,-0.1361,0.0698,-1.9497,0.0512,0.7261
Rpl5,Rpl5,25424.7578,0.0294,0.0826,0.3565,0.7215,0.9788
Rpl6,Rpl6,29652.5657,0.0363,0.1044,0.3482,0.7277,0.9796
Rpl7,Rpl7,40951.1624,-0.0459,0.0667,-0.6883,0.4913,0.9515
Rpl7a,Rpl7a,25450.7513,-0.0302,0.0747,-0.4047,0.6857,0.9717
Rpl7l1,Rpl7l1,5527.7368,-0.0366,0.077,-0.4752,0.6346,0.9681
Rpl8,Rpl8,31309.4044,-0.095,0.0659,-1.4425,0.1492,0.8436
Rpl9,Rpl9,24016.552,-0.0642,0.0808,-0.7947,0.4268,0.9429
Rplp0,Rplp0,65426.4665,-0.0161,0.0674,-0.2385,0.8115,0.9886
Rplp1,Rplp1,22056.6626,-0.0017,0.0795,-0.0214,0.9829,0.9987
Rplp2,Rplp2,9314.0676,-0.0862,0.0696,-1.2375,0.2159,0.8877
Rpn1,Rpn1,9864.6505,-0.0614,0.066,-0.9315,0.3516,0.9271
Rpn2,Rpn2,11571.834,-0.03,0.0503,-0.5968,0.5506,0.9571
Rpp14,Rpp14,1311.5938,0.07,0.0873,0.8015,0.4228,0.9414
Rpp21,Rpp21,283.9867,-0.0893,0.1071,-0.8335,0.4045,0.9365
Rpp25,Rpp25,31.9877,-0.1685,0.2724,-0.6185,0.5362,0.9571
Rpp25l,Rpp25l,608.0924,0.0043,0.1285,0.0335,0.9733,0.9974
Rpp30,Rpp30,721.3347,-0.0048,0.09,-0.0539,0.9571,0.9974
Rpp38,Rpp38,251.3718,-0.0367,0.1035,-0.355,0.7226,0.9788
Rpp40,Rpp40,302.4485,0.0333,0.1287,0.2588,0.7958,0.9871
Rpph1,Rpph1,0.9658,-2.3383,1.5833,-1.4768,0.1397,
Rprd1a,Rprd1a,918.9656,0.022,0.1312,0.168,0.8666,0.9906
Rprd1b,Rprd1b,1606.5353,0.0357,0.0714,0.5003,0.6169,0.966
Rprd2,Rprd2,1618.8738,0.0538,0.1059,0.5078,0.6116,0.966
Rprm,Rprm,2.2136,1.6616,1.057,1.572,0.1159,
Rps10,Rps10,16386.1058,-0.0477,0.064,-0.7449,0.4563,0.9483
Rps11,Rps11,14318.447,-0.062,0.055,-1.1277,0.2594,0.8968
Rps12,Rps12,20705.6167,-0.0908,0.0704,-1.2892,0.1973,0.8806
Rps13,Rps13,8998.3196,-0.053,0.065,-0.8157,0.4147,0.94
Rps14,Rps14,23991.9492,-0.0527,0.0912,-0.578,0.5633,0.9583
Rps15,Rps15,22580.0056,-0.0556,0.0798,-0.6962,0.4863,0.9515
Rps15a,Rps15a,12333.6843,-0.0615,0.0635,-0.9686,0.3327,0.9205
Rps15a-ps4,Rps15a-ps4,5.2251,0.3445,0.642,0.5366,0.5915,
Rps15a-ps6,Rps15a-ps6,13.7934,-0.6286,0.5038,-1.2477,0.2121,
Rps16,Rps16,12239.9298,-0.0693,0.0815,-0.8505,0.3951,0.9341
Rps17,Rps17,12636.7471,-0.0894,0.0732,-1.2217,0.2218,0.8877
Rps18,Rps18,7451.2883,-0.4267,0.656,-0.6506,0.5153,0.9548
Rps19,Rps19,11456.6933,-0.0441,0.0802,-0.5497,0.5825,0.964
Rps19-ps3,Rps19-ps3,38.4755,0.2903,0.3887,0.7468,0.4552,0.9482
Rps19bp1,Rps19bp1,883.4392,-0.0531,0.081,-0.6559,0.5119,0.9533
Rps2,Rps2,7331.9147,-0.2625,0.3717,-0.7061,0.4801,0.9502
Rps20,Rps20,14086.8227,-0.0715,0.0769,-0.9291,0.3529,0.9275
Rps21,Rps21,8530.754,-0.1092,0.1107,-0.9859,0.3242,0.9197
Rps23,Rps23,19376.9929,0.0195,0.0853,0.2281,0.8196,0.9893
Rps24,Rps24,24465.9334,-0.0098,0.0649,-0.151,0.88,0.9914
Rps25,Rps25,13639.1817,-0.0606,0.0952,-0.6364,0.5245,0.956
Rps26,Rps26,11665.6584,-0.1011,0.0591,-1.7113,0.087,0.7807
Rps27,Rps27,39.9425,-0.0022,0.2768,-0.0078,0.9938,0.9993
Rps27a,Rps27a,18827.0384,-0.06,0.0677,-0.8869,0.3751,0.9295
Rps27l,Rps27l,3385.9004,-0.0289,0.0932,-0.3099,0.7566,0.9849
Rps28,Rps28,6133.7917,-0.1291,0.0975,-1.3246,0.1853,0.874
Rps29,Rps29,5434.1724,-0.138,0.0874,-1.5786,0.1144,0.8127
Rps3,Rps3,24625.85,-0.0845,0.0715,-1.1806,0.2377,0.8923
Rps3a1,Rps3a1,17087.8932,-0.2452,0.2061,-1.1896,0.2342,0.8923
Rps4x,Rps4x,42571.1742,-0.0582,0.0609,-0.9565,0.3388,0.9244
Rps5,Rps5,16938.923,-0.1131,0.0577,-1.961,0.0499,0.7227
Rps6,Rps6,29647.7769,0.0266,0.1069,0.249,0.8034,0.9871
Rps6ka1,Rps6ka1,168.4921,0.1966,0.1516,1.2971,0.1946,0.8798
Rps6ka2,Rps6ka2,1296.0622,-0.0665,0.0876,-0.7586,0.4481,0.9455
Rps6ka3,Rps6ka3,1757.6425,0,0.1687,0.0002,0.9998,0.9999
Rps6ka4,Rps6ka4,2472.6603,-0.0307,0.0598,-0.5136,0.6075,0.966
Rps6ka5,Rps6ka5,193.599,0.0218,0.1184,0.1841,0.8539,0.9906
Rps6ka6,Rps6ka6,0.3838,-1.8789,2.4405,-0.7699,0.4414,
Rps6kb1,Rps6kb1,1460.575,0.0888,0.1051,0.8453,0.3979,0.9351
Rps6kb2,Rps6kb2,819.9386,-0.0872,0.0698,-1.2505,0.2111,0.8875
Rps6kc1,Rps6kc1,1236.8525,-0.1013,0.0614,-1.6495,0.099,0.7895
Rps6kl1,Rps6kl1,8.9164,0.0207,0.541,0.0383,0.9694,
Rps7,Rps7,21501.2703,-0.0308,0.071,-0.4339,0.6644,0.9702
Rps8,Rps8,25992.7191,-0.0051,0.0727,-0.0695,0.9446,0.9971
Rps9,Rps9,21446.5998,-0.0584,0.0607,-0.9626,0.3357,0.921
Rpsa,Rpsa,48472.6544,-0.0885,0.0741,-1.1938,0.2325,0.8923
Rptor,Rptor,3011.8472,-0.0457,0.0676,-0.6755,0.4993,0.9515
Rptoros,Rptoros,1.5568,1.3648,1.3419,1.0171,0.3091,
Rpusd1,Rpusd1,579.231,0.0155,0.0979,0.1582,0.8743,0.991
Rpusd2,Rpusd2,246.5298,-0.0407,0.1128,-0.3612,0.7179,0.9777
Rpusd3,Rpusd3,138.5201,0.1166,0.1283,0.9087,0.3635,0.9295
Rpusd4,Rpusd4,433.3074,0.06,0.1167,0.514,0.6072,0.966
Rqcd1,Rqcd1,2296.1133,-0.1002,0.0701,-1.4307,0.1525,0.8495
Rrad,Rrad,1032.8715,0.0021,0.1445,0.0147,0.9883,0.9993
Rraga,Rraga,2504.5633,-0.0367,0.0639,-0.5748,0.5655,0.9588
Rragc,Rragc,4172.1349,-0.0211,0.0671,-0.3151,0.7527,0.9849
Rragd,Rragd,360.4966,-0.1366,0.1343,-1.017,0.3092,0.9169
Rras,Rras,1856.2336,-0.0664,0.0574,-1.156,0.2477,0.8923
Rras2,Rras2,3573.1256,-0.1729,0.0548,-3.155,0.0016,0.2769
Rrbp1,Rrbp1,10421.1113,0.0082,0.0903,0.0904,0.928,0.9957
Rreb1,Rreb1,1789.165,0.0419,0.0679,0.6163,0.5377,0.9571
Rrm1,Rrm1,7740.9929,-0.0888,0.0947,-0.937,0.3487,0.9264
Rrm2,Rrm2,7672.8969,-0.1581,0.1495,-1.0576,0.2903,0.9079
Rrm2b,Rrm2b,556.0451,-0.0256,0.1834,-0.1394,0.8891,0.992
Rrn3,Rrn3,3767.7445,0.0126,0.0732,0.1727,0.8629,0.9906
Rrnad1,Rrnad1,469.8174,0.129,0.0848,1.5213,0.1282,0.8217
Rrp1,Rrp1,5737.9744,0.0062,0.0658,0.0935,0.9255,0.9957
Rrp12,Rrp12,1450.4565,-0.0051,0.096,-0.0536,0.9572,0.9974
Rrp15,Rrp15,797.9249,0.0659,0.1072,0.6149,0.5386,0.9571
Rrp1b,Rrp1b,1316.5124,0.0754,0.0623,1.2106,0.226,0.8896
Rrp36,Rrp36,906.9268,-0.0227,0.0782,-0.2907,0.7713,0.985
Rrp7a,Rrp7a,2453.8309,-0.0545,0.089,-0.6126,0.5401,0.9571
Rrp8,Rrp8,1420.4168,-0.0208,0.0887,-0.2346,0.8145,0.9889
Rrp9,Rrp9,758.6411,-0.0194,0.1044,-0.1862,0.8523,0.9906
Rrs1,Rrs1,1553.6525,-0.0153,0.065,-0.236,0.8134,0.9888
Rsad1,Rsad1,370.0211,0.0123,0.0804,0.1536,0.8779,0.9914
Rsad2,Rsad2,10.9309,0.3016,0.7573,0.3983,0.6904,
Rsbn1,Rsbn1,292.0611,-0.09,0.1759,-0.5116,0.6089,0.966
Rsbn1l,Rsbn1l,392.5758,0.0375,0.1714,0.219,0.8266,0.9905
Rsc1a1,Rsc1a1,0.666,0.0149,2.2887,0.0065,0.9948,
Rsf1,Rsf1,525.4721,0.0811,0.1698,0.4775,0.633,0.9681
Rsg1,Rsg1,18.2961,0.4764,0.3363,1.4168,0.1565,
Rsl1,Rsl1,64.7115,0.2679,0.1746,1.5346,0.1249,0.815
Rsl1d1,Rsl1d1,4664.0251,0.096,0.064,1.5,0.1336,0.826
Rsl24d1,Rsl24d1,1921.8198,0.0044,0.0866,0.0508,0.9595,0.9974
Rslcan18,Rslcan18,25.9439,0.3547,0.3228,1.099,0.2718,0.9032
Rsph1,Rsph1,18.5536,0.3091,0.3683,0.8391,0.4014,
Rsph3a,Rsph3a,457.8169,0.0501,0.2451,0.2046,0.8379,0.9906
Rsph3b,Rsph3b,140.553,0.1359,0.2425,0.5604,0.5752,0.9617
Rsph4a,Rsph4a,1.1506,-1.624,1.5386,-1.0555,0.2912,
Rsph9,Rsph9,150.4569,-0.0116,0.1601,-0.0724,0.9423,0.9971
Rspo1,Rspo1,5.5014,-0.3945,0.5796,-0.6806,0.4961,
Rspo2,Rspo2,20.8987,-0.3822,0.4033,-0.9479,0.3432,0.9246
Rspo3,Rspo3,7.6065,0.2194,0.5047,0.4347,0.6638,
Rspo4,Rspo4,0.7755,-2.9614,1.7701,-1.673,0.0943,
Rspry1,Rspry1,2074.4348,0.0765,0.0695,1.1002,0.2712,0.9032
Rsrc1,Rsrc1,1780.8567,0.1313,0.0802,1.6367,0.1017,0.7921
Rsrc2,Rsrc2,1342.2945,0.0993,0.1662,0.5976,0.5501,0.9571
Rsrp1,Rsrp1,3941.8588,0.2073,0.1525,1.36,0.1738,0.8614
Rsu1,Rsu1,4085.1569,0.0569,0.0748,0.761,0.4467,0.9455
Rtbdn,Rtbdn,1.4427,-0.2462,1.1939,-0.2062,0.8366,
Rtca,Rtca,1738.3884,-0.0565,0.0795,-0.7104,0.4775,0.949
Rtcb,Rtcb,6358.2478,-0.043,0.0501,-0.8589,0.3904,0.9331
Rtel1,Rtel1,825.9778,-0.0857,0.0948,-0.9043,0.3658,0.9295
Rtf1,Rtf1,1453.111,0.0641,0.1058,0.6057,0.5447,0.9571
Rtfdc1,Rtfdc1,2599.2402,-0.049,0.0724,-0.6776,0.4981,0.9515
Rtkn,Rtkn,1685.3972,-0.0749,0.0718,-1.0429,0.297,0.9127
Rtkn2,Rtkn2,449.6586,-0.2094,0.094,-2.2274,0.0259,0.6337
Rtn2,Rtn2,3367.5752,-0.0897,0.0617,-1.4532,0.1462,0.8425
Rtn3,Rtn3,6874.543,0.0198,0.0499,0.3975,0.691,0.973
Rtn4,Rtn4,19627.5492,-0.0531,0.0908,-0.5855,0.5582,0.9579
Rtn4ip1,Rtn4ip1,476.5392,-0.0252,0.1015,-0.2482,0.804,0.9871
Rtn4r,Rtn4r,96.3882,0.0394,0.172,0.229,0.8188,0.9892
Rtn4rl1,Rtn4rl1,14.4285,-0.0876,0.3676,-0.2382,0.8117,
Rtn4rl2,Rtn4rl2,26.9545,0.0423,0.2747,0.1541,0.8775,0.9914
Rtp1,Rtp1,0.8663,-1.0748,1.5173,-0.7083,0.4787,
Rtp3,Rtp3,0.5734,-1.127,1.9826,-0.5685,0.5697,
Rtp4,Rtp4,120.4573,-0.1561,0.2095,-0.7451,0.4562,0.9483
Rttn,Rttn,327.1493,0.1188,0.1154,1.0295,0.3033,0.9164
Rufy1,Rufy1,1027.3263,-0.1751,0.0669,-2.6169,0.0089,0.4706
Rufy2,Rufy2,683.8274,0.0341,0.1193,0.2855,0.7753,0.985
Rufy3,Rufy3,644.8531,0.0153,0.0837,0.1827,0.855,0.9906
Rufy4,Rufy4,1.9251,-2.4649,1.3317,-1.851,0.0642,
Rundc1,Rundc1,874.8595,-0.1071,0.0685,-1.5643,0.1177,0.8127
Rundc3a,Rundc3a,169.5902,-0.2235,0.1519,-1.4706,0.1414,0.8391
Runx1,Runx1,7222.5435,0.0539,0.1453,0.3706,0.7109,0.9755
Runx1t1,Runx1t1,6.2795,-0.5467,0.69,-0.7924,0.4282,
Runx2,Runx2,1642.8978,0.0212,0.1263,0.1681,0.8665,0.9906
Runx3,Runx3,1101.4471,-0.1422,0.13,-1.0945,0.2737,0.9042
Rusc1,Rusc1,953.175,-0.0348,0.0637,-0.5466,0.5847,0.964
Rusc2,Rusc2,1475.0062,0.0173,0.1129,0.1535,0.878,0.9914
Ruvbl1,Ruvbl1,1901.6761,-0.0051,0.0844,-0.0602,0.952,0.9974
Ruvbl2,Ruvbl2,1650.1564,-0.1009,0.0609,-1.6554,0.0978,0.7886
Rwdd1,Rwdd1,1576.8056,-0.017,0.0568,-0.2992,0.7647,0.985
Rwdd2a,Rwdd2a,46.3502,-0.0313,0.2044,-0.1532,0.8782,0.9914
Rwdd2b,Rwdd2b,223.0701,-0.1555,0.0986,-1.5761,0.115,0.8127
Rwdd3,Rwdd3,189.6433,0.2989,0.1192,2.508,0.0121,0.5308
Rwdd4a,Rwdd4a,1210.771,-0.035,0.0785,-0.4459,0.6557,0.9691
Rxfp1,Rxfp1,0.4824,2.5323,2.2343,1.1334,0.2571,
Rxfp3,Rxfp3,13.4919,0.2159,0.3804,0.5676,0.5703,
Rxra,Rxra,3962.8991,0.0579,0.0457,1.2649,0.2059,0.886
Rxrb,Rxrb,1444.9055,-0.0757,0.0558,-1.3567,0.1749,0.8614
Rxrg,Rxrg,0.9722,-1.6014,1.5449,-1.0366,0.2999,
Rybp,Rybp,499.42,0.2564,0.1431,1.7927,0.073,0.7674
Ryk,Ryk,6940.0339,0.0203,0.0522,0.3883,0.6978,0.9736
Ryr1,Ryr1,3819.1044,-0.1504,0.1177,-1.2785,0.2011,0.8828
Ryr2,Ryr2,1.636,1.0595,1.2913,0.8205,0.412,
Ryr3,Ryr3,795.9126,0.145,0.1046,1.3865,0.1656,0.8598
S100a1,S100a1,996.5207,-0.1015,0.0852,-1.1911,0.2336,0.8923
S100a10,S100a10,11050.8956,-0.0771,0.0481,-1.6019,0.1092,0.8072
S100a11,S100a11,14403.178,-0.0802,0.0576,-1.3934,0.1635,0.8598
S100a13,S100a13,1122.7551,-0.0749,0.0718,-1.0435,0.2967,0.9124
S100a14,S100a14,8.2547,0.0441,0.5031,0.0877,0.9301,
S100a16,S100a16,3616.7904,-0.144,0.0672,-2.1445,0.032,0.6558
S100a3,S100a3,26.3747,-0.4194,0.2984,-1.4052,0.1599,0.856
S100a4,S100a4,30532.6306,-0.0782,0.0547,-1.4298,0.1528,0.8495
S100a5,S100a5,0.7684,2.2418,1.8076,1.2402,0.2149,
S100a6,S100a6,12242.5338,-0.0122,0.0998,-0.1222,0.9027,0.9937
S100a7a,S100a7a,9.7857,0.0242,0.5283,0.0458,0.9635,
S100a8,S100a8,2.5147,-0.2817,0.9383,-0.3003,0.764,
S100b,S100b,2.8755,0.0903,1.0375,0.087,0.9307,
S100g,S100g,2.0205,-1.0449,1.0352,-1.0094,0.3128,
S100pbp,S100pbp,464.182,0.0957,0.0783,1.2224,0.2216,0.8877
S1pr1,S1pr1,993.743,0.4271,0.1838,2.3238,0.0201,0.6047
S1pr2,S1pr2,1478.0656,0.1201,0.1462,0.8214,0.4114,0.9378
S1pr3,S1pr3,1016.4647,0.2593,0.1271,2.0404,0.0413,0.7111
S1pr5,S1pr5,4.924,1.0053,0.7064,1.4232,0.1547,
Saa1,Saa1,1.5583,-0.3721,1.4983,-0.2484,0.8038,
Saa2,Saa2,5.6304,-0.0726,0.7034,-0.1032,0.9178,
Saa3,Saa3,778.4444,-0.9,1.001,-0.8991,0.3686,0.9295
Saal1,Saal1,760.7629,-0.0082,0.0713,-0.1152,0.9083,0.9939
Sac3d1,Sac3d1,408.2928,0.0113,0.1142,0.0986,0.9215,0.9957
Sacm1l,Sacm1l,2557.8584,0.1159,0.1102,1.0522,0.2927,0.9096
Sacs,Sacs,13.9644,0.3889,0.5157,0.7541,0.4508,
Sae1,Sae1,4278.8237,-0.0673,0.0459,-1.4686,0.1419,0.8395
Safb,Safb,3254.8831,0.056,0.0843,0.6638,0.5068,0.9525
Safb2,Safb2,1542.8783,0.0873,0.078,1.1195,0.2629,0.8981
Sag,Sag,2.4085,1.4936,1.0027,1.4895,0.1363,
Sall2,Sall2,963.6324,0.0257,0.0622,0.4136,0.6791,0.9717
Samd1,Samd1,1184.3757,-0.0922,0.1158,-0.7959,0.4261,0.9422
Samd10,Samd10,63.6243,-0.1712,0.1863,-0.9187,0.3583,0.9295
Samd11,Samd11,2.0391,1.8655,1.2352,1.5103,0.131,
Samd12,Samd12,2.2155,-1.4655,1.2044,-1.2168,0.2237,
Samd14,Samd14,1390.3397,-0.0101,0.0773,-0.1305,0.8962,0.9927
Samd15,Samd15,9.2296,-0.5525,0.4975,-1.1105,0.2668,
Samd4,Samd4,2591.8771,0.0016,0.0855,0.0188,0.985,0.9991
Samd4b,Samd4b,1832.3516,-0.0179,0.0607,-0.2957,0.7674,0.985
Samd5,Samd5,1.253,-0.3132,1.3587,-0.2305,0.8177,
Samd7,Samd7,2.6117,0.0826,0.8768,0.0942,0.925,
Samd8,Samd8,2584.4679,-0.0496,0.1263,-0.3922,0.6949,0.9731
Samd9l,Samd9l,192.211,0.3499,0.1719,2.035,0.0418,0.7169
Samhd1,Samhd1,2884.9007,0.0794,0.0679,1.1692,0.2423,0.8923
Samm50,Samm50,4018.6532,-0.1107,0.0614,-1.8039,0.0713,0.7617
Samsn1,Samsn1,3.8444,0.2402,0.7776,0.3089,0.7574,
Sap130,Sap130,2304.7688,-0.05,0.0816,-0.6131,0.5398,0.9571
Sap18,Sap18,857.29,0.0195,0.0953,0.2044,0.838,0.9906
Sap30,Sap30,876.0836,-0.1352,0.0949,-1.4248,0.1542,0.8501
Sap30bp,Sap30bp,1987.4603,-0.0513,0.0526,-0.9745,0.3298,0.9197
Sap30l,Sap30l,705.4354,0.0714,0.0882,0.8096,0.4182,0.94
Sapcd1,Sapcd1,7.0095,0.5118,0.598,0.8559,0.3921,
Sapcd2,Sapcd2,218.0262,-0.4275,0.2045,-2.0906,0.0366,0.6839
Sar1a,Sar1a,14660.7425,-0.0195,0.0424,-0.4603,0.6453,0.9684
Sar1b,Sar1b,2553.9332,-0.0033,0.0542,-0.0606,0.9517,0.9974
Saraf,Saraf,5041.8443,-0.0336,0.0627,-0.5365,0.5916,0.964
Sardh,Sardh,1671.0206,0.0511,0.0967,0.5284,0.5972,0.964
Sarm1,Sarm1,19.1898,-0.1153,0.3902,-0.2955,0.7676,
Sarnp,Sarnp,2523.7634,-0.029,0.0675,-0.4293,0.6677,0.9702
Sars,Sars,7739.7719,-0.1246,0.1066,-1.1683,0.2427,0.8923
Sars2,Sars2,237.7516,-0.0708,0.1153,-0.6136,0.5395,0.9571
Sart1,Sart1,2517.5444,-0.0164,0.0577,-0.2836,0.7767,0.985
Sart3,Sart3,1851.068,-0.0465,0.0542,-0.8574,0.3912,0.9331
Sash1,Sash1,1433.2067,0.16,0.1188,1.3473,0.1779,0.8659
Sass6,Sass6,167.8778,-0.2122,0.2364,-0.8975,0.3694,0.9295
Sat1,Sat1,3841.369,-0.0613,0.1179,-0.5194,0.6035,0.966
Sat2,Sat2,199.2625,0.052,0.1463,0.3553,0.7223,0.9788
Satb1,Satb1,32.7369,0.2991,0.2383,1.2552,0.2094,0.8875
Satb2,Satb2,344.0733,0.0893,0.1613,0.5536,0.5798,0.9631
Satl1,Satl1,1.9212,1.2219,1.0421,1.1726,0.241,
Sav1,Sav1,3015.4055,-0.0066,0.0643,-0.1031,0.9179,0.9955
Saxo2,Saxo2,3.2649,1.5037,0.9127,1.6476,0.0994,
Saysd1,Saysd1,244.4327,-0.0084,0.0964,-0.0876,0.9302,0.9957
Sbds,Sbds,2462.5373,0.0313,0.1003,0.3118,0.7552,0.9849
Sbf1,Sbf1,5944.0132,-0.0162,0.0629,-0.2569,0.7973,0.9871
Sbf2,Sbf2,1883.9933,0.107,0.1371,0.7803,0.4352,0.9453
Sbk1,Sbk1,866.9747,-0.1389,0.0859,-1.6176,0.1057,0.8
Sbk2,Sbk2,110.3079,-0.5131,0.318,-1.6134,0.1067,0.8019
Sbk3,Sbk3,22.6186,-0.741,0.3475,-2.1322,0.033,0.6642
Sbno1,Sbno1,2044.239,0.0985,0.1287,0.7654,0.444,0.9455
Sbno2,Sbno2,3781.7062,-0.0033,0.11,-0.0298,0.9762,0.9975
Sbsn,Sbsn,58.9362,-0.3205,0.2027,-1.5813,0.1138,0.8127
Sbspon,Sbspon,9.7499,0.1146,0.5182,0.2212,0.8249,
Sc5d,Sc5d,873.9145,0.0144,0.0841,0.1709,0.8643,0.9906
Scaf1,Scaf1,3326.4342,-0.0402,0.058,-0.6939,0.4877,0.9515
Scaf11,Scaf11,3980.8365,0.0403,0.1531,0.2634,0.7923,0.9868
Scaf4,Scaf4,1112.4939,0.1014,0.062,1.6344,0.1022,0.7932
Scaf8,Scaf8,2473.7486,0.0979,0.0863,1.1346,0.2565,0.8935
Scai,Scai,233.1432,0.0292,0.2159,0.1351,0.8925,0.992
Scamp1,Scamp1,2178.9423,-0.0046,0.0455,-0.1021,0.9187,0.9955
Scamp2,Scamp2,2344.9538,-0.0111,0.064,-0.1727,0.8629,0.9906
Scamp3,Scamp3,97.7139,0.204,0.2739,0.7449,0.4564,0.9483
Scamp4,Scamp4,2095.6885,-0.1134,0.0672,-1.6877,0.0915,0.7855
Scamp5,Scamp5,854.075,-0.1226,0.0622,-1.9726,0.0485,0.7227
Scand1,Scand1,485.0443,0.079,0.1431,0.5518,0.5811,0.9637
Scap,Scap,2266.0759,0.0851,0.0847,1.0049,0.315,0.9173
Scaper,Scaper,265.7327,0.0812,0.2091,0.3882,0.6979,0.9736
Scara3,Scara3,802.1358,0.1033,0.0789,1.3103,0.1901,0.874
Scara5,Scara5,1544.074,0.5665,0.3877,1.4612,0.144,0.8413
Scarb1,Scarb1,1090.6188,-0.0724,0.067,-1.0804,0.28,0.9074
Scarb2,Scarb2,4503.8857,0.1182,0.1012,1.1676,0.243,0.8923
Scarf1,Scarf1,7.5207,-0.1299,0.589,-0.2205,0.8255,
Scarf2,Scarf2,2096.3544,0.1961,0.0884,2.2175,0.0266,0.6363
Scarletltr,Scarletltr,9.6569,-0.2309,0.4763,-0.4848,0.6278,
Scarna13,Scarna13,1.6432,0.7426,1.3616,0.5454,0.5855,
Scarna17,Scarna17,0.4816,1.4601,2.0218,0.7222,0.4702,
Scarna2,Scarna2,0.3838,-1.8789,2.4405,-0.7699,0.4414,
Scarna6,Scarna6,0.3915,-0.9435,2.4475,-0.3855,0.6999,
Sccpdh,Sccpdh,2637.3924,-0.142,0.077,-1.8434,0.0653,0.7609
Scd1,Scd1,12903.5829,-0.1552,0.078,-1.9889,0.0467,0.7227
Scd2,Scd2,45371.3782,-0.1874,0.0855,-2.1916,0.0284,0.6409
Scd3,Scd3,2.8278,-0.4646,1.0423,-0.4457,0.6558,
Scd4,Scd4,18.9636,0.1607,0.3556,0.4518,0.6514,
Scel,Scel,2.5135,-1.1059,0.9281,-1.1916,0.2334,
Scfd1,Scfd1,1837.8607,0.1025,0.1163,0.8809,0.3784,0.9303
Scfd2,Scfd2,391.7555,0.1139,0.1241,0.9183,0.3585,0.9295
Scg2,Scg2,10.8045,-0.5685,0.4512,-1.2601,0.2076,
Scg5,Scg5,15.587,0.147,0.4246,0.3462,0.7292,
Scgb1b30,Scgb1b30,0.3853,0.9701,2.47,0.3928,0.6945,
Scgb1c1,Scgb1c1,0.572,1.6574,1.9987,0.8292,0.407,
Scgb2b7,Scgb2b7,0.4814,-1.1304,2.0481,-0.5519,0.581,
Schip1,Schip1,9.2088,0.2396,0.5567,0.4304,0.6669,
Scimp,Scimp,0.4796,1.4535,2.3454,0.6197,0.5354,
Scin,Scin,4.6297,0.8678,0.6463,1.3427,0.1794,
Sclt1,Sclt1,120.3599,-0.0005,0.1799,-0.0027,0.9979,0.9996
Scly,Scly,543.0805,-0.1367,0.0868,-1.5754,0.1152,0.8127
Scmh1,Scmh1,1416.049,0.0282,0.0656,0.4299,0.6673,0.9702
Scml2,Scml2,6.253,0.669,0.6532,1.0242,0.3057,
Scml4,Scml4,257.8158,-0.1892,0.1472,-1.2855,0.1986,0.8828
Scn10a,Scn10a,84.5206,-0.3977,0.2552,-1.5588,0.119,0.8127
Scn1b,Scn1b,385.8773,0.0457,0.0982,0.4653,0.6417,0.9684
Scn2a1,Scn2a1,4.9032,-0.0775,0.6232,-0.1244,0.901,
Scn3a,Scn3a,9.9048,-0.561,0.5219,-1.0748,0.2824,
Scn3b,Scn3b,4.5119,-0.3969,0.6885,-0.5765,0.5643,
Scn4a,Scn4a,562.2282,-0.148,0.1472,-1.0059,0.3145,0.9173
Scn5a,Scn5a,2807.0849,-0.2063,0.1645,-1.2545,0.2097,0.8875
Scn7a,Scn7a,430.5511,-0.2832,0.2471,-1.1463,0.2517,0.893
Scn9a,Scn9a,1.4447,1.2719,1.1731,1.0843,0.2782,
Scnm1,Scnm1,470.8729,-0.0789,0.0951,-0.8297,0.4067,0.9373
Scnn1a,Scnn1a,19.3091,-0.2685,0.3143,-0.8544,0.3929,
Scnn1b,Scnn1b,0.6761,1.1266,1.705,0.6607,0.5088,
Sco1,Sco1,661.9467,-0.0328,0.0817,-0.4018,0.6879,0.9717
Scoc,Scoc,583.726,0.1195,0.1614,0.7409,0.4588,0.9483
Scp2,Scp2,5115.8797,0.087,0.0553,1.5724,0.1159,0.8127
Scpep1,Scpep1,8268.4506,-0.0071,0.0757,-0.0936,0.9254,0.9957
Scpep1os,Scpep1os,2.1343,0.5821,1.0484,0.5553,0.5787,
Scrib,Scrib,4149.9171,-0.109,0.0773,-1.4095,0.1587,0.8557
Scrn1,Scrn1,1915.261,0.1248,0.1274,0.9798,0.3272,0.9197
Scrn2,Scrn2,430.5316,-0.0728,0.0917,-0.7938,0.4273,0.9431
Scrn3,Scrn3,677.4047,-0.0361,0.1059,-0.3411,0.733,0.9802
Sct,Sct,3.5799,0.0362,0.7482,0.0483,0.9614,
Sctr,Sctr,32.052,-0.5367,0.2564,-2.0929,0.0364,0.6818
Scube1,Scube1,0.9567,-1.1967,1.6344,-0.7322,0.464,
Scube2,Scube2,7.1969,1.2024,0.5356,2.2451,0.0248,
Scube3,Scube3,12.8945,0.3385,0.4006,0.845,0.3981,
Scx,Scx,2631.4275,-0.239,0.0955,-2.5034,0.0123,0.5308
Scyl1,Scyl1,3426.911,-0.029,0.0514,-0.5653,0.5719,0.9612
Scyl2,Scyl2,1246.1229,0.0588,0.1304,0.4507,0.6522,0.9684
Scyl3,Scyl3,763.7837,0.1416,0.0714,1.9827,0.0474,0.7227
Sdad1,Sdad1,1106.7521,0.0544,0.0765,0.7108,0.4772,0.949
Sdc1,Sdc1,16058.0036,-0.0261,0.0939,-0.2783,0.7808,0.985
Sdc2,Sdc2,26773.7183,0.1105,0.0766,1.442,0.1493,0.8436
Sdc3,Sdc3,5213.4092,0.0609,0.1682,0.3623,0.7171,0.9774
Sdc4,Sdc4,8763.6401,0.0178,0.0752,0.2367,0.8129,0.9886
Sdcbp,Sdcbp,6633.8169,-0.0351,0.0485,-0.7227,0.4698,0.9483
Sdcbp2,Sdcbp2,6.936,-0.2171,0.5288,-0.4105,0.6814,
Sdccag3,Sdccag3,1897.1553,0.0034,0.0624,0.054,0.9569,0.9974
Sdccag8,Sdccag8,632.3807,0.1052,0.0875,1.2015,0.2295,0.8914
Sde2,Sde2,2204.5583,0.018,0.0624,0.2883,0.7731,0.985
Sdf2,Sdf2,2735.9723,-0.0919,0.0522,-1.7604,0.0783,0.7682
Sdf2l1,Sdf2l1,695.4331,-0.2828,0.1559,-1.8135,0.0698,0.7617
Sdf4,Sdf4,8020.9618,0.0753,0.1035,0.7272,0.4671,0.9483
Sdha,Sdha,9117.7785,-0.009,0.0704,-0.1277,0.8984,0.9927
Sdhaf1,Sdhaf1,201.296,0.0021,0.2205,0.0094,0.9925,0.9993
Sdhaf2,Sdhaf2,1624.8337,0.0351,0.0615,0.571,0.568,0.9592
Sdhaf3,Sdhaf3,120.0405,-0.0047,0.1653,-0.0286,0.9772,0.9976
Sdhaf4,Sdhaf4,605.0446,-0.0346,0.078,-0.4442,0.6569,0.9699
Sdhb,Sdhb,2812.832,-0.121,0.0697,-1.7365,0.0825,0.7754
Sdhc,Sdhc,4682.6813,-0.0507,0.0763,-0.6654,0.5058,0.9515
Sdhd,Sdhd,4524.7345,-0.0391,0.0772,-0.5068,0.6123,0.966
Sdk1,Sdk1,2.2123,-0.4289,0.9362,-0.4581,0.6469,
Sdpr,Sdpr,3975.2137,0.0153,0.152,0.1009,0.9196,0.9956
Sdr39u1,Sdr39u1,668.5244,0.0035,0.0829,0.0427,0.966,0.9974
Sdr42e1,Sdr42e1,9.33,-0.224,0.4998,-0.4482,0.654,
Sdr9c7,Sdr9c7,3.0896,-1.6834,0.9245,-1.821,0.0686,
Sds,Sds,7.0191,-0.8235,0.5876,-1.4015,0.1611,
Sdsl,Sdsl,22.6597,-0.5445,0.343,-1.5877,0.1124,0.8127
Sec1,Sec1,19.9918,0.041,0.3324,0.1235,0.9017,
Sec11a,Sec11a,2265.0367,-0.0715,0.0599,-1.1938,0.2325,0.8923
Sec11c,Sec11c,682.9885,-0.1556,0.0855,-1.8193,0.0689,0.7617
Sec13,Sec13,6744.9477,-0.0068,0.0942,-0.0723,0.9424,0.9971
Sec14l1,Sec14l1,5703.676,-0.0283,0.0579,-0.488,0.6255,0.9673
Sec14l2,Sec14l2,549.1304,-0.1899,0.0948,-2.0043,0.045,0.7227
Sec14l5,Sec14l5,2.7881,-0.2314,0.8741,-0.2647,0.7912,
Sec16a,Sec16a,4625.1874,0.0458,0.0585,0.7831,0.4336,0.9453
Sec16b,Sec16b,936.5457,-0.0047,0.1743,-0.027,0.9785,0.9977
Sec22a,Sec22a,966.6962,-0.0469,0.0652,-0.7185,0.4725,0.949
Sec22b,Sec22b,3293.4372,-0.0433,0.0449,-0.9639,0.3351,0.9207
Sec22c,Sec22c,668.3941,-0.0398,0.066,-0.6036,0.5461,0.9571
Sec23a,Sec23a,5370.666,0.0653,0.067,0.9755,0.3293,0.9197
Sec23b,Sec23b,2793.1678,-0.0734,0.0466,-1.5772,0.1148,0.8127
Sec23ip,Sec23ip,3086.7531,0.0274,0.045,0.6086,0.5428,0.9571
Sec24a,Sec24a,1099.8204,0.0769,0.133,0.5781,0.5632,0.9583
Sec24b,Sec24b,2166.3055,-0.0027,0.0736,-0.0368,0.9707,0.9974
Sec24c,Sec24c,6232.6348,-0.0382,0.0547,-0.6983,0.485,0.9515
Sec24d,Sec24d,7886.5134,0.0852,0.0636,1.3386,0.1807,0.8703
Sec31a,Sec31a,13698.7877,-0.0041,0.0407,-0.1017,0.919,0.9955
Sec31b,Sec31b,19.8483,0.2621,0.3119,0.8404,0.4007,
Sec61a1,Sec61a1,10544.4308,-0.0619,0.0573,-1.0799,0.2802,0.9074
Sec61a2,Sec61a2,1643.3459,-0.1033,0.0691,-1.4956,0.1348,0.826
Sec61b,Sec61b,2452.5347,0.0053,0.0886,0.0597,0.9524,0.9974
Sec61g,Sec61g,2777.9301,-0.1867,0.0494,-3.777,0.0002,0.1017
Sec62,Sec62,3577.4955,0.1416,0.1326,1.0673,0.2858,0.9079
Sec63,Sec63,4068.2404,0.0103,0.1494,0.0689,0.9451,0.9971
Secisbp2,Secisbp2,780.2664,0.0668,0.0704,0.9486,0.3428,0.9246
Secisbp2l,Secisbp2l,1937.2584,0.0983,0.1752,0.561,0.5748,0.9614
Sectm1a,Sectm1a,75.3366,0.1763,0.1772,0.995,0.3198,0.9186
Sectm1b,Sectm1b,1.1601,2.1218,1.479,1.4346,0.1514,
Seh1l,Seh1l,2416.9521,-0.0269,0.1009,-0.2668,0.7896,0.9865
Sel1l,Sel1l,5048.2381,-0.0151,0.0744,-0.2024,0.8396,0.9906
Sel1l3,Sel1l3,5.0342,-0.9539,0.6704,-1.423,0.1547,
Sele,Sele,0.8635,1.5399,1.6276,0.9462,0.3441,
Selenbp1,Selenbp1,173.2086,-0.07,0.2329,-0.3004,0.7638,0.9849
Selenbp2,Selenbp2,12.9394,-0.0375,0.7222,-0.0519,0.9586,
Selk,Selk,3343.5956,-0.1336,0.0705,-1.8958,0.058,0.7485
Selm,Selm,1388.8657,-0.0146,0.0837,-0.1743,0.8616,0.9906
Selo,Selo,734.5312,0.1833,0.1311,1.3987,0.1619,0.8576
Selp,Selp,5.701,-0.8015,0.662,-1.2107,0.226,
Selplg,Selplg,0.4822,0.0956,2.0866,0.0458,0.9634,
Selt,Selt,5269.3242,0.0204,0.1206,0.1692,0.8657,0.9906
Sema3a,Sema3a,1534.265,0.2194,0.1593,1.3775,0.1683,0.8614
Sema3b,Sema3b,2556.5708,-0.1013,0.0763,-1.3276,0.1843,0.8729
Sema3c,Sema3c,700.8909,-0.1281,0.2335,-0.5485,0.5833,0.964
Sema3d,Sema3d,1836.4233,0.002,0.1872,0.0109,0.9913,0.9993
Sema3e,Sema3e,827.0092,0.0215,0.1533,0.1403,0.8885,0.992
Sema3f,Sema3f,978.8913,0.0506,0.0722,0.7002,0.4838,0.9515
Sema3g,Sema3g,183.0525,-0.1931,0.2328,-0.8296,0.4068,0.9373
Sema4a,Sema4a,46.8927,0.298,0.2451,1.2159,0.224,0.8877
Sema4b,Sema4b,1139.8876,0.043,0.069,0.6228,0.5334,0.9571
Sema4c,Sema4c,2544.4169,-0.185,0.0676,-2.7366,0.0062,0.4198
Sema4d,Sema4d,342.9702,-0.1566,0.1355,-1.1563,0.2476,0.8923
Sema4f,Sema4f,66.0519,-0.3287,0.2608,-1.2604,0.2075,0.8874
Sema4g,Sema4g,67.0935,0.2234,0.1753,1.2742,0.2026,0.8841
Sema5a,Sema5a,1232.5693,0.1488,0.1501,0.9907,0.3218,0.9197
Sema5b,Sema5b,8.8261,-0.0763,0.5868,-0.1301,0.8965,
Sema6a,Sema6a,2481.0161,-0.1062,0.0853,-1.2446,0.2133,0.8877
Sema6b,Sema6b,82.9582,0.0086,0.2071,0.0417,0.9667,0.9974
Sema6c,Sema6c,570.4722,0.0385,0.082,0.4692,0.6389,0.9681
Sema6d,Sema6d,248.6788,0.2557,0.1258,2.0324,0.0421,0.7204
Sema7a,Sema7a,2814.1416,0.0136,0.0814,0.1666,0.8677,0.9906
Senp1,Senp1,1433.1295,-0.0064,0.0816,-0.0779,0.9379,0.9971
Senp2,Senp2,1862.2566,-0.0092,0.049,-0.187,0.8517,0.9906
Senp3,Senp3,3393.6356,-0.0704,0.0532,-1.3228,0.1859,0.874
Senp5,Senp5,2657.4728,0.1201,0.0782,1.5366,0.1244,0.815
Senp6,Senp6,1476.521,0.0439,0.152,0.2885,0.773,0.985
Senp7,Senp7,603.9175,0.1948,0.1652,1.1791,0.2384,0.8923
Senp8,Senp8,273.4726,0.1297,0.1155,1.123,0.2614,0.8968
Sephs1,Sephs1,2460.3738,0.0007,0.0703,0.0106,0.9916,0.9993
Sephs2,Sephs2,1020.0701,-0.0322,0.0566,-0.5693,0.5692,0.9596
Sepn1,Sepn1,3888.66,-0.0587,0.0554,-1.0597,0.2893,0.9079
Sepp1,Sepp1,3954.0332,0.154,0.0813,1.8947,0.0581,0.7485
Sepsecs,Sepsecs,283.0082,0.0852,0.1056,0.807,0.4197,0.94
Sepw1,Sepw1,1610.5742,0.0828,0.1542,0.537,0.5912,0.964
Serac1,Serac1,662.9043,0.2231,0.0989,2.2563,0.0241,0.6249
Serbp1,Serbp1,13889.8736,0.0175,0.0661,0.2641,0.7917,0.9865
Serf1,Serf1,461.4472,-0.0306,0.0808,-0.3788,0.7048,0.9744
Serf2,Serf2,5632.9246,0.0371,0.1429,0.2597,0.7951,0.9871
Sergef,Sergef,206.0908,-0.1226,0.1141,-1.0748,0.2825,0.9074
Serhl,Serhl,596.8769,0.1706,0.0996,1.7128,0.0868,0.7807
Serinc1,Serinc1,13338.4493,0.0413,0.0834,0.4955,0.6203,0.966
Serinc2,Serinc2,2086.5343,-0.1832,0.0999,-1.8348,0.0665,0.7613
Serinc3,Serinc3,13555.5681,0.0111,0.0611,0.1823,0.8553,0.9906
Serinc4,Serinc4,68.6168,0.2346,0.1926,1.2179,0.2232,0.8877
Serinc5,Serinc5,2606.1734,-0.0439,0.0596,-0.7362,0.4616,0.9483
Serp1,Serp1,8305.1515,-0.0345,0.0891,-0.3872,0.6986,0.9736
Serp2,Serp2,153.8985,-0.1559,0.1368,-1.1402,0.2542,0.893
Serpina11,Serpina11,1.1528,0.5181,1.3787,0.3758,0.7071,
Serpina12,Serpina12,19.8938,-0.4268,0.33,-1.2933,0.1959,
Serpina1a,Serpina1a,0.6681,-0.3891,1.7673,-0.2202,0.8257,
Serpina1b,Serpina1b,1.3626,-0.6611,1.4532,-0.4549,0.6492,
Serpina1c,Serpina1c,0.9707,-3.3001,1.5669,-2.1062,0.0352,
Serpina1d,Serpina1d,2.1256,1.191,1.1013,1.0815,0.2795,
Serpina1e,Serpina1e,3.2809,0.6352,0.7817,0.8126,0.4165,
Serpina3c,Serpina3c,10.796,-0.0824,0.4636,-0.1777,0.859,
Serpina3f,Serpina3f,2.9255,-0.5543,1.2494,-0.4437,0.6573,
Serpina3g,Serpina3g,260.9772,0.1281,0.235,0.545,0.5858,0.964
Serpina3h,Serpina3h,194.4224,0.2924,0.1149,2.5449,0.0109,0.5073
Serpina3i,Serpina3i,24.8072,-0.2542,0.5176,-0.491,0.6234,0.9673
Serpina3k,Serpina3k,3.3844,-0.3337,0.7467,-0.4468,0.655,
Serpina3m,Serpina3m,6.6742,0.1973,0.6262,0.3151,0.7527,
Serpina3n,Serpina3n,114.1474,-0.0202,0.6939,-0.0292,0.9767,0.9975
Serpina6,Serpina6,90.8914,0.4213,0.2227,1.8916,0.0585,0.749
Serpina9,Serpina9,10.4586,-0.529,0.6117,-0.8649,0.3871,
Serpinb1a,Serpinb1a,4307.0435,-0.1628,0.1202,-1.3539,0.1758,0.8615
Serpinb1b,Serpinb1b,106.6958,-0.158,0.1578,-1.0015,0.3166,0.9173
Serpinb1c,Serpinb1c,15.7763,-0.0411,0.3523,-0.1167,0.9071,
Serpinb2,Serpinb2,26.8056,0.7263,0.578,1.2567,0.2089,0.8875
Serpinb6a,Serpinb6a,18485.1051,-0.1653,0.0584,-2.8293,0.0047,0.3838
Serpinb6b,Serpinb6b,707.8927,0.2694,0.1855,1.4522,0.1465,0.8425
Serpinb6c,Serpinb6c,12.5576,-0.2427,0.4232,-0.5735,0.5663,
Serpinb6d,Serpinb6d,1.5453,1.4452,1.3689,1.0557,0.2911,
Serpinb6e,Serpinb6e,0.5742,1.6908,2.3048,0.7336,0.4632,
Serpinb7,Serpinb7,122.4224,-0.1305,0.2428,-0.5374,0.591,0.964
Serpinb8,Serpinb8,181.4495,-0.2094,0.143,-1.4645,0.143,0.8395
Serpinb9,Serpinb9,1965.1719,0.2877,0.108,2.6641,0.0077,0.4412
Serpinb9b,Serpinb9b,319.55,-0.4194,0.3002,-1.397,0.1624,0.8592
Serpinb9c,Serpinb9c,19.3062,0.2703,0.398,0.679,0.4971,
Serpinb9d,Serpinb9d,44.8214,0.1564,0.2417,0.6469,0.5177,0.9549
Serpinb9e,Serpinb9e,44.0156,-0.1236,0.2888,-0.4279,0.6687,0.9702
Serpinb9f,Serpinb9f,4.6271,-0.4363,0.6471,-0.6742,0.5002,
Serpinb9g,Serpinb9g,66.1737,-0.2439,0.2716,-0.8979,0.3692,0.9295
Serpinc1,Serpinc1,4.2531,-0.6249,0.8156,-0.7662,0.4435,
Serpind1,Serpind1,32.758,-0.7819,0.2878,-2.7164,0.0066,0.4266
Serpine1,Serpine1,4010.0321,-0.0577,0.0864,-0.6685,0.5038,0.9515
Serpine2,Serpine2,2714.6109,-0.1037,0.136,-0.7628,0.4456,0.9455
Serpine3,Serpine3,20.291,0.7151,0.3659,1.9541,0.0507,
Serpinf1,Serpinf1,34568.7188,0.1492,0.1303,1.145,0.2522,0.893
Serpinf2,Serpinf2,1.2659,-0.7305,1.7267,-0.4231,0.6722,
Serping1,Serping1,2034.2388,0.2485,0.3197,0.7772,0.437,0.9455
Serpinh1,Serpinh1,50678.2251,-0.1473,0.0787,-1.8706,0.0614,0.7528
Serpini1,Serpini1,8.8275,0.0671,0.5782,0.116,0.9077,
Sertad1,Sertad1,819.9276,-0.1408,0.0732,-1.924,0.0544,0.736
Sertad2,Sertad2,2672.1841,0.0683,0.084,0.8127,0.4164,0.94
Sertad3,Sertad3,485.1337,0.0799,0.1389,0.5756,0.5649,0.9588
Sertad4,Sertad4,9766.3437,0.0391,0.0914,0.4283,0.6684,0.9702
Sesn1,Sesn1,2382.1568,0.1077,0.1138,0.9466,0.3439,0.9246
Sesn2,Sesn2,699.3593,0.1546,0.0897,1.723,0.0849,0.7776
Sesn3,Sesn3,663.2335,0.0131,0.1057,0.1237,0.9016,0.9934
Sestd1,Sestd1,1832.2933,0.0425,0.1087,0.3908,0.6959,0.9731
Set,Set,9135.6148,0.0584,0.0779,0.7498,0.4534,0.9473
Setbp1,Setbp1,781.9967,0.1246,0.2076,0.6005,0.5482,0.9571
Setd1a,Setd1a,1580.322,-0.0406,0.067,-0.6055,0.5449,0.9571
Setd1b,Setd1b,955.3758,0.0796,0.0801,0.9937,0.3204,0.9188
Setd2,Setd2,1539.8948,0.0965,0.1738,0.5552,0.5788,0.963
Setd3,Setd3,3609.3878,0.0307,0.0631,0.4857,0.6272,0.9673
Setd4,Setd4,109.4836,0.1517,0.1427,1.0636,0.2875,0.9079
Setd5,Setd5,4387.1837,0.1041,0.0639,1.6291,0.1033,0.7971
Setd6,Setd6,581.8217,-0.0147,0.1036,-0.142,0.887,0.9917
Setd7,Setd7,4541.5326,0.0715,0.102,0.7008,0.4834,0.9515
Setd8,Setd8,3098.4901,-0.0018,0.0686,-0.026,0.9792,0.9979
Setdb1,Setdb1,2515.8467,0.0874,0.05,1.7478,0.0805,0.7728
Setdb2,Setdb2,323.8541,0.1679,0.115,1.4602,0.1442,0.8416
Setmar,Setmar,54.5081,-0.2033,0.1985,-1.0239,0.3059,0.9168
Setx,Setx,1393.8784,0.0313,0.1592,0.1969,0.8439,0.9906
Sez6l2,Sez6l2,2.7891,0.083,0.8433,0.0985,0.9216,
Sf1,Sf1,7317.9864,-0.0255,0.047,-0.5422,0.5877,0.964
Sf3a1,Sf3a1,4222.4221,-0.0144,0.0539,-0.2668,0.7896,0.9865
Sf3a2,Sf3a2,1864.4658,-0.113,0.0567,-1.9914,0.0464,0.7227
Sf3a3,Sf3a3,2539.5728,-0.0413,0.0595,-0.6947,0.4872,0.9515
Sf3b1,Sf3b1,8905.2101,0.0361,0.0846,0.4261,0.6701,0.9702
Sf3b2,Sf3b2,9303.9316,-0.0174,0.0522,-0.3342,0.7382,0.9817
Sf3b3,Sf3b3,7297.4986,0.0325,0.083,0.3915,0.6954,0.9731
Sf3b4,Sf3b4,2667.5242,0.0468,0.1009,0.4636,0.6429,0.9684
Sf3b5,Sf3b5,985.8164,-0.1575,0.065,-2.4213,0.0155,0.5683
Sf3b6,Sf3b6,2311.0879,-0.0826,0.0743,-1.1117,0.2663,0.8981
Sfi1,Sfi1,462.4412,0.1315,0.0862,1.5248,0.1273,0.8196
Sfmbt1,Sfmbt1,727.4267,0.1437,0.0714,2.0121,0.0442,0.7227
Sfmbt2,Sfmbt2,50.5208,0.0101,0.2586,0.0389,0.969,0.9974
Sfn,Sfn,36.8283,-0.1315,0.2519,-0.5219,0.6017,0.966
Sfpq,Sfpq,7905.634,-0.0189,0.0566,-0.3331,0.7391,0.9825
Sfr1,Sfr1,5333.9323,-0.0216,0.073,-0.2956,0.7676,0.985
Sfrp1,Sfrp1,603.319,0.4822,0.1596,3.0222,0.0025,0.3316
Sfrp2,Sfrp2,7975.7975,0.1456,0.1755,0.8293,0.4069,0.9373
Sfrp4,Sfrp4,59.5485,-0.4796,0.2059,-2.3295,0.0198,0.6024
Sfrp5,Sfrp5,0.6706,-0.3878,1.7668,-0.2195,0.8263,
Sfswap,Sfswap,1437.6769,0.006,0.0522,0.1141,0.9091,0.9941
Sft2d1,Sft2d1,662.5889,-0.0114,0.0779,-0.1462,0.8837,0.9914
Sft2d2,Sft2d2,3288.5228,0.0618,0.1176,0.5257,0.5991,0.9655
Sft2d3,Sft2d3,162.9363,0.0384,0.1404,0.2738,0.7842,0.985
Sfxn1,Sfxn1,1361.9802,0.0943,0.0826,1.142,0.2535,0.893
Sfxn2,Sfxn2,119.0638,-0.0265,0.1801,-0.1474,0.8828,0.9914
Sfxn3,Sfxn3,5150.3849,0.0038,0.0986,0.0384,0.9694,0.9974
Sfxn4,Sfxn4,131.8873,0.0212,0.1618,0.1307,0.896,0.9927
Sfxn5,Sfxn5,68.4684,-0.0023,0.1844,-0.0123,0.9902,0.9993
Sgca,Sgca,1429.9272,-0.1178,0.0875,-1.3461,0.1783,0.866
Sgcb,Sgcb,5236.1569,-0.0442,0.0578,-0.7641,0.4448,0.9455
Sgcd,Sgcd,312.3163,-0.0545,0.1008,-0.5409,0.5886,0.964
Sgce,Sgce,1852.5817,0.0718,0.0769,0.9339,0.3504,0.9271
Sgcg,Sgcg,1757.9605,-0.2251,0.1215,-1.8527,0.0639,0.7562
Sgcz,Sgcz,0.9638,0.8136,1.4404,0.5648,0.5722,
Sgip1,Sgip1,10.9898,-0.0976,0.5127,-0.1904,0.849,
Sgk1,Sgk1,3104.8907,-0.0878,0.1799,-0.4883,0.6253,0.9673
Sgk3,Sgk3,131.2305,-0.2812,0.1828,-1.5382,0.124,0.815
Sgms1,Sgms1,876.8329,0.134,0.0862,1.5548,0.12,0.8127
Sgms2,Sgms2,962.4227,0.0584,0.1268,0.4602,0.6454,0.9684
Sgol1,Sgol1,543.3208,-0.2019,0.2319,-0.8708,0.3839,0.9315
Sgol2a,Sgol2a,299.807,0.1031,0.1766,0.5835,0.5595,0.9579
Sgpl1,Sgpl1,7000.1555,-0.0854,0.087,-0.9825,0.3259,0.9197
Sgpp1,Sgpp1,2709.7098,0.1733,0.0786,2.2056,0.0274,0.6379
Sgpp2,Sgpp2,5.275,0.2298,0.6465,0.3554,0.7223,
Sgsh,Sgsh,453.6862,0.0907,0.1263,0.7181,0.4727,0.949
Sgsm1,Sgsm1,170.1319,-0.0812,0.1414,-0.5746,0.5656,0.9589
Sgsm2,Sgsm2,1047.4261,-0.0986,0.0768,-1.2842,0.1991,0.8828
Sgsm3,Sgsm3,1151.086,-0.0681,0.0654,-1.0409,0.2979,0.9129
Sgta,Sgta,4213.4719,-0.1099,0.0479,-2.2956,0.0217,0.6087
Sgtb,Sgtb,338.49,0.2125,0.0915,2.322,0.0202,0.6047
Sh2b1,Sh2b1,2719.8631,-0.0999,0.0502,-1.989,0.0467,0.7227
Sh2b2,Sh2b2,300.3343,0.0655,0.0944,0.694,0.4877,0.9515
Sh2b3,Sh2b3,1741.8322,0.0422,0.059,0.7155,0.4743,0.949
Sh2d1b1,Sh2d1b1,2.0166,-0.1513,0.9729,-0.1555,0.8765,
Sh2d3c,Sh2d3c,61.3945,0.0197,0.2033,0.097,0.9228,0.9957
Sh2d4a,Sh2d4a,85.6683,-0.515,0.1954,-2.6352,0.0084,0.4585
Sh2d4b,Sh2d4b,2.6908,0.2029,0.8397,0.2417,0.809,
Sh2d5,Sh2d5,6.9329,-0.2519,0.563,-0.4474,0.6546,
Sh2d7,Sh2d7,39.3367,0.5994,0.2597,2.3083,0.021,0.6047
Sh3bgr,Sh3bgr,307.2383,-0.2205,0.1275,-1.7286,0.0839,0.7762
Sh3bgrl,Sh3bgrl,3268.2316,0.1392,0.1897,0.7339,0.463,0.9483
Sh3bgrl2,Sh3bgrl2,189.1345,-0.0952,0.1415,-0.6725,0.5013,0.9515
Sh3bgrl3,Sh3bgrl3,2429.7171,-0.0911,0.0802,-1.1357,0.2561,0.8935
Sh3bp1,Sh3bp1,890.1688,0.1425,0.108,1.3194,0.187,0.874
Sh3bp2,Sh3bp2,760.359,-0.0645,0.0733,-0.8804,0.3786,0.9303
Sh3bp4,Sh3bp4,2113.6734,-0.1288,0.0994,-1.2964,0.1948,0.8801
Sh3bp5,Sh3bp5,1982.5119,0.0967,0.1273,0.7594,0.4476,0.9455
Sh3bp5l,Sh3bp5l,1492.5884,-0.0867,0.0678,-1.2785,0.2011,0.8828
Sh3d19,Sh3d19,7351.101,0.1416,0.055,2.5739,0.0101,0.4961
Sh3d21,Sh3d21,18.6462,-0.4022,0.4138,-0.9719,0.3311,
Sh3gl1,Sh3gl1,4016.8143,-0.0367,0.0504,-0.7274,0.467,0.9483
Sh3gl3,Sh3gl3,300.4011,-0.0329,0.136,-0.2422,0.8086,0.9882
Sh3glb1,Sh3glb1,25182.065,-0.0395,0.0937,-0.4212,0.6736,0.971
Sh3glb2,Sh3glb2,1355.5217,-0.0672,0.0552,-1.2175,0.2234,0.8877
Sh3kbp1,Sh3kbp1,3906.6949,0.0885,0.0962,0.9209,0.3571,0.9295
Sh3pxd2a,Sh3pxd2a,13230.4525,0.0354,0.0392,0.9038,0.3661,0.9295
Sh3pxd2b,Sh3pxd2b,6358.0044,0.0202,0.057,0.355,0.7226,0.9788
Sh3rf1,Sh3rf1,812.6937,-0.0521,0.104,-0.5003,0.6168,0.966
Sh3rf2,Sh3rf2,81.4133,0.0381,0.1847,0.2063,0.8366,0.9906
Sh3rf3,Sh3rf3,230.7971,0.1816,0.1542,1.1775,0.239,0.8923
Sh3tc1,Sh3tc1,15.4019,-0.533,0.459,-1.1611,0.2456,
Sh3tc2,Sh3tc2,14.2014,-0.0837,0.3878,-0.2158,0.8292,
Sh3yl1,Sh3yl1,91.707,-0.2069,0.1648,-1.2559,0.2092,0.8875
Shank1,Shank1,6.8642,0.1039,0.5665,0.1835,0.8544,
Shank2,Shank2,17.5377,0.8274,0.3486,2.3736,0.0176,
Shank3,Shank3,2.3185,-0.0587,0.918,-0.064,0.949,
Sharpin,Sharpin,1080.9298,0.033,0.0749,0.4402,0.6598,0.9702
Shb,Shb,1348.6612,-0.1417,0.0765,-1.8511,0.0641,0.7567
Shbg,Shbg,2.5985,-0.2652,0.9468,-0.28,0.7794,
Shc1,Shc1,7275.9873,-0.0523,0.0579,-0.9028,0.3666,0.9295
Shc2,Shc2,1673.5121,-0.1506,0.1057,-1.4242,0.1544,0.8501
Shc3,Shc3,3.6596,-1.0011,0.7929,-1.2626,0.2067,
Shc4,Shc4,54.1874,0.1452,0.1927,0.7534,0.4512,0.9455
Shcbp1,Shcbp1,761.2303,-0.0853,0.2176,-0.392,0.6951,0.9731
Shcbp1l,Shcbp1l,2.7856,1.7725,0.9787,1.8111,0.0701,
Shd,Shd,0.8724,-0.7071,1.6224,-0.4358,0.663,
She,She,10.7135,-0.2914,0.4529,-0.6435,0.5199,
Shf,Shf,973.3014,-0.0011,0.0844,-0.0128,0.9898,0.9993
Shfm1,Shfm1,2269.5851,-0.1214,0.067,-1.8128,0.0699,0.7617
Shisa2,Shisa2,254.4238,-0.1482,0.1922,-0.7711,0.4406,0.9455
Shisa4,Shisa4,1627.5465,-0.0288,0.0742,-0.3884,0.6977,0.9736
Shisa5,Shisa5,3648.682,-0.0012,0.0637,-0.019,0.9849,0.9991
Shisa7,Shisa7,0.4895,-1.3347,1.9684,-0.6781,0.4977,
Shisa8,Shisa8,3.0757,-0.6053,0.7979,-0.7586,0.4481,
Shisa9,Shisa9,2.0239,0.0774,1.0506,0.0737,0.9413,
Shkbp1,Shkbp1,649.7245,-0.0611,0.078,-0.7833,0.4334,0.9453
Shmt1,Shmt1,377.3441,0.0357,0.1016,0.3509,0.7257,0.9796
Shmt2,Shmt2,3525.3272,-0.0662,0.0805,-0.8222,0.411,0.9377
Shoc2,Shoc2,1547.5448,0.0054,0.1561,0.0344,0.9725,0.9974
Shox2,Shox2,1155.4432,0.1452,0.1182,1.228,0.2194,0.8877
Shpk,Shpk,97.6655,0.2004,0.2167,0.9251,0.3549,0.9293
Shprh,Shprh,572.5154,0.0975,0.1906,0.5117,0.6088,0.966
Shq1,Shq1,340.033,0.053,0.1072,0.4942,0.6212,0.966
Shroom1,Shroom1,238.3901,0.101,0.1074,0.941,0.3467,0.9253
Shroom2,Shroom2,15.1794,-0.2185,0.4563,-0.4789,0.632,
Shroom3,Shroom3,376.4434,-0.05,0.1871,-0.2672,0.7893,0.9865
Shroom4,Shroom4,129.031,0.3518,0.1522,2.3118,0.0208,0.6047
Shtn1,Shtn1,24.8498,0.2451,0.2941,0.8334,0.4046,0.9365
Siae,Siae,187.6922,0.2474,0.1518,1.6295,0.1032,0.7971
Siah1a,Siah1a,1668.2454,0.0679,0.0822,0.8264,0.4086,0.9377
Siah1b,Siah1b,245.3891,-0.0707,0.1575,-0.4492,0.6533,0.9685
Siah2,Siah2,1037.954,-0.1272,0.0668,-1.9049,0.0568,0.7442
Sidt1,Sidt1,1.1673,-0.5531,1.3924,-0.3973,0.6912,
Sidt2,Sidt2,5870.8591,0.0997,0.076,1.3111,0.1898,0.874
Sigirr,Sigirr,47.6786,-0.2389,0.3209,-0.7444,0.4566,0.9483
Siglec1,Siglec1,0.3916,1.2541,2.4276,0.5166,0.6055,
Siglec15,Siglec15,28.2836,-0.2483,0.3266,-0.7602,0.4471,0.9455
Siglecf,Siglecf,31.104,0.3722,0.2567,1.4501,0.147,0.8425
Siglecg,Siglecg,184.3157,-0.2513,0.2342,-1.0731,0.2832,0.9074
Sigmar1,Sigmar1,1974.8727,-0.1482,0.0605,-2.4519,0.0142,0.5604
Sik1,Sik1,1925.1417,-0.1696,0.0902,-1.8794,0.0602,0.749
Sik2,Sik2,396.796,0.138,0.0939,1.4698,0.1416,0.8395
Sik3,Sik3,1886.98,0.0244,0.0649,0.3763,0.7067,0.9744
Sike1,Sike1,1592.9419,-0.0311,0.0694,-0.4486,0.6538,0.9687
Sil1,Sil1,2307.6789,0.1215,0.1168,1.0401,0.2983,0.9131
Sim1,Sim1,1.4358,-0.8148,1.3554,-0.6012,0.5477,
Sim2,Sim2,1188.1416,0.0168,0.067,0.2511,0.8018,0.9871
Simc1,Simc1,478.4629,0.0464,0.0811,0.5724,0.5671,0.9592
Sin3a,Sin3a,2622.2015,0.0832,0.0885,0.9404,0.347,0.9257
Sin3b,Sin3b,2615.4094,-0.0511,0.0882,-0.5789,0.5627,0.9582
Sipa1,Sipa1,1089.1293,-0.0054,0.0766,-0.071,0.9434,0.9971
Sipa1l1,Sipa1l1,2381.3381,0.0218,0.094,0.2317,0.8168,0.989
Sipa1l2,Sipa1l2,872.0315,-0.0716,0.079,-0.9061,0.3649,0.9295
Sipa1l3,Sipa1l3,1002.0142,0.0508,0.0868,0.5856,0.5582,0.9579
Sirpa,Sirpa,2281.4972,-0.1825,0.1761,-1.0369,0.2998,0.9154
Sirt1,Sirt1,512.3236,0.093,0.2582,0.3603,0.7186,0.9781
Sirt2,Sirt2,2206.1942,-0.0222,0.0651,-0.3405,0.7335,0.9802
Sirt3,Sirt3,323.2599,0.0513,0.0877,0.5853,0.5584,0.9579
Sirt4,Sirt4,324.4084,0.1524,0.0989,1.5403,0.1235,0.8143
Sirt5,Sirt5,238.6056,-0.0352,0.1061,-0.3319,0.74,0.9825
Sirt6,Sirt6,586.1955,-0.1551,0.0881,-1.7605,0.0783,0.7682
Sirt7,Sirt7,546.1451,-0.1141,0.0885,-1.2887,0.1975,0.8806
Siva1,Siva1,707.199,0.0242,0.1273,0.1904,0.849,0.9906
Six1,Six1,8154.5385,0.0386,0.0452,0.854,0.3931,0.9341
Six2,Six2,0.3918,0.1594,2.1361,0.0746,0.9405,
Six4,Six4,1508.9749,0.0487,0.0835,0.5834,0.5596,0.9579
Six5,Six5,331.724,0.2178,0.0902,2.4143,0.0158,0.5725
Six6,Six6,0.8581,2.372,1.8102,1.3104,0.1901,
Ska1,Ska1,291.9367,-0.2239,0.1836,-1.2197,0.2226,0.8877
Ska2,Ska2,676.3478,-0.0459,0.1297,-0.3537,0.7235,0.9788
Ska3,Ska3,494.0816,-0.235,0.2107,-1.1154,0.2647,0.8981
Skap1,Skap1,36.7677,-0.3162,0.3215,-0.9835,0.3254,0.9197
Skap2,Skap2,1553.6786,-0.0804,0.0835,-0.962,0.3361,0.9212
Ski,Ski,6411.2826,-0.0384,0.0512,-0.7493,0.4537,0.9473
Skida1,Skida1,29.4067,-0.198,0.2632,-0.7522,0.4519,0.946
Skil,Skil,2027.0795,-0.0475,0.1956,-0.2427,0.8083,0.9881
Skint6,Skint6,0.8652,2.4584,1.5769,1.559,0.119,
Skiv2l,Skiv2l,2760.7781,0.0033,0.0529,0.0625,0.9502,0.9974
Skiv2l2,Skiv2l2,2110.9271,0.0385,0.0854,0.4502,0.6525,0.9684
Skor1,Skor1,2.4218,1.0059,0.9456,1.0638,0.2874,
Skp1a,Skp1a,10800.6382,-0.0021,0.0652,-0.0325,0.9741,0.9974
Skp2,Skp2,884.2066,0.03,0.1111,0.2697,0.7874,0.9865
Sla,Sla,89.3258,-0.1583,0.2041,-0.7756,0.438,0.9455
Sla2,Sla2,5.5573,-0.1192,0.6497,-0.1834,0.8545,
Slain2,Slain2,2511.9126,-0.0135,0.1175,-0.1151,0.9084,0.9939
Slamf8,Slamf8,5.7837,-0.0798,0.6582,-0.1212,0.9035,
Slamf9,Slamf9,7.6437,-0.1408,0.528,-0.2667,0.7897,
Slbp,Slbp,1510.1157,0.0121,0.1168,0.1037,0.9174,0.9953
Slc10a1,Slc10a1,1.9277,2.3304,1.1906,1.9573,0.0503,
Slc10a3,Slc10a3,709.5795,0.115,0.0831,1.3832,0.1666,0.8612
Slc10a4,Slc10a4,5.7199,-1.2766,0.6691,-1.9081,0.0564,
Slc10a6,Slc10a6,46.6092,0.2784,0.2654,1.0489,0.2942,0.9119
Slc10a7,Slc10a7,997.2071,0.0712,0.0807,0.8831,0.3772,0.9303
Slc11a1,Slc11a1,89.2367,-0.3081,0.2255,-1.3663,0.1718,0.8614
Slc11a2,Slc11a2,5186.0003,0.0042,0.1269,0.0333,0.9735,0.9974
Slc12a1,Slc12a1,2.9024,-0.2283,0.7962,-0.2867,0.7743,
Slc12a2,Slc12a2,2530.0725,0.0369,0.1389,0.2653,0.7908,0.9865
Slc12a3,Slc12a3,0.5791,-1.5058,1.948,-0.773,0.4395,
Slc12a4,Slc12a4,3075.8104,-0.1,0.0722,-1.384,0.1664,0.861
Slc12a5,Slc12a5,16.9738,0.199,0.3919,0.5079,0.6115,
Slc12a6,Slc12a6,2039.2218,0.0674,0.0598,1.1272,0.2597,0.8968
Slc12a7,Slc12a7,2630.027,-0.003,0.0727,-0.0419,0.9666,0.9974
Slc12a8,Slc12a8,7.7789,-0.5749,0.5852,-0.9824,0.3259,
Slc12a9,Slc12a9,623.3345,0.072,0.0907,0.7934,0.4275,0.9431
Slc13a1,Slc13a1,2.4213,-0.7029,0.9961,-0.7057,0.4804,
Slc13a2,Slc13a2,1.3378,-0.9623,1.4312,-0.6723,0.5014,
Slc13a3,Slc13a3,1.7394,-0.4788,1.0449,-0.4582,0.6468,
Slc13a4,Slc13a4,4.4451,0.6411,0.6953,0.9221,0.3565,
Slc13a5,Slc13a5,30.8595,0.0252,0.2933,0.0859,0.9316,0.9957
Slc14a1,Slc14a1,80.015,-0.793,0.2635,-3.0094,0.0026,0.3386
Slc14a2,Slc14a2,3.869,0.047,0.7418,0.0633,0.9495,
Slc15a1,Slc15a1,0.6705,0.7158,1.7759,0.403,0.6869,
Slc15a2,Slc15a2,0.5705,-1.1246,1.984,-0.5668,0.5708,
Slc15a3,Slc15a3,0.9716,-0.6877,1.6545,-0.4156,0.6777,
Slc15a4,Slc15a4,1248.8153,-0.1033,0.1002,-1.0317,0.3022,0.9164
Slc16a1,Slc16a1,6131.0832,0.0896,0.1283,0.6987,0.4848,0.9515
Slc16a10,Slc16a10,97.8776,0.005,0.1671,0.0296,0.9764,0.9975
Slc16a11,Slc16a11,456.4981,0.4949,0.2378,2.0815,0.0374,0.6888
Slc16a12,Slc16a12,13.363,0.8935,0.3892,2.2958,0.0217,
Slc16a13,Slc16a13,318.7266,0.0417,0.1434,0.2905,0.7714,0.985
Slc16a14,Slc16a14,2.3903,0.5633,0.9196,0.6125,0.5402,
Slc16a2,Slc16a2,1099.4847,-0.2975,0.2383,-1.2483,0.2119,0.8875
Slc16a3,Slc16a3,2398.2526,-0.5746,0.2525,-2.2756,0.0229,0.6144
Slc16a4,Slc16a4,20.9504,-0.1932,0.3774,-0.5118,0.6088,0.966
Slc16a5,Slc16a5,2.977,-0.646,0.923,-0.6999,0.484,
Slc16a6,Slc16a6,43.1486,0.1958,0.2211,0.8855,0.3759,0.9295
Slc16a7,Slc16a7,10.4849,-0.3229,0.4644,-0.6953,0.4869,
Slc16a8,Slc16a8,2.3277,-1.0691,0.9761,-1.0953,0.2734,
Slc16a9,Slc16a9,109.6081,0.1878,0.1436,1.3077,0.191,0.8743
Slc17a4,Slc17a4,0.7765,2.3425,1.7596,1.3313,0.1831,
Slc17a5,Slc17a5,665.5288,0.068,0.088,0.7726,0.4397,0.9455
Slc17a7,Slc17a7,8.3076,0.4194,0.4832,0.868,0.3854,
Slc17a9,Slc17a9,3.6749,-0.9999,0.7638,-1.3091,0.1905,
Slc18a1,Slc18a1,2.0305,0.5759,1.018,0.5657,0.5716,
Slc18a2,Slc18a2,37.2879,-0.1589,0.2935,-0.5413,0.5883,0.964
Slc18b1,Slc18b1,834.5541,0.0209,0.0627,0.3329,0.7392,0.9825
Slc19a1,Slc19a1,747.0766,0.1085,0.1148,0.9449,0.3447,0.9246
Slc19a2,Slc19a2,792.6952,0.2473,0.1641,1.5068,0.1319,0.826
Slc19a3,Slc19a3,0.5729,0.2029,2.0295,0.1,0.9203,
Slc1a1,Slc1a1,2.3051,-1.3802,1.1017,-1.2528,0.2103,
Slc1a2,Slc1a2,2.5158,0.201,0.8921,0.2253,0.8217,
Slc1a3,Slc1a3,6007.1018,0.3541,0.1011,3.5011,0.0005,0.1984
Slc1a4,Slc1a4,3686.4708,0.1002,0.0599,1.674,0.0941,0.7876
Slc1a5,Slc1a5,514.9353,-0.0846,0.0892,-0.9478,0.3432,0.9246
Slc1a6,Slc1a6,181.6837,0.343,0.1206,2.8444,0.0044,0.3768
Slc1a7,Slc1a7,0.2941,0.8438,2.6255,0.3214,0.7479,
Slc20a1,Slc20a1,3692.8021,0.0296,0.0432,0.6839,0.4941,0.9515
Slc20a2,Slc20a2,1917.0849,-0.0495,0.0737,-0.6717,0.5017,0.9515
Slc22a13,Slc22a13,1.0604,0.6275,1.4082,0.4456,0.6559,
Slc22a13b-ps,Slc22a13b-ps,6.4386,0.0047,0.5467,0.0086,0.9931,
Slc22a15,Slc22a15,329.7443,-0.0431,0.0925,-0.4654,0.6417,0.9684
Slc22a17,Slc22a17,216.4021,-0.0502,0.11,-0.4568,0.6478,0.9684
Slc22a18,Slc22a18,24.5052,-0.1149,0.2954,-0.3889,0.6973,0.9736
Slc22a21,Slc22a21,164.6763,0.0632,0.1391,0.4541,0.6497,0.9684
Slc22a23,Slc22a23,406.9232,0.3543,0.1587,2.2326,0.0256,0.6337
Slc22a4,Slc22a4,115.6955,-0.1075,0.2318,-0.4639,0.6427,0.9684
Slc22a5,Slc22a5,598.6226,0.1574,0.0958,1.6436,0.1003,0.7895
Slc23a1,Slc23a1,20.0734,0.8966,0.3406,2.6326,0.0085,
Slc23a2,Slc23a2,2307.9218,0.0211,0.0547,0.386,0.6995,0.9737
Slc23a3,Slc23a3,6.3842,0.2202,0.584,0.377,0.7061,
Slc24a3,Slc24a3,692.6255,0.0993,0.1008,0.9849,0.3247,0.9197
Slc24a4,Slc24a4,17.2201,-0.1616,0.3428,-0.4714,0.6373,
Slc24a5,Slc24a5,13.0741,0.0955,0.4046,0.236,0.8134,
Slc25a1,Slc25a1,1987.0373,-0.0829,0.0677,-1.2249,0.2206,0.8877
Slc25a10,Slc25a10,1481.9505,-0.0499,0.0788,-0.6328,0.5268,0.9565
Slc25a11,Slc25a11,3178.0257,-0.0668,0.0639,-1.0449,0.2961,0.9119
Slc25a12,Slc25a12,2701.146,0.0032,0.0759,0.0422,0.9663,0.9974
Slc25a13,Slc25a13,74.5207,0.0585,0.1695,0.3452,0.7299,0.9799
Slc25a14,Slc25a14,263.0966,-0.1657,0.1129,-1.4687,0.1419,0.8395
Slc25a15,Slc25a15,388.035,0.1177,0.1125,1.0462,0.2955,0.9119
Slc25a16,Slc25a16,1054.6642,0.0621,0.0795,0.7815,0.4345,0.9453
Slc25a17,Slc25a17,5333.8557,0.0651,0.0751,0.8674,0.3857,0.9315
Slc25a18,Slc25a18,2.8924,0.7225,0.8383,0.8619,0.3887,
Slc25a19,Slc25a19,397.4675,0.0265,0.0919,0.289,0.7726,0.985
Slc25a2,Slc25a2,1.2563,-0.631,1.2286,-0.5136,0.6075,
Slc25a20,Slc25a20,1133.1285,-0.056,0.0727,-0.771,0.4407,0.9455
Slc25a22,Slc25a22,514.4017,0.1796,0.1187,1.5134,0.1302,0.8237
Slc25a23,Slc25a23,255.8468,0.14,0.1257,1.1138,0.2654,0.8981
Slc25a24,Slc25a24,4492.376,-0.0525,0.0818,-0.6416,0.5211,0.9555
Slc25a25,Slc25a25,597.7164,-0.0953,0.0724,-1.3158,0.1883,0.874
Slc25a26,Slc25a26,142.7359,-0.2298,0.1261,-1.8232,0.0683,0.7617
Slc25a27,Slc25a27,245.7109,0.1522,0.1385,1.0989,0.2718,0.9032
Slc25a28,Slc25a28,490.4741,0.0162,0.0895,0.1805,0.8568,0.9906
Slc25a29,Slc25a29,682.7282,-0.0752,0.0942,-0.7978,0.425,0.9422
Slc25a3,Slc25a3,17919.196,-0.086,0.0568,-1.5124,0.1304,0.8245
Slc25a30,Slc25a30,974.8753,0.1179,0.0805,1.4649,0.1429,0.8395
Slc25a32,Slc25a32,624.6901,0.0384,0.0982,0.3909,0.6959,0.9731
Slc25a33,Slc25a33,259.3593,-0.1985,0.1585,-1.2523,0.2105,0.8875
Slc25a34,Slc25a34,5.768,0.7993,0.6596,1.2118,0.2256,
Slc25a35,Slc25a35,107.7621,0.0871,0.2058,0.4232,0.6721,0.9707
Slc25a36,Slc25a36,1100.7636,0.1633,0.117,1.3951,0.163,0.8598
Slc25a37,Slc25a37,3836.6908,0.1069,0.0721,1.4824,0.1382,0.8314
Slc25a38,Slc25a38,339.3828,0.0098,0.087,0.1124,0.9105,0.9942
Slc25a39,Slc25a39,3108.3517,-0.0525,0.0555,-0.9473,0.3435,0.9246
Slc25a4,Slc25a4,12628.8105,-0.0414,0.0678,-0.6097,0.542,0.9571
Slc25a40,Slc25a40,527.6535,0.0946,0.1041,0.9084,0.3637,0.9295
Slc25a42,Slc25a42,285.634,0.2206,0.1223,1.8037,0.0713,0.7617
Slc25a43,Slc25a43,85.4592,0.0995,0.1804,0.5514,0.5814,0.9637
Slc25a44,Slc25a44,1416.4743,-0.0299,0.0572,-0.5218,0.6018,0.966
Slc25a45,Slc25a45,236.6414,-0.066,0.098,-0.6734,0.5007,0.9515
Slc25a46,Slc25a46,2142.7769,0.0012,0.0942,0.0129,0.9897,0.9993
Slc25a47,Slc25a47,48.6992,0.0464,0.2146,0.2163,0.8288,0.9906
Slc25a5,Slc25a5,12381.8878,-0.1064,0.0792,-1.3428,0.1793,0.8688
Slc25a51,Slc25a51,3112.6353,0.0169,0.0582,0.2899,0.7719,0.985
Slc25a53,Slc25a53,45.6208,0.0325,0.2106,0.1542,0.8775,0.9914
Slc25a54,Slc25a54,3.1424,0.6205,0.9996,0.6208,0.5347,
Slc26a1,Slc26a1,7.3083,0.2752,0.5378,0.5116,0.6089,
Slc26a10,Slc26a10,18.0677,-0.0118,0.3421,-0.0346,0.9724,
Slc26a11,Slc26a11,163.5789,-0.0306,0.1489,-0.2053,0.8373,0.9906
Slc26a2,Slc26a2,350.2198,-0.06,0.1571,-0.3819,0.7026,0.9743
Slc26a4,Slc26a4,4.8106,-0.0015,0.6694,-0.0023,0.9982,
Slc26a6,Slc26a6,128.6319,-0.0107,0.1398,-0.0766,0.9389,0.9971
Slc26a7,Slc26a7,4.7301,0.6976,0.7667,0.9098,0.3629,
Slc26a8,Slc26a8,3.8549,0.1792,0.712,0.2516,0.8013,
Slc26a9,Slc26a9,1.3482,-0.5446,1.1806,-0.4613,0.6446,
Slc27a1,Slc27a1,2266.9438,-0.1755,0.1507,-1.1649,0.244,0.8923
Slc27a2,Slc27a2,1.3475,0.4472,1.2552,0.3563,0.7216,
Slc27a3,Slc27a3,394.5821,-0.3076,0.1883,-1.6335,0.1024,0.7936
Slc27a4,Slc27a4,1787.5586,-0.1227,0.0636,-1.929,0.0537,0.7358
Slc27a5,Slc27a5,0.481,-2.2385,2.2842,-0.98,0.3271,
Slc28a1,Slc28a1,1.2486,0.2131,1.1957,0.1782,0.8586,
Slc29a1,Slc29a1,17473.5495,0.0117,0.0679,0.1728,0.8628,0.9906
Slc29a2,Slc29a2,273.1731,-0.006,0.1168,-0.0511,0.9592,0.9974
Slc29a3,Slc29a3,1000.2325,-0.0566,0.0894,-0.6327,0.5269,0.9565
Slc29a4,Slc29a4,0.4801,-0.9574,2.0079,-0.4768,0.6335,
Slc2a1,Slc2a1,3850.679,-0.3117,0.1427,-2.1842,0.0289,0.641
Slc2a10,Slc2a10,182.0075,-0.1188,0.1171,-1.0146,0.3103,0.9172
Slc2a12,Slc2a12,9.5456,0.0712,0.474,0.1502,0.8806,
Slc2a13,Slc2a13,173.6169,0.0883,0.2041,0.4329,0.6651,0.9702
Slc2a2,Slc2a2,0.384,0.9702,2.472,0.3925,0.6947,
Slc2a3,Slc2a3,118.3375,0.2992,0.1939,1.5428,0.1229,0.8143
Slc2a4,Slc2a4,31.9485,-0.1325,0.2986,-0.4436,0.6573,0.97
Slc2a4rg-ps,Slc2a4rg-ps,62.5793,-0.0485,0.2137,-0.2268,0.8206,0.9893
Slc2a5,Slc2a5,2.4088,-1.05,0.9229,-1.1378,0.2552,
Slc2a6,Slc2a6,756.549,-0.0423,0.1573,-0.2687,0.7882,0.9865
Slc2a7,Slc2a7,0.3838,-1.8789,2.4405,-0.7699,0.4414,
Slc2a8,Slc2a8,444.8216,-0.0487,0.0859,-0.5676,0.5703,0.9604
Slc2a9,Slc2a9,69.5673,0.0566,0.1946,0.291,0.771,0.985
Slc30a1,Slc30a1,453.5086,0.1373,0.1202,1.1423,0.2533,0.893
Slc30a2,Slc30a2,4.3214,0.3328,0.7701,0.4321,0.6656,
Slc30a3,Slc30a3,20.0307,0.5312,0.3105,1.7108,0.0871,
Slc30a4,Slc30a4,2962.9256,-0.0047,0.1868,-0.0251,0.98,0.9982
Slc30a5,Slc30a5,2555.7699,0.0252,0.0533,0.4725,0.6365,0.9681
Slc30a6,Slc30a6,771.4761,-0.0851,0.0733,-1.1611,0.2456,0.8923
Slc30a7,Slc30a7,1968.8541,0.0682,0.1035,0.6587,0.5101,0.9528
Slc30a9,Slc30a9,3676.0636,-0.021,0.0647,-0.3252,0.7451,0.9836
Slc31a1,Slc31a1,3085.0062,-0.017,0.0426,-0.3992,0.6898,0.9723
Slc31a2,Slc31a2,553.3509,-0.0002,0.105,-0.002,0.9984,0.9999
Slc33a1,Slc33a1,2232.4804,0.1208,0.0941,1.2836,0.1993,0.8828
Slc34a1,Slc34a1,0.3838,-1.8789,2.4405,-0.7699,0.4414,
Slc34a2,Slc34a2,0.3828,0.9683,2.4729,0.3916,0.6954,
Slc35a1,Slc35a1,1711.0034,-0.01,0.0769,-0.1302,0.8964,0.9927
Slc35a2,Slc35a2,1303.1011,-0.0648,0.0518,-1.2517,0.2107,0.8875
Slc35a3,Slc35a3,771.1993,-0.0159,0.1607,-0.0987,0.9213,0.9957
Slc35a4,Slc35a4,2864.2286,0.0183,0.0768,0.2388,0.8113,0.9886
Slc35a5,Slc35a5,738.6911,0.1403,0.0938,1.496,0.1346,0.826
Slc35b1,Slc35b1,2462.3739,-0.006,0.084,-0.072,0.9426,0.9971
Slc35b2,Slc35b2,2828.8153,-0.0212,0.0642,-0.3297,0.7416,0.983
Slc35b3,Slc35b3,455.215,-0.0257,0.0874,-0.2945,0.7684,0.985
Slc35b4,Slc35b4,2030.1548,-0.0231,0.0533,-0.4337,0.6645,0.9702
Slc35c1,Slc35c1,611.9802,-0.0533,0.0693,-0.7684,0.4422,0.9455
Slc35c2,Slc35c2,1280.965,-0.0603,0.0952,-0.6332,0.5266,0.9565
Slc35d1,Slc35d1,309.4036,0.1082,0.1162,0.931,0.3519,0.9271
Slc35d2,Slc35d2,258.46,-0.0154,0.0994,-0.1544,0.8773,0.9914
Slc35e1,Slc35e1,3072.7834,-0.0894,0.0823,-1.0857,0.2776,0.9074
Slc35e2,Slc35e2,645.0023,0.0684,0.0872,0.7844,0.4328,0.9453
Slc35e3,Slc35e3,1406.8856,0.0984,0.0806,1.2205,0.2223,0.8877
Slc35e4,Slc35e4,2295.1166,-0.0536,0.0498,-1.0764,0.2817,0.9074
Slc35f1,Slc35f1,0.3829,-0.4613,2.4628,-0.1873,0.8514,
Slc35f2,Slc35f2,2.4179,-1.7102,1.1882,-1.4393,0.1501,
Slc35f5,Slc35f5,2680.4465,-0.0037,0.0831,-0.0443,0.9646,0.9974
Slc35f6,Slc35f6,1744.4268,0.0143,0.0765,0.1863,0.8522,0.9906
Slc35g1,Slc35g1,22.8629,0.2141,0.3863,0.5543,0.5794,0.963
Slc35g2,Slc35g2,9.554,-0.3727,0.4609,-0.8086,0.4188,
Slc35g3,Slc35g3,2.2174,0.0745,0.9249,0.0806,0.9358,
Slc36a1,Slc36a1,704.1168,0.0215,0.1108,0.1942,0.8461,0.9906
Slc36a2,Slc36a2,31.6992,-0.0728,0.3032,-0.2402,0.8102,0.9885
Slc36a4,Slc36a4,369.0802,0.0194,0.0798,0.2429,0.8081,0.9881
Slc37a1,Slc37a1,5.6692,-0.7338,0.6344,-1.1567,0.2474,
Slc37a2,Slc37a2,280.4245,-0.1402,0.1136,-1.2349,0.2169,0.8877
Slc37a3,Slc37a3,1603.4786,-0.1243,0.0826,-1.5061,0.1321,0.826
Slc37a4,Slc37a4,475.7839,-0.0455,0.0882,-0.5159,0.6059,0.966
Slc38a1,Slc38a1,2289.047,0.0424,0.0548,0.7743,0.4388,0.9455
Slc38a10,Slc38a10,9696.7884,0.102,0.0837,1.2194,0.2227,0.8877
Slc38a2,Slc38a2,17212.5869,0.0355,0.1089,0.3262,0.7443,0.9834
Slc38a3,Slc38a3,3.5646,-0.7315,0.8435,-0.8672,0.3858,
Slc38a4,Slc38a4,14.5877,-0.1568,0.3692,-0.4247,0.6711,
Slc38a5,Slc38a5,0.3838,-1.8789,2.4405,-0.7699,0.4414,
Slc38a6,Slc38a6,613.5057,0.116,0.0955,1.2147,0.2245,0.8877
Slc38a7,Slc38a7,2224.8964,0.0004,0.1378,0.0027,0.9979,0.9996
Slc38a9,Slc38a9,564.9977,-0.015,0.0818,-0.1831,0.8547,0.9906
Slc39a1,Slc39a1,5941.4952,-0.0155,0.0681,-0.2271,0.8204,0.9893
Slc39a10,Slc39a10,599.846,0.0603,0.1419,0.425,0.6708,0.9702
Slc39a11,Slc39a11,802.8001,0.0151,0.0819,0.1849,0.8533,0.9906
Slc39a13,Slc39a13,3930.961,0.0954,0.0716,1.3333,0.1824,0.8711
Slc39a14,Slc39a14,4339.9105,0.0082,0.0925,0.0881,0.9298,0.9957
Slc39a2,Slc39a2,5.1089,0.8566,0.6187,1.3846,0.1662,
Slc39a3,Slc39a3,1036.9822,-0.0518,0.0745,-0.6958,0.4866,0.9515
Slc39a4,Slc39a4,2.3036,0.2242,0.9401,0.2384,0.8115,
Slc39a5,Slc39a5,9.1557,0.9863,0.6513,1.5144,0.1299,
Slc39a6,Slc39a6,3152.4976,-0.0982,0.0663,-1.4811,0.1386,0.8323
Slc39a7,Slc39a7,9395.5859,-0.0439,0.0692,-0.6342,0.526,0.9565
Slc39a8,Slc39a8,136.7896,-0.0352,0.1627,-0.2166,0.8285,0.9906
Slc39a9,Slc39a9,2860.573,-0.0096,0.064,-0.1506,0.8803,0.9914
Slc3a1,Slc3a1,1.5416,-0.4361,1.1574,-0.3768,0.7063,
Slc3a2,Slc3a2,4716.0226,-0.132,0.1456,-0.9061,0.3649,0.9295
Slc40a1,Slc40a1,752.6756,0.0854,0.0974,0.8768,0.3806,0.9303
Slc41a1,Slc41a1,1715.8025,0.1031,0.1114,0.9253,0.3548,0.9293
Slc41a2,Slc41a2,1195.8905,-0.1188,0.1399,-0.8493,0.3957,0.9341
Slc41a3,Slc41a3,283.7762,0.0976,0.0974,1.0017,0.3165,0.9173
Slc43a1,Slc43a1,554.8573,0.1283,0.1188,1.0797,0.2803,0.9074
Slc43a2,Slc43a2,1772.8499,0.1342,0.1332,1.0071,0.3139,0.9173
Slc43a3,Slc43a3,1341.1741,0.029,0.1088,0.2666,0.7898,0.9865
Slc44a1,Slc44a1,4579.3458,-0.0085,0.0493,-0.1715,0.8638,0.9906
Slc44a2,Slc44a2,15810.3024,-0.0037,0.0673,-0.0552,0.956,0.9974
Slc44a3,Slc44a3,9.0474,-0.109,0.4947,-0.2203,0.8256,
Slc44a4,Slc44a4,189.9399,-0.3046,0.1727,-1.7634,0.0778,0.7682
Slc44a5,Slc44a5,14.7371,0.4172,0.4034,1.0343,0.301,
Slc45a2,Slc45a2,0.9582,1.0456,1.77,0.5907,0.5547,
Slc45a3,Slc45a3,27.1487,0.048,0.2768,0.1734,0.8623,0.9906
Slc45a4,Slc45a4,1761.9947,0.0234,0.0536,0.4368,0.6623,0.9702
Slc46a1,Slc46a1,372.8054,0.0037,0.1158,0.0318,0.9747,0.9975
Slc46a3,Slc46a3,86.4383,-0.0613,0.1706,-0.3594,0.7193,0.9783
Slc47a2,Slc47a2,1.551,1.048,1.2449,0.8418,0.3999,
Slc48a1,Slc48a1,5445.8465,0.2366,0.2023,1.1698,0.2421,0.8923
Slc4a10,Slc4a10,0.6755,1.1281,1.7051,0.6616,0.5082,
Slc4a11,Slc4a11,69.8615,-0.0605,0.1929,-0.3137,0.7538,0.9849
Slc4a1ap,Slc4a1ap,1081.0623,0.0507,0.0631,0.8044,0.4211,0.941
Slc4a2,Slc4a2,4387.0004,-0.033,0.0566,-0.5821,0.5605,0.9579
Slc4a3,Slc4a3,1172.7431,-0.1362,0.1289,-1.0566,0.2907,0.9079
Slc4a4,Slc4a4,60.0452,-0.2783,0.323,-0.8616,0.3889,0.933
Slc4a5,Slc4a5,1.3398,1.0715,1.4775,0.7252,0.4683,
Slc4a7,Slc4a7,2191.9889,-0.0081,0.1856,-0.0436,0.9652,0.9974
Slc4a8,Slc4a8,417.2859,-0.3439,0.1369,-2.5115,0.012,0.5308
Slc50a1,Slc50a1,910.2239,0.0377,0.0613,0.6146,0.5388,0.9571
Slc51a,Slc51a,2.2928,1.3882,1.1639,1.1928,0.233,
Slc51b,Slc51b,3.9453,0.0962,0.7036,0.1367,0.8913,
Slc52a2,Slc52a2,710.1191,0.032,0.1083,0.2952,0.7678,0.985
Slc52a3,Slc52a3,2.1221,-0.6039,1.0326,-0.5849,0.5586,
Slc5a2,Slc5a2,0.3829,-0.4613,2.4628,-0.1873,0.8514,
Slc5a3,Slc5a3,1112.2751,0.0127,0.2325,0.0548,0.9563,0.9974
Slc5a4a,Slc5a4a,0.4824,2.5323,2.2343,1.1334,0.2571,
Slc5a5,Slc5a5,157.199,0.1465,0.2702,0.542,0.5878,0.964
Slc5a6,Slc5a6,382.3529,-0.0981,0.0895,-1.0964,0.2729,0.9036
Slc5a7,Slc5a7,75.8191,0.0551,0.2388,0.2305,0.8177,0.989
Slc5a8,Slc5a8,1.6411,0.5714,1.0698,0.5341,0.5932,
Slc6a13,Slc6a13,1.3542,-1.5221,1.3084,-1.1633,0.2447,
Slc6a15,Slc6a15,1.5505,0.6424,1.2037,0.5336,0.5936,
Slc6a17,Slc6a17,458.7525,0.0558,0.1366,0.4083,0.6831,0.9717
Slc6a19,Slc6a19,39.062,-0.3528,0.2745,-1.2851,0.1988,0.8828
Slc6a2,Slc6a2,390.4417,0.3117,0.1131,2.7555,0.0059,0.4143
Slc6a20a,Slc6a20a,0.3836,-0.5409,2.5059,-0.2158,0.8291,
Slc6a5,Slc6a5,0.384,0.9702,2.472,0.3925,0.6947,
Slc6a6,Slc6a6,26139.0162,-0.0223,0.0546,-0.4079,0.6833,0.9717
Slc6a7,Slc6a7,129.4708,0.0951,0.1596,0.5958,0.5513,0.9571
Slc6a8,Slc6a8,4710.5193,-0.0718,0.1339,-0.5358,0.5921,0.964
Slc6a9,Slc6a9,1111.0789,-0.0746,0.2016,-0.3698,0.7115,0.9756
Slc7a1,Slc7a1,2108.1211,-0.0475,0.0889,-0.534,0.5933,0.964
Slc7a11,Slc7a11,1194.6473,-1.4274,0.9538,-1.4966,0.1345,0.826
Slc7a15,Slc7a15,0.9645,0.8118,1.4405,0.5636,0.5731,
Slc7a2,Slc7a2,6058.027,0.2038,0.1203,1.6945,0.0902,0.7842
Slc7a3,Slc7a3,10.67,-0.2969,0.4851,-0.612,0.5406,
Slc7a4,Slc7a4,93.8004,-0.2123,0.2267,-0.9365,0.349,0.9265
Slc7a5,Slc7a5,5163.634,0.0243,0.1072,0.2268,0.8206,0.9893
Slc7a6,Slc7a6,1955.2984,0.0666,0.0531,1.254,0.2098,0.8875
Slc7a6os,Slc7a6os,845.0583,0.0187,0.0752,0.2492,0.8032,0.9871
Slc7a7,Slc7a7,123.4634,-0.0455,0.1634,-0.2785,0.7806,0.985
Slc7a8,Slc7a8,1.0546,1.1476,1.5642,0.7336,0.4632,
Slc8a1,Slc8a1,1533.3356,0.433,0.1288,3.3619,0.0008,0.2269
Slc8a2,Slc8a2,1.833,0.2793,1.3929,0.2005,0.8411,
Slc8a3,Slc8a3,11.9472,0.4308,0.4221,1.0207,0.3074,
Slc8b1,Slc8b1,1110.7733,-0.136,0.112,-1.2142,0.2247,0.8877
Slc9a1,Slc9a1,2281.5431,0.0918,0.0539,1.7022,0.0887,0.7829
Slc9a2,Slc9a2,420.4081,-0.1875,0.1352,-1.3867,0.1655,0.8598
Slc9a3r1,Slc9a3r1,720.2069,-0.1025,0.0985,-1.0407,0.298,0.9129
Slc9a3r2,Slc9a3r2,898.3292,-0.068,0.0986,-0.6896,0.4905,0.9515
Slc9a4,Slc9a4,20.2712,-0.0557,0.3379,-0.1648,0.8691,
Slc9a5,Slc9a5,522.0584,0.0186,0.0746,0.2501,0.8025,0.9871
Slc9a6,Slc9a6,1238.4844,-0.0219,0.059,-0.3702,0.7112,0.9756
Slc9a7,Slc9a7,6.2894,-0.0567,0.6468,-0.0877,0.9301,
Slc9a8,Slc9a8,1382.4557,-0.0031,0.0712,-0.0436,0.9652,0.9974
Slc9a9,Slc9a9,2832.0974,0.0817,0.0675,1.2108,0.226,0.8896
Slc9b1,Slc9b1,1.5342,-1.0388,1.7259,-0.6019,0.5472,
Slc9b2,Slc9b2,24.1136,-0.171,0.3082,-0.5549,0.5789,0.963
Slco1a5,Slco1a5,27.7129,0.3492,0.371,0.9414,0.3465,0.9253
Slco1b2,Slco1b2,1.1597,-1.0185,1.4192,-0.7176,0.473,
Slco2a1,Slco2a1,6.7516,-0.0083,0.5493,-0.0151,0.9879,
Slco2b1,Slco2b1,6.9304,-0.998,0.5551,-1.7978,0.0722,
Slco3a1,Slco3a1,1525.476,-0.1688,0.0899,-1.8781,0.0604,0.749
Slco4a1,Slco4a1,8.5146,0.2105,0.6231,0.3378,0.7355,
Slco5a1,Slco5a1,146.5521,0.0588,0.1354,0.4346,0.6639,0.9702
SlcUbl4a,SlcUbl4a,2.5926,0.7875,0.9617,0.8188,0.4129,
Slfn10-ps,Slfn10-ps,1.345,0.6319,1.2916,0.4893,0.6246,
Slfn2,Slfn2,2.6902,0.3824,0.9565,0.3998,0.6893,
Slfn3,Slfn3,3.7659,-0.071,0.7409,-0.0958,0.9237,
Slfn4,Slfn4,1.4468,0.6485,1.16,0.5591,0.5761,
Slfn5,Slfn5,27.4683,-0.1284,0.3543,-0.3624,0.7171,0.9774
Slfn5os,Slfn5os,0.7763,-0.4579,1.884,-0.243,0.808,
Slfn8,Slfn8,1.3608,-0.4457,1.4812,-0.3009,0.7635,
Slfn9,Slfn9,60.4239,0.4114,0.2898,1.4195,0.1557,0.8509
Slirp,Slirp,657.0709,0.3348,0.2484,1.3479,0.1777,0.8659
Slit1,Slit1,12.1406,-0.6251,0.4434,-1.4098,0.1586,
Slit2,Slit2,2736.8081,0.0144,0.2051,0.07,0.9442,0.9971
Slit3,Slit3,0.3918,0.1594,2.1361,0.0746,0.9405,
Slitrk4,Slitrk4,0.2934,-1.6605,2.5532,-0.6504,0.5154,
Slk,Slk,2192.7928,-0.056,0.1758,-0.3185,0.7501,0.9843
Slmap,Slmap,2019.1191,0.084,0.1338,0.6278,0.5301,0.9568
Slmo1,Slmo1,83.9796,-0.4012,0.1657,-2.4213,0.0155,0.5683
Slmo2,Slmo2,2649.033,-0.0996,0.0891,-1.1178,0.2636,0.8981
Slpi,Slpi,361.0901,0.3964,0.2922,1.3566,0.1749,0.8614
Sltm,Sltm,894.3711,0.0018,0.184,0.01,0.9921,0.9993
Slu7,Slu7,2055.0921,0.0531,0.052,1.0218,0.3069,0.9169
Slurp1,Slurp1,1.2507,-0.2956,1.53,-0.1932,0.8468,
Slx1b,Slx1b,243.6794,-0.03,0.1089,-0.2751,0.7832,0.985
Slx4,Slx4,982.5657,0.0762,0.0703,1.0844,0.2782,0.9074
Slx4ip,Slx4ip,134.9539,-0.08,0.1544,-0.5183,0.6043,0.966
Smad1,Smad1,2088.9826,-0.0132,0.0733,-0.1807,0.8566,0.9906
Smad2,Smad2,2101.5854,0.0036,0.054,0.0668,0.9467,0.9971
Smad3,Smad3,4143.1469,0.0634,0.0509,1.2462,0.2127,0.8877
Smad4,Smad4,3049.3051,0.0672,0.0447,1.5048,0.1324,0.826
Smad5,Smad5,3986.5678,0.0613,0.0793,0.774,0.439,0.9455
Smad6,Smad6,407.3003,0.0572,0.1091,0.5237,0.6005,0.966
Smad7,Smad7,585.9028,-0.0126,0.166,-0.0761,0.9393,0.9971
Smad9,Smad9,171.7766,0.4506,0.2534,1.7782,0.0754,0.7682
Smagp,Smagp,11.879,0.4597,0.4329,1.0619,0.2883,
Smap1,Smap1,859.7785,0.0847,0.0864,0.9801,0.3271,0.9197
Smap2,Smap2,2023.2435,0.0487,0.0485,1.005,0.3149,0.9173
Smarca1,Smarca1,0.7676,2.2344,1.6502,1.354,0.1757,
Smarca2,Smarca2,1589.5041,0.2022,0.0857,2.3578,0.0184,0.5855
Smarca4,Smarca4,6439.6463,-0.0064,0.0518,-0.1241,0.9013,0.9934
Smarca5,Smarca5,4937.0386,0.064,0.1624,0.3943,0.6934,0.9731
Smarca5-ps,Smarca5-ps,4.6631,-0.1005,0.7581,-0.1326,0.8945,
Smarcad1,Smarcad1,697.6682,0.1151,0.1804,0.6381,0.5234,0.9556
Smarcal1,Smarcal1,1684.6423,0.0616,0.067,0.9187,0.3583,0.9295
Smarcb1,Smarcb1,3745.755,-0.0143,0.052,-0.2748,0.7835,0.985
Smarcc1,Smarcc1,3869.8638,-0.0135,0.0688,-0.1966,0.8441,0.9906
Smarcc2,Smarcc2,5485.3277,0.0172,0.0396,0.4356,0.6631,0.9702
Smarcd1,Smarcd1,1204.5104,-0.0077,0.0612,-0.1256,0.9001,0.9931
Smarcd2,Smarcd2,1937.3236,-0.002,0.0632,-0.0324,0.9741,0.9974
Smarcd3,Smarcd3,2182.8295,-0.0767,0.0654,-1.173,0.2408,0.8923
Smarce1,Smarce1,4817.4511,-0.0477,0.0632,-0.7548,0.4504,0.9455
Smc1a,Smc1a,3216.121,0.078,0.1548,0.5041,0.6142,0.966
Smc1b,Smc1b,1.2644,0.0155,1.2821,0.0121,0.9903,
Smc2,Smc2,949.0966,-0.0015,0.1879,-0.0079,0.9937,0.9993
Smc2os,Smc2os,2.3105,-1.5567,1.0838,-1.4364,0.1509,
Smc3,Smc3,1073.0417,0.0978,0.1738,0.5626,0.5737,0.9614
Smc4,Smc4,1134.8033,0.3191,0.1131,2.8217,0.0048,0.3853
Smc5,Smc5,991.8561,0.1328,0.1631,0.8142,0.4155,0.94
Smc6,Smc6,1106.8565,0.2324,0.1364,1.704,0.0884,0.7829
Smchd1,Smchd1,1663.9076,0.0899,0.1745,0.5151,0.6065,0.966
Smco3,Smco3,55.3595,0.651,0.3773,1.7258,0.0844,0.7762
Smco4,Smco4,238.7572,-0.0493,0.1153,-0.4279,0.6687,0.9702
Smcr8,Smcr8,2159.7213,-0.04,0.0694,-0.5762,0.5645,0.9588
Smdt1,Smdt1,2112.025,-0.0208,0.0702,-0.2959,0.7673,0.985
Smek1,Smek1,1301.8227,0.0089,0.1512,0.0586,0.9532,0.9974
Smek2,Smek2,1019.7575,0.0689,0.1619,0.4256,0.6704,0.9702
Smg1,Smg1,2681.8213,0.1301,0.1365,0.9536,0.3403,0.9244
Smg5,Smg5,3334.952,-0.0957,0.0515,-1.8589,0.063,0.7559
Smg6,Smg6,2700.5255,0.1116,0.0659,1.6933,0.0904,0.7842
Smg7,Smg7,2320.4612,0.113,0.0565,1.9994,0.0456,0.7227
Smg8,Smg8,1361.564,-0.1107,0.0562,-1.9718,0.0486,0.7227
Smg9,Smg9,447.2121,0.0249,0.0912,0.2734,0.7846,0.985
Smim1,Smim1,105.4154,-0.1799,0.1828,-0.9845,0.3248,0.9197
Smim10l1,Smim10l1,1132.1691,0.0949,0.137,0.6928,0.4884,0.9515
Smim10l2a,Smim10l2a,2.1104,-0.9519,1.1544,-0.8246,0.4096,
Smim11,Smim11,744.3805,-0.1554,0.0859,-1.8089,0.0705,0.7617
Smim12,Smim12,599.7826,-0.0562,0.0805,-0.6972,0.4856,0.9515
Smim13,Smim13,1567.7949,-0.0108,0.0845,-0.1276,0.8985,0.9927
Smim14,Smim14,2942.1412,-0.053,0.0796,-0.6667,0.5049,0.9515
Smim15,Smim15,1396.2104,0.1485,0.1132,1.3119,0.1896,0.874
Smim19,Smim19,877.0357,0.0209,0.0667,0.3139,0.7536,0.9849
Smim20,Smim20,347.9546,-0.1085,0.0886,-1.2238,0.221,0.8877
Smim22,Smim22,5.9745,-0.0701,0.711,-0.0986,0.9215,
Smim24,Smim24,0.971,-2.4219,1.5062,-1.6079,0.1079,
Smim3,Smim3,1082.836,-0.0152,0.0625,-0.2426,0.8083,0.9881
Smim4,Smim4,192.4453,0.0731,0.1303,0.5609,0.5749,0.9614
Smim5,Smim5,163.0764,-0.2857,0.2182,-1.3092,0.1905,0.874
Smim6,Smim6,22.4753,-0.329,0.2982,-1.1034,0.2699,0.9027
Smim7,Smim7,4270.5001,-0.0511,0.0686,-0.7455,0.456,0.9483
Smim8,Smim8,316.263,-0.1249,0.088,-1.4197,0.1557,0.8509
Smkr-ps,Smkr-ps,0.8555,2.3498,1.6542,1.4205,0.1555,
Smn1,Smn1,969.4306,-0.0786,0.0666,-1.1803,0.2379,0.8923
Smndc1,Smndc1,2047.066,-0.0132,0.0709,-0.1857,0.8527,0.9906
Smo,Smo,3998.0317,0.0668,0.063,1.0617,0.2884,0.9079
Smoc1,Smoc1,80.0893,0.3,0.3638,0.8246,0.4096,0.9377
Smoc2,Smoc2,1159.0835,0.1081,0.3567,0.303,0.7619,0.9849
Smox,Smox,1066.7028,-0.0072,0.0729,-0.0984,0.9216,0.9957
Smpd1,Smpd1,2472.3286,0.0168,0.0658,0.2558,0.7981,0.9871
Smpd2,Smpd2,862.7205,0.0299,0.1082,0.2761,0.7825,0.985
Smpd3,Smpd3,23.637,0.0666,0.3173,0.2098,0.8338,0.9906
Smpd4,Smpd4,1396.4808,0.0816,0.0788,1.0357,0.3003,0.9154
Smpd5,Smpd5,28.7198,-0.501,0.4004,-1.2512,0.2109,0.8875
Smpdl3a,Smpdl3a,484.8037,0.1389,0.1894,0.7331,0.4635,0.9483
Smpdl3b,Smpdl3b,767.5334,0.2538,0.1103,2.3014,0.0214,0.6075
Smpx,Smpx,909.1761,-0.3852,0.2076,-1.8551,0.0636,0.7562
Sms,Sms,2268.7729,0.1178,0.1072,1.0986,0.2719,0.9032
Smtn,Smtn,5105.9144,-0.0301,0.0693,-0.4347,0.6638,0.9702
Smtnl1,Smtnl1,11.1619,-0.8456,0.4726,-1.789,0.0736,
Smtnl2,Smtnl2,6.8828,-0.1552,0.6702,-0.2315,0.8169,
Smu1,Smu1,3605.1411,-0.1038,0.0559,-1.8571,0.0633,0.7562
Smug1,Smug1,1043.4408,-0.0004,0.0594,-0.0063,0.995,0.9993
Smurf1,Smurf1,2984.494,-0.0582,0.0987,-0.5897,0.5554,0.9573
Smurf2,Smurf2,2580.9546,0.0968,0.0838,1.1552,0.248,0.8923
Smyd1,Smyd1,2240.4324,-0.2371,0.1097,-2.1622,0.0306,0.6516
Smyd2,Smyd2,2163.4896,0.0831,0.0948,0.8768,0.3806,0.9303
Smyd3,Smyd3,544.0339,-0.0419,0.0918,-0.4564,0.6481,0.9684
Smyd4,Smyd4,808.7951,-0.019,0.0646,-0.2936,0.7691,0.985
Smyd5,Smyd5,1184.3404,-0.0242,0.0646,-0.3753,0.7074,0.9744
Snai1,Snai1,1699.4967,-0.015,0.0759,-0.197,0.8438,0.9906
Snai2,Snai2,1512.8514,0.2143,0.1214,1.7661,0.0774,0.7682
Snai3,Snai3,17.8529,-0.5324,0.5156,-1.0326,0.3018,
Snap23,Snap23,1812.8101,0.0792,0.0673,1.1765,0.2394,0.8923
Snap29,Snap29,1436.8255,-0.0023,0.0521,-0.0437,0.9651,0.9974
Snap47,Snap47,2845.8309,-0.0378,0.0544,-0.6938,0.4878,0.9515
Snap91,Snap91,0.4814,-0.9492,2.3281,-0.4077,0.6835,
Snapc1,Snapc1,486.309,0.0224,0.0796,0.2817,0.7782,0.985
Snapc2,Snapc2,993.0629,-0.1604,0.0657,-2.4416,0.0146,0.5641
Snapc3,Snapc3,692.5442,-0.0454,0.1071,-0.4238,0.6717,0.9706
Snapc4,Snapc4,555.159,0.0981,0.0761,1.2898,0.1971,0.8806
Snapc5,Snapc5,417.5082,0.0794,0.0884,0.8985,0.3689,0.9295
Snapin,Snapin,2963.5257,0.096,0.0996,0.9639,0.3351,0.9207
Sncaip,Sncaip,224.7297,0.2913,0.1103,2.6411,0.0083,0.4585
Sncg,Sncg,25.3442,-0.178,0.2872,-0.6197,0.5355,0.9571
Snd1,Snd1,8364.6806,-0.1259,0.0642,-1.9597,0.05,0.7227
Sned1,Sned1,123.1674,0.5118,0.1656,3.0901,0.002,0.309
Snf8,Snf8,1861.388,-0.0426,0.0859,-0.4959,0.62,0.966
Snhg1,Snhg1,721.8738,-0.0439,0.091,-0.4828,0.6292,0.9676
Snhg10,Snhg10,12.9182,-0.6126,0.5925,-1.0339,0.3012,
Snhg11,Snhg11,5.1153,0.1013,0.5975,0.1695,0.8654,
Snhg12,Snhg12,492.8782,0.0043,0.0817,0.0528,0.9579,0.9974
Snhg14,Snhg14,18.3381,-0.1963,0.3399,-0.5777,0.5635,
Snhg17,Snhg17,815.2467,0.1343,0.0612,2.1965,0.0281,0.6379
Snhg18,Snhg18,641.1704,0.0623,0.114,0.5463,0.5849,0.964
Snhg20,Snhg20,143.1738,0.0565,0.2269,0.2489,0.8034,0.9871
Snhg3,Snhg3,260.6398,-0.0255,0.1488,-0.1713,0.864,0.9906
Snhg4,Snhg4,278.1377,0.1447,0.2099,0.6897,0.4904,0.9515
Snhg5,Snhg5,1141.0444,0.0007,0.06,0.0109,0.9913,0.9993
Snhg6,Snhg6,226.8277,0.117,0.172,0.6799,0.4966,0.9515
Snhg7,Snhg7,114.9407,0.4761,0.2753,1.7292,0.0838,0.7762
Snhg8,Snhg8,618.374,-0.0289,0.1491,-0.194,0.8462,0.9906
Snip1,Snip1,1125.6062,-0.1232,0.0589,-2.0929,0.0364,0.6818
Snn,Snn,1774.3647,-0.0201,0.0687,-0.293,0.7695,0.985
Snora15,Snora15,0.8728,0.2439,1.5935,0.1531,0.8783,
Snora16a,Snora16a,29.0689,0.3748,0.2659,1.4096,0.1586,0.8557
Snora17,Snora17,16.6492,0.7715,0.503,1.5339,0.1251,
Snora20,Snora20,2.3062,1.2966,1.0262,1.2635,0.2064,
Snora21,Snora21,6.9195,-0.136,0.5843,-0.2327,0.816,
Snora23,Snora23,1.4481,-0.3477,1.2713,-0.2735,0.7844,
Snora28,Snora28,23.2728,-0.1997,0.3596,-0.5554,0.5787,0.963
Snora2b,Snora2b,13.9337,-0.0605,0.4145,-0.146,0.8839,
Snora3,Snora3,30.7724,0.0236,0.2501,0.0942,0.925,0.9957
Snora30,Snora30,1.2563,-0.9009,1.7218,-0.5232,0.6008,
Snora31,Snora31,41.4364,0.0621,0.2305,0.2693,0.7877,0.9865
Snora33,Snora33,22.4129,0.3669,0.3313,1.1075,0.2681,0.9005
Snora34,Snora34,11.3048,0.7257,0.5205,1.3943,0.1632,
Snora41,Snora41,28.7784,0.0843,0.2786,0.3027,0.7621,0.9849
Snora43,Snora43,17.7621,0.8359,0.6095,1.3713,0.1703,
Snora44,Snora44,11.6807,-0.0209,0.4641,-0.0451,0.964,
Snora47,Snora47,2.1188,-2.6208,1.276,-2.0539,0.04,
Snora52,Snora52,12.4037,-0.0925,0.4226,-0.219,0.8267,
Snora5c,Snora5c,9.9291,0.1872,0.531,0.3525,0.7244,
Snora61,Snora61,17.4385,-0.1045,0.404,-0.2586,0.796,
Snora62,Snora62,4.2419,-0.127,0.6726,-0.1889,0.8502,
Snora64,Snora64,30.3284,-0.399,0.2826,-1.4122,0.1579,0.8542
Snora65,Snora65,96.8356,0.0853,0.1554,0.5492,0.5829,0.964
Snora68,Snora68,10.0143,-0.7069,0.4853,-1.4566,0.1452,
Snora69,Snora69,7.7901,-0.2009,0.5734,-0.3504,0.7261,
Snora70,Snora70,37.8619,-0.2465,0.2546,-0.9684,0.3329,0.9206
Snora74a,Snora74a,11.3045,0.3018,0.4892,0.6169,0.5373,
Snora75,Snora75,3.2876,0.8736,0.8478,1.0304,0.3028,
Snora78,Snora78,2.8962,1.8724,1.2657,1.4794,0.139,
Snora7a,Snora7a,38.2727,0.159,0.2305,0.6899,0.4903,0.9515
Snora81,Snora81,31.0821,-0.082,0.4105,-0.1998,0.8416,0.9906
Snord100,Snord100,21.3995,0.2314,0.2964,0.7806,0.435,0.9453
Snord104,Snord104,28.0564,-0.2201,0.3116,-0.7065,0.4799,0.9502
Snord11,Snord11,0.5707,1.6575,1.9996,0.8289,0.4072,
Snord110,Snord110,0.5729,1.6909,2.306,0.7333,0.4634,
Snord111,Snord111,0.7692,3.1814,1.9953,1.5944,0.1108,
Snord12,Snord12,30.042,-0.1006,0.2638,-0.3813,0.703,0.9743
Snord123,Snord123,8.7482,0.4912,0.5584,0.8797,0.379,
Snord15a,Snord15a,0.7744,-1.1698,1.8734,-0.6244,0.5323,
Snord15b,Snord15b,6.7401,0.026,0.5245,0.0497,0.9604,
Snord16a,Snord16a,22.2804,0.2655,0.3036,0.8744,0.3819,0.9308
Snord17,Snord17,2.7821,1.2629,0.8634,1.4628,0.1435,
Snord19,Snord19,5.7848,0.4582,0.6099,0.7513,0.4525,
Snord1b,Snord1b,1.7398,-0.8824,1.1341,-0.7781,0.4365,
Snord1c,Snord1c,4.1526,-0.4326,0.7628,-0.5671,0.5706,
Snord2,Snord2,13.9088,-0.3039,0.4482,-0.6779,0.4978,
Snord22,Snord22,19.2381,-0.0913,0.3458,-0.2639,0.7918,
Snord23,Snord23,0.5765,-1.3139,2.2012,-0.5969,0.5506,
Snord32a,Snord32a,2.9718,-3.1778,1.2395,-2.5637,0.0104,
Snord34,Snord34,1.435,-0.1317,1.3079,-0.1007,0.9198,
Snord35a,Snord35a,2.5145,-1.8439,1.1331,-1.6273,0.1037,
Snord35b,Snord35b,1.9321,0.4426,1.026,0.4314,0.6662,
Snord37,Snord37,1.3617,-0.2226,1.4006,-0.159,0.8737,
Snord42a,Snord42a,2.0387,1.6169,1.1932,1.3551,0.1754,
Snord42b,Snord42b,14.1158,-0.2186,0.4505,-0.4853,0.6274,
Snord43,Snord43,4.6906,-0.514,0.7984,-0.6438,0.5197,
Snord45b,Snord45b,13.8995,-0.3066,0.5495,-0.558,0.5768,
Snord47,Snord47,9.4153,0.6115,0.5152,1.187,0.2352,
Snord49a,Snord49a,30.0918,-0.1302,0.2486,-0.5238,0.6004,0.966
Snord49b,Snord49b,5.2051,-0.5419,0.6184,-0.8762,0.3809,
Snord4a,Snord4a,19.6536,-0.2176,0.3401,-0.6397,0.5224,
Snord52,Snord52,41.9524,-0.0801,0.2351,-0.3405,0.7335,0.9802
Snord53,Snord53,0.48,0.2639,2.0633,0.1279,0.8982,
Snord55,Snord55,10.1334,-0.7011,0.4647,-1.5089,0.1313,
Snord57,Snord57,0.4792,0.2667,2.0644,0.1292,0.8972,
Snord58b,Snord58b,9.3907,0.1832,0.5116,0.3581,0.7202,
Snord65,Snord65,6.1393,-0.268,0.6456,-0.4152,0.678,
Snord66,Snord66,0.384,0.9702,2.472,0.3925,0.6947,
Snord68,Snord68,0.5867,-0.7145,1.7318,-0.4126,0.6799,
Snord69,Snord69,13.5401,-0.0029,0.495,-0.0058,0.9953,
Snord70,Snord70,0.9638,0.1204,1.4416,0.0835,0.9334,
Snord71,Snord71,1.2572,-0.873,1.4665,-0.5953,0.5516,
Snord72,Snord72,39.3782,1.0052,0.3767,2.6687,0.0076,0.4412
Snord73a,Snord73a,7.358,-0.1672,0.643,-0.2601,0.7948,
Snord8,Snord8,1.2569,-1.6664,1.5549,-1.0717,0.2838,
Snord83b,Snord83b,10.7464,-0.5609,0.4363,-1.2857,0.1985,
Snord87,Snord87,5.4986,-0.1632,0.7573,-0.2154,0.8294,
Snord88a,Snord88a,1.0619,-0.8034,1.4302,-0.5618,0.5743,
Snord88c,Snord88c,3.8675,0.5993,0.8382,0.7149,0.4746,
Snord89,Snord89,7.8798,0.5134,0.5366,0.9568,0.3387,
Snord91a,Snord91a,10.4303,-0.3359,0.451,-0.7448,0.4564,
Snord93,Snord93,1.3523,1.5874,1.3459,1.1794,0.2382,
Snord95,Snord95,23.6537,0.3884,0.3749,1.0359,0.3003,0.9154
Snord96a,Snord96a,228.4489,-0.0845,0.1178,-0.7169,0.4734,0.949
Snord98,Snord98,1.0688,-2.5817,1.4883,-1.7346,0.0828,
Snord99,Snord99,19.1097,0.1433,0.3623,0.3956,0.6924,
Snph,Snph,1.4452,-1.0862,1.3292,-0.8172,0.4138,
Snrk,Snrk,1183.8609,0.1017,0.0674,1.5093,0.1312,0.826
Snrnp200,Snrnp200,5807.4212,0.0557,0.0612,0.9094,0.3631,0.9295
Snrnp25,Snrnp25,374.3213,-0.0535,0.1011,-0.5287,0.597,0.964
Snrnp27,Snrnp27,1460.6011,0.022,0.0801,0.2751,0.7832,0.985
Snrnp35,Snrnp35,332.615,-0.0464,0.0964,-0.4814,0.6302,0.968
Snrnp40,Snrnp40,1509.7652,-0.0563,0.0817,-0.69,0.4902,0.9515
Snrnp48,Snrnp48,337.1141,0.0427,0.1333,0.3202,0.7488,0.9843
Snrnp70,Snrnp70,4919.7348,0.0239,0.0537,0.4454,0.656,0.9693
Snrpa,Snrpa,1699.6442,-0.074,0.1056,-0.7013,0.4831,0.9515
Snrpa1,Snrpa1,1237.8273,-0.0632,0.0752,-0.8393,0.4013,0.9365
Snrpb,Snrpb,4866.5485,-0.0466,0.0649,-0.7189,0.4722,0.949
Snrpb2,Snrpb2,1683.2331,-0.0139,0.0832,-0.1675,0.8669,0.9906
Snrpc,Snrpc,1971.6889,-0.0177,0.0917,-0.1933,0.8467,0.9906
Snrpd1,Snrpd1,2224.6783,-0.082,0.0784,-1.0454,0.2958,0.9119
Snrpd2,Snrpd2,1749.5918,-0.1131,0.0874,-1.2941,0.1956,0.8802
Snrpd3,Snrpd3,2532.2858,-0.0467,0.0762,-0.613,0.5399,0.9571
Snrpe,Snrpe,1882.5241,-0.0746,0.0588,-1.2693,0.2044,0.8854
Snrpf,Snrpf,310.8006,0.9449,2.1829,0.4329,0.6651,0.9702
Snrpg,Snrpg,1474.6951,-0.1375,0.0719,-1.9132,0.0557,0.743
Snrpn,Snrpn,3.4663,-1.128,0.8041,-1.4027,0.1607,
Snta1,Snta1,1956.6836,-0.0537,0.0705,-0.7618,0.4462,0.9455
Sntb1,Sntb1,535.0321,0.1414,0.1158,1.2207,0.2222,0.8877
Sntb2,Sntb2,804.9111,0.0923,0.1025,0.901,0.3676,0.9295
Snupn,Snupn,404.7056,-0.0205,0.0915,-0.2238,0.8229,0.9893
Snw1,Snw1,7382.4158,0.0845,0.0778,1.0871,0.277,0.9074
Snx1,Snx1,7021.1402,-0.0387,0.0732,-0.5294,0.5965,0.964
Snx10,Snx10,628.2824,0.0339,0.0892,0.3797,0.7041,0.9744
Snx11,Snx11,1024.6234,0.0174,0.1127,0.1539,0.8777,0.9914
Snx12,Snx12,2431.8346,-0.0706,0.052,-1.3571,0.1747,0.8614
Snx13,Snx13,1411.4642,-0.0286,0.1953,-0.1465,0.8835,0.9914
Snx14,Snx14,1284.7168,0.014,0.0827,0.1689,0.8659,0.9906
Snx15,Snx15,756.4884,-0.0873,0.0705,-1.239,0.2154,0.8877
Snx16,Snx16,388.6589,0.0142,0.1034,0.1374,0.8907,0.992
Snx17,Snx17,3817.3062,-0.0194,0.0902,-0.2145,0.8301,0.9906
Snx18,Snx18,4887.1185,-0.0144,0.0918,-0.1569,0.8753,0.9914
Snx19,Snx19,1997.7259,0.0673,0.0492,1.3695,0.1708,0.8614
Snx2,Snx2,2360.7903,0.0655,0.0742,0.8828,0.3773,0.9303
Snx20,Snx20,1.8215,0.8666,1.2021,0.7209,0.471,
Snx21,Snx21,798.7578,-0.0791,0.0783,-1.0106,0.3122,0.9173
Snx22,Snx22,150.3598,0.3425,0.2147,1.5952,0.1107,0.8103
Snx24,Snx24,931.6368,0.028,0.0791,0.3544,0.7231,0.9788
Snx25,Snx25,1014.3634,-0.0754,0.0793,-0.9516,0.3413,0.9246
Snx27,Snx27,2855.456,0.0177,0.0462,0.3831,0.7016,0.9737
Snx29,Snx29,129.2875,0.0011,0.1697,0.0064,0.9949,0.9993
Snx3,Snx3,5144.6903,-0.0898,0.0408,-2.1985,0.0279,0.6379
Snx30,Snx30,619.6376,0.0186,0.085,0.2191,0.8266,0.9905
Snx32,Snx32,150.8739,-0.287,0.161,-1.7821,0.0747,0.7682
Snx33,Snx33,1447.6983,0.1314,0.108,1.2168,0.2237,0.8877
Snx4,Snx4,4041.8223,0.0805,0.0702,1.1468,0.2514,0.893
Snx5,Snx5,4697.1918,-0.0181,0.0447,-0.4044,0.6859,0.9717
Snx6,Snx6,4207.3212,0.0039,0.047,0.0819,0.9347,0.9966
Snx7,Snx7,3623.5016,0.0436,0.09,0.4846,0.628,0.9673
Snx8,Snx8,1090.9224,-0.0682,0.0671,-1.0167,0.3093,0.9169
Snx9,Snx9,4081.501,0.1177,0.0513,2.2929,0.0219,0.6087
Soat1,Soat1,3187.263,-0.052,0.0609,-0.8541,0.3931,0.9341
Soat2,Soat2,1.8204,-0.3284,1.1147,-0.2946,0.7683,
Sobp,Sobp,223.6796,0.0243,0.1165,0.2088,0.8346,0.9906
Socs1,Socs1,157.9191,0.2492,0.1788,1.3935,0.1635,0.8598
Socs2,Socs2,2269.0708,0.0808,0.0854,0.946,0.3442,0.9246
Socs3,Socs3,1923.0287,-0.1332,0.1179,-1.1298,0.2586,0.8966
Socs4,Socs4,204.9678,0.0658,0.1718,0.3831,0.7016,0.9737
Socs5,Socs5,3191.6259,0.0746,0.0552,1.3516,0.1765,0.8631
Socs6,Socs6,793.1099,-0.0174,0.1352,-0.1289,0.8974,0.9927
Socs7,Socs7,1461.9765,-0.0129,0.0554,-0.2321,0.8164,0.989
Sod1,Sod1,4088.4109,0.0346,0.099,0.3497,0.7266,0.9796
Sod2,Sod2,3003.9279,0.0504,0.1485,0.3397,0.7341,0.9803
Sod3,Sod3,6810.1006,-0.065,0.1015,-0.6399,0.5222,0.9556
Soga1,Soga1,4054.6036,-0.0368,0.0841,-0.4373,0.6619,0.9702
Soga3,Soga3,49.2851,-0.247,0.2879,-0.858,0.3909,0.9331
Sohlh2,Sohlh2,69.9419,-0.1067,0.2009,-0.531,0.5954,0.964
Son,Son,7620.3797,0.0972,0.0889,1.0927,0.2745,0.9053
Sorbs1,Sorbs1,2609.5166,0.0416,0.0682,0.6104,0.5416,0.9571
Sorbs2,Sorbs2,3170.9415,0.0483,0.1275,0.3784,0.7051,0.9744
Sorbs2os,Sorbs2os,6.2297,0.996,0.6131,1.6246,0.1042,
Sorbs3,Sorbs3,2905.5997,0.0975,0.0603,1.617,0.1059,0.8
Sorcs1,Sorcs1,90.8363,0.2227,0.2167,1.028,0.3039,0.9164
Sorcs2,Sorcs2,3446.1827,-0.0814,0.0806,-1.0106,0.3122,0.9173
Sord,Sord,2017.5035,0.1255,0.1368,0.9175,0.3589,0.9295
Sorl1,Sorl1,2.5961,-0.6324,0.9737,-0.6495,0.516,
Sort1,Sort1,477.0584,-0.1256,0.1487,-0.8443,0.3985,0.9353
Sos1,Sos1,1044.6295,0.0408,0.165,0.2473,0.8047,0.9874
Sos2,Sos2,918.6214,0.0985,0.1175,0.838,0.4021,0.9365
Sost,Sost,2.283,1.3633,1.1113,1.2268,0.2199,
Sowaha,Sowaha,0.8638,3.366,1.7171,1.9603,0.05,
Sowahc,Sowahc,296.5354,0.1136,0.1597,0.7114,0.4768,0.949
Sox11,Sox11,3199.1472,-0.1271,0.1649,-0.7704,0.4411,0.9455
Sox12,Sox12,264.7001,0.1319,0.1641,0.8038,0.4215,0.941
Sox13,Sox13,75.5111,-0.2144,0.213,-1.0067,0.3141,0.9173
Sox15,Sox15,0.5705,-1.1246,1.984,-0.5668,0.5708,
Sox18,Sox18,11.9245,-0.2681,0.4456,-0.6016,0.5474,
Sox2,Sox2,0.7681,1.0858,1.6937,0.6411,0.5215,
Sox30,Sox30,0.6767,-2.7553,1.8001,-1.5307,0.1259,
Sox4,Sox4,1588.1234,-0.0819,0.1165,-0.7029,0.4821,0.9512
Sox5,Sox5,79.0627,0.1913,0.2358,0.8111,0.4173,0.94
Sox6,Sox6,3.6576,0.1827,0.7455,0.2451,0.8064,
Sox8,Sox8,1017.154,0.0201,0.1139,0.1766,0.8598,0.9906
Sox9,Sox9,1205.4027,-0.2188,0.1776,-1.2317,0.2181,0.8877
Sp1,Sp1,4079.4599,0.0896,0.1416,0.6325,0.5271,0.9565
Sp100,Sp100,100.7788,-0.012,0.1873,-0.0641,0.9489,0.9974
Sp140,Sp140,7.669,0.3766,0.6079,0.6195,0.5356,
Sp2,Sp2,568.9632,-0.0921,0.1212,-0.7594,0.4476,0.9455
Sp3,Sp3,1771.3661,-0.0097,0.1948,-0.0499,0.9602,0.9974
Sp3os,Sp3os,51.2365,-0.1639,0.2049,-0.8,0.4237,0.9419
Sp4,Sp4,186.4127,-0.0514,0.2141,-0.2403,0.8101,0.9885
Sp6,Sp6,256.5564,0.1155,0.116,0.9953,0.3196,0.9186
Sp7,Sp7,7.4105,0.2814,0.5176,0.5436,0.5867,
Sp8,Sp8,24.3939,-0.2823,0.3078,-0.9171,0.3591,0.9295
Sp9,Sp9,3.1817,0.3206,0.903,0.355,0.7226,
Spa17,Spa17,17.2219,-0.0962,0.3545,-0.2713,0.7861,
Spaca4,Spaca4,0.9543,-2.1524,1.7369,-1.2392,0.2153,
Spaca5,Spaca5,0.6696,1.9662,1.7271,1.1384,0.2549,
Spaca6,Spaca6,82.0809,0.5725,0.212,2.7,0.0069,0.4351
Spag1,Spag1,157.9014,0.1039,0.1359,0.7645,0.4446,0.9455
Spag16,Spag16,1.1471,1.8266,1.7998,1.0149,0.3101,
Spag17,Spag17,5.3805,0.5765,0.6018,0.958,0.3381,
Spag4,Spag4,35.9653,0.0428,0.2369,0.1806,0.8567,0.9906
Spag5,Spag5,1497.8022,-0.2033,0.1471,-1.3818,0.167,0.8612
Spag6l,Spag6l,9.9227,0.093,0.4557,0.2041,0.8383,
Spag7,Spag7,1680.602,-0.0782,0.0655,-1.1941,0.2324,0.8923
Spag8,Spag8,4.648,0.5919,0.7274,0.8137,0.4158,
Spag9,Spag9,5150.856,0.0595,0.1577,0.3772,0.7061,0.9744
Sparc,Sparc,200226.0751,-0.0153,0.0706,-0.2159,0.829,0.9906
Sparcl1,Sparcl1,30.9653,0.0807,0.377,0.214,0.8305,0.9906
Spast,Spast,1658.8739,0.0328,0.081,0.4058,0.6849,0.9717
Spata1,Spata1,39.8197,0.0598,0.2533,0.2362,0.8133,0.9888
Spata13,Spata13,637.183,-0.2396,0.1976,-1.2123,0.2254,0.8895
Spata17,Spata17,1.7307,0.6331,1.028,0.6159,0.538,
Spata18,Spata18,1.2559,-0.8508,1.4083,-0.6041,0.5458,
Spata2,Spata2,1168.4938,0.0506,0.0653,0.7758,0.4379,0.9455
Spata20,Spata20,5.3703,-0.0393,0.6415,-0.0613,0.9511,
Spata21,Spata21,0.3923,-0.946,2.4469,-0.3866,0.6991,
Spata22,Spata22,0.7678,1.2686,1.7017,0.7455,0.456,
Spata24,Spata24,155.7928,0.1469,0.1298,1.1315,0.2578,0.8963
Spata25,Spata25,1.6238,0.3474,1.1539,0.301,0.7634,
Spata2l,Spata2l,60.4437,0.1776,0.2175,0.8165,0.4142,0.94
Spata33,Spata33,16.5059,-0.4287,0.3901,-1.0991,0.2717,
Spata4,Spata4,0.8804,-1.4895,1.9105,-0.7797,0.4356,
Spata45,Spata45,1.5433,-1.2023,1.2392,-0.9702,0.3319,
Spata5,Spata5,926.6735,-0.1544,0.0993,-1.5542,0.1201,0.8127
Spata5l1,Spata5l1,124.1898,0.0909,0.1587,0.5727,0.5669,0.9592
Spata6,Spata6,1177.5729,0.0041,0.0717,0.0577,0.954,0.9974
Spata7,Spata7,342.5559,0.2234,0.0822,2.719,0.0065,0.4266
Spata9,Spata9,15.7551,-0.1353,0.3843,-0.3521,0.7248,
Spatc1,Spatc1,1.2559,2.2767,1.3803,1.6494,0.0991,
Spats1,Spats1,2.2026,0.3844,0.9631,0.3991,0.6898,
Spats2,Spats2,2305.5817,0.0018,0.0643,0.0272,0.9783,0.9976
Spats2l,Spats2l,1731.742,0.3595,0.2496,1.4403,0.1498,0.8444
Spc24,Spc24,696.1705,-0.1896,0.1853,-1.023,0.3063,0.9169
Spc25,Spc25,1294.6238,-0.0953,0.1604,-0.594,0.5525,0.9571
Spcs1,Spcs1,5994.9518,-0.0451,0.0686,-0.6578,0.5107,0.9529
Spcs2,Spcs2,3611.1258,-0.1394,0.0947,-1.4713,0.1412,0.8389
Spcs3,Spcs3,4804.8148,-0.0144,0.0871,-0.1653,0.8687,0.9906
Spdef,Spdef,2.2317,-1.8465,1.0499,-1.7588,0.0786,
Spdl1,Spdl1,333.9521,-0.0752,0.2241,-0.3356,0.7371,0.9815
Spdya,Spdya,6.9163,0.2847,0.5449,0.5225,0.6013,
Spdye4b,Spdye4b,0.2938,-0.4606,2.6291,-0.1752,0.8609,
Specc1,Specc1,2648.343,-0.1145,0.0967,-1.1845,0.2362,0.8923
Specc1l,Specc1l,4878.4838,0.0804,0.0512,1.5688,0.1167,0.8127
Speer3,Speer3,0.5785,-0.2349,1.9726,-0.1191,0.9052,
Speer4a,Speer4a,0.5805,1.8114,2.2602,0.8014,0.4229,
Speer4e,Speer4e,1.1648,-0.5498,1.4204,-0.3871,0.6987,
Spef1,Spef1,414.6495,-0.1721,0.1258,-1.3681,0.1713,0.8614
Speg,Speg,2046.2085,0.0258,0.051,0.505,0.6136,0.966
Spem1,Spem1,1.9018,0.5299,1.1051,0.4795,0.6316,
Spen,Spen,1909.6254,0.0107,0.104,0.1031,0.9178,0.9955
Spg11,Spg11,1024.1042,0.1818,0.0906,2.0067,0.0448,0.7227
Spg20,Spg20,4051.8217,0.0619,0.0664,0.9316,0.3516,0.9271
Spg21,Spg21,3812.8785,-0.1123,0.0561,-2.0009,0.0454,0.7227
Spg7,Spg7,2245.3711,-0.0021,0.0535,-0.0386,0.9692,0.9974
Sphk1,Sphk1,1187.7183,-0.0343,0.1014,-0.3385,0.7349,0.9804
Sphk2,Sphk2,902.1666,-0.0211,0.076,-0.2777,0.7812,0.985
Spi1,Spi1,1.1682,-2.7247,1.512,-1.802,0.0715,
Spib,Spib,0.9742,-1.6091,1.6627,-0.9678,0.3331,
Spice1,Spice1,632.8047,0.171,0.0946,1.8074,0.0707,0.7617
Spidr,Spidr,778.2945,-0.233,0.1976,-1.179,0.2384,0.8923
Spin1,Spin1,3976.2496,-0.0449,0.0583,-0.7711,0.4406,0.9455
Spin2c,Spin2c,13.2681,-0.0129,0.4088,-0.0316,0.9748,
Spin4,Spin4,107.3579,0.021,0.2437,0.0861,0.9314,0.9957
Spink10,Spink10,1.726,-0.1016,1.3013,-0.0781,0.9378,
Spink2,Spink2,0.6722,1.9981,2.1854,0.9143,0.3606,
Spink4,Spink4,3.8593,0.163,0.8697,0.1874,0.8513,
Spink5,Spink5,1.0618,1.0542,1.4064,0.7495,0.4535,
Spink8,Spink8,0.9652,-0.5546,1.3837,-0.4008,0.6885,
Spint1,Spint1,267.5633,0.0857,0.1323,0.6475,0.5173,0.9548
Spint2,Spint2,3.4708,-0.4862,1.0357,-0.4695,0.6387,
Spire1,Spire1,3035.0905,0.0424,0.0801,0.5291,0.5967,0.964
Spire2,Spire2,178.1763,-0.2781,0.1574,-1.7667,0.0773,0.7682
Spn,Spn,745.4201,-0.1042,0.0766,-1.3605,0.1737,0.8614
Spns1,Spns1,918.1891,-0.1174,0.0716,-1.6395,0.1011,0.7908
Spns2,Spns2,28.3932,-0.3554,0.2958,-1.2013,0.2296,0.8914
Spns3,Spns3,0.4823,-2.2296,1.9591,-1.1381,0.2551,
Spock1,Spock1,38.178,0.411,0.3614,1.1372,0.2554,0.8935
Spock2,Spock2,2511.3819,0.0884,0.0737,1.1993,0.2304,0.8923
Spon1,Spon1,7.6189,0.5012,0.5221,0.96,0.337,
Spon2,Spon2,3733.5167,0.099,0.1011,0.9791,0.3275,0.9197
Spop,Spop,5042.428,0.0902,0.0585,1.5417,0.1231,0.8143
Spopl,Spopl,446.8746,0.0292,0.1318,0.2219,0.8244,0.9896
Spp1,Spp1,54544.7695,0.1324,0.1008,1.3131,0.1891,0.874
Sppl2a,Sppl2a,3237.2297,0.0261,0.1384,0.1887,0.8503,0.9906
Sppl2b,Sppl2b,940.6751,-0.0485,0.0669,-0.725,0.4684,0.9483
Sppl3,Sppl3,2790.8738,0.0173,0.0494,0.3504,0.7261,0.9796
Spr,Spr,670.6631,-0.0352,0.1072,-0.328,0.7429,0.983
Spred1,Spred1,2437.2413,0.0731,0.1326,0.5512,0.5815,0.9637
Spred2,Spred2,1395.2744,-0.02,0.0774,-0.2579,0.7965,0.9871
Spred3,Spred3,223.5472,-0.0334,0.1039,-0.3214,0.7479,0.9842
Sprn,Sprn,1.0431,-0.2573,1.8355,-0.1402,0.8885,
Sprr1a,Sprr1a,85.9755,-0.7175,0.2093,-3.4274,0.0006,0.218
Sprr2e,Sprr2e,0.8661,-1.0731,1.6627,-0.6454,0.5187,
Sprr2g,Sprr2g,4.0714,-1.0149,0.7301,-1.39,0.1645,
Sprr2k,Sprr2k,7.2143,-1.4235,0.7202,-1.9766,0.0481,
Sprr3,Sprr3,1.7373,-2.0327,1.5856,-1.2819,0.1999,
Sprtn,Sprtn,666.3533,0.0445,0.0897,0.496,0.6199,0.966
Spry1,Spry1,780.7886,-0.0486,0.1453,-0.3342,0.7382,0.9817
Spry2,Spry2,3281.7062,-0.0209,0.0994,-0.2098,0.8338,0.9906
Spry4,Spry4,205.5557,0.0043,0.1299,0.0331,0.9736,0.9974
Spryd3,Spryd3,2372.3945,-0.0197,0.056,-0.3519,0.7249,0.9796
Spryd4,Spryd4,560.3651,-0.0325,0.1252,-0.2599,0.7949,0.9871
Spryd7,Spryd7,529.4324,0.0485,0.0876,0.5544,0.5793,0.963
Spsb1,Spsb1,1719.0081,-0.2627,0.1439,-1.825,0.068,0.7617
Spsb2,Spsb2,707.3918,-0.0886,0.096,-0.923,0.356,0.9295
Spsb3,Spsb3,827.7339,-0.0406,0.088,-0.462,0.6441,0.9684
Spsb4,Spsb4,47.175,-0.1023,0.3254,-0.3144,0.7532,0.9849
Spta1,Spta1,20.5235,-0.7904,0.3636,-2.1738,0.0297,0.6431
Sptan1,Sptan1,15905.5499,-0.0474,0.0451,-1.0515,0.293,0.91
Sptb,Sptb,41.3496,-0.0862,0.2175,-0.3965,0.6917,0.9731
Sptbn1,Sptbn1,16049.3087,0.0084,0.0769,0.1097,0.9126,0.9943
Sptbn2,Sptbn2,105.3262,-0.2699,0.1666,-1.6196,0.1053,0.8
Sptbn4,Sptbn4,12.8198,0.0324,0.383,0.0846,0.9326,
Sptlc1,Sptlc1,1897.3866,-0.119,0.0579,-2.0545,0.0399,0.7094
Sptlc2,Sptlc2,2974.9156,0.0061,0.0806,0.0754,0.9399,0.9971
Sptssa,Sptssa,2612.6572,0.1273,0.1122,1.1353,0.2562,0.8935
Spty2d1,Spty2d1,1566.5829,0.0662,0.1057,0.6265,0.531,0.957
Spx,Spx,12.6412,0.1257,0.438,0.2871,0.774,
Sqle,Sqle,5778.4215,-0.0738,0.0698,-1.0578,0.2901,0.9079
Sqrdl,Sqrdl,1032.0128,0.0614,0.0978,0.6273,0.5305,0.9568
Sqstm1,Sqstm1,21179.2643,-0.017,0.1217,-0.1394,0.8891,0.992
Sra1,Sra1,1874.6491,-0.0213,0.0598,-0.3558,0.722,0.9788
Srbd1,Srbd1,809.4033,0.0848,0.0706,1.2012,0.2297,0.8914
Src,Src,1917.2497,-0.0327,0.0688,-0.4757,0.6343,0.9681
Srcap,Srcap,2686.7195,0.0024,0.0708,0.0336,0.9732,0.9974
Srcin1,Srcin1,0.3844,2.1809,2.3996,0.9089,0.3634,
Srd5a1,Srd5a1,155.4816,-0.1204,0.222,-0.5423,0.5876,0.964
Srd5a2,Srd5a2,0.4831,0.2636,2.062,0.1278,0.8983,
Srd5a3,Srd5a3,661.9322,-0.0579,0.0828,-0.6991,0.4845,0.9515
Srebf1,Srebf1,3304.3282,-0.0437,0.0708,-0.6174,0.537,0.9571
Srebf2,Srebf2,13044.6255,-0.0622,0.0581,-1.0708,0.2842,0.9074
Srek1,Srek1,936.2758,0.1016,0.1557,0.6522,0.5143,0.9548
Srek1ip1,Srek1ip1,688.4547,-0.0117,0.0854,-0.1369,0.8911,0.992
Srf,Srf,3023.1248,0.0121,0.0722,0.168,0.8666,0.9906
Srfbp1,Srfbp1,1131.2609,0.1067,0.0772,1.3829,0.1667,0.8612
Srgap1,Srgap1,97.4122,0.2275,0.2436,0.9341,0.3502,0.9271
Srgap2,Srgap2,1820.1036,0.0371,0.0796,0.4653,0.6417,0.9684
Srgap3,Srgap3,1962.6997,0.1888,0.1258,1.5013,0.1333,0.826
Srgn,Srgn,65.8664,0.1129,0.2079,0.5432,0.587,0.964
Sri,Sri,2153.1903,0.0398,0.0659,0.6041,0.5458,0.9571
Srl,Srl,9404.443,-0.1352,0.1082,-1.2492,0.2116,0.8875
Srm,Srm,2103.6619,0.0307,0.0691,0.4444,0.6567,0.9698
Srp14,Srp14,3878.7343,-0.0844,0.0717,-1.177,0.2392,0.8923
Srp19,Srp19,1591.3712,-0.0429,0.0597,-0.7189,0.4722,0.949
Srp54a,Srp54a,129.3132,-0.0486,0.2206,-0.2201,0.8258,0.9905
Srp54b,Srp54b,431.3772,0.0194,0.1416,0.137,0.8911,0.992
Srp68,Srp68,4688.9994,-0.0488,0.0515,-0.9484,0.3429,0.9246
Srp72,Srp72,5612.7677,0.0463,0.0518,0.8939,0.3714,0.9295
Srp9,Srp9,2751.9417,-0.0623,0.0629,-0.9904,0.322,0.9197
Srpk1,Srpk1,1486.603,-0.0052,0.0514,-0.102,0.9187,0.9955
Srpk2,Srpk2,2011.8321,0.0746,0.0942,0.7918,0.4285,0.9441
Srpk3,Srpk3,378.1147,-0.102,0.1421,-0.7181,0.4727,0.949
Srpr,Srpr,8635.2044,-0.0049,0.0417,-0.1165,0.9072,0.9939
Srprb,Srprb,3057.0957,-0.0552,0.067,-0.8243,0.4098,0.9377
Srpx,Srpx,7.1362,0.0407,0.6481,0.0627,0.95,
Srpx2,Srpx2,8691.4082,0.1452,0.1124,1.2917,0.1965,0.8806
Srr,Srr,577.7515,0.133,0.127,1.0473,0.295,0.9119
Srrd,Srrd,204.0435,0.1022,0.1381,0.7403,0.4591,0.9483
Srrm1,Srrm1,4524.9945,0.0846,0.0541,1.5621,0.1183,0.8127
Srrm2,Srrm2,9633.3294,0.0222,0.1343,0.1656,0.8684,0.9906
Srrm3,Srrm3,2.8747,1.6774,0.9533,1.7596,0.0785,
Srrm4,Srrm4,3.8339,1.0264,0.7376,1.3914,0.1641,
Srrm4os,Srrm4os,35.5903,-0.1955,0.2935,-0.6662,0.5053,0.9515
Srrt,Srrt,3636.4625,-0.0619,0.0631,-0.9815,0.3263,0.9197
Srsf1,Srsf1,7788.8617,0.0284,0.0733,0.3866,0.6991,0.9736
Srsf10,Srsf10,2818.315,0.12,0.1181,1.0164,0.3095,0.9169
Srsf11,Srsf11,2625.2412,0.1019,0.0682,1.4952,0.1349,0.826
Srsf12,Srsf12,2.8081,-0.5163,0.8736,-0.591,0.5545,
Srsf2,Srsf2,8795.9165,0.0393,0.114,0.3447,0.7303,0.98
Srsf3,Srsf3,9037.5876,0.0076,0.1155,0.0658,0.9475,0.9974
Srsf4,Srsf4,505.6935,0.0046,0.1316,0.0348,0.9722,0.9974
Srsf5,Srsf5,7722.8906,-0.0256,0.1802,-0.1418,0.8873,0.9917
Srsf6,Srsf6,8261.4116,-0.0264,0.1098,-0.2401,0.8103,0.9885
Srsf7,Srsf7,4512.5397,-0.0294,0.0682,-0.4313,0.6662,0.9702
Srsf9,Srsf9,1816.4994,-0.0489,0.0788,-0.62,0.5352,0.9571
Srxn1,Srxn1,1288.3389,-0.0007,0.1226,-0.0057,0.9954,0.9994
Ss18,Ss18,2173.9101,-0.0084,0.0793,-0.1064,0.9152,0.9949
Ss18l1,Ss18l1,249.9389,0.1108,0.1278,0.8673,0.3858,0.9315
Ssb,Ssb,2791.0382,0.192,0.1242,1.5456,0.1222,0.8139
Ssbp1,Ssbp1,1072.4341,-0.03,0.0844,-0.3548,0.7228,0.9788
Ssbp2,Ssbp2,2593.5503,0.1186,0.0848,1.3995,0.1617,0.8576
Ssbp3,Ssbp3,4636.1764,0.0159,0.0569,0.2797,0.7797,0.985
Ssbp4,Ssbp4,1244.1338,-0.1489,0.0614,-2.423,0.0154,0.5683
Ssc4d,Ssc4d,42.3003,-0.337,0.2343,-1.4387,0.1502,0.8447
Ssc5d,Ssc5d,3533.302,-0.0856,0.0813,-1.0522,0.2927,0.9096
Ssfa2,Ssfa2,1179.387,0.0679,0.0887,0.765,0.4443,0.9455
Ssh1,Ssh1,363.4944,-0.0741,0.1162,-0.6375,0.5238,0.9556
Ssh2,Ssh2,779.389,0.0033,0.0745,0.0443,0.9647,0.9974
Ssh3,Ssh3,62.4103,0.1422,0.1975,0.7202,0.4714,0.9489
Ssmem1,Ssmem1,2.7006,-0.1913,0.8455,-0.2263,0.821,
Ssna1,Ssna1,1536.7583,-0.1282,0.0823,-1.5581,0.1192,0.8127
Sspn,Sspn,3031.7868,0.0701,0.0778,0.9009,0.3677,0.9295
Sspo,Sspo,9.5269,0.5522,0.5324,1.0371,0.2997,
Ssr1,Ssr1,12841.3044,0.045,0.0409,1.1013,0.2708,0.9031
Ssr2,Ssr2,5261.3196,-0.0448,0.074,-0.6062,0.5444,0.9571
Ssr3,Ssr3,23477.5209,0.0402,0.0422,0.951,0.3416,0.9246
Ssr4,Ssr4,3164.814,-0.0173,0.0762,-0.2267,0.8206,0.9893
Ssrp1,Ssrp1,7716.3765,-0.0183,0.0672,-0.2728,0.785,0.985
Sssca1,Sssca1,559.1643,0.0899,0.1128,0.7968,0.4255,0.9422
Sstr2,Sstr2,4.3315,-1.1489,0.7766,-1.4794,0.139,
Sstr3,Sstr3,0.8664,3.3654,1.8725,1.7973,0.0723,
Ssu2,Ssu2,6.3004,-0.3795,0.5754,-0.6596,0.5095,
Ssu72,Ssu72,2390.0542,-0.0216,0.0938,-0.2307,0.8175,0.989
Ssx2ip,Ssx2ip,1367.7027,0.0822,0.0611,1.3437,0.179,0.868
St13,St13,10447.1115,-0.0635,0.0409,-1.5528,0.1205,0.8127
St14,St14,1.4427,-0.7222,1.2039,-0.5999,0.5485,
St18,St18,7.225,0.3765,0.5094,0.7391,0.4599,
St3gal1,St3gal1,3076.116,-0.129,0.0861,-1.4979,0.1342,0.826
St3gal2,St3gal2,3862.2776,0.0329,0.0778,0.4235,0.6719,0.9707
St3gal3,St3gal3,1372.2757,-0.1065,0.0797,-1.3372,0.1811,0.8704
St3gal4,St3gal4,2498.9955,0.0231,0.0717,0.322,0.7474,0.9842
St3gal5,St3gal5,4938.9731,0.0163,0.0584,0.2791,0.7802,0.985
St3gal6,St3gal6,21.437,-0.1621,0.3343,-0.4849,0.6278,0.9673
St5,St5,4449.2001,0.0514,0.0429,1.1966,0.2315,0.8923
St6gal1,St6gal1,607.0391,-0.1393,0.1358,-1.0256,0.3051,0.9164
St6galnac2,St6galnac2,35.2322,-0.0001,0.2442,-0.0004,0.9997,0.9999
St6galnac4,St6galnac4,3082.9978,-0.0655,0.0755,-0.8676,0.3856,0.9315
St6galnac5,St6galnac5,0.3836,-0.5409,2.5059,-0.2158,0.8291,
St6galnac6,St6galnac6,2443.603,0.0402,0.0984,0.4091,0.6825,0.9717
St7,St7,438.272,-0.125,0.0807,-1.5484,0.1215,0.8127
St7l,St7l,945.341,-0.0129,0.0806,-0.1598,0.873,0.991
St8sia2,St8sia2,700.2323,0.0244,0.1199,0.2035,0.8387,0.9906
St8sia4,St8sia4,8.2768,0.2521,0.4973,0.5068,0.6123,
St8sia6,St8sia6,0.5792,1.82,1.9123,0.9517,0.3412,
Stab1,Stab1,13.6571,0.1856,0.3827,0.4849,0.6278,
Stab2,Stab2,45.856,0.0421,0.2309,0.1825,0.8552,0.9906
Stac,Stac,35.9046,-0.6088,0.268,-2.2721,0.0231,0.6166
Stac2,Stac2,3438.4627,-0.1599,0.1045,-1.5295,0.1261,0.8155
Stac3,Stac3,1066.3941,-0.2341,0.0964,-2.4284,0.0152,0.5682
Stag1,Stag1,1649.52,0.1321,0.1502,0.879,0.3794,0.9303
Stag2,Stag2,1610.8301,0.1123,0.1705,0.6584,0.5103,0.9528
Stag3,Stag3,1.5348,2.5345,1.3299,1.9058,0.0567,
Stam,Stam,2993.5124,0.0182,0.0821,0.221,0.8251,0.99
Stam2,Stam2,2226.7039,-0.0268,0.0671,-0.3995,0.6896,0.9723
Stambp,Stambp,983.1028,0.0498,0.0609,0.8172,0.4138,0.9399
Stambpl1,Stambpl1,923.3686,-0.0152,0.0623,-0.2433,0.8077,0.9881
Stamos,Stamos,19.5971,-0.2043,0.3098,-0.6596,0.5095,
Stap1,Stap1,0.5713,-1.1272,1.984,-0.5681,0.5699,
Stap2,Stap2,129.2254,-0.0128,0.1466,-0.0871,0.9306,0.9957
Star,Star,150.3877,0.1513,0.1461,1.0359,0.3002,0.9154
Stard10,Stard10,762.7445,-0.0845,0.0929,-0.9094,0.3631,0.9295
Stard13,Stard13,2733.9172,0.0843,0.0733,1.1507,0.2498,0.8923
Stard3,Stard3,838.7215,-0.1349,0.0606,-2.2244,0.0261,0.6337
Stard3nl,Stard3nl,887.0009,-0.0365,0.0624,-0.5847,0.5588,0.9579
Stard4,Stard4,772.5304,-0.0643,0.0868,-0.7405,0.459,0.9483
Stard5,Stard5,601.3258,0.0792,0.1319,0.6008,0.5479,0.9571
Stard6,Stard6,16.3511,0.2026,0.3559,0.5692,0.5692,
Stard7,Stard7,3366.6973,-0.0083,0.0783,-0.1054,0.9161,0.995
Stard8,Stard8,13.203,-0.3474,0.4086,-0.8502,0.3952,
Stat1,Stat1,1576.5944,0.0452,0.1064,0.425,0.6708,0.9702
Stat2,Stat2,1133.4823,0.0804,0.104,0.7736,0.4392,0.9455
Stat3,Stat3,8177.7851,0.0448,0.1044,0.4289,0.668,0.9702
Stat4,Stat4,0.9698,-0.3416,1.5901,-0.2148,0.8299,
Stat5a,Stat5a,1618.5546,0.0966,0.1118,0.8642,0.3875,0.933
Stat5b,Stat5b,1967.4493,0.0206,0.0819,0.2521,0.801,0.9871
Stat6,Stat6,29.5333,-0.2568,0.2842,-0.9035,0.3663,0.9295
Stau1,Stau1,6580.2637,0.0582,0.0684,0.8512,0.3946,0.9341
Stau2,Stau2,634.7939,-0.1144,0.1529,-0.7482,0.4543,0.9475
Stbd1,Stbd1,1814.3983,-0.2752,0.0679,-4.0525,0.0001,0.0463
Stc1,Stc1,53.3373,-0.6546,0.3392,-1.9301,0.0536,0.7358
Stc2,Stc2,204.9721,-0.1655,0.1371,-1.2078,0.2271,0.8906
Steap1,Steap1,687.2767,0.0967,0.121,0.7991,0.4243,0.9422
Steap2,Steap2,2780.5129,0.2424,0.091,2.663,0.0077,0.4412
Steap3,Steap3,2618.1192,0.0378,0.1436,0.2634,0.7923,0.9868
Steap4,Steap4,311.7637,-0.2277,0.2901,-0.7849,0.4325,0.9453
Stil,Stil,398.142,-0.1859,0.231,-0.805,0.4208,0.9407
Stim1,Stim1,966.0054,0.0274,0.0567,0.4833,0.6289,0.9676
Stim2,Stim2,2064.2009,-0.0538,0.132,-0.4078,0.6834,0.9717
Stip1,Stip1,8855.0507,-0.0847,0.0577,-1.468,0.1421,0.8395
Stk10,Stk10,658.9053,-0.0423,0.0807,-0.5239,0.6003,0.966
Stk11,Stk11,3872.1251,-0.0163,0.075,-0.2179,0.8275,0.9906
Stk11ip,Stk11ip,1170.5954,-0.0282,0.0935,-0.302,0.7627,0.9849
Stk16,Stk16,2061.2331,-0.0123,0.0647,-0.1897,0.8496,0.9906
Stk17b,Stk17b,8039.5562,-0.0064,0.1724,-0.0372,0.9703,0.9974
Stk19,Stk19,395.1392,-0.0565,0.0948,-0.5962,0.551,0.9571
Stk24,Stk24,3064.9707,-0.0102,0.0968,-0.1055,0.9159,0.995
Stk25,Stk25,4778.975,-0.0423,0.0639,-0.6613,0.5084,0.9528
Stk3,Stk3,967.9198,0.0327,0.1796,0.1818,0.8557,0.9906
Stk31,Stk31,0.4829,1.4601,2.0207,0.7226,0.47,
Stk32a,Stk32a,31.6563,-0.072,0.3187,-0.2257,0.8214,0.9893
Stk32b,Stk32b,7.2245,0.3471,0.528,0.6573,0.511,
Stk32c,Stk32c,8.2728,-0.3277,0.507,-0.6464,0.518,
Stk33,Stk33,1.8548,0.1556,1.1731,0.1327,0.8945,
Stk35,Stk35,699.8847,0.0311,0.0768,0.4052,0.6853,0.9717
Stk36,Stk36,455.5743,-0.065,0.1056,-0.6152,0.5384,0.9571
Stk38,Stk38,2483.8572,0.0151,0.055,0.274,0.7841,0.985
Stk38l,Stk38l,931.0732,0.0092,0.0601,0.1529,0.8785,0.9914
Stk39,Stk39,542.8277,0.1409,0.0991,1.4214,0.1552,0.8507
Stk4,Stk4,1495.797,-0.0348,0.0606,-0.5748,0.5655,0.9588
Stk40,Stk40,537.0781,-0.045,0.0762,-0.5907,0.5548,0.9571
Stkld1,Stkld1,6.9149,0.1565,0.5409,0.2894,0.7723,
Stmn1,Stmn1,3445.698,-0.173,0.2061,-0.8392,0.4013,0.9365
Stmn2,Stmn2,3010.7441,-0.306,0.1023,-2.9924,0.0028,0.3404
Stmn3,Stmn3,0.5729,0.2029,2.0295,0.1,0.9203,
Stmn4,Stmn4,52.169,-0.5659,0.2499,-2.2641,0.0236,0.6236
Stmnd1,Stmnd1,25.0869,-0.4642,0.3642,-1.2746,0.2025,0.8841
Stom,Stom,8386.4955,-0.1883,0.1026,-1.8348,0.0665,0.7613
Stoml1,Stoml1,1300.8754,0.172,0.1633,1.0537,0.292,0.9088
Stoml2,Stoml2,1797.4532,-0.0199,0.0769,-0.2584,0.7961,0.9871
Ston1,Ston1,1879.2064,0.1775,0.0845,2.1011,0.0356,0.6813
Ston2,Ston2,1318.4578,-0.1056,0.1239,-0.8525,0.3939,0.9341
Stox2,Stox2,8.8587,0.0512,0.5003,0.1024,0.9185,
Stpg1,Stpg1,0.6782,1.1291,1.7047,0.6623,0.5078,
Stra13,Stra13,300.1819,-0.1189,0.0927,-1.2829,0.1995,0.8828
Stra6,Stra6,92.5848,-0.0234,0.229,-0.1023,0.9185,0.9955
Strada,Strada,866.8884,-0.0021,0.094,-0.0229,0.9818,0.9984
Stradb,Stradb,732.8743,-0.1194,0.0777,-1.5362,0.1245,0.815
Strap,Strap,7266.3634,-0.0305,0.0585,-0.5217,0.6019,0.966
Strbp,Strbp,151.1649,0.1095,0.304,0.3603,0.7186,0.9781
Strc,Strc,0.4728,-0.5368,2.3855,-0.225,0.8219,
Strip1,Strip1,3058.1197,0.0102,0.0807,0.1261,0.8996,0.9931
Strip2,Strip2,200.5128,-0.0673,0.221,-0.3045,0.7607,0.9849
Strn,Strn,463.8109,0.0025,0.1314,0.0192,0.9847,0.9991
Strn3,Strn3,3823.0086,0.0131,0.1396,0.0939,0.9252,0.9957
Strn4,Strn4,2564.0866,-0.0375,0.0472,-0.7946,0.4269,0.9429
Stt3a,Stt3a,10725.8182,-0.0009,0.0442,-0.0195,0.9844,0.9991
Stt3b,Stt3b,5259.0678,0.0251,0.0557,0.4504,0.6524,0.9684
Stub1,Stub1,1629.2267,-0.0159,0.0965,-0.1643,0.8695,0.9906
Stx11,Stx11,580.4455,0.0324,0.1067,0.304,0.7611,0.9849
Stx12,Stx12,3681.9601,-0.0364,0.0541,-0.6739,0.5004,0.9515
Stx16,Stx16,1854.7237,0.0271,0.0651,0.4155,0.6778,0.9717
Stx17,Stx17,810.9067,-0.0433,0.1133,-0.3819,0.7025,0.9743
Stx18,Stx18,948.5466,-0.0297,0.0675,-0.4392,0.6605,0.9702
Stx19,Stx19,0.6709,1.9982,2.1864,0.9139,0.3608,
Stx1a,Stx1a,222.0707,0.0603,0.1079,0.5585,0.5765,0.9623
Stx1b,Stx1b,7.2167,-0.1956,0.5143,-0.3803,0.7037,
Stx2,Stx2,1395.4488,-0.043,0.0668,-0.6448,0.5191,0.9553
Stx3,Stx3,387.0673,0.061,0.0911,0.6693,0.5033,0.9515
Stx4a,Stx4a,1873.715,-0.1448,0.0543,-2.668,0.0076,0.4412
Stx5a,Stx5a,1472.0665,0.0233,0.0706,0.3301,0.7413,0.983
Stx6,Stx6,2408.0926,0.0722,0.0921,0.7836,0.4333,0.9453
Stx7,Stx7,2942.7536,-0.0018,0.0444,-0.0406,0.9676,0.9974
Stx8,Stx8,739.2134,-0.1177,0.0843,-1.3956,0.1628,0.8598
Stxbp1,Stxbp1,2296.7202,0.0632,0.0679,0.9299,0.3524,0.9272
Stxbp2,Stxbp2,447.332,-0.1078,0.0918,-1.174,0.2404,0.8923
Stxbp3,Stxbp3,1254.4748,0.0615,0.1183,0.5199,0.6032,0.966
Stxbp3-ps,Stxbp3-ps,0.6839,0.4282,2.2146,0.1934,0.8467,
Stxbp4,Stxbp4,638.4936,0.1335,0.1492,0.8943,0.3711,0.9295
Stxbp5,Stxbp5,696.3088,0.1347,0.1164,1.157,0.2473,0.8923
Stxbp6,Stxbp6,0.5803,-2.5244,2.1457,-1.1765,0.2394,
Styk1,Styk1,10.6973,-0.0682,0.4244,-0.1607,0.8723,
Styx,Styx,170.9589,0.213,0.1668,1.277,0.2016,0.883
Styxl1,Styxl1,2.421,0.9153,0.9208,0.9939,0.3202,
Sub1,Sub1,2658.8292,-0.0013,0.0542,-0.0244,0.9805,0.9982
Sucla2,Sucla2,3618.2304,-0.0278,0.0649,-0.4292,0.6678,0.9702
Suclg1,Suclg1,3246.0345,0.0209,0.0839,0.2486,0.8037,0.9871
Suclg2,Suclg2,1723.3696,0.0951,0.0833,1.1424,0.2533,0.893
Sucnr1,Sucnr1,16.3663,-0.0724,0.3973,-0.1823,0.8553,
Suco,Suco,838.5052,0.0432,0.2131,0.2028,0.8393,0.9906
Suds3,Suds3,3149.4621,-0.0841,0.0611,-1.377,0.1685,0.8614
Sufu,Sufu,1459.1876,0.0651,0.0534,1.2174,0.2235,0.8877
Sugct,Sugct,57.5643,0.3143,0.2227,1.4112,0.1582,0.855
Sugp1,Sugp1,1454.6063,-0.0583,0.0558,-1.0459,0.2956,0.9119
Sugp2,Sugp2,727.0208,-0.0933,0.0777,-1.2005,0.2299,0.8914
Sugt1,Sugt1,2918.3852,-0.0193,0.0512,-0.3762,0.7068,0.9744
Sulf1,Sulf1,5427.4346,-0.1375,0.0941,-1.4608,0.1441,0.8413
Sulf2,Sulf2,7546.4029,0.3254,0.1605,2.028,0.0426,0.7204
Sult1a1,Sult1a1,0.8635,1.5399,1.6276,0.9462,0.3441,
Sult2b1,Sult2b1,13.4067,-0.6484,0.3899,-1.663,0.0963,
Sult5a1,Sult5a1,3.3689,0.4785,0.7893,0.6063,0.5443,
Sult6b1,Sult6b1,6.357,0.091,0.5662,0.1607,0.8723,
Sumf1,Sumf1,2902.835,0.021,0.0766,0.2744,0.7837,0.985
Sumf2,Sumf2,981.587,0.1177,0.1131,1.0404,0.2982,0.9131
Sumo1,Sumo1,3908.9535,0.0972,0.1162,0.8359,0.4032,0.9365
Sumo2,Sumo2,4813.4353,0.0692,0.1269,0.545,0.5857,0.964
Sumo3,Sumo3,4810.0492,-0.0278,0.0813,-0.3419,0.7324,0.9802
Sun1,Sun1,4917.4248,0.0353,0.0785,0.45,0.6527,0.9684
Sun2,Sun2,7357.8489,-0.0016,0.0742,-0.0219,0.9825,0.9986
Suox,Suox,2368.641,-0.1496,0.0977,-1.5315,0.1257,0.815
Supt16,Supt16,2942.0427,0.1029,0.1106,0.9302,0.3522,0.9271
Supt20,Supt20,1063.3723,0.0517,0.0837,0.6176,0.5369,0.9571
Supt3,Supt3,589.1816,-0.0028,0.084,-0.0334,0.9734,0.9974
Supt4a,Supt4a,1607.0917,-0.1172,0.0804,-1.4588,0.1446,0.8418
Supt5,Supt5,5297.5003,-0.0382,0.0472,-0.8091,0.4184,0.94
Supt6,Supt6,6156.0576,0.0836,0.0539,1.5501,0.1211,0.8127
Supt7l,Supt7l,940.9567,0.0766,0.0594,1.29,0.197,0.8806
Supv3l1,Supv3l1,1119.2256,-0.0924,0.0737,-1.2539,0.2099,0.8875
Surf1,Surf1,927.1239,0.088,0.099,0.889,0.374,0.9295
Surf2,Surf2,572.3395,0.1278,0.1091,1.1713,0.2415,0.8923
Surf4,Surf4,15162.8049,-0.0571,0.0362,-1.5765,0.1149,0.8127
Surf6,Surf6,895.2527,0.0324,0.0651,0.4983,0.6183,0.966
Susd1,Susd1,129.8355,-0.4622,0.2549,-1.8132,0.0698,0.7617
Susd2,Susd2,101.032,0.4578,0.217,2.1098,0.0349,0.6753
Susd3,Susd3,2.4159,-2.8982,1.2452,-2.3276,0.0199,
Susd4,Susd4,28.4616,0.0161,0.2988,0.054,0.9569,0.9974
Susd5,Susd5,557.4592,-0.0613,0.094,-0.6528,0.5139,0.9548
Susd6,Susd6,10330.1105,0.0505,0.0813,0.6212,0.5345,0.9571
Suv39h1,Suv39h1,1526.1958,-0.0786,0.0876,-0.8974,0.3695,0.9295
Suv39h2,Suv39h2,203.727,-0.0921,0.1533,-0.6006,0.5481,0.9571
Suv420h1,Suv420h1,1129.8498,0.0041,0.1714,0.024,0.9809,0.9983
Suv420h2,Suv420h2,367.2925,-0.018,0.0984,-0.1828,0.8549,0.9906
Suz12,Suz12,1264.7868,0.0006,0.2027,0.0028,0.9977,0.9996
Sv2a,Sv2a,44.4412,0.1802,0.2682,0.6721,0.5015,0.9515
Sv2b,Sv2b,101.1701,-0.2903,0.1843,-1.5755,0.1151,0.8127
Svep1,Svep1,2022.2101,0.1463,0.1939,0.7547,0.4504,0.9455
Svil,Svil,6037.8456,0.0998,0.0555,1.7966,0.0724,0.766
Svip,Svip,21.7939,-0.4123,0.3147,-1.31,0.1902,0.874
Svop,Svop,0.4727,1.2033,2.4331,0.4945,0.6209,
Swap70,Swap70,1711.4959,0.1999,0.132,1.5148,0.1298,0.8232
Swi5,Swi5,5182.7739,-0.16,0.0473,-3.3796,0.0007,0.2269
Swsap1,Swsap1,240.1376,0.025,0.1231,0.2029,0.8392,0.9906
Swt1,Swt1,217.285,0.1305,0.1394,0.9367,0.3489,0.9265
Syap1,Syap1,2424.4995,0.0258,0.1327,0.1945,0.8458,0.9906
Sybu,Sybu,13.5928,0.7976,0.3987,2.0005,0.0455,
Syce2,Syce2,26.3827,-0.2549,0.2809,-0.9075,0.3641,0.9295
Sycp1,Sycp1,19.3947,0.2046,0.4092,0.5001,0.617,
Sycp3,Sycp3,19.224,0.6614,0.486,1.3608,0.1736,
Syde1,Syde1,2251.964,-0.0138,0.058,-0.2374,0.8124,0.9886
Syde2,Syde2,115.6873,-0.0585,0.1565,-0.3737,0.7086,0.9746
Syf2,Syf2,1895.9037,-0.047,0.0886,-0.5308,0.5955,0.964
Syk,Syk,526.2917,-0.1966,0.1276,-1.5411,0.1233,0.8143
Sympk,Sympk,2745.5831,-0.112,0.0659,-1.6999,0.0892,0.7829
Syn1,Syn1,388.0234,-0.2389,0.1391,-1.717,0.086,0.7807
Syn2,Syn2,43.6007,-0.1537,0.2148,-0.7157,0.4742,0.949
Syn3,Syn3,42.6748,0.0096,0.2239,0.0429,0.9658,0.9974
Syna,Syna,8.0133,-0.1253,0.4906,-0.2554,0.7984,
Sync,Sync,1936.1518,-0.0495,0.0899,-0.5509,0.5817,0.9637
Syncrip,Syncrip,5845.7613,0.0286,0.1072,0.2664,0.7899,0.9865
Syne1,Syne1,1539.1288,0.0566,0.1083,0.522,0.6017,0.966
Syne2,Syne2,679.3574,-0.1348,0.2308,-0.5842,0.5591,0.9579
Syne3,Syne3,1178.4267,0.134,0.1152,1.1635,0.2446,0.8923
Syne4,Syne4,2.4139,1.2346,0.9482,1.302,0.1929,
Syngap1,Syngap1,434.118,-0.0529,0.1218,-0.4345,0.664,0.9702
Syngr1,Syngr1,104.0409,-0.4314,0.1744,-2.4732,0.0134,0.5435
Syngr2,Syngr2,2551.6047,-0.0215,0.083,-0.2593,0.7954,0.9871
Syngr3,Syngr3,23.3842,0.3023,0.3391,0.8915,0.3727,0.9295
Syngr4,Syngr4,3.2856,-0.0066,0.7713,-0.0085,0.9932,
Synj1,Synj1,773.8437,0.0144,0.1264,0.1137,0.9094,0.9941
Synj2,Synj2,3831.8258,0.0021,0.0674,0.0304,0.9757,0.9975
Synj2bp,Synj2bp,1228.6615,0.1163,0.1086,1.0715,0.284,0.9074
Synj2bp-cox16,Synj2bp-cox16,6.0243,0.9377,3.2564,0.288,0.7734,
Synm,Synm,110.2698,0.2995,0.1973,1.5176,0.1291,0.8225
Synpo,Synpo,3782.7742,-0.0663,0.1143,-0.5802,0.5618,0.9579
Synpo2,Synpo2,3424.679,-0.0513,0.0864,-0.594,0.5525,0.9571
Synpo2l,Synpo2l,7369.8319,-0.1721,0.1282,-1.3422,0.1795,0.8693
Synpr,Synpr,19.7872,-0.2781,0.3339,-0.833,0.4048,
Synrg,Synrg,1329.794,0.0151,0.0803,0.1875,0.8513,0.9906
Syp,Syp,11.4008,-0.0629,0.499,-0.126,0.8997,
Sypl,Sypl,4916.5423,-0.0276,0.1025,-0.2695,0.7876,0.9865
Sypl2,Sypl2,32.8453,-0.3009,0.3191,-0.9429,0.3457,0.9253
Sys1,Sys1,736.2255,-0.0348,0.0729,-0.4768,0.6335,0.9681
Syt1,Syt1,2.1233,-0.266,1.1975,-0.2221,0.8242,
Syt11,Syt11,455.4147,0.1301,0.0783,1.6625,0.0964,0.7886
Syt12,Syt12,466.6076,0.0021,0.1817,0.0117,0.9907,0.9993
Syt13,Syt13,3489.6513,-0.002,0.0728,-0.0281,0.9776,0.9976
Syt15,Syt15,1.3549,-1.5148,1.2816,-1.182,0.2372,
Syt16,Syt16,1.0432,1.7786,1.6779,1.06,0.2891,
Syt17,Syt17,591.6915,0.0815,0.0757,1.0772,0.2814,0.9074
Syt3,Syt3,1.6324,-0.9476,1.1332,-0.8363,0.403,
Syt5,Syt5,4.0414,-1.7092,0.7802,-2.1908,0.0285,
Syt6,Syt6,20.5422,0.0936,0.3856,0.2426,0.8083,0.9881
Syt7,Syt7,35.0429,-0.5068,0.2412,-2.1009,0.0357,0.6813
Syt8,Syt8,206.3221,-0.1456,0.1982,-0.7349,0.4624,0.9483
Sytl1,Sytl1,142.6977,-0.1705,0.1387,-1.2289,0.2191,0.8877
Sytl2,Sytl2,3238.6503,0.0131,0.0644,0.2043,0.8382,0.9906
Sytl3,Sytl3,2.9031,-0.3252,1.018,-0.3194,0.7494,
Sytl4,Sytl4,4.0536,-0.3616,0.7453,-0.4852,0.6275,
Sytl5,Sytl5,352.8403,0.1414,0.188,0.7522,0.452,0.946
Syvn1,Syvn1,2085.9524,0.007,0.0635,0.1101,0.9123,0.9943
Szrd1,Szrd1,5598.2545,-0.0679,0.0597,-1.138,0.2551,0.8935
Szt2,Szt2,1189.4195,0.041,0.0748,0.5477,0.5839,0.964
T2,T2,1.1394,2.8447,1.7305,1.6438,0.1002,
Tab1,Tab1,1346.9169,0.0442,0.0726,0.6096,0.5421,0.9571
Tab2,Tab2,3310.0965,-0.0392,0.1156,-0.3389,0.7347,0.9803
Tab3,Tab3,272.6432,-0.0374,0.2296,-0.163,0.8705,0.9906
Tac4,Tac4,5.9598,-0.9994,0.9796,-1.0202,0.3076,
Tacc1,Tacc1,4441.5651,0.1187,0.0613,1.9374,0.0527,0.7299
Tacc2,Tacc2,1465.4819,-0.0642,0.0625,-1.0272,0.3043,0.9164
Tacc3,Tacc3,2262.1931,-0.1911,0.122,-1.5669,0.1171,0.8127
Taco1,Taco1,607.5054,-0.001,0.0807,-0.0126,0.99,0.9993
Tacr2,Tacr2,3.0794,0.4717,0.8609,0.5479,0.5838,
Tacstd2,Tacstd2,14.0956,-0.2676,0.4062,-0.6587,0.5101,
Tada1,Tada1,1080.7542,-0.0906,0.08,-1.1326,0.2574,0.8953
Tada2a,Tada2a,791.3806,0.0015,0.0716,0.0211,0.9832,0.9989
Tada2b,Tada2b,906.6066,-0.0641,0.075,-0.8537,0.3933,0.9341
Tada3,Tada3,1167.7082,-0.1274,0.0675,-1.8868,0.0592,0.749
Taf1,Taf1,1693.9343,0.0597,0.1534,0.3891,0.6972,0.9736
Taf10,Taf10,1143.8163,-0.0201,0.0727,-0.2759,0.7826,0.985
Taf11,Taf11,1206.8232,-0.0451,0.0758,-0.5947,0.552,0.9571
Taf12,Taf12,1044.847,-0.0617,0.0667,-0.9246,0.3552,0.9294
Taf13,Taf13,1016.2076,-0.0331,0.0843,-0.3928,0.6945,0.9731
Taf15,Taf15,1843.6445,-0.1055,0.1179,-0.8945,0.3711,0.9295
Taf1a,Taf1a,353.5833,0.0791,0.1181,0.6699,0.5029,0.9515
Taf1b,Taf1b,796.654,0.0346,0.064,0.5401,0.5891,0.964
Taf1c,Taf1c,265.382,-0.1234,0.1042,-1.1846,0.2362,0.8923
Taf1d,Taf1d,583.9481,0.1009,0.1311,0.769,0.4419,0.9455
Taf2,Taf2,2817.2245,0.0596,0.0737,0.8095,0.4182,0.94
Taf3,Taf3,437.9658,0.1038,0.1012,1.0256,0.3051,0.9164
Taf4a,Taf4a,691.2851,-0.0003,0.0658,-0.004,0.9968,0.9995
Taf4b,Taf4b,113.1959,-0.0025,0.1732,-0.0146,0.9883,0.9993
Taf5,Taf5,266.4685,-0.0013,0.1205,-0.0112,0.9911,0.9993
Taf5l,Taf5l,731.435,-0.0919,0.0978,-0.94,0.3472,0.9261
Taf6,Taf6,1896.6212,-0.0028,0.0566,-0.0494,0.9606,0.9974
Taf6l,Taf6l,174.9946,-0.0043,0.127,-0.0335,0.9732,0.9974
Taf7,Taf7,169.8212,0.2342,0.1802,1.3,0.1936,0.8776
Taf7l,Taf7l,9.0427,0.1296,0.5023,0.2581,0.7963,
Taf8,Taf8,709.3747,0.0043,0.1053,0.0411,0.9672,0.9974
Taf9,Taf9,1898.266,0.1462,0.2197,0.6655,0.5057,0.9515
Taf9b,Taf9b,161.2748,0.0469,0.1617,0.2901,0.7718,0.985
Tagap,Tagap,106.1656,0.0429,0.1812,0.2368,0.8128,0.9886
Tagap1,Tagap1,544.6712,0.094,0.1373,0.685,0.4933,0.9515
Tagln,Tagln,13525.2868,0.0041,0.1526,0.0267,0.9787,0.9979
Tagln2,Tagln2,9646.7928,-0.1776,0.0746,-2.3795,0.0173,0.582
Tagln3,Tagln3,3.0703,0.0517,0.8108,0.0638,0.9491,
Tal2,Tal2,17.7708,-0.4727,0.4046,-1.1685,0.2426,
Taldo1,Taldo1,3792.5516,-0.1061,0.0563,-1.884,0.0596,0.749
Tamm41,Tamm41,439.1046,0.001,0.0838,0.0125,0.99,0.9993
Tanc1,Tanc1,4002.7085,0.0442,0.0596,0.7408,0.4588,0.9483
Tanc2,Tanc2,2557.9062,-0.0103,0.1413,-0.0732,0.9416,0.9971
Tango2,Tango2,599.2638,-0.0472,0.0858,-0.5502,0.5822,0.9637
Tango6,Tango6,340.3689,0.0013,0.1034,0.0124,0.9901,0.9993
Tank,Tank,1456.0412,0.0798,0.0838,0.9522,0.341,0.9246
Taok1,Taok1,2539.47,0.0947,0.2188,0.4327,0.6652,0.9702
Taok2,Taok2,2199.2158,0.0344,0.0599,0.5738,0.5661,0.9592
Taok3,Taok3,1083.4244,0.0376,0.0703,0.5352,0.5925,0.964
Tap1,Tap1,172.5802,0.0454,0.1778,0.2555,0.7983,0.9871
Tap2,Tap2,1349.2105,0.1675,0.1117,1.4996,0.1337,0.826
Tapbp,Tapbp,7086.4886,0.001,0.0654,0.0157,0.9875,0.9992
Tapbpl,Tapbpl,262.9476,-0.0751,0.1052,-0.7137,0.4754,0.949
Tapt1,Tapt1,1848.5081,0.049,0.0582,0.8424,0.3996,0.9354
Tarbp2,Tarbp2,913.4047,-0.0765,0.1016,-0.7526,0.4517,0.946
Tardbp,Tardbp,6655.3189,-0.0076,0.0745,-0.1026,0.9183,0.9955
Tars,Tars,6896.906,0.0619,0.0625,0.9902,0.3221,0.9197
Tars2,Tars2,1014.5895,0.0838,0.084,0.9979,0.3183,0.9176
Tarsl2,Tarsl2,504.66,0.0234,0.125,0.1874,0.8513,0.9906
Tas1r1,Tas1r1,263.046,-0.2552,0.2028,-1.2581,0.2084,0.8875
Tas1r2,Tas1r2,57.8792,-0.6181,0.2469,-2.5036,0.0123,0.5308
Tas1r3,Tas1r3,19.5977,-0.2055,0.3186,-0.645,0.519,
Tas2r135,Tas2r135,0.2929,-0.4548,2.631,-0.1729,0.8628,
Tasp1,Tasp1,447.8392,0.0552,0.0886,0.623,0.5333,0.9571
Tat,Tat,0.391,-0.9537,2.0888,-0.4566,0.648,
Tatdn1,Tatdn1,623.3722,0.0703,0.0747,0.9413,0.3466,0.9253
Tatdn2,Tatdn2,1420.5807,0.0184,0.0738,0.249,0.8034,0.9871
Tatdn3,Tatdn3,250.8553,0.3648,0.1179,3.094,0.002,0.309
Tax1bp1,Tax1bp1,3798.1992,0.1241,0.1445,0.8586,0.3905,0.9331
Tax1bp3,Tax1bp3,2106.3784,-0.0654,0.1229,-0.5326,0.5943,0.964
Taz,Taz,1099.4085,0.0123,0.0686,0.1786,0.8582,0.9906
Tbata,Tbata,3.7446,0.1501,0.7355,0.2041,0.8383,
Tbc1d1,Tbc1d1,4409.7474,-0.0239,0.0794,-0.3015,0.763,0.9849
Tbc1d10a,Tbc1d10a,840.5814,-0.1511,0.0734,-2.0587,0.0395,0.7049
Tbc1d10b,Tbc1d10b,2510.1398,-0.106,0.0462,-2.2953,0.0217,0.6087
Tbc1d10c,Tbc1d10c,11.0101,-0.2656,0.5034,-0.5276,0.5978,
Tbc1d12,Tbc1d12,323.0233,0.1772,0.1413,1.2543,0.2097,0.8875
Tbc1d13,Tbc1d13,1155.4356,0.0072,0.0973,0.0739,0.9411,0.9971
Tbc1d14,Tbc1d14,1421.103,0.024,0.0654,0.3674,0.7133,0.9766
Tbc1d15,Tbc1d15,2662.9437,-0.0155,0.1022,-0.1516,0.8795,0.9914
Tbc1d16,Tbc1d16,917.66,0.0757,0.0808,0.9365,0.349,0.9265
Tbc1d17,Tbc1d17,1262.9983,-0.0524,0.1182,-0.4437,0.6572,0.97
Tbc1d19,Tbc1d19,951.5499,0.013,0.0773,0.1681,0.8665,0.9906
Tbc1d2,Tbc1d2,125.5679,0.4144,0.2,2.0723,0.0382,0.6923
Tbc1d20,Tbc1d20,2342.5183,0.0137,0.0603,0.2281,0.8196,0.9893
Tbc1d21,Tbc1d21,1.3365,1.5991,1.3713,1.1661,0.2436,
Tbc1d22a,Tbc1d22a,1567.8639,-0.0552,0.0595,-0.9286,0.3531,0.9275
Tbc1d22b,Tbc1d22b,693.7335,0.0389,0.0784,0.4963,0.6197,0.966
Tbc1d22bos,Tbc1d22bos,0.4727,1.2033,2.4331,0.4945,0.6209,
Tbc1d23,Tbc1d23,2047.0686,0.123,0.1053,1.1687,0.2425,0.8923
Tbc1d24,Tbc1d24,1022.0963,0.0495,0.0779,0.6363,0.5246,0.956
Tbc1d25,Tbc1d25,594.9926,0.0167,0.0781,0.214,0.8305,0.9906
Tbc1d2b,Tbc1d2b,2540.1101,0.2177,0.0995,2.1883,0.0287,0.6409
Tbc1d30,Tbc1d30,0.5784,-0.5363,2.3262,-0.2305,0.8177,
Tbc1d31,Tbc1d31,984.0126,0.033,0.0747,0.4424,0.6582,0.97
Tbc1d32,Tbc1d32,259.5353,0.1745,0.1892,0.9222,0.3564,0.9295
Tbc1d4,Tbc1d4,188.8961,0.0123,0.1289,0.0954,0.924,0.9957
Tbc1d5,Tbc1d5,1519.3501,0.0756,0.0778,0.9713,0.3314,0.9201
Tbc1d7,Tbc1d7,646.5286,-0.0276,0.0697,-0.3961,0.692,0.9731
Tbc1d8,Tbc1d8,423.4273,-0.0127,0.1408,-0.0903,0.9281,0.9957
Tbc1d8b,Tbc1d8b,919.5987,0.0594,0.1919,0.3094,0.7571,0.9849
Tbc1d9,Tbc1d9,354.7312,0.0077,0.0878,0.0877,0.9301,0.9957
Tbc1d9b,Tbc1d9b,3972.8415,0.0224,0.0715,0.3134,0.754,0.9849
Tbca,Tbca,2537.9716,-0.071,0.0462,-1.5373,0.1242,0.815
Tbcb,Tbcb,1456.0299,-0.0793,0.0827,-0.9587,0.3377,0.9222
Tbcc,Tbcc,764.3695,-0.0417,0.0773,-0.5393,0.5897,0.964
Tbccd1,Tbccd1,815.0742,0.0133,0.0923,0.1436,0.8858,0.9917
Tbcd,Tbcd,3536.0704,-0.1059,0.0768,-1.3787,0.168,0.8614
Tbce,Tbce,832.4014,0.1868,0.082,2.2782,0.0227,0.6144
Tbcel,Tbcel,1177.1086,0.0677,0.0625,1.0829,0.2788,0.9074
Tbck,Tbck,694.3073,-0.0244,0.0976,-0.2504,0.8023,0.9871
Tbk1,Tbk1,1272.2023,0.0233,0.0814,0.2867,0.7743,0.985
Tbkbp1,Tbkbp1,0.5785,0.7589,1.7926,0.4234,0.672,
Tbl1x,Tbl1x,1519.3304,0.1331,0.0823,1.6166,0.106,0.8
Tbl1xr1,Tbl1xr1,3008.8284,0.1656,0.0927,1.7868,0.074,0.7682
Tbl2,Tbl2,1847.3491,-0.0064,0.0632,-0.1007,0.9198,0.9956
Tbl3,Tbl3,1667.8642,0.0655,0.1181,0.5547,0.5791,0.963
Tbp,Tbp,783.681,0.0801,0.0886,0.9041,0.3659,0.9295
Tbpl1,Tbpl1,1397.8832,-0.0548,0.0522,-1.0494,0.294,0.9118
Tbr1,Tbr1,1.4596,0.4001,1.2572,0.3182,0.7503,
Tbrg1,Tbrg1,4538.6874,0.0167,0.0845,0.1976,0.8433,0.9906
Tbrg4,Tbrg4,1350.7197,-0.097,0.0604,-1.6052,0.1085,0.8052
Tbx1,Tbx1,514.4307,0.0836,0.1238,0.6754,0.4994,0.9515
Tbx10,Tbx10,3.665,0.1216,0.6986,0.174,0.8619,
Tbx15,Tbx15,3217.3279,-0.1297,0.1329,-0.9764,0.3289,0.9197
Tbx18,Tbx18,1826.8552,0.1006,0.1049,0.9593,0.3374,0.9222
Tbx19,Tbx19,0.4815,-2.2399,2.284,-0.9807,0.3267,
Tbx2,Tbx2,10.2594,0.0058,0.4947,0.0118,0.9906,
Tbx20,Tbx20,0.6685,-1.5038,1.8963,-0.793,0.4278,
Tbx3,Tbx3,681.6324,0.1845,0.0755,2.4445,0.0145,0.562
Tbx4,Tbx4,27.1631,0.3532,0.2926,1.2071,0.2274,0.891
Tbx5,Tbx5,0.5883,-0.7088,1.9711,-0.3596,0.7192,
Tbx6,Tbx6,16.5587,0.1256,0.3762,0.3338,0.7385,
Tbxa2r,Tbxa2r,4.4152,0.1247,0.6602,0.1888,0.8502,
Tbxas1,Tbxas1,0.7761,-0.1243,1.6757,-0.0742,0.9409,
Tcaf1,Tcaf1,2091.7689,-0.0047,0.0591,-0.0793,0.9368,0.9971
Tcaf2,Tcaf2,1475.575,0.2222,0.1398,1.5892,0.112,0.8127
Tcaf3,Tcaf3,0.9573,-1.1977,1.6345,-0.7327,0.4637,
Tcaim,Tcaim,294.6965,0.1716,0.1308,1.3122,0.1894,0.874
Tcam1,Tcam1,5.599,-1.4593,0.642,-2.2731,0.023,
Tcap,Tcap,114.4988,-0.7653,0.2299,-3.3291,0.0009,0.2303
Tcea1,Tcea1,2048.8608,0.1486,0.0816,1.822,0.0685,0.7617
Tcea2,Tcea2,140.6783,0.3354,0.1518,2.2091,0.0272,0.6379
Tcea3,Tcea3,293.4454,0.1172,0.1355,0.8648,0.3871,0.9328
Tceal1,Tceal1,141.8832,0.1563,0.1404,1.113,0.2657,0.8981
Tceal3,Tceal3,2.1245,0.0408,1.0022,0.0407,0.9675,
Tceal5,Tceal5,18.8223,-0.2806,0.4286,-0.6548,0.5126,
Tceal6,Tceal6,1.7298,0.2579,1.2657,0.2038,0.8385,
Tceal7,Tceal7,237.1391,-0.1458,0.2387,-0.6111,0.5411,0.9571
Tceal8,Tceal8,4721.1314,0.0187,0.0765,0.244,0.8072,0.9881
Tceanc,Tceanc,204.2368,0.1743,0.1149,1.5174,0.1292,0.8225
Tceanc2,Tceanc2,911.7376,-0.0146,0.0735,-0.1992,0.8421,0.9906
Tceb1,Tceb1,2476.0937,-0.022,0.0637,-0.3448,0.7303,0.98
Tceb2,Tceb2,4206.2427,-0.1075,0.0754,-1.4254,0.154,0.8501
Tceb3,Tceb3,3112.998,0.011,0.0515,0.2136,0.8309,0.9906
Tcerg1,Tcerg1,2102.3048,-0.0254,0.1011,-0.2517,0.8013,0.9871
Tcf12,Tcf12,5709.8448,0.0755,0.0918,0.822,0.4111,0.9377
Tcf19,Tcf19,782.3917,-0.0097,0.1937,-0.0502,0.96,0.9974
Tcf20,Tcf20,1664.6936,0.1635,0.1035,1.5798,0.1142,0.8127
Tcf23,Tcf23,65.4172,0.0695,0.1994,0.3485,0.7275,0.9796
Tcf25,Tcf25,7700.4838,-0.0188,0.0599,-0.3132,0.7542,0.9849
Tcf3,Tcf3,3876.0053,-0.0546,0.0668,-0.8177,0.4135,0.9399
Tcf4,Tcf4,2711.3487,0.1697,0.095,1.7858,0.0741,0.7682
Tcf7,Tcf7,1146.3865,0.0252,0.0831,0.3032,0.7617,0.9849
Tcf7l1,Tcf7l1,1225.0609,0.0568,0.0976,0.5823,0.5604,0.9579
Tcf7l2,Tcf7l2,848.2113,0.0311,0.0881,0.3529,0.7241,0.979
Tchh,Tchh,1.3362,1.0497,1.3985,0.7506,0.4529,
Tchp,Tchp,493.6466,-0.1285,0.0769,-1.6713,0.0947,0.7876
Tcirg1,Tcirg1,2518.435,0.0624,0.071,0.879,0.3794,0.9303
Tcn2,Tcn2,1418.9954,0.0103,0.1619,0.0634,0.9494,0.9974
Tcof1,Tcof1,2154.9296,0.1332,0.0735,1.8128,0.0699,0.7617
Tcp1,Tcp1,13689.6261,-0.0218,0.0577,-0.3783,0.7052,0.9744
Tcp11,Tcp11,0.6727,-0.4068,1.958,-0.2078,0.8354,
Tcp11l1,Tcp11l1,240.4703,0.0529,0.098,0.5402,0.5891,0.964
Tcp11l2,Tcp11l2,1168.2985,0.1402,0.1367,1.0258,0.305,0.9164
Tcp11x2,Tcp11x2,48.4879,-0.2126,0.2881,-0.738,0.4605,0.9483
Tcta,Tcta,1056.7219,0.0875,0.1365,0.6413,0.5213,0.9555
Tcte2,Tcte2,10.3095,0.0094,0.47,0.0201,0.984,
Tctex1d1,Tctex1d1,0.3841,-0.5408,2.5053,-0.2159,0.8291,
Tctex1d2,Tctex1d2,505.518,-0.012,0.0775,-0.1543,0.8774,0.9914
Tctex1d4,Tctex1d4,3.2001,-0.2513,0.8339,-0.3014,0.7631,
Tctn1,Tctn1,501.1524,0.2107,0.092,2.2909,0.022,0.6104
Tctn2,Tctn2,575.3846,0.0879,0.0831,1.0586,0.2898,0.9079
Tctn3,Tctn3,464.0015,-0.045,0.0868,-0.5178,0.6046,0.966
Tdg,Tdg,1.8891,-1.3046,1.8679,-0.6984,0.4849,
Tdh,Tdh,1.0501,0.237,1.5631,0.1516,0.8795,
Tdo2,Tdo2,1.6383,0.5676,1.1166,0.5084,0.6112,
Tdp1,Tdp1,700.9354,0.0476,0.068,0.7003,0.4837,0.9515
Tdp2,Tdp2,758.0339,0.0463,0.1116,0.4152,0.678,0.9717
Tdrd1,Tdrd1,0.5784,-0.5363,2.3262,-0.2305,0.8177,
Tdrd12,Tdrd12,1.263,0.6511,1.2386,0.5257,0.5991,
Tdrd3,Tdrd3,1160.6247,0.1191,0.116,1.0275,0.3042,0.9164
Tdrd6,Tdrd6,0.8813,-0.8358,1.5468,-0.5404,0.589,
Tdrd7,Tdrd7,1397.3266,-0.0334,0.0784,-0.4256,0.6704,0.9702
Tdrd9,Tdrd9,36.8951,0.156,0.3005,0.5191,0.6037,0.966
Tdrkh,Tdrkh,671.2387,0.1895,0.1345,1.4093,0.1587,0.8557
Tdrp,Tdrp,2.2258,-0.3888,1.1499,-0.3381,0.7353,
Tead1,Tead1,4075.4231,-0.0276,0.1367,-0.2019,0.84,0.9906
Tead2,Tead2,1561.8716,-0.2692,0.0714,-3.7691,0.0002,0.1017
Tead3,Tead3,1555.8401,0.0141,0.0815,0.1736,0.8622,0.9906
Tead4,Tead4,1453.8818,-0.0877,0.1183,-0.7413,0.4585,0.9483
Tec,Tec,109.2991,-0.2037,0.215,-0.9475,0.3434,0.9246
Tecpr1,Tecpr1,967.3408,0.0591,0.1119,0.5284,0.5972,0.964
Tecpr2,Tecpr2,621.4643,0.127,0.0745,1.7048,0.0882,0.7829
Tecr,Tecr,10310.865,-0.0582,0.0509,-1.1444,0.2525,0.893
Tecrl,Tecrl,66.4329,-0.3044,0.2202,-1.3821,0.167,0.8612
Tecta,Tecta,1.0711,-1.776,1.4332,-1.2392,0.2153,
Teddm2,Teddm2,1.2373,-0.4847,1.5567,-0.3113,0.7555,
Tef,Tef,4440.8964,-0.0186,0.0924,-0.2009,0.8407,0.9906
Tefm,Tefm,510.4128,-0.029,0.0771,-0.3764,0.7066,0.9744
Tek,Tek,11.0923,-1.0232,0.449,-2.279,0.0227,
Tekt2,Tekt2,32.7243,0.0341,0.264,0.1292,0.8972,0.9927
Tekt5,Tekt5,75.4397,-0.0447,0.2387,-0.1873,0.8514,0.9906
Telo2,Telo2,684.0973,0.1167,0.0686,1.7019,0.0888,0.7829
Ten1,Ten1,495.547,-0.1911,0.1259,-1.518,0.129,0.8225
Tenm3,Tenm3,6498.8309,0.1071,0.0814,1.316,0.1882,0.874
Tenm4,Tenm4,136.6616,0.1348,0.1382,0.9751,0.3295,0.9197
Tep1,Tep1,2387.0486,0.1333,0.0673,1.9798,0.0477,0.7227
Tepp,Tepp,0.4895,-0.332,2.0288,-0.1636,0.87,
Terc,Terc,0.8736,-1.3846,1.4769,-0.9375,0.3485,
Terf1,Terf1,367.4703,0.1438,0.0869,1.6551,0.0979,0.7886
Terf2,Terf2,1192.2515,0.0359,0.0675,0.5324,0.5944,0.964
Terf2ip,Terf2ip,811.3316,-0.0122,0.0598,-0.2035,0.8388,0.9906
Tert,Tert,82.606,0.0906,0.1585,0.5717,0.5675,0.9592
Tes,Tes,2810.7569,-0.1905,0.0847,-2.2498,0.0245,0.6278
Tesc,Tesc,2.0288,0.5727,0.9718,0.5893,0.5557,
Tescl,Tescl,0.8734,0.9148,1.4437,0.6337,0.5263,
Tesk1,Tesk1,1662.813,-0.0586,0.0602,-0.973,0.3305,0.9199
Tesk2,Tesk2,606.152,0.0641,0.0984,0.6516,0.5147,0.9548
Tet1,Tet1,157.7172,0.1292,0.1769,0.7305,0.4651,0.9483
Tet2,Tet2,306.047,0.1422,0.1559,0.9121,0.3617,0.9295
Tet3,Tet3,1658.5977,0.0693,0.0553,1.2535,0.21,0.8875
Tex10,Tex10,1396.6182,0.0297,0.0822,0.3617,0.7176,0.9776
Tex12,Tex12,1.6272,-1.5857,1.4167,-1.1192,0.263,
Tex14,Tex14,1.7216,0.9519,1.1526,0.8259,0.4089,
Tex16,Tex16,1.2637,1.6739,1.4299,1.1706,0.2418,
Tex19.2,Tex19.2,0.7659,1.0833,1.6939,0.6395,0.5225,
Tex2,Tex2,1327.643,0.0675,0.0672,1.0049,0.3149,0.9173
Tex22,Tex22,0.8598,1.2307,1.8706,0.6579,0.5106,
Tex26,Tex26,34.4778,-0.2609,0.2883,-0.9048,0.3656,0.9295
Tex261,Tex261,1919.006,0.0192,0.0532,0.3598,0.719,0.9781
Tex264,Tex264,2163.4356,-0.0989,0.1026,-0.9636,0.3353,0.9207
Tex30,Tex30,385.2794,-0.1203,0.1589,-0.7568,0.4492,0.9455
Tex35,Tex35,0.5691,1.682,2.3072,0.729,0.466,
Tex38,Tex38,1.1391,1.315,1.8459,0.7124,0.4762,
Tex40,Tex40,5.3901,0.5285,0.6121,0.8633,0.388,
Tex9,Tex9,216.1869,0.0873,0.1207,0.7234,0.4694,0.9483
Tfam,Tfam,1938.3403,-0.0196,0.0596,-0.3281,0.7428,0.983
Tfap2a,Tfap2a,6.2582,-1.0169,0.614,-1.6563,0.0977,
Tfap2c,Tfap2c,4.0302,-0.9107,0.8457,-1.0768,0.2816,
Tfap4,Tfap4,245.5689,0.0741,0.1271,0.5827,0.5601,0.9579
Tfb1m,Tfb1m,223.446,0.0469,0.12,0.3911,0.6957,0.9731
Tfb2m,Tfb2m,952.7117,0.074,0.1019,0.7255,0.4681,0.9483
Tfcp2,Tfcp2,1094.3641,0.115,0.0876,1.3131,0.1891,0.874
Tfcp2l1,Tfcp2l1,13.6947,-0.789,0.4294,-1.8375,0.0661,
Tfdp1,Tfdp1,5645.8918,-0.0144,0.0884,-0.1635,0.8701,0.9906
Tfdp2,Tfdp2,1337.9087,0.1148,0.0923,1.2445,0.2133,0.8877
Tfe3,Tfe3,2685.6742,0.0584,0.0717,0.8134,0.416,0.94
Tfeb,Tfeb,442.1397,-0.0731,0.0962,-0.7591,0.4478,0.9455
Tfg,Tfg,3433.9846,-0.0069,0.0604,-0.1145,0.9089,0.9941
Tfip11,Tfip11,2048.4304,0.0271,0.0604,0.448,0.6542,0.9687
Tfpi,Tfpi,1917.7062,0.1067,0.0925,1.1525,0.2491,0.8923
Tfpi2,Tfpi2,0.7756,-2.0338,1.6101,-1.2631,0.2065,
Tfpt,Tfpt,367.9141,-0.0058,0.0847,-0.0683,0.9455,0.9971
Tfr2,Tfr2,69.7801,-0.1852,0.2173,-0.8522,0.3941,0.9341
Tfrc,Tfrc,5687.3399,-0.073,0.1561,-0.4676,0.6401,0.9681
Tg,Tg,681.9567,0.0111,0.129,0.0859,0.9315,0.9957
Tgds,Tgds,830.8054,0.0917,0.0633,1.448,0.1476,0.8425
Tgfa,Tgfa,11.1499,-0.4177,0.442,-0.9449,0.3447,
Tgfb1,Tgfb1,3191.3386,-0.0785,0.0503,-1.5604,0.1187,0.8127
Tgfb1i1,Tgfb1i1,3078.2811,-0.0728,0.0708,-1.0277,0.3041,0.9164
Tgfb2,Tgfb2,2881.8953,0.1979,0.1004,1.9712,0.0487,0.7227
Tgfb3,Tgfb3,9015.0743,0.0691,0.109,0.6343,0.5259,0.9565
Tgfbi,Tgfbi,109.272,-0.1752,0.151,-1.1605,0.2459,0.8923
Tgfbr1,Tgfbr1,832.608,-0.0108,0.2181,-0.0493,0.9606,0.9974
Tgfbr2,Tgfbr2,14675.4578,0.0121,0.0744,0.1629,0.8706,0.9906
Tgfbr3,Tgfbr3,556.2138,0.1059,0.1481,0.7155,0.4743,0.949
Tgfbr3l,Tgfbr3l,27.5782,0.0011,0.321,0.0034,0.9973,0.9995
Tgfbrap1,Tgfbrap1,1429.9184,0.0079,0.0554,0.143,0.8863,0.9917
Tgif1,Tgif1,2721.4852,-0.1453,0.0787,-1.8476,0.0647,0.7587
Tgif2,Tgif2,422.988,0.0977,0.1587,0.6156,0.5382,0.9571
Tgm1,Tgm1,5.3797,0.9637,0.6206,1.5527,0.1205,
Tgm2,Tgm2,1654.085,-0.1003,0.084,-1.1936,0.2326,0.8923
Tgm3,Tgm3,2.8786,0.758,0.8809,0.8604,0.3896,
Tgm4,Tgm4,444.4732,-0.0744,0.1012,-0.7353,0.4622,0.9483
Tgm5,Tgm5,57.2194,-0.0991,0.2333,-0.4245,0.6712,0.9703
Tgoln1,Tgoln1,1924.4389,0.127,0.0867,1.4643,0.1431,0.8395
Tgs1,Tgs1,916.0704,0.0617,0.1137,0.5424,0.5876,0.964
Tgtp1,Tgtp1,3.4464,-0.151,0.9883,-0.1528,0.8786,
Tgtp2,Tgtp2,21.7008,-0.0244,0.6634,-0.0367,0.9707,0.9974
Tha1,Tha1,49.8585,0.0508,0.2363,0.215,0.8298,0.9906
Thada,Thada,956.7466,0.0778,0.0595,1.3079,0.1909,0.8743
Thap1,Thap1,311.6398,-0.1107,0.1463,-0.7566,0.4493,0.9455
Thap11,Thap11,1098.0468,-0.0249,0.0919,-0.2707,0.7866,0.9862
Thap2,Thap2,420.4694,-0.0259,0.1052,-0.2464,0.8054,0.9875
Thap3,Thap3,600.6501,-0.0074,0.0875,-0.0849,0.9323,0.9957
Thap4,Thap4,1219.3834,-0.036,0.0626,-0.575,0.5653,0.9588
Thap6,Thap6,102.9602,0.0074,0.1757,0.042,0.9665,0.9974
Thap7,Thap7,585.4506,-0.126,0.0779,-1.6168,0.1059,0.8
Thbd,Thbd,1073.8611,-0.0251,0.3648,-0.0688,0.9451,0.9971
Thbs1,Thbs1,161005.7073,0.2065,0.0696,2.9662,0.003,0.3408
Thbs2,Thbs2,21807.0474,0.4459,0.2038,2.1873,0.0287,0.6409
Thbs3,Thbs3,447.8045,0.0612,0.1386,0.4417,0.6587,0.97
Thbs4,Thbs4,6.1759,-0.5056,0.5735,-0.8817,0.378,
Them4,Them4,245.2913,0.0774,0.1086,0.7127,0.476,0.949
Them6,Them6,694.1993,0.0955,0.0991,0.9638,0.3351,0.9207
Them7,Them7,0.6778,-2.7572,1.8001,-1.5316,0.1256,
Themis,Themis,7.6968,-0.6098,0.6676,-0.9134,0.361,
Thg1l,Thg1l,771.4009,-0.0771,0.0668,-1.1532,0.2488,0.8923
Thnsl1,Thnsl1,397.9977,0.021,0.0979,0.2148,0.8299,0.9906
Thnsl2,Thnsl2,47.8723,-0.0342,0.2063,-0.1659,0.8682,0.9906
Thoc1,Thoc1,1238.4674,0.0696,0.1001,0.6958,0.4866,0.9515
Thoc2,Thoc2,552.008,0.234,0.1835,1.2753,0.2022,0.8837
Thoc3,Thoc3,1278.9876,-0.1087,0.0742,-1.4658,0.1427,0.8395
Thoc5,Thoc5,1778.8946,0.0283,0.0605,0.4679,0.6399,0.9681
Thoc6,Thoc6,701.1275,-0.1667,0.0846,-1.971,0.0487,0.7227
Thoc7,Thoc7,2187.9677,0.0196,0.066,0.2971,0.7664,0.985
Thop1,Thop1,2713.5356,-0.0769,0.0953,-0.8064,0.42,0.9402
Thpo,Thpo,32.302,-0.0335,0.2575,-0.1302,0.8964,0.9927
Thra,Thra,3011.4192,0.1841,0.1542,1.1942,0.2324,0.8923
Thrap3,Thrap3,6365.3949,0.1099,0.0636,1.7276,0.0841,0.7762
Thrsp,Thrsp,0.5806,0.7618,1.792,0.4251,0.6707,
Thsd1,Thsd1,10.78,0.9092,0.5093,1.785,0.0743,
Thsd4,Thsd4,281.9366,0.0893,0.1184,0.7548,0.4504,0.9455
Thsd7a,Thsd7a,1271.7925,0.3151,0.0918,3.4335,0.0006,0.218
Thsd7b,Thsd7b,20.4577,-0.0238,0.3165,-0.0751,0.9401,0.9971
Thtpa,Thtpa,609.6462,-0.0447,0.0758,-0.5893,0.5556,0.9573
Thumpd1,Thumpd1,1414.6625,-0.0026,0.0618,-0.0418,0.9667,0.9974
Thumpd2,Thumpd2,274.6712,0.1956,0.1222,1.6005,0.1095,0.8072
Thumpd3,Thumpd3,1246.6115,0.0442,0.0688,0.6426,0.5205,0.9555
Thy1,Thy1,1.6448,-1.1764,1.1723,-1.0035,0.3156,
Thyn1,Thyn1,391.339,0.149,0.1645,0.9056,0.3651,0.9295
Tia1,Tia1,1427.2478,0.1392,0.1297,1.0732,0.2832,0.9074
Tial1,Tial1,1527.047,0.0315,0.1035,0.3042,0.761,0.9849
Tiam1,Tiam1,1410.0273,0.1134,0.0885,1.2805,0.2004,0.8828
Tiam2,Tiam2,1753.003,0.1631,0.0746,2.1863,0.0288,0.6409
Ticam1,Ticam1,780.6769,0.0203,0.0638,0.3174,0.751,0.9843
Ticam2,Ticam2,1.166,-1.9328,1.4263,-1.3551,0.1754,
Ticrr,Ticrr,317.8014,-0.176,0.1812,-0.9712,0.3315,0.9201
Tifa,Tifa,490.3269,0.1198,0.1121,1.0688,0.2852,0.9079
Tifab,Tifab,1.2531,2.2059,1.6888,1.3062,0.1915,
Tigar,Tigar,287.6779,0.0338,0.099,0.3418,0.7325,0.9802
Tigd2,Tigd2,581.494,0.2296,0.1272,1.8047,0.0711,0.7617
Tigd3,Tigd3,22.448,-0.3518,0.3045,-1.1553,0.248,0.8923
Tigd4,Tigd4,3.0851,0.8166,0.8341,0.979,0.3276,
Tigd5,Tigd5,248.4776,0.0671,0.1148,0.5847,0.5587,0.9579
Tigit,Tigit,45.4859,-0.396,0.2274,-1.7414,0.0816,0.7744
Timeless,Timeless,500.7315,-0.2228,0.1729,-1.2887,0.1975,0.8806
Timm10,Timm10,508.8358,-0.0491,0.115,-0.4273,0.6691,0.9702
Timm10b,Timm10b,503.8351,-0.07,0.0824,-0.8492,0.3958,0.9341
Timm13,Timm13,1736.5258,-0.1465,0.0876,-1.6722,0.0945,0.7876
Timm17a,Timm17a,2635.2544,-0.0689,0.0759,-0.9075,0.3641,0.9295
Timm17b,Timm17b,916.1759,-0.0548,0.0714,-0.7678,0.4426,0.9455
Timm21,Timm21,685.6035,0.0607,0.101,0.6008,0.548,0.9571
Timm22,Timm22,1630.2147,-0.0499,0.0994,-0.5017,0.6159,0.966
Timm23,Timm23,2943.4341,-0.0169,0.098,-0.1728,0.8628,0.9906
Timm44,Timm44,1644.7344,-0.0644,0.0587,-1.0971,0.2726,0.9032
Timm50,Timm50,1048.2031,-0.0803,0.0662,-1.2123,0.2254,0.8895
Timm8a1,Timm8a1,330.9243,0.0312,0.2266,0.1378,0.8904,0.992
Timm8b,Timm8b,548.8106,0.0345,0.1182,0.2914,0.7707,0.985
Timm9,Timm9,436.2509,0.0714,0.1018,0.7021,0.4826,0.9513
Timmdc1,Timmdc1,1071.9051,-0.0395,0.0833,-0.4737,0.6357,0.9681
Timp1,Timp1,8320.2309,-0.0941,0.0586,-1.6069,0.1081,0.8038
Timp2,Timp2,51977.9637,0.0803,0.0634,1.2656,0.2057,0.8858
Timp3,Timp3,22250.5733,0.0023,0.2,0.0114,0.9909,0.9993
Timp4,Timp4,9.9248,-0.5947,0.513,-1.1593,0.2463,
Tinagl1,Tinagl1,433.6583,0.0884,0.0926,0.9543,0.3399,0.9244
Tinf2,Tinf2,679.0193,-0.0975,0.0837,-1.1648,0.2441,0.8923
Tiparp,Tiparp,1469.7221,0.1818,0.1268,1.4337,0.1517,0.8466
Tipin,Tipin,1153.767,0.0666,0.1203,0.5539,0.5796,0.963
Tiprl,Tiprl,2457.5043,0.0595,0.0495,1.2015,0.2295,0.8914
Tirap,Tirap,776.0996,0.1665,0.083,2.006,0.0449,0.7227
Tjap1,Tjap1,2259.1578,0.0067,0.0599,0.1117,0.9111,0.9943
Tjp1,Tjp1,5659.2855,0.0073,0.1394,0.0527,0.958,0.9974
Tjp2,Tjp2,1049.9072,-0.0144,0.0678,-0.2118,0.8323,0.9906
Tjp3,Tjp3,2.5979,-0.2251,1.1415,-0.1971,0.8437,
Tk1,Tk1,1461.8323,-0.1768,0.1699,-1.0407,0.298,0.9129
Tk2,Tk2,561.4545,-0.0682,0.0739,-0.9232,0.3559,0.9295
Tkfc,Tkfc,642.844,0.0327,0.0672,0.4862,0.6268,0.9673
Tkt,Tkt,1927.0937,0.1867,0.1243,1.5022,0.1331,0.826
Tktl1,Tktl1,0.9503,0.9488,1.86,0.5101,0.61,
Tlcd1,Tlcd1,152.0341,-0.2857,0.1409,-2.0273,0.0426,0.7204
Tlcd2,Tlcd2,98.0739,0.1184,0.1873,0.6322,0.5273,0.9565
Tldc1,Tldc1,370.0669,-0.0989,0.0944,-1.0477,0.2948,0.9119
Tldc2,Tldc2,1.1551,1.1258,1.5232,0.7391,0.4599,
Tle1,Tle1,657.7271,0.0015,0.0799,0.0185,0.9853,0.9991
Tle2,Tle2,426.0441,0.1864,0.1332,1.3992,0.1617,0.8576
Tle3,Tle3,3939.9139,0.0605,0.0822,0.7366,0.4614,0.9483
Tle4,Tle4,64.4803,-0.1281,0.1799,-0.7122,0.4763,0.949
Tle6,Tle6,389.4236,0.0123,0.1358,0.0907,0.9278,0.9957
Tlk1,Tlk1,1433.653,0.0917,0.1344,0.6819,0.4953,0.9515
Tlk2,Tlk2,1626.5856,0.0541,0.1179,0.4591,0.6461,0.9684
Tll1,Tll1,15.6823,-0.4002,0.3808,-1.0511,0.2932,
Tln1,Tln1,20305.1841,-0.037,0.0693,-0.5336,0.5936,0.964
Tln2,Tln2,3817.1224,-0.0305,0.0995,-0.3068,0.759,0.9849
Tlr1,Tlr1,12.6706,-0.0375,0.4343,-0.0864,0.9312,
Tlr13,Tlr13,0.6707,-2.6846,2.1247,-1.2635,0.2064,
Tlr2,Tlr2,1376.8448,0.0923,0.0755,1.2227,0.2214,0.8877
Tlr3,Tlr3,113.2639,-0.0404,0.24,-0.1683,0.8664,0.9906
Tlr4,Tlr4,947.0664,-0.0243,0.2198,-0.1106,0.9119,0.9943
Tlr5,Tlr5,29.2012,0.0482,0.2715,0.1775,0.8591,0.9906
Tlr6,Tlr6,339.9552,-0.06,0.111,-0.541,0.5885,0.964
Tlr7,Tlr7,1.2586,2.2702,1.4582,1.5569,0.1195,
Tlr9,Tlr9,0.5705,-1.1246,1.984,-0.5668,0.5708,
Tlx2,Tlx2,8.4362,-1.0424,0.6388,-1.632,0.1027,
Tm2d1,Tm2d1,1238.8305,-0.0724,0.0691,-1.0484,0.2945,0.9119
Tm2d2,Tm2d2,2158.9494,0.0244,0.102,0.2388,0.8112,0.9886
Tm2d3,Tm2d3,414.3728,-0.0904,0.0919,-0.9845,0.3249,0.9197
Tm4sf1,Tm4sf1,2903.8155,-0.1639,0.0642,-2.5518,0.0107,0.5073
Tm4sf19,Tm4sf19,3.2757,2.0582,0.9336,2.2047,0.0275,
Tm4sf4,Tm4sf4,3.0565,0.539,0.9058,0.595,0.5518,
Tm6sf1,Tm6sf1,59.7781,0.2323,0.317,0.7328,0.4637,0.9483
Tm6sf2,Tm6sf2,6.7333,0.4498,0.5518,0.8152,0.415,
Tm7sf2,Tm7sf2,228.7559,-0.2164,0.2097,-1.032,0.3021,0.9164
Tm7sf3,Tm7sf3,2182.1065,0.1131,0.0664,1.7038,0.0884,0.7829
Tm9sf1,Tm9sf1,4140.995,0.0322,0.0592,0.5443,0.5862,0.964
Tm9sf2,Tm9sf2,8089.5059,0.0046,0.0393,0.116,0.9077,0.9939
Tm9sf3,Tm9sf3,8990.985,0.0186,0.103,0.1801,0.8571,0.9906
Tm9sf4,Tm9sf4,3741.0087,-0.022,0.052,-0.4233,0.6721,0.9707
Tma16,Tma16,297.604,0.0647,0.103,0.6288,0.5295,0.9568
Tma7,Tma7,1956.7344,-0.0642,0.0767,-0.8364,0.403,0.9365
Tmbim1,Tmbim1,6815.3362,-0.0528,0.0769,-0.687,0.4921,0.9515
Tmbim4,Tmbim4,1884.6667,-0.138,0.0754,-1.8318,0.067,0.7617
Tmbim6,Tmbim6,19778.8907,-0.0521,0.0507,-1.0272,0.3043,0.9164
Tmc3,Tmc3,77.1206,-0.1435,0.2538,-0.5655,0.5718,0.9612
Tmc4,Tmc4,58.3618,0.2376,0.1961,1.2113,0.2258,0.8895
Tmc6,Tmc6,1337.3207,-0.094,0.0926,-1.0147,0.3102,0.9172
Tmc7,Tmc7,82.8407,0.107,0.1989,0.5379,0.5906,0.964
Tmc8,Tmc8,9.558,-0.3277,0.4444,-0.7374,0.4609,
Tmcc1,Tmcc1,1177.8963,-0.0366,0.0765,-0.4788,0.6321,0.9681
Tmcc2,Tmcc2,1607.8797,-0.0122,0.0532,-0.2302,0.8179,0.9892
Tmcc3,Tmcc3,855.23,-0.1278,0.1442,-0.886,0.3756,0.9295
Tmco1,Tmco1,3045.3623,-0.0414,0.0483,-0.8574,0.3912,0.9331
Tmco3,Tmco3,2066.0512,-0.0408,0.0647,-0.6311,0.528,0.9565
Tmco4,Tmco4,124.6257,-0.036,0.1565,-0.2302,0.8179,0.9892
Tmco6,Tmco6,242.0681,-0.0082,0.1215,-0.0671,0.9465,0.9971
Tmed1,Tmed1,1599.1682,0.0442,0.1051,0.4206,0.674,0.971
Tmed10,Tmed10,13316.9202,0.0583,0.0628,0.9283,0.3533,0.9275
Tmed2,Tmed2,7701.3011,0.1428,0.1843,0.7747,0.4385,0.9455
Tmed3,Tmed3,3859.2503,0.0134,0.0652,0.2055,0.8372,0.9906
Tmed4,Tmed4,3164.7176,0.0222,0.0706,0.3149,0.7528,0.9849
Tmed5,Tmed5,467.3803,0.2935,0.1593,1.8419,0.0655,0.7609
Tmed6,Tmed6,0.5805,1.82,1.9115,0.9521,0.341,
Tmed7,Tmed7,5454.6681,0.0459,0.1133,0.4049,0.6855,0.9717
Tmed8,Tmed8,888.6216,0.051,0.0796,0.6407,0.5217,0.9556
Tmed9,Tmed9,7487.141,-0.0362,0.0608,-0.5951,0.5518,0.9571
Tmeff1,Tmeff1,2411.03,0.1649,0.1433,1.1512,0.2496,0.8923
Tmeff2,Tmeff2,729.1155,-0.009,0.0771,-0.1169,0.907,0.9939
Tmem100,Tmem100,11.2328,0.513,0.4529,1.1327,0.2573,
Tmem101,Tmem101,728.6798,-0.015,0.0749,-0.2007,0.8409,0.9906
Tmem102,Tmem102,0.4731,2.4087,2.3365,1.0309,0.3026,
Tmem104,Tmem104,728.2596,0.0635,0.0923,0.688,0.4915,0.9515
Tmem106a,Tmem106a,141.6158,0.0131,0.1809,0.0722,0.9424,0.9971
Tmem106b,Tmem106b,3571.3168,0.1206,0.1565,0.7707,0.4409,0.9455
Tmem106c,Tmem106c,744.9297,0.0463,0.0877,0.5278,0.5976,0.9641
Tmem107,Tmem107,283.6116,-0.2575,0.1468,-1.7547,0.0793,0.7694
Tmem108,Tmem108,1.736,-0.66,1.2393,-0.5326,0.5943,
Tmem109,Tmem109,5032.9703,-0.0959,0.0527,-1.8212,0.0686,0.7617
Tmem11,Tmem11,1053.6472,-0.1033,0.0789,-1.3089,0.1906,0.874
Tmem110,Tmem110,765.469,-0.0034,0.0651,-0.0518,0.9587,0.9974
Tmem115,Tmem115,1705.9621,-0.0729,0.0949,-0.7686,0.4421,0.9455
Tmem116,Tmem116,11.5797,0.2363,0.4565,0.5178,0.6046,
Tmem117,Tmem117,130.2188,0.0695,0.18,0.3864,0.6992,0.9736
Tmem119,Tmem119,5776.9465,0.0967,0.0914,1.0582,0.29,0.9079
Tmem120a,Tmem120a,802.7303,-0.027,0.1134,-0.2381,0.8118,0.9886
Tmem120b,Tmem120b,536.858,0.0087,0.087,0.0997,0.9206,0.9957
Tmem121,Tmem121,354.5776,0.0046,0.1035,0.0445,0.9645,0.9974
Tmem123,Tmem123,14523.8932,0.1643,0.0761,2.1588,0.0309,0.6516
Tmem126a,Tmem126a,774.4833,-0.0982,0.0916,-1.0715,0.284,0.9074
Tmem126b,Tmem126b,372.2784,-0.0079,0.0963,-0.0823,0.9344,0.9966
Tmem127,Tmem127,3876.0161,-0.0484,0.0617,-0.7839,0.4331,0.9453
Tmem128,Tmem128,792.2091,-0.012,0.0754,-0.1584,0.8741,0.991
Tmem129,Tmem129,1308.332,-0.0519,0.0678,-0.7656,0.4439,0.9455
Tmem130,Tmem130,38.6184,-0.2894,0.3417,-0.8468,0.3971,0.9347
Tmem131,Tmem131,2857.6421,0.0257,0.0829,0.3104,0.7563,0.9849
Tmem132a,Tmem132a,3823.4959,-0.1354,0.0717,-1.887,0.0592,0.749
Tmem132b,Tmem132b,0.4877,-0.3268,2.0293,-0.161,0.8721,
Tmem134,Tmem134,1999.3659,0.048,0.0813,0.5901,0.5551,0.9572
Tmem135,Tmem135,796.5733,-0.0613,0.0807,-0.7603,0.4471,0.9455
Tmem136,Tmem136,1.4596,-1.5728,1.281,-1.2278,0.2195,
Tmem138,Tmem138,627.8208,-0.1069,0.0856,-1.249,0.2116,0.8875
Tmem139,Tmem139,3.8609,0.8383,0.7592,1.1042,0.2695,
Tmem140,Tmem140,48.5138,0.3326,0.3011,1.1047,0.2693,0.9026
Tmem141,Tmem141,290.4153,-0.1113,0.1028,-1.0823,0.2791,0.9074
Tmem143,Tmem143,513.7384,0.0761,0.0734,1.0374,0.2996,0.9154
Tmem144,Tmem144,60.6253,-0.1884,0.2071,-0.9094,0.3632,0.9295
Tmem147,Tmem147,1447.6224,-0.0853,0.0739,-1.1537,0.2486,0.8923
Tmem14a,Tmem14a,54.9534,-0.1291,0.1904,-0.6782,0.4976,0.9515
Tmem14c,Tmem14c,2002.3629,-0.0583,0.0719,-0.8108,0.4175,0.94
Tmem150a,Tmem150a,626.8619,0.0455,0.0747,0.6089,0.5426,0.9571
Tmem150b,Tmem150b,1.3411,0.1212,1.2562,0.0965,0.9231,
Tmem151a,Tmem151a,332.6998,-0.219,0.1778,-1.2316,0.2181,0.8877
Tmem151b,Tmem151b,6.1439,-0.3126,0.6016,-0.5196,0.6033,
Tmem154,Tmem154,83.7858,0.0348,0.2155,0.1614,0.8718,0.991
Tmem158,Tmem158,470.2618,-0.1732,0.1382,-1.2535,0.21,0.8875
Tmem159,Tmem159,688.6542,-0.0173,0.07,-0.247,0.8049,0.9875
Tmem160,Tmem160,548.0734,-0.1526,0.0799,-1.91,0.0561,0.743
Tmem161a,Tmem161a,1925.4429,-0.0073,0.0998,-0.0736,0.9414,0.9971
Tmem161b,Tmem161b,245.1454,0.111,0.1352,0.8215,0.4114,0.9378
Tmem163,Tmem163,0.8654,-0.2613,1.5194,-0.172,0.8634,
Tmem164,Tmem164,1898.9364,-0.0525,0.0728,-0.7206,0.4712,0.9489
Tmem165,Tmem165,2781.7067,0.0926,0.0899,1.0302,0.3029,0.9164
Tmem167,Tmem167,3277.0866,0.0445,0.0554,0.8026,0.4222,0.9412
Tmem167b,Tmem167b,3543.3198,0.0265,0.0489,0.5414,0.5882,0.964
Tmem168,Tmem168,1935.5267,-0.0118,0.0848,-0.1387,0.8897,0.992
Tmem169,Tmem169,247.4387,0.2097,0.126,1.6645,0.096,0.7877
Tmem17,Tmem17,86.547,-0.048,0.1685,-0.285,0.7756,0.985
Tmem170,Tmem170,101.5269,0.0175,0.1449,0.1211,0.9036,0.9939
Tmem170b,Tmem170b,295.4974,-0.0749,0.2089,-0.3584,0.72,0.9784
Tmem171,Tmem171,86.8474,0.0096,0.1593,0.0601,0.9521,0.9974
Tmem173,Tmem173,818.7503,-0.0825,0.1117,-0.7385,0.4602,0.9483
Tmem175,Tmem175,793.6176,0.0214,0.0784,0.2729,0.7849,0.985
Tmem176a,Tmem176a,615.1557,-0.0182,0.1287,-0.1415,0.8875,0.9917
Tmem176b,Tmem176b,1663.1153,-0.0408,0.1455,-0.2803,0.7793,0.985
Tmem177,Tmem177,623.8572,0.1493,0.1626,0.9183,0.3585,0.9295
Tmem178b,Tmem178b,0.669,-1.4942,1.7232,-0.8671,0.3859,
Tmem179b,Tmem179b,204.2498,-0.0637,0.1145,-0.5565,0.5779,0.963
Tmem18,Tmem18,966.6754,0.1528,0.0765,1.9979,0.0457,0.7227
Tmem180,Tmem180,43.1998,0.09,0.2585,0.3481,0.7277,0.9796
Tmem181a,Tmem181a,366.2137,-0.0342,0.1945,-0.1761,0.8602,0.9906
Tmem181b-ps,Tmem181b-ps,744.6635,0.0654,0.0732,0.8935,0.3716,0.9295
Tmem181c-ps,Tmem181c-ps,245.7143,-0.0262,0.1768,-0.148,0.8823,0.9914
Tmem182,Tmem182,1029.4307,0.0118,0.1154,0.1018,0.9189,0.9955
Tmem183a,Tmem183a,3147.4075,-0.1013,0.0637,-1.5897,0.1119,0.8127
Tmem184a,Tmem184a,95.8809,-0.3731,0.1767,-2.1109,0.0348,0.6753
Tmem184b,Tmem184b,5352.5801,-0.0406,0.0665,-0.6103,0.5416,0.9571
Tmem184c,Tmem184c,974.6023,0.0181,0.1478,0.1223,0.9027,0.9937
Tmem185b,Tmem185b,1151.1478,-0.0058,0.0547,-0.1054,0.9161,0.995
Tmem186,Tmem186,589.0632,-0.0055,0.1423,-0.0384,0.9694,0.9974
Tmem189,Tmem189,2777.0707,-0.0268,0.0915,-0.2933,0.7693,0.985
Tmem19,Tmem19,2054.5735,0.0076,0.0731,0.1038,0.9173,0.9953
Tmem190,Tmem190,3.8519,-0.1564,0.6862,-0.228,0.8196,
Tmem191c,Tmem191c,21.4381,0.85,0.3457,2.4585,0.014,0.5549
Tmem192,Tmem192,548.7072,-0.1393,0.1066,-1.3069,0.1913,0.8743
Tmem194,Tmem194,722.8473,0.0261,0.1018,0.2561,0.7979,0.9871
Tmem194b,Tmem194b,173.2598,-0.0051,0.1254,-0.0407,0.9675,0.9974
Tmem198,Tmem198,22.8543,-0.4104,0.3105,-1.3219,0.1862,0.874
Tmem198b,Tmem198b,583.3577,-0.024,0.0784,-0.3067,0.7591,0.9849
Tmem199,Tmem199,804.259,-0.0335,0.0899,-0.3721,0.7098,0.9751
Tmem2,Tmem2,2115.2236,0.0897,0.0647,1.3866,0.1656,0.8598
Tmem200a,Tmem200a,104.0887,-0.2301,0.2882,-0.7983,0.4247,0.9422
Tmem200b,Tmem200b,45.8427,-0.2526,0.2377,-1.063,0.2878,0.9079
Tmem200c,Tmem200c,0.481,-2.2385,2.2842,-0.98,0.3271,
Tmem201,Tmem201,1153.3352,-0.0426,0.0708,-0.6018,0.5473,0.9571
Tmem202,Tmem202,29.1498,-0.119,0.303,-0.3928,0.6945,0.9731
Tmem203,Tmem203,172.9421,0.1818,0.2084,0.8726,0.3829,0.9315
Tmem204,Tmem204,43.2233,-0.0915,0.2453,-0.3731,0.7091,0.9746
Tmem205,Tmem205,398.2238,0.0456,0.1012,0.4504,0.6524,0.9684
Tmem206,Tmem206,591.9316,0.0414,0.0912,0.4545,0.6495,0.9684
Tmem208,Tmem208,990.9799,-0.0978,0.0633,-1.5448,0.1224,0.8139
Tmem209,Tmem209,1779.2507,0.0857,0.0575,1.4914,0.1359,0.827
Tmem211,Tmem211,0.3853,0.9701,2.47,0.3928,0.6945,
Tmem212,Tmem212,0.481,-2.2385,2.2842,-0.98,0.3271,
Tmem214,Tmem214,3010.6948,-0.0736,0.055,-1.3388,0.1806,0.8703
Tmem216,Tmem216,315.3473,0.1164,0.1164,0.9995,0.3175,0.9173
Tmem218,Tmem218,386.2584,0.0839,0.1171,0.7164,0.4737,0.949
Tmem219,Tmem219,494.0471,-0.1439,0.0773,-1.8622,0.0626,0.7549
Tmem220,Tmem220,48.7584,-0.2202,0.2238,-0.9838,0.3252,0.9197
Tmem221,Tmem221,8.0784,0.1343,0.5521,0.2432,0.8079,
Tmem222,Tmem222,1219.5591,-0.0797,0.0581,-1.3723,0.17,0.8614
Tmem223,Tmem223,36.679,0.1204,0.233,0.5169,0.6052,0.966
Tmem229b,Tmem229b,202.2276,0.0253,0.1236,0.2049,0.8377,0.9906
Tmem230,Tmem230,1396.348,0.0459,0.1003,0.4578,0.6471,0.9684
Tmem231,Tmem231,393.5823,0.0945,0.0833,1.1346,0.2565,0.8935
Tmem232,Tmem232,0.5729,0.2029,2.0295,0.1,0.9203,
Tmem233,Tmem233,0.2933,-0.4582,2.6297,-0.1742,0.8617,
Tmem234,Tmem234,1802.006,0.0125,0.0573,0.2187,0.8269,0.9905
Tmem235,Tmem235,0.7667,3.179,1.7022,1.8676,0.0618,
Tmem236,Tmem236,5.373,0.2882,0.6518,0.4421,0.6584,
Tmem237,Tmem237,1001.5731,0.0114,0.0766,0.149,0.8815,0.9914
Tmem238,Tmem238,44.7055,0.1395,0.2623,0.5317,0.595,0.964
Tmem239,Tmem239,0.8722,0.243,1.5536,0.1564,0.8757,
Tmem240,Tmem240,8.4749,-0.4523,0.5086,-0.8893,0.3738,
Tmem241,Tmem241,299.3145,0.1661,0.1071,1.5515,0.1208,0.8127
Tmem242,Tmem242,1672.6995,-0.1215,0.0669,-1.8152,0.0695,0.7617
Tmem243,Tmem243,203.8602,0.1234,0.1124,1.0981,0.2722,0.9032
Tmem245,Tmem245,351.13,-0.0867,0.1458,-0.5944,0.5522,0.9571
Tmem246,Tmem246,172.07,-0.1404,0.1873,-0.7496,0.4535,0.9473
Tmem248,Tmem248,3270.9237,-0.0461,0.0553,-0.8334,0.4046,0.9365
Tmem25,Tmem25,35.3759,0.313,0.2689,1.1639,0.2445,0.8923
Tmem251,Tmem251,362.2153,0.1076,0.102,1.0543,0.2918,0.9088
Tmem252,Tmem252,6.2723,0.0727,0.5689,0.1278,0.8983,
Tmem253,Tmem253,6.472,1.0087,0.6718,1.5016,0.1332,
Tmem255a,Tmem255a,0.6777,-0.0296,1.7283,-0.0171,0.9864,
Tmem255b,Tmem255b,3.1653,-0.7267,0.891,-0.8156,0.4147,
Tmem256,Tmem256,863.9127,-0.2087,0.0824,-2.5333,0.0113,0.5139
Tmem258,Tmem258,1967.8468,-0.0862,0.0794,-1.0865,0.2772,0.9074
Tmem259,Tmem259,3685.1383,-0.0402,0.07,-0.5753,0.5651,0.9588
Tmem26,Tmem26,11.4217,0.0968,0.5296,0.1828,0.855,
Tmem260,Tmem260,970.9972,0.0602,0.1179,0.511,0.6093,0.966
Tmem261,Tmem261,615.5895,0.0665,0.1025,0.6491,0.5162,0.9548
Tmem263,Tmem263,3494.4671,0.031,0.0807,0.3845,0.7006,0.9737
Tmem265,Tmem265,86.761,0.1271,0.1533,0.8293,0.407,0.9373
Tmem29,Tmem29,281.5034,-0.0373,0.1086,-0.3435,0.7312,0.98
Tmem30a,Tmem30a,3788.9671,0.0679,0.1597,0.425,0.6709,0.9702
Tmem30c,Tmem30c,0.7682,0.1381,1.586,0.0871,0.9306,
Tmem33,Tmem33,2907.9725,-0.0597,0.0692,-0.8622,0.3886,0.933
Tmem35,Tmem35,14.3364,0.8965,0.416,2.1552,0.0311,
Tmem37,Tmem37,1159.1452,-0.0957,0.1028,-0.9307,0.352,0.9271
Tmem38a,Tmem38a,4500.2556,-0.2456,0.1191,-2.0613,0.0393,0.703
Tmem38b,Tmem38b,2824.0064,-0.091,0.079,-1.1526,0.2491,0.8923
Tmem39a,Tmem39a,1669.9054,0.0129,0.056,0.2307,0.8176,0.989
Tmem39b,Tmem39b,311.5275,0.139,0.0956,1.4539,0.146,0.8425
Tmem40,Tmem40,6.361,-0.6796,0.6222,-1.0922,0.2747,
Tmem41a,Tmem41a,385.3339,-0.0442,0.111,-0.3986,0.6902,0.9724
Tmem41b,Tmem41b,1035.3233,0.019,0.0911,0.2079,0.8353,0.9906
Tmem42,Tmem42,253.4098,0.1531,0.1149,1.3324,0.1827,0.8711
Tmem43,Tmem43,7818.3305,0.0274,0.0618,0.4432,0.6576,0.97
Tmem44,Tmem44,256.0767,-0.0799,0.1725,-0.4632,0.6432,0.9684
Tmem45a,Tmem45a,1986.8341,-0.3255,0.1628,-1.9995,0.0456,0.7227
Tmem47,Tmem47,1298.8242,0.0628,0.1273,0.4937,0.6216,0.966
Tmem5,Tmem5,1273.4822,-0.0297,0.0521,-0.5706,0.5683,0.9595
Tmem50a,Tmem50a,5608.3679,-0.0305,0.0732,-0.4169,0.6768,0.9715
Tmem50b,Tmem50b,1423.2855,0.0062,0.0581,0.1074,0.9145,0.9948
Tmem52,Tmem52,0.9714,-0.318,1.4928,-0.213,0.8313,
Tmem53,Tmem53,250.6374,-0.1478,0.1149,-1.2866,0.1982,0.8828
Tmem54,Tmem54,1.5385,0.2884,1.2766,0.2259,0.8213,
Tmem55a,Tmem55a,2861.9952,-0.0888,0.0589,-1.5059,0.1321,0.826
Tmem55b,Tmem55b,1515.9474,-0.0495,0.0825,-0.6004,0.5482,0.9571
Tmem56,Tmem56,40.0012,0.0913,0.2709,0.3371,0.7361,0.9808
Tmem57,Tmem57,2406.0142,-0.0546,0.0565,-0.9659,0.3341,0.9207
Tmem59,Tmem59,11927.5551,0.0356,0.0604,0.5882,0.5564,0.9576
Tmem59l,Tmem59l,2.0136,0.3003,1.0416,0.2883,0.7731,
Tmem60,Tmem60,511.3522,-0.0202,0.0902,-0.2243,0.8225,0.9893
Tmem62,Tmem62,746.5873,-0.0446,0.0968,-0.4602,0.6453,0.9684
Tmem63a,Tmem63a,3260.229,-0.0198,0.1044,-0.1901,0.8493,0.9906
Tmem63b,Tmem63b,2189.2568,-0.1099,0.0619,-1.7745,0.076,0.7682
Tmem63c,Tmem63c,0.5793,0.7569,1.9833,0.3816,0.7027,
Tmem64,Tmem64,8754.335,0.0398,0.0803,0.4957,0.6201,0.966
Tmem65,Tmem65,4262.1839,0.0816,0.0743,1.0979,0.2723,0.9032
Tmem67,Tmem67,353.5647,-0.0258,0.1098,-0.2352,0.814,0.9889
Tmem68,Tmem68,571.601,0.0814,0.0709,1.1492,0.2505,0.8923
Tmem69,Tmem69,590.9865,0.043,0.0884,0.4867,0.6265,0.9673
Tmem70,Tmem70,1669.4743,-0.0224,0.0799,-0.2798,0.7796,0.985
Tmem71,Tmem71,10.0763,-0.8838,0.5558,-1.59,0.1118,
Tmem74,Tmem74,2.8743,-0.2752,0.8605,-0.3198,0.7491,
Tmem79,Tmem79,150.9019,-0.024,0.178,-0.135,0.8926,0.992
Tmem8,Tmem8,89.5416,-0.1002,0.1782,-0.5625,0.5738,0.9614
Tmem80,Tmem80,257.7149,0.1153,0.1187,0.9717,0.3312,0.9201
Tmem81,Tmem81,152.8412,0.1115,0.1277,0.8731,0.3826,0.9315
Tmem82,Tmem82,0.6759,-2.7559,2.0717,-1.3302,0.1834,
Tmem86a,Tmem86a,1361.7301,0.153,0.1512,1.0125,0.3113,0.9173
Tmem86b,Tmem86b,32.9578,-0.2918,0.2937,-0.9935,0.3204,0.9188
Tmem87a,Tmem87a,1982.6885,0.0299,0.0647,0.4622,0.6439,0.9684
Tmem87b,Tmem87b,1305.6704,0.0849,0.1053,0.8056,0.4205,0.9404
Tmem88,Tmem88,6.4343,0.3469,0.5772,0.6011,0.5478,
Tmem88b,Tmem88b,102.0701,0.0944,0.1663,0.5678,0.5702,0.9604
Tmem8b,Tmem8b,190.258,0.1359,0.1287,1.0565,0.2908,0.9079
Tmem8c,Tmem8c,12752.3183,-0.0395,0.1307,-0.3019,0.7627,0.9849
Tmem9,Tmem9,2199.0704,-0.0057,0.0911,-0.0622,0.9504,0.9974
Tmem91,Tmem91,3.0754,0.3346,0.7705,0.4343,0.6641,
Tmem95,Tmem95,24.1347,-0.3329,0.3338,-0.9973,0.3186,0.9177
Tmem97,Tmem97,1830.6803,-0.0335,0.0856,-0.3909,0.6958,0.9731
Tmem98,Tmem98,1878.0443,-0.0871,0.0984,-0.8854,0.3759,0.9295
Tmem9b,Tmem9b,1802.6445,-0.0192,0.0769,-0.2495,0.803,0.9871
Tmf1,Tmf1,920.1726,0.0582,0.1442,0.4037,0.6864,0.9717
Tmie,Tmie,69.8464,-0.4271,0.228,-1.8736,0.061,0.7507
Tmigd1,Tmigd1,0.8645,-2.0336,1.6203,-1.2551,0.2094,
Tmod1,Tmod1,1064.5676,-0.1224,0.1131,-1.0825,0.279,0.9074
Tmod2,Tmod2,38.3032,0.0693,0.2338,0.2965,0.7669,0.985
Tmod3,Tmod3,2616.079,0.002,0.0854,0.0238,0.981,0.9984
Tmod4,Tmod4,23.6344,0.0551,0.2888,0.1906,0.8488,0.9906
Tmpo,Tmpo,8097.274,-0.0752,0.0997,-0.7538,0.451,0.9455
Tmppe,Tmppe,303.4838,0.2078,0.1245,1.6682,0.0953,0.7876
Tmprss11b,Tmprss11b,4.2388,-0.0185,0.6962,-0.0266,0.9787,
Tmprss11f,Tmprss11f,13.7897,-0.0421,0.4368,-0.0963,0.9233,
Tmprss2,Tmprss2,0.685,-1.0144,2.1761,-0.4662,0.6411,
Tmprss6,Tmprss6,31.8518,-0.3882,0.2756,-1.4084,0.159,0.8557
Tmprss7,Tmprss7,0.4728,-0.5368,2.3855,-0.225,0.8219,
Tmprss9,Tmprss9,1.813,1.0172,1.167,0.8716,0.3834,
Tmsb10,Tmsb10,24774.0468,-0.2424,0.0848,-2.8586,0.0043,0.3755
Tmsb15a,Tmsb15a,2.1211,-0.2433,1.057,-0.2302,0.8179,
Tmsb4x,Tmsb4x,32633.2238,-0.1452,0.0829,-1.7515,0.0799,0.77
Tmtc1,Tmtc1,1.7397,0.0045,1.0341,0.0043,0.9965,
Tmtc2,Tmtc2,121.4604,-0.1528,0.2938,-0.5201,0.603,0.966
Tmtc3,Tmtc3,880.9245,0.0538,0.1778,0.3023,0.7624,0.9849
Tmtc4,Tmtc4,929.2276,0.0962,0.0946,1.0169,0.3092,0.9169
Tmub1,Tmub1,211.3979,-0.2054,0.1462,-1.405,0.16,0.856
Tmub2,Tmub2,2025.0134,-0.0173,0.0665,-0.2599,0.795,0.9871
Tmx1,Tmx1,3108.8034,-0.0046,0.0786,-0.059,0.9529,0.9974
Tmx2,Tmx2,2272.175,-0.0069,0.0978,-0.0709,0.9435,0.9971
Tmx3,Tmx3,2087.0607,0.0237,0.1551,0.1529,0.8785,0.9914
Tmx4,Tmx4,2213.012,-0.0879,0.0688,-1.2776,0.2014,0.8828
Tnc,Tnc,24542.1331,-0.2604,0.1394,-1.8674,0.0618,0.7546
Tnf,Tnf,15.1238,-0.7071,0.4379,-1.6149,0.1063,
Tnfaip1,Tnfaip1,4995.6099,-0.081,0.0535,-1.5142,0.13,0.8232
Tnfaip2,Tnfaip2,5517.0389,-0.0016,0.1639,-0.0096,0.9923,0.9993
Tnfaip3,Tnfaip3,1369.3261,-0.1435,0.0914,-1.5706,0.1163,0.8127
Tnfaip6,Tnfaip6,24.1273,-1.0887,0.4581,-2.3766,0.0175,0.582
Tnfaip8,Tnfaip8,705.4209,0.0744,0.0933,0.7971,0.4254,0.9422
Tnfaip8l1,Tnfaip8l1,131.727,-0.2001,0.1656,-1.2086,0.2268,0.8906
Tnfaip8l2,Tnfaip8l2,3.5572,-0.1597,0.7715,-0.207,0.836,
Tnfrsf10b,Tnfrsf10b,1350.9257,0.0188,0.0774,0.2432,0.8078,0.9881
Tnfrsf11a,Tnfrsf11a,4.1284,0.1002,0.8023,0.1249,0.9006,
Tnfrsf11b,Tnfrsf11b,198.4152,-0.152,0.2877,-0.5283,0.5973,0.964
Tnfrsf12a,Tnfrsf12a,4496.14,-0.2024,0.1199,-1.6885,0.0913,0.7855
Tnfrsf13c,Tnfrsf13c,4.5114,0.4314,0.762,0.5661,0.5713,
Tnfrsf14,Tnfrsf14,21.1543,-0.1405,0.3764,-0.3734,0.7088,0.9746
Tnfrsf18,Tnfrsf18,36.2232,0.7386,0.3921,1.8835,0.0596,0.749
Tnfrsf19,Tnfrsf19,49.3624,-0.3065,0.3683,-0.8323,0.4053,0.9368
Tnfrsf1a,Tnfrsf1a,5929.8283,0.0955,0.1143,0.8356,0.4034,0.9365
Tnfrsf1b,Tnfrsf1b,4153.3702,0.1622,0.0501,3.2385,0.0012,0.2407
Tnfrsf21,Tnfrsf21,215.4224,0.2416,0.2035,1.1875,0.235,0.8923
Tnfrsf22,Tnfrsf22,366.532,-0.0313,0.1059,-0.2958,0.7673,0.985
Tnfrsf23,Tnfrsf23,1834.8069,-0.1408,0.0705,-1.9967,0.0459,0.7227
Tnfrsf25,Tnfrsf25,245.8442,0.1013,0.1211,0.8363,0.403,0.9365
Tnfrsf26,Tnfrsf26,4.0478,-0.8618,0.7335,-1.1749,0.2401,
Tnfrsf4,Tnfrsf4,15.7846,0.0818,0.3445,0.2375,0.8122,
Tnfrsf8,Tnfrsf8,2.3933,-0.962,1.0594,-0.908,0.3639,
Tnfrsf9,Tnfrsf9,71.2667,-0.1861,0.2998,-0.6207,0.5348,0.9571
Tnfsf10,Tnfsf10,2.3146,1.4552,1.0728,1.3565,0.175,
Tnfsf11,Tnfsf11,4.5082,-0.4504,0.7395,-0.609,0.5425,
Tnfsf12,Tnfsf12,265.3502,-0.0132,0.1425,-0.0926,0.9262,0.9957
Tnfsf13,Tnfsf13,13.2791,-0.1835,0.5625,-0.3262,0.7442,
Tnfsf13b,Tnfsf13b,4.4407,1.8487,0.7325,2.5237,0.0116,
Tnfsf15,Tnfsf15,59.9,-0.219,0.2556,-0.8566,0.3917,0.9336
Tnfsf18,Tnfsf18,2.8789,0.1216,0.8199,0.1483,0.8821,
Tnfsf4,Tnfsf4,1.0529,0.9202,1.3695,0.6719,0.5016,
Tnfsf9,Tnfsf9,253.5592,-0.2069,0.1137,-1.8205,0.0687,0.7617
Tnfsfm13,Tnfsfm13,2.26,0.5315,2.1023,0.2528,0.8004,
Tnik,Tnik,189.9931,-0.1428,0.1793,-0.7967,0.4257,0.9422
Tnip1,Tnip1,3120.7197,0.0003,0.0671,0.0052,0.9958,0.9995
Tnip2,Tnip2,427.3827,-0.0011,0.1008,-0.0106,0.9916,0.9993
Tnip3,Tnip3,7.1946,1.1489,0.6159,1.8655,0.0621,
Tnk1,Tnk1,1.4482,0.1956,1.2799,0.1528,0.8785,
Tnk2,Tnk2,1636.3235,0.0994,0.0585,1.6982,0.0895,0.7842
Tnk2os,Tnk2os,6.9252,0.5148,0.6588,0.7814,0.4346,
Tnks,Tnks,1716.15,0.0438,0.0989,0.4426,0.6581,0.97
Tnks1bp1,Tnks1bp1,9021.8864,0.034,0.0472,0.7199,0.4716,0.9489
Tnks2,Tnks2,5658.432,0.0537,0.0696,0.7711,0.4407,0.9455
Tnmd,Tnmd,0.9625,1.007,1.3736,0.7331,0.4635,
Tnn,Tnn,56.1844,-0.6462,0.4221,-1.531,0.1258,0.815
Tnnc1,Tnnc1,18243.2355,-0.233,0.1291,-1.804,0.0712,0.7617
Tnnc2,Tnnc2,6138.7427,-0.2325,0.1382,-1.6828,0.0924,0.7872
Tnni1,Tnni1,18498.5402,-0.2307,0.1403,-1.6443,0.1001,0.7895
Tnni2,Tnni2,4858.3842,-0.2381,0.1296,-1.8369,0.0662,0.7609
Tnni3,Tnni3,12.1577,-0.0011,0.4135,-0.0027,0.9978,
Tnni3k,Tnni3k,4.7282,-0.4331,0.6478,-0.6685,0.5038,
Tnnt1,Tnnt1,6334.9297,-0.2611,0.1286,-2.0307,0.0423,0.7204
Tnnt2,Tnnt2,15926.4831,-0.1857,0.1412,-1.3155,0.1883,0.874
Tnnt3,Tnnt3,12576.4423,-0.2049,0.1357,-1.5097,0.1311,0.826
Tnpo1,Tnpo1,3300.1281,-0.0742,0.1036,-0.7166,0.4736,0.949
Tnpo2,Tnpo2,6059.1544,0.0813,0.1061,0.7664,0.4434,0.9455
Tnpo3,Tnpo3,3822.8041,0.0372,0.0565,0.6589,0.51,0.9528
Tnr,Tnr,1.6319,-0.4957,1.1188,-0.4431,0.6577,
Tnrc18,Tnrc18,3953.4734,0.1522,0.0607,2.5063,0.0122,0.5308
Tnrc6a,Tnrc6a,1430.8585,0.1635,0.1238,1.3203,0.1867,0.874
Tnrc6b,Tnrc6b,1940.1441,0.0922,0.1546,0.596,0.5512,0.9571
Tnrc6c,Tnrc6c,1167.3156,0.1086,0.1124,0.9661,0.334,0.9207
Tns1,Tns1,13766.7042,0.0362,0.0589,0.6143,0.539,0.9571
Tns2,Tns2,4934.7277,0.0595,0.1058,0.5627,0.5736,0.9614
Tns3,Tns3,12519.025,0.1262,0.043,2.9355,0.0033,0.3452
Tns4,Tns4,34.4854,-0.3349,0.3115,-1.075,0.2824,0.9074
Tnxb,Tnxb,2.0331,0.5786,1.0184,0.5682,0.5699,
Tob1,Tob1,2556.9845,0.0371,0.0492,0.7537,0.4511,0.9455
Tob2,Tob2,2124.2994,0.0325,0.0863,0.377,0.7062,0.9744
Toe1,Toe1,649.0728,-0.0695,0.0845,-0.8226,0.4107,0.9377
Tollip,Tollip,3045.0488,-0.1155,0.06,-1.9263,0.0541,0.7358
Tom1,Tom1,1352.7512,-0.1014,0.0964,-1.0518,0.2929,0.91
Tom1l1,Tom1l1,276.8816,-0.0465,0.1732,-0.2683,0.7885,0.9865
Tom1l2,Tom1l2,3221.0802,0.0806,0.0694,1.1623,0.2451,0.8923
Tomm20,Tomm20,4682.7164,-0.0062,0.0629,-0.0984,0.9216,0.9957
Tomm22,Tomm22,3329.4231,-0.0904,0.0656,-1.3783,0.1681,0.8614
Tomm34,Tomm34,905.7825,-0.0296,0.0894,-0.3307,0.7409,0.983
Tomm40,Tomm40,1894.5911,-0.0537,0.1066,-0.5039,0.6144,0.966
Tomm40l,Tomm40l,788.692,-0.0817,0.0976,-0.8371,0.4025,0.9365
Tomm5,Tomm5,1348.4786,-0.0053,0.102,-0.0523,0.9583,0.9974
Tomm6,Tomm6,779.7624,0.0628,0.2281,0.2753,0.7831,0.985
Tomm6os,Tomm6os,9.5194,0.5664,0.5202,1.0889,0.2762,
Tomm7,Tomm7,1357.947,-0.0383,0.0895,-0.4286,0.6682,0.9702
Tomm70a,Tomm70a,4226.8418,0.0733,0.0602,1.2166,0.2238,0.8877
Tomt,Tomt,80.2837,0.1153,0.1785,0.6461,0.5182,0.9553
Tonsl,Tonsl,404.7929,-0.029,0.1963,-0.1479,0.8824,0.9914
Top1,Top1,2957.2205,0.0866,0.0957,0.9049,0.3655,0.9295
Top1mt,Top1mt,346.2286,-0.0457,0.0912,-0.5017,0.6159,0.966
Top2a,Top2a,6361.0027,-0.0833,0.2011,-0.4144,0.6786,0.9717
Top2b,Top2b,2722.8029,0.0547,0.1754,0.3119,0.7551,0.9849
Top3a,Top3a,535.1554,-0.0548,0.0817,-0.6709,0.5023,0.9515
Top3b,Top3b,1835.6859,0.0416,0.0605,0.6867,0.4922,0.9515
Topbp1,Topbp1,2042.0422,-0.0428,0.1361,-0.3144,0.7532,0.9849
Topors,Topors,1587.2478,0.088,0.1606,0.5481,0.5836,0.964
Toporsos,Toporsos,6.6047,0.087,0.6793,0.1281,0.8981,
Tor1a,Tor1a,1215.4385,0.0071,0.0597,0.119,0.9053,0.9939
Tor1aip1,Tor1aip1,3201.1788,0.1131,0.0729,1.5521,0.1206,0.8127
Tor1aip2,Tor1aip2,7525.3025,0.011,0.0593,0.1851,0.8531,0.9906
Tor1b,Tor1b,3209.2815,0.0205,0.053,0.3867,0.6989,0.9736
Tor2a,Tor2a,674.1126,-0.0551,0.0862,-0.6392,0.5227,0.9556
Tor3a,Tor3a,2771.7883,-0.0193,0.084,-0.2297,0.8183,0.9892
Tor4a,Tor4a,1555.9342,0.1212,0.1148,1.0554,0.2912,0.9084
Tox,Tox,0.4831,0.2636,2.062,0.1278,0.8983,
Tox2,Tox2,9.2075,-0.251,0.5952,-0.4217,0.6732,
Tox4,Tox4,3016.0613,-0.0047,0.0699,-0.0667,0.9468,0.9971
Tpbg,Tpbg,2403.1894,-0.0081,0.0854,-0.0947,0.9246,0.9957
Tpcn1,Tpcn1,3134.314,-0.154,0.0882,-1.7452,0.081,0.7744
Tpcn2,Tpcn2,382.0949,0.0685,0.1182,0.5794,0.5624,0.9582
Tpd52,Tpd52,957.7166,-0.1246,0.0908,-1.3713,0.1703,0.8614
Tpd52l1,Tpd52l1,210.6161,-0.2093,0.1558,-1.3433,0.1792,0.8683
Tpd52l2,Tpd52l2,3646.5696,-0.0571,0.0594,-0.9613,0.3364,0.9214
Tpgs1,Tpgs1,616.1409,-0.005,0.0868,-0.0579,0.9539,0.9974
Tpgs2,Tpgs2,886.8767,-0.1239,0.0982,-1.261,0.2073,0.8873
Tph1,Tph1,1.5342,1.3302,1.1617,1.145,0.2522,
Tph2,Tph2,16.5045,-0.1677,0.5122,-0.3274,0.7433,
Tpi1,Tpi1,29680.1871,-0.3943,0.121,-3.2575,0.0011,0.2398
Tpk1,Tpk1,143.544,-0.0153,0.129,-0.1182,0.9059,0.9939
Tpm1,Tpm1,44086.4091,-0.018,0.1029,-0.1749,0.8612,0.9906
Tpm2,Tpm2,33878.6796,-0.0817,0.1404,-0.5819,0.5606,0.9579
Tpm3,Tpm3,11105.178,-0.0467,0.0817,-0.5713,0.5678,0.9592
Tpm4,Tpm4,37419.0096,-0.0117,0.091,-0.1283,0.8979,0.9927
Tpmt,Tpmt,369.4812,0.0082,0.0914,0.0893,0.9289,0.9957
Tpp1,Tpp1,3699.4029,-0.0451,0.0979,-0.4607,0.645,0.9684
Tpp2,Tpp2,2667.5311,0.0596,0.1276,0.4669,0.6406,0.9681
Tppp,Tppp,2.698,0.3484,1.1197,0.3111,0.7557,
Tppp3,Tppp3,1947.6871,-0.2612,0.1216,-2.1481,0.0317,0.6558
Tpr,Tpr,1383.5253,0.1941,0.1851,1.0487,0.2943,0.9119
Tpra1,Tpra1,735.3341,0.0855,0.1176,0.7273,0.467,0.9483
Tprg,Tprg,2.0114,0.8095,1.2396,0.653,0.5137,
Tprgl,Tprgl,3514.0341,0.0109,0.0998,0.1094,0.9129,0.9943
Tprkb,Tprkb,1405.0483,0.0103,0.0586,0.1751,0.861,0.9906
Tprn,Tprn,349.9662,0.0155,0.0949,0.1635,0.8701,0.9906
Tpsab1,Tpsab1,62.937,-0.3412,0.3765,-0.9063,0.3648,0.9295
Tpst1,Tpst1,2451.6148,0.2751,0.1163,2.3653,0.018,0.582
Tpst2,Tpst2,3581.4223,-0.0432,0.0592,-0.73,0.4654,0.9483
Tpt1,Tpt1,83759.5677,-0.054,0.0592,-0.9121,0.3617,0.9295
Tpte,Tpte,0.382,0.9683,2.4741,0.3914,0.6955,
Tpx2,Tpx2,3392.0092,-0.1761,0.1454,-1.2114,0.2257,0.8895
Tra2a,Tra2a,3048.7587,0.0027,0.0889,0.0307,0.9755,0.9975
Tra2b,Tra2b,4703.1067,0.0304,0.0967,0.3149,0.7528,0.9849
Trabd,Trabd,2184.8496,-0.0118,0.0831,-0.1414,0.8875,0.9917
Trabd2b,Trabd2b,1944.3939,0.0407,0.209,0.1949,0.8455,0.9906
Tradd,Tradd,561.9057,0.1158,0.0929,1.2455,0.213,0.8877
Traf1,Traf1,90.5475,-0.3682,0.2022,-1.8212,0.0686,0.7617
Traf2,Traf2,2224.5203,0.068,0.0911,0.7465,0.4553,0.9483
Traf3,Traf3,2432.3372,0.0878,0.06,1.4647,0.143,0.8395
Traf3ip1,Traf3ip1,541.466,0.0963,0.0784,1.2289,0.2191,0.8877
Traf3ip2,Traf3ip2,207.9356,0.0902,0.13,0.6938,0.4878,0.9515
Traf3ip3,Traf3ip3,118.1661,-0.2371,0.1785,-1.3281,0.1841,0.8729
Traf4,Traf4,3685.1852,-0.2185,0.1102,-1.9831,0.0474,0.7227
Traf5,Traf5,424.9077,-0.0031,0.126,-0.0244,0.9805,0.9982
Traf6,Traf6,983.1187,0.0626,0.0997,0.6276,0.5303,0.9568
Traf7,Traf7,4093.8793,-0.0724,0.044,-1.6444,0.1001,0.7895
Trafd1,Trafd1,1766.5582,0.0175,0.058,0.3021,0.7626,0.9849
Traip,Traip,275.7787,-0.109,0.1216,-0.8967,0.3699,0.9295
Trak1,Trak1,2931.3174,-0.083,0.0536,-1.5473,0.1218,0.8129
Trak2,Trak2,2716.6298,-0.0419,0.0773,-0.5417,0.588,0.964
Tram1,Tram1,6064.5352,-0.0436,0.0764,-0.5712,0.5679,0.9592
Tram1l1,Tram1l1,222.187,0.1647,0.1457,1.1306,0.2582,0.8966
Tram2,Tram2,249.0153,0.1022,0.1062,0.9617,0.3362,0.9212
Trap1,Trap1,3382.023,0.0354,0.0741,0.4779,0.6327,0.9681
Trappc1,Trappc1,1576.3106,-0.1838,0.062,-2.9671,0.003,0.3408
Trappc10,Trappc10,2896.2206,-0.0108,0.0501,-0.2166,0.8285,0.9906
Trappc11,Trappc11,1870.5424,0.077,0.0582,1.3233,0.1857,0.874
Trappc12,Trappc12,1769.7276,0.0276,0.0684,0.4034,0.6867,0.9717
Trappc13,Trappc13,2886.4304,0.019,0.0662,0.2867,0.7743,0.985
Trappc2,Trappc2,560.8073,0.0827,0.1135,0.7288,0.4661,0.9483
Trappc2l,Trappc2l,711.018,-0.1206,0.0856,-1.4095,0.1587,0.8557
Trappc3,Trappc3,2783.7794,-0.0622,0.0566,-1.0999,0.2714,0.9032
Trappc3l,Trappc3l,0.5713,1.6574,1.9992,0.829,0.4071,
Trappc4,Trappc4,1698.2671,-0.0585,0.0661,-0.8849,0.3762,0.9295
Trappc5,Trappc5,1287.4534,-0.0871,0.0882,-0.9869,0.3237,0.9197
Trappc6a,Trappc6a,600.2731,0.0208,0.1042,0.1995,0.8419,0.9906
Trappc6b,Trappc6b,1502.6446,-0.0265,0.0565,-0.4686,0.6394,0.9681
Trappc8,Trappc8,1728.4335,0.0209,0.1293,0.1615,0.8717,0.991
Trappc9,Trappc9,1966.7476,0.0883,0.0545,1.6198,0.1053,0.8
Trcg1,Trcg1,1.5428,-0.2638,1.2068,-0.2186,0.8269,
Trdmt1,Trdmt1,247.634,0.1365,0.1061,1.2864,0.1983,0.8828
Trdn,Trdn,18.2565,0.2658,0.3698,0.7188,0.4723,
Treh,Treh,0.384,0.9702,2.472,0.3925,0.6947,
Trem2,Trem2,24.4405,0.3056,0.3541,0.8631,0.3881,0.933
Treml1,Treml1,0.2941,0.8438,2.6255,0.3214,0.7479,
Trerf1,Trerf1,318.7978,0.119,0.1339,0.8888,0.3741,0.9295
Trex1,Trex1,270.4078,0.0427,0.119,0.359,0.7196,0.9784
Trf,Trf,12.8574,0.0573,0.4215,0.1358,0.892,
Trhde,Trhde,7.4248,0.5379,0.5283,1.0182,0.3086,
Trhr2,Trhr2,1.1603,-1.0116,1.4186,-0.7131,0.4758,
Triap1,Triap1,786.5335,-0.0664,0.1117,-0.5939,0.5526,0.9571
Trib1,Trib1,707.4254,0.0152,0.1551,0.0983,0.9217,0.9957
Trib2,Trib2,683.078,-0.0569,0.1447,-0.3932,0.6942,0.9731
Trib3,Trib3,221.0661,-0.5231,0.3148,-1.6617,0.0966,0.7886
Tril,Tril,713.3229,0.0499,0.1684,0.2964,0.767,0.985
Trim10,Trim10,0.3853,0.9701,2.47,0.3928,0.6945,
Trim11,Trim11,1181.4208,0.2127,0.1565,1.3585,0.1743,0.8614
Trim12c,Trim12c,145.8228,0.1554,0.1731,0.8981,0.3691,0.9295
Trim13,Trim13,626.8178,-0.1282,0.0847,-1.5142,0.13,0.8232
Trim14,Trim14,21.579,-0.1851,0.3326,-0.5564,0.5779,0.963
Trim15,Trim15,3.0866,-0.7729,0.8478,-0.9117,0.3619,
Trim16,Trim16,1102.5281,-0.1813,0.0828,-2.1889,0.0286,0.6409
Trim17,Trim17,24.1344,0.1142,0.3037,0.3759,0.707,0.9744
Trim2,Trim2,1007.9949,0.1259,0.1728,0.7285,0.4663,0.9483
Trim21,Trim21,155.2848,0.0455,0.1604,0.2838,0.7765,0.985
Trim23,Trim23,744.2415,0.1438,0.1349,1.0657,0.2866,0.9079
Trim24,Trim24,609.3785,0.0155,0.1728,0.0897,0.9285,0.9957
Trim25,Trim25,1654.3172,0.0048,0.0529,0.0905,0.9279,0.9957
Trim26,Trim26,1611.4301,0.0142,0.0662,0.2141,0.8305,0.9906
Trim27,Trim27,1959.0941,-0.0711,0.0735,-0.9672,0.3334,0.9207
Trim28,Trim28,7790.9835,-0.0706,0.0492,-1.4365,0.1509,0.8457
Trim29,Trim29,3.5939,-2.0636,0.8889,-2.3214,0.0203,
Trim3,Trim3,1629.8089,-0.0548,0.0645,-0.8493,0.3957,0.9341
Trim30a,Trim30a,14.9661,0.567,0.545,1.0402,0.2982,
Trim32,Trim32,1578.2002,-0.0177,0.0542,-0.3268,0.7438,0.9832
Trim33,Trim33,825.3146,-0.0006,0.2185,-0.0029,0.9977,0.9996
Trim34a,Trim34a,10.2229,0.4137,0.4634,0.8928,0.372,
Trim34b,Trim34b,11.0842,0.6282,0.4283,1.4667,0.1425,
Trim35,Trim35,10012.7716,-0.0114,0.0637,-0.1795,0.8575,0.9906
Trim36,Trim36,30.5128,-0.3138,0.2718,-1.1545,0.2483,0.8923
Trim37,Trim37,1505.7382,0.0377,0.0613,0.6149,0.5386,0.9571
Trim39,Trim39,598.5696,0.0429,0.0945,0.4541,0.6497,0.9684
Trim40,Trim40,0.9561,1.6565,1.6334,1.0141,0.3105,
Trim41,Trim41,1593.7843,-0.0792,0.0578,-1.369,0.171,0.8614
Trim43a,Trim43a,3.4822,-0.6147,0.778,-0.7901,0.4295,
Trim43b,Trim43b,2.7033,1.172,0.9135,1.2831,0.1995,
Trim43c,Trim43c,7.4082,-0.12,0.5489,-0.2186,0.8269,
Trim44,Trim44,3748.5237,0.0947,0.0576,1.6438,0.1002,0.7895
Trim45,Trim45,243.4482,0.0021,0.1119,0.0184,0.9853,0.9991
Trim46,Trim46,365.7047,-0.0429,0.0902,-0.4753,0.6346,0.9681
Trim47,Trim47,1793.1394,-0.1177,0.0846,-1.392,0.1639,0.8598
Trim54,Trim54,929.0364,-0.2434,0.1143,-2.1301,0.0332,0.6642
Trim55,Trim55,2117.1133,-0.1172,0.1084,-1.0808,0.2798,0.9074
Trim56,Trim56,311.6931,-0.0653,0.1396,-0.4676,0.6401,0.9681
Trim59,Trim59,2026.1181,0.0006,0.1391,0.0041,0.9967,0.9995
Trim6,Trim6,0.2941,0.8438,2.6255,0.3214,0.7479,
Trim62,Trim62,81.5089,-0.0115,0.201,-0.0571,0.9545,0.9974
Trim63,Trim63,830.938,-0.0778,0.1257,-0.6187,0.5361,0.9571
Trim65,Trim65,127.6061,-0.0086,0.1491,-0.0579,0.9538,0.9974
Trim66,Trim66,76.8258,-0.1808,0.2855,-0.6334,0.5265,0.9565
Trim67,Trim67,2.4237,1.9173,1.1034,1.7377,0.0823,
Trim68,Trim68,244.2397,0.0424,0.1045,0.4059,0.6848,0.9717
Trim69,Trim69,4.9,1.1446,0.8451,1.3545,0.1756,
Trim7,Trim7,152.1272,-0.0272,0.15,-0.1814,0.856,0.9906
Trim72,Trim72,3714.9309,-0.2633,0.1625,-1.6203,0.1052,0.8
Trim8,Trim8,2871.4836,-0.1163,0.0901,-1.2911,0.1967,0.8806
Trio,Trio,4009.6707,-0.0155,0.0708,-0.2188,0.8268,0.9905
Triobp,Triobp,990.6471,-0.1283,0.0978,-1.3124,0.1894,0.874
Trip10,Trip10,2041.6973,-0.0203,0.0727,-0.2798,0.7796,0.985
Trip11,Trip11,360.3554,0.3339,0.1976,1.6899,0.0911,0.7855
Trip12,Trip12,7832.6878,0.0372,0.1145,0.3247,0.7454,0.9836
Trip13,Trip13,372.4481,-0.1292,0.1784,-0.724,0.4691,0.9483
Trip4,Trip4,1345.8077,0.0848,0.072,1.1769,0.2392,0.8923
Trip6,Trip6,1813.7624,-0.108,0.0745,-1.4498,0.1471,0.8425
Triqk,Triqk,142.1074,-0.0294,0.1642,-0.1792,0.8578,0.9906
Trit1,Trit1,1052.1734,-0.012,0.0975,-0.1228,0.9022,0.9937
Trmt1,Trmt1,2140.6146,0.0104,0.051,0.2036,0.8386,0.9906
Trmt10a,Trmt10a,568.8747,0.0527,0.1057,0.4989,0.6179,0.966
Trmt10b,Trmt10b,286.6228,-0.1423,0.0924,-1.54,0.1236,0.8143
Trmt10c,Trmt10c,628.8486,0.069,0.1167,0.5914,0.5542,0.9571
Trmt11,Trmt11,375.6106,0.0885,0.0944,0.9372,0.3487,0.9264
Trmt112,Trmt112,2017.4463,-0.0213,0.0841,-0.2526,0.8005,0.9871
Trmt12,Trmt12,438.7394,-0.0678,0.0847,-0.8002,0.4236,0.9419
Trmt13,Trmt13,123.1759,0.0991,0.1459,0.6791,0.4971,0.9515
Trmt1l,Trmt1l,1572.3883,0.0802,0.0523,1.5333,0.1252,0.815
Trmt2a,Trmt2a,1402.9618,0.0011,0.0726,0.015,0.9881,0.9993
Trmt2b,Trmt2b,983.6678,0.0531,0.0605,0.8776,0.3802,0.9303
Trmt44,Trmt44,354.4436,0.0326,0.1126,0.2892,0.7725,0.985
Trmt5,Trmt5,577.1316,0.0952,0.0784,1.2147,0.2245,0.8877
Trmt6,Trmt6,1137.4396,-0.0754,0.069,-1.0925,0.2746,0.9053
Trmt61a,Trmt61a,527.5082,0.0176,0.106,0.1665,0.8677,0.9906
Trmt61b,Trmt61b,92.145,-0.1248,0.1829,-0.6826,0.4949,0.9515
Trmu,Trmu,399.5837,0.06,0.1072,0.5595,0.5758,0.9619
Trnau1ap,Trnau1ap,890.0912,0.032,0.0766,0.4182,0.6758,0.9713
Trnp1,Trnp1,25.1902,-0.2723,0.3646,-0.7469,0.4551,0.9482
Trnt1,Trnt1,738.3788,0.187,0.1036,1.8039,0.0712,0.7617
Tro,Tro,7.1986,-0.2553,0.5629,-0.4535,0.6502,
Troap,Troap,679.7418,-0.2239,0.1748,-1.2807,0.2003,0.8828
Trove2,Trove2,822.8972,0.0615,0.1634,0.3764,0.7066,0.9744
Trp53,Trp53,5284.9309,-0.0233,0.0721,-0.323,0.7467,0.9841
Trp53bp1,Trp53bp1,2270.1626,0.1282,0.0434,2.9544,0.0031,0.3413
Trp53bp2,Trp53bp2,909.8841,-0.0303,0.069,-0.4391,0.6606,0.9702
Trp53cor1,Trp53cor1,106.3586,0.0406,0.1474,0.2755,0.783,0.985
Trp53i11,Trp53i11,73.1886,-0.2077,0.2115,-0.9824,0.3259,0.9197
Trp53i13,Trp53i13,698.2335,0.0307,0.1002,0.3065,0.7593,0.9849
Trp53inp1,Trp53inp1,1754.1218,0.1598,0.1456,1.0974,0.2725,0.9032
Trp53inp2,Trp53inp2,5744.626,-0.0475,0.0765,-0.6208,0.5347,0.9571
Trp53rka,Trp53rka,506.5496,0.0136,0.1213,0.1124,0.9105,0.9942
Trp53rkb,Trp53rkb,140.0312,0.0507,0.1687,0.3008,0.7635,0.9849
Trp53tg5,Trp53tg5,6.7606,-0.3388,0.5669,-0.5977,0.55,
Trp63,Trp63,405.0571,0.0024,0.1501,0.0158,0.9874,0.9992
Trp73,Trp73,0.5786,-1.5045,1.9481,-0.7723,0.4399,
Trpa1,Trpa1,0.8717,-0.0376,1.6014,-0.0235,0.9813,
Trpc1,Trpc1,62.8505,0.021,0.2291,0.0916,0.927,0.9957
Trpc3,Trpc3,5.5038,-0.4105,0.6531,-0.6285,0.5296,
Trpc4ap,Trpc4ap,6515.2981,0.0108,0.0486,0.2221,0.8242,0.9895
Trpc5os,Trpc5os,1.6341,1.328,1.381,0.9616,0.3362,
Trpm2,Trpm2,1.2537,0.5394,1.2797,0.4215,0.6734,
Trpm3,Trpm3,6.4314,-0.1521,0.6131,-0.2481,0.804,
Trpm4,Trpm4,745.4128,-0.0956,0.0986,-0.969,0.3325,0.9205
Trpm5,Trpm5,0.5729,0.2029,2.0295,0.1,0.9203,
Trpm6,Trpm6,43.5811,0.0353,0.2538,0.1393,0.8892,0.992
Trpm7,Trpm7,1511.6604,0.0928,0.1834,0.5058,0.613,0.966
Trpm8,Trpm8,2.3231,0.0304,0.9253,0.0329,0.9738,
Trps1,Trps1,751.3019,0.1398,0.1539,0.9082,0.3638,0.9295
Trpt1,Trpt1,160.7473,-0.0517,0.1411,-0.3662,0.7142,0.9766
Trpv1,Trpv1,11.9017,0.4192,0.4367,0.9598,0.3371,
Trpv2,Trpv2,255.9207,-0.0871,0.0947,-0.9205,0.3573,0.9295
Trpv3,Trpv3,1.5405,-0.4351,1.1572,-0.376,0.7069,
Trpv4,Trpv4,71.3262,0.3591,0.1845,1.9468,0.0516,0.7276
Trpv6,Trpv6,60.9227,-0.0972,0.2001,-0.4859,0.627,0.9673
Trrap,Trrap,3542.6809,-0.0222,0.0586,-0.3793,0.7044,0.9744
Trub1,Trub1,480.663,0.2145,0.1296,1.656,0.0977,0.7886
Trub2,Trub2,1214.8334,0.0227,0.1033,0.22,0.8259,0.9905
Try5,Try5,5.4443,-0.9058,1.0606,-0.8541,0.3931,
Tsacc,Tsacc,31.8144,0.1614,0.2484,0.6499,0.5158,0.9548
Tsc1,Tsc1,1289.595,0.1298,0.0824,1.5744,0.1154,0.8127
Tsc2,Tsc2,2828.8638,-0.0392,0.0583,-0.6724,0.5013,0.9515
Tsc22d1,Tsc22d1,13670.54,0.012,0.095,0.1268,0.8991,0.9931
Tsc22d2,Tsc22d2,1534.0231,0.0378,0.1564,0.242,0.8088,0.9882
Tsc22d3,Tsc22d3,1843.7619,0.1585,0.1788,0.8864,0.3754,0.9295
Tsc22d4,Tsc22d4,1719.5186,0.0078,0.0563,0.138,0.8903,0.992
Tsen15,Tsen15,676.4023,-0.1576,0.0742,-2.1225,0.0338,0.6686
Tsen2,Tsen2,870.8679,-0.0536,0.0596,-0.8991,0.3686,0.9295
Tsen34,Tsen34,2413.319,-0.0332,0.0804,-0.4133,0.6794,0.9717
Tsen54,Tsen54,473.3026,0.0171,0.0904,0.1893,0.8499,0.9906
Tsfm,Tsfm,1040.6042,-0.0519,0.079,-0.6565,0.5115,0.9533
Tsg101,Tsg101,3096.4602,0.0051,0.0579,0.0878,0.9301,0.9957
Tsga10,Tsga10,88.4994,0.2953,0.2245,1.3156,0.1883,0.874
Tshr,Tshr,0.4831,-2.244,2.2833,-0.9828,0.3257,
Tshz1,Tshz1,797.6348,0.1165,0.1283,0.908,0.3639,0.9295
Tshz3,Tshz3,1209.2238,0.019,0.1332,0.1428,0.8865,0.9917
Tsks,Tsks,1.0634,-2.5054,1.5162,-1.6525,0.0984,
Tsku,Tsku,1132.2266,0.0829,0.0834,0.9947,0.3199,0.9186
Tslp,Tslp,59.5368,0.4188,0.3436,1.2187,0.223,0.8877
Tsn,Tsn,4821.6541,0.0779,0.0659,1.1826,0.237,0.8923
Tsnax,Tsnax,3531.395,0.0511,0.0838,0.61,0.5418,0.9571
Tsnaxip1,Tsnaxip1,1.9412,0.8341,1.023,0.8153,0.4149,
Tspan1,Tspan1,0.9634,0.1226,1.4415,0.0851,0.9322,
Tspan11,Tspan11,302.646,-0.4608,0.3201,-1.4397,0.1499,0.8444
Tspan12,Tspan12,1186.5747,-0.1885,0.1035,-1.8208,0.0686,0.7617
Tspan13,Tspan13,148.501,-0.1173,0.2089,-0.5617,0.5743,0.9614
Tspan14,Tspan14,2982.0163,-0.1392,0.0456,-3.0509,0.0023,0.3249
Tspan15,Tspan15,1071.4897,-0.4953,0.1916,-2.5849,0.0097,0.4918
Tspan17,Tspan17,1581.8335,-0.0078,0.0605,-0.1282,0.898,0.9927
Tspan18,Tspan18,16.5543,-0.4228,0.4015,-1.0529,0.2924,
Tspan2,Tspan2,179.7658,0.0887,0.1826,0.4856,0.6273,0.9673
Tspan3,Tspan3,6955.5494,0.0331,0.0806,0.4104,0.6815,0.9717
Tspan31,Tspan31,4670.8543,-0.0092,0.0617,-0.1495,0.8812,0.9914
Tspan32,Tspan32,348.0987,-0.2779,0.1674,-1.6601,0.0969,0.7886
Tspan33,Tspan33,93.0266,-0.3604,0.1715,-2.1014,0.0356,0.6813
Tspan4,Tspan4,2366.3031,0.0302,0.0823,0.3669,0.7137,0.9766
Tspan5,Tspan5,1253.7125,0.0719,0.1156,0.6221,0.5339,0.9571
Tspan6,Tspan6,1720.677,-0.0572,0.0593,-0.9642,0.335,0.9207
Tspan7,Tspan7,1071.2287,-0.291,0.1103,-2.639,0.0083,0.4585
Tspan8,Tspan8,338.8149,-0.6546,0.539,-1.2145,0.2246,0.8877
Tspan9,Tspan9,7037.7935,-0.0904,0.0916,-0.987,0.3236,0.9197
Tspo,Tspo,9516.5402,-0.0848,0.0625,-1.3579,0.1745,0.8614
Tspyl1,Tspyl1,3408.942,0.0693,0.1107,0.6255,0.5316,0.9571
Tspyl2,Tspyl2,1284.3505,0.0683,0.0785,0.8704,0.3841,0.9315
Tspyl3,Tspyl3,7.5099,0.2986,0.548,0.5448,0.5859,
Tspyl4,Tspyl4,213.9511,0.2395,0.1529,1.5667,0.1172,0.8127
Tspyl5,Tspyl5,207.2018,-0.3699,0.1074,-3.4459,0.0006,0.218
Tsr1,Tsr1,1885.3892,0.0459,0.0723,0.6357,0.525,0.956
Tsr2,Tsr2,861.368,0.1503,0.1094,1.3744,0.1693,0.8614
Tsr3,Tsr3,718.1618,-0.0011,0.088,-0.0126,0.9899,0.9993
Tssc1,Tssc1,772.9892,-0.0452,0.0848,-0.5326,0.5943,0.964
Tssc4,Tssc4,900.9136,-0.1173,0.0969,-1.2111,0.2259,0.8895
Tssk1,Tssk1,1.3403,1.0705,1.4776,0.7245,0.4688,
Tssk2,Tssk2,1.2563,-0.631,1.2286,-0.5136,0.6075,
Tssk3,Tssk3,0.6706,-0.3878,1.7668,-0.2195,0.8263,
Tssk4,Tssk4,10.8137,0.4868,0.4613,1.0553,0.2913,
Tssk6,Tssk6,10.1329,0.1545,0.4388,0.352,0.7248,
Tst,Tst,248.6877,-0.0741,0.1175,-0.6307,0.5283,0.9567
Tsta3,Tsta3,1318.5769,-0.0676,0.0566,-1.1933,0.2328,0.8923
Tstd1,Tstd1,20.0225,0.2025,0.3546,0.5711,0.5679,
Tstd2,Tstd2,867.7773,0.0188,0.0754,0.25,0.8026,0.9871
Tstd3,Tstd3,481.8054,0.0938,0.1055,0.8893,0.3738,0.9295
Ttbk2,Ttbk2,792.9882,0.1048,0.1389,0.7545,0.4506,0.9455
Ttc1,Ttc1,1835.3019,-0.0149,0.0737,-0.2028,0.8393,0.9906
Ttc12,Ttc12,326.8567,0.0243,0.1588,0.153,0.8784,0.9914
Ttc13,Ttc13,2321.0719,-0.0127,0.0608,-0.2088,0.8346,0.9906
Ttc14,Ttc14,771.8446,0.2325,0.1273,1.8267,0.0677,0.7617
Ttc16,Ttc16,10.648,0.051,0.5039,0.1013,0.9193,
Ttc17,Ttc17,1654.5842,-0.026,0.0705,-0.3693,0.7119,0.9759
Ttc19,Ttc19,1042.6739,-0.0035,0.0672,-0.0514,0.959,0.9974
Ttc21a,Ttc21a,8.2492,0.4573,0.5386,0.849,0.3959,
Ttc21b,Ttc21b,819.0322,0.0403,0.0911,0.4427,0.658,0.97
Ttc22,Ttc22,0.8692,0.8128,2.1414,0.3795,0.7043,
Ttc23,Ttc23,592.1096,-0.0608,0.1132,-0.5371,0.5912,0.964
Ttc25,Ttc25,29.8186,0.2408,0.2941,0.8188,0.4129,0.9399
Ttc26,Ttc26,607.389,-0.0437,0.0764,-0.5725,0.567,0.9592
Ttc27,Ttc27,898.2747,0.0351,0.0906,0.3876,0.6983,0.9736
Ttc28,Ttc28,2470.5676,0.1784,0.061,2.9239,0.0035,0.3479
Ttc3,Ttc3,3872.7678,0.0594,0.1584,0.3749,0.7077,0.9745
Ttc30a1,Ttc30a1,148.8738,0.0373,0.177,0.2108,0.8331,0.9906
Ttc30a2,Ttc30a2,3.0862,-1.1408,0.9166,-1.2446,0.2133,
Ttc30b,Ttc30b,375.9042,0.0901,0.0937,0.9623,0.3359,0.9211
Ttc32,Ttc32,96.7514,-0.0365,0.1555,-0.2348,0.8143,0.9889
Ttc33,Ttc33,1786.905,0.0252,0.0657,0.3838,0.7011,0.9737
Ttc36,Ttc36,1.447,-0.2501,1.1448,-0.2184,0.8271,
Ttc37,Ttc37,947.2963,0.13,0.1535,0.8469,0.3971,0.9347
Ttc38,Ttc38,105.3907,0.065,0.1891,0.3437,0.7311,0.98
Ttc39a,Ttc39a,23.8685,-0.063,0.3207,-0.1964,0.8443,0.9906
Ttc39aos1,Ttc39aos1,4.443,-0.1024,0.6808,-0.1504,0.8804,
Ttc39b,Ttc39b,1996.4487,-0.0474,0.1224,-0.3873,0.6985,0.9736
Ttc39c,Ttc39c,468.6468,0.0659,0.1197,0.5509,0.5817,0.9637
Ttc39d,Ttc39d,1.8282,0.4242,1.1275,0.3762,0.7067,
Ttc4,Ttc4,1610.9679,-0.0746,0.0594,-1.2572,0.2087,0.8875
Ttc41,Ttc41,63.9921,-0.0056,0.1857,-0.03,0.976,0.9975
Ttc5,Ttc5,1137.985,-0.0262,0.0858,-0.305,0.7604,0.9849
Ttc7,Ttc7,1394.9237,-0.0188,0.0659,-0.2852,0.7755,0.985
Ttc7b,Ttc7b,738.6286,0.0342,0.0796,0.4296,0.6675,0.9702
Ttc8,Ttc8,631.9459,0.1129,0.0953,1.1849,0.2361,0.8923
Ttc9,Ttc9,1847.6631,-0.1376,0.1078,-1.2761,0.2019,0.8834
Ttc9b,Ttc9b,0.669,0.9632,1.9711,0.4886,0.6251,
Ttc9c,Ttc9c,770.6906,0.1541,0.0913,1.6883,0.0913,0.7855
Ttf1,Ttf1,586.8861,0.065,0.1083,0.6002,0.5483,0.9571
Ttf2,Ttf2,824.6389,-0.0642,0.0996,-0.6445,0.5193,0.9553
Tti1,Tti1,1051.3594,0.0222,0.056,0.3969,0.6915,0.9731
Tti2,Tti2,608.1327,0.069,0.0957,0.7209,0.471,0.9489
Ttk,Ttk,555.6197,-0.065,0.2279,-0.2854,0.7754,0.985
Ttl,Ttl,1343.6409,-0.0274,0.0823,-0.3327,0.7394,0.9825
Ttll1,Ttll1,1556.9366,-0.0347,0.0715,-0.4854,0.6274,0.9673
Ttll11,Ttll11,245.6349,-0.0796,0.1759,-0.4526,0.6509,0.9684
Ttll12,Ttll12,3586.5124,0.0115,0.0764,0.1511,0.8799,0.9914
Ttll13,Ttll13,11.398,0.0137,0.4101,0.0334,0.9733,
Ttll2,Ttll2,2.3047,1.0975,1.2212,0.8987,0.3688,
Ttll3,Ttll3,78.5792,0.2579,0.1642,1.5703,0.1163,0.8127
Ttll4,Ttll4,581.3276,0.1147,0.0794,1.4435,0.1489,0.8436
Ttll5,Ttll5,1869.9575,-0.1971,0.145,-1.3596,0.174,0.8614
Ttll6,Ttll6,0.4813,0.2666,2.0631,0.1292,0.8972,
Ttll7,Ttll7,956.7506,-0.0605,0.1785,-0.3389,0.7347,0.9803
Ttll9,Ttll9,0.3916,1.2541,2.4276,0.5166,0.6055,
Ttn,Ttn,6217.8883,-0.0158,0.2308,-0.0685,0.9454,0.9971
Ttpa,Ttpa,10.8934,-0.1189,0.4281,-0.2778,0.7811,
Ttpal,Ttpal,2549.3956,0.0277,0.0548,0.505,0.6136,0.966
Ttr,Ttr,1.1519,1.3324,1.3911,0.9578,0.3382,
Ttyh1,Ttyh1,6.2713,0.011,0.5726,0.0192,0.9847,
Ttyh2,Ttyh2,3210.0746,-0.0356,0.0661,-0.538,0.5906,0.964
Ttyh3,Ttyh3,2737.9021,-0.0348,0.0752,-0.4627,0.6436,0.9684
Tuba1a,Tuba1a,32232.1746,-0.079,0.1777,-0.4445,0.6567,0.9698
Tuba1b,Tuba1b,25281.2969,0.1253,0.3541,0.3537,0.7235,0.9788
Tuba1c,Tuba1c,7841.5953,0.1958,0.3693,0.5302,0.596,0.964
Tuba3b,Tuba3b,0.2941,0.8438,2.6255,0.3214,0.7479,
Tuba4a,Tuba4a,4224.7414,-0.0759,0.1101,-0.6898,0.4903,0.9515
Tubb2a,Tubb2a,9958.1385,-0.0826,0.0948,-0.8717,0.3834,0.9315
Tubb2a-ps2,Tubb2a-ps2,2.0562,0.4608,1.282,0.3594,0.7193,
Tubb2b,Tubb2b,8846.4938,-0.2375,0.0741,-3.2041,0.0014,0.2544
Tubb3,Tubb3,892.7259,-0.6165,0.1066,-5.7856,7.2235e-09,0.0001
Tubb4a,Tubb4a,7.9872,0.9125,0.5321,1.7149,0.0864,
Tubb4b,Tubb4b,9433.6412,-0.0743,0.132,-0.5629,0.5735,0.9614
Tubb5,Tubb5,40269.068,-0.0771,0.077,-1.0012,0.3167,0.9173
Tubb6,Tubb6,18938.9742,-0.0944,0.1225,-0.7708,0.4408,0.9455
Tubd1,Tubd1,434.7531,-0.0453,0.0959,-0.4724,0.6366,0.9681
Tube1,Tube1,182.1551,-0.1067,0.1568,-0.6807,0.4961,0.9515
Tubg1,Tubg1,1775.0694,-0.0904,0.0898,-1.0063,0.3143,0.9173
Tubg2,Tubg2,33.2789,0.1405,0.2635,0.5332,0.5939,0.964
Tubgcp2,Tubgcp2,1201.6335,-0.0512,0.0683,-0.7495,0.4536,0.9473
Tubgcp3,Tubgcp3,1476.5333,-0.0714,0.065,-1.0997,0.2715,0.9032
Tubgcp4,Tubgcp4,745.4101,0.0614,0.0807,0.7613,0.4465,0.9455
Tubgcp5,Tubgcp5,529.5924,0.1215,0.1039,1.1686,0.2426,0.8923
Tubgcp6,Tubgcp6,1226.7552,0.0471,0.0601,0.7839,0.4331,0.9453
Tufm,Tufm,2881.4968,-0.0111,0.0716,-0.1548,0.877,0.9914
Tuft1,Tuft1,623.2387,-0.0188,0.1026,-0.1828,0.855,0.9906
Tug1,Tug1,2251.886,0.1039,0.1512,0.6873,0.4919,0.9515
Tulp1,Tulp1,0.4894,0.5867,2.024,0.2899,0.7719,
Tulp2,Tulp2,0.6851,-0.2712,1.6576,-0.1636,0.87,
Tulp3,Tulp3,2108.432,-0.012,0.0887,-0.1348,0.8927,0.992
Tulp4,Tulp4,4447.7837,0.1971,0.1763,1.1182,0.2635,0.8981
Tusc1,Tusc1,133.4684,0.0385,0.1457,0.2642,0.7916,0.9865
Tusc2,Tusc2,619.582,0.0307,0.0891,0.3448,0.7303,0.98
Tusc3,Tusc3,2594.797,-0.1344,0.0911,-1.4753,0.1401,0.8365
Tusc5,Tusc5,3.3717,-0.032,0.7278,-0.044,0.9649,
Tut1,Tut1,665.0753,-0.0969,0.0934,-1.0377,0.2994,0.9153
Tvp23a,Tvp23a,194.0801,0.341,0.1456,2.3425,0.0192,0.5897
Tvp23b,Tvp23b,2325.8196,0.0821,0.065,1.2625,0.2068,0.8866
Twf1,Twf1,5422.6683,0.0813,0.0546,1.4891,0.1365,0.8276
Twf2,Twf2,956.9279,0.0427,0.091,0.4692,0.6389,0.9681
Twist1,Twist1,1.3427,0.4434,1.2868,0.3446,0.7304,
Twist2,Twist2,467.6127,0.0711,0.0943,0.7545,0.4505,0.9455
Twistnb,Twistnb,487.6203,0.061,0.1337,0.4564,0.6481,0.9684
Twsg1,Twsg1,3503.4321,0.0065,0.1109,0.0587,0.9532,0.9974
Txk,Txk,0.4894,0.5867,2.024,0.2899,0.7719,
Txlna,Txlna,4732.9643,-0.007,0.0435,-0.1603,0.8726,0.991
Txlnb,Txlnb,468.689,-0.0261,0.1191,-0.2191,0.8266,0.9905
Txlng,Txlng,316.9125,0.018,0.1388,0.1295,0.897,0.9927
Txn1,Txn1,6710.1101,-0.0684,0.0618,-1.108,0.2679,0.9
Txn2,Txn2,4176.7279,-0.0118,0.074,-0.1594,0.8733,0.991
Txndc11,Txndc11,1191.6149,0.034,0.0678,0.5018,0.6158,0.966
Txndc12,Txndc12,2098.582,-0.0319,0.0524,-0.609,0.5425,0.9571
Txndc15,Txndc15,2642.4618,-0.0254,0.049,-0.5182,0.6043,0.966
Txndc16,Txndc16,1483.0198,0.0559,0.0746,0.7489,0.4539,0.9475
Txndc17,Txndc17,2617.7877,-0.116,0.0516,-2.2489,0.0245,0.6278
Txndc2,Txndc2,4.3425,-0.0397,0.6791,-0.0584,0.9534,
Txndc5,Txndc5,17641.2896,-0.0064,0.0554,-0.1162,0.9075,0.9939
Txndc9,Txndc9,3125.0753,-0.0387,0.0469,-0.8246,0.4096,0.9377
Txnip,Txnip,7065.8443,0.3845,0.1804,2.1313,0.0331,0.6642
Txnl1,Txnl1,4303.635,-0.051,0.0458,-1.1141,0.2652,0.8981
Txnl4a,Txnl4a,4389.1875,-0.0602,0.0528,-1.1401,0.2543,0.893
Txnl4b,Txnl4b,219.3627,-0.1937,0.1021,-1.8975,0.0578,0.7481
Txnrd1,Txnrd1,7294.9645,0.0335,0.0756,0.4427,0.658,0.97
Txnrd2,Txnrd2,636.116,0.0508,0.0701,0.7238,0.4692,0.9483
Txnrd3,Txnrd3,402.7729,0.0594,0.1339,0.4435,0.6574,0.97
Tyk2,Tyk2,1207.3366,0.036,0.0757,0.4754,0.6345,0.9681
Tymp,Tymp,29.3307,0.0079,0.3025,0.0263,0.979,0.9979
Tyms,Tyms,1167.7184,-0.1186,0.1257,-0.9431,0.3456,0.9253
Tyms-ps,Tyms-ps,0.7665,-0.7769,1.6948,-0.4584,0.6467,
Tyro3,Tyro3,522.6164,-0.0499,0.0771,-0.6479,0.517,0.9548
Tysnd1,Tysnd1,340.5944,0.0316,0.1105,0.2856,0.7752,0.985
Tyw1,Tyw1,1177.6491,-0.0633,0.0853,-0.7426,0.4577,0.9483
Tyw3,Tyw3,142.6128,0.398,0.1322,3.0108,0.0026,0.3386
Tyw5,Tyw5,270.7117,0.028,0.13,0.2155,0.8294,0.9906
U2af1,U2af1,2716.6401,-0.0335,0.0912,-0.3673,0.7134,0.9766
U2af1l4,U2af1l4,605.8376,-0.0471,0.0769,-0.612,0.5405,0.9571
U2af2,U2af2,5063.5087,-0.0345,0.0639,-0.5393,0.5896,0.964
U2surp,U2surp,935.4488,0.0584,0.1689,0.3459,0.7294,0.9797
U90926,U90926,1.2523,-3.6148,1.7974,-2.0111,0.0443,
Uaca,Uaca,1764.1639,0.0807,0.1165,0.6925,0.4887,0.9515
Uap1,Uap1,2253.0385,-0.029,0.0504,-0.5751,0.5652,0.9588
Uap1l1,Uap1l1,2200.8216,-0.2645,0.169,-1.5655,0.1175,0.8127
Uba1,Uba1,18785.616,-0.0249,0.062,-0.4018,0.6878,0.9717
Uba2,Uba2,3986.0799,-0.1139,0.0637,-1.7888,0.0736,0.7682
Uba3,Uba3,4965.4371,-0.0196,0.0754,-0.2607,0.7943,0.9871
Uba5,Uba5,2076.8185,0.0383,0.0521,0.7346,0.4626,0.9483
Uba52,Uba52,10160.2194,0.0165,0.1169,0.1408,0.888,0.9919
Uba6,Uba6,481.1886,0.0193,0.1633,0.1184,0.9058,0.9939
Uba7,Uba7,153.0296,-0.0432,0.1923,-0.2248,0.8222,0.9893
Ubac1,Ubac1,1882.8808,-0.1285,0.0888,-1.4475,0.1478,0.8425
Ubac2,Ubac2,1631.4961,-0.0242,0.0641,-0.3781,0.7054,0.9744
Ubald1,Ubald1,1382.1427,0.046,0.1002,0.4589,0.6463,0.9684
Ubald2,Ubald2,0.3897,-0.9376,2.449,-0.3828,0.7018,
Ubap1,Ubap1,2447.3278,-0.0569,0.0584,-0.9748,0.3297,0.9197
Ubap1l,Ubap1l,3.2626,0.6019,0.7859,0.7659,0.4437,
Ubap2,Ubap2,4898.2606,0.0038,0.0477,0.08,0.9362,0.9971
Ubap2l,Ubap2l,8977.2051,0.0177,0.0424,0.4177,0.6761,0.9713
Ubash3b,Ubash3b,291.731,-0.0914,0.1427,-0.6402,0.522,0.9556
Ubb,Ubb,4184.6088,0.595,0.9793,0.6075,0.5435,0.9571
Ubc,Ubc,11448.2093,-0.2568,0.1323,-1.9411,0.0522,0.7276
Ube2a,Ube2a,1516.4567,-0.0614,0.0601,-1.0208,0.3073,0.9169
Ube2b,Ube2b,4489.2597,0.0456,0.0476,0.9586,0.3377,0.9222
Ube2c,Ube2c,2302.272,-0.2477,0.1463,-1.6931,0.0904,0.7842
Ube2cbp,Ube2cbp,137.7253,-0.1251,0.1268,-0.9867,0.3238,0.9197
Ube2d1,Ube2d1,3021.2478,-0.1478,0.0579,-2.5511,0.0107,0.5073
Ube2d2a,Ube2d2a,3621.1143,0.0745,0.115,0.6481,0.5169,0.9548
Ube2d3,Ube2d3,11569.124,-0.0262,0.0638,-0.4114,0.6808,0.9717
Ube2e1,Ube2e1,738.0879,0.1705,0.1594,1.0692,0.285,0.9079
Ube2e2,Ube2e2,967.397,0.0397,0.0935,0.4252,0.6707,0.9702
Ube2e3,Ube2e3,1868.6249,-0.0668,0.0666,-1.0021,0.3163,0.9173
Ube2f,Ube2f,1830.9715,-0.0151,0.102,-0.1484,0.882,0.9914
Ube2g1,Ube2g1,2538.9683,0.004,0.0686,0.0576,0.9541,0.9974
Ube2g2,Ube2g2,4511.9917,-0.0477,0.0793,-0.6021,0.5471,0.9571
Ube2h,Ube2h,5555.3307,0.1802,0.104,1.7325,0.0832,0.7758
Ube2i,Ube2i,6170.3131,0.0693,0.1551,0.4466,0.6552,0.9687
Ube2j1,Ube2j1,5064.5226,0.0157,0.0524,0.2989,0.765,0.985
Ube2j2,Ube2j2,120.7625,0.1696,0.2457,0.6904,0.49,0.9515
Ube2k,Ube2k,2451.9123,-0.0157,0.0594,-0.2641,0.7917,0.9865
Ube2l3,Ube2l3,7695.3942,0.0386,0.0729,0.5298,0.5962,0.964
Ube2l6,Ube2l6,983.1896,-0.078,0.0718,-1.0856,0.2777,0.9074
Ube2m,Ube2m,3170.2648,-0.0807,0.0564,-1.4317,0.1522,0.8487
Ube2n,Ube2n,5848.2156,0.0162,0.1456,0.1114,0.9113,0.9943
Ube2o,Ube2o,2030.6334,0.0275,0.0739,0.3719,0.71,0.9751
Ube2q1,Ube2q1,2873.9593,-0.0547,0.0473,-1.1562,0.2476,0.8923
Ube2q2,Ube2q2,1374.5181,0.1222,0.0684,1.7854,0.0742,0.7682
Ube2ql1,Ube2ql1,0.4824,2.5323,2.2343,1.1334,0.2571,
Ube2r2,Ube2r2,3672.1026,0.0652,0.0451,1.4468,0.148,0.8426
Ube2s,Ube2s,3094.5763,-0.0984,0.1919,-0.5129,0.608,0.966
Ube2t,Ube2t,185.1949,0.0369,0.1396,0.2644,0.7915,0.9865
Ube2v1,Ube2v1,3071.6126,0.0575,0.1809,0.3176,0.7508,0.9843
Ube2v2,Ube2v2,778.6176,0.1537,0.1148,1.3382,0.1808,0.8703
Ube2w,Ube2w,2618.482,0.0408,0.0725,0.5631,0.5734,0.9614
Ube2z,Ube2z,6178.4286,-0.0867,0.0467,-1.8574,0.0633,0.7562
Ube3a,Ube3a,605.3659,0.0241,0.1865,0.1292,0.8972,0.9927
Ube3b,Ube3b,3323.2627,0.0051,0.059,0.0861,0.9314,0.9957
Ube3c,Ube3c,4485.8171,-0.0421,0.05,-0.8422,0.3997,0.9354
Ube4a,Ube4a,2624.9476,0.0322,0.064,0.5022,0.6156,0.966
Ube4b,Ube4b,4270.621,0.1465,0.0744,1.9703,0.0488,0.7227
Ube4bos3,Ube4bos3,27.4657,0.2536,0.2819,0.8996,0.3684,0.9295
Ubfd1,Ubfd1,1919.8772,0.0339,0.0588,0.5763,0.5644,0.9588
Ubiad1,Ubiad1,1325.9838,0.0034,0.0632,0.0534,0.9574,0.9974
Ubl3,Ubl3,1976.892,0.06,0.0517,1.1617,0.2454,0.8923
Ubl4a,Ubl4a,1012.8513,-0.0706,0.0872,-0.8093,0.4183,0.94
Ubl5,Ubl5,2123.7549,-0.0443,0.0592,-0.7481,0.4544,0.9475
Ubl7,Ubl7,1994.4897,0.0242,0.0712,0.3404,0.7336,0.9802
Ublcp1,Ublcp1,1089.7891,0.1312,0.0626,2.0945,0.0362,0.6818
Ubn1,Ubn1,2540.4998,0.025,0.0527,0.474,0.6355,0.9681
Ubn2,Ubn2,839.3208,0.0525,0.2245,0.2339,0.8151,0.9889
Ubox5,Ubox5,445.8281,-0.0744,0.0967,-0.7686,0.4421,0.9455
Ubp1,Ubp1,2462.2547,0.0245,0.0672,0.3644,0.7156,0.9767
Ubqln1,Ubqln1,6360.2961,0.0295,0.0558,0.5294,0.5965,0.964
Ubqln2,Ubqln2,1797.4027,-0.0085,0.0735,-0.1153,0.9082,0.9939
Ubqln4,Ubqln4,2402.1959,0.0406,0.0841,0.482,0.6298,0.9678
Ubr1,Ubr1,1659.8049,0.1008,0.1065,0.9467,0.3438,0.9246
Ubr2,Ubr2,4323.2923,0.0462,0.0598,0.7728,0.4397,0.9455
Ubr3,Ubr3,2932.318,0.0213,0.1126,0.189,0.8501,0.9906
Ubr4,Ubr4,7691.1497,0.0156,0.063,0.2481,0.804,0.9871
Ubr5,Ubr5,8987.7511,0.0855,0.0723,1.1825,0.237,0.8923
Ubr7,Ubr7,1750.2262,-0.0045,0.0809,-0.056,0.9553,0.9974
Ubtd1,Ubtd1,1757.8965,-0.1704,0.0751,-2.2699,0.0232,0.6187
Ubtd2,Ubtd2,1907.1211,-0.0121,0.1016,-0.1191,0.9052,0.9939
Ubtf,Ubtf,5094.2519,0.0091,0.0722,0.1254,0.9002,0.9931
Ubxn1,Ubxn1,1911.0828,-0.0307,0.1039,-0.2952,0.7678,0.985
Ubxn11,Ubxn11,46.1002,0.1133,0.2139,0.5295,0.5964,0.964
Ubxn2a,Ubxn2a,515.9681,0.0634,0.1176,0.5389,0.5899,0.964
Ubxn2b,Ubxn2b,261.6064,-0.1082,0.1353,-0.7998,0.4238,0.9419
Ubxn4,Ubxn4,4516.4679,0.0679,0.0935,0.7263,0.4676,0.9483
Ubxn6,Ubxn6,1817.193,-0.0645,0.0882,-0.731,0.4647,0.9483
Ubxn7,Ubxn7,1831.9096,0.0384,0.1206,0.3184,0.7502,0.9843
Ubxn8,Ubxn8,361.6966,-0.0384,0.1073,-0.3573,0.7209,0.9788
Uchl1,Uchl1,259.0839,-0.2311,0.1508,-1.532,0.1255,0.815
Uchl3,Uchl3,743.7774,0.0002,0.0708,0.0028,0.9978,0.9996
Uchl4,Uchl4,0.9629,-2.3468,1.7268,-1.359,0.1741,
Uchl5,Uchl5,808.2877,0.0147,0.1002,0.1462,0.8837,0.9914
Uck1,Uck1,1373.7105,-0.0285,0.0708,-0.4016,0.6879,0.9717
Uck2,Uck2,1448.4853,-0.1456,0.0599,-2.4292,0.0151,0.5682
Uckl1,Uckl1,712.4764,0.0208,0.0732,0.2848,0.7758,0.985
Uckl1os,Uckl1os,12.5839,0.5754,0.4106,1.4012,0.1612,
Ucma,Ucma,20.4976,0.0364,0.4003,0.0909,0.9276,0.9957
Ucn,Ucn,6.8158,-0.2202,0.5665,-0.3888,0.6975,
Ucn2,Ucn2,0.9544,0.6355,1.5092,0.4211,0.6737,
Ucp1,Ucp1,0.3846,0.9702,2.4712,0.3926,0.6946,
Ucp2,Ucp2,10487.3039,0.1614,0.1261,1.2805,0.2004,0.8828
Ucp3,Ucp3,13.7104,-0.5883,0.4677,-1.2577,0.2085,
Uevld,Uevld,1376.7539,0.0418,0.0802,0.5208,0.6025,0.966
Ufc1,Ufc1,2308.2169,-0.0297,0.0737,-0.4031,0.6869,0.9717
Ufd1l,Ufd1l,2433.1256,0.0188,0.0646,0.2912,0.7709,0.985
Ufl1,Ufl1,1298.531,0.0944,0.1252,0.7541,0.4508,0.9455
Ufm1,Ufm1,2936.0381,-0.0062,0.0558,-0.1104,0.9121,0.9943
Ufsp1,Ufsp1,52.7704,0.0714,0.3095,0.2308,0.8174,0.989
Ufsp2,Ufsp2,1455.1386,-0.0622,0.059,-1.0551,0.2914,0.9084
Ugcg,Ugcg,11598.9284,-0.1416,0.168,-0.8428,0.3993,0.9354
Ugdh,Ugdh,9161.769,0.0024,0.0741,0.0327,0.9739,0.9974
Uggt1,Uggt1,6583.7061,0.0592,0.0555,1.0661,0.2864,0.9079
Uggt2,Uggt2,629.1555,0.075,0.1889,0.3969,0.6914,0.9731
Ugp2,Ugp2,3731.4904,-0.0905,0.0896,-1.0109,0.312,0.9173
Ugt1a6a,Ugt1a6a,590.678,0.2407,0.104,2.3151,0.0206,0.6047
Ugt1a6b,Ugt1a6b,29.6887,0.1753,0.2828,0.62,0.5353,0.9571
Ugt1a7c,Ugt1a7c,19.239,0.3343,0.4017,0.8322,0.4053,
Ugt2b1,Ugt2b1,0.5781,-0.2491,1.7789,-0.14,0.8886,
Ugt8a,Ugt8a,3.6538,0.3603,0.7293,0.4941,0.6212,
Uhmk1,Uhmk1,282.9936,0.0859,0.1333,0.645,0.5189,0.9553
Uhrf1,Uhrf1,2409.4805,-0.2092,0.1784,-1.1727,0.2409,0.8923
Uhrf1bp1,Uhrf1bp1,1050.5427,0.0189,0.0799,0.2367,0.8129,0.9886
Uhrf1bp1l,Uhrf1bp1l,2026.677,0.0563,0.1346,0.4184,0.6757,0.9712
Uhrf2,Uhrf2,3207.8236,0.0817,0.0551,1.482,0.1383,0.8314
Uimc1,Uimc1,1465.4628,0.069,0.0564,1.2216,0.2218,0.8877
Ulbp1,Ulbp1,186.4693,0.1129,0.1408,0.8018,0.4227,0.9412
Ulk1,Ulk1,2359.1853,-0.0582,0.0676,-0.8604,0.3896,0.933
Ulk2,Ulk2,2118.9924,-0.0089,0.1208,-0.0733,0.9416,0.9971
Ulk3,Ulk3,521.9075,-0.0032,0.0707,-0.0456,0.9636,0.9974
Ulk4,Ulk4,125.2111,0.0337,0.1409,0.2394,0.8108,0.9886
Umad1,Umad1,430.4561,0.0234,0.0975,0.2398,0.8105,0.9886
Umodl1,Umodl1,1.07,-0.3361,1.3464,-0.2496,0.8029,
Umps,Umps,1720.1787,0.018,0.0625,0.2878,0.7735,0.985
Unc119,Unc119,962.4041,0.0835,0.1257,0.6648,0.5062,0.9518
Unc119b,Unc119b,2178.9772,-0.0529,0.0563,-0.9412,0.3466,0.9253
Unc13a,Unc13a,64.1201,-0.0877,0.218,-0.4024,0.6874,0.9717
Unc13b,Unc13b,69.3448,0.1854,0.1798,1.0313,0.3024,0.9164
Unc13c,Unc13c,22.4965,0.8209,0.3655,2.246,0.0247,0.6278
Unc13d,Unc13d,766.8032,-0.1933,0.1066,-1.8142,0.0696,0.7617
Unc45a,Unc45a,1311.8494,0.0698,0.0871,0.8014,0.4229,0.9414
Unc45b,Unc45b,1179.0304,-0.1044,0.1368,-0.7631,0.4454,0.9455
Unc50,Unc50,1621.1006,-0.025,0.0695,-0.3601,0.7188,0.9781
Unc5a,Unc5a,2.4089,-2.2368,1.1306,-1.9785,0.0479,
Unc5b,Unc5b,5533.9438,-0.089,0.0926,-0.9606,0.3368,0.9216
Unc5c,Unc5c,304.3354,0.162,0.1795,0.9026,0.3668,0.9295
Unc80,Unc80,0.5813,1.8114,2.2595,0.8017,0.4227,
Unc93a,Unc93a,12.3977,-0.1816,0.5357,-0.339,0.7346,
Unc93b1,Unc93b1,661.5439,-0.1116,0.0793,-1.4075,0.1593,0.8558
Ung,Ung,150.8041,-0.207,0.1952,-1.0608,0.2888,0.9079
Unk,Unk,895.4452,0.0493,0.0656,0.7513,0.4525,0.9468
Unkl,Unkl,203.8145,0.2798,0.1436,1.9476,0.0515,0.7276
Uox,Uox,1.2519,1.5443,1.5493,0.9968,0.3189,
Upb1,Upb1,0.2941,0.8438,2.6255,0.3214,0.7479,
Upf1,Upf1,2495.6678,0.0403,0.0827,0.4872,0.6261,0.9673
Upf2,Upf2,608.808,0.1212,0.1322,0.9164,0.3594,0.9295
Upf3a,Upf3a,1162.7092,0.0432,0.0787,0.5487,0.5832,0.964
Upf3b,Upf3b,202.9852,0.1476,0.1884,0.7835,0.4333,0.9453
Upk1a,Upk1a,7.8065,-0.475,0.4992,-0.9515,0.3414,
Upk1b,Upk1b,34.4226,-0.3524,0.3144,-1.1211,0.2623,0.8977
Upk3bl,Upk3bl,0.4818,0.2682,2.0631,0.13,0.8966,
Upp1,Upp1,143.6905,-0.454,0.1404,-3.233,0.0012,0.2414
Upp2,Upp2,37.0823,0.1694,0.2554,0.6632,0.5072,0.9528
Uprt,Uprt,89.0195,-0.1868,0.1537,-1.2158,0.2241,0.8877
Uqcc1,Uqcc1,1836.4301,-0.0918,0.0942,-0.9742,0.33,0.9197
Uqcc2,Uqcc2,2322.5211,-0.143,0.0681,-2.0998,0.0357,0.6818
Uqcc3,Uqcc3,208.4809,0.0879,0.1444,0.6088,0.5426,0.9571
Uqcr10,Uqcr10,1681.414,-0.052,0.0889,-0.5848,0.5587,0.9579
Uqcr11,Uqcr11,2199.4974,-0.122,0.086,-1.419,0.1559,0.8509
Uqcrb,Uqcrb,2889.7153,-0.0751,0.0742,-1.0123,0.3114,0.9173
Uqcrc1,Uqcrc1,5284.9853,-0.1004,0.0722,-1.3898,0.1646,0.8598
Uqcrc2,Uqcrc2,5056.1298,-0.1216,0.0721,-1.6867,0.0917,0.7855
Uqcrfs1,Uqcrfs1,3742.118,-0.073,0.0731,-0.9992,0.3177,0.9173
Uqcrh,Uqcrh,5348.1832,-0.1273,0.0759,-1.6765,0.0936,0.7872
Uqcrq,Uqcrq,2343.6497,-0.1055,0.0871,-1.2121,0.2255,0.8895
Urb1,Urb1,533.943,0.1135,0.1305,0.8699,0.3844,0.9315
Urb2,Urb2,867.5079,-0.0149,0.0612,-0.2443,0.807,0.9881
Urgcp,Urgcp,2070.6477,-0.1012,0.0561,-1.8023,0.0715,0.7617
Uri1,Uri1,1313.0912,0.0891,0.067,1.329,0.1838,0.8729
Urm1,Urm1,994.1413,-0.0475,0.099,-0.4796,0.6315,0.9681
Uroc1,Uroc1,1.5434,0.221,1.2359,0.1788,0.8581,
Urod,Urod,1469.3325,-0.1102,0.067,-1.6456,0.0998,0.7895
Uros,Uros,401.9691,-0.1497,0.0884,-1.6928,0.0905,0.7842
Usb1,Usb1,1706.9489,0.0179,0.0763,0.2351,0.8142,0.9889
Use1,Use1,1705.0033,-0.0488,0.0827,-0.5899,0.5553,0.9573
Usf1,Usf1,2047.5069,-0.0456,0.074,-0.6156,0.5382,0.9571
Usf2,Usf2,1220.2327,-0.1051,0.0613,-1.7144,0.0864,0.7807
Ush1c,Ush1c,1.0632,-0.8053,1.4304,-0.563,0.5734,
Ush1g,Ush1g,130.6096,-0.0185,0.1363,-0.1355,0.8922,0.992
Ush2a,Ush2a,0.3846,0.9702,2.4712,0.3926,0.6946,
Ushbp1,Ushbp1,1.3488,-0.523,1.3488,-0.3877,0.6982,
Usmg5,Usmg5,2257.8018,-0.1272,0.1077,-1.1806,0.2377,0.8923
Uso1,Uso1,5299.0174,0.0924,0.0895,1.0318,0.3022,0.9164
Usp1,Usp1,1893.6982,0.0249,0.1398,0.1778,0.8588,0.9906
Usp10,Usp10,1606.4655,-0.0067,0.071,-0.0944,0.9248,0.9957
Usp11,Usp11,1767.1225,0.1036,0.0712,1.456,0.1454,0.8423
Usp12,Usp12,1799.9581,0.0043,0.0611,0.0695,0.9446,0.9971
Usp13,Usp13,464.332,-0.0547,0.0843,-0.6485,0.5167,0.9548
Usp14,Usp14,4382.5633,-0.0032,0.0525,-0.0605,0.9517,0.9974
Usp15,Usp15,1585.9479,0.0328,0.1469,0.2231,0.8234,0.9893
Usp16,Usp16,872.2299,0.0894,0.1548,0.5777,0.5635,0.9583
Usp17la,Usp17la,6.6686,-1.8411,0.6385,-2.8835,0.0039,
Usp17le,Usp17le,0.2933,-0.4582,2.6297,-0.1742,0.8617,
Usp18,Usp18,14.5125,-0.362,0.7236,-0.5003,0.6169,
Usp19,Usp19,6309.1946,0.0219,0.0525,0.4169,0.6768,0.9715
Usp2,Usp2,366.0388,-0.1676,0.0986,-1.6997,0.0892,0.7829
Usp20,Usp20,1640.0404,-0.0044,0.0979,-0.0448,0.9643,0.9974
Usp21,Usp21,1119.4924,0.0366,0.0696,0.5252,0.5995,0.9658
Usp22,Usp22,5760.5093,0.003,0.0531,0.0565,0.9549,0.9974
Usp24,Usp24,2121.8611,0.0889,0.1162,0.7649,0.4443,0.9455
Usp25,Usp25,1169.9588,-0.0464,0.1527,-0.3037,0.7614,0.9849
Usp27x,Usp27x,183.1322,-0.0104,0.1115,-0.0929,0.926,0.9957
Usp28,Usp28,1769.5206,-0.0249,0.0751,-0.3315,0.7402,0.9825
Usp29,Usp29,17.0544,-0.0692,0.3426,-0.202,0.8399,
Usp3,Usp3,1282.2461,-0.0205,0.0586,-0.3492,0.7269,0.9796
Usp30,Usp30,969.4542,-0.0811,0.0614,-1.3219,0.1862,0.874
Usp31,Usp31,834.3224,0.0118,0.1084,0.1089,0.9133,0.9943
Usp32,Usp32,1024.4491,0.0058,0.1787,0.0325,0.9741,0.9974
Usp33,Usp33,1703.6765,0.0857,0.0857,1.0002,0.3172,0.9173
Usp34,Usp34,1561.547,-0.0353,0.2468,-0.143,0.8863,0.9917
Usp35,Usp35,220.6708,0.0009,0.101,0.0085,0.9932,0.9993
Usp36,Usp36,1178.9414,0.0647,0.0562,1.1522,0.2492,0.8923
Usp37,Usp37,637.0731,0.0723,0.1516,0.477,0.6333,0.9681
Usp38,Usp38,2402.8671,0.0867,0.0924,0.9383,0.3481,0.9264
Usp39,Usp39,2308.876,-0.0395,0.075,-0.5268,0.5984,0.9648
Usp4,Usp4,4895.6604,0.0122,0.0716,0.1709,0.8643,0.9906
Usp40,Usp40,1517.1946,0.0427,0.0529,0.8073,0.4195,0.94
Usp42,Usp42,820.0769,0.0541,0.073,0.7402,0.4592,0.9483
Usp43,Usp43,53.4351,0.0379,0.285,0.1331,0.8941,0.9923
Usp44,Usp44,13.7602,-0.1839,0.5206,-0.3532,0.7239,
Usp45,Usp45,759.2224,0.0527,0.1623,0.3244,0.7456,0.9836
Usp46,Usp46,1210.8056,0.1627,0.0529,3.0724,0.0021,0.3103
Usp47,Usp47,5555.887,0.0775,0.1044,0.7426,0.4578,0.9483
Usp48,Usp48,2591.3402,0.0634,0.0578,1.0974,0.2725,0.9032
Usp49,Usp49,350.9655,0.1234,0.0994,1.2412,0.2145,0.8877
Usp5,Usp5,6327.469,0.009,0.0861,0.104,0.9172,0.9952
Usp50,Usp50,0.8638,-1.0758,1.5175,-0.7089,0.4784,
Usp53,Usp53,217.1492,0.1101,0.2307,0.4773,0.6332,0.9681
Usp54,Usp54,722.2916,0.0237,0.0721,0.3283,0.7427,0.983
Usp6nl,Usp6nl,885.226,0.0286,0.1123,0.2543,0.7992,0.9871
Usp7,Usp7,3701.0171,0.1446,0.0723,1.9999,0.0455,0.7227
Usp8,Usp8,2834.4359,0.0945,0.0921,1.026,0.3049,0.9164
Usp9x,Usp9x,2922.172,-0.067,0.2269,-0.295,0.768,0.985
Uspl1,Uspl1,1306.7321,0.0375,0.0797,0.4703,0.6381,0.9681
Ust,Ust,1077.3743,0.0224,0.0702,0.3187,0.7499,0.9843
Utp11l,Utp11l,1425.8192,0.0377,0.0982,0.3839,0.701,0.9737
Utp14a,Utp14a,992.0857,0.0419,0.085,0.4934,0.6218,0.966
Utp14b,Utp14b,244.7534,-0.0031,0.1575,-0.0198,0.9842,0.9991
Utp15,Utp15,982.1596,-0.0056,0.0635,-0.0889,0.9291,0.9957
Utp18,Utp18,1514.7374,-0.0412,0.0689,-0.5986,0.5494,0.9571
Utp20,Utp20,1918.7832,0.1169,0.0868,1.3469,0.178,0.8659
Utp23,Utp23,683.262,0.0112,0.0776,0.144,0.8855,0.9916
Utp3,Utp3,1859.8115,0.0677,0.059,1.148,0.251,0.8929
Utp6,Utp6,2967.9329,0.0668,0.0574,1.164,0.2444,0.8923
Utrn,Utrn,3934.7413,0.0117,0.1794,0.0652,0.948,0.9974
Uts2,Uts2,0.4733,1.2032,2.4325,0.4946,0.6209,
Uts2r,Uts2r,26.9674,-0.129,0.3227,-0.3998,0.6893,0.9722
Uvrag,Uvrag,1364.1015,0.0298,0.0696,0.4283,0.6684,0.9702
Uvssa,Uvssa,248.7535,0.1882,0.1435,1.3114,0.1897,0.874
Uxs1,Uxs1,2511.7282,0.0976,0.0918,1.0634,0.2876,0.9079
Uxt,Uxt,214.1181,-0.1123,0.1838,-0.611,0.5412,0.9571
Vac14,Vac14,940.0788,-0.0555,0.0866,-0.6414,0.5213,0.9555
Vamp1,Vamp1,66.9056,-0.0265,0.2659,-0.0997,0.9206,0.9957
Vamp2,Vamp2,1833.9314,-0.0138,0.0605,-0.2275,0.8201,0.9893
Vamp3,Vamp3,4121.1723,-0.0706,0.0571,-1.2362,0.2164,0.8877
Vamp4,Vamp4,944.3521,0.143,0.0761,1.8791,0.0602,0.749
Vamp5,Vamp5,2307.9315,-0.1467,0.1156,-1.2682,0.2047,0.8854
Vamp8,Vamp8,1877.9745,-0.1591,0.0639,-2.4886,0.0128,0.5382
Vangl1,Vangl1,1079.3483,-0.0155,0.0631,-0.2455,0.806,0.9877
Vangl2,Vangl2,188.688,0.0443,0.1129,0.392,0.6951,0.9731
Vapa,Vapa,7441.5327,-0.0621,0.0496,-1.2524,0.2104,0.8875
Vapb,Vapb,4603.7323,-0.0019,0.0552,-0.0346,0.9724,0.9974
Vars,Vars,5130.9218,-0.0273,0.055,-0.4954,0.6203,0.966
Vars2,Vars2,695.061,0.1361,0.0864,1.5764,0.1149,0.8127
Vash1,Vash1,369.9715,-0.2458,0.1305,-1.8834,0.0596,0.749
Vash2,Vash2,2228.4589,-0.0018,0.1059,-0.0173,0.9862,0.9992
Vasn,Vasn,3591.5198,0.054,0.0739,0.7314,0.4645,0.9483
Vasp,Vasp,5316.4939,-0.0683,0.0806,-0.8466,0.3972,0.9347
Vat1,Vat1,11452.6657,-0.1907,0.1259,-1.5148,0.1298,0.8232
Vaultrc5,Vaultrc5,0.4808,1.4563,2.0217,0.7204,0.4713,
Vav2,Vav2,700.7313,-0.0676,0.0731,-0.9253,0.3548,0.9293
Vav3,Vav3,412.4351,0.0369,0.1462,0.2525,0.8007,0.9871
Vax2,Vax2,28.7426,-0.2411,0.3023,-0.7976,0.4251,0.9422
Vbp1,Vbp1,1973.9036,0.0878,0.0771,1.1393,0.2546,0.893
Vcam1,Vcam1,5300.1191,0.0057,0.0731,0.0781,0.9378,0.9971
Vcan,Vcan,5797.5899,0.0053,0.1269,0.042,0.9665,0.9974
Vcl,Vcl,24876.801,0.0544,0.0768,0.7089,0.4784,0.9498
Vcp,Vcp,27702.3428,0.0181,0.069,0.2621,0.7932,0.9871
Vcpip1,Vcpip1,1218.038,0.0672,0.1725,0.3899,0.6966,0.9735
Vcpkmt,Vcpkmt,446.6714,-0.0008,0.0978,-0.0081,0.9935,0.9993
Vdac1,Vdac1,12672.8395,-0.2071,0.0408,-5.0773,3.8294e-07,0.0019
Vdac2,Vdac2,8900.9652,-0.0554,0.0777,-0.7134,0.4756,0.949
Vdac3,Vdac3,6626.1114,-0.0757,0.0762,-0.9931,0.3207,0.9188
Vdr,Vdr,2799.2841,-0.0015,0.1245,-0.0117,0.9907,0.9993
Vegfa,Vegfa,4883.8519,-0.1658,0.1796,-0.9233,0.3559,0.9295
Vegfb,Vegfb,806.0123,-0.1141,0.1333,-0.8558,0.3921,0.9341
Vegfc,Vegfc,717.8248,-0.0802,0.1045,-0.7679,0.4426,0.9455
Veph1,Veph1,2.5803,0.7844,1.0672,0.7351,0.4623,
Vezf1,Vezf1,3160.0368,0.0752,0.1217,0.6181,0.5365,0.9571
Vezt,Vezt,1094.3035,0.0434,0.088,0.4934,0.6218,0.966
Vgf,Vgf,1.0609,1.9533,1.4304,1.3655,0.1721,
Vgll2,Vgll2,223.5274,-0.4121,0.1534,-2.6866,0.0072,0.4395
Vgll3,Vgll3,2707.9164,0.029,0.0844,0.344,0.7309,0.98
Vgll4,Vgll4,1189.5569,0.1084,0.0729,1.4861,0.1372,0.8296
Vhl,Vhl,1284.3209,-0.0554,0.0658,-0.8423,0.3996,0.9354
Vil1,Vil1,4.8152,0.3902,0.6313,0.6181,0.5365,
Vill,Vill,57.6748,-0.1521,0.2072,-0.7341,0.4629,0.9483
Vim,Vim,84927.7763,-0.2095,0.0767,-2.7292,0.0063,0.4239
Vimp,Vimp,2203.7006,-0.1927,0.0853,-2.2597,0.0238,0.624
Vipas39,Vipas39,1425.7536,-0.0096,0.0881,-0.1086,0.9135,0.9943
Vipr1,Vipr1,35.6297,0.0458,0.287,0.1597,0.8731,0.991
Vipr2,Vipr2,147.8843,0.5126,0.205,2.4999,0.0124,0.5308
Vit,Vit,4.1416,0.3583,0.6909,0.5186,0.604,
Vkorc1,Vkorc1,1440.6539,0.0324,0.0643,0.5039,0.6143,0.966
Vkorc1l1,Vkorc1l1,1987.1698,0.0816,0.0627,1.3023,0.1928,0.8758
Vldlr,Vldlr,1063.8177,-0.1224,0.1898,-0.645,0.5189,0.9553
Vma21,Vma21,2277.7923,0.0095,0.1016,0.0937,0.9254,0.9957
Vmac,Vmac,507.1714,0.106,0.1259,0.8417,0.3999,0.9354
Vmn1r40,Vmn1r40,0.4826,-1.133,2.0477,-0.5533,0.5801,
Vmn1r44,Vmn1r44,0.8653,-0.6147,1.8452,-0.3331,0.739,
Vmn2r-ps54,Vmn2r-ps54,0.48,0.2639,2.0633,0.1279,0.8982,
Vmn2r1,Vmn2r1,1.5323,1.3546,1.2419,1.0907,0.2754,
Vmn2r13,Vmn2r13,5.28,-0.4698,0.6814,-0.6895,0.4905,
Vmn2r18,Vmn2r18,0.6785,2.1067,1.8104,1.1637,0.2446,
Vmn2r29,Vmn2r29,45.6324,0.3579,0.2473,1.4474,0.1478,0.8425
Vmn2r30,Vmn2r30,1.1439,-1.2868,1.8012,-0.7144,0.475,
Vmn2r57,Vmn2r57,4.7983,-0.342,0.667,-0.5126,0.6082,
Vmn2r78,Vmn2r78,6.6425,-0.2333,0.5984,-0.3898,0.6967,
Vmn2r79,Vmn2r79,0.6852,-1.0301,1.6513,-0.6238,0.5328,
Vmn2r87,Vmn2r87,1.1508,1.1509,1.3387,0.8597,0.39,
Vmn2r96,Vmn2r96,2.7956,-0.1975,0.9773,-0.2021,0.8399,
Vmp1,Vmp1,7315.4187,0.1449,0.1462,0.991,0.3217,0.9197
Vnn1,Vnn1,7.9146,0.3323,0.4923,0.675,0.4997,
Vnn3,Vnn3,1.7611,-1.6463,1.4225,-1.1574,0.2471,
Vopp1,Vopp1,2247.9754,-0.0535,0.0567,-0.9434,0.3455,0.9253
Vprbp,Vprbp,1640.068,0.0601,0.0582,1.0335,0.3013,0.9164
Vpreb1,Vpreb1,3.4563,-0.1934,0.7773,-0.2487,0.8036,
Vpreb3,Vpreb3,1.3574,-2.1568,1.4963,-1.4414,0.1495,
Vps11,Vps11,1957.7312,0.0653,0.0905,0.7215,0.4706,0.9488
Vps13a,Vps13a,335.5558,0.1843,0.2707,0.6808,0.496,0.9515
Vps13b,Vps13b,1028.754,0.0705,0.1823,0.3871,0.6987,0.9736
Vps13c,Vps13c,1578.003,0.0392,0.186,0.2108,0.833,0.9906
Vps13d,Vps13d,2814.9402,0.1261,0.0656,1.9243,0.0543,0.736
Vps16,Vps16,1490.6923,0.0038,0.0526,0.0716,0.9429,0.9971
Vps18,Vps18,1442.0167,0.0115,0.0774,0.148,0.8823,0.9914
Vps25,Vps25,2098.3323,0.0149,0.0747,0.1995,0.8419,0.9906
Vps26a,Vps26a,3718.2316,0.0733,0.0778,0.9417,0.3464,0.9253
Vps26b,Vps26b,2668.5924,0.0253,0.0562,0.4499,0.6528,0.9684
Vps28,Vps28,2257.1202,0.0045,0.0858,0.053,0.9578,0.9974
Vps29,Vps29,2524.6824,-0.0677,0.0776,-0.8732,0.3826,0.9315
Vps33a,Vps33a,2131.6954,-0.0519,0.0675,-0.7686,0.4421,0.9455
Vps33b,Vps33b,551.6138,-0.0616,0.0837,-0.7359,0.4618,0.9483
Vps35,Vps35,11910.1703,0.0081,0.0856,0.0944,0.9248,0.9957
Vps36,Vps36,965.088,-0.0016,0.0675,-0.0234,0.9814,0.9984
Vps37a,Vps37a,1190.8021,0.0128,0.1152,0.1108,0.9118,0.9943
Vps37b,Vps37b,857.1708,0.0039,0.0685,0.0563,0.9551,0.9974
Vps37c,Vps37c,1437.7988,-0.0505,0.0575,-0.8787,0.3796,0.9303
Vps37d,Vps37d,148.2032,-0.0582,0.1413,-0.4119,0.6804,0.9717
Vps39,Vps39,1565.1176,-0.0152,0.0604,-0.2513,0.8016,0.9871
Vps41,Vps41,3246.718,0.1048,0.0677,1.5483,0.1215,0.8127
Vps45,Vps45,700.9669,-0.1043,0.0711,-1.4658,0.1427,0.8395
Vps4a,Vps4a,2013.7933,0.0033,0.0601,0.0554,0.9558,0.9974
Vps4b,Vps4b,3135.5268,0.041,0.0442,0.9276,0.3536,0.9278
Vps51,Vps51,1029.2235,-0.0081,0.0758,-0.1064,0.9152,0.9949
Vps52,Vps52,1765.0532,-0.0376,0.0559,-0.6719,0.5017,0.9515
Vps53,Vps53,2248.5319,-0.0446,0.0638,-0.6992,0.4844,0.9515
Vps54,Vps54,879.9226,0.1129,0.1374,0.8214,0.4114,0.9378
Vps72,Vps72,1840.6308,-0.0958,0.0549,-1.7441,0.0811,0.7744
Vps8,Vps8,1838.883,-0.0336,0.0816,-0.4111,0.681,0.9717
Vps9d1,Vps9d1,474.4995,-0.0707,0.0899,-0.7863,0.4317,0.9453
Vrk1,Vrk1,689.4875,-0.0573,0.1234,-0.4642,0.6425,0.9684
Vrk2,Vrk2,303.3236,-0.1098,0.1015,-1.0819,0.2793,0.9074
Vrk3,Vrk3,534.2487,-0.0971,0.078,-1.2444,0.2134,0.8877
Vsig10,Vsig10,663.2238,-0.0006,0.0863,-0.0065,0.9948,0.9993
Vsig10l,Vsig10l,54.9769,0.3263,0.213,1.5317,0.1256,0.815
Vsig8,Vsig8,2.3276,0.2859,0.9269,0.3084,0.7577,
Vsnl1,Vsnl1,2.0225,0.3834,0.9725,0.3942,0.6934,
Vta1,Vta1,1847.1679,-0.0962,0.062,-1.5507,0.121,0.8127
Vtcn1,Vtcn1,2.0277,-0.5739,1.0162,-0.5647,0.5723,
Vti1a,Vti1a,1109.0472,-0.0113,0.066,-0.1711,0.8642,0.9906
Vti1b,Vti1b,2160.1807,-0.0477,0.0519,-0.9182,0.3585,0.9295
Vtn,Vtn,1.2602,1.1375,1.4219,0.8,0.4237,
Vwa1,Vwa1,1127.7339,-0.0004,0.1163,-0.0036,0.9971,0.9995
Vwa2,Vwa2,1.0771,0.3418,1.4476,0.2361,0.8133,
Vwa3a,Vwa3a,1.6424,0.0548,1.0874,0.0504,0.9598,
Vwa5a,Vwa5a,5234.1377,0.0624,0.0615,1.015,0.3101,0.9172
Vwa5b2,Vwa5b2,2.0216,-0.3531,0.9732,-0.3628,0.7167,
Vwa7,Vwa7,2.2892,2.1149,1.2895,1.6401,0.101,
Vwa8,Vwa8,2143.9952,0.1437,0.0575,2.4981,0.0125,0.5308
Vwa9,Vwa9,1488.3226,0.0081,0.0772,0.1046,0.9167,0.995
Vwc2l,Vwc2l,0.6755,2.1041,1.8112,1.1617,0.2453,
Vwce,Vwce,1.7289,1.1546,1.0732,1.0758,0.282,
Vwde,Vwde,0.6681,-0.3891,1.7673,-0.2202,0.8257,
Vwf,Vwf,28.4695,0.2948,0.2762,1.0674,0.2858,0.9079
Wac,Wac,2920.7004,0.0909,0.0972,0.9351,0.3498,0.9271
Wapal,Wapal,1909.4999,0.004,0.1961,0.0202,0.9839,0.9991
Wars,Wars,2457.0892,0.0042,0.0692,0.0603,0.952,0.9974
Wars2,Wars2,276.2557,-0.082,0.115,-0.7133,0.4756,0.949
Was,Was,16.6787,-0.0952,0.3557,-0.2676,0.789,
Wasf1,Wasf1,506.9809,-0.1291,0.1005,-1.2845,0.199,0.8828
Wasf2,Wasf2,6010.1627,0,0.0495,0.0004,0.9997,0.9999
Wash1,Wash1,1440.9096,0.0285,0.092,0.3096,0.7569,0.9849
Wasl,Wasl,1850.7287,0.1328,0.0842,1.5763,0.115,0.8127
Wbp1,Wbp1,1093.3335,0.038,0.0793,0.4794,0.6317,0.9681
Wbp11,Wbp11,3429.3521,0.0302,0.0518,0.5827,0.5601,0.9579
Wbp1l,Wbp1l,4293.1589,-0.0517,0.0642,-0.8053,0.4207,0.9406
Wbp2,Wbp2,3697.8879,-0.0914,0.0796,-1.1478,0.251,0.8929
Wbp4,Wbp4,1327.3431,0.1186,0.135,0.8785,0.3797,0.9303
Wbp5,Wbp5,4562.9516,-0.0054,0.0612,-0.088,0.9299,0.9957
Wbscr16,Wbscr16,656.4507,0.0636,0.1251,0.5082,0.6113,0.966
Wbscr17,Wbscr17,0.757,0.8959,1.9555,0.4581,0.6469,
Wbscr22,Wbscr22,960.2064,0.0018,0.0924,0.02,0.9841,0.9991
Wbscr27,Wbscr27,324.0753,-0.018,0.1327,-0.136,0.8918,0.992
Wdfy1,Wdfy1,2202.5468,0.0087,0.0561,0.1555,0.8764,0.9914
Wdfy2,Wdfy2,230.6888,-0.0683,0.1284,-0.5321,0.5947,0.964
Wdfy3,Wdfy3,2704.9408,0.079,0.0927,0.853,0.3936,0.9341
Wdfy4,Wdfy4,1.4443,2.4746,1.3321,1.8576,0.0632,
Wdhd1,Wdhd1,665.1207,-0.0645,0.1627,-0.3963,0.6919,0.9731
Wdpcp,Wdpcp,397.6401,-0.0106,0.0813,-0.13,0.8965,0.9927
Wdr1,Wdr1,14183.3283,0.046,0.0903,0.5093,0.6106,0.966
Wdr11,Wdr11,1413.937,0.0555,0.0572,0.9703,0.3319,0.9202
Wdr12,Wdr12,1328.3708,0.0622,0.1167,0.533,0.594,0.964
Wdr13,Wdr13,1929.4827,-0.0416,0.0627,-0.6629,0.5074,0.9528
Wdr17,Wdr17,1.1547,1.384,1.7388,0.796,0.4261,
Wdr18,Wdr18,1305.7295,0.0129,0.0936,0.138,0.8903,0.992
Wdr19,Wdr19,816.0528,0.192,0.0847,2.2668,0.0234,0.6225
Wdr20,Wdr20,887.3365,0.0385,0.0741,0.52,0.603,0.966
Wdr24,Wdr24,875.7294,0.0526,0.0741,0.7098,0.4778,0.9493
Wdr25,Wdr25,248.8019,-0.068,0.1095,-0.6208,0.5347,0.9571
Wdr26,Wdr26,7444.4615,0.0304,0.1003,0.3028,0.762,0.9849
Wdr27,Wdr27,14.8683,0.3051,0.5252,0.5809,0.5613,
Wdr3,Wdr3,1747.8263,-0.0156,0.0577,-0.2707,0.7866,0.9862
Wdr31,Wdr31,84.6414,0.1465,0.1644,0.8909,0.373,0.9295
Wdr33,Wdr33,2939.7463,0.0684,0.075,0.9112,0.3622,0.9295
Wdr34,Wdr34,589.2735,-0.0908,0.0707,-1.2851,0.1987,0.8828
Wdr35,Wdr35,1614.1837,0.0256,0.0482,0.5316,0.595,0.964
Wdr36,Wdr36,3556.0361,-0.0581,0.0578,-1.0046,0.3151,0.9173
Wdr37,Wdr37,871.8679,0.0405,0.0862,0.4692,0.6389,0.9681
Wdr38,Wdr38,0.8734,0.9148,1.4437,0.6337,0.5263,
Wdr4,Wdr4,931.2997,-0.0691,0.0713,-0.9692,0.3324,0.9205
Wdr41,Wdr41,1022.7688,0.0704,0.0721,0.9765,0.3288,0.9197
Wdr43,Wdr43,2302.355,0.0581,0.1128,0.5153,0.6063,0.966
Wdr44,Wdr44,758.4945,0.0341,0.1241,0.2747,0.7836,0.985
Wdr45,Wdr45,915.3248,0.0722,0.0955,0.7566,0.4493,0.9455
Wdr45b,Wdr45b,3948.0118,-0.0113,0.0517,-0.2176,0.8278,0.9906
Wdr46,Wdr46,1521.0745,-0.0166,0.1014,-0.1639,0.8698,0.9906
Wdr47,Wdr47,832.6795,-0.1142,0.0746,-1.5312,0.1257,0.815
Wdr48,Wdr48,1684.6692,-0.0049,0.0536,-0.0917,0.9269,0.9957
Wdr5,Wdr5,2403.2029,-0.0937,0.0518,-1.8094,0.0704,0.7617
Wdr53,Wdr53,305.1212,0.0503,0.0887,0.5665,0.571,0.9608
Wdr54,Wdr54,193.8239,-0.1231,0.1296,-0.9498,0.3422,0.9246
Wdr55,Wdr55,751.2265,-0.0041,0.0678,-0.061,0.9514,0.9974
Wdr59,Wdr59,925.0234,-0.0195,0.06,-0.3255,0.7448,0.9836
Wdr5b,Wdr5b,191.5007,0.2338,0.1818,1.2857,0.1986,0.8828
Wdr6,Wdr6,3759.7726,0.0962,0.0719,1.3368,0.1813,0.8705
Wdr60,Wdr60,680.5813,0.0974,0.0958,1.0174,0.309,0.9169
Wdr61,Wdr61,1781.6227,0.0161,0.0821,0.1956,0.8449,0.9906
Wdr62,Wdr62,323.2173,-0.3231,0.1837,-1.7587,0.0786,0.7682
Wdr63,Wdr63,2.2179,-1.2546,0.9834,-1.2758,0.202,
Wdr7,Wdr7,1733.621,0.0858,0.0797,1.0767,0.2816,0.9074
Wdr70,Wdr70,1360.7643,0.0572,0.09,0.6358,0.5249,0.956
Wdr72,Wdr72,0.6753,1.122,1.8849,0.5952,0.5517,
Wdr73,Wdr73,503.0876,-0.0359,0.0851,-0.4218,0.6732,0.971
Wdr74,Wdr74,612.7107,-0.1681,0.0986,-1.7053,0.0881,0.7829
Wdr75,Wdr75,2115.2747,0.115,0.0765,1.5034,0.1327,0.826
Wdr76,Wdr76,454.6023,-0.012,0.1372,-0.0876,0.9302,0.9957
Wdr77,Wdr77,2934.8862,0.0657,0.0945,0.6955,0.4868,0.9515
Wdr78,Wdr78,22.7255,-0.4418,0.4173,-1.0587,0.2897,0.9079
Wdr8,Wdr8,588.2477,-0.0272,0.0738,-0.3681,0.7128,0.9765
Wdr81,Wdr81,1764.3428,-0.0551,0.1197,-0.4601,0.6454,0.9684
Wdr82,Wdr82,3441.9031,0.0846,0.0707,1.1957,0.2318,0.8923
Wdr83,Wdr83,1166.8734,0.0219,0.0873,0.2508,0.8019,0.9871
Wdr83os,Wdr83os,2854.9261,0.0092,0.0802,0.1142,0.9091,0.9941
Wdr89,Wdr89,126.6791,-0.0593,0.144,-0.4116,0.6806,0.9717
Wdr90,Wdr90,544.7849,-0.0339,0.1363,-0.2483,0.8039,0.9871
Wdr91,Wdr91,556.8809,-0.0229,0.0768,-0.2981,0.7656,0.985
Wdr92,Wdr92,679.4156,-0.0044,0.0983,-0.0444,0.9646,0.9974
Wdr93,Wdr93,4.6403,-0.1916,0.6603,-0.2901,0.7717,
Wdr95,Wdr95,5.3766,-0.6501,0.636,-1.0221,0.3067,
Wdsub1,Wdsub1,769.1341,0.0638,0.0917,0.6952,0.4869,0.9515
Wdtc1,Wdtc1,2539.6825,-0.0312,0.0588,-0.5311,0.5954,0.964
Wdyhv1,Wdyhv1,1073.6856,-0.0255,0.0577,-0.442,0.6585,0.97
Wee1,Wee1,797.911,-0.2038,0.0968,-2.1059,0.0352,0.6782
Wfdc1,Wfdc1,14.8651,0.0119,0.468,0.0255,0.9797,
Wfdc13,Wfdc13,3.0887,0.814,0.8495,0.9581,0.338,
Wfdc18,Wfdc18,0.6837,-1.0154,1.9405,-0.5233,0.6008,
Wfdc2,Wfdc2,3.4864,0.9288,0.8215,1.1307,0.2582,
Wfdc21,Wfdc21,6.3609,-0.1412,0.5955,-0.2371,0.8126,
Wfdc3,Wfdc3,0.5705,-1.1246,1.984,-0.5668,0.5708,
Wfdc8,Wfdc8,0.2927,0.8437,2.6285,0.321,0.7482,
Wfikkn1,Wfikkn1,21.9037,0.0309,0.3481,0.0887,0.9293,0.9957
Wfikkn2,Wfikkn2,5.0336,0.24,0.6143,0.3906,0.6961,
Wfs1,Wfs1,2179.1211,-0.1313,0.0948,-1.3842,0.1663,0.861
Whamm,Whamm,243.2845,0.0018,0.1095,0.0167,0.9867,0.9992
Whrn,Whrn,1002.306,0.0116,0.0889,0.1308,0.8959,0.9927
Whsc1,Whsc1,2358.0912,0.0246,0.0923,0.2661,0.7902,0.9865
Whsc1l1,Whsc1l1,2748.1297,0.0047,0.0944,0.0497,0.9604,0.9974
Wibg,Wibg,752.979,-0.0627,0.0879,-0.713,0.4758,0.949
Wif1,Wif1,16.183,-0.1798,0.4984,-0.3608,0.7183,
Wipf1,Wipf1,2480.4656,0.0437,0.0588,0.7426,0.4577,0.9483
Wipf2,Wipf2,1016.0972,-0.0461,0.0757,-0.6087,0.5428,0.9571
Wipf3,Wipf3,22.4946,-0.102,0.3314,-0.3078,0.7582,0.9849
Wipi1,Wipi1,3696.0003,0.0349,0.0644,0.5419,0.5879,0.964
Wipi2,Wipi2,3965.154,0.0579,0.0893,0.6486,0.5166,0.9548
Wisp1,Wisp1,14773.1028,0.0385,0.1245,0.309,0.7573,0.9849
Wisp2,Wisp2,3794.282,0.0766,0.1118,0.6855,0.493,0.9515
Wisp3,Wisp3,2.3237,-0.7678,0.9763,-0.7864,0.4317,
Wiz,Wiz,1672.7413,-0.0382,0.0753,-0.5066,0.6125,0.966
Wls,Wls,25041.4968,0.1186,0.0962,1.2331,0.2175,0.8877
Wnk1,Wnk1,10326.4403,0.018,0.117,0.1537,0.8778,0.9914
Wnk3,Wnk3,2.1278,-2.1926,1.2262,-1.7882,0.0737,
Wnk4,Wnk4,6.7507,0.8728,0.6057,1.4409,0.1496,
Wnt1,Wnt1,1.3347,0.3152,1.3626,0.2313,0.8171,
Wnt10a,Wnt10a,1995.2197,0.1653,0.1319,1.2533,0.2101,0.8875
Wnt10b,Wnt10b,132.7207,0.1589,0.1335,1.1902,0.234,0.8923
Wnt11,Wnt11,53.2415,-0.5145,0.2278,-2.2589,0.0239,0.624
Wnt16,Wnt16,2.1093,1.5818,1.1589,1.3649,0.1723,
Wnt2b,Wnt2b,15.8505,0.324,0.4021,0.8059,0.4203,
Wnt3,Wnt3,0.8581,0.2793,1.581,0.1766,0.8598,
Wnt4,Wnt4,96.155,0.1518,0.2363,0.6424,0.5206,0.9555
Wnt5a,Wnt5a,27.6856,0.0752,0.3071,0.245,0.8065,0.9878
Wnt5b,Wnt5b,127.5185,0.1058,0.1356,0.7805,0.4351,0.9453
Wnt6,Wnt6,161.779,0.3817,0.1691,2.2575,0.024,0.6244
Wnt7b,Wnt7b,15.3101,-0.4035,0.497,-0.8119,0.4168,
Wnt9a,Wnt9a,890.3776,-0.2888,0.2167,-1.3328,0.1826,0.8711
Wrap53,Wrap53,393.3243,-0.0519,0.0923,-0.5626,0.5737,0.9614
Wrb,Wrb,747.7792,-0.1041,0.0853,-1.2203,0.2223,0.8877
Wrn,Wrn,443.3384,0.2496,0.1589,1.5704,0.1163,0.8127
Wrnip1,Wrnip1,1742.2017,-0.0834,0.0718,-1.1613,0.2455,0.8923
Wsb1,Wsb1,3382.4421,0.0445,0.1059,0.4199,0.6746,0.9711
Wsb2,Wsb2,4903.536,-0.1029,0.0537,-1.9156,0.0554,0.743
Wscd2,Wscd2,9.197,0.4295,0.637,0.6742,0.5002,
Wt1,Wt1,12.7286,-0.9788,0.5827,-1.6797,0.093,
Wt1os,Wt1os,0.5729,0.2029,2.0295,0.1,0.9203,
Wtap,Wtap,1912.8874,0.0181,0.0477,0.3783,0.7052,0.9744
Wtip,Wtip,627.744,0.068,0.0694,0.9796,0.3273,0.9197
Wwc1,Wwc1,19.8242,-0.2888,0.3683,-0.784,0.433,
Wwc2,Wwc2,2515.7818,0.0112,0.1018,0.1102,0.9123,0.9943
Wwox,Wwox,323.408,0.1242,0.1043,1.1907,0.2338,0.8923
Wwp1,Wwp1,723.352,0.0254,0.1594,0.1596,0.8732,0.991
Wwp2,Wwp2,2387.4574,-0.1182,0.0745,-1.5875,0.1124,0.8127
Wwtr1,Wwtr1,7984.6115,0.0082,0.0851,0.0965,0.9231,0.9957
Xab2,Xab2,1761.4537,-0.0697,0.053,-1.3167,0.1879,0.874
Xaf1,Xaf1,236.767,-0.2416,0.2071,-1.1668,0.2433,0.8923
Xbp1,Xbp1,7115.6048,-0.0143,0.0694,-0.2055,0.8372,0.9906
Xcr1,Xcr1,11.165,-0.0504,0.4091,-0.1233,0.9019,
Xdh,Xdh,1436.7772,0.0752,0.3346,0.2247,0.8222,0.9893
Xiap,Xiap,1601.7688,0.0158,0.2099,0.075,0.9402,0.9971
Xirp1,Xirp1,2734.7492,-0.1128,0.1417,-0.7963,0.4259,0.9422
Xirp2,Xirp2,11.2149,-0.2645,0.621,-0.426,0.6701,
Xist,Xist,11552.3428,0.2083,0.2231,0.9337,0.3504,0.9271
Xk,Xk,39.54,-0.0084,0.2436,-0.0346,0.9724,0.9974
Xkr5,Xkr5,196.8307,-0.2091,0.2341,-0.8929,0.3719,0.9295
Xkr6,Xkr6,15.3078,0.0756,0.3984,0.1897,0.8495,
Xkr8,Xkr8,342.3059,0.0252,0.1189,0.2121,0.832,0.9906
Xkr9,Xkr9,0.864,1.5326,1.5241,1.0055,0.3146,
Xkrx,Xkrx,4.6206,0.1726,0.6936,0.2489,0.8035,
Xlr,Xlr,838.919,0.1296,0.1162,1.1155,0.2646,0.8981
Xlr3a,Xlr3a,74.2136,0.1973,0.2129,0.9268,0.354,0.9283
Xlr3b,Xlr3b,8.0707,0.59,0.4934,1.1959,0.2317,
Xlr3c,Xlr3c,12.2584,-0.482,0.5282,-0.9124,0.3616,
Xlr4a,Xlr4a,0.3846,-1.8819,2.44,-0.7713,0.4405,
Xndc1,Xndc1,156.9811,0.1624,0.2272,0.7149,0.4747,0.949
Xpa,Xpa,402.6815,0.0621,0.0877,0.7082,0.4788,0.9498
Xpc,Xpc,774.8077,0.0585,0.1042,0.5616,0.5744,0.9614
Xpnpep1,Xpnpep1,4300.0216,-0.1644,0.05,-3.2888,0.001,0.2398
Xpnpep2,Xpnpep2,72.0559,-0.1427,0.1907,-0.7485,0.4542,0.9475
Xpnpep3,Xpnpep3,597.739,0.1318,0.084,1.5692,0.1166,0.8127
Xpo1,Xpo1,3088.7136,0.0237,0.1593,0.149,0.8815,0.9914
Xpo4,Xpo4,306.5073,0.1644,0.1298,1.2672,0.2051,0.8854
Xpo5,Xpo5,2785.2225,0.0302,0.0915,0.3299,0.7415,0.983
Xpo6,Xpo6,2082.2126,0.0574,0.0591,0.9714,0.3313,0.9201
Xpo7,Xpo7,3183.3968,0.0388,0.0487,0.7971,0.4254,0.9422
Xpot,Xpot,4969.601,0.0406,0.049,0.8286,0.4073,0.9373
Xpr1,Xpr1,2135.1057,0.0281,0.1486,0.1892,0.8499,0.9906
Xrcc1,Xrcc1,1206.3985,-0.0473,0.0672,-0.7038,0.4816,0.9507
Xrcc2,Xrcc2,490.271,0.0047,0.1161,0.0407,0.9675,0.9974
Xrcc3,Xrcc3,487.7801,0.1426,0.1196,1.1926,0.233,0.8923
Xrcc4,Xrcc4,478.4814,-0.0008,0.1001,-0.0083,0.9933,0.9993
Xrcc5,Xrcc5,3352.1527,0.1164,0.0941,1.2362,0.2164,0.8877
Xrcc6,Xrcc6,1742.4369,-0.0375,0.0829,-0.4518,0.6514,0.9684
Xrcc6bp1,Xrcc6bp1,183.8328,-0.0891,0.1308,-0.6809,0.4959,0.9515
Xrn1,Xrn1,397.9872,0.0533,0.2374,0.2246,0.8223,0.9893
Xrn2,Xrn2,4377.5262,0.0647,0.0627,1.0327,0.3018,0.9164
Xrra1,Xrra1,18.7478,-0.2684,0.3284,-0.8174,0.4137,
Xxylt1,Xxylt1,2217.3251,0.1418,0.075,1.8904,0.0587,0.749
Xylb,Xylb,99.9841,0.0502,0.1583,0.3172,0.7511,0.9843
Xylt2,Xylt2,1134.3477,0.0386,0.061,0.6324,0.5272,0.9565
Yae1d1,Yae1d1,734.4028,0.1472,0.0892,1.6495,0.099,0.7895
Yaf2,Yaf2,1542.2195,0.0716,0.0804,0.8908,0.373,0.9295
Yap1,Yap1,5236.0833,0.079,0.0803,0.9846,0.3248,0.9197
Yars,Yars,4485.8823,0.0123,0.0917,0.1343,0.8931,0.9922
Yars2,Yars2,623.7128,-0.0099,0.0874,-0.1127,0.9103,0.9942
Ybey,Ybey,204.5974,-0.076,0.1138,-0.6684,0.5039,0.9515
Ybx1,Ybx1,19746.2632,-0.0337,0.08,-0.4208,0.6739,0.971
Ybx2,Ybx2,1.821,1.0877,1.0406,1.0453,0.2959,
Ybx3,Ybx3,8960.2334,-0.0414,0.0727,-0.5694,0.5691,0.9596
Ydjc,Ydjc,142.9161,0.1797,0.1403,1.2802,0.2005,0.8828
Yeats2,Yeats2,1372.3952,0.1318,0.0677,1.9453,0.0517,0.7276
Yeats4,Yeats4,1137.9202,-0.1001,0.0635,-1.5753,0.1152,0.8127
Yes1,Yes1,609.6721,0.1618,0.1623,0.9964,0.319,0.9181
Yif1a,Yif1a,2068.4282,-0.1096,0.0494,-2.2195,0.0265,0.6361
Yif1b,Yif1b,1606.4743,-0.0993,0.0567,-1.7512,0.0799,0.77
Yipf1,Yipf1,1018.4366,-0.0131,0.0926,-0.1413,0.8876,0.9917
Yipf2,Yipf2,362.3297,0.328,0.1078,3.0419,0.0024,0.3256
Yipf3,Yipf3,3349.1794,-0.0475,0.0684,-0.6952,0.4869,0.9515
Yipf4,Yipf4,3501.0109,0.0306,0.0473,0.647,0.5176,0.9549
Yipf5,Yipf5,4066.8911,0.0084,0.0564,0.1494,0.8813,0.9914
Yipf6,Yipf6,705.1614,0.1061,0.1173,0.9049,0.3655,0.9295
Yipf7,Yipf7,33.154,-0.6362,0.2677,-2.3764,0.0175,0.582
Ykt6,Ykt6,6160.184,-0.0379,0.0834,-0.4543,0.6496,0.9684
Ylpm1,Ylpm1,1952.1222,0.0661,0.1088,0.6076,0.5435,0.9571
Yme1l1,Yme1l1,4425.2743,0.0381,0.1226,0.3107,0.756,0.9849
Yod1,Yod1,120.5251,0.1782,0.2029,0.8785,0.3797,0.9303
Ypel1,Ypel1,100.3878,-0.2251,0.1591,-1.415,0.1571,0.852
Ypel2,Ypel2,322.7918,0.1341,0.1326,1.0114,0.3118,0.9173
Ypel3,Ypel3,2209.0093,0.0087,0.0691,0.1254,0.9002,0.9931
Ypel4,Ypel4,101.468,0.2154,0.1717,1.2547,0.2096,0.8875
Ypel5,Ypel5,2145.2466,-0.0773,0.0682,-1.133,0.2572,0.8949
Yrdc,Yrdc,909.3773,-0.1734,0.0752,-2.3064,0.0211,0.6049
Ythdc1,Ythdc1,1729.1938,0.1089,0.1021,1.0662,0.2863,0.9079
Ythdc2,Ythdc2,263.1754,0.0593,0.2027,0.2923,0.77,0.985
Ythdf1,Ythdf1,2977.0592,-0.0255,0.0541,-0.4711,0.6376,0.9681
Ythdf2,Ythdf2,2573.9727,-0.0054,0.047,-0.1157,0.9079,0.9939
Ythdf3,Ythdf3,2385.2704,0.0936,0.1767,0.5296,0.5964,0.964
Ywhab,Ywhab,11632.5045,0.0571,0.0613,0.9311,0.3518,0.9271
Ywhae,Ywhae,23231.9691,-0.0317,0.0564,-0.5623,0.5739,0.9614
Ywhag,Ywhag,12262.9394,-0.0343,0.0658,-0.5218,0.6018,0.966
Ywhah,Ywhah,5107.7507,-0.0458,0.1373,-0.334,0.7384,0.9818
Ywhaq,Ywhaq,6817.6253,0.0646,0.1404,0.4599,0.6456,0.9684
Ywhaz,Ywhaz,18909.5865,0.0028,0.1091,0.0259,0.9793,0.9979
Yy1,Yy1,2563.1037,0.0853,0.0478,1.783,0.0746,0.7682
Yy2,Yy2,124.7932,-0.0903,0.1547,-0.5841,0.5591,0.9579
Zadh2,Zadh2,1735.154,0.1254,0.1137,1.1029,0.2701,0.9027
Zak,Zak,2300.6673,0.036,0.0996,0.3613,0.7179,0.9777
Zan,Zan,0.8675,-0.2591,1.5192,-0.1706,0.8646,
Zap70,Zap70,23.4424,-0.3162,0.3724,-0.8489,0.3959,0.9341
Zbed3,Zbed3,673.3084,-0.0201,0.0733,-0.2737,0.7843,0.985
Zbed4,Zbed4,461.0841,0.1427,0.1707,0.8358,0.4033,0.9365
Zbed5,Zbed5,166.0564,-0.0022,0.115,-0.0193,0.9846,0.9991
Zbed6,Zbed6,995.4052,0.093,0.2266,0.4104,0.6815,0.9717
Zbp1,Zbp1,47.5771,-0.3427,0.3949,-0.8679,0.3855,0.9315
Zbtb1,Zbtb1,1052.6249,-0.0725,0.1573,-0.4608,0.645,0.9684
Zbtb10,Zbtb10,379.1107,-0.0387,0.1889,-0.2051,0.8375,0.9906
Zbtb11,Zbtb11,552.3339,0.1584,0.1605,0.9865,0.3239,0.9197
Zbtb11os1,Zbtb11os1,24.4251,-0.0457,0.3188,-0.1432,0.8861,0.9917
Zbtb12,Zbtb12,404.5481,-0.0589,0.0856,-0.6872,0.492,0.9515
Zbtb14,Zbtb14,709.8747,0.1609,0.1034,1.5568,0.1195,0.8127
Zbtb17,Zbtb17,951.3181,-0.1848,0.0755,-2.4493,0.0143,0.5611
Zbtb18,Zbtb18,2482.974,-0.0075,0.0928,-0.0807,0.9357,0.9971
Zbtb2,Zbtb2,453.8392,0.0757,0.0862,0.8778,0.38,0.9303
Zbtb20,Zbtb20,83.8165,-0.0223,0.158,-0.1413,0.8876,0.9917
Zbtb21,Zbtb21,681.4527,-0.1514,0.132,-1.1472,0.2513,0.893
Zbtb22,Zbtb22,986.9351,-0.1347,0.0853,-1.5783,0.1145,0.8127
Zbtb24,Zbtb24,800.8662,0.0111,0.0652,0.1708,0.8644,0.9906
Zbtb25,Zbtb25,359.946,0.0327,0.1028,0.3185,0.7501,0.9843
Zbtb26,Zbtb26,352.9649,0.2019,0.1457,1.3863,0.1657,0.8598
Zbtb3,Zbtb3,102.6901,-0.161,0.1458,-1.1042,0.2695,0.9027
Zbtb32,Zbtb32,3.3692,1.3548,0.8611,1.5733,0.1156,
Zbtb33,Zbtb33,662.5404,0.0146,0.1837,0.0796,0.9365,0.9971
Zbtb34,Zbtb34,405.5758,0.0416,0.0794,0.5239,0.6003,0.966
Zbtb37,Zbtb37,96.1011,-0.0863,0.1697,-0.5083,0.6113,0.966
Zbtb38,Zbtb38,818.3578,0.0034,0.2093,0.0164,0.9869,0.9992
Zbtb39,Zbtb39,588.5086,-0.0028,0.0712,-0.0388,0.9691,0.9974
Zbtb4,Zbtb4,2295.8405,0.0722,0.0614,1.1752,0.2399,0.8923
Zbtb40,Zbtb40,487.1349,0.0656,0.0921,0.7121,0.4764,0.949
Zbtb41,Zbtb41,610.9936,0.0696,0.2319,0.3,0.7641,0.9849
Zbtb42,Zbtb42,273.0952,0.0169,0.0963,0.1759,0.8604,0.9906
Zbtb43,Zbtb43,1176.4191,-0.0531,0.0731,-0.7263,0.4677,0.9483
Zbtb44,Zbtb44,611.5098,0.0668,0.1325,0.504,0.6142,0.966
Zbtb45,Zbtb45,285.2626,-0.0837,0.0967,-0.8656,0.3867,0.9326
Zbtb46,Zbtb46,28.3755,0.4682,0.302,1.5507,0.121,0.8127
Zbtb48,Zbtb48,285.6023,0.1267,0.1261,1.0046,0.3151,0.9173
Zbtb49,Zbtb49,218.7081,0.1022,0.117,0.8736,0.3824,0.9315
Zbtb5,Zbtb5,706.2777,0.0424,0.0692,0.6128,0.54,0.9571
Zbtb6,Zbtb6,788.6921,0.0888,0.148,0.6005,0.5482,0.9571
Zbtb7a,Zbtb7a,1862.6764,0.0912,0.0813,1.1211,0.2623,0.8977
Zbtb7b,Zbtb7b,1767.4753,-0.045,0.1079,-0.4175,0.6763,0.9713
Zbtb7c,Zbtb7c,2151.3394,-0.0666,0.121,-0.5504,0.582,0.9637
Zbtb8a,Zbtb8a,388.7512,0.014,0.1022,0.1367,0.8913,0.992
Zbtb8b,Zbtb8b,2.982,-0.2866,0.8376,-0.3422,0.7322,
Zbtb8os,Zbtb8os,611.1381,-0.1631,0.0743,-2.1952,0.0282,0.6381
Zbtb9,Zbtb9,578.3749,0.0247,0.0893,0.2764,0.7822,0.985
Zc2hc1a,Zc2hc1a,1918.8653,0.1559,0.0769,2.0267,0.0427,0.7204
Zc2hc1c,Zc2hc1c,215.7145,-0.0863,0.1255,-0.6872,0.4919,0.9515
Zc3h10,Zc3h10,630.9604,-0.0933,0.0815,-1.145,0.2522,0.893
Zc3h11a,Zc3h11a,6091.5752,0.056,0.1522,0.3679,0.713,0.9766
Zc3h12a,Zc3h12a,2208.6571,0.0406,0.0792,0.5124,0.6084,0.966
Zc3h12b,Zc3h12b,66.3386,0.1651,0.1935,0.8532,0.3936,0.9341
Zc3h12c,Zc3h12c,396.9005,0.0617,0.152,0.406,0.6847,0.9717
Zc3h12d,Zc3h12d,9.7444,-0.5002,0.4438,-1.1271,0.2597,
Zc3h13,Zc3h13,1245.4791,-0.0481,0.1276,-0.3769,0.7062,0.9744
Zc3h14,Zc3h14,2927.4375,0.0722,0.0927,0.7793,0.4358,0.9455
Zc3h15,Zc3h15,2204.9749,0.081,0.1324,0.6115,0.5408,0.9571
Zc3h18,Zc3h18,2660.9873,0.0322,0.0457,0.7045,0.4811,0.9506
Zc3h3,Zc3h3,567.2746,0.0915,0.1347,0.679,0.4971,0.9515
Zc3h4,Zc3h4,2434.0473,0.0168,0.0766,0.2197,0.8261,0.9905
Zc3h6,Zc3h6,284.0347,0.11,0.1521,0.7228,0.4698,0.9483
Zc3h7a,Zc3h7a,1357.1229,0.1071,0.1388,0.7716,0.4404,0.9455
Zc3h7b,Zc3h7b,4712.875,-0.0172,0.047,-0.3653,0.7149,0.9766
Zc3h8,Zc3h8,103.4052,-0.0543,0.1556,-0.3489,0.7272,0.9796
Zc3hav1,Zc3hav1,1239.7006,-0.0069,0.0805,-0.0859,0.9315,0.9957
Zc3hav1l,Zc3hav1l,628.5566,0.1731,0.0874,1.9793,0.0478,0.7227
Zc3hc1,Zc3hc1,1305.6007,-0.0902,0.0729,-1.2373,0.216,0.8877
Zc4h2,Zc4h2,556.6903,-0.0253,0.0884,-0.2859,0.7749,0.985
Zcchc10,Zcchc10,280.8606,0.0223,0.1099,0.2032,0.839,0.9906
Zcchc11,Zcchc11,540.4421,0.2075,0.1195,1.7362,0.0825,0.7754
Zcchc12,Zcchc12,2.3084,-1.6851,1.0707,-1.5739,0.1155,
Zcchc14,Zcchc14,2738.4063,0.0676,0.0904,0.7479,0.4545,0.9475
Zcchc17,Zcchc17,1236.4522,-0.0255,0.0884,-0.2888,0.7727,0.985
Zcchc18,Zcchc18,6.8361,-0.6909,0.6303,-1.0961,0.273,
Zcchc2,Zcchc2,660.9647,0.0833,0.083,1.0042,0.3153,0.9173
Zcchc24,Zcchc24,10851.9598,0.0781,0.0872,0.896,0.3703,0.9295
Zcchc4,Zcchc4,481.934,0.0852,0.0859,0.9914,0.3215,0.9197
Zcchc5,Zcchc5,34.5439,-0.3631,0.2383,-1.5233,0.1277,0.8208
Zcchc6,Zcchc6,2167.1845,0.1076,0.1126,0.9557,0.3392,0.9244
Zcchc7,Zcchc7,631.5993,-0.0217,0.1443,-0.1506,0.8803,0.9914
Zcchc8,Zcchc8,1380.6482,0.1597,0.0782,2.043,0.0411,0.7111
Zcchc9,Zcchc9,1022.6966,0.0386,0.0741,0.5209,0.6025,0.966
Zcrb1,Zcrb1,1392.3094,-0.0154,0.059,-0.2609,0.7941,0.9871
Zcwpw1,Zcwpw1,139.9563,0.2349,0.1249,1.8806,0.06,0.749
Zdbf2,Zdbf2,2.877,-0.1935,0.9872,-0.196,0.8446,
Zdhhc1,Zdhhc1,881.3499,0.0355,0.0625,0.5677,0.5702,0.9604
Zdhhc12,Zdhhc12,283.6144,-0.1587,0.0975,-1.6281,0.1035,0.7971
Zdhhc13,Zdhhc13,757.7338,0.0575,0.0737,0.7794,0.4358,0.9455
Zdhhc14,Zdhhc14,9.0026,-0.2168,0.5596,-0.3874,0.6985,
Zdhhc15,Zdhhc15,65.2277,0.0587,0.222,0.2643,0.7916,0.9865
Zdhhc16,Zdhhc16,1746.0986,0.0109,0.1012,0.1077,0.9142,0.9946
Zdhhc17,Zdhhc17,1061.5308,0.1151,0.132,0.8721,0.3832,0.9315
Zdhhc18,Zdhhc18,1463.3863,0.0037,0.0739,0.05,0.9601,0.9974
Zdhhc2,Zdhhc2,366.8202,-0.2397,0.2435,-0.9842,0.325,0.9197
Zdhhc20,Zdhhc20,1966.5797,0.0061,0.156,0.0392,0.9688,0.9974
Zdhhc21,Zdhhc21,1016.5202,0.0368,0.1594,0.2306,0.8176,0.989
Zdhhc24,Zdhhc24,627.4355,-0.0185,0.1162,-0.1593,0.8734,0.991
Zdhhc25,Zdhhc25,1.2484,-1.7912,1.3875,-1.291,0.1967,
Zdhhc3,Zdhhc3,2963.4196,0.0132,0.0577,0.2286,0.8192,0.9893
Zdhhc4,Zdhhc4,1130.0919,0.0632,0.091,0.6945,0.4873,0.9515
Zdhhc5,Zdhhc5,5135.391,-0.0049,0.0503,-0.0972,0.9226,0.9957
Zdhhc6,Zdhhc6,1935.8812,-0.0373,0.05,-0.7457,0.4559,0.9483
Zdhhc7,Zdhhc7,1276.0907,-0.0255,0.0558,-0.4575,0.6473,0.9684
Zdhhc8,Zdhhc8,2409.2354,0.0124,0.065,0.1909,0.8486,0.9906
Zdhhc9,Zdhhc9,1729.8363,-0.0084,0.0714,-0.1175,0.9065,0.9939
Zeb1,Zeb1,5332.7101,0.0976,0.0812,1.2021,0.2293,0.8914
Zeb2,Zeb2,2456.9548,0.0838,0.1639,0.5113,0.6091,0.966
Zeb2os,Zeb2os,36.3813,-0.2478,0.2436,-1.0173,0.309,0.9169
Zer1,Zer1,1455.8139,0.1208,0.0769,1.5704,0.1163,0.8127
Zfa-ps,Zfa-ps,0.6845,1.2518,1.91,0.6554,0.5122,
Zfand1,Zfand1,819.0716,-0.0292,0.066,-0.4426,0.6581,0.97
Zfand2a,Zfand2a,1516.6332,-0.0912,0.0554,-1.6458,0.0998,0.7895
Zfand2b,Zfand2b,553.7985,-0.0137,0.089,-0.1539,0.8777,0.9914
Zfand3,Zfand3,4329.7695,-0.0418,0.0429,-0.9756,0.3293,0.9197
Zfand4,Zfand4,431.8563,0.2368,0.11,2.1527,0.0313,0.6516
Zfand5,Zfand5,3816.5911,0.1106,0.0854,1.2953,0.1952,0.8802
Zfand6,Zfand6,2085.4702,-0.0559,0.0944,-0.5928,0.5533,0.9571
Zfat,Zfat,269.9748,-0.1778,0.153,-1.1619,0.2453,0.8923
Zfc3h1,Zfc3h1,942.0934,0.2821,0.1674,1.685,0.092,0.7864
Zfhx2,Zfhx2,140.9638,0.0694,0.1292,0.5366,0.5915,0.964
Zfhx2os,Zfhx2os,0.6771,-0.8596,1.7234,-0.4988,0.6179,
Zfhx3,Zfhx3,344.951,0.079,0.1478,0.5349,0.5927,0.964
Zfhx4,Zfhx4,836.6293,0.1485,0.1653,0.8981,0.3691,0.9295
Zfp1,Zfp1,336.4985,0.1391,0.0998,1.3933,0.1635,0.8598
Zfp101,Zfp101,127.277,0.1354,0.162,0.8358,0.4033,0.9365
Zfp105,Zfp105,90.4386,0.1232,0.1775,0.6939,0.4877,0.9515
Zfp106,Zfp106,10817.7568,0.0492,0.0964,0.5108,0.6095,0.966
Zfp108,Zfp108,66.4515,-0.0992,0.1814,-0.5469,0.5845,0.964
Zfp109,Zfp109,38.967,0.2497,0.3249,0.7686,0.4422,0.9455
Zfp11,Zfp11,207.0513,-0.1675,0.1278,-1.3106,0.19,0.874
Zfp110,Zfp110,1501.5226,-0.0168,0.061,-0.2749,0.7834,0.985
Zfp111,Zfp111,367.7144,0.2131,0.1034,2.0615,0.0393,0.703
Zfp112,Zfp112,103.3582,0.1043,0.158,0.6601,0.5092,0.9528
Zfp113,Zfp113,468.6062,0.0839,0.1154,0.7271,0.4671,0.9483
Zfp114,Zfp114,1.2403,0.0341,1.313,0.026,0.9793,
Zfp119a,Zfp119a,96.7544,0.0779,0.1961,0.3969,0.6914,0.9731
Zfp119b,Zfp119b,110.6083,0.0354,0.1605,0.2203,0.8257,0.9904
Zfp12,Zfp12,974.3873,0.0112,0.0598,0.1872,0.8515,0.9906
Zfp120,Zfp120,243.3248,0.1939,0.1478,1.3113,0.1898,0.874
Zfp128,Zfp128,155.0489,0.2077,0.1698,1.2233,0.2212,0.8877
Zfp13,Zfp13,246.2045,0.0183,0.1193,0.1538,0.8778,0.9914
Zfp131,Zfp131,1075.7477,0.07,0.132,0.5301,0.596,0.964
Zfp133-ps,Zfp133-ps,10.2857,0.0254,0.4921,0.0517,0.9588,
Zfp14,Zfp14,165.2075,0.0238,0.144,0.1656,0.8685,0.9906
Zfp141,Zfp141,241.4979,0.1493,0.1754,0.8513,0.3946,0.9341
Zfp142,Zfp142,942.9194,0.1303,0.0623,2.0934,0.0363,0.6818
Zfp143,Zfp143,718.3072,-0.1028,0.0941,-1.0918,0.2749,0.9059
Zfp146,Zfp146,1547.1491,0.1303,0.0787,1.6554,0.0979,0.7886
Zfp148,Zfp148,1392.1104,0.0293,0.1805,0.1624,0.871,0.9906
Zfp157,Zfp157,335.8424,0.2447,0.1436,1.704,0.0884,0.7829
Zfp160,Zfp160,372.0289,0.284,0.1466,1.9369,0.0528,0.7299
Zfp169,Zfp169,150.9278,0.0737,0.1374,0.5366,0.5915,0.964
Zfp174,Zfp174,139.481,0.1569,0.1449,1.0828,0.2789,0.9074
Zfp180,Zfp180,783.8091,0.0228,0.0695,0.3287,0.7424,0.983
Zfp182,Zfp182,127.5481,0.2336,0.1906,1.2257,0.2203,0.8877
Zfp184,Zfp184,108.8329,0.0616,0.1513,0.4073,0.6838,0.9717
Zfp185,Zfp185,26.7768,-0.3426,0.3627,-0.9446,0.3449,0.9246
Zfp189,Zfp189,314.7384,0.0631,0.1226,0.5143,0.6071,0.966
Zfp191,Zfp191,1255.1286,0.0382,0.1324,0.2888,0.7728,0.985
Zfp2,Zfp2,113.9686,-0.2031,0.1903,-1.0671,0.2859,0.9079
Zfp202,Zfp202,254.4282,0.0297,0.1479,0.2009,0.8408,0.9906
Zfp207,Zfp207,6843.7896,0.0809,0.1179,0.6863,0.4925,0.9515
Zfp212,Zfp212,808.7865,0.0199,0.0613,0.3239,0.746,0.9837
Zfp213,Zfp213,331.0607,-0.1454,0.1011,-1.4379,0.1505,0.8447
Zfp217,Zfp217,1259.4925,0.0836,0.076,1.0997,0.2714,0.9032
Zfp219,Zfp219,841.5336,0.0134,0.0725,0.1847,0.8535,0.9906
Zfp229,Zfp229,152.0576,0.0536,0.1883,0.2844,0.7761,0.985
Zfp235,Zfp235,204.4828,0.0181,0.1106,0.1637,0.8699,0.9906
Zfp236,Zfp236,1442.9025,0.0471,0.0938,0.5025,0.6153,0.966
Zfp239,Zfp239,303.0638,0.1035,0.0929,1.1138,0.2654,0.8981
Zfp248,Zfp248,127.1848,0.1623,0.1598,1.0156,0.3098,0.9171
Zfp251,Zfp251,1421.792,0.1313,0.076,1.7287,0.0839,0.7762
Zfp26,Zfp26,625.4608,0.19,0.1879,1.0111,0.312,0.9173
Zfp260,Zfp260,1633.2574,0.1185,0.15,0.7896,0.4298,0.9448
Zfp266,Zfp266,2424.4906,0.105,0.0967,1.0853,0.2778,0.9074
Zfp27,Zfp27,508.9287,0.0142,0.0872,0.1629,0.8706,0.9906
Zfp273,Zfp273,40.9676,0.1105,0.2742,0.4028,0.6871,0.9717
Zfp275,Zfp275,2636.0739,0.0341,0.081,0.4215,0.6734,0.971
Zfp276,Zfp276,480.8229,0.1285,0.0993,1.2942,0.1956,0.8802
Zfp277,Zfp277,808.8765,-0.0858,0.0757,-1.1333,0.2571,0.8948
Zfp28,Zfp28,320.6463,-0.0173,0.0914,-0.1891,0.85,0.9906
Zfp280b,Zfp280b,952.1104,0.0548,0.0923,0.5938,0.5526,0.9571
Zfp280c,Zfp280c,281.2686,0.1615,0.1659,0.9736,0.3303,0.9197
Zfp280d,Zfp280d,401.7655,0.0094,0.1781,0.0525,0.9581,0.9974
Zfp281,Zfp281,913.6775,0.133,0.1693,0.7853,0.4323,0.9453
Zfp282,Zfp282,1100.3953,-0.0975,0.0646,-1.5089,0.1313,0.826
Zfp286,Zfp286,2.4081,0.6188,0.9207,0.6721,0.5015,
Zfp287,Zfp287,203.2916,0.3538,0.1635,2.1638,0.0305,0.6516
Zfp292,Zfp292,435.445,0.1873,0.2332,0.8032,0.4218,0.9412
Zfp296,Zfp296,20.1784,-0.0881,0.3502,-0.2516,0.8014,
Zfp3,Zfp3,170.1063,0.0195,0.123,0.1584,0.8742,0.991
Zfp30,Zfp30,200.6085,0.0653,0.1273,0.513,0.6079,0.966
Zfp300,Zfp300,24.9863,0.2044,0.3031,0.6745,0.5,0.9515
Zfp316,Zfp316,747.8709,0.0001,0.0907,0.0008,0.9993,0.9999
Zfp317,Zfp317,972.4094,0.0516,0.0857,0.6029,0.5466,0.9571
Zfp318,Zfp318,787.9678,0.1088,0.1349,0.8063,0.4201,0.9402
Zfp319,Zfp319,1560.8775,0.0337,0.0711,0.4743,0.6353,0.9681
Zfp322a,Zfp322a,741.1278,0.1645,0.1261,1.3046,0.192,0.8743
Zfp324,Zfp324,442.8791,-0.0503,0.084,-0.5992,0.5491,0.9571
Zfp326,Zfp326,937.1707,0.1044,0.1067,0.9778,0.3282,0.9197
Zfp329,Zfp329,162.0769,0.2903,0.185,1.5691,0.1166,0.8127
Zfp330,Zfp330,2956.4052,0.0504,0.0821,0.6132,0.5398,0.9571
Zfp334,Zfp334,635.4431,0.0754,0.0903,0.8346,0.404,0.9365
Zfp335,Zfp335,1352.9106,-0.0699,0.0743,-0.9398,0.3473,0.9261
Zfp341,Zfp341,128.5585,-0.2168,0.1312,-1.6527,0.0984,0.7891
Zfp345,Zfp345,13.6855,0.3396,0.3788,0.8964,0.37,
Zfp346,Zfp346,2758.6895,0.0125,0.105,0.1189,0.9053,0.9939
Zfp35,Zfp35,959.7006,0.0543,0.0723,0.7509,0.4527,0.947
Zfp354a,Zfp354a,167.468,0.2486,0.1506,1.6506,0.0988,0.7895
Zfp354b,Zfp354b,13.8053,-0.0715,0.3899,-0.1834,0.8545,
Zfp354c,Zfp354c,781.6157,0.3273,0.1317,2.485,0.013,0.54
Zfp358,Zfp358,848.4493,-0.0925,0.0754,-1.2279,0.2195,0.8877
Zfp36,Zfp36,853.5073,0.008,0.1268,0.0635,0.9494,0.9974
Zfp362,Zfp362,983.7372,0.0844,0.0664,1.2718,0.2035,0.8846
Zfp365,Zfp365,1191.7166,0.1635,0.0886,1.8446,0.0651,0.7608
Zfp366,Zfp366,2.4997,1.1738,1.0099,1.1623,0.2451,
Zfp367,Zfp367,732.375,0.0097,0.1243,0.0781,0.9378,0.9971
Zfp369,Zfp369,256.3273,0.102,0.1157,0.8812,0.3782,0.9303
Zfp36l1,Zfp36l1,5895.8852,-0.0182,0.1291,-0.1412,0.8877,0.9917
Zfp36l2,Zfp36l2,5413.4487,-0.0107,0.1119,-0.0953,0.9241,0.9957
Zfp36l3,Zfp36l3,5.2999,-0.0949,0.6193,-0.1532,0.8782,
Zfp37,Zfp37,100.5495,0.3417,0.1687,2.0254,0.0428,0.7209
Zfp382,Zfp382,101.7428,0.0123,0.1605,0.0769,0.9387,0.9971
Zfp383,Zfp383,391.5429,0.0385,0.0903,0.4264,0.6698,0.9702
Zfp384,Zfp384,1495.4758,-0.0255,0.11,-0.232,0.8166,0.989
Zfp385a,Zfp385a,1101.1403,-0.0757,0.0839,-0.9024,0.3668,0.9295
Zfp385b,Zfp385b,3.4329,0.6205,0.8453,0.7341,0.4629,
Zfp385c,Zfp385c,4.1217,0.2184,0.753,0.29,0.7718,
Zfp386,Zfp386,356.776,0.239,0.1827,1.3079,0.1909,0.8743
Zfp389,Zfp389,5.3055,0.668,0.7797,0.8568,0.3916,
Zfp39,Zfp39,212.055,-0.019,0.1406,-0.1352,0.8925,0.992
Zfp395,Zfp395,1358.6373,0.1116,0.0993,1.1232,0.2613,0.8968
Zfp397,Zfp397,785.8317,0.1116,0.1097,1.0172,0.3091,0.9169
Zfp398,Zfp398,182.1727,0.3528,0.1492,2.3652,0.018,0.582
Zfp40,Zfp40,65.0227,0.3268,0.2193,1.4904,0.1361,0.827
Zfp407,Zfp407,488.1724,0.0605,0.1415,0.4277,0.6689,0.9702
Zfp408,Zfp408,716.753,0.0042,0.0824,0.0504,0.9598,0.9974
Zfp41,Zfp41,666.4741,0.0532,0.0949,0.5609,0.5748,0.9614
Zfp410,Zfp410,1365.7906,0.0378,0.0597,0.6339,0.5261,0.9565
Zfp414,Zfp414,434.9986,0.0048,0.0846,0.0573,0.9543,0.9974
Zfp418,Zfp418,81.5023,-0.1818,0.1754,-1.0364,0.3,0.9154
Zfp420,Zfp420,186.1742,0.1155,0.1258,0.9187,0.3583,0.9295
Zfp422,Zfp422,679.3329,0.0782,0.0797,0.9813,0.3265,0.9197
Zfp423,Zfp423,23.4433,-0.3488,0.4196,-0.8313,0.4058,0.9371
Zfp426,Zfp426,800.5476,0.1051,0.0663,1.5846,0.113,0.8127
Zfp428,Zfp428,214.8267,0.0325,0.11,0.2954,0.7677,0.985
Zfp429,Zfp429,121.8759,0.0152,0.1788,0.0851,0.9322,0.9957
Zfp433,Zfp433,16.2524,0.0549,0.416,0.132,0.895,
Zfp438,Zfp438,187.9504,0.2311,0.114,2.0265,0.0427,0.7204
Zfp442,Zfp442,29.8055,-0.3329,0.2772,-1.201,0.2298,0.8914
Zfp444,Zfp444,430.3573,-0.0931,0.0867,-1.0745,0.2826,0.9074
Zfp445,Zfp445,2079.113,0.1896,0.1338,1.4168,0.1565,0.8517
Zfp446,Zfp446,142.0448,0.232,0.16,1.4503,0.147,0.8425
Zfp449,Zfp449,475.7304,0.2173,0.1088,1.9975,0.0458,0.7227
Zfp451,Zfp451,1185.9823,0.0306,0.1208,0.2534,0.7999,0.9871
Zfp454,Zfp454,17.6829,0.4658,0.3982,1.1698,0.2421,
Zfp455,Zfp455,37.9286,0.1946,0.2834,0.6867,0.4922,0.9515
Zfp456,Zfp456,67.0864,0.062,0.1881,0.3297,0.7416,0.983
Zfp457,Zfp457,4.7425,-1.4488,0.7443,-1.9466,0.0516,
Zfp458,Zfp458,29.3574,-0.0333,0.2843,-0.1171,0.9068,0.9939
Zfp459,Zfp459,0.8669,0.0401,1.6353,0.0245,0.9804,
Zfp46,Zfp46,1095.667,0.0262,0.0537,0.4888,0.625,0.9673
Zfp462,Zfp462,510.1577,0.2184,0.1349,1.6185,0.1056,0.8
Zfp467,Zfp467,83.1339,0.0321,0.1573,0.2043,0.8382,0.9906
Zfp472,Zfp472,235.9308,0.0796,0.1401,0.5681,0.57,0.9604
Zfp473,Zfp473,20.209,-0.4597,0.3677,-1.2504,0.2111,
Zfp474,Zfp474,5.0753,0.8394,0.6799,1.2346,0.217,
Zfp493,Zfp493,20.9855,0.0068,0.371,0.0184,0.9853,0.9991
Zfp503,Zfp503,2690.2937,0.1353,0.0757,1.7865,0.074,0.7682
Zfp507,Zfp507,1236.9859,0.0306,0.0887,0.3454,0.7298,0.9799
Zfp51,Zfp51,109.9125,0.1374,0.21,0.654,0.5131,0.9544
Zfp511,Zfp511,314.9944,-0.0449,0.1495,-0.3002,0.764,0.9849
Zfp512,Zfp512,1167.0295,0.0499,0.0613,0.8134,0.416,0.94
Zfp513,Zfp513,937.4643,-0.0173,0.0571,-0.3023,0.7624,0.9849
Zfp516,Zfp516,2931.3094,0.1011,0.0812,1.2448,0.2132,0.8877
Zfp518a,Zfp518a,55.7583,0.1086,0.2958,0.367,0.7136,0.9766
Zfp518b,Zfp518b,614.1081,-0.0305,0.0947,-0.3217,0.7477,0.9842
Zfp52,Zfp52,281.5663,0.1678,0.1534,1.0936,0.2741,0.9045
Zfp521,Zfp521,148.8098,-0.1519,0.1415,-1.0729,0.2833,0.9074
Zfp523,Zfp523,1125.2448,-0.0687,0.0698,-0.9843,0.325,0.9197
Zfp524,Zfp524,190.6038,-0.1415,0.108,-1.311,0.1898,0.874
Zfp526,Zfp526,341.7271,0.1125,0.1148,0.9796,0.3273,0.9197
Zfp53,Zfp53,295.9455,0.0628,0.1284,0.489,0.6249,0.9673
Zfp532,Zfp532,618.1376,0.0869,0.1013,0.8577,0.391,0.9331
Zfp534,Zfp534,0.3844,2.1809,2.3996,0.9089,0.3634,
Zfp536,Zfp536,3.2672,1.0818,0.8593,1.259,0.208,
Zfp54,Zfp54,86.0446,0.2619,0.1667,1.5711,0.1162,0.8127
Zfp541,Zfp541,1.1458,0.0818,1.7598,0.0465,0.9629,
Zfp551,Zfp551,65.1604,0.4613,0.1811,2.5465,0.0109,0.5073
Zfp553,Zfp553,742.178,0.0621,0.0842,0.7375,0.4608,0.9483
Zfp558,Zfp558,67.45,0.1005,0.1975,0.5088,0.6109,0.966
Zfp560,Zfp560,306.9922,0.0388,0.1024,0.3789,0.7048,0.9744
Zfp563,Zfp563,223.4213,-0.0554,0.1367,-0.4051,0.6854,0.9717
Zfp566,Zfp566,141.2825,-0.0504,0.1422,-0.3548,0.7227,0.9788
Zfp568,Zfp568,2916.0134,0.0236,0.0563,0.4186,0.6755,0.9712
Zfp57,Zfp57,507.2595,-0.0671,0.0883,-0.7603,0.4471,0.9455
Zfp574,Zfp574,584.4719,0.0181,0.0905,0.1995,0.8419,0.9906
Zfp575,Zfp575,15.0812,0.4075,0.3701,1.1011,0.2709,
Zfp579,Zfp579,301.8128,-0.0748,0.1309,-0.5712,0.5678,0.9592
Zfp58,Zfp58,188.0569,0.2369,0.1421,1.6664,0.0956,0.7876
Zfp580,Zfp580,141.7548,0.0233,0.1326,0.1754,0.8607,0.9906
Zfp583,Zfp583,46.1932,-0.162,0.2279,-0.7109,0.4772,0.949
Zfp59,Zfp59,238.051,0.063,0.1072,0.5873,0.557,0.9578
Zfp592,Zfp592,1262.6662,0.0805,0.0616,1.3062,0.1915,0.8743
Zfp593,Zfp593,151.3243,0.3323,0.2282,1.456,0.1454,0.8423
Zfp595,Zfp595,88.3606,0.1969,0.2001,0.984,0.3251,0.9197
Zfp597,Zfp597,298.39,0.0632,0.1842,0.3429,0.7317,0.9802
Zfp598,Zfp598,1874.649,0.0541,0.0504,1.0726,0.2834,0.9074
Zfp599,Zfp599,76.4993,0.1399,0.169,0.8279,0.4077,0.9376
Zfp60,Zfp60,489.0542,0.1294,0.1323,0.9776,0.3283,0.9197
Zfp605,Zfp605,185.3607,0.1485,0.1547,0.9603,0.3369,0.9217
Zfp606,Zfp606,245.044,0.1992,0.1657,1.2027,0.2291,0.8914
Zfp607,Zfp607,82.0583,0.3139,0.1785,1.7581,0.0787,0.7682
Zfp608,Zfp608,935.2239,0.196,0.0881,2.2246,0.0261,0.6337
Zfp609,Zfp609,1884.1734,0.0521,0.0713,0.7306,0.465,0.9483
Zfp61,Zfp61,354.2359,-0.0192,0.0821,-0.2344,0.8147,0.9889
Zfp617,Zfp617,485.6885,0.1001,0.1514,0.6612,0.5085,0.9528
Zfp618,Zfp618,1.7228,3.5118,1.371,2.5614,0.0104,
Zfp619,Zfp619,26.6855,0.0346,0.2931,0.1179,0.9061,0.9939
Zfp62,Zfp62,820.8645,0.1222,0.1204,1.0147,0.3102,0.9172
Zfp622,Zfp622,3379.3345,-0.1619,0.0589,-2.75,0.006,0.4172
Zfp623,Zfp623,1257.5851,0.0127,0.0645,0.1963,0.8444,0.9906
Zfp626,Zfp626,312.1053,0.0971,0.1581,0.6144,0.539,0.9571
Zfp628,Zfp628,366.3358,-0.1225,0.1596,-0.7674,0.4428,0.9455
Zfp629,Zfp629,836.4933,0.0397,0.0963,0.4125,0.68,0.9717
Zfp637,Zfp637,1081.0455,0.002,0.0684,0.0294,0.9765,0.9975
Zfp638,Zfp638,725.5961,0.1862,0.1821,1.0225,0.3065,0.9169
Zfp639,Zfp639,1113.1694,-0.0396,0.0666,-0.5955,0.5515,0.9571
Zfp64,Zfp64,759.2669,-0.0291,0.0876,-0.3323,0.7397,0.9825
Zfp644,Zfp644,709.5192,0.0483,0.1764,0.2736,0.7844,0.985
Zfp646,Zfp646,1281.716,-0.061,0.0717,-0.8502,0.3952,0.9341
Zfp647,Zfp647,240.6603,-0.1023,0.1085,-0.9429,0.3457,0.9253
Zfp65,Zfp65,280.7029,0.2605,0.1682,1.5492,0.1213,0.8127
Zfp651,Zfp651,1858.3943,-0.0139,0.0541,-0.2566,0.7975,0.9871
Zfp652,Zfp652,423.7143,-0.1078,0.1061,-1.0158,0.3097,0.9171
Zfp652os,Zfp652os,7.9186,-0.5977,0.5343,-1.1188,0.2632,
Zfp653,Zfp653,210.0597,-0.1318,0.1229,-1.073,0.2833,0.9074
Zfp654,Zfp654,246.5752,0.1744,0.2023,0.8619,0.3887,0.933
Zfp655,Zfp655,965.363,0.0458,0.1349,0.3395,0.7342,0.9803
Zfp658,Zfp658,175.3278,-0.0451,0.1146,-0.3933,0.6941,0.9731
Zfp661,Zfp661,203.1508,0.3091,0.1538,2.0103,0.0444,0.7227
Zfp664,Zfp664,3692.5534,0.0377,0.0621,0.6069,0.5439,0.9571
Zfp667,Zfp667,177.1753,0.1083,0.1371,0.79,0.4296,0.9448
Zfp668,Zfp668,354.4181,0.0451,0.086,0.5247,0.5998,0.966
Zfp672,Zfp672,597.117,0.073,0.0778,0.9377,0.3484,0.9264
Zfp677,Zfp677,21.4551,0.3411,0.3203,1.0649,0.2869,0.9079
Zfp68,Zfp68,1230.8942,0.0269,0.1072,0.2505,0.8022,0.9871
Zfp687,Zfp687,1315.9003,0.0278,0.076,0.3657,0.7146,0.9766
Zfp688,Zfp688,193.8536,-0.143,0.1273,-1.123,0.2614,0.8968
Zfp689,Zfp689,161.8628,-0.097,0.1179,-0.8223,0.4109,0.9377
Zfp69,Zfp69,50.9191,-0.2201,0.212,-1.038,0.2993,0.9152
Zfp691,Zfp691,239.0439,0.0659,0.1605,0.4106,0.6814,0.9717
Zfp692,Zfp692,228.1128,0.1114,0.1151,0.9675,0.3333,0.9207
Zfp697,Zfp697,558.2256,-0.0864,0.0834,-1.0352,0.3006,0.9155
Zfp7,Zfp7,446.0323,-0.1878,0.0909,-2.0656,0.0389,0.6996
Zfp703,Zfp703,1054.9655,-0.311,0.1353,-2.2988,0.0215,0.6087
Zfp704,Zfp704,547.7276,-0.2301,0.2185,-1.0529,0.2924,0.9092
Zfp706,Zfp706,5626.8791,0.0182,0.0748,0.2433,0.8078,0.9881
Zfp707,Zfp707,361.7296,0.0679,0.086,0.7897,0.4297,0.9448
Zfp708,Zfp708,43.4264,0.0483,0.2467,0.1959,0.8447,0.9906
Zfp709,Zfp709,87.0335,0.0432,0.1847,0.234,0.815,0.9889
Zfp710,Zfp710,376.0246,-0.0906,0.0935,-0.969,0.3325,0.9205
Zfp712,Zfp712,51.8223,0.0408,0.2781,0.1467,0.8834,0.9914
Zfp715,Zfp715,669.8168,0.0827,0.1177,0.7027,0.4823,0.9513
Zfp719,Zfp719,446.422,0.0303,0.0966,0.3131,0.7542,0.9849
Zfp72,Zfp72,49.9246,0.6969,0.2225,3.1329,0.0017,0.2859
Zfp729a,Zfp729a,230.9209,0.1802,0.1624,1.1096,0.2672,0.8995
Zfp729b,Zfp729b,185.1582,0.2581,0.1643,1.5703,0.1163,0.8127
Zfp738,Zfp738,122.3153,0.3249,0.2454,1.3236,0.1856,0.874
Zfp74,Zfp74,275.9026,0.11,0.115,0.9561,0.339,0.9244
Zfp740,Zfp740,4445.4683,0.0898,0.0887,1.0123,0.3114,0.9173
Zfp746,Zfp746,1107.8363,0.0388,0.0612,0.6329,0.5268,0.9565
Zfp747,Zfp747,301.1481,0.0301,0.1467,0.205,0.8376,0.9906
Zfp748,Zfp748,254.7759,0.0379,0.1755,0.2158,0.8291,0.9906
Zfp750,Zfp750,6.6872,-1.5724,0.6483,-2.4254,0.0153,
Zfp758,Zfp758,43.6769,0.3499,0.2472,1.4155,0.1569,0.8517
Zfp759,Zfp759,102.3997,0.1646,0.1646,0.9999,0.3174,0.9173
Zfp760,Zfp760,103.1485,0.3834,0.1597,2.4014,0.0163,0.5731
Zfp763,Zfp763,221.242,-0.0601,0.119,-0.505,0.6136,0.966
Zfp764,Zfp764,252.1877,0.0599,0.1211,0.4949,0.6206,0.966
Zfp768,Zfp768,637.666,-0.1046,0.0684,-1.528,0.1265,0.8164
Zfp770,Zfp770,402.5904,-0.0352,0.1751,-0.2009,0.8407,0.9906
Zfp771,Zfp771,345.6746,-0.0178,0.0845,-0.2111,0.8328,0.9906
Zfp772,Zfp772,211.9111,0.1399,0.1151,1.2157,0.2241,0.8877
Zfp773,Zfp773,7.7124,-0.4971,0.5314,-0.9355,0.3495,
Zfp775,Zfp775,203.549,-0.029,0.1262,-0.2297,0.8183,0.9892
Zfp777,Zfp777,753.631,-0.008,0.0704,-0.1131,0.9099,0.9942
Zfp78,Zfp78,64.3467,0.2512,0.2048,1.2268,0.2199,0.8877
Zfp780b,Zfp780b,217.0977,0.054,0.132,0.4088,0.6827,0.9717
Zfp781,Zfp781,10.135,1.0949,0.4993,2.1928,0.0283,
Zfp783,Zfp783,1.2556,1.0578,1.4714,0.7189,0.4722,
Zfp784,Zfp784,120.1854,0.1295,0.1551,0.8346,0.4039,0.9365
Zfp786,Zfp786,27.7052,0.2069,0.2807,0.7372,0.461,0.9483
Zfp787,Zfp787,478.9932,-0.2525,0.0884,-2.8578,0.0043,0.3755
Zfp788,Zfp788,162.1909,0.1445,0.1611,0.8972,0.3696,0.9295
Zfp790,Zfp790,590.9267,0.111,0.0789,1.4069,0.1595,0.8558
Zfp791,Zfp791,68.7584,0.3719,0.1845,2.0159,0.0438,0.7227
Zfp799,Zfp799,641.3617,0.1498,0.112,1.3379,0.1809,0.8703
Zfp800,Zfp800,184.5966,0.251,0.1947,1.2891,0.1974,0.8806
Zfp808,Zfp808,17.3057,0.661,0.4327,1.5278,0.1266,
Zfp809,Zfp809,187.9442,0.2161,0.1263,1.7112,0.0871,0.7807
Zfp81,Zfp81,100.8436,-0.027,0.2524,-0.1071,0.9147,0.9949
Zfp810,Zfp810,457.3939,0.0644,0.0825,0.781,0.4348,0.9453
Zfp811,Zfp811,18.6827,0.4662,0.3614,1.2898,0.1971,
Zfp819,Zfp819,1.2489,-0.8692,1.7455,-0.498,0.6185,
Zfp82,Zfp82,197.0878,-0.1243,0.1085,-1.1459,0.2518,0.893
Zfp820,Zfp820,26.0806,0.2498,0.2949,0.8471,0.3969,0.9347
Zfp821,Zfp821,487.4977,-0.1633,0.078,-2.0927,0.0364,0.6818
Zfp825,Zfp825,243.8501,-0.02,0.1658,-0.1205,0.9041,0.9939
Zfp827,Zfp827,1479.1151,0.1687,0.0684,2.467,0.0136,0.5466
Zfp830,Zfp830,759.5322,0.0423,0.0857,0.4935,0.6217,0.966
Zfp839,Zfp839,303.5959,0.1875,0.0957,1.9586,0.0502,0.7227
Zfp84,Zfp84,605.3675,0.2447,0.1117,2.19,0.0285,0.6409
Zfp846,Zfp846,231.7493,0.0472,0.1092,0.4327,0.6653,0.9702
Zfp85,Zfp85,99.099,0.2111,0.2088,1.0113,0.3119,0.9173
Zfp850,Zfp850,69.4384,0.2332,0.2318,1.0059,0.3144,0.9173
Zfp85os,Zfp85os,7.8031,-0.329,0.6204,-0.5302,0.5959,
Zfp862-ps,Zfp862-ps,2457.1998,0.1583,0.0732,2.1614,0.0307,0.6516
Zfp865,Zfp865,651.5295,0.0629,0.0884,0.7119,0.4765,0.949
Zfp866,Zfp866,688.1507,0.2509,0.1557,1.6111,0.1072,0.8026
Zfp867,Zfp867,514.7975,-0.0352,0.0917,-0.3839,0.701,0.9737
Zfp868,Zfp868,414.1343,-0.0684,0.139,-0.4923,0.6225,0.9666
Zfp869,Zfp869,1077.8418,0.0693,0.0768,0.9016,0.3673,0.9295
Zfp87,Zfp87,489.8748,0.1778,0.101,1.7607,0.0783,0.7682
Zfp870,Zfp870,260.4188,0.0593,0.1078,0.5505,0.582,0.9637
Zfp871,Zfp871,1231.8261,-0.0007,0.2308,-0.003,0.9976,0.9996
Zfp873,Zfp873,132.2944,0.0971,0.1408,0.6893,0.4907,0.9515
Zfp874a,Zfp874a,215.9588,0.2813,0.1595,1.7639,0.0777,0.7682
Zfp874b,Zfp874b,404.3074,0.0143,0.1265,0.1129,0.9101,0.9942
Zfp879,Zfp879,0.382,0.9683,2.4741,0.3914,0.6955,
Zfp882,Zfp882,103.9034,0.2264,0.1594,1.4207,0.1554,0.8507
Zfp9,Zfp9,1055.8511,0.0772,0.1129,0.684,0.494,0.9515
Zfp90,Zfp90,500.5183,0.0752,0.0848,0.8872,0.375,0.9295
Zfp91,Zfp91,3651.398,0.0521,0.1024,0.5093,0.6105,0.966
Zfp92,Zfp92,1.248,0.4166,1.3553,0.3074,0.7586,
Zfp93,Zfp93,163.0364,0.0293,0.1432,0.2049,0.8377,0.9906
Zfp930,Zfp930,170.6943,0.3027,0.176,1.7199,0.0854,0.7807
Zfp931,Zfp931,47.7731,0.2008,0.2372,0.8468,0.3971,0.9347
Zfp932,Zfp932,157.1499,0.3665,0.1365,2.6846,0.0073,0.44
Zfp933,Zfp933,159.8955,0.0972,0.1456,0.6678,0.5043,0.9515
Zfp934,Zfp934,29.1831,0.0953,0.3256,0.2926,0.7698,0.985
Zfp935,Zfp935,145.322,0.2899,0.1679,1.7264,0.0843,0.7762
Zfp936,Zfp936,3.5834,-0.0199,0.7188,-0.0276,0.978,
Zfp937,Zfp937,84.4138,0.2952,0.1866,1.5815,0.1138,0.8127
Zfp938,Zfp938,220.1697,0.1659,0.1236,1.3415,0.1797,0.8693
Zfp939,Zfp939,57.0735,0.4349,0.1883,2.3098,0.0209,0.6047
Zfp94,Zfp94,173.3655,-0.0968,0.1192,-0.8121,0.4167,0.94
Zfp940,Zfp940,149.5914,-0.0113,0.1196,-0.0945,0.9247,0.9957
Zfp941,Zfp941,11.0015,-0.0862,0.4245,-0.203,0.8391,
Zfp942,Zfp942,91.1327,0.5846,0.2547,2.2955,0.0217,0.6087
Zfp943,Zfp943,126.6103,0.1817,0.2017,0.9009,0.3676,0.9295
Zfp944,Zfp944,195.3091,0.2282,0.1335,1.7097,0.0873,0.7808
Zfp945,Zfp945,239.744,0.1236,0.1048,1.1795,0.2382,0.8923
Zfp946,Zfp946,74.2605,0.2171,0.1734,1.252,0.2106,0.8875
Zfp947,Zfp947,13.3929,0.0838,0.38,0.2206,0.8254,
Zfp948,Zfp948,150.9733,0.1848,0.1559,1.1852,0.2359,0.8923
Zfp949,Zfp949,358.3421,0.0682,0.1063,0.6415,0.5212,0.9555
Zfp950,Zfp950,216.9494,0.1328,0.127,1.0453,0.2959,0.9119
Zfp951,Zfp951,25.2954,-0.0128,0.3243,-0.0395,0.9685,0.9974
Zfp952,Zfp952,453.3662,0.0963,0.091,1.0587,0.2897,0.9079
Zfp953,Zfp953,78.8485,0.3817,0.1964,1.9435,0.052,0.7276
Zfp954,Zfp954,349.4588,-0.0631,0.0925,-0.6826,0.4949,0.9515
Zfp955a,Zfp955a,484.6652,0.1114,0.1089,1.0225,0.3065,0.9169
Zfp955b,Zfp955b,318.0836,0.3347,0.1233,2.7157,0.0066,0.4266
Zfp956,Zfp956,164.2203,0.1088,0.1421,0.7657,0.4438,0.9455
Zfp957,Zfp957,0.7675,-1.9372,1.8541,-1.0448,0.2961,
Zfp958,Zfp958,234.7317,0.1171,0.1522,0.7694,0.4416,0.9455
Zfp959,Zfp959,132.0725,0.1398,0.2284,0.6121,0.5405,0.9571
Zfp960,Zfp960,59.9786,0.5958,0.2376,2.507,0.0122,0.5308
Zfp961,Zfp961,262.1486,0.1211,0.1254,0.9654,0.3343,0.9207
Zfp963,Zfp963,140.0119,0.2112,0.1392,1.5176,0.1291,0.8225
Zfp964,Zfp964,64.6319,-0.2536,0.2281,-1.1117,0.2662,0.8981
Zfp97,Zfp97,12.0704,0.3685,0.4611,0.7991,0.4242,
Zfpl1,Zfpl1,1056.4648,0.0147,0.0611,0.2402,0.8102,0.9885
Zfpm1,Zfpm1,600.699,-0.1586,0.1102,-1.4391,0.1501,0.8447
Zfpm2,Zfpm2,621.6591,-0.0094,0.1866,-0.0505,0.9598,0.9974
Zfr,Zfr,3356.2652,0.0482,0.1227,0.393,0.6943,0.9731
Zfr2,Zfr2,63.3625,0.0481,0.2005,0.2398,0.8105,0.9886
Zfx,Zfx,839.0964,0.0409,0.2259,0.1812,0.8562,0.9906
Zfyve1,Zfyve1,2041.6704,0.0662,0.0741,0.8933,0.3717,0.9295
Zfyve16,Zfyve16,706.197,0.0913,0.191,0.4782,0.6325,0.9681
Zfyve19,Zfyve19,635.5309,-0.0083,0.0713,-0.1163,0.9074,0.9939
Zfyve21,Zfyve21,948.9774,-0.1019,0.0666,-1.5311,0.1258,0.815
Zfyve26,Zfyve26,1000.6102,-0.0138,0.1157,-0.1194,0.905,0.9939
Zfyve27,Zfyve27,994.651,-0.0562,0.0835,-0.6731,0.5009,0.9515
Zfyve28,Zfyve28,2.308,-0.4452,0.9392,-0.474,0.6355,
Zfyve9,Zfyve9,584.4637,0.1234,0.0903,1.3672,0.1716,0.8614
Zg16,Zg16,0.4894,0.5867,2.024,0.2899,0.7719,
Zglp1,Zglp1,8.017,-0.2947,0.5243,-0.5621,0.574,
Zgpat,Zgpat,736.7386,0.0535,0.0728,0.735,0.4623,0.9483
Zgrf1,Zgrf1,227.7503,0.0696,0.1689,0.4119,0.6804,0.9717
Zhx1,Zhx1,985.7917,0.1318,0.1505,0.8759,0.3811,0.9303
Zhx2,Zhx2,1374.4332,-0.096,0.0662,-1.4503,0.147,0.8425
Zhx3,Zhx3,844.2696,0.0347,0.0872,0.3976,0.6909,0.973
Zic1,Zic1,491.5128,0.0964,0.1,0.9637,0.3352,0.9207
Zic2,Zic2,0.6759,-2.7559,2.0717,-1.3302,0.1834,
Zic4,Zic4,32.7412,0.2957,0.2556,1.1567,0.2474,0.8923
Zic5,Zic5,0.4815,-2.2399,2.284,-0.9807,0.3267,
Zik1,Zik1,279.418,-0.0038,0.1111,-0.0347,0.9724,0.9974
Zim1,Zim1,250.9913,0.343,0.1839,1.8648,0.0622,0.7549
Zkscan1,Zkscan1,1696.9048,0.0616,0.1333,0.4618,0.6442,0.9684
Zkscan14,Zkscan14,212.4457,0.0783,0.1499,0.522,0.6017,0.966
Zkscan16,Zkscan16,3.6661,-0.2851,0.7688,-0.3709,0.7107,
Zkscan17,Zkscan17,1744.1741,-0.0641,0.0618,-1.0368,0.2998,0.9154
Zkscan3,Zkscan3,1659.3985,-0.0325,0.0826,-0.3937,0.6938,0.9731
Zkscan4,Zkscan4,11.3324,0.2997,0.5023,0.5966,0.5508,
Zkscan5,Zkscan5,731.6715,0.0342,0.0944,0.362,0.7174,0.9775
Zkscan6,Zkscan6,458.3181,-0.074,0.0836,-0.8852,0.376,0.9295
Zkscan7,Zkscan7,90.3494,0.4064,0.1519,2.6746,0.0075,0.4412
Zkscan8,Zkscan8,562.8126,0.1724,0.1997,0.863,0.3881,0.933
Zmat1,Zmat1,123.7536,0.3529,0.2027,1.7406,0.0817,0.7744
Zmat2,Zmat2,2620.4644,-0.0639,0.0657,-0.9727,0.3307,0.92
Zmat3,Zmat3,3196.4728,0.208,0.1441,1.4429,0.1491,0.8436
Zmat5,Zmat5,516.4983,-0.0246,0.0975,-0.2522,0.8009,0.9871
Zmiz1,Zmiz1,6323.5202,0.0777,0.0846,0.9189,0.3581,0.9295
Zmiz2,Zmiz2,1788.3739,-0.0428,0.0718,-0.5961,0.5511,0.9571
Zmpste24,Zmpste24,3833.4145,0.0996,0.0625,1.5952,0.1107,0.8103
Zmym1,Zmym1,551.8443,0.0387,0.086,0.4495,0.6531,0.9684
Zmym2,Zmym2,2396.2007,-0.0328,0.1471,-0.223,0.8236,0.9893
Zmym3,Zmym3,1506.2944,0.0231,0.066,0.3501,0.7263,0.9796
Zmym4,Zmym4,1304.3996,0.0577,0.152,0.3797,0.7042,0.9744
Zmym5,Zmym5,903.045,0.1589,0.1249,1.2721,0.2033,0.8844
Zmynd10,Zmynd10,13.7422,-0.3702,0.4128,-0.8969,0.3698,
Zmynd11,Zmynd11,3149.1518,0.0647,0.0952,0.6798,0.4966,0.9515
Zmynd12,Zmynd12,0.4823,-2.2296,1.9591,-1.1381,0.2551,
Zmynd15,Zmynd15,55.212,0.0881,0.2014,0.4372,0.662,0.9702
Zmynd19,Zmynd19,706.2419,-0.0491,0.0871,-0.5636,0.5731,0.9614
Zmynd8,Zmynd8,3293.5814,0.0032,0.0865,0.0367,0.9707,0.9974
Znf512b,Znf512b,1092.618,0.1132,0.072,1.5729,0.1157,0.8127
Znfx1,Znfx1,3339.9091,0.0742,0.0635,1.1683,0.2427,0.8923
Znhit1,Znhit1,857.8452,-0.0818,0.0812,-1.0068,0.314,0.9173
Znhit2,Znhit2,474.859,-0.0153,0.0896,-0.1707,0.8645,0.9906
Znhit3,Znhit3,353.5214,-0.124,0.1006,-1.2326,0.2177,0.8877
Znhit6,Znhit6,964.8949,0.1462,0.0886,1.6506,0.0988,0.7895
Znrd1,Znrd1,681.7424,-0.1384,0.0833,-1.6606,0.0968,0.7886
Znrd1as,Znrd1as,221.8977,0.0015,0.1142,0.0134,0.9893,0.9993
Znrf1,Znrf1,1550.8976,0.0461,0.0716,0.6435,0.5199,0.9553
Znrf2,Znrf2,1033.7852,-0.0685,0.073,-0.9389,0.3478,0.9264
Znrf3,Znrf3,612.0658,0.0322,0.1332,0.2413,0.8093,0.9882
Zp1,Zp1,0.9645,-0.2776,1.6047,-0.173,0.8626,
Zp2,Zp2,1.2487,-1.9632,1.5867,-1.2373,0.216,
Zp3r,Zp3r,0.7656,0.43,1.7082,0.2517,0.8013,
Zpld1,Zpld1,1.5334,-1.0422,1.4851,-0.7018,0.4828,
Zpr1,Zpr1,1784.519,-0.0786,0.0547,-1.4387,0.1502,0.8447
Zranb1,Zranb1,679.8524,0.1078,0.1122,0.9607,0.3367,0.9216
Zranb2,Zranb2,1844.9143,0.1474,0.1416,1.0412,0.2978,0.9128
Zranb3,Zranb3,354.7818,0.0753,0.1461,0.5153,0.6063,0.966
Zrsr1,Zrsr1,753.9363,0.2308,0.1543,1.4959,0.1347,0.826
Zrsr2,Zrsr2,1087.8871,0.0359,0.0798,0.4495,0.653,0.9684
Zscan10,Zscan10,0.5796,1.8209,1.9122,0.9522,0.341,
Zscan12,Zscan12,371.1624,0.0521,0.1014,0.5137,0.6074,0.966
Zscan18,Zscan18,19.3659,-0.2281,0.3475,-0.6563,0.5116,
Zscan2,Zscan2,192.3527,-0.151,0.1447,-1.0438,0.2966,0.9123
Zscan20,Zscan20,268.6499,-0.0941,0.1065,-0.8831,0.3772,0.9303
Zscan21,Zscan21,956.21,0.0582,0.0846,0.6885,0.4911,0.9515
Zscan22,Zscan22,319.3699,0.0639,0.0885,0.7219,0.4704,0.9488
Zscan25,Zscan25,425.6953,-0.0592,0.0803,-0.7372,0.461,0.9483
Zscan26,Zscan26,866.396,0.1406,0.1437,0.9782,0.328,0.9197
Zscan29,Zscan29,587.7084,0.1909,0.0769,2.4818,0.0131,0.5412
Zswim1,Zswim1,551.298,0.1634,0.0896,1.8239,0.0682,0.7617
Zswim3,Zswim3,255.6005,0.0294,0.1202,0.2442,0.8071,0.9881
Zswim4,Zswim4,2741.2181,0.121,0.0994,1.2175,0.2234,0.8877
Zswim5,Zswim5,0.9717,-0.9172,1.4132,-0.649,0.5163,
Zswim6,Zswim6,783.0554,0.1931,0.117,1.6502,0.0989,0.7895
Zswim7,Zswim7,237.1048,-0.1292,0.1291,-1.0007,0.317,0.9173
Zswim8,Zswim8,5424.1675,-0.0237,0.0581,-0.4077,0.6835,0.9717
Zufsp,Zufsp,255.343,0.0342,0.1435,0.2384,0.8116,0.9886
Zw10,Zw10,944.4335,0.0043,0.072,0.0598,0.9523,0.9974
Zwilch,Zwilch,544.3668,-0.0941,0.1882,-0.5,0.6171,0.966
Zwint,Zwint,3160.3287,-0.0724,0.0532,-1.3606,0.1737,0.8614
Zxda,Zxda,160.5555,0.1026,0.1568,0.6545,0.5128,0.9541
Zxdb,Zxdb,189.5127,0.0419,0.1707,0.2455,0.8061,0.9877
Zxdc,Zxdc,909.4371,0.028,0.069,0.4054,0.6852,0.9717
Zyg11b,Zyg11b,2291.3355,0.1346,0.1256,1.072,0.2837,0.9074
Zyx,Zyx,21989.5267,0.1109,0.0997,1.1125,0.2659,0.8981
Zzef1,Zzef1,1935.3277,0.1148,0.0632,1.8151,0.0695,0.7617
Zzz3,Zzz3,1731.3966,0.102,0.1265,0.8064,0.42,0.9402
