feature,symbol,baseMean,log2FoldChange,lfcSE,stat,pvalue,padj
0610005C13Rik,0610005C13Rik,4.1982,-0.4064,0.7762,-0.5236,0.6006,0.9406
0610007P14Rik,0610007P14Rik,1190.2278,0.0124,0.0869,0.1426,0.8866,0.9833
0610009B22Rik,0610009B22Rik,907.9076,0.1148,0.1194,0.9617,0.3362,0.8778
0610009L18Rik,0610009L18Rik,38.1554,0.369,0.2663,1.3855,0.1659,0.8037
0610009O20Rik,0610009O20Rik,1198.7643,0.0116,0.0729,0.1589,0.8738,0.9819
0610010B08Rik,0610010B08Rik,0.3169,0.6972,2.5704,0.2712,0.7862,0.97
0610010F05Rik,0610010F05Rik,862.4452,-0.0955,0.2222,-0.4296,0.6675,0.9568
0610010K14Rik,0610010K14Rik,898.6925,0.0307,0.1148,0.2675,0.789,0.97
0610011F06Rik,0610011F06Rik,371.2236,0.055,0.0937,0.5873,0.557,0.929
0610012G03Rik,0610012G03Rik,376.5779,0.2102,0.1339,1.5694,0.1166,0.7753
0610030E20Rik,0610030E20Rik,957.3555,-0.074,0.1354,-0.5465,0.5848,0.9355
0610037L13Rik,0610037L13Rik,1034.4714,-0.0433,0.0917,-0.4722,0.6368,0.9487
0610038B21Rik,0610038B21Rik,7.7485,0.4008,0.6003,0.6676,0.5044,0.9188
0610039K10Rik,0610039K10Rik,1.1499,-0.9579,1.2892,-0.743,0.4575,0.9137
0610040B10Rik,0610040B10Rik,20.8392,0.3087,0.3584,0.8612,0.3891,0.897
0610040J01Rik,0610040J01Rik,1.3739,1.6675,1.6031,1.0401,0.2983,0.8608
0610043K17Rik,0610043K17Rik,2.2918,0.8776,1.0263,0.8552,0.3925,0.8986
1010001N08Rik,1010001N08Rik,1.57,0.7179,1.288,0.5574,0.5773,0.9345
1110001J03Rik,1110001J03Rik,124.5643,0.0026,0.197,0.0131,0.9895,1
1110002L01Rik,1110002L01Rik,67.0632,-0.114,0.2694,-0.4232,0.6721,0.9583
1110004E09Rik,1110004E09Rik,644.661,0.0333,0.1183,0.2817,0.7782,0.97
1110004F10Rik,1110004F10Rik,2788.31,-0.0319,0.09,-0.3541,0.7233,0.9688
1110006O24Rik,1110006O24Rik,10.6895,0.1403,0.4629,0.3032,0.7618,0.97
1110007C09Rik,1110007C09Rik,1349.0497,0.2909,0.1766,1.6471,0.0995,0.7669
1110008F13Rik,1110008F13Rik,1238.0212,0.1829,0.1773,1.0316,0.3023,0.8615
1110008L16Rik,1110008L16Rik,602.9747,0.0636,0.0803,0.7921,0.4283,0.9073
1110008P14Rik,1110008P14Rik,744.1022,0.1968,0.0978,2.0129,0.0441,0.7364
1110012L19Rik,1110012L19Rik,880.5917,0.2302,0.1812,1.271,0.2037,0.8262
1110017D15Rik,1110017D15Rik,4.9297,0.1969,0.6389,0.3082,0.758,0.9694
1110019D14Rik,1110019D14Rik,95.0373,0.1529,0.2324,0.6581,0.5105,0.9195
1110020A21Rik,1110020A21Rik,13.6011,0.1708,0.3806,0.4488,0.6536,0.9548
1110032A03Rik,1110032A03Rik,286.431,0.2365,0.1528,1.5482,0.1216,0.7753
1110034G24Rik,1110034G24Rik,147.3277,0.2736,0.1765,1.5503,0.1211,0.7753
1110037F02Rik,1110037F02Rik,2984.5104,-0.1762,0.1263,-1.3951,0.163,0.8037
1110038B12Rik,1110038B12Rik,1966.7518,0.2623,0.2208,1.188,0.2348,0.8363
1110038F14Rik,1110038F14Rik,941.131,0.029,0.1069,0.2711,0.7863,0.97
1110046J04Rik,1110046J04Rik,184.8479,0.2407,0.2402,1.0019,0.3164,0.8701
1110051M20Rik,1110051M20Rik,1343.1413,0.0152,0.0778,0.195,0.8454,0.9776
1110059E24Rik,1110059E24Rik,1022.6073,-0.1318,0.0793,-1.6624,0.0964,0.7668
1110059G10Rik,1110059G10Rik,597.6557,-0.0781,0.1117,-0.6998,0.484,0.9168
1110065P20Rik,1110065P20Rik,311.9572,-0.0165,0.1931,-0.0854,0.9319,0.9921
1190002F15Rik,1190002F15Rik,74.5776,-0.3777,0.2279,-1.6572,0.0975,0.7669
1190002N15Rik,1190002N15Rik,5143.3395,-0.2563,0.2473,-1.036,0.3002,0.8612
1190005I06Rik,1190005I06Rik,4.9197,-0.2434,0.6748,-0.3607,0.7183,0.967
1190007I07Rik,1190007I07Rik,73.046,0.1737,0.1892,0.9183,0.3585,0.8858
1200014J11Rik,1200014J11Rik,1636.4943,-0.1271,0.0818,-1.5541,0.1202,0.7753
1300002E11Rik,1300002E11Rik,242.4615,0.1781,0.153,1.1644,0.2443,0.8419
1300017J02Rik,1300017J02Rik,2.6155,0.1437,0.8953,0.1605,0.8725,0.9819
1500004A13Rik,1500004A13Rik,86.0776,-0.1028,0.2134,-0.4817,0.63,0.9451
1500009C09Rik,1500009C09Rik,0.315,0.6941,2.5739,0.2697,0.7874,0.97
1500009L16Rik,1500009L16Rik,15.1123,-0.3815,0.3906,-0.9768,0.3287,0.8758
1500011B03Rik,1500011B03Rik,283.0603,0.367,0.253,1.4502,0.147,0.7945
1500011K16Rik,1500011K16Rik,445.7396,0.0537,0.1239,0.4332,0.6648,0.9561
1500012F01Rik,1500012F01Rik,1847.2434,0.2712,0.2094,1.2948,0.1954,0.8204
1500012K07Rik,1500012K07Rik,1.9009,0.3117,1.1252,0.277,0.7818,0.97
1500015A07Rik,1500015A07Rik,62.1613,0.2256,0.4328,0.5212,0.6022,0.941
1500015O10Rik,1500015O10Rik,25.7367,-0.7689,0.4701,-1.6356,0.1019,0.7679
1500017E21Rik,1500017E21Rik,78.8354,0.1828,0.2154,0.8487,0.396,0.8991
1500026H17Rik,1500026H17Rik,1.6785,0.399,1.1381,0.3506,0.7259,0.9691
1600002H07Rik,1600002H07Rik,299.4134,0.0144,0.1152,0.1248,0.9007,0.986
1600002K03Rik,1600002K03Rik,211.1228,0.3436,0.2465,1.3943,0.1632,0.8037
1600012H06Rik,1600012H06Rik,1660.7042,-0.002,0.0772,-0.0262,0.9791,0.9999
1600014C10Rik,1600014C10Rik,673.6362,0.2093,0.1573,1.3303,0.1834,0.8131
1600014C23Rik,1600014C23Rik,1.1427,-0.5599,1.5462,-0.3621,0.7173,0.9665
1600020E01Rik,1600020E01Rik,213.3644,0.163,0.2026,0.8045,0.4211,0.9056
1600023N17Rik,1600023N17Rik,3.4531,0.9253,0.8747,1.0579,0.2901,0.8606
1600027J07Rik,1600027J07Rik,9.1181,-0.7584,0.681,-1.1136,0.2654,0.8547
1700001C19Rik,1700001C19Rik,0.5292,-1.5412,2.3447,-0.6573,0.511,0.9195
1700001G11Rik,1700001G11Rik,4.8144,0.2789,0.6693,0.4166,0.677,0.9602
1700001G17Rik,1700001G17Rik,4.8221,-0.1276,0.7038,-0.1814,0.8561,0.9796
1700001K19Rik,1700001K19Rik,10.0241,-0.4136,0.4672,-0.8854,0.376,0.8935
1700001K23Rik,1700001K23Rik,1.6645,1.0012,1.2609,0.794,0.4272,0.907
1700001L05Rik,1700001L05Rik,42.2257,0.0572,0.2772,0.2065,0.8364,0.9774
1700001L19Rik,1700001L19Rik,3.5511,-0.1233,0.7633,-0.1616,0.8716,0.9819
1700001O22Rik,1700001O22Rik,7.1258,0.3095,0.504,0.6141,0.5392,0.9277
1700001P01Rik,1700001P01Rik,2.942,0.4155,0.8981,0.4627,0.6436,0.9514
1700003E16Rik,1700003E16Rik,97.4683,0.2866,0.2034,1.4087,0.1589,0.8015
1700003F12Rik,1700003F12Rik,68.8575,0.4889,0.2634,1.8561,0.0634,0.7457
1700003G18Rik,1700003G18Rik,1.0538,-0.8247,1.5135,-0.5449,0.5858,0.9355
1700003M02Rik,1700003M02Rik,5.1227,-0.5003,0.7297,-0.6856,0.4929,0.9181
1700003M07Rik,1700003M07Rik,0.5254,1.4004,2.3848,0.5872,0.5571,0.929
1700006H21Rik,1700006H21Rik,0.7402,-1.1851,1.7948,-0.6603,0.5091,0.9195
1700007F19Rik,1700007F19Rik,0.3176,-0.6877,2.5704,-0.2675,0.789,0.97
1700007G11Rik,1700007G11Rik,2.4113,0.9498,0.9798,0.9694,0.3324,0.8775
1700007J10Rik,1700007J10Rik,29.0437,-0.1637,0.4767,-0.3434,0.7313,0.9694
1700007K09Rik,1700007K09Rik,0.6293,-1.5698,1.8455,-0.8506,0.395,0.8989
1700007K13Rik,1700007K13Rik,12.99,0.4209,0.4233,0.9945,0.32,0.8713
1700007L15Rik,1700007L15Rik,36.7227,0.0373,0.2356,0.1583,0.8742,0.9819
1700008J07Rik,1700008J07Rik,19.5163,0.1916,0.4065,0.4714,0.6374,0.9487
1700009N14Rik,1700009N14Rik,5.3491,-0.1387,0.6271,-0.2212,0.8249,0.9766
1700010I14Rik,1700010I14Rik,0.4187,0.7829,2.4788,0.3158,0.7521,0.9694
1700011E24Rik,1700011E24Rik,0.6329,0.0036,1.9005,0.0019,0.9985,1
1700011I03Rik,1700011I03Rik,3.154,0.4014,0.7773,0.5164,0.6056,0.941
1700011L22Rik,1700011L22Rik,0.6257,-1.7343,1.9028,-0.9114,0.3621,0.8873
1700012B07Rik,1700012B07Rik,2.2969,-1.1042,1.1245,-0.982,0.3261,0.8747
1700012B09Rik,1700012B09Rik,94.8567,0.3018,0.3237,0.9326,0.351,0.8839
1700012D01Rik,1700012D01Rik,22.7633,0.215,0.444,0.4842,0.6282,0.9451
1700012D14Rik,1700012D14Rik,5.4457,0.4002,0.6949,0.5759,0.5647,0.93
1700012H19Rik,1700012H19Rik,0.7306,-2.9865,2.0812,-1.435,0.1513,0.7968
1700013F07Rik,1700013F07Rik,2.6267,0.3773,0.8561,0.4407,0.6594,0.9548
1700013G24Rik,1700013G24Rik,6.3636,-0.4919,0.5815,-0.846,0.3975,0.8991
1700013H16Rik,1700013H16Rik,1.1513,-0.6381,1.2195,-0.5232,0.6008,0.9406
1700015F17Rik,1700015F17Rik,0.5179,-0.0578,2.0357,-0.0284,0.9774,0.9992
1700016D06Rik,1700016D06Rik,2.7165,1.0542,0.8671,1.2159,0.224,0.831
1700016L04Rik,1700016L04Rik,0.7378,0.3754,1.8723,0.2005,0.8411,0.9775
1700017B05Rik,1700017B05Rik,2613.9128,0.2011,0.1529,1.3155,0.1884,0.8161
1700018A04Rik,1700018A04Rik,9.43,-0.1833,0.4616,-0.3971,0.6913,0.9623
1700018C11Rik,1700018C11Rik,0.6301,0.6769,1.9732,0.3431,0.7316,0.9694
1700018L02Rik,1700018L02Rik,2.83,-0.0342,0.8289,-0.0413,0.967,0.9986
1700019A02Rik,1700019A02Rik,0.4235,0.0068,2.4853,0.0027,0.9978,1
1700019D03Rik,1700019D03Rik,0.5287,1.5475,2.344,0.6602,0.5091,0.9195
1700019G17Rik,1700019G17Rik,18.1653,0.4491,0.4247,1.0573,0.2904,0.8606
1700019L03Rik,1700019L03Rik,195.5501,0.7587,0.4106,1.8479,0.0646,0.7457
1700020A23Rik,1700020A23Rik,2.5075,-0.1245,1.0772,-0.1156,0.908,0.987
1700020D05Rik,1700020D05Rik,3.7832,-0.0491,0.7398,-0.0664,0.947,0.9934
1700020I14Rik,1700020I14Rik,900.7474,-0.232,0.2169,-1.0695,0.2849,0.8606
1700020L24Rik,1700020L24Rik,192.4219,0.5165,0.2862,1.805,0.0711,0.7515
1700020N01Rik,1700020N01Rik,0.5287,0.4876,2.3766,0.2052,0.8374,0.9774
1700021F05Rik,1700021F05Rik,928.4261,-0.0004,0.0907,-0.0047,0.9963,1
1700021K19Rik,1700021K19Rik,2439.1987,0.0424,0.0588,0.7208,0.4711,0.9168
1700022H01Rik,1700022H01Rik,2.6117,0.3999,0.8483,0.4714,0.6374,0.9487
1700022I11Rik,1700022I11Rik,1.2569,-1.4275,1.24,-1.1513,0.2496,0.8443
1700023F06Rik,1700023F06Rik,1.5625,-0.81,1.2527,-0.6466,0.5179,0.9214
1700024P16Rik,1700024P16Rik,52.6013,-0.3789,0.3017,-1.256,0.2091,0.8265
1700025F24Rik,1700025F24Rik,1.9876,0.7633,1.0907,0.6998,0.484,0.9168
1700025G04Rik,1700025G04Rik,488.2307,-0.1761,0.1101,-1.6002,0.1095,0.7736
1700026D08Rik,1700026D08Rik,62.3435,1.1195,0.6868,1.6298,0.1031,0.7679
1700026J14Rik,1700026J14Rik,1.0448,-0.6946,1.4601,-0.4757,0.6343,0.9478
1700026L06Rik,1700026L06Rik,4.9281,0.1595,0.6638,0.2402,0.8102,0.9736
1700028E10Rik,1700028E10Rik,3.9871,0.2194,0.6901,0.3179,0.7506,0.9694
1700028I16Rik,1700028I16Rik,4.3929,-0.4401,0.6448,-0.6825,0.4949,0.9181
1700028J19Rik,1700028J19Rik,14.8699,0.0187,0.3571,0.0524,0.9582,0.9964
1700028K03Rik,1700028K03Rik,8.2822,0.1231,0.5439,0.2263,0.821,0.9761
1700029I15Rik,1700029I15Rik,13.3887,0.3931,0.3727,1.0546,0.2916,0.8606
1700029J03Rik,1700029J03Rik,11.711,-0.8304,0.5037,-1.6485,0.0993,0.7669
1700029J07Rik,1700029J07Rik,31.7573,0.1211,0.3246,0.373,0.7091,0.9661
1700030F04Rik,1700030F04Rik,1.7906,0.4074,1.0176,0.4004,0.6889,0.9623
1700030F18Rik,1700030F18Rik,2.6989,-0.6663,1.0192,-0.6538,0.5132,0.9199
1700030J22Rik,1700030J22Rik,85.3868,0.0335,0.1732,0.1936,0.8465,0.9777
1700030K09Rik,1700030K09Rik,413.5873,0.0998,0.0964,1.0357,0.3003,0.8612
1700031A10Rik,1700031A10Rik,6.5897,-0.1147,0.5342,-0.2147,0.83,0.9774
1700034E13Rik,1700034E13Rik,3.9641,-0.2905,0.863,-0.3366,0.7364,0.9694
1700034H15Rik,1700034H15Rik,1.4595,-0.1593,1.1929,-0.1335,0.8938,0.9843
1700034P13Rik,1700034P13Rik,3.7698,0.2882,0.739,0.3899,0.6966,0.9629
1700037C18Rik,1700037C18Rik,60.5501,-0.1126,0.1803,-0.6243,0.5324,0.9252
1700037H04Rik,1700037H04Rik,1117.0499,0.2002,0.1298,1.5431,0.1228,0.7753
1700042O10Rik,1700042O10Rik,5.5259,-0.5337,0.7474,-0.714,0.4752,0.9168
1700048M11Rik,1700048M11Rik,12.0492,0.0421,0.4347,0.0969,0.9228,0.9893
1700048O20Rik,1700048O20Rik,1.6605,-0.8901,1.258,-0.7075,0.4792,0.9168
1700049G17Rik,1700049G17Rik,235.912,-0.0617,0.184,-0.3356,0.7372,0.9694
1700052K11Rik,1700052K11Rik,223.5275,-0.073,0.1332,-0.5479,0.5838,0.9353
1700056E22Rik,1700056E22Rik,20.8352,0.0167,0.3346,0.0499,0.9602,0.9969
1700061G19Rik,1700061G19Rik,11.7625,-0.1421,0.4621,-0.3074,0.7585,0.9694
1700061I17Rik,1700061I17Rik,1.2431,-1.9629,1.557,-1.2607,0.2074,0.8263
1700063D05Rik,1700063D05Rik,0.5252,1.4004,2.385,0.5872,0.5571,0.929
1700065J18Rik,1700065J18Rik,12.3729,-0.4631,0.4518,-1.0252,0.3053,0.8641
1700066B19Rik,1700066B19Rik,1.9752,0.7873,1.1182,0.7041,0.4814,0.9168
1700066M21Rik,1700066M21Rik,591.1104,-0.2671,0.2237,-1.1943,0.2324,0.8354
1700067K01Rik,1700067K01Rik,17.9101,0.1231,0.4248,0.2897,0.772,0.97
1700071M16Rik,1700071M16Rik,2.1038,0.0905,1.0081,0.0898,0.9285,0.9914
1700084C01Rik,1700084C01Rik,0.5278,-0.4952,1.9759,-0.2506,0.8021,0.9719
1700084E18Rik,1700084E18Rik,5.112,0.5479,0.6969,0.7862,0.4318,0.9082
1700086L19Rik,1700086L19Rik,1.3627,-1.5961,1.326,-1.2036,0.2287,0.8326
1700086O06Rik,1700086O06Rik,19.1914,-0.0545,0.3841,-0.142,0.8871,0.9833
1700088E04Rik,1700088E04Rik,33.5056,0.276,0.3862,0.7146,0.4748,0.9168
1700092C10Rik,1700092C10Rik,0.9415,-0.1058,1.4107,-0.075,0.9402,0.9923
1700092M07Rik,1700092M07Rik,2.5989,0.6391,1.0364,0.6167,0.5375,0.9274
1700093K21Rik,1700093K21Rik,50.3281,-0.1208,0.323,-0.3738,0.7085,0.9661
1700094D03Rik,1700094D03Rik,108.8502,0.1448,0.2079,0.6962,0.4863,0.9168
1700096K18Rik,1700096K18Rik,38.7455,0.2598,0.2622,0.9908,0.3218,0.873
1700099I09Rik,1700099I09Rik,0.3168,-0.6877,2.5718,-0.2674,0.7892,0.97
1700101E01Rik,1700101E01Rik,4.2978,0.2052,0.7288,0.2816,0.7783,0.97
1700101I11Rik,1700101I11Rik,7.3408,0.6135,0.5822,1.0537,0.292,0.8606
1700102H20Rik,1700102H20Rik,2.3173,-0.1483,1.0492,-0.1414,0.8876,0.9833
1700102P08Rik,1700102P08Rik,15.3601,0.169,0.4171,0.4052,0.6854,0.9623
1700105P06Rik,1700105P06Rik,1.162,-0.7833,1.2862,-0.6091,0.5425,0.9283
1700108F19Rik,1700108F19Rik,7.4426,0.2243,0.4903,0.4574,0.6474,0.9533
1700109H08Rik,1700109H08Rik,16.596,-0.0252,0.3839,-0.0655,0.9478,0.9935
1700109K24Rik,1700109K24Rik,84.5127,-0.2474,0.3294,-0.7509,0.4527,0.9121
1700110C19Rik,1700110C19Rik,2.61,0.3225,0.902,0.3576,0.7206,0.9678
1700112E06Rik,1700112E06Rik,72.5045,0.079,0.2245,0.3518,0.725,0.9689
1700112H15Rik,1700112H15Rik,4.4916,0.5536,0.7172,0.7719,0.4401,0.9112
1700112J05Rik,1700112J05Rik,0.4215,-1.1666,2.4216,-0.4818,0.63,0.9451
1700112J16Rik,1700112J16Rik,3.6392,0.6227,0.8528,0.7302,0.4653,0.9158
1700113A16Rik,1700113A16Rik,583.6558,0.0159,0.1379,0.1152,0.9083,0.987
1700116B05Rik,1700116B05Rik,0.6344,-0.8684,1.8833,-0.4611,0.6447,0.9518
1700119H24Rik,1700119H24Rik,1.2595,1.4398,1.3065,1.102,0.2705,0.8588
1700120C14Rik,1700120C14Rik,2.6056,-0.591,0.8877,-0.6658,0.5056,0.9188
1700120K04Rik,1700120K04Rik,23.0077,0.2877,0.3381,0.851,0.3948,0.8987
1700123M08Rik,1700123M08Rik,41.6958,0.1132,0.2743,0.4127,0.6798,0.9613
1700123O20Rik,1700123O20Rik,1144.5369,0.118,0.1394,0.8466,0.3972,0.8991
1700124L16Rik,1700124L16Rik,3.4425,-0.2942,0.8344,-0.3526,0.7244,0.9689
1700125H03Rik,1700125H03Rik,4.078,0.0341,0.7221,0.0473,0.9623,0.997
1700125H20Rik,1700125H20Rik,0.6313,-0.4266,1.9613,-0.2175,0.8278,0.9767
1810008I18Rik,1810008I18Rik,1.4641,1.6318,1.4658,1.1132,0.2656,0.8547
1810009A15Rik,1810009A15Rik,1.3517,1.1737,1.6277,0.7211,0.4709,0.9168
1810010D01Rik,1810010D01Rik,0.5268,-1.5402,2.2826,-0.6747,0.4998,0.9181
1810010H24Rik,1810010H24Rik,23.7987,0.2182,0.3364,0.6486,0.5166,0.9209
1810011O10Rik,1810011O10Rik,169.4599,-0.0983,0.1283,-0.766,0.4437,0.9118
1810012K16Rik,1810012K16Rik,1.4706,-0.7584,1.5228,-0.498,0.6185,0.9433
1810013L24Rik,1810013L24Rik,2302.8078,-0.0217,0.107,-0.2025,0.8396,0.9775
1810014B01Rik,1810014B01Rik,112.0507,-0.0562,0.1751,-0.3208,0.7484,0.9694
1810019D21Rik,1810019D21Rik,1.1573,-0.2562,1.7524,-0.1462,0.8837,0.9825
1810020O05Rik,1810020O05Rik,2.6272,-0.8711,0.8501,-1.0247,0.3055,0.8643
1810021B22Rik,1810021B22Rik,46.5669,0.4311,0.2605,1.6551,0.0979,0.7669
1810022K09Rik,1810022K09Rik,948.052,-0.1149,0.0846,-1.3586,0.1743,0.8088
1810024B03Rik,1810024B03Rik,13.9974,0.0827,0.424,0.1951,0.8453,0.9776
1810026B05Rik,1810026B05Rik,303.8226,-0.0307,0.1148,-0.2675,0.7891,0.97
1810026J23Rik,1810026J23Rik,2810.0255,0.077,0.0738,1.0429,0.297,0.8608
1810030O07Rik,1810030O07Rik,1881.9158,0.0662,0.0709,0.9339,0.3504,0.8839
1810032O08Rik,1810032O08Rik,336.1746,0.0343,0.1781,0.1924,0.8475,0.978
1810034E14Rik,1810034E14Rik,99.09,0.4269,0.3082,1.3853,0.166,0.8037
1810037I17Rik,1810037I17Rik,1459.3863,-0.0573,0.0988,-0.5806,0.5615,0.9294
1810041H14Rik,1810041H14Rik,0.4185,0.7833,2.4791,0.3159,0.752,0.9694
1810041L15Rik,1810041L15Rik,78.8418,-0.917,0.4049,-2.265,0.0235,0.732
1810043G02Rik,1810043G02Rik,634.3733,0.1979,0.1022,1.936,0.0529,0.7364
1810043H04Rik,1810043H04Rik,253.7701,0.2502,0.1376,1.8178,0.0691,0.7507
1810044D09Rik,1810044D09Rik,15.2361,0.1851,0.4421,0.4187,0.6755,0.9598
1810046K07Rik,1810046K07Rik,0.6216,0.0049,2.0202,0.0024,0.9981,1
1810053B23Rik,1810053B23Rik,2.5,-0.0017,1.116,-0.0015,0.9988,1
1810055G02Rik,1810055G02Rik,1949.7208,-0.0893,0.0905,-0.9863,0.324,0.8734
1810058I24Rik,1810058I24Rik,2198.5608,0.3247,0.1386,2.3423,0.0192,0.732
1810062G17Rik,1810062G17Rik,20.0107,-0.1083,0.3295,-0.3287,0.7424,0.9694
1810062O18Rik,1810062O18Rik,5.4293,1.0504,0.8031,1.3078,0.1909,0.8163
2010001A14Rik,2010001A14Rik,92.4022,0.263,0.2332,1.1282,0.2592,0.8499
2010003K11Rik,2010003K11Rik,1.3704,-0.8382,1.3933,-0.6016,0.5474,0.9289
2010005H15Rik,2010005H15Rik,2.0941,1.8241,1.3966,1.3061,0.1915,0.8163
2010009K17Rik,2010009K17Rik,0.8453,1.4597,1.6353,0.8926,0.3721,0.893
2010010A06Rik,2010010A06Rik,0.4216,0.0071,2.0629,0.0035,0.9972,1
2010012O05Rik,2010012O05Rik,572.3194,-0.0372,0.0952,-0.3912,0.6956,0.9626
2010016I18Rik,2010016I18Rik,0.5235,-1.1704,2.3109,-0.5065,0.6125,0.942
2010107E04Rik,2010107E04Rik,2010.7473,-0.0448,0.0819,-0.547,0.5844,0.9355
2010107G12Rik,2010107G12Rik,4.7192,-0.611,0.7052,-0.8663,0.3863,0.8952
2010107G23Rik,2010107G23Rik,141.9201,0.4516,0.2003,2.2541,0.0242,0.732
2010109A12Rik,2010109A12Rik,1.0463,-1.047,1.3938,-0.7511,0.4526,0.9121
2010109I03Rik,2010109I03Rik,0.5198,-0.0594,2.0354,-0.0292,0.9767,0.9992
2010111I01Rik,2010111I01Rik,3977.0738,0.1065,0.1158,0.9198,0.3577,0.8858
2010204K13Rik,2010204K13Rik,52.636,-0.0655,0.1987,-0.3295,0.7417,0.9694
2010308F09Rik,2010308F09Rik,0.3166,-0.6835,2.5715,-0.2658,0.7904,0.97
2010310C07Rik,2010310C07Rik,1.9969,-0.4835,1.1276,-0.4288,0.6681,0.9568
2010315B03Rik,2010315B03Rik,187.8884,0.1835,0.2178,0.8423,0.3996,0.9011
2010320M18Rik,2010320M18Rik,101.0478,0.1943,0.1999,0.972,0.331,0.877
2200002D01Rik,2200002D01Rik,303.5024,-0.0358,0.1191,-0.3007,0.7636,0.97
2210010C04Rik,2210010C04Rik,16.9424,0.8163,0.3933,2.0752,0.038,0.732
2210011C24Rik,2210011C24Rik,73.351,-0.3214,0.3661,-0.8779,0.38,0.8935
2210013O21Rik,2210013O21Rik,1042.6614,-0.0101,0.0894,-0.1131,0.91,0.987
2210015D19Rik,2210015D19Rik,354.8331,-0.0501,0.1254,-0.3993,0.6896,0.9623
2210016F16Rik,2210016F16Rik,116.7546,-0.0945,0.1544,-0.6125,0.5402,0.9281
2210016L21Rik,2210016L21Rik,934.4103,0.1401,0.1096,1.2787,0.201,0.8261
2210018M11Rik,2210018M11Rik,634.6076,-0.1941,0.218,-0.8904,0.3733,0.893
2210404O09Rik,2210404O09Rik,50.7178,0.2765,0.2215,1.2487,0.2118,0.8265
2210406O10Rik,2210406O10Rik,4.098,-0.1956,0.8418,-0.2324,0.8163,0.975
2210408F21Rik,2210408F21Rik,60.2701,0.3895,0.2305,1.6896,0.0911,0.7643
2210408I21Rik,2210408I21Rik,150.1626,-0.1907,0.1905,-1.0009,0.3169,0.8701
2210409D07Rik,2210409D07Rik,6.8943,-0.3171,0.7179,-0.4417,0.6587,0.9548
2210416O15Rik,2210416O15Rik,17.2911,0.1986,0.3872,0.513,0.608,0.9412
2300005B03Rik,2300005B03Rik,0.5283,-1.5669,1.8999,-0.8247,0.4095,0.9033
2300009A05Rik,2300009A05Rik,106.9914,0.1432,0.2133,0.6715,0.5019,0.9188
2310001H17Rik,2310001H17Rik,54.5241,0.2353,0.2047,1.1495,0.2504,0.8443
2310001K24Rik,2310001K24Rik,0.4138,0.6982,2.4245,0.288,0.7734,0.97
2310002F09Rik,2310002F09Rik,10.7295,0.263,0.5566,0.4725,0.6366,0.9487
2310002L09Rik,2310002L09Rik,44.4024,-0.5352,0.596,-0.898,0.3692,0.8924
2310007B03Rik,2310007B03Rik,2.9242,-0.095,0.922,-0.103,0.9179,0.9879
2310008N11Rik,2310008N11Rik,1.5645,-0.341,1.0948,-0.3115,0.7555,0.9694
2310009A05Rik,2310009A05Rik,182.2992,0.3329,0.1912,1.7413,0.0816,0.7572
2310009B15Rik,2310009B15Rik,335.5931,0.1017,0.1179,0.8624,0.3885,0.8964
2310010G23Rik,2310010G23Rik,34.4661,-0.0243,0.2891,-0.084,0.933,0.9921
2310010J17Rik,2310010J17Rik,23.6848,0.2708,0.285,0.9502,0.342,0.879
2310011J03Rik,2310011J03Rik,1366.7461,0.1422,0.1182,1.2032,0.2289,0.8326
2310015A10Rik,2310015A10Rik,284.0191,-0.101,0.1241,-0.8145,0.4154,0.9033
2310020H05Rik,2310020H05Rik,11.6395,-0.2668,0.4352,-0.6131,0.5398,0.9281
2310022A10Rik,2310022A10Rik,1060.8869,-0.0851,0.1245,-0.6834,0.4944,0.9181
2310022B05Rik,2310022B05Rik,7343.5882,0.0583,0.1047,0.5572,0.5774,0.9346
2310030G06Rik,2310030G06Rik,148.8865,-0.0465,0.1308,-0.3555,0.7222,0.9684
2310033P09Rik,2310033P09Rik,280.7648,-0.1639,0.1533,-1.0696,0.2848,0.8606
2310034G01Rik,2310034G01Rik,5.455,0.4705,0.7099,0.6627,0.5075,0.9188
2310034O05Rik,2310034O05Rik,0.8394,1.3222,1.4943,0.8848,0.3762,0.8935
2310035C23Rik,2310035C23Rik,1427.7869,-0.1742,0.1456,-1.197,0.2313,0.8345
2310036O22Rik,2310036O22Rik,5408.9543,0.0623,0.1042,0.5977,0.55,0.929
2310039H08Rik,2310039H08Rik,124.8767,0.0707,0.2043,0.3462,0.7292,0.9694
2310039L15Rik,2310039L15Rik,10.799,-0.3044,0.4178,-0.7286,0.4662,0.9163
2310040G24Rik,2310040G24Rik,5.9596,0.2518,0.5688,0.4427,0.658,0.9548
2310043L19Rik,2310043L19Rik,54.1007,-0.382,0.3952,-0.9668,0.3337,0.8778
2310045N01Rik,2310045N01Rik,763.3075,0.277,0.1673,1.6555,0.0978,0.7669
2310047M10Rik,2310047M10Rik,530.1823,0.1233,0.1446,0.853,0.3937,0.8986
2310057M21Rik,2310057M21Rik,455.5614,-0.1262,0.1113,-1.1334,0.257,0.8478
2310061I04Rik,2310061I04Rik,491.1257,0.0378,0.105,0.3601,0.7188,0.9672
2310065F04Rik,2310065F04Rik,20.4745,-0.4831,0.5377,-0.8986,0.3689,0.8923
2310067B10Rik,2310067B10Rik,1206.2028,0.06,0.0821,0.7312,0.4646,0.9157
2310068J16Rik,2310068J16Rik,4.0751,0.4101,0.7874,0.5209,0.6024,0.941
2310069B03Rik,2310069B03Rik,3.1474,1.242,0.9922,1.2518,0.2106,0.8265
2410002F23Rik,2410002F23Rik,1307.5697,-0.06,0.099,-0.6062,0.5444,0.9284
2410004B18Rik,2410004B18Rik,565.7372,0.0013,0.086,0.0149,0.9881,1
2410004P03Rik,2410004P03Rik,1.5697,-1.1192,1.1222,-0.9974,0.3186,0.8707
2410006H16Rik,2410006H16Rik,2201.6641,0.3492,0.254,1.3745,0.1693,0.8052
2410012E07Rik,2410012E07Rik,16.8372,0.3462,0.35,0.9892,0.3226,0.8731
2410015M20Rik,2410015M20Rik,1517.3939,0.0429,0.0917,0.4684,0.6395,0.9492
2410016O06Rik,2410016O06Rik,518.8821,0.0181,0.1032,0.175,0.861,0.9802
2410018L13Rik,2410018L13Rik,5.5329,-0.3136,0.6022,-0.5207,0.6026,0.941
2410021H03Rik,2410021H03Rik,4.9119,-0.0659,0.6487,-0.1015,0.9191,0.9879
2410089E03Rik,2410089E03Rik,1755.0078,-0.0179,0.1553,-0.1151,0.9084,0.987
2410127L17Rik,2410127L17Rik,495.0495,-0.0637,0.1643,-0.3874,0.6985,0.9635
2410131K14Rik,2410131K14Rik,454.6722,0.2084,0.1342,1.5533,0.1204,0.7753
2500002B13Rik,2500002B13Rik,102.8978,0.3415,0.2068,1.651,0.0987,0.7669
2500004C02Rik,2500004C02Rik,39.536,-0.0422,0.2287,-0.1847,0.8535,0.9789
2510002D24Rik,2510002D24Rik,158.6424,0.0236,0.1518,0.1557,0.8763,0.9819
2510003B16Rik,2510003B16Rik,2.7297,0.4045,0.8473,0.4774,0.6331,0.947
2510009E07Rik,2510009E07Rik,1550.6248,-0.2706,0.2017,-1.3414,0.1798,0.8123
2510039O18Rik,2510039O18Rik,2857.4701,0.1582,0.0912,1.7344,0.0829,0.7572
2610001J05Rik,2610001J05Rik,1577.3569,-0.0224,0.1023,-0.2187,0.8269,0.9766
2610002M06Rik,2610002M06Rik,721.6913,-0.0599,0.1409,-0.425,0.6708,0.9578
2610005L07Rik,2610005L07Rik,274.5015,0.059,0.3273,0.1802,0.857,0.9796
2610008E11Rik,2610008E11Rik,662.0099,-0.151,0.2787,-0.5418,0.588,0.9356
2610015P09Rik,2610015P09Rik,222.1009,-0.0198,0.1943,-0.1017,0.919,0.9879
2610016A17Rik,2610016A17Rik,2.0969,0.633,0.8956,0.7067,0.4798,0.9168
2610020C07Rik,2610020C07Rik,11.4178,-0.2532,0.5232,-0.4839,0.6285,0.9451
2610020H08Rik,2610020H08Rik,118.9012,-0.1902,0.1749,-1.0876,0.2768,0.8588
2610027K06Rik,2610027K06Rik,1.0366,-0.936,1.565,-0.5981,0.5498,0.929
2610028E06Rik,2610028E06Rik,0.6285,0.645,1.7486,0.3689,0.7122,0.9662
2610028H24Rik,2610028H24Rik,1.586,-0.9743,1.6925,-0.5756,0.5649,0.93
2610035D17Rik,2610035D17Rik,19.1909,-0.5108,0.4923,-1.0378,0.2994,0.8612
2610037D02Rik,2610037D02Rik,2.2066,-0.1397,1.1333,-0.1233,0.9019,0.986
2610044O15Rik8,2610044O15Rik8,212.7295,0.0635,0.1078,0.589,0.5559,0.929
2610203C22Rik,2610203C22Rik,8.9925,0.1797,0.452,0.3976,0.691,0.9623
2610206C17Rik,2610206C17Rik,9.0283,-0.4517,0.5221,-0.8651,0.387,0.8952
2610301B20Rik,2610301B20Rik,1228.1931,-0.0473,0.0834,-0.5676,0.5703,0.9318
2610306M01Rik,2610306M01Rik,82.1865,0.1552,0.1664,0.9325,0.3511,0.8839
2610307P16Rik,2610307P16Rik,99.4414,0.1316,0.2247,0.5858,0.558,0.9293
2610316D01Rik,2610316D01Rik,22.0669,0.0913,0.2935,0.311,0.7558,0.9694
2610318N02Rik,2610318N02Rik,32.8639,-0.1954,0.2884,-0.6776,0.498,0.9181
2610507B11Rik,2610507B11Rik,7737.9954,0.0362,0.0729,0.4966,0.6194,0.9434
2610507I01Rik,2610507I01Rik,16.9081,0.5074,0.9212,0.5508,0.5818,0.9352
2610524H06Rik,2610524H06Rik,173.2634,0.0659,0.1654,0.3986,0.6902,0.9623
2610528A11Rik,2610528A11Rik,183.1639,-1.2119,0.5951,-2.0365,0.0417,0.732
2700029M09Rik,2700029M09Rik,1023.1839,-0.3454,0.1708,-2.0222,0.0432,0.7364
2700038G22Rik,2700038G22Rik,47.8867,-0.206,0.3634,-0.567,0.5707,0.9319
2700046G09Rik,2700046G09Rik,17.0599,-0.3028,0.3442,-0.8798,0.379,0.8935
2700049A03Rik,2700049A03Rik,489.2457,-0.2886,0.2388,-1.2086,0.2268,0.8325
2700054A10Rik,2700054A10Rik,35.334,0.2948,0.303,0.9728,0.3306,0.8768
2700060E02Rik,2700060E02Rik,5624.4121,0.0405,0.0707,0.5729,0.5667,0.9307
2700062C07Rik,2700062C07Rik,465.8262,0.0738,0.1452,0.5082,0.6113,0.9419
2700069I18Rik,2700069I18Rik,12.0387,-0.1746,0.515,-0.339,0.7346,0.9694
2700070H01Rik,2700070H01Rik,17.2806,0.4526,0.4253,1.0641,0.2873,0.8606
2700081O15Rik,2700081O15Rik,1632.2881,-0.0421,0.0715,-0.5892,0.5557,0.929
2700094K13Rik,2700094K13Rik,444.1971,-0.3318,0.139,-2.3868,0.017,0.732
2700097O09Rik,2700097O09Rik,189.5597,0.0927,0.1295,0.7162,0.4738,0.9168
2700099C18Rik,2700099C18Rik,129.4536,-0.8096,0.3969,-2.0399,0.0414,0.732
2810001G20Rik,2810001G20Rik,74.7963,0.0891,0.1873,0.4755,0.6344,0.9478
2810002D19Rik,2810002D19Rik,100.6251,0.0272,0.1469,0.1854,0.8529,0.9789
2810004N23Rik,2810004N23Rik,1006.3524,-0.1141,0.0786,-1.4514,0.1467,0.7941
2810006K23Rik,2810006K23Rik,511.2184,-0.0466,0.0812,-0.5744,0.5657,0.9302
2810013P06Rik,2810013P06Rik,149.5634,0.0113,0.25,0.0454,0.9638,0.9975
2810021J22Rik,2810021J22Rik,307.1792,-0.056,0.1108,-0.5056,0.6131,0.9422
2810025M15Rik,2810025M15Rik,1287.5619,-0.1705,0.1351,-1.262,0.207,0.8262
2810029C07Rik,2810029C07Rik,19.6601,0.0248,0.3581,0.0693,0.9448,0.9934
2810047C21Rik1,2810047C21Rik1,14.4481,-0.2254,0.4422,-0.5097,0.6103,0.9416
2810403A07Rik,2810403A07Rik,2393.8924,0.0463,0.1488,0.3115,0.7554,0.9694
2810403D21Rik,2810403D21Rik,58.2761,0.4882,0.2433,2.0066,0.0448,0.7364
2810404M03Rik,2810404M03Rik,0.8362,-2.2612,1.5982,-1.4148,0.1571,0.8015
2810405F15Rik,2810405F15Rik,4.7001,0.2807,0.6952,0.4037,0.6864,0.9623
2810408A11Rik,2810408A11Rik,131.0445,-0.0754,0.1977,-0.3811,0.7031,0.9638
2810408I11Rik,2810408I11Rik,37.0661,-0.2651,0.28,-0.9468,0.3437,0.8801
2810410L24Rik,2810410L24Rik,80.7339,0.0648,0.387,0.1674,0.867,0.9818
2810417H13Rik,2810417H13Rik,1243.034,-1.0396,0.4708,-2.2083,0.0272,0.732
2810428I15Rik,2810428I15Rik,1277.6542,0.2413,0.1333,1.8105,0.0702,0.7507
2810433D01Rik,2810433D01Rik,26.6152,0.0294,0.294,0.0999,0.9205,0.9882
2810442N19Rik,2810442N19Rik,1.0426,1.5352,1.4368,1.0685,0.2853,0.8606
2810454H06Rik,2810454H06Rik,16.1443,-0.2141,0.3775,-0.5672,0.5706,0.9319
2810468N07Rik,2810468N07Rik,65.3929,-0.6532,0.304,-2.1487,0.0317,0.732
2810474O19Rik,2810474O19Rik,905.3101,-0.0206,0.1926,-0.1069,0.9149,0.9874
2900005J15Rik,2900005J15Rik,2.8349,-0.1076,0.839,-0.1283,0.8979,0.9854
2900008C10Rik,2900008C10Rik,9.627,0.0333,0.4736,0.0704,0.9439,0.9931
2900009J06Rik,2900009J06Rik,1.8723,0.2841,1.0875,0.2612,0.7939,0.9707
2900011O08Rik,2900011O08Rik,4.905,0.0027,0.6909,0.004,0.9968,1
2900026A02Rik,2900026A02Rik,2334.6333,-0.1262,0.1185,-1.0651,0.2868,0.8606
2900041M22Rik,2900041M22Rik,38.1806,-0.0771,0.261,-0.2956,0.7676,0.97
2900057B20Rik,2900057B20Rik,11.2146,-0.0259,0.3986,-0.0649,0.9483,0.9935
2900076A07Rik,2900076A07Rik,104.8015,0.1511,0.2111,0.7157,0.4742,0.9168
2900079G21Rik,2900079G21Rik,3.7617,-0.5286,0.7152,-0.7392,0.4598,0.9141
2900097C17Rik,2900097C17Rik,6287.6307,-0.0003,0.1991,-0.0018,0.9986,1
3000002C10Rik,3000002C10Rik,68.3035,0.0923,0.2414,0.3822,0.7023,0.9637
3010001F23Rik,3010001F23Rik,17.5496,0.1155,0.3709,0.3113,0.7556,0.9694
3010026O09Rik,3010026O09Rik,199.0633,-0.2369,0.1457,-1.6252,0.1041,0.7679
3110001I22Rik,3110001I22Rik,119.0735,-0.0227,0.1496,-0.1518,0.8794,0.9823
3110002H16Rik,3110002H16Rik,1034.8818,0.2037,0.1264,1.6114,0.1071,0.7713
3110009E18Rik,3110009E18Rik,88.463,0.0163,0.1657,0.0984,0.9216,0.989
3110015C05Rik,3110015C05Rik,0.4227,1.182,2.4211,0.4882,0.6254,0.9451
3110021A11Rik,3110021A11Rik,5.6807,-0.1573,0.7559,-0.2081,0.8351,0.9774
3110021N24Rik,3110021N24Rik,36.7658,0.0309,0.2803,0.1103,0.9122,0.9873
3110035E14Rik,3110035E14Rik,1.7942,-0.996,1.2651,-0.7873,0.4311,0.9081
3110039I08Rik,3110039I08Rik,984.7743,0.0209,0.1826,0.1146,0.9088,0.987
3110040N11Rik,3110040N11Rik,373.0367,0.0109,0.141,0.0776,0.9381,0.9923
3110043O21Rik,3110043O21Rik,1161.4716,0.098,0.1222,0.8016,0.4228,0.906
3110045C21Rik,3110045C21Rik,5.1267,0.8042,0.664,1.2111,0.2258,0.8321
3110052M02Rik,3110052M02Rik,13.9516,0.0584,0.3921,0.149,0.8815,0.9824
3110056K07Rik,3110056K07Rik,70.3665,0.2002,0.3135,0.6385,0.5232,0.9223
3110057O12Rik,3110057O12Rik,141.1604,-0.0013,0.2402,-0.0052,0.9958,1
3110062M04Rik,3110062M04Rik,130.1543,-0.1337,0.1684,-0.7941,0.4272,0.907
3110070M22Rik,3110070M22Rik,3.4453,-1.0549,0.9458,-1.1153,0.2647,0.8547
3110082I17Rik,3110082I17Rik,535.6417,0.0165,0.1637,0.1006,0.9198,0.9879
3110082J24Rik,3110082J24Rik,1.7644,0.0384,1.2062,0.0318,0.9746,0.9992
3200001D21Rik,3200001D21Rik,22.2612,-0.1504,0.3599,-0.4178,0.6761,0.9598
3300002I08Rik,3300002I08Rik,30.799,-0.016,0.2655,-0.0602,0.952,0.9941
3300002P13Rik,3300002P13Rik,23.5039,-0.2798,0.4086,-0.6847,0.4935,0.9181
3300005D01Rik,3300005D01Rik,1027.175,0.3265,0.1681,1.9426,0.0521,0.7364
3425401B19Rik,3425401B19Rik,46.5342,0.1939,0.2325,0.834,0.4043,0.9033
3632451O06Rik,3632451O06Rik,36.8191,-0.1924,0.6464,-0.2976,0.766,0.97
3830403N18Rik,3830403N18Rik,941.6517,-0.1889,0.2123,-0.8894,0.3738,0.893
3830406C13Rik,3830406C13Rik,481.0291,0.0208,0.1191,0.1749,0.8611,0.9802
3830408C21Rik,3830408C21Rik,15.2895,0.0933,0.3726,0.2504,0.8023,0.9719
3830417A13Rik,3830417A13Rik,13.8051,-0.5268,0.5504,-0.9572,0.3385,0.879
3830432H09Rik,3830432H09Rik,0.9483,0.3149,1.455,0.2164,0.8287,0.9769
3930402G23Rik,3930402G23Rik,1.4438,-1.1576,2.2493,-0.5147,0.6068,0.9411
4430402I18Rik,4430402I18Rik,4.712,-0.6475,0.6172,-1.0491,0.2941,0.8606
4631405J19Rik,4631405J19Rik,9.415,-0.1428,0.6963,-0.205,0.8376,0.9774
4632404H12Rik,4632404H12Rik,80.4263,0.4506,0.3066,1.4698,0.1416,0.7919
4632415L05Rik,4632415L05Rik,649.8054,0.0989,0.2059,0.4801,0.6312,0.9458
4632427E13Rik,4632427E13Rik,6.5131,0.1279,0.5893,0.217,0.8282,0.9769
4632428C04Rik,4632428C04Rik,8.473,0.2603,0.4891,0.5322,0.5946,0.9385
4632428N05Rik,4632428N05Rik,2617.7856,0.5997,0.2527,2.373,0.0176,0.732
4732416N19Rik,4732416N19Rik,1.2561,1.4126,1.7923,0.7881,0.4306,0.9081
4732471J01Rik,4732471J01Rik,8.0503,-0.2058,0.5061,-0.4067,0.6842,0.9623
4732491K20Rik,4732491K20Rik,56.6313,0.2169,0.2172,0.9989,0.3178,0.8702
4831440E17Rik,4831440E17Rik,20.1118,0.1568,0.4005,0.3917,0.6953,0.9625
4833415N18Rik,4833415N18Rik,105.2792,0.314,0.3095,1.0144,0.3104,0.8673
4833417C18Rik,4833417C18Rik,12.7399,0.6871,0.6963,0.9868,0.3237,0.8734
4833418N02Rik,4833418N02Rik,76.5743,-0.0016,0.2155,-0.0076,0.9939,1
4833419F23Rik,4833419F23Rik,21.9073,0.4991,0.5013,0.9955,0.3195,0.8709
4833420G17Rik,4833420G17Rik,369.6791,-0.0533,0.1474,-0.3615,0.7177,0.9668
4833422C13Rik,4833422C13Rik,28.855,-0.7345,0.6175,-1.1894,0.2343,0.8354
4833422M21Rik,4833422M21Rik,0.4195,0.7875,2.479,0.3177,0.7507,0.9694
4833427F10Rik,4833427F10Rik,1.363,0.9615,1.342,0.7165,0.4737,0.9168
4833427G06Rik,4833427G06Rik,107.7355,-0.1288,0.1833,-0.7024,0.4824,0.9168
4833439L19Rik,4833439L19Rik,6299.9046,0.0145,0.0553,0.2631,0.7925,0.9702
4921507L20Rik,4921507L20Rik,30.9307,0.0721,0.3085,0.2338,0.8152,0.9748
4921507P07Rik,4921507P07Rik,0.8413,1.3348,1.6548,0.8066,0.4199,0.9049
4921509O07Rik,4921509O07Rik,0.7369,1.2052,1.6433,0.7334,0.4633,0.9155
4921511C10Rik,4921511C10Rik,1.5719,0.6489,1.1632,0.5579,0.5769,0.9343
4921513I03Rik,4921513I03Rik,1.9765,-1.4993,1.1833,-1.267,0.2052,0.8262
4921524J17Rik,4921524J17Rik,1642.5057,-0.2101,0.1526,-1.3771,0.1685,0.8046
4921525O09Rik,4921525O09Rik,70.3693,-0.1864,0.3571,-0.5219,0.6017,0.941
4921531C22Rik,4921531C22Rik,40.6651,0.0195,0.2278,0.0855,0.9319,0.9921
4921536K21Rik,4921536K21Rik,60.1395,0.2496,0.2124,1.175,0.24,0.84
4930402H24Rik,4930402H24Rik,1160.5683,-0.0379,0.09,-0.4211,0.6737,0.9591
4930404H11Rik,4930404H11Rik,1.784,-0.5044,1.2558,-0.4016,0.688,0.9623
4930404I05Rik,4930404I05Rik,19.9939,-0.0312,0.3455,-0.0904,0.928,0.9911
4930404N11Rik,4930404N11Rik,430.2726,0.0587,0.1492,0.3937,0.6938,0.9623
4930405A21Rik,4930405A21Rik,9.2819,-0.1156,0.5165,-0.2238,0.8229,0.9766
4930405O22Rik,4930405O22Rik,1.0385,-0.903,1.4346,-0.6294,0.5291,0.9237
4930407I10Rik,4930407I10Rik,0.6254,-0.6619,1.9727,-0.3355,0.7372,0.9694
4930412B13Rik,4930412B13Rik,0.5267,-0.4879,1.9752,-0.247,0.8049,0.9724
4930412C18Rik,4930412C18Rik,1.7822,0.9645,1.533,0.6292,0.5292,0.9237
4930413G21Rik,4930413G21Rik,110.9982,0.0397,0.1449,0.2739,0.7842,0.97
4930414N06Rik,4930414N06Rik,0.9462,-1.3734,1.8239,-0.753,0.4515,0.9121
4930415O20Rik,4930415O20Rik,12.7603,-0.2242,0.3754,-0.5972,0.5504,0.929
4930417O13Rik,4930417O13Rik,1.3634,-0.5473,1.2379,-0.4421,0.6584,0.9548
4930426L09Rik,4930426L09Rik,21.6574,-0.4367,0.3641,-1.1993,0.2304,0.8336
4930427A07Rik,4930427A07Rik,407.0351,-0.6954,0.2947,-2.3596,0.0183,0.732
4930429B21Rik,4930429B21Rik,27.8183,-0.1798,0.3361,-0.5351,0.5926,0.9384
4930429F24Rik,4930429F24Rik,74.7415,-0.4541,0.4438,-1.0233,0.3062,0.8653
4930430F08Rik,4930430F08Rik,384.9074,-0.0036,0.1874,-0.0194,0.9845,1
4930430J02Rik,4930430J02Rik,0.5255,0.0916,2.4331,0.0377,0.97,0.999
4930431P03Rik,4930431P03Rik,1.2529,1.4045,2.2119,0.635,0.5254,0.9228
4930432K21Rik,4930432K21Rik,41.8787,0.2718,0.2528,1.0754,0.2822,0.8606
4930443O20Rik,4930443O20Rik,5.7533,0.2972,0.5727,0.5189,0.6038,0.941
4930445N18Rik,4930445N18Rik,3.5325,0.1143,0.9156,0.1249,0.9006,0.986
4930447C04Rik,4930447C04Rik,2.0958,-0.5314,1.5098,-0.3519,0.7249,0.9689
4930447F24Rik,4930447F24Rik,153.3864,-0.1474,0.251,-0.5873,0.557,0.929
4930451G09Rik,4930451G09Rik,19.5424,0.0309,0.3556,0.087,0.9307,0.9918
4930452A19Rik,4930452A19Rik,1.8853,0.2412,0.9877,0.2442,0.8071,0.9732
4930452B06Rik,4930452B06Rik,9.0561,-0.3844,0.7097,-0.5416,0.5881,0.9357
4930453N24Rik,4930453N24Rik,924.9855,-0.1095,0.1081,-1.0124,0.3113,0.868
4930455C13Rik,4930455C13Rik,2.5183,-0.0617,1.1094,-0.0556,0.9557,0.9953
4930461G14Rik,4930461G14Rik,1.0433,0.7143,1.341,0.5327,0.5943,0.9385
4930465K10Rik,4930465K10Rik,1.5797,-0.5728,1.7496,-0.3274,0.7434,0.9694
4930467D21Rik,4930467D21Rik,0.7384,-0.3874,1.4747,-0.2627,0.7928,0.9702
4930473A02Rik,4930473A02Rik,12.6048,0.2209,0.554,0.3987,0.6901,0.9623
4930474M22Rik,4930474M22Rik,2.5261,-0.1756,1.0091,-0.1741,0.8618,0.9805
4930478L05Rik,4930478L05Rik,0.519,-0.0825,2.4355,-0.0339,0.973,0.999
4930479D17Rik,4930479D17Rik,1.5749,-0.4639,1.0977,-0.4227,0.6725,0.9584
4930480K23Rik,4930480K23Rik,23.8592,-0.174,0.274,-0.6352,0.5253,0.9228
4930481A15Rik,4930481A15Rik,0.7358,0.3786,1.8152,0.2086,0.8348,0.9774
4930483J18Rik,4930483J18Rik,1.5792,0.8813,1.0824,0.8142,0.4155,0.9033
4930483K19Rik,4930483K19Rik,0.6293,0.6471,1.7487,0.37,0.7114,0.9662
4930486L24Rik,4930486L24Rik,34.964,-0.0845,0.3717,-0.2274,0.8201,0.9758
4930487H11Rik,4930487H11Rik,8.3744,0.3394,0.5566,0.6097,0.542,0.9283
4930503B20Rik,4930503B20Rik,1.2555,-1.1638,1.3094,-0.8888,0.3741,0.893
4930503E14Rik,4930503E14Rik,1.4617,0.3341,1.1824,0.2826,0.7775,0.97
4930503L19Rik,4930503L19Rik,363.3042,-0.0831,0.1935,-0.4294,0.6676,0.9568
4930505A04Rik,4930505A04Rik,2.3245,-0.2541,1.2546,-0.2025,0.8395,0.9775
4930506C21Rik,4930506C21Rik,12.0326,0.4832,0.5005,0.9655,0.3343,0.8778
4930507D05Rik,4930507D05Rik,4.2824,0.2999,0.6882,0.4358,0.663,0.9559
4930509E16Rik,4930509E16Rik,1.1619,-0.7825,1.4028,-0.5578,0.577,0.9343
4930511M06Rik,4930511M06Rik,3.5477,-0.5083,0.9362,-0.5429,0.5872,0.9355
4930512B01Rik,4930512B01Rik,0.9428,1.4593,1.6308,0.8949,0.3709,0.893
4930513N10Rik,4930513N10Rik,24.8344,-0.4644,0.3408,-1.3629,0.1729,0.807
4930515B02Rik,4930515B02Rik,1.27,-0.0004,1.8656,-0.0002,0.9998,1
4930515G01Rik,4930515G01Rik,29.0483,0.0983,0.301,0.3265,0.744,0.9694
4930520O04Rik,4930520O04Rik,16.5517,-0.3815,0.3639,-1.0482,0.2946,0.8606
4930523C07Rik,4930523C07Rik,172.7164,-0.292,0.1784,-1.6372,0.1016,0.7679
4930526I15Rik,4930526I15Rik,164.2212,0.081,0.1267,0.6392,0.5227,0.9223
4930527F14Rik,4930527F14Rik,0.4228,0.0028,2.4853,0.0011,0.9991,1
4930528A17Rik,4930528A17Rik,10.132,0.1012,0.5156,0.1963,0.8443,0.9775
4930528D03Rik,4930528D03Rik,0.4128,-0.7667,2.4833,-0.3087,0.7575,0.9694
4930533B01Rik,4930533B01Rik,0.5243,0.0889,2.433,0.0365,0.9709,0.999
4930538K18Rik,4930538K18Rik,14.9166,0.1553,0.4421,0.3513,0.7253,0.9689
4930539E08Rik,4930539E08Rik,0.9411,1.4951,1.886,0.7928,0.4279,0.9071
4930539J05Rik,4930539J05Rik,61.2389,-0.0641,0.2007,-0.3193,0.7495,0.9694
4930543E12Rik,4930543E12Rik,1.5591,0.7289,1.3778,0.5291,0.5968,0.9393
4930544D05Rik,4930544D05Rik,0.5189,1.183,2.3154,0.5109,0.6094,0.9416
4930544M13Rik,4930544M13Rik,1.0475,-1.038,1.3155,-0.789,0.4301,0.9081
4930546C10Rik,4930546C10Rik,0.7275,0.5966,1.7436,0.3421,0.7322,0.9694
4930546K05Rik,4930546K05Rik,1.678,-1.4723,1.1603,-1.2689,0.2045,0.8262
4930547E08Rik,4930547E08Rik,0.7376,-1.1884,1.795,-0.6621,0.5079,0.9188
4930548H24Rik,4930548H24Rik,1.4576,-0.1768,1.2605,-0.1403,0.8885,0.9833
4930549G23Rik,4930549G23Rik,5.232,-0.0299,0.6943,-0.043,0.9657,0.9982
4930550C14Rik,4930550C14Rik,2.4082,-0.5982,0.8695,-0.6879,0.4915,0.9181
4930550L24Rik,4930550L24Rik,80.127,-0.03,0.1865,-0.1608,0.8723,0.9819
4930552P12Rik,4930552P12Rik,1.2511,1.0437,1.3041,0.8003,0.4235,0.906
4930554I06Rik,4930554I06Rik,0.8381,0.4073,1.9318,0.2108,0.833,0.9774
4930556M19Rik,4930556M19Rik,71.4714,0.3194,0.237,1.3477,0.1777,0.812
4930557K07Rik,4930557K07Rik,16.5418,-0.0364,0.4102,-0.0886,0.9294,0.9917
4930558C23Rik,4930558C23Rik,1.6865,-0.1156,1.0888,-0.1062,0.9154,0.9876
4930558J18Rik,4930558J18Rik,16.5676,-0.9292,0.4234,-2.1946,0.0282,0.732
4930558K02Rik,4930558K02Rik,0.4235,0.0068,2.4853,0.0027,0.9978,1
4930562C15Rik,4930562C15Rik,1.9892,1.2699,1.2912,0.9835,0.3254,0.8747
4930562F07Rik,4930562F07Rik,1.6921,-0.3503,1.4733,-0.2378,0.8121,0.9742
4930563E22Rik,4930563E22Rik,31.6972,0.1131,0.4474,0.2528,0.8004,0.9719
4930565N06Rik,4930565N06Rik,3.8044,-0.801,1.0384,-0.7714,0.4405,0.9112
4930570G19Rik,4930570G19Rik,1.7891,-1.1807,1.4224,-0.8301,0.4065,0.9033
4930577N17Rik,4930577N17Rik,21.8406,0.1955,0.3402,0.5748,0.5655,0.9302
4930578M01Rik,4930578M01Rik,5.1555,-0.1252,0.7086,-0.1767,0.8597,0.98
4930579G18Rik,4930579G18Rik,150.532,-0.0868,0.2478,-0.3502,0.7262,0.9691
4930579G24Rik,4930579G24Rik,330.7509,-0.581,0.2047,-2.8378,0.0045,0.732
4930579K19Rik,4930579K19Rik,7.1206,0.2191,0.5461,0.4012,0.6883,0.9623
4930579P08Rik,4930579P08Rik,1.1515,0.4292,1.5189,0.2825,0.7775,0.97
4930581F22Rik,4930581F22Rik,44.3913,0.0402,0.2179,0.1847,0.8535,0.9789
4930590J08Rik,4930590J08Rik,2.6155,-0.0331,0.8242,-0.0401,0.968,0.9988
4930592A05Rik,4930592A05Rik,1.8866,1.5913,1.1538,1.3792,0.1678,0.8045
4930593A02Rik,4930593A02Rik,2.5048,-0.3623,0.9092,-0.3985,0.6903,0.9623
4930595D18Rik,4930595D18Rik,0.948,0.1381,1.542,0.0896,0.9286,0.9914
4930599N23Rik,4930599N23Rik,1.5691,0.6529,1.082,0.6034,0.5462,0.9289
4931402G19Rik,4931402G19Rik,1.8914,1.6436,1.4158,1.1609,0.2457,0.8421
4931403E22Rik,4931403E22Rik,3.7664,0.2475,0.6883,0.3596,0.7191,0.9672
4931403G20Rik,4931403G20Rik,3.8624,0.0368,0.7096,0.0518,0.9586,0.9964
4931406B18Rik,4931406B18Rik,0.4185,0.7875,2.4803,0.3175,0.7509,0.9694
4931406C07Rik,4931406C07Rik,1693.9886,0.0557,0.0702,0.793,0.4278,0.9071
4931406P16Rik,4931406P16Rik,2170.2218,-0.2865,0.1891,-1.5152,0.1297,0.777
4931408D14Rik,4931408D14Rik,3.4744,-0.3816,0.784,-0.4867,0.6265,0.9451
4931414P19Rik,4931414P19Rik,381.1229,0.0642,0.0938,0.6852,0.4932,0.9181
4931428F04Rik,4931428F04Rik,252.3935,-0.1216,0.1652,-0.7357,0.4619,0.9148
4931429L15Rik,4931429L15Rik,0.5286,0.4999,1.9758,0.253,0.8003,0.9719
4931431C16Rik,4931431C16Rik,6.7011,0.2706,0.6374,0.4246,0.6711,0.9578
4931440F15Rik,4931440F15Rik,1.7747,0.7609,1.2627,0.6026,0.5468,0.9289
4931440J10Rik,4931440J10Rik,0.7404,-0.3739,1.8729,-0.1996,0.8418,0.9775
4931440P22Rik,4931440P22Rik,10.6969,0.1294,0.4871,0.2657,0.7905,0.97
4932411N23Rik,4932411N23Rik,0.4138,-0.7714,2.4833,-0.3106,0.7561,0.9694
4932416H05Rik,4932416H05Rik,120.4719,0.1928,0.2465,0.7824,0.434,0.9089
4932418E24Rik,4932418E24Rik,0.528,-0.4838,2.4356,-0.1986,0.8425,0.9775
4932438A13Rik,4932438A13Rik,1486.2747,0.0131,0.249,0.0527,0.958,0.9963
4932438H23Rik,4932438H23Rik,0.9473,0.3163,1.7719,0.1785,0.8583,0.9797
4932441J04Rik,4932441J04Rik,6.7919,-0.0793,0.5515,-0.1439,0.8856,0.9833
4932443I19Rik,4932443I19Rik,0.7227,-0.8791,1.9897,-0.4419,0.6586,0.9548
4933400C23Rik,4933400C23Rik,0.4186,2.1204,2.4092,0.8801,0.3788,0.8935
4933402D24Rik,4933402D24Rik,6.3029,0.0251,0.6581,0.0382,0.9695,0.999
4933402E13Rik,4933402E13Rik,0.4139,-0.7723,2.4834,-0.311,0.7558,0.9694
4933402J07Rik,4933402J07Rik,0.7287,-0.1307,1.679,-0.0778,0.938,0.9923
4933403O08Rik,4933403O08Rik,0.7371,0.1759,1.907,0.0922,0.9265,0.9905
4933404O12Rik,4933404O12Rik,558.0096,-0.188,0.0888,-2.1166,0.0343,0.732
4933405D12Rik,4933405D12Rik,1.0509,-0.8584,1.3865,-0.6191,0.5358,0.9268
4933405E24Rik,4933405E24Rik,0.3169,0.6972,2.5704,0.2712,0.7862,0.97
4933405L10Rik,4933405L10Rik,3.1604,-0.0003,0.9605,-0.0003,0.9997,1
4933406C10Rik,4933406C10Rik,10.1734,-0.4036,0.5332,-0.7569,0.4491,0.912
4933406G16Rik,4933406G16Rik,0.6293,0.6471,1.7487,0.37,0.7114,0.9662
4933406I18Rik,4933406I18Rik,2.2993,-0.1991,1.0162,-0.1959,0.8447,0.9776
4933407K13Rik,4933407K13Rik,95.6505,0.0083,0.2751,0.03,0.9761,0.9992
4933408B17Rik,4933408B17Rik,8.2491,0.2218,0.5343,0.4151,0.6781,0.961
4933408J17Rik,4933408J17Rik,0.5204,-0.0755,2.4347,-0.031,0.9753,0.9992
4933411K16Rik,4933411K16Rik,10.6735,0.0944,0.5072,0.1862,0.8523,0.9789
4933412E12Rik,4933412E12Rik,264.688,0.1483,0.1269,1.1689,0.2425,0.8407
4933413G19Rik,4933413G19Rik,1.0452,-0.6952,1.4602,-0.4761,0.634,0.9476
4933413J09Rik,4933413J09Rik,10.8804,-0.6914,0.4439,-1.5574,0.1194,0.7753
4933417D19Rik,4933417D19Rik,5.2365,-0.3266,0.652,-0.5009,0.6164,0.9427
4933417E11Rik,4933417E11Rik,10.9042,0.3701,0.421,0.879,0.3794,0.8935
4933421O10Rik,4933421O10Rik,104.1628,-0.0171,0.2811,-0.0607,0.9516,0.994
4933422A05Rik,4933422A05Rik,0.5285,0.4997,1.9758,0.2529,0.8003,0.9719
4933424G06Rik,4933424G06Rik,4.4034,0.5173,0.6843,0.756,0.4497,0.912
4933425B07Rik,4933425B07Rik,0.5197,-1.3564,1.9907,-0.6814,0.4956,0.9181
4933427D14Rik,4933427D14Rik,502.2226,-0.0477,0.1228,-0.3881,0.6979,0.9633
4933427E11Rik,4933427E11Rik,4.0955,-0.0211,0.6972,-0.0303,0.9758,0.9992
4933427G17Rik,4933427G17Rik,2.7357,0.842,0.8421,0.9999,0.3173,0.8702
4933428G20Rik,4933428G20Rik,14.5843,-0.4776,0.4037,-1.1829,0.2368,0.8369
4933430I17Rik,4933430I17Rik,20.1286,-0.2312,0.3894,-0.5936,0.5528,0.929
4933431E20Rik,4933431E20Rik,265.4104,0.1493,0.1368,1.0914,0.2751,0.8588
4933431G14Rik,4933431G14Rik,1.6854,0.2316,1.5534,0.1491,0.8815,0.9824
4933432I09Rik,4933432I09Rik,1.1476,1.7452,1.4129,1.2352,0.2168,0.8288
4933433C11Rik,4933433C11Rik,0.3167,-1.8894,2.4847,-0.7604,0.447,0.912
4933433G15Rik,4933433G15Rik,3.5563,0.5152,0.7945,0.6485,0.5167,0.9209
4933433G19Rik,4933433G19Rik,4.0772,-0.3135,0.6887,-0.4552,0.649,0.9539
4933433H22Rik,4933433H22Rik,7.0115,0.4132,0.5751,0.7186,0.4724,0.9168
4933434E20Rik,4933434E20Rik,2165.9861,0.2072,0.0986,2.1007,0.0357,0.732
4933438K21Rik,4933438K21Rik,0.6285,1.7451,1.902,0.9175,0.3589,0.8861
4933439C10Rik,4933439C10Rik,42.1039,0.1231,0.2705,0.4551,0.649,0.9539
4933440M02Rik,4933440M02Rik,2.4847,-0.104,1.3203,-0.0787,0.9372,0.9923
5031414D18Rik,5031414D18Rik,61.333,0.2397,0.2991,0.8016,0.4228,0.906
5031425E22Rik,5031425E22Rik,168.8779,0.0824,0.1514,0.5444,0.5862,0.9355
5031425F14Rik,5031425F14Rik,1.1545,1.1828,1.5436,0.7663,0.4435,0.9118
5031426D15Rik,5031426D15Rik,3.4474,-0.9092,0.8324,-1.0922,0.2747,0.8588
5031434C07Rik,5031434C07Rik,1.577,-0.4813,1.2421,-0.3875,0.6984,0.9635
5031434O11Rik,5031434O11Rik,6.8111,0.9451,0.7184,1.3155,0.1883,0.8161
5031439G07Rik,5031439G07Rik,3766.3488,0.1495,0.0954,1.567,0.1171,0.7753
5033403F01Rik,5033403F01Rik,6.2661,-0.2341,0.6276,-0.373,0.7092,0.9661
5033406O09Rik,5033406O09Rik,3.2397,0.2509,0.7905,0.3174,0.7509,0.9694
5330411J11Rik,5330411J11Rik,3.2394,-0.6662,0.8371,-0.7959,0.4261,0.9068
5330417C22Rik,5330417C22Rik,1.2653,0.0021,1.6533,0.0013,0.999,1
5330426P16Rik,5330426P16Rik,276.2604,0.1468,0.1612,0.9101,0.3628,0.8873
5430402O13Rik,5430402O13Rik,3.3465,0.7651,0.8166,0.937,0.3488,0.8829
5430403N17Rik,5430403N17Rik,1.0503,0.416,1.3866,0.3,0.7642,0.97
5430405H02Rik,5430405H02Rik,34.1977,0.1654,0.2965,0.5579,0.5769,0.9343
5430416N02Rik,5430416N02Rik,183.0048,0.2113,0.2841,0.7436,0.4571,0.9134
5430416O09Rik,5430416O09Rik,2.4183,-1.1028,0.8866,-1.2439,0.2135,0.8265
5430419D17Rik,5430419D17Rik,8.769,0.0286,0.5101,0.056,0.9553,0.9953
5430425K12Rik,5430425K12Rik,0.9501,-0.9512,1.4538,-0.6543,0.5129,0.9199
5430427O19Rik,5430427O19Rik,2.6351,-1.0192,1.0942,-0.9315,0.3516,0.8839
5430431A17Rik,5430431A17Rik,48.8282,-0.4385,0.5397,-0.8125,0.4165,0.9035
5530601H04Rik,5530601H04Rik,372.6774,-0.028,0.1056,-0.2655,0.7906,0.97
5730403I07Rik,5730403I07Rik,0.3158,0.6972,2.5723,0.271,0.7864,0.97
5730405O15Rik,5730405O15Rik,8.8097,0.2214,0.4866,0.4551,0.6491,0.9539
5730408K05Rik,5730408K05Rik,12.9578,0.1092,0.5753,0.1898,0.8495,0.9781
5730409E04Rik,5730409E04Rik,335.8769,0.1973,0.1288,1.5315,0.1256,0.7753
5730420D15Rik,5730420D15Rik,4.8042,0.901,0.6572,1.3709,0.1704,0.8059
5730422E09Rik,5730422E09Rik,1.4708,0.3058,1.2736,0.2401,0.8102,0.9736
5730435O14Rik,5730435O14Rik,2.5138,-0.707,0.8544,-0.8275,0.408,0.9033
5730455P16Rik,5730455P16Rik,1426.8944,-0.025,0.1441,-0.1737,0.8621,0.9806
5730480H06Rik,5730480H06Rik,15.2956,-0.0666,0.3754,-0.1773,0.8592,0.98
5730507C01Rik,5730507C01Rik,0.7241,1.6501,2.3145,0.7129,0.4759,0.9168
5730508B09Rik,5730508B09Rik,267.3095,-0.0263,0.1907,-0.1379,0.8903,0.9837
5730559C18Rik,5730559C18Rik,520.3154,-0.3431,0.2231,-1.538,0.124,0.7753
5830411N06Rik,5830411N06Rik,21.1226,-0.3934,0.4014,-0.98,0.3271,0.8755
5830415F09Rik,5830415F09Rik,113.1721,0.2626,0.1652,1.589,0.1121,0.7736
5830416P10Rik,5830416P10Rik,5.7473,-0.134,0.5907,-0.2269,0.8205,0.976
5830417I10Rik,5830417I10Rik,970.777,0.0054,0.1033,0.052,0.9586,0.9964
5830418P13Rik,5830418P13Rik,4.174,-0.4368,1.0208,-0.4279,0.6687,0.9568
5830428M24Rik,5830428M24Rik,0.9504,0.9537,1.5698,0.6075,0.5435,0.9283
5830432E09Rik,5830432E09Rik,8.3436,0.8591,0.6756,1.2717,0.2035,0.8262
5830454E08Rik,5830454E08Rik,7.2355,0.2577,0.6447,0.3996,0.6894,0.9623
5830473C10Rik,5830473C10Rik,5.4532,-0.231,0.7329,-0.3152,0.7526,0.9694
5930430L01Rik,5930430L01Rik,290.2639,-0.139,0.1141,-1.219,0.2229,0.8307
5930438M14Rik,5930438M14Rik,2.0057,-0.7534,1.031,-0.7308,0.4649,0.9157
6030408B16Rik,6030408B16Rik,0.6257,0.438,1.9617,0.2233,0.8233,0.9766
6030419C18Rik,6030419C18Rik,1898.6952,-0.3691,0.1703,-2.1676,0.0302,0.732
6030443J06Rik,6030443J06Rik,10.585,0.4664,0.4979,0.9367,0.3489,0.8829
6030458C11Rik,6030458C11Rik,1796.8528,-0.0416,0.1282,-0.3247,0.7454,0.9694
6030468B19Rik,6030468B19Rik,1.5636,-1.015,1.164,-0.872,0.3832,0.8935
6230400D17Rik,6230400D17Rik,20.5483,0.2048,0.3626,0.565,0.5721,0.9323
6330403A02Rik,6330403A02Rik,10.4065,-1.0455,0.8251,-1.2671,0.2051,0.8262
6330403K07Rik,6330403K07Rik,2.8097,-0.1209,0.8565,-0.1411,0.8878,0.9833
6330408A02Rik,6330408A02Rik,286.7129,-0.0298,0.1066,-0.2796,0.7797,0.97
6330409D20Rik,6330409D20Rik,0.4226,-2.2629,2.3008,-0.9835,0.3253,0.8747
6330415G19Rik,6330415G19Rik,9.0262,0.0938,0.4998,0.1876,0.8512,0.9788
6330416G13Rik,6330416G13Rik,952.9579,0.4023,0.2646,1.52,0.1285,0.7758
6330418K02Rik,6330418K02Rik,6.4786,-0.1335,0.5344,-0.2498,0.8027,0.9719
6330549D23Rik,6330549D23Rik,11.7329,-0.2931,0.5508,-0.5322,0.5946,0.9385
6430531B16Rik,6430531B16Rik,9.6447,0.2538,0.4899,0.5181,0.6044,0.941
6430548M08Rik,6430548M08Rik,1059.667,0.1955,0.1041,1.8787,0.0603,0.7456
6430550D23Rik,6430550D23Rik,14.3489,0.2525,0.4118,0.6132,0.5397,0.9281
6430562O15Rik,6430562O15Rik,4.0922,0.0822,0.6713,0.1224,0.9026,0.986
6430571L13Rik,6430571L13Rik,10.8849,-0.1193,0.4121,-0.2895,0.7722,0.97
6430573F11Rik,6430573F11Rik,0.5286,-0.4927,1.9752,-0.2495,0.803,0.9719
6530402F18Rik,6530402F18Rik,212.825,0.2687,0.2103,1.2776,0.2014,0.8261
6720483E21Rik,6720483E21Rik,2.7209,0.5115,0.8325,0.6144,0.539,0.9277
6720489N17Rik,6720489N17Rik,21.8456,-0.2471,0.3819,-0.6471,0.5176,0.9214
6820431F20Rik,6820431F20Rik,258.6448,-0.0012,0.2665,-0.0046,0.9963,1
8030423F21Rik,8030423F21Rik,2.4104,2.0675,1.362,1.518,0.129,0.7759
8030423J24Rik,8030423J24Rik,1.372,-0.2143,1.3122,-0.1634,0.8702,0.9818
8030462N17Rik,8030462N17Rik,642.583,-0.1095,0.144,-0.7602,0.4471,0.912
8430408G22Rik,8430408G22Rik,320.071,0.1537,0.3024,0.5084,0.6112,0.9419
8430419L09Rik,8430419L09Rik,550.2638,0.1871,0.1482,1.2626,0.2067,0.8262
8430423G03Rik,8430423G03Rik,14.0474,0.0047,0.3779,0.0125,0.99,1
8430426J06Rik,8430426J06Rik,4.0735,-0.0265,0.702,-0.0377,0.9699,0.999
8430429K09Rik,8430429K09Rik,68.9082,0.0155,0.202,0.0767,0.9388,0.9923
9030025P20Rik,9030025P20Rik,97.2075,0.1611,0.25,0.6443,0.5194,0.9219
9030404E10Rik,9030404E10Rik,1.4748,-0.8238,1.4498,-0.5683,0.5699,0.9317
9030612E09Rik,9030612E09Rik,4.5261,0.2047,0.7453,0.2747,0.7836,0.97
9030617O03Rik,9030617O03Rik,1211.3952,-0.1423,0.1304,-1.0911,0.2752,0.8588
9030624G23Rik,9030624G23Rik,2.7196,1.6959,1.0373,1.6349,0.1021,0.7679
9030624J02Rik,9030624J02Rik,3072.0389,0.1959,0.0883,2.2198,0.0264,0.732
9130008F23Rik,9130008F23Rik,67.2747,-0.0836,0.2025,-0.4129,0.6797,0.9612
9130011E15Rik,9130011E15Rik,867.3808,0.0829,0.0882,0.9399,0.3473,0.8828
9130019O22Rik,9130019O22Rik,107.6689,-0.0324,0.1523,-0.2127,0.8316,0.9774
9130019P16Rik,9130019P16Rik,26.3568,-0.2287,0.3944,-0.58,0.5619,0.9294
9130023H24Rik,9130023H24Rik,281.1468,0.0996,0.1071,0.9298,0.3525,0.8839
9130024F11Rik,9130024F11Rik,35.5474,-0.0846,0.2674,-0.3163,0.7518,0.9694
9130204L05Rik,9130204L05Rik,1.0513,1.064,1.5187,0.7006,0.4835,0.9168
9130221H12Rik,9130221H12Rik,154.1774,0.0823,0.196,0.4201,0.6744,0.9596
9130230L23Rik,9130230L23Rik,2.614,0.6714,0.866,0.7752,0.4382,0.9104
9130401M01Rik,9130401M01Rik,1266.4879,0.1432,0.147,0.9744,0.3299,0.8767
9230009I02Rik,9230009I02Rik,1.1534,-0.1012,1.3619,-0.0743,0.9407,0.9923
9230110C19Rik,9230110C19Rik,87.9641,0.3439,0.2187,1.5727,0.1158,0.7753
9230112J17Rik,9230112J17Rik,3.3652,0.6008,0.8463,0.7099,0.4778,0.9168
9230114K14Rik,9230114K14Rik,58.4152,-0.1362,0.272,-0.5008,0.6165,0.9427
9230116L04Rik,9230116L04Rik,0.9404,-0.1284,1.5408,-0.0833,0.9336,0.9923
9230116N13Rik,9230116N13Rik,14.3677,0.1469,0.4017,0.3657,0.7146,0.9662
9330020H09Rik,9330020H09Rik,53.9799,0.3038,0.3685,0.8246,0.4096,0.9033
9330102E08Rik,9330102E08Rik,137.1427,0.114,0.1884,0.6049,0.5453,0.9286
9330133O14Rik,9330133O14Rik,90.3241,0.1452,0.2746,0.5288,0.597,0.9393
9330136K24Rik,9330136K24Rik,29.6969,0.1766,0.3733,0.4731,0.6361,0.9487
9330151L19Rik,9330151L19Rik,96.6266,0.2979,0.3609,0.8254,0.4092,0.9033
9330159F19Rik,9330159F19Rik,294.5317,-0.0725,0.2884,-0.2515,0.8014,0.9719
9330159M07Rik,9330159M07Rik,60.3311,0.1939,0.2779,0.6978,0.4853,0.9168
9330162012Rik,9330162012Rik,2.8312,0.6975,0.9036,0.7719,0.4401,0.9112
9330175E14Rik,9330175E14Rik,1.6815,0.5526,1.1742,0.4706,0.6379,0.9487
9330175M20Rik,9330175M20Rik,2.7453,-0.2145,1.0636,-0.2017,0.8402,0.9775
9330179D12Rik,9330179D12Rik,1.8918,0.0864,1.2411,0.0696,0.9445,0.9934
9330182L06Rik,9330182L06Rik,1.2551,0.0046,1.2188,0.0037,0.997,1
9330188P03Rik,9330188P03Rik,1.2552,-0.5489,1.3376,-0.4104,0.6815,0.9619
9430015G10Rik,9430015G10Rik,626.2103,-0.2131,0.1119,-1.9048,0.0568,0.7377
9430016H08Rik,9430016H08Rik,707.4296,-0.0494,0.0938,-0.5264,0.5986,0.9398
9430018G01Rik,9430018G01Rik,20.3087,-0.1344,0.3529,-0.3808,0.7034,0.9638
9430020K01Rik,9430020K01Rik,4192.3688,-0.0378,0.0696,-0.5431,0.5871,0.9355
9430037G07Rik,9430037G07Rik,28.8566,-0.1236,0.3389,-0.3647,0.7154,0.9662
9430038I01Rik,9430038I01Rik,82.5133,0.0821,0.2111,0.3888,0.6974,0.9632
9430060I03Rik,9430060I03Rik,3.2324,0.5566,0.8037,0.6926,0.4886,0.9175
9430065F17Rik,9430065F17Rik,1.7853,-0.0306,1.1327,-0.027,0.9785,0.9995
9430069I07Rik,9430069I07Rik,1.6776,0.0034,1.0192,0.0033,0.9974,1
9430076C15Rik,9430076C15Rik,3.3704,-0.4883,0.8187,-0.5965,0.5509,0.929
9430078K24Rik,9430078K24Rik,5.2373,-0.945,0.6989,-1.3521,0.1763,0.8104
9430083A17Rik,9430083A17Rik,7.5748,-0.2993,0.6634,-0.4511,0.6519,0.9544
9430091E24Rik,9430091E24Rik,98.8868,-0.0616,0.2443,-0.2523,0.8008,0.9719
9530020I12Rik,9530020I12Rik,0.9375,1.2866,1.4928,0.8618,0.3888,0.8968
9530026P05Rik,9530026P05Rik,0.3158,-0.6835,2.573,-0.2657,0.7905,0.97
9530027J09Rik,9530027J09Rik,10.8837,0.4723,0.4536,1.0412,0.2978,0.8608
9530052E02Rik,9530052E02Rik,0.518,1.1804,2.3155,0.5098,0.6102,0.9416
9530053A07Rik,9530053A07Rik,45.386,0.0807,0.2515,0.3209,0.7483,0.9694
9530068E07Rik,9530068E07Rik,15552.6055,0.0399,0.0753,0.5301,0.5961,0.9389
9530077C05Rik,9530077C05Rik,86.1954,-0.0484,0.2092,-0.2313,0.8171,0.975
9530082P21Rik,9530082P21Rik,749.2622,0.1201,0.1203,0.9981,0.3182,0.8703
9530091C08Rik,9530091C08Rik,0.42,1.1773,2.423,0.4859,0.6271,0.9451
9630001P10Rik,9630001P10Rik,0.413,0.695,2.4257,0.2865,0.7745,0.97
9630013K17Rik,9630013K17Rik,6.5293,0.4115,1.1472,0.3587,0.7198,0.9674
9630028B13Rik,9630028B13Rik,0.5275,0.503,1.9761,0.2545,0.7991,0.9719
9630028H03Rik,9630028H03Rik,0.7404,-2.1361,1.8453,-1.1576,0.247,0.8426
9630028I04Rik,9630028I04Rik,17.9518,-0.6725,0.4258,-1.5793,0.1143,0.7749
9830132P13Rik,9830132P13Rik,3.0431,0.7328,0.952,0.7697,0.4415,0.9115
9830147E19Rik,9830147E19Rik,27.299,0.1701,0.2871,0.5925,0.5535,0.929
9930012K11Rik,9930012K11Rik,366.8393,-0.3067,0.2173,-1.4115,0.1581,0.8015
9930021J03Rik,9930021J03Rik,630.7765,0.1427,0.174,0.8198,0.4123,0.9033
9930104L06Rik,9930104L06Rik,578.8269,-0.0077,0.1873,-0.0409,0.9674,0.9987
9930111J21Rik1,9930111J21Rik1,6.8096,-0.1774,0.5666,-0.3131,0.7542,0.9694
9930111J21Rik2,9930111J21Rik2,2.4129,0.3276,0.909,0.3604,0.7185,0.9672
a,a,1.1501,-1.2621,1.4902,-0.8469,0.397,0.8991
A130010J15Rik,A130010J15Rik,562.4286,-0.0416,0.089,-0.467,0.6405,0.9498
A230020J21Rik,A230020J21Rik,0.4187,0.7832,2.4789,0.316,0.752,0.9694
A230028O05Rik,A230028O05Rik,8.997,-0.471,0.4596,-1.0247,0.3055,0.8643
A230046K03Rik,A230046K03Rik,2317.1232,0.1012,0.2247,0.4503,0.6525,0.9545
A230050P20Rik,A230050P20Rik,421.4676,0.1044,0.1769,0.5901,0.5551,0.929
A230056J06Rik,A230056J06Rik,2.9351,-0.1135,0.9834,-0.1154,0.9082,0.987
A230056P14Rik,A230056P14Rik,56.9531,-0.0592,0.2975,-0.1991,0.8422,0.9775
A230070E04Rik,A230070E04Rik,1.5659,-0.7972,1.1961,-0.6665,0.5051,0.9188
A230072C01Rik,A230072C01Rik,87.8695,0.094,0.2021,0.465,0.6419,0.9505
A230072E10Rik,A230072E10Rik,0.8381,1.1848,1.6971,0.6982,0.4851,0.9168
A230103J11Rik,A230103J11Rik,15.1755,0.4698,0.4051,1.1597,0.2462,0.8423
A230108P19Rik,A230108P19Rik,2.5911,-0.1133,1.0589,-0.107,0.9148,0.9874
A2m,A2m,0.5157,0.7794,2.3731,0.3284,0.7426,0.9694
A330009N23Rik,A330009N23Rik,12.6219,0.2237,0.4708,0.4752,0.6346,0.9478
A330015K06Rik,A330015K06Rik,1.8819,0.6192,1.0227,0.6055,0.5448,0.9285
A330023F24Rik,A330023F24Rik,24.7146,0.4657,0.4155,1.1208,0.2624,0.853
A330035P11Rik,A330035P11Rik,41.6857,-0.0175,0.2148,-0.0817,0.9349,0.9923
A330040F15Rik,A330040F15Rik,2.836,-0.2009,1.124,-0.1787,0.8581,0.9797
A330041J22Rik,A330041J22Rik,1.051,-0.2043,1.3467,-0.1517,0.8794,0.9823
A330069E16Rik,A330069E16Rik,24.0582,0.2749,0.2925,0.9399,0.3472,0.8828
A330074K22Rik,A330074K22Rik,220.8274,-0.1589,0.1836,-0.8657,0.3867,0.8952
A330076H08Rik,A330076H08Rik,0.827,-0.466,2.3585,-0.1976,0.8434,0.9775
A330102I10Rik,A330102I10Rik,7.7682,0.6821,0.7174,0.9507,0.3418,0.879
A3galt2,A3galt2,6.3086,-0.3444,0.695,-0.4956,0.6202,0.9436
A430005L14Rik,A430005L14Rik,608.0675,0.0171,0.1152,0.1485,0.8819,0.9824
A430033K04Rik,A430033K04Rik,192.9319,-0.3438,0.2355,-1.4598,0.1444,0.7928
A430035B10Rik,A430035B10Rik,9.5423,0.3121,0.4346,0.7181,0.4727,0.9168
A430046D13Rik,A430046D13Rik,101.8744,0.1614,0.1685,0.9579,0.3381,0.879
A430078I02Rik,A430078I02Rik,22.1702,-0.4872,0.4264,-1.1425,0.2532,0.8453
A430090L17Rik,A430090L17Rik,0.7297,-1.0124,1.5531,-0.6518,0.5145,0.9199
A430093F15Rik,A430093F15Rik,1.9863,0.6705,1.0054,0.6669,0.5048,0.9188
A430105I19Rik,A430105I19Rik,2385.0063,0.098,0.1048,0.9356,0.3495,0.8838
A4galt,A4galt,2374.4529,0.2923,0.1247,2.3431,0.0191,0.732
A4gnt,A4gnt,1.3712,-0.2133,1.1962,-0.1783,0.8585,0.9798
A530013C23Rik,A530013C23Rik,23.032,0.2395,0.2956,0.8104,0.4177,0.9047
A530016L24Rik,A530016L24Rik,1.8853,-0.1272,0.9872,-0.1289,0.8974,0.9854
A530032D15Rik,A530032D15Rik,13.2719,0.1363,0.7384,0.1846,0.8535,0.9789
A530046M15Rik,A530046M15Rik,6.1576,0.1852,0.759,0.2439,0.8073,0.9732
A530064D06Rik,A530064D06Rik,0.8393,1.3438,1.812,0.7416,0.4583,0.9139
A530072M11Rik,A530072M11Rik,25.3954,-0.0002,0.297,-0.0008,0.9994,1
A630001G21Rik,A630001G21Rik,1.7795,1.1094,1.5162,0.7317,0.4644,0.9157
A630020A06,A630020A06,0.6283,-0.4249,1.9607,-0.2167,0.8284,0.9769
A630023A22Rik,A630023A22Rik,19.0434,0.4503,0.4955,0.9089,0.3634,0.8873
A630033H20Rik,A630033H20Rik,306.1677,-0.1982,0.1899,-1.0439,0.2965,0.8608
A630066F11Rik,A630066F11Rik,11.3974,0.2743,0.43,0.6379,0.5236,0.9223
A630072M18Rik,A630072M18Rik,122.0107,0.0851,0.2186,0.3891,0.6972,0.9632
A630076J17Rik,A630076J17Rik,2.7104,-0.2475,1.0811,-0.2289,0.8189,0.9755
A630089N07Rik,A630089N07Rik,10.1158,-0.4085,0.4953,-0.8247,0.4095,0.9033
A630095N17Rik,A630095N17Rik,2.0913,0.4273,1.038,0.4116,0.6806,0.9614
A730004F24Rik,A730004F24Rik,1.2498,-0.2564,1.5286,-0.1678,0.8668,0.9817
A730017C20Rik,A730017C20Rik,0.3169,0.6974,2.5704,0.2713,0.7861,0.97
A730017L22Rik,A730017L22Rik,115.9985,0.2623,0.2022,1.2976,0.1944,0.8204
A730020E08Rik,A730020E08Rik,4.2856,-0.4544,0.7012,-0.6481,0.5169,0.9209
A730020M07Rik,A730020M07Rik,3.0404,-0.376,0.7895,-0.4762,0.6339,0.9475
A730036I17Rik,A730036I17Rik,0.8402,-0.2812,1.4756,-0.1906,0.8489,0.9781
A730043L09Rik,A730043L09Rik,2.1951,0.0369,0.9976,0.037,0.9705,0.999
A730056A06Rik,A730056A06Rik,64.2007,-0.3209,0.2784,-1.1525,0.2491,0.8438
A730090H04Rik,A730090H04Rik,0.6239,-0.6361,1.7486,-0.3638,0.716,0.9662
A730090N16Rik,A730090N16Rik,7.5398,-0.5368,0.503,-1.0672,0.2859,0.8606
A830009L08Rik,A830009L08Rik,0.7359,1.1815,1.9284,0.6127,0.5401,0.9281
A830010M20Rik,A830010M20Rik,131.3042,0.1683,0.2437,0.6907,0.4898,0.9181
A830052D11Rik,A830052D11Rik,4.5206,-0.1652,0.7172,-0.2304,0.8178,0.9752
A830080D01Rik,A830080D01Rik,232.052,-0.1074,0.2227,-0.4822,0.6297,0.9451
A830082K12Rik,A830082K12Rik,118.129,0.0664,0.2677,0.248,0.8041,0.9722
A830082N09Rik,A830082N09Rik,66.2232,0.071,0.3456,0.2054,0.8373,0.9774
A930001C03Rik,A930001C03Rik,12.6695,-0.3071,0.5559,-0.5524,0.5807,0.9352
A930003A15Rik,A930003A15Rik,149.156,-0.029,0.2259,-0.1285,0.8977,0.9854
A930003O13Rik,A930003O13Rik,0.6259,-1.7514,2.3344,-0.7503,0.4531,0.9122
A930004D18Rik,A930004D18Rik,70.2757,-0.413,0.236,-1.7499,0.0801,0.7572
A930005H10Rik,A930005H10Rik,174.3786,0.1476,0.1684,0.8765,0.3808,0.8935
A930006K02Rik,A930006K02Rik,5.5672,0.8018,0.7355,1.0902,0.2756,0.8588
A930007I19Rik,A930007I19Rik,9.4095,-0.0321,0.5405,-0.0594,0.9526,0.9944
A930012L18Rik,A930012L18Rik,2.9341,0.2287,0.9702,0.2357,0.8137,0.9745
A930013F10Rik,A930013F10Rik,37.136,-0.2385,0.3975,-0.6001,0.5484,0.9289
A930015D03Rik,A930015D03Rik,236.0604,-0.1131,0.1537,-0.7362,0.4616,0.9146
A930016O22Rik,A930016O22Rik,2.2015,-0.2486,0.972,-0.2557,0.7982,0.9719
A930017M01Rik,A930017M01Rik,0.5234,0.0997,2.4348,0.041,0.9673,0.9987
A930018P22Rik,A930018P22Rik,0.7376,0.389,1.601,0.243,0.808,0.9732
A930024E05Rik,A930024E05Rik,87.9279,0.1777,0.3289,0.5402,0.5891,0.9364
A930041C12Rik,A930041C12Rik,1.6835,0.7158,1.2191,0.5872,0.5571,0.929
AA413626,AA413626,6.2785,0.5101,0.5737,0.8891,0.374,0.893
AA414768,AA414768,511.2111,-0.4561,0.224,-2.0356,0.0418,0.732
AA415398,AA415398,46.3376,0.37,0.2994,1.2357,0.2166,0.8287
AA465934,AA465934,145.7329,0.0458,0.2756,0.1661,0.868,0.9818
AA467197,AA467197,26.4701,0.39,0.3706,1.0524,0.2926,0.8606
AA474331,AA474331,64.6449,0.076,0.2162,0.3516,0.7251,0.9689
AA543186,AA543186,12.5837,0.0609,0.4296,0.1417,0.8874,0.9833
AA986860,AA986860,125.4348,0.1317,0.1423,0.9257,0.3546,0.8849
Aaas,Aaas,1574.8076,-0.2518,0.1366,-1.8429,0.0653,0.7457
Aacs,Aacs,2544.6068,0.2082,0.171,1.2173,0.2235,0.8309
Aaed1,Aaed1,1148.3717,0.3621,0.2395,1.5121,0.1305,0.7771
Aagab,Aagab,1622.8507,-0.0133,0.0937,-0.1421,0.887,0.9833
Aak1,Aak1,2906.9771,-0.1065,0.1219,-0.8734,0.3824,0.8935
Aamdc,Aamdc,1026.096,-0.1848,0.2229,-0.8289,0.4072,0.9033
Aamp,Aamp,6978.4195,0.1449,0.1097,1.3208,0.1866,0.8161
Aar2,Aar2,1580.7312,0.089,0.1076,0.8273,0.4081,0.9033
Aars,Aars,9462.7567,0.3161,0.1576,2.0055,0.0449,0.7364
Aars2,Aars2,631.8283,-0.0165,0.1011,-0.163,0.8705,0.9818
Aarsd1,Aarsd1,925.4359,-0.0816,0.098,-0.833,0.4048,0.9033
Aasdh,Aasdh,436.7615,0.0649,0.1245,0.5213,0.6022,0.941
Aasdhppt,Aasdhppt,1359.0586,-0.0183,0.1107,-0.1648,0.8691,0.9818
Aass,Aass,0.413,0.695,2.4257,0.2865,0.7745,0.97
Aatf,Aatf,1448.6854,-0.0397,0.0718,-0.553,0.5802,0.9352
Aatk,Aatk,12.5983,-0.5985,0.4525,-1.3226,0.186,0.8161
AB124611,AB124611,46.1815,0.211,0.2868,0.7356,0.462,0.9148
Abat,Abat,19.8901,-0.9538,0.3879,-2.4587,0.0139,0.732
Abca1,Abca1,102.536,0.2634,0.2816,0.9354,0.3496,0.8839
Abca12,Abca12,2.0987,0.4638,1.2099,0.3833,0.7015,0.9635
Abca13,Abca13,9.1354,0.2528,0.4688,0.5392,0.5897,0.9364
Abca17,Abca17,0.9522,-1.6575,1.8059,-0.9178,0.3587,0.8861
Abca2,Abca2,1867.6063,0.2833,0.1042,2.7194,0.0065,0.732
Abca3,Abca3,737.4773,0.0227,0.089,0.2554,0.7984,0.9719
Abca4,Abca4,75.3101,0.508,0.3103,1.6374,0.1016,0.7679
Abca5,Abca5,1318.5648,-0.1482,0.2896,-0.5118,0.6088,0.9416
Abca6,Abca6,13.3155,-0.2877,0.4203,-0.6847,0.4935,0.9181
Abca7,Abca7,2375.7571,0.3865,0.1157,3.3415,0.0008,0.5459
Abca8a,Abca8a,37.9088,0.2685,0.3215,0.8349,0.4037,0.9033
Abca8b,Abca8b,297.8505,0.4027,0.2059,1.9554,0.0505,0.7364
Abca9,Abca9,123.4482,-0.3968,0.303,-1.3096,0.1903,0.8161
Abcb10,Abcb10,1054.0889,0.0463,0.0866,0.5343,0.5931,0.9385
Abcb11,Abcb11,0.413,0.695,2.4257,0.2865,0.7745,0.97
Abcb1a,Abcb1a,32.7164,0.6027,0.4905,1.2288,0.2191,0.8302
Abcb1b,Abcb1b,698.8552,0.0576,0.1962,0.2937,0.769,0.97
Abcb4,Abcb4,2.1008,0.6204,1.0754,0.5769,0.564,0.9297
Abcb6,Abcb6,1683.0138,0.2263,0.0688,3.2897,0.001,0.5459
Abcb7,Abcb7,815.0302,-0.1145,0.254,-0.451,0.652,0.9544
Abcb8,Abcb8,969.9364,0.0933,0.0883,1.0569,0.2906,0.8606
Abcb9,Abcb9,41.4643,0.0395,0.2353,0.1677,0.8669,0.9817
Abcc1,Abcc1,4824.6603,0.2409,0.1821,1.3231,0.1858,0.8161
Abcc10,Abcc10,247.7714,0.1082,0.1019,1.0619,0.2883,0.8606
Abcc12,Abcc12,6.4783,0.5175,0.5697,0.9083,0.3637,0.8873
Abcc3,Abcc3,2.7184,0.3671,1.0309,0.3562,0.7217,0.9684
Abcc4,Abcc4,789.6963,0.6664,0.4178,1.5952,0.1107,0.7736
Abcc5,Abcc5,2700.3753,0.0876,0.0978,0.8961,0.3702,0.8925
Abcc6,Abcc6,1.9774,0.8617,1.0434,0.8259,0.4089,0.9033
Abcc8,Abcc8,2.1007,0.3067,1.2475,0.2458,0.8058,0.9725
Abcc9,Abcc9,24.319,-0.4146,0.3365,-1.2323,0.2178,0.8301
Abcd1,Abcd1,1065.0434,-0.0249,0.0965,-0.258,0.7964,0.9713
Abcd2,Abcd2,340.5638,0.2248,0.223,1.0078,0.3136,0.8692
Abcd3,Abcd3,2660.4689,-0.0281,0.096,-0.2927,0.7697,0.97
Abcd4,Abcd4,1266.535,0.142,0.0889,1.5959,0.1105,0.7736
Abce1,Abce1,9812.015,-0.2373,0.1893,-1.2537,0.2099,0.8265
Abcf1,Abcf1,5222.7749,-0.087,0.0512,-1.6986,0.0894,0.764
Abcf2,Abcf2,5466.0977,0.0914,0.1176,0.7771,0.4371,0.9098
Abcf3,Abcf3,2263.6392,0.081,0.0891,0.909,0.3633,0.8873
Abcg1,Abcg1,201.0938,-0.5316,0.3207,-1.6576,0.0974,0.7669
Abcg2,Abcg2,2607.0417,-0.139,0.1319,-1.0545,0.2916,0.8606
Abcg4,Abcg4,47.3918,0.0399,0.2373,0.1681,0.8665,0.9815
Abcg5,Abcg5,0.3169,0.6974,2.5704,0.2713,0.7861,0.97
Abcg8,Abcg8,4.9351,-0.6328,0.669,-0.946,0.3442,0.8803
Abhd1,Abhd1,44.0943,-0.2876,0.3619,-0.7946,0.4269,0.907
Abhd10,Abhd10,435.6988,-0.0963,0.0978,-0.9841,0.3251,0.8746
Abhd11,Abhd11,626.4277,0.1937,0.1199,1.6158,0.1061,0.7713
Abhd11os,Abhd11os,6.0828,0.6696,0.6387,1.0483,0.2945,0.8606
Abhd12,Abhd12,2334.7629,0.2625,0.134,1.9586,0.0502,0.7364
Abhd13,Abhd13,1715.8105,-0.0402,0.0973,-0.4133,0.6794,0.9612
Abhd14a,Abhd14a,478.9176,0.0507,0.1315,0.3853,0.7,0.9635
Abhd14b,Abhd14b,177.0771,0.2104,0.1532,1.3734,0.1696,0.8054
Abhd15,Abhd15,45.1439,-0.2634,0.2617,-1.0063,0.3143,0.8692
Abhd16a,Abhd16a,1393.4985,0.0514,0.0961,0.5345,0.593,0.9385
Abhd16b,Abhd16b,1.9788,-0.6933,1.2109,-0.5726,0.5669,0.931
Abhd17a,Abhd17a,2003.2363,0.0562,0.0709,0.7925,0.4281,0.9072
Abhd17b,Abhd17b,1058.8626,-0.1359,0.1703,-0.7982,0.4247,0.9063
Abhd17c,Abhd17c,1683.4567,0.0142,0.0891,0.1599,0.873,0.9819
Abhd2,Abhd2,1103.195,-0.1055,0.0953,-1.1067,0.2684,0.8575
Abhd3,Abhd3,17.9241,0.1793,0.3255,0.5509,0.5817,0.9352
Abhd4,Abhd4,6407.3281,0.1526,0.1251,1.2193,0.2227,0.8307
Abhd5,Abhd5,1877.614,0.2439,0.1739,1.4023,0.1608,0.8037
Abhd6,Abhd6,675.7654,0.2393,0.0912,2.6231,0.0087,0.732
Abhd8,Abhd8,1956.1615,0.012,0.0852,0.1403,0.8884,0.9833
Abi1,Abi1,2788.7906,-0.0264,0.0978,-0.2702,0.787,0.97
Abi2,Abi2,1146.8421,-0.1284,0.1754,-0.7319,0.4642,0.9157
Abi3,Abi3,20.4605,0.7917,0.4961,1.5958,0.1105,0.7736
Abi3bp,Abi3bp,5.5868,-0.2177,0.6982,-0.3117,0.7553,0.9694
Abl1,Abl1,5145.1853,0.0086,0.0871,0.0984,0.9216,0.989
Abl2,Abl2,2434.6456,0.0692,0.0999,0.6931,0.4883,0.9173
Ablim1,Ablim1,9136.5335,-0.1629,0.1384,-1.1771,0.2392,0.84
Ablim2,Ablim2,175.0609,-0.2379,0.3311,-0.7187,0.4723,0.9168
Ablim3,Ablim3,608.5788,-0.6609,0.4932,-1.3399,0.1803,0.8126
Abr,Abr,7726.5995,0.1757,0.0825,2.1304,0.0331,0.732
Abra,Abra,394.7392,-0.5276,0.3934,-1.3411,0.1799,0.8123
Abracl,Abracl,2447.3628,-0.2851,0.1504,-1.8951,0.0581,0.7409
Abt1,Abt1,777.0783,0.0554,0.1076,0.5152,0.6064,0.9411
Abtb1,Abtb1,551.498,0.2793,0.1647,1.6954,0.09,0.7643
Abtb2,Abtb2,873.305,0.108,0.1307,0.8261,0.4088,0.9033
Acaa1a,Acaa1a,1605.5373,0.1759,0.1266,1.39,0.1645,0.8037
Acaa1b,Acaa1b,60.0358,0.0878,0.1945,0.4516,0.6516,0.9544
Acaa2,Acaa2,3892.0876,-0.0045,0.1058,-0.0421,0.9664,0.9985
Acaca,Acaca,2566.8597,0.2111,0.16,1.3192,0.1871,0.8161
Acacb,Acacb,62.2824,0.0461,0.2362,0.1952,0.8452,0.9776
Acad10,Acad10,222.839,0.2729,0.133,2.0526,0.0401,0.732
Acad11,Acad11,914.7694,0.174,0.0909,1.9147,0.0555,0.7377
Acad12,Acad12,137.856,0.3272,0.1474,2.2204,0.0264,0.732
Acad8,Acad8,947.4105,0.0093,0.1105,0.0839,0.9332,0.9921
Acad9,Acad9,1793.6972,-0.038,0.0724,-0.525,0.5996,0.9406
Acadl,Acadl,6480.5406,-0.1397,0.1462,-0.9552,0.3395,0.879
Acadm,Acadm,3507.2287,0.1408,0.1206,1.1672,0.2431,0.8408
Acads,Acads,2302.6025,0.0831,0.0758,1.0958,0.2732,0.8588
Acadsb,Acadsb,2476.1699,-0.0616,0.207,-0.2974,0.7662,0.97
Acadvl,Acadvl,4775.6754,-0.0936,0.1095,-0.8543,0.3929,0.8986
Acan,Acan,0.4139,-0.7723,2.4834,-0.311,0.7558,0.9694
Acap1,Acap1,18.4311,0.1084,0.3735,0.2902,0.7717,0.97
Acap2,Acap2,2301.5075,-0.1156,0.1838,-0.6291,0.5293,0.9237
Acap3,Acap3,1318.9768,-0.0992,0.1146,-0.8656,0.3867,0.8952
Acat1,Acat1,2361.9752,-0.3522,0.1616,-2.1798,0.0293,0.732
Acat2,Acat2,2195.3303,0.0836,0.1388,0.6023,0.547,0.9289
Acat3,Acat3,217.33,1.3263,0.8968,1.479,0.1391,0.7899
Acbd3,Acbd3,3297.4357,-0.1435,0.116,-1.2379,0.2158,0.8283
Acbd4,Acbd4,1019.8096,0.0123,0.0752,0.1638,0.8699,0.9818
Acbd5,Acbd5,1200.9613,-0.0586,0.2438,-0.2405,0.81,0.9736
Acbd6,Acbd6,1411.1842,0.1343,0.1029,1.3048,0.192,0.817
Acbd7,Acbd7,2.0882,0.109,0.9957,0.1095,0.9128,0.9874
Accs,Accs,338.5217,0.1,0.1005,0.9959,0.3193,0.8709
Accsl,Accsl,1.2618,0.3523,1.3007,0.2708,0.7865,0.97
Acd,Acd,784.1457,0.1667,0.1112,1.5,0.1336,0.7815
Ace,Ace,89.7353,0.1408,0.2982,0.4722,0.6368,0.9487
Acer1,Acer1,1.4761,0.756,1.4713,0.5138,0.6074,0.9411
Acer2,Acer2,9.2081,-0.1912,0.4467,-0.4279,0.6687,0.9568
Acer3,Acer3,473.9068,0.1351,0.1063,1.2707,0.2038,0.8262
Ache,Ache,86.8364,-0.0905,0.258,-0.3507,0.7258,0.9691
Acin1,Acin1,4999.9255,-0.1082,0.0691,-1.5666,0.1172,0.7753
Ackr2,Ackr2,1.1515,-0.094,1.3228,-0.0711,0.9433,0.9928
Ackr3,Ackr3,2586.6885,0.4474,0.2394,1.8686,0.0617,0.7456
Ackr4,Ackr4,80.6663,0.3415,0.1821,1.8756,0.0607,0.7456
Acly,Acly,6649.1165,0.1243,0.1168,1.0641,0.2873,0.8606
Acmsd,Acmsd,0.7353,1.0329,1.679,0.6152,0.5384,0.9276
Aco1,Aco1,2593.5208,0.0027,0.0795,0.0345,0.9725,0.999
Aco2,Aco2,15181.8414,-0.0262,0.1027,-0.255,0.7987,0.9719
Acot1,Acot1,429.4893,0.3983,0.1994,1.9973,0.0458,0.7364
Acot10,Acot10,4.8076,-0.2435,0.7981,-0.3051,0.7603,0.9699
Acot11,Acot11,232.1526,0.0595,0.1383,0.43,0.6672,0.9568
Acot12,Acot12,7.4121,-0.5595,0.7383,-0.7577,0.4486,0.912
Acot13,Acot13,989.38,0.3827,0.1483,2.5805,0.0099,0.732
Acot2,Acot2,574.174,0.8369,0.4308,1.9428,0.052,0.7364
Acot3,Acot3,1.5649,0.5431,1.1889,0.4568,0.6478,0.9535
Acot4,Acot4,47.3803,0.3587,0.36,0.9966,0.319,0.8709
Acot6,Acot6,130.9417,-0.0205,0.1362,-0.1504,0.8805,0.9823
Acot7,Acot7,2272.5568,-0.1151,0.0932,-1.2347,0.2169,0.8288
Acot8,Acot8,311.3195,0.089,0.1241,0.7172,0.4732,0.9168
Acot9,Acot9,4274.3263,-0.0156,0.0684,-0.2285,0.8192,0.9757
Acox1,Acox1,4620.9301,0.1561,0.0737,2.1185,0.0341,0.732
Acox2,Acox2,27.4722,0.3868,0.3061,1.2635,0.2064,0.8262
Acox3,Acox3,1512.0384,0.3424,0.1543,2.2193,0.0265,0.732
Acoxl,Acoxl,4.8054,0.5797,0.7195,0.8057,0.4204,0.905
Acp1,Acp1,1090.7086,-0.1724,0.0869,-1.9841,0.0472,0.7364
Acp2,Acp2,2429.8678,0.2502,0.1628,1.5373,0.1242,0.7753
Acp5,Acp5,10.0804,-0.3763,0.4589,-0.82,0.4122,0.9033
Acp6,Acp6,713.1939,0.2049,0.0849,2.4133,0.0158,0.732
Acpp,Acpp,2940.1612,0.0763,0.1394,0.5475,0.584,0.9355
Acrbp,Acrbp,48.5535,0.2916,0.2831,1.0301,0.303,0.8623
Acsbg1,Acsbg1,278.3869,0.0469,0.3419,0.1372,0.8909,0.9839
Acsbg2,Acsbg2,1.1584,1.2686,1.4915,0.8505,0.395,0.8989
Acsf2,Acsf2,603.32,-0.0239,0.0806,-0.2961,0.7672,0.97
Acsf3,Acsf3,356.3123,-0.0041,0.1278,-0.0324,0.9742,0.9992
Acsl1,Acsl1,891.0172,0.2357,0.1557,1.5133,0.1302,0.777
Acsl3,Acsl3,6892.2971,-0.118,0.1943,-0.607,0.5438,0.9283
Acsl4,Acsl4,3600.4258,-0.0246,0.2282,-0.1076,0.9143,0.9874
Acsl5,Acsl5,2361.0846,0.1078,0.1306,0.8249,0.4094,0.9033
Acsl6,Acsl6,708.0897,-0.3161,0.2952,-1.0706,0.2844,0.8606
Acsm3,Acsm3,5.3508,-1.0737,0.7228,-1.4854,0.1374,0.7871
Acss1,Acss1,0.7404,-2.1361,1.8453,-1.1576,0.247,0.8426
Acss2,Acss2,515.652,0.2328,0.1479,1.5739,0.1155,0.7753
Acss2os,Acss2os,0.631,0.7067,2.3614,0.2993,0.7647,0.97
Acss3,Acss3,4.6751,0.0845,0.8038,0.1051,0.9163,0.9879
Acta1,Acta1,81601.8949,-0.2147,0.2774,-0.7742,0.4388,0.9106
Acta2,Acta2,93080.6759,-0.5479,0.3545,-1.5456,0.1222,0.7753
Actb,Actb,78496.6206,-0.2449,0.1453,-1.6854,0.0919,0.7643
Actc1,Actc1,19952.5318,-0.5752,0.3856,-1.4918,0.1357,0.7839
Actg1,Actg1,56093.814,-0.1867,0.192,-0.9724,0.3308,0.8768
Actg2,Actg2,4071.2595,-0.7143,0.3375,-2.1161,0.0343,0.732
Actl10,Actl10,3.0307,-0.0269,0.8566,-0.0314,0.975,0.9992
Actl6a,Actl6a,2403.3395,-0.056,0.0741,-0.7563,0.4495,0.912
Actl6b,Actl6b,0.6292,-0.4271,1.9607,-0.2178,0.8276,0.9767
Actl7a,Actl7a,0.413,0.695,2.4257,0.2865,0.7745,0.97
Actl7b,Actl7b,0.5187,-1.3532,1.9905,-0.6798,0.4966,0.9181
Actn1,Actn1,15384.8351,-0.2421,0.1059,-2.2858,0.0223,0.732
Actn2,Actn2,1339.4276,-0.7345,0.7014,-1.0472,0.295,0.8606
Actn3,Actn3,11309.0637,-0.1054,0.2415,-0.4365,0.6625,0.9554
Actn4,Actn4,13095.3473,-0.2831,0.1409,-2.0097,0.0445,0.7364
Actr10,Actr10,4693.9992,-0.0344,0.0703,-0.4902,0.624,0.9451
Actr1a,Actr1a,7440.8409,0.0268,0.0871,0.308,0.758,0.9694
Actr1b,Actr1b,5161.5626,0.0635,0.091,0.6976,0.4854,0.9168
Actr2,Actr2,8016.0854,-0.2315,0.1549,-1.494,0.1352,0.7827
Actr3,Actr3,14450.8718,-0.0276,0.0715,-0.3852,0.7001,0.9635
Actr3b,Actr3b,97.7479,-0.3499,0.1827,-1.9154,0.0554,0.7377
Actr5,Actr5,293.7468,0.0589,0.1489,0.3953,0.6926,0.9623
Actr6,Actr6,560.8873,-0.0683,0.1058,-0.646,0.5183,0.9216
Actr8,Actr8,1755.8433,0.0437,0.0598,0.7311,0.4647,0.9157
Actrt3,Actrt3,0.3159,-0.6843,2.5726,-0.266,0.7903,0.97
Acvr1,Acvr1,3499.7647,0.1033,0.0997,1.0362,0.3001,0.8612
Acvr1b,Acvr1b,615.3036,0.3878,0.2259,1.7168,0.086,0.7626
Acvr1c,Acvr1c,0.3169,0.6972,2.5704,0.2712,0.7862,0.97
Acvr2a,Acvr2a,609.5135,0.1375,0.1592,0.864,0.3876,0.8952
Acvr2b,Acvr2b,18.8995,0.1411,0.3634,0.3884,0.6977,0.9633
Acvrl1,Acvrl1,74.4764,0.0773,0.2595,0.298,0.7657,0.97
Acy1,Acy1,313.9528,-0.0203,0.1145,-0.1773,0.8593,0.98
Acy3,Acy3,136.6447,0.0794,0.1632,0.4865,0.6266,0.9451
Acyp1,Acyp1,259.8095,0.1313,0.1098,1.1963,0.2316,0.8349
Acyp2,Acyp2,129.2947,-0.0075,0.2058,-0.0365,0.9709,0.999
Ada,Ada,138.0897,-0.2901,0.1542,-1.8805,0.06,0.7456
Adal,Adal,426.5173,0.0651,0.0845,0.7705,0.441,0.9113
Adam10,Adam10,3907.73,-0.071,0.1463,-0.485,0.6277,0.9451
Adam11,Adam11,36.8639,-0.0863,0.2495,-0.3459,0.7294,0.9694
Adam12,Adam12,1554.1701,-0.8589,0.3306,-2.5983,0.0094,0.732
Adam15,Adam15,2979.4425,0.2246,0.1545,1.4544,0.1458,0.7928
Adam17,Adam17,4155.0437,0.2386,0.1246,1.9157,0.0554,0.7377
Adam19,Adam19,5173.2934,-0.1826,0.1313,-1.3901,0.1645,0.8037
Adam1a,Adam1a,70.1495,-0.2524,0.2058,-1.2268,0.2199,0.8302
Adam21,Adam21,5.9722,-0.7397,0.5816,-1.2718,0.2035,0.8262
Adam22,Adam22,11.7227,-0.0745,0.4427,-0.1682,0.8664,0.9815
Adam23,Adam23,731.4713,0.0449,0.1707,0.2631,0.7925,0.9702
Adam32,Adam32,4.6183,0.1532,0.6803,0.2251,0.8219,0.9763
Adam33,Adam33,0.4185,0.7875,2.4803,0.3175,0.7509,0.9694
Adam4,Adam4,5.6723,-0.7206,0.6819,-1.0567,0.2906,0.8606
Adam5,Adam5,65.6233,-0.4971,0.2897,-1.7158,0.0862,0.763
Adam8,Adam8,276.5802,-0.1903,0.2562,-0.7427,0.4577,0.9137
Adam9,Adam9,7460.2069,0.1136,0.1307,0.869,0.3849,0.8941
Adamts1,Adamts1,1594.0689,0.0118,0.1267,0.0934,0.9256,0.9905
Adamts10,Adamts10,560.7783,-0.321,0.2269,-1.4148,0.1571,0.8015
Adamts12,Adamts12,754.6803,-0.7126,0.3659,-1.9478,0.0514,0.7364
Adamts13,Adamts13,0.6159,-0.2868,2.474,-0.1159,0.9077,0.987
Adamts14,Adamts14,2408.6002,-0.0927,0.1514,-0.6127,0.5401,0.9281
Adamts15,Adamts15,58.7237,0.5963,0.3865,1.5428,0.1229,0.7753
Adamts16,Adamts16,981.9864,-0.9531,0.4833,-1.9721,0.0486,0.7364
Adamts17,Adamts17,10.4182,-0.5858,0.6315,-0.9276,0.3536,0.8843
Adamts2,Adamts2,4661.3969,-0.061,0.0941,-0.6476,0.5172,0.9212
Adamts20,Adamts20,0.8366,1.1601,1.6426,0.7062,0.48,0.9168
Adamts3,Adamts3,147.6429,-0.3701,0.1841,-2.01,0.0444,0.7364
Adamts4,Adamts4,3857.7596,0.1168,0.0578,2.0194,0.0435,0.7364
Adamts5,Adamts5,2941.2041,0.2685,0.1702,1.5776,0.1147,0.7749
Adamts6,Adamts6,973.1882,-0.2889,0.2117,-1.3647,0.1724,0.8069
Adamts7,Adamts7,5914.27,0.4474,0.1578,2.8341,0.0046,0.732
Adamts8,Adamts8,5.2583,0.2713,0.6733,0.403,0.687,0.9623
Adamts9,Adamts9,30.743,-0.5189,0.337,-1.5399,0.1236,0.7753
Adamtsl1,Adamtsl1,329.2712,0.0021,0.1051,0.0198,0.9842,1
Adamtsl2,Adamtsl2,352.7751,-0.7793,0.7954,-0.9798,0.3272,0.8756
Adamtsl3,Adamtsl3,1678.2818,-0.5022,0.2078,-2.4168,0.0157,0.732
Adamtsl4,Adamtsl4,925.8453,-0.2187,0.14,-1.562,0.1183,0.7753
Adamtsl5,Adamtsl5,2081.1201,0.3468,0.1181,2.9357,0.0033,0.732
Adap1,Adap1,3.2154,0.1887,1.2908,0.1462,0.8838,0.9825
Adap2,Adap2,5.6704,0.2595,0.712,0.3644,0.7155,0.9662
Adar,Adar,1787.3321,0.1303,0.1314,0.9912,0.3216,0.873
Adarb1,Adarb1,2420.5887,-0.2351,0.0753,-3.1241,0.0018,0.6631
Adat1,Adat1,204.7744,0.0074,0.1477,0.0501,0.9601,0.9969
Adat2,Adat2,263.9931,0.1084,0.1175,0.9227,0.3562,0.8853
Adat3,Adat3,127.4083,-0.0745,0.1317,-0.5659,0.5715,0.9321
Adck1,Adck1,2096.9326,0.3948,0.2596,1.5212,0.1282,0.7758
Adck2,Adck2,488.543,0.1241,0.1275,0.9733,0.3304,0.8768
Adck3,Adck3,1299.4112,-0.2342,0.2785,-0.8411,0.4003,0.9014
Adck4,Adck4,691.4252,0.0931,0.0879,1.0592,0.2895,0.8606
Adck5,Adck5,935.0402,0.1992,0.1348,1.4775,0.1395,0.7903
Adcy1,Adcy1,7.5465,-0.4917,0.6543,-0.7515,0.4523,0.9121
Adcy10,Adcy10,1.2671,-0.9769,1.7285,-0.5652,0.572,0.9323
Adcy3,Adcy3,765.2338,0.0909,0.0944,0.9626,0.3358,0.8778
Adcy4,Adcy4,12.4285,0.8739,0.5787,1.5101,0.131,0.7771
Adcy5,Adcy5,2.8182,-0.2007,0.8821,-0.2275,0.82,0.9758
Adcy6,Adcy6,4545.6742,0.074,0.0931,0.7949,0.4267,0.907
Adcy7,Adcy7,14559.0267,-0.4258,0.2312,-1.8417,0.0655,0.7457
Adcy8,Adcy8,7.3163,-0.671,0.5389,-1.245,0.2131,0.8265
Adcy9,Adcy9,908.5245,0.1303,0.081,1.609,0.1076,0.7718
Adcyap1r1,Adcyap1r1,6.0762,0.3697,0.5453,0.678,0.4978,0.9181
Add1,Add1,9915.8199,0.0427,0.0753,0.567,0.5707,0.9319
Add2,Add2,63.7457,0.093,0.2509,0.3707,0.7109,0.9662
Add3,Add3,708.7407,0.2728,0.134,2.0357,0.0418,0.732
Adgb,Adgb,1.9952,0.5555,1.1118,0.4996,0.6174,0.9428
Adgra1,Adgra1,8.2209,-0.7655,0.6153,-1.244,0.2135,0.8265
Adgra2,Adgra2,2987.2561,-0.051,0.0809,-0.6306,0.5283,0.9237
Adgra3,Adgra3,3443.4639,0.149,0.1136,1.3124,0.1894,0.8161
Adgrb1,Adgrb1,0.5198,-0.0594,2.0354,-0.0292,0.9767,0.9992
Adgrb2,Adgrb2,7.8566,-0.6589,0.5642,-1.1677,0.2429,0.8407
Adgrd1,Adgrd1,25.0891,1.2518,0.3909,3.2023,0.0014,0.6164
Adgre5,Adgre5,8895.6739,-0.1142,0.1771,-0.6448,0.519,0.9219
Adgrf1,Adgrf1,0.5276,-0.5004,1.7514,-0.2857,0.7751,0.97
Adgrf2,Adgrf2,1.4725,-0.5547,1.2671,-0.4378,0.6615,0.955
Adgrf3,Adgrf3,12.8992,-0.1856,0.461,-0.4027,0.6871,0.9623
Adgrf4,Adgrf4,23.2756,-0.2737,0.3317,-0.8252,0.4092,0.9033
Adgrf5,Adgrf5,39.0829,-0.511,0.4848,-1.0539,0.2919,0.8606
Adgrg1,Adgrg1,769.6485,-0.4149,0.2974,-1.3949,0.163,0.8037
Adgrg2,Adgrg2,248.079,0.0697,0.1865,0.3737,0.7086,0.9661
Adgrg3,Adgrg3,628.7017,-0.0803,0.1997,-0.402,0.6877,0.9623
Adgrg5,Adgrg5,6.8122,-0.6943,0.5211,-1.3325,0.1827,0.8131
Adgrg6,Adgrg6,1724.6628,-0.2253,0.2231,-1.0098,0.3126,0.8685
Adgrl1,Adgrl1,3784.0545,-0.2436,0.1404,-1.7351,0.0827,0.7572
Adgrl2,Adgrl2,3170.0711,0.1253,0.1637,0.7655,0.444,0.9118
Adgrl3,Adgrl3,568.2557,-0.4947,0.3471,-1.425,0.1541,0.7999
Adgrl4,Adgrl4,64.2587,-0.5937,0.3068,-1.9353,0.053,0.7364
Adgrv1,Adgrv1,1.881,-0.2495,1.1349,-0.2198,0.826,0.9766
Adh1,Adh1,112.1277,0.5455,0.2158,2.5283,0.0115,0.732
Adh5,Adh5,4055.6895,0.1189,0.107,1.1109,0.2666,0.8551
Adh7,Adh7,693.9209,0.3868,0.2024,1.911,0.056,0.7377
Adhfe1,Adhfe1,21.132,0.6148,0.3725,1.6503,0.0989,0.7669
Adi1,Adi1,1000.8231,0.2588,0.15,1.7251,0.0845,0.7604
Adipoq,Adipoq,1.0437,0.0025,1.6051,0.0016,0.9987,1
Adipor1,Adipor1,7093.8292,0.1683,0.0857,1.963,0.0497,0.7364
Adipor2,Adipor2,3678.2722,0.1827,0.118,1.5489,0.1214,0.7753
Adk,Adk,2570.7072,-0.1205,0.0764,-1.578,0.1146,0.7749
Adm,Adm,505.16,1.2315,0.7327,1.6808,0.0928,0.7643
Adm2,Adm2,123.0258,1.4276,0.6336,2.2531,0.0243,0.732
Adnp,Adnp,48.2066,-0.0496,0.2449,-0.2025,0.8395,0.9775
Adnp2,Adnp2,1414.9021,0.0657,0.0624,1.0522,0.2927,0.8606
Ado,Ado,2586.8998,-0.0487,0.0503,-0.9685,0.3328,0.8778
Adora1,Adora1,101.9288,-0.5018,0.4116,-1.2192,0.2228,0.8307
Adora2a,Adora2a,46.0093,-0.1866,0.361,-0.5168,0.6053,0.941
Adora2b,Adora2b,553.384,0.8347,0.3617,2.3079,0.021,0.732
Adpgk,Adpgk,1604.5408,0.1538,0.1699,0.9057,0.3651,0.8886
Adprh,Adprh,4519.1536,0.0844,0.0845,0.9982,0.3182,0.8703
Adprhl1,Adprhl1,210.3786,-0.1633,0.3138,-0.5204,0.6028,0.941
Adprhl2,Adprhl2,798.6576,0.0325,0.0964,0.3366,0.7364,0.9694
Adprm,Adprm,653.4837,0.0762,0.125,0.61,0.5418,0.9283
Adra1b,Adra1b,66.5249,0.1139,0.2673,0.4263,0.6699,0.9578
Adra1d,Adra1d,166.8171,-0.4784,0.2726,-1.7548,0.0793,0.7572
Adra2a,Adra2a,2.7012,-0.3203,1.1469,-0.2793,0.78,0.97
Adrb1,Adrb1,12.16,0.2859,0.4303,0.6645,0.5064,0.9188
Adrb2,Adrb2,589.4575,-0.2974,0.221,-1.3456,0.1784,0.8123
Adrbk1,Adrbk1,3280.1348,0.0658,0.0988,0.6662,0.5053,0.9188
Adrm1,Adrm1,3860.5852,0.0208,0.0882,0.2364,0.8131,0.9744
Adsl,Adsl,2693.9109,0.0065,0.0784,0.083,0.9339,0.9923
Adss,Adss,2903.4722,-0.1359,0.0838,-1.6205,0.1051,0.7696
Adssl1,Adssl1,3265.4332,-0.0723,0.1819,-0.3976,0.6909,0.9623
Adtrp,Adtrp,0.5276,-0.5004,1.7514,-0.2857,0.7751,0.97
Aebp1,Aebp1,44263.2438,0.2832,0.1558,1.8172,0.0692,0.7507
Aebp2,Aebp2,3663.9321,-0.1785,0.1259,-1.4176,0.1563,0.8015
Aen,Aen,1745.9443,0.0326,0.11,0.2962,0.767,0.97
Aes,Aes,11268.6915,0.0933,0.082,1.1385,0.2549,0.8459
AF357399,AF357399,14.2831,-0.1826,0.5486,-0.3328,0.7393,0.9694
AF529169,AF529169,0.9318,-1.4717,1.8328,-0.803,0.422,0.906
Afap1,Afap1,3530.931,-0.0144,0.0759,-0.1895,0.8497,0.9781
Afap1l1,Afap1l1,935.7508,-0.5152,0.3838,-1.3421,0.1796,0.8123
Afap1l2,Afap1l2,1727.3855,-0.0755,0.0964,-0.7824,0.434,0.9089
Aff1,Aff1,2744.2633,0.0216,0.0794,0.2721,0.7856,0.97
Aff2,Aff2,1.0571,-1.1545,1.7519,-0.659,0.5099,0.9195
Aff3,Aff3,104.0106,-0.9046,0.3222,-2.8073,0.005,0.732
Aff4,Aff4,5972.2134,-0.0766,0.2051,-0.3738,0.7086,0.9661
Afg3l1,Afg3l1,2498.585,0.1143,0.0875,1.3063,0.1915,0.8163
Afg3l2,Afg3l2,3965.8411,0.3174,0.2065,1.5369,0.1243,0.7753
Afmid,Afmid,245.8652,-0.0711,0.1408,-0.505,0.6136,0.9425
Afp,Afp,1.3629,0.4398,1.2848,0.3423,0.7321,0.9694
Aftph,Aftph,1342.9821,-0.0246,0.1475,-0.1667,0.8676,0.9818
Aga,Aga,2293.024,0.2733,0.1476,1.852,0.064,0.7457
Agap1,Agap1,2729.5698,0.106,0.1568,0.6762,0.4989,0.9181
Agap2,Agap2,73.2206,-0.3473,0.2718,-1.2777,0.2014,0.8261
Agap3,Agap3,3136.9525,0.1181,0.0981,1.2049,0.2282,0.8326
Agbl2,Agbl2,1.3742,-1.6629,1.5163,-1.0967,0.2728,0.8588
Agbl3,Agbl3,128.6398,-0.1328,0.1479,-0.8976,0.3694,0.8925
Agbl5,Agbl5,205.9432,0.0268,0.1298,0.2064,0.8364,0.9774
Ager,Ager,12.3587,-0.2257,0.393,-0.5743,0.5658,0.9302
Agfg1,Agfg1,2003.5142,0.0277,0.0973,0.2849,0.7757,0.97
Agfg2,Agfg2,605.2443,-0.0733,0.0818,-0.8957,0.3704,0.8928
Aggf1,Aggf1,2063.8868,-0.136,0.1191,-1.1416,0.2536,0.8453
Agk,Agk,752.0977,0.0224,0.1288,0.1741,0.8618,0.9805
Agl,Agl,4035.7969,-0.0557,0.1391,-0.4002,0.689,0.9623
Agmat,Agmat,53.5383,-0.0936,0.2911,-0.3215,0.7478,0.9694
Agmo,Agmo,1.8739,-0.7377,1.0647,-0.6929,0.4884,0.9173
Ago1,Ago1,2382.7716,0.0862,0.0862,0.9995,0.3176,0.8702
Ago2,Ago2,2456.6871,-0.0956,0.1724,-0.5543,0.5793,0.935
Ago3,Ago3,204.4303,-0.1869,0.2736,-0.683,0.4946,0.9181
Ago4,Ago4,182.7795,-0.1434,0.1441,-0.9953,0.3196,0.8709
Agpat1,Agpat1,2769.9893,0.2013,0.1057,1.9041,0.0569,0.7377
Agpat2,Agpat2,951.3473,0.263,0.1497,1.7561,0.0791,0.7572
Agpat3,Agpat3,5311.7837,0.181,0.0683,2.6485,0.0081,0.732
Agpat4,Agpat4,1385.1196,0.0894,0.0902,0.9912,0.3216,0.873
Agpat5,Agpat5,1620.4927,0.0221,0.0567,0.3908,0.696,0.9626
Agpat6,Agpat6,4661.7239,0.1176,0.0715,1.6453,0.0999,0.7669
Agpat9,Agpat9,264.8946,0.5212,0.3237,1.6102,0.1074,0.7715
Agps,Agps,2706.2727,-0.2504,0.2295,-1.0911,0.2752,0.8588
Agrn,Agrn,2717.1161,0.0094,0.1177,0.08,0.9363,0.9923
Agrp,Agrp,8.6962,0.4011,0.4727,0.8487,0.3961,0.8991
Agt,Agt,2.1881,-0.4611,0.9748,-0.4731,0.6362,0.9487
Agtpbp1,Agtpbp1,1222.9913,-0.1411,0.1793,-0.7872,0.4312,0.9081
Agtr1a,Agtr1a,0.5227,1.3644,1.9893,0.6859,0.4928,0.9181
Agtrap,Agtrap,1097.3609,0.3321,0.1567,2.1199,0.034,0.732
Agxt,Agxt,0.9412,-1.5614,1.4688,-1.063,0.2878,0.8606
Agxt2,Agxt2,1.561,-0.5218,1.1048,-0.4723,0.6367,0.9487
Ahctf1,Ahctf1,2539.2647,-0.174,0.1778,-0.9787,0.3277,0.8756
Ahcy,Ahcy,1851.6962,-0.1106,0.1269,-0.8714,0.3835,0.8935
Ahcyl1,Ahcyl1,8495.3504,-0.1371,0.0742,-1.8473,0.0647,0.7457
Ahcyl2,Ahcyl2,1158.0062,0.0199,0.082,0.2428,0.8082,0.9732
Ahdc1,Ahdc1,2236.7311,-0.203,0.1511,-1.343,0.1793,0.8123
Ahi1,Ahi1,765.2793,-0.1686,0.0772,-2.183,0.029,0.732
Ahnak,Ahnak,25539.8696,-0.1122,0.1375,-0.816,0.4145,0.9033
Ahr,Ahr,1570.0088,-0.0511,0.1666,-0.3066,0.7592,0.9694
Ahrr,Ahrr,294.3775,0.3484,0.242,1.4393,0.1501,0.7968
Ahsa1,Ahsa1,6271.0622,0.0954,0.1211,0.7879,0.4307,0.9081
Ahsa2,Ahsa2,1793.2168,-0.2417,0.1844,-1.3107,0.19,0.8161
Ahsg,Ahsg,4.5081,0.499,0.7845,0.6361,0.5247,0.9223
AI115009,AI115009,0.5282,-2.5789,2.2194,-1.1619,0.2453,0.8421
AI182371,AI182371,2.308,0.2002,0.9718,0.2061,0.8368,0.9774
AI197445,AI197445,6.5007,-0.171,0.5301,-0.3226,0.747,0.9694
AI314180,AI314180,3921.5718,-0.0333,0.1327,-0.2513,0.8015,0.9719
AI317395,AI317395,6.9095,0.7379,0.5368,1.3746,0.1693,0.8052
AI413582,AI413582,399.3065,0.7614,0.3532,2.1556,0.0311,0.732
AI414108,AI414108,10.1297,-0.5167,0.4426,-1.1674,0.2431,0.8408
AI429214,AI429214,229.0778,0.2182,0.158,1.381,0.1673,0.8045
AI450353,AI450353,29.7591,-0.1167,0.3306,-0.3531,0.724,0.9689
AI464131,AI464131,2069.5654,-0.1588,0.209,-0.7599,0.4473,0.912
AI467606,AI467606,1617.5263,0.0914,0.1006,0.9088,0.3634,0.8873
AI504432,AI504432,8.6968,0.295,0.4865,0.6063,0.5443,0.9284
AI506816,AI506816,523.7772,-0.2272,0.2543,-0.8932,0.3717,0.893
AI597479,AI597479,2088.9153,-0.05,0.0847,-0.5906,0.5548,0.929
AI607873,AI607873,42.7302,0.9287,0.5068,1.8325,0.0669,0.7457
AI661453,AI661453,21.6556,-0.33,0.3003,-1.0986,0.2719,0.8588
AI662270,AI662270,26.4848,0.1114,0.2915,0.3822,0.7023,0.9637
AI837181,AI837181,2325.3389,0.0803,0.1004,0.8,0.4237,0.906
AI839979,AI839979,107.4496,-0.0236,0.2064,-0.1143,0.909,0.987
AI846148,AI846148,1024.652,-0.0735,0.0732,-1.0043,0.3152,0.8693
AI847159,AI847159,0.7307,-1.0267,1.6787,-0.6116,0.5408,0.9281
AI854703,AI854703,1.0503,1.0661,1.5186,0.702,0.4827,0.9168
AI987944,AI987944,215.8993,-0.0555,0.2699,-0.2057,0.837,0.9774
Aicda,Aicda,7.5286,1.181,0.8665,1.363,0.1729,0.807
Aida,Aida,3547.8151,-0.2109,0.132,-1.5973,0.1102,0.7736
Aif1,Aif1,4.0705,-0.0822,0.7176,-0.1146,0.9088,0.987
Aif1l,Aif1l,8609.7157,-0.0734,0.1389,-0.5288,0.5969,0.9393
Aifm1,Aifm1,2353.7586,-0.0758,0.0862,-0.8795,0.3791,0.8935
Aifm2,Aifm2,1074.4273,0.2495,0.1327,1.8797,0.0602,0.7456
Aifm3,Aifm3,0.7309,-0.1679,1.9068,-0.088,0.9298,0.9917
Aig1,Aig1,394.7576,0.9746,0.419,2.3261,0.02,0.732
Aim1,Aim1,1310.9331,-0.4048,0.1502,-2.6956,0.007,0.732
Aim1l,Aim1l,68.35,0.1165,0.1918,0.6075,0.5435,0.9283
Aim2,Aim2,63.1061,-0.4965,0.4627,-1.073,0.2833,0.8606
Aimp1,Aimp1,2470.5497,-0.0063,0.0584,-0.1075,0.9144,0.9874
Aimp2,Aimp2,1579.0462,-0.048,0.0804,-0.5971,0.5504,0.929
Aip,Aip,3498.9437,0.0918,0.0949,0.967,0.3335,0.8778
Aipl1,Aipl1,8.2975,-0.0158,0.6014,-0.0263,0.979,0.9999
Aire,Aire,8.2611,-1.0999,0.5096,-2.1585,0.0309,0.732
Airn,Airn,43.6981,0.1081,0.2746,0.3937,0.6938,0.9623
Ajuba,Ajuba,3145.2901,-0.2946,0.185,-1.5921,0.1114,0.7736
AK010878,AK010878,111.1433,0.086,0.1511,0.5695,0.569,0.9313
Ak1,Ak1,7120.9638,-0.0212,0.0833,-0.2548,0.7989,0.9719
Ak2,Ak2,2638.8115,-0.0715,0.074,-0.9664,0.3338,0.8778
Ak3,Ak3,3716.3427,-0.0989,0.0687,-1.4395,0.15,0.7968
Ak4,Ak4,1147.4689,0.788,0.3728,2.1139,0.0345,0.732
Ak5,Ak5,83.7365,0.0674,0.166,0.4063,0.6845,0.9623
Ak6,Ak6,678.0287,-0.0299,0.1351,-0.2216,0.8247,0.9766
Ak8,Ak8,4.3963,-0.1501,0.6413,-0.234,0.815,0.9748
Akap1,Akap1,2740.917,0.1478,0.1415,1.0445,0.2962,0.8607
Akap10,Akap10,869.7702,0.0052,0.0997,0.0526,0.9581,0.9963
Akap11,Akap11,2288.1607,-0.1894,0.2657,-0.7127,0.476,0.9168
Akap12,Akap12,971.3469,-0.3362,0.2231,-1.5067,0.1319,0.7771
Akap13,Akap13,4359.5082,-0.0731,0.1407,-0.5196,0.6033,0.941
Akap14,Akap14,0.5243,0.0885,2.433,0.0364,0.971,0.999
Akap17b,Akap17b,204.4645,-0.0557,0.2652,-0.2099,0.8338,0.9774
Akap5,Akap5,6.3873,0.0494,0.574,0.086,0.9314,0.9921
Akap6,Akap6,2006.8159,-0.1299,0.3184,-0.408,0.6833,0.9622
Akap7,Akap7,707.7775,0.3371,0.2382,1.4151,0.1571,0.8015
Akap8,Akap8,2601.5556,-0.0654,0.0755,-0.8667,0.3861,0.8952
Akap8l,Akap8l,977.5125,0.0382,0.1081,0.3536,0.7237,0.9688
Akap9,Akap9,565.5091,0.093,0.1814,0.5125,0.6083,0.9415
Akip1,Akip1,142.4526,-0.127,0.1511,-0.8404,0.4007,0.9017
Akirin1,Akirin1,4776.8509,-0.0638,0.0828,-0.7711,0.4407,0.9112
Akirin2,Akirin2,2901.2006,0.0215,0.0665,0.323,0.7467,0.9694
Akna,Akna,302.1467,0.6242,0.3147,1.9832,0.0473,0.7364
Aknad1,Aknad1,29.3023,-0.2139,0.3543,-0.6037,0.546,0.9289
Akp3,Akp3,0.9345,-0.7152,1.8571,-0.3851,0.7002,0.9635
Akr1a1,Akr1a1,20394.4769,0.029,0.0842,0.3442,0.7307,0.9694
Akr1b10,Akr1b10,777.2551,-0.0179,0.0975,-0.1835,0.8544,0.9794
Akr1b7,Akr1b7,15.075,0.4994,0.435,1.1481,0.2509,0.8443
Akr1b8,Akr1b8,4900.5997,-0.0936,0.1136,-0.8242,0.4098,0.9033
Akr1c12,Akr1c12,48.3491,-0.187,0.3076,-0.6079,0.5432,0.9283
Akr1c13,Akr1c13,309.2115,0.1221,0.1895,0.6447,0.5191,0.9219
Akr1c14,Akr1c14,263.6106,0.127,0.3577,0.3551,0.7225,0.9684
Akr1c21,Akr1c21,0.4193,0.7875,2.4792,0.3176,0.7508,0.9694
Akr1cl,Akr1cl,1.3632,-0.1026,1.3564,-0.0757,0.9397,0.9923
Akr1e1,Akr1e1,358.5229,-0.078,0.1388,-0.5618,0.5742,0.9328
Akr7a5,Akr7a5,968.8177,0.2354,0.1425,1.652,0.0985,0.7669
Akt1,Akt1,12639.6885,-0.0025,0.0758,-0.0334,0.9733,0.999
Akt1s1,Akt1s1,2339.38,0.1544,0.1022,1.511,0.1308,0.7771
Akt2,Akt2,6895.3447,-0.0462,0.0935,-0.4943,0.6211,0.9436
Akt3,Akt3,1859.6076,-0.1538,0.144,-1.0681,0.2855,0.8606
Aktip,Aktip,2735.3422,0.0588,0.078,0.7543,0.4507,0.9121
Alad,Alad,1632.7632,0.0322,0.105,0.3065,0.7592,0.9694
Alas1,Alas1,2163.5834,-0.0195,0.0983,-0.1987,0.8425,0.9775
Alas2,Alas2,6.4861,0.4632,0.5504,0.8416,0.4,0.9013
Alb,Alb,36.8319,-0.0001,0.2569,-0.0003,0.9998,1
Alcam,Alcam,691.0165,-0.1477,0.189,-0.7818,0.4343,0.9089
Aldh16a1,Aldh16a1,760.9577,0.153,0.1151,1.3288,0.1839,0.8137
Aldh18a1,Aldh18a1,4361.8472,0.2127,0.1048,2.0293,0.0424,0.7364
Aldh1a1,Aldh1a1,7.7565,0.0099,0.6761,0.0146,0.9884,1
Aldh1a2,Aldh1a2,20.2782,-0.4315,0.512,-0.8427,0.3994,0.9011
Aldh1a3,Aldh1a3,118.7439,-0.6366,0.3168,-2.0097,0.0445,0.7364
Aldh1b1,Aldh1b1,0.6292,-0.4271,1.9607,-0.2178,0.8276,0.9767
Aldh1l1,Aldh1l1,60.3057,0.4593,0.4456,1.0307,0.3027,0.8619
Aldh1l2,Aldh1l2,2845.2166,0.9974,0.4323,2.3071,0.021,0.732
Aldh2,Aldh2,10688.1117,0.1849,0.1099,1.6825,0.0925,0.7643
Aldh3a1,Aldh3a1,1272.9001,0.636,0.2896,2.1961,0.0281,0.732
Aldh3a2,Aldh3a2,2575.1638,0.1346,0.1238,1.0873,0.2769,0.8588
Aldh3b1,Aldh3b1,2265.9454,0.1802,0.1512,1.1918,0.2333,0.8354
Aldh3b2,Aldh3b2,6.6027,-0.8715,0.6543,-1.3319,0.1829,0.8131
Aldh3b3,Aldh3b3,59.4444,-0.6448,0.5236,-1.2314,0.2182,0.8301
Aldh4a1,Aldh4a1,644.6994,-0.0581,0.1391,-0.4179,0.676,0.9598
Aldh5a1,Aldh5a1,198.5917,-0.142,0.1459,-0.973,0.3306,0.8768
Aldh6a1,Aldh6a1,821.052,0.0904,0.1601,0.5645,0.5724,0.9324
Aldh7a1,Aldh7a1,1156.3159,-0.0362,0.0855,-0.4232,0.6722,0.9583
Aldh8a1,Aldh8a1,1.1601,0.258,1.2478,0.2067,0.8362,0.9774
Aldh9a1,Aldh9a1,1863.3775,0.2032,0.1526,1.3319,0.1829,0.8131
Aldoa,Aldoa,57066.2368,0.2079,0.1081,1.9228,0.0545,0.7377
Aldoart1,Aldoart1,4.8306,0.7522,0.6772,1.1108,0.2667,0.8552
Aldoart2,Aldoart2,0.413,0.695,2.4257,0.2865,0.7745,0.97
Aldob,Aldob,1.8822,0.6211,1.0726,0.5791,0.5626,0.9294
Aldoc,Aldoc,530.6672,0.4916,0.317,1.5508,0.1209,0.7753
Alg1,Alg1,871.0612,0.3549,0.195,1.8198,0.0688,0.7507
Alg10b,Alg10b,1881.6352,-0.2872,0.2775,-1.0349,0.3007,0.8615
Alg11,Alg11,905.1915,0.1398,0.109,1.2829,0.1995,0.8249
Alg12,Alg12,641.6221,0.221,0.1006,2.1958,0.0281,0.732
Alg13,Alg13,439.5152,-0.2922,0.1948,-1.4999,0.1336,0.7815
Alg14,Alg14,769.0844,-0.1561,0.112,-1.3937,0.1634,0.8037
Alg2,Alg2,2352.3528,0.318,0.1186,2.6804,0.0074,0.732
Alg3,Alg3,681.3579,0.0805,0.0923,0.872,0.3832,0.8935
Alg5,Alg5,1739.2413,0.3044,0.1745,1.7444,0.0811,0.7572
Alg6,Alg6,566.2419,-0.1991,0.1602,-1.2427,0.214,0.8265
Alg8,Alg8,590.7713,-0.0713,0.0856,-0.8334,0.4046,0.9033
Alg9,Alg9,1290.3122,0.1023,0.0923,1.1078,0.2679,0.8566
Alk,Alk,0.4176,0.7829,2.4802,0.3157,0.7522,0.9694
Alkbh1,Alkbh1,844.7081,-0.057,0.099,-0.5756,0.5649,0.93
Alkbh2,Alkbh2,111.0787,0.236,0.2105,1.1213,0.2622,0.853
Alkbh3,Alkbh3,1323.1886,0.0282,0.0782,0.3603,0.7186,0.9672
Alkbh4,Alkbh4,231.9785,-0.0322,0.1514,-0.2125,0.8317,0.9774
Alkbh5,Alkbh5,8836.5953,0.3478,0.1856,1.8741,0.0609,0.7456
Alkbh6,Alkbh6,417.6631,0.1638,0.1321,1.2404,0.2148,0.8269
Alkbh7,Alkbh7,318.13,0.0459,0.0934,0.4918,0.6228,0.9443
Alkbh8,Alkbh8,207.5734,-0.1872,0.2474,-0.7569,0.4491,0.912
Alms1,Alms1,305.0829,-0.0371,0.2116,-0.1753,0.8608,0.9802
Alox12,Alox12,11.5076,-0.2842,0.4166,-0.6821,0.4952,0.9181
Alox12b,Alox12b,1.3653,0.5432,1.1613,0.4678,0.64,0.9495
Alox5,Alox5,6116.4121,0.2271,0.1179,1.9254,0.0542,0.7377
Alox5ap,Alox5ap,410.9416,0.0661,0.1293,0.511,0.6093,0.9416
Alox8,Alox8,2.3137,-0.1773,0.9222,-0.1922,0.8476,0.978
Aloxe3,Aloxe3,3.2322,0.1135,0.8024,0.1415,0.8875,0.9833
Alpi,Alpi,2.9418,0.6714,0.8157,0.8231,0.4104,0.9033
Alpk1,Alpk1,795.3702,-0.0649,0.1378,-0.4711,0.6376,0.9487
Alpk2,Alpk2,217.7962,-0.0492,0.1673,-0.2943,0.7685,0.97
Alpk3,Alpk3,757.9928,-0.2651,0.3193,-0.8303,0.4064,0.9033
Alpl,Alpl,4.691,0.6072,0.7323,0.8292,0.407,0.9033
Als2,Als2,1152.7341,-0.0931,0.1158,-0.8043,0.4212,0.9056
Als2cl,Als2cl,650.6004,-0.0891,0.1632,-0.5457,0.5852,0.9355
Als2cr12,Als2cr12,3.1485,-0.6846,0.8974,-0.7629,0.4455,0.912
Alx3,Alx3,0.3168,-0.6877,2.5719,-0.2674,0.7892,0.97
Alx4,Alx4,1.8789,-0.2301,0.9676,-0.2378,0.812,0.9742
Alyref,Alyref,1872.361,-0.2211,0.1259,-1.7566,0.079,0.7572
Alyref2,Alyref2,109.1695,0.1762,0.185,0.9524,0.3409,0.879
Amacr,Amacr,1792.3971,-0.1066,0.1462,-0.7292,0.4659,0.9163
Ambp,Ambp,1.1522,1.0489,1.4849,0.7064,0.48,0.9168
Ambra1,Ambra1,1972.7865,0.0126,0.0657,0.1917,0.848,0.978
Amdhd1,Amdhd1,11.4903,0.0053,0.4376,0.0122,0.9903,1
Amdhd2,Amdhd2,614.7375,0.3211,0.1358,2.3651,0.018,0.732
Amer1,Amer1,1044.2611,-0.3412,0.1828,-1.8668,0.0619,0.7456
Amfr,Amfr,13944.792,0.1882,0.1253,1.5015,0.1332,0.7802
Amh,Amh,7.0503,0.1409,0.6674,0.2112,0.8327,0.9774
Amhr2,Amhr2,6.808,-0.11,0.5865,-0.1876,0.8512,0.9788
Amigo1,Amigo1,675.6757,0.2016,0.128,1.5754,0.1152,0.7753
Amigo2,Amigo2,172.8526,0.2485,0.2259,1.1002,0.2712,0.8588
Amigo3,Amigo3,106.3046,-0.2206,0.177,-1.2464,0.2126,0.8265
Ammecr1,Ammecr1,872.7837,-0.3886,0.3612,-1.0757,0.2821,0.8606
Ammecr1l,Ammecr1l,3039.7364,-0.0111,0.072,-0.1538,0.8778,0.982
Amn,Amn,2.8121,-0.5645,0.9836,-0.5739,0.5661,0.9302
Amn1,Amn1,632.7893,0.1943,0.0991,1.9609,0.0499,0.7364
Amot,Amot,1621.9999,-0.2383,0.1909,-1.2484,0.2119,0.8265
Amotl1,Amotl1,5028.4636,0.0812,0.1054,0.7706,0.4409,0.9112
Amotl2,Amotl2,8231.6128,-0.1519,0.1168,-1.3002,0.1935,0.8197
Ampd1,Ampd1,27.3428,0.0451,0.2999,0.1503,0.8805,0.9824
Ampd2,Ampd2,2033.0366,-0.0468,0.0735,-0.6361,0.5247,0.9223
Ampd3,Ampd3,2639.9164,0.7358,0.3715,1.9806,0.0476,0.7364
Amt,Amt,136.1103,0.2604,0.2997,0.8688,0.3849,0.8941
Amy1,Amy1,38.9879,-0.5846,0.3636,-1.6076,0.1079,0.7725
Amz1,Amz1,51.5813,0.8595,0.4874,1.7636,0.0778,0.7572
Amz2,Amz2,1676.8592,0.0334,0.0545,0.6126,0.5402,0.9281
Anapc1,Anapc1,7607.9366,-0.0376,0.0676,-0.556,0.5782,0.9346
Anapc10,Anapc10,1299.9016,-0.1696,0.1193,-1.4218,0.1551,0.8007
Anapc11,Anapc11,1530.3821,-0.0404,0.0883,-0.4582,0.6468,0.953
Anapc13,Anapc13,654.5166,-0.1927,0.1193,-1.6153,0.1063,0.7713
Anapc15,Anapc15,309.0108,-0.1677,0.104,-1.6123,0.1069,0.7713
Anapc16,Anapc16,2105.4301,0.0403,0.0807,0.4989,0.6178,0.9428
Anapc2,Anapc2,5655.4844,0.0374,0.0765,0.4893,0.6246,0.9451
Anapc4,Anapc4,3672.3881,-0.0789,0.0773,-1.02,0.3077,0.8653
Anapc5,Anapc5,8896.7348,-0.0437,0.0649,-0.6736,0.5006,0.9183
Anapc7,Anapc7,2577.466,0.0152,0.0957,0.1592,0.8735,0.9819
Ang,Ang,46.4665,0.2829,0.3232,0.8753,0.3814,0.8935
Ang2,Ang2,10.8764,0.5345,0.5103,1.0475,0.2949,0.8606
Angel1,Angel1,276.9848,0.1617,0.1318,1.2266,0.22,0.8302
Angel2,Angel2,1898.6698,0.0392,0.0673,0.5832,0.5598,0.9294
Angpt1,Angpt1,3433.0518,-0.3298,0.2477,-1.3316,0.183,0.8131
Angpt2,Angpt2,55.0445,0.2866,0.1962,1.4605,0.1442,0.7928
Angpt4,Angpt4,834.9526,-0.5683,0.3507,-1.6206,0.1051,0.7696
Angptl1,Angptl1,0.4236,-1.1727,2.4208,-0.4844,0.6281,0.9451
Angptl2,Angptl2,13587.63,0.2125,0.1579,1.3455,0.1785,0.8123
Angptl4,Angptl4,9515.1809,0.4965,0.2927,1.6963,0.0898,0.764
Angptl6,Angptl6,80.329,0.6722,0.3756,1.7899,0.0735,0.752
Angptl7,Angptl7,222.1711,1.3361,0.9177,1.456,0.1454,0.7928
Ank,Ank,12895.2228,0.0242,0.0998,0.2429,0.8081,0.9732
Ank1,Ank1,1854.1544,-0.24,0.2499,-0.9607,0.3367,0.8781
Ank2,Ank2,368.3957,0.5963,0.2246,2.6547,0.0079,0.732
Ank3,Ank3,1518.3959,-0.1511,0.1588,-0.9515,0.3413,0.879
Ankdd1b,Ankdd1b,86.056,0.0084,0.2036,0.0412,0.9672,0.9986
Ankfn1,Ankfn1,0.8355,-0.514,1.6109,-0.3191,0.7496,0.9694
Ankfy1,Ankfy1,3860.0004,-0.0304,0.0667,-0.455,0.6491,0.9539
Ankhd1,Ankhd1,1898.0255,0.029,0.1548,0.1871,0.8516,0.9789
Ankib1,Ankib1,2037.7834,-0.0693,0.1598,-0.4337,0.6645,0.9561
Ankk1,Ankk1,0.7377,-0.3808,1.6005,-0.2379,0.8119,0.9742
Ankle1,Ankle1,73.2591,-1.1216,0.3904,-2.8728,0.0041,0.732
Ankle2,Ankle2,2056.4613,-0.0815,0.1191,-0.6844,0.4938,0.9181
Ankmy1,Ankmy1,54.5375,-0.3617,0.3412,-1.0599,0.2892,0.8606
Ankmy2,Ankmy2,780.7514,0.0875,0.0777,1.1255,0.2604,0.852
Ankra2,Ankra2,928.3783,0.0414,0.093,0.4451,0.6562,0.9548
Ankrd1,Ankrd1,16396.1275,-0.1081,0.204,-0.53,0.5961,0.9389
Ankrd10,Ankrd10,4420.4731,-0.1186,0.143,-0.8292,0.407,0.9033
Ankrd11,Ankrd11,3398.6362,-0.0292,0.12,-0.2436,0.8076,0.9732
Ankrd12,Ankrd12,278.1913,0.2568,0.1781,1.4415,0.1494,0.7968
Ankrd13a,Ankrd13a,2966.4498,-0.0635,0.0797,-0.797,0.4255,0.9067
Ankrd13b,Ankrd13b,1792.9706,0.2319,0.1311,1.7687,0.0769,0.7572
Ankrd13c,Ankrd13c,1338.4961,-0.0769,0.1288,-0.597,0.5505,0.929
Ankrd13d,Ankrd13d,186.0811,0.2538,0.1926,1.3174,0.1877,0.8161
Ankrd16,Ankrd16,433.3589,0.0717,0.1551,0.4627,0.6436,0.9514
Ankrd17,Ankrd17,4965.0967,-0.1449,0.1757,-0.8246,0.4096,0.9033
Ankrd2,Ankrd2,763.0436,-0.0304,0.1514,-0.2006,0.841,0.9775
Ankrd23,Ankrd23,1318.1182,-0.4078,0.3343,-1.2199,0.2225,0.8307
Ankrd24,Ankrd24,197.9258,0.2176,0.1571,1.3849,0.1661,0.8037
Ankrd26,Ankrd26,162.1406,-0.0657,0.2695,-0.2438,0.8074,0.9732
Ankrd27,Ankrd27,1206.0293,0.0553,0.0761,0.7264,0.4676,0.9168
Ankrd28,Ankrd28,2254.0663,-0.0643,0.1764,-0.3646,0.7154,0.9662
Ankrd29,Ankrd29,88.6478,-0.5349,0.3414,-1.567,0.1171,0.7753
Ankrd32,Ankrd32,449.4912,-0.2296,0.2865,-0.8013,0.423,0.906
Ankrd33b,Ankrd33b,944.0217,0.2321,0.1426,1.6275,0.1036,0.7679
Ankrd34a,Ankrd34a,114.9626,0.1268,0.2015,0.6292,0.5292,0.9237
Ankrd35,Ankrd35,30.8242,-0.5023,0.3129,-1.6054,0.1084,0.7735
Ankrd36,Ankrd36,0.6306,-0.8451,2.3224,-0.3639,0.716,0.9662
Ankrd37,Ankrd37,374.3351,0.9069,0.5161,1.7573,0.0789,0.7572
Ankrd39,Ankrd39,258.981,-0.01,0.1338,-0.0745,0.9406,0.9923
Ankrd40,Ankrd40,4746.2178,0.0643,0.0597,1.0772,0.2814,0.8606
Ankrd42,Ankrd42,112.9434,0.235,0.1778,1.3216,0.1863,0.8161
Ankrd44,Ankrd44,619.8371,-0.3698,0.2206,-1.6768,0.0936,0.7643
Ankrd45,Ankrd45,5.0267,0.1358,0.5991,0.2266,0.8207,0.9761
Ankrd46,Ankrd46,4261.5104,0.021,0.0908,0.2309,0.8174,0.975
Ankrd49,Ankrd49,411.759,-0.0852,0.1373,-0.6201,0.5352,0.9265
Ankrd50,Ankrd50,1597.3156,-0.1012,0.103,-0.9824,0.3259,0.8747
Ankrd52,Ankrd52,2638.5842,-0.0606,0.1103,-0.5492,0.5829,0.9353
Ankrd53,Ankrd53,7.1134,-0.8415,0.5876,-1.4321,0.1521,0.7976
Ankrd54,Ankrd54,889.1091,0.01,0.112,0.0889,0.9291,0.9916
Ankrd55,Ankrd55,72.8,0.6405,0.2747,2.3313,0.0197,0.732
Ankrd6,Ankrd6,179.2891,-0.0356,0.1512,-0.2351,0.8141,0.9745
Ankrd61,Ankrd61,11.9486,0.0473,0.5023,0.0941,0.925,0.9903
Ankrd63,Ankrd63,1.4667,0.0041,1.0902,0.0038,0.997,1
Ankrd66,Ankrd66,4.3972,-0.6097,0.7313,-0.8337,0.4045,0.9033
Ankrd9,Ankrd9,227.1881,-0.0917,0.1497,-0.6125,0.5402,0.9281
Anks1,Anks1,779.7488,0.1161,0.0944,1.229,0.2191,0.8302
Anks1b,Anks1b,2.0914,0.8294,1.1246,0.7375,0.4608,0.9143
Anks3,Anks3,1078.6616,0.1339,0.1343,0.9972,0.3187,0.8707
Anks6,Anks6,206.1789,0.269,0.1599,1.682,0.0926,0.7643
Ankzf1,Ankzf1,700.1009,0.3087,0.1861,1.6589,0.0971,0.7669
Anln,Anln,3111.5804,-0.9115,0.4468,-2.0401,0.0413,0.732
Ano1,Ano1,277.0196,-0.7253,0.1955,-3.7107,0.0002,0.3039
Ano10,Ano10,3601.7347,0.1658,0.1088,1.5244,0.1274,0.7753
Ano2,Ano2,0.3157,-0.6835,2.5731,-0.2656,0.7905,0.97
Ano3,Ano3,10.2328,0.0721,0.5461,0.132,0.895,0.9848
Ano5,Ano5,1031.7859,-0.2667,0.3905,-0.6831,0.4945,0.9181
Ano6,Ano6,6738.7264,0.0628,0.0814,0.7711,0.4407,0.9112
Ano8,Ano8,1766.6409,0.0893,0.0788,1.1331,0.2572,0.8478
Anp32a,Anp32a,3772.8832,-0.3295,0.0914,-3.6043,0.0003,0.3272
Anp32b,Anp32b,7418.1554,-0.0697,0.134,-0.52,0.6031,0.941
Anp32e,Anp32e,6443.7477,-0.3449,0.1448,-2.3811,0.0173,0.732
Anpep,Anpep,4972.9881,0.9186,0.424,2.1667,0.0303,0.732
Antxr1,Antxr1,4503.3573,0.3184,0.1698,1.8751,0.0608,0.7456
Antxr2,Antxr2,3397.4759,0.246,0.1109,2.2178,0.0266,0.732
Antxrl,Antxrl,3.4305,0.4905,0.9187,0.5339,0.5934,0.9385
Anxa1,Anxa1,18881.4981,-0.0568,0.0527,-1.0779,0.2811,0.8606
Anxa11,Anxa11,2025.8724,-0.0422,0.1862,-0.2265,0.8208,0.9761
Anxa13,Anxa13,3.5756,0.0036,0.8151,0.0044,0.9965,1
Anxa2,Anxa2,31755.6793,-0.2001,0.1241,-1.6123,0.1069,0.7713
Anxa3,Anxa3,6501.6901,0.2048,0.0939,2.1809,0.0292,0.732
Anxa4,Anxa4,8449.7787,0.1535,0.1129,1.3593,0.1741,0.8088
Anxa5,Anxa5,14449.1848,0.0179,0.0902,0.1981,0.843,0.9775
Anxa6,Anxa6,25474.0662,-0.1772,0.1936,-0.9151,0.3601,0.8868
Anxa7,Anxa7,7619.2102,0.1566,0.1048,1.4949,0.1349,0.7827
Anxa8,Anxa8,8954.3323,0.3925,0.3123,1.257,0.2087,0.8265
Anxa9,Anxa9,94.2493,-0.0286,0.1944,-0.1469,0.8832,0.9825
Aoc2,Aoc2,66.1549,-0.1428,0.191,-0.7477,0.4546,0.9127
Aoc3,Aoc3,527.3079,-0.9812,0.4084,-2.4025,0.0163,0.732
Aox1,Aox1,969.8808,0.0683,0.1263,0.5409,0.5885,0.9359
Aox2,Aox2,3.3458,0.0737,0.7636,0.0965,0.9231,0.9893
Aox3,Aox3,36.8586,0.9657,0.7566,1.2764,0.2018,0.8262
Ap1ar,Ap1ar,1508.4077,-0.0502,0.1101,-0.4562,0.6482,0.9535
Ap1b1,Ap1b1,5067.536,0.0791,0.079,1.0013,0.3167,0.8701
Ap1g1,Ap1g1,2943.2741,-0.1144,0.1187,-0.9634,0.3353,0.8778
Ap1g2,Ap1g2,186.3225,0.195,0.1505,1.295,0.1953,0.8204
Ap1m1,Ap1m1,2604.2298,0.1076,0.0911,1.181,0.2376,0.838
Ap1s1,Ap1s1,3416.3891,0.0365,0.0927,0.3943,0.6934,0.9623
Ap1s2,Ap1s2,1489.3555,-0.0464,0.1092,-0.4249,0.6709,0.9578
Ap1s3,Ap1s3,49.1988,-0.3427,0.2746,-1.2478,0.2121,0.8265
Ap2a1,Ap2a1,3425.901,0.0154,0.0774,0.1991,0.8422,0.9775
Ap2a2,Ap2a2,5645.971,0.0753,0.0788,0.9547,0.3397,0.879
Ap2b1,Ap2b1,8148.6019,-0.0003,0.0586,-0.0054,0.9957,1
Ap2m1,Ap2m1,10650.3971,-0.0245,0.0947,-0.2585,0.796,0.9713
Ap2s1,Ap2s1,1901.422,0.0073,0.0905,0.0807,0.9357,0.9923
Ap3b1,Ap3b1,2838.3593,0.007,0.0723,0.097,0.9227,0.9893
Ap3d1,Ap3d1,5165.936,0.1168,0.0826,1.4133,0.1576,0.8015
Ap3m1,Ap3m1,2595.0643,-0.1202,0.1243,-0.9668,0.3336,0.8778
Ap3m2,Ap3m2,689.0728,0.029,0.0812,0.3567,0.7213,0.9682
Ap3s1,Ap3s1,4862.874,0.5341,0.28,1.9076,0.0564,0.7377
Ap3s2,Ap3s2,1787.6847,0.1034,0.0654,1.5809,0.1139,0.7736
Ap4b1,Ap4b1,832.4196,0.0356,0.0848,0.4195,0.6748,0.9598
Ap4e1,Ap4e1,987.0858,-0.1706,0.2218,-0.7689,0.442,0.9118
Ap4m1,Ap4m1,451.3772,0.0895,0.1208,0.7411,0.4587,0.9139
Ap4s1,Ap4s1,354.5093,-0.0439,0.1189,-0.3689,0.7122,0.9662
Ap5b1,Ap5b1,213.9357,0.2839,0.1438,1.9738,0.0484,0.7364
Ap5m1,Ap5m1,384.1638,-0.1136,0.1905,-0.5964,0.5509,0.929
Ap5s1,Ap5s1,669.5914,0.1281,0.1616,0.7927,0.428,0.9071
Ap5z1,Ap5z1,514.5712,0.3945,0.1728,2.2832,0.0224,0.732
Apaf1,Apaf1,1143.8287,-0.1099,0.1181,-0.9299,0.3524,0.8839
Apba1,Apba1,90.1765,0.2956,0.2161,1.3676,0.1714,0.8066
Apba3,Apba3,2003.9082,0.2492,0.1381,1.8052,0.071,0.7515
Apbb1,Apbb1,1561.4471,0.0572,0.1,0.5721,0.5673,0.9312
Apbb1ip,Apbb1ip,1704.4765,0.0559,0.1174,0.4764,0.6338,0.9474
Apbb2,Apbb2,2776.3423,-0.1281,0.112,-1.1438,0.2527,0.8453
Apbb3,Apbb3,443.9713,0.1736,0.1506,1.1526,0.2491,0.8438
Apc,Apc,1380.0936,-0.0695,0.2166,-0.3209,0.7483,0.9694
Apc2,Apc2,94.1907,0.1524,0.2385,0.639,0.5228,0.9223
Apcdd1,Apcdd1,238.0168,0.4284,0.2861,1.4971,0.1344,0.7826
Apcs,Apcs,0.5286,-0.4757,2.3762,-0.2002,0.8413,0.9775
Apeh,Apeh,2109.5273,0.1032,0.077,1.3392,0.1805,0.8126
Apex1,Apex1,612.0071,-0.0297,0.1709,-0.1737,0.8621,0.9806
Apex2,Apex2,298.3791,-0.0782,0.1304,-0.6,0.5485,0.9289
Aph1a,Aph1a,2412.6345,0.1739,0.2777,0.6263,0.5311,0.925
Aph1b,Aph1b,716.1359,-0.0445,0.0867,-0.5136,0.6076,0.9411
Aph1c,Aph1c,71.3643,0.0144,0.2094,0.0686,0.9453,0.9934
Api5,Api5,6468.4856,-0.0982,0.0685,-1.4322,0.1521,0.7976
Apip,Apip,523.4381,-0.1198,0.1197,-1.0011,0.3168,0.8701
Apitd1,Apitd1,156.4867,-0.2714,0.1932,-1.4048,0.1601,0.8035
Aplf,Aplf,504.2767,-0.049,0.0902,-0.5427,0.5874,0.9355
Apln,Apln,1842.6782,1.2206,0.6883,1.7734,0.0762,0.7567
Aplnr,Aplnr,95.0123,-0.6883,0.5118,-1.345,0.1786,0.8123
Aplp1,Aplp1,841.3453,0.1048,0.132,0.794,0.4272,0.907
Aplp2,Aplp2,9503.9819,0.2681,0.1219,2.1989,0.0279,0.732
Apmap,Apmap,1818.0785,-0.0191,0.0734,-0.2595,0.7952,0.9712
Apoa1,Apoa1,2.2098,-0.1998,1.2301,-0.1624,0.871,0.9819
Apoa1bp,Apoa1bp,1823.7787,0.0683,0.109,0.6264,0.531,0.925
Apoa2,Apoa2,0.8434,-0.0003,1.5747,-0.0002,0.9998,1
Apoa4,Apoa4,0.7364,1.0504,1.8941,0.5546,0.5792,0.9349
Apoa5,Apoa5,3.2335,-0.3232,0.8004,-0.4038,0.6864,0.9623
Apob,Apob,3.6792,-0.4959,0.7134,-0.6952,0.4869,0.9168
Apobec1,Apobec1,605.8279,0.2494,0.285,0.8751,0.3815,0.8935
Apobec2,Apobec2,1541.5751,-0.2294,0.2823,-0.8125,0.4165,0.9035
Apobec3,Apobec3,893.9822,-0.0512,0.0903,-0.5666,0.571,0.932
Apobr,Apobr,171.1126,0.4137,0.2989,1.3838,0.1664,0.8037
Apoc1,Apoc1,8.7675,-0.2157,0.5103,-0.4227,0.6725,0.9584
Apod,Apod,85.4105,-0.0691,0.2772,-0.2494,0.8031,0.9719
Apoe,Apoe,1267.0728,0.5546,0.2214,2.5053,0.0122,0.732
Apof,Apof,3.4527,1.0045,0.8675,1.1578,0.2469,0.8426
Apoh,Apoh,12.359,0.3235,0.3905,0.8285,0.4074,0.9033
Apol10b,Apol10b,536.4346,-0.6742,0.2125,-3.1722,0.0015,0.6187
Apol11b,Apol11b,8.0496,-1.1263,0.5792,-1.9447,0.0518,0.7364
Apol6,Apol6,115.8769,-0.5782,0.2812,-2.056,0.0398,0.732
Apol7a,Apol7a,23.224,0.1531,0.3557,0.4304,0.6669,0.9566
Apol7d,Apol7d,9.6397,0.503,0.4832,1.0411,0.2978,0.8608
Apol8,Apol8,28.5254,-0.1442,0.3108,-0.4638,0.6428,0.9512
Apol9a,Apol9a,360.5287,-0.2824,0.3523,-0.8014,0.4229,0.906
Apol9b,Apol9b,472.7781,-0.3558,0.3738,-0.9518,0.3412,0.879
Apold1,Apold1,17.5012,0.162,0.3357,0.4827,0.6293,0.9451
Apom,Apom,6.1562,-0.5766,0.5724,-1.0074,0.3138,0.8692
Apon,Apon,4.2789,-0.1343,0.7307,-0.1838,0.8542,0.9794
Apoo,Apoo,116.487,-0.378,0.3314,-1.1406,0.254,0.8453
Apool,Apool,1089.3408,-0.1278,0.1179,-1.084,0.2784,0.8588
Apopt1,Apopt1,1030.5802,0.013,0.1174,0.111,0.9116,0.9873
App,App,25086.8487,-0.0125,0.0438,-0.2866,0.7744,0.97
Appbp2,Appbp2,1008.0469,-0.1485,0.1454,-1.0211,0.3072,0.8653
Appbp2os,Appbp2os,5.1228,-0.4526,0.6032,-0.7503,0.4531,0.9122
Appl1,Appl1,1676.5644,-0.2014,0.2755,-0.7311,0.4647,0.9157
Appl2,Appl2,1598.4799,0.3528,0.122,2.892,0.0038,0.732
Aprt,Aprt,2346.6931,0.0827,0.1265,0.6533,0.5136,0.9199
Aptx,Aptx,990.7822,0.063,0.0763,0.8266,0.4085,0.9033
Aqp1,Aqp1,2807.8225,0.285,0.1812,1.5731,0.1157,0.7753
Aqp11,Aqp11,10.8822,-0.0848,0.4536,-0.1869,0.8517,0.9789
Aqp2,Aqp2,10.6777,0.5864,0.448,1.3089,0.1906,0.8161
Aqp3,Aqp3,1.0471,0.9523,1.567,0.6077,0.5434,0.9283
Aqp5,Aqp5,6594.2115,0.2374,0.1199,1.9797,0.0477,0.7364
Aqp7,Aqp7,0.6246,0.4422,1.9612,0.2255,0.8216,0.9763
Aqp9,Aqp9,3.9872,0.8428,1.1375,0.7409,0.4588,0.9139
Aqr,Aqr,2648.7315,-0.0793,0.0637,-1.2445,0.2133,0.8265
Ar,Ar,87.3437,-0.4246,0.3918,-1.0837,0.2785,0.8588
Araf,Araf,3135.2277,0.0353,0.0683,0.517,0.6051,0.941
Arap1,Arap1,1681.7707,0.0179,0.093,0.1921,0.8477,0.978
Arap2,Arap2,60.2732,0.1368,0.2699,0.507,0.6122,0.942
Arap3,Arap3,106.0101,-0.1428,0.2008,-0.7114,0.4768,0.9168
Arc,Arc,58.7672,-0.786,0.4084,-1.9243,0.0543,0.7377
Arcn1,Arcn1,11510.0487,-0.1035,0.0871,-1.1883,0.2347,0.8362
Areg,Areg,94.265,-0.2421,0.2339,-1.0348,0.3008,0.8615
Arel1,Arel1,2335.5774,0.0735,0.0574,1.28,0.2005,0.8252
Arf1,Arf1,20484.2795,0.0442,0.0783,0.564,0.5728,0.9325
Arf2,Arf2,3691.8588,-0.0509,0.081,-0.6289,0.5294,0.9238
Arf3,Arf3,8591.4556,0.1194,0.1038,1.1509,0.2498,0.8443
Arf4,Arf4,15728.5077,-0.0608,0.0426,-1.4286,0.1531,0.7988
Arf5,Arf5,2853.9935,-0.0588,0.1125,-0.5226,0.6013,0.9406
Arf6,Arf6,4488.9933,-0.1227,0.1085,-1.1309,0.2581,0.8483
Arfgap1,Arfgap1,3144.2812,-0.05,0.094,-0.5315,0.5951,0.9386
Arfgap2,Arfgap2,3831.3238,0.0519,0.0676,0.7681,0.4424,0.9118
Arfgap3,Arfgap3,5526.0272,0.1442,0.0823,1.7514,0.0799,0.7572
Arfgef1,Arfgef1,2262.5297,-0.035,0.2166,-0.1614,0.8718,0.9819
Arfgef2,Arfgef2,2487.3671,0.3295,0.1888,1.7458,0.0808,0.7572
Arfip1,Arfip1,4074.4673,-0.1622,0.1468,-1.1046,0.2693,0.8585
Arfip2,Arfip2,1739.5304,0.0655,0.0964,0.679,0.4971,0.9181
Arfrp1,Arfrp1,1159.8723,0.1087,0.0997,1.0908,0.2754,0.8588
Arg1,Arg1,15.8836,0.857,0.7295,1.1748,0.2401,0.84
Arg2,Arg2,6.7714,0.2709,0.6824,0.397,0.6914,0.9623
Arglu1,Arglu1,1623.5675,-0.1672,0.1194,-1.4002,0.1614,0.8037
Arhgap1,Arhgap1,4594.2601,-0.0625,0.1057,-0.5913,0.5543,0.929
Arhgap10,Arhgap10,2384.927,0.1468,0.1113,1.3189,0.1872,0.8161
Arhgap11a,Arhgap11a,1415.6253,-0.7614,0.339,-2.2458,0.0247,0.732
Arhgap12,Arhgap12,966.2942,0.127,0.184,0.6901,0.4901,0.9181
Arhgap17,Arhgap17,1140.2404,0.0722,0.0952,0.7577,0.4486,0.912
Arhgap18,Arhgap18,608.3241,0.0398,0.1487,0.2675,0.7891,0.97
Arhgap19,Arhgap19,360.418,-0.3938,0.2624,-1.5006,0.1335,0.7812
Arhgap20,Arhgap20,2.7183,-0.9809,0.8508,-1.1529,0.2489,0.8438
Arhgap21,Arhgap21,2799.7742,-0.2377,0.171,-1.3902,0.1645,0.8037
Arhgap22,Arhgap22,2281.319,0.0166,0.1369,0.1214,0.9034,0.9861
Arhgap23,Arhgap23,3090.6189,-0.0512,0.0564,-0.9079,0.3639,0.8873
Arhgap24,Arhgap24,1511.3501,0.2264,0.1417,1.5981,0.11,0.7736
Arhgap25,Arhgap25,0.4216,0.0071,2.0629,0.0035,0.9972,1
Arhgap26,Arhgap26,95.1551,0.6644,0.4122,1.6117,0.107,0.7713
Arhgap27,Arhgap27,13.4749,0.1408,0.4081,0.3449,0.7302,0.9694
Arhgap28,Arhgap28,2441.8563,-0.2139,0.1414,-1.5132,0.1302,0.777
Arhgap29,Arhgap29,3199.2279,0.0134,0.1878,0.0716,0.9429,0.9927
Arhgap30,Arhgap30,2.3189,-0.3892,1.2392,-0.314,0.7535,0.9694
Arhgap31,Arhgap31,1963.3877,-0.0984,0.0835,-1.1793,0.2383,0.8388
Arhgap32,Arhgap32,662.0659,-0.2023,0.1583,-1.2779,0.2013,0.8261
Arhgap33,Arhgap33,161.7969,0.0784,0.1585,0.4949,0.6206,0.9436
Arhgap35,Arhgap35,4188.6782,0.0174,0.0884,0.1964,0.8443,0.9775
Arhgap39,Arhgap39,725.8787,0.0085,0.0785,0.1086,0.9135,0.9874
Arhgap4,Arhgap4,9.1299,-0.3138,0.456,-0.6881,0.4914,0.9181
Arhgap42,Arhgap42,2658.5069,-0.2898,0.2536,-1.1428,0.2531,0.8453
Arhgap44,Arhgap44,512.9675,0.4332,0.2597,1.6682,0.0953,0.7655
Arhgap5,Arhgap5,740.2588,0.3176,0.1121,2.8324,0.0046,0.732
Arhgap6,Arhgap6,11.7589,0.8565,0.5038,1.7001,0.0891,0.764
Arhgap9,Arhgap9,13.0551,-0.357,0.4194,-0.8511,0.3947,0.8987
Arhgdia,Arhgdia,24901.421,0.0373,0.0908,0.4111,0.681,0.9615
Arhgdib,Arhgdib,3964.0217,0.3015,0.1612,1.8706,0.0614,0.7456
Arhgdig,Arhgdig,112.3077,-0.2257,0.2861,-0.7888,0.4302,0.9081
Arhgef1,Arhgef1,2428.182,0.0247,0.078,0.3169,0.7513,0.9694
Arhgef10,Arhgef10,2984.9736,0.1433,0.0943,1.5199,0.1285,0.7758
Arhgef10l,Arhgef10l,2570.8575,0.3415,0.1242,2.7494,0.006,0.732
Arhgef11,Arhgef11,1492.3441,0.1338,0.1236,1.0822,0.2792,0.8595
Arhgef12,Arhgef12,4372.7489,-0.0515,0.1394,-0.3692,0.712,0.9662
Arhgef15,Arhgef15,19.4788,0.2772,0.3033,0.914,0.3607,0.8868
Arhgef16,Arhgef16,0.6293,-0.4268,1.9608,-0.2177,0.8277,0.9767
Arhgef17,Arhgef17,5040.925,-0.009,0.0795,-0.1128,0.9102,0.9871
Arhgef18,Arhgef18,1616.9867,0.1888,0.0829,2.278,0.0227,0.732
Arhgef19,Arhgef19,2351.4126,-0.1371,0.1289,-1.0638,0.2874,0.8606
Arhgef2,Arhgef2,15377.6723,0.0893,0.0451,1.9782,0.0479,0.7364
Arhgef25,Arhgef25,2631.3782,0.0022,0.0745,0.0299,0.9761,0.9992
Arhgef26,Arhgef26,259.8484,-0.5279,0.3265,-1.6168,0.1059,0.7713
Arhgef28,Arhgef28,34.5209,0.2369,0.392,0.6043,0.5456,0.9286
Arhgef3,Arhgef3,356.7784,-0.1189,0.1326,-0.8968,0.3698,0.8925
Arhgef33,Arhgef33,0.8362,-0.5154,1.6111,-0.3199,0.749,0.9694
Arhgef37,Arhgef37,84.4639,-0.2566,0.3216,-0.798,0.4249,0.9063
Arhgef39,Arhgef39,151.7829,-0.754,0.3966,-1.9012,0.0573,0.7377
Arhgef4,Arhgef4,58.7233,0.0543,0.2659,0.2041,0.8382,0.9775
Arhgef40,Arhgef40,4847.3764,-0.054,0.0628,-0.8604,0.3896,0.8975
Arhgef5,Arhgef5,2844.0136,-0.026,0.0502,-0.5185,0.6041,0.941
Arhgef6,Arhgef6,166.316,-0.292,0.3118,-0.9364,0.3491,0.8831
Arhgef7,Arhgef7,2202.0486,0.0262,0.0614,0.4264,0.6698,0.9578
Arhgef9,Arhgef9,518.9535,-0.3139,0.1894,-1.657,0.0975,0.7669
Arid1a,Arid1a,3246.7518,-0.0472,0.0783,-0.6037,0.546,0.9289
Arid1b,Arid1b,2015.2535,0.0104,0.0762,0.1362,0.8917,0.9841
Arid2,Arid2,2260.8939,-0.185,0.1919,-0.9645,0.3348,0.8778
Arid3a,Arid3a,427.8052,0.2243,0.1495,1.5,0.1336,0.7815
Arid3b,Arid3b,101.8185,0.1948,0.1529,1.274,0.2027,0.8262
Arid4a,Arid4a,516.1632,-0.1313,0.1931,-0.6799,0.4966,0.9181
Arid4b,Arid4b,534.0363,0.2413,0.1331,1.8125,0.0699,0.7507
Arid5a,Arid5a,1426.3381,0.211,0.1932,1.0921,0.2748,0.8588
Arid5b,Arid5b,1740.3719,0.2568,0.1984,1.2946,0.1954,0.8204
Arih1,Arih1,4665.2451,-0.1533,0.1652,-0.9282,0.3533,0.8839
Arih2,Arih2,3116.0162,0.1143,0.0778,1.4689,0.1419,0.792
Arl1,Arl1,6531.1093,-0.0093,0.0686,-0.1354,0.8923,0.9841
Arl10,Arl10,275.6595,0.1358,0.1866,0.7277,0.4668,0.9168
Arl11,Arl11,0.6308,0.8793,1.8846,0.4666,0.6408,0.9498
Arl13a,Arl13a,0.8376,-0.5481,1.8874,-0.2904,0.7715,0.97
Arl13b,Arl13b,772.6253,-0.0433,0.1185,-0.3655,0.7147,0.9662
Arl14ep,Arl14ep,1890.5402,0.0276,0.1534,0.1797,0.8574,0.9796
Arl14epl,Arl14epl,18.5222,0.4177,0.4967,0.8408,0.4005,0.9015
Arl15,Arl15,1239.28,0.2878,0.1521,1.8924,0.0584,0.7417
Arl16,Arl16,488.5614,-0.0067,0.1003,-0.0667,0.9468,0.9934
Arl2,Arl2,1765.028,0.1095,0.0849,1.2903,0.197,0.8209
Arl2bp,Arl2bp,6747.352,-0.0453,0.0743,-0.6095,0.5422,0.9283
Arl3,Arl3,1192.2527,-0.057,0.0761,-0.7488,0.454,0.9127
Arl4a,Arl4a,348.6172,-0.1316,0.166,-0.7932,0.4277,0.9071
Arl4c,Arl4c,2425.643,-0.3567,0.1561,-2.2844,0.0223,0.732
Arl4d,Arl4d,179.5405,-0.344,0.2485,-1.3842,0.1663,0.8037
Arl5a,Arl5a,2219.3543,-0.1874,0.2484,-0.7547,0.4505,0.912
Arl5b,Arl5b,375.7799,-0.1656,0.2765,-0.5988,0.5493,0.929
Arl5c,Arl5c,149.0534,0.0535,0.1744,0.3067,0.7591,0.9694
Arl6,Arl6,644.9531,-0.0297,0.0938,-0.3173,0.751,0.9694
Arl6ip1,Arl6ip1,4080.3998,-0.236,0.1193,-1.9774,0.048,0.7364
Arl6ip4,Arl6ip4,1342.0468,0.0496,0.1075,0.4618,0.6442,0.9518
Arl6ip5,Arl6ip5,19536.185,0.0419,0.1132,0.3704,0.7111,0.9662
Arl6ip6,Arl6ip6,858.609,-0.2532,0.0952,-2.6605,0.0078,0.732
Arl8a,Arl8a,3470.565,0.2958,0.1888,1.5665,0.1172,0.7753
Arl8b,Arl8b,4541.0738,0.1594,0.0826,1.9299,0.0536,0.7365
Armc1,Armc1,2119.8202,-0.0967,0.0963,-1.0042,0.3153,0.8693
Armc10,Armc10,1033.8077,0.0582,0.0855,0.6807,0.496,0.9181
Armc2,Armc2,41.1072,-0.5011,0.3766,-1.3305,0.1834,0.8131
Armc5,Armc5,624.7031,-0.0167,0.1149,-0.1454,0.8844,0.9827
Armc6,Armc6,1003.0645,-0.0633,0.083,-0.7626,0.4457,0.912
Armc7,Armc7,258.5064,0.3092,0.2225,1.3894,0.1647,0.8037
Armc8,Armc8,1196.065,-0.1751,0.1605,-1.0912,0.2752,0.8588
Armc9,Armc9,606.8545,0.1055,0.1334,0.7909,0.429,0.9077
Armcx1,Armcx1,1124.7037,0.076,0.1406,0.5407,0.5887,0.9361
Armcx2,Armcx2,4008.9501,-0.1313,0.122,-1.0766,0.2817,0.8606
Armcx3,Armcx3,1667.5814,-0.0485,0.1355,-0.3577,0.7206,0.9678
Armcx4,Armcx4,1349.4459,-0.3551,0.303,-1.1723,0.2411,0.84
Armcx5,Armcx5,286.4068,-0.1538,0.1778,-0.8649,0.3871,0.8952
Armcx6,Armcx6,307.2713,0.1319,0.1147,1.1501,0.2501,0.8443
Armt1,Armt1,1215.2287,-0.0509,0.0861,-0.5909,0.5546,0.929
Arnt,Arnt,3726.222,0.0475,0.0654,0.7267,0.4674,0.9168
Arnt2,Arnt2,643.1637,0.0813,0.0847,0.9588,0.3376,0.879
Arntl,Arntl,1320.9342,0.1155,0.1612,0.7162,0.4739,0.9168
Arntl2,Arntl2,159.7826,0.0801,0.1832,0.4371,0.6621,0.9551
Arpc1a,Arpc1a,2627.9062,0.0212,0.0849,0.2496,0.8029,0.9719
Arpc1b,Arpc1b,9572.2817,0.119,0.1256,0.9477,0.3433,0.8797
Arpc2,Arpc2,11088.9666,-0.0676,0.0772,-0.8756,0.3813,0.8935
Arpc3,Arpc3,4232.1655,-0.0233,0.0996,-0.2337,0.8152,0.9748
Arpc4,Arpc4,4317.7608,-0.0637,0.0912,-0.6986,0.4848,0.9168
Arpc5,Arpc5,6978.3541,-0.1899,0.083,-2.2889,0.0221,0.732
Arpc5l,Arpc5l,2102.7238,-0.0424,0.105,-0.4038,0.6863,0.9623
Arpin,Arpin,1054.9244,-0.1287,0.0951,-1.3524,0.1762,0.8104
Arpp19,Arpp19,3042.0077,-0.0577,0.1207,-0.4784,0.6324,0.9466
Arpp21,Arpp21,904.3357,-0.4827,0.3918,-1.232,0.218,0.8301
Arrb1,Arrb1,782.3582,-0.1378,0.0827,-1.6649,0.0959,0.7664
Arrb2,Arrb2,632.468,0.1091,0.088,1.2396,0.2151,0.8271
Arrdc1,Arrdc1,227.4838,0.1149,0.1343,0.8556,0.3922,0.8986
Arrdc2,Arrdc2,283.4142,0.2028,0.1651,1.228,0.2194,0.8302
Arrdc3,Arrdc3,1110.7405,0.2951,0.2304,1.2809,0.2002,0.8249
Arrdc4,Arrdc4,85.908,0.4566,0.4562,1.0009,0.3169,0.8701
Arsa,Arsa,2206.3486,0.3402,0.1573,2.1634,0.0305,0.732
Arsb,Arsb,2265.1199,-0.1789,0.1034,-1.7313,0.0834,0.7572
Arsg,Arsg,112.4474,0.3042,0.1703,1.7865,0.074,0.752
Arsi,Arsi,35.3583,-0.8136,0.4191,-1.9412,0.0522,0.7364
Arsj,Arsj,634.0357,-0.4672,0.1455,-3.2114,0.0013,0.6164
Arsk,Arsk,506.5801,0.1734,0.1473,1.1766,0.2394,0.84
Art1,Art1,316.5013,-0.2162,0.351,-0.6159,0.538,0.9275
Art3,Art3,39.0214,-0.1123,0.401,-0.2801,0.7794,0.97
Art5,Art5,70.4641,-0.1414,0.2822,-0.5012,0.6162,0.9427
Artn,Artn,117.2425,0.1344,0.2621,0.5129,0.608,0.9412
Arv1,Arv1,149.8327,0.1143,0.1879,0.6084,0.5429,0.9283
Arvcf,Arvcf,851.5664,0.2378,0.1122,2.1187,0.0341,0.732
Arx,Arx,79.2436,-0.6129,0.4665,-1.3139,0.1889,0.8161
Arxes1,Arxes1,2.7183,0.0044,0.803,0.0055,0.9956,1
Arxes2,Arxes2,145.0975,-0.1738,0.1305,-1.331,0.1832,0.8131
As3mt,As3mt,470.1345,0.0236,0.1524,0.1551,0.8767,0.9819
Asah1,Asah1,8675.6889,0.3036,0.1591,1.9089,0.0563,0.7377
Asah2,Asah2,409.753,-0.1612,0.2219,-0.7263,0.4676,0.9168
Asap1,Asap1,6251.7877,-0.1117,0.1171,-0.954,0.3401,0.879
Asap2,Asap2,445.0242,-0.037,0.1272,-0.2912,0.7709,0.97
Asap3,Asap3,869.1108,0.1092,0.1044,1.0465,0.2953,0.8606
Asb1,Asb1,996.5309,0.0194,0.1871,0.1036,0.9175,0.9879
Asb10,Asb10,2.4141,0.3287,0.9587,0.3429,0.7317,0.9694
Asb11,Asb11,5.6608,-0.1211,0.6251,-0.1937,0.8464,0.9777
Asb12,Asb12,0.4218,0.0067,2.0626,0.0033,0.9974,1
Asb13,Asb13,155.9048,-0.0138,0.1298,-0.106,0.9156,0.9877
Asb14,Asb14,33.051,-0.3113,0.3464,-0.8986,0.3689,0.8923
Asb15,Asb15,3.9857,0.0033,0.6811,0.0048,0.9962,1
Asb16,Asb16,31.4414,-0.2033,0.3298,-0.6165,0.5376,0.9274
Asb2,Asb2,170.7835,-0.5361,0.4247,-1.2621,0.2069,0.8262
Asb3,Asb3,880.6166,0.0886,0.0698,1.2706,0.2039,0.8262
Asb5,Asb5,13104.6676,0.1925,0.0759,2.5366,0.0112,0.732
Asb6,Asb6,1327.7799,0.165,0.1085,1.5215,0.1281,0.7758
Asb7,Asb7,780.7179,0.0056,0.1206,0.0462,0.9632,0.9972
Asb8,Asb8,2040.4703,-0.0522,0.0964,-0.542,0.5878,0.9355
Ascc1,Ascc1,891.843,0.2708,0.1465,1.8484,0.0646,0.7457
Ascc2,Ascc2,1508.9985,0.1057,0.1038,1.0182,0.3086,0.8657
Ascc3,Ascc3,1144.9206,-0.0825,0.2497,-0.3304,0.7411,0.9694
Ascl3,Ascl3,2.622,0.8197,0.8942,0.9167,0.3593,0.8863
Ascl5,Ascl5,1.1619,-0.2537,1.2854,-0.1974,0.8435,0.9775
Asf1a,Asf1a,857.1344,-0.1157,0.1254,-0.9232,0.3559,0.8852
Asf1b,Asf1b,1306.0736,-0.8568,0.3428,-2.4994,0.0124,0.732
Asgr1,Asgr1,5.758,0.9461,0.7171,1.3192,0.1871,0.8161
Asgr2,Asgr2,6.7108,-0.4676,0.648,-0.7216,0.4706,0.9168
Ash1l,Ash1l,2018.3981,-0.1092,0.2217,-0.4924,0.6225,0.9443
Ash2l,Ash2l,3356.5571,-0.0451,0.0605,-0.746,0.4557,0.9131
Asic1,Asic1,196.3379,0.2505,0.1979,1.2657,0.2056,0.8262
Asic3,Asic3,6.9084,0.2268,0.5468,0.4148,0.6783,0.961
Asic4,Asic4,0.7223,-2.9122,2.1445,-1.358,0.1745,0.8088
Asl,Asl,1278.7715,0.1714,0.0959,1.7883,0.0737,0.752
Asmt,Asmt,1.8742,-0.3723,1.066,-0.3492,0.7269,0.9693
Asna1,Asna1,4729.7825,0.1153,0.0923,1.2492,0.2116,0.8265
Asns,Asns,3754.7559,0.7729,0.3413,2.2647,0.0235,0.732
Asnsd1,Asnsd1,2355.8377,0.0141,0.095,0.1485,0.882,0.9824
Aspa,Aspa,106.6733,-0.5962,0.4527,-1.3171,0.1878,0.8161
Aspg,Aspg,6.1602,0.1725,0.5733,0.3008,0.7636,0.97
Asph,Asph,3400.3574,-0.1509,0.1389,-1.0868,0.2771,0.8588
Asphd2,Asphd2,25.6356,0.0077,0.2793,0.0277,0.9779,0.9994
Aspm,Aspm,601.7885,-0.862,0.5284,-1.6315,0.1028,0.7679
Aspn,Aspn,123.6989,-0.4394,0.5792,-0.7586,0.4481,0.912
Asprv1,Asprv1,24.347,-0.346,0.4451,-0.7773,0.437,0.9098
Aspscr1,Aspscr1,1504.3533,0.1695,0.1337,1.2676,0.2049,0.8262
Asrgl1,Asrgl1,281.8854,-0.029,0.1753,-0.1655,0.8686,0.9818
Ass1,Ass1,0.4186,2.1204,2.4092,0.8801,0.3788,0.8935
Aste1,Aste1,258.8521,0.028,0.107,0.2613,0.7938,0.9706
Astn1,Astn1,2.5152,0.1525,0.958,0.1592,0.8735,0.9819
Asun,Asun,1702.3354,-0.0371,0.0667,-0.5568,0.5776,0.9346
Asxl1,Asxl1,3300.2225,-0.0104,0.0652,-0.16,0.8729,0.9819
Asxl2,Asxl2,1440.0608,-0.0097,0.1915,-0.0509,0.9594,0.9968
Atad1,Atad1,3938.6082,0.0193,0.1364,0.1417,0.8874,0.9833
Atad2,Atad2,1088.6212,-0.6572,0.3426,-1.9182,0.0551,0.7377
Atad2b,Atad2b,787.9615,-0.2144,0.2654,-0.8077,0.4192,0.9047
Atad3a,Atad3a,1776.6952,-0.0109,0.0966,-0.113,0.9101,0.9871
Atad3aos,Atad3aos,13.216,-0.0145,0.3639,-0.04,0.9681,0.9988
Atad5,Atad5,187.5467,-0.5917,0.3457,-1.7113,0.087,0.764
Atat1,Atat1,920.3947,0.0379,0.0987,0.3841,0.7009,0.9635
Atcay,Atcay,7.9618,0.2299,0.5484,0.4192,0.6751,0.9598
Atcayos,Atcayos,14.4501,0.2095,0.4794,0.437,0.6621,0.9551
Ate1,Ate1,1909.4086,-0.1823,0.1437,-1.2679,0.2048,0.8262
Atf1,Atf1,2467.3613,0.032,0.1191,0.2684,0.7884,0.97
Atf2,Atf2,1702.9006,-0.1388,0.2055,-0.6751,0.4996,0.9181
Atf3,Atf3,261.3349,1.1527,0.5307,2.1719,0.0299,0.732
Atf4,Atf4,14738.5498,0.4001,0.2676,1.4952,0.1349,0.7827
Atf5,Atf5,3515.2387,0.5864,0.2802,2.093,0.0363,0.732
Atf6,Atf6,6056.8182,0.1714,0.1204,1.423,0.1547,0.8004
Atf6b,Atf6b,2104.0422,0.2613,0.1884,1.3871,0.1654,0.8037
Atf7,Atf7,3800.6047,0.0253,0.0932,0.2718,0.7858,0.97
Atf7ip,Atf7ip,1696.7143,-0.0571,0.0706,-0.809,0.4185,0.9047
Atf7ip2,Atf7ip2,0.4138,-0.7714,2.4833,-0.3106,0.7561,0.9694
Atg10,Atg10,370.3939,-0.03,0.1213,-0.247,0.8049,0.9724
Atg101,Atg101,1167.8267,0.092,0.1011,0.9101,0.3628,0.8873
Atg12,Atg12,2626.7633,0.1985,0.1518,1.3074,0.1911,0.8163
Atg13,Atg13,2494.7729,0.3366,0.1457,2.3094,0.0209,0.732
Atg14,Atg14,686.7449,0.2218,0.1596,1.3897,0.1646,0.8037
Atg16l1,Atg16l1,1510.8203,0.0942,0.0682,1.3808,0.1674,0.8045
Atg16l2,Atg16l2,381.5944,0.0024,0.1025,0.0232,0.9815,1
Atg2a,Atg2a,1561.4159,0.277,0.1227,2.2568,0.024,0.732
Atg2b,Atg2b,2574.867,0.1234,0.11,1.1221,0.2618,0.853
Atg3,Atg3,2165.9782,-0.05,0.0922,-0.542,0.5878,0.9355
Atg4a,Atg4a,4.5899,-0.5198,0.8805,-0.5904,0.5549,0.929
Atg4b,Atg4b,2192.2819,0.0645,0.0866,0.7453,0.4561,0.9133
Atg4c,Atg4c,832.0968,0.0198,0.1038,0.1905,0.8489,0.9781
Atg4d,Atg4d,625.4932,0.1647,0.1152,1.4291,0.153,0.7987
Atg5,Atg5,1616.2286,0.016,0.0715,0.2236,0.8231,0.9766
Atg7,Atg7,1715.0145,0.1398,0.1446,0.9669,0.3336,0.8778
Atg9a,Atg9a,2328.3051,0.1621,0.0825,1.9638,0.0495,0.7364
Atg9b,Atg9b,102.0614,-0.064,0.2248,-0.2846,0.776,0.97
Athl1,Athl1,1001.6015,-0.0415,0.1137,-0.3646,0.7154,0.9662
Atic,Atic,5009.9625,0.0035,0.1263,0.0274,0.9781,0.9995
Atl1,Atl1,126.7236,0.079,0.2091,0.3776,0.7057,0.965
Atl2,Atl2,2662.7925,-0.2872,0.1689,-1.7001,0.0891,0.764
Atl3,Atl3,6175.4205,-0.1562,0.1341,-1.1653,0.2439,0.8419
Atm,Atm,710.6564,-0.0488,0.2198,-0.2218,0.8245,0.9766
Atmin,Atmin,750.1018,0.0384,0.1032,0.3718,0.7101,0.9662
Atn1,Atn1,3702.2568,0.0734,0.105,0.6996,0.4842,0.9168
Atoh8,Atoh8,1065.8758,-0.0899,0.1079,-0.833,0.4048,0.9033
Atox1,Atox1,1248.5222,0.0075,0.1114,0.0672,0.9464,0.9934
Atp10a,Atp10a,541.2917,0.0061,0.0861,0.0713,0.9432,0.9928
Atp10b,Atp10b,12.8449,0.2275,0.4737,0.4801,0.6311,0.9458
Atp10d,Atp10d,402.6389,-0.0633,0.0985,-0.6434,0.52,0.9221
Atp11a,Atp11a,4314.3342,0.1535,0.1102,1.3929,0.1636,0.8037
Atp11b,Atp11b,1461.7695,-0.1141,0.2392,-0.4771,0.6333,0.9471
Atp11c,Atp11c,299.2391,-0.0695,0.2264,-0.3068,0.759,0.9694
Atp13a1,Atp13a1,2164.5524,0.1206,0.1031,1.1701,0.242,0.8407
Atp13a2,Atp13a2,873.0974,0.2357,0.1066,2.2117,0.027,0.732
Atp13a3,Atp13a3,10917.6338,-0.1431,0.2709,-0.5282,0.5974,0.9393
Atp13a4,Atp13a4,0.6272,1.6587,2.3807,0.6967,0.486,0.9168
Atp13a5,Atp13a5,15.5894,-0.4285,0.4711,-0.9096,0.363,0.8873
Atp1a1,Atp1a1,19079.025,0.0055,0.092,0.0599,0.9522,0.9943
Atp1a2,Atp1a2,2067.1431,-0.0762,0.2086,-0.3652,0.715,0.9662
Atp1a3,Atp1a3,683.9578,0.4823,0.266,1.8134,0.0698,0.7507
Atp1a4,Atp1a4,2.526,-0.1653,0.9124,-0.1811,0.8563,0.9796
Atp1b1,Atp1b1,1125.374,-0.3765,0.2597,-1.4496,0.1472,0.7945
Atp1b2,Atp1b2,27.8882,-0.0951,0.2941,-0.3234,0.7464,0.9694
Atp1b3,Atp1b3,7851.985,0.0626,0.107,0.5849,0.5586,0.9294
Atp1b4,Atp1b4,0.8376,-0.5481,1.8874,-0.2904,0.7715,0.97
Atp2a1,Atp2a1,13014.8778,-0.1086,0.2487,-0.4368,0.6623,0.9551
Atp2a2,Atp2a2,20880.0017,0.0677,0.09,0.7523,0.4519,0.9121
Atp2a3,Atp2a3,102.7354,0.1428,0.1581,0.9034,0.3663,0.8895
Atp2b1,Atp2b1,3782.2735,0.1513,0.1811,0.8354,0.4035,0.9033
Atp2b4,Atp2b4,7344.4096,-0.6312,0.3387,-1.8636,0.0624,0.7456
Atp2c1,Atp2c1,3132.5709,0.0582,0.1163,0.5004,0.6168,0.9427
Atp2c2,Atp2c2,1.8828,1.9714,1.2397,1.5903,0.1118,0.7736
Atp5a1,Atp5a1,28257.2919,-0.0542,0.1005,-0.5391,0.5898,0.9364
Atp5b,Atp5b,50674.1723,-0.0878,0.1287,-0.6824,0.495,0.9181
Atp5c1,Atp5c1,9100.4823,-0.0247,0.0751,-0.3296,0.7417,0.9694
Atp5d,Atp5d,8046.8622,-0.052,0.102,-0.5105,0.6097,0.9416
Atp5e,Atp5e,2513.4668,-0.0211,0.0963,-0.2192,0.8265,0.9766
Atp5f1,Atp5f1,9397.9514,-0.0886,0.0986,-0.898,0.3692,0.8924
Atp5g1,Atp5g1,3360.1637,-0.0456,0.0831,-0.5483,0.5835,0.9353
Atp5g2,Atp5g2,5450.6587,-0.0473,0.078,-0.6067,0.544,0.9283
Atp5g3,Atp5g3,11289.4812,-0.1269,0.1456,-0.8712,0.3836,0.8935
Atp5h,Atp5h,4964.5109,-0.0415,0.0962,-0.4317,0.666,0.9563
Atp5j,Atp5j,3899.8097,-0.0769,0.0847,-0.9069,0.3644,0.8879
Atp5j2,Atp5j2,3514.8751,-0.0875,0.1124,-0.7784,0.4363,0.9097
Atp5k,Atp5k,882.8435,-0.1422,0.0938,-1.5164,0.1294,0.7762
Atp5l,Atp5l,5023.7349,-0.0071,0.1076,-0.0659,0.9474,0.9935
Atp5o,Atp5o,6519.4084,-0.0961,0.1112,-0.8644,0.3874,0.8952
Atp5s,Atp5s,203.6215,-0.0598,0.148,-0.4039,0.6863,0.9623
Atp5sl,Atp5sl,400.7341,0.239,0.1512,1.581,0.1139,0.7736
Atp6ap1,Atp6ap1,10452.7129,0.3275,0.1599,2.0482,0.0405,0.732
Atp6ap2,Atp6ap2,5863.8508,0.0508,0.097,0.523,0.601,0.9406
Atp6v0a1,Atp6v0a1,2388.4267,0.0642,0.054,1.1889,0.2345,0.8357
Atp6v0a2,Atp6v0a2,5071.5048,0.0275,0.0745,0.3689,0.7122,0.9662
Atp6v0a4,Atp6v0a4,1.5825,-0.565,1.2727,-0.444,0.6571,0.9548
Atp6v0b,Atp6v0b,5308.1246,0.3968,0.1535,2.5845,0.0098,0.732
Atp6v0d1,Atp6v0d1,3625.074,0.1946,0.1085,1.7939,0.0728,0.752
Atp6v0d2,Atp6v0d2,9.1437,2.1184,0.8581,2.4687,0.0136,0.732
Atp6v0e,Atp6v0e,3222.7837,0.1984,0.1228,1.6158,0.1061,0.7713
Atp6v0e2,Atp6v0e2,251.4868,0.13,0.1154,1.1267,0.2599,0.8514
Atp6v1a,Atp6v1a,7129.2116,0.1114,0.1348,0.8267,0.4084,0.9033
Atp6v1b1,Atp6v1b1,0.6304,1.7469,1.9017,0.9186,0.3583,0.8858
Atp6v1b2,Atp6v1b2,4988.5322,0.3819,0.181,2.1101,0.0348,0.732
Atp6v1c1,Atp6v1c1,3573.7173,0.2553,0.1252,2.0386,0.0415,0.732
Atp6v1c2,Atp6v1c2,145.0414,-0.6646,0.5041,-1.3185,0.1873,0.8161
Atp6v1d,Atp6v1d,3810.7041,0.0889,0.0629,1.4141,0.1573,0.8015
Atp6v1e1,Atp6v1e1,5612.6637,0.1525,0.0702,2.1731,0.0298,0.732
Atp6v1f,Atp6v1f,1978.2567,0.3385,0.1724,1.9635,0.0496,0.7364
Atp6v1g1,Atp6v1g1,11126.9417,0.1217,0.0847,1.4358,0.1511,0.7968
Atp6v1g2,Atp6v1g2,64.7061,0.1541,0.2145,0.7185,0.4724,0.9168
Atp6v1h,Atp6v1h,3721.8063,0.1995,0.1522,1.3105,0.19,0.8161
Atp7a,Atp7a,1273.1636,-0.0639,0.218,-0.2933,0.7693,0.97
Atp7b,Atp7b,2.727,-0.0668,0.901,-0.0742,0.9409,0.9923
Atp8a1,Atp8a1,3.0135,-0.2881,0.871,-0.3308,0.7408,0.9694
Atp8a2,Atp8a2,0.7295,-1.0205,1.6778,-0.6082,0.543,0.9283
Atp8b1,Atp8b1,110.0594,-0.1057,0.2473,-0.4276,0.669,0.9568
Atp8b2,Atp8b2,5349.0247,0.1034,0.1014,1.0196,0.3079,0.8653
Atp8b3,Atp8b3,1.7904,-0.6229,1.2205,-0.5104,0.6098,0.9416
Atp8b4,Atp8b4,31.5804,0.8494,0.4544,1.8692,0.0616,0.7456
Atp8b5,Atp8b5,7.5416,0.6009,0.5403,1.1121,0.2661,0.8547
Atp9a,Atp9a,67.0554,0.0833,0.2069,0.4026,0.6872,0.9623
Atp9b,Atp9b,2842.8384,0.1645,0.1116,1.4744,0.1404,0.7903
Atpaf1,Atpaf1,517.3553,0.0008,0.1061,0.0072,0.9942,1
Atpaf2,Atpaf2,989.5975,0.0094,0.0875,0.107,0.9148,0.9874
Atpif1,Atpif1,2724.9312,-0.0823,0.0794,-1.0369,0.2998,0.8612
Atr,Atr,472.3843,0.0218,0.2558,0.0852,0.9321,0.9921
Atraid,Atraid,2689.9952,0.1624,0.1061,1.5311,0.1257,0.7753
Atrip,Atrip,552.0842,-0.0642,0.0791,-0.8108,0.4175,0.9046
Atrn,Atrn,2420.485,0.0595,0.1111,0.5356,0.5922,0.9384
Atrnl1,Atrnl1,2273.2575,0.2642,0.1584,1.6676,0.0954,0.7657
Atrx,Atrx,950.3378,0.0326,0.1525,0.2139,0.8307,0.9774
Atxn1,Atxn1,1078.6092,-0.2475,0.2696,-0.9182,0.3585,0.8858
Atxn10,Atxn10,8099.9004,-0.0276,0.0823,-0.3359,0.7369,0.9694
Atxn1l,Atxn1l,2177.5637,-0.046,0.0658,-0.6997,0.4841,0.9168
Atxn2,Atxn2,3235.8261,-0.1102,0.1037,-1.0628,0.2879,0.8606
Atxn2l,Atxn2l,4042.6167,0.0706,0.0964,0.7321,0.4641,0.9157
Atxn3,Atxn3,859.9451,-0.112,0.215,-0.5208,0.6025,0.941
Atxn7,Atxn7,490.9891,-0.0682,0.2402,-0.2838,0.7766,0.97
Atxn7l1,Atxn7l1,744.4434,-0.0666,0.0797,-0.8359,0.4032,0.9033
Atxn7l1os2,Atxn7l1os2,0.7345,-0.8087,1.878,-0.4306,0.6668,0.9566
Atxn7l2,Atxn7l2,188.5667,0.087,0.1234,0.7053,0.4806,0.9168
Atxn7l3,Atxn7l3,3169.4877,0.0616,0.0593,1.0395,0.2986,0.861
Atxn7l3b,Atxn7l3b,3959.7488,-0.0351,0.0666,-0.5278,0.5977,0.9395
AU015791,AU015791,1.8947,-0.2442,1.2567,-0.1943,0.8459,0.9776
AU015836,AU015836,0.5283,-1.5669,1.8999,-0.8247,0.4095,0.9033
AU018091,AU018091,252.1715,0.0027,0.268,0.0101,0.9919,1
AU019823,AU019823,775.2441,-0.1354,0.1579,-0.8576,0.3911,0.8983
AU021092,AU021092,24.854,-0.0096,0.3906,-0.0246,0.9804,1
AU022252,AU022252,605.4408,0.0724,0.1121,0.6462,0.5181,0.9215
AU023762,AU023762,1.2372,-0.9409,1.6498,-0.5703,0.5685,0.9313
AU040320,AU040320,2050.882,0.1921,0.0822,2.3359,0.0195,0.732
AU041133,AU041133,41.7696,0.3017,0.2918,1.034,0.3011,0.8615
Auh,Auh,672.4272,0.3725,0.2171,1.7155,0.0862,0.763
Aunip,Aunip,164.1607,-0.9993,0.3804,-2.6268,0.0086,0.732
Aup1,Aup1,2786.549,0.2859,0.115,2.4869,0.0129,0.732
Aurka,Aurka,990.673,-0.7739,0.3935,-1.9668,0.0492,0.7364
Aurkaip1,Aurkaip1,2102.1133,-0.0104,0.0848,-0.1225,0.9025,0.986
Aurkb,Aurkb,939.1955,-0.8378,0.4162,-2.0128,0.0441,0.7364
Auts2,Auts2,1079.3954,0.1977,0.1451,1.3623,0.1731,0.8072
AV039307,AV039307,6.2711,-0.2681,0.7011,-0.3824,0.7021,0.9636
AV051173,AV051173,4.8181,0.2674,0.8816,0.3033,0.7617,0.97
Aven,Aven,413.5825,0.1525,0.1468,1.0386,0.299,0.8612
Avil,Avil,43.9971,1.2764,0.8027,1.5901,0.1118,0.7736
Avl9,Avl9,741.2539,0.1356,0.1663,0.8152,0.4149,0.9033
Avpi1,Avpi1,1073.021,0.0506,0.0988,0.5123,0.6084,0.9416
Avpr1a,Avpr1a,222.6952,1.2066,0.8461,1.426,0.1539,0.7996
AW011738,AW011738,28.8107,0.0344,0.283,0.1215,0.9033,0.9861
AW046200,AW046200,17.6524,0.6014,0.5284,1.138,0.2551,0.8461
AW112010,AW112010,1.7946,-0.8497,1.1864,-0.7162,0.4739,0.9168
AW146154,AW146154,62.648,0.1316,0.2399,0.5488,0.5831,0.9353
AW209491,AW209491,759.2912,0.1664,0.1363,1.221,0.2221,0.8307
AW549542,AW549542,9.5369,0.9713,0.7804,1.2447,0.2133,0.8265
AW549877,AW549877,3078.9065,0.1626,0.1665,0.9764,0.3289,0.8758
AW551984,AW551984,1.1533,0.4555,1.3793,0.3302,0.7412,0.9694
AW554918,AW554918,358.2187,-0.1455,0.1336,-1.0891,0.2761,0.8588
Awat2,Awat2,21.768,-0.6499,0.4003,-1.6238,0.1044,0.7679
Axin1,Axin1,2440.6138,0.0781,0.0829,0.9423,0.346,0.8822
Axin2,Axin2,219.4787,-0.1479,0.2608,-0.5669,0.5708,0.9319
Axl,Axl,15366.471,0.0744,0.0888,0.8381,0.402,0.9026
AY074887,AY074887,1.5597,0.2516,1.199,0.2098,0.8338,0.9774
AY358078,AY358078,0.6351,0.0063,2.3487,0.0027,0.9979,1
Azgp1,Azgp1,0.4145,-0.7713,2.4823,-0.3107,0.756,0.9694
Azi2,Azi2,1641.9977,-0.0031,0.138,-0.0222,0.9823,1
Azin1,Azin1,8741.8922,-0.1274,0.1099,-1.1587,0.2466,0.8426
Azin2,Azin2,1946.4985,0.2827,0.1861,1.5192,0.1287,0.7759
B130006D01Rik,B130006D01Rik,0.4227,-1.1727,2.4219,-0.4842,0.6282,0.9451
B130024G19Rik,B130024G19Rik,9.0426,0.2469,0.6897,0.358,0.7203,0.9678
B130034C11Rik,B130034C11Rik,8.791,0.133,0.4839,0.2749,0.7834,0.97
B230118H07Rik,B230118H07Rik,660.635,-0.0997,0.1277,-0.781,0.4348,0.9089
B230119M05Rik,B230119M05Rik,3.8745,-0.6168,1.1184,-0.5514,0.5813,0.9352
B230206H07Rik,B230206H07Rik,0.7312,-0.1811,2.4007,-0.0754,0.9399,0.9923
B230208H11Rik,B230208H11Rik,23.9733,0.0096,0.3069,0.0313,0.975,0.9992
B230209E15Rik,B230209E15Rik,0.8373,-2.2652,1.7805,-1.2722,0.2033,0.8262
B230216N24Rik,B230216N24Rik,10.9031,0.0634,0.407,0.1556,0.8763,0.9819
B230217C12Rik,B230217C12Rik,43.614,0.2262,0.2575,0.8785,0.3797,0.8935
B230217O12Rik,B230217O12Rik,49.243,0.2939,0.2065,1.4234,0.1546,0.8001
B230219D22Rik,B230219D22Rik,4732.0527,-0.0855,0.1602,-0.5335,0.5937,0.9385
B230307C23Rik,B230307C23Rik,57.5626,-0.1147,0.2194,-0.523,0.601,0.9406
B230312C02Rik,B230312C02Rik,7.2522,-0.586,0.615,-0.9529,0.3407,0.879
B230319C09Rik,B230319C09Rik,4.0958,-0.5409,0.7899,-0.6847,0.4935,0.9181
B230354K17Rik,B230354K17Rik,873.4287,-0.0729,0.1706,-0.4276,0.6689,0.9568
B2m,B2m,15723.9478,0.2727,0.1362,2.003,0.0452,0.7364
B330016D10Rik,B330016D10Rik,38.3395,0.2042,0.3145,0.6492,0.5162,0.9209
B3galnt1,B3galnt1,1255.7814,-0.1698,0.1084,-1.5656,0.1174,0.7753
B3galnt2,B3galnt2,1351.3212,0.092,0.1305,0.7051,0.4807,0.9168
B3galt1,B3galt1,16.1663,-0.3547,0.7124,-0.4978,0.6186,0.9433
B3galt2,B3galt2,18.6791,-0.456,0.4685,-0.9732,0.3304,0.8768
B3galt4,B3galt4,60.1206,0.5825,0.3212,1.8135,0.0698,0.7507
B3galt5,B3galt5,70.1592,-0.275,0.338,-0.8134,0.416,0.9034
B3galt6,B3galt6,379.3278,0.3,0.2007,1.495,0.1349,0.7827
B3gat2,B3gat2,26.0734,-0.1612,0.4108,-0.3923,0.6948,0.9623
B3gat3,B3gat3,631.0061,0.0882,0.0757,1.1648,0.2441,0.8419
B3glct,B3glct,1031.9383,-0.0666,0.0678,-0.9819,0.3261,0.8747
B3gnt2,B3gnt2,2011.3325,-0.0134,0.061,-0.2196,0.8262,0.9766
B3gnt3,B3gnt3,0.4209,1.1946,2.0056,0.5956,0.5514,0.929
B3gnt4,B3gnt4,4.3949,0.0138,0.7043,0.0196,0.9843,1
B3gnt5,B3gnt5,74.0289,-0.2047,0.3481,-0.588,0.5565,0.929
B3gnt6,B3gnt6,2.1107,-0.3406,1.4197,-0.2399,0.8104,0.9736
B3gnt8,B3gnt8,115.9035,-0.6188,0.3216,-1.9241,0.0543,0.7377
B3gnt9,B3gnt9,835.4777,0.1024,0.0769,1.3329,0.1826,0.8131
B3gntl1,B3gntl1,204.8929,0.0091,0.1356,0.0669,0.9467,0.9934
B430010I23Rik,B430010I23Rik,2.6948,-0.6029,1.1172,-0.5396,0.5895,0.9364
B430212C06Rik,B430212C06Rik,18.9335,0.046,0.442,0.104,0.9172,0.9879
B430319G15Rik,B430319G15Rik,54.2963,-0.0345,0.2117,-0.163,0.8705,0.9818
B4galnt1,B4galnt1,1816.0802,0.1553,0.0993,1.5647,0.1176,0.7753
B4galnt2,B4galnt2,11.8591,0.0098,0.6705,0.0146,0.9884,1
B4galnt3,B4galnt3,23.8608,-0.0277,0.3698,-0.075,0.9402,0.9923
B4galnt4,B4galnt4,43.4799,0.0452,0.2847,0.1588,0.8738,0.9819
B4galt1,B4galt1,8727.044,0.1162,0.0995,1.1687,0.2425,0.8407
B4galt2,B4galt2,1672.9957,-0.0412,0.093,-0.443,0.6578,0.9548
B4galt3,B4galt3,1007.6539,0.0006,0.1048,0.0061,0.9952,1
B4galt4,B4galt4,456.9068,-0.014,0.1082,-0.129,0.8974,0.9854
B4galt5,B4galt5,5500.9364,0.4446,0.1741,2.5537,0.0107,0.732
B4galt6,B4galt6,1768.695,-0.2039,0.2287,-0.8918,0.3725,0.893
B4galt7,B4galt7,1009.2858,0.3178,0.1862,1.7074,0.0877,0.764
B4gat1,B4gat1,2456.2196,0.0772,0.0947,0.8147,0.4153,0.9033
B630005N14Rik,B630005N14Rik,790.1655,-0.045,0.2473,-0.1817,0.8558,0.9796
B630019K06Rik,B630019K06Rik,133.3974,0.0806,0.1536,0.5245,0.5999,0.9406
B930018H19Rik,B930018H19Rik,0.8356,-0.4979,1.4787,-0.3367,0.7363,0.9694
B930041F14Rik,B930041F14Rik,410.635,0.2356,0.2413,0.9766,0.3288,0.8758
B930059L03Rik,B930059L03Rik,7.8696,0.3927,0.5872,0.6688,0.5036,0.9188
B9d1,B9d1,334.9769,0.029,0.1444,0.2008,0.8408,0.9775
B9d2,B9d2,257.9381,0.0334,0.1273,0.2625,0.793,0.9703
Baalc,Baalc,314.6504,-0.2145,0.3235,-0.6631,0.5073,0.9188
Baat,Baat,1.0425,1.5341,1.4698,1.0437,0.2966,0.8608
Babam1,Babam1,2177.4358,0.0142,0.0993,0.143,0.8863,0.9833
Bace1,Bace1,4041.7735,-0.213,0.1131,-1.8832,0.0597,0.7456
Bace2,Bace2,132.4706,-0.3079,0.1989,-1.5481,0.1216,0.7753
Bach1,Bach1,2013.5561,-0.1181,0.1673,-0.7062,0.48,0.9168
Bach2,Bach2,73.7961,-0.1645,0.2818,-0.5838,0.5594,0.9294
Bach2os,Bach2os,0.7235,-0.9382,2.3686,-0.3961,0.692,0.9623
Bad,Bad,1072.8852,0.1399,0.1366,1.0237,0.306,0.8651
Bag1,Bag1,6938.6419,0.0207,0.0785,0.2635,0.7922,0.9702
Bag2,Bag2,1902.2674,-0.1893,0.1338,-1.4153,0.157,0.8015
Bag3,Bag3,4152.2446,-0.015,0.0959,-0.1567,0.8755,0.9819
Bag4,Bag4,860.1827,0.0143,0.0942,0.1517,0.8794,0.9823
Bag5,Bag5,2062.584,-0.0147,0.0709,-0.2075,0.8356,0.9774
Bag6,Bag6,9005.2364,0.0358,0.0715,0.5006,0.6166,0.9427
Bahcc1,Bahcc1,993.2708,-0.3884,0.0922,-4.2139,0,0.1399
Bahd1,Bahd1,1326.906,0.0267,0.0775,0.3441,0.7308,0.9694
Baiap2,Baiap2,1591.9764,-0.0227,0.107,-0.2124,0.8318,0.9774
Baiap2l1,Baiap2l1,3297.145,-0.1281,0.1928,-0.6646,0.5063,0.9188
Baiap2l2,Baiap2l2,7.5308,-0.2355,0.528,-0.446,0.6556,0.9548
Bak1,Bak1,2483.1382,-0.1322,0.1106,-1.1953,0.232,0.8353
Bambi,Bambi,33.2209,-0.3526,0.2486,-1.418,0.1562,0.8015
Bambi-ps1,Bambi-ps1,4.1846,0.7159,0.6939,1.0318,0.3022,0.8615
Banf1,Banf1,3623.8097,-0.0368,0.0748,-0.492,0.6227,0.9443
Bank1,Bank1,2.5132,0.6303,0.8902,0.708,0.4789,0.9168
Banp,Banp,930.0342,-0.0039,0.0795,-0.0494,0.9606,0.9969
Bap1,Bap1,2856.3059,0.0656,0.0707,0.9268,0.354,0.8847
Bard1,Bard1,289.8641,-0.8267,0.3525,-2.3451,0.019,0.732
Barhl1,Barhl1,2.288,-0.2585,1.0741,-0.2407,0.8098,0.9736
Barx2,Barx2,1.2603,-0.3692,1.5036,-0.2456,0.806,0.9726
Basp1,Basp1,4110.3585,-0.2394,0.1785,-1.341,0.1799,0.8123
Batf,Batf,9.8225,0.5792,0.5684,1.019,0.3082,0.8653
Batf2,Batf2,3.6626,-0.5028,0.7257,-0.6928,0.4884,0.9173
Batf3,Batf3,0.6247,-0.6384,1.7488,-0.3651,0.7151,0.9662
Bax,Bax,2726.8937,0.1749,0.1663,1.0518,0.2929,0.8606
Baz1a,Baz1a,1317.6254,-0.2475,0.2258,-1.0961,0.273,0.8588
Baz1b,Baz1b,5701.8613,-0.1765,0.0996,-1.7721,0.0764,0.7567
Baz2a,Baz2a,3011.0577,-0.0056,0.1054,-0.0536,0.9572,0.9961
Baz2b,Baz2b,1022.1023,-0.1098,0.1859,-0.5907,0.5547,0.929
BB014433,BB014433,3.8783,-0.134,1.1819,-0.1134,0.9097,0.987
BB123696,BB123696,0.4208,0.0046,2.0637,0.0022,0.9982,1
BB557941,BB557941,5.8519,0.644,0.6491,0.9922,0.3211,0.8729
Bbc3,Bbc3,293.2342,0.2323,0.2011,1.1551,0.2481,0.8435
Bbip1,Bbip1,660.8604,-0.1475,0.1891,-0.7803,0.4352,0.9089
Bbox1,Bbox1,1.3675,-3.0735,1.8666,-1.6466,0.0996,0.7669
Bbs1,Bbs1,578.9044,-0.0076,0.0896,-0.0849,0.9323,0.9921
Bbs10,Bbs10,167.4646,0.0303,0.1597,0.1896,0.8496,0.9781
Bbs12,Bbs12,209.6751,0.0715,0.141,0.507,0.6122,0.942
Bbs2,Bbs2,1132.782,0.0829,0.0708,1.1699,0.242,0.8407
Bbs4,Bbs4,377.6842,-0.0151,0.1325,-0.1143,0.909,0.987
Bbs5,Bbs5,479.2201,-0.0069,0.1116,-0.0615,0.951,0.9939
Bbs7,Bbs7,392.729,-0.0007,0.1501,-0.0045,0.9964,1
Bbs9,Bbs9,513.6289,0.0687,0.0852,0.8066,0.4199,0.9049
Bbx,Bbx,1893.7351,-0.1475,0.2495,-0.591,0.5545,0.929
BC002163,BC002163,9.9611,-0.1352,0.4759,-0.284,0.7764,0.97
BC003331,BC003331,1044.1843,0.1881,0.165,1.1401,0.2543,0.8453
BC003965,BC003965,824.2993,0.0997,0.0854,1.1678,0.2429,0.8407
BC004004,BC004004,4149.2177,0.0653,0.0737,0.8859,0.3756,0.8935
BC005537,BC005537,8128.6178,-0.0891,0.0927,-0.9609,0.3366,0.8781
BC005561,BC005561,80.4226,0.0672,0.2165,0.3103,0.7563,0.9694
BC005624,BC005624,1461.374,0.0842,0.0642,1.3132,0.1891,0.8161
BC017158,BC017158,535.3339,0.2152,0.1688,1.2751,0.2023,0.8262
BC017643,BC017643,1851.7655,0.1172,0.1254,0.9347,0.3499,0.8839
BC020402,BC020402,78.5734,0.2228,0.2814,0.7917,0.4285,0.9075
BC021614,BC021614,0.8445,0.0015,1.4046,0.0011,0.9992,1
BC021767,BC021767,1.9787,0.1821,1.178,0.1546,0.8772,0.982
BC021785,BC021785,2.0005,0.6802,0.9512,0.7151,0.4745,0.9168
BC022687,BC022687,1790.6403,0.9503,0.6851,1.3871,0.1654,0.8037
BC023829,BC023829,2269.4111,0.2316,0.1699,1.3631,0.1729,0.807
BC024139,BC024139,4.1911,-0.0083,0.7993,-0.0104,0.9917,1
BC024978,BC024978,161.828,0.0213,0.1864,0.1145,0.9088,0.987
BC025920,BC025920,34.4735,0.2061,0.341,0.6046,0.5455,0.9286
BC027231,BC027231,855.8519,-0.0339,0.0901,-0.376,0.707,0.9657
BC028528,BC028528,47.7001,0.2291,0.3786,0.6051,0.5451,0.9286
BC029214,BC029214,652.3909,-0.017,0.105,-0.1623,0.871,0.9819
BC029722,BC029722,1074.2559,0.1119,0.0952,1.175,0.24,0.84
BC030336,BC030336,971.1047,-0.0489,0.1709,-0.2859,0.7749,0.97
BC030499,BC030499,4.0877,0.2788,0.8847,0.3151,0.7527,0.9694
BC030867,BC030867,161.5243,-0.6029,0.3081,-1.9566,0.0504,0.7364
BC031181,BC031181,2504.0865,0.0941,0.0753,1.2494,0.2115,0.8265
BC031361,BC031361,40.8858,0.2587,0.3316,0.7801,0.4353,0.9089
BC035044,BC035044,3.1477,0.2962,1.2136,0.2441,0.8072,0.9732
BC037032,BC037032,16.8271,0.4778,0.4662,1.0247,0.3055,0.8643
BC037034,BC037034,421.7827,0.0687,0.1313,0.5231,0.6009,0.9406
BC037704,BC037704,27.3888,0.1255,0.4228,0.2969,0.7665,0.97
BC039771,BC039771,47.5149,-0.1243,0.212,-0.5865,0.5575,0.929
BC039966,BC039966,33.1009,-0.0763,0.2388,-0.3195,0.7494,0.9694
BC046251,BC046251,0.8276,-0.3848,1.9301,-0.1994,0.842,0.9775
BC048403,BC048403,336.2357,0.2467,0.1775,1.3897,0.1646,0.8037
BC048502,BC048502,1.8517,-0.9949,1.6589,-0.5997,0.5487,0.929
BC048609,BC048609,0.9396,-0.1385,1.5881,-0.0872,0.9305,0.9918
BC049715,BC049715,0.4227,0.004,2.0624,0.0019,0.9985,1
BC049762,BC049762,1.0421,-0.697,1.4223,-0.49,0.6241,0.9451
BC051019,BC051019,313.7053,-0.339,0.3,-1.1303,0.2584,0.8485
BC051226,BC051226,26.1539,0.5807,0.4317,1.345,0.1786,0.8123
BC052040,BC052040,324.4021,-0.0373,0.0961,-0.3887,0.6975,0.9632
BC055324,BC055324,280.3212,-0.4196,0.2235,-1.8771,0.0605,0.7456
BC061237,BC061237,0.7255,-0.5925,1.9657,-0.3014,0.7631,0.97
BC064078,BC064078,11.6242,-0.364,0.4105,-0.8867,0.3752,0.8935
BC065397,BC065397,14.1773,-0.0566,0.4394,-0.1288,0.8975,0.9854
BC068281,BC068281,352.0414,0.1721,0.1254,1.3732,0.1697,0.8054
BC094916,BC094916,1.0376,-0.9046,1.4346,-0.6305,0.5283,0.9237
Bc1,Bc1,0.5275,-0.4727,2.3763,-0.1989,0.8423,0.9775
BC100451,BC100451,26.5293,-0.1096,0.3017,-0.3632,0.7165,0.9662
Bcam,Bcam,1269.2906,-0.1563,0.262,-0.5966,0.5507,0.929
Bcan,Bcan,4.6042,-0.4954,0.8056,-0.615,0.5385,0.9276
Bcap29,Bcap29,741.788,0.0217,0.2034,0.1067,0.915,0.9874
Bcap31,Bcap31,7556.0538,0.2667,0.121,2.2046,0.0275,0.732
Bcar1,Bcar1,3342.1519,-0.1532,0.1398,-1.0959,0.2731,0.8588
Bcar3,Bcar3,1902.1554,-0.0782,0.0831,-0.9411,0.3467,0.8828
Bcas1,Bcas1,2.6192,-1.2223,0.8657,-1.412,0.1579,0.8015
Bcas1os2,Bcas1os2,0.5157,0.7794,2.3731,0.3284,0.7426,0.9694
Bcas2,Bcas2,2233.3353,0.0156,0.0672,0.2323,0.8163,0.975
Bcas3,Bcas3,1117.3273,0.1734,0.0761,2.2802,0.0226,0.732
Bcat1,Bcat1,2082.5797,0.2939,0.2294,1.2814,0.2001,0.8249
Bcat2,Bcat2,1612.4341,0.1369,0.084,1.6297,0.1032,0.7679
Bccip,Bccip,1212.3264,0.0161,0.1311,0.1225,0.9025,0.986
Bcdin3d,Bcdin3d,208.9254,-0.0981,0.1113,-0.8815,0.378,0.8935
Bche,Bche,3.0209,0.5586,0.8871,0.6297,0.5289,0.9237
Bckdha,Bckdha,1495.878,0.1659,0.1157,1.4341,0.1515,0.7968
Bckdhb,Bckdhb,57.5922,-0.1928,0.2255,-0.8551,0.3925,0.8986
Bckdk,Bckdk,1946.2161,-0.063,0.0993,-0.634,0.5261,0.9228
Bcl10,Bcl10,2553.138,-0.0747,0.082,-0.9112,0.3622,0.8873
Bcl2,Bcl2,319.3914,-0.2046,0.2802,-0.7302,0.4653,0.9158
Bcl2l1,Bcl2l1,2239.8106,0.3291,0.1915,1.7182,0.0858,0.7626
Bcl2l11,Bcl2l11,1143.6076,0.1412,0.1426,0.9896,0.3224,0.8731
Bcl2l12,Bcl2l12,211.6099,-0.2102,0.1302,-1.6152,0.1063,0.7713
Bcl2l13,Bcl2l13,2621.5705,-0.0101,0.0714,-0.1411,0.8878,0.9833
Bcl2l14,Bcl2l14,3.793,-0.4423,0.931,-0.4751,0.6347,0.9478
Bcl2l15,Bcl2l15,7.4447,-0.1314,0.5067,-0.2593,0.7954,0.9712
Bcl2l2,Bcl2l2,2225.9506,0.0963,0.1011,0.9525,0.3409,0.879
Bcl3,Bcl3,832.1715,0.332,0.2312,1.4362,0.1509,0.7968
Bcl6,Bcl6,2393.7441,-0.0398,0.1066,-0.3739,0.7085,0.9661
Bcl6b,Bcl6b,120.8467,-0.3225,0.1741,-1.8527,0.0639,0.7457
Bcl7a,Bcl7a,937.429,-0.1894,0.124,-1.5278,0.1266,0.7753
Bcl7b,Bcl7b,1018.6882,0.1596,0.1083,1.474,0.1405,0.7903
Bcl7c,Bcl7c,705.1506,-0.1159,0.1095,-1.0581,0.29,0.8606
Bcl9,Bcl9,953.3136,0.0329,0.0667,0.4932,0.6219,0.944
Bcl9l,Bcl9l,2517.6548,0.1234,0.1108,1.1136,0.2654,0.8547
Bclaf1,Bclaf1,3094.1384,-0.0984,0.184,-0.5346,0.5929,0.9385
Bco1,Bco1,0.4225,-2.2624,2.3008,-0.9833,0.3255,0.8747
Bco2,Bco2,7.0521,0.069,0.6455,0.1069,0.9148,0.9874
Bcor,Bcor,2051.2769,-0.0707,0.0711,-0.9943,0.3201,0.8713
Bcorl1,Bcorl1,822.648,0.0936,0.1211,0.7734,0.4393,0.9109
Bcr,Bcr,2402.3696,0.0645,0.115,0.5606,0.575,0.9329
Bcs1l,Bcs1l,627.813,0.0016,0.096,0.0168,0.9866,1
Bdh1,Bdh1,13.3995,-0.4724,0.3848,-1.2276,0.2196,0.8302
Bdh2,Bdh2,396.9644,0.1673,0.113,1.4807,0.1387,0.7893
Bdkrb1,Bdkrb1,349.1318,0.0557,0.1558,0.3577,0.7206,0.9678
Bdkrb2,Bdkrb2,151.7423,0.596,0.4229,1.4093,0.1587,0.8015
Bdnf,Bdnf,678.5523,-0.184,0.1675,-1.099,0.2718,0.8588
Bdp1,Bdp1,745.4046,-0.1145,0.2485,-0.4606,0.6451,0.9522
Bean1,Bean1,265.4758,0.0157,0.1216,0.1289,0.8975,0.9854
Becn1,Becn1,3303.029,0.1109,0.0782,1.4171,0.1565,0.8015
Begain,Begain,14.5462,-0.1167,0.4175,-0.2795,0.7799,0.97
Bend3,Bend3,583.7885,-0.0398,0.0905,-0.4403,0.6598,0.9548
Bend5,Bend5,30.0931,-0.6697,0.3233,-2.0714,0.0383,0.732
Bend6,Bend6,616.3907,-0.0222,0.1211,-0.1831,0.8548,0.9796
Best1,Best1,288.0398,-0.4617,0.3669,-1.2587,0.2082,0.8265
Best2,Best2,0.8325,0.9845,1.5509,0.6348,0.5255,0.9228
Best3,Best3,54.2675,-0.1952,0.2427,-0.8044,0.4212,0.9056
Bet1,Bet1,1650.164,-0.0053,0.0852,-0.0619,0.9506,0.9939
Bet1l,Bet1l,1146.7921,0.0276,0.0923,0.2985,0.7653,0.97
Bex1,Bex1,3.1484,0.1143,0.8617,0.1326,0.8945,0.9846
Bex2,Bex2,2.4261,0.054,0.9641,0.056,0.9554,0.9953
Bfar,Bfar,1344.4939,-0.0201,0.1,-0.2008,0.8408,0.9775
Bfsp1,Bfsp1,5.6493,1.7139,0.8379,2.0454,0.0408,0.732
Bfsp2,Bfsp2,9.08,-0.5742,0.5122,-1.121,0.2623,0.853
Bglap,Bglap,1.7871,0.409,1.0169,0.4022,0.6876,0.9623
Bglap2,Bglap2,12.5143,0.2301,0.5471,0.4206,0.674,0.9594
Bglap3,Bglap3,15.4339,0.3934,0.3763,1.0455,0.2958,0.8607
Bgn,Bgn,144543.5845,-0.2666,0.1622,-1.6434,0.1003,0.767
Bhlha15,Bhlha15,1.4632,0.9632,1.1473,0.8395,0.4012,0.902
Bhlha9,Bhlha9,1.0471,0.9175,1.4362,0.6388,0.5229,0.9223
Bhlhb9,Bhlhb9,1420.901,-0.2246,0.15,-1.498,0.1341,0.7823
Bhlhe40,Bhlhe40,6316.5124,0.2288,0.1615,1.4164,0.1567,0.8015
Bhlhe41,Bhlhe41,3142.3066,-0.0643,0.1582,-0.4068,0.6841,0.9623
Bhmt,Bhmt,1.5712,0.2162,1.0655,0.2029,0.8392,0.9775
Bicc1,Bicc1,845.0431,-0.122,0.0945,-1.2908,0.1968,0.8209
Bicd1,Bicd1,78.1465,-0.054,0.2853,-0.1893,0.8498,0.9781
Bicd2,Bicd2,10618.9146,-0.2549,0.2046,-1.2458,0.2128,0.8265
Bid,Bid,1674.4317,0.2036,0.1359,1.4979,0.1342,0.7823
Bik,Bik,60.7567,-0.4326,0.2437,-1.7747,0.0759,0.7563
Bin1,Bin1,24159.9658,0.0707,0.1326,0.533,0.594,0.9385
Bin3,Bin3,1681.6142,0.1081,0.0847,1.2764,0.2018,0.8262
Birc2,Birc2,1337.0257,-0.1456,0.1428,-1.0194,0.308,0.8653
Birc3,Birc3,108.6333,0.2762,0.206,1.3406,0.18,0.8123
Birc5,Birc5,1342.2791,-0.8298,0.4004,-2.0723,0.0382,0.732
Birc6,Birc6,3890.9377,-0.2501,0.2445,-1.0229,0.3063,0.8653
Bivm,Bivm,1127.4041,-0.0172,0.105,-0.1639,0.8698,0.9818
Blcap,Blcap,1322.4781,0.2383,0.18,1.3236,0.1856,0.8161
Blk,Blk,9.6391,-0.231,0.5327,-0.4336,0.6646,0.9561
Blm,Blm,225.1222,-0.642,0.3259,-1.9696,0.0489,0.7364
Blmh,Blmh,2633.9079,-0.1232,0.0853,-1.4449,0.1485,0.7958
Blnk,Blnk,358.2676,0.2061,0.1756,1.1735,0.2406,0.84
Bloc1s1,Bloc1s1,1232.4065,-0.0217,0.074,-0.2929,0.7696,0.97
Bloc1s2,Bloc1s2,1004.546,-0.0105,0.0954,-0.1106,0.912,0.9873
Bloc1s3,Bloc1s3,476.8475,0.3904,0.1837,2.1247,0.0336,0.732
Bloc1s4,Bloc1s4,441.6961,0.1305,0.1177,1.1086,0.2676,0.8562
Bloc1s5,Bloc1s5,880.5393,0.1184,0.0828,1.43,0.1527,0.7987
Bloc1s6,Bloc1s6,1837.8546,0.0918,0.0818,1.1234,0.2613,0.8526
Blvra,Blvra,669.7563,-0.0988,0.1032,-0.9573,0.3384,0.879
Blvrb,Blvrb,684.7138,0.4272,0.2727,1.5668,0.1172,0.7753
Blzf1,Blzf1,1197.0345,-0.1506,0.1346,-1.1191,0.2631,0.8538
Bmf,Bmf,1138.388,0.4318,0.1765,2.4466,0.0144,0.732
Bmi1,Bmi1,2751.8946,-0.1667,0.2255,-0.7393,0.4597,0.9141
Bmp1,Bmp1,9899.2179,-0.1765,0.1434,-1.2305,0.2185,0.8302
Bmp15,Bmp15,0.7219,-0.9441,2.369,-0.3985,0.6902,0.9623
Bmp2,Bmp2,9.3386,0.2287,0.6225,0.3675,0.7133,0.9662
Bmp2k,Bmp2k,788.213,-0.1029,0.1533,-0.6711,0.5022,0.9188
Bmp4,Bmp4,1648.7727,-0.5195,0.2883,-1.8019,0.0716,0.752
Bmp5,Bmp5,0.729,-0.131,1.679,-0.078,0.9378,0.9923
Bmp6,Bmp6,13.1074,-0.2697,0.3902,-0.6912,0.4895,0.9181
Bmp7,Bmp7,0.7366,0.3878,1.6009,0.2423,0.8086,0.9732
Bmp8a,Bmp8a,25.6994,-0.5684,0.5383,-1.056,0.291,0.8606
Bmp8b,Bmp8b,1.8954,-0.2472,1.3348,-0.1852,0.8531,0.9789
Bmper,Bmper,5707.1646,0.183,0.1615,1.133,0.2572,0.8478
Bmpr1a,Bmpr1a,5356.0528,-0.1237,0.1798,-0.6876,0.4917,0.9181
Bmpr1b,Bmpr1b,248.5632,-0.3743,0.2449,-1.5285,0.1264,0.7753
Bmpr2,Bmpr2,2361.5303,-0.0845,0.2435,-0.3473,0.7284,0.9694
Bms1,Bms1,2582.734,-0.1811,0.1376,-1.3157,0.1883,0.8161
Bmyc,Bmyc,32.8523,-0.1175,0.2482,-0.4734,0.6359,0.9487
Bnc1,Bnc1,17.563,-1.3609,1.0729,-1.2685,0.2046,0.8262
Bnc2,Bnc2,960.0602,-0.0884,0.1293,-0.6834,0.4944,0.9181
Bnip1,Bnip1,678.6129,0.0138,0.0746,0.1852,0.8531,0.9789
Bnip2,Bnip2,7555.8499,0.0196,0.0957,0.2047,0.8378,0.9775
Bnip3,Bnip3,8551.4195,0.6992,0.3339,2.0942,0.0362,0.732
Bnip3l,Bnip3l,5735.5139,0.138,0.1628,0.8479,0.3965,0.8991
Bnipl,Bnipl,2.6208,1.0407,0.8902,1.1692,0.2423,0.8407
Boc,Boc,1104.5841,0.3162,0.1887,1.6756,0.0938,0.7643
Bod1,Bod1,2342.9784,-0.0118,0.0828,-0.1432,0.8861,0.9833
Bod1l,Bod1l,803.7139,0.1474,0.1546,0.9534,0.3404,0.879
Bok,Bok,1819.9137,-0.4376,0.2357,-1.8565,0.0634,0.7457
Bola1,Bola1,333.897,0.095,0.1114,0.8532,0.3936,0.8986
Bola2,Bola2,387.4187,0.0296,0.1317,0.2247,0.8222,0.9766
Bola3,Bola3,541.387,0.0082,0.13,0.0628,0.9499,0.9939
Bop1,Bop1,4167.9755,-0.0387,0.0904,-0.4277,0.6689,0.9568
Bora,Bora,326.6837,-0.6613,0.2406,-2.7481,0.006,0.732
Borg,Borg,2.7148,-0.0963,0.9389,-0.1025,0.9183,0.9879
Bpgm,Bpgm,1078.5204,-0.0577,0.1248,-0.4623,0.6439,0.9516
Bphl,Bphl,671.706,0.107,0.096,1.115,0.2649,0.8547
Bpifb1,Bpifb1,1.885,1.5274,1.1625,1.3139,0.1889,0.8161
Bpifc,Bpifc,0.5245,1.3668,1.9888,0.6872,0.4919,0.9181
Bpnt1,Bpnt1,1364.1213,-0.0455,0.0644,-0.7067,0.4798,0.9168
Bptf,Bptf,2426.9592,-0.1873,0.1934,-0.9684,0.3329,0.8778
Braf,Braf,742.9646,-0.0166,0.1858,-0.0891,0.929,0.9916
Brap,Brap,3070.7516,0.0156,0.0532,0.2936,0.769,0.97
Brat1,Brat1,1005.9779,0.0423,0.0726,0.582,0.5606,0.9294
Brca1,Brca1,475.1753,-0.8124,0.398,-2.0413,0.0412,0.732
Brca2,Brca2,149.7863,-0.3231,0.2138,-1.5112,0.1307,0.7771
Brcc3,Brcc3,613.1336,-0.0424,0.0849,-0.499,0.6178,0.9428
Brd1,Brd1,3166.1041,0.0611,0.0987,0.6192,0.5358,0.9268
Brd2,Brd2,8359.9753,0.0983,0.0986,0.997,0.3188,0.8707
Brd3,Brd3,2620.1965,-0.1773,0.1209,-1.466,0.1426,0.7928
Brd4,Brd4,3622.0421,-0.0681,0.0695,-0.9795,0.3273,0.8756
Brd7,Brd7,3714.1245,-0.1388,0.1006,-1.3797,0.1677,0.8045
Brd8,Brd8,2070.7342,-0.135,0.0806,-1.6756,0.0938,0.7643
Brd9,Brd9,1369.0779,-0.0524,0.0857,-0.6117,0.5407,0.9281
Brdt,Brdt,37.5141,-0.014,0.2368,-0.0591,0.9529,0.9945
Bre,Bre,1748.1514,0.1437,0.0993,1.447,0.1479,0.7958
Brf1,Brf1,1532.1847,-0.0074,0.076,-0.0974,0.9224,0.9891
Brf2,Brf2,523.927,0.0651,0.0972,0.6702,0.5028,0.9188
Bri3,Bri3,1283.2835,0.3267,0.1888,1.7303,0.0836,0.7572
Bri3bp,Bri3bp,1559.3878,0.2065,0.1752,1.1786,0.2386,0.8393
Brinp1,Brinp1,7.2079,-0.3921,0.558,-0.7027,0.4822,0.9168
Brinp3,Brinp3,6053.1361,-0.3521,0.1063,-3.3132,0.0009,0.5459
Brip1,Brip1,260.8225,-0.9079,0.4249,-2.1367,0.0326,0.732
Brip1os,Brip1os,2184.7461,-0.4085,0.148,-2.7611,0.0058,0.732
Brix1,Brix1,2773.8782,-0.1263,0.0986,-1.2807,0.2003,0.8249
Brk1,Brk1,3885.9971,0.0572,0.1087,0.5263,0.5987,0.9398
Brms1,Brms1,799.928,0.1132,0.1042,1.0863,0.2773,0.8588
Brms1l,Brms1l,1469.723,-0.1157,0.0867,-1.3345,0.182,0.8131
Brox,Brox,4191.4176,-0.0371,0.0969,-0.3828,0.7019,0.9635
Brpf1,Brpf1,1387.3087,-0.0534,0.0872,-0.612,0.5405,0.9281
Brpf3,Brpf3,692.4608,0.2203,0.1419,1.5524,0.1206,0.7753
Brsk1,Brsk1,385.3597,0.0576,0.1717,0.3355,0.7373,0.9694
Brsk2,Brsk2,0.7362,2.1389,1.8444,1.1597,0.2462,0.8423
Brwd1,Brwd1,1988.0621,-0.1378,0.2216,-0.6219,0.534,0.9258
Brwd3,Brwd3,219.8255,-0.1765,0.3125,-0.5648,0.5722,0.9323
Bscl2,Bscl2,74.1396,0.1381,0.2094,0.6596,0.5095,0.9195
Bsdc1,Bsdc1,1975.3682,0.2206,0.1228,1.7965,0.0724,0.752
Bsg,Bsg,36892.1567,0.3321,0.2193,1.5146,0.1299,0.777
Bsn,Bsn,157.1599,0.291,0.2512,1.1584,0.2467,0.8426
Bspry,Bspry,38.1548,-0.2029,0.2699,-0.7518,0.4522,0.9121
Bst1,Bst1,1.0538,0.4382,1.5223,0.2879,0.7734,0.97
Bst2,Bst2,614.5815,0.039,0.182,0.2145,0.8302,0.9774
Btaf1,Btaf1,1297.9789,-0.1172,0.1976,-0.5932,0.553,0.929
Btbd1,Btbd1,3480.6967,-0.1072,0.1231,-0.8707,0.3839,0.8935
Btbd10,Btbd10,973.2099,0.0154,0.0735,0.2091,0.8344,0.9774
Btbd11,Btbd11,752.0902,0.5508,0.2676,2.058,0.0396,0.732
Btbd16,Btbd16,0.7315,-2.0245,1.8148,-1.1156,0.2646,0.8547
Btbd17,Btbd17,158.8553,-0.3442,0.3173,-1.085,0.2779,0.8588
Btbd18,Btbd18,3.8494,-0.1921,0.8283,-0.2319,0.8166,0.975
Btbd19,Btbd19,538.4441,0.0557,0.1488,0.3743,0.7082,0.9661
Btbd2,Btbd2,1942.4958,0.0688,0.0813,0.8466,0.3972,0.8991
Btbd3,Btbd3,608.1898,0.1,0.1193,0.8378,0.4021,0.9026
Btbd6,Btbd6,705.5727,-0.0314,0.1041,-0.302,0.7627,0.97
Btbd7,Btbd7,1050.9701,-0.0186,0.1294,-0.1436,0.8858,0.9833
Btbd8,Btbd8,11.3382,-0.1078,0.4283,-0.2516,0.8013,0.9719
Btbd9,Btbd9,1160.8011,0.0453,0.0727,0.6232,0.5332,0.9256
Btc,Btc,44.69,-0.4438,0.2839,-1.5631,0.118,0.7753
Btd,Btd,1486.1474,0.2692,0.1478,1.8215,0.0685,0.7507
Btf3,Btf3,11148.9838,0.0504,0.1131,0.4457,0.6558,0.9548
Btf3l4,Btf3l4,1836.3565,0.0036,0.1148,0.0309,0.9753,0.9992
Btg1,Btg1,8657.0281,0.2153,0.1763,1.2213,0.222,0.8307
Btg2,Btg2,1672.4716,-0.1008,0.1092,-0.9232,0.3559,0.8852
Btg3,Btg3,27.7594,0.2932,0.3775,0.7769,0.4372,0.9098
Btk,Btk,0.7217,-0.9436,2.369,-0.3983,0.6904,0.9623
Btla,Btla,107.4538,-0.167,0.3263,-0.512,0.6087,0.9416
Btn1a1,Btn1a1,3.3578,0.2588,0.7533,0.3435,0.7312,0.9694
Btn2a2,Btn2a2,15.8474,-0.1861,0.4404,-0.4225,0.6726,0.9585
Btrc,Btrc,1239.5885,-0.0254,0.0887,-0.2869,0.7742,0.97
Bub1,Bub1,742.0477,-0.8781,0.4751,-1.8481,0.0646,0.7457
Bub1b,Bub1b,1646.7763,-0.7421,0.3709,-2.0006,0.0454,0.7364
Bub3,Bub3,3498.259,-0.0969,0.0826,-1.173,0.2408,0.84
Bud13,Bud13,529.4481,-0.0531,0.0923,-0.5752,0.5652,0.93
Bud31,Bud31,2257.4575,-0.0011,0.0918,-0.0123,0.9902,1
Bves,Bves,3568.926,-0.0433,0.1399,-0.3097,0.7568,0.9694
Bvht,Bvht,149.5942,-0.2669,0.2112,-1.2634,0.2064,0.8262
Bysl,Bysl,1720.9309,-0.0255,0.0729,-0.3503,0.7261,0.9691
Bzrap1,Bzrap1,28.1097,-0.1933,0.3691,-0.5237,0.6005,0.9406
Bzw1,Bzw1,9936.4743,-0.1833,0.1203,-1.5236,0.1276,0.7753
Bzw2,Bzw2,2429.1455,-0.0058,0.132,-0.044,0.9649,0.9978
C030006K11Rik,C030006K11Rik,622.5987,0.2037,0.1375,1.4811,0.1386,0.7892
C030013C21Rik,C030013C21Rik,1.4743,-0.136,1.1512,-0.1181,0.906,0.9867
C030016D13Rik,C030016D13Rik,6.6075,0.4261,0.8092,0.5266,0.5985,0.9397
C030034I22Rik,C030034I22Rik,35.4079,-0.0322,0.2912,-0.1106,0.9119,0.9873
C030037D09Rik,C030037D09Rik,59.9596,-0.2841,0.288,-0.9863,0.324,0.8734
C030039L03Rik,C030039L03Rik,146.5537,0.0321,0.1857,0.1728,0.8628,0.9807
C130021I20Rik,C130021I20Rik,0.5276,-1.5402,2.2818,-0.675,0.4997,0.9181
C130026I21Rik,C130026I21Rik,1.4706,-0.3132,1.146,-0.2733,0.7846,0.97
C130036L24Rik,C130036L24Rik,8.8097,0.3351,0.4886,0.6859,0.4928,0.9181
C130046K22Rik,C130046K22Rik,1.7773,-0.2942,1.1885,-0.2475,0.8045,0.9724
C130050O18Rik,C130050O18Rik,5.9877,0.5699,0.8312,0.6856,0.493,0.9181
C130060C02Rik,C130060C02Rik,3.8907,0.2808,0.8411,0.3339,0.7385,0.9694
C130071C03Rik,C130071C03Rik,1.1321,-1.5307,1.6994,-0.9007,0.3677,0.8911
C130074G19Rik,C130074G19Rik,1.1528,1.1743,1.4973,0.7842,0.4329,0.9089
C130080G10Rik,C130080G10Rik,121.8785,-0.6714,0.5012,-1.3398,0.1803,0.8126
C130083M11Rik,C130083M11Rik,55.7451,-0.2796,0.2903,-0.963,0.3356,0.8778
C1d,C1d,1824.3748,-0.0334,0.0851,-0.3925,0.6947,0.9623
C1galt1,C1galt1,493.3498,0.201,0.1896,1.0599,0.2892,0.8606
C1galt1c1,C1galt1c1,1270.2378,0.0027,0.1126,0.0242,0.9807,1
C1qbp,C1qbp,4320.7379,0.0642,0.1383,0.4639,0.6427,0.9512
C1ql1,C1ql1,28.2386,-0.523,0.3714,-1.4082,0.1591,0.8015
C1ql3,C1ql3,0.9494,0.9619,1.3827,0.6957,0.4866,0.9168
C1ql4,C1ql4,1.674,0.3901,1.2869,0.3032,0.7618,0.97
C1qtnf1,C1qtnf1,2050.6324,0.3184,0.1466,2.1714,0.0299,0.732
C1qtnf2,C1qtnf2,2.8206,1.0813,0.9415,1.1484,0.2508,0.8443
C1qtnf3,C1qtnf3,28269.1492,-0.8318,0.6574,-1.2653,0.2058,0.8262
C1qtnf4,C1qtnf4,4.305,0.3927,0.6946,0.5653,0.5719,0.9323
C1qtnf6,C1qtnf6,3122.4244,-0.2304,0.1879,-1.2262,0.2201,0.8303
C1qtnf7,C1qtnf7,1.041,1.4128,1.635,0.8641,0.3875,0.8952
C1qtnf9,C1qtnf9,0.5236,0.0707,2.0347,0.0347,0.9723,0.999
C1ra,C1ra,6978.9158,0.6065,0.3343,1.8143,0.0696,0.7507
C1rb,C1rb,615.6947,0.6301,0.3428,1.838,0.0661,0.7457
C1rl,C1rl,909.9521,0.1894,0.0996,1.9018,0.0572,0.7377
C1s1,C1s1,20791.6966,0.5991,0.3218,1.8616,0.0627,0.7457
C1s2,C1s2,1532.5926,0.538,0.3388,1.588,0.1123,0.7736
C2,C2,1.5697,0.3064,1.2973,0.2361,0.8133,0.9744
C230024C17Rik,C230024C17Rik,0.9477,-0.5481,1.652,-0.3318,0.74,0.9694
C230035I16Rik,C230035I16Rik,23.3125,-0.0881,0.2975,-0.296,0.7672,0.97
C230037L18Rik,C230037L18Rik,4.6174,0.4022,0.6917,0.5815,0.5609,0.9294
C230091D08Rik,C230091D08Rik,324.2062,-0.0107,0.2755,-0.0388,0.969,0.999
C2cd2,C2cd2,533.0576,-0.1718,0.0974,-1.7641,0.0777,0.7572
C2cd2l,C2cd2l,684.4323,0.3618,0.1533,2.3598,0.0183,0.732
C2cd3,C2cd3,812.4554,-0.0195,0.0947,-0.2059,0.8369,0.9774
C2cd4a,C2cd4a,1.7876,-0.423,1.1766,-0.3595,0.7192,0.9672
C2cd4c,C2cd4c,9.8206,0.3946,0.5094,0.7748,0.4385,0.9104
C2cd5,C2cd5,782.288,-0.0188,0.1186,-0.1583,0.8742,0.9819
C3,C3,23832.767,0.4263,0.1911,2.2305,0.0257,0.732
C330006A16Rik,C330006A16Rik,1750.7906,0.0344,0.0883,0.3901,0.6965,0.9629
C330007P06Rik,C330007P06Rik,1385.9016,-0.0623,0.1501,-0.415,0.6782,0.961
C330013E15Rik,C330013E15Rik,39.5785,0.1633,0.2342,0.6976,0.4855,0.9168
C330013J21Rik,C330013J21Rik,9.2322,-0.0024,0.4802,-0.005,0.996,1
C330018D20Rik,C330018D20Rik,530.3274,0.0544,0.0916,0.5936,0.5528,0.929
C330021F23Rik,C330021F23Rik,206.0041,0.2715,0.1862,1.4579,0.1449,0.7928
C330024C12Rik,C330024C12Rik,2.6076,-0.4688,0.8429,-0.5562,0.5781,0.9346
C330027C09Rik,C330027C09Rik,753.1737,-0.7726,0.4759,-1.6236,0.1045,0.7679
C3ar1,C3ar1,16.0071,0.254,0.4507,0.5636,0.573,0.9325
C430002N11Rik,C430002N11Rik,13.9247,-0.139,0.4166,-0.3337,0.7386,0.9694
C430049B03Rik,C430049B03Rik,189.3117,-0.1648,0.2194,-0.7513,0.4525,0.9121
C4a,C4a,57.0234,0.222,0.1912,1.161,0.2457,0.8421
C4b,C4b,10.3686,1.467,0.8648,1.6963,0.0898,0.764
C530005A16Rik,C530005A16Rik,16.4448,0.0139,0.4061,0.0342,0.9727,0.999
C530008M17Rik,C530008M17Rik,246.0928,-0.2887,0.2247,-1.2847,0.1989,0.8245
C630043F03Rik,C630043F03Rik,26.9372,-0.1499,0.2971,-0.5046,0.6138,0.9426
C77080,C77080,3622.7969,0.1689,0.1312,1.2871,0.198,0.8229
C87436,C87436,711.1753,0.1366,0.1479,0.9236,0.3557,0.8852
C8a,C8a,0.421,0.004,2.0635,0.002,0.9984,1
C8g,C8g,49.167,0.0128,0.2687,0.0477,0.962,0.997
C9,C9,1.0538,1.877,1.4638,1.2823,0.1997,0.8249
C920006O11Rik,C920006O11Rik,8.6786,0.1758,0.5318,0.3306,0.7409,0.9694
C920009B18Rik,C920009B18Rik,170.9704,0.0986,0.16,0.6158,0.538,0.9275
C920021L13Rik,C920021L13Rik,9.53,0.2293,0.4548,0.5041,0.6142,0.9426
C920025E04Rik,C920025E04Rik,252.3618,0.3724,0.1902,1.9577,0.0503,0.7364
Caap1,Caap1,403.693,-0.0709,0.1699,-0.4172,0.6766,0.96
Cab39,Cab39,3606.8516,-0.1608,0.1591,-1.0108,0.3121,0.8684
Cab39l,Cab39l,1499.7589,-0.0926,0.1163,-0.7963,0.4259,0.9068
Cabin1,Cabin1,3171.2991,0.159,0.1008,1.5777,0.1146,0.7749
Cables1,Cables1,147.0732,0.38,0.1523,2.4944,0.0126,0.732
Cables2,Cables2,685.1705,0.0448,0.0727,0.6166,0.5375,0.9274
Cabp1,Cabp1,2.1874,0.4,0.9725,0.4113,0.6808,0.9614
Cabp2,Cabp2,1.261,0.3511,1.3004,0.27,0.7871,0.97
Cabp4,Cabp4,4.5937,0.3472,0.8192,0.4238,0.6717,0.9578
Cabyr,Cabyr,25.4332,0.1144,0.2794,0.4095,0.6822,0.962
Cacfd1,Cacfd1,1258.0568,0.095,0.0945,1.0062,0.3143,0.8692
Cachd1,Cachd1,530.5899,-0.0586,0.119,-0.4927,0.6223,0.9443
Cacna1a,Cacna1a,74.6886,-0.1976,0.1696,-1.1651,0.244,0.8419
Cacna1b,Cacna1b,71.2178,-0.3919,0.3287,-1.1925,0.2331,0.8354
Cacna1c,Cacna1c,0.9443,0.8068,1.4183,0.5689,0.5695,0.9313
Cacna1d,Cacna1d,2.0779,0.4793,1.068,0.4488,0.6536,0.9548
Cacna1g,Cacna1g,267.7283,-1.0753,0.7466,-1.4404,0.1498,0.7968
Cacna1h,Cacna1h,1.9941,-1.6388,1.0251,-1.5986,0.1099,0.7736
Cacna1i,Cacna1i,1.0477,-1.0513,1.449,-0.7255,0.4681,0.9168
Cacna1s,Cacna1s,2132.7844,-0.329,0.3337,-0.9859,0.3242,0.8734
Cacna2d1,Cacna2d1,2556.0921,-0.1016,0.2548,-0.3987,0.6901,0.9623
Cacna2d2,Cacna2d2,19.6462,-1.3418,0.628,-2.1365,0.0326,0.732
Cacna2d3,Cacna2d3,0.8365,-1.3121,1.493,-0.8788,0.3795,0.8935
Cacnb1,Cacnb1,2667.3358,-0.061,0.2014,-0.3029,0.762,0.97
Cacnb2,Cacnb2,67.7829,0.0568,0.1861,0.3053,0.7602,0.9699
Cacnb3,Cacnb3,3681.0195,0.2294,0.0999,2.2968,0.0216,0.732
Cacnb4,Cacnb4,12.1723,0.213,0.4379,0.4864,0.6267,0.9451
Cacng1,Cacng1,4999.7467,0.0916,0.1515,0.6045,0.5455,0.9286
Cacng4,Cacng4,2.3059,-0.9541,0.965,-0.9887,0.3228,0.8731
Cacng6,Cacng6,43.2979,-0.2155,0.3052,-0.7059,0.4802,0.9168
Cacng7,Cacng7,7.9473,0.0637,0.515,0.1236,0.9016,0.986
Cacng8,Cacng8,0.9502,-0.9515,1.5007,-0.634,0.5261,0.9228
Cactin,Cactin,1417.3195,0.0227,0.0682,0.3325,0.7395,0.9694
Cacul1,Cacul1,2204.7893,0.0022,0.1247,0.0178,0.9858,1
Cacybp,Cacybp,3645.8249,-0.1225,0.1439,-0.8511,0.3947,0.8987
Cad,Cad,3121.1169,0.0033,0.1224,0.027,0.9785,0.9995
Cadm1,Cadm1,654.4595,0.1793,0.1778,1.0081,0.3134,0.8692
Cadm2,Cadm2,1.7834,-0.0664,1.1177,-0.0594,0.9526,0.9944
Cadm3,Cadm3,13.4671,-0.7052,0.414,-1.7035,0.0885,0.764
Cadm4,Cadm4,703.1251,0.1107,0.1507,0.7343,0.4628,0.9152
Cage1,Cage1,71.6181,0.0554,0.1786,0.3105,0.7562,0.9694
Cahm,Cahm,18.2647,0.0121,0.4072,0.0297,0.9763,0.9992
Calca,Calca,1.0518,0.4449,1.5901,0.2798,0.7796,0.97
Calcb,Calcb,1.0378,-0.2947,1.6121,-0.1828,0.855,0.9796
Calcoco1,Calcoco1,7035.6531,0.1474,0.0802,1.8369,0.0662,0.7457
Calcrl,Calcrl,411.4897,0.4742,0.2491,1.9038,0.0569,0.7377
Cald1,Cald1,21471.1672,-0.2284,0.1514,-1.5088,0.1314,0.7771
Calhm2,Calhm2,1.5715,-0.2097,1.0796,-0.1942,0.846,0.9776
Calm1,Calm1,21123.2104,-0.0413,0.0521,-0.7923,0.4282,0.9073
Calm2,Calm2,15841.8487,-0.0463,0.0731,-0.6334,0.5265,0.9228
Calm3,Calm3,10092.8391,-0.067,0.1056,-0.6343,0.5259,0.9228
Calml3,Calml3,2.3911,-0.6513,1.0001,-0.6513,0.5149,0.92
Calml4,Calml4,144.008,-0.0098,0.2243,-0.0439,0.965,0.9978
Calr,Calr,72987.0989,0.3673,0.1603,2.2916,0.0219,0.732
Calr3,Calr3,40.9816,-0.0862,0.3162,-0.2726,0.7852,0.97
Calr4,Calr4,33.5915,-0.419,0.3271,-1.2808,0.2003,0.8249
Calu,Calu,39493.6308,-0.0597,0.0429,-1.3934,0.1635,0.8037
Caly,Caly,0.4216,0.0071,2.0629,0.0035,0.9972,1
Camk1,Camk1,1620.8615,0.0868,0.0919,0.9445,0.3449,0.8808
Camk1d,Camk1d,169.5915,-0.118,0.1488,-0.7927,0.428,0.9071
Camk1g,Camk1g,584.2236,-0.5427,0.2932,-1.8506,0.0642,0.7457
Camk2a,Camk2a,1809.0454,-0.2152,0.2824,-0.7621,0.446,0.912
Camk2b,Camk2b,200.4062,-0.6436,0.554,-1.1617,0.2454,0.8421
Camk2d,Camk2d,2331.5682,-0.0564,0.0938,-0.6015,0.5475,0.9289
Camk2g,Camk2g,4590.2144,-0.0736,0.0892,-0.8253,0.4092,0.9033
Camk2n1,Camk2n1,77.4084,0.0798,0.2181,0.3659,0.7144,0.9662
Camk2n2,Camk2n2,171.2682,0.2977,0.2244,1.3262,0.1848,0.8152
Camk4,Camk4,14.6206,-1.0408,0.4836,-2.1521,0.0314,0.732
Camkk1,Camkk1,443.0304,-0.004,0.1193,-0.0337,0.9731,0.999
Camkk2,Camkk2,1548.8917,0.1313,0.1519,0.8642,0.3875,0.8952
Camkmt,Camkmt,81.9934,-0.0599,0.1724,-0.3473,0.7284,0.9694
Camkv,Camkv,1.5757,-0.4632,1.0978,-0.4219,0.6731,0.9586
Caml,Caml,1332.4531,-0.0101,0.0794,-0.1267,0.8992,0.9856
Camp,Camp,95.044,0.9678,0.5848,1.6549,0.0979,0.7669
Camsap1,Camsap1,2258.2767,-0.0022,0.0638,-0.0339,0.9729,0.999
Camsap2,Camsap2,2381.1053,-0.0831,0.1738,-0.4784,0.6324,0.9466
Camsap3,Camsap3,5.3101,-0.5648,0.6964,-0.8111,0.4173,0.9046
Camta1,Camta1,196.9429,0.0615,0.1314,0.4685,0.6394,0.9492
Camta2,Camta2,1180.4939,0.0359,0.0772,0.4645,0.6423,0.9508
Cand1,Cand1,7911.14,-0.1131,0.0802,-1.4106,0.1584,0.8015
Cand2,Cand2,2164.6856,-0.0846,0.1625,-0.521,0.6023,0.941
Cant1,Cant1,2801.2865,0.1885,0.1272,1.482,0.1383,0.7888
Canx,Canx,20704.4302,0.1807,0.1187,1.5214,0.1281,0.7758
Cap1,Cap1,16220.9451,-0.0627,0.069,-0.9096,0.363,0.8873
Cap2,Cap2,3056.3776,-0.3336,0.3147,-1.06,0.2892,0.8606
Capg,Capg,8672.7066,0.1285,0.1438,0.8931,0.3718,0.893
Capn1,Capn1,3028.9299,-0.0138,0.0738,-0.1875,0.8512,0.9788
Capn10,Capn10,502.7961,0.1053,0.1124,0.9365,0.349,0.8831
Capn11,Capn11,16.7416,0.2642,0.3583,0.7374,0.4609,0.9143
Capn12,Capn12,1.0442,1.5356,1.4702,1.0445,0.2963,0.8607
Capn15,Capn15,524.9863,0.0138,0.0879,0.1574,0.8749,0.9819
Capn2,Capn2,15202.3966,-0.1736,0.1084,-1.6009,0.1094,0.7736
Capn3,Capn3,720.9432,-0.0838,0.139,-0.6028,0.5467,0.9289
Capn5,Capn5,832.8508,0.2089,0.116,1.8007,0.0718,0.752
Capn6,Capn6,1853.0817,-0.5632,0.3179,-1.7717,0.0764,0.7567
Capn7,Capn7,2162.0287,-0.1174,0.174,-0.6749,0.4997,0.9181
Capn8,Capn8,0.3169,0.6972,2.5704,0.2712,0.7862,0.97
Capn9,Capn9,0.8446,0.6991,1.5747,0.444,0.6571,0.9548
Capns1,Capns1,10256.0554,0.0195,0.0909,0.2142,0.8304,0.9774
Capns2,Capns2,1.0458,0.9258,1.933,0.4789,0.632,0.9466
Caprin1,Caprin1,14701.1605,-0.1465,0.1143,-1.2823,0.1997,0.8249
Caprin2,Caprin2,211.425,-0.1344,0.1681,-0.7991,0.4242,0.906
Caps2,Caps2,23.1445,0.1934,0.3119,0.6202,0.5351,0.9265
Capza1,Capza1,2519.6922,-0.2426,0.1688,-1.4368,0.1508,0.7968
Capza2,Capza2,9845.1475,-0.1371,0.1319,-1.0399,0.2984,0.8608
Capzb,Capzb,12574.2125,0.0789,0.0974,0.8098,0.4181,0.9047
Car1,Car1,2.1947,0.9168,0.9344,0.9811,0.3265,0.8749
Car10,Car10,0.4185,0.7833,2.4791,0.3159,0.752,0.9694
Car11,Car11,262.349,0.3097,0.1165,2.6585,0.0078,0.732
Car12,Car12,849.7442,0.3141,0.437,0.7188,0.4723,0.9168
Car13,Car13,2400.0816,-0.2029,0.1335,-1.5195,0.1286,0.7759
Car14,Car14,5.4337,0.211,0.7866,0.2682,0.7886,0.97
Car15,Car15,17.3747,0.2542,0.3744,0.6788,0.4973,0.9181
Car2,Car2,155.3548,-0.6807,0.4187,-1.6258,0.104,0.7679
Car3,Car3,472.8606,-0.361,0.4109,-0.8786,0.3796,0.8935
Car5b,Car5b,2089.6687,-0.1085,0.094,-1.1534,0.2488,0.8438
Car6,Car6,128.5114,1.8549,1.4573,1.2728,0.2031,0.8262
Car7,Car7,10.5649,-0.1543,0.4395,-0.3511,0.7255,0.9689
Car8,Car8,13.709,0.7675,0.4817,1.5935,0.1111,0.7736
Car9,Car9,7120.2235,0.5739,0.4289,1.3381,0.1809,0.8127
Card10,Card10,82.6381,-0.1619,0.2025,-0.7995,0.424,0.906
Card11,Card11,3.3462,-0.5701,0.9199,-0.6197,0.5355,0.9265
Card14,Card14,40.4669,0.1026,0.2495,0.4114,0.6808,0.9614
Card6,Card6,783.3678,0.0032,0.0644,0.0492,0.9607,0.9969
Card9,Card9,2.6294,-0.0993,0.9217,-0.1078,0.9142,0.9874
Carf,Carf,188.4788,0.0015,0.2203,0.0067,0.9947,1
Carhsp1,Carhsp1,7780.5555,0.1773,0.1166,1.5199,0.1285,0.7758
Carkd,Carkd,2074.9547,0.15,0.1204,1.2465,0.2126,0.8265
Carm1,Carm1,2658.5331,-0.0443,0.0735,-0.6034,0.5463,0.9289
Carns1,Carns1,528.7145,-0.0455,0.163,-0.279,0.7802,0.97
Cars,Cars,3244.8818,0.3423,0.1719,1.9917,0.0464,0.7364
Cars2,Cars2,356.0376,0.0229,0.1088,0.2104,0.8333,0.9774
Casc1,Casc1,9.5184,-0.0296,0.4913,-0.0603,0.9519,0.994
Casc3,Casc3,2294.9821,0.0072,0.0612,0.1181,0.906,0.9867
Casc4,Casc4,1906.235,-0.3014,0.2438,-1.2366,0.2162,0.8286
Casc5,Casc5,103.8224,-0.5897,0.3922,-1.5036,0.1327,0.7779
Casd1,Casd1,1183.6475,-0.0148,0.1455,-0.1017,0.919,0.9879
Cask,Cask,1505.4245,-0.0832,0.1057,-0.7865,0.4316,0.9081
Caskin1,Caskin1,23.2082,0.1173,0.3628,0.3234,0.7464,0.9694
Caskin2,Caskin2,950.461,0.0008,0.0793,0.01,0.992,1
Casp1,Casp1,90.6739,-0.0083,0.1581,-0.0522,0.9584,0.9964
Casp12,Casp12,1622.8882,-0.1883,0.1648,-1.1426,0.2532,0.8453
Casp14,Casp14,12.5422,-1.0077,0.4608,-2.1867,0.0288,0.732
Casp2,Casp2,1070.928,-0.0411,0.1007,-0.4085,0.6829,0.962
Casp3,Casp3,2543.9732,-0.1829,0.1154,-1.5854,0.1129,0.7736
Casp4,Casp4,471.4702,0.3771,0.2671,1.4118,0.158,0.8015
Casp6,Casp6,1094.2719,0.1525,0.1341,1.137,0.2555,0.8467
Casp7,Casp7,691.0446,-0.2166,0.1095,-1.9777,0.048,0.7364
Casp8,Casp8,1115.8829,-0.2884,0.078,-3.6982,0.0002,0.3039
Casp8ap2,Casp8ap2,263.1414,-0.063,0.1264,-0.498,0.6185,0.9433
Casp9,Casp9,880.9347,0.1252,0.0861,1.4538,0.146,0.7928
Casq1,Casq1,1687.8459,-0.3213,0.3005,-1.0694,0.2849,0.8606
Casq2,Casq2,16075.2907,-0.1277,0.2481,-0.5148,0.6067,0.9411
Cast,Cast,6022.9701,0.1396,0.1313,1.0632,0.2877,0.8606
Casz1,Casz1,248.7845,-0.455,0.3465,-1.3133,0.1891,0.8161
Cat,Cat,3768.9956,0.3064,0.2002,1.5303,0.1259,0.7753
Catip,Catip,6.0639,0.3862,0.652,0.5923,0.5536,0.929
Catsper1,Catsper1,0.6287,2.7544,1.7928,1.5364,0.1244,0.7753
Catsper2,Catsper2,95.3786,0.1296,0.1957,0.6622,0.5079,0.9188
Catsper3,Catsper3,11.9411,0.5621,0.4502,1.2487,0.2118,0.8265
Catsperd,Catsperd,5.043,0.0562,0.6813,0.0825,0.9342,0.9923
Catsperg1,Catsperg1,3.5619,1.3872,0.7819,1.7741,0.076,0.7564
Catsperg2,Catsperg2,1.059,0.0009,2.2895,0.0004,0.9997,1
Cav1,Cav1,10672.7682,-0.8161,0.3274,-2.4926,0.0127,0.732
Cav2,Cav2,948.7106,-0.2943,0.2292,-1.2841,0.1991,0.8248
Cav3,Cav3,1455.6674,-0.4401,0.3389,-1.2987,0.194,0.82
Cbfa2t2,Cbfa2t2,1533.3557,-0.0807,0.0722,-1.1179,0.2636,0.8538
Cbfa2t3,Cbfa2t3,338.7166,-0.1708,0.2745,-0.6221,0.5339,0.9258
Cbfb,Cbfb,5711.259,-0.1678,0.1332,-1.2597,0.2078,0.8263
Cbl,Cbl,419.5852,-0.1424,0.2125,-0.6699,0.5029,0.9188
Cblb,Cblb,1641.6142,-0.0639,0.1024,-0.6239,0.5327,0.9255
Cblc,Cblc,1.8851,0.7073,1.0352,0.6833,0.4944,0.9181
Cbll1,Cbll1,728.082,-0.1132,0.1381,-0.8198,0.4123,0.9033
Cbln1,Cbln1,18.2501,-0.7516,0.3653,-2.0575,0.0396,0.732
Cbln3,Cbln3,13.3766,0.016,0.4602,0.0349,0.9722,0.999
Cbr1,Cbr1,923.7869,0.2153,0.1489,1.4465,0.148,0.7958
Cbr2,Cbr2,3364.7419,0.109,0.1082,1.0076,0.3137,0.8692
Cbr3,Cbr3,776.1508,0.2591,0.2317,1.1182,0.2635,0.8538
Cbr4,Cbr4,449.6078,0.0667,0.0876,0.7608,0.4468,0.912
Cbs,Cbs,12.2585,0.1381,0.3995,0.3457,0.7295,0.9694
Cbwd1,Cbwd1,793.1677,0.0166,0.0844,0.1962,0.8444,0.9775
Cbx1,Cbx1,1469.006,-0.1909,0.1002,-1.9055,0.0567,0.7377
Cbx2,Cbx2,761.0178,0.0269,0.1217,0.2209,0.8252,0.9766
Cbx3,Cbx3,2650.0526,-0.3445,0.1717,-2.0065,0.0448,0.7364
Cbx4,Cbx4,1391.4196,0.1952,0.1621,1.2042,0.2285,0.8326
Cbx5,Cbx5,12401.6518,-0.4168,0.2647,-1.5747,0.1153,0.7753
Cbx6,Cbx6,6460.336,-0.0975,0.0901,-1.082,0.2793,0.8595
Cbx7,Cbx7,727.8336,0.3869,0.2078,1.8623,0.0626,0.7457
Cbx8,Cbx8,402.2982,0.2436,0.1608,1.515,0.1298,0.777
Cby1,Cby1,1115.3825,0.0083,0.0882,0.0939,0.9252,0.9903
Cc2d1a,Cc2d1a,3311.3636,0.1256,0.0999,1.2574,0.2086,0.8265
Cc2d1b,Cc2d1b,1651.1098,0.1836,0.1044,1.7583,0.0787,0.7572
Cc2d2a,Cc2d2a,664.1715,-0.0395,0.1151,-0.343,0.7316,0.9694
Ccar1,Ccar1,1643.4882,-0.2158,0.2028,-1.064,0.2873,0.8606
Ccar2,Ccar2,2202.8917,-0.0194,0.077,-0.2523,0.8008,0.9719
Ccbe1,Ccbe1,1223.8524,-0.2083,0.1872,-1.1129,0.2657,0.8547
Ccbl1,Ccbl1,267.5517,0.1357,0.1185,1.1452,0.2521,0.8452
Ccbl2,Ccbl2,118.7746,0.108,0.148,0.7298,0.4655,0.9159
Ccdc101,Ccdc101,319.6213,0.1448,0.1998,0.7247,0.4686,0.9168
Ccdc102a,Ccdc102a,2182.6903,-0.2325,0.099,-2.3488,0.0188,0.732
Ccdc103,Ccdc103,57.342,0.0996,0.2418,0.4117,0.6806,0.9614
Ccdc106,Ccdc106,18.5802,-0.0212,0.3908,-0.0542,0.9568,0.9957
Ccdc107,Ccdc107,709.398,0.2439,0.1158,2.1055,0.0352,0.732
Ccdc109b,Ccdc109b,835.6672,0.2746,0.22,1.2477,0.2121,0.8265
Ccdc112,Ccdc112,189.5763,-0.4629,0.2257,-2.0511,0.0403,0.732
Ccdc114,Ccdc114,69.1953,-0.2125,0.1725,-1.2319,0.218,0.8301
Ccdc115,Ccdc115,852.4866,0.0824,0.0972,0.8478,0.3965,0.8991
Ccdc116,Ccdc116,7.8756,-0.2441,0.5745,-0.4249,0.6709,0.9578
Ccdc117,Ccdc117,1595.3459,0.099,0.1116,0.8873,0.3749,0.8935
Ccdc12,Ccdc12,869.4218,-0.0088,0.0976,-0.0907,0.9278,0.9911
Ccdc120,Ccdc120,181.7191,0.1165,0.1364,0.8538,0.3932,0.8986
Ccdc122,Ccdc122,290.5536,0.0512,0.1482,0.3457,0.7296,0.9694
Ccdc124,Ccdc124,1940.4899,0.0053,0.0795,0.0662,0.9472,0.9934
Ccdc125,Ccdc125,5.367,0.0853,0.7694,0.1109,0.9117,0.9873
Ccdc126,Ccdc126,464.494,0.0766,0.1158,0.6618,0.5081,0.9188
Ccdc127,Ccdc127,2916.549,-0.0214,0.0882,-0.2422,0.8087,0.9732
Ccdc13,Ccdc13,0.7313,-2.0257,1.8695,-1.0835,0.2786,0.8588
Ccdc130,Ccdc130,838.8302,0.149,0.1069,1.3931,0.1636,0.8037
Ccdc132,Ccdc132,1223.9788,-0.0527,0.1723,-0.3058,0.7598,0.9699
Ccdc134,Ccdc134,1161.1689,-0.1779,0.1777,-1.0012,0.3167,0.8701
Ccdc136,Ccdc136,529.0867,0.1206,0.0825,1.4614,0.1439,0.7928
Ccdc137,Ccdc137,842.803,-0.0705,0.1061,-0.664,0.5067,0.9188
Ccdc138,Ccdc138,75.8602,-0.2387,0.2143,-1.1141,0.2653,0.8547
Ccdc14,Ccdc14,276.1228,-0.3458,0.1688,-2.0492,0.0404,0.732
Ccdc141,Ccdc141,2919.3506,-0.2144,0.3601,-0.5954,0.5516,0.929
Ccdc142,Ccdc142,160.811,0.1493,0.207,0.7211,0.4708,0.9168
Ccdc146,Ccdc146,2.6234,0.5997,1.1029,0.5438,0.5866,0.9355
Ccdc148,Ccdc148,1.9932,0.5393,1.0581,0.5097,0.6103,0.9416
Ccdc149,Ccdc149,17.1526,0.4009,0.5457,0.7347,0.4625,0.9152
Ccdc15,Ccdc15,33.7346,-0.6184,0.3464,-1.7855,0.0742,0.752
Ccdc150,Ccdc150,9.6611,-0.2161,0.4798,-0.4503,0.6525,0.9545
Ccdc151,Ccdc151,13.0715,-0.0132,0.4317,-0.0305,0.9756,0.9992
Ccdc152,Ccdc152,37.1103,0.3027,0.3607,0.8391,0.4014,0.9023
Ccdc153,Ccdc153,0.6248,0.4613,1.7415,0.2649,0.7911,0.97
Ccdc154,Ccdc154,0.5244,1.3668,1.989,0.6872,0.492,0.9181
Ccdc155,Ccdc155,0.8446,0.6982,1.5277,0.457,0.6477,0.9535
Ccdc157,Ccdc157,1131.0276,-0.0182,0.0845,-0.2156,0.8293,0.9773
Ccdc158,Ccdc158,0.4139,-0.7723,2.4834,-0.311,0.7558,0.9694
Ccdc159,Ccdc159,77.4075,-0.1481,0.2012,-0.7363,0.4615,0.9146
Ccdc162,Ccdc162,124.2458,0.0221,0.1478,0.1498,0.8809,0.9824
Ccdc163,Ccdc163,251.9932,0.0204,0.1583,0.1288,0.8975,0.9854
Ccdc166,Ccdc166,117.906,0.0499,0.1939,0.2572,0.797,0.9713
Ccdc167,Ccdc167,135.7407,-0.0607,0.1601,-0.3794,0.7044,0.9645
Ccdc169,Ccdc169,7.4295,0.1683,0.5073,0.3317,0.7401,0.9694
Ccdc17,Ccdc17,39.6553,0.2668,0.3129,0.8527,0.3938,0.8986
Ccdc170,Ccdc170,3.3503,-0.0245,0.8453,-0.0289,0.9769,0.9992
Ccdc171,Ccdc171,70.9856,0.1245,0.2118,0.5877,0.5567,0.929
Ccdc173,Ccdc173,29.506,0.2075,0.2972,0.6983,0.485,0.9168
Ccdc174,Ccdc174,546.0568,-0.202,0.1911,-1.0571,0.2905,0.8606
Ccdc175,Ccdc175,0.5189,1.183,2.3154,0.5109,0.6094,0.9416
Ccdc176,Ccdc176,26.803,0.1275,0.3131,0.4074,0.6837,0.9622
Ccdc18,Ccdc18,22.6759,-0.6229,0.3977,-1.5661,0.1173,0.7753
Ccdc180,Ccdc180,5.106,-1.361,0.7605,-1.7895,0.0735,0.752
Ccdc181,Ccdc181,378.6249,-0.0886,0.138,-0.642,0.5209,0.9223
Ccdc183,Ccdc183,6.858,0.1828,0.7298,0.2505,0.8022,0.9719
Ccdc184,Ccdc184,2.2929,-0.4315,1.1142,-0.3873,0.6985,0.9635
Ccdc186,Ccdc186,471.6455,0.0497,0.2325,0.2135,0.8309,0.9774
Ccdc22,Ccdc22,758.8119,0.1842,0.1272,1.448,0.1476,0.7954
Ccdc23,Ccdc23,1523.6786,-0.2297,0.1779,-1.2908,0.1968,0.8209
Ccdc24,Ccdc24,81.6016,-0.2279,0.2412,-0.9447,0.3448,0.8808
Ccdc25,Ccdc25,942.5778,-0.2624,0.145,-1.8093,0.0704,0.7512
Ccdc27,Ccdc27,0.6317,0.0024,1.9004,0.0012,0.999,1
Ccdc28a,Ccdc28a,215.2951,0.1673,0.1257,1.3311,0.1831,0.8131
Ccdc28b,Ccdc28b,195.3412,0.0062,0.1449,0.0431,0.9656,0.9982
Ccdc3,Ccdc3,72.8485,-0.0486,0.1795,-0.2705,0.7868,0.97
Ccdc30,Ccdc30,24.3088,1.1322,0.4189,2.7026,0.0069,0.732
Ccdc32,Ccdc32,815.4301,0.1403,0.1632,0.8595,0.39,0.8977
Ccdc34,Ccdc34,396.7988,-0.4894,0.2623,-1.8657,0.0621,0.7456
Ccdc34os,Ccdc34os,0.3176,-0.6877,2.5704,-0.2675,0.789,0.97
Ccdc37,Ccdc37,19.5418,0.0228,0.3401,0.0671,0.9465,0.9934
Ccdc38,Ccdc38,13.3148,0.0765,0.3778,0.2024,0.8396,0.9775
Ccdc39,Ccdc39,41.1703,0.0354,0.2612,0.1357,0.8921,0.9841
Ccdc40,Ccdc40,3.3502,1.0419,0.7441,1.4001,0.1615,0.8037
Ccdc42,Ccdc42,0.421,2.2666,2.3004,0.9853,0.3245,0.8736
Ccdc42b,Ccdc42b,0.6229,0.4382,1.9611,0.2234,0.8232,0.9766
Ccdc43,Ccdc43,1922.9261,-0.1131,0.0982,-1.1518,0.2494,0.844
Ccdc47,Ccdc47,3643.4872,-0.0144,0.1589,-0.0908,0.9276,0.9911
Ccdc50,Ccdc50,3466.1286,-0.0401,0.1811,-0.2215,0.8247,0.9766
Ccdc51,Ccdc51,351.4057,0.1105,0.1131,0.9774,0.3284,0.8758
Ccdc53,Ccdc53,1466.3322,0.0249,0.0966,0.2582,0.7962,0.9713
Ccdc55,Ccdc55,356.0028,-0.0347,0.1904,-0.1825,0.8552,0.9796
Ccdc57,Ccdc57,170.4556,0.3822,0.1717,2.2263,0.026,0.732
Ccdc58,Ccdc58,772.5022,0.0653,0.0984,0.6631,0.5073,0.9188
Ccdc59,Ccdc59,1131.1951,-0.1387,0.1072,-1.2937,0.1958,0.8204
Ccdc6,Ccdc6,2576.1752,-0.0795,0.0899,-0.884,0.3767,0.8935
Ccdc60,Ccdc60,11.61,0.3249,0.4599,0.7065,0.4799,0.9168
Ccdc61,Ccdc61,233.1047,-0.185,0.1379,-1.3416,0.1797,0.8123
Ccdc62,Ccdc62,58.4909,0.1549,0.2539,0.6102,0.5417,0.9283
Ccdc63,Ccdc63,0.7366,0.3878,1.6009,0.2423,0.8086,0.9732
Ccdc64,Ccdc64,79.5038,0.0666,0.241,0.2763,0.7823,0.97
Ccdc64b,Ccdc64b,1.3532,-0.9767,1.4722,-0.6634,0.507,0.9188
Ccdc65,Ccdc65,101.272,0.2403,0.2783,0.8635,0.3878,0.8955
Ccdc66,Ccdc66,387.6967,-0.0247,0.1686,-0.1465,0.8835,0.9825
Ccdc68,Ccdc68,0.8356,0.2868,1.4763,0.1942,0.846,0.9776
Ccdc69,Ccdc69,5.5463,-0.3774,0.5665,-0.6662,0.5053,0.9188
Ccdc71,Ccdc71,1608.9347,0.0277,0.0987,0.2809,0.7788,0.97
Ccdc71l,Ccdc71l,531.8073,0.0381,0.1279,0.2976,0.766,0.97
Ccdc73,Ccdc73,44.9965,0.1636,0.2356,0.6946,0.4873,0.9168
Ccdc74a,Ccdc74a,37.7078,-0.4239,0.2343,-1.8095,0.0704,0.7512
Ccdc77,Ccdc77,271.2356,-0.4026,0.1752,-2.298,0.0216,0.732
Ccdc78,Ccdc78,3.9915,-0.1101,0.7745,-0.1422,0.8869,0.9833
Ccdc7b,Ccdc7b,0.3176,-0.6877,2.5704,-0.2675,0.789,0.97
Ccdc8,Ccdc8,1505.6821,0.0669,0.1216,0.5502,0.5822,0.9353
Ccdc80,Ccdc80,17900.8372,-0.2601,0.1447,-1.797,0.0723,0.752
Ccdc81,Ccdc81,0.9386,-0.815,1.5884,-0.5131,0.6079,0.9412
Ccdc82,Ccdc82,730.597,-0.2654,0.2032,-1.3061,0.1915,0.8163
Ccdc83,Ccdc83,3.6706,-1.0989,1.1437,-0.9608,0.3366,0.8781
Ccdc84,Ccdc84,280.0018,0.0803,0.1146,0.7011,0.4832,0.9168
Ccdc85b,Ccdc85b,856.1311,0.2035,0.1866,1.0904,0.2755,0.8588
Ccdc85c,Ccdc85c,129.2342,0.068,0.1704,0.3988,0.69,0.9623
Ccdc86,Ccdc86,1198.1008,-0.07,0.1096,-0.6385,0.5231,0.9223
Ccdc87,Ccdc87,5.5484,0.4698,0.5858,0.8019,0.4226,0.906
Ccdc88a,Ccdc88a,304.1202,0.144,0.1432,1.0058,0.3145,0.8692
Ccdc88b,Ccdc88b,22.6909,-0.0623,0.3154,-0.1975,0.8434,0.9775
Ccdc88c,Ccdc88c,772.2007,-0.4399,0.3261,-1.3489,0.1774,0.8119
Ccdc89,Ccdc89,18.8431,0.1558,0.3193,0.488,0.6256,0.9451
Ccdc9,Ccdc9,799.4073,0.0511,0.1019,0.5014,0.6161,0.9427
Ccdc90b,Ccdc90b,863.2526,-0.0913,0.1311,-0.6966,0.4861,0.9168
Ccdc91,Ccdc91,1530.474,0.0334,0.0796,0.4194,0.6749,0.9598
Ccdc92,Ccdc92,144.8839,0.0107,0.1404,0.0761,0.9393,0.9923
Ccdc93,Ccdc93,2507.0061,0.0883,0.1321,0.6682,0.504,0.9188
Ccdc94,Ccdc94,288.153,0.0499,0.1665,0.2999,0.7643,0.97
Ccdc96,Ccdc96,34.2117,-0.0385,0.2631,-0.1463,0.8837,0.9825
Ccdc97,Ccdc97,1631.3608,0.062,0.0789,0.7863,0.4317,0.9082
Cchcr1,Cchcr1,596.1271,-0.1234,0.1215,-1.0155,0.3099,0.8672
Ccin,Ccin,8.573,0.1441,0.5068,0.2844,0.7761,0.97
Cck,Cck,771.9901,1.3138,1.1365,1.1561,0.2476,0.8426
Ccl11,Ccl11,95.7804,0.709,0.4499,1.576,0.115,0.7753
Ccl17,Ccl17,9.2941,-0.2283,0.5696,-0.4009,0.6885,0.9623
Ccl2,Ccl2,1336.9957,0.7729,0.4644,1.6644,0.096,0.7664
Ccl25,Ccl25,51.1726,0.1151,0.196,0.5872,0.5571,0.929
Ccl27a,Ccl27a,1.1596,0.2554,1.4093,0.1813,0.8562,0.9796
Ccl28,Ccl28,0.7286,-1.0365,1.9462,-0.5326,0.5943,0.9385
Ccl3,Ccl3,51.6006,1.5172,1.697,0.894,0.3713,0.893
Ccl4,Ccl4,5.4277,1.5265,1.9139,0.7976,0.4251,0.9064
Ccl5,Ccl5,115.9062,0.9341,0.8625,1.083,0.2788,0.8588
Ccl6,Ccl6,0.7306,-0.1049,1.5444,-0.0679,0.9459,0.9934
Ccl7,Ccl7,2433.348,0.9423,0.7174,1.3135,0.189,0.8161
Ccl8,Ccl8,533.2144,1.3731,0.9445,1.4539,0.146,0.7928
Ccl9,Ccl9,124.4083,-0.7093,0.2723,-2.6051,0.0092,0.732
Ccm2,Ccm2,1772.0998,-0.0529,0.1029,-0.5145,0.6069,0.9411
Ccna1,Ccna1,1.9721,-0.4691,1.1364,-0.4128,0.6798,0.9612
Ccna2,Ccna2,2515.5369,-0.9948,0.4379,-2.2715,0.0231,0.732
Ccnb1,Ccnb1,2384.8593,-0.8325,0.3991,-2.0857,0.037,0.732
Ccnb1ip1,Ccnb1ip1,12.4891,0.2612,0.4199,0.622,0.5339,0.9258
Ccnb2,Ccnb2,1462.7216,-0.8322,0.4147,-2.0066,0.0448,0.7364
Ccnb3,Ccnb3,0.3176,-0.6877,2.5704,-0.2675,0.789,0.97
Ccnc,Ccnc,976.4762,-0.1701,0.1929,-0.8816,0.378,0.8935
Ccnd1,Ccnd1,3825.6741,-0.4992,0.1661,-3.0062,0.0026,0.732
Ccnd2,Ccnd2,779.5861,0.46,0.193,2.3832,0.0172,0.732
Ccnd3,Ccnd3,8216.6763,-0.1861,0.1736,-1.0723,0.2836,0.8606
Ccndbp1,Ccndbp1,1816.056,0.1053,0.076,1.3858,0.1658,0.8037
Ccne1,Ccne1,566.1475,-0.5756,0.2705,-2.1279,0.0333,0.732
Ccne2,Ccne2,109.8092,-0.9602,0.4307,-2.2296,0.0258,0.732
Ccnf,Ccnf,881.4287,-0.559,0.2231,-2.5052,0.0122,0.732
Ccng1,Ccng1,8281.2238,-0.1321,0.1845,-0.7163,0.4738,0.9168
Ccng2,Ccng2,3706.0123,0.3111,0.1869,1.6643,0.096,0.7664
Ccnh,Ccnh,1364.5454,-0.0922,0.0847,-1.0884,0.2764,0.8588
Ccni,Ccni,11530.3696,0.1182,0.096,1.2318,0.218,0.8301
Ccnj,Ccnj,244.3893,-0.1327,0.1072,-1.2375,0.2159,0.8285
Ccnk,Ccnk,1382.6574,-0.0167,0.0552,-0.302,0.7627,0.97
Ccnl1,Ccnl1,1644.5663,-0.0907,0.1644,-0.5515,0.5813,0.9352
Ccnl2,Ccnl2,2535.289,-0.1659,0.156,-1.0638,0.2874,0.8606
Ccno,Ccno,11.6226,0.651,0.4245,1.5336,0.1251,0.7753
Ccnt1,Ccnt1,419.7871,-0.1595,0.1988,-0.8021,0.4225,0.906
Ccnt2,Ccnt2,881.6388,-0.2137,0.1847,-1.1571,0.2472,0.8426
Ccny,Ccny,4307.9478,0.0213,0.0639,0.3329,0.7392,0.9694
Ccnyl1,Ccnyl1,1165.2099,-0.0445,0.0962,-0.4627,0.6436,0.9514
Ccp110,Ccp110,527.7848,-0.3792,0.2623,-1.4459,0.1482,0.7958
Ccpg1,Ccpg1,3248.2798,0.1065,0.1153,0.9237,0.3557,0.8852
Ccpg1os,Ccpg1os,112.7894,0.0063,0.1711,0.0367,0.9708,0.999
Ccr1,Ccr1,8.1654,0.8501,0.9128,0.9313,0.3517,0.8839
Ccr10,Ccr10,8.6976,-0.0352,0.4554,-0.0773,0.9384,0.9923
Ccr3,Ccr3,0.7326,1.074,2.323,0.4623,0.6438,0.9516
Ccr7,Ccr7,12.0441,-0.3378,0.4428,-0.7628,0.4456,0.912
Ccr9,Ccr9,7.6403,0.2844,0.4975,0.5716,0.5676,0.9312
Ccrl2,Ccrl2,14.8622,0.7361,0.4483,1.6422,0.1005,0.767
Ccrn4l,Ccrn4l,591.8611,-0.1134,0.1001,-1.1324,0.2575,0.8482
Ccs,Ccs,880.617,0.0519,0.1008,0.5146,0.6069,0.9411
Ccsap,Ccsap,155.8213,-0.5523,0.3465,-1.5942,0.1109,0.7736
Ccser1,Ccser1,37.9451,-0.0245,0.2432,-0.1009,0.9196,0.9879
Ccser2,Ccser2,2666.2776,-0.0907,0.2131,-0.4254,0.6705,0.9578
Cct2,Cct2,16784.3641,-0.0365,0.0721,-0.507,0.6122,0.942
Cct3,Cct3,11900.9883,-0.0655,0.0866,-0.7561,0.4496,0.912
Cct4,Cct4,12058.7832,-0.011,0.057,-0.1928,0.8471,0.978
Cct5,Cct5,15886.3755,-0.0523,0.0857,-0.6104,0.5416,0.9283
Cct6a,Cct6a,12395.9832,-0.1277,0.0761,-1.6791,0.0931,0.7643
Cct6b,Cct6b,13.1296,0.4249,0.4807,0.884,0.3767,0.8935
Cct7,Cct7,10716.5273,0.0079,0.0857,0.0925,0.9263,0.9905
Cct8,Cct8,14215.624,-0.0839,0.0916,-0.9156,0.3599,0.8868
Ccz1,Ccz1,2116.2439,-0.0564,0.0653,-0.864,0.3876,0.8952
Cd101,Cd101,2.6206,-0.4416,0.8578,-0.5148,0.6067,0.9411
Cd109,Cd109,2196.5662,-0.0052,0.0898,-0.0578,0.9539,0.9948
Cd14,Cd14,696.2835,0.8214,0.6743,1.2181,0.2232,0.8307
Cd151,Cd151,6365.9718,0.0988,0.1035,0.9549,0.3396,0.879
Cd160,Cd160,5.2281,-0.0011,0.6309,-0.0018,0.9986,1
Cd163,Cd163,22.487,-0.5293,0.4023,-1.3158,0.1883,0.8161
Cd163l1,Cd163l1,0.8364,-0.4995,1.4788,-0.3378,0.7355,0.9694
Cd164,Cd164,21935.0009,-0.0004,0.1114,-0.0037,0.9971,1
Cd164l2,Cd164l2,1.3573,0.255,1.2244,0.2083,0.835,0.9774
Cd1d1,Cd1d1,249.6724,0.3397,0.172,1.9752,0.0483,0.7364
Cd1d2,Cd1d2,0.5271,0.4829,2.3768,0.2032,0.839,0.9775
Cd200,Cd200,6144.6578,-0.2153,0.1807,-1.1914,0.2335,0.8354
Cd200r1,Cd200r1,4.5906,0.9414,0.7441,1.2652,0.2058,0.8262
Cd200r2,Cd200r2,20.8451,-0.009,0.3631,-0.0247,0.9803,1
Cd200r3,Cd200r3,8.7919,1.1725,0.5964,1.9659,0.0493,0.7364
Cd200r4,Cd200r4,6.6953,0.4508,0.7446,0.6055,0.5449,0.9285
Cd244,Cd244,8.4719,0.0003,0.5794,0.0005,0.9996,1
Cd247,Cd247,0.5156,0.779,2.3731,0.3283,0.7427,0.9694
Cd248,Cd248,1144.1942,-0.1596,0.204,-0.782,0.4342,0.9089
Cd24a,Cd24a,462.1861,0.1079,0.2534,0.4259,0.6702,0.9578
Cd27,Cd27,9.2051,-0.384,0.4458,-0.8614,0.389,0.8969
Cd274,Cd274,16.309,0.088,0.3419,0.2575,0.7968,0.9713
Cd276,Cd276,2882.8407,-0.1877,0.1216,-1.5434,0.1227,0.7753
Cd28,Cd28,83.0911,0.1964,0.2332,0.8422,0.3997,0.9011
Cd2ap,Cd2ap,969.5704,-0.0828,0.1667,-0.4965,0.6196,0.9435
Cd2bp2,Cd2bp2,2867.8649,0.0651,0.0795,0.819,0.4128,0.9033
Cd300a,Cd300a,57.5183,-0.2236,0.2267,-0.9864,0.3239,0.8734
Cd300lb,Cd300lb,22.4276,1.0427,0.4044,2.5781,0.0099,0.732
Cd302,Cd302,1273.9063,-0.0611,0.0943,-0.6478,0.5171,0.9211
Cd320,Cd320,857.1885,0.15,0.1248,1.2027,0.2291,0.8326
Cd33,Cd33,25.0783,1.2513,0.6681,1.873,0.0611,0.7456
Cd34,Cd34,4111.3169,-0.1505,0.1458,-1.0319,0.3021,0.8615
Cd36,Cd36,434.447,-0.4925,0.4071,-1.2098,0.2263,0.8322
Cd37,Cd37,5.4311,-0.356,0.7299,-0.4876,0.6258,0.9451
Cd38,Cd38,1.7832,-0.558,1.009,-0.553,0.5802,0.9352
Cd3e,Cd3e,0.5198,-0.0594,2.0354,-0.0292,0.9767,0.9992
Cd3eap,Cd3eap,629.3334,-0.0866,0.0827,-1.0471,0.295,0.8606
Cd3g,Cd3g,0.9307,-1.5051,2.2348,-0.6735,0.5007,0.9183
Cd4,Cd4,0.6247,0.4618,1.7414,0.2652,0.7909,0.97
Cd40,Cd40,62.3007,1.449,0.6795,2.1324,0.033,0.732
Cd44,Cd44,14263.8765,-0.1151,0.1719,-0.6694,0.5032,0.9188
Cd46,Cd46,10.8863,0.5642,0.5168,1.0917,0.275,0.8588
Cd47,Cd47,3637.3277,0.2549,0.1601,1.592,0.1114,0.7736
Cd48,Cd48,3.8569,-0.0407,0.8887,-0.0458,0.9634,0.9974
Cd52,Cd52,0.6231,1.5489,2.1984,0.7046,0.4811,0.9168
Cd53,Cd53,217.5644,0.2669,0.2868,0.9306,0.352,0.8839
Cd55,Cd55,570.222,0.4384,0.1606,2.729,0.0064,0.732
Cd55b,Cd55b,1.1552,0.1003,1.3228,0.0758,0.9396,0.9923
Cd59a,Cd59a,448.8682,-0.1284,0.111,-1.1561,0.2476,0.8426
Cd59b,Cd59b,12.5342,0.359,0.6938,0.5174,0.6049,0.941
Cd6,Cd6,1.4613,2.158,1.3199,1.6349,0.1021,0.7679
Cd63,Cd63,53869.3388,0.1272,0.0907,1.4024,0.1608,0.8037
Cd68,Cd68,67.2531,0.566,0.2918,1.9395,0.0524,0.7364
Cd69,Cd69,4.4135,-0.7705,0.7028,-1.0963,0.2729,0.8588
Cd7,Cd7,39.1045,-0.4164,0.3725,-1.1181,0.2635,0.8538
Cd70,Cd70,0.413,0.695,2.4257,0.2865,0.7745,0.97
Cd72,Cd72,10.6515,-0.6494,0.4557,-1.4251,0.1541,0.7999
Cd74,Cd74,34.1726,0.4829,0.4419,1.0926,0.2746,0.8588
Cd79a,Cd79a,3.5434,0.7814,1.2281,0.6363,0.5246,0.9223
Cd79b,Cd79b,0.6337,0.8526,2.261,0.3771,0.7061,0.965
Cd80,Cd80,2429.9059,-0.1829,0.1247,-1.467,0.1424,0.7928
Cd81,Cd81,11893.5266,0.0372,0.0976,0.3809,0.7033,0.9638
Cd82,Cd82,12302.1296,-0.332,0.2153,-1.5421,0.1231,0.7753
Cd83,Cd83,3.0444,-1.0311,0.8215,-1.2552,0.2094,0.8265
Cd9,Cd9,14298.2512,0.1837,0.144,1.2764,0.2018,0.8262
Cd93,Cd93,30.4312,1.2329,0.7304,1.688,0.0914,0.7643
Cd99l2,Cd99l2,4287.9686,0.0998,0.0812,1.228,0.2194,0.8302
Cda,Cda,335.1674,0.3652,0.2371,1.5401,0.1235,0.7753
Cdadc1,Cdadc1,1229.6272,0.1004,0.0839,1.1962,0.2316,0.8349
Cdan1,Cdan1,808.7544,-0.0819,0.0802,-1.0214,0.3071,0.8653
Cdc123,Cdc123,2515.5569,-0.1497,0.0557,-2.6864,0.0072,0.732
Cdc14a,Cdc14a,181.0438,0.0074,0.1784,0.0412,0.9671,0.9986
Cdc14b,Cdc14b,1067.8403,0.083,0.1595,0.5204,0.6028,0.941
Cdc16,Cdc16,5136.5108,-0.1425,0.0777,-1.8328,0.0668,0.7457
Cdc20,Cdc20,1905.8958,-0.7724,0.4059,-1.903,0.057,0.7377
Cdc20b,Cdc20b,0.73,-0.1701,1.9067,-0.0892,0.9289,0.9915
Cdc23,Cdc23,2761.7563,-0.0805,0.056,-1.4366,0.1508,0.7968
Cdc25a,Cdc25a,914.8544,-0.1763,0.0757,-2.3286,0.0199,0.732
Cdc25b,Cdc25b,2506.8001,-0.3106,0.1902,-1.6331,0.1025,0.7679
Cdc25c,Cdc25c,372.5512,-0.7075,0.3611,-1.9594,0.0501,0.7364
Cdc26,Cdc26,978.7293,-0.0646,0.0984,-0.6559,0.5119,0.9195
Cdc27,Cdc27,2838.4234,-0.2441,0.2802,-0.8712,0.3836,0.8935
Cdc34,Cdc34,3104.6158,0.015,0.1011,0.1487,0.8818,0.9824
Cdc37,Cdc37,7033.57,0.0213,0.0788,0.2702,0.787,0.97
Cdc37l1,Cdc37l1,2195.0178,-0.1024,0.1259,-0.8134,0.416,0.9034
Cdc40,Cdc40,2282.1368,-0.1471,0.1265,-1.1626,0.245,0.8421
Cdc42,Cdc42,21787.5107,-0.0953,0.0776,-1.2284,0.2193,0.8302
Cdc42bpa,Cdc42bpa,3048.7476,-0.158,0.2293,-0.6891,0.4907,0.9181
Cdc42bpb,Cdc42bpb,4719.5449,0.1426,0.124,1.1499,0.2502,0.8443
Cdc42bpg,Cdc42bpg,885.9675,0.0305,0.0966,0.3154,0.7524,0.9694
Cdc42ep1,Cdc42ep1,3705.7287,-0.3037,0.1791,-1.6956,0.09,0.7643
Cdc42ep2,Cdc42ep2,1018.2758,0.1948,0.0889,2.1918,0.0284,0.732
Cdc42ep3,Cdc42ep3,4591.3617,0.0665,0.1015,0.6549,0.5126,0.9198
Cdc42ep4,Cdc42ep4,1167.8642,0.1895,0.1342,1.4128,0.1577,0.8015
Cdc42ep5,Cdc42ep5,512.3337,-0.0561,0.148,-0.3794,0.7044,0.9645
Cdc42se1,Cdc42se1,4269.597,-0.0121,0.0872,-0.139,0.8894,0.9836
Cdc42se2,Cdc42se2,2522.9207,0.0262,0.0658,0.3979,0.6907,0.9623
Cdc45,Cdc45,573.9492,-0.5508,0.2566,-2.147,0.0318,0.732
Cdc5l,Cdc5l,3164.7981,-0.1496,0.1109,-1.3489,0.1774,0.8119
Cdc6,Cdc6,383.0788,-0.8613,0.3859,-2.2321,0.0256,0.732
Cdc7,Cdc7,297.2106,-0.7671,0.2992,-2.5636,0.0104,0.732
Cdc73,Cdc73,1206.4212,-0.158,0.1648,-0.9587,0.3377,0.879
Cdca2,Cdca2,719.1771,-0.9267,0.4362,-2.1244,0.0336,0.732
Cdca3,Cdca3,849.6536,-0.795,0.3933,-2.0214,0.0432,0.7364
Cdca4,Cdca4,1965.4846,-0.1854,0.0867,-2.1374,0.0326,0.732
Cdca5,Cdca5,383.57,-0.7408,0.346,-2.1412,0.0323,0.732
Cdca7,Cdca7,541.632,-0.3685,0.1078,-3.4179,0.0006,0.5053
Cdca7l,Cdca7l,526.7374,-0.4191,0.1143,-3.6657,0.0002,0.3039
Cdca8,Cdca8,959.7462,-0.7456,0.3892,-1.9158,0.0554,0.7377
Cdcp1,Cdcp1,0.842,0.5272,1.612,0.327,0.7436,0.9694
Cdh1,Cdh1,59.1511,-0.0512,0.257,-0.1993,0.842,0.9775
Cdh10,Cdh10,15.1148,-0.9822,0.5506,-1.784,0.0744,0.752
Cdh11,Cdh11,4721.2816,-0.3345,0.2463,-1.3584,0.1743,0.8088
Cdh13,Cdh13,6200.1009,0.1408,0.1204,1.1695,0.2422,0.8407
Cdh15,Cdh15,11573.886,-0.0785,0.2032,-0.3864,0.6992,0.9635
Cdh17,Cdh17,35.0329,-0.2379,0.2488,-0.9561,0.339,0.879
Cdh18,Cdh18,538.351,-0.0242,0.1958,-0.1238,0.9015,0.986
Cdh2,Cdh2,4850.0469,-0.3355,0.2606,-1.2878,0.1978,0.8225
Cdh22,Cdh22,0.3169,0.6974,2.5704,0.2713,0.7861,0.97
Cdh23,Cdh23,396.4145,0.2542,0.1253,2.0279,0.0426,0.7364
Cdh24,Cdh24,207.1383,-0.6329,0.2996,-2.1128,0.0346,0.732
Cdh3,Cdh3,3.6722,0.3218,0.7252,0.4437,0.6572,0.9548
Cdh4,Cdh4,0.3176,-0.6877,2.5704,-0.2675,0.789,0.97
Cdh5,Cdh5,8.8082,0.5999,0.6277,0.9557,0.3392,0.879
Cdh6,Cdh6,9.5296,-0.1019,0.4636,-0.2197,0.8261,0.9766
Cdhr1,Cdhr1,1546.9813,-1.3258,0.8718,-1.5207,0.1283,0.7758
Cdhr3,Cdhr3,1.1451,-1.1688,1.5421,-0.7579,0.4485,0.912
Cdhr5,Cdhr5,1.66,-0.1541,1.5786,-0.0976,0.9223,0.9891
Cdip1,Cdip1,1849.3253,0.0467,0.1081,0.432,0.6658,0.9563
Cdipt,Cdipt,2946.7028,0.0751,0.117,0.6421,0.5208,0.9223
Cdk1,Cdk1,3121.3771,-0.5564,0.2228,-2.497,0.0125,0.732
Cdk10,Cdk10,696.1571,0.0607,0.0839,0.7233,0.4695,0.9168
Cdk11b,Cdk11b,3104.6837,-0.1402,0.0757,-1.8516,0.0641,0.7457
Cdk12,Cdk12,1244.5707,-0.2963,0.2072,-1.4302,0.1527,0.7987
Cdk13,Cdk13,1896.9753,-0.1396,0.118,-1.183,0.2368,0.8369
Cdk14,Cdk14,4033.427,-0.0512,0.1144,-0.4476,0.6545,0.9548
Cdk15,Cdk15,16.8466,0.8935,0.5117,1.7463,0.0808,0.7572
Cdk16,Cdk16,5845.5563,-0.0005,0.0535,-0.009,0.9928,1
Cdk17,Cdk17,2180.2073,0.0721,0.0718,1.0055,0.3147,0.8692
Cdk18,Cdk18,2225.9885,0.0117,0.0614,0.1905,0.8489,0.9781
Cdk19,Cdk19,1872.8128,-0.0278,0.0873,-0.3179,0.7505,0.9694
Cdk2,Cdk2,2312.8014,-0.1766,0.1291,-1.3685,0.1712,0.8066
Cdk20,Cdk20,383.9577,0.3777,0.2023,1.8668,0.0619,0.7456
Cdk2ap1,Cdk2ap1,2907.6283,-0.2662,0.1628,-1.6355,0.1019,0.7679
Cdk2ap2,Cdk2ap2,5980.4969,0.6226,0.3339,1.8647,0.0622,0.7456
Cdk3-ps,Cdk3-ps,7.3412,0.7963,0.6647,1.1981,0.2309,0.834
Cdk4,Cdk4,9367.5495,0.0743,0.0861,0.8628,0.3883,0.8962
Cdk5,Cdk5,1569.0271,0.1274,0.0907,1.4043,0.1602,0.8037
Cdk5r1,Cdk5r1,503.5037,-0.4881,0.3464,-1.4088,0.1589,0.8015
Cdk5r2,Cdk5r2,3.8635,-0.2094,0.886,-0.2363,0.8132,0.9744
Cdk5rap1,Cdk5rap1,553.8085,0.0851,0.0743,1.1445,0.2524,0.8452
Cdk5rap2,Cdk5rap2,1351.3757,-0.234,0.1079,-2.1684,0.0301,0.732
Cdk5rap3,Cdk5rap3,2253.7112,0.0755,0.0794,0.9505,0.3419,0.879
Cdk6,Cdk6,190.7583,-0.1049,0.1886,-0.5562,0.5781,0.9346
Cdk7,Cdk7,2848.9073,-0.1279,0.105,-1.2178,0.2233,0.8307
Cdk8,Cdk8,931.9886,-0.1449,0.1404,-1.0318,0.3022,0.8615
Cdk9,Cdk9,2914.5731,0.0755,0.0993,0.7596,0.4475,0.912
Cdkal1,Cdkal1,538.155,-0.0186,0.0744,-0.2495,0.803,0.9719
Cdkl1,Cdkl1,3.3538,0.1637,0.8575,0.1909,0.8486,0.9781
Cdkl2,Cdkl2,128.8018,-0.2738,0.2357,-1.1614,0.2455,0.8421
Cdkl3,Cdkl3,226.279,0.1333,0.143,0.9322,0.3512,0.8839
Cdkl4,Cdkl4,1.5587,-0.4003,1.7577,-0.2277,0.8198,0.9758
Cdkl5,Cdkl5,13.5622,-1.0702,0.6576,-1.6275,0.1036,0.7679
Cdkn1a,Cdkn1a,40084.9519,-0.0741,0.1515,-0.4891,0.6248,0.9451
Cdkn1b,Cdkn1b,3118.5314,0.1932,0.1516,1.2738,0.2027,0.8262
Cdkn1c,Cdkn1c,435.1535,-0.6644,0.3486,-1.9057,0.0567,0.7377
Cdkn2aip,Cdkn2aip,738.1426,-0.0587,0.0985,-0.5955,0.5515,0.929
Cdkn2aipnl,Cdkn2aipnl,1050.0964,-0.0819,0.0722,-1.1336,0.257,0.8478
Cdkn2c,Cdkn2c,1338.3647,-0.2553,0.088,-2.9021,0.0037,0.732
Cdkn2d,Cdkn2d,1037.5782,-0.2074,0.101,-2.0529,0.0401,0.732
Cdkn3,Cdkn3,206.7368,-0.8209,0.39,-2.1049,0.0353,0.732
Cdnf,Cdnf,155.4291,0.1441,0.1915,0.7525,0.4518,0.9121
Cdo1,Cdo1,12.6337,0.477,0.5007,0.9527,0.3407,0.879
Cdon,Cdon,14281.9518,-0.2844,0.18,-1.5804,0.114,0.774
Cdpf1,Cdpf1,242.6316,0.1499,0.1411,1.0625,0.288,0.8606
Cdr2,Cdr2,1222.1946,-0.1634,0.094,-1.7387,0.0821,0.7572
Cdr2l,Cdr2l,1755.7184,0.2196,0.1803,1.2177,0.2233,0.8307
Cdrt4,Cdrt4,0.3157,-0.6835,2.5731,-0.2656,0.7905,0.97
Cds1,Cds1,0.3167,0.6974,2.5707,0.2713,0.7862,0.97
Cds2,Cds2,4984.018,0.2671,0.1212,2.2032,0.0276,0.732
Cdsn,Cdsn,218.7506,0.7936,0.3116,2.5467,0.0109,0.732
Cdt1,Cdt1,586.9412,-0.1486,0.1598,-0.9296,0.3526,0.8839
Cdv3,Cdv3,7846.0793,-0.2034,0.1566,-1.2982,0.1942,0.8202
Cdx1,Cdx1,4.8201,-0.3535,0.6425,-0.5501,0.5822,0.9353
Cdyl,Cdyl,973.0747,0.076,0.1118,0.6799,0.4966,0.9181
Cdyl2,Cdyl2,153.5478,-0.0491,0.1829,-0.2688,0.7881,0.97
Ceacam19,Ceacam19,40.8613,1.5322,0.8438,1.8158,0.0694,0.7507
Cebpa,Cebpa,1287.7028,0.3473,0.1813,1.9154,0.0554,0.7377
Cebpb,Cebpb,3484.0146,0.7991,0.3808,2.0985,0.0359,0.732
Cebpd,Cebpd,3004.5911,1.257,0.8872,1.4169,0.1565,0.8015
Cebpg,Cebpg,1730.5018,0.1083,0.1477,0.7336,0.4632,0.9155
Cebpz,Cebpz,1616.8657,-0.0872,0.1171,-0.7447,0.4564,0.9134
Cebpzos,Cebpzos,132.2337,0.0321,0.2027,0.1585,0.8741,0.9819
Cecr2,Cecr2,3.7771,-0.781,0.9998,-0.7812,0.4347,0.9089
Cecr5,Cecr5,355.062,-0.0029,0.1043,-0.0282,0.9775,0.9992
Cecr6,Cecr6,0.9431,0.6812,1.6342,0.4169,0.6768,0.9601
Cel,Cel,0.7297,-1.0208,1.6778,-0.6084,0.5429,0.9283
Cela1,Cela1,499.6895,0.0625,0.0999,0.6258,0.5314,0.9252
Cela3b,Cela3b,0.5157,0.7794,2.3731,0.3284,0.7426,0.9694
Celf1,Celf1,5115.978,-0.1276,0.1442,-0.8846,0.3764,0.8935
Celf2,Celf2,3562.6269,-0.3057,0.306,-0.9992,0.3177,0.8702
Celf3,Celf3,3.0272,0.6548,0.8714,0.7515,0.4524,0.9121
Celf4,Celf4,80.605,0.1118,0.203,0.5506,0.5819,0.9353
Celf5,Celf5,66.205,-0.053,0.2198,-0.2413,0.8093,0.9734
Celf6,Celf6,1.1515,-1.2526,1.3333,-0.9394,0.3475,0.8829
Celrr,Celrr,0.5247,0.0875,2.4328,0.036,0.9713,0.999
Celsr1,Celsr1,10.9392,-0.1169,0.5242,-0.223,0.8235,0.9766
Celsr2,Celsr2,0.9312,0.8756,2.3537,0.372,0.7099,0.9662
Celsr3,Celsr3,15.5165,0.4528,0.4084,1.1087,0.2676,0.8562
Cemip,Cemip,1419.0812,-0.2613,0.2045,-1.2778,0.2013,0.8261
Cend1,Cend1,1.1416,-0.5493,1.4988,-0.3665,0.714,0.9662
Cenpa,Cenpa,1254.8059,-0.7798,0.3977,-1.9607,0.0499,0.7364
Cenpb,Cenpb,8071.1533,0.0439,0.095,0.4617,0.6443,0.9518
Cenpc1,Cenpc1,893.9792,-0.3352,0.2164,-1.5489,0.1214,0.7753
Cenpe,Cenpe,268.1552,-0.6311,0.3988,-1.5826,0.1135,0.7736
Cenpf,Cenpf,299.0026,-0.756,0.445,-1.699,0.0893,0.764
Cenph,Cenph,220.0253,-0.7633,0.313,-2.4389,0.0147,0.732
Cenpi,Cenpi,564.894,-0.7425,0.3278,-2.2651,0.0235,0.732
Cenpj,Cenpj,379.7702,-0.3707,0.2653,-1.3973,0.1623,0.8037
Cenpk,Cenpk,113.7143,-0.891,0.3827,-2.3282,0.0199,0.732
Cenpl,Cenpl,442.2232,-0.4788,0.2051,-2.3341,0.0196,0.732
Cenpm,Cenpm,185.4775,-0.8684,0.439,-1.9782,0.0479,0.7364
Cenpn,Cenpn,300.8307,-0.6749,0.3176,-2.1249,0.0336,0.732
Cenpo,Cenpo,363.0033,-0.0974,0.1169,-0.8333,0.4047,0.9033
Cenpp,Cenpp,257.1604,-0.517,0.309,-1.6729,0.0943,0.7643
Cenpq,Cenpq,376.9267,-0.6353,0.3085,-2.059,0.0395,0.732
Cenpt,Cenpt,651.6348,-0.316,0.1878,-1.6825,0.0925,0.7643
Cenpu,Cenpu,74.8782,-0.8933,0.3415,-2.6158,0.0089,0.732
Cenpv,Cenpv,208.922,0.1238,0.1715,0.722,0.4703,0.9168
Cenpw,Cenpw,137.61,-0.3788,0.2043,-1.854,0.0637,0.7457
Cep104,Cep104,1295.4836,0.0328,0.0652,0.5021,0.6156,0.9427
Cep112,Cep112,57.6377,-0.0557,0.293,-0.19,0.8493,0.9781
Cep120,Cep120,1055.1749,-0.0077,0.0981,-0.0784,0.9375,0.9923
Cep126,Cep126,10.3867,0.1393,0.462,0.3016,0.763,0.97
Cep128,Cep128,339.2549,-0.5377,0.2217,-2.425,0.0153,0.732
Cep131,Cep131,532.9946,0.0585,0.1098,0.5323,0.5945,0.9385
Cep135,Cep135,228.0016,-0.1244,0.2332,-0.5336,0.5936,0.9385
Cep152,Cep152,296.9566,-0.2993,0.1614,-1.854,0.0637,0.7457
Cep162,Cep162,332.1246,-0.1278,0.1444,-0.8855,0.3759,0.8935
Cep164,Cep164,1162.2196,0.0738,0.0805,0.9172,0.359,0.8861
Cep170,Cep170,3479.3195,-0.0754,0.1939,-0.3887,0.6975,0.9632
Cep170b,Cep170b,3820.522,0.1491,0.1474,1.0116,0.3117,0.868
Cep19,Cep19,456.5317,0.0506,0.0948,0.5339,0.5934,0.9385
Cep192,Cep192,870.3334,-0.361,0.2425,-1.4883,0.1367,0.787
Cep250,Cep250,1543.1977,-0.0335,0.0757,-0.4423,0.6583,0.9548
Cep290,Cep290,58.7658,0.1773,0.2498,0.7101,0.4776,0.9168
Cep295,Cep295,377.9026,-0.2186,0.2068,-1.0572,0.2904,0.8606
Cep350,Cep350,1000.7152,-0.1583,0.2758,-0.574,0.566,0.9302
Cep41,Cep41,760.5627,-0.2757,0.1376,-2.0034,0.0451,0.7364
Cep44,Cep44,525.6276,-0.0215,0.1193,-0.1802,0.857,0.9796
Cep55,Cep55,702.3092,-0.8688,0.4385,-1.9812,0.0476,0.7364
Cep57,Cep57,657.0577,-0.2061,0.1839,-1.1207,0.2624,0.853
Cep57l1,Cep57l1,421.413,-0.2803,0.1531,-1.831,0.0671,0.7457
Cep63,Cep63,717.7379,-0.1144,0.0876,-1.3063,0.1915,0.8163
Cep68,Cep68,1462.4471,-0.1345,0.098,-1.372,0.1701,0.8058
Cep70,Cep70,185.8342,-0.2447,0.3011,-0.8126,0.4165,0.9035
Cep72,Cep72,49.7466,-0.6506,0.3418,-1.9031,0.057,0.7377
Cep76,Cep76,798.6193,-0.2442,0.1542,-1.5838,0.1132,0.7736
Cep78,Cep78,531.2015,-0.1851,0.1061,-1.7443,0.0811,0.7572
Cep83,Cep83,553.4462,-0.1171,0.1766,-0.663,0.5074,0.9188
Cep83os,Cep83os,486.8349,-0.0069,0.1403,-0.0492,0.9608,0.9969
Cep85,Cep85,1197.2424,0.0433,0.0659,0.6577,0.5108,0.9195
Cep85l,Cep85l,48.44,0.1181,0.3728,0.3167,0.7515,0.9694
Cep89,Cep89,550.891,-0.2114,0.1492,-1.4163,0.1567,0.8015
Cep95,Cep95,356.9156,-0.045,0.1275,-0.3533,0.7238,0.9689
Cep97,Cep97,738.2517,0.0152,0.1781,0.0853,0.932,0.9921
Cept1,Cept1,2468.3395,0.2014,0.1864,1.0807,0.2798,0.8598
Cer1,Cer1,0.6249,0.4361,1.9617,0.2223,0.8241,0.9766
Cercam,Cercam,2969.3945,0.051,0.0817,0.6244,0.5324,0.9252
Cerk,Cerk,1552.7883,0.138,0.0924,1.4934,0.1353,0.7827
Cerkl,Cerkl,7.8378,-0.7058,0.6156,-1.1466,0.2515,0.8444
Cers2,Cers2,7654.8203,0.3243,0.1983,1.6353,0.102,0.7679
Cers3,Cers3,8.0643,0.0413,0.4777,0.0865,0.9311,0.992
Cers4,Cers4,42.6831,0.2597,0.2586,1.0044,0.3152,0.8693
Cers5,Cers5,4187.3999,0.1106,0.0899,1.2298,0.2188,0.8302
Cers6,Cers6,1211.4127,-0.0895,0.1568,-0.5709,0.568,0.9312
Ces1a,Ces1a,30.8942,2.0648,0.621,3.3251,0.0009,0.5459
Ces1d,Ces1d,1.1595,-1.8191,1.535,-1.1851,0.236,0.8369
Ces1f,Ces1f,0.6328,0.0033,1.6767,0.002,0.9984,1
Ces1g,Ces1g,2.8246,-0.3651,0.9112,-0.4007,0.6887,0.9623
Ces2a,Ces2a,0.3157,-0.6835,2.5731,-0.2656,0.7905,0.97
Ces2b,Ces2b,10.6192,-0.8616,0.7692,-1.1202,0.2626,0.8534
Ces2c,Ces2c,230.5735,-0.7344,0.4806,-1.5281,0.1265,0.7753
Ces2d-ps,Ces2d-ps,29.8508,-0.6035,0.4057,-1.4876,0.1369,0.787
Ces2e,Ces2e,6.1921,-0.857,0.6313,-1.3575,0.1746,0.8088
Ces2f,Ces2f,10.7007,-1.5512,0.5861,-2.6464,0.0081,0.732
Ces2g,Ces2g,4592.7537,-0.4215,0.2746,-1.5349,0.1248,0.7753
Ces3a,Ces3a,1.2638,2.1802,1.4901,1.4631,0.1434,0.7928
Ces3b,Ces3b,0.5287,0.4876,2.3766,0.2052,0.8374,0.9774
Ces4a,Ces4a,6.028,-0.6933,0.7588,-0.9137,0.3609,0.8868
Cetn2,Cetn2,1375.0238,-0.0403,0.0864,-0.4666,0.6408,0.9498
Cetn3,Cetn3,1292.1427,-0.1744,0.1712,-1.0186,0.3084,0.8655
Cetn4,Cetn4,121.0973,-0.1376,0.154,-0.893,0.3718,0.893
Cfap126,Cfap126,17.0884,-0.0254,0.3747,-0.0677,0.946,0.9934
Cfap20,Cfap20,1881.9077,-0.0905,0.0847,-1.0674,0.2858,0.8606
Cfap36,Cfap36,1090.8899,-0.1915,0.1906,-1.0049,0.3149,0.8693
Cfap43,Cfap43,68.9182,-0.1738,0.2532,-0.6864,0.4925,0.9181
Cfap44,Cfap44,3.467,0.4949,1.0335,0.4789,0.632,0.9466
Cfap46,Cfap46,5.6619,0.0042,0.5723,0.0073,0.9942,1
Cfap52,Cfap52,8.164,-0.6026,0.5642,-1.0681,0.2855,0.8606
Cfap53,Cfap53,1.6713,0.6263,1.2125,0.5166,0.6054,0.941
Cfap61,Cfap61,1.6843,0.6351,1.1403,0.557,0.5776,0.9346
Cfap69,Cfap69,177.1102,0.2723,0.2496,1.0907,0.2754,0.8588
Cfap70,Cfap70,4.1847,0.0043,0.6484,0.0067,0.9947,1
Cfap74,Cfap74,23.9004,-0.1321,0.3483,-0.3792,0.7045,0.9646
Cfap97,Cfap97,780.0857,-0.0488,0.2287,-0.2135,0.8309,0.9774
Cfb,Cfb,731.3486,0.3918,0.2809,1.3947,0.1631,0.8037
Cfdp1,Cfdp1,2410.5727,-0.0527,0.0554,-0.9512,0.3415,0.879
Cfh,Cfh,2254.3896,0.42,0.1847,2.2747,0.0229,0.732
Cfi,Cfi,0.732,0.9643,2.3686,0.4071,0.6839,0.9623
Cfl1,Cfl1,27983.5414,-0.0874,0.0807,-1.0839,0.2784,0.8588
Cfl2,Cfl2,13008.5916,-0.034,0.1408,-0.2415,0.8092,0.9734
Cflar,Cflar,3191.7255,-0.1428,0.1364,-1.0468,0.2952,0.8606
Cfp,Cfp,109.2293,0.304,0.1865,1.63,0.1031,0.7679
Cftr,Cftr,0.7304,-0.1271,1.6791,-0.0757,0.9396,0.9923
Cggbp1,Cggbp1,4161.6416,-0.1315,0.1164,-1.1298,0.2585,0.8488
Cgn,Cgn,16.4655,-0.1457,0.5352,-0.2722,0.7855,0.97
Cgnl1,Cgnl1,2217.531,0.0756,0.1048,0.7217,0.4705,0.9168
Cgref1,Cgref1,550.267,-0.099,0.1118,-0.8853,0.376,0.8935
Cgrrf1,Cgrrf1,1139.3265,0.1527,0.0893,1.7089,0.0875,0.764
Ch25h,Ch25h,130.1329,0.5362,0.3414,1.5707,0.1163,0.7753
Chac1,Chac1,1646.8281,1.1173,0.7985,1.3994,0.1617,0.8037
Chac2,Chac2,269.7444,-0.0623,0.1404,-0.444,0.657,0.9548
Chad,Chad,4.7257,-0.0421,1.0392,-0.0405,0.9677,0.9988
Chadl,Chadl,82.0048,0.3274,0.2527,1.2958,0.195,0.8204
Chaf1a,Chaf1a,1018.7067,-0.5859,0.2576,-2.2747,0.0229,0.732
Chaf1b,Chaf1b,376.2182,-0.5258,0.1763,-2.9825,0.0029,0.732
Champ1,Champ1,1970.9776,-0.0845,0.0746,-1.133,0.2572,0.8478
Chchd1,Chchd1,846.7709,-0.0748,0.1366,-0.5475,0.584,0.9355
Chchd10,Chchd10,422.2847,0.6431,0.3646,1.7638,0.0778,0.7572
Chchd2,Chchd2,3932.8011,-0.0068,0.1878,-0.0363,0.9711,0.999
Chchd3,Chchd3,2735.5195,-0.075,0.0665,-1.1286,0.259,0.8499
Chchd4,Chchd4,840.3853,-0.0125,0.1099,-0.1136,0.9095,0.987
Chchd5,Chchd5,621.7257,0.0981,0.1197,0.8196,0.4125,0.9033
Chchd6,Chchd6,344.7797,0.1051,0.0941,1.1171,0.264,0.8542
Chchd7,Chchd7,357.0543,-0.0161,0.1167,-0.1383,0.89,0.9837
Chd1,Chd1,1448.2992,-0.1473,0.2132,-0.6907,0.4897,0.9181
Chd1l,Chd1l,460.0697,-0.144,0.1018,-1.4145,0.1572,0.8015
Chd2,Chd2,1885.8321,-0.1346,0.1799,-0.7482,0.4544,0.9127
Chd3,Chd3,9549.7441,-0.1976,0.1234,-1.6016,0.1092,0.7736
Chd3os,Chd3os,148.7698,0.1722,0.1567,1.0988,0.2718,0.8588
Chd4,Chd4,17138.7506,-0.0912,0.0756,-1.2061,0.2278,0.8325
Chd5,Chd5,28.9394,0.9754,0.5403,1.8053,0.071,0.7515
Chd6,Chd6,1819.3894,-0.1233,0.1804,-0.6833,0.4944,0.9181
Chd7,Chd7,788.8873,-0.085,0.1779,-0.478,0.6327,0.9467
Chd8,Chd8,3592.4352,-0.1007,0.0987,-1.0206,0.3074,0.8653
Chd9,Chd9,1634.4748,-0.1987,0.2192,-0.9067,0.3645,0.8879
Chdh,Chdh,14.4608,0.8036,0.3651,2.2009,0.0277,0.732
Chek1,Chek1,225.2759,-0.7249,0.3424,-2.1168,0.0343,0.732
Chek2,Chek2,395.8664,-0.1422,0.1845,-0.7709,0.4408,0.9112
Cherp,Cherp,2675.4316,-0.0379,0.0623,-0.608,0.5432,0.9283
Chfr,Chfr,1750.0088,-0.026,0.0692,-0.3757,0.7072,0.9657
Chgb,Chgb,1.1579,1.3614,1.3913,0.9785,0.3278,0.8757
Chic1,Chic1,145.5278,-0.0491,0.2251,-0.2182,0.8273,0.9767
Chic2,Chic2,1374.6225,0.0462,0.0975,0.474,0.6355,0.9484
Chid1,Chid1,1728.3243,0.184,0.084,2.191,0.0285,0.732
Chil1,Chil1,75.1192,-0.741,0.4566,-1.6229,0.1046,0.7683
Chit1,Chit1,10.2279,-0.0295,0.4816,-0.0613,0.9511,0.9939
Chka,Chka,979.5435,0.1493,0.1186,1.2593,0.2079,0.8264
Chkb,Chkb,1.0524,0.4154,1.387,0.2995,0.7646,0.97
Chl1,Chl1,0.7302,0.9708,2.3697,0.4097,0.682,0.962
Chm,Chm,509.4384,0.2225,0.1792,1.2414,0.2145,0.8265
Chml,Chml,364.8606,0.3348,0.1817,1.8427,0.0654,0.7457
Chmp1a,Chmp1a,3429.4821,0.1425,0.0892,1.5989,0.1099,0.7736
Chmp1b,Chmp1b,1635.8483,0.0961,0.1334,0.7208,0.4711,0.9168
Chmp2a,Chmp2a,2476.1519,0.029,0.0892,0.325,0.7452,0.9694
Chmp2b,Chmp2b,2557.8971,0.0492,0.0991,0.4967,0.6194,0.9434
Chmp3,Chmp3,4968.3888,0.1304,0.0979,1.3317,0.183,0.8131
Chmp4b,Chmp4b,6918.1076,0.1957,0.1537,1.2728,0.2031,0.8262
Chmp4c,Chmp4c,42.1533,-0.2011,0.2219,-0.9063,0.3648,0.8881
Chmp5,Chmp5,4667.7906,0.0228,0.0528,0.433,0.665,0.9561
Chmp6,Chmp6,1537.2551,0.0043,0.0965,0.0447,0.9643,0.9977
Chmp7,Chmp7,2631.8092,0.1057,0.082,1.2883,0.1977,0.8225
Chn1,Chn1,888.6871,-0.1726,0.2254,-0.7657,0.4439,0.9118
Chn1os3,Chn1os3,19.2953,-0.3011,0.4967,-0.6061,0.5444,0.9284
Chn2,Chn2,281.3273,0.0451,0.1143,0.3951,0.6928,0.9623
Chordc1,Chordc1,2467.5696,-0.1627,0.1769,-0.9193,0.3579,0.8858
Chp1,Chp1,5269.5053,0.257,0.1742,1.4753,0.1401,0.7903
Chpf,Chpf,2657.0438,0.0173,0.0779,0.2222,0.8241,0.9766
Chpf2,Chpf2,4158.3063,0.2172,0.1607,1.3518,0.1764,0.8105
Chpt1,Chpt1,1344.9382,0.0051,0.1522,0.0335,0.9733,0.999
Chrac1,Chrac1,1175.2688,0.1693,0.1612,1.0503,0.2936,0.8606
Chrd,Chrd,724.9251,0.0149,0.0925,0.161,0.8721,0.9819
Chrdl1,Chrdl1,7281.6576,-0.3923,0.3403,-1.1527,0.249,0.8438
Chrm4,Chrm4,77.7181,-0.4964,0.5231,-0.949,0.3426,0.8793
Chrna1,Chrna1,29979.1316,-0.0475,0.22,-0.2158,0.8292,0.9772
Chrna10,Chrna10,2.3023,-0.6526,0.9367,-0.6967,0.486,0.9168
Chrna2,Chrna2,1.1424,-1.1681,1.5414,-0.7579,0.4485,0.912
Chrna5,Chrna5,0.9411,0.7489,1.9092,0.3923,0.6949,0.9623
Chrnb1,Chrnb1,3451.613,-0.0836,0.1898,-0.4404,0.6596,0.9548
Chrnb2,Chrnb2,37.9801,0.6829,0.321,2.1273,0.0334,0.732
Chrnb4,Chrnb4,1.8795,-0.4785,1.1089,-0.4315,0.6661,0.9563
Chrnd,Chrnd,4899.0982,0.1649,0.1379,1.1956,0.2318,0.8353
Chrne,Chrne,11.5245,-0.1114,0.4254,-0.2618,0.7935,0.9704
Chrng,Chrng,7003.0527,0.1196,0.177,0.676,0.4991,0.9181
Chst1,Chst1,801.6766,0.0769,0.1761,0.437,0.6621,0.9551
Chst10,Chst10,51.6828,0.0298,0.2157,0.1382,0.8901,0.9837
Chst11,Chst11,2273.5413,-0.0951,0.0469,-2.0253,0.0428,0.7364
Chst12,Chst12,1582.5006,0.0581,0.0856,0.6788,0.4973,0.9181
Chst13,Chst13,73.2807,-0.5493,0.473,-1.1614,0.2455,0.8421
Chst14,Chst14,1796.7959,0.1369,0.1333,1.0274,0.3042,0.8634
Chst15,Chst15,2154.0611,0.3303,0.1089,3.032,0.0024,0.732
Chst2,Chst2,1047.5226,-0.4338,0.2188,-1.9825,0.0474,0.7364
Chst3,Chst3,730.9619,-0.4915,0.3072,-1.6002,0.1096,0.7736
Chst5,Chst5,21.5496,-0.2146,0.3458,-0.6205,0.5349,0.9265
Chst7,Chst7,99.8592,0.0422,0.1558,0.2706,0.7867,0.97
Chst8,Chst8,5.7426,0.0665,0.5812,0.1145,0.9088,0.987
Chsy1,Chsy1,3082.9628,-0.1919,0.0956,-2.0078,0.0447,0.7364
Chsy3,Chsy3,23.073,-0.1703,0.3317,-0.5135,0.6076,0.9411
Chtf18,Chtf18,302.3766,-0.7621,0.2989,-2.5499,0.0108,0.732
Chtf8,Chtf8,4432.9783,0.0856,0.0783,1.0925,0.2746,0.8588
Chtop,Chtop,7291.5868,-0.0746,0.0524,-1.4246,0.1543,0.7999
Chuk,Chuk,1718.9332,-0.1024,0.1636,-0.6262,0.5312,0.925
Churc1,Churc1,573.8534,-0.0401,0.1458,-0.275,0.7833,0.97
Ciao1,Ciao1,1571.5224,0.0954,0.0866,1.1023,0.2703,0.8588
Ciapin1,Ciapin1,3517.4467,0.0564,0.1121,0.503,0.615,0.9427
Ciart,Ciart,124.111,0.7039,0.2907,2.421,0.0155,0.732
Cib1,Cib1,999.9061,0.0597,0.0951,0.6279,0.53,0.9242
Cib2,Cib2,388.7834,-0.1321,0.1142,-1.1566,0.2474,0.8426
Cib3,Cib3,0.834,1.1151,1.9278,0.5784,0.563,0.9294
Cic,Cic,2981.7505,0.0903,0.1058,0.8533,0.3935,0.8986
Cidea,Cidea,0.5264,-1.5393,2.2826,-0.6743,0.5001,0.9181
Cideb,Cideb,9.3926,-0.4204,0.4962,-0.8473,0.3968,0.8991
Cidec,Cidec,0.3159,0.6941,2.5723,0.2698,0.7873,0.97
Ciita,Ciita,2.3172,-0.082,0.9367,-0.0875,0.9303,0.9917
Cilp,Cilp,18903.6184,-0.8274,0.6004,-1.3781,0.1682,0.8046
Cilp2,Cilp2,27.3839,-0.732,0.5432,-1.3474,0.1779,0.8123
Cinp,Cinp,1219.8973,-0.0473,0.0838,-0.5641,0.5727,0.9325
Cipc,Cipc,1750.5756,-0.0572,0.0974,-0.5869,0.5573,0.929
Cir1,Cir1,463.1103,0.0139,0.1853,0.0752,0.9401,0.9923
Cirbp,Cirbp,1920.5366,-0.0019,0.1458,-0.0129,0.9897,1
Cirh1a,Cirh1a,2038.5216,-0.039,0.0775,-0.503,0.615,0.9427
Cisd1,Cisd1,1617.3158,0.0475,0.1343,0.3538,0.7235,0.9688
Cisd2,Cisd2,2001.2919,0.0086,0.0906,0.0954,0.924,0.99
Cisd3,Cisd3,538.287,-0.0171,0.0953,-0.1798,0.8573,0.9796
Cish,Cish,36.3744,0.2862,0.3131,0.9142,0.3606,0.8868
Cit,Cit,461.8414,-0.7442,0.3106,-2.3958,0.0166,0.732
Cited1,Cited1,1.9873,-0.9486,1.0301,-0.9208,0.3571,0.8858
Cited2,Cited2,5987.2022,0.3068,0.1301,2.3575,0.0184,0.732
Cited4,Cited4,1.2473,-1.3548,1.468,-0.9229,0.3561,0.8852
Ciz1,Ciz1,1913.3773,0.1169,0.1,1.1681,0.2428,0.8407
Ckap2,Ckap2,1515.8452,-0.8093,0.3439,-2.3531,0.0186,0.732
Ckap2l,Ckap2l,1591.2917,-0.8845,0.4214,-2.0992,0.0358,0.732
Ckap4,Ckap4,11357.275,-0.2004,0.0856,-2.3418,0.0192,0.732
Ckap5,Ckap5,3439.7163,-0.3321,0.2738,-1.213,0.2251,0.8317
Ckb,Ckb,2945.5114,-0.3328,0.3274,-1.0167,0.3093,0.8667
Cklf,Cklf,150.0126,0.12,0.1398,0.8586,0.3906,0.898
Ckm,Ckm,2337.4879,-0.453,0.3487,-1.2993,0.1938,0.8197
Ckmt2,Ckmt2,24.6405,-0.0831,0.3622,-0.2294,0.8186,0.9755
Cks1b,Cks1b,1508.1882,-0.3353,0.1469,-2.2828,0.0224,0.732
Cks2,Cks2,1090.2449,-0.5433,0.2164,-2.5108,0.012,0.732
Clasp1,Clasp1,4479.7733,-0.0675,0.0991,-0.681,0.4959,0.9181
Clasp2,Clasp2,1519.4005,-0.1494,0.1375,-1.0861,0.2775,0.8588
Clasrp,Clasrp,660.3587,-0.0355,0.1008,-0.352,0.7249,0.9689
Clca1,Clca1,7.0304,0.164,0.6188,0.265,0.791,0.97
Clca2,Clca2,74.5386,-0.4254,0.2762,-1.5401,0.1235,0.7753
Clca3a1,Clca3a1,10.5509,-0.2725,0.5811,-0.4689,0.6391,0.9492
Clca3a2,Clca3a2,1.5813,-0.3126,1.2081,-0.2588,0.7958,0.9712
Clca3b,Clca3b,18.342,0.6288,0.4046,1.554,0.1202,0.7753
Clca4a,Clca4a,3.0439,-0.3779,0.804,-0.47,0.6383,0.9487
Clca4b,Clca4b,0.7386,0.3732,1.8724,0.1993,0.842,0.9775
Clcc1,Clcc1,1279.226,0.0522,0.0735,0.7097,0.4779,0.9168
Clcf1,Clcf1,693.3315,0.0593,0.1769,0.3351,0.7376,0.9694
Clcn1,Clcn1,11.0895,-0.2539,0.4977,-0.51,0.61,0.9416
Clcn2,Clcn2,289.3463,0.1884,0.1581,1.1915,0.2334,0.8354
Clcn3,Clcn3,1119.2154,-0.0702,0.1661,-0.4224,0.6727,0.9585
Clcn4-2,Clcn4-2,2819.7408,0.0882,0.0865,1.0197,0.3079,0.8653
Clcn5,Clcn5,1480.8282,0.108,0.1622,0.666,0.5054,0.9188
Clcn6,Clcn6,867.4768,0.1587,0.1412,1.1239,0.261,0.8526
Clcn7,Clcn7,2441.0296,0.3858,0.1646,2.3438,0.0191,0.732
Clcnka,Clcnka,37.3116,-0.6812,0.5737,-1.1875,0.235,0.8369
Clcnkb,Clcnkb,11.1252,-0.0544,0.4494,-0.121,0.9037,0.9863
Cldn1,Cldn1,23.8082,0.2683,0.497,0.5398,0.5893,0.9364
Cldn12,Cldn12,1647.2767,0.0613,0.1245,0.4925,0.6224,0.9443
Cldn13,Cldn13,0.5264,-1.5393,2.2826,-0.6743,0.5001,0.9181
Cldn14,Cldn14,1.5748,0.3394,1.0698,0.3172,0.7511,0.9694
Cldn15,Cldn15,16.9802,-0.5329,0.3395,-1.5694,0.1166,0.7753
Cldn19,Cldn19,1.5863,-0.9684,1.4379,-0.6735,0.5006,0.9183
Cldn2,Cldn2,27.1281,0.0546,0.2722,0.2006,0.841,0.9775
Cldn20,Cldn20,2.616,0.2389,1.4549,0.1642,0.8696,0.9818
Cldn22,Cldn22,7.3195,0.0648,0.4997,0.1298,0.8968,0.9854
Cldn23,Cldn23,3.2976,-0.5863,1.7146,-0.342,0.7324,0.9694
Cldn3,Cldn3,8.9168,1.0821,0.5593,1.9346,0.053,0.7364
Cldn34c1,Cldn34c1,16.373,-0.0192,0.5194,-0.0369,0.9706,0.999
Cldn4,Cldn4,2.1796,-0.1557,1.272,-0.1224,0.9026,0.986
Cldn5,Cldn5,2.2175,-0.1333,1.094,-0.1218,0.903,0.9861
Cldn7,Cldn7,0.8371,1.1869,1.6971,0.6993,0.4843,0.9168
Cldn9,Cldn9,3.9738,0.7612,0.717,1.0615,0.2885,0.8606
Cldnd1,Cldnd1,3384.789,0.1059,0.1382,0.7664,0.4434,0.9118
Clec10a,Clec10a,1.0552,-0.0043,1.7771,-0.0024,0.9981,1
Clec11a,Clec11a,65.4497,-0.6119,0.3022,-2.0247,0.0429,0.7364
Clec14a,Clec14a,0.6257,0.438,1.9617,0.2233,0.8233,0.9766
Clec16a,Clec16a,1995.6167,0.0879,0.0742,1.1847,0.2361,0.8369
Clec1a,Clec1a,2.8293,-0.741,0.8229,-0.9005,0.3679,0.8912
Clec2d,Clec2d,1634.9165,0.2548,0.2078,1.2258,0.2203,0.8303
Clec2e,Clec2e,0.8373,-1.3204,1.6094,-0.8204,0.412,0.9033
Clec2g,Clec2g,1.1539,0.5208,1.3696,0.3802,0.7038,0.9641
Clec2l,Clec2l,8.402,-0.2217,0.5099,-0.4348,0.6637,0.9561
Clec3b,Clec3b,135.84,0.6047,0.3253,1.8591,0.063,0.7457
Clec4a1,Clec4a1,0.4218,0.0065,2.0626,0.0032,0.9975,1
Clec4d,Clec4d,3.3366,2.0046,1.7899,1.12,0.2627,0.8534
Clec4e,Clec4e,30.7971,1.537,1.9541,0.7866,0.4315,0.9081
Clec5a,Clec5a,1.459,0.6089,1.4992,0.4062,0.6846,0.9623
Clgn,Clgn,0.6283,-0.4249,1.9607,-0.2167,0.8284,0.9769
Clhc1,Clhc1,3.044,-0.1778,0.7767,-0.2289,0.8189,0.9755
Clic1,Clic1,12288.4654,0.0831,0.1331,0.6247,0.5322,0.9252
Clic3,Clic3,110.0022,0.0846,0.2102,0.4023,0.6875,0.9623
Clic4,Clic4,20519.3246,-0.0215,0.0408,-0.5265,0.5986,0.9397
Clic5,Clic5,315.7678,0.2145,0.1244,1.7238,0.0847,0.7604
Clic6,Clic6,0.6272,1.6587,2.3807,0.6967,0.486,0.9168
Clint1,Clint1,4595.7716,-0.0421,0.0825,-0.5101,0.61,0.9416
Clip1,Clip1,3990.6428,-0.1477,0.1691,-0.8734,0.3825,0.8935
Clip2,Clip2,1750.6499,0.0879,0.1252,0.702,0.4827,0.9168
Clip3,Clip3,1720.1854,0.1754,0.1352,1.297,0.1946,0.8204
Clip4,Clip4,710.7177,0.112,0.1729,0.648,0.517,0.921
Clk1,Clk1,3059.3467,-0.0086,0.1808,-0.0474,0.9622,0.997
Clk2,Clk2,226.7038,-0.0173,0.1453,-0.1192,0.9052,0.9865
Clk3,Clk3,1979.472,0.0525,0.0872,0.6026,0.5468,0.9289
Clk4,Clk4,1274.1474,-0.0305,0.1237,-0.2465,0.8053,0.9724
Clmn,Clmn,305.8235,-0.0846,0.1785,-0.474,0.6355,0.9484
Clmp,Clmp,1699.5411,0.5786,0.3218,1.7982,0.0722,0.752
Cln3,Cln3,219.9756,0.2125,0.2119,1.0029,0.3159,0.8701
Cln5,Cln5,3221.2315,0.3779,0.171,2.2098,0.0271,0.732
Cln6,Cln6,886.5206,0.1017,0.1243,0.8182,0.4132,0.9033
Cln8,Cln8,2214.3487,0.4892,0.2628,1.8613,0.0627,0.7457
Clns1a,Clns1a,1818.3965,-0.0229,0.093,-0.2463,0.8054,0.9724
Clock,Clock,1635.4623,-0.139,0.2805,-0.4957,0.6201,0.9436
Clp1,Clp1,543.0105,-0.0214,0.1041,-0.2059,0.8369,0.9774
Clpb,Clpb,1530.5385,0.0309,0.0802,0.3856,0.6998,0.9635
Clpp,Clpp,1082.6613,0.0649,0.1252,0.5185,0.6041,0.941
Clptm1,Clptm1,5431.259,0.2438,0.1093,2.2304,0.0257,0.732
Clptm1l,Clptm1l,7039.3031,0.2266,0.1192,1.9016,0.0572,0.7377
Clpx,Clpx,1750.4575,-0.1118,0.1226,-0.9123,0.3616,0.8873
Clrn1,Clrn1,122.3276,-0.4802,0.3105,-1.5464,0.122,0.7753
Clspn,Clspn,539.6769,-0.9935,0.4026,-2.4676,0.0136,0.732
Clstn1,Clstn1,7524.5286,0.2035,0.1071,1.8998,0.0575,0.7377
Clstn2,Clstn2,1.2548,1.3034,1.5694,0.8305,0.4063,0.9033
Clstn3,Clstn3,76.2708,-0.1641,0.1681,-0.9762,0.329,0.8758
Clta,Clta,5262.7906,0.1045,0.1046,0.9984,0.3181,0.8703
Cltb,Cltb,2333.9877,0.037,0.0986,0.3753,0.7074,0.9657
Cltc,Cltc,17212.5887,-0.0238,0.0988,-0.241,0.8095,0.9735
Clu,Clu,377.4851,0.3559,0.2416,1.4732,0.1407,0.7904
Cluap1,Cluap1,484.2119,-0.0265,0.0891,-0.2975,0.7661,0.97
Cluh,Cluh,4252.7378,0.0684,0.0932,0.7343,0.4628,0.9152
Clvs1,Clvs1,22.4193,-0.3152,0.3599,-0.8759,0.3811,0.8935
Clybl,Clybl,926.2925,0.2418,0.1423,1.6987,0.0894,0.764
Cma1,Cma1,2.2978,-0.0471,1.0655,-0.0442,0.9648,0.9978
Cmah,Cmah,483.282,-0.0365,0.2018,-0.1806,0.8567,0.9796
Cmas,Cmas,1839.5996,0.0446,0.0625,0.7142,0.4751,0.9168
Cmbl,Cmbl,217.8667,0.1249,0.1517,0.8237,0.4101,0.9033
Cmc1,Cmc1,378.5267,0.1317,0.1007,1.3076,0.191,0.8163
Cmc2,Cmc2,399.1008,-0.2187,0.1098,-1.9922,0.0464,0.7364
Cmc4,Cmc4,43.5173,0.1412,0.2434,0.5801,0.5618,0.9294
Cmip,Cmip,1504.9984,-0.0045,0.069,-0.0648,0.9483,0.9935
Cmklr1,Cmklr1,851.243,-0.7081,0.4914,-1.4409,0.1496,0.7968
Cml1,Cml1,42.3175,0.7113,0.2898,2.4543,0.0141,0.732
Cml2,Cml2,0.6327,0.8957,1.6734,0.5352,0.5925,0.9384
Cml3,Cml3,0.6284,0.6771,1.9739,0.343,0.7316,0.9694
Cml5,Cml5,0.6253,1.6565,2.3815,0.6956,0.4867,0.9168
Cmpk1,Cmpk1,3835.1897,-0.1815,0.1076,-1.688,0.0914,0.7643
Cmpk2,Cmpk2,8.3588,-0.1523,0.5436,-0.2803,0.7793,0.97
Cmss1,Cmss1,191.637,-0.0261,0.2035,-0.1284,0.8978,0.9854
Cmtm3,Cmtm3,2241.9161,0.4049,0.217,1.8665,0.062,0.7456
Cmtm4,Cmtm4,2513.469,0.156,0.1116,1.3977,0.1622,0.8037
Cmtm5,Cmtm5,0.624,-0.6623,1.9731,-0.3357,0.7371,0.9694
Cmtm6,Cmtm6,1906.7349,-0.0005,0.0713,-0.0071,0.9943,1
Cmtm7,Cmtm7,726.7784,-0.0975,0.1045,-0.9331,0.3508,0.8839
Cmtr1,Cmtr1,169.9637,0.2331,0.2887,0.8073,0.4195,0.9047
Cmtr2,Cmtr2,429.8219,0.0684,0.0905,0.7555,0.45,0.912
Cmya5,Cmya5,5.5477,-0.7032,0.7666,-0.9174,0.3589,0.8861
Cnbd2,Cnbd2,63.3694,0.435,0.3332,1.3054,0.1918,0.8168
Cnbp,Cnbp,14366.6936,-0.0906,0.0764,-1.1854,0.2359,0.8369
Cndp2,Cndp2,1549.731,0.5469,0.2903,1.8839,0.0596,0.7456
Cnep1r1,Cnep1r1,2863.6779,-0.2092,0.1462,-1.431,0.1524,0.7982
Cnga2,Cnga2,1.3569,0.6424,1.239,0.5185,0.6041,0.941
Cnga4,Cnga4,0.943,-2.4699,1.7675,-1.3974,0.1623,0.8037
Cngb1,Cngb1,40.7133,0.3498,0.2566,1.3633,0.1728,0.807
Cnih1,Cnih1,4930.6318,0.124,0.0982,1.2633,0.2065,0.8262
Cnih2,Cnih2,48.5065,-0.6727,0.3222,-2.0878,0.0368,0.732
Cnih3,Cnih3,6.2026,-0.1731,0.6917,-0.2503,0.8023,0.9719
Cnih4,Cnih4,2447.8788,0.0651,0.0938,0.6943,0.4875,0.9169
Cnksr1,Cnksr1,44.0352,0.3301,0.2297,1.4375,0.1506,0.7968
Cnksr2,Cnksr2,8.8972,-0.6999,0.6224,-1.1246,0.2608,0.8524
Cnksr3,Cnksr3,1926.6104,0.0987,0.0795,1.2416,0.2144,0.8265
Cnn1,Cnn1,220.5784,-1.0843,0.4687,-2.3136,0.0207,0.732
Cnn2,Cnn2,11472.6249,-0.3079,0.1611,-1.9106,0.0561,0.7377
Cnn3,Cnn3,35427.8463,-0.3027,0.1911,-1.5837,0.1133,0.7736
Cnnm2,Cnnm2,700.1293,0.5222,0.2301,2.269,0.0233,0.732
Cnnm3,Cnnm3,1229.9752,0.2551,0.1247,2.0457,0.0408,0.732
Cnnm4,Cnnm4,759.4268,0.0644,0.1405,0.4584,0.6467,0.953
Cnot1,Cnot1,9765.9843,-0.1406,0.1306,-1.0771,0.2815,0.8606
Cnot10,Cnot10,1865.9642,-0.0222,0.0844,-0.2635,0.7922,0.9702
Cnot11,Cnot11,1948.0319,-0.0545,0.0666,-0.8192,0.4127,0.9033
Cnot2,Cnot2,3151.2656,-0.0979,0.108,-0.9066,0.3646,0.8879
Cnot3,Cnot3,1484.8487,-0.0989,0.0896,-1.1031,0.27,0.8588
Cnot4,Cnot4,1069.2606,-0.0531,0.1564,-0.3392,0.7345,0.9694
Cnot6,Cnot6,3498.1386,-0.3369,0.2415,-1.3952,0.163,0.8037
Cnot6l,Cnot6l,3120.7589,-0.1956,0.2828,-0.6916,0.4892,0.918
Cnot7,Cnot7,2643.0933,-0.0786,0.1649,-0.4765,0.6337,0.9473
Cnot8,Cnot8,2690.0784,0.0444,0.0885,0.5014,0.6161,0.9427
Cnp,Cnp,959.5509,-0.0538,0.1428,-0.377,0.7062,0.965
Cnppd1,Cnppd1,2456.7051,0.3897,0.2163,1.8014,0.0716,0.752
Cnpy2,Cnpy2,3279.7681,0.1237,0.0898,1.3773,0.1684,0.8046
Cnpy3,Cnpy3,1997.9003,0.3182,0.1744,1.825,0.068,0.7495
Cnpy4,Cnpy4,1789.3467,-0.1235,0.0941,-1.3129,0.1892,0.8161
Cnr1,Cnr1,219.3162,-0.9358,0.5094,-1.8369,0.0662,0.7457
Cnrip1,Cnrip1,191.7293,0.1056,0.1475,0.7162,0.4739,0.9168
Cnst,Cnst,1108.7018,0.005,0.0672,0.075,0.9402,0.9923
Cntd1,Cntd1,15.2949,-0.054,0.4298,-0.1257,0.9,0.9859
Cntf,Cntf,5.8769,0.564,0.6967,0.8095,0.4183,0.9047
Cntfr,Cntfr,42.308,-0.1278,0.3111,-0.4107,0.6813,0.9617
Cntln,Cntln,350.0123,-0.119,0.1196,-0.9949,0.3198,0.871
Cntn1,Cntn1,0.4216,-2.2601,2.3011,-0.9822,0.326,0.8747
Cntn3,Cntn3,13.086,-0.2634,0.4454,-0.5914,0.5542,0.929
Cntn4,Cntn4,0.6237,-0.6357,1.7485,-0.3635,0.7162,0.9662
Cntn5,Cntn5,0.7265,-0.5852,1.743,-0.3358,0.737,0.9694
Cntn6,Cntn6,3.8519,0.7763,1.0161,0.764,0.4449,0.912
Cntnap1,Cntnap1,220.2466,0.5478,0.3886,1.4097,0.1586,0.8015
Cntnap4,Cntnap4,22.0662,-0.1618,0.356,-0.4546,0.6494,0.9539
Cntnap5a,Cntnap5a,1.4686,-0.2699,1.2593,-0.2143,0.8303,0.9774
Cntrl,Cntrl,428.2969,-0.5123,0.2642,-1.9393,0.0525,0.7364
Cntrob,Cntrob,849.952,-0.2548,0.1089,-2.3396,0.0193,0.732
Coa3,Coa3,1320.6411,0.0554,0.0784,0.7069,0.4796,0.9168
Coa4,Coa4,163.0224,0.1048,0.1345,0.7792,0.4359,0.9093
Coa5,Coa5,4559.9095,0.0492,0.0793,0.6207,0.5348,0.9265
Coa6,Coa6,330.0444,0.1079,0.1132,0.9532,0.3405,0.879
Coa7,Coa7,320.4399,0.0515,0.0949,0.5429,0.5872,0.9355
Coasy,Coasy,1131.9455,0.1594,0.1251,1.2743,0.2026,0.8262
Cobl,Cobl,2097.1163,-0.2416,0.2478,-0.9748,0.3297,0.8765
Cobll1,Cobll1,1139.4253,-0.0119,0.1883,-0.0634,0.9494,0.9938
Coch,Coch,2.8221,-2.2296,0.9698,-2.2991,0.0215,0.732
Cog1,Cog1,1265.5071,0.0367,0.1067,0.3434,0.7313,0.9694
Cog2,Cog2,1108.9479,0.0835,0.075,1.1131,0.2656,0.8547
Cog3,Cog3,2112.1027,-0.023,0.077,-0.299,0.7649,0.97
Cog4,Cog4,2464.4725,0.0044,0.0832,0.0529,0.9578,0.9962
Cog5,Cog5,611.1762,-0.122,0.1515,-0.8049,0.4209,0.9054
Cog6,Cog6,2355.1833,0.0026,0.0793,0.0325,0.974,0.9992
Cog7,Cog7,1106.7578,0.0796,0.0851,0.9351,0.3497,0.8839
Cog8,Cog8,1061.7062,0.0384,0.0899,0.4274,0.6691,0.9569
Coil,Coil,466.3021,-0.0123,0.0866,-0.1415,0.8875,0.9833
Col10a1,Col10a1,22.1971,0.299,0.3414,0.8759,0.3811,0.8935
Col11a1,Col11a1,244.9832,-0.9729,0.8053,-1.2082,0.227,0.8325
Col11a2,Col11a2,39.6466,-0.566,0.239,-2.3679,0.0179,0.732
Col12a1,Col12a1,71275.678,-0.0365,0.0973,-0.3753,0.7074,0.9657
Col13a1,Col13a1,26.6697,-0.7995,0.6003,-1.3317,0.183,0.8131
Col14a1,Col14a1,276.5535,0.2694,0.2718,0.991,0.3217,0.873
Col15a1,Col15a1,2.6273,-0.5118,0.9149,-0.5594,0.5759,0.9337
Col16a1,Col16a1,2355.5318,0.1181,0.105,1.1249,0.2606,0.8523
Col17a1,Col17a1,87.8281,-0.1235,0.1958,-0.6305,0.5284,0.9237
Col18a1,Col18a1,7470.4701,-0.4873,0.2366,-2.0595,0.0394,0.732
Col19a1,Col19a1,30.1951,-0.042,0.361,-0.1163,0.9074,0.987
Col1a1,Col1a1,36881.4196,-0.8304,0.4485,-1.8514,0.0641,0.7457
Col1a2,Col1a2,110001.3686,-0.4123,0.222,-1.8575,0.0632,0.7457
Col20a1,Col20a1,39.1649,0.3057,0.3055,1.0007,0.317,0.8701
Col22a1,Col22a1,1.8958,-0.3105,1.1239,-0.2762,0.7824,0.97
Col23a1,Col23a1,197.1643,-0.5284,0.3972,-1.3304,0.1834,0.8131
Col24a1,Col24a1,147.0627,-0.5841,0.3528,-1.6555,0.0978,0.7669
Col25a1,Col25a1,89.9258,-0.457,0.3837,-1.1909,0.2337,0.8354
Col26a1,Col26a1,61.9847,-0.3716,0.2751,-1.3508,0.1768,0.811
Col27a1,Col27a1,301.6086,-0.2235,0.2047,-1.0914,0.2751,0.8588
Col28a1,Col28a1,25.4959,0.3766,0.356,1.058,0.29,0.8606
Col2a1,Col2a1,0.8259,-0.3845,1.9297,-0.1993,0.8421,0.9775
Col3a1,Col3a1,263245.2063,-0.0565,0.0635,-0.8897,0.3737,0.893
Col4a1,Col4a1,20020.5227,-0.1271,0.1563,-0.8134,0.416,0.9034
Col4a2,Col4a2,16252.8735,-0.0984,0.1442,-0.6825,0.4949,0.9181
Col4a3,Col4a3,3.0346,0.8199,0.8375,0.979,0.3276,0.8756
Col4a3bp,Col4a3bp,2372.129,0.0488,0.1568,0.3113,0.7556,0.9694
Col4a4,Col4a4,2.1025,-0.2431,1.1635,-0.2089,0.8345,0.9774
Col4a5,Col4a5,989.0038,-0.4124,0.2938,-1.4036,0.1604,0.8037
Col4a6,Col4a6,38.9918,-0.1421,0.4273,-0.3327,0.7394,0.9694
Col5a1,Col5a1,52312.8839,-0.5075,0.2449,-2.0728,0.0382,0.732
Col5a2,Col5a2,66154.2118,-0.1508,0.07,-2.1542,0.0312,0.732
Col5a3,Col5a3,6600.8199,-0.4926,0.2609,-1.8879,0.059,0.7454
Col6a1,Col6a1,60550.5759,-0.499,0.2605,-1.9153,0.0554,0.7377
Col6a2,Col6a2,32272.5677,-0.6545,0.3466,-1.8887,0.0589,0.7447
Col6a3,Col6a3,18132.9233,-0.5317,0.2011,-2.6442,0.0082,0.732
Col6a4,Col6a4,10.7923,-0.1677,0.6171,-0.2717,0.7858,0.97
Col6a5,Col6a5,0.7405,-2.1172,2.1935,-0.9652,0.3344,0.8778
Col7a1,Col7a1,51.6535,-0.405,0.3214,-1.2601,0.2076,0.8263
Col8a1,Col8a1,10620.1532,-0.6821,0.3985,-1.7119,0.0869,0.764
Col8a2,Col8a2,4817.6959,-0.7785,0.601,-1.2953,0.1952,0.8204
Col9a2,Col9a2,1.0512,-0.207,1.3467,-0.1537,0.8778,0.982
Col9a3,Col9a3,5.5532,-0.589,0.6932,-0.8496,0.3955,0.8991
Colec10,Colec10,109.856,0.4349,0.3866,1.125,0.2606,0.8523
Colec11,Colec11,0.4219,1.1947,2.0048,0.5959,0.5512,0.929
Colec12,Colec12,11688.807,0.1564,0.1052,1.4866,0.1371,0.787
Colgalt1,Colgalt1,7976.1781,0.0335,0.0661,0.5073,0.612,0.942
Colq,Colq,193.3509,-0.1942,0.2801,-0.6934,0.488,0.9171
Commd1,Commd1,1794.591,-0.0372,0.0752,-0.4941,0.6212,0.9436
Commd10,Commd10,1452.6421,0.0285,0.0777,0.3661,0.7143,0.9662
Commd2,Commd2,1145.1897,-0.0954,0.083,-1.1495,0.2504,0.8443
Commd3,Commd3,3340.0294,0.0313,0.1,0.3135,0.7539,0.9694
Commd4,Commd4,800.9954,0.1271,0.1106,1.1488,0.2506,0.8443
Commd5,Commd5,886.6283,0.0405,0.0937,0.4329,0.6651,0.9561
Commd6,Commd6,839.2519,0.13,0.0987,1.3174,0.1877,0.8161
Commd7,Commd7,1588.1236,0.0725,0.1088,0.6661,0.5054,0.9188
Commd8,Commd8,1494.8386,-0.0288,0.1188,-0.2428,0.8082,0.9732
Commd9,Commd9,901.0562,0.0796,0.1049,0.7587,0.448,0.912
Comp,Comp,11.1176,-0.6549,0.424,-1.5445,0.1225,0.7753
Comt,Comt,2989.8587,0.1368,0.127,1.077,0.2815,0.8606
Comtd1,Comtd1,306.7628,0.4181,0.2017,2.073,0.0382,0.732
Copa,Copa,19773.236,0.0352,0.0623,0.5643,0.5726,0.9325
Copb1,Copb1,8120.1455,-0.0803,0.0772,-1.0391,0.2987,0.861
Copb2,Copb2,11711.2607,-0.1127,0.0647,-1.7426,0.0814,0.7572
Cope,Cope,3868.4192,0.1342,0.0878,1.5277,0.1266,0.7753
Copg1,Copg1,9225.2152,-0.0471,0.056,-0.8403,0.4007,0.9017
Copg2,Copg2,2714.4829,-0.0154,0.073,-0.2114,0.8326,0.9774
Coprs,Coprs,400.1097,0.2433,0.1433,1.6981,0.0895,0.764
Cops2,Cops2,4203.2056,-0.0011,0.1806,-0.0061,0.9951,1
Cops3,Cops3,3075.3029,-0.1293,0.0649,-1.9932,0.0462,0.7364
Cops4,Cops4,3520.8406,-0.0306,0.0951,-0.3217,0.7477,0.9694
Cops5,Cops5,3694.1223,-0.142,0.1132,-1.2549,0.2095,0.8265
Cops6,Cops6,3827.3386,-0.0343,0.0957,-0.3587,0.7198,0.9674
Cops7a,Cops7a,3198.8889,0.0871,0.099,0.8795,0.3792,0.8935
Cops7b,Cops7b,977.0415,0.046,0.1064,0.4325,0.6654,0.9561
Cops8,Cops8,3340.437,-0.0259,0.0681,-0.3804,0.7037,0.9641
Copz1,Copz1,5006.6184,0.0067,0.0858,0.0781,0.9378,0.9923
Copz2,Copz2,2918.0844,-0.1403,0.1322,-1.0609,0.2888,0.8606
Coq10a,Coq10a,918.4301,0.2305,0.0989,2.3307,0.0198,0.732
Coq10b,Coq10b,1926.8762,-0.2018,0.1451,-1.3907,0.1643,0.8037
Coq2,Coq2,1216.4862,0.0407,0.1174,0.3466,0.7289,0.9694
Coq3,Coq3,726.722,-0.003,0.073,-0.0412,0.9672,0.9986
Coq4,Coq4,372.2509,0.1533,0.1153,1.3298,0.1836,0.8131
Coq5,Coq5,1474.3052,0.0036,0.0856,0.042,0.9665,0.9985
Coq6,Coq6,680.1832,-0.0182,0.0897,-0.2024,0.8396,0.9775
Coq7,Coq7,382.2642,-0.0299,0.1081,-0.2764,0.7823,0.97
Coq9,Coq9,2823.5771,0.0154,0.073,0.2112,0.8327,0.9774
Corin,Corin,2.304,-1.0135,0.9439,-1.0737,0.283,0.8606
Coro1a,Coro1a,25.1176,0.6575,0.3059,2.1494,0.0316,0.732
Coro1b,Coro1b,6808.068,0.2133,0.143,1.4916,0.1358,0.784
Coro1c,Coro1c,5760.7586,-0.0062,0.1008,-0.0616,0.9509,0.9939
Coro2a,Coro2a,158.0531,-0.3975,0.2066,-1.9243,0.0543,0.7377
Coro2b,Coro2b,1616.8016,-0.1074,0.0908,-1.1831,0.2368,0.8369
Coro6,Coro6,1083.3251,0.0126,0.1997,0.063,0.9498,0.9939
Coro7,Coro7,566.2576,0.0846,0.1029,0.8224,0.4108,0.9033
Cort,Cort,5.443,-0.0765,0.5767,-0.1326,0.8945,0.9846
Cotl1,Cotl1,1688.0776,-0.5904,0.2862,-2.0631,0.0391,0.732
Cox10,Cox10,515.0068,-0.0348,0.1102,-0.3159,0.7521,0.9694
Cox11,Cox11,472.6378,-0.113,0.1034,-1.0933,0.2743,0.8588
Cox14,Cox14,1615.305,0.096,0.0707,1.3563,0.175,0.8089
Cox15,Cox15,1644.3719,-0.11,0.0928,-1.1853,0.2359,0.8369
Cox16,Cox16,211.8003,-0.0711,0.2443,-0.291,0.771,0.97
Cox17,Cox17,971.2943,-0.0586,0.1025,-0.5718,0.5675,0.9312
Cox18,Cox18,632.4618,-0.0092,0.1096,-0.0843,0.9328,0.9921
Cox19,Cox19,1288.6963,0.0672,0.0734,0.9151,0.3602,0.8868
Cox20,Cox20,602.9124,-0.1588,0.1301,-1.2204,0.2223,0.8307
Cox4i1,Cox4i1,10176.9237,0.076,0.0837,0.9082,0.3638,0.8873
Cox4i2,Cox4i2,1.4587,1.3289,1.3009,1.0215,0.307,0.8653
Cox5a,Cox5a,3563.4079,-0.0124,0.0777,-0.1599,0.873,0.9819
Cox5b,Cox5b,3356.7267,-0.0639,0.0979,-0.652,0.5144,0.9199
Cox6a1,Cox6a1,4058.1798,-0.0212,0.0897,-0.2362,0.8133,0.9744
Cox6a2,Cox6a2,327.152,-0.0057,0.1865,-0.0305,0.9757,0.9992
Cox6b1,Cox6b1,4602.8689,-0.0851,0.109,-0.7815,0.4345,0.9089
Cox6b2,Cox6b2,6.5923,-0.2187,0.5971,-0.3664,0.7141,0.9662
Cox6c,Cox6c,6032.7927,-0.0913,0.0863,-1.0575,0.2903,0.8606
Cox7a1,Cox7a1,48.1972,-0.1559,0.2693,-0.5789,0.5627,0.9294
Cox7a2,Cox7a2,3267.5903,-0.0616,0.0787,-0.7833,0.4335,0.9089
Cox7a2l,Cox7a2l,5257.1142,0.1642,0.1404,1.1697,0.2421,0.8407
Cox7b,Cox7b,3956.991,-0.1032,0.0941,-1.0964,0.2729,0.8588
Cox7b2,Cox7b2,3.1456,0.0656,0.7599,0.0864,0.9312,0.992
Cox7c,Cox7c,4275.6538,-0.0123,0.0998,-0.1236,0.9017,0.986
Cox8a,Cox8a,4730.7557,0.033,0.0972,0.3401,0.7338,0.9694
Cox8b,Cox8b,94.5738,-0.0361,0.277,-0.1302,0.8964,0.9854
Cp,Cp,14822.4832,0.5393,0.2143,2.5165,0.0119,0.732
Cpa1,Cpa1,4.4947,-0.9011,0.8041,-1.1207,0.2624,0.853
Cpa2,Cpa2,2.2056,-1.579,1.0071,-1.5679,0.1169,0.7753
Cpa4,Cpa4,66.8404,-0.3094,0.2593,-1.1931,0.2328,0.8354
Cpa5,Cpa5,4.9328,-1.1263,0.8117,-1.3876,0.1653,0.8037
Cpa6,Cpa6,10.3475,-0.0577,0.5182,-0.1113,0.9114,0.9873
Cpd,Cpd,6814.9105,0.0362,0.1367,0.2651,0.791,0.97
Cpe,Cpe,4083.2049,0.3087,0.1382,2.2338,0.0255,0.732
Cpeb1,Cpeb1,330.9337,0.5158,0.2379,2.1675,0.0302,0.732
Cpeb2,Cpeb2,381.8131,-0.0138,0.2304,-0.0597,0.9524,0.9943
Cpeb3,Cpeb3,377.1941,-0.182,0.1724,-1.0554,0.2912,0.8606
Cpeb4,Cpeb4,984.7484,-0.0124,0.2512,-0.0492,0.9608,0.9969
Cped1,Cped1,317.1626,0.278,0.194,1.4332,0.1518,0.7971
Cplx1,Cplx1,1.0555,0.5675,1.4785,0.3838,0.7011,0.9635
Cplx2,Cplx2,832.2784,-0.2409,0.1514,-1.5914,0.1115,0.7736
Cplx3,Cplx3,17.5964,0.0868,0.3694,0.2351,0.8141,0.9745
Cpm,Cpm,16.891,-0.5134,0.4147,-1.238,0.2157,0.8283
Cpn1,Cpn1,3.5669,-0.0773,0.8383,-0.0923,0.9265,0.9905
Cpn2,Cpn2,0.9492,0.3156,1.5033,0.21,0.8337,0.9774
Cpne1,Cpne1,2855.5311,-0.0694,0.0992,-0.7,0.4839,0.9168
Cpne2,Cpne2,1980.6974,0.1788,0.1708,1.0468,0.2952,0.8606
Cpne3,Cpne3,2773.0199,-0.1942,0.2206,-0.8803,0.3787,0.8935
Cpne5,Cpne5,7.8586,0.3312,0.5479,0.6045,0.5455,0.9286
Cpne7,Cpne7,5.0295,0.7003,0.7263,0.9642,0.335,0.8778
Cpne8,Cpne8,1783.9502,-0.0557,0.1009,-0.5524,0.5806,0.9352
Cpne9,Cpne9,0.6327,0.878,1.8836,0.4661,0.6411,0.95
Cpox,Cpox,1547.6017,0.2249,0.1658,1.3566,0.1749,0.8089
Cpped1,Cpped1,2562.4544,-0.0044,0.0647,-0.0685,0.9454,0.9934
Cpq,Cpq,7096.0446,0.1734,0.1314,1.3201,0.1868,0.8161
Cps1,Cps1,1.686,0.6618,1.4756,0.4485,0.6538,0.9548
Cpsf1,Cpsf1,3281.9023,0.0086,0.0844,0.1015,0.9192,0.9879
Cpsf2,Cpsf2,2701.3608,-0.1852,0.0999,-1.8532,0.0638,0.7457
Cpsf3,Cpsf3,2680.679,0.0195,0.0836,0.233,0.8158,0.975
Cpsf3l,Cpsf3l,2001.5385,0.0558,0.1159,0.4813,0.6303,0.9453
Cpsf4,Cpsf4,668.029,-0.0338,0.1102,-0.3071,0.7587,0.9694
Cpsf4l,Cpsf4l,1.6764,1.3959,1.4144,0.987,0.3237,0.8734
Cpsf6,Cpsf6,2664.1158,-0.2038,0.1615,-1.2614,0.2072,0.8262
Cpsf7,Cpsf7,2984.8075,-0.0423,0.0657,-0.6438,0.5197,0.9221
Cpt1a,Cpt1a,8328.2362,0.1792,0.2159,0.8301,0.4065,0.9033
Cpt1b,Cpt1b,1.8778,-0.233,0.9867,-0.2362,0.8133,0.9744
Cpt1c,Cpt1c,587.5118,-0.0575,0.0828,-0.6948,0.4872,0.9168
Cpt2,Cpt2,1220.3938,0.0161,0.1065,0.1516,0.8795,0.9823
Cptp,Cptp,723.0832,0.1189,0.1426,0.8343,0.4041,0.9033
Cpvl,Cpvl,2.0912,-0.8852,1.1246,-0.7872,0.4312,0.9081
Cpxm1,Cpxm1,32.157,0.255,0.2901,0.8793,0.3792,0.8935
Cpz,Cpz,235.3711,-0.2339,0.181,-1.2923,0.1963,0.8209
Cr1l,Cr1l,2130.7335,0.1702,0.1747,0.9744,0.3299,0.8767
Cr2,Cr2,0.7318,-0.1831,2.4008,-0.0762,0.9392,0.9923
Crabp1,Crabp1,27.1671,-1.1146,0.7114,-1.5668,0.1172,0.7753
Crabp2,Crabp2,1971.3397,0.031,0.1885,0.1642,0.8695,0.9818
Cracr2b,Cracr2b,75.7223,-0.0653,0.2127,-0.3069,0.759,0.9694
Cradd,Cradd,242.5421,0.1402,0.1231,1.1383,0.255,0.8459
Cramp1l,Cramp1l,911.3237,-0.1316,0.0894,-1.4723,0.1409,0.7908
Crat,Crat,2436.0993,0.1145,0.0834,1.3736,0.1696,0.8054
Crbn,Crbn,1256.8864,-0.0471,0.1758,-0.268,0.7887,0.97
Crcp,Crcp,986.5385,0.0963,0.1191,0.808,0.4191,0.9047
Crct1,Crct1,4.594,1.4658,0.936,1.5661,0.1173,0.7753
Creb1,Creb1,1344.1443,-0.1574,0.2261,-0.6963,0.4862,0.9168
Creb3,Creb3,2661.4439,0.0841,0.0895,0.9394,0.3475,0.8829
Creb3l1,Creb3l1,7685.6017,-0.2563,0.1238,-2.0697,0.0385,0.732
Creb3l2,Creb3l2,1441.6267,0.0136,0.0805,0.1695,0.8654,0.9815
Creb3l3,Creb3l3,29.5471,-0.1772,0.3088,-0.5737,0.5661,0.9302
Creb3l4,Creb3l4,18.2011,0.371,0.5032,0.7372,0.461,0.9144
Creb5,Creb5,84.275,0.2101,0.2117,0.9925,0.3209,0.8728
Crebbp,Crebbp,808.0729,-0.1163,0.1614,-0.7204,0.4713,0.9168
Crebl2,Crebl2,492.1896,0.3119,0.179,1.7423,0.0815,0.7572
Crebrf,Crebrf,740.6383,0.6296,0.2585,2.4355,0.0149,0.732
Crebzf,Crebzf,1021.6953,-0.1169,0.1445,-0.8088,0.4186,0.9047
Creg1,Creg1,2459.0274,0.5095,0.247,2.063,0.0391,0.732
Creg2,Creg2,24.808,-0.1715,0.2845,-0.6028,0.5466,0.9289
Creld1,Creld1,2385.5624,0.2276,0.0891,2.5538,0.0107,0.732
Creld2,Creld2,2362.2818,0.3927,0.1333,2.9449,0.0032,0.732
Crem,Crem,307.7078,0.1341,0.1675,0.8006,0.4234,0.906
Crh,Crh,5.6789,0.264,0.595,0.4436,0.6573,0.9548
Crhbp,Crhbp,5.1191,-0.0747,0.6736,-0.1108,0.9117,0.9873
Crim1,Crim1,1368.9255,0.1918,0.163,1.1771,0.2391,0.84
Crip1,Crip1,5344.8492,-0.3154,0.1898,-1.6613,0.0966,0.7669
Crip2,Crip2,18646.4579,-0.1728,0.1527,-1.1318,0.2577,0.8482
Crip3,Crip3,0.9424,-0.1077,1.4109,-0.0763,0.9392,0.9923
Cript,Cript,2035.3964,0.0438,0.0681,0.6428,0.5203,0.9221
Crisp2,Crisp2,3.3444,0.4804,0.792,0.6066,0.5441,0.9283
Crispld1,Crispld1,4.2941,0.7039,0.8523,0.8259,0.4089,0.9033
Crispld2,Crispld2,7.0902,-0.5605,0.5963,-0.94,0.3472,0.8828
Crk,Crk,7364.1469,-0.1242,0.1264,-0.9826,0.3258,0.8747
Crkl,Crkl,3025.3639,0.0174,0.0645,0.2692,0.7877,0.97
Crlf1,Crlf1,7265.2524,-0.4638,0.2531,-1.8328,0.0668,0.7457
Crlf2,Crlf2,215.9478,0.2596,0.1875,1.3842,0.1663,0.8037
Crlf3,Crlf3,1320.9582,-0.1787,0.0949,-1.8821,0.0598,0.7456
Crls1,Crls1,1499.7343,0.0949,0.0765,1.2414,0.2145,0.8265
Crmp1,Crmp1,4.7818,-0.1083,1.0568,-0.1024,0.9184,0.9879
Crnde,Crnde,193.4474,-0.388,0.253,-1.5336,0.1251,0.7753
Crnkl1,Crnkl1,1982.4659,-0.1145,0.1574,-0.7274,0.467,0.9168
Crocc,Crocc,328.5459,0.0019,0.1369,0.014,0.9888,1
Crot,Crot,1755.0623,0.0026,0.1042,0.0246,0.9803,1
Crtam,Crtam,0.7331,1.9667,2.2762,0.864,0.3876,0.8952
Crtap,Crtap,4863.1427,0.0103,0.0997,0.1031,0.9178,0.9879
Crtc1,Crtc1,1185.2747,-0.0633,0.0822,-0.77,0.4413,0.9115
Crtc2,Crtc2,1272.0764,0.0822,0.0783,1.05,0.2937,0.8606
Crtc3,Crtc3,959.3473,-0.019,0.0927,-0.2048,0.8377,0.9775
Cry1,Cry1,648.8179,0.0987,0.1525,0.6469,0.5177,0.9214
Cry2,Cry2,550.495,0.3123,0.1272,2.4546,0.0141,0.732
Cryaa,Cryaa,0.4217,-1.1847,2.0057,-0.5907,0.5547,0.929
Cryab,Cryab,8433.9757,-0.0102,0.1632,-0.0624,0.9503,0.9939
Cryba4,Cryba4,28.8863,-0.3621,0.456,-0.7939,0.4272,0.907
Crybb1,Crybb1,4.386,-0.1548,0.6941,-0.223,0.8235,0.9766
Crybb3,Crybb3,10.3431,-0.0521,0.4435,-0.1174,0.9065,0.987
Crybg3,Crybg3,390.0157,-0.1566,0.1729,-0.9055,0.3652,0.8887
Crygn,Crygn,0.5276,-0.5004,1.7514,-0.2857,0.7751,0.97
Crygs,Crygs,0.6354,-0.8469,2.3221,-0.3647,0.7153,0.9662
Cryl1,Cryl1,192.9585,-0.2317,0.1642,-1.411,0.1582,0.8015
Crym,Crym,41.3634,-0.4282,0.4391,-0.9751,0.3295,0.8764
Cryz,Cryz,1857.345,0.1261,0.0705,1.7881,0.0738,0.752
Cryzl1,Cryzl1,840.0269,-0.0084,0.0883,-0.0955,0.9239,0.99
Cs,Cs,13168.9539,-0.0907,0.0991,-0.9154,0.36,0.8868
Csad,Csad,896.2365,0.0526,0.1015,0.5178,0.6046,0.941
Csdc2,Csdc2,723.9791,-0.322,0.2821,-1.1416,0.2536,0.8453
Csde1,Csde1,13114.9045,-0.1571,0.1857,-0.8462,0.3975,0.8991
Cse1l,Cse1l,4595.8736,-0.2087,0.1475,-1.4148,0.1571,0.8015
Csf1,Csf1,14321.0614,-0.2019,0.0761,-2.654,0.008,0.732
Csf1r,Csf1r,36.1033,-0.3633,0.3327,-1.0919,0.2749,0.8588
Csf2,Csf2,3.6606,0.4843,1.0025,0.483,0.6291,0.9451
Csf2ra,Csf2ra,11.6202,-0.6326,0.4436,-1.4258,0.1539,0.7996
Csf2rb,Csf2rb,709.2862,1.3803,1.0097,1.367,0.1716,0.8066
Csf2rb2,Csf2rb2,10.146,0.8822,0.6461,1.3653,0.1722,0.8069
Csf3,Csf3,3.1328,0.6996,1.1673,0.5993,0.549,0.929
Csgalnact1,Csgalnact1,3118.0533,0.4478,0.2604,1.7198,0.0855,0.7626
Csgalnact2,Csgalnact2,1882.8771,0.0015,0.1481,0.0101,0.9919,1
Csk,Csk,2669.1976,0.0112,0.086,0.1298,0.8967,0.9854
Csl,Csl,1.5635,0.0514,1.1977,0.0429,0.9658,0.9982
Csmd1,Csmd1,19.8517,0.7021,0.6659,1.0544,0.2917,0.8606
Csmd2,Csmd2,0.6286,1.7313,1.6967,1.0203,0.3076,0.8653
Csmd3,Csmd3,1.6851,-0.1592,1.4719,-0.1081,0.9139,0.9874
Csn3,Csn3,1.7808,-0.5598,0.9955,-0.5623,0.5739,0.9327
Csnk1a1,Csnk1a1,12428.0426,-0.2388,0.1467,-1.6285,0.1034,0.7679
Csnk1d,Csnk1d,7782.3773,0.0654,0.0782,0.8362,0.4031,0.9033
Csnk1e,Csnk1e,3706.032,0.0084,0.0623,0.1344,0.8931,0.9841
Csnk1g1,Csnk1g1,1517.1261,-0.1174,0.143,-0.8212,0.4115,0.9033
Csnk1g2,Csnk1g2,6068.1098,0.0523,0.0795,0.6571,0.5111,0.9195
Csnk1g3,Csnk1g3,1756.7735,-0.1337,0.1462,-0.9145,0.3605,0.8868
Csnk2a1,Csnk2a1,5440.919,-0.1571,0.0967,-1.6245,0.1043,0.7679
Csnk2a2,Csnk2a2,2460.5525,-0.0098,0.0846,-0.116,0.9076,0.987
Csnk2b,Csnk2b,3128.5301,0.0102,0.0787,0.1293,0.8971,0.9854
Cspg4,Cspg4,2057.2216,0.1876,0.1562,1.2013,0.2296,0.8328
Cspg5,Cspg5,7.4028,-0.2681,0.6008,-0.4463,0.6554,0.9548
Cspp1,Cspp1,327.7741,-0.1635,0.1912,-0.8549,0.3926,0.8986
Csrnp1,Csrnp1,433.7554,0.0626,0.1531,0.4091,0.6824,0.962
Csrnp2,Csrnp2,881.2059,0.0309,0.0867,0.356,0.7219,0.9684
Csrnp3,Csrnp3,1.6826,-0.6282,1.1178,-0.562,0.5741,0.9328
Csrp1,Csrp1,10743.9496,-0.2745,0.1416,-1.9386,0.0526,0.7364
Csrp2,Csrp2,2754.4374,-0.6321,0.2978,-2.1223,0.0338,0.732
Csrp2bp,Csrp2bp,1412.2356,0.1217,0.1272,0.9571,0.3385,0.879
Csrp3,Csrp3,762.7027,-0.3719,0.2835,-1.3117,0.1896,0.8161
Cst3,Cst3,20028.6206,0.243,0.1358,1.7894,0.0735,0.752
Cst6,Cst6,543.0926,0.3999,0.1387,2.8834,0.0039,0.732
Cstad,Cstad,9.9578,-0.0376,0.5042,-0.0746,0.9406,0.9923
Cstb,Cstb,3882.946,0.3834,0.2296,1.6697,0.095,0.7643
Cstf1,Cstf1,1293.5295,-0.0307,0.0741,-0.4146,0.6785,0.961
Cstf2,Cstf2,1424.6646,-0.236,0.1373,-1.7194,0.0855,0.7626
Cstf2t,Cstf2t,2710.0362,-0.0659,0.0608,-1.0833,0.2787,0.8588
Cstf3,Cstf3,1239.9238,-0.3199,0.1846,-1.7325,0.0832,0.7572
Cstl1,Cstl1,3.3351,0.0954,0.8584,0.1111,0.9115,0.9873
Ctage5,Ctage5,1712.1748,0.0873,0.1387,0.6294,0.5291,0.9237
Ctbp1,Ctbp1,8814.9991,-0.0211,0.0719,-0.293,0.7695,0.97
Ctbp2,Ctbp2,1064.8019,-0.0945,0.0785,-1.2032,0.2289,0.8326
Ctbs,Ctbs,348.6316,-0.1218,0.1019,-1.1952,0.232,0.8353
Ctc1,Ctc1,1786.6939,-0.0349,0.0823,-0.424,0.6716,0.9578
Ctcf,Ctcf,2846.4246,-0.1792,0.0922,-1.9432,0.052,0.7364
Ctdnep1,Ctdnep1,3853.0517,0.1187,0.101,1.1754,0.2398,0.84
Ctdp1,Ctdp1,1668.7829,0.017,0.1062,0.1598,0.873,0.9819
Ctdsp1,Ctdsp1,4242.227,0.083,0.1096,0.7578,0.4486,0.912
Ctdsp2,Ctdsp2,11128.1654,0.2384,0.1335,1.7857,0.0741,0.752
Ctdspl,Ctdspl,1074.0047,-0.0959,0.1027,-0.9341,0.3502,0.8839
Ctdspl2,Ctdspl2,1112.521,-0.1785,0.2084,-0.8567,0.3916,0.8983
Ctf1,Ctf1,167.5597,-0.0046,0.1472,-0.0311,0.9752,0.9992
Ctf2,Ctf2,2.82,0.2935,0.8527,0.3441,0.7307,0.9694
Ctgf,Ctgf,4280.4127,-0.1084,0.4609,-0.2352,0.8141,0.9745
Cth,Cth,216.23,1.1265,0.8841,1.2742,0.2026,0.8262
Cthrc1,Cthrc1,414.8837,-0.8901,0.4586,-1.9409,0.0523,0.7364
Ctif,Ctif,2127.5436,-0.0134,0.0562,-0.2382,0.8118,0.9742
Ctla2a,Ctla2a,556.9405,-0.1664,0.2325,-0.7158,0.4741,0.9168
Ctla2b,Ctla2b,85.856,-0.1296,0.3288,-0.3941,0.6935,0.9623
Ctla4,Ctla4,0.5179,-0.0578,2.0357,-0.0284,0.9774,0.9992
Ctnna1,Ctnna1,23895.9323,-0.1107,0.1076,-1.0285,0.3037,0.8632
Ctnna3,Ctnna3,2.6311,-0.5154,0.9451,-0.5453,0.5856,0.9355
Ctnnal1,Ctnnal1,607.8103,-0.1024,0.078,-1.3135,0.189,0.8161
Ctnnb1,Ctnnb1,28847.6572,0.1448,0.0956,1.5146,0.1299,0.777
Ctnnbip1,Ctnnbip1,1302.5506,-0.0501,0.0766,-0.6542,0.513,0.9199
Ctnnbl1,Ctnnbl1,1317.6399,0.0087,0.0833,0.1041,0.9171,0.9879
Ctnnd1,Ctnnd1,14223.7392,-0.1214,0.1059,-1.1466,0.2516,0.8444
Ctnnd2,Ctnnd2,0.5294,-1.5447,2.2818,-0.677,0.4984,0.9181
Ctns,Ctns,1452.4457,0.3679,0.1806,2.0367,0.0417,0.732
Ctps,Ctps,4801.7796,0.0768,0.1265,0.6069,0.5439,0.9283
Ctps2,Ctps2,2784.2359,0.2368,0.1739,1.3613,0.1734,0.8079
Ctr9,Ctr9,2440.6302,-0.0427,0.0538,-0.7928,0.4279,0.9071
Ctrb1,Ctrb1,578.1134,-0.3857,0.494,-0.7808,0.4349,0.9089
Ctrl,Ctrl,3.1438,0.4862,0.7896,0.6157,0.5381,0.9275
Ctsa,Ctsa,11626.1033,0.7107,0.2977,2.3869,0.017,0.732
Ctsb,Ctsb,53897.6998,0.6671,0.3116,2.1409,0.0323,0.732
Ctsc,Ctsc,144.0406,-0.4473,0.3576,-1.2509,0.211,0.8265
Ctsd,Ctsd,47239.4967,0.4297,0.1656,2.5954,0.0094,0.732
Ctsf,Ctsf,1311.1049,0.4497,0.1874,2.3997,0.0164,0.732
Ctsg,Ctsg,0.9481,1.5806,1.8574,0.851,0.3948,0.8987
Ctsh,Ctsh,698.7436,0.1211,0.132,0.9171,0.3591,0.8861
Ctsk,Ctsk,13.52,0.4476,0.4366,1.0252,0.3053,0.8641
Ctsl,Ctsl,43676.6336,0.4605,0.234,1.9679,0.0491,0.7364
Ctso,Ctso,1037.5277,0.0807,0.0889,0.9085,0.3636,0.8873
Ctss,Ctss,2.8352,0.3368,0.8167,0.4124,0.6801,0.9614
Ctsw,Ctsw,66.4609,-0.5638,0.4762,-1.1839,0.2364,0.8369
Ctsz,Ctsz,7565.7752,0.2057,0.1325,1.5525,0.1205,0.7753
Cttn,Cttn,9812.5014,-0.0119,0.0759,-0.1565,0.8756,0.9819
Cttnbp2nl,Cttnbp2nl,1829.7965,-0.0025,0.1143,-0.022,0.9825,1
Ctu1,Ctu1,358.5781,0.07,0.0969,0.7221,0.4703,0.9168
Ctu2,Ctu2,556.5253,0.0587,0.1361,0.4316,0.666,0.9563
Ctxn1,Ctxn1,351.4215,0.2317,0.1591,1.456,0.1454,0.7928
Ctxn3,Ctxn3,356.8907,-0.4982,0.3016,-1.6521,0.0985,0.7669
Cubn,Cubn,123.4558,-0.1463,0.178,-0.8219,0.4111,0.9033
Cuedc1,Cuedc1,2129.2706,-0.0318,0.0932,-0.3415,0.7328,0.9694
Cuedc2,Cuedc2,2154.7781,0.1046,0.0885,1.182,0.2372,0.8376
Cul1,Cul1,5138.4758,-0.1042,0.1442,-0.7222,0.4701,0.9168
Cul2,Cul2,1998.6534,-0.1112,0.159,-0.6995,0.4842,0.9168
Cul3,Cul3,3595.5191,-0.1294,0.2161,-0.5989,0.5492,0.929
Cul4a,Cul4a,6768.5533,0.0379,0.073,0.5196,0.6033,0.941
Cul4b,Cul4b,1915.5996,-0.0673,0.2215,-0.304,0.7611,0.97
Cul5,Cul5,1764.6573,-0.1415,0.2486,-0.569,0.5693,0.9313
Cul7,Cul7,4484.8336,-0.0244,0.0949,-0.2574,0.7968,0.9713
Cul9,Cul9,11.0626,0.1907,0.6057,0.3148,0.7529,0.9694
Cuta,Cuta,1364.3154,0.1869,0.108,1.73,0.0836,0.7572
Cutal,Cutal,5.2309,0.4589,0.6526,0.7032,0.4819,0.9168
Cutc,Cutc,203.2913,0.1014,0.1117,0.9082,0.3638,0.8873
Cux1,Cux1,3830.9958,-0.0433,0.0654,-0.6629,0.5074,0.9188
Cux2,Cux2,2.0989,0.3083,1.0707,0.288,0.7734,0.97
Cwc15,Cwc15,2909.068,-0.0398,0.0604,-0.6588,0.51,0.9195
Cwc22,Cwc22,993.9231,-0.1959,0.2129,-0.9204,0.3574,0.8858
Cwc25,Cwc25,1247.8389,-0.0135,0.0602,-0.2251,0.8219,0.9763
Cwc27,Cwc27,654.2606,-0.106,0.1192,-0.8893,0.3738,0.893
Cwf19l1,Cwf19l1,593.6351,0.0275,0.0927,0.2966,0.7668,0.97
Cwf19l2,Cwf19l2,420.2676,-0.0221,0.2054,-0.1074,0.9145,0.9874
Cwh43,Cwh43,1.7753,0.7723,1.0773,0.7169,0.4734,0.9168
Cx3cl1,Cx3cl1,2199.5598,-0.186,0.0912,-2.0398,0.0414,0.732
Cx3cr1,Cx3cr1,0.8347,-0.5156,1.6108,-0.3201,0.7489,0.9694
Cxadr,Cxadr,351.1205,-0.0769,0.2465,-0.3121,0.755,0.9694
Cxcl1,Cxcl1,11258.2665,1.3722,1.0068,1.3629,0.1729,0.807
Cxcl10,Cxcl10,127.4912,0.2515,0.4844,0.5191,0.6037,0.941
Cxcl11,Cxcl11,1.0404,-0.6737,1.6663,-0.4043,0.686,0.9623
Cxcl12,Cxcl12,22919.7727,0.7237,0.3438,2.1049,0.0353,0.732
Cxcl13,Cxcl13,35.4561,-0.6708,0.5829,-1.1509,0.2498,0.8443
Cxcl14,Cxcl14,2051.8493,-0.9826,0.6494,-1.5132,0.1302,0.777
Cxcl15,Cxcl15,5.8551,0.7897,0.6242,1.2651,0.2058,0.8262
Cxcl16,Cxcl16,640.5216,-0.0843,0.1437,-0.5867,0.5574,0.929
Cxcl2,Cxcl2,0.7311,0.9024,1.9911,0.4532,0.6504,0.9543
Cxcl3,Cxcl3,1.4608,2.273,1.7503,1.2987,0.1941,0.82
Cxcl5,Cxcl5,41810.966,1.365,0.9252,1.4754,0.1401,0.7903
Cxcl9,Cxcl9,18.1388,-0.8516,0.6291,-1.3536,0.1759,0.8104
Cxcr4,Cxcr4,1659.8699,-0.5014,0.3029,-1.6554,0.0978,0.7669
Cxcr5,Cxcr5,36.2386,0.0767,0.3466,0.2214,0.8248,0.9766
Cxcr6,Cxcr6,40.0373,-0.0822,0.4036,-0.2036,0.8387,0.9775
Cxx1a,Cxx1a,281.763,0.0002,0.1087,0.002,0.9984,1
Cxx1b,Cxx1b,340.6625,-0.0459,0.1198,-0.3834,0.7014,0.9635
Cxx1c,Cxx1c,226.5091,0.0124,0.1431,0.0867,0.9309,0.9918
Cxxc1,Cxxc1,1798.7555,0.0556,0.1009,0.5507,0.5818,0.9352
Cxxc5,Cxxc5,2439.3543,-0.2008,0.1048,-1.9156,0.0554,0.7377
Cyb561,Cyb561,25.5369,0.4285,0.4305,0.9954,0.3195,0.8709
Cyb561a3,Cyb561a3,1769.3477,0.1182,0.0998,1.1837,0.2365,0.8369
Cyb561d1,Cyb561d1,373.0024,0.1185,0.1066,1.1115,0.2664,0.8547
Cyb561d2,Cyb561d2,372.1996,0.147,0.1523,0.9651,0.3345,0.8778
Cyb5a,Cyb5a,1873.6589,0.4085,0.2656,1.5379,0.1241,0.7753
Cyb5b,Cyb5b,8483.0395,0.0364,0.0695,0.5247,0.5998,0.9406
Cyb5d1,Cyb5d1,425.2872,-0.0586,0.1473,-0.3975,0.691,0.9623
Cyb5d2,Cyb5d2,500.052,0.1868,0.0884,2.1126,0.0346,0.732
Cyb5r1,Cyb5r1,4573.1375,0.3713,0.1757,2.113,0.0346,0.732
Cyb5r2,Cyb5r2,2.4097,-1.0562,0.9823,-1.0752,0.2823,0.8606
Cyb5r3,Cyb5r3,24381.4407,-0.0609,0.097,-0.6284,0.5298,0.924
Cyb5r4,Cyb5r4,1123.7647,0.0265,0.0837,0.3161,0.7519,0.9694
Cyb5rl,Cyb5rl,121.3605,0.0276,0.1564,0.1766,0.8599,0.98
Cyba,Cyba,0.7383,-1.2031,1.598,-0.7529,0.4515,0.9121
Cybb,Cybb,23.3326,2.2265,0.9029,2.4658,0.0137,0.732
Cybrd1,Cybrd1,8.383,-0.5001,0.5095,-0.9816,0.3263,0.8749
Cyc1,Cyc1,5118.957,-0.0649,0.1007,-0.644,0.5196,0.922
Cycs,Cycs,3328.5978,-0.2074,0.1472,-1.409,0.1588,0.8015
Cyfip1,Cyfip1,4426.9631,-0.0627,0.0551,-1.1364,0.2558,0.8471
Cyfip2,Cyfip2,249.3505,-0.4585,0.4575,-1.0021,0.3163,0.8701
Cygb,Cygb,29.1054,-0.2902,0.3079,-0.9427,0.3458,0.882
Cyhr1,Cyhr1,3398.3371,0.1157,0.0626,1.8499,0.0643,0.7457
Cyld,Cyld,4623.2697,-0.2148,0.1723,-1.2466,0.2125,0.8265
Cyp11a1,Cyp11a1,73.0878,-0.3447,0.2254,-1.5293,0.1262,0.7753
Cyp11b1,Cyp11b1,18.5401,-0.8313,0.4339,-1.9161,0.0554,0.7377
Cyp1a1,Cyp1a1,8.9095,0.5053,0.6769,0.7465,0.4554,0.9128
Cyp1b1,Cyp1b1,11469.4458,-0.2872,0.2198,-1.3068,0.1913,0.8163
Cyp20a1,Cyp20a1,1901.7907,0.1745,0.131,1.3325,0.1827,0.8131
Cyp26a1,Cyp26a1,15.3182,0.2274,0.4841,0.4698,0.6385,0.9488
Cyp26b1,Cyp26b1,91.1595,0.2533,0.2216,1.143,0.253,0.8453
Cyp26c1,Cyp26c1,5.0462,0.5864,0.6063,0.9672,0.3334,0.8778
Cyp27a1,Cyp27a1,58.2263,-0.1348,0.2975,-0.4531,0.6505,0.9543
Cyp27b1,Cyp27b1,17.4425,0.2498,0.3922,0.637,0.5242,0.9223
Cyp2a12,Cyp2a12,0.5188,-0.0614,2.036,-0.0301,0.976,0.9992
Cyp2a5,Cyp2a5,0.5276,-0.5004,1.7514,-0.2857,0.7751,0.97
Cyp2ab1,Cyp2ab1,2.7273,0.6573,0.9252,0.7105,0.4774,0.9168
Cyp2b10,Cyp2b10,0.4176,0.7829,2.4802,0.3157,0.7522,0.9694
Cyp2b13,Cyp2b13,2.8416,0.695,0.8317,0.8356,0.4034,0.9033
Cyp2c44,Cyp2c44,18.9781,-0.1167,0.3177,-0.3674,0.7133,0.9662
Cyp2c50,Cyp2c50,0.3159,0.6941,2.5723,0.2698,0.7873,0.97
Cyp2c70,Cyp2c70,0.7364,-0.8006,1.9334,-0.4141,0.6788,0.961
Cyp2d10,Cyp2d10,0.6329,0.8699,1.9391,0.4486,0.6537,0.9548
Cyp2d22,Cyp2d22,777.6696,0.1095,0.0929,1.1791,0.2384,0.839
Cyp2d26,Cyp2d26,1.7743,-0.3019,1.0442,-0.2891,0.7725,0.97
Cyp2d9,Cyp2d9,0.5277,1.5483,2.281,0.6788,0.4973,0.9181
Cyp2e1,Cyp2e1,2.4164,1.7443,1.2474,1.3984,0.162,0.8037
Cyp2f2,Cyp2f2,63.127,1.21,0.4524,2.6746,0.0075,0.732
Cyp2j12,Cyp2j12,0.4217,-1.1847,2.0057,-0.5907,0.5547,0.929
Cyp2j13,Cyp2j13,2.5951,-0.5519,1.009,-0.547,0.5844,0.9355
Cyp2j6,Cyp2j6,255.5761,0.1655,0.182,0.9093,0.3632,0.8873
Cyp2j9,Cyp2j9,14.6679,-0.0181,0.4464,-0.0405,0.9677,0.9988
Cyp2s1,Cyp2s1,14.0215,0.0829,0.3608,0.2298,0.8182,0.9753
Cyp2t4,Cyp2t4,4.3986,0.5151,0.6621,0.7779,0.4366,0.9098
Cyp2u1,Cyp2u1,113.7596,0.1309,0.2042,0.6409,0.5216,0.9223
Cyp39a1,Cyp39a1,1274.0761,0.1146,0.0917,1.2503,0.2112,0.8265
Cyp3a11,Cyp3a11,2.4003,-1.0033,0.9917,-1.0117,0.3117,0.868
Cyp3a13,Cyp3a13,27.7969,0.2586,0.3076,0.8405,0.4006,0.9017
Cyp3a25,Cyp3a25,0.9484,-0.9454,1.7021,-0.5554,0.5786,0.9346
Cyp3a41a,Cyp3a41a,5.0397,-0.3902,0.7317,-0.5333,0.5938,0.9385
Cyp46a1,Cyp46a1,91.9797,-0.0489,0.2111,-0.2317,0.8168,0.975
Cyp4a10,Cyp4a10,0.7345,1.0679,2.3226,0.4598,0.6457,0.9528
Cyp4b1,Cyp4b1,0.7256,0.5976,1.743,0.3429,0.7317,0.9694
Cyp4f13,Cyp4f13,208.1562,0.1312,0.1416,0.9268,0.354,0.8847
Cyp4f14,Cyp4f14,0.9498,1.6639,1.7253,0.9644,0.3348,0.8778
Cyp4f16,Cyp4f16,528.9776,0.0444,0.119,0.373,0.7092,0.9661
Cyp4f17,Cyp4f17,206.4081,0.2498,0.1812,1.3785,0.168,0.8045
Cyp4f40,Cyp4f40,0.6276,0.7072,2.3623,0.2994,0.7647,0.97
Cyp4f41-ps,Cyp4f41-ps,2.2968,0.369,1.0719,0.3442,0.7307,0.9694
Cyp4v3,Cyp4v3,600.2877,0.4174,0.1937,2.1546,0.0312,0.732
Cyp51,Cyp51,6546.3952,-0.0162,0.0834,-0.1944,0.8458,0.9776
Cyp7b1,Cyp7b1,7.6578,0.3974,0.6511,0.6103,0.5416,0.9283
Cyr61,Cyr61,14317.2343,-0.5762,0.4229,-1.3626,0.173,0.8071
Cys1,Cys1,100.2069,-0.1862,0.2922,-0.6375,0.5238,0.9223
Cystm1,Cystm1,94.0376,0.0319,0.1883,0.1693,0.8656,0.9815
Cyth1,Cyth1,1038.4277,-0.0306,0.0652,-0.4684,0.6395,0.9492
Cyth2,Cyth2,1966.8926,0.017,0.109,0.1556,0.8763,0.9819
Cyth3,Cyth3,3887.1876,0.1863,0.1416,1.3154,0.1884,0.8161
Cyth4,Cyth4,1.0376,-0.3393,1.7876,-0.1898,0.8495,0.9781
Cytip,Cytip,0.7307,-0.1315,1.6794,-0.0783,0.9376,0.9923
Cyyr1,Cyyr1,0.7385,-1.2032,1.5981,-0.7529,0.4515,0.9121
D030018L15Rik,D030018L15Rik,0.6247,-0.6341,1.7481,-0.3627,0.7168,0.9662
D030025P21Rik,D030025P21Rik,31.5198,-0.4284,0.2437,-1.7581,0.0787,0.7572
D030028A08Rik,D030028A08Rik,108.5698,0.0435,0.1952,0.2229,0.8236,0.9766
D030040B21Rik,D030040B21Rik,2.3044,-1.6132,0.9598,-1.6808,0.0928,0.7643
D030047H15Rik,D030047H15Rik,3.6714,0.7849,1.074,0.7309,0.4648,0.9157
D030056L22Rik,D030056L22Rik,637.0624,0.0027,0.1319,0.0202,0.9839,1
D030068K23Rik,D030068K23Rik,0.5228,1.3948,2.3857,0.5846,0.5588,0.9294
D10Jhu81e,D10Jhu81e,1438.2509,0.1221,0.087,1.4028,0.1607,0.8037
D10Wsu102e,D10Wsu102e,1884.1389,-0.1159,0.088,-1.3163,0.1881,0.8161
D11Wsu47e,D11Wsu47e,607.9903,0.0627,0.0896,0.7004,0.4837,0.9168
D130017N08Rik,D130017N08Rik,70.3605,0.0379,0.2111,0.1794,0.8576,0.9796
D130020L05Rik,D130020L05Rik,34.1145,0.1613,0.2379,0.6779,0.4978,0.9181
D130040H23Rik,D130040H23Rik,2.936,0.0762,0.825,0.0924,0.9264,0.9905
D130043K22Rik,D130043K22Rik,1.5656,-0.3461,1.2785,-0.2707,0.7866,0.97
D15Ertd621e,D15Ertd621e,5416.7378,-0.0828,0.1026,-0.8068,0.4198,0.9049
D16Ertd472e,D16Ertd472e,520.7483,-0.0997,0.1996,-0.4993,0.6175,0.9428
D17H6S53E,D17H6S53E,568.3689,-0.0155,0.126,-0.1229,0.9022,0.986
D17H6S56E-5,D17H6S56E-5,5561.6494,-0.9657,0.6059,-1.594,0.1109,0.7736
D17Wsu92e,D17Wsu92e,5762.1286,0.1911,0.1212,1.5766,0.1149,0.7749
D19Bwg1357e,D19Bwg1357e,2576.3226,-0.0977,0.0773,-1.2646,0.206,0.8262
D1Ertd622e,D1Ertd622e,712.8605,-0.0133,0.101,-0.132,0.895,0.9848
D230025D16Rik,D230025D16Rik,1267.2521,0.154,0.1261,1.2215,0.2219,0.8307
D2hgdh,D2hgdh,322.4182,0.1589,0.1174,1.3533,0.176,0.8104
D2Wsu81e,D2Wsu81e,540.1737,-0.047,0.1198,-0.3921,0.695,0.9623
D330023K18Rik,D330023K18Rik,43.0172,0.4696,0.2239,2.0974,0.036,0.732
D330041H03Rik,D330041H03Rik,14.2332,-0.3872,0.3666,-1.0563,0.2909,0.8606
D330045A20Rik,D330045A20Rik,28.4442,-0.6565,0.5327,-1.2325,0.2178,0.8301
D330050G23Rik,D330050G23Rik,3.2454,0.4653,0.8447,0.5509,0.5817,0.9352
D330050I16Rik,D330050I16Rik,17.4772,0.4571,0.3638,1.2563,0.209,0.8265
D3Ertd254e,D3Ertd254e,467.9547,-0.0657,0.2284,-0.2879,0.7734,0.97
D3Ertd751e,D3Ertd751e,85.5264,-0.1017,0.2017,-0.5042,0.6141,0.9426
D430019H16Rik,D430019H16Rik,1.6814,-0.4653,1.2699,-0.3664,0.7141,0.9662
D430020J02Rik,D430020J02Rik,151.3406,-0.3774,0.2476,-1.5239,0.1275,0.7753
D430036J16Rik,D430036J16Rik,4.81,0.51,0.6928,0.7362,0.4616,0.9146
D430041D05Rik,D430041D05Rik,21.3989,-0.9967,0.4841,-2.0587,0.0395,0.732
D430042O09Rik,D430042O09Rik,701.9382,0.1869,0.1058,1.766,0.0774,0.7572
D4Ertd617e,D4Ertd617e,2.2968,-0.7269,1.0766,-0.6752,0.4995,0.9181
D5Ertd579e,D5Ertd579e,2997.4791,-0.068,0.1356,-0.5011,0.6163,0.9427
D5Ertd605e,D5Ertd605e,21.0193,-0.1778,0.3297,-0.5392,0.5897,0.9364
D5Ertd615e,D5Ertd615e,13.721,0.583,0.4741,1.2296,0.2188,0.8302
D630003M21Rik,D630003M21Rik,60.2482,-0.8712,0.4889,-1.7818,0.0748,0.7528
D630010B17Rik,D630010B17Rik,2.9385,-0.9565,0.8517,-1.1231,0.2614,0.8526
D630023F18Rik,D630023F18Rik,4.3006,-0.2497,0.7639,-0.3269,0.7437,0.9694
D630024D03Rik,D630024D03Rik,3.2497,1.4829,0.8487,1.7474,0.0806,0.7572
D630029K05Rik,D630029K05Rik,9.9398,0.3286,0.4571,0.7189,0.4722,0.9168
D630033O11Rik,D630033O11Rik,0.9406,-0.089,1.329,-0.067,0.9466,0.9934
D630039A03Rik,D630039A03Rik,2.4096,0.1982,1.1867,0.167,0.8674,0.9818
D630041G03Rik,D630041G03Rik,0.5195,-1.3857,2.3878,-0.5803,0.5617,0.9294
D630045J12Rik,D630045J12Rik,457.2877,0.0044,0.1391,0.0314,0.9749,0.9992
D630045M09Rik,D630045M09Rik,1.5713,-0.0642,1.0963,-0.0586,0.9533,0.9945
D6Ertd527e,D6Ertd527e,2.3035,-0.6468,0.8996,-0.7189,0.4722,0.9168
D6Wsu163e,D6Wsu163e,805.8263,0.1715,0.1411,1.2153,0.2243,0.8313
D730005E14Rik,D730005E14Rik,3.7648,0.0675,0.6898,0.0979,0.922,0.9891
D7Ertd443e,D7Ertd443e,0.5189,-1.3537,1.9905,-0.6801,0.4965,0.9181
D830013O20Rik,D830013O20Rik,2.8134,-0.1065,1.0177,-0.1046,0.9167,0.9879
D830031N03Rik,D830031N03Rik,542.4502,-0.3769,0.3538,-1.0652,0.2868,0.8606
D830046C22Rik,D830046C22Rik,7.1629,0.1062,0.6184,0.1718,0.8636,0.9808
D8Ertd738e,D8Ertd738e,4798.4902,0.0365,0.1004,0.363,0.7166,0.9662
D8Ertd82e,D8Ertd82e,689.3462,-0.5463,0.2876,-1.8996,0.0575,0.7377
D930007P13Rik,D930007P13Rik,37.015,-0.1918,0.2621,-0.7317,0.4644,0.9157
D930015E06Rik,D930015E06Rik,1587.7311,0.2578,0.1382,1.8653,0.0621,0.7456
D930015M05Rik,D930015M05Rik,4.1005,-0.5983,0.6843,-0.8744,0.3819,0.8935
D930016D06Rik,D930016D06Rik,180.2172,-0.1321,0.2229,-0.5925,0.5535,0.929
D930028M14Rik,D930028M14Rik,0.4138,0.6982,2.4245,0.288,0.7734,0.97
D930048N14Rik,D930048N14Rik,28.4305,-0.1598,0.3226,-0.4953,0.6204,0.9436
Daam1,Daam1,1744.0091,-0.0141,0.2052,-0.0688,0.9451,0.9934
Daam2,Daam2,2797.0296,-0.2117,0.2309,-0.9168,0.3593,0.8863
Dab2,Dab2,4907.0305,0.5341,0.3057,1.7472,0.0806,0.7572
Dab2ip,Dab2ip,4126.3249,0.2485,0.0803,3.0949,0.002,0.6861
Dact1,Dact1,570.7548,-0.0648,0.1078,-0.6015,0.5475,0.9289
Dact2,Dact2,422.6598,0.5795,0.3308,1.7516,0.0798,0.7572
Dact3,Dact3,336.0131,0.0527,0.1168,0.4509,0.6521,0.9544
Dad1,Dad1,4454.4553,0.0777,0.093,0.8358,0.4033,0.9033
Dag1,Dag1,26749.214,-0.0949,0.1249,-0.7596,0.4475,0.912
Dagla,Dagla,750.1533,0.0288,0.081,0.3556,0.7222,0.9684
Daglb,Daglb,686.1859,0.2271,0.1316,1.7257,0.0844,0.7604
Dalrd3,Dalrd3,585.8857,0.0793,0.1057,0.75,0.4532,0.9122
Dancr,Dancr,69.9713,-0.0933,0.2448,-0.3812,0.7031,0.9638
Dand5,Dand5,158.1502,0.3188,0.2,1.5936,0.111,0.7736
Dap,Dap,11200.1007,-0.0194,0.1024,-0.1896,0.8496,0.9781
Dap3,Dap3,2241.629,0.0537,0.0762,0.7044,0.4812,0.9168
Dapk1,Dapk1,19.2626,-0.1951,0.3378,-0.5774,0.5637,0.9295
Dapk2,Dapk2,2438.0095,-0.3138,0.2793,-1.1235,0.2612,0.8526
Dapk3,Dapk3,1461.2312,0.0854,0.0811,1.0534,0.2922,0.8606
Dapp1,Dapp1,60.5402,-0.1229,0.2276,-0.5399,0.5892,0.9364
Dars,Dars,6438.1268,-0.1851,0.1661,-1.114,0.2653,0.8547
Dars2,Dars2,1004.389,-0.0117,0.0778,-0.1498,0.8809,0.9824
Daxx,Daxx,1255.0859,-0.0046,0.0616,-0.0746,0.9405,0.9923
Dazap1,Dazap1,2292.3461,-0.2309,0.119,-1.9401,0.0524,0.7364
Dazap2,Dazap2,11457.0911,0.1964,0.1278,1.5369,0.1243,0.7753
Dbf4,Dbf4,761.2068,-0.5339,0.2006,-2.6618,0.0078,0.732
Dbh,Dbh,138.2926,-0.6475,0.4629,-1.3987,0.1619,0.8037
Dbhos,Dbhos,0.5164,-0.7673,2.3707,-0.3237,0.7462,0.9694
Dbi,Dbi,3164.5457,0.0884,0.0587,1.5066,0.1319,0.7771
Dbil5,Dbil5,6.1507,-0.1897,0.6355,-0.2985,0.7653,0.97
Dbn1,Dbn1,7150.046,-0.126,0.14,-0.9,0.3681,0.8913
Dbndd1,Dbndd1,150.8696,0.0559,0.1852,0.3017,0.7629,0.97
Dbndd2,Dbndd2,967.9806,-0.0608,0.1154,-0.5265,0.5985,0.9397
Dbnl,Dbnl,4039.4108,0.1178,0.097,1.2147,0.2245,0.8313
Dbp,Dbp,236.0366,-0.2694,0.3158,-0.8529,0.3937,0.8986
Dbr1,Dbr1,650.066,-0.152,0.0719,-2.1152,0.0344,0.732
Dbt,Dbt,695.0448,-0.154,0.1403,-1.0981,0.2722,0.8588
Dbx2,Dbx2,0.4129,-0.7667,2.4832,-0.3088,0.7575,0.9694
Dcaf10,Dcaf10,1701.1156,-0.126,0.116,-1.0862,0.2774,0.8588
Dcaf11,Dcaf11,1612.986,0.1539,0.1114,1.3815,0.1671,0.8045
Dcaf12,Dcaf12,3780.5068,0.0889,0.077,1.1543,0.2484,0.8438
Dcaf13,Dcaf13,2473.0502,-0.0074,0.0575,-0.1287,0.8976,0.9854
Dcaf15,Dcaf15,1626.7539,-0.0939,0.0847,-1.1091,0.2674,0.8562
Dcaf17,Dcaf17,441.2904,-0.0084,0.1729,-0.0483,0.9615,0.997
Dcaf4,Dcaf4,654.9182,0.1173,0.0936,1.2529,0.2103,0.8265
Dcaf5,Dcaf5,3334.2035,0.0131,0.0652,0.2009,0.8408,0.9775
Dcaf6,Dcaf6,2538.3295,-0.0066,0.0867,-0.076,0.9394,0.9923
Dcaf7,Dcaf7,4920.1871,-0.004,0.0689,-0.0576,0.9541,0.9948
Dcaf8,Dcaf8,8283.379,0.0159,0.0734,0.2163,0.8287,0.9769
Dcakd,Dcakd,4184.3749,-0.1855,0.1752,-1.0589,0.2896,0.8606
Dcbld1,Dcbld1,284.1005,-0.1089,0.131,-0.8311,0.4059,0.9033
Dcbld2,Dcbld2,3059.1666,-0.0412,0.0915,-0.4507,0.6522,0.9544
Dcdc2b,Dcdc2b,400.0201,0.0441,0.3018,0.1461,0.8838,0.9825
Dchs1,Dchs1,451.2618,0.3363,0.1886,1.7834,0.0745,0.752
Dck,Dck,978.5603,-0.7082,0.299,-2.3686,0.0179,0.732
Dclk1,Dclk1,15957.3561,-0.2661,0.3541,-0.7516,0.4523,0.9121
Dclk2,Dclk2,219.424,-0.0112,0.1323,-0.0843,0.9328,0.9921
Dclk3,Dclk3,0.8362,-2.2612,1.5982,-1.4148,0.1571,0.8015
Dclre1a,Dclre1a,584.336,-0.0514,0.0958,-0.5361,0.5919,0.9383
Dclre1b,Dclre1b,263.3333,-0.1813,0.1533,-1.1829,0.2368,0.8369
Dclre1c,Dclre1c,277.4914,-0.1379,0.1668,-0.8265,0.4085,0.9033
Dcn,Dcn,3473.3383,0.9078,0.3959,2.2932,0.0218,0.732
Dcp1a,Dcp1a,1265.4759,0.0497,0.074,0.6715,0.5019,0.9188
Dcp1b,Dcp1b,173.098,0.2359,0.167,1.4125,0.1578,0.8015
Dcp2,Dcp2,802.499,-0.3534,0.2494,-1.4168,0.1565,0.8015
Dcps,Dcps,1314.4313,0.1028,0.0966,1.0644,0.2872,0.8606
Dcst1,Dcst1,13.8288,-0.0804,0.4109,-0.1956,0.845,0.9776
Dctd,Dctd,452.4466,0.0471,0.1628,0.2891,0.7725,0.97
Dctn1,Dctn1,6011.9119,0.0581,0.0612,0.9479,0.3432,0.8796
Dctn2,Dctn2,7442.8637,0.044,0.0794,0.5549,0.579,0.9348
Dctn3,Dctn3,1629.8981,0.0628,0.102,0.6154,0.5383,0.9276
Dctn4,Dctn4,3407.0753,0.0368,0.0511,0.7189,0.4722,0.9168
Dctn5,Dctn5,1936.9082,0.0092,0.0862,0.1067,0.915,0.9874
Dctn6,Dctn6,2123.6604,0.0698,0.1023,0.6826,0.4949,0.9181
Dctpp1,Dctpp1,355.3777,-0.2113,0.1072,-1.9704,0.0488,0.7364
Dcun1d1,Dcun1d1,992.9035,-0.0929,0.2148,-0.4324,0.6654,0.9561
Dcun1d2,Dcun1d2,1472.9629,0.0856,0.0782,1.0949,0.2736,0.8588
Dcun1d3,Dcun1d3,1084.4285,-0.0364,0.0812,-0.4484,0.6539,0.9548
Dcun1d4,Dcun1d4,719.7046,0.0318,0.1649,0.193,0.8469,0.978
Dcun1d5,Dcun1d5,2037.6547,-0.0744,0.0649,-1.1463,0.2517,0.8447
Dcx,Dcx,15.7732,-0.4713,0.7787,-0.6052,0.545,0.9285
Dcxr,Dcxr,387.8659,0.2203,0.2227,0.9889,0.3227,0.8731
Dda1,Dda1,2719.1724,0.0445,0.079,0.5631,0.5733,0.9327
Ddah1,Ddah1,1967.5324,-0.415,0.2039,-2.0354,0.0418,0.732
Ddah2,Ddah2,3077.1323,-0.0415,0.1308,-0.3174,0.751,0.9694
Ddb1,Ddb1,44137.7691,0.0118,0.0844,0.1398,0.8888,0.9833
Ddb2,Ddb2,113.6048,0.0783,0.2002,0.3913,0.6956,0.9626
Ddc,Ddc,128.2836,-0.571,0.4241,-1.3464,0.1782,0.8123
Ddhd1,Ddhd1,895.6433,-0.15,0.1105,-1.3569,0.1748,0.8088
Ddhd2,Ddhd2,1639.2211,0.0415,0.1139,0.3642,0.7157,0.9662
Ddi2,Ddi2,422.6888,0.0294,0.1025,0.2866,0.7744,0.97
Ddias,Ddias,196.2566,-0.6934,0.3334,-2.0801,0.0375,0.732
Ddit3,Ddit3,1623.8674,1.0391,0.777,1.3374,0.1811,0.8131
Ddit4,Ddit4,2031.0467,0.4673,0.3261,1.4331,0.1518,0.7971
Ddit4l,Ddit4l,361.3072,-0.2987,0.1053,-2.8363,0.0046,0.732
Ddn,Ddn,20.8747,-0.0622,0.3145,-0.1978,0.8432,0.9775
Ddo,Ddo,16.2798,0.2848,0.4871,0.5848,0.5587,0.9294
Ddost,Ddost,10847.2514,0.2187,0.1145,1.9109,0.056,0.7377
Ddr1,Ddr1,4358.9129,-0.1087,0.1312,-0.8289,0.4072,0.9033
Ddr2,Ddr2,3679.6324,0.1313,0.1527,0.8598,0.3899,0.8976
Ddrgk1,Ddrgk1,2253.0712,0.4265,0.1996,2.1372,0.0326,0.732
Ddt,Ddt,669.1237,0.1209,0.1259,0.9604,0.3368,0.8782
Ddx1,Ddx1,7414.182,-0.0961,0.0748,-1.285,0.1988,0.8243
Ddx10,Ddx10,819.359,-0.0849,0.1733,-0.49,0.6242,0.9451
Ddx11,Ddx11,387.7504,-0.387,0.1588,-2.4363,0.0148,0.732
Ddx17,Ddx17,16846.4722,-0.059,0.0794,-0.7425,0.4578,0.9137
Ddx18,Ddx18,2432.2126,-0.0093,0.1219,-0.076,0.9394,0.9923
Ddx19a,Ddx19a,1369.9971,-0.0274,0.0643,-0.4257,0.6703,0.9578
Ddx19b,Ddx19b,909.2828,-0.1868,0.0962,-1.9429,0.052,0.7364
Ddx20,Ddx20,920.7789,-0.1113,0.0905,-1.2294,0.2189,0.8302
Ddx21,Ddx21,6866.1147,-0.1494,0.0925,-1.6152,0.1063,0.7713
Ddx23,Ddx23,6485.0009,0.0394,0.0657,0.5999,0.5486,0.9289
Ddx24,Ddx24,4968.2081,0.0389,0.0749,0.5195,0.6034,0.941
Ddx26b,Ddx26b,183.1573,0.0424,0.1905,0.2228,0.8237,0.9766
Ddx27,Ddx27,2534.0596,-0.0087,0.1055,-0.0824,0.9344,0.9923
Ddx28,Ddx28,631.1832,0.097,0.0798,1.2159,0.224,0.831
Ddx31,Ddx31,591.4185,0.104,0.1308,0.7949,0.4267,0.907
Ddx39,Ddx39,3047.8887,-0.0816,0.065,-1.2538,0.2099,0.8265
Ddx39b,Ddx39b,5528.2571,-0.1581,0.0854,-1.85,0.0643,0.7457
Ddx3x,Ddx3x,17077.6857,-0.1538,0.184,-0.8356,0.4034,0.9033
Ddx4,Ddx4,0.3167,-1.8894,2.4847,-0.7604,0.447,0.912
Ddx41,Ddx41,1203.1673,0.0493,0.0691,0.7134,0.4756,0.9168
Ddx42,Ddx42,4065.851,-0.0782,0.094,-0.8319,0.4055,0.9033
Ddx46,Ddx46,2760.5486,-0.1491,0.1849,-0.8063,0.4201,0.905
Ddx47,Ddx47,2236.1356,0.0265,0.0632,0.4201,0.6744,0.9596
Ddx49,Ddx49,970.3467,0.0578,0.0899,0.6427,0.5204,0.9221
Ddx5,Ddx5,33472.0073,-0.1722,0.1631,-1.0557,0.2911,0.8606
Ddx50,Ddx50,3787.1676,-0.0978,0.1353,-0.7232,0.4695,0.9168
Ddx51,Ddx51,1291.9408,0.0165,0.0687,0.2399,0.8104,0.9736
Ddx52,Ddx52,1528.4521,-0.0765,0.1066,-0.7171,0.4733,0.9168
Ddx54,Ddx54,3123.2759,0.1287,0.0951,1.3542,0.1757,0.8104
Ddx55,Ddx55,381.2183,-0.072,0.0949,-0.7594,0.4476,0.912
Ddx56,Ddx56,2022.5051,0.0461,0.1076,0.4283,0.6684,0.9568
Ddx58,Ddx58,911.7147,-0.38,0.1699,-2.2366,0.0253,0.732
Ddx59,Ddx59,485.1959,0.2045,0.1069,1.9129,0.0558,0.7377
Ddx6,Ddx6,8957.7054,-0.1792,0.1434,-1.2496,0.2114,0.8265
Ddx60,Ddx60,39.8939,0.2821,0.3297,0.8555,0.3922,0.8986
Deaf1,Deaf1,539.2955,-0.0241,0.1105,-0.2181,0.8273,0.9767
Deb1,Deb1,369.5478,0.0823,0.1575,0.5227,0.6012,0.9406
Decr1,Decr1,2166.4606,0.0302,0.0568,0.5313,0.5952,0.9386
Decr2,Decr2,385.3877,0.1087,0.1366,0.7959,0.4261,0.9068
Dedd,Dedd,1642.9504,0.0136,0.0724,0.1879,0.851,0.9788
Dedd2,Dedd2,256.1705,0.2266,0.1637,1.384,0.1664,0.8037
Def6,Def6,197.9946,0.0601,0.1346,0.4463,0.6553,0.9548
Def8,Def8,1260.6024,0.0377,0.0903,0.4176,0.6762,0.9598
Defb25,Defb25,16.4292,0.55,0.5261,1.0454,0.2958,0.8607
Defb28,Defb28,1.3543,-1.5006,1.2914,-1.162,0.2452,0.8421
Defb36,Defb36,2.4049,-0.0405,0.8799,-0.046,0.9633,0.9973
Defb41,Defb41,26.7121,-0.0186,0.4763,-0.039,0.9689,0.999
Defb42,Defb42,5.9776,0.2002,0.5506,0.3636,0.7161,0.9662
Defb47,Defb47,2.1934,-0.9994,0.9284,-1.0765,0.2817,0.8606
Degs1,Degs1,6677.1873,0.2334,0.1595,1.4634,0.1433,0.7928
Degs2,Degs2,60.6233,0.0615,0.2886,0.2132,0.8311,0.9774
Dek,Dek,1298.7221,-0.3008,0.2217,-1.3571,0.1747,0.8088
Dennd1a,Dennd1a,1037.9667,0.2053,0.1374,1.4936,0.1353,0.7827
Dennd1b,Dennd1b,487.2479,-0.1763,0.3174,-0.5555,0.5785,0.9346
Dennd2a,Dennd2a,1499.3168,0.1361,0.1268,1.0736,0.283,0.8606
Dennd2c,Dennd2c,266.3801,-0.0534,0.1558,-0.343,0.7316,0.9694
Dennd2d,Dennd2d,18.4155,0.4246,0.3841,1.1053,0.269,0.858
Dennd3,Dennd3,117.8126,-0.0504,0.1594,-0.3163,0.7517,0.9694
Dennd4a,Dennd4a,786.0904,-0.1706,0.2274,-0.7502,0.4531,0.9122
Dennd4b,Dennd4b,417.7994,0.1494,0.0906,1.6498,0.099,0.7669
Dennd4c,Dennd4c,944.1058,-0.0623,0.2172,-0.2867,0.7743,0.97
Dennd5a,Dennd5a,6165.5187,0.0739,0.0724,1.0204,0.3075,0.8653
Dennd5b,Dennd5b,927.8404,-0.189,0.2373,-0.7968,0.4256,0.9068
Dennd6a,Dennd6a,1342.9544,-0.0705,0.1219,-0.5786,0.5628,0.9294
Dennd6b,Dennd6b,190.4326,0.0806,0.1317,0.6121,0.5404,0.9281
Denr,Denr,2926.5506,-0.1552,0.0929,-1.6696,0.095,0.7643
Depdc1a,Depdc1a,199.7272,-0.9126,0.4894,-1.8648,0.0622,0.7456
Depdc1b,Depdc1b,170.2315,-0.7899,0.3873,-2.0395,0.0414,0.732
Depdc5,Depdc5,1091.7413,0.0101,0.0604,0.1681,0.8665,0.9815
Depdc7,Depdc7,285.3728,-0.0401,0.1467,-0.2735,0.7845,0.97
Deptor,Deptor,6459.5401,-0.3459,0.293,-1.1806,0.2378,0.838
Dera,Dera,666.8749,-0.0459,0.1231,-0.3726,0.7094,0.9662
Derl1,Derl1,7679.1232,0.2935,0.1223,2.4003,0.0164,0.732
Derl2,Derl2,2302.9473,0.0484,0.0563,0.8589,0.3904,0.8978
Derl3,Derl3,7.9846,0.2143,0.6074,0.3528,0.7243,0.9689
Des,Des,53442.5807,0.0281,0.1363,0.2058,0.837,0.9774
Desi1,Desi1,2882.2285,0.1197,0.0921,1.2986,0.1941,0.82
Desi2,Desi2,3498.5615,-0.0874,0.0892,-0.9801,0.3271,0.8754
Det1,Det1,374.7094,0.1903,0.1602,1.188,0.2349,0.8363
Dexi,Dexi,682.9035,0.0444,0.0912,0.4871,0.6262,0.9451
Dffa,Dffa,782.2349,-0.0438,0.0706,-0.62,0.5353,0.9265
Dffb,Dffb,116.9076,0.0892,0.1718,0.519,0.6038,0.941
Dfna5,Dfna5,383.1708,0.3479,0.2408,1.4447,0.1486,0.7958
Dfnb59,Dfnb59,2.7267,0.5961,0.9037,0.6597,0.5094,0.9195
Dgat1,Dgat1,1143.9405,0.1835,0.1019,1.8008,0.0717,0.752
Dgat2,Dgat2,275.3494,0.5453,0.2043,2.6694,0.0076,0.732
Dgcr14,Dgcr14,922.2984,-0.0066,0.0891,-0.0743,0.9408,0.9923
Dgcr2,Dgcr2,4001.5185,0.1229,0.0742,1.6569,0.0975,0.7669
Dgcr6,Dgcr6,940.2066,0.0632,0.1039,0.6082,0.543,0.9283
Dgcr8,Dgcr8,1636.1291,-0.0139,0.0903,-0.1542,0.8775,0.982
Dgka,Dgka,1204.0606,-0.1528,0.0947,-1.6139,0.1065,0.7713
Dgkd,Dgkd,2744.8463,0.0994,0.0641,1.5503,0.1211,0.7753
Dgke,Dgke,306.5374,-0.1824,0.1577,-1.1566,0.2474,0.8426
Dgkeos,Dgkeos,1.4706,-0.2835,1.2215,-0.2321,0.8164,0.975
Dgkg,Dgkg,16.0393,0.0132,0.5753,0.023,0.9817,1
Dgkh,Dgkh,47.3651,-0.1123,0.2617,-0.4291,0.6679,0.9568
Dgki,Dgki,1.776,-0.2873,1.2536,-0.2292,0.8187,0.9755
Dgkq,Dgkq,472.925,0.2235,0.1674,1.3349,0.1819,0.8131
Dgkz,Dgkz,2457.5736,-0.1742,0.1482,-1.1759,0.2396,0.84
Dguok,Dguok,655.2511,0.1138,0.1026,1.1094,0.2672,0.8562
Dhcr24,Dhcr24,5113.9659,0.1836,0.0762,2.4094,0.016,0.732
Dhcr7,Dhcr7,1618.8147,0.0721,0.0969,0.7437,0.4571,0.9134
Dhdds,Dhdds,2119.3827,0.1351,0.1004,1.3447,0.1787,0.8123
Dhdh,Dhdh,20.5955,0.094,0.3991,0.2356,0.8137,0.9745
Dhfr,Dhfr,430.0836,-0.6436,0.2256,-2.8524,0.0043,0.732
Dhh,Dhh,5.3628,-0.6514,0.715,-0.9111,0.3622,0.8873
Dhodh,Dhodh,470.7975,-0.0498,0.1449,-0.3441,0.7307,0.9694
Dhps,Dhps,2538.1658,0.2965,0.2245,1.3206,0.1866,0.8161
Dhrs1,Dhrs1,2717.666,0.1048,0.114,0.9199,0.3576,0.8858
Dhrs11,Dhrs11,195.1258,-0.0371,0.1164,-0.3185,0.7501,0.9694
Dhrs13,Dhrs13,188.2596,-0.1223,0.1768,-0.6915,0.4893,0.9181
Dhrs2,Dhrs2,1.5768,-0.8933,1.2224,-0.7307,0.4649,0.9157
Dhrs3,Dhrs3,802.8113,0.5492,0.2401,2.2869,0.0222,0.732
Dhrs4,Dhrs4,485.0066,0.1081,0.1215,0.8895,0.3737,0.893
Dhrs7,Dhrs7,1774.5547,0.5671,0.2701,2.0992,0.0358,0.732
Dhrs7b,Dhrs7b,1025.9633,0.1176,0.0984,1.1942,0.2324,0.8354
Dhrs7c,Dhrs7c,398.6729,-0.2981,0.3212,-0.928,0.3534,0.884
Dhrs9,Dhrs9,32.9085,0.2169,0.301,0.7208,0.471,0.9168
Dhtkd1,Dhtkd1,172.9711,0.2118,0.1734,1.2215,0.2219,0.8307
Dhx15,Dhx15,7865.0956,-0.1687,0.0732,-2.3039,0.0212,0.732
Dhx16,Dhx16,1803.0985,0.1238,0.0857,1.4446,0.1486,0.7958
Dhx29,Dhx29,2028.438,-0.1072,0.0922,-1.1623,0.2451,0.8421
Dhx30,Dhx30,2410.6779,0.0695,0.1018,0.6823,0.495,0.9181
Dhx32,Dhx32,1399.5075,-0.004,0.0773,-0.0515,0.9589,0.9965
Dhx33,Dhx33,1735.2954,-0.0171,0.0722,-0.2371,0.8126,0.9743
Dhx34,Dhx34,446.3687,0.0851,0.0921,0.9234,0.3558,0.8852
Dhx35,Dhx35,686.7753,0.0631,0.087,0.7254,0.4682,0.9168
Dhx36,Dhx36,2500.876,-0.1129,0.1965,-0.5745,0.5657,0.9302
Dhx37,Dhx37,970.1902,0.0964,0.1052,0.9165,0.3594,0.8863
Dhx38,Dhx38,1887.7073,-0.0201,0.0688,-0.2916,0.7706,0.97
Dhx40,Dhx40,1733.0564,0.0183,0.107,0.1707,0.8645,0.9809
Dhx57,Dhx57,1283.8316,-0.058,0.0872,-0.6649,0.5061,0.9188
Dhx58,Dhx58,98.7031,-0.2001,0.2711,-0.7381,0.4605,0.9142
Dhx8,Dhx8,1942.5482,0.068,0.0763,0.8919,0.3725,0.893
Dhx9,Dhx9,7877.3199,-0.1332,0.1212,-1.0996,0.2715,0.8588
Diablo,Diablo,1626.1138,0.0246,0.071,0.3463,0.7291,0.9694
Diap1,Diap1,2677.8967,0.2479,0.1514,1.6373,0.1016,0.7679
Diap2,Diap2,454.8014,-0.0619,0.1685,-0.3671,0.7135,0.9662
Diap3,Diap3,757.6339,-0.7221,0.3203,-2.2541,0.0242,0.732
Dicer1,Dicer1,1760.4069,-0.1673,0.1454,-1.1506,0.2499,0.8443
Dido1,Dido1,2474.8111,-0.1401,0.1409,-0.9943,0.3201,0.8713
Diexf,Diexf,1069.4317,-0.0582,0.0914,-0.6366,0.5244,0.9223
Dimt1,Dimt1,779.2645,-0.1867,0.1009,-1.8507,0.0642,0.7457
Dio2,Dio2,1166.7455,-0.3623,0.6251,-0.5795,0.5623,0.9294
Dio3,Dio3,3.3547,-0.9887,0.8077,-1.2241,0.2209,0.8307
Dio3os,Dio3os,5.1306,-0.0979,0.586,-0.167,0.8674,0.9818
Dip2a,Dip2a,2012.507,0.0236,0.1087,0.2171,0.8281,0.9769
Dip2b,Dip2b,1082.8422,-0.047,0.0616,-0.7633,0.4453,0.912
Dip2c,Dip2c,2100.953,-0.0282,0.1285,-0.2193,0.8264,0.9766
Diras1,Diras1,43.8543,0.1586,0.3167,0.5008,0.6165,0.9427
Diras2,Diras2,128.5772,0.9067,0.276,3.2853,0.001,0.5459
Dirc2,Dirc2,1878.2685,0.2124,0.113,1.8801,0.0601,0.7456
Dis3,Dis3,1204.3304,-0.3881,0.1828,-2.1237,0.0337,0.732
Dis3l,Dis3l,1057.5034,0.0536,0.0676,0.792,0.4284,0.9074
Dis3l2,Dis3l2,882.8323,0.0606,0.0714,0.8489,0.396,0.8991
Disc1,Disc1,4.808,-0.7482,0.7121,-1.0507,0.2934,0.8606
Disp1,Disp1,1744.7552,-0.1379,0.0818,-1.686,0.0918,0.7643
Disp2,Disp2,19.157,0.1584,0.3543,0.447,0.6549,0.9548
Dixdc1,Dixdc1,397.7856,-0.1421,0.1843,-0.7712,0.4406,0.9112
Dkc1,Dkc1,1110.7832,-0.363,0.1869,-1.9417,0.0522,0.7364
Dkk2,Dkk2,113.5798,-0.4212,0.351,-1.2,0.2301,0.833
Dkk3,Dkk3,1465.8189,-0.0123,0.1193,-0.103,0.918,0.9879
Dkkl1,Dkkl1,1.2564,0.1701,1.23,0.1383,0.89,0.9837
Dlat,Dlat,4245.1725,0.1047,0.0907,1.1541,0.2485,0.8438
Dlc1,Dlc1,1345.5116,-0.21,0.0913,-2.3007,0.0214,0.732
Dld,Dld,5788.209,-0.0914,0.1461,-0.6253,0.5318,0.9252
Dlec1,Dlec1,5.972,0.188,0.6402,0.2936,0.7691,0.97
Dleu2,Dleu2,103.5315,0.2968,0.2088,1.4212,0.1552,0.8007
Dlg1,Dlg1,3810.069,-0.2277,0.1676,-1.3584,0.1743,0.8088
Dlg2,Dlg2,37.97,-0.3476,0.3282,-1.0592,0.2895,0.8606
Dlg3,Dlg3,912.2572,-0.0037,0.0963,-0.0382,0.9696,0.999
Dlg4,Dlg4,1633.5977,-0.0457,0.0741,-0.617,0.5372,0.9274
Dlg5,Dlg5,2598.6761,0.0353,0.0926,0.3806,0.7035,0.9639
Dlgap1,Dlgap1,28.1261,0.1562,0.2986,0.5231,0.6009,0.9406
Dlgap2,Dlgap2,20.0053,1.0395,0.3858,2.6946,0.007,0.732
Dlgap4,Dlgap4,6086.1134,-0.0969,0.1625,-0.5963,0.551,0.929
Dlgap5,Dlgap5,827.8159,-0.9297,0.4184,-2.2218,0.0263,0.732
Dlk2,Dlk2,25.2933,-0.4856,0.4576,-1.0611,0.2886,0.8606
Dll1,Dll1,1180.7576,-0.5008,0.3415,-1.4667,0.1425,0.7928
Dll3,Dll3,0.5195,-1.3856,2.3878,-0.5803,0.5617,0.9294
Dll4,Dll4,2.0907,0.1027,1.0537,0.0975,0.9224,0.9891
Dlst,Dlst,8055.0523,-0.0953,0.0924,-1.0321,0.302,0.8615
Dlx1,Dlx1,40.3369,-0.3158,0.3095,-1.0201,0.3077,0.8653
Dlx1as,Dlx1as,4.9108,-0.5397,0.6727,-0.8022,0.4224,0.906
Dlx2,Dlx2,97.4592,-0.093,0.1573,-0.5913,0.5543,0.929
Dlx3,Dlx3,351.0429,0.0755,0.2172,0.3475,0.7282,0.9694
Dlx4,Dlx4,28.0686,0.1735,0.3454,0.5024,0.6154,0.9427
Dmap1,Dmap1,839.267,0.0187,0.0826,0.2264,0.8209,0.9761
Dmbt1,Dmbt1,1.2491,-0.7502,1.3465,-0.5572,0.5774,0.9346
Dmbx1,Dmbx1,73.7586,-0.416,0.3825,-1.0875,0.2768,0.8588
Dmd,Dmd,28.5907,-0.2264,0.4825,-0.4693,0.6389,0.949
Dmkn,Dmkn,0.525,0.4908,2.3785,0.2064,0.8365,0.9774
Dmp1,Dmp1,148.0702,-1.1225,0.4614,-2.4328,0.015,0.732
Dmpk,Dmpk,6223.5673,-0.1585,0.2044,-0.7754,0.4381,0.9104
Dmrt2,Dmrt2,296.8986,-0.2105,0.1282,-1.6423,0.1005,0.767
Dmrta2,Dmrta2,381.0754,-0.0028,0.1,-0.0281,0.9776,0.9992
Dmtf1,Dmtf1,1240.01,-0.1164,0.1853,-0.6281,0.53,0.9241
Dmtn,Dmtn,48.5817,0.0676,0.2218,0.305,0.7604,0.9699
Dmwd,Dmwd,1880.0472,-0.0515,0.1078,-0.4776,0.6329,0.9469
Dmxl1,Dmxl1,660.2881,0.0683,0.257,0.2658,0.7904,0.97
Dmxl2,Dmxl2,188.4956,-0.0213,0.2105,-0.1012,0.9194,0.9879
Dna2,Dna2,123.2939,-0.689,0.2893,-2.3811,0.0173,0.732
Dnaaf2,Dnaaf2,385.3751,-0.2606,0.1328,-1.9631,0.0496,0.7364
Dnaaf3,Dnaaf3,36.1359,0.1331,0.3799,0.3503,0.7261,0.9691
Dnaaf5,Dnaaf5,1082.154,0.1536,0.0931,1.6503,0.0989,0.7669
Dnah1,Dnah1,11.3094,-0.5041,0.4477,-1.1259,0.2602,0.8517
Dnah10,Dnah10,10.0733,0.6003,0.4767,1.2593,0.2079,0.8264
Dnah17,Dnah17,77.2998,0.1183,0.3087,0.383,0.7017,0.9635
Dnah2,Dnah2,20.1994,0.142,0.3055,0.4648,0.6421,0.9506
Dnah5,Dnah5,0.944,2.4053,1.7999,1.3364,0.1814,0.8131
Dnah6,Dnah6,20.5751,0.1216,0.3568,0.3407,0.7333,0.9694
Dnah7a,Dnah7a,1.2519,-0.781,1.4779,-0.5284,0.5972,0.9393
Dnah7b,Dnah7b,2.084,-0.6371,0.9616,-0.6626,0.5076,0.9188
Dnah8,Dnah8,1.8886,-0.5662,1.1765,-0.4813,0.6303,0.9453
Dnah9,Dnah9,1.1499,-0.3021,1.3054,-0.2314,0.817,0.975
Dnaic1,Dnaic1,41.7404,0.0392,0.3151,0.1246,0.9009,0.986
Dnaic2,Dnaic2,49.4807,0.0271,0.2472,0.1095,0.9128,0.9874
Dnaja1,Dnaja1,7299.2433,-0.1533,0.1336,-1.1475,0.2512,0.8443
Dnaja2,Dnaja2,13915.4738,-0.1153,0.0838,-1.376,0.1688,0.805
Dnaja3,Dnaja3,2580.5705,0.1654,0.1429,1.1574,0.2471,0.8426
Dnaja4,Dnaja4,1344.6758,0.1059,0.072,1.4719,0.141,0.7908
Dnajb1,Dnajb1,4274.5339,-0.0031,0.0885,-0.0355,0.9717,0.999
Dnajb11,Dnajb11,6052.0776,0.2864,0.128,2.2366,0.0253,0.732
Dnajb12,Dnajb12,2131.3236,0.1527,0.0898,1.7009,0.089,0.764
Dnajb13,Dnajb13,11.0745,-0.9466,0.5533,-1.7108,0.0871,0.764
Dnajb14,Dnajb14,217.8066,-0.052,0.1553,-0.3351,0.7375,0.9694
Dnajb2,Dnajb2,2386.8592,0.1525,0.0805,1.8941,0.0582,0.7417
Dnajb4,Dnajb4,3074.3054,-0.1132,0.1947,-0.5814,0.561,0.9294
Dnajb5,Dnajb5,1311.7286,-0.2383,0.2387,-0.9982,0.3182,0.8703
Dnajb6,Dnajb6,5735.7533,0.1144,0.1624,0.7044,0.4812,0.9168
Dnajb9,Dnajb9,2610.3359,0.498,0.1879,2.65,0.008,0.732
Dnajc1,Dnajc1,1341.5302,-0.0259,0.097,-0.2671,0.7894,0.97
Dnajc10,Dnajc10,8974.1626,-0.0749,0.1046,-0.7157,0.4742,0.9168
Dnajc11,Dnajc11,2764.5835,0.0152,0.07,0.2167,0.8285,0.9769
Dnajc12,Dnajc12,168.7803,0.2358,0.1364,1.7289,0.0838,0.7578
Dnajc13,Dnajc13,3639.0046,0.0257,0.1621,0.1586,0.874,0.9819
Dnajc14,Dnajc14,3180.3792,0.0899,0.0864,1.0399,0.2984,0.8608
Dnajc15,Dnajc15,783.2532,0.0319,0.0907,0.3521,0.7248,0.9689
Dnajc16,Dnajc16,1042.4796,0.1369,0.084,1.6297,0.1032,0.7679
Dnajc17,Dnajc17,269.3194,-0.0039,0.1346,-0.0293,0.9766,0.9992
Dnajc18,Dnajc18,1428.4119,0.0375,0.0759,0.494,0.6213,0.9436
Dnajc19,Dnajc19,489.6518,0.0349,0.1592,0.2189,0.8267,0.9766
Dnajc2,Dnajc2,1355.4368,-0.2007,0.1499,-1.3389,0.1806,0.8127
Dnajc21,Dnajc21,1257.2284,-0.1716,0.2348,-0.7308,0.4649,0.9157
Dnajc22,Dnajc22,24.4193,-0.1236,0.3264,-0.3786,0.705,0.9646
Dnajc24,Dnajc24,456.4025,-0.0705,0.098,-0.7198,0.4717,0.9168
Dnajc25,Dnajc25,1128.019,0.0058,0.0802,0.0717,0.9428,0.9927
Dnajc27,Dnajc27,441.4358,-0.0838,0.103,-0.8139,0.4157,0.9033
Dnajc28,Dnajc28,237.5277,0.1082,0.1262,0.8568,0.3916,0.8983
Dnajc3,Dnajc3,3917.83,0.124,0.1717,0.7225,0.47,0.9168
Dnajc30,Dnajc30,403.4759,0.1575,0.1803,0.8733,0.3825,0.8935
Dnajc4,Dnajc4,358.9313,0.0068,0.1383,0.0494,0.9606,0.9969
Dnajc5,Dnajc5,5116.7888,0.0254,0.0392,0.6468,0.5178,0.9214
Dnajc5b,Dnajc5b,0.5244,1.367,1.989,0.6873,0.4919,0.9181
Dnajc6,Dnajc6,14.3648,0.1027,0.3911,0.2626,0.7928,0.9702
Dnajc7,Dnajc7,3571.7597,-0.1306,0.0964,-1.3548,0.1755,0.81
Dnajc8,Dnajc8,4474.4291,0.0164,0.0789,0.2075,0.8356,0.9774
Dnajc9,Dnajc9,1465.5773,-0.4872,0.1773,-2.7476,0.006,0.732
Dnal1,Dnal1,1941.1934,-0.3007,0.225,-1.3368,0.1813,0.8131
Dnal4,Dnal4,1440.8303,0.1491,0.0825,1.8067,0.0708,0.7515
Dnali1,Dnali1,7.0059,0.4203,0.6609,0.636,0.5248,0.9223
Dnase1,Dnase1,80.315,-0.1433,0.1897,-0.7555,0.4499,0.912
Dnase1l1,Dnase1l1,861.6139,0.2933,0.161,1.8222,0.0684,0.7507
Dnase1l2,Dnase1l2,39.8444,0.2218,0.268,0.8273,0.4081,0.9033
Dnase1l3,Dnase1l3,798.3756,-0.2157,0.2811,-0.7675,0.4428,0.9118
Dnase2a,Dnase2a,1662.9925,0.355,0.1928,1.8416,0.0655,0.7457
Dnd1,Dnd1,22.1081,-0.0392,0.3587,-0.1093,0.9129,0.9874
Dner,Dner,3.0531,0.1823,0.826,0.2208,0.8253,0.9766
Dnlz,Dnlz,984.8058,0.0698,0.0824,0.8477,0.3966,0.8991
Dnm1,Dnm1,2759.3513,0.2196,0.1298,1.6918,0.0907,0.7643
Dnm1l,Dnm1l,3064.7004,-0.0973,0.2194,-0.4435,0.6574,0.9548
Dnm2,Dnm2,4738.8658,0.1357,0.0927,1.4629,0.1435,0.7928
Dnm3,Dnm3,116.809,-0.2922,0.2383,-1.2258,0.2203,0.8303
Dnm3os,Dnm3os,852.3058,0.3871,0.2662,1.4541,0.1459,0.7928
Dnmbp,Dnmbp,1139.4102,0.0283,0.0909,0.3112,0.7557,0.9694
Dnmt1,Dnmt1,3246.6571,-0.2838,0.0851,-3.334,0.0009,0.5459
Dnmt3a,Dnmt3a,801.5607,-0.2349,0.1541,-1.5243,0.1274,0.7753
Dnmt3b,Dnmt3b,93.9902,-0.0116,0.1738,-0.0667,0.9468,0.9934
Dnmt3l,Dnmt3l,12.0192,1.4458,1.0411,1.3887,0.1649,0.8037
Dnpep,Dnpep,3158.934,0.1773,0.0891,1.9897,0.0466,0.7364
Dnph1,Dnph1,284.6309,-0.0752,0.1336,-0.5626,0.5737,0.9327
Dntt,Dntt,0.6292,-0.4271,1.9607,-0.2178,0.8276,0.9767
Dnttip1,Dnttip1,1272.2022,0.0203,0.0695,0.2927,0.7697,0.97
Dnttip2,Dnttip2,1972.8403,-0.0971,0.1422,-0.6829,0.4947,0.9181
Doc2a,Doc2a,169.6739,0.0259,0.1722,0.1504,0.8804,0.9823
Doc2b,Doc2b,273.4839,0.1301,0.1611,0.8077,0.4193,0.9047
Doc2g,Doc2g,67.409,-0.1527,0.2285,-0.6682,0.504,0.9188
Dock1,Dock1,1568.6392,-0.0161,0.1017,-0.1582,0.8743,0.9819
Dock10,Dock10,39.7428,-0.575,0.5265,-1.0922,0.2747,0.8588
Dock11,Dock11,521.0704,0.2014,0.2002,1.0062,0.3143,0.8692
Dock2,Dock2,1.6773,0.5032,1.0664,0.4719,0.637,0.9487
Dock3,Dock3,3.0256,0.3611,0.8332,0.4334,0.6647,0.9561
Dock4,Dock4,331.1669,-0.0243,0.1647,-0.1478,0.8825,0.9825
Dock5,Dock5,2296.2093,-0.0155,0.1035,-0.15,0.8808,0.9824
Dock6,Dock6,1155.1695,-0.0051,0.1051,-0.049,0.9609,0.9969
Dock7,Dock7,4949.0261,-0.1863,0.142,-1.3117,0.1896,0.8161
Dock8,Dock8,48.8192,-0.4461,0.3873,-1.1519,0.2494,0.844
Dock9,Dock9,951.6038,0.1811,0.1471,1.2311,0.2183,0.8302
Dohh,Dohh,1199.0543,0.0688,0.1236,0.5565,0.5778,0.9346
Dok1,Dok1,1324.2287,-0.0153,0.1211,-0.1265,0.8994,0.9856
Dok2,Dok2,6.6809,-0.1471,0.5999,-0.2452,0.8063,0.9728
Dok3,Dok3,10.1761,-0.4099,0.4651,-0.8812,0.3782,0.8935
Dok4,Dok4,792.4356,-0.0654,0.1135,-0.5759,0.5647,0.93
Dok5,Dok5,3.3219,-0.3171,1.0262,-0.309,0.7573,0.9694
Dok6,Dok6,1.7786,0.0598,1.0109,0.0591,0.9528,0.9945
Dok7,Dok7,710.3707,-0.2101,0.2825,-0.7437,0.4571,0.9134
Dolk,Dolk,902.9487,0.1001,0.1045,0.9585,0.3378,0.879
Dolpp1,Dolpp1,474.2993,-0.2128,0.1284,-1.6575,0.0974,0.7669
Donson,Donson,343.4067,-0.3871,0.1801,-2.1495,0.0316,0.732
Dopey1,Dopey1,714.1097,-0.2501,0.1894,-1.32,0.1868,0.8161
Dopey2,Dopey2,1924.5683,-0.0571,0.1265,-0.451,0.652,0.9544
Dos,Dos,331.9931,0.1672,0.1501,1.114,0.2653,0.8547
Dot1l,Dot1l,1252.7643,-0.1635,0.1454,-1.1242,0.2609,0.8526
Dpagt1,Dpagt1,1556.5174,0.3065,0.176,1.7413,0.0816,0.7572
Dpcd,Dpcd,664.9679,0.0527,0.0914,0.5769,0.564,0.9297
Dpcr1,Dpcr1,0.9424,-1.5602,1.4686,-1.0624,0.2881,0.8606
Dpep1,Dpep1,370.2614,-0.2683,0.2191,-1.2245,0.2208,0.8307
Dpep2,Dpep2,22.001,0.3429,0.3961,0.8658,0.3866,0.8952
Dpf1,Dpf1,83.1587,-0.3417,0.2492,-1.371,0.1704,0.8059
Dpf2,Dpf2,3101.6168,0.0165,0.0568,0.2907,0.7713,0.97
Dpf3,Dpf3,7.2939,-0.8149,0.5902,-1.3808,0.1673,0.8045
Dph1,Dph1,328.1584,0.1384,0.1682,0.8226,0.4107,0.9033
Dph2,Dph2,513.4346,-0.0235,0.1118,-0.21,0.8336,0.9774
Dph3,Dph3,1655.9853,0.1164,0.1097,1.0614,0.2885,0.8606
Dph5,Dph5,462.47,0.1079,0.1523,0.708,0.4789,0.9168
Dph6,Dph6,1098.8984,-0.094,0.1223,-0.7688,0.442,0.9118
Dph7,Dph7,565.4377,0.113,0.1472,0.7672,0.4429,0.9118
Dpm1,Dpm1,36.661,0.0933,0.2551,0.3658,0.7145,0.9662
Dpm2,Dpm2,1103.1736,0.1523,0.1455,1.0466,0.2953,0.8606
Dpm3,Dpm3,366.8148,0.0739,0.1199,0.6164,0.5376,0.9274
Dpp3,Dpp3,3294.6948,0.0917,0.0804,1.1401,0.2542,0.8453
Dpp4,Dpp4,0.4195,0.7875,2.479,0.3177,0.7507,0.9694
Dpp6,Dpp6,5.2315,0.594,0.904,0.6571,0.5111,0.9195
Dpp7,Dpp7,1407.7708,0.4926,0.1939,2.5409,0.0111,0.732
Dpp8,Dpp8,4764.6196,-0.1004,0.1275,-0.7876,0.4309,0.9081
Dpp9,Dpp9,2407.6236,-0.0022,0.0649,-0.0344,0.9725,0.999
Dppa2,Dppa2,1.1356,-0.5346,1.9155,-0.2791,0.7802,0.97
Dppa4,Dppa4,0.6238,-1.7301,1.9024,-0.9095,0.3631,0.8873
Dpt,Dpt,524.0607,-0.6481,0.2984,-2.1718,0.0299,0.732
Dpy19l1,Dpy19l1,9309.9592,0.2252,0.1815,1.2412,0.2145,0.8265
Dpy19l3,Dpy19l3,2076.8549,0.0231,0.0927,0.2489,0.8034,0.9719
Dpy19l4,Dpy19l4,442.2234,-0.0572,0.2553,-0.224,0.8228,0.9766
Dpy30,Dpy30,887.9774,0.0404,0.1013,0.3991,0.6898,0.9623
Dpyd,Dpyd,29.208,-0.4108,0.4294,-0.9566,0.3388,0.879
Dpys,Dpys,1.0399,0.5456,1.646,0.3315,0.7403,0.9694
Dpysl2,Dpysl2,1339.2199,0.0128,0.1358,0.0939,0.9252,0.9903
Dpysl3,Dpysl3,15031.7855,-0.5925,0.2411,-2.457,0.014,0.732
Dpysl5,Dpysl5,1.1541,-0.1028,1.3815,-0.0744,0.9407,0.9923
Dqx1,Dqx1,26.9068,0.1568,0.2594,0.6044,0.5456,0.9286
Dr1,Dr1,2276.6446,-0.1003,0.1568,-0.6395,0.5225,0.9223
Dram1,Dram1,2146.1975,0.466,0.2676,1.7415,0.0816,0.7572
Dram2,Dram2,2029.2948,0.1721,0.1142,1.5077,0.1316,0.7771
Drap1,Drap1,3705.6425,0.0307,0.0842,0.3645,0.7155,0.9662
Draxin,Draxin,14.015,0.2099,0.4833,0.4343,0.664,0.9561
Drc1,Drc1,1.2561,-1.4328,1.3061,-1.097,0.2726,0.8588
Drc7,Drc7,1.1642,0.2559,2.2866,0.1119,0.9109,0.9873
Drd3,Drd3,0.4226,0.0038,2.0624,0.0018,0.9985,1
Drg1,Drg1,3878.5932,0.0274,0.0867,0.3156,0.7523,0.9694
Drg2,Drg2,2273.5373,0.0167,0.0915,0.1821,0.8555,0.9796
Drosha,Drosha,2889.0117,-0.0131,0.0689,-0.1909,0.8486,0.9781
Drp2,Drp2,3207.4791,-0.3804,0.2423,-1.5699,0.1164,0.7753
Dsc1,Dsc1,0.5257,0.4931,2.3784,0.2073,0.8358,0.9774
Dsc2,Dsc2,1.2444,0.1902,1.379,0.138,0.8903,0.9837
Dscam,Dscam,21.0325,-0.6933,0.3637,-1.9062,0.0566,0.7377
Dscc1,Dscc1,100.2108,-0.723,0.3586,-2.0162,0.0438,0.7364
Dscr3,Dscr3,2758.4785,0.2054,0.1312,1.5652,0.1175,0.7753
Dse,Dse,3381.5275,-0.1454,0.1156,-1.2581,0.2084,0.8265
Dsel,Dsel,966.5878,-0.018,0.2205,-0.0814,0.9351,0.9923
Dsg1b,Dsg1b,1.1578,-0.4606,1.3221,-0.3484,0.7275,0.9694
Dsg2,Dsg2,0.4129,-0.7667,2.4832,-0.3088,0.7575,0.9694
Dsg3,Dsg3,16.8991,-0.1586,0.4881,-0.3249,0.7453,0.9694
Dsn1,Dsn1,481.2411,-0.3898,0.1855,-2.1015,0.0356,0.732
Dsp,Dsp,5.2512,-0.8543,0.6545,-1.3052,0.1918,0.8168
Dst,Dst,9913.8589,-0.043,0.2332,-0.1843,0.8538,0.9791
Dstn,Dstn,12454.8004,-0.0878,0.0721,-1.2179,0.2232,0.8307
Dstyk,Dstyk,2207.3505,0.0424,0.0803,0.5281,0.5974,0.9393
Dtd1,Dtd1,289.0101,-0.0147,0.1321,-0.1114,0.9113,0.9873
Dtd2,Dtd2,551.0222,-0.0304,0.1011,-0.3006,0.7637,0.97
Dthd1,Dthd1,0.3168,-0.6877,2.5719,-0.2674,0.7892,0.97
Dtl,Dtl,597.9145,-0.8704,0.3281,-2.6526,0.008,0.732
Dtna,Dtna,1671.9841,-0.2101,0.2084,-1.008,0.3135,0.8692
Dtnb,Dtnb,296.2143,0.3791,0.252,1.5043,0.1325,0.7779
Dtnbp1,Dtnbp1,1989.8956,0.1308,0.1459,0.8967,0.3699,0.8925
Dtwd1,Dtwd1,540.1055,0.1267,0.1831,0.6918,0.489,0.9178
Dtwd2,Dtwd2,119.805,-0.0146,0.1592,-0.0914,0.9272,0.9908
Dtx2,Dtx2,1269.2275,0.3696,0.1983,1.8638,0.0624,0.7456
Dtx3,Dtx3,1860.5772,0.1849,0.1265,1.4614,0.1439,0.7928
Dtx3l,Dtx3l,752.9612,-0.3012,0.1848,-1.6301,0.1031,0.7679
Dtx4,Dtx4,2740.5007,0.265,0.0704,3.7618,0.0002,0.3039
Dtymk,Dtymk,1292.0741,-0.2385,0.1066,-2.2363,0.0253,0.732
Duox1,Duox1,70.1427,0.7132,0.2208,3.2307,0.0012,0.6077
Duox2,Duox2,18.2493,-0.1122,0.3435,-0.3268,0.7438,0.9694
Duoxa1,Duoxa1,134.2322,0.1516,0.1608,0.943,0.3457,0.882
Duoxa2,Duoxa2,5.7482,-1.5387,0.6873,-2.2386,0.0252,0.732
Dupd1,Dupd1,1.7822,0.1837,1.1636,0.1579,0.8745,0.9819
Dus1l,Dus1l,1215.7404,-0.0088,0.0794,-0.1102,0.9122,0.9873
Dus2,Dus2,587.8029,0.0016,0.0751,0.0214,0.9829,1
Dus3l,Dus3l,1008.8866,0.001,0.0779,0.0122,0.9902,1
Dus4l,Dus4l,342.0284,0.0811,0.1489,0.5447,0.586,0.9355
Dusp1,Dusp1,1559.1451,0.4397,0.2379,1.8478,0.0646,0.7457
Dusp10,Dusp10,1958.7515,0.3612,0.1631,2.2144,0.0268,0.732
Dusp11,Dusp11,5167.9961,-0.1581,0.1778,-0.8893,0.3739,0.893
Dusp12,Dusp12,775.6533,0.0649,0.17,0.3819,0.7026,0.9638
Dusp13,Dusp13,301.7518,0.0731,0.1938,0.377,0.7061,0.965
Dusp14,Dusp14,585.2975,-0.0286,0.1599,-0.179,0.8579,0.9797
Dusp15,Dusp15,1.4587,0.7718,1.2509,0.617,0.5372,0.9274
Dusp16,Dusp16,1022.2329,0.23,0.1297,1.7735,0.0761,0.7567
Dusp18,Dusp18,2327.0749,0.0524,0.069,0.7601,0.4472,0.912
Dusp19,Dusp19,171.1784,-0.0796,0.1284,-0.62,0.5353,0.9265
Dusp2,Dusp2,57.0877,-0.0819,0.2935,-0.2789,0.7803,0.97
Dusp22,Dusp22,602.1589,-0.1186,0.1094,-1.0843,0.2782,0.8588
Dusp23,Dusp23,33.6048,0.0004,0.2458,0.0016,0.9987,1
Dusp26,Dusp26,2.9347,0.6281,0.9891,0.635,0.5254,0.9228
Dusp27,Dusp27,2663.5976,-0.0853,0.2327,-0.3665,0.714,0.9662
Dusp28,Dusp28,348.8326,-0.1231,0.2135,-0.5766,0.5642,0.9298
Dusp3,Dusp3,3934.8099,0.0821,0.0883,0.9306,0.3521,0.8839
Dusp4,Dusp4,1168.128,0.8025,0.3664,2.1904,0.0285,0.732
Dusp5,Dusp5,119.3047,-0.1915,0.2498,-0.7664,0.4435,0.9118
Dusp6,Dusp6,1261.7042,-0.0779,0.1797,-0.4336,0.6646,0.9561
Dusp7,Dusp7,965.8077,-0.1637,0.1204,-1.3596,0.1739,0.8088
Dusp8,Dusp8,440.4511,0.1537,0.2305,0.6671,0.5047,0.9188
Dusp9,Dusp9,258.7884,-0.196,0.163,-1.2027,0.2291,0.8326
Dut,Dut,899.8873,-0.291,0.1446,-2.0127,0.0441,0.7364
Dvl1,Dvl1,4530.5386,0.0249,0.055,0.4524,0.651,0.9544
Dvl2,Dvl2,1425.1227,0.1819,0.0935,1.9465,0.0516,0.7364
Dvl3,Dvl3,1561.4912,-0.0512,0.0904,-0.5665,0.571,0.9321
Dxo,Dxo,656.4562,0.0963,0.0945,1.0184,0.3085,0.8657
Dym,Dym,1830.6215,0.2613,0.1298,2.0132,0.0441,0.7364
Dynap,Dynap,1555.108,-0.2036,0.2093,-0.973,0.3306,0.8768
Dync1h1,Dync1h1,15897.5493,0.1814,0.1096,1.6546,0.098,0.7669
Dync1i1,Dync1i1,369.471,0.2313,0.2368,0.977,0.3286,0.8758
Dync1i2,Dync1i2,6602.0656,-0.1494,0.1483,-1.0074,0.3137,0.8692
Dync1li1,Dync1li1,4177.4017,0.0587,0.0887,0.6616,0.5082,0.919
Dync1li2,Dync1li2,8420.312,-0.049,0.0871,-0.5625,0.5738,0.9327
Dync2h1,Dync2h1,367.6279,-0.1517,0.303,-0.5008,0.6165,0.9427
Dync2li1,Dync2li1,1026.3927,0.0521,0.0741,0.7036,0.4817,0.9168
Dynll1,Dynll1,6133.0206,-0.2182,0.1443,-1.512,0.1305,0.7771
Dynll2,Dynll2,4261.4898,-0.0188,0.0586,-0.32,0.749,0.9694
Dynlrb1,Dynlrb1,4639.4374,0.0708,0.0943,0.7502,0.4531,0.9122
Dynlrb2,Dynlrb2,0.5196,-0.0586,2.0353,-0.0288,0.977,0.9992
Dynlt1a,Dynlt1a,77.4101,0.4239,0.6497,0.6525,0.5141,0.9199
Dynlt1b,Dynlt1b,525.7655,0.3115,0.4291,0.7259,0.4679,0.9168
Dynlt1f,Dynlt1f,25.3383,-0.178,0.3882,-0.4586,0.6465,0.953
Dynlt3,Dynlt3,5240.9176,-0.1807,0.2417,-0.7477,0.4546,0.9127
Dyrk1a,Dyrk1a,3050.7141,-0.0386,0.0737,-0.5234,0.6007,0.9406
Dyrk1b,Dyrk1b,543.8636,0.1411,0.1061,1.3293,0.1838,0.8133
Dyrk2,Dyrk2,1350.4619,-0.2269,0.2532,-0.8962,0.3702,0.8925
Dyrk3,Dyrk3,233.2135,0.0493,0.2187,0.2253,0.8217,0.9763
Dyrk4,Dyrk4,0.8427,0.0005,1.7941,0.0003,0.9998,1
Dysf,Dysf,2191.8747,-0.1194,0.226,-0.5284,0.5972,0.9393
Dyx1c1,Dyx1c1,13.7501,-0.2992,0.3856,-0.7759,0.4378,0.9104
Dzank1,Dzank1,28.9708,0.1189,0.3057,0.3889,0.6974,0.9632
Dzip1,Dzip1,635.3404,0.0628,0.1341,0.4687,0.6393,0.9492
Dzip1l,Dzip1l,965.6768,-0.1331,0.0866,-1.5368,0.1243,0.7753
Dzip3,Dzip3,547.1137,-0.0165,0.2088,-0.0792,0.9368,0.9923
E030003E18Rik,E030003E18Rik,0.8433,0.7017,1.5746,0.4456,0.6559,0.9548
E030011O05Rik,E030011O05Rik,92.8236,0.0362,0.1884,0.1923,0.8475,0.978
E030024N20Rik,E030024N20Rik,39.0883,-0.2405,0.3302,-0.7283,0.4664,0.9165
E030030I06Rik,E030030I06Rik,31.6003,0.2422,0.3029,0.7997,0.4239,0.906
E130012A19Rik,E130012A19Rik,57.4172,-0.2347,0.2352,-0.998,0.3183,0.8703
E130102H24Rik,E130102H24Rik,70.9871,0.6127,0.3983,1.5383,0.124,0.7753
E130112N10Rik,E130112N10Rik,27.2075,0.057,0.2827,0.2016,0.8402,0.9775
E130201H02Rik,E130201H02Rik,0.7236,-1.9436,2.2774,-0.8534,0.3934,0.8986
E130307A14Rik,E130307A14Rik,149.3677,0.0231,0.1371,0.1682,0.8665,0.9815
E130308A19Rik,E130308A19Rik,246.2318,-0.0635,0.1114,-0.5702,0.5686,0.9313
E130309D02Rik,E130309D02Rik,826.1295,0.0082,0.1011,0.0808,0.9356,0.9923
E130309D14Rik,E130309D14Rik,2.3133,-0.3192,1.2334,-0.2588,0.7958,0.9712
E130310I04Rik,E130310I04Rik,2.6105,0.2965,0.9262,0.3201,0.7489,0.9694
E130311K13Rik,E130311K13Rik,353.862,-0.0474,0.1358,-0.3487,0.7273,0.9694
E130317F20Rik,E130317F20Rik,80.6772,-0.0396,0.2466,-0.1606,0.8724,0.9819
E230013L22Rik,E230013L22Rik,19.2728,0.4497,0.4696,0.9577,0.3382,0.879
E230016K23Rik,E230016K23Rik,5.0069,-0.5916,0.6705,-0.8823,0.3776,0.8935
E230016M11Rik,E230016M11Rik,28.349,0.4137,0.3679,1.1243,0.2609,0.8526
E230025N22Rik,E230025N22Rik,22.4364,0.5346,0.4359,1.2264,0.22,0.8302
E2f1,E2f1,897.6357,0.1122,0.1278,0.8781,0.3799,0.8935
E2f2,E2f2,2353.3641,-0.1845,0.2599,-0.7097,0.4779,0.9168
E2f3,E2f3,1326.4459,-0.1686,0.1166,-1.4459,0.1482,0.7958
E2f4,E2f4,1652.4985,-0.0612,0.0874,-0.6999,0.484,0.9168
E2f5,E2f5,444.073,-0.237,0.1032,-2.2963,0.0217,0.732
E2f6,E2f6,1660.8632,-0.0389,0.0906,-0.4293,0.6677,0.9568
E2f7,E2f7,629.0555,-0.9959,0.401,-2.4834,0.013,0.732
E2f8,E2f8,1106.9403,-0.7845,0.4084,-1.9207,0.0548,0.7377
E330009J07Rik,E330009J07Rik,29.4027,-0.0923,0.3635,-0.2538,0.7996,0.9719
E330011O21Rik,E330011O21Rik,7.3164,0.5148,0.5816,0.8851,0.3761,0.8935
E330013P04Rik,E330013P04Rik,0.6294,0.6691,1.9726,0.3392,0.7345,0.9694
E330020D12Rik,E330020D12Rik,0.422,1.18,2.4214,0.4873,0.626,0.9451
E330033B04Rik,E330033B04Rik,30.1837,0.2157,0.3702,0.5828,0.56,0.9294
E430016F16Rik,E430016F16Rik,4.7966,-0.5391,0.713,-0.7561,0.4496,0.912
E430018J23Rik,E430018J23Rik,201.7957,0.1631,0.148,1.1024,0.2703,0.8588
E430025E21Rik,E430025E21Rik,6420.1907,0.2467,0.1498,1.647,0.0996,0.7669
E4f1,E4f1,619.5217,0.0368,0.0927,0.3972,0.6912,0.9623
E530011L22Rik,E530011L22Rik,38.1991,-0.2241,0.2862,-0.783,0.4336,0.9089
Eaf1,Eaf1,3419.3092,0.0952,0.1093,0.8708,0.3839,0.8935
Eaf2,Eaf2,22.951,0.1337,0.316,0.4231,0.6722,0.9583
Eapp,Eapp,1485.1233,0.0433,0.0677,0.639,0.5228,0.9223
Ears2,Ears2,450.9467,0.0385,0.0898,0.4294,0.6676,0.9568
Ebag9,Ebag9,944.8811,0.0404,0.1072,0.3773,0.706,0.965
Ebf1,Ebf1,568.7099,-0.0649,0.1785,-0.3639,0.7159,0.9662
Ebf2,Ebf2,0.6216,0.0049,2.0202,0.0024,0.9981,1
Ebf3,Ebf3,761.0079,-0.2742,0.123,-2.2298,0.0258,0.732
Ebf4,Ebf4,2.5092,0.6671,1.0052,0.6636,0.5069,0.9188
Ebna1bp2,Ebna1bp2,2523.0532,-0.0212,0.0916,-0.2315,0.8169,0.975
Ebp,Ebp,3041.8216,-0.0021,0.0975,-0.0215,0.9829,1
Ebpl,Ebpl,418.1501,0.1305,0.1262,1.0336,0.3013,0.8615
Ecd,Ecd,1998.8374,-0.0029,0.0739,-0.0399,0.9682,0.9988
Ece1,Ece1,5397.2774,0.0067,0.0606,0.1105,0.912,0.9873
Ece2,Ece2,1224.8426,0.096,0.1223,0.7848,0.4326,0.9089
Ecel1,Ecel1,5.0139,-0.5456,0.668,-0.8168,0.4141,0.9033
Ech1,Ech1,2458.1964,0.0587,0.085,0.6902,0.4901,0.9181
Echdc1,Echdc1,257.4441,-0.0061,0.1873,-0.0324,0.9741,0.9992
Echdc2,Echdc2,363.0999,-0.0017,0.1248,-0.0136,0.9891,1
Echdc3,Echdc3,110.6018,0.348,0.2043,1.7038,0.0884,0.764
Echs1,Echs1,3085.788,0.1807,0.1483,1.2184,0.2231,0.8307
Eci1,Eci1,841.7121,0.018,0.0807,0.223,0.8235,0.9766
Eci2,Eci2,2243.7341,-0.0383,0.0954,-0.4012,0.6883,0.9623
Eci3,Eci3,53.8088,-0.1511,1.1029,-0.137,0.8911,0.9839
Ecm1,Ecm1,8951.4466,0.0401,0.0932,0.4302,0.667,0.9566
Ecm2,Ecm2,360.5407,-0.3128,0.3205,-0.9759,0.3291,0.8758
Ecscr,Ecscr,12.5604,-0.492,0.4168,-1.1804,0.2378,0.838
Ecsit,Ecsit,667.447,0.0043,0.1134,0.0377,0.9699,0.999
Ect2,Ect2,1195.6878,-0.8828,0.4535,-1.9465,0.0516,0.7364
Ect2l,Ect2l,2.6219,-1.2256,0.8787,-1.3948,0.1631,0.8037
Eda,Eda,2.1056,-0.5693,1.415,-0.4023,0.6875,0.9623
Eda2r,Eda2r,3468.1068,-0.1567,0.2097,-0.7472,0.455,0.9128
Edaradd,Edaradd,2.5145,0.9527,1.0085,0.9446,0.3449,0.8808
Edc3,Edc3,1378.2739,0.0457,0.0934,0.4897,0.6244,0.9451
Edc4,Edc4,2104.6512,0.0175,0.0666,0.263,0.7926,0.9702
Eddm3b,Eddm3b,0.6229,0.4382,1.9611,0.2234,0.8232,0.9766
Edem1,Edem1,3224.8812,0.1453,0.1003,1.4489,0.1474,0.7946
Edem2,Edem2,1720.1478,0.2812,0.1089,2.5826,0.0098,0.732
Edem3,Edem3,2846.2867,-0.1251,0.2462,-0.5084,0.6112,0.9419
Edf1,Edf1,3393.3698,-0.0372,0.0792,-0.4693,0.6388,0.949
Edil3,Edil3,2369.7834,-0.2651,0.2812,-0.9429,0.3457,0.882
Edn1,Edn1,196.8234,-0.1691,0.3685,-0.459,0.6463,0.953
Ednra,Ednra,456.7366,0.0873,0.1113,0.7844,0.4328,0.9089
Edrf1,Edrf1,560.875,-0.1668,0.1553,-1.0742,0.2827,0.8606
Eea1,Eea1,1048.576,0.2407,0.1691,1.4234,0.1546,0.8001
Eed,Eed,1175.7975,-0.1359,0.0827,-1.6436,0.1003,0.767
Eef1a1,Eef1a1,325689.6139,0.2023,0.1595,1.2679,0.2048,0.8262
Eef1b2,Eef1b2,16953.5407,0.0483,0.1006,0.4805,0.6309,0.9457
Eef1d,Eef1d,6790.7855,0.0526,0.0821,0.6406,0.5218,0.9223
Eef1e1,Eef1e1,1329.5929,-0.0195,0.0732,-0.2665,0.7898,0.97
Eef1g,Eef1g,14446.276,0.0155,0.1007,0.1536,0.8779,0.982
Eef2,Eef2,130799.7749,0.2162,0.1035,2.0893,0.0367,0.732
Eef2k,Eef2k,1886.9294,0.184,0.1705,1.0795,0.2804,0.8603
Eef2kmt,Eef2kmt,523.1753,0.2726,0.2016,1.3523,0.1763,0.8104
Eefsec,Eefsec,603.6136,0.0957,0.1535,0.6231,0.5332,0.9256
Eepd1,Eepd1,360.7411,0.2718,0.1605,1.6936,0.0903,0.7643
Efcab1,Efcab1,0.5254,-1.1758,2.3107,-0.5089,0.6109,0.9418
Efcab11,Efcab11,100.6112,-0.7789,0.3439,-2.2652,0.0235,0.732
Efcab12,Efcab12,4.815,0.0959,0.6358,0.1508,0.8801,0.9823
Efcab14,Efcab14,2026.2326,-0.0975,0.1158,-0.842,0.3998,0.9011
Efcab2,Efcab2,46.682,-0.0721,0.2541,-0.2839,0.7765,0.97
Efcab3,Efcab3,3.8793,0.0877,0.6683,0.1313,0.8955,0.985
Efcab5,Efcab5,5.2438,0.0865,0.7979,0.1084,0.9137,0.9874
Efcab6,Efcab6,0.7386,0.3791,1.8158,0.2088,0.8346,0.9774
Efcab7,Efcab7,295.6702,-0.1504,0.1745,-0.8615,0.389,0.8969
Efcab9,Efcab9,4.2955,0.1334,0.6722,0.1984,0.8427,0.9775
Efcc1,Efcc1,6.3968,-0.1045,0.5928,-0.1762,0.8601,0.98
Efemp1,Efemp1,433.5697,0.2858,0.1385,2.0633,0.0391,0.732
Efemp2,Efemp2,3679.6232,-0.1929,0.0942,-2.0473,0.0406,0.732
Efhb,Efhb,2.4095,0.5369,0.933,0.5755,0.5649,0.93
Efhc1,Efhc1,46.7809,-0.0293,0.2448,-0.1198,0.9046,0.9865
Efhc2,Efhc2,4.4054,-0.1977,0.6585,-0.3003,0.764,0.97
Efhd1,Efhd1,468.4167,0.3428,0.1954,1.7544,0.0794,0.7572
Efhd2,Efhd2,1414.1518,0.0797,0.1189,0.6707,0.5024,0.9188
Efna1,Efna1,970.3671,0.1935,0.2241,0.8633,0.388,0.8956
Efna2,Efna2,229.6056,0.0338,0.1248,0.2712,0.7863,0.97
Efna3,Efna3,71.97,-0.0788,0.2118,-0.3718,0.71,0.9662
Efna4,Efna4,400.1325,0.2579,0.1643,1.5694,0.1166,0.7753
Efna5,Efna5,132.9569,-0.0744,0.1367,-0.5445,0.5861,0.9355
Efnb1,Efnb1,1114.9067,-0.279,0.1203,-2.3195,0.0204,0.732
Efnb2,Efnb2,1642.1692,-0.1727,0.2469,-0.6993,0.4844,0.9168
Efnb3,Efnb3,29.0246,0.1415,0.3018,0.4689,0.6391,0.9492
Efr3a,Efr3a,4227.5402,-0.1039,0.175,-0.5936,0.5528,0.929
Efr3b,Efr3b,32.1734,-0.468,0.3453,-1.3554,0.1753,0.8097
Efs,Efs,70.6188,-0.6471,0.226,-2.8626,0.0042,0.732
Eftud1,Eftud1,987.0913,-0.0676,0.0607,-1.1128,0.2658,0.8547
Eftud2,Eftud2,4897.2486,-0.0131,0.0865,-0.1509,0.88,0.9823
Egf,Egf,48.1588,-0.2267,0.2131,-1.0641,0.2873,0.8606
Egfl7,Egfl7,56.1272,0.0206,0.2012,0.1025,0.9184,0.9879
Egfl8,Egfl8,12.7386,0.3932,0.4224,0.9309,0.3519,0.8839
Egflam,Egflam,30.0373,-0.8777,0.3953,-2.2202,0.0264,0.732
Egfr,Egfr,1739.75,0.1691,0.1249,1.3547,0.1755,0.8101
Egln1,Egln1,4524.9377,0.2733,0.175,1.5612,0.1185,0.7753
Egln2,Egln2,1526.9048,0.1389,0.0829,1.6746,0.094,0.7643
Egln3,Egln3,7050.2547,0.4876,0.1635,2.9831,0.0029,0.732
Egr1,Egr1,6729.8002,-0.5167,0.44,-1.1741,0.2403,0.84
Egr2,Egr2,519.4737,-0.6064,0.3454,-1.7558,0.0791,0.7572
Egr3,Egr3,1577.7231,-0.4952,0.3393,-1.4595,0.1444,0.7928
Ehbp1,Ehbp1,718.5008,-0.1865,0.1626,-1.1469,0.2514,0.8443
Ehbp1l1,Ehbp1l1,9069.5284,-0.0649,0.1366,-0.4753,0.6345,0.9478
Ehd1,Ehd1,5107.0067,0.1595,0.1109,1.4378,0.1505,0.7968
Ehd2,Ehd2,10728.5716,-0.1987,0.143,-1.3899,0.1646,0.8037
Ehd3,Ehd3,1917.8674,0.0216,0.1061,0.2036,0.8387,0.9775
Ehd4,Ehd4,6861.4921,-0.1738,0.1994,-0.8715,0.3835,0.8935
Ehhadh,Ehhadh,36.5821,-0.2253,0.2823,-0.7983,0.4247,0.9063
Ehmt1,Ehmt1,1724.1781,-0.1169,0.0899,-1.3005,0.1934,0.8197
Ehmt2,Ehmt2,5158.5583,0.0166,0.0751,0.2209,0.8252,0.9766
Ei24,Ei24,3276.9407,0.0654,0.0967,0.6765,0.4987,0.9181
Eid1,Eid1,2998.4781,0.2703,0.2179,1.2402,0.2149,0.8269
Eid2,Eid2,182.5446,0.1717,0.1816,0.9456,0.3444,0.8804
Eid2b,Eid2b,256.7099,0.1299,0.1628,0.7974,0.4252,0.9064
Eid3,Eid3,10.0687,0.2609,0.532,0.4904,0.6239,0.9451
Eif1,Eif1,21415.6005,0.2171,0.1521,1.4273,0.1535,0.7989
Eif1a,Eif1a,5886.4183,0.0405,0.0984,0.4115,0.6807,0.9614
Eif1ad,Eif1ad,1491.326,0.02,0.0785,0.2542,0.7993,0.9719
Eif1ax,Eif1ax,3213.5528,-0.2009,0.1303,-1.5419,0.1231,0.7753
Eif1b,Eif1b,1364.0152,0.0713,0.1153,0.6179,0.5366,0.9274
Eif2a,Eif2a,2533.6142,-0.0645,0.1234,-0.5227,0.6012,0.9406
Eif2ak1,Eif2ak1,2320.1125,0.101,0.1055,0.9573,0.3384,0.879
Eif2ak2,Eif2ak2,748.2153,-0.1717,0.1771,-0.9694,0.3323,0.8775
Eif2ak3,Eif2ak3,1429.8388,0.1151,0.0797,1.4452,0.1484,0.7958
Eif2ak4,Eif2ak4,990.8594,0.0342,0.0919,0.372,0.7099,0.9662
Eif2b1,Eif2b1,2037.6897,-0.0719,0.0954,-0.7542,0.4507,0.9121
Eif2b2,Eif2b2,2895.9322,0.0581,0.0713,0.8153,0.4149,0.9033
Eif2b3,Eif2b3,1461.1548,0.124,0.1129,1.0988,0.2719,0.8588
Eif2b4,Eif2b4,1150.8439,0.0331,0.0802,0.4129,0.6797,0.9612
Eif2b5,Eif2b5,3332.7597,0.0697,0.0767,0.9087,0.3635,0.8873
Eif2d,Eif2d,1233.6154,0.0375,0.0995,0.3771,0.7061,0.965
Eif2s1,Eif2s1,4712.2026,-0.2091,0.1063,-1.9664,0.0493,0.7364
Eif2s2,Eif2s2,6902.113,-0.0524,0.1202,-0.4362,0.6627,0.9555
Eif2s3x,Eif2s3x,6304.9155,-0.1575,0.0934,-1.686,0.0918,0.7643
Eif3a,Eif3a,10413.2413,-0.2101,0.2541,-0.8269,0.4083,0.9033
Eif3b,Eif3b,10488.3348,0.0159,0.0968,0.1639,0.8698,0.9818
Eif3c,Eif3c,12263.2794,0.1093,0.112,0.976,0.329,0.8758
Eif3d,Eif3d,10159.7397,-0.0077,0.0825,-0.0931,0.9258,0.9905
Eif3e,Eif3e,11629.7582,-0.0216,0.0765,-0.282,0.778,0.97
Eif3f,Eif3f,7261.0495,0.1848,0.1366,1.3522,0.1763,0.8104
Eif3g,Eif3g,3179.8057,0.0349,0.0804,0.4343,0.6641,0.9561
Eif3h,Eif3h,12204.3256,0.1055,0.1057,0.9986,0.318,0.8703
Eif3i,Eif3i,5244.5364,0.0291,0.1004,0.29,0.7718,0.97
Eif3k,Eif3k,3159.1972,0.1337,0.1159,1.154,0.2485,0.8438
Eif3l,Eif3l,8767.3297,0.0297,0.0753,0.394,0.6936,0.9623
Eif3m,Eif3m,4909.6699,-0.0034,0.0728,-0.0463,0.9631,0.9972
Eif4a1,Eif4a1,29210.3277,-0.0364,0.0835,-0.4356,0.6631,0.956
Eif4a2,Eif4a2,17509.6753,0.0413,0.0684,0.6037,0.546,0.9289
Eif4a3,Eif4a3,4347.9901,-0.0509,0.1006,-0.5057,0.6131,0.9422
Eif4b,Eif4b,25550.26,0.1402,0.0736,1.904,0.0569,0.7377
Eif4e,Eif4e,4605.6022,-0.1132,0.0509,-2.2225,0.0263,0.732
Eif4e2,Eif4e2,5026.8742,-0.0311,0.0914,-0.3403,0.7336,0.9694
Eif4e3,Eif4e3,550.2035,-0.1493,0.0811,-1.8413,0.0656,0.7457
Eif4ebp1,Eif4ebp1,3473.1904,0.5252,0.2858,1.8375,0.0661,0.7457
Eif4ebp2,Eif4ebp2,1339.5372,0.0843,0.0815,1.0341,0.3011,0.8615
Eif4ebp3,Eif4ebp3,179.9172,0.0502,0.1446,0.3473,0.7284,0.9694
Eif4enif1,Eif4enif1,2281.9993,-0.0958,0.0455,-2.1038,0.0354,0.732
Eif4g1,Eif4g1,20890.5679,-0.0064,0.0819,-0.0778,0.938,0.9923
Eif4g2,Eif4g2,38398.1277,-0.1812,0.1427,-1.2693,0.2043,0.8262
Eif4g3,Eif4g3,2990.9036,-0.0562,0.0886,-0.6344,0.5258,0.9228
Eif4h,Eif4h,11219.559,-0.0708,0.0779,-0.908,0.3639,0.8873
Eif5,Eif5,8586.6873,-0.056,0.1255,-0.4464,0.6553,0.9548
Eif5a,Eif5a,22467.7974,-0.0909,0.0861,-1.0558,0.291,0.8606
Eif5a2,Eif5a2,465.0384,-0.1403,0.2226,-0.6303,0.5285,0.9237
Eif5b,Eif5b,2216.404,-0.0472,0.1264,-0.3739,0.7085,0.9661
Eif6,Eif6,3677.1144,0.1316,0.1424,0.9244,0.3553,0.8852
Elac1,Elac1,458.8083,0.0216,0.122,0.1768,0.8597,0.98
Elac2,Elac2,1546.0413,-0.0755,0.1023,-0.7384,0.4603,0.9142
Elane,Elane,0.5243,0.0748,2.0352,0.0368,0.9707,0.999
Elavl1,Elavl1,4046.5386,-0.0972,0.0714,-1.3601,0.1738,0.8088
Elavl3,Elavl3,1.0455,-0.3913,1.2719,-0.3077,0.7583,0.9694
Eldr,Eldr,26.5425,-0.6067,0.4418,-1.3731,0.1697,0.8054
Elf1,Elf1,1196.411,0.0585,0.1379,0.4241,0.6715,0.9578
Elf2,Elf2,2176.736,-0.0352,0.0598,-0.589,0.5558,0.929
Elf3,Elf3,5.0379,-0.344,0.6967,-0.4938,0.6215,0.9436
Elf4,Elf4,1259.433,-0.0298,0.0712,-0.418,0.676,0.9598
Elfn1,Elfn1,4.3966,-0.1504,0.6359,-0.2366,0.813,0.9744
Elfn2,Elfn2,4.4076,0.772,0.7312,1.0557,0.2911,0.8606
Elk1,Elk1,1831.3941,0.1153,0.0719,1.6025,0.109,0.7736
Elk3,Elk3,4762.4063,-0.091,0.0859,-1.0596,0.2893,0.8606
Elk4,Elk4,379.7742,-0.1744,0.1508,-1.1566,0.2474,0.8426
Ell,Ell,909.4371,0.1766,0.1265,1.3969,0.1624,0.8037
Ell2,Ell2,1012.7022,0.032,0.1401,0.2281,0.8196,0.9758
Ell3,Ell3,18.8922,-0.1966,0.3963,-0.4962,0.6198,0.9436
Elmo1,Elmo1,127.7588,-0.1635,0.2114,-0.7732,0.4394,0.9109
Elmo2,Elmo2,2181.3132,0.1096,0.1045,1.0483,0.2945,0.8606
Elmo3,Elmo3,50.768,-0.1344,0.2032,-0.6612,0.5085,0.9192
Elmod2,Elmod2,1313.7604,-0.1315,0.2284,-0.576,0.5646,0.93
Elmod3,Elmod3,473.4118,0.1903,0.1024,1.8579,0.0632,0.7457
Elmsan1,Elmsan1,2358.7263,-0.0827,0.0643,-1.2861,0.1984,0.8231
Eln,Eln,3.3488,-0.3993,0.8368,-0.4772,0.6332,0.9471
Elof1,Elof1,1573.1231,0.041,0.074,0.5543,0.5793,0.935
Elovl1,Elovl1,3773.7797,0.1524,0.0884,1.7227,0.0849,0.7611
Elovl3,Elovl3,16.6516,0.0087,0.4384,0.0199,0.9841,1
Elovl4,Elovl4,387.7692,0.1736,0.2346,0.7399,0.4594,0.9141
Elovl5,Elovl5,5119.2244,0.1104,0.1496,0.7379,0.4606,0.9142
Elovl6,Elovl6,844.3155,-0.1057,0.1661,-0.6362,0.5247,0.9223
Elovl7,Elovl7,16.7644,-0.2121,0.6096,-0.3479,0.7279,0.9694
Elp2,Elp2,4205.2981,0.0847,0.1194,0.7098,0.4778,0.9168
Elp3,Elp3,3446.886,0.0297,0.0652,0.4563,0.6482,0.9535
Elp4,Elp4,817.6671,-0.1341,0.0986,-1.361,0.1735,0.808
Elp5,Elp5,1832.6219,0.0054,0.0778,0.069,0.945,0.9934
Elp6,Elp6,307.6099,-0.1339,0.1038,-1.2906,0.1968,0.8209
Emb,Emb,3858.3479,0.2577,0.2663,0.968,0.3331,0.8778
Emc1,Emc1,2752.1827,0.0286,0.0676,0.4239,0.6716,0.9578
Emc10,Emc10,2444.586,0.1516,0.133,1.1398,0.2544,0.8453
Emc2,Emc2,4013.4417,-0.1142,0.1679,-0.6801,0.4965,0.9181
Emc3,Emc3,6050.3201,0.2022,0.1266,1.5964,0.1104,0.7736
Emc4,Emc4,2036.8656,0.1229,0.088,1.3978,0.1622,0.8037
Emc6,Emc6,1157.7507,0.0313,0.0976,0.3205,0.7486,0.9694
Emc7,Emc7,3812.9118,0.0852,0.0842,1.0122,0.3114,0.868
Emc8,Emc8,1527.4324,-0.0925,0.0583,-1.5856,0.1128,0.7736
Emc9,Emc9,242.654,0.0474,0.1707,0.2776,0.7813,0.97
Emd,Emd,2512.7693,-0.0622,0.0957,-0.6493,0.5162,0.9209
Eme1,Eme1,129.208,-0.7251,0.3865,-1.876,0.0606,0.7456
Eme2,Eme2,224.6339,-0.011,0.126,-0.0874,0.9304,0.9917
Emg1,Emg1,1533.7481,0.0156,0.1118,0.1395,0.8891,0.9833
Emid1,Emid1,22.4934,-0.231,0.3095,-0.7463,0.4555,0.9128
Emilin1,Emilin1,1607.3538,-0.1791,0.1658,-1.0805,0.2799,0.8598
Emilin2,Emilin2,4824.1831,0.215,0.2308,0.9316,0.3516,0.8839
Emilin3,Emilin3,3.743,-0.2035,1.0272,-0.1981,0.843,0.9775
Eml1,Eml1,3303.3589,0.0428,0.1294,0.3306,0.741,0.9694
Eml2,Eml2,1070.1659,0.2262,0.1066,2.1221,0.0338,0.732
Eml3,Eml3,792.693,0.1697,0.1604,1.0579,0.2901,0.8606
Eml4,Eml4,1312.8943,-0.2477,0.2003,-1.2368,0.2162,0.8286
Eml5,Eml5,48.7754,-0.3976,0.4061,-0.979,0.3276,0.8756
Eml6,Eml6,33.5067,-0.0912,0.4189,-0.2178,0.8276,0.9767
Emp1,Emp1,23116.2605,-0.067,0.0653,-1.026,0.3049,0.864
Emp2,Emp2,11384.8857,0.1714,0.1043,1.6437,0.1002,0.767
Emp3,Emp3,4370.8904,0.1338,0.129,1.037,0.2997,0.8612
Emx2,Emx2,1.8857,-0.8462,1.186,-0.7135,0.4755,0.9168
Emx2os,Emx2os,0.9388,2.3378,1.9045,1.2275,0.2196,0.8302
En1,En1,1067.1547,0.1335,0.1304,1.0242,0.3057,0.8646
Enah,Enah,6080.8946,-0.2621,0.2415,-1.0856,0.2777,0.8588
Enc1,Enc1,3511.3856,-0.1152,0.1781,-0.6465,0.5179,0.9214
Endod1,Endod1,1439.7216,-0.4793,0.218,-2.1991,0.0279,0.732
Endog,Endog,86.9906,0.0942,0.1586,0.5941,0.5524,0.929
Endou,Endou,5.0193,0.2961,0.6647,0.4454,0.6561,0.9548
Endov,Endov,1333.7488,0.1282,0.1556,0.824,0.4099,0.9033
Eng,Eng,198.6299,-0.1599,0.1457,-1.0976,0.2724,0.8588
Engase,Engase,133.6299,-0.0398,0.1641,-0.2428,0.8081,0.9732
Enho,Enho,720.6671,-0.1363,0.2101,-0.6486,0.5166,0.9209
Enkd1,Enkd1,362.3377,0.1238,0.1235,1.0025,0.3161,0.8701
Enkur,Enkur,40.0593,-0.264,0.2905,-0.9087,0.3635,0.8873
Eno1,Eno1,1.5667,-0.3888,1.1038,-0.3522,0.7247,0.9689
Eno1b,Eno1b,12199.8159,0.1274,0.2862,0.4453,0.6561,0.9548
Eno2,Eno2,2349.5212,0.8232,0.3397,2.4232,0.0154,0.732
Eno3,Eno3,19594.646,-0.2829,0.2649,-1.0682,0.2854,0.8606
Eno4,Eno4,10.1539,0.4653,0.4519,1.0297,0.3031,0.8623
Enoph1,Enoph1,496.6565,-0.0785,0.1375,-0.5712,0.5679,0.9312
Enox1,Enox1,252.997,-0.4351,0.2411,-1.8045,0.0712,0.7515
Enox2,Enox2,335.3116,0.0451,0.1606,0.2806,0.779,0.97
Enpep,Enpep,111.7821,0.0812,0.2291,0.3543,0.7231,0.9688
Enpp1,Enpp1,4889.9071,-0.17,0.0974,-1.7453,0.0809,0.7572
Enpp2,Enpp2,1620.9457,0.9836,0.2668,3.687,0.0002,0.3039
Enpp3,Enpp3,736.297,-0.068,0.0874,-0.7781,0.4365,0.9098
Enpp4,Enpp4,1023.7018,0.0349,0.166,0.21,0.8336,0.9774
Enpp5,Enpp5,855.6864,0.241,0.1066,2.2594,0.0239,0.732
Enpp6,Enpp6,1.7968,-0.8482,1.2136,-0.6988,0.4846,0.9168
Ensa,Ensa,5963.1865,0.0501,0.0592,0.846,0.3976,0.8991
Enthd2,Enthd2,562.6715,0.1245,0.0909,1.3697,0.1708,0.8064
Entpd1,Entpd1,5.6519,1.1556,0.684,1.6895,0.0911,0.7643
Entpd2,Entpd2,53.13,0.6605,0.3316,1.9917,0.0464,0.7364
Entpd3,Entpd3,50.2696,0.7593,0.2786,2.7253,0.0064,0.732
Entpd4,Entpd4,83.0296,-0.0322,0.1785,-0.1802,0.857,0.9796
Entpd5,Entpd5,1592.4694,0.1724,0.0924,1.8666,0.062,0.7456
Entpd6,Entpd6,238.2004,-0.0468,0.1207,-0.3879,0.6981,0.9634
Entpd7,Entpd7,469.4391,-0.042,0.098,-0.4283,0.6684,0.9568
Eny2,Eny2,2069.9365,-0.1941,0.1079,-1.7981,0.0722,0.752
Eogt,Eogt,618.6097,-0.2524,0.1464,-1.724,0.0847,0.7604
Eomes,Eomes,2.905,-0.3902,1.1442,-0.3411,0.7331,0.9694
Ep300,Ep300,2881.6031,-0.0381,0.1369,-0.2781,0.7809,0.97
Ep400,Ep400,3349.9991,-0.0274,0.0859,-0.3189,0.7498,0.9694
Epas1,Epas1,21.7616,0.4331,0.4045,1.0708,0.2842,0.8606
Epb4.1,Epb4.1,369.1884,0.2239,0.1449,1.5447,0.1224,0.7753
Epb4.1l1,Epb4.1l1,2669.7883,0.1876,0.1496,1.2542,0.2098,0.8265
Epb4.1l2,Epb4.1l2,7333.268,-0.343,0.1542,-2.2242,0.0261,0.732
Epb4.1l3,Epb4.1l3,5901.3457,0.0444,0.1046,0.4241,0.6715,0.9578
Epb4.1l4a,Epb4.1l4a,1393.9008,0.1587,0.1198,1.325,0.1852,0.8161
Epb4.1l4aos,Epb4.1l4aos,96.2605,0.2091,0.2471,0.8464,0.3973,0.8991
Epb4.1l4b,Epb4.1l4b,25.5948,0.5171,0.3125,1.6545,0.098,0.7669
Epb4.1l5,Epb4.1l5,339.2821,-0.1283,0.1966,-0.6525,0.5141,0.9199
Epb4.2,Epb4.2,0.4225,-1.1848,2.005,-0.5909,0.5546,0.929
Epc1,Epc1,1040.781,-0.0028,0.1202,-0.023,0.9817,1
Epc2,Epc2,800.5139,-0.1668,0.237,-0.7039,0.4815,0.9168
Epcam,Epcam,0.6247,0.4618,1.7414,0.2652,0.7909,0.97
Epdr1,Epdr1,4307.1332,0.1297,0.1135,1.1431,0.253,0.8453
Epg5,Epg5,1871.0197,0.256,0.1614,1.5859,0.1128,0.7736
Epgn,Epgn,10.1779,-0.3079,0.502,-0.6134,0.5396,0.9281
Epha1,Epha1,940.7197,0.1488,0.1294,1.1496,0.2503,0.8443
Epha2,Epha2,3656.5168,0.0965,0.1272,0.7584,0.4482,0.912
Epha3,Epha3,7.6225,-0.1636,0.8358,-0.1957,0.8448,0.9776
Epha4,Epha4,391.876,0.2175,0.1875,1.16,0.2461,0.8423
Epha7,Epha7,109.7998,0.122,0.2093,0.5828,0.56,0.9294
Ephb1,Ephb1,6.7082,-0.6444,0.5511,-1.1694,0.2422,0.8407
Ephb2,Ephb2,1808.7431,-0.0489,0.0961,-0.5088,0.6109,0.9418
Ephb3,Ephb3,2349.0109,-0.1279,0.1459,-0.8767,0.3806,0.8935
Ephb4,Ephb4,2653.0792,0.16,0.1486,1.0763,0.2818,0.8606
Ephb6,Ephb6,6355.8406,0.574,0.2288,2.5081,0.0121,0.732
Ephx1,Ephx1,9549.6016,0.5853,0.2815,2.0795,0.0376,0.732
Ephx2,Ephx2,41.702,-0.1348,0.2384,-0.5655,0.5717,0.9323
Ephx3,Ephx3,3.8781,0.6369,0.7311,0.8712,0.3836,0.8935
Ephx4,Ephx4,3.1265,0.0035,0.8043,0.0044,0.9965,1
Epm2a,Epm2a,75.8416,0.4179,0.266,1.5708,0.1162,0.7753
Epm2aip1,Epm2aip1,1995.405,-0.1467,0.2378,-0.6172,0.5371,0.9274
Epn1,Epn1,3020.0126,0.2129,0.1898,1.1218,0.2619,0.853
Epn2,Epn2,2930.2986,-0.0086,0.0758,-0.114,0.9093,0.987
Epn3,Epn3,43.683,-0.7915,0.3461,-2.2868,0.0222,0.732
Epor,Epor,96.3144,-0.1986,0.3347,-0.5934,0.5529,0.929
Eppk1,Eppk1,42.8476,0.3818,0.2226,1.7149,0.0864,0.7637
Eprs,Eprs,8163.0404,-0.0428,0.1546,-0.277,0.7818,0.97
Eps15,Eps15,2438.4946,-0.1347,0.1916,-0.7029,0.4821,0.9168
Eps15l1,Eps15l1,1715.9058,0.024,0.0572,0.419,0.6752,0.9598
Eps8,Eps8,3829.9046,0.4138,0.2476,1.6712,0.0947,0.7643
Eps8l1,Eps8l1,3.8808,-0.1872,0.7107,-0.2633,0.7923,0.9702
Eps8l2,Eps8l2,201.981,0.202,0.1669,1.2105,0.2261,0.8321
Epsti1,Epsti1,1.6807,-0.2419,1.0441,-0.2317,0.8168,0.975
Ept1,Ept1,2617.938,0.0307,0.1454,0.2115,0.8325,0.9774
Eqtn,Eqtn,0.834,0.2556,1.6073,0.159,0.8737,0.9819
Eral1,Eral1,862.9539,0.0113,0.0832,0.1354,0.8923,0.9841
Erap1,Erap1,732.5338,-0.1336,0.1308,-1.0214,0.3071,0.8653
Erbb2,Erbb2,2734.6425,0.1264,0.0804,1.5718,0.116,0.7753
Erbb2ip,Erbb2ip,3109.8718,0.0718,0.1907,0.3765,0.7066,0.9654
Erbb3,Erbb3,1408.9602,-0.1613,0.2398,-0.6727,0.5011,0.9186
Erc1,Erc1,2249.7989,-0.1918,0.1229,-1.5608,0.1186,0.7753
Erc2,Erc2,3.0244,0.0988,0.8706,0.1135,0.9097,0.987
Ercc1,Ercc1,884.9302,0.0134,0.1034,0.1293,0.8971,0.9854
Ercc2,Ercc2,256.0542,0.0074,0.1085,0.068,0.9458,0.9934
Ercc3,Ercc3,2348.8303,0.0826,0.1098,0.752,0.452,0.9121
Ercc4,Ercc4,746.6122,0.051,0.0854,0.5972,0.5504,0.929
Ercc5,Ercc5,1134.3636,-0.1063,0.1302,-0.8167,0.4141,0.9033
Ercc6,Ercc6,777.3686,-0.1871,0.2099,-0.8915,0.3727,0.893
Ercc6l,Ercc6l,412.3197,-0.7835,0.34,-2.3042,0.0212,0.732
Ercc6l2,Ercc6l2,789.1816,-0.0774,0.1774,-0.4362,0.6627,0.9555
Ercc8,Ercc8,289.7256,-0.0264,0.1131,-0.2338,0.8151,0.9748
Erdr1,Erdr1,190.6098,-0.3802,0.3321,-1.1449,0.2523,0.8452
Ereg,Ereg,766.8171,0.1358,0.2625,0.5173,0.6049,0.941
Erf,Erf,1538.3466,0.0508,0.1003,0.5068,0.6123,0.942
Erg,Erg,0.4139,-0.7723,2.4834,-0.311,0.7558,0.9694
Ergic1,Ergic1,6874.3028,0.1158,0.0775,1.4944,0.1351,0.7827
Ergic2,Ergic2,1646.632,-0.1836,0.1479,-1.2413,0.2145,0.8265
Ergic3,Ergic3,6523.4136,0.2838,0.1443,1.9663,0.0493,0.7364
Erh,Erh,3884.7485,-0.1127,0.1003,-1.124,0.261,0.8526
Eri1,Eri1,2045.6497,-0.2319,0.1215,-1.9077,0.0564,0.7377
Eri2,Eri2,254.9058,-0.4306,0.2009,-2.1431,0.0321,0.732
Eri3,Eri3,3249.3105,0.082,0.0849,0.966,0.334,0.8778
Erich1,Erich1,320.7696,0.0099,0.111,0.0896,0.9286,0.9914
Erich2,Erich2,18.7204,1.0517,0.8888,1.1833,0.2367,0.8369
Erich5,Erich5,0.6229,0.4382,1.9611,0.2234,0.8232,0.9766
Erich6,Erich6,17.88,-0.1717,0.4546,-0.3777,0.7056,0.965
Erlec1,Erlec1,2250.8297,0.0174,0.0756,0.2299,0.8182,0.9753
Erlin1,Erlin1,1655.2339,-0.0259,0.1075,-0.2413,0.8093,0.9734
Erlin2,Erlin2,2840.638,0.0941,0.0836,1.126,0.2602,0.8517
Ermap,Ermap,7.1578,-0.2176,0.5947,-0.3659,0.7144,0.9662
Ermard,Ermard,253.0842,-0.07,0.1059,-0.6615,0.5083,0.919
Ermp1,Ermp1,1230.8975,-0.2773,0.1481,-1.8721,0.0612,0.7456
Ern1,Ern1,705.643,0.2291,0.195,1.1748,0.2401,0.84
Ero1l,Ero1l,3875.2823,1.0067,0.4752,2.1183,0.0341,0.732
Ero1lb,Ero1lb,383.1406,0.3721,0.1687,2.2059,0.0274,0.732
Erp27,Erp27,6.9106,0.3089,0.6063,0.5095,0.6104,0.9417
Erp29,Erp29,2980.2873,0.0449,0.0947,0.4746,0.6351,0.948
Erp44,Erp44,3954.8549,0.0037,0.0684,0.0541,0.9569,0.9957
Errfi1,Errfi1,4951.4901,-0.4828,0.1972,-2.448,0.0144,0.732
Erv3,Erv3,58.7243,1.2949,0.6003,2.157,0.031,0.732
Esam,Esam,3.0353,-0.1037,0.8778,-0.1181,0.906,0.9867
Esco1,Esco1,358.4941,0.1026,0.1561,0.6574,0.5109,0.9195
Esco2,Esco2,216.6074,-0.9204,0.4964,-1.854,0.0637,0.7457
Esd,Esd,15805.0964,0.6317,0.3434,1.8395,0.0658,0.7457
Esf1,Esf1,329.4737,0.1867,0.1261,1.4806,0.1387,0.7893
Esm1,Esm1,9.1404,0.6446,0.5713,1.1283,0.2592,0.8499
Espl1,Espl1,872.4488,-0.7806,0.3558,-2.194,0.0282,0.732
Espn,Espn,14.7758,0.0149,0.4404,0.0338,0.973,0.999
Espnl,Espnl,6.9357,0.0528,0.7809,0.0676,0.9461,0.9934
Esr1,Esr1,525.4649,-0.7137,0.4224,-1.6895,0.0911,0.7643
Esr2,Esr2,2.8114,0.3317,1.2512,0.2651,0.7909,0.97
Esrp2,Esrp2,3.8869,-0.1908,0.7127,-0.2677,0.7889,0.97
Esrra,Esrra,1286.0213,0.0365,0.0822,0.4438,0.6572,0.9548
Esrrb,Esrrb,21.3608,-0.2551,0.6299,-0.4049,0.6855,0.9623
Esrrg,Esrrg,1.048,-0.4101,1.3871,-0.2956,0.7675,0.97
Esx1,Esx1,1.4704,-0.3047,1.3065,-0.2333,0.8156,0.975
Esyt1,Esyt1,6753.4906,-0.0062,0.1319,-0.0468,0.9627,0.997
Esyt2,Esyt2,5396.6966,-0.2814,0.1947,-1.4454,0.1484,0.7958
Esyt3,Esyt3,14.1442,-0.2555,0.4551,-0.5615,0.5745,0.9328
Etaa1,Etaa1,250.48,-0.1714,0.2334,-0.7345,0.4626,0.9152
Etaa1os,Etaa1os,2.8222,-0.2005,0.8691,-0.2307,0.8176,0.975
Etf1,Etf1,9927.599,-0.1429,0.1106,-1.2921,0.1963,0.8209
Etfa,Etfa,4328.3395,-0.1363,0.1096,-1.2442,0.2134,0.8265
Etfb,Etfb,1805.0672,-0.1623,0.144,-1.1273,0.2596,0.8507
Etfdh,Etfdh,2759.0343,0.0107,0.0901,0.1184,0.9057,0.9867
Ethe1,Ethe1,583.3113,0.2058,0.1737,1.1846,0.2362,0.8369
Etl4,Etl4,964.6099,0.0473,0.2075,0.2279,0.8197,0.9758
Etnk1,Etnk1,2290.1205,-0.083,0.17,-0.4884,0.6253,0.9451
Etnk2,Etnk2,0.525,0.4908,2.3785,0.2064,0.8365,0.9774
Etnppl,Etnppl,1.7846,0.1874,1.0964,0.1709,0.8643,0.9808
Etohd2,Etohd2,42.2715,0.1184,0.2611,0.4535,0.6502,0.9543
Etohi1,Etohi1,151.0236,0.0674,0.1511,0.4459,0.6557,0.9548
Ets1,Ets1,1777.4835,-0.2647,0.0877,-3.0204,0.0025,0.732
Ets2,Ets2,9528.441,0.0471,0.0553,0.8514,0.3945,0.8987
Etv1,Etv1,293.6444,0.1357,0.1854,0.732,0.4642,0.9157
Etv3,Etv3,1141.4996,0.0517,0.1039,0.4978,0.6186,0.9433
Etv4,Etv4,529.6569,0.0512,0.207,0.2475,0.8045,0.9724
Etv5,Etv5,796.7016,0.5405,0.2845,1.8995,0.0575,0.7377
Etv6,Etv6,1483.2462,-0.1749,0.0859,-2.0357,0.0418,0.732
EU599041,EU599041,0.5249,-0.4746,2.4358,-0.1948,0.8455,0.9776
Eva1a,Eva1a,45.5718,-0.6771,0.4376,-1.5474,0.1218,0.7753
Eva1b,Eva1b,469.4491,0.1431,0.1076,1.3299,0.1835,0.8131
Eva1c,Eva1c,496.9629,0.19,0.2158,0.8804,0.3786,0.8935
Evc,Evc,1405.3973,0.0239,0.0924,0.2589,0.7957,0.9712
Evc2,Evc2,1269.7281,0.1516,0.1181,1.2831,0.1995,0.8249
Evi2a,Evi2a,991.7197,0.4282,0.2102,2.0367,0.0417,0.732
Evi5,Evi5,1444.3314,0.0688,0.1952,0.3524,0.7245,0.9689
Evi5l,Evi5l,346.6392,-0.0158,0.0986,-0.1601,0.8728,0.9819
Evl,Evl,1290.5466,0.264,0.2239,1.1788,0.2385,0.8392
Evpl,Evpl,8.5847,0.1948,0.5027,0.3875,0.6984,0.9635
Ewsr1,Ewsr1,8536.223,-0.0975,0.0923,-1.0562,0.2909,0.8606
Exd1,Exd1,39.8899,0.2643,0.2779,0.9512,0.3415,0.879
Exd2,Exd2,1040.5659,0.1776,0.0908,1.9557,0.0505,0.7364
Exo1,Exo1,282.9773,-0.9486,0.4271,-2.2209,0.0264,0.732
Exo5,Exo5,552.5852,0.0482,0.11,0.4385,0.661,0.955
Exoc1,Exoc1,1845.0074,-0.0215,0.0847,-0.2536,0.7998,0.9719
Exoc2,Exoc2,2084.3131,0.0017,0.0829,0.0203,0.9838,1
Exoc3,Exoc3,2523.4604,-0.0178,0.0579,-0.3076,0.7584,0.9694
Exoc3l,Exoc3l,561.9183,0.0381,0.1787,0.2134,0.831,0.9774
Exoc3l4,Exoc3l4,253.9819,0.0237,0.152,0.1558,0.8762,0.9819
Exoc4,Exoc4,2801.6747,-0.207,0.152,-1.3621,0.1732,0.8072
Exoc5,Exoc5,1874.1198,-0.0716,0.2201,-0.3253,0.7449,0.9694
Exoc6,Exoc6,433.1231,-0.2308,0.2229,-1.0357,0.3003,0.8612
Exoc6b,Exoc6b,1763.0916,0.1461,0.1234,1.1835,0.2366,0.8369
Exoc7,Exoc7,2382.6353,0.0509,0.0755,0.6745,0.5,0.9181
Exoc8,Exoc8,819.2252,-0.0734,0.0711,-1.0323,0.3019,0.8615
Exog,Exog,427.4291,-0.1265,0.1034,-1.2231,0.2213,0.8307
Exosc1,Exosc1,866.1,0.0023,0.1466,0.0157,0.9875,1
Exosc10,Exosc10,2120.6105,-0.0625,0.0606,-1.0318,0.3022,0.8615
Exosc2,Exosc2,997.5408,-0.1371,0.0978,-1.4018,0.161,0.8037
Exosc3,Exosc3,655.3151,-0.0033,0.0902,-0.0365,0.9709,0.999
Exosc4,Exosc4,1190.102,0.0157,0.0754,0.2085,0.8349,0.9774
Exosc5,Exosc5,445.6985,0.0264,0.1029,0.2563,0.7977,0.9715
Exosc6,Exosc6,334.1911,-0.1063,0.1372,-0.7748,0.4385,0.9104
Exosc7,Exosc7,673.3086,-0.041,0.1216,-0.3371,0.736,0.9694
Exosc8,Exosc8,865.3237,-0.2104,0.1008,-2.086,0.037,0.732
Exosc9,Exosc9,1159.0998,-0.1412,0.1021,-1.3827,0.1668,0.8041
Exph5,Exph5,0.6334,-1.8838,1.8037,-1.0444,0.2963,0.8607
Ext1,Ext1,11350.3808,0.131,0.1171,1.1187,0.2633,0.8538
Ext2,Ext2,6628.7904,0.0795,0.0766,1.0375,0.2995,0.8612
Extl1,Extl1,104.9484,0.338,0.1648,2.0515,0.0402,0.732
Extl2,Extl2,1711.0072,-0.0042,0.1047,-0.0397,0.9683,0.9988
Extl3,Extl3,6135.123,0.0896,0.0827,1.0842,0.2783,0.8588
Eya1,Eya1,687.7727,0.428,0.2136,2.0035,0.0451,0.7364
Eya2,Eya2,0.9492,-1.683,1.4959,-1.125,0.2606,0.8523
Eya3,Eya3,2170.0446,0.0316,0.0694,0.4557,0.6486,0.9539
Eya4,Eya4,1130.8417,-0.1229,0.1742,-0.7055,0.4805,0.9168
Ezh1,Ezh1,2805.9414,0.1742,0.1129,1.5427,0.1229,0.7753
Ezh2,Ezh2,1228.3412,-0.5711,0.2221,-2.5712,0.0101,0.732
Ezr,Ezr,4698.5412,0.2881,0.1758,1.6394,0.1011,0.7679
F11r,F11r,1331.4238,0.4192,0.1546,2.711,0.0067,0.732
F12,F12,1.0431,-0.7033,1.3402,-0.5247,0.5998,0.9406
F13a1,F13a1,37.8819,0.87,0.5967,1.458,0.1449,0.7928
F2,F2,94.8304,-0.432,0.3531,-1.2236,0.2211,0.8307
F2r,F2r,6944.9475,-0.0925,0.1128,-0.8195,0.4125,0.9033
F2rl1,F2rl1,21.4322,-0.3885,0.3678,-1.0563,0.2908,0.8606
F2rl2,F2rl2,14.5278,-1.204,0.6033,-1.9956,0.046,0.7364
F2rl3,F2rl3,16.8298,-0.1125,0.3604,-0.312,0.755,0.9694
F3,F3,1491.1509,0.4741,0.3336,1.4212,0.1552,0.8007
F420014N23Rik,F420014N23Rik,39.1827,-0.0686,0.279,-0.246,0.8057,0.9725
F5,F5,25.8926,0.3345,0.5948,0.5624,0.5739,0.9327
F630042J09Rik,F630042J09Rik,19.158,-0.013,0.316,-0.0411,0.9672,0.9986
F7,F7,43.7364,1.155,0.4883,2.3653,0.018,0.732
F730043M19Rik,F730043M19Rik,181.8751,-0.2084,0.1757,-1.1862,0.2355,0.8369
F8,F8,20.1657,-0.106,0.3944,-0.2687,0.7881,0.97
F830016B08Rik,F830016B08Rik,2.4152,-0.7989,1.1688,-0.6835,0.4943,0.9181
F8a,F8a,114.3603,0.2015,0.2214,0.9102,0.3627,0.8873
F930015N05Rik,F930015N05Rik,20.411,-0.1717,0.3391,-0.5063,0.6126,0.942
Faah,Faah,9.8211,-0.0998,0.5795,-0.1722,0.8633,0.9807
Faap100,Faap100,676.3995,0.0039,0.0876,0.0441,0.9648,0.9978
Faap20,Faap20,580.2875,-0.016,0.1114,-0.1433,0.886,0.9833
Faap24,Faap24,218.5556,-0.081,0.1493,-0.5425,0.5874,0.9355
Fabp1,Fabp1,0.632,1.8896,1.8029,1.0481,0.2946,0.8606
Fabp3,Fabp3,343.3472,-0.1796,0.2376,-0.7559,0.4497,0.912
Fabp4,Fabp4,46.435,1.3006,1.2397,1.0492,0.2941,0.8606
Fabp5,Fabp5,611.7269,0.0585,0.251,0.2332,0.8156,0.975
Fabp7,Fabp7,1.6726,-1.396,1.1479,-1.216,0.224,0.831
Fadd,Fadd,373.0554,0.0859,0.1677,0.5119,0.6087,0.9416
Fads1,Fads1,4623.4,0.2212,0.1176,1.882,0.0598,0.7456
Fads2,Fads2,2148.6528,0.1244,0.1558,0.7981,0.4248,0.9063
Fads3,Fads3,8451.5791,0.1263,0.0569,2.2211,0.0263,0.732
Fads6,Fads6,34.8796,0.0717,0.3338,0.2148,0.83,0.9774
Faf1,Faf1,2863.5141,0.0555,0.0776,0.7147,0.4748,0.9168
Faf2,Faf2,3867.6744,0.0618,0.0724,0.8545,0.3928,0.8986
Fah,Fah,1511.4269,0.0894,0.1272,0.7033,0.4819,0.9168
Fahd1,Fahd1,173.8221,0.2434,0.1758,1.3847,0.1662,0.8037
Fahd2a,Fahd2a,262.4221,0.0892,0.1248,0.7146,0.4749,0.9168
Faim,Faim,522.8641,0.1501,0.1463,1.0259,0.3049,0.864
Faim2,Faim2,8.1721,-0.4544,0.4591,-0.9898,0.3223,0.8731
Fam101a,Fam101a,1.8894,-0.218,1.0072,-0.2164,0.8286,0.9769
Fam101b,Fam101b,2252.2736,-0.7166,0.3675,-1.9499,0.0512,0.7364
Fam102a,Fam102a,1174.6338,0.0493,0.1221,0.4037,0.6865,0.9623
Fam102b,Fam102b,2477.8806,0.0534,0.1291,0.4135,0.6792,0.9611
Fam103a1,Fam103a1,873.6538,0.0132,0.1812,0.073,0.9418,0.9925
Fam104a,Fam104a,1520.3233,0.0096,0.116,0.0825,0.9342,0.9923
Fam105a,Fam105a,37.8523,-0.4811,0.3849,-1.25,0.2113,0.8265
Fam107a,Fam107a,335.6472,-0.1896,0.2634,-0.7199,0.4716,0.9168
Fam107b,Fam107b,1620.7805,-0.4193,0.1866,-2.2473,0.0246,0.732
Fam109a,Fam109a,567.027,0.1149,0.1005,1.1437,0.2528,0.8453
Fam109b,Fam109b,2.8371,-0.6987,0.9281,-0.7529,0.4515,0.9121
Fam110a,Fam110a,950.5767,-0.355,0.1997,-1.7772,0.0755,0.7548
Fam110b,Fam110b,167.5805,0.0225,0.1373,0.1636,0.87,0.9818
Fam110c,Fam110c,380.6108,1.1492,0.9963,1.1534,0.2487,0.8438
Fam111a,Fam111a,1470.9699,-0.2912,0.1771,-1.6448,0.1,0.7669
Fam114a1,Fam114a1,6685.3814,-0.1859,0.0955,-1.9468,0.0516,0.7364
Fam114a2,Fam114a2,2580.7977,0.095,0.085,1.1181,0.2635,0.8538
Fam117a,Fam117a,669.1639,0.0799,0.1058,0.7553,0.4501,0.912
Fam117b,Fam117b,1695.4944,0.1565,0.1325,1.1815,0.2374,0.8378
Fam118a,Fam118a,1778.8068,0.114,0.1053,1.083,0.2788,0.8588
Fam118b,Fam118b,1134.8246,0.1617,0.1288,1.2554,0.2093,0.8265
Fam120a,Fam120a,10442.1612,-0.1694,0.1051,-1.6122,0.1069,0.7713
Fam120aos,Fam120aos,153.9992,0.2083,0.2123,0.9812,0.3265,0.8749
Fam120b,Fam120b,2177.5726,0.0342,0.0728,0.4696,0.6386,0.9489
Fam120c,Fam120c,832.9671,-0.1015,0.2097,-0.484,0.6284,0.9451
Fam122a,Fam122a,399.9354,0.0234,0.1099,0.2131,0.8312,0.9774
Fam122b,Fam122b,239.7195,-0.412,0.215,-1.9162,0.0553,0.7377
Fam124a,Fam124a,11.289,0.3482,0.5292,0.658,0.5106,0.9195
Fam124b,Fam124b,3.3672,-0.3685,0.8219,-0.4484,0.6539,0.9548
Fam126a,Fam126a,1787.8407,-0.2038,0.1512,-1.3482,0.1776,0.812
Fam126b,Fam126b,238.925,0.1666,0.2175,0.7661,0.4436,0.9118
Fam129a,Fam129a,183.4371,0.1011,0.1438,0.7032,0.482,0.9168
Fam129b,Fam129b,17274.9444,0.0819,0.0917,0.8932,0.3718,0.893
Fam129c,Fam129c,89.3578,0.1755,0.1777,0.9877,0.3233,0.8734
Fam131a,Fam131a,44.6241,-0.2885,0.3505,-0.8232,0.4104,0.9033
Fam131b,Fam131b,984.6525,0.0267,0.2275,0.1173,0.9066,0.987
Fam131c,Fam131c,43.5366,0.2401,0.2724,0.8812,0.3782,0.8935
Fam132a,Fam132a,527.9497,0.0763,0.1562,0.4885,0.6252,0.9451
Fam132b,Fam132b,877.6392,-0.8532,0.4161,-2.0504,0.0403,0.732
Fam133b,Fam133b,708.4868,-0.2342,0.1347,-1.7382,0.0822,0.7572
Fam134a,Fam134a,3103.6236,0.367,0.194,1.8914,0.0586,0.7418
Fam134b,Fam134b,5055.4125,0.0787,0.1183,0.6654,0.5058,0.9188
Fam134c,Fam134c,2496.5765,0.0458,0.068,0.6728,0.5011,0.9186
Fam135a,Fam135a,1106.2677,-0.0531,0.2453,-0.2163,0.8288,0.9769
Fam136a,Fam136a,1124.2781,-0.0023,0.0832,-0.0272,0.9783,0.9995
Fam13a,Fam13a,60.7277,-0.4681,0.2675,-1.7498,0.0802,0.7572
Fam13b,Fam13b,1125.7213,-0.0145,0.1904,-0.0759,0.9395,0.9923
Fam13c,Fam13c,738.8831,0.0788,0.1383,0.5696,0.569,0.9313
Fam149a,Fam149a,976.9147,-0.0915,0.0716,-1.2786,0.201,0.8261
Fam149b,Fam149b,1127.2396,0.0029,0.0567,0.0511,0.9593,0.9968
Fam150a,Fam150a,12.7651,-0.5205,0.4656,-1.118,0.2636,0.8538
Fam151b,Fam151b,59.4862,0.0534,0.2145,0.2489,0.8034,0.9719
Fam159a,Fam159a,0.7265,0.5949,1.7433,0.3413,0.7329,0.9694
Fam160a1,Fam160a1,1527.1998,0.1279,0.0574,2.2305,0.0257,0.732
Fam160a2,Fam160a2,845.5051,-0.0589,0.0662,-0.8891,0.374,0.893
Fam160b1,Fam160b1,1818.5208,-0.0315,0.08,-0.3939,0.6937,0.9623
Fam160b2,Fam160b2,712.1065,-0.0387,0.0766,-0.5058,0.613,0.9422
Fam161a,Fam161a,78.0717,-0.1617,0.1632,-0.9903,0.322,0.873
Fam161b,Fam161b,111.7787,0.0031,0.1564,0.0197,0.9843,1
Fam162a,Fam162a,5817.645,0.2102,0.1888,1.1136,0.2654,0.8547
Fam163b,Fam163b,0.6334,-1.8838,1.8037,-1.0444,0.2963,0.8607
Fam166a,Fam166a,0.7346,1.0315,1.6788,0.6144,0.539,0.9277
Fam166b,Fam166b,0.7383,-0.3789,1.6005,-0.2367,0.8129,0.9744
Fam167a,Fam167a,966.8452,-0.149,0.176,-0.8468,0.3971,0.8991
Fam167b,Fam167b,7.8505,0.2449,0.5681,0.4311,0.6664,0.9566
Fam168a,Fam168a,4370.8039,-0.0686,0.0906,-0.7573,0.4488,0.912
Fam168b,Fam168b,6596.4311,-0.0338,0.0473,-0.7135,0.4755,0.9168
Fam169a,Fam169a,14.8811,0.3187,0.4122,0.7732,0.4394,0.9109
Fam169b,Fam169b,29.8857,-0.3957,0.4778,-0.8282,0.4075,0.9033
Fam171a1,Fam171a1,1614.5886,-0.0343,0.0612,-0.5594,0.5759,0.9337
Fam171a2,Fam171a2,2584.9723,-0.1245,0.1969,-0.6325,0.5271,0.923
Fam171b,Fam171b,46.4625,-0.0972,0.3022,-0.3215,0.7478,0.9694
Fam172a,Fam172a,1500.689,-0.0533,0.1259,-0.4238,0.6717,0.9578
Fam173a,Fam173a,875.3521,0.2095,0.1105,1.8955,0.058,0.7409
Fam173b,Fam173b,614.4373,0.003,0.0959,0.0315,0.9749,0.9992
Fam174a,Fam174a,1106.1611,0.1695,0.1377,1.2316,0.2181,0.8301
Fam175a,Fam175a,578.7958,-0.0247,0.094,-0.2623,0.7931,0.9703
Fam175b,Fam175b,1791.4521,-0.0917,0.1202,-0.7629,0.4455,0.912
Fam178a,Fam178a,2331.2278,-0.1489,0.2054,-0.7247,0.4686,0.9168
Fam178b,Fam178b,15.824,-0.4048,0.4224,-0.9584,0.3378,0.879
Fam179a,Fam179a,4.9285,0.4809,0.7059,0.6813,0.4957,0.9181
Fam179b,Fam179b,1023.7271,-0.0145,0.2142,-0.0679,0.9459,0.9934
Fam180a,Fam180a,106.0372,-0.0848,0.3033,-0.2796,0.7798,0.97
Fam181b,Fam181b,43.6335,0.7274,0.6257,1.1625,0.245,0.8421
Fam184b,Fam184b,1.4615,-0.1619,1.1817,-0.137,0.891,0.9839
Fam185a,Fam185a,401.0448,-0.1015,0.1349,-0.7527,0.4516,0.9121
Fam186b,Fam186b,4.2686,0.5259,1.005,0.5233,0.6007,0.9406
Fam187a,Fam187a,1.7859,0.3408,1.171,0.291,0.771,0.97
Fam187b,Fam187b,0.3176,-0.6877,2.5704,-0.2675,0.789,0.97
Fam188a,Fam188a,1356.1687,-0.1329,0.0839,-1.5848,0.113,0.7736
Fam188b,Fam188b,423.6972,0.2254,0.1276,1.7661,0.0774,0.7572
Fam189a1,Fam189a1,19.055,-0.1253,0.3712,-0.3375,0.7357,0.9694
Fam189a2,Fam189a2,134.7309,0.0703,0.181,0.3882,0.6979,0.9633
Fam189b,Fam189b,1655.7331,0.2913,0.1279,2.2773,0.0228,0.732
Fam192a,Fam192a,3188.2985,0.0762,0.1175,0.6483,0.5168,0.9209
Fam193a,Fam193a,1555.4366,-0.0719,0.0534,-1.347,0.178,0.8123
Fam193b,Fam193b,1267.0556,0.0568,0.0921,0.6167,0.5374,0.9274
Fam195a,Fam195a,171.0585,0.0256,0.1542,0.1658,0.8683,0.9818
Fam195b,Fam195b,3177.6044,0.157,0.1132,1.3866,0.1656,0.8037
Fam196a,Fam196a,4.4741,-0.3379,0.9889,-0.3417,0.7326,0.9694
Fam198a,Fam198a,21.6925,-0.9068,0.5621,-1.6133,0.1067,0.7713
Fam198b,Fam198b,370.0272,-0.7306,0.4303,-1.6979,0.0895,0.764
Fam199x,Fam199x,220.1947,-0.0188,0.3383,-0.0554,0.9558,0.9953
Fam19a1,Fam19a1,1.6685,0.6277,1.2117,0.518,0.6044,0.941
Fam19a2,Fam19a2,25.6326,0.4002,0.3108,1.2879,0.1978,0.8225
Fam19a3,Fam19a3,0.931,2.1549,2.2898,0.9411,0.3467,0.8828
Fam19a5,Fam19a5,362.9391,-0.2143,0.1396,-1.5352,0.1247,0.7753
Fam204a,Fam204a,828.5768,-0.121,0.1333,-0.9075,0.3641,0.8876
Fam206a,Fam206a,1371.0573,-0.0039,0.094,-0.0418,0.9667,0.9985
Fam207a,Fam207a,1532.0128,0.0673,0.0818,0.8228,0.4106,0.9033
Fam208a,Fam208a,493.2123,0.0826,0.2117,0.39,0.6966,0.9629
Fam208b,Fam208b,759.5407,0.0264,0.1704,0.1547,0.8771,0.982
Fam209,Fam209,1.6723,-1.0251,1.1515,-0.8902,0.3734,0.893
Fam20a,Fam20a,8562.9998,-0.3542,0.2505,-1.4138,0.1574,0.8015
Fam20b,Fam20b,4382.5635,-0.0722,0.0672,-1.0733,0.2831,0.8606
Fam20c,Fam20c,3906.2753,0.3216,0.1603,2.0061,0.0448,0.7364
Fam21,Fam21,3817.4022,0.1837,0.1141,1.6099,0.1074,0.7715
Fam210a,Fam210a,2530.7539,-0.0154,0.1264,-0.1222,0.9027,0.986
Fam210b,Fam210b,974.4277,-0.0023,0.0898,-0.0261,0.9792,0.9999
Fam212a,Fam212a,43.6554,-0.0451,0.2473,-0.1824,0.8553,0.9796
Fam212b,Fam212b,723.4294,-0.2968,0.1171,-2.5351,0.0112,0.732
Fam213a,Fam213a,149.5202,0.6247,0.2879,2.17,0.03,0.732
Fam213b,Fam213b,3.043,-0.586,0.7908,-0.7411,0.4586,0.9139
Fam214a,Fam214a,666.3737,0.0313,0.1177,0.2659,0.7903,0.97
Fam214b,Fam214b,3020.5749,0.0693,0.0668,1.038,0.2993,0.8612
Fam216a,Fam216a,916.6683,-0.1162,0.0896,-1.2961,0.1949,0.8204
Fam219a,Fam219a,307.853,0.1834,0.1115,1.6449,0.1,0.7669
Fam219aos,Fam219aos,122.6785,0.2608,0.2111,1.2354,0.2167,0.8288
Fam219b,Fam219b,895.8373,0.05,0.1115,0.448,0.6541,0.9548
Fam220a,Fam220a,1424.785,0.1184,0.088,1.346,0.1783,0.8123
Fam221a,Fam221a,96.5821,-0.2129,0.1532,-1.3892,0.1648,0.8037
Fam221b,Fam221b,1.2462,0.1544,1.5674,0.0985,0.9215,0.989
Fam222a,Fam222a,1.8713,0.2904,1.1473,0.2531,0.8002,0.9719
Fam222b,Fam222b,907.3432,-0.059,0.0855,-0.6899,0.4903,0.9181
Fam227a,Fam227a,54.724,0.2629,0.2087,1.2597,0.2078,0.8263
Fam227b,Fam227b,0.7287,-0.1307,1.679,-0.0778,0.938,0.9923
Fam228b,Fam228b,4.8062,0.1162,0.7568,0.1536,0.8779,0.982
Fam229a,Fam229a,0.7288,-0.1305,1.679,-0.0777,0.938,0.9923
Fam229b,Fam229b,100.3978,-0.1819,0.1581,-1.1507,0.2499,0.8443
Fam26d,Fam26d,0.8424,-0.6915,1.574,-0.4393,0.6604,0.9548
Fam26e,Fam26e,75.5219,0.1803,0.1864,0.9671,0.3335,0.8778
Fam26f,Fam26f,2.9208,-0.1816,0.8972,-0.2024,0.8396,0.9775
Fam32a,Fam32a,3352.9854,0.1942,0.1336,1.4539,0.146,0.7928
Fam35a,Fam35a,244.7952,-0.0696,0.1458,-0.4771,0.6333,0.9471
Fam3a,Fam3a,1056.9791,0.0989,0.0928,1.0662,0.2864,0.8606
Fam3c,Fam3c,2293.4906,0.1228,0.1213,1.012,0.3115,0.868
Fam43a,Fam43a,535.6087,-0.0449,0.1726,-0.2599,0.7949,0.9711
Fam43b,Fam43b,1.0456,0.2131,1.3462,0.1583,0.8742,0.9819
Fam45a,Fam45a,1145.2419,-0.1487,0.0984,-1.5108,0.1308,0.7771
Fam46a,Fam46a,508.8835,-0.1587,0.2373,-0.6686,0.5038,0.9188
Fam46b,Fam46b,168.5941,-0.4305,0.2813,-1.5303,0.1259,0.7753
Fam46c,Fam46c,28.2607,0.1565,0.2716,0.5762,0.5645,0.9299
Fam49a,Fam49a,7.8969,-0.2489,0.6297,-0.3953,0.6926,0.9623
Fam49b,Fam49b,2513.5646,-0.2125,0.1709,-1.2438,0.2136,0.8265
Fam50a,Fam50a,1914.1458,0.1763,0.1476,1.1946,0.2322,0.8354
Fam53a,Fam53a,1344.2844,0.044,0.0749,0.5878,0.5566,0.929
Fam53b,Fam53b,1431.2427,-0.069,0.133,-0.5187,0.604,0.941
Fam53c,Fam53c,3261.761,0.0848,0.0618,1.3707,0.1705,0.8059
Fam57a,Fam57a,321.2844,-0.0836,0.1162,-0.719,0.4721,0.9168
Fam57b,Fam57b,5.965,-0.7813,0.587,-1.331,0.1832,0.8131
Fam58b,Fam58b,505.0477,0.1097,0.1424,0.7708,0.4408,0.9112
Fam60a,Fam60a,688.9267,0.1145,0.2419,0.4735,0.6359,0.9487
Fam63a,Fam63a,2286.4576,0.4601,0.2453,1.8754,0.0607,0.7456
Fam63b,Fam63b,1071.073,0.3288,0.2229,1.4747,0.1403,0.7903
Fam64a,Fam64a,1366.4782,-0.7302,0.3636,-2.0083,0.0446,0.7364
Fam65a,Fam65a,2745.7215,-0.0521,0.0933,-0.5586,0.5764,0.9341
Fam65b,Fam65b,103.0668,-0.2277,0.2956,-0.7701,0.4412,0.9115
Fam65c,Fam65c,44.1733,0.3535,0.296,1.194,0.2325,0.8354
Fam69a,Fam69a,1052.1062,-0.1013,0.0906,-1.1185,0.2634,0.8538
Fam69b,Fam69b,452.1417,0.1746,0.1385,1.2603,0.2076,0.8263
Fam71b,Fam71b,17.298,0.1089,0.3561,0.3057,0.7598,0.9699
Fam71d,Fam71d,0.3176,-0.6877,2.5704,-0.2675,0.789,0.97
Fam71e1,Fam71e1,7.3199,0.4391,0.553,0.794,0.4272,0.907
Fam71f1,Fam71f1,26.9275,0.2586,0.3961,0.653,0.5138,0.9199
Fam71f2,Fam71f2,14.7019,0.3482,0.4359,0.7988,0.4244,0.906
Fam72a,Fam72a,74.2556,-0.1769,0.198,-0.8936,0.3716,0.893
Fam73a,Fam73a,58.7438,0.0798,0.2664,0.2997,0.7644,0.97
Fam73b,Fam73b,1030.1827,0.0633,0.1155,0.5484,0.5834,0.9353
Fam76a,Fam76a,2074.3705,0.0961,0.0911,1.0553,0.2913,0.8606
Fam76b,Fam76b,783.4057,-0.0919,0.2075,-0.443,0.6578,0.9548
Fam78a,Fam78a,50.0917,-0.6533,0.6196,-1.0544,0.2917,0.8606
Fam78b,Fam78b,64.344,0.1189,0.2408,0.4937,0.6215,0.9436
Fam81a,Fam81a,15.3886,-0.6068,0.4765,-1.2736,0.2028,0.8262
Fam83a,Fam83a,18.7576,-0.7868,0.5929,-1.327,0.1845,0.8146
Fam83b,Fam83b,20.6328,-0.0601,0.3895,-0.1542,0.8775,0.982
Fam83c,Fam83c,1.467,0.6239,1.556,0.401,0.6884,0.9623
Fam83d,Fam83d,615.5478,-0.7689,0.3366,-2.2843,0.0224,0.732
Fam83e,Fam83e,3.5746,-0.172,0.7122,-0.2416,0.8091,0.9734
Fam83h,Fam83h,955.455,0.0746,0.0723,1.0309,0.3026,0.8619
Fam84a,Fam84a,11.0146,-0.5039,0.5469,-0.9214,0.3569,0.8858
Fam84b,Fam84b,7.0203,0.7971,0.6527,1.2212,0.222,0.8307
Fam89a,Fam89a,12.1122,-0.2465,0.4434,-0.5559,0.5783,0.9346
Fam89b,Fam89b,1983.9974,0.1334,0.0974,1.3698,0.1707,0.8064
Fam8a1,Fam8a1,1021.0771,-0.1272,0.1766,-0.7201,0.4715,0.9168
Fam92a,Fam92a,1384.8941,-0.1122,0.1099,-1.0212,0.3072,0.8653
Fam96a,Fam96a,1954.8964,0.0198,0.0741,0.2668,0.7897,0.97
Fam96b,Fam96b,1228.8987,-0.0477,0.0928,-0.5141,0.6072,0.9411
Fam98a,Fam98a,3199.8503,-0.2214,0.1185,-1.8687,0.0617,0.7456
Fam98b,Fam98b,1957.1967,-0.1563,0.0829,-1.8851,0.0594,0.7456
Fam98c,Fam98c,85.0416,0.3181,0.2559,1.2429,0.2139,0.8265
Fan1,Fan1,233.9846,-0.1989,0.1828,-1.0878,0.2767,0.8588
Fanca,Fanca,158.2549,-0.5939,0.3274,-1.8138,0.0697,0.7507
Fancb,Fancb,152.4335,-0.8191,0.3935,-2.0816,0.0374,0.732
Fancc,Fancc,480.4882,0.0478,0.0943,0.5072,0.612,0.942
Fancd2,Fancd2,279.7065,-0.7646,0.3895,-1.9633,0.0496,0.7364
Fancd2os,Fancd2os,15.5664,-0.6777,0.4871,-1.3914,0.1641,0.8037
Fance,Fance,748.2185,0.0933,0.1344,0.6938,0.4878,0.9171
Fancf,Fancf,164.6835,-0.06,0.1494,-0.4012,0.6882,0.9623
Fancg,Fancg,274.3615,-0.0135,0.1138,-0.119,0.9052,0.9865
Fanci,Fanci,243.8421,-0.6943,0.3042,-2.2821,0.0225,0.732
Fancl,Fancl,262.0085,-0.1265,0.1012,-1.2504,0.2112,0.8265
Fancm,Fancm,323.079,-0.2217,0.2399,-0.9242,0.3554,0.8852
Fank1,Fank1,8.3832,0.1081,0.4757,0.2273,0.8202,0.9758
Fap,Fap,16.4388,0.027,0.4745,0.057,0.9546,0.995
Far1,Far1,2036.6996,-0.1674,0.2516,-0.6652,0.5059,0.9188
Far1os,Far1os,3.3517,-0.0482,0.8735,-0.0552,0.956,0.9954
Far2,Far2,27.916,-0.4409,0.4474,-0.9854,0.3244,0.8736
Farp1,Farp1,4500.5769,0.1334,0.1094,1.2191,0.2228,0.8307
Farp2,Farp2,286.3542,-0.1005,0.1059,-0.9485,0.3429,0.8793
Fars2,Fars2,545.5255,0.1547,0.105,1.474,0.1405,0.7903
Farsa,Farsa,4034.7301,-0.038,0.0887,-0.4281,0.6686,0.9568
Farsb,Farsb,2914.9045,0.026,0.0727,0.3581,0.7203,0.9678
Fas,Fas,903.8224,0.0115,0.0929,0.1234,0.9018,0.986
Fasn,Fasn,9235.0294,0.0757,0.1045,0.724,0.4691,0.9168
Fastk,Fastk,2213.9769,0.1042,0.0802,1.2992,0.1939,0.8197
Fastkd1,Fastkd1,691.3071,-0.0609,0.1372,-0.4441,0.657,0.9548
Fastkd2,Fastkd2,908.1902,0.1352,0.079,1.7109,0.0871,0.764
Fastkd3,Fastkd3,417.8216,0.0207,0.107,0.1936,0.8465,0.9777
Fastkd5,Fastkd5,595.2759,-0.1902,0.1695,-1.1226,0.2616,0.853
Fat1,Fat1,9342.9806,0.4608,0.1708,2.6972,0.007,0.732
Fat2,Fat2,3.4643,0.9511,0.7565,1.2574,0.2086,0.8265
Fat3,Fat3,0.7403,0.3771,1.8728,0.2013,0.8404,0.9775
Fat4,Fat4,428.3844,-0.0706,0.2281,-0.3096,0.7568,0.9694
Fau,Fau,11993.2632,0.2312,0.1881,1.2291,0.219,0.8302
Faxc,Faxc,1260.161,0.1458,0.1354,1.0767,0.2816,0.8606
Fbf1,Fbf1,1826.0516,0.0892,0.0742,1.2024,0.2292,0.8326
Fbl,Fbl,2079.6992,-0.0155,0.1167,-0.1333,0.894,0.9843
Fblim1,Fblim1,2114.381,-0.1171,0.094,-1.2454,0.213,0.8265
Fbln1,Fbln1,9811.4302,0.8576,0.4385,1.9557,0.0505,0.7364
Fbln2,Fbln2,20262.032,0.1142,0.1556,0.734,0.463,0.9152
Fbln5,Fbln5,6831.667,0.2066,0.1017,2.0318,0.0422,0.7364
Fbln7,Fbln7,936.2331,0.0295,0.3168,0.093,0.9259,0.9905
Fbn1,Fbn1,29622.2098,-0.4292,0.2252,-1.906,0.0567,0.7377
Fbp2,Fbp2,3.2304,-0.4748,1.0258,-0.4629,0.6435,0.9514
Fbrs,Fbrs,1178.1465,0.0326,0.0879,0.3708,0.7108,0.9662
Fbrsl1,Fbrsl1,810.3626,0.1827,0.1094,1.6693,0.0951,0.7643
Fbxl12,Fbxl12,305.2286,0.1612,0.1774,0.9088,0.3635,0.8873
Fbxl12os,Fbxl12os,50.2528,0.1046,0.2214,0.4727,0.6364,0.9487
Fbxl13,Fbxl13,28.8158,-0.7108,0.4253,-1.6713,0.0947,0.7643
Fbxl14,Fbxl14,1123.9743,0.0724,0.0969,0.7474,0.4548,0.9127
Fbxl15,Fbxl15,181.633,0.1727,0.1311,1.3174,0.1877,0.8161
Fbxl16,Fbxl16,709.6935,0.0932,0.1009,0.9235,0.3558,0.8852
Fbxl17,Fbxl17,1672.1898,0.0004,0.0597,0.0075,0.994,1
Fbxl18,Fbxl18,208.5421,0.0833,0.1629,0.5113,0.6091,0.9416
Fbxl19,Fbxl19,588.9435,-0.0471,0.084,-0.561,0.5748,0.9329
Fbxl2,Fbxl2,770.9436,0.168,0.0876,1.9176,0.0552,0.7377
Fbxl20,Fbxl20,2597.006,0.3094,0.2151,1.4384,0.1503,0.7968
Fbxl21,Fbxl21,12.5616,0.7955,0.4778,1.6651,0.0959,0.7664
Fbxl22,Fbxl22,173.8972,-0.0247,0.206,-0.1202,0.9044,0.9865
Fbxl3,Fbxl3,2334.3861,0.0345,0.1544,0.2235,0.8231,0.9766
Fbxl4,Fbxl4,744.9598,0.1211,0.0831,1.4571,0.1451,0.7928
Fbxl5,Fbxl5,2341.0384,0.1198,0.114,1.0514,0.2931,0.8606
Fbxl6,Fbxl6,1258.3943,0.0561,0.0704,0.7973,0.4253,0.9065
Fbxl7,Fbxl7,238.645,0.2896,0.1698,1.706,0.088,0.764
Fbxl8,Fbxl8,258.097,0.026,0.1209,0.2155,0.8294,0.9773
Fbxo10,Fbxo10,1231.494,0.0487,0.0616,0.7915,0.4287,0.9077
Fbxo11,Fbxo11,2808.8016,-0.0993,0.166,-0.5978,0.55,0.929
Fbxo15,Fbxo15,4.3801,-0.1171,0.7283,-0.1608,0.8722,0.9819
Fbxo16,Fbxo16,71.4465,0.2016,0.1777,1.1347,0.2565,0.8475
Fbxo17,Fbxo17,593.32,-0.2594,0.1685,-1.5389,0.1238,0.7753
Fbxo18,Fbxo18,2966.9081,0.0284,0.0694,0.4092,0.6824,0.962
Fbxo2,Fbxo2,37.4923,0.0649,0.3302,0.1965,0.8443,0.9775
Fbxo21,Fbxo21,1515.5989,0.1577,0.1002,1.5737,0.1156,0.7753
Fbxo22,Fbxo22,1432.3989,0.0805,0.1166,0.6902,0.4901,0.9181
Fbxo24,Fbxo24,52.1337,0.1496,0.201,0.7442,0.4568,0.9134
Fbxo25,Fbxo25,1191.1704,0.0679,0.081,0.8379,0.4021,0.9026
Fbxo27,Fbxo27,0.4138,-0.7714,2.4833,-0.3106,0.7561,0.9694
Fbxo28,Fbxo28,2197.8226,-0.0086,0.064,-0.1342,0.8933,0.9843
Fbxo3,Fbxo3,2539.6756,-0.0995,0.0801,-1.2423,0.2141,0.8265
Fbxo30,Fbxo30,1529.4018,-0.1512,0.2232,-0.6773,0.4982,0.9181
Fbxo31,Fbxo31,874.9904,0.1756,0.1111,1.581,0.1139,0.7736
Fbxo32,Fbxo32,3440.6591,0.1737,0.1198,1.449,0.1473,0.7946
Fbxo33,Fbxo33,546.393,0.0151,0.1496,0.1009,0.9197,0.9879
Fbxo34,Fbxo34,851.5842,0.0287,0.0872,0.3293,0.7419,0.9694
Fbxo36,Fbxo36,306.5469,0.2161,0.1297,1.6661,0.0957,0.7664
Fbxo38,Fbxo38,2998.1544,0.0002,0.0511,0.0044,0.9965,1
Fbxo4,Fbxo4,827.2689,0.1545,0.1423,1.0859,0.2775,0.8588
Fbxo40,Fbxo40,50.8711,0.0677,0.4777,0.1417,0.8873,0.9833
Fbxo41,Fbxo41,1.2628,-0.7032,1.1887,-0.5916,0.5541,0.929
Fbxo42,Fbxo42,1925.9436,0.0732,0.1172,0.6247,0.5322,0.9252
Fbxo43,Fbxo43,2.3215,-0.2539,1.368,-0.1856,0.8528,0.9789
Fbxo44,Fbxo44,120.7329,0.2264,0.1727,1.3106,0.19,0.8161
Fbxo45,Fbxo45,1046.8549,-0.0822,0.1061,-0.7746,0.4386,0.9105
Fbxo46,Fbxo46,319.3315,0.1115,0.1076,1.0363,0.3001,0.8612
Fbxo47,Fbxo47,8.4747,-0.1552,0.7532,-0.206,0.8368,0.9774
Fbxo48,Fbxo48,23.8798,-0.7633,0.4899,-1.5579,0.1193,0.7753
Fbxo5,Fbxo5,490.3477,-0.8616,0.386,-2.2325,0.0256,0.732
Fbxo6,Fbxo6,1581.8933,0.3064,0.1612,1.9004,0.0574,0.7377
Fbxo7,Fbxo7,446.0997,0.1172,0.1431,0.8194,0.4125,0.9033
Fbxo8,Fbxo8,950.8645,0.0386,0.0958,0.4023,0.6874,0.9623
Fbxo9,Fbxo9,1176.2658,0.0717,0.0995,0.7211,0.4708,0.9168
Fbxw10,Fbxw10,17.5666,0.3432,0.3852,0.891,0.3729,0.893
Fbxw11,Fbxw11,4414.2757,0.08,0.0699,1.1438,0.2527,0.8453
Fbxw17,Fbxw17,613.7335,-0.0528,0.0987,-0.5345,0.593,0.9385
Fbxw2,Fbxw2,2896.095,0.0457,0.0819,0.5587,0.5764,0.9341
Fbxw4,Fbxw4,882.8511,0.0948,0.1037,0.9139,0.3607,0.8868
Fbxw5,Fbxw5,1640.6413,0.0933,0.0743,1.2567,0.2089,0.8265
Fbxw7,Fbxw7,830.1655,-0.2556,0.2102,-1.2159,0.224,0.831
Fbxw8,Fbxw8,5609.1174,-0.0541,0.091,-0.594,0.5525,0.929
Fbxw9,Fbxw9,1451.6795,0.2026,0.1439,1.4078,0.1592,0.8015
Fcamr,Fcamr,0.4195,0.7875,2.479,0.3177,0.7507,0.9694
Fcer1g,Fcer1g,4.4077,-0.1974,0.7471,-0.2642,0.7917,0.9702
Fcer2a,Fcer2a,1.2415,1.4636,2.292,0.6386,0.5231,0.9223
Fcf1,Fcf1,1740.6524,-0.0087,0.0813,-0.1066,0.9151,0.9874
Fcgr1,Fcgr1,2.098,0.8937,1.0842,0.8244,0.4097,0.9033
Fcgr2b,Fcgr2b,4.2938,-0.3917,0.6779,-0.5779,0.5633,0.9295
Fcgr3,Fcgr3,5.4076,0.0283,0.8929,0.0316,0.9748,0.9992
Fcgr4,Fcgr4,103.3259,-0.0769,0.2238,-0.3435,0.7312,0.9694
Fcgrt,Fcgrt,6242.3711,0.353,0.1607,2.1963,0.0281,0.732
Fcho1,Fcho1,1.2514,0.5578,1.3363,0.4174,0.6764,0.9598
Fcho2,Fcho2,925.125,0.0656,0.1861,0.3523,0.7246,0.9689
Fchsd1,Fchsd1,309.2257,0.2623,0.1562,1.6798,0.093,0.7643
Fchsd2,Fchsd2,1040.3204,-0.239,0.1483,-1.6116,0.1071,0.7713
Fcna,Fcna,26.7089,0.9246,0.3604,2.5652,0.0103,0.732
Fcrlb,Fcrlb,5.456,0.5791,0.7599,0.7621,0.446,0.912
Fdft1,Fdft1,4392.6127,0.2113,0.128,1.6507,0.0988,0.7669
Fdps,Fdps,5613.9134,0.0928,0.1311,0.7077,0.4791,0.9168
Fdx1,Fdx1,400.2993,0.1443,0.1647,0.8757,0.3812,0.8935
Fdx1l,Fdx1l,8.3602,0.0401,0.5781,0.0694,0.9446,0.9934
Fdxacb1,Fdxacb1,300.3362,-0.0515,0.1094,-0.4704,0.638,0.9487
Fdxr,Fdxr,843.7524,0.1461,0.076,1.9228,0.0545,0.7377
Fech,Fech,4603.1697,0.0329,0.0851,0.3872,0.6986,0.9635
Fem1a,Fem1a,2833.713,-0.0493,0.1302,-0.3787,0.7049,0.9646
Fem1b,Fem1b,2720.5426,-0.0816,0.0858,-0.9514,0.3414,0.879
Fem1c,Fem1c,904.4447,-0.2769,0.1427,-1.9409,0.0523,0.7364
Fen1,Fen1,1046.3606,-0.4099,0.1751,-2.3408,0.0192,0.732
Fer,Fer,1596.4023,-0.0916,0.1401,-0.6539,0.5132,0.9199
Fer1l4,Fer1l4,0.4184,-0.6845,2.4194,-0.2829,0.7772,0.97
Fer1l5,Fer1l5,331.1931,0.2022,0.1371,1.4753,0.1401,0.7903
Fermt2,Fermt2,7435.0855,-0.1789,0.1246,-1.4365,0.1509,0.7968
Fermt3,Fermt3,10.9248,-0.3531,0.5332,-0.6622,0.5079,0.9188
Fes,Fes,23.8903,-0.2967,0.3034,-0.9778,0.3282,0.8758
Fetub,Fetub,313.0605,1.3296,0.5557,2.3925,0.0167,0.732
Fez1,Fez1,132.7234,0.6022,0.3215,1.8732,0.061,0.7456
Fez2,Fez2,1446.6491,0.0684,0.0906,0.7547,0.4504,0.912
Ffar4,Ffar4,3.3545,0.0038,0.7344,0.0051,0.9959,1
Fga,Fga,2.7251,0.1628,0.8252,0.1973,0.8436,0.9775
Fgb,Fgb,1.7785,-1.0787,1.0877,-0.9917,0.3213,0.873
Fgd1,Fgd1,653.44,-0.1917,0.1071,-1.79,0.0735,0.752
Fgd2,Fgd2,38.3371,-0.2539,0.2588,-0.9811,0.3265,0.8749
Fgd3,Fgd3,1311.6455,-0.3012,0.1966,-1.5322,0.1255,0.7753
Fgd4,Fgd4,38.51,-0.1586,0.3733,-0.4249,0.6709,0.9578
Fgd6,Fgd6,253.3437,-0.0165,0.1044,-0.1579,0.8745,0.9819
Fgf1,Fgf1,7.829,-0.0747,0.5634,-0.1326,0.8945,0.9846
Fgf10,Fgf10,160.1327,0.2812,0.3225,0.8717,0.3834,0.8935
Fgf11,Fgf11,1247.2241,-0.2786,0.2968,-0.9385,0.348,0.8829
Fgf13,Fgf13,76.3376,-0.5675,0.3677,-1.5433,0.1227,0.7753
Fgf15,Fgf15,2.0867,-0.3324,1.0402,-0.3195,0.7493,0.9694
Fgf16,Fgf16,0.3159,-0.6843,2.5726,-0.266,0.7903,0.97
Fgf17,Fgf17,0.7371,0.1759,1.907,0.0922,0.9265,0.9905
Fgf18,Fgf18,0.8393,-0.2514,1.6071,-0.1564,0.8757,0.9819
Fgf2,Fgf2,36.4371,-0.4237,0.4373,-0.9689,0.3326,0.8776
Fgf21,Fgf21,763.8116,0.271,0.2344,1.1561,0.2476,0.8426
Fgf22,Fgf22,2.6009,0.147,1.0089,0.1457,0.8841,0.9826
Fgf23,Fgf23,1.576,0.0958,1.3019,0.0736,0.9413,0.9924
Fgf5,Fgf5,83.2633,0.3408,0.2223,1.5331,0.1253,0.7753
Fgf7,Fgf7,2142.3062,0.5363,0.3648,1.47,0.1416,0.7919
Fgf9,Fgf9,11.7808,-0.9358,0.789,-1.1861,0.2356,0.8369
Fgfbp1,Fgfbp1,241.44,-0.6323,0.5158,-1.2258,0.2203,0.8303
Fgfbp3,Fgfbp3,39.9321,0.0383,0.2838,0.1349,0.8927,0.9841
Fgfr1,Fgfr1,9857.5257,0.4215,0.2406,1.7519,0.0798,0.7572
Fgfr1op,Fgfr1op,1218.4661,-0.044,0.1,-0.4398,0.6601,0.9548
Fgfr1op2,Fgfr1op2,2630.7169,-0.1294,0.1384,-0.9347,0.3499,0.8839
Fgfr2,Fgfr2,144.2169,-0.4908,0.153,-3.2081,0.0013,0.6164
Fgfr3,Fgfr3,116.737,-0.2024,0.3039,-0.6658,0.5055,0.9188
Fgfr4,Fgfr4,2195.8607,-0.5772,0.295,-1.9567,0.0504,0.7364
Fgfrl1,Fgfrl1,1520.7749,0.1105,0.1022,1.0816,0.2794,0.8596
Fgg,Fgg,0.5267,-0.4927,1.976,-0.2494,0.8031,0.9719
Fggy,Fggy,586.8665,-0.0273,0.1229,-0.222,0.8243,0.9766
Fgl1,Fgl1,1.1597,-0.4236,1.4987,-0.2826,0.7774,0.97
Fgl2,Fgl2,29.7375,0.0716,0.262,0.2732,0.7847,0.97
Fh1,Fh1,3118.1717,-0.1053,0.1003,-1.0497,0.2939,0.8606
Fhad1,Fhad1,3.4535,-0.1478,1.2167,-0.1214,0.9033,0.9861
Fhdc1,Fhdc1,147.9036,-0.6015,0.2964,-2.0292,0.0424,0.7364
Fhl1,Fhl1,11219.5336,-0.2195,0.2332,-0.941,0.3467,0.8828
Fhl2,Fhl2,2373.121,-0.3221,0.1802,-1.7877,0.0738,0.752
Fhl3,Fhl3,1523.8391,-0.2808,0.1449,-1.9381,0.0526,0.7364
Fhl4,Fhl4,35.7067,0.0943,0.2569,0.3671,0.7136,0.9662
Fhod1,Fhod1,1322.8932,-0.2205,0.1386,-1.5907,0.1117,0.7736
Fhod3,Fhod3,1395.2316,-0.3271,0.1766,-1.8526,0.0639,0.7457
Fibcd1,Fibcd1,15.4128,0.3657,0.3793,0.9641,0.335,0.8778
Fibin,Fibin,690.0828,0.0059,0.1176,0.0502,0.96,0.9969
Fibp,Fibp,1592.5954,0.1607,0.1091,1.4732,0.1407,0.7904
Ficd,Ficd,706.2494,0.3664,0.1787,2.0506,0.0403,0.732
Fig4,Fig4,1809.1445,0.0564,0.127,0.4442,0.6569,0.9548
Figf,Figf,870.452,0.5092,0.3186,1.5981,0.11,0.7736
Fign,Fign,5.6718,0.0774,0.5691,0.136,0.8918,0.9841
Fignl1,Fignl1,751.5175,-0.8455,0.3593,-2.3533,0.0186,0.732
Fignl2,Fignl2,13.0049,0.1619,0.5028,0.3219,0.7475,0.9694
Filip1,Filip1,900.8864,-0.3274,0.3287,-0.9963,0.3191,0.8709
Filip1l,Filip1l,3030.0154,-0.1176,0.1883,-0.6246,0.5322,0.9252
Fip1l1,Fip1l1,1933.0783,-0.1925,0.0996,-1.9331,0.0532,0.7364
Firre,Firre,825.6658,0.1281,0.1508,0.8493,0.3957,0.8991
Fis1,Fis1,3763.6323,0.0695,0.0997,0.6969,0.4859,0.9168
Fitm1,Fitm1,16.0284,-0.3201,0.3718,-0.861,0.3892,0.897
Fitm2,Fitm2,838.54,0.0146,0.0727,0.2013,0.8404,0.9775
Fiz1,Fiz1,786.1071,0.099,0.0958,1.0336,0.3013,0.8615
Fjx1,Fjx1,16.4768,0.0635,0.5551,0.1143,0.909,0.987
Fkbp10,Fkbp10,9040.6116,-0.1812,0.099,-1.8314,0.067,0.7457
Fkbp11,Fkbp11,852.5157,0.1505,0.1253,1.2009,0.2298,0.8328
Fkbp14,Fkbp14,2726.0256,-0.1139,0.1017,-1.1196,0.2629,0.8534
Fkbp15,Fkbp15,1682.5499,0.0418,0.067,0.6231,0.5332,0.9256
Fkbp1a,Fkbp1a,13308.542,-0.0109,0.078,-0.1397,0.8889,0.9833
Fkbp1b,Fkbp1b,147.4001,0.1244,0.1238,1.0055,0.3147,0.8692
Fkbp2,Fkbp2,945.0744,0.181,0.1407,1.2868,0.1982,0.8229
Fkbp3,Fkbp3,2020.2094,-0.2113,0.137,-1.5423,0.123,0.7753
Fkbp4,Fkbp4,6022.4116,0.0691,0.0928,0.7442,0.4568,0.9134
Fkbp5,Fkbp5,1325.3446,-0.3502,0.1412,-2.481,0.0131,0.732
Fkbp7,Fkbp7,2191.4349,-0.1382,0.1079,-1.2811,0.2002,0.8249
Fkbp8,Fkbp8,5310.7018,0.059,0.0804,0.7345,0.4627,0.9152
Fkbp9,Fkbp9,16329.3913,-0.042,0.0766,-0.548,0.5837,0.9353
Fkbpl,Fkbpl,325.9734,0.1916,0.1104,1.735,0.0827,0.7572
Fkrp,Fkrp,909.1444,-0.0885,0.098,-0.9024,0.3668,0.8901
Fktn,Fktn,462.0395,-0.0869,0.1961,-0.4431,0.6577,0.9548
Flad1,Flad1,671.0032,0.1587,0.1032,1.5379,0.1241,0.7753
Flcn,Flcn,2111.0671,0.2725,0.1109,2.4561,0.014,0.732
Flii,Flii,6607.6721,0.0867,0.076,1.1407,0.254,0.8453
Flna,Flna,58219.198,-0.097,0.0718,-1.3506,0.1768,0.8112
Flnb,Flnb,16257.9546,-0.0252,0.0999,-0.252,0.801,0.9719
Flnc,Flnc,19101.6303,-0.1211,0.1747,-0.6935,0.488,0.9171
Flot1,Flot1,2800.9047,0.2994,0.1395,2.1458,0.0319,0.732
Flot2,Flot2,4193.0548,0.0687,0.097,0.7085,0.4787,0.9168
Flrt1,Flrt1,22.9443,-0.7619,0.4671,-1.6313,0.1028,0.7679
Flrt2,Flrt2,1599.6813,-0.326,0.3254,-1.0019,0.3164,0.8701
Flt1,Flt1,63.7287,-0.3441,0.4072,-0.8451,0.398,0.8995
Flt3,Flt3,3.3571,-0.6295,0.8082,-0.7789,0.436,0.9094
Flt3l,Flt3l,92.1414,0.1047,0.1512,0.6928,0.4884,0.9173
Flt4,Flt4,0.4224,0.0109,2.4859,0.0044,0.9965,1
Flywch1,Flywch1,1563.8173,0.0764,0.1321,0.5787,0.5628,0.9294
Flywch2,Flywch2,13.4142,0.008,0.4062,0.0196,0.9844,1
Fmn1,Fmn1,798.0192,0.0511,0.1813,0.2817,0.7781,0.97
Fmn2,Fmn2,13.2234,0.03,0.495,0.0607,0.9516,0.994
Fmnl1,Fmnl1,462.0912,-0.4047,0.2868,-1.411,0.1582,0.8015
Fmnl2,Fmnl2,909.5123,0.0296,0.1402,0.2109,0.833,0.9774
Fmnl3,Fmnl3,5862.9775,-0.0693,0.0903,-0.7668,0.4432,0.9118
Fmo1,Fmo1,7362.9022,0.4202,0.2428,1.7306,0.0835,0.7572
Fmo2,Fmo2,177.9124,0.3337,0.2534,1.3168,0.1879,0.8161
Fmo3,Fmo3,2.0991,0.3884,0.9906,0.3921,0.695,0.9623
Fmo4,Fmo4,26.5126,-0.0257,0.3487,-0.0737,0.9413,0.9924
Fmo5,Fmo5,96.2727,0.1549,0.174,0.8897,0.3736,0.893
Fmod,Fmod,1587.7853,-1.3062,0.8266,-1.5802,0.1141,0.774
Fmr1,Fmr1,3398.4856,0.4605,0.3125,1.4733,0.1407,0.7904
Fmr1os,Fmr1os,0.7375,-0.3806,1.6004,-0.2378,0.812,0.9742
Fn1,Fn1,390009.1047,0.1594,0.099,1.6104,0.1073,0.7715
Fn3k,Fn3k,390.9645,-0.1713,0.2175,-0.7873,0.4311,0.9081
Fn3krp,Fn3krp,783.0566,-0.0004,0.0853,-0.0049,0.9961,1
Fnbp1,Fnbp1,1544.9114,0.1256,0.0979,1.2826,0.1996,0.8249
Fnbp1l,Fnbp1l,1345.4644,-0.2261,0.2528,-0.8943,0.3712,0.893
Fnbp4,Fnbp4,1679.4277,-0.1808,0.1404,-1.288,0.1978,0.8225
Fndc1,Fndc1,18985.2985,-0.4039,0.2417,-1.6711,0.0947,0.7643
Fndc3a,Fndc3a,2689.4426,0.3358,0.1998,1.681,0.0928,0.7643
Fndc3b,Fndc3b,9045.1259,-0.0153,0.1175,-0.13,0.8965,0.9854
Fndc4,Fndc4,484.8696,-0.0904,0.1188,-0.7613,0.4465,0.912
Fndc5,Fndc5,900.4942,-0.4819,0.3816,-1.2628,0.2067,0.8262
Fndc7,Fndc7,19.0429,-0.2665,0.4216,-0.6321,0.5273,0.923
Fndc8,Fndc8,4.0573,-0.0261,0.7432,-0.0351,0.972,0.999
Fndc9,Fndc9,8.7951,-0.5947,0.7111,-0.8364,0.4029,0.9033
Fnip1,Fnip1,1525.3284,0.3345,0.1826,1.832,0.067,0.7457
Fnip2,Fnip2,1146.7505,0.7458,0.3735,1.997,0.0458,0.7364
Fnta,Fnta,3509.8874,0.0091,0.0912,0.0992,0.921,0.9885
Fntb,Fntb,1163.2529,-0.0776,0.114,-0.6801,0.4965,0.9181
Focad,Focad,1774.8372,0.0246,0.0691,0.3556,0.7221,0.9684
Folh1,Folh1,2.1032,-0.4903,0.951,-0.5156,0.6061,0.941
Folr1,Folr1,3.6774,0.2553,0.7373,0.3463,0.7291,0.9694
Folr2,Folr2,9.3365,0.4204,0.5512,0.7626,0.4457,0.912
Fopnl,Fopnl,1632.5574,-0.1122,0.0892,-1.2575,0.2086,0.8265
Fos,Fos,222.7691,-0.0938,0.3437,-0.2729,0.785,0.97
Fosb,Fosb,59.8146,0.0956,0.2102,0.4546,0.6494,0.9539
Fosl1,Fosl1,290.1683,0.6597,0.4412,1.4953,0.1348,0.7827
Fosl2,Fosl2,10598.7413,0.3099,0.1851,1.6743,0.0941,0.7643
Foxa1,Foxa1,0.4218,0.0067,2.0626,0.0033,0.9974,1
Foxa3,Foxa3,7.2311,0.0483,0.4909,0.0983,0.9217,0.989
Foxc1,Foxc1,1038.4054,0.387,0.2118,1.8269,0.0677,0.7488
Foxc2,Foxc2,323.8029,0.1602,0.1694,0.9458,0.3442,0.8803
Foxd1,Foxd1,4.4701,-1.2145,1.0395,-1.1684,0.2427,0.8407
Foxd2,Foxd2,57.7112,0.1764,0.205,0.8602,0.3897,0.8975
Foxd2os,Foxd2os,121.6024,-0.2421,0.2578,-0.939,0.3477,0.8829
Foxf1,Foxf1,7.7367,-0.1697,0.6619,-0.2564,0.7976,0.9715
Foxf2,Foxf2,697.6401,0.149,0.1614,0.9233,0.3558,0.8852
Foxg1,Foxg1,1.1508,0.4306,1.5187,0.2835,0.7768,0.97
Foxh1,Foxh1,0.8439,-0.0054,1.7945,-0.003,0.9976,1
Foxj1,Foxj1,2.4219,-0.7203,0.9665,-0.7453,0.4561,0.9133
Foxj2,Foxj2,1406.1451,0.1319,0.1107,1.1924,0.2331,0.8354
Foxj3,Foxj3,2138.6718,0.0145,0.1038,0.1396,0.889,0.9833
Foxk1,Foxk1,1938.8961,0.1367,0.1072,1.2757,0.2021,0.8262
Foxk2,Foxk2,4451.2654,-0.031,0.0512,-0.6046,0.5454,0.9286
Foxl1,Foxl1,196.1496,0.521,0.2454,2.1235,0.0337,0.732
Foxm1,Foxm1,1465.9599,-0.8184,0.3759,-2.177,0.0295,0.732
Foxn1,Foxn1,14.1489,-0.3901,0.385,-1.0131,0.311,0.8677
Foxn2,Foxn2,943.5043,-0.1908,0.21,-0.9085,0.3636,0.8873
Foxn3,Foxn3,325.8978,-0.0298,0.218,-0.1365,0.8914,0.984
Foxo1,Foxo1,1662.8399,-0.3946,0.1768,-2.232,0.0256,0.732
Foxo3,Foxo3,897.4856,0.0381,0.1149,0.3313,0.7404,0.9694
Foxo4,Foxo4,1632.9087,0.1045,0.0707,1.478,0.1394,0.7903
Foxo6,Foxo6,411.8788,-0.3169,0.2801,-1.1314,0.2579,0.8483
Foxp1,Foxp1,2124.8854,-0.1526,0.1424,-1.0715,0.284,0.8606
Foxp3,Foxp3,2.8409,0.4032,1.0422,0.3868,0.6989,0.9635
Foxp4,Foxp4,1442.5862,-0.0097,0.0737,-0.1316,0.8953,0.9849
Foxq1,Foxq1,384.2632,0.4825,0.2951,1.6353,0.102,0.7679
Foxred1,Foxred1,839.8561,0.0321,0.1163,0.2758,0.7827,0.97
Foxred2,Foxred2,1073.3378,0.5928,0.3068,1.9321,0.0533,0.7364
Foxs1,Foxs1,624.5475,-0.2115,0.1392,-1.5186,0.1289,0.7759
Fpgs,Fpgs,833.7543,-0.0471,0.1031,-0.4566,0.6479,0.9535
Fpgt,Fpgt,689.2664,-0.0631,0.1927,-0.3272,0.7435,0.9694
Fpr1,Fpr1,0.8357,-0.4983,1.4787,-0.337,0.7361,0.9694
Fra10ac1,Fra10ac1,468.3611,-0.1825,0.1195,-1.5274,0.1267,0.7753
Fras1,Fras1,58.1534,-0.7508,0.5812,-1.2919,0.1964,0.8209
Frat1,Frat1,23.7905,0.3299,0.3509,0.9401,0.3472,0.8828
Frat2,Frat2,80.8126,0.4149,0.4126,1.0057,0.3146,0.8692
Frem1,Frem1,98.0692,-0.5188,0.5497,-0.9438,0.3453,0.8812
Frem2,Frem2,44.7442,-0.9186,0.6058,-1.5163,0.1294,0.7762
Frg1,Frg1,1690.0263,0.0328,0.0635,0.5169,0.6052,0.941
Frk,Frk,506.9967,-0.1027,0.1598,-0.643,0.5202,0.9221
Frmd3,Frmd3,3.3522,-0.4641,0.8131,-0.5708,0.5682,0.9312
Frmd4a,Frmd4a,3567.9443,-0.0822,0.1164,-0.7063,0.48,0.9168
Frmd4b,Frmd4b,118.1691,-0.3061,0.2667,-1.1475,0.2512,0.8443
Frmd5,Frmd5,41.4202,-0.1255,0.2488,-0.5045,0.6139,0.9426
Frmd6,Frmd6,6738.8683,-0.2291,0.1043,-2.1976,0.028,0.732
Frmd7,Frmd7,0.422,-0.0003,2.4864,-0.0001,0.9999,1
Frmd8,Frmd8,2873.2709,0.0926,0.1224,0.7565,0.4493,0.912
Frmpd1,Frmpd1,1713.7891,-0.312,0.3397,-0.9186,0.3583,0.8858
Frmpd4,Frmpd4,1.057,-0.5651,1.4793,-0.382,0.7024,0.9638
Frrs1,Frrs1,600.892,0.4493,0.2066,2.1743,0.0297,0.732
Frs2,Frs2,2486.743,-0.128,0.1281,-0.9996,0.3175,0.8702
Frs3,Frs3,112.0558,0.2781,0.2405,1.1562,0.2476,0.8426
Frs3os,Frs3os,9.5359,0.3183,0.6734,0.4726,0.6365,0.9487
Fry,Fry,80.63,-0.3495,0.3741,-0.9342,0.3502,0.8839
Fryl,Fryl,1637.8265,-0.0094,0.1129,-0.0829,0.9339,0.9923
Frzb,Frzb,7.1213,-0.0873,0.5411,-0.1613,0.8719,0.9819
Fsbp,Fsbp,10.7663,-1.1112,0.585,-1.8994,0.0575,0.7377
Fscn1,Fscn1,11382.1455,-0.1847,0.1256,-1.471,0.1413,0.791
Fscn2,Fscn2,3.1432,-0.432,0.8736,-0.4945,0.621,0.9436
Fsd1,Fsd1,7.7443,0.1174,0.4971,0.2362,0.8132,0.9744
Fsd1l,Fsd1l,393.7603,-0.2451,0.2975,-0.8239,0.41,0.9033
Fsd2,Fsd2,46.5744,-0.0987,0.3,-0.3291,0.7421,0.9694
Fsip1,Fsip1,8.5128,-0.4225,0.517,-0.8172,0.4138,0.9033
Fst,Fst,3991.4244,-0.7637,0.455,-1.6784,0.0933,0.7643
Fstl1,Fstl1,53799.0035,-0.1677,0.0395,-4.2414,0,0.1399
Fstl3,Fstl3,567.5496,-0.2134,0.1692,-1.2617,0.2071,0.8262
Ftcd,Ftcd,4.7084,0.4635,0.6984,0.6636,0.5069,0.9188
Fth1,Fth1,48517.61,0.3024,0.1832,1.6507,0.0988,0.7669
Ftl1,Ftl1,36089.0771,0.6349,0.3119,2.0356,0.0418,0.732
Fto,Fto,7615.8223,-0.015,0.0897,-0.1677,0.8668,0.9817
Ftsj1,Ftsj1,1430.5495,-0.0296,0.1114,-0.2656,0.7905,0.97
Ftsj2,Ftsj2,251.2322,0.0812,0.104,0.781,0.4348,0.9089
Ftsj3,Ftsj3,3640.6681,-0.0701,0.1146,-0.6119,0.5406,0.9281
Ftx,Ftx,262.3647,-0.1909,0.2393,-0.7975,0.4251,0.9064
Fubp1,Fubp1,2545.8314,-0.2842,0.1732,-1.6413,0.1007,0.7671
Fubp3,Fubp3,2604.9722,-0.165,0.1088,-1.5168,0.1293,0.7761
Fuca1,Fuca1,2697.6155,0.1629,0.0994,1.6394,0.1011,0.7679
Fuca2,Fuca2,845.7637,0.218,0.0875,2.4913,0.0127,0.732
Fuk,Fuk,626.7139,0.1658,0.1116,1.4853,0.1375,0.7871
Fundc1,Fundc1,1714.8608,-0.0143,0.1238,-0.1158,0.9078,0.987
Fundc2,Fundc2,4002.9529,-0.0529,0.0822,-0.6433,0.5201,0.9221
Fuom,Fuom,194.0871,0.176,0.1671,1.0531,0.2923,0.8606
Furin,Furin,5859.1712,-0.0485,0.073,-0.6638,0.5068,0.9188
Fus,Fus,8050.7457,-0.3041,0.1086,-2.8006,0.0051,0.732
Fut1,Fut1,13.6814,0.1728,0.5602,0.3085,0.7577,0.9694
Fut10,Fut10,720.0158,-0.0866,0.0823,-1.052,0.2928,0.8606
Fut11,Fut11,1835.4967,-0.1647,0.0802,-2.0527,0.0401,0.732
Fut2,Fut2,9.5292,0.1751,0.4566,0.3835,0.7014,0.9635
Fut4,Fut4,162.7239,-0.0725,0.1282,-0.5653,0.5719,0.9323
Fut7,Fut7,3.891,-0.3954,0.7887,-0.5014,0.6161,0.9427
Fut8,Fut8,1477.6087,-0.2276,0.1191,-1.9113,0.056,0.7377
Fut9,Fut9,12.5065,-0.5557,0.5314,-1.0457,0.2957,0.8606
Fuz,Fuz,349.4664,-0.0244,0.1318,-0.1851,0.8532,0.9789
Fv1,Fv1,98.1353,-0.1572,0.2249,-0.6989,0.4846,0.9168
Fxn,Fxn,258.4294,-0.0232,0.1161,-0.1999,0.8416,0.9775
Fxr1,Fxr1,5579.5508,-0.2277,0.255,-0.893,0.3718,0.893
Fxr2,Fxr2,4607.5691,0.0957,0.0771,1.2407,0.2147,0.8269
Fxyd1,Fxyd1,82.7683,-0.0326,0.2319,-0.1405,0.8883,0.9833
Fxyd4,Fxyd4,5.5316,1.1351,0.6745,1.6829,0.0924,0.7643
Fxyd5,Fxyd5,899.5889,0.1966,0.3305,0.5948,0.552,0.929
Fxyd6,Fxyd6,182.4391,-0.7713,0.8681,-0.8885,0.3743,0.893
Fxyd7,Fxyd7,0.5234,0.0713,2.0349,0.035,0.9721,0.999
Fyb,Fyb,22.3023,0.5253,0.2973,1.7666,0.0773,0.7572
Fyco1,Fyco1,2440.2469,-0.0498,0.1698,-0.2931,0.7694,0.97
Fyn,Fyn,5634.5175,0.2048,0.0705,2.9027,0.0037,0.732
Fyttd1,Fyttd1,4822.726,-0.1307,0.22,-0.5944,0.5523,0.929
Fzd1,Fzd1,7806.7399,0.0295,0.0736,0.3999,0.6892,0.9623
Fzd2,Fzd2,2751.268,-0.2943,0.1944,-1.5134,0.1302,0.777
Fzd3,Fzd3,517.7066,-0.1732,0.2988,-0.5796,0.5622,0.9294
Fzd4,Fzd4,145.3726,0.4325,0.2861,1.5118,0.1306,0.7771
Fzd5,Fzd5,581.8306,-0.1275,0.1765,-0.7224,0.47,0.9168
Fzd6,Fzd6,967.2849,-0.3322,0.1756,-1.8925,0.0584,0.7417
Fzd7,Fzd7,2933.5128,0.233,0.1119,2.0812,0.0374,0.732
Fzd8,Fzd8,187.5818,-0.152,0.1428,-1.0645,0.2871,0.8606
Fzd9,Fzd9,43.2836,-0.2537,0.3958,-0.6408,0.5216,0.9223
Fzr1,Fzr1,1900.5538,-0.1905,0.1239,-1.5379,0.1241,0.7753
G0s2,G0s2,1042.1037,-0.5805,0.2199,-2.6401,0.0083,0.732
G2e3,G2e3,655.3257,-0.3082,0.2588,-1.191,0.2337,0.8354
G3bp1,G3bp1,7310.48,-0.1888,0.0768,-2.4567,0.014,0.732
G3bp2,G3bp2,5378.8523,-0.0666,0.0937,-0.7108,0.4772,0.9168
G530011O06Rik,G530011O06Rik,6.6744,-0.2583,0.6218,-0.4154,0.6779,0.961
G630025P09Rik,G630025P09Rik,3.0413,-0.5384,0.9867,-0.5457,0.5853,0.9355
G630071F17Rik,G630071F17Rik,1.7909,-0.1636,1.1227,-0.1458,0.8841,0.9826
G630090E17Rik,G630090E17Rik,28.5932,0.7861,0.3288,2.3909,0.0168,0.732
G6pc3,G6pc3,1657.7174,0.1923,0.1094,1.7569,0.0789,0.7572
G6pdx,G6pdx,3804.6931,0.3161,0.2334,1.3541,0.1757,0.8104
Gaa,Gaa,6774.5593,0.3887,0.1228,3.1646,0.0016,0.6187
Gab1,Gab1,1645.0135,-0.077,0.0866,-0.8897,0.3736,0.893
Gab2,Gab2,1010.0805,0.1422,0.1343,1.0587,0.2897,0.8606
Gab3,Gab3,1.7873,-0.0833,1.2334,-0.0675,0.9462,0.9934
Gabarap,Gabarap,14154.5376,0.2354,0.1201,1.9603,0.05,0.7364
Gabarapl1,Gabarapl1,4910.802,0.4507,0.2651,1.7002,0.0891,0.764
Gabarapl2,Gabarapl2,1878.169,0.181,0.1198,1.5107,0.1309,0.7771
Gabbr1,Gabbr1,1156.1966,0.086,0.0841,1.0235,0.3061,0.8652
Gabbr2,Gabbr2,0.5273,-1.5384,2.3456,-0.6559,0.5119,0.9195
Gabpa,Gabpa,2225.9998,-0.1301,0.2208,-0.5893,0.5556,0.929
Gabpb1,Gabpb1,1010.6083,-0.1485,0.0949,-1.5651,0.1176,0.7753
Gabpb2,Gabpb2,1592.1532,-0.0845,0.1392,-0.6072,0.5437,0.9283
Gabra1,Gabra1,0.9369,1.2751,1.9426,0.6564,0.5116,0.9195
Gabra3,Gabra3,0.7219,-0.9441,2.369,-0.3985,0.6902,0.9623
Gabrb2,Gabrb2,10.7803,-0.1746,0.5857,-0.2982,0.7656,0.97
Gabrd,Gabrd,1.5817,0.1851,1.2882,0.1437,0.8857,0.9833
Gabre,Gabre,133.9244,-0.161,0.1759,-0.9152,0.3601,0.8868
Gabrg2,Gabrg2,1.1641,-1.346,1.7941,-0.7502,0.4531,0.9122
Gabrr2,Gabrr2,8.5085,-0.4615,0.5362,-0.8606,0.3895,0.8974
Gad1os,Gad1os,2.8277,0.6466,1.3095,0.4938,0.6215,0.9436
Gadd45a,Gadd45a,4326.1884,0.5771,0.2977,1.9381,0.0526,0.7364
Gadd45b,Gadd45b,1650.2557,-0.1693,0.1743,-0.9713,0.3314,0.8774
Gadd45g,Gadd45g,2149.8571,-0.4401,0.2907,-1.514,0.13,0.777
Gadd45gip1,Gadd45gip1,963.362,-0.0151,0.0933,-0.1623,0.871,0.9819
Gadl1,Gadl1,30.8946,-0.367,0.5046,-0.7273,0.4671,0.9168
Gak,Gak,3725.589,0.2033,0.1482,1.3717,0.1702,0.8059
Gal,Gal,1.5704,-0.0782,1.2032,-0.065,0.9482,0.9935
Gal3st1,Gal3st1,0.8356,-1.3137,1.4934,-0.8797,0.379,0.8935
Gal3st2,Gal3st2,0.9395,-0.1054,1.4103,-0.0747,0.9404,0.9923
Gal3st3,Gal3st3,6.3849,0.2328,0.5351,0.435,0.6636,0.9561
Gal3st4,Gal3st4,10.4552,0.3316,0.4409,0.752,0.4521,0.9121
Galc,Galc,1320.2326,0.3219,0.1308,2.4616,0.0138,0.732
Gale,Gale,519.6405,-0.2681,0.253,-1.0593,0.2895,0.8606
Galk1,Galk1,2480.875,0.0587,0.1291,0.4547,0.6493,0.9539
Galk2,Galk2,2876.6989,0.469,0.2799,1.6758,0.0938,0.7643
Galm,Galm,517.5842,0.3418,0.1825,1.8724,0.0612,0.7456
Galns,Galns,1038.376,0.0776,0.0781,0.9931,0.3206,0.8724
Galnt1,Galnt1,4773.4116,-0.0918,0.1194,-0.7686,0.4421,0.9118
Galnt10,Galnt10,5824.321,0.1578,0.1307,1.2069,0.2275,0.8325
Galnt11,Galnt11,2242.7955,-0.1082,0.0819,-1.3201,0.1868,0.8161
Galnt13,Galnt13,5.7182,-0.1458,0.7503,-0.1943,0.846,0.9776
Galnt15,Galnt15,60.8666,0.43,0.2767,1.5538,0.1202,0.7753
Galnt16,Galnt16,10.3834,-0.0089,0.4656,-0.0192,0.9847,1
Galnt18,Galnt18,453.448,0.1123,0.1319,0.8514,0.3945,0.8987
Galnt2,Galnt2,5393.0441,0.2644,0.1751,1.5096,0.1312,0.7771
Galnt3,Galnt3,0.844,-1.459,1.5692,-0.9298,0.3525,0.8839
Galnt4,Galnt4,1339.0066,-0.0206,0.0802,-0.2572,0.7971,0.9713
Galnt5,Galnt5,18.5016,-0.5432,0.646,-0.8408,0.4004,0.9015
Galnt6,Galnt6,669.8709,-0.4305,0.3667,-1.1738,0.2405,0.84
Galnt7,Galnt7,927.039,0.0012,0.1255,0.0095,0.9924,1
Galnt9,Galnt9,7.9772,-0.3353,0.619,-0.5418,0.588,0.9356
Galr2,Galr2,65.7133,-0.0679,0.182,-0.373,0.7091,0.9661
Galr3,Galr3,5.5676,-0.9918,0.8222,-1.2062,0.2277,0.8325
Galt,Galt,138.5403,0.2462,0.2018,1.2198,0.2225,0.8307
Gamt,Gamt,1233.676,-0.2556,0.2423,-1.055,0.2914,0.8606
Gan,Gan,83.2196,-0.1152,0.2354,-0.4893,0.6246,0.9451
Ganab,Ganab,7071.8159,0.0921,0.0887,1.0376,0.2994,0.8612
Ganc,Ganc,495.5929,-0.0531,0.0867,-0.6123,0.5404,0.9281
Gap43,Gap43,499.3535,-0.1421,0.1825,-0.7785,0.4363,0.9097
Gapdh,Gapdh,59014.9426,0.2126,0.1384,1.5363,0.1245,0.7753
Gapdhs,Gapdhs,80.8172,0.2335,0.3279,0.7122,0.4763,0.9168
Gapvd1,Gapvd1,2919.1306,-0.028,0.0985,-0.2838,0.7766,0.97
Gar1,Gar1,669.2233,-0.1938,0.0872,-2.2234,0.0262,0.732
Garem,Garem,180.1361,-0.3149,0.1903,-1.6542,0.0981,0.7669
Gareml,Gareml,70.3011,0.2887,0.2665,1.0832,0.2787,0.8588
Garnl3,Garnl3,390.2741,0.0717,0.0919,0.7802,0.4353,0.9089
Gars,Gars,10470.8661,0.2249,0.1291,1.742,0.0815,0.7572
Gart,Gart,2553.4862,-0.0834,0.099,-0.8418,0.3999,0.9012
Gas1,Gas1,23163.6969,0.3003,0.1793,1.6749,0.0939,0.7643
Gas2,Gas2,450.2923,0.2101,0.1445,1.454,0.1459,0.7928
Gas2l1,Gas2l1,2862.175,0.1038,0.095,1.0925,0.2746,0.8588
Gas2l3,Gas2l3,583.4653,-0.6789,0.3427,-1.9808,0.0476,0.7364
Gas5,Gas5,2089.1627,0.1879,0.2812,0.6683,0.504,0.9188
Gas6,Gas6,3990.7622,0.0216,0.0909,0.2373,0.8124,0.9743
Gas7,Gas7,337.8419,-0.2176,0.1516,-1.4358,0.1511,0.7968
Gas8,Gas8,762.2525,0.0457,0.1037,0.4405,0.6596,0.9548
Gata2,Gata2,1020.9293,-0.0354,0.0904,-0.3912,0.6957,0.9626
Gata3,Gata3,168.2378,0.0184,0.1594,0.1154,0.9081,0.987
Gata4,Gata4,616.1698,0.0829,0.1032,0.8035,0.4217,0.906
Gata6,Gata6,23.7611,0.0875,0.3454,0.2534,0.8,0.9719
Gatad1,Gatad1,2942.5797,-0.0488,0.0641,-0.7617,0.4462,0.912
Gatad2a,Gatad2a,3649.4406,-0.0545,0.071,-0.7667,0.4433,0.9118
Gatad2b,Gatad2b,627.6277,-0.1707,0.1369,-1.2466,0.2125,0.8265
Gatb,Gatb,421.5918,0.0603,0.101,0.5968,0.5506,0.929
Gatc,Gatc,747.1046,-0.0792,0.1257,-0.6298,0.5288,0.9237
Gatm,Gatm,3929.078,-0.2801,0.2279,-1.2294,0.2189,0.8302
Gatsl2,Gatsl2,1514.3013,0.046,0.1193,0.386,0.6995,0.9635
Gatsl3,Gatsl3,159.7352,-0.1123,0.154,-0.7289,0.4661,0.9163
Gba,Gba,2988.6575,0.3611,0.1572,2.2971,0.0216,0.732
Gba2,Gba2,378.4826,-0.0252,0.1032,-0.2444,0.807,0.9732
Gbas,Gbas,3244.4006,-0.0729,0.1014,-0.7192,0.472,0.9168
Gbe1,Gbe1,1510.1239,0.5837,0.3308,1.7643,0.0777,0.7572
Gbf1,Gbf1,5757.1639,-0.0069,0.0855,-0.081,0.9355,0.9923
Gbgt1,Gbgt1,0.4216,-2.2601,2.3011,-0.9822,0.326,0.8747
Gbp10,Gbp10,180.8921,0.0816,0.3306,0.2469,0.805,0.9724
Gbp11,Gbp11,22.7662,-0.3344,0.4234,-0.7898,0.4296,0.9079
Gbp2,Gbp2,170.1374,0.0652,0.199,0.3278,0.7431,0.9694
Gbp2b,Gbp2b,125.5883,-0.0087,0.2043,-0.0426,0.966,0.9984
Gbp3,Gbp3,73.9571,-0.2957,0.2729,-1.0837,0.2785,0.8588
Gbp4,Gbp4,146.0987,-0.1114,0.388,-0.2871,0.7741,0.97
Gbp5,Gbp5,12.3217,0.2027,0.4986,0.4064,0.6844,0.9623
Gbp6,Gbp6,73.0096,-0.3874,0.4459,-0.8689,0.3849,0.8941
Gbp7,Gbp7,36.623,-0.0179,0.278,-0.0645,0.9486,0.9935
Gbp8,Gbp8,196.984,-0.1962,0.5034,-0.3898,0.6967,0.9629
Gbp9,Gbp9,204.3835,-0.4677,0.3874,-1.2073,0.2273,0.8325
Gbx1,Gbx1,3.5589,-0.2534,0.7197,-0.3521,0.7247,0.9689
Gbx2,Gbx2,1.6809,-1.4739,1.1806,-1.2484,0.2119,0.8265
Gc,Gc,7.1311,-0.0189,0.6235,-0.0304,0.9758,0.9992
Gca,Gca,6.893,0.1634,0.6738,0.2425,0.8084,0.9732
Gcat,Gcat,216.6034,0.1334,0.1424,0.9369,0.3488,0.8829
Gcc1,Gcc1,1098.9814,0.2193,0.1362,1.61,0.1074,0.7715
Gcc2,Gcc2,337.0699,0.1756,0.1126,1.5598,0.1188,0.7753
Gcdh,Gcdh,1095.987,0.1044,0.0837,1.2464,0.2126,0.8265
Gcfc2,Gcfc2,212.9283,-0.066,0.1678,-0.3935,0.694,0.9623
Gch1,Gch1,504.7488,0.5791,0.3781,1.5313,0.1257,0.7753
Gchfr,Gchfr,1075.5535,0.1368,0.1497,0.9136,0.3609,0.8868
Gck,Gck,5.8673,0.5145,0.8134,0.6325,0.5271,0.923
Gckr,Gckr,2.5073,-0.9445,1.0104,-0.9348,0.3499,0.8839
Gclc,Gclc,1869.6612,0.158,0.1853,0.8524,0.394,0.8987
Gclm,Gclm,906.5714,0.5687,0.3508,1.621,0.105,0.7696
Gcn1l1,Gcn1l1,4018.6367,0.0303,0.0835,0.3634,0.7163,0.9662
Gcnt1,Gcnt1,154.0525,-0.5319,0.4374,-1.2161,0.224,0.831
Gcnt2,Gcnt2,1378.0087,-0.0991,0.0859,-1.1531,0.2489,0.8438
Gcnt3,Gcnt3,1.7919,-0.6369,1.1028,-0.5775,0.5636,0.9295
Gcnt4,Gcnt4,617.2995,-0.3595,0.1867,-1.9253,0.0542,0.7377
Gcnt7,Gcnt7,1.4693,0.6062,1.4923,0.4062,0.6846,0.9623
Gcsh,Gcsh,999.2071,-0.0271,0.1237,-0.2188,0.8268,0.9766
Gda,Gda,498.4755,1.5777,1.1758,1.3419,0.1796,0.8123
Gdap1,Gdap1,1.5713,-0.0799,1.2427,-0.0643,0.9487,0.9935
Gdap10,Gdap10,20.0201,0.2482,0.4481,0.5539,0.5796,0.9352
Gdap1l1,Gdap1l1,4.8124,0.3893,0.6529,0.5963,0.551,0.929
Gdap2,Gdap2,1037.4495,0.1366,0.0989,1.3811,0.1672,0.8045
Gde1,Gde1,1988.0651,0.0598,0.0823,0.7266,0.4675,0.9168
Gdf11,Gdf11,646.6576,-0.0608,0.0796,-0.7642,0.4447,0.912
Gdf15,Gdf15,532.3899,0.6522,0.3198,2.0397,0.0414,0.732
Gdf2,Gdf2,0.3167,-1.8894,2.4847,-0.7604,0.447,0.912
Gdf5,Gdf5,58.3966,-0.2921,0.4749,-0.6151,0.5385,0.9276
Gdf6,Gdf6,85.5394,-0.6859,0.5012,-1.3685,0.1711,0.8066
Gdf7,Gdf7,4.6961,0.2241,0.6999,0.3202,0.7488,0.9694
Gdf9,Gdf9,43.5077,0.0661,0.2541,0.2603,0.7947,0.9711
Gdi1,Gdi1,4210.0681,-0.0005,0.0446,-0.0112,0.9911,1
Gdi2,Gdi2,17167.5707,-0.0333,0.0674,-0.4932,0.6218,0.944
Gdnf,Gdnf,994.4143,0.4791,0.2765,1.7324,0.0832,0.7572
Gdpd1,Gdpd1,932.7781,0.5367,0.2421,2.2164,0.0267,0.732
Gdpd2,Gdpd2,270.1776,0.2865,0.3081,0.93,0.3524,0.8839
Gdpd3,Gdpd3,31.2936,0.033,0.2665,0.1239,0.9014,0.986
Gdpd4,Gdpd4,0.8259,-0.3845,1.9297,-0.1993,0.8421,0.9775
Gdpd5,Gdpd5,445.8708,0.2209,0.1791,1.2333,0.2175,0.8299
Gdpgp1,Gdpgp1,145.7712,-0.0824,0.1425,-0.5781,0.5632,0.9295
Gem,Gem,973.0827,-0.3205,0.1457,-2.2001,0.0278,0.732
Gemin2,Gemin2,441.8582,0.0381,0.1182,0.3224,0.7472,0.9694
Gemin4,Gemin4,1052.0983,-0.0429,0.0758,-0.5659,0.5715,0.9321
Gemin5,Gemin5,1785.6273,-0.0213,0.0878,-0.2428,0.8082,0.9732
Gemin6,Gemin6,428.6838,-0.1474,0.0972,-1.5169,0.1293,0.7761
Gemin7,Gemin7,951.4452,-0.05,0.1228,-0.4074,0.6837,0.9622
Gemin8,Gemin8,292.9917,0.1474,0.1832,0.8047,0.421,0.9055
Gen1,Gen1,225.3641,-0.8986,0.4666,-1.9257,0.0541,0.7377
Get4,Get4,1924.0703,0.0123,0.0924,0.1333,0.894,0.9843
Gfap,Gfap,4.8128,-1.5234,0.776,-1.9633,0.0496,0.7364
Gfer,Gfer,611.6265,0.0455,0.1266,0.3597,0.7191,0.9672
Gfi1,Gfi1,3.149,1.087,0.9048,1.2014,0.2296,0.8328
Gfm1,Gfm1,2229.8329,-0.0346,0.0768,-0.4512,0.6518,0.9544
Gfm2,Gfm2,1296.396,0.0653,0.0766,0.8534,0.3935,0.8986
Gfod1,Gfod1,1518.8916,0.1688,0.1292,1.3071,0.1912,0.8163
Gfod2,Gfod2,331.6868,0.0871,0.1321,0.6594,0.5096,0.9195
Gfpt1,Gfpt1,3335.1165,-0.1429,0.1371,-1.042,0.2974,0.8608
Gfpt2,Gfpt2,57.5526,-0.2073,0.2018,-1.0274,0.3042,0.8634
Gfra1,Gfra1,2914.4553,0.2184,0.1296,1.6859,0.0918,0.7643
Gfra2,Gfra2,1342.2508,-0.2528,0.0978,-2.5844,0.0098,0.732
Gfra4,Gfra4,399.3957,-0.0359,0.145,-0.2473,0.8047,0.9724
Gfral,Gfral,2.3994,2.1055,1.811,1.1626,0.245,0.8421
Gga1,Gga1,2993.5981,0.1093,0.0863,1.2658,0.2056,0.8262
Gga2,Gga2,3960.5806,0.147,0.0851,1.7258,0.0844,0.7604
Gga3,Gga3,1026.8865,0.0079,0.0636,0.1246,0.9008,0.986
Ggact,Ggact,274.2489,0.2752,0.1407,1.9565,0.0504,0.7364
Ggct,Ggct,200.5835,-0.0563,0.1628,-0.3457,0.7296,0.9694
Ggcx,Ggcx,2069.9925,0.1313,0.0818,1.6051,0.1085,0.7735
Ggh,Ggh,1473.3595,0.0929,0.0833,1.1152,0.2648,0.8547
Ggn,Ggn,49.1981,0.2413,0.2657,0.908,0.3639,0.8873
Ggnbp1,Ggnbp1,30.8299,0.0487,0.2918,0.1669,0.8674,0.9818
Ggnbp2,Ggnbp2,2658.4558,-0.0154,0.1195,-0.1288,0.8975,0.9854
Ggnbp2os,Ggnbp2os,34.2007,0.108,0.3812,0.2834,0.7769,0.97
Ggps1,Ggps1,1064.7102,-0.0476,0.1448,-0.3291,0.7421,0.9694
Ggt1,Ggt1,2.481,-0.3909,1.3498,-0.2896,0.7721,0.97
Ggt5,Ggt5,20.546,0.5073,0.332,1.5282,0.1265,0.7753
Ggt7,Ggt7,286.7066,0.0082,0.1223,0.0674,0.9462,0.9934
Ggta1,Ggta1,2324.2457,0.2157,0.2298,0.9387,0.3479,0.8829
Ghdc,Ghdc,525.5185,0.1094,0.1073,1.0198,0.3078,0.8653
Ghitm,Ghitm,11407.4697,0.1287,0.1182,1.0891,0.2761,0.8588
Ghr,Ghr,3987.0765,0.1146,0.1943,0.5901,0.5551,0.929
Ghrh,Ghrh,1.3441,1.6097,2.2863,0.7041,0.4814,0.9168
Ghrl,Ghrl,11.4341,0.3077,0.5297,0.5809,0.5613,0.9294
Gid4,Gid4,1751.8052,0.1792,0.1272,1.4091,0.1588,0.8015
Gid8,Gid8,3153.7272,-0.0274,0.0594,-0.4613,0.6446,0.9518
Gigyf1,Gigyf1,955.3214,0.1893,0.165,1.147,0.2514,0.8443
Gigyf2,Gigyf2,2979.9062,-0.1289,0.1245,-1.0358,0.3003,0.8612
Gimap8,Gimap8,3.0161,-0.2472,0.9404,-0.2629,0.7927,0.9702
Gimap9,Gimap9,9.1037,0.0046,0.5807,0.0079,0.9937,1
Gin1,Gin1,220.4662,-0.2366,0.1415,-1.6717,0.0946,0.7643
Ginm1,Ginm1,2238.5557,0.2355,0.1548,1.5208,0.1283,0.7758
Gins1,Gins1,173.0411,-0.4517,0.195,-2.316,0.0206,0.732
Gins2,Gins2,319.8123,-0.5025,0.2221,-2.2623,0.0237,0.732
Gins3,Gins3,702.0924,-0.3542,0.153,-2.3151,0.0206,0.732
Gins4,Gins4,934.8811,-0.0897,0.0928,-0.9668,0.3337,0.8778
Gipc1,Gipc1,4339.7614,0.0828,0.095,0.8725,0.383,0.8935
Gipc2,Gipc2,7.6681,1.1896,0.7654,1.5543,0.1201,0.7753
Gipc3,Gipc3,10.6659,-0.0609,0.4412,-0.138,0.8902,0.9837
Gipr,Gipr,44.2859,1.2027,0.6019,1.9982,0.0457,0.7364
Git1,Git1,2981.8017,0.0972,0.0787,1.235,0.2168,0.8288
Git2,Git2,1931.9729,-0.0317,0.0511,-0.6204,0.535,0.9265
Gja1,Gja1,6297.8611,0.0208,0.0944,0.2202,0.8257,0.9766
Gja3,Gja3,19.1742,-0.2561,0.3441,-0.7441,0.4568,0.9134
Gja4,Gja4,5.5654,-0.5129,0.7765,-0.6605,0.5089,0.9195
Gja5,Gja5,930.1599,-0.4267,0.6384,-0.6683,0.5039,0.9188
Gja6,Gja6,2.724,0.0038,0.9993,0.0038,0.997,1
Gja8,Gja8,0.4218,0.0002,2.4866,0.0001,0.9999,1
Gjb1,Gjb1,0.6248,1.5532,2.1987,0.7064,0.4799,0.9168
Gjb2,Gjb2,14.484,-0.62,0.5304,-1.169,0.2424,0.8407
Gjb3,Gjb3,427.9193,-1.1779,0.7592,-1.5516,0.1208,0.7753
Gjb4,Gjb4,239.2278,-1.1469,0.5669,-2.023,0.0431,0.7364
Gjb5,Gjb5,94.9798,-1.1646,0.5398,-2.1577,0.031,0.732
Gjb6,Gjb6,0.5277,0.4976,1.9758,0.2518,0.8012,0.9719
Gjc1,Gjc1,942.9161,-0.1359,0.1032,-1.3169,0.1879,0.8161
Gjc2,Gjc2,6.9312,0.2183,0.5219,0.4182,0.6758,0.9598
Gjd2,Gjd2,0.736,0.1815,1.9601,0.0926,0.9262,0.9905
Gjd4,Gjd4,51.8437,-0.0125,0.2267,-0.0549,0.9562,0.9956
Gk5,Gk5,85.4435,-0.1659,0.1957,-0.8477,0.3966,0.8991
Gkap1,Gkap1,657.6266,-0.085,0.1093,-0.7771,0.4371,0.9098
Gla,Gla,1194.1753,0.7639,0.4535,1.6845,0.0921,0.7643
Glb1,Glb1,2619.844,0.2161,0.1214,1.7798,0.0751,0.7534
Glb1l,Glb1l,194.4653,0.1054,0.1403,0.751,0.4527,0.9121
Glcci1,Glcci1,410.7526,-0.1362,0.2361,-0.5771,0.5639,0.9297
Glce,Glce,3122.894,0.141,0.1517,0.9293,0.3528,0.8839
Gldc,Gldc,110.4332,-0.3093,0.3124,-0.9902,0.3221,0.873
Gle1,Gle1,1938.0746,-0.0123,0.0754,-0.1632,0.8703,0.9818
Glg1,Glg1,3529.3083,0.009,0.1219,0.0736,0.9413,0.9924
Gli1,Gli1,9.4211,-0.9506,0.4852,-1.9593,0.0501,0.7364
Gli2,Gli2,112.2766,0.0588,0.1649,0.3565,0.7215,0.9682
Gli3,Gli3,1553.1783,-0.1127,0.1196,-0.9426,0.3459,0.882
Glipr1,Glipr1,33.0848,-0.1971,0.2721,-0.7242,0.4689,0.9168
Glipr2,Glipr2,4304.7842,-0.2389,0.1544,-1.5474,0.1218,0.7753
Glis1,Glis1,9.4261,-0.4731,0.4543,-1.0414,0.2977,0.8608
Glis2,Glis2,1957.2765,-0.3995,0.1684,-2.372,0.0177,0.732
Glis3,Glis3,693.4961,0.3626,0.2427,1.4941,0.1351,0.7827
Glmn,Glmn,264.3567,-0.0106,0.2137,-0.0496,0.9605,0.9969
Glmp,Glmp,5478.9292,0.4777,0.1932,2.4726,0.0134,0.732
Glo1,Glo1,6783.1863,0.0349,0.0803,0.4347,0.6638,0.9561
Glod4,Glod4,3385.5302,0.0737,0.071,1.0379,0.2993,0.8612
Glod5,Glod5,0.4177,0.7833,2.4802,0.3158,0.7521,0.9694
Glp1r,Glp1r,1.6792,1.3595,1.2742,1.067,0.286,0.8606
Glra4,Glra4,0.3167,-1.8894,2.4847,-0.7604,0.447,0.912
Glrb,Glrb,832.8903,0.0388,0.2153,0.1801,0.8571,0.9796
Glrp1,Glrp1,11.6308,0.8199,0.4615,1.7765,0.0757,0.7552
Glrx,Glrx,3026.2746,0.2928,0.2631,1.113,0.2657,0.8547
Glrx2,Glrx2,769.7366,0.0405,0.0875,0.4633,0.6432,0.9513
Glrx3,Glrx3,124.3937,-0.015,0.2698,-0.0555,0.9557,0.9953
Glrx5,Glrx5,1306.7609,0.0652,0.1225,0.532,0.5947,0.9385
Gls,Gls,2692.2793,-0.1089,0.2027,-0.5374,0.591,0.9377
Gls2,Gls2,84.2453,0.02,0.1663,0.1205,0.9041,0.9865
Glt28d2,Glt28d2,298.0738,0.1295,0.1582,0.8182,0.4133,0.9033
Glt8d1,Glt8d1,2132.0105,-0.0143,0.0812,-0.1755,0.8607,0.9802
Glt8d2,Glt8d2,244.7304,-0.5708,0.2384,-2.3947,0.0166,0.732
Gltp,Gltp,1750.4844,-0.0065,0.0812,-0.0798,0.9364,0.9923
Gltpd2,Gltpd2,0.8442,-0.6999,1.445,-0.4844,0.6281,0.9451
Gltscr1,Gltscr1,514.7802,-0.039,0.0864,-0.4514,0.6517,0.9544
Gltscr1l,Gltscr1l,1111.009,0.1293,0.1507,0.8575,0.3912,0.8983
Gltscr2,Gltscr2,3440.0015,0.1831,0.1263,1.4499,0.1471,0.7945
Glud1,Glud1,10175.21,0.0765,0.1331,0.5752,0.5651,0.93
Glul,Glul,6313.4068,-0.0679,0.1041,-0.6524,0.5142,0.9199
Glyctk,Glyctk,40.7759,-0.1218,0.2367,-0.5146,0.6068,0.9411
Glyr1,Glyr1,4069.787,-0.003,0.0684,-0.0436,0.9652,0.9979
Gm10012,Gm10012,14.1629,0.0563,0.3681,0.1529,0.8785,0.9821
Gm10033,Gm10033,39.0818,-0.0498,0.2215,-0.2246,0.8223,0.9766
Gm10037,Gm10037,0.7265,0.5949,1.7433,0.3413,0.7329,0.9694
Gm10046,Gm10046,5.2373,-0.2475,0.6258,-0.3955,0.6924,0.9623
Gm10069,Gm10069,67.482,-0.1823,0.1954,-0.9328,0.3509,0.8839
Gm10125,Gm10125,11.6034,0.3318,0.4107,0.8079,0.4191,0.9047
Gm10336,Gm10336,683.0898,-0.3526,0.1982,-1.7786,0.0753,0.7538
Gm10364,Gm10364,1.257,-0.8633,1.3012,-0.6635,0.507,0.9188
Gm10371,Gm10371,0.9469,-0.5927,1.4486,-0.4091,0.6824,0.962
Gm10373,Gm10373,0.4208,1.1795,2.4227,0.4869,0.6264,0.9451
Gm10389,Gm10389,1.5643,-1.2999,1.4084,-0.923,0.356,0.8852
Gm10390,Gm10390,1.0375,-0.9375,1.5653,-0.5989,0.5492,0.929
Gm10416,Gm10416,4.7202,-0.1112,0.6452,-0.1724,0.8631,0.9807
Gm10421,Gm10421,14.5744,0.0572,0.3964,0.1443,0.8852,0.9833
Gm10432,Gm10432,0.8409,1.4448,1.8422,0.7843,0.4329,0.9089
Gm10433,Gm10433,0.8418,0.6985,1.5742,0.4437,0.6572,0.9548
Gm10436,Gm10436,5.6288,0.0792,0.6505,0.1218,0.9031,0.9861
Gm1045,Gm1045,11.8301,0.0152,0.4356,0.0348,0.9722,0.999
Gm10451,Gm10451,6.9905,-0.5371,0.6336,-0.8478,0.3966,0.8991
Gm10471,Gm10471,0.315,0.6941,2.5739,0.2697,0.7874,0.97
Gm10494,Gm10494,41.3095,-0.1081,0.3039,-0.3559,0.7219,0.9684
Gm10509,Gm10509,89.4065,0.1961,0.1989,0.9857,0.3243,0.8736
Gm10510,Gm10510,1.2594,-0.8658,1.3215,-0.6552,0.5124,0.9197
Gm10516,Gm10516,64.365,0.0221,0.2162,0.1024,0.9185,0.9879
Gm10536,Gm10536,0.4228,1.1822,2.4211,0.4883,0.6253,0.9451
Gm10548,Gm10548,6.2963,0.1464,0.6005,0.2438,0.8074,0.9732
Gm10549,Gm10549,2.0871,0.4469,0.9494,0.4707,0.6378,0.9487
Gm10560,Gm10560,40.5328,0.1696,0.37,0.4584,0.6467,0.953
Gm10584,Gm10584,13.4349,0.1059,0.4329,0.2446,0.8067,0.9732
Gm10635,Gm10635,3.8696,1.0101,0.7945,1.2713,0.2036,0.8262
Gm10638,Gm10638,19.8025,0.133,0.3212,0.4142,0.6788,0.961
Gm10639,Gm10639,9.2984,1.6153,1.1626,1.3893,0.1647,0.8037
Gm10640,Gm10640,0.8455,0.002,1.8503,0.0011,0.9991,1
Gm10653,Gm10653,5.8512,0.2887,0.6555,0.4403,0.6597,0.9548
Gm10658,Gm10658,14.0276,-0.6373,0.3656,-1.7433,0.0813,0.7572
Gm10677,Gm10677,1.0528,-0.8348,1.4654,-0.5697,0.5689,0.9313
Gm10714,Gm10714,0.8314,-0.9744,1.677,-0.581,0.5612,0.9294
Gm10767,Gm10767,18.0729,-0.1072,0.412,-0.2601,0.7948,0.9711
Gm10768,Gm10768,0.4129,-0.7667,2.4832,-0.3088,0.7575,0.9694
Gm10778,Gm10778,12.2987,0.024,0.4552,0.0526,0.958,0.9963
Gm10785,Gm10785,19.811,-0.1976,0.3871,-0.5105,0.6097,0.9416
Gm10789,Gm10789,0.6331,-0.0018,2.3487,-0.0007,0.9994,1
Gm10790,Gm10790,3.5529,-0.3507,0.8845,-0.3965,0.6918,0.9623
Gm10791,Gm10791,8.3644,-0.4948,0.6038,-0.8195,0.4125,0.9033
Gm10804,Gm10804,0.95,-0.9544,1.4369,-0.6642,0.5066,0.9188
Gm10814,Gm10814,14.972,-0.2243,0.3777,-0.5937,0.5527,0.929
Gm10825,Gm10825,0.5189,-1.3537,1.9905,-0.6801,0.4965,0.9181
Gm10865,Gm10865,4.7126,0.8583,0.8256,1.0396,0.2985,0.861
Gm10941,Gm10941,17.2765,0.1891,0.3788,0.4992,0.6176,0.9428
Gm11110,Gm11110,102.0353,0.4969,0.3423,1.4519,0.1465,0.7941
Gm11127,Gm11127,4.2743,-0.6357,0.7011,-0.9068,0.3645,0.8879
Gm11149,Gm11149,4.296,-0.5769,0.9754,-0.5914,0.5542,0.929
Gm11166,Gm11166,0.7312,1.9213,1.9171,1.0022,0.3163,0.8701
Gm11201,Gm11201,3.0353,0.0426,0.815,0.0523,0.9583,0.9964
Gm1141,Gm1141,6.4666,-0.1177,0.6365,-0.1849,0.8533,0.9789
Gm11413,Gm11413,0.732,-0.2853,2.0189,-0.1413,0.8876,0.9833
Gm11423,Gm11423,42.3851,0.028,0.2708,0.1034,0.9176,0.9879
Gm11517,Gm11517,15.9263,0.5921,0.3398,1.7427,0.0814,0.7572
Gm11549,Gm11549,2.2876,-1.5471,1.1308,-1.3682,0.1712,0.8066
Gm11627,Gm11627,9.8245,-0.434,0.477,-0.91,0.3628,0.8873
Gm11665,Gm11665,26.6296,-0.1463,0.3784,-0.3865,0.6991,0.9635
Gm11696,Gm11696,8.7058,0.3322,0.6721,0.4942,0.6212,0.9436
Gm11715,Gm11715,2.6003,-0.4127,0.9263,-0.4455,0.656,0.9548
Gm11744,Gm11744,10.3687,-0.0714,0.4605,-0.155,0.8768,0.9819
Gm11747,Gm11747,0.8424,-0.6915,1.574,-0.4393,0.6604,0.9548
Gm11762,Gm11762,3.1481,-0.6654,0.7638,-0.8712,0.3836,0.8935
Gm11837,Gm11837,3.1368,-0.0615,0.767,-0.0802,0.9361,0.9923
Gm11944,Gm11944,22.3681,-0.2906,0.3002,-0.9682,0.333,0.8778
Gm11974,Gm11974,359.8592,0.019,0.166,0.1145,0.9089,0.987
Gm11992,Gm11992,3.8658,-0.3108,0.8319,-0.3736,0.7087,0.9661
Gm12060,Gm12060,1.045,-1.5242,1.4694,-1.0373,0.2996,0.8612
Gm12070,Gm12070,287.1372,0.2107,0.3522,0.5983,0.5496,0.929
Gm12185,Gm12185,22.5402,-0.5435,0.5559,-0.9776,0.3283,0.8758
Gm12191,Gm12191,0.4185,0.7829,2.4791,0.3158,0.7522,0.9694
Gm12216,Gm12216,25.8566,-0.4364,0.3567,-1.2234,0.2212,0.8307
Gm12238,Gm12238,1.6758,0.4019,1.0197,0.3941,0.6935,0.9623
Gm12250,Gm12250,5.7587,0.4713,0.6112,0.7711,0.4406,0.9112
Gm12295,Gm12295,0.518,-0.0769,2.4351,-0.0316,0.9748,0.9992
Gm12338,Gm12338,110.0787,-0.1248,0.2829,-0.4411,0.6591,0.9548
Gm12359,Gm12359,21.0881,0.4384,0.5516,0.7947,0.4268,0.907
Gm12504,Gm12504,2.3,0.1042,0.8955,0.1163,0.9074,0.987
Gm12505,Gm12505,1.0448,1.6041,1.696,0.9458,0.3442,0.8803
Gm12522,Gm12522,4.7176,-0.3476,0.6981,-0.498,0.6185,0.9433
Gm12596,Gm12596,5.6369,-0.1947,0.5955,-0.3269,0.7437,0.9694
Gm12603,Gm12603,15.272,0.0907,0.3847,0.2357,0.8136,0.9745
Gm12657,Gm12657,16.3104,-0.2305,0.3584,-0.6432,0.5201,0.9221
Gm12695,Gm12695,1.3546,-0.4076,1.2018,-0.3391,0.7345,0.9694
Gm128,Gm128,1.7844,-0.0434,1.09,-0.0398,0.9682,0.9988
Gm12942,Gm12942,9.3048,0.6324,0.5941,1.0645,0.2871,0.8606
Gm12992,Gm12992,11.8945,-0.4689,0.5055,-0.9275,0.3537,0.8843
Gm13031,Gm13031,0.4209,1.1946,2.0056,0.5956,0.5514,0.929
Gm13034,Gm13034,1.6751,0.0027,0.9987,0.0027,0.9979,1
Gm13139,Gm13139,0.9335,-0.6625,1.6324,-0.4058,0.6849,0.9623
Gm13152,Gm13152,0.6294,-0.4219,1.9611,-0.2151,0.8297,0.9774
Gm13154,Gm13154,9.3156,0.1623,0.5052,0.3213,0.748,0.9694
Gm13157,Gm13157,1.362,-0.4702,1.5558,-0.3023,0.7625,0.97
Gm13212,Gm13212,0.9363,-0.392,1.4819,-0.2645,0.7914,0.9701
Gm13247,Gm13247,2.1006,0.3666,1.2118,0.3026,0.7622,0.97
Gm13251,Gm13251,1.1465,0.959,1.3636,0.7033,0.4819,0.9168
Gm13271,Gm13271,1.5783,1.34,1.1065,1.211,0.2259,0.8321
Gm13272,Gm13272,0.3176,-0.6877,2.5704,-0.2675,0.789,0.97
Gm13275,Gm13275,1.2663,0.9718,1.2764,0.7614,0.4464,0.912
Gm13276,Gm13276,4.6128,0.2789,0.6662,0.4187,0.6755,0.9598
Gm13283,Gm13283,0.4215,-1.1666,2.4216,-0.4818,0.63,0.9451
Gm13293,Gm13293,5.4395,-0.7449,0.6258,-1.1902,0.234,0.8354
Gm13375,Gm13375,100.6957,0.0814,0.1565,0.5199,0.6032,0.941
Gm13446,Gm13446,0.9408,-0.1074,1.4106,-0.0761,0.9393,0.9923
Gm13483,Gm13483,15.6741,0.4888,0.4105,1.1908,0.2337,0.8354
Gm13544,Gm13544,30.3234,0.3279,0.3451,0.9501,0.3421,0.879
Gm13547,Gm13547,2.8287,1.9301,1.0622,1.8171,0.0692,0.7507
Gm13582,Gm13582,0.5155,-0.7629,2.3703,-0.3218,0.7476,0.9694
Gm13710,Gm13710,5.0833,0.5333,1.0312,0.5172,0.605,0.941
Gm13749,Gm13749,1.3484,-0.4455,1.7811,-0.2501,0.8025,0.9719
Gm13807,Gm13807,108.6888,-0.2561,0.1954,-1.3112,0.1898,0.8161
Gm13830,Gm13830,2.512,0.0939,0.8884,0.1057,0.9158,0.9877
Gm13889,Gm13889,103.1697,-0.0802,0.198,-0.4051,0.6854,0.9623
Gm13985,Gm13985,8.0831,-0.4162,0.562,-0.7407,0.4589,0.914
Gm13986,Gm13986,31.2379,-0.1481,0.305,-0.4855,0.6273,0.9451
Gm14005,Gm14005,820.4242,-0.0024,0.121,-0.0196,0.9843,1
Gm14023,Gm14023,9.0895,0.0375,0.4909,0.0763,0.9391,0.9923
Gm14057,Gm14057,23.4521,-0.1027,0.3138,-0.3273,0.7434,0.9694
Gm14124,Gm14124,2.5137,0.6533,0.9278,0.7042,0.4813,0.9168
Gm14137,Gm14137,507.018,0.0473,0.1278,0.3701,0.7113,0.9662
Gm14139,Gm14139,43.0657,-0.263,0.2182,-1.2056,0.228,0.8326
Gm14288,Gm14288,1.04,-1.141,1.8894,-0.6039,0.5459,0.9289
Gm14295,Gm14295,134.7836,0.0268,0.166,0.1616,0.8716,0.9819
Gm14305,Gm14305,133.8179,0.1965,0.194,1.013,0.3111,0.8677
Gm14322,Gm14322,27.6118,0.4106,0.3182,1.2903,0.197,0.8209
Gm14325,Gm14325,279.2872,0.1999,0.1261,1.5844,0.1131,0.7736
Gm14326,Gm14326,157.5233,0.1519,0.1512,1.0043,0.3152,0.8693
Gm14327,Gm14327,25.7185,0.0136,0.2826,0.0481,0.9617,0.997
Gm14379,Gm14379,9.8577,0.3077,0.4785,0.6431,0.5201,0.9221
Gm14391,Gm14391,1.1475,2.6712,1.9081,1.3999,0.1615,0.8037
Gm14393,Gm14393,4.1848,0.4861,0.7805,0.6228,0.5334,0.9257
Gm14403,Gm14403,82.3237,0.1219,0.2111,0.5776,0.5636,0.9295
Gm14405,Gm14405,0.8371,-0.5634,2.3151,-0.2434,0.8077,0.9732
Gm14420,Gm14420,194.239,0.3757,0.1359,2.7657,0.0057,0.732
Gm14436,Gm14436,2.7979,0.8936,1.3622,0.656,0.5118,0.9195
Gm14440,Gm14440,6.1583,0.8248,0.7154,1.153,0.2489,0.8438
Gm14634,Gm14634,11.172,-0.1945,0.448,-0.4341,0.6642,0.9561
Gm14635,Gm14635,358.6633,-0.3614,0.2856,-1.2653,0.2058,0.8262
Gm14827,Gm14827,1.5596,-1.263,1.5443,-0.8178,0.4134,0.9033
Gm15008,Gm15008,0.5235,1.3669,1.9895,0.687,0.4921,0.9181
Gm15097,Gm15097,6.4943,-0.6094,0.5763,-1.0574,0.2903,0.8606
Gm15104,Gm15104,0.5279,1.5486,2.281,0.6789,0.4972,0.9181
Gm15127,Gm15127,0.7314,-1.0242,1.6782,-0.6103,0.5417,0.9283
Gm15179,Gm15179,0.8266,-1.1688,1.6954,-0.6894,0.4906,0.9181
Gm15217,Gm15217,8.4693,-0.3319,0.5019,-0.6613,0.5084,0.9191
Gm15328,Gm15328,2.0996,-0.6204,0.9849,-0.6299,0.5288,0.9237
Gm15401,Gm15401,6.6965,-0.0624,0.5504,-0.1133,0.9098,0.987
Gm15408,Gm15408,9.8329,-0.2645,0.4449,-0.5946,0.5521,0.929
Gm15413,Gm15413,6.499,0.7479,0.6614,1.1308,0.2582,0.8483
Gm15417,Gm15417,132.1402,0.3166,0.2355,1.3444,0.1788,0.8123
Gm15421,Gm15421,32.3117,-0.1951,0.279,-0.6992,0.4844,0.9168
Gm15441,Gm15441,4.0716,0.0928,0.769,0.1207,0.904,0.9864
Gm15446,Gm15446,18.3678,-0.3393,0.4705,-0.7211,0.4709,0.9168
Gm15455,Gm15455,6.0881,0.0023,0.7702,0.003,0.9976,1
Gm15471,Gm15471,1.6794,0.1195,1.0878,0.1099,0.9125,0.9873
Gm15545,Gm15545,38.9362,0.0997,0.2554,0.3901,0.6964,0.9629
Gm15612,Gm15612,10.4795,-0.0917,0.4955,-0.185,0.8532,0.9789
Gm1564,Gm1564,5.7472,-0.2248,0.6356,-0.3536,0.7236,0.9688
Gm15663,Gm15663,7.7209,-0.0856,0.5142,-0.1665,0.8678,0.9818
Gm15694,Gm15694,17.9757,-0.4428,0.3574,-1.2389,0.2154,0.8276
Gm15698,Gm15698,4.3034,-0.0231,0.6773,-0.0341,0.9728,0.999
Gm15706,Gm15706,18.0014,0.251,0.3202,0.7838,0.4332,0.9089
Gm15708,Gm15708,20.389,-0.3543,0.3202,-1.1064,0.2685,0.8575
Gm15760,Gm15760,72.6991,-0.2228,0.228,-0.9773,0.3284,0.8758
Gm15787,Gm15787,20.8375,-0.0801,0.3888,-0.2059,0.8368,0.9774
Gm15800,Gm15800,1532.1325,0.047,0.0898,0.5237,0.6005,0.9406
Gm15816,Gm15816,783.5952,-0.2921,0.2802,-1.0424,0.2972,0.8608
Gm15850,Gm15850,1.6575,1.2769,1.6281,0.7843,0.4329,0.9089
Gm15867,Gm15867,646.104,-0.2529,0.2033,-1.2435,0.2137,0.8265
Gm15908,Gm15908,12.4284,-0.3804,0.4716,-0.8067,0.4198,0.9049
Gm15910,Gm15910,2.5325,-0.5427,1.1077,-0.4899,0.6242,0.9451
Gm15915,Gm15915,4.3814,-0.7372,0.8901,-0.8283,0.4075,0.9033
Gm15972,Gm15972,2.4065,-0.0344,0.8432,-0.0407,0.9675,0.9987
Gm15987,Gm15987,13.5798,0.955,1.0588,0.902,0.3671,0.8904
Gm1600,Gm1600,6.8265,-0.2179,0.6201,-0.3514,0.7253,0.9689
Gm16023,Gm16023,14.6932,0.197,0.4632,0.4253,0.6706,0.9578
Gm16062,Gm16062,15.6581,-0.1407,0.4621,-0.3045,0.7608,0.97
Gm16159,Gm16159,4.5072,-0.1659,0.6733,-0.2465,0.8053,0.9724
Gm16287,Gm16287,0.7344,0.1412,1.6792,0.0841,0.933,0.9921
Gm16386,Gm16386,14.5409,-0.152,0.3549,-0.4283,0.6684,0.9568
Gm16432,Gm16432,5.5501,-0.2626,0.7681,-0.3418,0.7325,0.9694
Gm16532,Gm16532,1.1507,-0.0889,1.2851,-0.0692,0.9449,0.9934
Gm16576,Gm16576,63.7405,0.2653,0.2717,0.9765,0.3288,0.8758
Gm16596,Gm16596,29.8106,-0.0382,0.2853,-0.1338,0.8936,0.9843
Gm166,Gm166,74.719,0.0683,0.2002,0.3411,0.733,0.9694
Gm1661,Gm1661,9.7247,0.8365,0.6233,1.3421,0.1796,0.8123
Gm16617,Gm16617,8.148,-0.1862,0.4899,-0.38,0.7039,0.9642
Gm16675,Gm16675,22.5406,0.4277,0.4412,0.9694,0.3324,0.8775
Gm16701,Gm16701,1.2532,0.0044,1.1653,0.0037,0.997,1
Gm16712,Gm16712,1.9959,1.3217,1.3206,1.0008,0.3169,0.8701
Gm1673,Gm1673,15.0712,0.0176,0.3606,0.0488,0.961,0.9969
Gm16740,Gm16740,7.8261,0.7045,0.7015,1.0043,0.3152,0.8693
Gm16793,Gm16793,5.0326,0.5899,0.6374,0.9254,0.3548,0.8851
Gm16796,Gm16796,3.3397,0.6471,0.7919,0.8171,0.4139,0.9033
Gm16845,Gm16845,51.5065,0.6876,0.3752,1.8327,0.0669,0.7457
Gm16853,Gm16853,1.0519,1.0545,1.3947,0.7561,0.4496,0.912
Gm16861,Gm16861,30.2573,0.1821,0.4243,0.4291,0.6678,0.9568
Gm16894,Gm16894,2.4896,0.4698,1.0473,0.4486,0.6537,0.9548
Gm16897,Gm16897,17.862,-0.346,0.3384,-1.0225,0.3066,0.8653
Gm16907,Gm16907,113.9305,-0.0447,0.2514,-0.1779,0.8588,0.98
Gm16938,Gm16938,13.205,1.1542,0.467,2.4713,0.0135,0.732
Gm16973,Gm16973,66.4206,-0.0806,0.2821,-0.2856,0.7752,0.97
Gm16982,Gm16982,12.5454,0.6484,0.5783,1.1213,0.2622,0.853
Gm16998,Gm16998,0.6325,-0.8863,1.6722,-0.5301,0.5961,0.9389
Gm17019,Gm17019,0.519,-0.0621,2.0361,-0.0305,0.9757,0.9992
Gm17066,Gm17066,377.9206,0.0185,0.2039,0.0906,0.9278,0.9911
Gm1720,Gm1720,1.4609,-1.1062,1.2234,-0.9042,0.3659,0.8891
Gm17252,Gm17252,2.4011,0.1285,0.9341,0.1375,0.8906,0.9838
Gm17296,Gm17296,319.933,0.152,0.1631,0.9323,0.3512,0.8839
Gm17365,Gm17365,0.5285,-1.5673,1.9,-0.8249,0.4094,0.9033
Gm17455,Gm17455,107.586,0.0769,0.2216,0.3469,0.7287,0.9694
Gm17746,Gm17746,2.1981,-0.2419,0.9439,-0.2563,0.7977,0.9715
Gm17762,Gm17762,8.8882,-0.3136,0.5037,-0.6226,0.5335,0.9257
Gm17769,Gm17769,10.9105,-0.0179,0.4084,-0.0438,0.965,0.9978
Gm1821,Gm1821,355.3105,0.6582,0.3759,1.7507,0.08,0.7572
Gm19276,Gm19276,2.1974,1.0072,1.045,0.9638,0.3351,0.8778
Gm19277,Gm19277,0.4176,0.7829,2.4802,0.3157,0.7522,0.9694
Gm19299,Gm19299,14.125,-0.3332,0.4285,-0.7778,0.4367,0.9098
Gm19345,Gm19345,0.4208,-1.1671,2.4226,-0.4818,0.63,0.9451
Gm19395,Gm19395,0.4206,-1.1666,2.4226,-0.4815,0.6301,0.9451
Gm1943,Gm1943,844.0721,-0.0414,0.1267,-0.3269,0.7437,0.9694
Gm19434,Gm19434,7.7562,1.2146,0.8446,1.4381,0.1504,0.7968
Gm19461,Gm19461,0.3168,-0.6843,2.5711,-0.2661,0.7901,0.97
Gm19466,Gm19466,0.7242,0.2169,2.4546,0.0884,0.9296,0.9917
Gm19510,Gm19510,10.4872,-0.1004,0.4336,-0.2315,0.8169,0.975
Gm19522,Gm19522,3.8826,-0.0203,0.6602,-0.0307,0.9755,0.9992
Gm19557,Gm19557,17.5904,0.1414,0.3809,0.3713,0.7104,0.9662
Gm19589,Gm19589,32.3773,-0.6397,0.3507,-1.8238,0.0682,0.75
Gm19619,Gm19619,0.7313,0.9018,1.9909,0.4529,0.6506,0.9543
Gm1968,Gm1968,0.5246,0.0871,2.4328,0.0358,0.9714,0.999
Gm19705,Gm19705,12.2421,0.4166,0.3955,1.0533,0.2922,0.8606
Gm19710,Gm19710,23.8949,-0.2133,0.3093,-0.6896,0.4904,0.9181
Gm1976,Gm1976,193.9846,-0.0235,0.1497,-0.1569,0.8753,0.9819
Gm19897,Gm19897,3.4577,0.0517,0.7973,0.0648,0.9483,0.9935
Gm1995,Gm1995,9.8294,0.3891,0.5375,0.7239,0.4691,0.9168
Gm2011,Gm2011,12.7519,0.0608,0.4098,0.1484,0.882,0.9824
Gm20125,Gm20125,3.0405,0.3317,0.8976,0.3695,0.7117,0.9662
Gm20139,Gm20139,19.1975,0.1042,0.4723,0.2206,0.8254,0.9766
Gm2016,Gm2016,68.6318,-0.4498,0.4404,-1.0213,0.3071,0.8653
Gm20219,Gm20219,12.8426,0.4725,0.4333,1.0904,0.2755,0.8588
Gm2022,Gm2022,74.0332,0.1935,0.3831,0.5052,0.6134,0.9425
Gm20257,Gm20257,29.645,-0.3951,0.2751,-1.436,0.151,0.7968
Gm20300,Gm20300,496.1841,-0.0232,0.23,-0.1007,0.9198,0.9879
Gm20324,Gm20324,7.3719,-0.2534,0.8161,-0.3105,0.7562,0.9694
Gm20337,Gm20337,13.1976,0.2203,0.3805,0.579,0.5626,0.9294
Gm2042,Gm2042,1.6695,-1.1679,1.2424,-0.94,0.3472,0.8828
Gm20554,Gm20554,52.3195,0.0745,0.2832,0.2632,0.7924,0.9702
Gm20556,Gm20556,0.4207,0.0109,2.4876,0.0044,0.9965,1
Gm20597,Gm20597,0.5179,-0.0578,2.0357,-0.0284,0.9774,0.9992
Gm20605,Gm20605,30.1071,-0.1715,0.2874,-0.597,0.5505,0.929
Gm20743,Gm20743,3.4679,-1.4273,0.8726,-1.6357,0.1019,0.7679
Gm20744,Gm20744,0.5195,-1.3857,2.3878,-0.5803,0.5617,0.9294
Gm20753,Gm20753,0.633,-0.0019,2.3487,-0.0008,0.9993,1
Gm20755,Gm20755,0.7258,1.741,1.8577,0.9371,0.3487,0.8829
Gm20756,Gm20756,7.552,-0.3506,0.5064,-0.6923,0.4887,0.9175
Gm20758,Gm20758,3.5542,0.2522,0.7783,0.324,0.7459,0.9694
Gm20939,Gm20939,3.6739,0.1944,0.7402,0.2627,0.7928,0.9702
Gm2115,Gm2115,1191.5721,-0.35,0.1376,-2.5425,0.011,0.732
Gm21188,Gm21188,1.9903,0.8425,0.9954,0.8464,0.3973,0.8991
Gm21284,Gm21284,1.8946,1.2842,1.1136,1.1532,0.2488,0.8438
Gm2176,Gm2176,0.9414,0.5763,1.5372,0.3749,0.7077,0.9657
Gm21859,Gm21859,0.6309,1.8844,1.86,1.0131,0.311,0.8677
Gm2381,Gm2381,1.1602,-0.7784,1.7395,-0.4475,0.6545,0.9548
Gm24148,Gm24148,2.3075,0.8895,1.3045,0.6819,0.4953,0.9181
Gm2518,Gm2518,3.4482,0.1069,0.7499,0.1426,0.8866,0.9833
Gm25500,Gm25500,6.7919,0.3799,0.611,0.6218,0.5341,0.9258
Gm2560,Gm2560,30.4532,0.0466,0.2664,0.1751,0.861,0.9802
Gm266,Gm266,10.8922,-0.18,0.4664,-0.386,0.6995,0.9635
Gm26705,Gm26705,20.9973,-0.0807,0.3871,-0.2084,0.8349,0.9774
Gm2694,Gm2694,33.0215,-0.1852,0.2872,-0.6449,0.519,0.9219
Gm28042,Gm28042,0.9423,0.7321,1.8579,0.394,0.6936,0.9623
Gm29684,Gm29684,2.2203,-0.9693,1.2295,-0.7884,0.4305,0.9081
Gm29766,Gm29766,190.3826,-0.0986,0.1372,-0.7187,0.4723,0.9168
Gm29811,Gm29811,8.1696,0.3718,0.5534,0.6719,0.5016,0.9188
Gm2a,Gm2a,3674.4185,0.3909,0.2103,1.8591,0.063,0.7457
Gm30505,Gm30505,2.2132,0.4033,1.0275,0.3925,0.6947,0.9623
Gm3086,Gm3086,5.2489,-0.2007,0.6397,-0.3138,0.7537,0.9694
Gm31763,Gm31763,7.453,0.2439,0.6356,0.3838,0.7012,0.9635
Gm3219,Gm3219,52.2888,0.1458,0.3539,0.412,0.6803,0.9614
Gm3230,Gm3230,14.6864,0.2376,0.3564,0.6667,0.505,0.9188
Gm3258,Gm3258,6.9303,0.41,0.5297,0.7739,0.439,0.9106
Gm3336,Gm3336,3.7543,0.076,0.8183,0.0929,0.926,0.9905
Gm3363,Gm3363,3.7837,0.4561,0.8206,0.5559,0.5783,0.9346
Gm3414,Gm3414,22.3488,0.2235,0.3421,0.6535,0.5135,0.9199
Gm3435,Gm3435,39.2819,1.3221,0.5944,2.2241,0.0261,0.732
Gm35612,Gm35612,1.3561,0.6501,1.3595,0.4782,0.6325,0.9466
Gm3604,Gm3604,11.6786,0.1118,0.6171,0.1811,0.8563,0.9796
Gm3636,Gm3636,33.0348,-0.0716,0.3099,-0.2309,0.8174,0.975
Gm364,Gm364,0.5197,1.1852,2.3154,0.5119,0.6087,0.9416
Gm3646,Gm3646,1.4611,-0.1793,1.2617,-0.1421,0.887,0.9833
Gm3704,Gm3704,11.2108,0.5963,0.4089,1.4582,0.1448,0.7928
Gm3716,Gm3716,61.0795,-0.1734,0.4054,-0.4278,0.6688,0.9568
Gm3776,Gm3776,11.8389,1.0008,1.1656,0.8586,0.3906,0.898
Gm38402,Gm38402,0.7257,1.7408,1.8577,0.9371,0.3487,0.8829
Gm38403,Gm38403,409.3437,-0.0565,0.2641,-0.214,0.8306,0.9774
Gm38426,Gm38426,8.29,0.3818,0.4722,0.8086,0.4188,0.9047
Gm38670,Gm38670,8.9912,0.1813,0.473,0.3833,0.7015,0.9635
Gm4013,Gm4013,6.5914,0.3203,0.6095,0.5255,0.5992,0.9405
Gm41,Gm41,1.8776,0.9409,1.1301,0.8326,0.4051,0.9033
Gm4262,Gm4262,47.5246,0.6761,0.3228,2.0945,0.0362,0.732
Gm4285,Gm4285,22.6212,-0.0541,0.3084,-0.1754,0.8607,0.9802
Gm4349,Gm4349,1.154,-1.251,1.3336,-0.938,0.3482,0.8829
Gm4371,Gm4371,19.5491,-0.2911,0.4946,-0.5886,0.5561,0.929
Gm4461,Gm4461,0.732,-0.2853,2.0189,-0.1413,0.8876,0.9833
Gm4477,Gm4477,0.4176,0.7829,2.4802,0.3157,0.7522,0.9694
Gm4532,Gm4532,16.8885,0.2441,0.4628,0.5275,0.5978,0.9396
Gm4737,Gm4737,1283.2415,-0.1808,0.2487,-0.7268,0.4673,0.9168
Gm4787,Gm4787,8.6903,-0.022,0.549,-0.0401,0.968,0.9988
Gm4788,Gm4788,1.1588,-0.7855,1.7389,-0.4517,0.6515,0.9544
Gm4827,Gm4827,1.0484,-0.4364,1.5692,-0.2781,0.7809,0.97
Gm4832,Gm4832,0.3167,0.6974,2.5707,0.2713,0.7862,0.97
Gm4841,Gm4841,0.6229,-0.6901,2.3623,-0.2921,0.7702,0.97
Gm4861,Gm4861,0.4129,-0.7667,2.4832,-0.3088,0.7575,0.9694
Gm4890,Gm4890,10.7678,0.1023,0.4449,0.2298,0.8182,0.9753
Gm4907,Gm4907,1.352,-0.6303,1.2384,-0.5089,0.6108,0.9418
Gm4925,Gm4925,5.9713,0.2037,0.5954,0.3421,0.7323,0.9694
Gm4944,Gm4944,79.3143,0.4242,0.2414,1.7573,0.0789,0.7572
Gm4951,Gm4951,1.4699,0.5568,1.2993,0.4285,0.6683,0.9568
Gm4952,Gm4952,1.2612,0.368,1.4321,0.257,0.7972,0.9713
Gm4961,Gm4961,1.784,-0.0479,0.9768,-0.049,0.9609,0.9969
Gm4984,Gm4984,0.5285,-0.4921,1.9752,-0.2491,0.8033,0.9719
Gm5039,Gm5039,63.2559,0.3102,0.3665,0.8463,0.3974,0.8991
Gm5069,Gm5069,27.4611,-0.5405,0.2971,-1.819,0.0689,0.7507
Gm5082,Gm5082,1.1566,0.628,1.8212,0.3448,0.7302,0.9694
Gm5084,Gm5084,8.2069,-0.3175,0.5944,-0.5342,0.5932,0.9385
Gm5086,Gm5086,0.6334,0.0053,1.6767,0.0032,0.9975,1
Gm5088,Gm5088,119.5999,-0.1683,0.1599,-1.053,0.2923,0.8606
Gm5091,Gm5091,3.2559,0.231,0.7425,0.3111,0.7558,0.9694
Gm5105,Gm5105,237.696,-0.2058,0.1982,-1.0384,0.2991,0.8612
Gm5111,Gm5111,0.4207,0.0043,2.4872,0.0017,0.9986,1
Gm5113,Gm5113,188.7367,-0.0375,0.1792,-0.2091,0.8344,0.9774
Gm5122,Gm5122,0.5188,-0.0614,2.036,-0.0301,0.976,0.9992
Gm5124,Gm5124,0.7385,-0.3713,1.8158,-0.2045,0.838,0.9775
Gm5126,Gm5126,3.4491,-0.0242,0.7156,-0.0338,0.973,0.999
Gm5129,Gm5129,1.461,2.1583,1.3199,1.6352,0.102,0.7679
Gm5141,Gm5141,16.3783,-0.3354,0.4176,-0.8031,0.4219,0.906
Gm5148,Gm5148,242.7619,0.2778,0.3973,0.6992,0.4844,0.9168
Gm5176,Gm5176,2.613,-0.7596,0.9845,-0.7715,0.4404,0.9112
Gm527,Gm527,84.686,0.1494,0.2024,0.7383,0.4603,0.9142
Gm5294,Gm5294,0.3157,-0.6835,2.5731,-0.2656,0.7905,0.97
Gm5420,Gm5420,0.4186,2.1202,2.4092,0.88,0.3789,0.8935
Gm5431,Gm5431,1.4729,0.736,1.231,0.5979,0.5499,0.929
Gm5460,Gm5460,0.6237,-0.6357,1.7485,-0.3635,0.7162,0.9662
Gm5464,Gm5464,1.5637,0.4299,1.2344,0.3483,0.7276,0.9694
Gm5468,Gm5468,0.7315,-0.1299,1.6794,-0.0773,0.9383,0.9923
Gm5475,Gm5475,0.6247,-0.6339,1.7481,-0.3626,0.7169,0.9662
Gm5512,Gm5512,4.663,-0.0202,0.9089,-0.0222,0.9823,1
Gm5523,Gm5523,7.4514,0.2518,0.7387,0.3408,0.7332,0.9694
Gm5532,Gm5532,123.4528,-0.463,0.3445,-1.3441,0.1789,0.8123
Gm5535,Gm5535,0.7308,-1.0425,1.894,-0.5504,0.582,0.9353
Gm5544,Gm5544,3.2495,0.1023,0.9454,0.1082,0.9138,0.9874
Gm5547,Gm5547,1.4628,0.8482,1.2164,0.6973,0.4856,0.9168
Gm5577,Gm5577,18.3421,-0.3484,0.335,-1.0399,0.2984,0.8608
Gm5595,Gm5595,45.5259,0.2331,0.2132,1.0933,0.2742,0.8588
Gm561,Gm561,173.9227,0.1952,0.1485,1.3147,0.1886,0.8161
Gm5617,Gm5617,64.023,0.0246,0.2944,0.0835,0.9334,0.9922
Gm5643,Gm5643,17.7679,-0.4957,0.3398,-1.4588,0.1446,0.7928
Gm5662,Gm5662,152.0088,-0.5938,0.3173,-1.8713,0.0613,0.7456
Gm572,Gm572,3.8602,-0.9483,0.8032,-1.1807,0.2377,0.838
Gm5741,Gm5741,6.2595,0.8839,0.8765,1.0085,0.3132,0.8691
Gm5779,Gm5779,11.797,0.0433,0.5841,0.0741,0.9409,0.9923
Gm5801,Gm5801,279.313,0.0891,0.205,0.4344,0.664,0.9561
Gm5803,Gm5803,4.2201,-0.1463,1.1488,-0.1273,0.8987,0.9855
Gm5820,Gm5820,1.8833,0.2426,0.9874,0.2457,0.8059,0.9726
Gm5833,Gm5833,0.7404,-1.1853,1.8518,-0.6401,0.5221,0.9223
Gm6034,Gm6034,1.56,-1.0119,1.2639,-0.8006,0.4233,0.906
Gm608,Gm608,1104.1378,-0.2342,0.2986,-0.7843,0.4329,0.9089
Gm6093,Gm6093,258.7025,0.4996,0.1909,2.6177,0.0089,0.732
Gm614,Gm614,1.576,0.3268,1.1533,0.2833,0.7769,0.97
Gm6194,Gm6194,1.2663,-0.0003,1.2224,-0.0002,0.9998,1
Gm6225,Gm6225,4.5079,0.3618,0.7874,0.4594,0.6459,0.9528
Gm6251,Gm6251,5.9801,0.2005,0.5471,0.3664,0.714,0.9662
Gm6277,Gm6277,4.4896,0.7091,0.7631,0.9293,0.3528,0.8839
Gm6297,Gm6297,15.6256,-0.0337,0.4012,-0.0841,0.933,0.9921
Gm6307,Gm6307,5.5435,-0.258,0.6349,-0.4063,0.6845,0.9623
Gm6377,Gm6377,4.8323,0.4582,0.7509,0.6102,0.5417,0.9283
Gm6402,Gm6402,5.253,-0.0272,0.7586,-0.0359,0.9714,0.999
Gm6416,Gm6416,1.1419,0.0277,1.5459,0.0179,0.9857,1
Gm6484,Gm6484,3.7592,0.4005,0.8177,0.4897,0.6243,0.9451
Gm6498,Gm6498,0.4215,-1.1691,2.4223,-0.4826,0.6293,0.9451
Gm6524,Gm6524,2.1936,-0.3466,0.8904,-0.3892,0.6971,0.9632
Gm6525,Gm6525,1.4722,-1.7409,1.4472,-1.2029,0.229,0.8326
Gm6537,Gm6537,0.7376,-0.3803,1.6004,-0.2376,0.8122,0.9742
Gm6548,Gm6548,396.8275,-0.0983,0.1223,-0.8036,0.4216,0.906
Gm6559,Gm6559,1.5647,0.9263,1.2371,0.7487,0.454,0.9127
Gm6567,Gm6567,2.0896,0.4388,0.9953,0.4408,0.6593,0.9548
Gm6568,Gm6568,1.7866,-0.7731,1.1286,-0.685,0.4934,0.9181
Gm6578,Gm6578,0.4187,0.7829,2.4788,0.3158,0.7521,0.9694
Gm6583,Gm6583,1.0513,-0.2043,1.3468,-0.1517,0.8794,0.9823
Gm6592,Gm6592,1.0562,-0.5668,1.4308,-0.3961,0.692,0.9623
Gm6623,Gm6623,3.2651,0.711,0.9413,0.7553,0.45,0.912
Gm6634,Gm6634,275.4856,-0.0318,0.2084,-0.1527,0.8786,0.9821
Gm6654,Gm6654,17.1249,0.2152,0.4144,0.5192,0.6036,0.941
Gm6682,Gm6682,212.5825,-0.2568,0.2455,-1.0459,0.2956,0.8606
Gm6710,Gm6710,1.5766,1.8281,1.426,1.282,0.1998,0.8249
Gm6787,Gm6787,7.4422,-0.4461,0.5841,-0.7638,0.445,0.912
Gm6815,Gm6815,0.4236,-1.1727,2.4208,-0.4844,0.6281,0.9451
Gm684,Gm684,105.0278,-0.2823,0.2067,-1.3658,0.172,0.8069
Gm6880,Gm6880,14.761,0.3993,0.362,1.1029,0.2701,0.8588
Gm6904,Gm6904,4.8094,1.4047,0.8584,1.6365,0.1017,0.7679
Gm6981,Gm6981,6.7986,-0.6457,0.5579,-1.1574,0.2471,0.8426
Gm7008,Gm7008,5.6463,-0.3564,0.6321,-0.5638,0.5729,0.9325
Gm7030,Gm7030,2.7938,0.1907,1.326,0.1438,0.8856,0.9833
Gm7102,Gm7102,1.7799,0.5675,0.9952,0.5702,0.5685,0.9313
Gm7104,Gm7104,3.8798,-0.0822,0.7378,-0.1114,0.9113,0.9873
Gm7120,Gm7120,118.7215,0.1297,0.2278,0.5695,0.569,0.9313
Gm7325,Gm7325,2421.7136,-0.1145,0.1861,-0.6155,0.5383,0.9276
Gm7361,Gm7361,114.5313,0.3697,0.2368,1.5609,0.1185,0.7753
Gm7609,Gm7609,1.8906,-0.6998,1.0602,-0.6601,0.5092,0.9195
Gm7694,Gm7694,5.9399,-0.908,0.674,-1.3471,0.1779,0.8123
Gm773,Gm773,89.6143,-0.2257,0.1859,-1.2141,0.2247,0.8313
Gm7904,Gm7904,1.0411,0.5464,1.6464,0.3319,0.74,0.9694
Gm8096,Gm8096,0.4224,-1.1691,2.4213,-0.4829,0.6292,0.9451
Gm8234,Gm8234,2.7163,-0.3273,0.8482,-0.3859,0.6996,0.9635
Gm8267,Gm8267,0.4227,-1.1727,2.4219,-0.4842,0.6282,0.9451
Gm8300,Gm8300,247.2982,-0.2368,0.1605,-1.4755,0.1401,0.7903
Gm8369,Gm8369,2.0934,-1.0509,0.9509,-1.1052,0.2691,0.858
Gm8615,Gm8615,936.7179,0.4376,0.1806,2.4227,0.0154,0.732
Gm867,Gm867,44.6546,0.9072,0.4927,1.8411,0.0656,0.7457
Gm8773,Gm8773,27.9475,-0.3569,0.3388,-1.0533,0.2922,0.8606
Gm8801,Gm8801,162.5516,0.1074,0.2737,0.3925,0.6947,0.9623
Gm8817,Gm8817,1.5565,-1.2391,1.4468,-0.8564,0.3918,0.8983
Gm8883,Gm8883,24.0473,0.0193,0.3798,0.0509,0.9594,0.9968
Gm8909,Gm8909,8.0166,0.3477,0.713,0.4877,0.6258,0.9451
Gm904,Gm904,0.4217,0.0073,2.0629,0.0036,0.9972,1
Gm9054,Gm9054,5.2238,-0.9008,0.7185,-1.2536,0.21,0.8265
Gm9079,Gm9079,40.7859,-0.0405,0.3039,-0.1334,0.8939,0.9843
Gm9159,Gm9159,1.0433,-0.7061,1.3403,-0.5268,0.5983,0.9397
Gm9199,Gm9199,34.2903,0.0339,0.5104,0.0665,0.947,0.9934
Gm960,Gm960,15.6084,-0.0101,0.4019,-0.0251,0.98,1
Gm973,Gm973,2.7355,-0.1115,1.0152,-0.1099,0.9125,0.9873
Gm9758,Gm9758,0.4177,0.7833,2.4802,0.3158,0.7521,0.9694
Gm9776,Gm9776,67.2308,0.2312,0.2067,1.1185,0.2633,0.8538
Gm9833,Gm9833,20.462,-0.3188,0.3798,-0.8394,0.4013,0.9021
Gm9895,Gm9895,0.6256,-0.6362,1.7483,-0.3639,0.7159,0.9662
Gm9920,Gm9920,3.3695,-0.4734,0.8581,-0.5517,0.5812,0.9352
Gm9958,Gm9958,26.3157,0.1722,0.4572,0.3765,0.7065,0.9654
Gm996,Gm996,173.8978,0.0231,0.1464,0.158,0.8744,0.9819
Gm9992,Gm9992,148.2333,1.1342,0.5068,2.238,0.0252,0.732
Gm9994,Gm9994,12.4537,0.4028,0.4183,0.9628,0.3356,0.8778
Gmcl1,Gmcl1,1169.2668,0.0635,0.0748,0.8481,0.3964,0.8991
Gmds,Gmds,1252.9145,0.3258,0.206,1.5817,0.1137,0.7736
Gmeb1,Gmeb1,896.4934,-0.1176,0.1435,-0.8191,0.4127,0.9033
Gmeb2,Gmeb2,837.3665,-0.0177,0.0837,-0.2116,0.8324,0.9774
Gmfb,Gmfb,5354.3312,-0.1431,0.1727,-0.8284,0.4075,0.9033
Gmip,Gmip,462.1648,0.019,0.0952,0.1999,0.8415,0.9775
Gml,Gml,1.6774,0.9386,1.3878,0.6763,0.4989,0.9181
Gml2,Gml2,0.5197,-1.3564,1.9907,-0.6814,0.4956,0.9181
Gmnn,Gmnn,581.8981,-0.4762,0.226,-2.1074,0.0351,0.732
Gmppa,Gmppa,2061.4471,0.1171,0.0764,1.5328,0.1253,0.7753
Gmppb,Gmppb,887.6058,-0.091,0.129,-0.7055,0.4805,0.9168
Gmpr,Gmpr,528.8592,0.0274,0.1459,0.1881,0.8508,0.9788
Gmpr2,Gmpr2,840.187,-0.1331,0.0833,-1.5967,0.1103,0.7736
Gmps,Gmps,2762.0126,-0.124,0.0926,-1.3396,0.1804,0.8126
Gna11,Gna11,5220.2046,0.0231,0.0651,0.3541,0.7233,0.9688
Gna12,Gna12,1239.349,0.0346,0.0845,0.4095,0.6821,0.962
Gna13,Gna13,3242.5709,0.036,0.0728,0.4948,0.6207,0.9436
Gna14,Gna14,10.7124,0.288,0.4434,0.6494,0.5161,0.9209
Gna15,Gna15,2.2982,-0.4973,1.1979,-0.4151,0.6781,0.961
Gnai1,Gnai1,365.5479,-0.1296,0.1904,-0.6806,0.4961,0.9181
Gnai2,Gnai2,19558.2044,-0.0419,0.0734,-0.5713,0.5678,0.9312
Gnai3,Gnai3,6670.3273,-0.114,0.1227,-0.9288,0.353,0.8839
Gnal,Gnal,122.7269,0.0355,0.206,0.1723,0.8632,0.9807
Gnao1,Gnao1,5503.1479,0.0331,0.0842,0.3928,0.6945,0.9623
Gnaq,Gnaq,1596.6347,-0.1595,0.1747,-0.9135,0.361,0.8868
Gnas,Gnas,41416.6298,-0.1033,0.0973,-1.0617,0.2884,0.8606
Gnat1,Gnat1,0.7307,-0.1315,1.6794,-0.0783,0.9376,0.9923
Gnat2,Gnat2,11.7087,-0.0591,0.4282,-0.1381,0.8902,0.9837
Gnat3,Gnat3,1.1421,1.4578,1.9141,0.7616,0.4463,0.912
Gnaz,Gnaz,61.6273,0.0112,0.2291,0.049,0.9609,0.9969
Gnb1,Gnb1,16397.7802,-0.0056,0.067,-0.0839,0.9332,0.9921
Gnb1l,Gnb1l,186.3628,0.0328,0.1424,0.2302,0.8179,0.9753
Gnb2,Gnb2,8156.6993,-0.0149,0.1076,-0.1384,0.8899,0.9837
Gnb2l1,Gnb2l1,45371.369,0.1859,0.1416,1.3132,0.1891,0.8161
Gnb3,Gnb3,0.7356,-0.3609,2.3077,-0.1564,0.8757,0.9819
Gnb4,Gnb4,1440.3386,-0.0875,0.0916,-0.9554,0.3394,0.879
Gnb5,Gnb5,1057.0077,0.2422,0.1255,1.9308,0.0535,0.7365
Gne,Gne,813.0649,0.0851,0.1309,0.6502,0.5155,0.9204
Gng10,Gng10,3594.7193,-0.0735,0.0816,-0.9007,0.3677,0.8911
Gng11,Gng11,437.4655,-0.0073,0.1033,-0.0709,0.9435,0.9929
Gng12,Gng12,5169.5852,0.1047,0.131,0.799,0.4243,0.906
Gng13,Gng13,1.2629,-0.1763,1.1843,-0.1488,0.8817,0.9824
Gng2,Gng2,3409.8982,-0.4098,0.2291,-1.7886,0.0737,0.752
Gng3,Gng3,6.2731,-0.2146,0.5804,-0.3698,0.7115,0.9662
Gng4,Gng4,24.9588,0.1688,0.3304,0.5109,0.6094,0.9416
Gng5,Gng5,2918.3103,0.0858,0.1224,0.7009,0.4834,0.9168
Gng7,Gng7,119.3172,0.1561,0.1802,0.866,0.3865,0.8952
Gng8,Gng8,24.7463,0.3447,0.3377,1.0206,0.3075,0.8653
Gngt2,Gngt2,11.6175,1.3154,0.7829,1.6802,0.0929,0.7643
Gnl1,Gnl1,3087.5338,-0.0301,0.1052,-0.2861,0.7748,0.97
Gnl2,Gnl2,2368.9948,-0.0826,0.0971,-0.8513,0.3946,0.8987
Gnl3,Gnl3,2969.3714,-0.1365,0.1015,-1.3454,0.1785,0.8123
Gnl3l,Gnl3l,3276.7677,-0.0634,0.0985,-0.6431,0.5202,0.9221
Gnmt,Gnmt,5.1186,0.0263,0.6224,0.0423,0.9662,0.9984
Gnpat,Gnpat,3257.7372,-0.0402,0.0961,-0.418,0.676,0.9598
Gnpda1,Gnpda1,351.9975,0.4361,0.1868,2.3347,0.0196,0.732
Gnpda2,Gnpda2,379.5319,-0.0814,0.1197,-0.6802,0.4964,0.9181
Gnpnat1,Gnpnat1,1392.0707,0.2119,0.1989,1.0652,0.2868,0.8606
Gnptab,Gnptab,1967.1231,0.2661,0.2017,1.319,0.1872,0.8161
Gnptg,Gnptg,1007.9598,0.3412,0.1518,2.2478,0.0246,0.732
Gnrh1,Gnrh1,25.9213,-0.3118,0.4003,-0.7788,0.4361,0.9094
Gns,Gns,9763.8048,0.4509,0.1729,2.6083,0.0091,0.732
Golga1,Golga1,1164.331,-0.0788,0.1819,-0.4333,0.6648,0.9561
Golga2,Golga2,4456.7576,0.0172,0.0559,0.3074,0.7586,0.9694
Golga3,Golga3,2324.8693,-0.0226,0.0901,-0.2512,0.8016,0.9719
Golga4,Golga4,2576.192,-0.0694,0.213,-0.3258,0.7446,0.9694
Golga5,Golga5,1808.8506,0.0077,0.0811,0.0953,0.9241,0.99
Golga7,Golga7,3330.1637,0.0105,0.088,0.1194,0.905,0.9865
Golga7b,Golga7b,3.872,-0.2995,0.6787,-0.4412,0.659,0.9548
Golgb1,Golgb1,2558.8464,-0.0794,0.2104,-0.3776,0.7058,0.965
Golim4,Golim4,2985.0228,-0.1318,0.1789,-0.7364,0.4615,0.9146
Golm1,Golm1,755.5687,-0.403,0.1626,-2.4784,0.0132,0.732
Golph3,Golph3,6639.2309,-0.1146,0.1022,-1.1214,0.2621,0.853
Golph3l,Golph3l,1185.7023,0.0657,0.1252,0.5248,0.5997,0.9406
Golt1b,Golt1b,3280.7444,-0.0778,0.0581,-1.3391,0.1805,0.8126
Gon4l,Gon4l,1228.806,-0.0774,0.0654,-1.185,0.236,0.8369
Gopc,Gopc,1861.0557,0.0248,0.1154,0.2146,0.8301,0.9774
Gorab,Gorab,1290.6142,0.0914,0.12,0.7612,0.4466,0.912
Gorasp1,Gorasp1,1109.7654,0.1461,0.1131,1.2917,0.1965,0.8209
Gorasp2,Gorasp2,6268.8499,-0.0345,0.0789,-0.4372,0.662,0.9551
Gosr1,Gosr1,2228.5613,-0.0077,0.0704,-0.1092,0.9131,0.9874
Gosr2,Gosr2,5169.7549,0.0387,0.059,0.656,0.5118,0.9195
Got1,Got1,2936.0466,0.2692,0.1357,1.983,0.0474,0.7364
Got2,Got2,12263.9458,0.0795,0.1205,0.6596,0.5095,0.9195
Gp1ba,Gp1ba,22.4249,-0.1579,0.421,-0.3752,0.7075,0.9657
Gp1bb,Gp1bb,113.2292,-0.021,0.1573,-0.1334,0.8939,0.9843
Gp5,Gp5,23.3303,-0.4614,0.3352,-1.3766,0.1686,0.8047
Gpa33,Gpa33,8.3818,0.1876,0.4592,0.4086,0.6828,0.962
Gpaa1,Gpaa1,2042.4416,0.1044,0.0932,1.1198,0.2628,0.8534
Gpalpp1,Gpalpp1,1726.6453,-0.0281,0.1451,-0.1937,0.8464,0.9777
Gpam,Gpam,1674.2334,-0.2331,0.1919,-1.2146,0.2245,0.8313
Gpank1,Gpank1,414.0615,0.1532,0.1752,0.8746,0.3818,0.8935
Gpat2,Gpat2,1.89,-0.2132,0.9659,-0.2207,0.8253,0.9766
Gpatch1,Gpatch1,604.7998,-0.0511,0.0868,-0.5881,0.5565,0.929
Gpatch11,Gpatch11,787.4977,-0.1246,0.085,-1.4648,0.143,0.7928
Gpatch2,Gpatch2,720.8162,-0.1481,0.1608,-0.921,0.3571,0.8858
Gpatch2l,Gpatch2l,1295.9973,-0.0785,0.0546,-1.4375,0.1506,0.7968
Gpatch3,Gpatch3,211.0713,0.0754,0.1274,0.5923,0.5536,0.929
Gpatch4,Gpatch4,500.5019,-0.1402,0.0939,-1.4936,0.1353,0.7827
Gpatch8,Gpatch8,1848.7015,-0.1443,0.1344,-1.0736,0.283,0.8606
Gpbar1,Gpbar1,3.8707,-1.2789,0.8049,-1.5889,0.1121,0.7736
Gpbp1,Gpbp1,2604.3141,-0.13,0.2288,-0.5683,0.5698,0.9317
Gpbp1l1,Gpbp1l1,1737.1759,0.0547,0.1081,0.5062,0.6127,0.942
Gpc1,Gpc1,45161.6878,0.0993,0.1115,0.8907,0.3731,0.893
Gpc2,Gpc2,47.4797,-0.1879,0.3145,-0.5976,0.5501,0.929
Gpc4,Gpc4,3.4405,-0.6186,0.933,-0.663,0.5073,0.9188
Gpc6,Gpc6,2489.6594,-0.3105,0.134,-2.3172,0.0205,0.732
Gpcpd1,Gpcpd1,781.1409,0.229,0.2198,1.0419,0.2974,0.8608
Gpd1,Gpd1,87.9119,-0.5625,0.3523,-1.5968,0.1103,0.7736
Gpd1l,Gpd1l,2058.3186,-0.0476,0.117,-0.4068,0.6842,0.9623
Gpd2,Gpd2,1644.4096,-0.02,0.1075,-0.1859,0.8525,0.9789
Gper1,Gper1,1010.3245,-0.394,0.2113,-1.8647,0.0622,0.7456
Gpha2,Gpha2,4.9073,-0.1234,0.7644,-0.1614,0.8718,0.9819
Gphn,Gphn,614.5298,-0.1785,0.1805,-0.9889,0.3227,0.8731
Gpi1,Gpi1,26025.5823,0.3018,0.1433,2.1052,0.0353,0.732
Gpkow,Gpkow,2287.5165,-0.0665,0.0625,-1.0634,0.2876,0.8606
Gpld1,Gpld1,703.7922,-0.0201,0.1359,-0.1479,0.8824,0.9825
Gpm6b,Gpm6b,1340.3931,-0.1842,0.1957,-0.9413,0.3466,0.8828
Gpn1,Gpn1,931.1756,-0.0207,0.0696,-0.2974,0.7662,0.97
Gpn2,Gpn2,539.9153,0.0414,0.0999,0.4142,0.6787,0.961
Gpn3,Gpn3,778.3354,-0.0276,0.0768,-0.3597,0.7191,0.9672
Gpnmb,Gpnmb,61.8508,1.2456,0.5775,2.1569,0.031,0.732
Gpr1,Gpr1,1.0493,-0.4379,1.5695,-0.279,0.7802,0.97
Gpr107,Gpr107,3487.5161,0.1288,0.0781,1.6494,0.0991,0.7669
Gpr108,Gpr108,2885.9062,0.3194,0.1295,2.4664,0.0136,0.732
Gpr135,Gpr135,11.1368,-0.4119,0.4678,-0.8806,0.3786,0.8935
Gpr137,Gpr137,838.6369,0.0453,0.1001,0.4524,0.651,0.9544
Gpr137b,Gpr137b,2915.0594,1.32,0.9229,1.4303,0.1526,0.7987
Gpr137b-ps,Gpr137b-ps,1198.1978,0.8081,0.4158,1.9435,0.052,0.7364
Gpr137c,Gpr137c,21.4638,0.1785,0.3126,0.571,0.568,0.9312
Gpr141,Gpr141,10.8876,0.2486,0.6087,0.4083,0.683,0.962
Gpr142,Gpr142,1.8768,-0.2327,0.9997,-0.2328,0.816,0.975
Gpr143,Gpr143,0.6327,0.8695,1.9391,0.4484,0.6539,0.9548
Gpr146,Gpr146,643.5925,0.5708,0.2501,2.2823,0.0225,0.732
Gpr149,Gpr149,8.0408,-0.9428,0.7474,-1.2614,0.2072,0.8262
Gpr15,Gpr15,0.8392,0.5653,1.8869,0.2996,0.7645,0.97
Gpr151,Gpr151,3.0361,-1.6591,0.932,-1.7802,0.075,0.7532
Gpr152,Gpr152,1.2455,0.8201,1.3839,0.5926,0.5534,0.929
Gpr153,Gpr153,1434.5364,-0.3878,0.2716,-1.4278,0.1534,0.7988
Gpr155,Gpr155,592.4283,-0.0344,0.2277,-0.151,0.88,0.9823
Gpr156,Gpr156,7.4585,-0.3438,0.5676,-0.6058,0.5447,0.9285
Gpr157,Gpr157,139.0138,-0.1339,0.1725,-0.7761,0.4377,0.9103
Gpr160,Gpr160,2.0057,-0.1456,1.0587,-0.1375,0.8906,0.9838
Gpr161,Gpr161,150.195,0.0109,0.1699,0.0641,0.9489,0.9935
Gpr162,Gpr162,55.2893,0.271,0.3074,0.8819,0.3778,0.8935
Gpr17,Gpr17,7.4328,-0.0319,0.6029,-0.053,0.9577,0.9962
Gpr173,Gpr173,101.946,-0.0955,0.1601,-0.5961,0.5511,0.929
Gpr174,Gpr174,1.0563,-1.1674,1.4944,-0.7812,0.4347,0.9089
Gpr176,Gpr176,1496.0987,0.6223,0.2109,2.9503,0.0032,0.732
Gpr179,Gpr179,52.3561,-0.2047,0.4007,-0.5109,0.6094,0.9416
Gpr18,Gpr18,3.9799,-0.1161,0.6874,-0.169,0.8658,0.9815
Gpr180,Gpr180,1367.4151,0.1622,0.1383,1.1727,0.2409,0.84
Gpr182,Gpr182,10.6885,0.3814,0.4348,0.8771,0.3804,0.8935
Gpr19,Gpr19,88.4923,0.0365,0.178,0.2052,0.8374,0.9774
Gpr20,Gpr20,74.3575,-0.5853,0.4813,-1.2159,0.224,0.831
Gpr21,Gpr21,3.1476,-0.4656,0.7864,-0.5921,0.5538,0.929
Gpr25,Gpr25,1.8734,-0.0637,1.1979,-0.0532,0.9576,0.9962
Gpr3,Gpr3,10.481,-0.1407,0.4335,-0.3246,0.7455,0.9694
Gpr34,Gpr34,1.3644,0.5683,1.354,0.4197,0.6747,0.9598
Gpr35,Gpr35,488.2385,0.5761,0.4083,1.4108,0.1583,0.8015
Gpr37,Gpr37,11.8124,-0.5374,0.4835,-1.1114,0.2664,0.8547
Gpr37l1,Gpr37l1,3.3697,-0.3055,0.8103,-0.3769,0.7062,0.965
Gpr39,Gpr39,66.9997,0.4395,0.3851,1.1414,0.2537,0.8453
Gpr4,Gpr4,2.3099,-0.8587,0.8891,-0.9658,0.3341,0.8778
Gpr52,Gpr52,4.4138,-0.2733,0.7382,-0.3703,0.7112,0.9662
Gpr61,Gpr61,0.6325,-0.0004,2.3486,-0.0002,0.9999,1
Gpr62,Gpr62,10.0376,-0.6342,0.5745,-1.104,0.2696,0.8588
Gpr63,Gpr63,80.0492,-0.2812,0.3509,-0.8013,0.4229,0.906
Gpr68,Gpr68,22.3748,0.6607,0.5314,1.2433,0.2138,0.8265
Gpr75,Gpr75,4.1903,-0.9209,0.6707,-1.3731,0.1697,0.8054
Gpr83,Gpr83,0.6312,1.767,2.3322,0.7576,0.4487,0.912
Gpr84,Gpr84,2.9236,1.7241,1.5203,1.1341,0.2568,0.8478
Gpr85,Gpr85,13.9187,0.1238,0.4175,0.2966,0.7667,0.97
Gpr88,Gpr88,1.0459,0.2023,1.3839,0.1462,0.8838,0.9825
Gpr89,Gpr89,907.1253,0.0625,0.1071,0.5833,0.5597,0.9294
Gprasp1,Gprasp1,508.2172,-0.1567,0.211,-0.7425,0.4578,0.9137
Gprasp2,Gprasp2,31.872,-0.1669,0.2675,-0.624,0.5326,0.9254
Gprc5a,Gprc5a,783.7324,0.4005,0.1814,2.208,0.0272,0.732
Gprc5b,Gprc5b,3213.31,0.203,0.0803,2.5295,0.0114,0.732
Gprc5c,Gprc5c,2352.4725,-0.0881,0.215,-0.4098,0.682,0.962
Gprc5d,Gprc5d,34.2753,0.3727,0.3478,1.0715,0.2839,0.8606
Gprin1,Gprin1,23.4019,-0.6907,0.4516,-1.5294,0.1262,0.7753
Gprin2,Gprin2,1.9984,-1.0245,1.2039,-0.8509,0.3948,0.8987
Gprin3,Gprin3,228.2586,-0.1949,0.2386,-0.8171,0.4139,0.9033
Gps1,Gps1,4018.4705,0.0117,0.1045,0.1117,0.9111,0.9873
Gps2,Gps2,733.0249,0.0692,0.0994,0.6966,0.4861,0.9168
Gpsm1,Gpsm1,1010.9844,0.0271,0.084,0.3228,0.7469,0.9694
Gpsm2,Gpsm2,1579.5686,-0.1709,0.0946,-1.8066,0.0708,0.7515
Gpsm3,Gpsm3,53.4027,0.2089,0.2908,0.7184,0.4725,0.9168
Gpt,Gpt,204.6633,0.0426,0.1152,0.3698,0.7116,0.9662
Gpt2,Gpt2,5528.8065,0.3197,0.1456,2.1954,0.0281,0.732
Gpx1,Gpx1,3818.1165,-0.0082,0.132,-0.0618,0.9507,0.9939
Gpx3,Gpx3,11161.1931,0.5711,0.2639,2.1638,0.0305,0.732
Gpx4,Gpx4,9355.9685,0.1054,0.0788,1.3367,0.1813,0.8131
Gpx5,Gpx5,0.413,0.695,2.4257,0.2865,0.7745,0.97
Gpx7,Gpx7,11.3861,-0.7732,0.4542,-1.7023,0.0887,0.764
Gpx8,Gpx8,5916.8242,-0.1216,0.098,-1.2399,0.215,0.8269
Gramd1a,Gramd1a,1342.2446,0.0645,0.0642,1.004,0.3154,0.8694
Gramd1b,Gramd1b,243.968,0.0956,0.124,0.7707,0.4409,0.9112
Gramd1c,Gramd1c,42.5601,-0.281,0.473,-0.594,0.5525,0.929
Gramd2,Gramd2,11.5284,-0.2052,0.4241,-0.484,0.6284,0.9451
Gramd3,Gramd3,609.606,-0.04,0.0989,-0.4046,0.6858,0.9623
Gramd4,Gramd4,2919.721,0.3604,0.2148,1.6779,0.0934,0.7643
Grap,Grap,1.2551,1.1776,1.2665,0.9298,0.3525,0.8839
Grap2,Grap2,0.5198,-0.0594,2.0354,-0.0292,0.9767,0.9992
Grasp,Grasp,562.5396,0.1456,0.092,1.5832,0.1134,0.7736
Grb10,Grb10,14.3432,-0.2395,0.4406,-0.5435,0.5868,0.9355
Grb14,Grb14,825.9426,-0.204,0.211,-0.9672,0.3334,0.8778
Grb2,Grb2,4523.9422,0.0575,0.0626,0.9182,0.3585,0.8858
Grcc10,Grcc10,1917.1244,0.1796,0.1182,1.5199,0.1285,0.7758
Greb1,Greb1,130.4979,-0.7944,0.5491,-1.4467,0.148,0.7958
Greb1l,Greb1l,45.8447,-0.3164,0.217,-1.4581,0.1448,0.7928
Grem1,Grem1,4645.1785,0.7117,0.4179,1.7029,0.0886,0.764
Grem2,Grem2,521.5323,0.1149,0.1984,0.5793,0.5624,0.9294
Grhl1,Grhl1,14.9113,-0.3579,0.5318,-0.6731,0.5009,0.9183
Grhl3,Grhl3,63.6889,-0.0625,0.3358,-0.1861,0.8524,0.9789
Grhpr,Grhpr,1199.0926,0.0726,0.1257,0.5779,0.5633,0.9295
Gria1,Gria1,37.989,0.1388,0.2718,0.5107,0.6096,0.9416
Gria3,Gria3,3.4666,-0.1674,0.8434,-0.1985,0.8427,0.9775
Gria4,Gria4,0.4215,-1.1666,2.4216,-0.4818,0.63,0.9451
Grid1,Grid1,4.485,-1.1766,0.7437,-1.5821,0.1136,0.7736
Grid2ip,Grid2ip,1.4682,-0.7174,1.109,-0.6469,0.5177,0.9214
Grik2,Grik2,5.924,-0.6318,0.8294,-0.7618,0.4462,0.912
Grik5,Grik5,815.5384,0.0196,0.0867,0.2259,0.8213,0.9761
Grin1,Grin1,1.7731,-0.4474,1.012,-0.4421,0.6584,0.9548
Grin2a,Grin2a,1.8965,-0.5901,1.5489,-0.381,0.7032,0.9638
Grin2c,Grin2c,0.6248,-0.665,1.9734,-0.337,0.7361,0.9694
Grin2d,Grin2d,99.4307,-0.1247,0.1959,-0.6366,0.5244,0.9223
Grin3a,Grin3a,3.2299,0.0937,0.8327,0.1125,0.9104,0.9873
Grin3b,Grin3b,37.4627,-0.045,0.3215,-0.1399,0.8888,0.9833
Grina,Grina,7826.8072,0.5242,0.2066,2.5369,0.0112,0.732
Grip1,Grip1,23.2935,-0.4719,0.3411,-1.3836,0.1665,0.8037
Grip2,Grip2,78.1845,-0.536,0.5068,-1.0578,0.2902,0.8606
Gripap1,Gripap1,1332.0055,0.0347,0.0671,0.5173,0.6049,0.941
Grk1,Grk1,0.7387,-0.3823,1.6006,-0.2388,0.8112,0.9742
Grk4,Grk4,53.9618,-0.1569,0.2672,-0.5872,0.557,0.929
Grk5,Grk5,682.0634,0.3196,0.2235,1.4299,0.1527,0.7987
Grk6,Grk6,1925.2057,-0.1576,0.0804,-1.9612,0.0499,0.7364
Grm1,Grm1,0.9479,-0.5623,1.5849,-0.3548,0.7228,0.9685
Grm7,Grm7,1.5683,0.2167,1.103,0.1965,0.8442,0.9775
Grn,Grn,11694.4832,0.3565,0.1487,2.3974,0.0165,0.732
Grpel1,Grpel1,2297.9946,0.0305,0.0956,0.3186,0.75,0.9694
Grpel2,Grpel2,1330.4806,0.0293,0.0872,0.3362,0.7367,0.9694
Grpr,Grpr,3.6788,-0.5392,0.9613,-0.5609,0.5748,0.9329
Grrp1,Grrp1,1.4682,0.1465,1.1211,0.1307,0.8961,0.9854
Grsf1,Grsf1,3381.2174,-0.0347,0.0675,-0.5137,0.6074,0.9411
Grtp1,Grtp1,557.7869,-0.1543,0.1961,-0.7866,0.4315,0.9081
Grwd1,Grwd1,953.6267,-0.0725,0.1073,-0.6755,0.4994,0.9181
Grxcr2,Grxcr2,0.3158,0.6972,2.5723,0.271,0.7864,0.97
Gsap,Gsap,709.2789,0.028,0.0954,0.2932,0.7694,0.97
Gsdma,Gsdma,1.6798,-0.6176,1.0282,-0.6006,0.5481,0.9289
Gsdmc4,Gsdmc4,1.0455,-0.4718,1.867,-0.2527,0.8005,0.9719
Gsdmd,Gsdmd,1509.1538,-0.0272,0.0916,-0.2972,0.7663,0.97
Gse1,Gse1,1083.3774,-0.2226,0.1264,-1.7603,0.0783,0.7572
Gsg1,Gsg1,3.9921,-0.3665,0.7042,-0.5204,0.6028,0.941
Gsg1l,Gsg1l,0.3168,-0.6843,2.5711,-0.2661,0.7901,0.97
Gsg2,Gsg2,233.0077,-0.8571,0.3227,-2.656,0.0079,0.732
Gsk3a,Gsk3a,1709.7023,0.0378,0.1005,0.3762,0.7068,0.9656
Gsk3b,Gsk3b,3840.7535,-0.0548,0.1484,-0.3695,0.7117,0.9662
Gskip,Gskip,1676.5574,0.0005,0.0605,0.0082,0.9935,1
Gsn,Gsn,24468.4842,-0.1317,0.1404,-0.9381,0.3482,0.8829
Gspt1,Gspt1,6248.6421,-0.2084,0.1635,-1.2747,0.2024,0.8262
Gspt2,Gspt2,227.5842,0.0998,0.1362,0.7331,0.4635,0.9157
Gsr,Gsr,1580.0674,0.2582,0.1897,1.3614,0.1734,0.8079
Gss,Gss,2068.6706,0.073,0.0972,0.751,0.4526,0.9121
Gsta1,Gsta1,107.6803,1.5401,1.1939,1.2901,0.197,0.8209
Gsta2,Gsta2,76.2143,1.8181,1.1138,1.6323,0.1026,0.7679
Gsta3,Gsta3,23.1048,1.4206,0.9303,1.5271,0.1267,0.7753
Gsta4,Gsta4,2883.0032,1.0465,0.7528,1.3902,0.1645,0.8037
Gstcd,Gstcd,722.5707,-0.2023,0.0958,-2.1113,0.0347,0.732
Gstk1,Gstk1,9.2136,0.4911,0.4741,1.0359,0.3002,0.8612
Gstm1,Gstm1,4808.3728,0.7112,0.2907,2.4463,0.0144,0.732
Gstm2,Gstm2,1631.9998,0.142,0.0966,1.4695,0.1417,0.7919
Gstm3,Gstm3,1.2612,2.1219,1.3299,1.5955,0.1106,0.7736
Gstm4,Gstm4,18.9653,0.0628,0.4283,0.1467,0.8834,0.9825
Gstm5,Gstm5,740.508,-0.0124,0.0921,-0.1349,0.8927,0.9841
Gstm6,Gstm6,8.0654,0.0664,0.5364,0.1237,0.9015,0.986
Gstm7,Gstm7,31.9765,0.2043,0.2474,0.8259,0.4088,0.9033
Gsto1,Gsto1,3422.3504,0.1878,0.1547,1.214,0.2247,0.8313
Gsto2,Gsto2,345.538,0.2279,0.1521,1.4977,0.1342,0.7823
Gstp1,Gstp1,7847.0277,0.5171,0.308,1.6786,0.0932,0.7643
Gstp2,Gstp2,179.9329,0.3465,0.157,2.2078,0.0273,0.732
Gstt1,Gstt1,156.513,-0.0276,0.1652,-0.1673,0.8672,0.9818
Gstt2,Gstt2,31.6686,0.333,0.2478,1.3436,0.1791,0.8123
Gstt3,Gstt3,102.8411,-0.0539,0.2187,-0.2467,0.8051,0.9724
Gstt4,Gstt4,1.0439,2.5312,1.8213,1.3897,0.1646,0.8037
Gstz1,Gstz1,1235.466,0.0496,0.0937,0.5297,0.5963,0.9389
Gt(ROSA)26Sor,Gt(ROSA)26Sor,208.7342,0.0356,0.2153,0.1653,0.8687,0.9818
Gtdc1,Gtdc1,381.7595,0.1129,0.18,0.6274,0.5304,0.9244
Gtf2a1,Gtf2a1,1069.3179,-0.1181,0.2063,-0.5725,0.567,0.931
Gtf2a1l,Gtf2a1l,2.317,-0.0805,0.9483,-0.0848,0.9324,0.9921
Gtf2a2,Gtf2a2,1356.5828,0.0006,0.103,0.0059,0.9953,1
Gtf2b,Gtf2b,1421.1013,-0.0012,0.0742,-0.0164,0.9869,1
Gtf2e1,Gtf2e1,1260.899,-0.0575,0.0866,-0.6646,0.5063,0.9188
Gtf2e2,Gtf2e2,1665.7605,-0.0208,0.0618,-0.3356,0.7371,0.9694
Gtf2f1,Gtf2f1,3048.8335,-0.0046,0.0666,-0.0689,0.945,0.9934
Gtf2f2,Gtf2f2,1101.7097,-0.1206,0.1052,-1.1469,0.2514,0.8443
Gtf2h1,Gtf2h1,1551.1094,-0.0228,0.143,-0.1591,0.8736,0.9819
Gtf2h2,Gtf2h2,649.6473,-0.2083,0.139,-1.4992,0.1338,0.7821
Gtf2h3,Gtf2h3,1242.2772,0.0302,0.0888,0.3404,0.7336,0.9694
Gtf2h4,Gtf2h4,712.4125,0.0838,0.1106,0.7581,0.4484,0.912
Gtf2h5,Gtf2h5,2171.8723,-0.0148,0.0832,-0.1775,0.8591,0.98
Gtf2i,Gtf2i,7614.3938,-0.0346,0.0716,-0.4831,0.629,0.9451
Gtf2ird1,Gtf2ird1,2926.0354,0.0369,0.0726,0.5077,0.6117,0.942
Gtf2ird2,Gtf2ird2,433.9757,0.2879,0.1677,1.7168,0.086,0.7626
Gtf3a,Gtf3a,278.9934,0.0271,0.1661,0.1631,0.8704,0.9818
Gtf3c1,Gtf3c1,3936.3231,0.0053,0.0692,0.0772,0.9385,0.9923
Gtf3c2,Gtf3c2,2842.7647,-0.0832,0.0701,-1.1868,0.2353,0.8369
Gtf3c3,Gtf3c3,1231.9868,0.0065,0.0847,0.0771,0.9385,0.9923
Gtf3c4,Gtf3c4,3179.5874,-0.021,0.0746,-0.282,0.7779,0.97
Gtf3c5,Gtf3c5,1442.1647,0.0534,0.0744,0.7175,0.4731,0.9168
Gtf3c6,Gtf3c6,846.9533,-0.0756,0.0753,-1.0047,0.3151,0.8693
Gtpbp1,Gtpbp1,2447.8928,-0.0625,0.0768,-0.8144,0.4154,0.9033
Gtpbp10,Gtpbp10,652.08,-0.1411,0.1404,-1.0048,0.315,0.8693
Gtpbp2,Gtpbp2,2083.0072,0.2273,0.1417,1.6047,0.1085,0.7736
Gtpbp3,Gtpbp3,741.592,0.1121,0.1634,0.686,0.4927,0.9181
Gtpbp4,Gtpbp4,3122.896,-0.1277,0.1116,-1.144,0.2526,0.8453
Gtpbp6,Gtpbp6,291.9707,0.3324,0.1815,1.8316,0.067,0.7457
Gtpbp8,Gtpbp8,611.2149,0.0657,0.097,0.6779,0.4978,0.9181
Gtse1,Gtse1,1098.482,-0.6809,0.2732,-2.4921,0.0127,0.732
Gtsf1,Gtsf1,2.0792,0.8559,1.2597,0.6794,0.4969,0.9181
Guca1a,Guca1a,23.6817,-0.0247,0.2818,-0.0876,0.9302,0.9917
Guca1b,Guca1b,5.4531,0.262,0.6742,0.3886,0.6976,0.9632
Guca2a,Guca2a,0.4236,-1.1727,2.4208,-0.4844,0.6281,0.9451
Gucd1,Gucd1,1001.4352,-0.0633,0.1054,-0.6005,0.5481,0.9289
Gucy1b2,Gucy1b2,1.0463,0.2119,1.3464,0.1574,0.8749,0.9819
Gucy2c,Gucy2c,0.7373,-0.3726,1.8155,-0.2052,0.8374,0.9774
Gucy2d,Gucy2d,1.3707,-1.1308,1.3834,-0.8174,0.4137,0.9033
Gucy2e,Gucy2e,2.8301,-0.6547,0.9424,-0.6947,0.4872,0.9168
Gucy2g,Gucy2g,2.3121,1.5673,1.0164,1.5419,0.1231,0.7753
Guf1,Guf1,759.9398,-0.0506,0.144,-0.3512,0.7255,0.9689
Guk1,Guk1,842.5012,0.1438,0.1066,1.349,0.1773,0.8119
Gulp1,Gulp1,1103.0232,-0.4987,0.3142,-1.5873,0.1124,0.7736
Gusb,Gusb,2866.7137,0.0899,0.0895,1.0047,0.315,0.8693
Gxylt1,Gxylt1,1188.0128,-0.2728,0.22,-1.24,0.215,0.8269
Gxylt2,Gxylt2,764.3602,-0.0023,0.2287,-0.0102,0.9918,1
Gyg,Gyg,2440.6426,0.177,0.054,3.2784,0.001,0.5459
Gyk,Gyk,256.5761,-0.1851,0.1464,-1.265,0.2059,0.8262
Gyltl1b,Gyltl1b,3.023,0.1194,0.9664,0.1235,0.9017,0.986
Gypc,Gypc,3848.3294,0.3859,0.2243,1.7202,0.0854,0.7626
Gys1,Gys1,4182.9989,0.1772,0.0535,3.3134,0.0009,0.5459
Gzf1,Gzf1,1850.0811,-0.0423,0.079,-0.5346,0.5929,0.9385
Gzmd,Gzmd,2.8395,-1.1692,0.8929,-1.3094,0.1904,0.8161
Gzme,Gzme,42.3198,0.3979,0.2365,1.6823,0.0925,0.7643
Gzmm,Gzmm,30.7993,-0.0322,0.2447,-0.1316,0.8953,0.9849
Gzmn,Gzmn,1.5544,0.0237,1.3667,0.0174,0.9862,1
H13,H13,6945.0956,0.2804,0.1245,2.252,0.0243,0.732
H19,H19,186445.4694,-0.2763,0.2626,-1.0523,0.2927,0.8606
H1f0,H1f0,12283.7035,0.0479,0.096,0.4991,0.6177,0.9428
H1fx,H1fx,375.5627,-0.2583,0.1633,-1.5816,0.1137,0.7736
H2-Bl,H2-Bl,1.6724,-1.025,1.1516,-0.8901,0.3734,0.893
H2-D1,H2-D1,2306.6928,0.3175,0.2711,1.1709,0.2417,0.8407
H2-DMa,H2-DMa,182.6943,0.1851,0.1911,0.969,0.3325,0.8776
H2-DMb1,H2-DMb1,0.7343,1.0354,1.6792,0.6166,0.5375,0.9274
H2-DMb2,H2-DMb2,0.9502,-1.6615,1.7512,-0.9488,0.3427,0.8793
H2-K1,H2-K1,2409.1263,0.3322,0.2606,1.2749,0.2023,0.8262
H2-K2,H2-K2,2.0788,0.1095,1.1017,0.0994,0.9208,0.9885
H2-Ke6,H2-Ke6,499.9533,0.0382,0.1051,0.3632,0.7165,0.9662
H2-M10.1,H2-M10.1,2.6108,1.5574,1.8161,0.8575,0.3911,0.8983
H2-M3,H2-M3,394.9933,0.1883,0.1522,1.2373,0.216,0.8285
H2-M5,H2-M5,4.6057,-0.4047,0.9153,-0.4422,0.6583,0.9548
H2-Q1,H2-Q1,689.8361,0.3407,0.197,1.7295,0.0837,0.7575
H2-Q10,H2-Q10,11.7083,0.8896,0.7784,1.1429,0.2531,0.8453
H2-Q4,H2-Q4,1040.6796,0.122,0.1725,0.7073,0.4794,0.9168
H2-T10,H2-T10,109.7603,-0.0689,0.1671,-0.4125,0.6799,0.9613
H2-T23,H2-T23,2677.091,0.4295,0.2142,2.005,0.045,0.7364
H2-T24,H2-T24,10.4944,-0.0967,0.574,-0.1685,0.8662,0.9815
H2afj,H2afj,609.1456,0.3348,0.2914,1.1489,0.2506,0.8443
H2afv,H2afv,1925.5891,-0.1596,0.1199,-1.3313,0.1831,0.8131
H2afx,H2afx,794.8472,-0.4495,0.2127,-2.1133,0.0346,0.732
H2afy,H2afy,2375.1961,-0.07,0.0846,-0.8272,0.4081,0.9033
H2afy2,H2afy2,757.0733,-0.1814,0.111,-1.6347,0.1021,0.7679
H2afy3,H2afy3,0.4211,1.1773,2.4217,0.4861,0.6269,0.9451
H2afz,H2afz,6946.7674,-0.1694,0.0884,-1.9158,0.0554,0.7377
H3f3a,H3f3a,15483.9611,-0.0092,0.1169,-0.0789,0.9371,0.9923
H3f3b,H3f3b,23579.2516,0.0457,0.1305,0.3502,0.7262,0.9691
H6pd,H6pd,3573.4165,0.2804,0.1603,1.7495,0.0802,0.7572
Haao,Haao,0.4219,1.1947,2.0048,0.5959,0.5512,0.929
Habp2,Habp2,2.4111,-0.3304,1.088,-0.3037,0.7614,0.97
Habp4,Habp4,1683.203,0.0991,0.0746,1.3282,0.1841,0.814
Hacd1,Hacd1,3045.3986,-0.1046,0.1601,-0.6533,0.5136,0.9199
Hacd2,Hacd2,765.5626,-0.0326,0.0768,-0.4248,0.671,0.9578
Hacd3,Hacd3,4189.2613,0.2478,0.1746,1.419,0.1559,0.8015
Hacd4,Hacd4,474.2054,-0.3987,0.2294,-1.7382,0.0822,0.7572
Hace1,Hace1,665.1974,0.0057,0.1166,0.0493,0.9607,0.9969
Hacl1,Hacl1,357.3173,0.1132,0.1024,1.1059,0.2688,0.8576
Hadh,Hadh,2856.9071,0.0789,0.0909,0.8672,0.3858,0.8952
Hadha,Hadha,7416.0247,-0.0565,0.0892,-0.6337,0.5263,0.9228
Hadhb,Hadhb,4291.0303,-0.0395,0.0729,-0.5413,0.5883,0.9357
Hagh,Hagh,824.7762,0.1526,0.1077,1.4168,0.1565,0.8015
Haghl,Haghl,571.6687,0.102,0.1354,0.7531,0.4514,0.9121
Hal,Hal,7.7398,0.2121,0.5188,0.4088,0.6827,0.962
Halr1,Halr1,6.7864,-0.6529,0.8743,-0.7467,0.4552,0.9128
Hao1,Hao1,6.4019,0.5954,0.5216,1.1415,0.2537,0.8453
Hap1,Hap1,14.9886,-0.2829,0.3876,-0.73,0.4654,0.9158
Hapln1,Hapln1,0.3157,-0.6835,2.5731,-0.2656,0.7905,0.97
Hapln3,Hapln3,3.7558,-0.4549,0.8348,-0.545,0.5858,0.9355
Hapln4,Hapln4,136.3066,0.2658,0.1863,1.4266,0.1537,0.7995
Harbi1,Harbi1,511.5067,0.1066,0.1397,0.7632,0.4454,0.912
Hars,Hars,3102.9853,-0.0202,0.091,-0.2217,0.8245,0.9766
Hars2,Hars2,1195.5388,-0.0015,0.0769,-0.0194,0.9845,1
Has1,Has1,101.9843,0.3815,0.2849,1.3391,0.1805,0.8126
Has2,Has2,2249.2857,-0.7553,0.4353,-1.7349,0.0828,0.7572
Has2os,Has2os,16.212,0.0743,0.419,0.1772,0.8593,0.98
Has3,Has3,26.6953,0.2415,0.3017,0.8005,0.4234,0.906
Hat1,Hat1,1349.0206,-0.3691,0.1492,-2.474,0.0134,0.732
Haus1,Haus1,485.027,-0.0607,0.1292,-0.4699,0.6385,0.9488
Haus2,Haus2,1211.6545,-0.1031,0.1184,-0.8705,0.3841,0.8935
Haus3,Haus3,270.2726,-0.3362,0.2775,-1.2116,0.2257,0.8321
Haus4,Haus4,747.2778,-0.1837,0.1314,-1.3984,0.162,0.8037
Haus5,Haus5,331.2037,-0.2553,0.1804,-1.4154,0.157,0.8015
Haus6,Haus6,407.7825,-0.4262,0.2924,-1.4577,0.1449,0.7928
Haus7,Haus7,725.4388,-0.1366,0.1058,-1.2911,0.1967,0.8209
Haus8,Haus8,375.9962,-0.3723,0.2493,-1.493,0.1354,0.7827
Havcr2,Havcr2,77.4036,1.1432,0.6967,1.6409,0.1008,0.7673
Hax1,Hax1,3594.6819,0.2228,0.1466,1.52,0.1285,0.7758
Hbegf,Hbegf,717.692,-0.6894,0.3431,-2.0091,0.0445,0.7364
Hbp1,Hbp1,5600.086,0.191,0.1105,1.7288,0.0838,0.7578
Hbs1l,Hbs1l,3009.5168,0.086,0.0549,1.5664,0.1173,0.7753
Hc,Hc,0.7384,1.2084,1.6437,0.7351,0.4623,0.9152
Hcar1,Hcar1,0.4195,0.7875,2.479,0.3177,0.7507,0.9694
Hcar2,Hcar2,0.833,2.1602,2.3365,0.9246,0.3552,0.8852
Hccs,Hccs,943.6626,-0.1111,0.1906,-0.583,0.5599,0.9294
Hcfc1,Hcfc1,4933.6559,-0.0883,0.0609,-1.4497,0.1472,0.7945
Hcfc1r1,Hcfc1r1,2402.0321,-0.0822,0.1324,-0.6208,0.5347,0.9265
Hcfc2,Hcfc2,1302.8387,-0.1508,0.097,-1.5547,0.12,0.7753
Hck,Hck,16.9898,-0.8889,0.5217,-1.7038,0.0884,0.764
Hcn1,Hcn1,2.8328,0.5053,0.8458,0.5974,0.5502,0.929
Hcn2,Hcn2,10.8982,0.0634,0.4198,0.1509,0.8801,0.9823
Hcn3,Hcn3,11.4951,0.2202,0.4881,0.4512,0.6518,0.9544
Hcn4,Hcn4,1.7659,-0.3926,1.3421,-0.2925,0.7699,0.97
Hcrtr1,Hcrtr1,3.559,-0.1271,0.7536,-0.1686,0.8661,0.9815
Hdac1,Hdac1,2994.7626,-0.1455,0.0817,-1.7821,0.0747,0.7528
Hdac10,Hdac10,486.5853,0.0562,0.1005,0.5599,0.5755,0.9335
Hdac11,Hdac11,642.8216,0.0028,0.1419,0.0198,0.9842,1
Hdac2,Hdac2,5196.9121,-0.2049,0.106,-1.933,0.0532,0.7364
Hdac3,Hdac3,3135.1255,0.001,0.0745,0.0132,0.9895,1
Hdac4,Hdac4,574.751,0.1142,0.1559,0.7324,0.464,0.9157
Hdac5,Hdac5,3189.9292,0.211,0.1005,2.1004,0.0357,0.732
Hdac6,Hdac6,1123.0062,0.1558,0.1043,1.4932,0.1354,0.7827
Hdac7,Hdac7,2674.6627,0.1012,0.0686,1.4746,0.1403,0.7903
Hdac8,Hdac8,395.8227,0.0525,0.1145,0.4584,0.6467,0.953
Hdac9,Hdac9,246.6525,-0.0851,0.3285,-0.259,0.7957,0.9712
Hdc,Hdc,19.6225,0.4839,0.3539,1.3673,0.1715,0.8066
Hddc2,Hddc2,629.7412,0.1505,0.1323,1.1377,0.2552,0.8464
Hddc3,Hddc3,865.87,-0.0351,0.0988,-0.3554,0.7223,0.9684
Hdgf,Hdgf,14293.9751,0.0066,0.0715,0.0919,0.9267,0.9906
Hdgfrp2,Hdgfrp2,2636.6726,-0.0528,0.0758,-0.6963,0.4863,0.9168
Hdgfrp3,Hdgfrp3,5.7888,-0.226,0.8178,-0.2764,0.7822,0.97
Hdhd2,Hdhd2,1220.8633,0.0441,0.0881,0.5011,0.6163,0.9427
Hdhd3,Hdhd3,625.9138,-0.0578,0.1221,-0.473,0.6362,0.9487
Hdlbp,Hdlbp,31938.3528,-0.0315,0.0455,-0.6931,0.4883,0.9173
Hdx,Hdx,10.7389,-0.3412,0.6763,-0.5045,0.6139,0.9426
Heatr1,Heatr1,2164.236,0.0224,0.127,0.1761,0.8602,0.98
Heatr3,Heatr3,3868.6139,-0.1471,0.0753,-1.9549,0.0506,0.7364
Heatr5a,Heatr5a,3511.9925,-0.0913,0.0779,-1.1718,0.2413,0.8401
Heatr5b,Heatr5b,1714.842,0.0256,0.0929,0.2752,0.7831,0.97
Heatr6,Heatr6,1561.0939,0.0215,0.0684,0.3135,0.7539,0.9694
Heatr9,Heatr9,1.6709,0.7183,1.1347,0.633,0.5267,0.9228
Hebp1,Hebp1,1043.2216,0.278,0.1517,1.8325,0.0669,0.7457
Hebp2,Hebp2,844.5659,0.0387,0.1302,0.2974,0.7661,0.97
Heca,Heca,1057.8746,-0.0135,0.1411,-0.0954,0.924,0.99
Hectd1,Hectd1,6234.5986,-0.1823,0.2274,-0.8014,0.4229,0.906
Hectd2,Hectd2,96.9399,-0.192,0.1851,-1.0373,0.2996,0.8612
Hectd3,Hectd3,2138.2716,0.1023,0.0765,1.3372,0.1811,0.8131
Hecw1,Hecw1,0.3176,-0.6877,2.5704,-0.2675,0.789,0.97
Hecw2,Hecw2,555.2749,-0.0801,0.1864,-0.4297,0.6674,0.9568
Heg1,Heg1,1948.9867,0.0489,0.0813,0.6008,0.548,0.9289
Helb,Helb,1032.3414,0.0118,0.0633,0.1863,0.8522,0.9789
Hells,Hells,311.2536,-0.7837,0.4168,-1.88,0.0601,0.7456
Helq,Helq,371.7264,-0.0619,0.1213,-0.5103,0.6099,0.9416
Helz,Helz,627.1668,-0.1743,0.147,-1.1855,0.2358,0.8369
Helz2,Helz2,1045.3877,-0.0137,0.101,-0.1353,0.8924,0.9841
Hemk1,Hemk1,434.7025,0.1271,0.0846,1.5036,0.1327,0.7779
Henmt1,Henmt1,0.4216,0.0071,2.0629,0.0035,0.9972,1
Hepacam,Hepacam,0.4215,-1.1691,2.4223,-0.4826,0.6293,0.9451
Hepacam2,Hepacam2,0.4226,-1.1722,2.4218,-0.484,0.6284,0.9451
Heph,Heph,10.1271,-0.458,0.5129,-0.893,0.3719,0.893
Hephl1,Hephl1,356.452,-0.3575,0.4115,-0.8688,0.385,0.8941
Herc1,Herc1,2621.9085,-0.2853,0.2132,-1.3379,0.1809,0.8128
Herc2,Herc2,2530.372,0.0528,0.1192,0.443,0.6578,0.9548
Herc3,Herc3,686.979,-0.193,0.2057,-0.9385,0.348,0.8829
Herc4,Herc4,2461.4218,-0.0913,0.1331,-0.6861,0.4927,0.9181
Herc6,Herc6,74.6515,-0.1582,0.3278,-0.4826,0.6293,0.9451
Herpud1,Herpud1,9486.5326,0.6179,0.3034,2.0367,0.0417,0.732
Herpud2,Herpud2,2178.2358,0.1983,0.1323,1.4983,0.1341,0.7823
Hes1,Hes1,1342.2524,-0.5813,0.3495,-1.6633,0.0963,0.7666
Hes6,Hes6,3190.435,-0.1119,0.2131,-0.5254,0.5993,0.9405
Hes7,Hes7,8.8861,0.451,0.4847,0.9304,0.3522,0.8839
Hexa,Hexa,10055.6772,0.3996,0.1257,3.1789,0.0015,0.6187
Hexb,Hexb,3889.129,0.4598,0.2075,2.216,0.0267,0.732
Hexdc,Hexdc,564.446,0.0571,0.0975,0.5854,0.5583,0.9294
Hexim1,Hexim1,3175.8255,-0.1063,0.0789,-1.3481,0.1776,0.812
Hexim2,Hexim2,187.4472,-0.1526,0.1381,-1.1046,0.2693,0.8585
Hey1,Hey1,160.1568,-0.4058,0.3444,-1.1783,0.2387,0.8394
Hey2,Hey2,2.1084,0.2057,1.0272,0.2003,0.8413,0.9775
Heyl,Heyl,1106.5068,-0.7114,0.643,-1.1064,0.2686,0.8575
Hfe,Hfe,197.3567,0.3353,0.2675,1.2534,0.2101,0.8265
Hfe2,Hfe2,2984.4624,-0.1065,0.2403,-0.4431,0.6577,0.9548
Hgd,Hgd,0.4216,0.0071,2.0629,0.0035,0.9972,1
Hgf,Hgf,1747.6119,0.6555,0.4534,1.4458,0.1482,0.7958
Hgfac,Hgfac,6.6139,-0.143,0.6924,-0.2065,0.8364,0.9774
Hgh1,Hgh1,533.3867,0.1106,0.1523,0.7258,0.4679,0.9168
Hgs,Hgs,3380.5264,0.1076,0.0778,1.3831,0.1666,0.804
Hgsnat,Hgsnat,2309.1255,0.4035,0.2573,1.5683,0.1168,0.7753
Hhat,Hhat,557.3731,-0.2345,0.1764,-1.3297,0.1836,0.8132
Hhatl,Hhatl,270.7542,-0.0926,0.2751,-0.3367,0.7363,0.9694
Hhex,Hhex,38.7677,0.1672,0.2488,0.6719,0.5016,0.9188
Hhip,Hhip,92.7791,-0.2087,0.3994,-0.5227,0.6012,0.9406
Hhipl1,Hhipl1,216.665,0.2942,0.2406,1.2228,0.2214,0.8307
Hhipl2,Hhipl2,9.6265,0.4533,0.4493,1.009,0.313,0.869
Hiat1,Hiat1,1906.4325,-0.0749,0.0837,-0.8955,0.3705,0.8928
Hiatl1,Hiatl1,2473.4118,-0.0779,0.1045,-0.7458,0.4558,0.9132
Hibadh,Hibadh,2354.8299,-0.0517,0.0596,-0.8683,0.3852,0.8944
Hibch,Hibch,860.8065,-0.1168,0.1064,-1.0976,0.2724,0.8588
Hic1,Hic1,4.3708,-0.1156,0.7238,-0.1597,0.8731,0.9819
Hic2,Hic2,127.7114,0.0185,0.1402,0.1322,0.8948,0.9848
Hid1,Hid1,1361.7855,0.3359,0.0961,3.4954,0.0005,0.4399
Hif1a,Hif1a,8737.7448,0.1125,0.1692,0.6647,0.5063,0.9188
Hif1an,Hif1an,2609.8523,0.0213,0.0962,0.2211,0.825,0.9766
Hif3a,Hif3a,1.2696,-0.9682,1.7294,-0.5599,0.5756,0.9335
Higd1a,Higd1a,2263.4228,0.3107,0.2014,1.5425,0.123,0.7753
Higd1b,Higd1b,0.4138,0.6982,2.4245,0.288,0.7734,0.97
Higd2a,Higd2a,1276.0715,0.2018,0.167,1.2087,0.2268,0.8325
Hilpda,Hilpda,736.7017,0.7062,0.3719,1.8991,0.0576,0.7377
Hils1,Hils1,4.7492,-0.2155,0.8929,-0.2414,0.8092,0.9734
Hinfp,Hinfp,300.076,0.0781,0.1494,0.5231,0.6009,0.9406
Hint1,Hint1,5371.0934,0.1158,0.1291,0.8969,0.3698,0.8925
Hint2,Hint2,284.8739,0.1022,0.1167,0.8753,0.3814,0.8935
Hint3,Hint3,157.4927,0.054,0.1414,0.3817,0.7027,0.9638
Hip1,Hip1,4542.7258,-0.2023,0.1637,-1.236,0.2165,0.8286
Hip1r,Hip1r,1532.4605,-0.1661,0.1426,-1.1645,0.2442,0.8419
Hipk1,Hipk1,4265.9876,0.0181,0.1176,0.1538,0.8778,0.982
Hipk2,Hipk2,273.7382,0.0306,0.1927,0.159,0.8737,0.9819
Hipk3,Hipk3,4166.7929,-0.182,0.2311,-0.7875,0.431,0.9081
Hipk4,Hipk4,36.5539,-0.2803,0.2918,-0.9605,0.3368,0.8782
Hira,Hira,1794.8011,0.108,0.1272,0.8497,0.3955,0.8991
Hirip3,Hirip3,611.6677,-0.4002,0.1728,-2.3167,0.0205,0.732
Hist1h1a,Hist1h1a,1.8998,0.3128,1.1117,0.2813,0.7785,0.97
Hist1h1b,Hist1h1b,6.8012,-0.4666,0.5639,-0.8275,0.408,0.9033
Hist1h1c,Hist1h1c,2303.8989,-0.0479,0.1947,-0.2461,0.8056,0.9725
Hist1h1d,Hist1h1d,23.7232,-0.4403,0.5151,-0.8547,0.3927,0.8986
Hist1h1e,Hist1h1e,22.5534,0.0009,0.4589,0.0021,0.9984,1
Hist1h1t,Hist1h1t,0.7335,1.0339,1.679,0.6158,0.538,0.9275
Hist1h2ab,Hist1h2ab,1.0504,2.6584,1.5165,1.7529,0.0796,0.7572
Hist1h2ac,Hist1h2ac,3.4376,-0.1424,0.9384,-0.1517,0.8794,0.9823
Hist1h2ad,Hist1h2ad,5.1307,0.1542,0.6112,0.2523,0.8008,0.9719
Hist1h2ae,Hist1h2ae,5.635,-0.6155,0.6476,-0.9505,0.3419,0.879
Hist1h2ag,Hist1h2ag,1.055,-0.5678,1.3694,-0.4147,0.6784,0.961
Hist1h2ah,Hist1h2ah,1.5682,-1.2801,1.2808,-0.9995,0.3176,0.8702
Hist1h2ai,Hist1h2ai,1.4602,-0.1409,1.1463,-0.1229,0.9022,0.986
Hist1h2ak,Hist1h2ak,0.6334,-1.8853,1.8043,-1.0449,0.2961,0.8607
Hist1h2bb,Hist1h2bb,1.9964,-0.0532,0.9969,-0.0533,0.9575,0.9962
Hist1h2bc,Hist1h2bc,653.2022,0.0488,0.1322,0.3689,0.7122,0.9662
Hist1h2be,Hist1h2be,32.4551,-0.2765,0.3534,-0.7825,0.4339,0.9089
Hist1h2bf,Hist1h2bf,1.3554,-0.4314,1.2843,-0.3359,0.7369,0.9694
Hist1h2bg,Hist1h2bg,20.6975,-0.0911,0.3896,-0.2339,0.8151,0.9748
Hist1h2bh,Hist1h2bh,4.2931,-0.4853,0.6411,-0.7569,0.4491,0.912
Hist1h2bj,Hist1h2bj,3.639,-0.0314,0.8137,-0.0387,0.9692,0.999
Hist1h2bk,Hist1h2bk,1.0543,0.0022,1.2742,0.0017,0.9987,1
Hist1h2bl,Hist1h2bl,1.57,0.2176,1.0438,0.2084,0.8349,0.9774
Hist1h2bm,Hist1h2bm,1.0483,-0.4262,1.4738,-0.2892,0.7725,0.97
Hist1h2bn,Hist1h2bn,1.3688,-0.8644,1.2887,-0.6707,0.5024,0.9188
Hist1h2bp,Hist1h2bp,1.7779,-0.3228,1.1323,-0.2851,0.7756,0.97
Hist1h3a,Hist1h3a,1.0521,1.0543,1.3947,0.7559,0.4497,0.912
Hist1h3b,Hist1h3b,1.6562,-0.8306,1.3308,-0.6241,0.5325,0.9254
Hist1h3c,Hist1h3c,3.3236,-1.133,0.9489,-1.1941,0.2325,0.8354
Hist1h3d,Hist1h3d,6.7948,-0.0612,0.5731,-0.1067,0.915,0.9874
Hist1h3f,Hist1h3f,1.4679,-0.2957,1.2346,-0.2395,0.8107,0.9738
Hist1h3g,Hist1h3g,1.2625,-0.124,1.5032,-0.0825,0.9343,0.9923
Hist1h3h,Hist1h3h,1.2332,-3.6539,1.7046,-2.1435,0.0321,0.732
Hist1h3i,Hist1h3i,1.9825,-0.5405,1.0633,-0.5084,0.6112,0.9419
Hist1h4a,Hist1h4a,1.0444,-0.4351,1.5892,-0.2738,0.7842,0.97
Hist1h4b,Hist1h4b,0.5266,-1.565,1.9004,-0.8235,0.4102,0.9033
Hist1h4c,Hist1h4c,0.8435,-0.7009,1.4093,-0.4973,0.619,0.9434
Hist1h4d,Hist1h4d,2.0896,0.1163,0.9516,0.1222,0.9027,0.986
Hist1h4h,Hist1h4h,8.5706,0.1308,0.4856,0.2693,0.7877,0.97
Hist1h4i,Hist1h4i,74.0652,0.0958,0.1866,0.5137,0.6074,0.9411
Hist1h4k,Hist1h4k,1.2604,0.2146,1.3457,0.1595,0.8733,0.9819
Hist1h4n,Hist1h4n,3.6474,-0.2228,0.8513,-0.2617,0.7935,0.9704
Hist2h2aa2,Hist2h2aa2,1.3367,0.2974,2.394,0.1242,0.9011,0.986
Hist2h2ab,Hist2h2ab,0.8324,0.002,1.5456,0.0013,0.9989,1
Hist2h2ac,Hist2h2ac,0.8363,-0.4966,1.4787,-0.3359,0.737,0.9694
Hist2h2bb,Hist2h2bb,10.7954,0.3796,0.5073,0.7483,0.4543,0.9127
Hist2h2be,Hist2h2be,50.3148,0.0918,0.2263,0.4058,0.6849,0.9623
Hist2h3b,Hist2h3b,0.932,-0.0064,1.8582,-0.0035,0.9972,1
Hist2h4,Hist2h4,3.034,-0.1226,0.9628,-0.1273,0.8987,0.9855
Hist3h2a,Hist3h2a,211.5658,0.4104,0.233,1.7615,0.0782,0.7572
Hist3h2ba,Hist3h2ba,1.681,0.1284,1.043,0.1231,0.902,0.986
Hist3h2bb-ps,Hist3h2bb-ps,0.7368,1.1965,1.7958,0.6663,0.5052,0.9188
Hist4h4,Hist4h4,1.2488,0.2779,1.5462,0.1797,0.8574,0.9796
Hivep1,Hivep1,1252.2392,0.0277,0.1741,0.1589,0.8738,0.9819
Hivep2,Hivep2,1883.7202,0.0493,0.1699,0.2902,0.7717,0.97
Hivep3,Hivep3,73.9768,-0.5565,0.1894,-2.9381,0.0033,0.732
Hjurp,Hjurp,105.5814,-0.2786,0.3283,-0.8485,0.3962,0.8991
Hk1,Hk1,7790.255,0.093,0.0769,1.21,0.2263,0.8321
Hk1os,Hk1os,7.5313,-0.3269,0.5363,-0.6096,0.5421,0.9283
Hk2,Hk2,3383.8661,0.831,0.3959,2.0991,0.0358,0.732
Hk3,Hk3,2.1944,0.6147,1.0607,0.5795,0.5623,0.9294
Hlcs,Hlcs,470.8254,0.239,0.1828,1.3075,0.191,0.8163
Hlf,Hlf,156.1692,1.4492,0.8472,1.7106,0.0871,0.764
Hltf,Hltf,562.001,0.1059,0.1925,0.5504,0.5821,0.9353
Hlx,Hlx,488.4357,-0.0162,0.1588,-0.1017,0.919,0.9879
Hmbox1,Hmbox1,262.1144,-0.0459,0.1882,-0.2438,0.8074,0.9732
Hmbs,Hmbs,993.6263,0.0998,0.0967,1.0325,0.3018,0.8615
Hmces,Hmces,933.9808,-0.0162,0.1045,-0.1552,0.8767,0.9819
Hmcn1,Hmcn1,235.2109,-0.2555,0.3448,-0.741,0.4587,0.9139
Hmg20a,Hmg20a,1585.3304,0.0333,0.068,0.4899,0.6242,0.9451
Hmg20b,Hmg20b,1684.999,-0.0772,0.0824,-0.9377,0.3484,0.8829
Hmga1,Hmga1,43.8812,0.5791,0.5054,1.1458,0.2519,0.8448
Hmga2,Hmga2,2026.2845,0.3678,0.2858,1.2868,0.1982,0.8229
Hmga2-ps1,Hmga2-ps1,561.2065,0.3384,0.2892,1.1704,0.2418,0.8407
Hmgb1,Hmgb1,6028.744,-0.3032,0.1218,-2.4894,0.0128,0.732
Hmgb2,Hmgb2,2098.1016,-0.7079,0.2256,-3.1382,0.0017,0.6464
Hmgb3,Hmgb3,696.8354,-0.5041,0.1686,-2.9902,0.0028,0.732
Hmgcl,Hmgcl,968.8818,0.0426,0.0858,0.4973,0.619,0.9434
Hmgcll1,Hmgcll1,3.772,-0.2395,0.686,-0.3491,0.727,0.9693
Hmgcr,Hmgcr,3633.7069,-0.1641,0.1075,-1.5262,0.127,0.7753
Hmgcs1,Hmgcs1,6881.1479,-0.1876,0.1448,-1.2955,0.1951,0.8204
Hmgcs2,Hmgcs2,2.0943,0.546,0.9518,0.5736,0.5663,0.9302
Hmgn1,Hmgn1,8717.6798,-0.1601,0.083,-1.9288,0.0538,0.7365
Hmgn2,Hmgn2,2161.495,-0.4676,0.2563,-1.8246,0.0681,0.7496
Hmgn3,Hmgn3,1102.1617,-0.2517,0.1411,-1.7847,0.0743,0.752
Hmgn5,Hmgn5,86.4945,0.0192,0.1671,0.1148,0.9086,0.987
Hmgxb3,Hmgxb3,1847.6023,0.1253,0.0845,1.4834,0.138,0.7884
Hmgxb4,Hmgxb4,1093.0327,-0.1741,0.1074,-1.6199,0.1053,0.77
Hmha1,Hmha1,30.234,0.3547,0.4488,0.7904,0.4293,0.9079
Hmmr,Hmmr,853.8054,-0.8348,0.5058,-1.6505,0.0988,0.7669
Hmox1,Hmox1,4780.7596,0.9444,0.6248,1.5114,0.1307,0.7771
Hmox2,Hmox2,1612.0784,0.1164,0.1227,0.949,0.3426,0.8793
Hmx2,Hmx2,15.6891,-0.8018,0.3927,-2.0417,0.0412,0.732
Hn1,Hn1,5666.6096,-0.1982,0.1561,-1.2694,0.2043,0.8262
Hn1l,Hn1l,2042.3132,-0.3537,0.1336,-2.6473,0.0081,0.732
Hnf1a,Hnf1a,0.9451,-0.5904,1.4483,-0.4077,0.6835,0.9622
Hnf1b,Hnf1b,2.1007,-0.2973,1.029,-0.2889,0.7726,0.97
Hnf4a,Hnf4a,0.9517,-0.9377,2.3181,-0.4045,0.6859,0.9623
Hnf4aos,Hnf4aos,1.6546,-1.3581,1.5547,-0.8735,0.3824,0.8935
Hnmt,Hnmt,11.5229,-0.0353,0.461,-0.0766,0.9389,0.9923
Hnrnpa0,Hnrnpa0,9436.9016,-0.0919,0.0722,-1.272,0.2034,0.8262
Hnrnpa1,Hnrnpa1,169.5402,-0.0801,0.2656,-0.3016,0.763,0.97
Hnrnpa2b1,Hnrnpa2b1,15416.1663,-0.2907,0.1382,-2.1031,0.0355,0.732
Hnrnpa3,Hnrnpa3,908.1522,-0.2363,0.2445,-0.9665,0.3338,0.8778
Hnrnpab,Hnrnpab,20735.0407,-0.1332,0.0768,-1.7349,0.0828,0.7572
Hnrnpc,Hnrnpc,8527.6486,-0.1885,0.0869,-2.1689,0.0301,0.732
Hnrnpd,Hnrnpd,4511.0186,-0.2554,0.0927,-2.7534,0.0059,0.732
Hnrnpdl,Hnrnpdl,6542.8895,-0.2053,0.1309,-1.5685,0.1168,0.7753
Hnrnpf,Hnrnpf,6799.9115,-0.0446,0.2427,-0.1836,0.8544,0.9794
Hnrnph1,Hnrnph1,9364.3936,-0.308,0.1573,-1.9582,0.0502,0.7364
Hnrnph2,Hnrnph2,4630.2596,-0.063,0.1194,-0.5274,0.5979,0.9396
Hnrnph3,Hnrnph3,211.9544,-0.2488,0.2122,-1.1721,0.2411,0.84
Hnrnpk,Hnrnpk,24876.5252,-0.1243,0.0607,-2.0476,0.0406,0.732
Hnrnpl,Hnrnpl,8329.6478,-0.0937,0.0835,-1.1222,0.2618,0.853
Hnrnpll,Hnrnpll,2795.3965,-0.1814,0.1072,-1.6927,0.0905,0.7643
Hnrnpm,Hnrnpm,5896.0217,-0.2482,0.1491,-1.665,0.0959,0.7664
Hnrnpr,Hnrnpr,4060.5913,-0.2135,0.1134,-1.882,0.0598,0.7456
Hnrnpu,Hnrnpu,15144.8817,-0.2608,0.1306,-1.9965,0.0459,0.7364
Hnrnpul1,Hnrnpul1,4928.8371,-0.1401,0.0698,-2.0073,0.0447,0.7364
Hnrnpul2,Hnrnpul2,4065.7724,-0.1768,0.0716,-2.4673,0.0136,0.732
Hoga1,Hoga1,116.1929,0.1611,0.1586,1.0155,0.3099,0.8672
Homer1,Homer1,555.0918,-0.2417,0.234,-1.0329,0.3017,0.8615
Homer3,Homer3,990.9528,0.177,0.1567,1.1299,0.2585,0.8488
Homez,Homez,408.8552,0.1014,0.1313,0.7721,0.4401,0.9112
Hook1,Hook1,5.0086,0.3693,0.6464,0.5713,0.5678,0.9312
Hook2,Hook2,745.3418,0.2146,0.1361,1.5765,0.1149,0.7749
Hook3,Hook3,1552.6634,0.0291,0.1866,0.156,0.8761,0.9819
Hopx,Hopx,414.2557,-0.547,0.195,-2.8055,0.005,0.732
Hormad2,Hormad2,5.2964,-0.7437,0.7474,-0.9951,0.3197,0.8709
Hotair,Hotair,152.7218,-0.1511,0.2364,-0.639,0.5228,0.9223
Hotairm1,Hotairm1,93.593,0.0519,0.2011,0.2581,0.7963,0.9713
Hoxa1,Hoxa1,127.9607,-0.0244,0.1342,-0.1818,0.8557,0.9796
Hoxa10,Hoxa10,1676.382,-0.0179,0.1116,-0.1606,0.8724,0.9819
Hoxa11,Hoxa11,1061.5182,0.2026,0.1929,1.0503,0.2936,0.8606
Hoxa11os,Hoxa11os,945.2261,0.3649,0.2314,1.5765,0.1149,0.7749
Hoxa13,Hoxa13,48.4399,-0.5111,0.2089,-2.4471,0.0144,0.732
Hoxa2,Hoxa2,42.2238,-0.1609,0.2285,-0.7042,0.4813,0.9168
Hoxa3,Hoxa3,94.7042,-0.1148,0.1548,-0.742,0.4581,0.9137
Hoxa4,Hoxa4,24.0787,-0.2671,0.3155,-0.8464,0.3973,0.8991
Hoxa5,Hoxa5,131.1575,-0.2841,0.1774,-1.6015,0.1093,0.7736
Hoxa6,Hoxa6,29.4917,-0.3723,0.3315,-1.1233,0.2613,0.8526
Hoxa7,Hoxa7,286.4059,0.029,0.1187,0.2447,0.8067,0.9732
Hoxa9,Hoxa9,831.0843,0.0715,0.1575,0.454,0.6498,0.9542
Hoxaas2,Hoxaas2,27.2421,-0.3428,0.3577,-0.9583,0.3379,0.879
Hoxaas3,Hoxaas3,8.0799,-0.0908,0.4838,-0.1877,0.8511,0.9788
Hoxb13,Hoxb13,0.934,0.1979,1.7098,0.1158,0.9078,0.987
Hoxb2,Hoxb2,0.4235,0.0068,2.4853,0.0027,0.9978,1
Hoxb3,Hoxb3,17.0728,-0.5085,0.448,-1.135,0.2564,0.8475
Hoxb4,Hoxb4,23.2129,-0.3193,0.3475,-0.9188,0.3582,0.8858
Hoxb5,Hoxb5,2.3,-0.4923,1.0892,-0.452,0.6513,0.9544
Hoxb6,Hoxb6,1.7863,-0.771,1.0771,-0.7158,0.4741,0.9168
Hoxb7,Hoxb7,2.2091,-1.2261,0.9563,-1.282,0.1998,0.8249
Hoxc10,Hoxc10,1557.3478,-0.0592,0.0739,-0.8004,0.4235,0.906
Hoxc11,Hoxc11,570.7476,-0.0009,0.1144,-0.0079,0.9937,1
Hoxc12,Hoxc12,36.8225,-0.153,0.3574,-0.4281,0.6686,0.9568
Hoxc13,Hoxc13,582.2633,-0.0286,0.1047,-0.2731,0.7848,0.97
Hoxc4,Hoxc4,331.2645,-0.0274,0.1198,-0.2292,0.8187,0.9755
Hoxc5,Hoxc5,68.0037,-0.2048,0.2422,-0.8456,0.3978,0.8992
Hoxc6,Hoxc6,516.8876,0.235,0.1597,1.472,0.141,0.7908
Hoxc8,Hoxc8,46.0736,-0.2827,0.2213,-1.2774,0.2015,0.8261
Hoxc9,Hoxc9,611.4782,-0.0214,0.1025,-0.2085,0.8348,0.9774
Hp,Hp,1381.9352,1.5744,1.5834,0.9944,0.32,0.8713
Hp1bp3,Hp1bp3,8194.8135,0.0146,0.081,0.18,0.8571,0.9796
Hpca,Hpca,0.5276,-1.5402,2.2818,-0.675,0.4997,0.9181
Hpcal1,Hpcal1,2056.2329,0.0797,0.1071,0.7443,0.4567,0.9134
Hpdl,Hpdl,23.7915,-0.1078,0.3698,-0.2913,0.7708,0.97
Hpgd,Hpgd,293.4208,-0.0363,0.2096,-0.1734,0.8623,0.9807
Hpgds,Hpgds,1.2598,-2.1126,1.3746,-1.5368,0.1243,0.7753
Hpn,Hpn,0.9505,0.3133,1.5514,0.2019,0.84,0.9775
Hprt,Hprt,3609.3471,-0.0776,0.0504,-1.5396,0.1237,0.7753
Hps1,Hps1,702.442,0.3084,0.1769,1.743,0.0813,0.7572
Hps3,Hps3,640.4997,0.0801,0.1519,0.5273,0.598,0.9396
Hps4,Hps4,622.9432,0.1079,0.0825,1.308,0.1909,0.8163
Hps5,Hps5,1337.8906,-0.0347,0.0713,-0.4868,0.6264,0.9451
Hps6,Hps6,762.6757,0.0788,0.0834,0.9451,0.3446,0.8808
Hpse,Hpse,1161.3437,0.3773,0.3258,1.1582,0.2468,0.8426
Hpx,Hpx,7.6731,0.2421,0.5393,0.4489,0.6535,0.9548
Hr,Hr,1190.689,-0.4373,0.1646,-2.6567,0.0079,0.732
Hras,Hras,1663.6357,0.0015,0.0901,0.0166,0.9867,1
Hrasls,Hrasls,9.1999,-0.3272,0.5623,-0.5819,0.5607,0.9294
Hrasls5,Hrasls5,0.7209,-0.9412,2.3689,-0.3973,0.6911,0.9623
Hrc,Hrc,2908.3178,-0.1521,0.2538,-0.5993,0.549,0.929
Hrct1,Hrct1,19.5273,-0.0725,0.3321,-0.2182,0.8272,0.9767
Hrg,Hrg,0.8337,-0.517,1.6106,-0.321,0.7482,0.9694
Hrh1,Hrh1,14.2224,-0.5836,0.398,-1.4664,0.1425,0.7928
Hrh3,Hrh3,8.9849,-0.4903,0.6528,-0.7511,0.4526,0.9121
Hrsp12,Hrsp12,536.1052,0.0301,0.0981,0.3068,0.759,0.9694
Hs1bp3,Hs1bp3,1869.4,0.3187,0.1815,1.7564,0.079,0.7572
Hs2st1,Hs2st1,5925.4844,-0.1218,0.0989,-1.2324,0.2178,0.8301
Hs3st1,Hs3st1,58.8772,0.502,0.3122,1.6078,0.1079,0.7725
Hs3st3a1,Hs3st3a1,109.5814,-0.3852,0.1435,-2.6853,0.0072,0.732
Hs3st3b1,Hs3st3b1,63.5203,-0.328,0.2456,-1.3358,0.1816,0.8131
Hs3st5,Hs3st5,5.7588,-0.6095,0.7116,-0.8566,0.3917,0.8983
Hs6st1,Hs6st1,2878.7153,0.088,0.0957,0.919,0.3581,0.8858
Hs6st2,Hs6st2,3.0496,-0.7359,0.7824,-0.9406,0.3469,0.8828
Hsbp1,Hsbp1,4136.5651,0.0326,0.0778,0.4188,0.6754,0.9598
Hsbp1l1,Hsbp1l1,4.2808,-0.3396,0.6899,-0.4923,0.6225,0.9443
Hscb,Hscb,309.3702,0.4038,0.215,1.8779,0.0604,0.7456
Hsd11b1,Hsd11b1,5563.1183,0.5359,0.2356,2.2748,0.0229,0.732
Hsd11b2,Hsd11b2,9.5304,-0.3509,0.5502,-0.6377,0.5237,0.9223
Hsd17b1,Hsd17b1,19.8662,0.757,0.7056,1.0729,0.2833,0.8606
Hsd17b10,Hsd17b10,1932.2674,0.0808,0.0957,0.8445,0.3984,0.8997
Hsd17b11,Hsd17b11,1301.8469,0.3906,0.206,1.8962,0.0579,0.7404
Hsd17b12,Hsd17b12,5156.5598,0.3494,0.1982,1.7632,0.0779,0.7572
Hsd17b13,Hsd17b13,9.8848,-0.0122,0.5497,-0.0222,0.9823,1
Hsd17b14,Hsd17b14,18.8497,0.8813,0.5026,1.7534,0.0795,0.7572
Hsd17b4,Hsd17b4,4368.6078,0.0421,0.0759,0.555,0.5789,0.9348
Hsd17b7,Hsd17b7,1340.7535,0.0378,0.0959,0.3939,0.6937,0.9623
Hsd3b3,Hsd3b3,1.7814,0.186,1.1033,0.1686,0.8661,0.9815
Hsd3b4,Hsd3b4,0.4186,-0.6852,2.4191,-0.2832,0.777,0.97
Hsd3b7,Hsd3b7,1101.3655,0.4936,0.2316,2.1312,0.0331,0.732
Hsdl1,Hsdl1,766.2295,0.3168,0.1353,2.3422,0.0192,0.732
Hsdl2,Hsdl2,1566.8636,-0.1738,0.1191,-1.4593,0.1445,0.7928
Hsf1,Hsf1,2018.0934,0.0004,0.0668,0.0064,0.9949,1
Hsf2,Hsf2,1280.4143,-0.0435,0.1079,-0.4031,0.6869,0.9623
Hsf2bp,Hsf2bp,95.6484,-0.3966,0.288,-1.3768,0.1686,0.8047
Hsf4,Hsf4,234.3564,0.0866,0.0982,0.882,0.3778,0.8935
Hsf5,Hsf5,2.507,-0.2739,0.9234,-0.2966,0.7668,0.97
Hsh2d,Hsh2d,1.1469,0.1305,1.4398,0.0906,0.9278,0.9911
Hsp90aa1,Hsp90aa1,14506.2789,-0.0567,0.2029,-0.2797,0.7797,0.97
Hsp90ab1,Hsp90ab1,92324.8952,0.01,0.0522,0.1919,0.8478,0.978
Hsp90b1,Hsp90b1,40233.4488,0.307,0.164,1.8718,0.0612,0.7456
Hspa12a,Hspa12a,1270.7404,-0.2188,0.1122,-1.9507,0.0511,0.7364
Hspa12b,Hspa12b,156.9493,0.0094,0.1386,0.068,0.9458,0.9934
Hspa13,Hspa13,3467.6734,0.1023,0.1281,0.7981,0.4248,0.9063
Hspa14,Hspa14,1908.0873,-0.1463,0.0604,-2.4221,0.0154,0.732
Hspa1a,Hspa1a,204.4632,0.1396,0.1753,0.7965,0.4257,0.9068
Hspa1b,Hspa1b,1315.5729,0.0176,0.095,0.1852,0.853,0.9789
Hspa1l,Hspa1l,130.0817,0.0904,0.133,0.6801,0.4964,0.9181
Hspa2,Hspa2,682.2816,0.0017,0.0939,0.0183,0.9854,1
Hspa4,Hspa4,11713.152,-0.1658,0.1453,-1.1413,0.2538,0.8453
Hspa4l,Hspa4l,2520.9146,0.071,0.1438,0.4939,0.6214,0.9436
Hspa5,Hspa5,52513.7386,0.6415,0.2695,2.3803,0.0173,0.732
Hspa8,Hspa8,43522.0941,0.0573,0.099,0.5794,0.5623,0.9294
Hspa9,Hspa9,28314.7347,0.2365,0.1644,1.4382,0.1504,0.7968
Hspb1,Hspb1,6046.6589,0.2062,0.1652,1.2483,0.2119,0.8265
Hspb11,Hspb11,580.2898,0.2534,0.1181,2.1457,0.0319,0.732
Hspb2,Hspb2,560.3049,-0.2227,0.2345,-0.9494,0.3424,0.8793
Hspb3,Hspb3,102.3205,-0.1462,0.2239,-0.6527,0.514,0.9199
Hspb6,Hspb6,749.5369,-0.3123,0.1604,-1.9472,0.0515,0.7364
Hspb7,Hspb7,1031.9698,-0.2648,0.3103,-0.8535,0.3934,0.8986
Hspb8,Hspb8,5683.1835,0.0954,0.096,0.9938,0.3203,0.8717
Hspb9,Hspb9,7.4026,-0.1416,0.5564,-0.2545,0.7991,0.9719
Hspbap1,Hspbap1,451.5299,0.0334,0.1231,0.2712,0.7862,0.97
Hspbp1,Hspbp1,780.8635,-0.012,0.1182,-0.1012,0.9194,0.9879
Hspd1,Hspd1,11338.1551,-0.0568,0.1117,-0.5085,0.6111,0.9419
Hspe1,Hspe1,3839.0683,0.0756,0.1161,0.6512,0.5149,0.92
Hspg2,Hspg2,31413.9905,-0.1269,0.1434,-0.8848,0.3763,0.8935
Hsph1,Hsph1,4929.1366,0.0117,0.0584,0.2005,0.8411,0.9775
Htatip2,Htatip2,113.9073,0.442,0.2158,2.0485,0.0405,0.732
Htatsf1,Htatsf1,1797.5339,-0.2417,0.22,-1.0983,0.2721,0.8588
Htr1b,Htr1b,17.4391,0.1915,0.4098,0.4672,0.6404,0.9498
Htr1d,Htr1d,17.7949,-0.6105,0.5015,-1.2173,0.2235,0.8309
Htr2a,Htr2a,15.7795,0.3454,0.4214,0.8195,0.4125,0.9033
Htr2b,Htr2b,226.8021,-0.5236,0.4356,-1.2022,0.2293,0.8326
Htr6,Htr6,4.2806,0.6476,0.7285,0.889,0.374,0.893
Htr7,Htr7,37.2038,-0.6627,0.6054,-1.0947,0.2736,0.8588
Htra1,Htra1,16963.6697,-0.0344,0.1153,-0.298,0.7657,0.97
Htra2,Htra2,1666.142,0.0513,0.086,0.5965,0.5508,0.929
Htra3,Htra3,1710.3315,-0.0766,0.1982,-0.3863,0.6992,0.9635
Htra4,Htra4,6.1937,-0.3164,0.7345,-0.4308,0.6666,0.9566
Htt,Htt,2230.7496,-0.0671,0.0658,-1.0201,0.3077,0.8653
Hunk,Hunk,24.8801,-1.0332,0.5924,-1.7441,0.0811,0.7572
Hus1,Hus1,537.8615,-0.2164,0.1357,-1.5954,0.1106,0.7736
Huwe1,Huwe1,9409.968,-0.0874,0.1234,-0.7084,0.4787,0.9168
Hvcn1,Hvcn1,47.265,0.9624,0.3192,3.0149,0.0026,0.732
Hyal1,Hyal1,320.6657,0.4428,0.2552,1.7352,0.0827,0.7572
Hyal2,Hyal2,1341.5286,0.0285,0.1013,0.2813,0.7785,0.97
Hyal3,Hyal3,25.158,0.3696,0.2856,1.2943,0.1956,0.8204
Hydin,Hydin,5.3319,-1.0339,0.7509,-1.3769,0.1685,0.8046
Hyi,Hyi,321.8307,0.0437,0.1516,0.2884,0.773,0.97
Hykk,Hykk,67.2517,-0.2485,0.3029,-0.8202,0.4121,0.9033
Hyls1,Hyls1,358.5788,-0.451,0.2187,-2.0617,0.0392,0.732
Hyou1,Hyou1,9321.178,0.5687,0.2117,2.6862,0.0072,0.732
Hypk,Hypk,2447.8421,-0.1117,0.1098,-1.0167,0.3093,0.8667
I830077J02Rik,I830077J02Rik,0.7316,-0.166,1.907,-0.087,0.9306,0.9918
Iah1,Iah1,635.7217,0.2217,0.0961,2.3057,0.0211,0.732
Iars,Iars,6666.2334,0.1127,0.0882,1.2775,0.2014,0.8261
Iars2,Iars2,3322.895,0.0687,0.1077,0.6376,0.5237,0.9223
Iba57,Iba57,240.6317,0.1165,0.1411,0.8257,0.409,0.9033
Ibtk,Ibtk,2603.1145,-0.1,0.1601,-0.6243,0.5324,0.9252
Ica1,Ica1,480.0635,0.1771,0.1682,1.0527,0.2925,0.8606
Ica1l,Ica1l,9.4004,0.0564,0.6117,0.0923,0.9265,0.9905
Icam1,Icam1,1.6879,-0.7148,1.0543,-0.678,0.4978,0.9181
Icam2,Icam2,0.6303,0.6763,1.973,0.3428,0.7318,0.9694
Icam4,Icam4,10.2077,-0.2818,0.6136,-0.4592,0.6461,0.9529
Icam5,Icam5,31.1065,0.04,0.2723,0.1468,0.8833,0.9825
Ice1,Ice1,3172.8419,-0.1321,0.1158,-1.1412,0.2538,0.8453
Ice2,Ice2,462.7886,-0.1146,0.1745,-0.6567,0.5114,0.9195
Ick,Ick,1369.2013,0.1045,0.1492,0.7003,0.4838,0.9168
Icmt,Icmt,3883.3783,0.1295,0.0948,1.366,0.1719,0.8069
Icosl,Icosl,2.086,0.4299,1.0363,0.4148,0.6783,0.961
Ict1,Ict1,991.1098,0.0503,0.1159,0.4342,0.6642,0.9561
Id1,Id1,873.2959,-0.1642,0.1524,-1.0776,0.2812,0.8606
Id2,Id2,1416.7882,-0.234,0.246,-0.951,0.3416,0.879
Id3,Id3,2054.8721,-0.4414,0.3127,-1.4116,0.1581,0.8015
Id4,Id4,3.9608,-0.3488,0.7241,-0.4817,0.63,0.9451
Ide,Ide,3339.3735,0.0181,0.1147,0.1576,0.8748,0.9819
Idh1,Idh1,8184.1152,0.0549,0.0828,0.6638,0.5068,0.9188
Idh2,Idh2,5553.062,-0.0227,0.1002,-0.2264,0.8209,0.9761
Idh3a,Idh3a,3858.2123,-0.2135,0.1228,-1.7393,0.082,0.7572
Idh3b,Idh3b,3077.7797,0.0364,0.0671,0.5423,0.5876,0.9355
Idh3g,Idh3g,3571.0806,-0.0335,0.0985,-0.3406,0.7334,0.9694
Idi1,Idi1,1040.7596,-0.2258,0.2409,-0.9373,0.3486,0.8829
Idi2,Idi2,1.0541,1.0862,1.8557,0.5853,0.5583,0.9294
Idnk,Idnk,374.427,0.1585,0.1477,1.0727,0.2834,0.8606
Ido1,Ido1,0.4209,0.0036,2.4869,0.0014,0.9989,1
Ido2,Ido2,4.1872,0.439,0.8191,0.5359,0.592,0.9383
Ids,Ids,2466.6695,-0.1445,0.186,-0.7769,0.4372,0.9098
Idua,Idua,320.7653,0.2898,0.1168,2.481,0.0131,0.732
Ier2,Ier2,2743.6327,-0.1304,0.2722,-0.4792,0.6318,0.9464
Ier3,Ier3,4078.1915,1.0517,0.7597,1.3843,0.1663,0.8037
Ier3ip1,Ier3ip1,2497.4369,-0.0538,0.0666,-0.8083,0.4189,0.9047
Ier5,Ier5,2736.7254,-0.0467,0.0921,-0.5067,0.6123,0.942
Ier5l,Ier5l,607.0608,0.0074,0.0912,0.0816,0.935,0.9923
Iffo1,Iffo1,4641.8784,-0.2065,0.2027,-1.0189,0.3082,0.8653
Iffo2,Iffo2,1600.0518,0.0148,0.0849,0.1739,0.8619,0.9806
Ifi202b,Ifi202b,1714.8983,0.0672,0.155,0.4336,0.6646,0.9561
Ifi203,Ifi203,462.223,0.0226,0.1731,0.1303,0.8963,0.9854
Ifi204,Ifi204,1342.153,0.0278,0.1582,0.176,0.8603,0.98
Ifi205,Ifi205,4.2883,0.5187,0.7658,0.6773,0.4982,0.9181
Ifi27,Ifi27,3670.6563,-0.1606,0.1845,-0.8706,0.384,0.8935
Ifi27l2a,Ifi27l2a,39.4652,-0.5343,0.5599,-0.9543,0.3399,0.879
Ifi30,Ifi30,985.4636,0.0123,0.1133,0.1082,0.9139,0.9874
Ifi35,Ifi35,667.6771,-0.0017,0.1009,-0.0172,0.9863,1
Ifi44,Ifi44,39.898,-0.2776,0.4175,-0.665,0.5061,0.9188
Ifi44l,Ifi44l,3.2318,0.2573,0.8117,0.317,0.7513,0.9694
Ifi47,Ifi47,130.0279,-0.2815,0.2787,-1.01,0.3125,0.8685
Ifih1,Ifih1,138.4773,-0.0335,0.2463,-0.1361,0.8918,0.9841
Ifit1,Ifit1,153.2644,0.3349,0.4109,0.8152,0.415,0.9033
Ifit1bl1,Ifit1bl1,3.6746,-0.552,0.7242,-0.7621,0.446,0.912
Ifit1bl2,Ifit1bl2,4.0795,-0.1661,0.9638,-0.1723,0.8632,0.9807
Ifit2,Ifit2,728.9485,-0.071,0.2013,-0.3529,0.7241,0.9689
Ifit3,Ifit3,175.6386,-0.0407,0.4305,-0.0946,0.9246,0.9901
Ifit3b,Ifit3b,50.8725,-0.2187,0.3843,-0.5693,0.5692,0.9313
Ifitm1,Ifitm1,209.9642,0.3312,0.2838,1.167,0.2432,0.8409
Ifitm10,Ifitm10,108.2069,-0.544,0.2918,-1.8644,0.0623,0.7456
Ifitm2,Ifitm2,6740.3384,0.3999,0.2245,1.7811,0.0749,0.7528
Ifitm3,Ifitm3,9818.5427,0.4337,0.2553,1.6985,0.0894,0.764
Ifitm5,Ifitm5,17.3243,0.5216,0.5818,0.8966,0.3699,0.8925
Ifitm6,Ifitm6,26.3506,0.768,0.5201,1.4767,0.1398,0.7903
Ifnar1,Ifnar1,3398.8368,0.1654,0.1187,1.3933,0.1635,0.8037
Ifnar2,Ifnar2,2558.4174,0.3928,0.2294,1.7125,0.0868,0.764
Ifne,Ifne,0.4218,0.0065,2.0626,0.0032,0.9975,1
Ifng,Ifng,2.9097,0.2462,1.034,0.2381,0.8118,0.9742
Ifngr1,Ifngr1,2488.2211,0.0492,0.0733,0.6707,0.5024,0.9188
Ifngr2,Ifngr2,2470.8928,0.0301,0.072,0.4175,0.6763,0.9598
Ifnlr1,Ifnlr1,8.5764,-0.0547,0.5024,-0.1089,0.9133,0.9874
Ifnz,Ifnz,6.733,0.4332,0.6338,0.6834,0.4943,0.9181
Ifrd1,Ifrd1,3159.4571,0.3033,0.3164,0.9584,0.3379,0.879
Ifrd2,Ifrd2,644.3414,-0.0986,0.0898,-1.0976,0.2724,0.8588
Ift122,Ift122,1616.7901,0.1372,0.0816,1.6811,0.0928,0.7643
Ift140,Ift140,1035.4233,0.0451,0.0832,0.5416,0.5881,0.9357
Ift172,Ift172,1482.2034,0.151,0.0916,1.6487,0.0992,0.7669
Ift20,Ift20,1233.9899,0.0151,0.0707,0.2142,0.8304,0.9774
Ift22,Ift22,560.8515,0.0827,0.1112,0.7437,0.457,0.9134
Ift27,Ift27,630.0616,0.0223,0.0894,0.2493,0.8032,0.9719
Ift43,Ift43,1205.7475,0.0446,0.1187,0.3759,0.707,0.9657
Ift46,Ift46,2188.6896,0.137,0.1246,1.0994,0.2716,0.8588
Ift52,Ift52,1478.3143,0.1078,0.0809,1.3323,0.1828,0.8131
Ift57,Ift57,1190.7397,0.0074,0.0962,0.0766,0.9389,0.9923
Ift74,Ift74,554.8572,0.0621,0.1738,0.3571,0.7211,0.968
Ift80,Ift80,1415.0839,-0.2678,0.2108,-1.2702,0.204,0.8262
Ift81,Ift81,838.9947,-0.0703,0.1746,-0.4025,0.6873,0.9623
Ift88,Ift88,496.4281,0.0089,0.1102,0.0806,0.9358,0.9923
Igbp1,Igbp1,2259.3946,0.18,0.0978,1.8407,0.0657,0.7457
Igdcc4,Igdcc4,2079.829,-0.0665,0.1546,-0.4304,0.6669,0.9566
Igf1,Igf1,1694.049,-0.952,0.6538,-1.4559,0.1454,0.7928
Igf1r,Igf1r,2346.2304,0.0423,0.1192,0.355,0.7226,0.9684
Igf2,Igf2,17086.4587,-0.4488,0.3257,-1.3779,0.1682,0.8046
Igf2bp1,Igf2bp1,3.6514,-0.6177,0.8073,-0.7651,0.4442,0.912
Igf2bp2,Igf2bp2,2659.4626,0.7855,0.3038,2.5858,0.0097,0.732
Igf2bp3,Igf2bp3,48.0777,0.2844,0.2587,1.0992,0.2717,0.8588
Igf2os,Igf2os,23.386,-0.845,0.5341,-1.5822,0.1136,0.7736
Igf2r,Igf2r,5990.9628,0.1776,0.088,2.0174,0.0437,0.7364
Igfals,Igfals,4.5898,0.5538,0.7206,0.7685,0.4422,0.9118
Igfbp1,Igfbp1,0.5195,-1.3857,2.3878,-0.5803,0.5617,0.9294
Igfbp2,Igfbp2,8298.6949,-0.0403,0.2347,-0.1718,0.8636,0.9808
Igfbp3,Igfbp3,204.4517,-0.3618,0.1981,-1.8263,0.0678,0.7488
Igfbp4,Igfbp4,16328.9212,0.3784,0.2632,1.4379,0.1505,0.7968
Igfbp5,Igfbp5,49198.4964,-0.0634,0.1702,-0.3726,0.7095,0.9662
Igfbp6,Igfbp6,3126.9152,0.0845,0.1262,0.6698,0.503,0.9188
Igfbp7,Igfbp7,13603.0143,-0.3242,0.2115,-1.5331,0.1252,0.7753
Igflr1,Igflr1,47.4733,0.1711,0.258,0.6629,0.5074,0.9188
Igfn1,Igfn1,57.9172,-0.2724,0.4467,-0.6098,0.542,0.9283
Ighmbp2,Ighmbp2,583.385,0.0387,0.0901,0.4294,0.6676,0.9568
Igip,Igip,118.0112,0.2038,0.2007,1.0151,0.31,0.8673
Igll1,Igll1,1.9922,0.7637,1.0735,0.7114,0.4768,0.9168
Iglon5,Iglon5,83.1957,-0.2768,0.2606,-1.062,0.2882,0.8606
Igsf1,Igsf1,0.5179,-0.0578,2.0357,-0.0284,0.9774,0.9992
Igsf10,Igsf10,692.9689,-0.1738,0.1512,-1.1492,0.2505,0.8443
Igsf11,Igsf11,69.2121,0.3478,0.2244,1.5501,0.1211,0.7753
Igsf23,Igsf23,4.5033,0.7335,0.6461,1.1353,0.2563,0.8475
Igsf3,Igsf3,3261.6081,0.1342,0.139,0.9654,0.3343,0.8778
Igsf5,Igsf5,19.2712,-0.6714,0.5343,-1.2566,0.2089,0.8265
Igsf6,Igsf6,6.7105,-0.0939,0.6001,-0.1565,0.8756,0.9819
Igsf8,Igsf8,2566.4184,0.082,0.1253,0.6547,0.5127,0.9198
Igsf9,Igsf9,32.6415,-0.3987,0.3848,-1.0362,0.3001,0.8612
Igsf9b,Igsf9b,2.2884,-0.9409,1.397,-0.6735,0.5007,0.9183
Igtp,Igtp,178.0613,-0.1024,0.1529,-0.67,0.5028,0.9188
Ihh,Ihh,3.5695,0.0528,0.8258,0.064,0.949,0.9935
Iigp1,Iigp1,19.5819,-0.911,0.7048,-1.2925,0.1962,0.8209
Ik,Ik,4668.4717,-0.1062,0.0882,-1.2039,0.2286,0.8326
Ikbip,Ikbip,3892.3542,-0.166,0.1411,-1.1758,0.2397,0.84
Ikbkap,Ikbkap,2398.8203,-0.0382,0.1039,-0.3678,0.713,0.9662
Ikbkb,Ikbkb,2012.531,0.0533,0.0599,0.8899,0.3735,0.893
Ikbke,Ikbke,405.7024,0.3638,0.2116,1.7194,0.0855,0.7626
Ikbkg,Ikbkg,3590.5949,0.3924,0.1661,2.3624,0.0182,0.732
Ikzf1,Ikzf1,0.3169,0.6974,2.5704,0.2713,0.7861,0.97
Ikzf2,Ikzf2,293.6537,-0.2951,0.3115,-0.9476,0.3434,0.8797
Ikzf4,Ikzf4,9.0783,-0.0216,0.6308,-0.0342,0.9727,0.999
Ikzf5,Ikzf5,710.0117,-0.1681,0.2291,-0.7339,0.463,0.9152
Il10,Il10,0.9483,0.9455,2.1957,0.4306,0.6668,0.9566
Il10rb,Il10rb,1212.7927,0.2761,0.1327,2.0804,0.0375,0.732
Il11,Il11,30.5753,-0.3309,0.281,-1.1778,0.2389,0.8397
Il11ra1,Il11ra1,449.8603,0.0969,0.1609,0.6023,0.547,0.9289
Il12a,Il12a,190.4399,-0.1064,0.2077,-0.5121,0.6086,0.9416
Il12b,Il12b,6.0607,1.46,1.6195,0.9015,0.3673,0.8907
Il12rb1,Il12rb1,156.8408,0.4035,0.2313,1.744,0.0812,0.7572
Il12rb2,Il12rb2,12.9557,-0.7874,0.4511,-1.7455,0.0809,0.7572
Il13ra1,Il13ra1,4368.9134,0.4551,0.3114,1.4614,0.1439,0.7928
Il13ra2,Il13ra2,701.3019,1.3817,0.9288,1.4876,0.1368,0.787
Il15,Il15,54.473,-0.457,0.243,-1.8806,0.06,0.7456
Il15ra,Il15ra,17.6009,-0.4583,0.3505,-1.3077,0.191,0.8163
Il16,Il16,80.5959,0.3812,0.2179,1.7498,0.0801,0.7572
Il17b,Il17b,4.3876,-0.5759,0.9415,-0.6117,0.5408,0.9281
Il17c,Il17c,1.1411,-0.1031,2.2788,-0.0453,0.9639,0.9975
Il17d,Il17d,9.004,-0.2453,0.4815,-0.5093,0.6105,0.9417
Il17ra,Il17ra,1454.5684,0.0956,0.1272,0.7513,0.4525,0.9121
Il17rb,Il17rb,4.2913,0.9434,0.7332,1.2866,0.1982,0.823
Il17rc,Il17rc,1686.6417,0.0928,0.0899,1.0328,0.3017,0.8615
Il17rd,Il17rd,668.3376,-0.1667,0.1093,-1.5254,0.1272,0.7753
Il17re,Il17re,18.4168,-0.3403,0.4122,-0.8254,0.4091,0.9033
Il18,Il18,241.2814,-0.2082,0.2503,-0.8319,0.4055,0.9033
Il18bp,Il18bp,38.1553,-0.1066,0.2761,-0.3861,0.6994,0.9635
Il18r1,Il18r1,0.9489,-0.9377,1.7602,-0.5327,0.5942,0.9385
Il18rap,Il18rap,324.7388,-0.0042,0.3049,-0.0136,0.9891,1
Il19,Il19,1.8885,0.7376,1.0399,0.7093,0.4781,0.9168
Il1a,Il1a,85.8031,1.2145,0.6981,1.7398,0.0819,0.7572
Il1b,Il1b,145.1169,0.035,0.1948,0.1797,0.8574,0.9796
Il1bos,Il1bos,0.6294,0.6691,1.9726,0.3392,0.7345,0.9694
Il1f10,Il1f10,4.186,1.4969,1.3818,1.0833,0.2787,0.8588
Il1f5,Il1f5,0.3158,0.6972,2.5723,0.271,0.7864,0.97
Il1f8,Il1f8,0.7289,0.8506,1.6679,0.51,0.6101,0.9416
Il1f9,Il1f9,96.0872,1.5502,1.3884,1.1165,0.2642,0.8547
Il1r1,Il1r1,3565.606,0.1568,0.1772,0.8846,0.3764,0.8935
Il1r2,Il1r2,3.5583,-0.1792,0.7453,-0.2404,0.81,0.9736
Il1rap,Il1rap,709.3239,0.3404,0.2361,1.4421,0.1493,0.7968
Il1rl1,Il1rl1,478.6038,0.4733,0.5235,0.9041,0.366,0.8891
Il1rl2,Il1rl2,0.5188,-0.055,2.035,-0.027,0.9784,0.9995
Il1rn,Il1rn,542.7032,0.178,0.1641,1.0852,0.2778,0.8588
Il2,Il2,1.684,0.25,1.0549,0.237,0.8127,0.9743
Il20rb,Il20rb,28.8585,-0.39,0.3561,-1.095,0.2735,0.8588
Il21r,Il21r,12.0108,-0.3636,0.4987,-0.7292,0.4659,0.9163
Il22ra1,Il22ra1,0.5287,0.4876,2.3766,0.2052,0.8374,0.9774
Il23a,Il23a,1.7759,1.4247,1.4134,1.008,0.3135,0.8692
Il23r,Il23r,9.4103,-1.1321,0.6963,-1.6258,0.104,0.7679
Il27,Il27,1.1536,-0.1242,1.5023,-0.0827,0.9341,0.9923
Il27ra,Il27ra,76.6287,0.0638,0.1923,0.3315,0.7403,0.9694
Il2rb,Il2rb,51.6457,-0.0597,0.2994,-0.1994,0.842,0.9775
Il2rg,Il2rg,277.325,-0.22,0.3134,-0.7021,0.4826,0.9168
Il33,Il33,1188.1948,0.3242,0.1723,1.8812,0.0599,0.7456
Il34,Il34,319.1452,-0.0556,0.188,-0.2956,0.7675,0.97
Il3ra,Il3ra,655.41,0.3956,0.2249,1.7589,0.0786,0.7572
Il4i1,Il4i1,2.0978,0.9682,0.9247,1.047,0.2951,0.8606
Il4ra,Il4ra,5941.4287,0.3727,0.2343,1.5907,0.1117,0.7736
Il5,Il5,0.6317,0.0059,1.9004,0.0031,0.9975,1
Il6,Il6,541.5011,1.4266,1.0623,1.3429,0.1793,0.8123
Il6ra,Il6ra,380.5631,0.3283,0.2305,1.4242,0.1544,0.8001
Il6st,Il6st,9892.6155,0.2988,0.163,1.8332,0.0668,0.7457
Il7,Il7,47.5386,-0.4296,0.2916,-1.4733,0.1407,0.7904
Ildr2,Ildr2,444.3655,-0.0032,0.1514,-0.0213,0.983,1
Ilf2,Ilf2,3247.8874,-0.0395,0.0789,-0.5005,0.6167,0.9427
Ilf3,Ilf3,3981.0835,-0.0331,0.0755,-0.4389,0.6607,0.9548
Ilk,Ilk,6813.2384,-0.1558,0.1301,-1.1981,0.2309,0.834
Ilkap,Ilkap,1818.2244,-0.1361,0.0825,-1.6509,0.0988,0.7669
Ilvbl,Ilvbl,1594.3716,0.1768,0.1254,1.4102,0.1585,0.8015
Immp1l,Immp1l,683.7676,0.0083,0.1258,0.0661,0.9473,0.9934
Immp2l,Immp2l,99.0305,0.0315,0.2078,0.1514,0.8797,0.9823
Immt,Immt,6201.9424,0.0045,0.0677,0.0668,0.9467,0.9934
Imp3,Imp3,899.8923,0.2724,0.192,1.4185,0.1561,0.8015
Imp4,Imp4,922.5546,0.074,0.0761,0.9723,0.3309,0.8768
Impa1,Impa1,1947.0465,-0.1282,0.0578,-2.2173,0.0266,0.732
Impa2,Impa2,283.5047,-0.1844,0.1097,-1.6809,0.0928,0.7643
Impact,Impact,3694.2013,0.2564,0.1287,1.9922,0.0464,0.7364
Impad1,Impad1,3529.1368,-0.1208,0.2151,-0.5616,0.5744,0.9328
Impdh1,Impdh1,4082.8529,0.0143,0.092,0.1554,0.8765,0.9819
Impdh2,Impdh2,5658.5901,-0.1344,0.1,-1.3445,0.1788,0.8123
Impg2,Impg2,15.1955,0.1087,0.4377,0.2483,0.8039,0.9721
Ina,Ina,0.3161,0.6941,2.572,0.2699,0.7873,0.97
Inadl,Inadl,927.3111,0.0141,0.1464,0.0966,0.9231,0.9893
Inafm1,Inafm1,301.5112,0.1097,0.1129,0.9724,0.3309,0.8768
Inafm2,Inafm2,1810.4813,0.1845,0.1511,1.2206,0.2222,0.8307
Inca1,Inca1,50.5529,0.1382,0.2291,0.6033,0.5463,0.9289
Incenp,Incenp,1704.3295,-0.593,0.2449,-2.4217,0.0154,0.732
Inf2,Inf2,6642.6904,0.0583,0.0999,0.5838,0.5593,0.9294
Ing1,Ing1,1856.2534,-0.0124,0.0909,-0.137,0.8911,0.9839
Ing2,Ing2,415.6383,0.0125,0.0847,0.147,0.8831,0.9825
Ing3,Ing3,622.9824,-0.1139,0.1319,-0.864,0.3876,0.8952
Ing4,Ing4,1714.1341,0.1645,0.095,1.7317,0.0833,0.7572
Ing5,Ing5,487.4294,0.0173,0.1338,0.1292,0.8972,0.9854
Inha,Inha,97.8362,0.066,0.1489,0.4434,0.6575,0.9548
Inhba,Inhba,337.0561,-0.2959,0.2506,-1.1804,0.2378,0.838
Inhbb,Inhbb,15416.0588,0.238,0.1144,2.0796,0.0376,0.732
Inip,Inip,785.3637,-0.0767,0.1153,-0.6655,0.5057,0.9188
Inmt,Inmt,2.6024,-0.3151,0.9779,-0.3222,0.7473,0.9694
Ino80,Ino80,1489.1868,-0.0091,0.1166,-0.0781,0.9378,0.9923
Ino80b,Ino80b,645.9132,0.1647,0.1306,1.2615,0.2071,0.8262
Ino80c,Ino80c,1541.7037,0.0373,0.0746,0.4997,0.6173,0.9428
Ino80d,Ino80d,1101.5387,-0.207,0.2506,-0.8259,0.4088,0.9033
Ino80dos,Ino80dos,38.6485,-0.2279,0.2649,-0.8602,0.3897,0.8975
Ino80e,Ino80e,638.3132,-0.0263,0.147,-0.1792,0.8578,0.9797
Inpp1,Inpp1,336.1676,-0.0578,0.1292,-0.4472,0.6547,0.9548
Inpp4a,Inpp4a,646.0552,-0.1108,0.1453,-0.7625,0.4458,0.912
Inpp4b,Inpp4b,405.3637,-0.5644,0.4524,-1.2474,0.2123,0.8265
Inpp5a,Inpp5a,1193.3994,0.2553,0.1432,1.7825,0.0747,0.7528
Inpp5b,Inpp5b,1440.6022,0.0894,0.1245,0.7178,0.4729,0.9168
Inpp5d,Inpp5d,18.5308,0.2748,0.3138,0.8757,0.3812,0.8935
Inpp5e,Inpp5e,874.9568,0.2004,0.1024,1.9568,0.0504,0.7364
Inpp5f,Inpp5f,886.7841,-0.1779,0.1451,-1.2256,0.2203,0.8303
Inpp5j,Inpp5j,15.2015,0.1836,0.366,0.5015,0.616,0.9427
Inpp5k,Inpp5k,1455.6345,0.2433,0.1444,1.6848,0.092,0.7643
Inppl1,Inppl1,9097.823,-0.0482,0.1036,-0.4653,0.6417,0.9505
Ins2,Ins2,31.4122,0.2028,0.3092,0.6557,0.512,0.9195
Insc,Insc,140.5862,-1.2566,0.5876,-2.1384,0.0325,0.732
Insig1,Insig1,2387.9483,0.5178,0.2883,1.7959,0.0725,0.752
Insig2,Insig2,4628.3415,0.3357,0.1871,1.7944,0.0728,0.752
Insl6,Insl6,13.6175,0.1634,0.3751,0.4355,0.6632,0.956
Insr,Insr,2103.5966,0.1982,0.1177,1.6831,0.0924,0.7643
Ints1,Ints1,2199.3324,0.0002,0.0835,0.0027,0.9979,1
Ints10,Ints10,1387.5133,0.0674,0.0892,0.7553,0.4501,0.912
Ints12,Ints12,862.846,-0.121,0.0958,-1.263,0.2066,0.8262
Ints2,Ints2,982.6005,-0.2565,0.1879,-1.3652,0.1722,0.8069
Ints3,Ints3,2700.9307,-0.0217,0.0682,-0.3189,0.7498,0.9694
Ints4,Ints4,1493.6653,-0.0287,0.0718,-0.3988,0.6901,0.9623
Ints5,Ints5,841.1825,-0.0713,0.0955,-0.7468,0.4552,0.9128
Ints6,Ints6,819.5885,-0.1911,0.1764,-1.0835,0.2786,0.8588
Ints7,Ints7,1974.4891,-0.033,0.0664,-0.4971,0.6192,0.9434
Ints8,Ints8,1787.8465,-0.2056,0.2132,-0.9646,0.3347,0.8778
Ints9,Ints9,1048.3862,-0.0141,0.0703,-0.2008,0.8408,0.9775
Intu,Intu,405.3055,-0.005,0.1378,-0.0364,0.9709,0.999
Invs,Invs,749.3023,0.0275,0.0894,0.3083,0.7579,0.9694
Ip6k1,Ip6k1,4752.1304,0.2136,0.1149,1.8582,0.0631,0.7457
Ip6k2,Ip6k2,1186.7473,-0.0292,0.1227,-0.238,0.8119,0.9742
Ip6k3,Ip6k3,1145.9167,0.0435,0.1854,0.2344,0.8146,0.9747
Ipcef1,Ipcef1,0.9424,-1.5602,1.4686,-1.0624,0.2881,0.8606
Ipmk,Ipmk,1404.1188,0.1925,0.1806,1.0658,0.2865,0.8606
Ipo11,Ipo11,1778.826,-0.189,0.1673,-1.1293,0.2588,0.8493
Ipo13,Ipo13,2149.1703,0.0722,0.0863,0.836,0.4031,0.9033
Ipo4,Ipo4,4325.2025,0.0851,0.0872,0.9763,0.3289,0.8758
Ipo5,Ipo5,9600.8782,-0.0027,0.0907,-0.0302,0.9759,0.9992
Ipo7,Ipo7,3666.5354,-0.1472,0.2205,-0.6675,0.5044,0.9188
Ipo8,Ipo8,3054.2346,-0.0549,0.0697,-0.7886,0.4303,0.9081
Ipo9,Ipo9,6160.2329,-0.1124,0.0566,-1.9845,0.0472,0.7364
Ipp,Ipp,543.8195,0.0131,0.0845,0.1544,0.8773,0.982
Ippk,Ippk,726.3447,-0.0845,0.1015,-0.8323,0.4053,0.9033
Iqca,Iqca,1.4738,-1.0393,1.2209,-0.8513,0.3946,0.8987
Iqcb1,Iqcb1,418.5517,-0.0634,0.1083,-0.5853,0.5584,0.9294
Iqcc,Iqcc,587.7764,0.0246,0.1123,0.2188,0.8268,0.9766
Iqcd,Iqcd,25.6796,0.2485,0.2802,0.887,0.3751,0.8935
Iqce,Iqce,730.0566,0.1389,0.1276,1.0889,0.2762,0.8588
Iqcf5,Iqcf5,0.3168,-0.6877,2.5719,-0.2674,0.7892,0.97
Iqcg,Iqcg,39.2984,-0.01,0.3248,-0.0307,0.9755,0.9992
Iqch,Iqch,2.6236,-0.2109,0.8322,-0.2535,0.7999,0.9719
Iqck,Iqck,29.9459,0.3617,0.3599,1.0049,0.3149,0.8693
Iqgap1,Iqgap1,11146.9911,-0.0874,0.0793,-1.1027,0.2702,0.8588
Iqgap2,Iqgap2,5.7618,-1.1363,0.602,-1.8876,0.0591,0.7454
Iqgap3,Iqgap3,1324.3032,-0.6604,0.3656,-1.8063,0.0709,0.7515
Iqsec1,Iqsec1,3333.4938,0.0258,0.0607,0.4244,0.6713,0.9578
Iqsec2,Iqsec2,998.1934,0.0366,0.0916,0.3995,0.6895,0.9623
Iqsec3,Iqsec3,46.4408,-0.7987,0.6354,-1.2569,0.2088,0.8265
Iqub,Iqub,1.5689,0.7522,1.5816,0.4756,0.6344,0.9478
Irak1,Irak1,3539.1216,-0.009,0.0452,-0.1979,0.8431,0.9775
Irak1bp1,Irak1bp1,504.613,0.0784,0.112,0.6993,0.4844,0.9168
Irak2,Irak2,1034.0404,0.1356,0.098,1.3836,0.1665,0.8037
Irak3,Irak3,159.9193,0.376,0.1738,2.1643,0.0304,0.732
Irak4,Irak4,511.885,0.1281,0.1054,1.2145,0.2246,0.8313
Ireb2,Ireb2,2542.8748,-0.1504,0.2585,-0.5818,0.5607,0.9294
Irf1,Irf1,1831.8476,-0.11,0.081,-1.3581,0.1744,0.8088
Irf2,Irf2,1111.8432,0.0184,0.1143,0.1606,0.8724,0.9819
Irf2bp1,Irf2bp1,1270.7224,0.018,0.0879,0.205,0.8376,0.9774
Irf2bp2,Irf2bp2,2428.0038,0.1992,0.1569,1.27,0.2041,0.8262
Irf2bpl,Irf2bpl,5557.542,0.0075,0.0931,0.0809,0.9355,0.9923
Irf3,Irf3,1260.2919,-0.0759,0.0847,-0.8962,0.3701,0.8925
Irf4,Irf4,1.8786,-0.2298,0.9675,-0.2376,0.8122,0.9742
Irf5,Irf5,60.1817,-0.6034,0.3969,-1.5202,0.1285,0.7758
Irf6,Irf6,78.7355,0.1914,0.2933,0.6526,0.514,0.9199
Irf7,Irf7,122.4236,0.0057,0.3217,0.0178,0.9858,1
Irf9,Irf9,764.9459,0.1952,0.1922,1.0155,0.3099,0.8672
Irg1,Irg1,1.0407,2.5391,2.3156,1.0965,0.2728,0.8588
Irgc1,Irgc1,1.1548,0.5195,1.3698,0.3793,0.7045,0.9645
Irgm1,Irgm1,1215.557,-0.3235,0.2021,-1.6004,0.1095,0.7736
Irgm2,Irgm2,220.5966,-0.0657,0.1992,-0.3298,0.7415,0.9694
Irgq,Irgq,2159.6625,0.2077,0.0895,2.3206,0.0203,0.732
Irs1,Irs1,4112.8651,-0.325,0.2434,-1.3352,0.1818,0.8131
Irs2,Irs2,402.1207,0.1232,0.1749,0.7042,0.4813,0.9168
Irs3,Irs3,17.1644,-0.0369,0.3435,-0.1074,0.9145,0.9874
Irx2,Irx2,253.6171,-0.0275,0.152,-0.1808,0.8565,0.9796
Irx3,Irx3,688.1338,-0.3607,0.2481,-1.4537,0.146,0.7928
Irx5,Irx5,502.3864,-0.1954,0.125,-1.5633,0.118,0.7753
Isca1,Isca1,2091.2962,-0.0484,0.0938,-0.5163,0.6056,0.941
Isca2,Isca2,878.6034,0.0301,0.083,0.3622,0.7172,0.9664
Iscu,Iscu,2070.2094,0.152,0.0892,1.7039,0.0884,0.764
Isg15,Isg15,185.0362,0.0034,0.3225,0.0105,0.9916,1
Isg20,Isg20,369.6432,0.1758,0.1534,1.1459,0.2518,0.8448
Isg20l2,Isg20l2,2312.9416,-0.095,0.0691,-1.3756,0.1689,0.805
Isl1,Isl1,0.8454,-0.6931,1.5745,-0.4402,0.6598,0.9548
Isl2,Isl2,131.6303,-0.0057,0.1292,-0.0444,0.9646,0.9978
Islr,Islr,15483.5086,-0.5396,0.3338,-1.6164,0.106,0.7713
Islr2,Islr2,51.2455,-0.8437,0.4816,-1.7521,0.0798,0.7572
Ism1,Ism1,58.7372,0.2344,0.3233,0.7251,0.4684,0.9168
Ism2,Ism2,33.6991,-0.5604,0.3391,-1.6525,0.0984,0.7669
Isoc1,Isoc1,1060.5375,-0.1636,0.0744,-2.1991,0.0279,0.732
Isoc2a,Isoc2a,260.0185,0.0482,0.1225,0.394,0.6936,0.9623
Isoc2b,Isoc2b,22.9421,0.3906,0.3014,1.2962,0.1949,0.8204
Ispd,Ispd,180.9178,0.0076,0.1191,0.0638,0.9492,0.9936
Israa,Israa,0.5179,-0.0578,2.0357,-0.0284,0.9774,0.9992
Ist1,Ist1,2464.8372,0.0254,0.0576,0.4408,0.6593,0.9548
Isx,Isx,82.2913,-0.2409,0.2754,-0.8751,0.3815,0.8935
Isy1,Isy1,1263.1623,-0.0309,0.0703,-0.4399,0.66,0.9548
Isyna1,Isyna1,1604.3864,0.1701,0.1109,1.534,0.125,0.7753
Itch,Itch,2849.8706,-0.1909,0.1869,-1.0212,0.3072,0.8653
Itfg1,Itfg1,9545.6338,0.0513,0.0837,0.613,0.5399,0.9281
Itfg2,Itfg2,730.2726,0.1139,0.1164,0.9787,0.3277,0.8756
Itfg3,Itfg3,4247.7332,0.1259,0.0666,1.8921,0.0585,0.7417
Itga1,Itga1,119.0073,-0.5865,0.3665,-1.6,0.1096,0.7736
Itga10,Itga10,421.847,0.2445,0.3059,0.7994,0.4241,0.906
Itga11,Itga11,2543.7521,-0.5249,0.2899,-1.8106,0.0702,0.7507
Itga2,Itga2,1.3494,0.4355,1.358,0.3207,0.7485,0.9694
Itga2b,Itga2b,116.2095,-0.0258,0.1752,-0.1474,0.8828,0.9825
Itga3,Itga3,3376.2999,-0.1114,0.123,-0.9053,0.3653,0.8889
Itga4,Itga4,527.8567,-0.265,0.328,-0.8078,0.4192,0.9047
Itga5,Itga5,12080.2035,-0.0703,0.0827,-0.85,0.3953,0.8991
Itga6,Itga6,2791.9529,-0.1766,0.2442,-0.7232,0.4696,0.9168
Itga7,Itga7,39143.5569,0.0955,0.1068,0.8945,0.3711,0.893
Itga8,Itga8,31.6985,-0.5776,0.3464,-1.6675,0.0954,0.7657
Itga9,Itga9,15.4967,-0.4765,0.5769,-0.8261,0.4088,0.9033
Itgad,Itgad,3.4029,-0.6252,1.2403,-0.5041,0.6142,0.9426
Itgae,Itgae,13.2149,-0.6012,0.4428,-1.3577,0.1746,0.8088
Itgal,Itgal,5.6563,0.6256,0.6549,0.9553,0.3394,0.879
Itgam,Itgam,11.2867,-0.2563,0.5183,-0.4946,0.6209,0.9436
Itgav,Itgav,7754.6942,-0.1645,0.1688,-0.9746,0.3298,0.8767
Itgb1,Itgb1,44137.1985,-0.1324,0.1,-1.3237,0.1856,0.8161
Itgb1bp1,Itgb1bp1,1389.1785,0.2462,0.1858,1.3249,0.1852,0.8161
Itgb1bp2,Itgb1bp2,1978.1003,-0.4692,0.3356,-1.3982,0.162,0.8037
Itgb2,Itgb2,81.4532,1.0358,0.4421,2.3429,0.0191,0.732
Itgb2l,Itgb2l,0.4219,0.0007,2.4864,0.0003,0.9998,1
Itgb3,Itgb3,2008.9176,0.5439,0.3343,1.627,0.1037,0.7679
Itgb3bp,Itgb3bp,216.8253,-0.3147,0.2764,-1.1386,0.2549,0.8459
Itgb4,Itgb4,193.3505,-0.0564,0.2416,-0.2333,0.8155,0.975
Itgb5,Itgb5,14939.8488,0.253,0.0938,2.698,0.007,0.732
Itgb6,Itgb6,332.0984,-0.4548,0.437,-1.0407,0.298,0.8608
Itgb7,Itgb7,91.996,1.3716,1.135,1.2085,0.2269,0.8325
Itgb8,Itgb8,82.4111,0.5086,0.2951,1.7236,0.0848,0.7604
Itgbl1,Itgbl1,47.1711,-0.8976,0.6728,-1.3341,0.1822,0.8131
Itih1,Itih1,4.0799,-0.3683,0.7875,-0.4676,0.6401,0.9496
Itih2,Itih2,25.3931,0.078,0.3738,0.2086,0.8348,0.9774
Itih3,Itih3,3.7615,-0.7114,0.71,-1.002,0.3163,0.8701
Itih4,Itih4,11.6243,0.6941,0.4215,1.6467,0.0996,0.7669
Itih5,Itih5,27.8288,0.4923,0.3464,1.4215,0.1552,0.8007
Itk,Itk,0.7295,-1.0205,1.6778,-0.6082,0.543,0.9283
Itln1,Itln1,2.0911,0.8288,1.1137,0.7442,0.4567,0.9134
Itm2a,Itm2a,131.8589,-0.5639,0.481,-1.1723,0.2411,0.84
Itm2b,Itm2b,38587.4319,0.0906,0.0839,1.0791,0.2805,0.8603
Itm2c,Itm2c,8810.191,0.2039,0.1244,1.6392,0.1012,0.7679
Itpa,Itpa,1931.1131,-0.0663,0.1034,-0.6412,0.5214,0.9223
Itpk1,Itpk1,594.2649,0.2452,0.1938,1.2657,0.2056,0.8262
Itpka,Itpka,2.6298,-1.2755,0.906,-1.4078,0.1592,0.8015
Itpkb,Itpkb,584.438,-0.3989,0.1738,-2.2957,0.0217,0.732
Itpkc,Itpkc,717.9465,0.1602,0.0957,1.6736,0.0942,0.7643
Itpr1,Itpr1,868.1378,-0.0607,0.0921,-0.6588,0.51,0.9195
Itpr2,Itpr2,1010.2598,0.2208,0.1878,1.1758,0.2397,0.84
Itpr3,Itpr3,4558.7043,0.3663,0.2232,1.6416,0.1007,0.767
Itprip,Itprip,3174.2086,0.0026,0.0546,0.0473,0.9623,0.997
Itpripl1,Itpripl1,229.806,-0.2407,0.1314,-1.8318,0.067,0.7457
Itpripl2,Itpripl2,8008.7289,0.1187,0.1807,0.6569,0.5113,0.9195
Itsn1,Itsn1,3532.1016,-0.2375,0.1112,-2.1369,0.0326,0.732
Itsn2,Itsn2,779.5879,-0.0424,0.2234,-0.1899,0.8494,0.9781
Ivd,Ivd,1615.2128,0.0168,0.0852,0.1967,0.8441,0.9775
Ivns1abp,Ivns1abp,22402.1869,0.0351,0.0754,0.466,0.6412,0.95
Iws1,Iws1,2272.061,-0.2022,0.2055,-0.9841,0.3251,0.8746
Iyd,Iyd,5.6907,-0.1658,1.082,-0.1532,0.8782,0.982
Izumo1,Izumo1,0.7297,-0.1295,1.6791,-0.0771,0.9385,0.9923
Izumo4,Izumo4,81.4064,0.0974,0.1848,0.5269,0.5983,0.9397
Jade1,Jade1,1776.3192,-0.2081,0.1996,-1.0427,0.2971,0.8608
Jade2,Jade2,645.5494,0.2167,0.2,1.0832,0.2787,0.8588
Jade3,Jade3,240.3577,-0.0289,0.1693,-0.1708,0.8644,0.9808
Jag1,Jag1,598.2964,-0.3631,0.1552,-2.3397,0.0193,0.732
Jag2,Jag2,968.0408,-0.2418,0.2596,-0.9316,0.3515,0.8839
Jagn1,Jagn1,1366.8647,0.096,0.1088,0.8824,0.3776,0.8935
Jak1,Jak1,7047.26,0.0275,0.094,0.2923,0.7701,0.97
Jak2,Jak2,2525.7989,0.0953,0.1573,0.6056,0.5448,0.9285
Jak3,Jak3,114.7908,0.2897,0.205,1.413,0.1576,0.8015
Jakmip1,Jakmip1,73.9137,-0.0949,0.3415,-0.278,0.781,0.97
Jakmip3,Jakmip3,1.3593,0.2562,1.1657,0.2198,0.826,0.9766
Jam2,Jam2,2723.5999,-0.2665,0.2798,-0.9524,0.3409,0.879
Jam3,Jam3,1209.8777,-0.0808,0.1047,-0.7712,0.4406,0.9112
Jarid2,Jarid2,728.0384,-0.1122,0.1327,-0.8455,0.3978,0.8992
Jazf1,Jazf1,62.9947,-0.5794,0.2394,-2.4202,0.0155,0.732
Jchain,Jchain,2.6311,0.6913,0.84,0.823,0.4105,0.9033
Jdp2,Jdp2,2669.3213,-0.095,0.1065,-0.8923,0.3722,0.893
Jkamp,Jkamp,1291.105,0.1035,0.0964,1.0739,0.2829,0.8606
Jmjd1c,Jmjd1c,1330.9597,0.0289,0.1819,0.1587,0.8739,0.9819
Jmjd4,Jmjd4,653.7428,-0.0808,0.0863,-0.9359,0.3493,0.8836
Jmjd6,Jmjd6,2196.1675,0.1932,0.1213,1.5925,0.1113,0.7736
Jmjd7,Jmjd7,1.7723,2.4537,1.5143,1.6204,0.1052,0.7696
Jmjd8,Jmjd8,359.728,0.0969,0.1219,0.7954,0.4264,0.907
Jmy,Jmy,1849.0603,0.0475,0.1461,0.3251,0.7451,0.9694
Josd1,Josd1,4226.6302,0.0935,0.1271,0.7353,0.4621,0.9151
Josd2,Josd2,703.8785,-0.022,0.0961,-0.2292,0.8187,0.9755
Jph1,Jph1,1443.0178,-0.1856,0.2379,-0.7802,0.4352,0.9089
Jph2,Jph2,9296.5284,-0.1024,0.1959,-0.5229,0.6011,0.9406
Jph3,Jph3,0.837,1.271,2.2755,0.5586,0.5765,0.9341
Jph4,Jph4,1.4671,0.0022,1.1884,0.0019,0.9985,1
Jpx,Jpx,38.6777,-0.0574,0.2353,-0.2441,0.8072,0.9732
Jrk,Jrk,629.3551,-0.0791,0.0816,-0.9701,0.332,0.8775
Jrkl,Jrkl,250.793,0.0216,0.2349,0.0921,0.9266,0.9906
Jsrp1,Jsrp1,1889.7054,-0.0026,0.2399,-0.0109,0.9913,1
Jtb,Jtb,1673.2856,0.2033,0.1457,1.3954,0.1629,0.8037
Jun,Jun,4999.6702,0.1242,0.1532,0.8109,0.4174,0.9046
Junb,Junb,9385.3075,-0.054,0.1695,-0.3188,0.7499,0.9694
Jund,Jund,4962.5716,0.2469,0.1425,1.7332,0.0831,0.7572
Jup,Jup,5307.5622,-0.1776,0.2549,-0.6971,0.4858,0.9168
Kalrn,Kalrn,762.4577,-0.1265,0.0755,-1.6755,0.0938,0.7643
Kank1,Kank1,252.7796,-0.153,0.1784,-0.8574,0.3912,0.8983
Kank2,Kank2,7619.999,-0.2356,0.1383,-1.7042,0.0883,0.764
Kank3,Kank3,198.5934,-0.0738,0.1059,-0.697,0.4858,0.9168
Kank4,Kank4,1.7798,-1.1214,1.3327,-0.8414,0.4001,0.9014
Kank4os,Kank4os,22.3767,-0.0764,0.2952,-0.2589,0.7957,0.9712
Kansl1,Kansl1,1948.8058,-0.1263,0.1407,-0.8979,0.3692,0.8924
Kansl1l,Kansl1l,800.5092,-0.0386,0.2067,-0.1869,0.8517,0.9789
Kansl2,Kansl2,6609.9032,0.2628,0.1917,1.3708,0.1704,0.8059
Kansl3,Kansl3,3188.6322,0.0617,0.1074,0.5744,0.5657,0.9302
Kantr,Kantr,244.923,0.0549,0.1942,0.2825,0.7775,0.97
Kars,Kars,5922.0092,-0.0531,0.0891,-0.5959,0.5512,0.929
Kat2a,Kat2a,2142.5704,0.0356,0.0904,0.394,0.6936,0.9623
Kat2b,Kat2b,2150.7345,-0.0372,0.112,-0.3323,0.7396,0.9694
Kat5,Kat5,1343.7925,0.0494,0.0896,0.5516,0.5812,0.9352
Kat6a,Kat6a,2252.7537,-0.2142,0.1936,-1.1065,0.2685,0.8575
Kat6b,Kat6b,1026.0881,0.0074,0.153,0.0482,0.9616,0.997
Kat7,Kat7,4087.7433,-0.0104,0.0664,-0.1565,0.8757,0.9819
Kat8,Kat8,792.2221,0.1667,0.1305,1.2771,0.2016,0.8262
Katna1,Katna1,1347.7541,-0.0117,0.0543,-0.2145,0.8301,0.9774
Katnal1,Katnal1,1038.2982,-0.1101,0.1057,-1.041,0.2979,0.8608
Katnal2,Katnal2,25.5772,0.3472,0.4164,0.8338,0.4044,0.9033
Katnb1,Katnb1,1324.7235,0.0126,0.0934,0.1354,0.8923,0.9841
Katnbl1,Katnbl1,1496.1141,-0.2086,0.2199,-0.9484,0.3429,0.8793
Kazald1,Kazald1,166.2519,-0.1183,0.1885,-0.6279,0.5301,0.9242
Kbtbd11,Kbtbd11,1521.68,0.7143,0.242,2.952,0.0032,0.732
Kbtbd12,Kbtbd12,29.5737,-0.2859,0.3182,-0.8986,0.3689,0.8923
Kbtbd13,Kbtbd13,2.7226,-1.1801,0.8582,-1.3751,0.1691,0.8052
Kbtbd2,Kbtbd2,2303.1806,-0.0688,0.0666,-1.0336,0.3013,0.8615
Kbtbd3,Kbtbd3,102.9438,0.0213,0.2061,0.1032,0.9178,0.9879
Kbtbd4,Kbtbd4,1134.2428,0.0058,0.0906,0.0644,0.9486,0.9935
Kbtbd6,Kbtbd6,17.0414,-0.803,0.4857,-1.6534,0.0982,0.7669
Kbtbd7,Kbtbd7,352.3488,-0.1314,0.2186,-0.6009,0.5479,0.9289
Kbtbd8,Kbtbd8,45.5719,-0.3072,0.3746,-0.82,0.4122,0.9033
Kcmf1,Kcmf1,3739.0629,0.0155,0.0485,0.3201,0.7489,0.9694
Kcna1,Kcna1,1.0518,0.5691,1.4775,0.3851,0.7001,0.9635
Kcna3,Kcna3,0.4219,0.0012,2.0632,0.0006,0.9995,1
Kcna4,Kcna4,15.7301,0.0655,0.4863,0.1348,0.8928,0.9841
Kcna6,Kcna6,2.623,-0.4801,1.075,-0.4466,0.6552,0.9548
Kcna7,Kcna7,29.9423,-0.3393,0.4176,-0.8124,0.4165,0.9035
Kcnab1,Kcnab1,53.231,-0.2225,0.3511,-0.6337,0.5263,0.9228
Kcnab2,Kcnab2,138.1382,0.5188,0.2831,1.8327,0.0668,0.7457
Kcnab3,Kcnab3,148.3819,-0.1443,0.1784,-0.8089,0.4186,0.9047
Kcnb1,Kcnb1,327.0346,-0.2214,0.2697,-0.8209,0.4117,0.9033
Kcnc1,Kcnc1,29.585,-0.4267,0.455,-0.9379,0.3483,0.8829
Kcnc2,Kcnc2,156.2521,0.1911,0.1843,1.0373,0.2996,0.8612
Kcnc3,Kcnc3,8.2629,0.1254,0.4768,0.263,0.7926,0.9702
Kcnd1,Kcnd1,122.9035,0.1168,0.165,0.7079,0.479,0.9168
Kcne2,Kcne2,0.7297,-1.0124,1.5531,-0.6518,0.5145,0.9199
Kcne4,Kcne4,57.1397,0.5567,0.3211,1.7338,0.083,0.7572
Kcnf1,Kcnf1,376.8485,-0.3932,0.2658,-1.4796,0.139,0.7895
Kcng2,Kcng2,1.5672,-0.7985,1.1966,-0.6673,0.5046,0.9188
Kcnh1,Kcnh1,111.8981,-0.5042,0.4517,-1.1163,0.2643,0.8547
Kcnh2,Kcnh2,232.1841,-0.7717,0.3604,-2.1416,0.0322,0.732
Kcnh3,Kcnh3,1.5764,1.3426,1.1569,1.1606,0.2458,0.8422
Kcnh7,Kcnh7,5.2542,0.2779,0.6085,0.4567,0.6479,0.9535
Kcnip2,Kcnip2,2.6042,-0.0362,0.8698,-0.0416,0.9668,0.9986
Kcnip3,Kcnip3,4.9203,-0.9039,0.6285,-1.4382,0.1504,0.7968
Kcnip4,Kcnip4,9.6348,0.003,0.4315,0.0071,0.9944,1
Kcnj11,Kcnj11,5.0169,-0.5719,0.7529,-0.7596,0.4475,0.912
Kcnj12,Kcnj12,244.1854,-0.2724,0.3668,-0.7427,0.4577,0.9137
Kcnj13,Kcnj13,2.4018,-0.6862,0.894,-0.7675,0.4428,0.9118
Kcnj14,Kcnj14,1.2452,0.2132,1.2884,0.1655,0.8685,0.9818
Kcnj15,Kcnj15,0.9319,-0.6659,1.6321,-0.408,0.6833,0.9622
Kcnj16,Kcnj16,29.425,0.2765,0.2643,1.0462,0.2954,0.8606
Kcnj2,Kcnj2,399.9875,0.037,0.187,0.1981,0.843,0.9775
Kcnj3,Kcnj3,1.6763,0.4863,1.2666,0.3839,0.7011,0.9635
Kcnj4,Kcnj4,1.6782,-0.2418,1.0276,-0.2353,0.814,0.9745
Kcnj6,Kcnj6,1.2635,-0.1509,1.2997,-0.1161,0.9076,0.987
Kcnj8,Kcnj8,0.9308,-0.7144,1.856,-0.3849,0.7003,0.9635
Kcnj9,Kcnj9,0.7395,-0.3807,1.6007,-0.2378,0.812,0.9742
Kcnk12,Kcnk12,15.2583,-0.6477,0.5239,-1.2363,0.2164,0.8286
Kcnk13,Kcnk13,44.3645,-0.733,0.5373,-1.3643,0.1725,0.807
Kcnk2,Kcnk2,250.0598,0.1567,0.2062,0.7601,0.4472,0.912
Kcnk4,Kcnk4,9.0352,0.0339,0.5505,0.0615,0.9509,0.9939
Kcnk5,Kcnk5,336.0361,0.2051,0.2405,0.8527,0.3939,0.8986
Kcnk6,Kcnk6,27.8573,0.2591,0.2585,1.0026,0.3161,0.8701
Kcnk7,Kcnk7,4.6938,0.1356,0.8121,0.167,0.8674,0.9818
Kcnma1,Kcnma1,16.9513,1.3852,0.8155,1.6986,0.0894,0.764
Kcnmb1,Kcnmb1,5.1099,-1.1448,0.754,-1.5182,0.129,0.7759
Kcnmb2,Kcnmb2,1.6702,0.2676,1.0831,0.2471,0.8048,0.9724
Kcnmb4,Kcnmb4,19.4682,0.1951,0.5228,0.3732,0.709,0.9661
Kcnmb4os1,Kcnmb4os1,0.7316,-0.166,1.907,-0.087,0.9306,0.9918
Kcnmb4os2,Kcnmb4os2,6.5084,-0.357,0.6003,-0.5947,0.5521,0.929
Kcnn1,Kcnn1,358.0745,-0.0521,0.1456,-0.3579,0.7204,0.9678
Kcnn3,Kcnn3,616.7869,-0.2923,0.2716,-1.076,0.2819,0.8606
Kcnn4,Kcnn4,829.0099,0.0922,0.1364,0.6759,0.4991,0.9181
Kcnq1,Kcnq1,3.5763,-0.4474,1.0673,-0.4192,0.6751,0.9598
Kcnq1ot1,Kcnq1ot1,24.4953,0.1591,0.5317,0.2992,0.7648,0.97
Kcnq4,Kcnq4,1077.5731,-0.184,0.2726,-0.6749,0.4997,0.9181
Kcnrg,Kcnrg,15.0996,-0.0569,0.4576,-0.1243,0.901,0.986
Kcnt2,Kcnt2,2.7145,-0.6843,1.0141,-0.6748,0.4998,0.9181
Kcnu1,Kcnu1,16.9622,0.1066,0.338,0.3153,0.7525,0.9694
Kcp,Kcp,56.236,-0.4878,0.3308,-1.4749,0.1402,0.7903
Kctd1,Kctd1,452.088,-0.0666,0.0792,-0.8418,0.3999,0.9012
Kctd10,Kctd10,4498.954,0.0588,0.0901,0.6525,0.5141,0.9199
Kctd11,Kctd11,2199.0504,-0.3774,0.1906,-1.9801,0.0477,0.7364
Kctd12,Kctd12,101.4221,-1.1296,0.4548,-2.4837,0.013,0.732
Kctd12b,Kctd12b,94.46,-0.1307,0.2955,-0.4422,0.6583,0.9548
Kctd13,Kctd13,286.8974,0.1392,0.1354,1.0282,0.3038,0.8633
Kctd14,Kctd14,19.2236,0.1244,0.3646,0.3412,0.733,0.9694
Kctd15,Kctd15,1126.2035,0.1243,0.1292,0.962,0.3361,0.8778
Kctd16,Kctd16,1.5487,-0.3675,1.9389,-0.1896,0.8497,0.9781
Kctd17,Kctd17,2682.7137,-0.0447,0.0805,-0.5555,0.5786,0.9346
Kctd18,Kctd18,581.3529,-0.0985,0.0718,-1.3724,0.1699,0.8056
Kctd19,Kctd19,1.1578,1.3601,1.4148,0.9613,0.3364,0.878
Kctd2,Kctd2,1293.7122,0.2058,0.1267,1.6246,0.1043,0.7679
Kctd20,Kctd20,2383.6288,-0.0114,0.0722,-0.1581,0.8744,0.9819
Kctd21,Kctd21,209.2054,0.1942,0.125,1.553,0.1204,0.7753
Kctd3,Kctd3,1963.6206,-0.0578,0.0529,-1.0925,0.2746,0.8588
Kctd5,Kctd5,3175.2124,-0.141,0.1066,-1.3226,0.186,0.8161
Kctd6,Kctd6,501.8754,0.0505,0.14,0.361,0.7181,0.967
Kctd7,Kctd7,503.539,-0.049,0.1632,-0.3005,0.7638,0.97
Kctd9,Kctd9,2274.6067,-0.1683,0.1451,-1.1599,0.2461,0.8423
Kdelc1,Kdelc1,1819.8985,-0.062,0.0853,-0.7261,0.4678,0.9168
Kdelc2,Kdelc2,1735.097,0.075,0.116,0.6464,0.5181,0.9215
Kdelr1,Kdelr1,6244.992,0.1251,0.0937,1.3349,0.1819,0.8131
Kdelr2,Kdelr2,7664.7543,0.0282,0.0676,0.4175,0.6763,0.9598
Kdelr3,Kdelr3,4047.5929,0.0419,0.0848,0.4941,0.6213,0.9436
Kdm1a,Kdm1a,5159.9813,-0.13,0.0973,-1.3354,0.1817,0.8131
Kdm1b,Kdm1b,702.6214,0.0825,0.1188,0.6949,0.4871,0.9168
Kdm2a,Kdm2a,4307.149,0.0085,0.105,0.0808,0.9356,0.9923
Kdm2b,Kdm2b,1014.1761,-0.021,0.1245,-0.1689,0.8659,0.9815
Kdm3a,Kdm3a,2919.121,0.2324,0.1381,1.6833,0.0923,0.7643
Kdm3b,Kdm3b,2924.6724,0.0477,0.0693,0.6882,0.4914,0.9181
Kdm4a,Kdm4a,3342.2675,0.1638,0.141,1.1612,0.2456,0.8421
Kdm4b,Kdm4b,2301.2462,0.4424,0.1656,2.6714,0.0076,0.732
Kdm4c,Kdm4c,1192.1826,-0.1105,0.1265,-0.8735,0.3824,0.8935
Kdm4d,Kdm4d,2.6205,1.0961,0.8761,1.251,0.2109,0.8265
Kdm5a,Kdm5a,2270.6352,-0.0595,0.2203,-0.2699,0.7872,0.97
Kdm5b,Kdm5b,3419.2237,0.1007,0.1114,0.9031,0.3665,0.8897
Kdm5c,Kdm5c,6294.9685,0.0015,0.0608,0.0251,0.98,1
Kdm6a,Kdm6a,1311.623,-0.03,0.1826,-0.1645,0.8694,0.9818
Kdm6b,Kdm6b,2352.7597,0.081,0.0848,0.955,0.3396,0.879
Kdm7a,Kdm7a,928.1147,0.1694,0.2125,0.797,0.4255,0.9067
Kdm8,Kdm8,123.4462,-0.1225,0.1312,-0.9337,0.3505,0.8839
Kdr,Kdr,0.4216,0.0071,2.0629,0.0035,0.9972,1
Kdsr,Kdsr,1673.7336,0.4587,0.2619,1.7513,0.0799,0.7572
Keap1,Keap1,2477.9317,0.109,0.105,1.0379,0.2993,0.8612
Khdrbs1,Khdrbs1,6627.971,-0.1918,0.0743,-2.58,0.0099,0.732
Khdrbs3,Khdrbs3,350.5879,-0.251,0.2138,-1.1738,0.2405,0.84
Khk,Khk,372.4542,0.1538,0.1558,0.987,0.3236,0.8734
Khnyn,Khnyn,1091.8719,0.2489,0.1384,1.7991,0.072,0.752
Khsrp,Khsrp,4679.7487,-0.0055,0.07,-0.079,0.937,0.9923
Kidins220,Kidins220,6220.1844,-0.0138,0.1485,-0.0928,0.9261,0.9905
Kif11,Kif11,1154.3659,-0.9167,0.6636,-1.3816,0.1671,0.8045
Kif13a,Kif13a,1563.0218,0.046,0.0772,0.5949,0.5519,0.929
Kif13b,Kif13b,732.9638,0.1075,0.1365,0.7875,0.431,0.9081
Kif14,Kif14,422.441,-0.9634,0.4567,-2.1096,0.0349,0.732
Kif15,Kif15,297.3223,-0.7707,0.4373,-1.7624,0.078,0.7572
Kif16b,Kif16b,928.9562,0.0799,0.1509,0.5297,0.5963,0.9389
Kif17,Kif17,5.0165,-0.2682,0.6517,-0.4116,0.6806,0.9614
Kif18a,Kif18a,118.3508,-0.7357,0.5029,-1.4628,0.1435,0.7928
Kif18b,Kif18b,899.6882,-0.7668,0.4002,-1.9163,0.0553,0.7377
Kif19a,Kif19a,67.9675,-0.3733,0.3285,-1.1362,0.2559,0.8472
Kif1a,Kif1a,148.9249,0.7326,0.4852,1.51,0.131,0.7771
Kif1b,Kif1b,6367.8718,-0.071,0.1799,-0.3947,0.6931,0.9623
Kif1bp,Kif1bp,2537.715,0.0757,0.0597,1.2692,0.2044,0.8262
Kif1c,Kif1c,10026.9244,0.0167,0.0571,0.293,0.7696,0.97
Kif20a,Kif20a,2282.0749,-0.8105,0.3602,-2.2503,0.0244,0.732
Kif20b,Kif20b,137.8242,-0.5996,0.3663,-1.637,0.1016,0.7679
Kif21a,Kif21a,807.0933,0.1435,0.2122,0.6764,0.4988,0.9181
Kif21b,Kif21b,1016.9518,0.4887,0.3088,1.5827,0.1135,0.7736
Kif22,Kif22,1104.042,-0.6903,0.3254,-2.1216,0.0339,0.732
Kif23,Kif23,1211.6107,-0.9275,0.4848,-1.9132,0.0557,0.7377
Kif24,Kif24,525.6681,-0.5381,0.3365,-1.5988,0.1099,0.7736
Kif26a,Kif26a,34.3502,-0.7283,0.6712,-1.085,0.2779,0.8588
Kif26b,Kif26b,1162.1744,-0.2377,0.1909,-1.245,0.2131,0.8265
Kif27,Kif27,8.1686,0.2484,0.4763,0.5215,0.602,0.941
Kif2a,Kif2a,1490.4708,-0.161,0.1411,-1.1405,0.2541,0.8453
Kif2c,Kif2c,1237.7525,-0.7672,0.4103,-1.87,0.0615,0.7456
Kif3a,Kif3a,1496.5026,-0.0681,0.1898,-0.3591,0.7195,0.9673
Kif3b,Kif3b,2489.3934,-0.0149,0.0634,-0.2349,0.8143,0.9745
Kif3c,Kif3c,1812.8512,0.1661,0.1,1.66,0.0969,0.7669
Kif4,Kif4,867.1883,-0.9043,0.4014,-2.2527,0.0243,0.732
Kif5a,Kif5a,58.3904,0.0397,0.2594,0.1532,0.8783,0.982
Kif5b,Kif5b,4762.8484,-0.0433,0.2193,-0.1974,0.8435,0.9775
Kif5c,Kif5c,747.1438,-0.3479,0.2221,-1.5668,0.1172,0.7753
Kif6,Kif6,8.77,-0.4514,0.5291,-0.8531,0.3936,0.8986
Kif7,Kif7,436.4911,0.0362,0.0917,0.3946,0.6932,0.9623
Kif9,Kif9,82.586,0.1921,0.2261,0.8495,0.3956,0.8991
Kifap3,Kifap3,3990.9276,-0.0033,0.1309,-0.0249,0.9801,1
Kifc1,Kifc1,692.0413,-0.7732,0.3272,-2.3633,0.0181,0.732
Kifc2,Kifc2,78.2342,0.1106,0.2023,0.547,0.5844,0.9355
Kifc3,Kifc3,2993.2935,-0.2253,0.1705,-1.3216,0.1863,0.8161
Kifc5b,Kifc5b,442.3557,-0.742,0.3659,-2.0275,0.0426,0.7364
Kin,Kin,465.9253,-0.2155,0.1601,-1.346,0.1783,0.8123
Kirrel,Kirrel,8129.2034,0.0362,0.0855,0.423,0.6723,0.9583
Kirrel3,Kirrel3,237.4685,-0.7859,0.3098,-2.537,0.0112,0.732
Kiss1r,Kiss1r,43.7763,0.2567,0.2538,1.0114,0.3118,0.8682
Kitl,Kitl,1164.2445,0.818,0.292,2.8014,0.0051,0.732
Kiz,Kiz,862.5065,0.1145,0.0984,1.1632,0.2448,0.8421
Kl,Kl,0.7255,-0.5925,1.9657,-0.3014,0.7631,0.97
Klb,Klb,4.4848,-0.1223,0.6573,-0.186,0.8524,0.9789
Klc1,Klc1,7618.4843,-0.0406,0.1047,-0.3881,0.6979,0.9633
Klc2,Klc2,2050.4664,0.0729,0.0563,1.2955,0.1951,0.8204
Klc3,Klc3,124.1076,-0.0547,0.1663,-0.3286,0.7424,0.9694
Klc4,Klc4,808.6266,0.1208,0.0949,1.273,0.203,0.8262
Klf1,Klf1,3.7729,0.1293,0.7402,0.1746,0.8614,0.9803
Klf10,Klf10,2653.5139,-0.4476,0.2158,-2.0742,0.0381,0.732
Klf11,Klf11,929.2897,0.1774,0.1297,1.3677,0.1714,0.8066
Klf12,Klf12,36.7991,-0.0896,0.259,-0.3459,0.7294,0.9694
Klf13,Klf13,3292.7642,-0.1876,0.1386,-1.3538,0.1758,0.8104
Klf15,Klf15,61.6008,1.2021,0.6741,1.7834,0.0745,0.752
Klf16,Klf16,873.7825,-0.0227,0.0998,-0.2279,0.8197,0.9758
Klf2,Klf2,821.3728,0.4297,0.1929,2.2278,0.0259,0.732
Klf3,Klf3,1477.5008,-0.0309,0.1485,-0.2083,0.835,0.9774
Klf4,Klf4,2040.76,0.8073,0.3827,2.1094,0.0349,0.732
Klf5,Klf5,1217.6789,-0.2779,0.2288,-1.2143,0.2246,0.8313
Klf6,Klf6,5642.5317,0.1025,0.1513,0.6779,0.4978,0.9181
Klf7,Klf7,90.5266,-0.1311,0.2291,-0.572,0.5673,0.9312
Klf8,Klf8,8.3094,-0.5783,0.6228,-0.9285,0.3531,0.8839
Klf9,Klf9,967.8183,0.3866,0.2222,1.7395,0.0819,0.7572
Klhdc1,Klhdc1,315.4034,0.1503,0.1379,1.0904,0.2755,0.8588
Klhdc10,Klhdc10,4317.2152,-0.1725,0.1215,-1.4199,0.1556,0.8015
Klhdc2,Klhdc2,4716.8563,0.068,0.0857,0.7939,0.4273,0.907
Klhdc3,Klhdc3,2823.8897,0.0648,0.0637,1.0172,0.3091,0.8666
Klhdc4,Klhdc4,935.6936,-0.003,0.0838,-0.0362,0.9711,0.999
Klhdc7a,Klhdc7a,6.4712,-0.9037,0.6593,-1.3706,0.1705,0.8059
Klhdc8a,Klhdc8a,1404.9698,-0.2622,0.154,-1.7021,0.0887,0.764
Klhdc8b,Klhdc8b,221.6308,0.0482,0.1045,0.4613,0.6446,0.9518
Klhdc9,Klhdc9,233.4693,-0.0158,0.1331,-0.119,0.9053,0.9865
Klhl10,Klhl10,14.3298,-0.1911,0.4238,-0.4509,0.6521,0.9544
Klhl11,Klhl11,165.6136,-0.238,0.2053,-1.1592,0.2464,0.8423
Klhl12,Klhl12,1299.5318,-0.0212,0.0806,-0.2629,0.7926,0.9702
Klhl13,Klhl13,1011.152,-0.2752,0.2864,-0.9608,0.3366,0.8781
Klhl15,Klhl15,78.9815,-0.0122,0.1918,-0.0634,0.9495,0.9938
Klhl17,Klhl17,691.3922,0.1412,0.1136,1.2434,0.2137,0.8265
Klhl18,Klhl18,879.2175,-0.0073,0.0889,-0.0821,0.9345,0.9923
Klhl2,Klhl2,939.1218,0.0327,0.0624,0.5243,0.6001,0.9406
Klhl20,Klhl20,1708.6826,-0.0747,0.0596,-1.2534,0.2101,0.8265
Klhl21,Klhl21,3560.2058,0.2175,0.1565,1.3896,0.1647,0.8037
Klhl22,Klhl22,1164.6207,-0.0552,0.0927,-0.5949,0.5519,0.929
Klhl23,Klhl23,274.6509,-0.5109,0.2544,-2.008,0.0446,0.7364
Klhl24,Klhl24,2416.7351,0.2592,0.198,1.3093,0.1904,0.8161
Klhl25,Klhl25,982.6994,-0.007,0.1102,-0.064,0.949,0.9935
Klhl26,Klhl26,1856.576,-0.1039,0.086,-1.2079,0.2271,0.8325
Klhl28,Klhl28,126.7853,0.0306,0.2405,0.1273,0.8987,0.9855
Klhl29,Klhl29,2.3226,-0.2601,1.4049,-0.1851,0.8531,0.9789
Klhl3,Klhl3,1.899,-0.4046,1.2914,-0.3133,0.754,0.9694
Klhl30,Klhl30,4845.0391,0.1948,0.1917,1.0165,0.3094,0.8667
Klhl31,Klhl31,677.9639,-0.3638,0.3927,-0.9264,0.3542,0.8847
Klhl32,Klhl32,8.5904,-0.8845,0.5279,-1.6753,0.0939,0.7643
Klhl33,Klhl33,93.2104,-0.2046,0.2362,-0.8659,0.3865,0.8952
Klhl34,Klhl34,61.1155,-0.6725,0.4276,-1.5727,0.1158,0.7753
Klhl35,Klhl35,0.6272,1.6587,2.3807,0.6967,0.486,0.9168
Klhl36,Klhl36,105.4292,0.0789,0.178,0.4432,0.6576,0.9548
Klhl38,Klhl38,5.9721,0.4662,0.5464,0.8532,0.3935,0.8986
Klhl40,Klhl40,1019.9136,-0.0519,0.2435,-0.2131,0.8312,0.9774
Klhl41,Klhl41,10085.5966,-0.2038,0.257,-0.7931,0.4277,0.9071
Klhl42,Klhl42,981.87,-0.0408,0.076,-0.5373,0.5911,0.9377
Klhl5,Klhl5,2261.217,-0.067,0.082,-0.8169,0.414,0.9033
Klhl6,Klhl6,5.8839,-0.0736,0.6303,-0.1168,0.907,0.987
Klhl7,Klhl7,1490.7429,-0.077,0.1364,-0.5648,0.5722,0.9323
Klhl8,Klhl8,566.0274,0.0455,0.1018,0.4466,0.6552,0.9548
Klhl9,Klhl9,2690.2575,-0.1781,0.1987,-0.8963,0.3701,0.8925
Klk10,Klk10,38.9227,-0.1607,0.2877,-0.5585,0.5765,0.9341
Klk11,Klk11,10.7955,-0.0268,0.4264,-0.0628,0.9499,0.9939
Klk12,Klk12,0.3176,-0.6877,2.5704,-0.2675,0.789,0.97
Klk1b16,Klk1b16,1.0482,-0.4068,1.3499,-0.3013,0.7632,0.97
Klk1b22,Klk1b22,37.9755,0.0033,0.2956,0.0111,0.9912,1
Klk1b27,Klk1b27,1.6712,-0.1161,1.043,-0.1113,0.9114,0.9873
Klk1b9,Klk1b9,0.8452,-0.6948,1.5276,-0.4549,0.6492,0.9539
Klk8,Klk8,3.0343,0.1049,0.8093,0.1297,0.8968,0.9854
Klra2,Klra2,17.23,0.3355,0.5206,0.6444,0.5193,0.9219
Klrb1a,Klrb1a,13.6948,-0.7753,0.5704,-1.3591,0.1741,0.8088
Klrb1f,Klrb1f,0.5245,1.3668,1.9888,0.6872,0.4919,0.9181
Klrg2,Klrg2,61.5471,0.0381,0.1887,0.202,0.8399,0.9775
Kmt2a,Kmt2a,2102.1527,-0.1015,0.1785,-0.5685,0.5697,0.9316
Kmt2b,Kmt2b,1281.9468,-0.0044,0.072,-0.0615,0.9509,0.9939
Kmt2c,Kmt2c,1020.1579,-0.1248,0.2082,-0.5994,0.5489,0.929
Kmt2d,Kmt2d,2538.1273,0.0095,0.0924,0.1032,0.9178,0.9879
Kmt2e,Kmt2e,2296.4308,-0.0362,0.1734,-0.2088,0.8346,0.9774
Kndc1,Kndc1,1.3601,0.2566,1.1171,0.2297,0.8183,0.9753
Kng1,Kng1,370.83,1.5022,1.7047,0.8812,0.3782,0.8935
Kng2,Kng2,3338.9734,1.5368,1.283,1.1978,0.231,0.834
Knop1,Knop1,2207.3405,-0.0571,0.0808,-0.7068,0.4797,0.9168
Knstrn,Knstrn,1495.5869,-0.769,0.3482,-2.2086,0.0272,0.732
Kntc1,Kntc1,563.9107,-0.8942,0.4261,-2.0984,0.0359,0.732
Kpna1,Kpna1,2872.257,-0.0181,0.1243,-0.1459,0.884,0.9826
Kpna2,Kpna2,4563.9869,-0.5184,0.1841,-2.8158,0.0049,0.732
Kpna3,Kpna3,2950.6943,-0.2282,0.2282,-0.9998,0.3174,0.8702
Kpna4,Kpna4,3968.355,-0.0967,0.1382,-0.6997,0.4841,0.9168
Kpna6,Kpna6,5176.8282,-0.0522,0.082,-0.6367,0.5243,0.9223
Kpnb1,Kpnb1,16812.7199,-0.2108,0.0676,-3.1171,0.0018,0.6643
Kprp,Kprp,1.9871,1.0233,1.2443,0.8224,0.4108,0.9033
Kptn,Kptn,262.8495,-0.0457,0.1423,-0.3209,0.7483,0.9694
Kras,Kras,2891.0629,-0.1291,0.1837,-0.7025,0.4824,0.9168
Krba1,Krba1,416.9385,0.0251,0.0898,0.2794,0.7799,0.97
Krcc1,Krcc1,1773.8465,-0.0218,0.1212,-0.18,0.8571,0.9796
Kremen1,Kremen1,9515.0252,-0.0778,0.1129,-0.6893,0.4906,0.9181
Kremen2,Kremen2,0.7304,-1.0612,2.3229,-0.4569,0.6478,0.9535
Kri1,Kri1,835.9976,0.1788,0.1641,1.0899,0.2758,0.8588
Krit1,Krit1,1186.8301,-0.0975,0.1942,-0.5021,0.6156,0.9427
Krr1,Krr1,1394.2908,-0.1384,0.17,-0.8142,0.4155,0.9033
Krt10,Krt10,151.7031,0.0809,0.1445,0.5598,0.5756,0.9336
Krt13,Krt13,32.7502,0.2197,0.3264,0.6731,0.5009,0.9183
Krt14,Krt14,206.6085,-0.5504,0.4001,-1.3757,0.1689,0.805
Krt16,Krt16,2.0908,0.475,1.0727,0.4429,0.6579,0.9548
Krt18,Krt18,1.1561,0.104,1.3231,0.0786,0.9373,0.9923
Krt19,Krt19,125.4699,0.3405,0.2819,1.208,0.2271,0.8325
Krt20,Krt20,0.4138,-0.7714,2.4833,-0.3106,0.7561,0.9694
Krt222,Krt222,4.6218,-0.5517,0.719,-0.7673,0.4429,0.9118
Krt23,Krt23,0.8364,-0.4995,1.4788,-0.3378,0.7355,0.9694
Krt28,Krt28,0.8286,-0.3834,1.9303,-0.1986,0.8426,0.9775
Krt31,Krt31,7.1248,0.0483,0.564,0.0857,0.9317,0.9921
Krt33a,Krt33a,0.3167,0.6972,2.5707,0.2712,0.7862,0.97
Krt7,Krt7,10.2401,0.4941,0.4456,1.109,0.2674,0.8562
Krt75,Krt75,0.4186,2.1202,2.4092,0.88,0.3789,0.8935
Krt8,Krt8,2.5142,0.1696,0.8727,0.1944,0.8459,0.9776
Krt80,Krt80,1385.9337,0.8689,0.3283,2.6466,0.0081,0.732
Krt9,Krt9,2.0992,-0.3032,1.0228,-0.2964,0.7669,0.97
Krtcap2,Krtcap2,3079.0588,0.2813,0.184,1.529,0.1263,0.7753
Krtcap3,Krtcap3,64.4391,0.1141,0.1841,0.6197,0.5354,0.9265
Ksr1,Ksr1,415.7458,0.1413,0.1338,1.0556,0.2912,0.8606
Ksr2,Ksr2,1.4611,-1.6506,1.2327,-1.3391,0.1806,0.8126
Kti12,Kti12,696.3346,-0.0118,0.0942,-0.1252,0.9004,0.986
Ktn1,Ktn1,1784.1382,0.0819,0.1731,0.473,0.6362,0.9487
Kxd1,Kxd1,1100.8393,0.2559,0.1484,1.7239,0.0847,0.7604
Ky,Ky,6.22,-1.2508,0.9025,-1.386,0.1657,0.8037
L1cam,L1cam,922.2354,0.5172,0.241,2.1458,0.0319,0.732
L2hgdh,L2hgdh,595.3086,-0.3467,0.1999,-1.7346,0.0828,0.7572
L3hypdh,L3hypdh,297.4747,-0.1285,0.1163,-1.1053,0.269,0.858
L3mbtl2,L3mbtl2,1187.1518,-0.0263,0.0801,-0.3284,0.7426,0.9694
L3mbtl3,L3mbtl3,560.0736,-0.0222,0.1217,-0.1828,0.855,0.9796
L3mbtl4,L3mbtl4,0.5195,-1.3856,2.3878,-0.5803,0.5617,0.9294
l7Rn6,l7Rn6,1301.6987,-0.0155,0.1151,-0.1347,0.8928,0.9841
Lacc1,Lacc1,431.9089,-0.2691,0.1675,-1.6062,0.1082,0.7732
Lace1,Lace1,449.8058,0.2169,0.1168,1.8565,0.0634,0.7457
Lactb,Lactb,605.4949,-0.238,0.1429,-1.6653,0.0959,0.7664
Lactb2,Lactb2,1284.0645,-0.0132,0.1234,-0.1073,0.9146,0.9874
Lad1,Lad1,16.0195,-0.6743,0.5261,-1.2817,0.2,0.8249
Lag3,Lag3,13.9353,-0.6538,0.3737,-1.7494,0.0802,0.7572
Lage3,Lage3,547.2607,-0.0554,0.0781,-0.709,0.4783,0.9168
Lair1,Lair1,0.6256,-0.6362,1.7483,-0.3639,0.7159,0.9662
Lama1,Lama1,297.0196,-0.6923,0.3581,-1.9334,0.0532,0.7364
Lama2,Lama2,2587.62,-0.1673,0.2223,-0.7526,0.4517,0.9121
Lama3,Lama3,4.7258,0.426,0.6654,0.6402,0.522,0.9223
Lama4,Lama4,1873.5134,0.3036,0.1519,1.9984,0.0457,0.7364
Lama5,Lama5,7883.2405,0.1308,0.0906,1.4442,0.1487,0.7963
Lamb1,Lamb1,13993.2608,0.1371,0.1623,0.8448,0.3982,0.8995
Lamb2,Lamb2,5019.6007,-0.0528,0.0738,-0.7162,0.4739,0.9168
Lamb3,Lamb3,971.5571,-0.7585,0.4472,-1.6963,0.0898,0.764
Lamc1,Lamc1,10041.2682,0.012,0.0946,0.1271,0.8988,0.9855
Lamc2,Lamc2,660.9934,0.1562,0.1487,1.0504,0.2935,0.8606
Lamc3,Lamc3,32.3842,0.0604,0.2411,0.2506,0.8021,0.9719
Lamp1,Lamp1,36213.5764,0.3775,0.1455,2.5948,0.0095,0.732
Lamp2,Lamp2,17378.9837,0.1708,0.1325,1.2883,0.1976,0.8225
Lamp3,Lamp3,1.7846,0.1874,1.0964,0.1709,0.8643,0.9808
Lamtor1,Lamtor1,2081.0415,0.1359,0.0879,1.5468,0.1219,0.7753
Lamtor2,Lamtor2,1416.8002,0.1174,0.1202,0.9766,0.3288,0.8758
Lamtor3,Lamtor3,2246.9157,0.1627,0.1659,0.9807,0.3268,0.8751
Lamtor4,Lamtor4,816.9909,0.1859,0.1128,1.6478,0.0994,0.7669
Lamtor5,Lamtor5,2222.5079,0.0966,0.0804,1.2018,0.2295,0.8328
Lancl1,Lancl1,1687.4253,0.077,0.0781,0.9867,0.3238,0.8734
Lancl2,Lancl2,711.1824,-0.1437,0.0988,-1.4543,0.1459,0.7928
Lancl3,Lancl3,154.5326,0.1736,0.1795,0.9675,0.3333,0.8778
Lap3,Lap3,3100.5839,0.0109,0.0699,0.1562,0.8759,0.9819
Laptm4a,Laptm4a,35078.1493,0.1009,0.075,1.3461,0.1783,0.8123
Laptm4b,Laptm4b,3302.7836,0.2092,0.1133,1.8462,0.0649,0.7457
Laptm5,Laptm5,1.6685,1.0956,1.1842,0.9252,0.3549,0.8851
Large,Large,3159.058,0.3373,0.1877,1.7968,0.0724,0.752
Larp1,Larp1,5799.1985,-0.0456,0.0952,-0.4793,0.6317,0.9464
Larp1b,Larp1b,537.9369,-0.2999,0.215,-1.3947,0.1631,0.8037
Larp4,Larp4,2383.7824,-0.0255,0.2229,-0.1144,0.9089,0.987
Larp4b,Larp4b,1964.4554,-0.0695,0.1815,-0.3828,0.7018,0.9635
Larp6,Larp6,627.9234,0.6511,0.3728,1.7465,0.0807,0.7572
Larp7,Larp7,1078.2065,-0.3856,0.1658,-2.3257,0.02,0.732
Lars,Lars,5849.111,0.0706,0.0991,0.7124,0.4762,0.9168
Lars2,Lars2,2255.628,0.0455,0.1071,0.4253,0.6706,0.9578
Las1l,Las1l,1697.9846,-0.0967,0.0895,-1.0803,0.28,0.8598
Lasp1,Lasp1,8664.2288,0.0429,0.0832,0.5163,0.6056,0.941
Lat,Lat,4.9257,0.0938,0.7251,0.1294,0.8971,0.9854
Lat2,Lat2,48.115,0.0131,0.2159,0.0608,0.9515,0.994
Lats1,Lats1,2731.49,-0.0905,0.1809,-0.5001,0.617,0.9428
Lats2,Lats2,3180.3606,-0.0005,0.0684,-0.0077,0.9939,1
Lax1,Lax1,11.6344,-0.95,0.5492,-1.73,0.0836,0.7572
Layn,Layn,1325.0771,0.3238,0.2509,1.2904,0.1969,0.8209
Lbh,Lbh,3476.8217,0.0086,0.0978,0.088,0.9298,0.9917
Lbp,Lbp,219.3752,-0.1117,0.2079,-0.5375,0.5909,0.9377
Lbr,Lbr,1692.6815,-0.2106,0.0735,-2.8674,0.0041,0.732
Lbx1,Lbx1,9.3907,-0.9247,0.5338,-1.7325,0.0832,0.7572
Lbx2,Lbx2,3.1302,0.0778,0.8132,0.0957,0.9238,0.99
Lca5,Lca5,359.4751,-0.2039,0.1106,-1.8439,0.0652,0.7457
Lca5l,Lca5l,11.5576,0.0559,0.5879,0.0951,0.9243,0.99
Lcat,Lcat,33.453,-0.0974,0.2885,-0.3375,0.7358,0.9694
Lce1f,Lce1f,0.6207,1.3896,2.3022,0.6036,0.5461,0.9289
Lce1g,Lce1g,9.9159,1.4277,0.9777,1.4603,0.1442,0.7928
Lck,Lck,31.1979,0.5842,0.4384,1.3325,0.1827,0.8131
Lclat1,Lclat1,3039.7515,0.1101,0.1017,1.082,0.2793,0.8595
Lcmt1,Lcmt1,872.7696,0.0139,0.0735,0.1895,0.8497,0.9781
Lcmt2,Lcmt2,346.2125,0.0761,0.1141,0.667,0.5048,0.9188
Lcn2,Lcn2,839.3666,1.5291,1.4993,1.0199,0.3078,0.8653
Lcor,Lcor,39.6279,0.1938,0.3167,0.6121,0.5405,0.9281
Lcorl,Lcorl,151.6308,0.1597,0.1927,0.8288,0.4072,0.9033
Lcp1,Lcp1,0.8453,-1.4402,1.7617,-0.8175,0.4136,0.9033
Lct,Lct,2.7217,-0.0915,0.9146,-0.1,0.9203,0.9882
Lctl,Lctl,14.9778,-0.3058,0.3995,-0.7655,0.444,0.9118
Ldah,Ldah,2239.529,0.0328,0.0589,0.558,0.5768,0.9343
Ldb1,Ldb1,2933.8255,0.129,0.1308,0.9862,0.324,0.8734
Ldb3,Ldb3,3039.295,-0.1781,0.2471,-0.7207,0.4711,0.9168
Ldha,Ldha,45422.0881,0.1364,0.1579,0.864,0.3876,0.8952
Ldhal6b,Ldhal6b,3.2466,-0.1788,0.8463,-0.2113,0.8327,0.9774
Ldhb,Ldhb,507.483,-0.049,0.1116,-0.4392,0.6605,0.9548
Ldhc,Ldhc,0.7326,1.0531,1.8945,0.5559,0.5783,0.9346
Ldhd,Ldhd,6.8013,-0.2086,0.5475,-0.3809,0.7032,0.9638
Ldlr,Ldlr,7363.1278,0.1373,0.1072,1.2809,0.2002,0.8249
Ldlrad2,Ldlrad2,0.7264,-1.7276,1.8561,-0.9308,0.352,0.8839
Ldlrad3,Ldlrad3,3112.2229,0.0515,0.0832,0.619,0.5359,0.9268
Ldlrad4,Ldlrad4,592.657,-0.3175,0.1312,-2.4208,0.0155,0.732
Ldlrap1,Ldlrap1,1558.3622,-0.0039,0.0882,-0.0447,0.9643,0.9977
Ldoc1l,Ldoc1l,76.3116,-0.0783,0.2471,-0.317,0.7512,0.9694
Leap2,Leap2,3.1433,-0.5477,0.7501,-0.7302,0.4653,0.9158
Lect2,Lect2,0.4187,0.7832,2.4789,0.316,0.752,0.9694
Lef1,Lef1,731.7294,0.023,0.0884,0.2605,0.7945,0.971
Lefty1,Lefty1,4.8098,0.6699,0.6923,0.9677,0.3332,0.8778
Lefty2,Lefty2,0.5287,0.4876,2.3766,0.2052,0.8374,0.9774
Lekr1,Lekr1,49.1217,0.038,0.2015,0.1888,0.8503,0.9784
Lelp1,Lelp1,0.3168,-0.6843,2.5711,-0.2661,0.7901,0.97
Lemd1,Lemd1,2,0.9686,1.1149,0.8687,0.385,0.8941
Lemd2,Lemd2,2898.4873,0.2744,0.1728,1.5878,0.1123,0.7736
Lemd3,Lemd3,1021.9103,-0.1217,0.1204,-1.0103,0.3124,0.8685
Lenep,Lenep,62.9245,0.0678,0.1937,0.3499,0.7264,0.9692
Leng1,Leng1,373.6329,0.038,0.1387,0.2742,0.7839,0.97
Leng8,Leng8,1654.6497,0.0607,0.0904,0.6714,0.502,0.9188
Leng9,Leng9,140.7679,0.1016,0.1331,0.7631,0.4454,0.912
Leo1,Leo1,1088.9192,-0.1736,0.1349,-1.2867,0.1982,0.8229
Lep,Lep,0.7384,-1.1853,1.852,-0.64,0.5222,0.9223
Lepr,Lepr,10.8824,-0.0572,0.4186,-0.1367,0.8912,0.984
Leprot,Leprot,4271.4456,0.095,0.0896,1.0605,0.2889,0.8606
Leprotl1,Leprotl1,3279.6804,0.2773,0.1509,1.8369,0.0662,0.7457
Letm1,Letm1,2227.0026,0.1219,0.1327,0.918,0.3586,0.886
Letm2,Letm2,160.7302,0.0561,0.1385,0.4047,0.6857,0.9623
Letmd1,Letmd1,963.9468,0.0797,0.0864,0.9221,0.3565,0.8856
Lfng,Lfng,300.9796,-0.5938,0.2816,-2.1087,0.035,0.732
Lgals1,Lgals1,68932.7378,-0.1622,0.151,-1.0739,0.2829,0.8606
Lgals12,Lgals12,4.8558,-0.4826,1.1436,-0.422,0.673,0.9586
Lgals2,Lgals2,83.4083,-0.1888,0.2619,-0.721,0.4709,0.9168
Lgals3,Lgals3,20593.7891,0.6969,0.3698,1.8846,0.0595,0.7456
Lgals3bp,Lgals3bp,2412.8104,0.276,0.1818,1.5186,0.1289,0.7759
Lgals4,Lgals4,4.2801,0.2512,0.7218,0.348,0.7279,0.9694
Lgals7,Lgals7,1.1636,-1.346,1.7519,-0.7683,0.4423,0.9118
Lgals8,Lgals8,3413.549,0.0815,0.1046,0.7794,0.4357,0.9091
Lgals9,Lgals9,1928.6829,-0.0417,0.0941,-0.4428,0.6579,0.9548
Lgalsl,Lgalsl,329.8308,0.0103,0.1509,0.0684,0.9455,0.9934
Lgi2,Lgi2,11.6036,0.7236,0.4628,1.5634,0.118,0.7753
Lgi3,Lgi3,2.9488,-0.7589,1.0063,-0.7541,0.4508,0.9121
Lgi4,Lgi4,8.2711,0.1606,0.5788,0.2775,0.7814,0.97
Lgmn,Lgmn,7458.7431,0.3821,0.2118,1.8036,0.0713,0.752
Lgr4,Lgr4,812.6769,0.0319,0.1209,0.2639,0.7919,0.9702
Lgr5,Lgr5,55.3684,-1.1086,0.7055,-1.5714,0.1161,0.7753
Lgr6,Lgr6,22.4474,0.0599,0.34,0.1762,0.8601,0.98
Lhb,Lhb,0.5269,0.4956,1.9758,0.2508,0.8019,0.9719
Lhfp,Lhfp,3389.7947,0.1039,0.0999,1.0406,0.2981,0.8608
Lhfpl1,Lhfpl1,1.6916,-1.537,1.6393,-0.9376,0.3484,0.8829
Lhfpl2,Lhfpl2,3676.5416,0.2527,0.1941,1.3019,0.1929,0.8191
Lhfpl4,Lhfpl4,7.2076,-0.5811,0.5695,-1.0202,0.3076,0.8653
Lhpp,Lhpp,104.4935,0.1467,0.164,0.8944,0.3711,0.893
Lhx2,Lhx2,23.9525,-0.894,0.4122,-2.1687,0.0301,0.732
Lhx5,Lhx5,0.5195,-1.3856,2.3878,-0.5803,0.5617,0.9294
Lhx6,Lhx6,321.8372,-0.1724,0.0949,-1.8171,0.0692,0.7507
Lhx8,Lhx8,18.1359,0.4284,0.4879,0.8781,0.3799,0.8935
Lhx9,Lhx9,133.5642,-0.5481,0.2377,-2.306,0.0211,0.732
Lias,Lias,1157.9907,-0.0777,0.0854,-0.9089,0.3634,0.8873
Lif,Lif,625.983,-0.381,0.2737,-1.3919,0.1639,0.8037
Lifr,Lifr,4490.8979,-0.1472,0.2038,-0.7223,0.4701,0.9168
Lig1,Lig1,1018.8728,-0.629,0.2586,-2.4322,0.015,0.732
Lig3,Lig3,2318.138,-0.0387,0.067,-0.5773,0.5637,0.9295
Lig4,Lig4,357.4379,-0.085,0.2145,-0.3962,0.692,0.9623
Lilr4b,Lilr4b,6.7866,1.7884,1.4384,1.2434,0.2137,0.8265
Lilrb4a,Lilrb4a,11.9089,1.5645,1.2955,1.2077,0.2272,0.8325
Lima1,Lima1,14266.2413,-0.0582,0.1088,-0.5353,0.5924,0.9384
Limch1,Limch1,187.3126,-0.6352,0.4319,-1.4705,0.1414,0.7917
Limd1,Limd1,2552.0051,0.0538,0.1043,0.516,0.6059,0.941
Limd2,Limd2,1179.3986,-0.1331,0.1143,-1.1645,0.2442,0.8419
Lime1,Lime1,476.5951,0.1518,0.0976,1.5551,0.1199,0.7753
Limk1,Limk1,1232.266,0.1288,0.1251,1.0293,0.3033,0.8627
Limk2,Limk2,1786.1763,-0.0099,0.0703,-0.1405,0.8882,0.9833
Lims1,Lims1,6352.324,-0.279,0.2506,-1.1135,0.2655,0.8547
Lims2,Lims2,222.5234,0.6717,0.3374,1.9905,0.0465,0.7364
Lin28a,Lin28a,3.0235,-0.1133,0.829,-0.1367,0.8913,0.984
Lin37,Lin37,549.0805,0.002,0.0929,0.0215,0.9828,1
Lin52,Lin52,475.3474,0.0487,0.1286,0.379,0.7047,0.9646
Lin54,Lin54,490.6902,-0.2628,0.2073,-1.2678,0.2049,0.8262
Lin7a,Lin7a,4.3033,-0.7523,0.7094,-1.0605,0.2889,0.8606
Lin7b,Lin7b,6.6405,0.2241,0.7917,0.2831,0.7771,0.97
Lin7c,Lin7c,1509.5859,-0.2543,0.2459,-1.0346,0.3009,0.8615
Lin9,Lin9,357.0443,-0.4433,0.24,-1.8475,0.0647,0.7457
Linc-md1,Linc-md1,125.8018,-0.1986,0.4499,-0.4415,0.6589,0.9548
Lincenc1,Lincenc1,4.7171,0.5694,0.9152,0.6222,0.5338,0.9258
Lincpint,Lincpint,1.4691,0.1878,1.2626,0.1488,0.8817,0.9824
Lincppara,Lincppara,195.1888,-0.1293,0.2095,-0.6171,0.5371,0.9274
Lingo1,Lingo1,37.5898,-0.7736,0.389,-1.9885,0.0468,0.7364
Lingo2,Lingo2,11.8491,-0.0599,0.3912,-0.1532,0.8782,0.982
Lingo3,Lingo3,4.178,0.3319,0.8434,0.3936,0.6939,0.9623
Lingo4,Lingo4,12.2575,-0.7178,0.5552,-1.2928,0.1961,0.8209
Lins,Lins,537.7316,-0.0153,0.0808,-0.1888,0.8503,0.9784
Lipa,Lipa,2950.6859,0.1965,0.0976,2.013,0.0441,0.7364
Lipc,Lipc,9.9569,0.5427,0.5314,1.0213,0.3071,0.8653
Lipe,Lipe,346.3665,0.109,0.1979,0.5509,0.5817,0.9352
Lipg,Lipg,78.1958,-0.7107,0.2575,-2.76,0.0058,0.732
Liph,Liph,5.454,-0.4871,0.6887,-0.7073,0.4794,0.9168
Lipk,Lipk,0.6326,-0.8898,1.6727,-0.532,0.5948,0.9385
Lipm,Lipm,0.7305,-1.0107,1.5527,-0.6509,0.5151,0.9201
Lipn,Lipn,1.1505,1.8078,1.6293,1.1096,0.2672,0.8562
Lipt1,Lipt1,287.5435,-0.1209,0.1223,-0.9888,0.3228,0.8731
Lipt2,Lipt2,75.1607,0.1027,0.1783,0.5756,0.5649,0.93
Litaf,Litaf,7156.8318,0.3973,0.1932,2.057,0.0397,0.732
Lix1,Lix1,388.9424,-0.8218,0.5439,-1.5109,0.1308,0.7771
Lix1l,Lix1l,5418.7694,-0.0147,0.0952,-0.1542,0.8774,0.982
Llgl1,Llgl1,3133.6174,0.0951,0.0726,1.3109,0.1899,0.8161
Llgl2,Llgl2,20.7179,-0.0939,0.2969,-0.3163,0.7518,0.9694
Llph,Llph,1073.22,-0.0179,0.251,-0.0714,0.943,0.9928
Lman1,Lman1,8848.9899,-0.1722,0.1294,-1.3301,0.1835,0.8131
Lman1l,Lman1l,198.8267,-0.2868,0.2468,-1.1624,0.2451,0.8421
Lman2,Lman2,8597.2247,0.0241,0.0632,0.3814,0.7029,0.9638
Lman2l,Lman2l,1308.0765,0.1056,0.0991,1.0663,0.2863,0.8606
Lmbr1,Lmbr1,612.1411,0.299,0.2184,1.3691,0.171,0.8066
Lmbr1l,Lmbr1l,569.9582,0.2172,0.1537,1.4134,0.1575,0.8015
Lmbrd1,Lmbrd1,3127.1374,0.2723,0.1146,2.3761,0.0175,0.732
Lmbrd2,Lmbrd2,227.7571,-0.192,0.3514,-0.5462,0.5849,0.9355
Lmcd1,Lmcd1,731.0884,-0.0075,0.088,-0.0849,0.9324,0.9921
Lmf1,Lmf1,1164.8421,0.2261,0.1358,1.6641,0.0961,0.7664
Lmf2,Lmf2,4294.6695,-0.053,0.0728,-0.7282,0.4665,0.9165
Lmln,Lmln,122.7144,-0.0313,0.2589,-0.1211,0.9036,0.9863
Lmna,Lmna,30665.1313,-0.2485,0.1663,-1.4947,0.135,0.7827
Lmnb1,Lmnb1,1457.8839,-0.7417,0.3059,-2.4247,0.0153,0.732
Lmnb2,Lmnb2,3225.8401,-0.403,0.2455,-1.6416,0.1007,0.767
Lmntd2,Lmntd2,3.1242,0.1523,0.8273,0.1841,0.8539,0.9791
Lmo1,Lmo1,26.072,-0.4768,0.268,-1.7794,0.0752,0.7535
Lmo2,Lmo2,6.5045,0.1677,0.6911,0.2427,0.8082,0.9732
Lmo4,Lmo4,2500.0695,0.4281,0.2705,1.5826,0.1135,0.7736
Lmo7,Lmo7,4417.0793,-0.0976,0.2283,-0.4277,0.6689,0.9568
Lmod1,Lmod1,770.8214,-0.4718,0.2292,-2.0584,0.0395,0.732
Lmod2,Lmod2,1384.2463,-0.2533,0.3279,-0.7725,0.4398,0.9112
Lmod3,Lmod3,1794.8841,-0.1903,0.2659,-0.7156,0.4742,0.9168
Lmtk2,Lmtk2,1051.0521,0.1029,0.0991,1.0382,0.2992,0.8612
Lmtk3,Lmtk3,22.7165,0.1206,0.3043,0.3963,0.6919,0.9623
Lncbate1,Lncbate1,0.5198,-0.0594,2.0354,-0.0292,0.9767,0.9992
Lnp,Lnp,917.9167,-0.1337,0.1854,-0.7215,0.4706,0.9168
Lnpep,Lnpep,1065.1439,-0.2416,0.3291,-0.7341,0.4629,0.9152
Lnx1,Lnx1,251.1273,-0.1523,0.2497,-0.6098,0.542,0.9283
Lnx2,Lnx2,531.9382,-0.1572,0.0912,-1.724,0.0847,0.7604
LOC100049077,LOC100049077,0.7394,0.3855,1.6011,0.2408,0.8097,0.9736
LOC100503496,LOC100503496,1.2452,0.2132,1.2884,0.1655,0.8685,0.9818
LOC100504703,LOC100504703,1.8857,-1.0901,1.0233,-1.0652,0.2868,0.8606
LOC100505025,LOC100505025,13.1826,-0.6507,0.4449,-1.4626,0.1436,0.7928
LOC105246506,LOC105246506,5.6459,0.2831,0.642,0.441,0.6592,0.9548
LOC106740,LOC106740,375.9454,0.0769,0.2113,0.364,0.7159,0.9662
Loh12cr1,Loh12cr1,394.117,0.2365,0.1601,1.4771,0.1397,0.7903
Lonp1,Lonp1,4732.8182,0.3343,0.1674,1.9975,0.0458,0.7364
Lonp2,Lonp2,4565.3365,-0.0349,0.0598,-0.584,0.5592,0.9294
Lonrf1,Lonrf1,355.1475,0.0857,0.1226,0.6992,0.4844,0.9168
Lonrf3,Lonrf3,190.3673,0.2095,0.2751,0.7617,0.4462,0.912
Lor,Lor,4.2919,-0.4956,0.6969,-0.7112,0.4769,0.9168
Lox,Lox,48364.9118,-0.0076,0.1433,-0.0534,0.9574,0.9962
Loxhd1,Loxhd1,5.134,-0.7913,0.6362,-1.2438,0.2136,0.8265
Loxl1,Loxl1,11841.685,-0.1539,0.1209,-1.2733,0.2029,0.8262
Loxl2,Loxl2,2006.421,-0.1317,0.1863,-0.707,0.4796,0.9168
Loxl3,Loxl3,2693.3501,-0.2236,0.1622,-1.3779,0.1682,0.8046
Loxl4,Loxl4,1128.6537,-0.3855,0.1079,-3.5714,0.0004,0.3494
Lpar1,Lpar1,2988.4976,-0.1567,0.1292,-1.213,0.2251,0.8317
Lpar2,Lpar2,72.4758,0.0684,0.22,0.3111,0.7557,0.9694
Lpar3,Lpar3,276.4179,-0.668,0.3665,-1.8226,0.0684,0.7507
Lpar4,Lpar4,150.4443,0.1443,0.2562,0.5633,0.5732,0.9326
Lpar6,Lpar6,263.9068,-0.2157,0.1759,-1.2266,0.22,0.8302
Lpcat1,Lpcat1,511.6559,0.0906,0.1569,0.5779,0.5633,0.9295
Lpcat2,Lpcat2,43.815,0.1221,0.2395,0.5099,0.6101,0.9416
Lpcat2b,Lpcat2b,1.0455,0.8738,1.351,0.6468,0.5178,0.9214
Lpcat3,Lpcat3,2366.3874,0.0392,0.0723,0.5426,0.5874,0.9355
Lpcat4,Lpcat4,498.5753,0.0151,0.1005,0.1506,0.8803,0.9823
Lpgat1,Lpgat1,5499.8685,0.3707,0.221,1.6771,0.0935,0.7643
Lpin1,Lpin1,754.3797,0.3282,0.2147,1.5287,0.1263,0.7753
Lpin2,Lpin2,1745.6619,-0.0275,0.1216,-0.2258,0.8214,0.9761
Lpin3,Lpin3,2162.0153,-0.08,0.1261,-0.6343,0.5259,0.9228
Lpl,Lpl,2548.2162,0.1053,0.1647,0.6394,0.5226,0.9223
Lpp,Lpp,3853.8178,-0.3479,0.2907,-1.1969,0.2313,0.8345
Lppos,Lppos,44.2773,0.2754,0.2182,1.262,0.207,0.8262
Lppr2,Lppr2,1101.4991,0.1079,0.0704,1.5333,0.1252,0.7753
Lppr3,Lppr3,495.9057,0.4621,0.1858,2.4871,0.0129,0.732
Lpxn,Lpxn,4.3002,-0.2236,0.6261,-0.3572,0.721,0.968
Lrba,Lrba,879.2317,-0.1037,0.1528,-0.6788,0.4972,0.9181
Lrch1,Lrch1,1517.3219,-0.0267,0.1368,-0.1948,0.8455,0.9776
Lrch2,Lrch2,277.0023,-0.2121,0.2295,-0.924,0.3555,0.8852
Lrch3,Lrch3,1245.6753,-0.1069,0.1264,-0.8455,0.3978,0.8992
Lrfn1,Lrfn1,0.6297,0.6992,2.3609,0.2961,0.7671,0.97
Lrfn3,Lrfn3,362.3898,0.0298,0.104,0.2863,0.7747,0.97
Lrfn4,Lrfn4,1121.6061,0.2017,0.1117,1.8064,0.0709,0.7515
Lrg1,Lrg1,1.5687,0.4304,1.8345,0.2346,0.8145,0.9747
Lrguk,Lrguk,8.5044,0.5588,0.5286,1.0573,0.2904,0.8606
Lrif1,Lrif1,514.7798,0.2464,0.1498,1.645,0.1,0.7669
Lrig1,Lrig1,3933.7369,0.1441,0.1161,1.2419,0.2143,0.8265
Lrig2,Lrig2,1524.1288,0.2383,0.1557,1.5301,0.126,0.7753
Lrig3,Lrig3,1535.4277,-0.1931,0.0866,-2.2295,0.0258,0.732
Lrmp,Lrmp,3.5593,0.9344,0.7618,1.2266,0.22,0.8302
Lrp1,Lrp1,51882.0607,0.3337,0.1695,1.9683,0.049,0.7364
Lrp10,Lrp10,7507.626,0.18,0.0697,2.5817,0.0098,0.732
Lrp11,Lrp11,611.2092,-0.0522,0.1488,-0.3512,0.7254,0.9689
Lrp12,Lrp12,2379.1172,0.152,0.1397,1.0885,0.2764,0.8588
Lrp2,Lrp2,5.8397,-0.2692,0.5923,-0.4545,0.6494,0.9539
Lrp2bp,Lrp2bp,12.8094,-0.2807,0.5145,-0.5456,0.5854,0.9355
Lrp4,Lrp4,4535.2474,-0.1477,0.2279,-0.6481,0.5169,0.9209
Lrp5,Lrp5,6273.3651,0.2093,0.1048,1.997,0.0458,0.7364
Lrp6,Lrp6,2689.1543,-0.0894,0.1816,-0.492,0.6227,0.9443
Lrp8,Lrp8,364.6417,0.2243,0.2687,0.8348,0.4038,0.9033
Lrpap1,Lrpap1,4534.3735,0.1163,0.1305,0.891,0.3729,0.893
Lrpprc,Lrpprc,2624.3023,0.039,0.1043,0.3737,0.7087,0.9661
Lrr1,Lrr1,79.2921,-0.8339,0.471,-1.7703,0.0767,0.7572
Lrrc1,Lrrc1,504.4177,-0.1213,0.1435,-0.8447,0.3983,0.8995
Lrrc10b,Lrrc10b,39.6445,-0.2441,0.4004,-0.6096,0.5421,0.9283
Lrrc14,Lrrc14,1145.0057,0.1166,0.097,1.203,0.229,0.8326
Lrrc14b,Lrrc14b,76.7065,0.068,0.1878,0.3618,0.7175,0.9666
Lrrc15,Lrrc15,66.8356,-0.7981,0.3544,-2.2523,0.0243,0.732
Lrrc16a,Lrrc16a,810.9995,-0.0087,0.0691,-0.1254,0.9002,0.986
Lrrc16b,Lrrc16b,2.5204,1.0797,0.8746,1.2345,0.217,0.8289
Lrrc17,Lrrc17,5018.3989,-0.5784,0.269,-2.1501,0.0315,0.732
Lrrc19,Lrrc19,6.3743,-0.4778,0.593,-0.8057,0.4204,0.905
Lrrc2,Lrrc2,35.1466,-0.2314,0.4075,-0.5677,0.5702,0.9318
Lrrc20,Lrrc20,1318.4471,0.1488,0.0952,1.5638,0.1179,0.7753
Lrrc23,Lrrc23,8.4944,0.2698,0.4625,0.5834,0.5596,0.9294
Lrrc24,Lrrc24,62.0452,0.0999,0.2022,0.4941,0.6213,0.9436
Lrrc25,Lrrc25,0.4218,0.0065,2.0626,0.0032,0.9975,1
Lrrc26,Lrrc26,3.2666,0.0361,0.7818,0.0462,0.9631,0.9972
Lrrc27,Lrrc27,146.5215,0.2689,0.2359,1.1398,0.2544,0.8453
Lrrc28,Lrrc28,615.4729,-0.0403,0.0998,-0.4035,0.6866,0.9623
Lrrc29,Lrrc29,65.5145,-0.1182,0.2174,-0.5435,0.5868,0.9355
Lrrc3,Lrrc3,0.8275,-2.1346,1.6417,-1.3002,0.1935,0.8197
Lrrc30,Lrrc30,24.7164,-0.1718,0.351,-0.4893,0.6246,0.9451
Lrrc32,Lrrc32,654.9612,-0.1832,0.2401,-0.7628,0.4456,0.912
Lrrc34,Lrrc34,4.7278,0.5622,0.6868,0.8185,0.4131,0.9033
Lrrc39,Lrrc39,249.5612,-0.1758,0.2519,-0.6977,0.4854,0.9168
Lrrc4,Lrrc4,32.6446,-0.3405,0.3243,-1.0501,0.2937,0.8606
Lrrc40,Lrrc40,1064.5992,-0.2765,0.1506,-1.8362,0.0663,0.7457
Lrrc41,Lrrc41,3742.7407,-0.0277,0.0769,-0.3599,0.7189,0.9672
Lrrc42,Lrrc42,1585.6479,-0.0386,0.0842,-0.4584,0.6467,0.953
Lrrc45,Lrrc45,851.0719,0.0673,0.0874,0.7698,0.4414,0.9115
Lrrc46,Lrrc46,29.8995,0.2216,0.2751,0.8057,0.4204,0.905
Lrrc47,Lrrc47,1176.4854,0.0255,0.0824,0.3095,0.757,0.9694
Lrrc48,Lrrc48,5.6664,0.3064,0.5861,0.5229,0.6011,0.9406
Lrrc49,Lrrc49,792.5154,0.1539,0.1864,0.8256,0.4091,0.9033
Lrrc4c,Lrrc4c,200.6842,-0.5783,0.3144,-1.839,0.0659,0.7457
Lrrc51,Lrrc51,128.7626,0.5137,0.2109,2.436,0.0149,0.732
Lrrc55,Lrrc55,23.9159,-0.2566,0.3955,-0.6488,0.5164,0.9209
Lrrc56,Lrrc56,59.8602,-0.0736,0.3424,-0.2151,0.8297,0.9774
Lrrc57,Lrrc57,732.0736,-0.019,0.1018,-0.1871,0.8516,0.9789
Lrrc58,Lrrc58,3236.0338,-0.0711,0.2357,-0.3016,0.763,0.97
Lrrc59,Lrrc59,10129.1166,-0.0682,0.0699,-0.9751,0.3295,0.8764
Lrrc6,Lrrc6,0.413,0.695,2.4257,0.2865,0.7745,0.97
Lrrc61,Lrrc61,301.7955,0.2515,0.1563,1.609,0.1076,0.7718
Lrrc66,Lrrc66,4.2784,0.2613,0.7597,0.3439,0.7309,0.9694
Lrrc69,Lrrc69,0.8345,-0.5189,1.6109,-0.3221,0.7474,0.9694
Lrrc71,Lrrc71,2.7335,0.5003,0.9067,0.5518,0.5811,0.9352
Lrrc73,Lrrc73,57.196,0.1906,0.1998,0.9543,0.34,0.879
Lrrc74b,Lrrc74b,17.7005,0.5903,0.4399,1.3419,0.1796,0.8123
Lrrc75a,Lrrc75a,604.0119,-0.0716,0.1078,-0.6636,0.507,0.9188
Lrrc75b,Lrrc75b,635.616,-0.2067,0.1151,-1.7951,0.0726,0.752
Lrrc8a,Lrrc8a,1598.6897,0.1452,0.1321,1.0994,0.2716,0.8588
Lrrc8b,Lrrc8b,234.0989,-0.2312,0.2247,-1.0287,0.3036,0.8631
Lrrc8c,Lrrc8c,428.2432,-0.2295,0.1103,-2.0806,0.0375,0.732
Lrrc8d,Lrrc8d,653.0242,0.269,0.1963,1.3705,0.1705,0.8059
Lrrc8e,Lrrc8e,299.6567,0.0872,0.1039,0.8395,0.4012,0.902
Lrrc9,Lrrc9,0.9327,-0.6676,1.6324,-0.409,0.6825,0.962
Lrrcc1,Lrrcc1,258.7151,0.1657,0.1457,1.1373,0.2554,0.8467
Lrrd1,Lrrd1,13.5614,-0.733,0.5269,-1.3913,0.1641,0.8037
Lrrfip1,Lrrfip1,5642.2358,-0.1127,0.1231,-0.9161,0.3596,0.8866
Lrrfip2,Lrrfip2,1690.9819,0.0816,0.0997,0.8191,0.4127,0.9033
Lrriq3,Lrriq3,20.8159,0.1954,0.3576,0.5464,0.5848,0.9355
Lrrk1,Lrrk1,4450.2473,-0.1537,0.1149,-1.3375,0.1811,0.8131
Lrrk2,Lrrk2,1655.4208,-0.0804,0.1331,-0.6044,0.5456,0.9286
Lrrn1,Lrrn1,3091.1924,-0.088,0.3111,-0.2828,0.7773,0.97
Lrrn2,Lrrn2,5.6851,-0.6026,0.8318,-0.7244,0.4688,0.9168
Lrrn3,Lrrn3,22.3179,-0.6235,0.4324,-1.4419,0.1493,0.7968
Lrrn4cl,Lrrn4cl,69.1842,0.609,0.3125,1.9487,0.0513,0.7364
Lrrtm2,Lrrtm2,32.2083,-1.0117,0.4577,-2.2104,0.0271,0.732
Lrrtm3,Lrrtm3,1.1436,0.0939,1.3651,0.0688,0.9452,0.9934
Lrrtm4,Lrrtm4,0.8316,0.0039,1.5454,0.0025,0.998,1
Lrsam1,Lrsam1,821.9334,0.1759,0.102,1.7245,0.0846,0.7604
Lrtm1,Lrtm1,16.6542,-0.7224,0.6203,-1.1647,0.2441,0.8419
Lrtm2,Lrtm2,1.2618,-0.1581,1.2608,-0.1254,0.9002,0.986
Lrwd1,Lrwd1,933.3592,0.0378,0.0997,0.3786,0.705,0.9646
Lsg1,Lsg1,2133.3345,-0.0081,0.079,-0.1026,0.9183,0.9879
Lsm1,Lsm1,996.3665,0.0702,0.1269,0.5533,0.58,0.9352
Lsm10,Lsm10,580.5237,0.3105,0.1626,1.91,0.0561,0.7377
Lsm11,Lsm11,589.3499,-0.0166,0.078,-0.2133,0.8311,0.9774
Lsm12,Lsm12,1123.6776,-0.1617,0.0732,-2.208,0.0272,0.732
Lsm14a,Lsm14a,5461.655,-0.0783,0.0707,-1.1074,0.2681,0.857
Lsm14b,Lsm14b,2934.4145,0.1014,0.1266,0.8009,0.4232,0.906
Lsm2,Lsm2,739.8648,-0.2267,0.1398,-1.6217,0.1049,0.7695
Lsm3,Lsm3,897.1775,-0.2481,0.1275,-1.9458,0.0517,0.7364
Lsm4,Lsm4,883.8717,-0.1379,0.0989,-1.3938,0.1634,0.8037
Lsm5,Lsm5,557.8622,-0.2311,0.0811,-2.8514,0.0044,0.732
Lsm6,Lsm6,2242.4695,-0.2907,0.1226,-2.3713,0.0177,0.732
Lsm7,Lsm7,600.1003,-0.0297,0.1592,-0.1864,0.8521,0.9789
Lsm8,Lsm8,964.5396,-0.1166,0.0848,-1.3756,0.1689,0.805
Lsmem1,Lsmem1,3.4587,-0.4673,0.776,-0.6021,0.5471,0.9289
Lsp1,Lsp1,4256.1955,-0.3095,0.2357,-1.313,0.1892,0.8161
Lsr,Lsr,18.7059,0.1306,0.3937,0.3317,0.7401,0.9694
Lss,Lss,1237.1106,0.1722,0.1759,0.9793,0.3274,0.8756
Lst1,Lst1,3.9669,0.6603,0.7367,0.8962,0.3701,0.8925
Lta,Lta,6.3825,-0.255,0.5731,-0.445,0.6563,0.9548
Lta4h,Lta4h,3867.7963,-0.0128,0.0746,-0.172,0.8634,0.9808
Ltb,Ltb,0.4194,-0.6884,2.4188,-0.2846,0.7759,0.97
Ltb4r2,Ltb4r2,0.3157,-0.6835,2.5731,-0.2656,0.7905,0.97
Ltbp1,Ltbp1,7598.4474,-0.0208,0.1354,-0.1536,0.8779,0.982
Ltbp2,Ltbp2,9349.561,0.1043,0.1198,0.8703,0.3841,0.8935
Ltbp3,Ltbp3,13237.0595,0.0823,0.0774,1.0636,0.2875,0.8606
Ltbp4,Ltbp4,3435.3767,-0.3104,0.2301,-1.349,0.1773,0.8119
Ltbr,Ltbr,3977.0952,0.3325,0.181,1.8371,0.0662,0.7457
Ltc4s,Ltc4s,60.7375,-0.4256,0.3331,-1.2777,0.2013,0.8261
Ltk,Ltk,0.4208,0.0112,2.4876,0.0045,0.9964,1
Ltn1,Ltn1,2059.0333,-0.1601,0.1965,-0.8146,0.4153,0.9033
Ltv1,Ltv1,1480.9141,0.0383,0.0872,0.4399,0.66,0.9548
Luc7l,Luc7l,2584.8081,-0.1005,0.073,-1.3771,0.1685,0.8046
Luc7l2,Luc7l2,4249.5941,-0.2179,0.1845,-1.1815,0.2374,0.8378
Luc7l3,Luc7l3,1665.468,-0.1062,0.2201,-0.4824,0.6295,0.9451
Lum,Lum,48.3918,0.0604,0.4768,0.1266,0.8993,0.9856
Lurap1,Lurap1,91.6938,0.1717,0.1796,0.9557,0.3392,0.879
Lurap1l,Lurap1l,2640.9966,-0.1952,0.1289,-1.5148,0.1298,0.777
Luzp1,Luzp1,4017.4823,-0.2357,0.1916,-1.2305,0.2185,0.8302
Luzp4,Luzp4,2.106,-0.3867,0.9748,-0.3967,0.6916,0.9623
Lvrn,Lvrn,120.9767,0.4094,0.1791,2.2856,0.0223,0.732
Lxn,Lxn,748.1417,0.0551,0.1332,0.4138,0.679,0.961
Ly6a,Ly6a,11588.6523,0.8893,0.6272,1.4178,0.1563,0.8015
Ly6c1,Ly6c1,1570.2757,0.8235,0.3458,2.3812,0.0173,0.732
Ly6c2,Ly6c2,502.3394,0.6694,0.3478,1.9245,0.0543,0.7377
Ly6d,Ly6d,15.3261,-0.462,0.5373,-0.8599,0.3898,0.8976
Ly6e,Ly6e,17455.6376,-0.0286,0.0933,-0.3066,0.7591,0.9694
Ly6f,Ly6f,1.2646,-0.4705,1.4551,-0.3234,0.7464,0.9694
Ly6g5b,Ly6g5b,3.6754,-0.4817,0.7463,-0.6455,0.5186,0.9219
Ly6g6c,Ly6g6c,2.8204,-0.1851,0.7954,-0.2327,0.816,0.975
Ly6g6d,Ly6g6d,0.6327,-0.8691,1.8829,-0.4615,0.6444,0.9518
Ly6i,Ly6i,2.0995,1.0821,1.0758,1.0058,0.3145,0.8692
Ly75,Ly75,794.6371,-0.0709,0.102,-0.6957,0.4866,0.9168
Ly9,Ly9,0.6216,0.0049,2.0202,0.0024,0.9981,1
Ly96,Ly96,179.6434,0.3521,0.2502,1.407,0.1594,0.8019
Lyar,Lyar,836.6332,-0.2663,0.089,-2.9938,0.0028,0.732
Lyl1,Lyl1,11.2951,-0.4539,0.4837,-0.9385,0.348,0.8829
Lyn,Lyn,619.6371,-0.0514,0.1489,-0.3451,0.73,0.9694
Lynx1,Lynx1,3134.7042,-0.029,0.0922,-0.3144,0.7532,0.9694
Lypd1,Lypd1,0.4138,-0.7714,2.4833,-0.3106,0.7561,0.9694
Lypd6,Lypd6,334.1726,-0.3954,0.2239,-1.7661,0.0774,0.7572
Lypd6b,Lypd6b,49.5693,0.497,0.3321,1.4964,0.1346,0.7827
Lypla1,Lypla1,2842.2438,-0.1586,0.1512,-1.0494,0.294,0.8606
Lypla2,Lypla2,1502.0337,0.0175,0.0841,0.2075,0.8356,0.9774
Lyplal1,Lyplal1,188.3862,-0.0469,0.199,-0.2356,0.8138,0.9745
Lyrm1,Lyrm1,135.9942,-0.0228,0.1299,-0.1757,0.8606,0.9802
Lyrm2,Lyrm2,709.1971,0.0675,0.0909,0.7429,0.4575,0.9137
Lyrm4,Lyrm4,330.0912,0.0643,0.1652,0.3889,0.6973,0.9632
Lyrm5,Lyrm5,1007.205,0.0552,0.089,0.6204,0.535,0.9265
Lyrm7,Lyrm7,44.6552,0.1806,0.2521,0.7163,0.4738,0.9168
Lyrm9,Lyrm9,236.2316,0.0429,0.1125,0.3813,0.703,0.9638
Lysmd1,Lysmd1,140.224,0.0791,0.2694,0.2935,0.7691,0.97
Lysmd2,Lysmd2,419.0013,0.0227,0.2045,0.1108,0.9117,0.9873
Lysmd3,Lysmd3,555.1491,-0.0485,0.2535,-0.1914,0.8482,0.978
Lysmd4,Lysmd4,507.8316,0.1003,0.1046,0.9585,0.3378,0.879
Lyst,Lyst,1004.5048,0.3251,0.2008,1.6192,0.1054,0.7704
Lyve1,Lyve1,0.6335,-0.8446,2.2612,-0.3735,0.7088,0.9661
Lyz2,Lyz2,30.6345,0.0642,0.295,0.2177,0.8277,0.9767
Lyzl4,Lyzl4,0.9483,-0.3112,1.5033,-0.207,0.836,0.9774
Lzic,Lzic,1601.0816,0.0094,0.0728,0.1287,0.8976,0.9854
Lztfl1,Lztfl1,567.6403,-0.0395,0.2053,-0.1924,0.8474,0.978
Lztr1,Lztr1,3318.0386,0.1178,0.1082,1.0888,0.2762,0.8588
Lzts1,Lzts1,98.8169,-0.0723,0.2244,-0.3222,0.7473,0.9694
Lzts2,Lzts2,3135.6455,0.2196,0.1154,1.9038,0.0569,0.7377
Lzts3,Lzts3,658.868,-0.1031,0.1254,-0.8222,0.411,0.9033
M1ap,M1ap,22.0521,-0.0051,0.3483,-0.0147,0.9883,1
M6pr,M6pr,6920.7703,0.1569,0.125,1.2551,0.2095,0.8265
Maats1,Maats1,13.1881,0.5518,0.4247,1.2992,0.1939,0.8197
Mab21l1,Mab21l1,1.5648,-0.3848,1.258,-0.3059,0.7597,0.9699
Mab21l3,Mab21l3,91.9055,-0.038,0.2286,-0.1661,0.8681,0.9818
Macc1,Macc1,76.3438,0.3756,0.3937,0.9538,0.3402,0.879
Macf1,Macf1,14640.1682,-0.2498,0.3161,-0.7902,0.4294,0.9079
Macrod1,Macrod1,1145.2214,0.421,0.1861,2.2618,0.0237,0.732
Macrod2,Macrod2,6.6109,0.1613,0.5843,0.276,0.7825,0.97
Mad1l1,Mad1l1,1066.1048,-0.184,0.0957,-1.9223,0.0546,0.7377
Mad2l1,Mad2l1,1318.8593,-0.6545,0.2617,-2.5007,0.0124,0.732
Mad2l1bp,Mad2l1bp,820.7226,-0.0469,0.0965,-0.4862,0.6268,0.9451
Mad2l2,Mad2l2,441.0203,0.0712,0.1313,0.5425,0.5875,0.9355
Madcam1,Madcam1,0.3158,0.6972,2.5723,0.271,0.7864,0.97
Madd,Madd,761.6453,0.3689,0.1787,2.064,0.039,0.732
Maea,Maea,5582.7636,0.0081,0.0836,0.0966,0.923,0.9893
Maf,Maf,938.814,0.0426,0.186,0.229,0.8188,0.9755
Maf1,Maf1,4165.1818,0.2443,0.1561,1.5646,0.1177,0.7753
Mafa,Mafa,83.8822,-0.2968,0.3143,-0.9445,0.3449,0.8808
Mafb,Mafb,7.6307,0.4992,0.6258,0.7977,0.425,0.9064
Maff,Maff,1609.8744,0.9581,0.6228,1.5384,0.1239,0.7753
Mafg,Mafg,1048.3773,0.3544,0.209,1.6961,0.0899,0.764
Mafk,Mafk,1749.2156,0.2692,0.1648,1.6334,0.1024,0.7679
Magea3,Magea3,2.0937,-0.7163,0.9312,-0.7692,0.4418,0.9118
Magea5,Magea5,0.9388,0.5793,1.5363,0.3771,0.7061,0.965
Magea8,Magea8,30.6959,-0.0998,0.2555,-0.3908,0.696,0.9626
Mageb18,Mageb18,3.0319,0.505,0.9141,0.5524,0.5807,0.9352
Mageb3,Mageb3,1.4584,-0.6107,1.1781,-0.5184,0.6042,0.941
Mageb4,Mageb4,0.3167,0.6974,2.5707,0.2713,0.7862,0.97
Maged1,Maged1,29522.4988,-0.0018,0.0784,-0.0226,0.982,1
Maged2,Maged2,3428.4421,-0.1228,0.1167,-1.0521,0.2928,0.8606
Magee1,Magee1,1147.4614,0.0259,0.0914,0.2834,0.7769,0.97
Magef1,Magef1,119.3087,0.111,0.2519,0.4408,0.6594,0.9548
Magi1,Magi1,474.9138,0.1963,0.187,1.0493,0.2941,0.8606
Magi2,Magi2,68.7086,0.0884,0.1755,0.5037,0.6144,0.9427
Magi3,Magi3,1501.271,-0.0619,0.1662,-0.3722,0.7097,0.9662
Magix,Magix,4.4163,0.5597,0.9481,0.5903,0.555,0.929
Magoh,Magoh,1602.3288,-0.1257,0.076,-1.654,0.0981,0.7669
Magohb,Magohb,425.2265,-0.1432,0.0856,-1.6725,0.0944,0.7643
Magt1,Magt1,2728.767,0.1347,0.187,0.72,0.4715,0.9168
Mak,Mak,0.7338,1.0534,1.947,0.541,0.5885,0.9359
Mak16,Mak16,1505.6049,-0.1221,0.1251,-0.976,0.3291,0.8758
Mal,Mal,81.9654,-0.5562,0.3866,-1.4386,0.1503,0.7968
Mal2,Mal2,0.8376,-0.5481,1.8874,-0.2904,0.7715,0.97
Malat1,Malat1,6669.315,-0.0051,0.2828,-0.0179,0.9857,1
Mall,Mall,0.3157,-0.6835,2.5731,-0.2656,0.7905,0.97
Malsu1,Malsu1,525.2573,0.1816,0.1717,1.0577,0.2902,0.8606
Malt1,Malt1,304.2625,-0.0338,0.1395,-0.2423,0.8085,0.9732
Mamdc2,Mamdc2,1335.9605,-0.2215,0.2496,-0.8875,0.3748,0.8935
Mamdc4,Mamdc4,69.5886,0.0207,0.1988,0.1041,0.9171,0.9879
Maml1,Maml1,1820.7552,0.0091,0.0885,0.1026,0.9182,0.9879
Maml2,Maml2,551.2285,-0.3827,0.2506,-1.5273,0.1267,0.7753
Maml3,Maml3,760.7088,0.1005,0.1286,0.7817,0.4344,0.9089
Mamld1,Mamld1,3.0195,-0.6947,0.9393,-0.7395,0.4596,0.9141
Mamstr,Mamstr,97.2086,-0.1856,0.3335,-0.5566,0.5778,0.9346
Man1a,Man1a,137.0499,0.0514,0.1741,0.295,0.768,0.97
Man1a2,Man1a2,1980.8522,-0.1098,0.1825,-0.6016,0.5474,0.9289
Man1b1,Man1b1,3906.2114,0.0719,0.0782,0.9184,0.3584,0.8858
Man1c1,Man1c1,3536.151,-0.2217,0.1344,-1.6496,0.099,0.7669
Man2a1,Man2a1,4621.3147,-0.1451,0.1427,-1.0165,0.3094,0.8667
Man2a2,Man2a2,4771.4745,-0.0391,0.0889,-0.4394,0.6604,0.9548
Man2b1,Man2b1,2541.468,0.1316,0.0895,1.4712,0.1412,0.791
Man2b2,Man2b2,2218.4655,0.1738,0.0868,2.0032,0.0452,0.7364
Man2c1,Man2c1,1437.1424,0.1414,0.1189,1.1896,0.2342,0.8354
Man2c1os,Man2c1os,4.2883,0.3599,0.8081,0.4453,0.6561,0.9548
Manba,Manba,774.8473,0.3223,0.0943,3.4165,0.0006,0.5053
Manbal,Manbal,1215.1713,0.0531,0.1489,0.3565,0.7214,0.9682
Manea,Manea,1022.3929,0.2628,0.1832,1.4345,0.1514,0.7968
Maneal,Maneal,3.7917,0.4079,0.8582,0.4753,0.6346,0.9478
Manf,Manf,7602.1299,0.4264,0.1811,2.3541,0.0186,0.732
Mannr,Mannr,3.2199,0.0226,0.9199,0.0245,0.9804,1
Mansc1,Mansc1,5.5484,0.4144,0.6248,0.6633,0.5071,0.9188
Mansc4,Mansc4,5.2358,-0.5423,0.5856,-0.9261,0.3544,0.8848
Maoa,Maoa,3796.6118,0.3556,0.2437,1.4592,0.1445,0.7928
Maob,Maob,16.2622,-0.0452,0.4228,-0.107,0.9148,0.9874
Map1a,Map1a,4695.734,-0.0519,0.1062,-0.4885,0.6252,0.9451
Map1b,Map1b,6743.7699,-0.3458,0.2723,-1.2699,0.2041,0.8262
Map1lc3a,Map1lc3a,2741.8672,0.06,0.0923,0.6508,0.5151,0.9201
Map1lc3b,Map1lc3b,8867.4115,0.3808,0.1871,2.035,0.0418,0.732
Map1s,Map1s,1689.1763,-0.1052,0.1053,-0.999,0.3178,0.8702
Map2,Map2,288.279,-0.5109,0.4975,-1.0268,0.3045,0.8637
Map2k1,Map2k1,5072.8928,0.2918,0.1641,1.7784,0.0753,0.7538
Map2k2,Map2k2,3080.8915,0.0975,0.0812,1.2015,0.2296,0.8328
Map2k3,Map2k3,4110.5418,-0.0732,0.1069,-0.6844,0.4938,0.9181
Map2k3os,Map2k3os,85.6565,0.1747,0.185,0.9445,0.3449,0.8808
Map2k4,Map2k4,2583.1393,-0.1296,0.1132,-1.1445,0.2524,0.8452
Map2k5,Map2k5,1081.5209,0.1387,0.1295,1.0711,0.2841,0.8606
Map2k6,Map2k6,156.0937,-0.0518,0.1284,-0.403,0.6869,0.9623
Map2k7,Map2k7,2211.8939,0.0883,0.0609,1.4502,0.147,0.7945
Map3k1,Map3k1,245.0577,0.1679,0.1723,0.9742,0.33,0.8768
Map3k10,Map3k10,1287.6728,0.0586,0.0959,0.6107,0.5414,0.9283
Map3k11,Map3k11,1122.4393,0.0072,0.0765,0.0942,0.9249,0.9903
Map3k12,Map3k12,816.3093,0.1094,0.0982,1.1147,0.265,0.8547
Map3k13,Map3k13,37.0933,0.0325,0.2861,0.1135,0.9096,0.987
Map3k14,Map3k14,1013.1385,-0.2546,0.1568,-1.6241,0.1044,0.7679
Map3k15,Map3k15,14.116,-0.1006,0.3861,-0.2605,0.7945,0.971
Map3k19,Map3k19,24.5877,-0.0391,0.3583,-0.109,0.9132,0.9874
Map3k2,Map3k2,1481.7878,0.0839,0.2192,0.3829,0.7018,0.9635
Map3k3,Map3k3,1915.2767,0.141,0.139,1.0148,0.3102,0.8673
Map3k4,Map3k4,1819.8858,0.0377,0.0841,0.448,0.6541,0.9548
Map3k5,Map3k5,48.0995,0.0725,0.2891,0.2507,0.802,0.9719
Map3k6,Map3k6,312.0112,0.0528,0.1078,0.4899,0.6242,0.9451
Map3k7,Map3k7,4050.8634,-0.1185,0.1131,-1.0476,0.2948,0.8606
Map3k7cl,Map3k7cl,232.0788,-0.2516,0.4264,-0.59,0.5552,0.929
Map3k8,Map3k8,565.6011,0.8668,0.4404,1.9682,0.049,0.7364
Map3k9,Map3k9,77.868,-0.0715,0.2773,-0.2577,0.7966,0.9713
Map4,Map4,16025.4957,-0.0433,0.0485,-0.8933,0.3717,0.893
Map4k1,Map4k1,10.8004,-0.1069,0.4227,-0.2528,0.8004,0.9719
Map4k2,Map4k2,545.4295,-0.1037,0.1455,-0.7127,0.4761,0.9168
Map4k3,Map4k3,977.2727,0.0395,0.1337,0.2954,0.7677,0.97
Map4k4,Map4k4,19318.3396,0.0398,0.0678,0.5871,0.5571,0.929
Map4k5,Map4k5,1937.1733,-0.1241,0.1463,-0.8483,0.3962,0.8991
Map6,Map6,2620.0167,0.0759,0.1331,0.5706,0.5683,0.9312
Map6d1,Map6d1,14.0325,-0.5761,0.375,-1.5364,0.1244,0.7753
Map7,Map7,23.2099,-0.7445,0.449,-1.658,0.0973,0.7669
Map7d1,Map7d1,9832.4658,-0.1067,0.1223,-0.8723,0.3831,0.8935
Map7d2,Map7d2,0.4234,-1.1722,2.4209,-0.4842,0.6282,0.9451
Map9,Map9,148.294,0.0291,0.2308,0.1262,0.8995,0.9856
Mapk1,Mapk1,9080.9813,0.0191,0.0798,0.2395,0.8107,0.9738
Mapk11,Mapk11,602.6766,-0.0869,0.086,-1.0105,0.3123,0.8685
Mapk12,Mapk12,890.356,0.0888,0.0822,1.0794,0.2804,0.8603
Mapk13,Mapk13,42.4319,-0.1541,0.2684,-0.5742,0.5658,0.9302
Mapk14,Mapk14,3330.4027,0.1415,0.1181,1.1986,0.2307,0.834
Mapk15,Mapk15,35.4435,0.1753,0.3232,0.5424,0.5875,0.9355
Mapk1ip1,Mapk1ip1,283.8597,0.1535,0.097,1.5817,0.1137,0.7736
Mapk1ip1l,Mapk1ip1l,4685.5474,-0.1366,0.0996,-1.3714,0.1702,0.8059
Mapk3,Mapk3,4419.8581,0.1366,0.1096,1.2467,0.2125,0.8265
Mapk4,Mapk4,64.9675,-0.1231,0.2684,-0.4585,0.6466,0.953
Mapk6,Mapk6,6764.108,-0.0502,0.0931,-0.5391,0.5898,0.9364
Mapk7,Mapk7,1113.8573,0.1057,0.1014,1.0417,0.2975,0.8608
Mapk8,Mapk8,1279.3911,-0.1792,0.1935,-0.9264,0.3542,0.8847
Mapk8ip1,Mapk8ip1,1379.8178,-0.0453,0.1659,-0.273,0.7848,0.97
Mapk8ip2,Mapk8ip2,0.4219,-1.1702,2.4222,-0.4831,0.629,0.9451
Mapk8ip3,Mapk8ip3,2755.0118,0.01,0.0776,0.1284,0.8978,0.9854
Mapk9,Mapk9,1947.6672,-0.0187,0.0746,-0.2502,0.8024,0.9719
Mapkap1,Mapkap1,2673.6828,0.0133,0.0616,0.2154,0.8295,0.9773
Mapkapk2,Mapkapk2,5815.118,0.1034,0.0762,1.3576,0.1746,0.8088
Mapkapk3,Mapkapk3,33.1021,0.1107,0.2955,0.3745,0.7081,0.966
Mapkapk5,Mapkapk5,1437.0601,0.054,0.0685,0.7894,0.4299,0.9081
Mapkbp1,Mapkbp1,1422.0992,-0.02,0.0654,-0.3052,0.7602,0.9699
Mapre1,Mapre1,7968.2224,-0.2037,0.1173,-1.7358,0.0826,0.7572
Mapre2,Mapre2,1410.5832,0.1361,0.1346,1.0112,0.3119,0.8682
Mapre3,Mapre3,2708.4188,0.0134,0.0924,0.1445,0.8851,0.9833
Mapt,Mapt,41.2094,0.2715,0.3222,0.8426,0.3994,0.9011
Marcks,Marcks,13079.5019,-0.1094,0.1214,-0.9009,0.3676,0.8911
Marcksl1,Marcksl1,2415.3264,0.05,0.0869,0.5753,0.5651,0.93
Marf1,Marf1,2286.0632,0.0557,0.1045,0.5337,0.5936,0.9385
Mark1,Mark1,36.8366,1.6854,0.8109,2.0784,0.0377,0.732
Mark2,Mark2,2465.8025,0.0136,0.0562,0.2428,0.8081,0.9732
Mark3,Mark3,3563.8456,-0.1572,0.0868,-1.8123,0.0699,0.7507
Mark4,Mark4,813.6525,0.029,0.069,0.4208,0.6739,0.9593
Mars,Mars,5668.4553,0.1562,0.0833,1.8741,0.0609,0.7456
Mars2,Mars2,318.0024,-0.3824,0.2031,-1.8827,0.0597,0.7456
Marveld1,Marveld1,2882.7458,0.066,0.083,0.7949,0.4267,0.907
Marveld2,Marveld2,2.0951,1.262,1.0361,1.218,0.2232,0.8307
Marveld3,Marveld3,1.1525,0.4666,1.3215,0.3531,0.724,0.9689
Mas1,Mas1,1.1601,-0.9712,1.8965,-0.5121,0.6086,0.9416
Masp1,Masp1,3217.3062,0.6383,0.3838,1.663,0.0963,0.7666
Masp2,Masp2,7.5454,0.1383,0.7018,0.197,0.8438,0.9775
Mast1,Mast1,182.3537,0.2525,0.1625,1.5541,0.1202,0.7753
Mast2,Mast2,4409.4991,-0.0419,0.0759,-0.5518,0.5811,0.9352
Mast3,Mast3,1550.4535,0.0028,0.0749,0.0378,0.9698,0.999
Mast4,Mast4,2340.9784,-0.146,0.1155,-1.2641,0.2062,0.8262
Mastl,Mastl,483.3508,-0.6554,0.3401,-1.9271,0.054,0.7377
Mat1a,Mat1a,0.9475,0.9566,1.5003,0.6376,0.5237,0.9223
Mat2a,Mat2a,11145.8078,-0.0451,0.0611,-0.738,0.4605,0.9142
Mat2b,Mat2b,2648.8496,0.1773,0.1143,1.5517,0.1207,0.7753
Matk,Matk,19.5318,0.065,0.3578,0.1818,0.8557,0.9796
Matn2,Matn2,7265.9696,-0.0184,0.1074,-0.1717,0.8636,0.9808
Matn3,Matn3,21.0853,-1.5229,0.6553,-2.3242,0.0201,0.732
Matn4,Matn4,11.1836,1.0766,0.9781,1.1007,0.271,0.8588
Matr3,Matr3,5735.9866,-0.0955,0.2425,-0.3938,0.6937,0.9623
Mau2,Mau2,1995.2838,-0.0012,0.0515,-0.0237,0.9811,1
Mavs,Mavs,1525.4881,0.0581,0.0999,0.5809,0.5613,0.9294
Max,Max,2587.9644,0.0559,0.1136,0.4919,0.6228,0.9443
Maz,Maz,3324.0959,-0.0418,0.106,-0.3943,0.6934,0.9623
Mb,Mb,3779.9713,-0.7481,0.7139,-1.0479,0.2947,0.8606
Mb21d1,Mb21d1,206.401,-0.3847,0.1862,-2.0667,0.0388,0.732
Mb21d2,Mb21d2,336.0024,0.1431,0.138,1.037,0.2997,0.8612
Mbd1,Mbd1,1261.6909,0.0675,0.0747,0.9043,0.3658,0.8891
Mbd2,Mbd2,2934.3575,0.0412,0.0787,0.5233,0.6007,0.9406
Mbd3,Mbd3,3827.9244,-0.024,0.0839,-0.2858,0.775,0.97
Mbd4,Mbd4,160.4963,-0.4969,0.2174,-2.2851,0.0223,0.732
Mbd5,Mbd5,631.1436,-0.0722,0.1847,-0.3909,0.6959,0.9626
Mbd6,Mbd6,1105.4088,0.1934,0.1194,1.6196,0.1053,0.7701
Mbip,Mbip,455.5378,-0.0981,0.1499,-0.6547,0.5127,0.9198
Mblac1,Mblac1,46.4222,0.1888,0.2756,0.6851,0.4933,0.9181
Mblac2,Mblac2,148.3646,0.2454,0.184,1.3333,0.1824,0.8131
Mbnl1,Mbnl1,5761.0503,-0.1131,0.2248,-0.5032,0.6149,0.9427
Mbnl2,Mbnl2,3467.7012,0.065,0.1987,0.327,0.7436,0.9694
Mbnl3,Mbnl3,169.9602,-0.2758,0.2609,-1.0571,0.2905,0.8606
Mboat1,Mboat1,557.396,-0.3964,0.2031,-1.9514,0.051,0.7364
Mboat2,Mboat2,499.1167,-0.1539,0.191,-0.8058,0.4204,0.905
Mboat4,Mboat4,6.7908,-0.3457,0.5647,-0.6121,0.5405,0.9281
Mboat7,Mboat7,1308.5579,0.0937,0.0924,1.0137,0.3107,0.8677
Mbp,Mbp,86.5048,0.2546,0.177,1.4385,0.1503,0.7968
Mbtd1,Mbtd1,869.1745,-0.099,0.2104,-0.4705,0.638,0.9487
Mbtps1,Mbtps1,8652.8538,0.0728,0.085,0.8569,0.3915,0.8983
Mbtps2,Mbtps2,1045.6466,-0.0987,0.1911,-0.5164,0.6056,0.941
Mc1r,Mc1r,1.0441,0.0042,1.4195,0.0029,0.9977,1
Mc4r,Mc4r,19.3077,-0.6819,0.4267,-1.5979,0.1101,0.7736
Mc5r,Mc5r,1.4623,0.3682,1.551,0.2374,0.8124,0.9743
Mcam,Mcam,206.8111,-0.6156,0.2932,-2.0993,0.0358,0.732
Mcat,Mcat,1109.1256,0.0617,0.0838,0.7358,0.4619,0.9148
Mcc,Mcc,373.1198,-0.1111,0.1008,-1.1027,0.2702,0.8588
Mccc1,Mccc1,785.322,0.0082,0.1021,0.0803,0.936,0.9923
Mccc1os,Mccc1os,4.5055,0.9475,1.0228,0.9263,0.3543,0.8847
Mccc2,Mccc2,596.2905,0.0902,0.0934,0.9653,0.3344,0.8778
Mcee,Mcee,195.2328,0.0729,0.1566,0.4654,0.6417,0.9505
Mcf2l,Mcf2l,532.5839,0.4247,0.2277,1.8649,0.0622,0.7456
Mcfd2,Mcfd2,3748.9639,0.2288,0.1653,1.3838,0.1664,0.8037
Mchr1,Mchr1,203.5545,-0.7403,0.3397,-2.1793,0.0293,0.732
Mcidas,Mcidas,0.833,1.1279,1.8515,0.6092,0.5424,0.9283
Mcl1,Mcl1,7786.5368,0.0783,0.0743,1.0546,0.2916,0.8606
Mcm10,Mcm10,322.572,-0.8152,0.3676,-2.2177,0.0266,0.732
Mcm2,Mcm2,1915.5209,-0.4215,0.1607,-2.6233,0.0087,0.732
Mcm3,Mcm3,1742.2621,-0.5841,0.233,-2.507,0.0122,0.732
Mcm3ap,Mcm3ap,2681.1499,0.0207,0.0591,0.35,0.7263,0.9692
Mcm4,Mcm4,1994.1791,-0.5443,0.186,-2.9261,0.0034,0.732
Mcm5,Mcm5,1279.1698,-0.8373,0.401,-2.0881,0.0368,0.732
Mcm6,Mcm6,2955.7801,-0.5503,0.186,-2.9577,0.0031,0.732
Mcm7,Mcm7,2427.2757,-0.3296,0.1247,-2.6425,0.0082,0.732
Mcm8,Mcm8,170.4332,-0.4776,0.2264,-2.1092,0.0349,0.732
Mcm9,Mcm9,243.6489,-0.0523,0.1376,-0.3803,0.7038,0.9641
Mcmbp,Mcmbp,1803.9489,-0.1113,0.055,-2.0235,0.043,0.7364
Mcoln1,Mcoln1,1724.1444,0.5033,0.1934,2.6027,0.0093,0.732
Mcoln2,Mcoln2,0.939,3.2488,1.7899,1.8151,0.0695,0.7507
Mcoln3,Mcoln3,2.0892,2.0857,1.3072,1.5956,0.1106,0.7736
Mcph1,Mcph1,800.3296,-0.1545,0.0882,-1.7517,0.0798,0.7572
Mcpt1,Mcpt1,6.1878,0.127,0.5588,0.2272,0.8202,0.9758
Mcpt2,Mcpt2,0.4208,0.0046,2.0637,0.0022,0.9982,1
Mcpt4,Mcpt4,0.6247,-0.6339,1.7481,-0.3626,0.7169,0.9662
Mcpt8,Mcpt8,208.4315,0.4516,0.2481,1.8204,0.0687,0.7507
Mcrs1,Mcrs1,1883.3184,0.0056,0.0836,0.0672,0.9464,0.9934
Mctp1,Mctp1,19.6678,0.312,0.5439,0.5735,0.5663,0.9302
Mctp2,Mctp2,23.058,0.0014,0.3879,0.0036,0.9971,1
Mcts1,Mcts1,1448.624,-0.1694,0.0949,-1.7845,0.0743,0.752
Mcts2,Mcts2,229.5301,0.0213,0.1236,0.1722,0.8633,0.9807
Mcu,Mcu,2269.0795,-0.178,0.1266,-1.4059,0.1597,0.8028
Mcur1,Mcur1,933.8314,0.1049,0.1505,0.6971,0.4857,0.9168
Mdc1,Mdc1,1542.4864,-0.2162,0.0868,-2.4922,0.0127,0.732
Mdfi,Mdfi,93.6972,-0.5462,0.3558,-1.5353,0.1247,0.7753
Mdfic,Mdfic,3171.669,0.0804,0.1459,0.5513,0.5814,0.9352
Mdga1,Mdga1,118.9526,-0.6802,0.3121,-2.1795,0.0293,0.732
Mdh1,Mdh1,6703.1266,-0.1033,0.1152,-0.8959,0.3703,0.8926
Mdh1b,Mdh1b,1.6856,0.0042,1.3663,0.0031,0.9975,1
Mdh2,Mdh2,10237.0155,-0.0633,0.1086,-0.583,0.5599,0.9294
Mdk,Mdk,5.421,-0.9667,0.6993,-1.3823,0.1669,0.8043
Mdm1,Mdm1,447.403,-0.1473,0.0967,-1.5235,0.1276,0.7753
Mdm2,Mdm2,4104.6263,0.0044,0.089,0.0495,0.9605,0.9969
Mdm4,Mdm4,3289.8021,-0.2477,0.2369,-1.0457,0.2957,0.8606
Mdn1,Mdn1,1767.1463,-0.115,0.1594,-0.7217,0.4705,0.9168
Mdp1,Mdp1,1473.1109,0.1016,0.1074,0.9465,0.3439,0.8802
Me1,Me1,4327.0016,0.0695,0.1072,0.6486,0.5166,0.9209
Me2,Me2,1588.3658,-0.0693,0.072,-0.9629,0.3356,0.8778
Me3,Me3,118.8023,-0.2124,0.2266,-0.9374,0.3486,0.8829
Mea1,Mea1,1526.4456,0.2116,0.1407,1.5037,0.1327,0.7779
Meaf6,Meaf6,586.6294,-0.0059,0.1207,-0.0492,0.9608,0.9969
Mecom,Mecom,206.0484,-0.0608,0.2047,-0.2969,0.7665,0.97
Mecp2,Mecp2,2712.6361,-0.008,0.1097,-0.0732,0.9417,0.9925
Mecr,Mecr,654.1359,0.0689,0.1135,0.6072,0.5437,0.9283
Med1,Med1,2603.6534,-0.1419,0.117,-1.2126,0.2253,0.8317
Med10,Med10,1236.6769,0.0301,0.0904,0.3326,0.7394,0.9694
Med11,Med11,500.2732,0.005,0.0971,0.0512,0.9592,0.9967
Med12,Med12,2266.7639,0.0242,0.1003,0.2413,0.8093,0.9734
Med12l,Med12l,10.9882,-0.0608,0.5052,-0.1204,0.9042,0.9865
Med13,Med13,1608.3906,-0.1167,0.2479,-0.471,0.6377,0.9487
Med13l,Med13l,1832.0251,0.0501,0.1284,0.3903,0.6963,0.9629
Med14,Med14,2175.988,-0.4027,0.2325,-1.7318,0.0833,0.7572
Med15,Med15,3023.9041,-0.0668,0.065,-1.0284,0.3038,0.8633
Med16,Med16,1499.2247,0.1332,0.1116,1.1934,0.2327,0.8354
Med17,Med17,1588.2413,0.0624,0.0883,0.7062,0.4801,0.9168
Med18,Med18,223.5666,-0.1534,0.1279,-1.1998,0.2302,0.8332
Med19,Med19,1048.8755,-0.0247,0.0692,-0.357,0.7211,0.968
Med20,Med20,1256.926,0.0168,0.1083,0.1554,0.8765,0.9819
Med21,Med21,1401.3005,-0.0483,0.0774,-0.6234,0.533,0.9256
Med22,Med22,2320.4788,0.0217,0.1017,0.2137,0.8308,0.9774
Med23,Med23,1850.1198,0.0868,0.0897,0.9681,0.333,0.8778
Med24,Med24,1905.6546,0.1288,0.0988,1.304,0.1922,0.8173
Med25,Med25,1544.3686,0.0451,0.0857,0.5268,0.5983,0.9397
Med26,Med26,478.3635,-0.0111,0.1296,-0.0857,0.9317,0.9921
Med27,Med27,775.2484,0.0013,0.1169,0.0112,0.9911,1
Med28,Med28,1910.3162,0.0887,0.0701,1.2653,0.2058,0.8262
Med29,Med29,451.303,-0.0848,0.1329,-0.6379,0.5235,0.9223
Med30,Med30,1793.0856,0.0643,0.0692,0.9289,0.353,0.8839
Med31,Med31,522.0809,-0.0044,0.1322,-0.0335,0.9733,0.999
Med4,Med4,1080.511,-0.0973,0.0621,-1.5667,0.1172,0.7753
Med6,Med6,844.1408,-0.0656,0.0822,-0.799,0.4243,0.906
Med7,Med7,1194.4243,-0.1971,0.1823,-1.081,0.2797,0.8598
Med8,Med8,1146.5612,0.0039,0.0865,0.0447,0.9644,0.9977
Med9,Med9,846.6954,0.0056,0.0904,0.0619,0.9507,0.9939
Med9os,Med9os,6.3737,0.2134,0.663,0.3219,0.7475,0.9694
Medag,Medag,2837.7288,-0.1258,0.1527,-0.8239,0.41,0.9033
Mef2a,Mef2a,6851.3624,-0.3904,0.3637,-1.0733,0.2831,0.8606
Mef2b,Mef2b,0.525,0.491,2.3785,0.2064,0.8364,0.9774
Mef2c,Mef2c,2260.0268,-0.6317,0.7305,-0.8648,0.3872,0.8952
Mef2d,Mef2d,3218.1326,-0.0106,0.0696,-0.1521,0.8791,0.9823
Mefv,Mefv,1.5737,-2.5078,1.2813,-1.9573,0.0503,0.7364
Megf10,Megf10,5009.6602,-0.3259,0.2989,-1.0905,0.2755,0.8588
Megf11,Megf11,12.5582,-0.1223,0.5411,-0.226,0.8212,0.9761
Megf6,Megf6,375.7604,-0.7975,0.3633,-2.1949,0.0282,0.732
Megf8,Megf8,4854.9081,0.1709,0.1123,1.5218,0.1281,0.7758
Megf9,Megf9,152.8612,-0.306,0.3156,-0.9695,0.3323,0.8775
Mei4,Mei4,1.0474,-0.3916,1.2721,-0.3078,0.7582,0.9694
Meig1,Meig1,3.2418,-0.1723,0.783,-0.22,0.8259,0.9766
Meis1,Meis1,574.7192,-0.0034,0.1202,-0.0286,0.9772,0.9992
Meis2,Meis2,1260.1078,0.3053,0.1638,1.8634,0.0624,0.7456
Meis3,Meis3,359.2036,0.2001,0.1186,1.6873,0.0915,0.7643
Melk,Melk,739.7425,-0.8357,0.4212,-1.9841,0.0472,0.7364
Memo1,Memo1,3238.3391,-0.1847,0.1456,-1.2687,0.2045,0.8262
Men1,Men1,2201.6046,0.0942,0.099,0.9521,0.3411,0.879
Meox1,Meox1,14.8882,-0.7891,0.3959,-1.9931,0.0463,0.7364
Mep1a,Mep1a,2.6231,0.5528,0.8662,0.6382,0.5233,0.9223
Mepce,Mepce,1598.3063,0.1132,0.0864,1.31,0.1902,0.8161
Mertk,Mertk,202.1283,-0.2303,0.129,-1.7851,0.0742,0.752
Mesdc1,Mesdc1,1435.4073,0.0285,0.1129,0.2524,0.8008,0.9719
Mesdc2,Mesdc2,4527.6163,0.2028,0.1564,1.2963,0.1949,0.8204
Mesp2,Mesp2,0.7286,-1.0365,1.9462,-0.5326,0.5943,0.9385
Mest,Mest,1882.3937,-0.9529,0.4554,-2.0922,0.0364,0.732
Met,Met,1939.522,-0.3118,0.2002,-1.5576,0.1193,0.7753
Metap1,Metap1,2380.2622,-0.0113,0.0547,-0.206,0.8368,0.9774
Metap1d,Metap1d,297.0691,0.0866,0.1219,0.711,0.4771,0.9168
Metap2,Metap2,8480.5781,-0.2502,0.1375,-1.82,0.0688,0.7507
Methig1,Methig1,0.4186,2.1202,2.4092,0.88,0.3789,0.8935
Metrn,Metrn,443.6451,0.011,0.1167,0.0939,0.9252,0.9903
Metrnl,Metrnl,1350.2814,0.2581,0.1539,1.6769,0.0936,0.7643
Mettl1,Mettl1,381.2459,0.1084,0.1021,1.0618,0.2883,0.8606
Mettl10,Mettl10,498.9105,0.0371,0.1147,0.3238,0.7461,0.9694
Mettl11b,Mettl11b,0.8276,-1.171,1.6957,-0.6905,0.4899,0.9181
Mettl13,Mettl13,782.9983,0.0397,0.1194,0.3323,0.7397,0.9694
Mettl14,Mettl14,869.0234,-0.2551,0.1421,-1.7953,0.0726,0.752
Mettl15,Mettl15,314.4169,-0.229,0.1698,-1.3484,0.1775,0.812
Mettl16,Mettl16,1115.258,-0.1133,0.0656,-1.7272,0.0841,0.7599
Mettl17,Mettl17,543.5079,-0.0184,0.073,-0.2516,0.8013,0.9719
Mettl18,Mettl18,190.9464,-0.0586,0.1186,-0.4943,0.6211,0.9436
Mettl2,Mettl2,862.0474,0.0651,0.1009,0.6456,0.5186,0.9219
Mettl20,Mettl20,310.5392,-0.0474,0.1124,-0.422,0.6731,0.9586
Mettl21a,Mettl21a,1736.2565,0.2221,0.1063,2.0902,0.0366,0.732
Mettl21b,Mettl21b,13.5382,0.2411,0.3983,0.6053,0.545,0.9285
Mettl21c,Mettl21c,1.2484,-0.7155,1.2331,-0.5803,0.5617,0.9294
Mettl22,Mettl22,355.8152,0.0028,0.1165,0.0237,0.9811,1
Mettl23,Mettl23,500.7396,0.1213,0.0977,1.2413,0.2145,0.8265
Mettl24,Mettl24,55.7693,-0.1662,0.2817,-0.5897,0.5554,0.929
Mettl25,Mettl25,326.5691,0.1698,0.1283,1.3238,0.1856,0.8161
Mettl3,Mettl3,790.1944,0.0951,0.1122,0.8472,0.3969,0.8991
Mettl4,Mettl4,338.4321,-0.0522,0.1325,-0.3936,0.6938,0.9623
Mettl5,Mettl5,299.5724,-0.0857,0.1283,-0.6679,0.5042,0.9188
Mettl6,Mettl6,1076.9107,0.1049,0.1423,0.7369,0.4612,0.9145
Mettl7a1,Mettl7a1,1284.4994,0.4267,0.1711,2.4934,0.0127,0.732
Mettl7a2,Mettl7a2,0.5261,1.5412,2.3443,0.6574,0.5109,0.9195
Mettl7a3,Mettl7a3,0.4216,0.0071,2.0629,0.0035,0.9972,1
Mettl7b,Mettl7b,2.1842,0.6742,1.0512,0.6413,0.5213,0.9223
Mettl8,Mettl8,723.5982,0.0152,0.0849,0.1785,0.8583,0.9797
Mettl9,Mettl9,3128.9878,0.0763,0.0758,1.0062,0.3143,0.8692
Mex3a,Mex3a,1229.4157,-0.1486,0.1388,-1.0709,0.2842,0.8606
Mex3b,Mex3b,916.5093,-0.1606,0.1115,-1.4398,0.1499,0.7968
Mex3c,Mex3c,2004.0666,-0.2167,0.156,-1.3889,0.1649,0.8037
Mex3d,Mex3d,1857.3669,0.1231,0.0811,1.5181,0.129,0.7759
Mfap1a,Mfap1a,1061.6312,-0.0908,0.1271,-0.7141,0.4752,0.9168
Mfap1b,Mfap1b,284.3172,-0.0663,0.1235,-0.5368,0.5914,0.9378
Mfap2,Mfap2,336.6539,-0.1168,0.1575,-0.7415,0.4584,0.9139
Mfap3,Mfap3,1511.7678,-0.0873,0.113,-0.7719,0.4402,0.9112
Mfap3l,Mfap3l,2333.7196,-0.0722,0.2882,-0.2505,0.8022,0.9719
Mfap4,Mfap4,61.2744,-1.0836,0.7112,-1.5236,0.1276,0.7753
Mfap5,Mfap5,2740.3282,-0.3242,0.2718,-1.1927,0.233,0.8354
Mff,Mff,3911.1324,0.0448,0.0765,0.5849,0.5586,0.9294
Mfge8,Mfge8,8514.8903,0.1013,0.0933,1.0865,0.2773,0.8588
Mfhas1,Mfhas1,714.0626,0.0776,0.115,0.6749,0.4997,0.9181
Mfn1,Mfn1,2109.4197,-0.0927,0.1062,-0.8725,0.3829,0.8935
Mfn2,Mfn2,4030.8664,0.0173,0.0782,0.2209,0.8252,0.9766
Mfng,Mfng,1.8831,-0.4635,1.0354,-0.4476,0.6544,0.9548
Mfsd1,Mfsd1,5670.6497,0.4391,0.1896,2.3168,0.0205,0.732
Mfsd10,Mfsd10,633.291,0.0932,0.1473,0.6329,0.5268,0.9228
Mfsd11,Mfsd11,2262.0954,0.2927,0.1219,2.4011,0.0163,0.732
Mfsd12,Mfsd12,385.6353,0.0841,0.1134,0.7421,0.458,0.9137
Mfsd2a,Mfsd2a,293.9796,-0.4985,0.3697,-1.3484,0.1775,0.812
Mfsd2b,Mfsd2b,9.5113,0.0404,0.5004,0.0808,0.9356,0.9923
Mfsd3,Mfsd3,305.9463,0.2051,0.1221,1.68,0.093,0.7643
Mfsd4,Mfsd4,287.5907,-0.092,0.1997,-0.4605,0.6451,0.9522
Mfsd5,Mfsd5,2687.3333,0.2983,0.1833,1.6275,0.1036,0.7679
Mfsd6,Mfsd6,232.1757,0.1779,0.1486,1.197,0.2313,0.8345
Mfsd7a,Mfsd7a,740.2753,0.0326,0.1508,0.2162,0.8288,0.9769
Mfsd7b,Mfsd7b,471.8465,0.2145,0.2059,1.0419,0.2975,0.8608
Mfsd7c,Mfsd7c,26.6648,-0.1388,0.3262,-0.4255,0.6704,0.9578
Mfsd8,Mfsd8,493.8449,0.0208,0.106,0.1959,0.8447,0.9776
Mfsd9,Mfsd9,252.1335,0.3284,0.1629,2.0164,0.0438,0.7364
Mga,Mga,1420.7758,-0.0342,0.2098,-0.1631,0.8705,0.9818
Mgam,Mgam,974.302,0.3147,0.1808,1.7402,0.0818,0.7572
Mgarp,Mgarp,999.702,0.3955,0.2667,1.4827,0.1382,0.7886
Mgat1,Mgat1,3393.3905,0.0743,0.0915,0.8125,0.4165,0.9035
Mgat2,Mgat2,4218.3391,0.0702,0.083,0.8461,0.3975,0.8991
Mgat3,Mgat3,2172.6027,0.3404,0.1764,1.9302,0.0536,0.7365
Mgat4a,Mgat4a,35.2175,-0.7597,0.4135,-1.8373,0.0662,0.7457
Mgat4b,Mgat4b,4277.2257,0.1431,0.1214,1.1785,0.2386,0.8393
Mgat5,Mgat5,256.6717,0.4629,0.2975,1.5559,0.1197,0.7753
Mgat5b,Mgat5b,0.5275,-0.4727,2.3763,-0.1989,0.8423,0.9775
Mgea5,Mgea5,3835.1379,-0.0076,0.1067,-0.0716,0.943,0.9927
Mgl2,Mgl2,498.0766,0.1025,0.1533,0.6685,0.5038,0.9188
Mgll,Mgll,539.1369,-0.7324,0.4166,-1.7581,0.0787,0.7572
Mgme1,Mgme1,443.4491,0.0024,0.102,0.0232,0.9815,1
Mgmt,Mgmt,5.2399,-0.1215,0.6113,-0.1988,0.8424,0.9775
Mgp,Mgp,9049.174,0.7283,0.2439,2.9854,0.0028,0.732
Mgrn1,Mgrn1,3808.3812,0.0744,0.0719,1.0356,0.3004,0.8612
Mgst1,Mgst1,2393.6627,1.0627,0.4933,2.1542,0.0312,0.732
Mgst2,Mgst2,345.8388,0.7706,0.3882,1.985,0.0471,0.7364
Mgst3,Mgst3,771.5083,0.0579,0.1241,0.4668,0.6407,0.9498
Mhrt,Mhrt,0.4138,-0.7714,2.4833,-0.3106,0.7561,0.9694
Mia,Mia,1.154,-0.1223,1.5024,-0.0814,0.9351,0.9923
Mia3,Mia3,4217.2858,-0.0231,0.1773,-0.1304,0.8963,0.9854
Miat,Miat,63.0032,-0.4821,0.3947,-1.2214,0.2219,0.8307
Mib1,Mib1,740.4398,-0.1613,0.247,-0.653,0.5137,0.9199
Mib2,Mib2,1585.2997,0.2238,0.1143,1.9575,0.0503,0.7364
Mical1,Mical1,2994.0758,0.0637,0.0978,0.6514,0.5148,0.92
Mical2,Mical2,6810.3028,-0.1435,0.0896,-1.6009,0.1094,0.7736
Mical3,Mical3,1517.415,0.0251,0.1215,0.2067,0.8362,0.9774
Micalcl,Micalcl,21.5775,-0.1184,0.3031,-0.3907,0.696,0.9626
Micall1,Micall1,1425.4676,-0.0228,0.1212,-0.1877,0.8511,0.9788
Micall2,Micall2,1215.1276,-0.0149,0.1025,-0.1451,0.8846,0.9829
Micu1,Micu1,5875.7953,0.0655,0.0727,0.9003,0.3679,0.8912
Micu2,Micu2,3844.2808,-0.0967,0.0976,-0.9911,0.3216,0.873
Micu3,Micu3,210.9254,0.015,0.2069,0.0725,0.9422,0.9927
Mid1,Mid1,1429.3908,-0.1202,0.1137,-1.0568,0.2906,0.8606
Mid1ip1,Mid1ip1,2369.0132,0.2306,0.1615,1.4283,0.1532,0.7988
Mid2,Mid2,675.1179,-0.3057,0.3247,-0.9416,0.3464,0.8828
Midn,Midn,6527.5165,-0.119,0.1511,-0.7879,0.4308,0.9081
Mief1,Mief1,2244.56,0.067,0.0488,1.373,0.1697,0.8054
Mief2,Mief2,830.1845,0.0149,0.1223,0.1217,0.9031,0.9861
Mien1,Mien1,997.1695,0.3304,0.153,2.1587,0.0309,0.732
Mier1,Mier1,1695.2675,-0.0958,0.1985,-0.4826,0.6293,0.9451
Mier2,Mier2,1265.7919,0.0817,0.0677,1.2062,0.2278,0.8325
Mier3,Mier3,860.8254,-0.1695,0.1906,-0.8891,0.374,0.893
Mif,Mif,14596.236,0.2929,0.2018,1.4512,0.1467,0.7941
Mif4gd,Mif4gd,404.9466,0.0434,0.1209,0.3586,0.7199,0.9674
Miip,Miip,357.0996,-0.072,0.1155,-0.6233,0.5331,0.9256
Mill2,Mill2,40.7588,0.5614,0.2966,1.893,0.0584,0.7417
Milr1,Milr1,273.2158,0.425,0.1535,2.7688,0.0056,0.732
Mina,Mina,628.2416,-0.0236,0.0943,-0.2501,0.8025,0.9719
Mink1,Mink1,3441.1875,0.1291,0.1011,1.2776,0.2014,0.8261
Minos1,Minos1,3255.0592,0.0002,0.0945,0.0023,0.9982,1
Minpp1,Minpp1,2511.1295,-0.0048,0.0492,-0.0968,0.9229,0.9893
Mios,Mios,853.0695,-0.1791,0.128,-1.3992,0.1618,0.8037
Miox,Miox,0.4186,-0.6852,2.4191,-0.2832,0.777,0.97
Mip,Mip,2.5132,0.0923,0.8886,0.1039,0.9173,0.9879
Mipep,Mipep,823.1195,0.0145,0.0988,0.147,0.8831,0.9825
Mipol1,Mipol1,74.6152,-0.176,0.2033,-0.8658,0.3866,0.8952
Mir103-2,Mir103-2,1.4747,0.3023,1.2356,0.2447,0.8067,0.9732
Mir106b,Mir106b,0.7377,0.3913,1.4754,0.2652,0.7908,0.97
Mir1191,Mir1191,22.9123,0.1092,0.4824,0.2263,0.821,0.9761
Mir1191b,Mir1191b,0.6264,1.6565,2.3807,0.6958,0.4865,0.9168
Mir1249,Mir1249,10.1389,0.6956,0.5145,1.3519,0.1764,0.8105
Mir1258,Mir1258,1.1411,-0.8027,1.4416,-0.5568,0.5777,0.9346
Mir125a,Mir125a,1.1535,-1.9504,1.5781,-1.2359,0.2165,0.8286
Mir1291,Mir1291,16.8507,0.668,0.4728,1.4129,0.1577,0.8015
Mir133a-1,Mir133a-1,1.1442,-1.1128,1.3012,-0.8552,0.3924,0.8986
Mir133a-2,Mir133a-2,7.0165,-0.5728,0.7743,-0.7397,0.4595,0.9141
Mir140,Mir140,1.982,0.2859,1.048,0.2728,0.785,0.97
Mir143,Mir143,3.8567,-0.2917,0.8434,-0.3458,0.7295,0.9694
Mir143hg,Mir143hg,100.3102,-0.2729,0.3108,-0.878,0.38,0.8935
Mir145a,Mir145a,7.819,-0.1921,0.5266,-0.3648,0.7152,0.9662
Mir155hg,Mir155hg,29.8285,0.6215,0.5452,1.14,0.2543,0.8453
Mir16-1,Mir16-1,1.4762,0.3109,1.3071,0.2378,0.812,0.9742
Mir17hg,Mir17hg,73.7944,-0.0173,0.2962,-0.0584,0.9534,0.9945
Mir181c,Mir181c,0.3158,-0.6835,2.573,-0.2657,0.7905,0.97
Mir181d,Mir181d,0.9422,1.454,1.6301,0.892,0.3724,0.893
Mir1839,Mir1839,4.933,-0.4837,0.7874,-0.6143,0.539,0.9277
Mir186,Mir186,8.5829,0.5541,0.5691,0.9736,0.3303,0.8768
Mir1894,Mir1894,4.9279,0.2486,0.6219,0.3998,0.6893,0.9623
Mir1898,Mir1898,10.4897,-0.2176,0.5255,-0.414,0.6789,0.961
Mir1907,Mir1907,0.422,-0.0003,2.4864,-0.0001,0.9999,1
Mir191,Mir191,1.1549,0.5735,1.5483,0.3704,0.7111,0.9662
Mir1929,Mir1929,0.8402,1.3392,1.8659,0.7177,0.4729,0.9168
Mir1930,Mir1930,2.5075,0.5398,1.0109,0.534,0.5934,0.9385
Mir1932,Mir1932,0.7335,1.0377,1.6799,0.6178,0.5367,0.9274
Mir1934,Mir1934,0.838,-0.673,1.9444,-0.3461,0.7292,0.9694
Mir1938,Mir1938,0.519,-0.0621,2.0361,-0.0305,0.9757,0.9992
Mir194-1,Mir194-1,2.1021,0.7216,1.2282,0.5876,0.5568,0.929
Mir1943,Mir1943,3.1369,0.5961,0.7814,0.7628,0.4456,0.912
Mir1945,Mir1945,0.7353,1.0367,1.6793,0.6173,0.537,0.9274
Mir1946b,Mir1946b,1.2478,-1.8243,1.541,-1.1839,0.2365,0.8369
Mir1949,Mir1949,10.049,0.1994,0.5175,0.3854,0.7,0.9635
Mir1956,Mir1956,2.8002,-0.4051,0.908,-0.4462,0.6555,0.9548
Mir1964,Mir1964,0.5277,-1.5673,1.9005,-0.8247,0.4096,0.9033
Mir1968,Mir1968,7.6259,-0.4499,0.5806,-0.7749,0.4384,0.9104
Mir196a-2,Mir196a-2,0.7279,-0.1636,1.9059,-0.0858,0.9316,0.9921
Mir196b,Mir196b,7.9713,0.3408,0.5078,0.6711,0.5022,0.9188
Mir199a-1,Mir199a-1,5.2197,1.3221,1.0259,1.2887,0.1975,0.8223
Mir1a-1,Mir1a-1,0.3168,-0.6843,2.5711,-0.2661,0.7901,0.97
Mir1b,Mir1b,0.8285,-1.1687,1.6953,-0.6894,0.4906,0.9181
Mir206,Mir206,4.9049,-0.0594,0.7806,-0.0761,0.9393,0.9923
Mir210,Mir210,2.5202,0.2683,1.0875,0.2467,0.8051,0.9724
Mir215,Mir215,2.6153,-0.5421,0.8221,-0.6594,0.5096,0.9195
Mir221,Mir221,4.478,0.3218,0.819,0.3929,0.6944,0.9623
Mir22hg,Mir22hg,2490.0997,-0.0547,0.132,-0.4142,0.6787,0.961
Mir23a,Mir23a,7.0214,-0.5721,0.5204,-1.0993,0.2716,0.8588
Mir24-2,Mir24-2,43.485,0.1128,0.5287,0.2134,0.831,0.9774
Mir25,Mir25,7.3546,-0.3976,0.6219,-0.6394,0.5226,0.9223
Mir26a-1,Mir26a-1,0.5198,-1.387,2.3879,-0.5808,0.5613,0.9294
Mir26b,Mir26b,0.6321,0.8486,2.2608,0.3754,0.7074,0.9657
Mir27a,Mir27a,5.1139,0.4239,0.7757,0.5465,0.5847,0.9355
Mir296,Mir296,0.7312,-2.0161,1.6259,-1.2399,0.215,0.8269
Mir301,Mir301,1.4615,-1.6709,1.3454,-1.242,0.2142,0.8265
Mir3058,Mir3058,1.2497,-0.751,1.3467,-0.5577,0.5771,0.9343
Mir3060,Mir3060,7.832,-0.0846,0.5979,-0.1415,0.8875,0.9833
Mir3061,Mir3061,31.3668,-0.1397,0.331,-0.4221,0.6729,0.9586
Mir3064,Mir3064,239.1177,0.0848,0.35,0.2422,0.8086,0.9732
Mir3068,Mir3068,3.1388,-0.2831,0.8332,-0.3398,0.734,0.9694
Mir3076,Mir3076,0.5164,-0.7673,2.3707,-0.3237,0.7462,0.9694
Mir3091,Mir3091,3.5598,-0.0521,0.7133,-0.0731,0.9417,0.9925
Mir30c-1,Mir30c-1,0.4138,-0.7714,2.4833,-0.3106,0.7561,0.9694
Mir31,Mir31,30.8977,0.4495,0.4206,1.0686,0.2852,0.8606
Mir3100,Mir3100,2.0813,0.2075,1.0719,0.1935,0.8465,0.9777
Mir3101,Mir3101,6.6121,0.2174,0.5592,0.3888,0.6974,0.9632
Mir3113,Mir3113,7.567,0.1433,0.5626,0.2547,0.7989,0.9719
Mir324,Mir324,2.4088,1.6449,1.252,1.3138,0.1889,0.8161
Mir335,Mir335,0.6353,-1.8599,2.2237,-0.8364,0.4029,0.9033
Mir339,Mir339,2.2036,-0.3737,1.1615,-0.3217,0.7477,0.9694
Mir343,Mir343,1.6736,3.3264,1.3425,2.4778,0.0132,0.732
Mir345,Mir345,4.1821,1.4322,0.755,1.8968,0.0579,0.7399
Mir3470a,Mir3470a,2.7169,-0.1897,1.3396,-0.1416,0.8874,0.9833
Mir3470b,Mir3470b,1.991,0.2624,1.2449,0.2108,0.8331,0.9774
Mir3471-1,Mir3471-1,1.1501,0.3105,1.2757,0.2434,0.8077,0.9732
Mir3473c,Mir3473c,2.2884,-0.5284,0.9285,-0.5691,0.5693,0.9313
Mir3473d,Mir3473d,0.4228,0.0028,2.4853,0.0011,0.9991,1
Mir34a,Mir34a,0.4129,-0.7667,2.4832,-0.3088,0.7575,0.9694
Mir365-2,Mir365-2,4.284,-0.2923,0.6805,-0.4295,0.6675,0.9568
Mir378b,Mir378b,1.0448,0.6936,1.6024,0.4329,0.6651,0.9561
Mir3960,Mir3960,12.8805,0.5835,0.4608,1.2664,0.2054,0.8262
Mir421,Mir421,2.5122,0.0991,0.8297,0.1194,0.905,0.9865
Mir423,Mir423,0.5255,0.0916,2.4331,0.0377,0.97,0.999
Mir425,Mir425,5.8598,0.1192,0.5407,0.2204,0.8255,0.9766
Mir450b,Mir450b,0.4226,0.0038,2.0624,0.0018,0.9985,1
Mir452,Mir452,0.3158,0.6972,2.5723,0.271,0.7864,0.97
Mir466i,Mir466i,1.5599,-0.7389,1.2317,-0.5999,0.5486,0.9289
Mir467c,Mir467c,7.434,0.3788,0.5723,0.6619,0.508,0.9188
Mir491,Mir491,0.5293,-0.4777,2.3761,-0.201,0.8407,0.9775
Mir5098,Mir5098,1.7775,-0.3374,1.011,-0.3337,0.7386,0.9694
Mir5100,Mir5100,0.8268,-1.1692,1.6954,-0.6896,0.4904,0.9181
Mir5119,Mir5119,1.4779,-1.2805,1.2724,-1.0064,0.3142,0.8692
Mir5133,Mir5133,19.3287,-0.6479,0.3916,-1.6547,0.098,0.7669
Mir5620,Mir5620,0.6239,0.4004,2.4051,0.1665,0.8678,0.9818
Mir568,Mir568,32.3149,-0.4495,0.3781,-1.1888,0.2345,0.8357
Mir574,Mir574,0.413,0.695,2.4257,0.2865,0.7745,0.97
Mir615,Mir615,0.7403,-0.3751,1.8162,-0.2065,0.8364,0.9774
Mir6358,Mir6358,1.8744,-0.7773,1.1899,-0.6532,0.5136,0.9199
Mir6362,Mir6362,0.4209,-1.1671,2.4225,-0.4818,0.63,0.9451
Mir6377,Mir6377,0.4138,-0.7714,2.4833,-0.3106,0.7561,0.9694
Mir6385,Mir6385,6.9448,-0.3486,0.8319,-0.419,0.6752,0.9598
Mir6386,Mir6386,5.7312,0.753,0.6919,1.0883,0.2765,0.8588
Mir6395,Mir6395,0.9475,-0.9425,1.7602,-0.5354,0.5924,0.9384
Mir6400,Mir6400,0.3158,0.6972,2.5723,0.271,0.7864,0.97
Mir6403,Mir6403,2.2077,0.519,0.9354,0.5548,0.579,0.9348
Mir6516,Mir6516,13.0183,0.3384,0.5616,0.6027,0.5467,0.9289
Mir669n,Mir669n,1.2454,0.1155,1.866,0.0619,0.9506,0.9939
Mir677,Mir677,2.0029,-0.146,0.9698,-0.1505,0.8804,0.9823
Mir680-2,Mir680-2,0.5157,0.7794,2.3731,0.3284,0.7426,0.9694
Mir682,Mir682,73.46,0.125,0.3521,0.3551,0.7225,0.9684
Mir684-1,Mir684-1,11.0142,-0.4042,0.6582,-0.6141,0.5392,0.9277
Mir688,Mir688,0.6317,0.0059,1.9004,0.0031,0.9975,1
Mir6905,Mir6905,0.5243,1.4005,2.3858,0.587,0.5572,0.929
Mir6907,Mir6907,0.5189,1.198,1.9384,0.618,0.5366,0.9273
Mir6911,Mir6911,0.4178,2.1173,2.4094,0.8788,0.3795,0.8935
Mir6913,Mir6913,0.9421,0.6834,1.634,0.4182,0.6758,0.9598
Mir6929,Mir6929,1.6722,0.2991,1.219,0.2454,0.8062,0.9727
Mir6931,Mir6931,11.6251,-0.1597,0.4714,-0.3388,0.7347,0.9694
Mir6935,Mir6935,28.679,-0.2991,0.4978,-0.6009,0.5479,0.9289
Mir6939,Mir6939,1.3602,-0.2494,1.1392,-0.219,0.8267,0.9766
Mir6942,Mir6942,0.5179,-0.0578,2.0357,-0.0284,0.9774,0.9992
Mir6945,Mir6945,1.0501,-1.6281,1.5644,-1.0407,0.298,0.8608
Mir6948,Mir6948,1.9884,-0.6491,0.9751,-0.6657,0.5056,0.9188
Mir6954,Mir6954,1.04,1.4159,1.6346,0.8662,0.3864,0.8952
Mir6955,Mir6955,2.3015,-0.187,0.8963,-0.2086,0.8347,0.9774
Mir6960,Mir6960,0.4139,-0.7723,2.4834,-0.311,0.7558,0.9694
Mir6966,Mir6966,0.7312,1.9212,1.9171,1.0021,0.3163,0.8701
Mir697,Mir697,3.7715,-0.4151,0.7222,-0.5747,0.5655,0.9302
Mir6976,Mir6976,1.2662,-1.5212,1.3801,-1.1022,0.2704,0.8588
Mir6984,Mir6984,0.9364,-0.3854,1.6207,-0.2378,0.8121,0.9742
Mir6989,Mir6989,0.5254,-1.1758,2.3107,-0.5089,0.6109,0.9418
Mir6990,Mir6990,4.6771,-0.5604,0.7501,-0.7472,0.455,0.9128
Mir6991,Mir6991,0.8316,2.0255,1.6017,1.2646,0.206,0.8262
Mir6993,Mir6993,0.5267,-0.4879,1.9752,-0.247,0.8049,0.9724
Mir6998,Mir6998,1.1357,-0.4522,1.6388,-0.2759,0.7826,0.97
Mir6999,Mir6999,1.7943,0.0941,1.3216,0.0712,0.9432,0.9928
Mir7-1,Mir7-1,31.5921,-0.1763,0.4435,-0.3975,0.691,0.9623
Mir7001,Mir7001,12.2346,-0.2256,0.5077,-0.4444,0.6567,0.9548
Mir7013,Mir7013,3.2552,-0.8614,0.849,-1.0146,0.3103,0.8673
Mir7014,Mir7014,1.2536,0.5601,1.2515,0.4475,0.6545,0.9548
Mir7022,Mir7022,0.5157,0.7794,2.3731,0.3284,0.7426,0.9694
Mir7025,Mir7025,1.0482,-1.7678,1.5118,-1.1693,0.2423,0.8407
Mir7026,Mir7026,1.8888,0.3951,1.0975,0.36,0.7189,0.9672
Mir7027,Mir7027,2.0929,-0.2158,1.0174,-0.2121,0.832,0.9774
Mir7028,Mir7028,1.2614,2.1177,1.4024,1.5101,0.131,0.7771
Mir703,Mir703,107.3333,0.1809,0.6112,0.296,0.7673,0.97
Mir7030,Mir7030,1.3601,-0.7686,1.1995,-0.6408,0.5216,0.9223
Mir7031,Mir7031,0.9404,-0.1068,1.4105,-0.0757,0.9397,0.9923
Mir7035,Mir7035,0.5253,0.0715,2.0349,0.0351,0.972,0.999
Mir7050,Mir7050,0.3158,-0.6835,2.573,-0.2657,0.7905,0.97
Mir7051,Mir7051,0.7305,-0.1667,1.9067,-0.0875,0.9303,0.9917
Mir7052,Mir7052,5.5451,0.0652,0.559,0.1167,0.9071,0.987
Mir7061,Mir7061,1.4523,-1.0953,1.523,-0.7191,0.4721,0.9168
Mir7063,Mir7063,1.3456,-0.9093,1.5498,-0.5867,0.5574,0.929
Mir7078,Mir7078,0.5196,-0.0586,2.0353,-0.0288,0.977,0.9992
Mir7079,Mir7079,5.8802,0.9928,0.712,1.3943,0.1632,0.8037
Mir7089,Mir7089,0.8433,-1.4577,1.569,-0.929,0.3529,0.8839
Mir7115,Mir7115,3.1413,0.2155,0.764,0.2821,0.7779,0.97
Mir7237,Mir7237,0.9344,1.1651,1.9179,0.6075,0.5435,0.9283
Mir7240,Mir7240,0.7403,-2.1424,1.7658,-1.2133,0.225,0.8317
Mir744,Mir744,1.3505,1.0092,1.4162,0.7126,0.4761,0.9168
Mir761,Mir761,4.1939,-0.8388,0.6999,-1.1985,0.2307,0.834
Mir7649,Mir7649,0.9399,2.3377,1.9042,1.2277,0.2196,0.8302
Mir7656,Mir7656,0.6247,0.4618,1.7414,0.2652,0.7909,0.97
Mir7660,Mir7660,0.4208,0.0112,2.4876,0.0045,0.9964,1
Mir7662,Mir7662,7.3141,-0.3736,0.5581,-0.6695,0.5032,0.9188
Mir7664,Mir7664,1.5779,0.0015,1.367,0.0011,0.9991,1
Mir7666,Mir7666,2.1865,-1.7155,1.0566,-1.6236,0.1045,0.7679
Mir7667,Mir7667,1.7839,1.5403,1.2153,1.2674,0.205,0.8262
Mir7669,Mir7669,1.2493,-0.7166,1.2334,-0.581,0.5612,0.9294
Mir7673,Mir7673,3.97,-0.2275,0.7294,-0.3119,0.7551,0.9694
Mir7674,Mir7674,4.9063,-0.5923,0.6815,-0.869,0.3848,0.8941
Mir7686,Mir7686,0.413,0.695,2.4257,0.2865,0.7745,0.97
Mir8091,Mir8091,3.3419,-0.6108,0.7789,-0.7841,0.433,0.9089
Mir8094,Mir8094,6.1735,-0.4131,0.6082,-0.6792,0.497,0.9181
Mir8102,Mir8102,0.6225,-1.3815,2.3002,-0.6006,0.5481,0.9289
Mir8103,Mir8103,0.6263,1.6564,2.3807,0.6958,0.4866,0.9168
Mir8112,Mir8112,0.845,-0.6925,1.5744,-0.4399,0.66,0.9548
Mir8116,Mir8116,0.5187,-0.082,2.4355,-0.0337,0.9731,0.999
Mir9-2,Mir9-2,0.5269,2.5874,2.1494,1.2038,0.2287,0.8326
Mir93,Mir93,1.038,0.2855,1.9098,0.1495,0.8812,0.9824
Mir99a,Mir99a,0.3159,0.6941,2.5723,0.2698,0.7873,0.97
Mir99ahg,Mir99ahg,22.8792,-0.0487,0.3362,-0.1449,0.8848,0.983
Mira,Mira,326.8614,-0.0543,0.1263,-0.4303,0.667,0.9566
Mirc35hg,Mirc35hg,1.0561,0.0017,1.3108,0.0013,0.9989,1
Mirlet7a-1,Mirlet7a-1,0.6312,-1.5492,2.196,-0.7055,0.4805,0.9168
Mirlet7d,Mirlet7d,18.9212,-0.2115,0.3614,-0.5852,0.5584,0.9294
Mirlet7f-1,Mirlet7f-1,3.7697,0.3019,0.751,0.402,0.6877,0.9623
Mirlet7i,Mirlet7i,2.2847,0.2965,1.0257,0.2891,0.7725,0.97
Mis12,Mis12,1635.5372,-0.1707,0.1002,-1.7031,0.0885,0.764
Mis18a,Mis18a,348.0178,-0.4884,0.1652,-2.9569,0.0031,0.732
Mis18bp1,Mis18bp1,152.7614,-0.5741,0.4147,-1.3845,0.1662,0.8037
Misp,Misp,7.2112,-0.3416,0.5817,-0.5873,0.557,0.929
Mitd1,Mitd1,431.9021,-0.0678,0.1458,-0.4651,0.6419,0.9505
Mitf,Mitf,456.1995,0.2915,0.1708,1.7068,0.0879,0.764
Mki67,Mki67,1164.7553,-0.8313,0.4824,-1.7235,0.0848,0.7604
Mkks,Mkks,1269.502,0.0886,0.0829,1.0691,0.285,0.8606
Mkl1,Mkl1,2810.5711,-0.0627,0.0839,-0.747,0.455,0.9128
Mkl2,Mkl2,1367.7972,0.0283,0.0699,0.4044,0.686,0.9623
Mkln1,Mkln1,2457.0087,-0.1514,0.1593,-0.9505,0.3418,0.879
Mkln1os,Mkln1os,8.5866,0.1575,0.494,0.3189,0.7498,0.9694
Mknk1,Mknk1,1207.0032,0.2491,0.1302,1.9136,0.0557,0.7377
Mknk2,Mknk2,4699.8108,0.143,0.0901,1.587,0.1125,0.7736
Mkrn1,Mkrn1,1732.3357,0.2566,0.1694,1.5146,0.1299,0.777
Mkrn2,Mkrn2,1050.1825,0.1309,0.1127,1.161,0.2456,0.8421
Mkrn2os,Mkrn2os,15.9265,0.2602,0.4253,0.6118,0.5406,0.9281
Mkrn3,Mkrn3,22.524,-0.0011,0.2963,-0.0036,0.9971,1
Mks1,Mks1,330.6322,-0.0109,0.119,-0.0917,0.9269,0.9906
Mkx,Mkx,36.5663,-0.0105,0.2358,-0.0446,0.9644,0.9977
Mlana,Mlana,0.8405,2.2747,1.7792,1.2785,0.2011,0.8261
Mlc1,Mlc1,3.1307,-0.9106,0.9193,-0.9906,0.3219,0.873
Mlec,Mlec,14816.3366,0.0239,0.0782,0.3049,0.7604,0.9699
Mlf1,Mlf1,19.9667,-0.2771,0.4264,-0.6499,0.5157,0.9205
Mlf2,Mlf2,7525.2717,0.0214,0.0694,0.3087,0.7575,0.9694
Mlh1,Mlh1,508.6378,-0.1003,0.0825,-1.2158,0.2241,0.831
Mlh3,Mlh3,282.2542,-0.0048,0.2216,-0.0214,0.9829,1
Mlip,Mlip,7.215,0.3527,0.632,0.5581,0.5768,0.9343
Mlkl,Mlkl,849.5357,-0.0215,0.1256,-0.1709,0.8643,0.9808
Mllt1,Mllt1,2207.4611,-0.0392,0.0757,-0.5182,0.6043,0.941
Mllt10,Mllt10,925.6714,-0.0844,0.1244,-0.6785,0.4974,0.9181
Mllt11,Mllt11,1364.9928,0.0775,0.115,0.6745,0.5,0.9181
Mllt3,Mllt3,578.9994,-0.0497,0.1946,-0.2553,0.7985,0.9719
Mllt4,Mllt4,2317.5788,0.0234,0.1005,0.2326,0.8161,0.975
Mllt6,Mllt6,2254.3305,0.1654,0.0942,1.7553,0.0792,0.7572
Mlph,Mlph,6.8245,0.7167,0.5944,1.2058,0.2279,0.8326
Mlst8,Mlst8,515.4825,0.0196,0.1317,0.1485,0.8819,0.9824
Mlx,Mlx,1344.0982,0.146,0.0905,1.6122,0.1069,0.7713
Mlxip,Mlxip,1526.646,0.0773,0.1077,0.7176,0.473,0.9168
Mlycd,Mlycd,651.8417,0.1387,0.1066,1.3014,0.1931,0.8196
Mmaa,Mmaa,607.7483,0.093,0.08,1.1626,0.245,0.8421
Mmab,Mmab,686.3247,0.0185,0.0899,0.2052,0.8374,0.9774
Mmachc,Mmachc,779.1404,-0.0155,0.093,-0.1671,0.8673,0.9818
Mmadhc,Mmadhc,4069.2346,-0.0597,0.0764,-0.7822,0.4341,0.9089
Mmd,Mmd,7706.3333,0.5068,0.3153,1.6072,0.108,0.7726
Mme,Mme,37.201,0.128,0.4133,0.3096,0.7569,0.9694
Mmel1,Mmel1,4.717,-1.0248,0.7536,-1.3599,0.1739,0.8088
Mmgt1,Mmgt1,2176.2714,-0.1886,0.1829,-1.0312,0.3025,0.8617
Mmgt2,Mmgt2,680.8607,0.1769,0.1335,1.3255,0.185,0.8159
Mmp10,Mmp10,24.3787,1.2697,0.9174,1.384,0.1664,0.8037
Mmp11,Mmp11,3396.8239,0.6192,0.2673,2.3163,0.0205,0.732
Mmp12,Mmp12,0.8354,2.1795,1.833,1.1891,0.2344,0.8357
Mmp13,Mmp13,98.7728,1.3564,1.6511,0.8215,0.4114,0.9033
Mmp14,Mmp14,23145.1251,-0.0309,0.0688,-0.4498,0.6528,0.9548
Mmp15,Mmp15,2013.2438,-0.2199,0.3152,-0.6976,0.4854,0.9168
Mmp16,Mmp16,127.6275,-0.2717,0.1993,-1.3637,0.1727,0.807
Mmp17,Mmp17,11.3916,-0.4311,0.5277,-0.8169,0.414,0.9033
Mmp19,Mmp19,2147.2255,0.1974,0.1544,1.2788,0.201,0.8261
Mmp2,Mmp2,37943.7847,0.159,0.0911,1.7454,0.0809,0.7572
Mmp23,Mmp23,428.8757,-0.1758,0.1606,-1.0947,0.2736,0.8588
Mmp24,Mmp24,0.3159,0.6941,2.5723,0.2698,0.7873,0.97
Mmp25,Mmp25,3.6715,-0.9967,0.8255,-1.2074,0.2273,0.8325
Mmp27,Mmp27,1.2632,0.4731,1.7061,0.2773,0.7815,0.97
Mmp28,Mmp28,338.7566,0.5386,0.3259,1.6528,0.0984,0.7669
Mmp3,Mmp3,83.3917,1.2297,1.4042,0.8757,0.3812,0.8935
Mmp8,Mmp8,17.667,1.3591,0.6237,2.179,0.0293,0.732
Mmp9,Mmp9,88.0591,-0.5785,0.3248,-1.781,0.0749,0.7528
Mmrn2,Mmrn2,1.6701,-0.9241,1.0494,-0.8806,0.3785,0.8935
Mms19,Mms19,1362.9665,0.1331,0.0906,1.4685,0.142,0.7921
Mms22l,Mms22l,339.2633,-0.608,0.23,-2.6433,0.0082,0.732
Mn1,Mn1,211.3577,-0.6063,0.3312,-1.8306,0.0672,0.7457
Mnat1,Mnat1,2168.4723,-0.1644,0.0784,-2.0958,0.0361,0.732
Mnd1,Mnd1,201.6396,-0.3131,0.2076,-1.5079,0.1316,0.7771
Mnd1-ps,Mnd1-ps,0.9332,0.2377,1.9444,0.1223,0.9027,0.986
Mnda,Mnda,333.8032,-0.0052,0.1786,-0.0293,0.9766,0.9992
Mndal,Mndal,79.5152,-0.0107,0.2112,-0.0508,0.9595,0.9968
Mns1,Mns1,78.4134,-0.754,0.2609,-2.8903,0.0038,0.732
Mnt,Mnt,1228.3061,0.3188,0.1527,2.0871,0.0369,0.732
Moap1,Moap1,0.4139,-0.7723,2.4834,-0.311,0.7558,0.9694
Mob1a,Mob1a,1891.9118,-0.0979,0.1392,-0.7037,0.4816,0.9168
Mob1b,Mob1b,605.9493,-0.1044,0.2361,-0.442,0.6585,0.9548
Mob2,Mob2,1016.7194,0.0714,0.1077,0.6633,0.5071,0.9188
Mob3a,Mob3a,1653.2362,-0.1555,0.1249,-1.2453,0.213,0.8265
Mob3b,Mob3b,122.0393,-0.2298,0.3089,-0.7438,0.457,0.9134
Mob3c,Mob3c,350.1893,-0.0267,0.0947,-0.2825,0.7776,0.97
Mob4,Mob4,2827.714,-0.2711,0.2054,-1.3199,0.1869,0.8161
Mocos,Mocos,111.9459,0.9191,0.3852,2.3857,0.017,0.732
Mocs1,Mocs1,1200.6113,0.625,0.3319,1.8831,0.0597,0.7456
Mocs2,Mocs2,1499.8399,-0.0484,0.0716,-0.676,0.499,0.9181
Mocs3,Mocs3,247.3112,0.1337,0.1024,1.3059,0.1916,0.8163
Mog,Mog,5.6326,-0.7965,0.6838,-1.1648,0.2441,0.8419
Mogat1,Mogat1,0.8431,-0.6852,1.7897,-0.3829,0.7018,0.9635
Mogat2,Mogat2,215.6975,0.2261,0.2174,1.04,0.2983,0.8608
Mogs,Mogs,2350.181,0.0843,0.1178,0.7159,0.474,0.9168
Mok,Mok,128.6218,-0.0004,0.1937,-0.0019,0.9985,1
Mon1a,Mon1a,356.0866,0.1176,0.0871,1.3492,0.1773,0.8119
Mon1b,Mon1b,726.9043,0.1612,0.0987,1.6326,0.1025,0.7679
Mon2,Mon2,4186.7398,0.0656,0.092,0.7129,0.4759,0.9168
Morc2a,Morc2a,3439.8451,-0.0255,0.0633,-0.4024,0.6874,0.9623
Morc2b,Morc2b,3.2585,-0.0935,0.764,-0.1223,0.9026,0.986
Morc3,Morc3,2187.4359,-0.1794,0.1956,-0.9172,0.359,0.8861
Morc4,Morc4,587.4908,-0.3147,0.2019,-1.5582,0.1192,0.7753
Morf4l1,Morf4l1,15508.456,-0.052,0.0682,-0.7621,0.446,0.912
Morf4l2,Morf4l2,17768.448,-0.1121,0.0745,-1.5051,0.1323,0.7779
Morn1,Morn1,56.2197,0.4945,0.2669,1.8524,0.064,0.7457
Morn2,Morn2,128.3626,0.2357,0.1751,1.3459,0.1783,0.8123
Morn3,Morn3,2.8334,0.0397,0.8114,0.0489,0.961,0.9969
Morn4,Morn4,907.2546,0.138,0.0788,1.7516,0.0798,0.7572
Morn5,Morn5,2.5024,0.1649,0.9797,0.1684,0.8663,0.9815
Mos,Mos,0.5276,-0.5002,1.7514,-0.2856,0.7752,0.97
Mospd1,Mospd1,1332.969,0.0019,0.1285,0.0146,0.9884,1
Mospd2,Mospd2,880.8148,-0.0709,0.2008,-0.3532,0.7239,0.9689
Mospd3,Mospd3,589.4752,0.0423,0.0804,0.527,0.5982,0.9397
Mospd4,Mospd4,1.2642,0.0023,1.1858,0.002,0.9984,1
Mov10,Mov10,616.7953,-0.0713,0.0966,-0.738,0.4605,0.9142
Mov10l1,Mov10l1,10.7998,0.0269,0.4604,0.0584,0.9535,0.9945
Moxd1,Moxd1,0.9405,-0.786,1.3401,-0.5865,0.5575,0.929
Mpc1,Mpc1,428.9452,0.0603,0.3603,0.1674,0.8671,0.9818
Mpc2,Mpc2,1101.8624,-0.0242,0.0975,-0.2483,0.8039,0.9721
Mpdu1,Mpdu1,809.3304,-0.0306,0.0938,-0.3261,0.7443,0.9694
Mpdz,Mpdz,2362.379,-0.2938,0.2001,-1.4682,0.1421,0.7922
Mpeg1,Mpeg1,15.2877,0.8959,0.618,1.4496,0.1472,0.7945
Mpg,Mpg,610.7047,-0.0107,0.1041,-0.103,0.918,0.9879
Mphosph10,Mphosph10,897.9952,-0.0534,0.1471,-0.3631,0.7166,0.9662
Mphosph6,Mphosph6,610.3938,-0.1525,0.1581,-0.9642,0.3349,0.8778
Mphosph8,Mphosph8,515.0808,-0.0319,0.1878,-0.1696,0.8653,0.9814
Mphosph9,Mphosph9,432.5967,-0.2624,0.1726,-1.52,0.1285,0.7758
Mpi,Mpi,1657.4042,-0.0329,0.1242,-0.2649,0.7911,0.97
Mplkip,Mplkip,519.4225,-0.0138,0.0934,-0.1481,0.8823,0.9825
Mpnd,Mpnd,1778.1907,0.0729,0.0903,0.8073,0.4195,0.9047
Mpo,Mpo,0.5284,-0.4923,1.9752,-0.2492,0.8032,0.9719
Mpp1,Mpp1,2447.2568,-0.1156,0.0852,-1.3572,0.1747,0.8088
Mpp2,Mpp2,405.3983,0.0731,0.1223,0.5977,0.55,0.929
Mpp3,Mpp3,23.5205,-0.5426,0.4735,-1.1458,0.2519,0.8448
Mpp4,Mpp4,6.6669,0.0853,0.671,0.1272,0.8988,0.9855
Mpp5,Mpp5,830.7275,-0.0124,0.2414,-0.0516,0.9589,0.9965
Mpp6,Mpp6,833.5165,-0.2312,0.1562,-1.4799,0.1389,0.7895
Mpp7,Mpp7,15.395,-0.9361,0.8663,-1.0806,0.2799,0.8598
Mppe1,Mppe1,410.5124,0.0493,0.0884,0.5581,0.5768,0.9343
Mprip,Mprip,15056.6376,-0.0773,0.0648,-1.1935,0.2327,0.8354
Mpst,Mpst,1067.4211,0.2029,0.1091,1.8601,0.0629,0.7457
Mpv17,Mpv17,1729.2639,0.2101,0.1272,1.6509,0.0988,0.7669
Mpv17l,Mpv17l,194.5858,0.3627,0.243,1.4928,0.1355,0.7827
Mpv17l2,Mpv17l2,657.5397,0.2375,0.1044,2.2761,0.0228,0.732
Mpz,Mpz,5.3607,-0.6577,0.6226,-1.0565,0.2907,0.8606
Mpzl1,Mpzl1,1351.2843,0.043,0.1395,0.308,0.7581,0.9694
Mpzl3,Mpzl3,22.4516,-0.131,0.4285,-0.3056,0.7599,0.9699
Mr1,Mr1,1695.3112,-0.2558,0.1262,-2.026,0.0428,0.7364
Mrap,Mrap,0.5179,-0.0578,2.0357,-0.0284,0.9774,0.9992
Mrap2,Mrap2,1.4719,0.6551,1.3201,0.4962,0.6197,0.9436
Mras,Mras,1506.4182,0.1451,0.1368,1.0606,0.2889,0.8606
Mrc1,Mrc1,7.4435,-0.8841,0.5968,-1.4814,0.1385,0.7891
Mrc2,Mrc2,9365.9542,-0.0344,0.085,-0.4042,0.6861,0.9623
Mre11a,Mre11a,895.3029,-0.1744,0.0955,-1.8257,0.0679,0.7492
Mreg,Mreg,375.8039,0.8481,0.5306,1.5986,0.1099,0.7736
Mrfap1,Mrfap1,10753.5193,0.0545,0.1199,0.4546,0.6494,0.9539
Mrgbp,Mrgbp,888.2202,0.437,0.2218,1.9698,0.0489,0.7364
Mrgprd,Mrgprd,0.7378,0.3754,1.8723,0.2005,0.8411,0.9775
Mrgpre,Mrgpre,389.6867,0.6499,0.2604,2.496,0.0126,0.732
Mrgprf,Mrgprf,949.0412,-0.1445,0.1556,-0.9289,0.3529,0.8839
Mri1,Mri1,883.6508,0.0665,0.1945,0.3421,0.7323,0.9694
Mrln,Mrln,91.2384,-0.2907,0.3528,-0.8242,0.4098,0.9033
Mrm1,Mrm1,473.4544,0.2923,0.2623,1.1142,0.2652,0.8547
Mro,Mro,6.3115,0.3214,0.6449,0.4985,0.6182,0.9432
Mroh1,Mroh1,2171.2647,0.606,0.2278,2.6598,0.0078,0.732
Mroh2a,Mroh2a,5.3416,-0.3054,0.5784,-0.5281,0.5974,0.9393
Mroh4,Mroh4,0.731,-1.0626,2.3231,-0.4574,0.6474,0.9533
Mroh6,Mroh6,11.4574,0.1805,0.5308,0.3401,0.7338,0.9694
Mroh7,Mroh7,2.292,0.0853,1.1554,0.0738,0.9411,0.9924
Mroh8,Mroh8,4.6147,0.0939,0.6147,0.1528,0.8786,0.9821
Mrpl1,Mrpl1,804.5874,-0.2241,0.1386,-1.6169,0.1059,0.7713
Mrpl10,Mrpl10,2127.793,0.0443,0.0876,0.5061,0.6128,0.942
Mrpl11,Mrpl11,1209.3648,0.0072,0.0937,0.0768,0.9388,0.9923
Mrpl12,Mrpl12,2290.5635,-0.0486,0.0967,-0.5027,0.6152,0.9427
Mrpl13,Mrpl13,2736.9669,0.0043,0.08,0.0541,0.9568,0.9957
Mrpl14,Mrpl14,1277.1614,0.0857,0.1132,0.7572,0.4489,0.912
Mrpl15,Mrpl15,1712.0129,-0.0442,0.0985,-0.449,0.6535,0.9548
Mrpl16,Mrpl16,1027.8322,-0.0787,0.1142,-0.6888,0.4909,0.9181
Mrpl17,Mrpl17,1836.4481,-0.0715,0.0813,-0.8793,0.3792,0.8935
Mrpl18,Mrpl18,1826.7089,-0.1565,0.0993,-1.5758,0.1151,0.7753
Mrpl19,Mrpl19,993.6355,-0.0536,0.0853,-0.6288,0.5295,0.9238
Mrpl2,Mrpl2,1520.6306,0.0858,0.1178,0.7284,0.4664,0.9164
Mrpl20,Mrpl20,1462.0712,0.0314,0.1401,0.224,0.8227,0.9766
Mrpl21,Mrpl21,1052.9585,-0.0113,0.0926,-0.1223,0.9027,0.986
Mrpl22,Mrpl22,821.3703,-0.0087,0.0805,-0.1081,0.9139,0.9874
Mrpl23,Mrpl23,824.6706,0.0509,0.1266,0.4019,0.6878,0.9623
Mrpl24,Mrpl24,1423.3781,0.0775,0.1009,0.768,0.4425,0.9118
Mrpl27,Mrpl27,805.2859,0.0228,0.1519,0.1502,0.8806,0.9824
Mrpl28,Mrpl28,1762.6451,-0.0296,0.108,-0.2744,0.7838,0.97
Mrpl3,Mrpl3,2240.6206,0.0037,0.1035,0.0356,0.9716,0.999
Mrpl30,Mrpl30,2129.3288,0.048,0.0885,0.5424,0.5876,0.9355
Mrpl32,Mrpl32,940.6708,-0.1154,0.0726,-1.5891,0.112,0.7736
Mrpl33,Mrpl33,2569.1743,0.0946,0.1385,0.6833,0.4944,0.9181
Mrpl34,Mrpl34,643.9798,0.1244,0.1361,0.9141,0.3607,0.8868
Mrpl35,Mrpl35,564.6828,-0.0796,0.1106,-0.7195,0.4718,0.9168
Mrpl36,Mrpl36,836.3685,0.1378,0.1075,1.2814,0.2,0.8249
Mrpl37,Mrpl37,1559.4302,-0.0217,0.0846,-0.2562,0.7978,0.9715
Mrpl38,Mrpl38,1786.0221,0.0762,0.0913,0.8346,0.404,0.9033
Mrpl39,Mrpl39,1586.6364,-0.0057,0.0723,-0.0782,0.9376,0.9923
Mrpl4,Mrpl4,1265.9128,0.0592,0.0927,0.6382,0.5233,0.9223
Mrpl40,Mrpl40,1091.5984,0.029,0.0824,0.3519,0.7249,0.9689
Mrpl41,Mrpl41,837.0382,-0.0092,0.091,-0.1011,0.9195,0.9879
Mrpl42,Mrpl42,1933.3537,-0.1576,0.1459,-1.0802,0.2801,0.8598
Mrpl43,Mrpl43,1556.2992,0.1006,0.0931,1.0802,0.28,0.8598
Mrpl44,Mrpl44,893.8004,0.0345,0.1074,0.3212,0.7481,0.9694
Mrpl45,Mrpl45,1611.0857,0.0059,0.0576,0.1031,0.9179,0.9879
Mrpl46,Mrpl46,417.049,0.0346,0.0964,0.3589,0.7196,0.9673
Mrpl47,Mrpl47,550.5618,-0.1498,0.0963,-1.5563,0.1196,0.7753
Mrpl48,Mrpl48,661.9041,-0.0737,0.0943,-0.782,0.4342,0.9089
Mrpl49,Mrpl49,1564.1689,-0.0319,0.0773,-0.4122,0.6802,0.9614
Mrpl50,Mrpl50,1700.9609,-0.0339,0.0858,-0.3953,0.6927,0.9623
Mrpl51,Mrpl51,1637.926,-0.0229,0.0806,-0.2843,0.7762,0.97
Mrpl52,Mrpl52,1146.4986,0.0325,0.1235,0.2635,0.7921,0.9702
Mrpl53,Mrpl53,898.3906,-0.0792,0.1181,-0.6711,0.5021,0.9188
Mrpl54,Mrpl54,721.5391,0.0816,0.1183,0.6899,0.4902,0.9181
Mrpl55,Mrpl55,393.2178,0.0742,0.098,0.7572,0.4489,0.912
Mrpl57,Mrpl57,583.3261,0.1062,0.1548,0.6859,0.4928,0.9181
Mrpl9,Mrpl9,2120.4577,-0.0301,0.0769,-0.3916,0.6954,0.9625
Mrps10,Mrps10,1463.9876,-0.0261,0.087,-0.2996,0.7645,0.97
Mrps11,Mrps11,629.5343,-0.0051,0.0872,-0.0585,0.9534,0.9945
Mrps12,Mrps12,556.6743,0.0558,0.1156,0.4828,0.6292,0.9451
Mrps14,Mrps14,942.8643,-0.0341,0.099,-0.3445,0.7305,0.9694
Mrps15,Mrps15,910.1747,-0.029,0.071,-0.4086,0.6829,0.962
Mrps16,Mrps16,1143.398,-0.0322,0.125,-0.2572,0.797,0.9713
Mrps17,Mrps17,1861.5253,0.0319,0.0993,0.3213,0.7479,0.9694
Mrps18a,Mrps18a,1074.6236,0.0671,0.0991,0.6764,0.4988,0.9181
Mrps18b,Mrps18b,1054.6392,0.1518,0.1548,0.9809,0.3267,0.8751
Mrps18c,Mrps18c,933.8724,-0.1394,0.1275,-1.0938,0.274,0.8588
Mrps2,Mrps2,1565.7781,0.0093,0.0726,0.1278,0.8983,0.9855
Mrps21,Mrps21,1370.4768,-0.0034,0.0994,-0.0339,0.973,0.999
Mrps22,Mrps22,897.9304,-0.0658,0.0916,-0.7181,0.4727,0.9168
Mrps23,Mrps23,2314.3024,0.0262,0.0806,0.3254,0.7449,0.9694
Mrps24,Mrps24,1051.9054,0.0827,0.0979,0.8442,0.3986,0.8997
Mrps25,Mrps25,800.9337,-0.0427,0.0811,-0.5266,0.5985,0.9397
Mrps26,Mrps26,1105.4846,-0.0301,0.0934,-0.3224,0.7472,0.9694
Mrps27,Mrps27,874.2298,0.0166,0.1129,0.1467,0.8834,0.9825
Mrps28,Mrps28,426.9568,-0.0384,0.1237,-0.3106,0.7561,0.9694
Mrps30,Mrps30,1281.6446,0.0234,0.0666,0.3511,0.7255,0.9689
Mrps31,Mrps31,833.1284,-0.104,0.076,-1.3676,0.1714,0.8066
Mrps33,Mrps33,799.5425,0.1108,0.1947,0.5692,0.5692,0.9313
Mrps34,Mrps34,1271.5807,0.0317,0.0924,0.3431,0.7315,0.9694
Mrps35,Mrps35,672.0193,0.0619,0.1029,0.6009,0.5479,0.9289
Mrps36,Mrps36,732.2421,-0.0589,0.1579,-0.3731,0.7091,0.9661
Mrps5,Mrps5,1115.7028,-0.0619,0.0704,-0.8788,0.3795,0.8935
Mrps6,Mrps6,840.2359,0.1079,0.1748,0.6173,0.5371,0.9274
Mrps7,Mrps7,1744.4459,-0.0319,0.0893,-0.3571,0.721,0.968
Mrps9,Mrps9,1141.7916,-0.1068,0.0751,-1.4219,0.1551,0.8007
Mrrf,Mrrf,969.0321,0.1426,0.1084,1.3156,0.1883,0.8161
Mrs2,Mrs2,573.9357,-0.0152,0.122,-0.1249,0.9006,0.986
Mrto4,Mrto4,1624.9674,0.0106,0.121,0.0877,0.9301,0.9917
Mrvi1,Mrvi1,35.5716,-0.2966,0.307,-0.9663,0.3339,0.8778
Ms4a10,Ms4a10,1.5812,0.1873,1.0901,0.1718,0.8636,0.9808
Ms4a18,Ms4a18,0.7265,-0.5852,1.743,-0.3358,0.737,0.9694
Ms4a4b,Ms4a4b,0.3168,-0.6843,2.5711,-0.2661,0.7901,0.97
Ms4a4c,Ms4a4c,0.9513,0.3145,1.8496,0.17,0.865,0.9813
Ms4a4d,Ms4a4d,422.5919,-0.6666,0.3691,-1.806,0.0709,0.7515
Ms4a6c,Ms4a6c,3.3402,-0.2024,0.7873,-0.2571,0.7971,0.9713
Ms4a6d,Ms4a6d,4.6914,-0.1793,0.6901,-0.2599,0.7949,0.9711
Ms4a8a,Ms4a8a,0.8441,-1.4589,1.5692,-0.9297,0.3525,0.8839
Msantd1,Msantd1,1.0549,-0.5651,1.4304,-0.3951,0.6928,0.9623
Msantd2,Msantd2,390.951,-0.0696,0.1306,-0.5332,0.5939,0.9385
Msantd3,Msantd3,867.0053,0.0429,0.0807,0.5321,0.5947,0.9385
Msantd4,Msantd4,2864.8799,-0.0621,0.11,-0.5649,0.5721,0.9323
Msc,Msc,105.9613,-0.3341,0.4098,-0.8153,0.4149,0.9033
Msh2,Msh2,1153.5263,-0.0962,0.0779,-1.2348,0.2169,0.8288
Msh3,Msh3,525.4204,0.0176,0.1681,0.1045,0.9168,0.9879
Msh4,Msh4,1.374,-1.6661,1.4252,-1.169,0.2424,0.8407
Msh5,Msh5,56.5295,0.1426,0.231,0.6172,0.5371,0.9274
Msh6,Msh6,1559.9231,-0.2175,0.077,-2.8238,0.0047,0.732
Msi1,Msi1,53.0818,-0.1946,0.1965,-0.9903,0.322,0.873
Msi2,Msi2,5681.2921,-0.1894,0.2334,-0.8113,0.4172,0.9046
Msl1,Msl1,2735.0248,0.0153,0.0983,0.1553,0.8766,0.9819
Msl2,Msl2,1549.6633,-0.1116,0.1571,-0.7104,0.4775,0.9168
Msl3,Msl3,1800.482,-0.0656,0.0792,-0.8276,0.4079,0.9033
Msl3l2,Msl3l2,137.9227,0.1941,0.2424,0.8008,0.4232,0.906
Msln,Msln,6892.3805,0.0441,0.1759,0.2505,0.8022,0.9719
Mslnl,Mslnl,4.0966,0.1008,0.7523,0.1341,0.8934,0.9843
Msmo1,Msmo1,4179.359,0.2166,0.1466,1.477,0.1397,0.7903
Msn,Msn,33914.3213,-0.1196,0.0698,-1.7136,0.0866,0.764
Msr1,Msr1,13.3735,-0.0319,0.4742,-0.0672,0.9464,0.9934
Msra,Msra,297.7153,0.1198,0.133,0.9014,0.3674,0.8908
Msrb1,Msrb1,821.6592,-0.0061,0.0841,-0.073,0.9418,0.9925
Msrb2,Msrb2,67.6623,0.0122,0.2537,0.048,0.9617,0.997
Msrb3,Msrb3,5091.5113,-0.4462,0.1982,-2.2512,0.0244,0.732
Mss51,Mss51,231.2236,-0.3856,0.3754,-1.0271,0.3044,0.8635
Mst1,Mst1,6.9835,0.7321,0.7099,1.0313,0.3024,0.8617
Mst1r,Mst1r,14.6912,0.1067,0.3942,0.2707,0.7866,0.97
Mstn,Mstn,6.4177,-0.4603,0.7491,-0.6144,0.5389,0.9277
Msto1,Msto1,866.0451,-0.0904,0.1116,-0.81,0.4179,0.9047
Msx1,Msx1,71.9234,0.1161,0.1636,0.7097,0.4779,0.9168
Msx1os,Msx1os,13.0136,-0.0299,0.3872,-0.0772,0.9385,0.9923
Msx2,Msx2,13.9057,0.1731,0.3944,0.4389,0.6607,0.9548
Msx3,Msx3,7.4368,-0.1284,0.5161,-0.2488,0.8035,0.9719
Mt1,Mt1,11397.1459,1.01,0.6625,1.5246,0.1274,0.7753
Mt2,Mt2,13061.992,1.1324,0.939,1.2059,0.2278,0.8326
Mt3,Mt3,1.1409,0.7512,1.9491,0.3854,0.6999,0.9635
Mta1,Mta1,4126.7947,-0.0295,0.0551,-0.5347,0.5928,0.9385
Mta2,Mta2,2598.1025,-0.0112,0.0801,-0.1398,0.8889,0.9833
Mta3,Mta3,1227.6454,-0.0531,0.081,-0.6554,0.5122,0.9197
Mtag2,Mtag2,1.0509,-0.1618,1.5891,-0.1018,0.9189,0.9879
Mtap,Mtap,3883.2647,-0.1197,0.0712,-1.6808,0.0928,0.7643
Mtap7d3,Mtap7d3,15.6212,-0.0377,0.3746,-0.1007,0.9198,0.9879
Mtbp,Mtbp,891.8961,-0.0871,0.076,-1.1447,0.2523,0.8452
Mtch1,Mtch1,14112.2867,-0.1883,0.1549,-1.2155,0.2242,0.8312
Mtch2,Mtch2,5954.105,0.0367,0.0742,0.4944,0.621,0.9436
Mtcl1,Mtcl1,1228.1469,-0.1493,0.1428,-1.046,0.2956,0.8606
Mtcp1,Mtcp1,51.5297,0.0745,0.2132,0.3493,0.7269,0.9693
Mtdh,Mtdh,7150.2549,0.0755,0.1342,0.5629,0.5735,0.9327
Mterf1a,Mterf1a,118.4943,-0.1137,0.174,-0.6537,0.5133,0.9199
Mterf1b,Mterf1b,89.1646,0.166,0.1891,0.8776,0.3801,0.8935
Mterf2,Mterf2,287.0301,-0.1127,0.1639,-0.6873,0.4919,0.9181
Mterf3,Mterf3,802.9237,-0.0362,0.1633,-0.2219,0.8244,0.9766
Mterf4,Mterf4,768.142,0.0344,0.0863,0.3989,0.6899,0.9623
Mtf1,Mtf1,1151.7204,-0.0468,0.1391,-0.3367,0.7363,0.9694
Mtf2,Mtf2,908.3707,-0.0842,0.2174,-0.3874,0.6985,0.9635
Mtfmt,Mtfmt,411.9615,0.0479,0.1091,0.439,0.6607,0.9548
Mtfp1,Mtfp1,164.156,0.0594,0.1473,0.4034,0.6866,0.9623
Mtfr1,Mtfr1,2068.7618,0.0368,0.0902,0.4084,0.683,0.962
Mtfr1l,Mtfr1l,4180.3317,0.1232,0.0919,1.3415,0.1798,0.8123
Mtfr2,Mtfr2,198.1889,-0.8033,0.3922,-2.0482,0.0405,0.732
Mtg1,Mtg1,357.0882,0.004,0.1292,0.0307,0.9755,0.9992
Mtg2,Mtg2,580.2839,0.1327,0.1152,1.1528,0.249,0.8438
Mthfd1,Mthfd1,2279.7362,-0.0676,0.1223,-0.5532,0.5801,0.9352
Mthfd1l,Mthfd1l,2681.6079,0.4833,0.2222,2.1746,0.0297,0.732
Mthfd2,Mthfd2,2960.3273,0.5241,0.2285,2.2933,0.0218,0.732
Mthfd2l,Mthfd2l,537.4424,0.0303,0.1139,0.2662,0.7901,0.97
Mthfr,Mthfr,2101.0719,0.1991,0.1441,1.3813,0.1672,0.8045
Mthfs,Mthfs,75.7907,0.0059,0.2325,0.0254,0.9797,1
Mthfsd,Mthfsd,399.654,-0.0765,0.1066,-0.7177,0.4729,0.9168
Mthfsl,Mthfsl,130.291,0.0306,0.248,0.1233,0.9019,0.986
Mtif2,Mtif2,1200.4214,-0.1561,0.159,-0.982,0.3261,0.8747
Mtif3,Mtif3,558.7971,0.0478,0.1261,0.3793,0.7045,0.9645
Mtl5,Mtl5,32.104,0.1515,0.2916,0.5194,0.6035,0.941
Mtm1,Mtm1,187.5652,0.3244,0.201,1.6138,0.1066,0.7713
Mtmr1,Mtmr1,1265.2134,-0.2686,0.2097,-1.281,0.2002,0.8249
Mtmr10,Mtmr10,1233.7013,-0.1262,0.0883,-1.4291,0.153,0.7987
Mtmr11,Mtmr11,860.8057,0.0855,0.1143,0.748,0.4545,0.9127
Mtmr12,Mtmr12,928.8159,-0.132,0.0945,-1.3965,0.1626,0.8037
Mtmr14,Mtmr14,957.8733,0.1259,0.0823,1.5306,0.1259,0.7753
Mtmr2,Mtmr2,2613.9652,-0.0513,0.0935,-0.5491,0.583,0.9353
Mtmr3,Mtmr3,3492.2723,0.189,0.1071,1.7643,0.0777,0.7572
Mtmr4,Mtmr4,2032.098,0.0119,0.0882,0.1349,0.8927,0.9841
Mtmr6,Mtmr6,4257.7014,-0.0395,0.0736,-0.5367,0.5915,0.9378
Mtmr7,Mtmr7,35.1645,-0.1658,0.3365,-0.4926,0.6223,0.9443
Mtmr9,Mtmr9,1386.9061,-0.0471,0.0705,-0.6684,0.5039,0.9188
Mto1,Mto1,652.8685,0.0554,0.1065,0.5198,0.6032,0.941
Mtor,Mtor,3099.0148,0.1413,0.0999,1.4142,0.1573,0.8015
Mtpap,Mtpap,1398.0204,-0.1072,0.0999,-1.0728,0.2834,0.8606
Mtpn,Mtpn,10420.1449,-0.1047,0.1097,-0.9543,0.3399,0.879
Mtr,Mtr,807.8134,-0.3291,0.1894,-1.7379,0.0822,0.7572
Mtrf1,Mtrf1,51.0288,0.3125,0.2249,1.3894,0.1647,0.8037
Mtrf1l,Mtrf1l,255.4745,-0.1101,0.1612,-0.6829,0.4947,0.9181
Mtrr,Mtrr,1004.0499,0.0205,0.0865,0.2371,0.8126,0.9743
Mtss1,Mtss1,5611.1056,0.105,0.1082,0.9708,0.3317,0.8775
Mtss1l,Mtss1l,8226.8766,-0.3074,0.221,-1.3913,0.1641,0.8037
Mttp,Mttp,710.1259,-0.1088,0.192,-0.567,0.5707,0.9319
Mturn,Mturn,1220.8263,0.5916,0.2034,2.9087,0.0036,0.732
Mtus1,Mtus1,1170.4926,-0.425,0.2196,-1.9351,0.053,0.7364
Mtus2,Mtus2,7.2429,-0.3957,0.6899,-0.5735,0.5663,0.9302
Mtx1,Mtx1,1115.1213,0.0397,0.0913,0.4348,0.6637,0.9561
Mtx2,Mtx2,1669.0923,-0.0767,0.0629,-1.2208,0.2222,0.8307
Mtx3,Mtx3,682.7309,-0.1166,0.1869,-0.6235,0.533,0.9256
Muc1,Muc1,15.4093,0.35,0.6426,0.5447,0.586,0.9355
Muc13,Muc13,10.4643,1.3404,0.7681,1.745,0.081,0.7572
Muc2,Muc2,2.9347,0.9377,0.9904,0.9469,0.3437,0.8801
Muc20,Muc20,0.8353,-1.3316,1.8658,-0.7137,0.4754,0.9168
Muc4,Muc4,7.083,-0.0038,0.6763,-0.0056,0.9955,1
Muc5b,Muc5b,0.7353,0.1122,1.5443,0.0727,0.9421,0.9926
Mug1,Mug1,1.4699,1.0919,1.135,0.962,0.336,0.8778
Mul1,Mul1,1191.2236,0.1642,0.0978,1.6792,0.0931,0.7643
Mum1,Mum1,1756.3044,-0.1251,0.0735,-1.7014,0.0889,0.764
Mum1l1,Mum1l1,484.1223,-0.2659,0.3877,-0.6859,0.4928,0.9181
Munc,Munc,22.3863,-0.0762,0.4628,-0.1647,0.8692,0.9818
Mup10,Mup10,1.6768,0.486,1.2668,0.3836,0.7012,0.9635
Mup13,Mup13,0.421,0.004,2.0635,0.002,0.9984,1
Mup14,Mup14,0.9403,-0.796,1.4175,-0.5616,0.5744,0.9328
Mup20,Mup20,1.2598,0.2004,1.3073,0.1533,0.8782,0.982
Mup3,Mup3,2.5221,0.0795,0.8755,0.0909,0.9276,0.9911
Mup7,Mup7,1.4743,0.3071,1.3065,0.235,0.8142,0.9745
Murc,Murc,8632.3743,-0.1807,0.2421,-0.7465,0.4554,0.9128
Mus81,Mus81,848.314,0.049,0.0767,0.6394,0.5226,0.9223
Musk,Musk,1134.6944,-0.0754,0.2201,-0.3425,0.7319,0.9694
Mustn1,Mustn1,2742.326,0.1989,0.0797,2.4975,0.0125,0.732
Mut,Mut,1760.7355,-0.0956,0.1253,-0.7629,0.4455,0.912
Mutyh,Mutyh,69.6345,-0.3152,0.2407,-1.3094,0.1904,0.8161
Mvb12a,Mvb12a,1092.1883,0.1878,0.1223,1.5355,0.1247,0.7753
Mvb12b,Mvb12b,1245.5974,0.3333,0.189,1.7637,0.0778,0.7572
Mvd,Mvd,829.3456,0.1643,0.0976,1.683,0.0924,0.7643
Mvk,Mvk,753.4234,0.0523,0.1151,0.4546,0.6494,0.9539
Mvp,Mvp,6163.4335,0.1633,0.0906,1.8027,0.0714,0.752
Mx1,Mx1,14.6815,0.0558,0.7757,0.0719,0.9427,0.9927
Mx2,Mx2,50.0423,0.0959,0.4747,0.2021,0.8399,0.9775
Mxd1,Mxd1,785.3843,-0.0029,0.1382,-0.021,0.9832,1
Mxd3,Mxd3,273.6932,-0.9605,0.4148,-2.3156,0.0206,0.732
Mxd4,Mxd4,1425.8546,-0.1223,0.1047,-1.1681,0.2427,0.8407
Mxi1,Mxi1,2664.1607,0.4991,0.2529,1.9733,0.0485,0.7364
Mxra7,Mxra7,4185.341,-0.1152,0.1794,-0.6423,0.5207,0.9223
Mxra8,Mxra8,11226.3561,0.0896,0.068,1.319,0.1872,0.8161
Myadm,Myadm,19167.9568,-0.0323,0.0525,-0.6156,0.5381,0.9275
Myadml2,Myadml2,15.8354,0.4227,0.3821,1.1062,0.2686,0.8575
Myb,Myb,12.4691,-0.9072,0.7438,-1.2197,0.2226,0.8307
Mybbp1a,Mybbp1a,8399.2451,0.0798,0.1454,0.5489,0.5831,0.9353
Mybl1,Mybl1,150.4298,-0.6153,0.3955,-1.5559,0.1197,0.7753
Mybl2,Mybl2,315.2358,-0.924,0.3668,-2.5189,0.0118,0.732
Mybpc1,Mybpc1,230.7061,-0.9196,0.7749,-1.1868,0.2353,0.8369
Mybpc2,Mybpc2,178.0055,-0.3943,0.415,-0.9501,0.3421,0.879
Mybph,Mybph,13868.3706,-0.3235,0.3039,-1.0642,0.2872,0.8606
Myc,Myc,1799.3154,0.073,0.1843,0.3958,0.6922,0.9623
Mycbp,Mycbp,773.7419,-0.4071,0.1945,-2.0923,0.0364,0.732
Mycbp2,Mycbp2,1572.9593,0.0168,0.172,0.0975,0.9224,0.9891
Mycbpap,Mycbpap,16.6502,0.0369,0.3415,0.1079,0.9141,0.9874
Mycl,Mycl,1425.6238,-0.3179,0.3211,-0.9899,0.3222,0.8731
Mycn,Mycn,7.4125,-0.6964,0.8541,-0.8154,0.4149,0.9033
Myd88,Myd88,1020.6106,0.3043,0.215,1.4152,0.157,0.8015
Mydgf,Mydgf,2627.3758,0.0187,0.1222,0.1527,0.8787,0.9821
Myef2,Myef2,1654.2458,-0.413,0.2339,-1.7656,0.0775,0.7572
Myeov2,Myeov2,1921.6441,-0.0045,0.1242,-0.036,0.9713,0.999
Myf5,Myf5,925.0662,0.0586,0.1392,0.4208,0.6739,0.9593
Myf6,Myf6,18.4975,0.1262,0.4029,0.3133,0.754,0.9694
Myg1,Myg1,1288.6083,0.0265,0.1015,0.261,0.7941,0.9708
Myh1,Myh1,13094.6074,-0.3607,0.4049,-0.8908,0.373,0.893
Myh10,Myh10,3821.3329,-0.374,0.1689,-2.2147,0.0268,0.732
Myh11,Myh11,4.1895,0.0512,0.6576,0.0778,0.938,0.9923
Myh13,Myh13,18.1146,-1.0587,0.5722,-1.8502,0.0643,0.7457
Myh14,Myh14,26.1226,0.0013,0.3457,0.0039,0.9969,1
Myh2,Myh2,829.9984,-0.2573,0.5107,-0.5038,0.6144,0.9427
Myh3,Myh3,22978.4426,-0.3108,0.3002,-1.0353,0.3005,0.8612
Myh4,Myh4,886.4993,-0.5433,0.6601,-0.823,0.4105,0.9033
Myh6,Myh6,153.5555,-0.6445,0.8257,-0.7805,0.4351,0.9089
Myh7,Myh7,700.5737,-0.9248,0.7055,-1.3108,0.1899,0.8161
Myh7b,Myh7b,116.7677,-0.5514,0.3257,-1.6926,0.0905,0.7643
Myh8,Myh8,1340.4668,-0.7493,0.7389,-1.0141,0.3106,0.8677
Myh9,Myh9,48022.5062,-0.1524,0.098,-1.5555,0.1198,0.7753
Myl1,Myl1,22673.3995,-0.2154,0.2619,-0.8223,0.4109,0.9033
Myl10,Myl10,3.1461,-0.133,0.813,-0.1636,0.8701,0.9818
Myl12a,Myl12a,34096.6816,-0.083,0.1395,-0.5946,0.5521,0.929
Myl12b,Myl12b,7315.3879,0.1427,0.1765,0.8088,0.4186,0.9047
Myl2,Myl2,7.1369,-0.7724,0.638,-1.2107,0.226,0.8321
Myl3,Myl3,0.5189,-1.3537,1.9905,-0.6801,0.4965,0.9181
Myl4,Myl4,12736.8413,-0.4998,0.3666,-1.3634,0.1728,0.807
Myl6,Myl6,22158.0553,-0.2162,0.1287,-1.6804,0.0929,0.7643
Myl6b,Myl6b,2334.7228,-0.4538,0.3475,-1.306,0.1916,0.8163
Myl9,Myl9,4646.0257,-0.7489,0.3776,-1.9835,0.0473,0.7364
Mylip,Mylip,978.7742,-0.2133,0.1629,-1.3092,0.1905,0.8161
Mylk,Mylk,1721.5468,-0.0655,0.1166,-0.5618,0.5742,0.9328
Mylk2,Mylk2,505.2335,-0.0821,0.3411,-0.2408,0.8097,0.9736
Mylk3,Mylk3,13.8848,-0.301,0.5706,-0.5274,0.5979,0.9396
Mylk4,Mylk4,1131.7853,-0.4302,0.2782,-1.5463,0.122,0.7753
Mylpf,Mylpf,45244.8724,-0.1822,0.2586,-0.7043,0.4812,0.9168
Mynn,Mynn,938.9141,-0.1694,0.1723,-0.9829,0.3257,0.8747
Myo10,Myo10,10358.5833,-0.0025,0.1083,-0.023,0.9817,1
Myo15,Myo15,2.5056,0.2793,0.8739,0.3196,0.7493,0.9694
Myo16,Myo16,0.6336,0.0011,1.9006,0.0006,0.9995,1
Myo18a,Myo18a,5731.5213,-0.0553,0.1244,-0.4446,0.6566,0.9548
Myo18b,Myo18b,213.2811,-0.4147,0.4809,-0.8624,0.3885,0.8964
Myo19,Myo19,478.6213,-0.2055,0.1278,-1.6072,0.108,0.7726
Myo1a,Myo1a,10.839,0.3856,0.5887,0.655,0.5124,0.9197
Myo1b,Myo1b,1379.8697,-0.1556,0.1558,-0.9993,0.3176,0.8702
Myo1c,Myo1c,16659.9909,-0.09,0.105,-0.8571,0.3914,0.8983
Myo1d,Myo1d,2438.9567,0.2301,0.101,2.2771,0.0228,0.732
Myo1e,Myo1e,3915.6863,-0.0839,0.1054,-0.7966,0.4257,0.9068
Myo1g,Myo1g,4.1846,0.3344,0.6878,0.4862,0.6269,0.9451
Myo1h,Myo1h,62.0377,0.1282,0.2264,0.566,0.5714,0.9321
Myo3b,Myo3b,1.3623,-0.066,1.1306,-0.0584,0.9535,0.9945
Myo5a,Myo5a,2985.8691,0.009,0.1897,0.0477,0.962,0.997
Myo5b,Myo5b,2.3007,0.1057,0.8833,0.1197,0.9047,0.9865
Myo5c,Myo5c,2.5153,1.0038,0.9884,1.0157,0.3098,0.8672
Myo6,Myo6,727.1159,0.1385,0.1368,1.0124,0.3113,0.868
Myo7a,Myo7a,25.5246,-0.5232,0.3319,-1.5765,0.1149,0.7749
Myo7b,Myo7b,8.7126,0.1549,0.5221,0.2967,0.7667,0.97
Myo9a,Myo9a,758.6891,-0.0151,0.2406,-0.0627,0.95,0.9939
Myo9b,Myo9b,4263.0245,-0.0234,0.073,-0.3212,0.7481,0.9694
Myoc,Myoc,1.0543,-0.0005,1.3483,-0.0004,0.9997,1
Myocd,Myocd,1.1535,-0.6785,1.4993,-0.4526,0.6509,0.9543
Myod1,Myod1,5122.4209,-0.341,0.3282,-1.0391,0.2987,0.861
Myof,Myof,13295.4727,-0.104,0.091,-1.1436,0.2528,0.8453
Myog,Myog,22145.8203,-0.3311,0.2958,-1.1197,0.2629,0.8534
Myom1,Myom1,1802.6185,-0.3388,0.3234,-1.0478,0.2947,0.8606
Myom2,Myom2,13358.8724,-0.0448,0.2481,-0.1806,0.8567,0.9796
Myom3,Myom3,2176.7097,-0.2523,0.32,-0.7885,0.4304,0.9081
Myot,Myot,103.9921,-0.6936,0.4864,-1.4261,0.1538,0.7996
Myoz1,Myoz1,22.8644,0.1204,0.4243,0.2837,0.7766,0.97
Myoz2,Myoz2,1361.8265,-0.2743,0.2605,-1.0532,0.2923,0.8606
Myoz3,Myoz3,2.4137,0.6788,0.8493,0.7993,0.4241,0.906
Mypn,Mypn,457.4447,-0.1707,0.2669,-0.6396,0.5224,0.9223
Mypop,Mypop,391.4807,0.0156,0.1219,0.1279,0.8983,0.9855
Myrf,Myrf,156.4691,0.1331,0.2017,0.6599,0.5093,0.9195
Myrfl,Myrfl,4.9322,0.7866,0.7966,0.9874,0.3234,0.8734
Myrip,Myrip,14.0564,-0.3564,0.5164,-0.6902,0.4901,0.9181
Mysm1,Mysm1,464.1321,0.0309,0.2269,0.136,0.8918,0.9841
Myt1,Myt1,1.0501,-0.195,1.3841,-0.1409,0.888,0.9833
Myt1l,Myt1l,0.6304,1.7469,1.9017,0.9186,0.3583,0.8858
Myzap,Myzap,331.2241,-0.559,0.2591,-2.1573,0.031,0.732
Mzb1,Mzb1,0.7393,0.387,1.6476,0.2349,0.8143,0.9745
Mzf1,Mzf1,15.4057,0.1243,0.3658,0.3398,0.734,0.9694
Mzt1,Mzt1,2303.6438,-0.1469,0.1704,-0.8622,0.3886,0.8964
Mzt2,Mzt2,686.4471,0.1397,0.1398,0.999,0.3178,0.8702
N4bp1,N4bp1,3909.9415,0.0165,0.1046,0.1574,0.8749,0.9819
N4bp2,N4bp2,210.0726,-0.3116,0.275,-1.133,0.2572,0.8478
N4bp2l1,N4bp2l1,124.7066,1.1679,0.5749,2.0313,0.0422,0.7364
N4bp2l2,N4bp2l2,1624.7681,-0.1672,0.1747,-0.9573,0.3384,0.879
N4bp3,N4bp3,321.9846,-0.428,0.2513,-1.7033,0.0885,0.764
N6amt1,N6amt1,522.5143,-0.0598,0.128,-0.4673,0.6403,0.9497
N6amt2,N6amt2,796.6091,-0.0983,0.1261,-0.7794,0.4357,0.9091
Naa10,Naa10,994.8645,-0.0816,0.0896,-0.9111,0.3623,0.8873
Naa11,Naa11,2.2846,-0.6879,1.1884,-0.5788,0.5627,0.9294
Naa15,Naa15,2424.3133,-0.1705,0.2268,-0.7519,0.4521,0.9121
Naa16,Naa16,293.0781,-0.0763,0.1861,-0.4098,0.6819,0.962
Naa20,Naa20,1925.7396,-0.0535,0.0783,-0.6836,0.4942,0.9181
Naa25,Naa25,1606.6209,-0.0526,0.1129,-0.4657,0.6414,0.9502
Naa30,Naa30,1508.6853,-0.187,0.1872,-0.999,0.3178,0.8702
Naa35,Naa35,1918.3964,-0.0324,0.0643,-0.505,0.6136,0.9425
Naa38,Naa38,469.049,-0.1147,0.1568,-0.7315,0.4645,0.9157
Naa40,Naa40,1307.0065,-0.0545,0.08,-0.6817,0.4954,0.9181
Naa50,Naa50,7170.9505,-0.2758,0.2275,-1.2125,0.2253,0.8317
Naa60,Naa60,1933.1732,-0.0063,0.0515,-0.1222,0.9028,0.986
Naaa,Naaa,772.6524,0.1306,0.1728,0.756,0.4497,0.912
Naalad2,Naalad2,346.6016,-0.0363,0.1074,-0.3381,0.7353,0.9694
Naaladl1,Naaladl1,13.298,-0.6907,0.4229,-1.6333,0.1024,0.7679
Nab1,Nab1,1968.454,-0.0881,0.1498,-0.5881,0.5565,0.929
Nab2,Nab2,3227.179,0.0637,0.0724,0.8799,0.3789,0.8935
Nabp1,Nabp1,921.0044,0.1134,0.1168,0.9716,0.3312,0.8773
Nabp2,Nabp2,1657.2413,0.1273,0.0974,1.3066,0.1913,0.8163
Naca,Naca,24057.7256,0.0288,0.0493,0.5849,0.5586,0.9294
Nacad,Nacad,178.0951,0.0014,0.1341,0.0107,0.9915,1
Nacc1,Nacc1,7658.8039,-0.1066,0.0618,-1.7265,0.0843,0.7604
Nacc2,Nacc2,2790.7516,-0.0915,0.0666,-1.3749,0.1692,0.8052
Nadk,Nadk,6235.2805,0.1847,0.1593,1.1592,0.2464,0.8423
Nadk2,Nadk2,1239.7849,-0.0221,0.1212,-0.182,0.8556,0.9796
Nadsyn1,Nadsyn1,328.9858,0.1155,0.1378,0.8382,0.4019,0.9026
Nae1,Nae1,1534.0407,-0.0878,0.1081,-0.8126,0.4165,0.9035
Naf1,Naf1,790.6497,0.0817,0.1124,0.7267,0.4674,0.9168
Naga,Naga,2296.7985,0.3038,0.1477,2.0569,0.0397,0.732
Nagk,Nagk,1236.0585,0.1838,0.0895,2.0536,0.04,0.732
Naglu,Naglu,2044.9463,0.5404,0.2428,2.226,0.026,0.732
Nagpa,Nagpa,639.6652,0.3576,0.2083,1.7167,0.086,0.7626
Nags,Nags,1.1521,-1.2702,1.771,-0.7172,0.4732,0.9168
Naif1,Naif1,174.8855,0.0225,0.1382,0.163,0.8705,0.9818
Naip1,Naip1,0.9406,-0.7966,1.4176,-0.5619,0.5742,0.9328
Naip2,Naip2,74.7948,-0.2209,0.298,-0.7413,0.4585,0.9139
Naip5,Naip5,9.7423,-0.6824,0.5652,-1.2074,0.2273,0.8325
Naip6,Naip6,16.324,0.087,0.3942,0.2207,0.8253,0.9766
Nalcn,Nalcn,16.564,-0.7654,0.6507,-1.1762,0.2395,0.84
Nampt,Nampt,2396.8409,0.4169,0.1897,2.1972,0.028,0.732
Nanog,Nanog,10.0408,-0.1578,0.6141,-0.257,0.7972,0.9713
Nanos1,Nanos1,37.7203,-0.7638,0.3545,-2.1546,0.0312,0.732
Nanos3,Nanos3,16.9406,0.47,0.3936,1.1943,0.2323,0.8354
Nanp,Nanp,55.282,-0.0528,0.3233,-0.1634,0.8702,0.9818
Nans,Nans,2795.1553,-0.0606,0.0995,-0.6093,0.5423,0.9283
Nap1l1,Nap1l1,13241.4108,-0.1424,0.1026,-1.3877,0.1652,0.8037
Nap1l2,Nap1l2,27.3118,-0.3461,0.2948,-1.1737,0.2405,0.84
Nap1l3,Nap1l3,8.6202,-0.4097,0.5083,-0.806,0.4202,0.905
Nap1l4,Nap1l4,5013.7803,-0.113,0.0784,-1.4411,0.1496,0.7968
Nap1l5,Nap1l5,1.5731,-0.0573,1.0529,-0.0545,0.9566,0.9957
Napa,Napa,4210.4526,0.1646,0.0959,1.7166,0.0861,0.7626
Napb,Napb,363.379,-0.0251,0.2475,-0.1015,0.9192,0.9879
Napepld,Napepld,304.3198,0.021,0.1496,0.1403,0.8884,0.9833
Napg,Napg,1807.1226,0.016,0.0906,0.1768,0.8597,0.98
Naprt,Naprt,25.7248,0.3113,0.3058,1.018,0.3087,0.8657
Napsa,Napsa,1.1577,-0.4138,1.5988,-0.2588,0.7958,0.9712
Narf,Narf,3243.0804,0.0874,0.0901,0.9697,0.3322,0.8775
Narfl,Narfl,999.7508,0.068,0.0867,0.7847,0.4326,0.9089
Nars,Nars,11734.7781,0.1193,0.0989,1.2072,0.2274,0.8325
Nars2,Nars2,896.0586,-0.0832,0.1124,-0.7399,0.4594,0.9141
Nasp,Nasp,1641.683,-0.4946,0.2021,-2.4474,0.0144,0.732
Nat1,Nat1,3.24,-0.3663,0.7493,-0.4888,0.625,0.9451
Nat10,Nat10,1555.6351,0.0539,0.1493,0.3607,0.7183,0.967
Nat14,Nat14,65.3614,0.0663,0.209,0.3172,0.7511,0.9694
Nat2,Nat2,239.9433,-0.1185,0.1105,-1.0718,0.2838,0.8606
Nat6,Nat6,635.1417,0.3211,0.1455,2.2079,0.0273,0.732
Nat8,Nat8,2.1951,2.3688,1.4252,1.6621,0.0965,0.7669
Nat8l,Nat8l,0.8325,0.9845,1.5509,0.6348,0.5255,0.9228
Nat9,Nat9,436.4192,0.2292,0.134,1.7102,0.0872,0.764
Natd1,Natd1,1466.781,0.0753,0.0581,1.2967,0.1948,0.8204
Nav1,Nav1,3752.5263,-0.3064,0.1585,-1.9329,0.0532,0.7364
Nav2,Nav2,1305.7192,-0.1223,0.1373,-0.8906,0.3731,0.893
Nav3,Nav3,697.0142,-0.3062,0.158,-1.9385,0.0526,0.7364
Nbas,Nbas,1671.4131,0.0486,0.0806,0.6035,0.5461,0.9289
Nbea,Nbea,670.224,-0.1034,0.2138,-0.4833,0.6289,0.9451
Nbeal1,Nbeal1,296.6349,0.1806,0.2509,0.7201,0.4715,0.9168
Nbeal2,Nbeal2,288.8761,0.1767,0.0961,1.8377,0.0661,0.7457
Nbl1,Nbl1,10102.2762,0.4867,0.2485,1.9589,0.0501,0.7364
Nbn,Nbn,859.1253,-0.1531,0.1511,-1.0135,0.3108,0.8677
Nbr1,Nbr1,7682.7903,0.0987,0.0889,1.1094,0.2673,0.8562
Ncald,Ncald,113.7525,-0.0238,0.1441,-0.165,0.8689,0.9818
Ncam1,Ncam1,14621.0629,-0.2803,0.2285,-1.227,0.2198,0.8302
Ncapd2,Ncapd2,2044.0164,-0.6222,0.2787,-2.2326,0.0256,0.732
Ncapd3,Ncapd3,812.7294,-0.5293,0.1633,-3.2416,0.0012,0.6026
Ncapg,Ncapg,547.5388,-0.8195,0.4186,-1.9575,0.0503,0.7364
Ncapg2,Ncapg2,881.9638,-0.8133,0.3864,-2.1051,0.0353,0.732
Ncaph,Ncaph,1296.9295,-0.7686,0.3127,-2.4582,0.014,0.732
Ncaph2,Ncaph2,5700.9857,-0.0625,0.083,-0.7529,0.4515,0.9121
Ncbp1,Ncbp1,4125.7161,-0.0388,0.078,-0.4984,0.6182,0.9433
Ncbp2,Ncbp2,2565.7349,-0.051,0.0865,-0.5905,0.5549,0.929
Ncdn,Ncdn,1514.4677,-0.0075,0.0716,-0.104,0.9171,0.9879
Nceh1,Nceh1,888.6218,0.0898,0.0925,0.9699,0.3321,0.8775
Ncf1,Ncf1,45.4982,0.1731,0.2126,0.814,0.4156,0.9033
Ncf2,Ncf2,6.5897,-0.4232,0.5407,-0.7827,0.4338,0.9089
Ncf4,Ncf4,14.367,0.3345,0.5187,0.6448,0.5191,0.9219
Nck1,Nck1,1500.436,-0.1122,0.1166,-0.962,0.3361,0.8778
Nck2,Nck2,1581.9041,-0.0325,0.0571,-0.57,0.5687,0.9313
Nckap1,Nckap1,7284.9172,-0.0808,0.1518,-0.5319,0.5948,0.9385
Nckap1l,Nckap1l,42.7067,-0.0238,0.2208,-0.1079,0.9141,0.9874
Nckap5,Nckap5,24.7835,-0.0799,0.3584,-0.2231,0.8235,0.9766
Nckap5l,Nckap5l,2312.9994,-0.2427,0.1992,-1.2188,0.2229,0.8307
Nckipsd,Nckipsd,422.9744,0.1904,0.196,0.9716,0.3313,0.8773
Ncl,Ncl,13486.7809,-0.2429,0.2019,-1.2029,0.229,0.8326
Ncln,Ncln,4057.9298,-0.0447,0.0784,-0.5706,0.5682,0.9312
Ncmap,Ncmap,4.1962,0.8699,0.9698,0.8969,0.3698,0.8925
Ncoa1,Ncoa1,896.6076,-0.1592,0.1794,-0.8871,0.375,0.8935
Ncoa2,Ncoa2,1447.1633,-0.1099,0.2046,-0.5372,0.5911,0.9377
Ncoa3,Ncoa3,935.6756,0.084,0.1292,0.6501,0.5156,0.9205
Ncoa4,Ncoa4,1999.2368,-0.0037,0.1341,-0.0274,0.9782,0.9995
Ncoa5,Ncoa5,1827.1937,-0.0321,0.11,-0.2917,0.7705,0.97
Ncoa6,Ncoa6,1988.6532,-0.0614,0.0998,-0.6147,0.5388,0.9277
Ncoa7,Ncoa7,603.3493,-0.1223,0.2447,-0.4998,0.6172,0.9428
Ncor1,Ncor1,4351.48,-0.1295,0.1863,-0.6948,0.4872,0.9168
Ncor2,Ncor2,6389.9217,-0.124,0.1222,-1.0145,0.3103,0.8673
Ncs1,Ncs1,3638.4193,-0.0983,0.0985,-0.9984,0.3181,0.8703
Ncstn,Ncstn,5075.0138,0.1822,0.1212,1.5032,0.1328,0.7779
Nctc1,Nctc1,16.3539,-0.4166,0.5615,-0.7421,0.4581,0.9137
Ndc1,Ndc1,805.0431,-0.144,0.073,-1.9726,0.0485,0.7364
Ndc80,Ndc80,589.5557,-0.9233,0.5089,-1.8142,0.0696,0.7507
Nde1,Nde1,2980.1774,-0.2468,0.115,-2.1465,0.0318,0.732
Ndel1,Ndel1,3283.9768,0.1107,0.0995,1.1125,0.2659,0.8547
Ndfip1,Ndfip1,6178.471,0.1072,0.0899,1.192,0.2333,0.8354
Ndfip2,Ndfip2,2699.9471,-0.1425,0.0625,-2.2817,0.0225,0.732
Ndn,Ndn,271.137,-0.1097,0.1483,-0.7398,0.4594,0.9141
Ndnf,Ndnf,3.4486,-1.0693,1.0264,-1.0417,0.2975,0.8608
Ndnl2,Ndnl2,1140.1095,-0.0099,0.0883,-0.1117,0.911,0.9873
Ndor1,Ndor1,1050.5714,0.2569,0.1804,1.4239,0.1545,0.8001
Ndrg1,Ndrg1,14429.0306,0.8638,0.3772,2.2898,0.022,0.732
Ndrg2,Ndrg2,1957.9237,0.3112,0.1323,2.3516,0.0187,0.732
Ndrg3,Ndrg3,3642.5229,-0.0212,0.0635,-0.3339,0.7385,0.9694
Ndrg4,Ndrg4,5997.0422,-0.1195,0.1892,-0.6316,0.5277,0.9232
Ndst1,Ndst1,4030.4864,0.1623,0.1338,1.2126,0.2253,0.8317
Ndst2,Ndst2,1185.3191,0.0374,0.0872,0.429,0.6679,0.9568
Ndst3,Ndst3,82.7184,-0.5188,0.3361,-1.5437,0.1227,0.7753
Ndst4,Ndst4,44.8238,-0.1286,0.2016,-0.6377,0.5237,0.9223
Ndufa1,Ndufa1,1059.1563,0.049,0.1403,0.3491,0.727,0.9693
Ndufa10,Ndufa10,4124.2038,0.0317,0.0904,0.3507,0.7258,0.9691
Ndufa11,Ndufa11,1534.764,-0.0412,0.101,-0.4084,0.6829,0.962
Ndufa12,Ndufa12,1701.5167,-0.0842,0.0827,-1.0181,0.3086,0.8657
Ndufa13,Ndufa13,2531.7731,-0.087,0.0975,-0.8928,0.372,0.893
Ndufa2,Ndufa2,1676.3053,0.0463,0.0883,0.5244,0.6,0.9406
Ndufa3,Ndufa3,690.1815,-0.0241,0.0833,-0.2897,0.7721,0.97
Ndufa4,Ndufa4,3778.4486,-0.1949,0.1553,-1.255,0.2095,0.8265
Ndufa4l2,Ndufa4l2,12.2347,1.1473,0.7438,1.5425,0.123,0.7753
Ndufa5,Ndufa5,915.6721,-0.1072,0.0834,-1.2845,0.199,0.8246
Ndufa6,Ndufa6,2194.4391,0.1196,0.0918,1.3032,0.1925,0.8182
Ndufa7,Ndufa7,3064.1473,0.0167,0.0946,0.1764,0.86,0.98
Ndufa8,Ndufa8,2899.2699,0.0111,0.0879,0.1264,0.8994,0.9856
Ndufa9,Ndufa9,3460.5973,-0.0884,0.1187,-0.7444,0.4566,0.9134
Ndufab1,Ndufab1,1976.038,-0.0324,0.0872,-0.3719,0.71,0.9662
Ndufaf1,Ndufaf1,1031.6609,-0.0396,0.0861,-0.4594,0.6459,0.9528
Ndufaf2,Ndufaf2,365.391,-0.1075,0.0966,-1.1129,0.2658,0.8547
Ndufaf3,Ndufaf3,361.8095,0.0436,0.0997,0.437,0.6621,0.9551
Ndufaf4,Ndufaf4,959.0744,-0.0256,0.1168,-0.2189,0.8267,0.9766
Ndufaf5,Ndufaf5,391.2034,-0.1212,0.1032,-1.1742,0.2403,0.84
Ndufaf6,Ndufaf6,174.5709,-0.0408,0.166,-0.2459,0.8058,0.9725
Ndufaf7,Ndufaf7,826.7946,-0.0791,0.0883,-0.8956,0.3705,0.8928
Ndufb10,Ndufb10,2929.9897,-0.0429,0.0997,-0.4303,0.667,0.9566
Ndufb11,Ndufb11,2334.4413,-0.0549,0.0971,-0.5652,0.5719,0.9323
Ndufb2,Ndufb2,666.0105,-0.0777,0.1062,-0.7316,0.4644,0.9157
Ndufb3,Ndufb3,1351.7718,-0.0478,0.0936,-0.5111,0.6093,0.9416
Ndufb4,Ndufb4,1641.6069,0.0068,0.1861,0.0367,0.9707,0.999
Ndufb5,Ndufb5,2452.565,0.0135,0.0924,0.1457,0.8842,0.9826
Ndufb6,Ndufb6,1611.58,-0.0791,0.1026,-0.7712,0.4406,0.9112
Ndufb7,Ndufb7,3192.2483,-0.0494,0.0966,-0.5115,0.609,0.9416
Ndufb8,Ndufb8,3081.131,-0.04,0.1035,-0.3867,0.699,0.9635
Ndufb9,Ndufb9,4507.2945,-0.0508,0.1113,-0.4564,0.6481,0.9535
Ndufc1,Ndufc1,1095.3816,-0.0875,0.1134,-0.7711,0.4406,0.9112
Ndufc2,Ndufc2,1987.7806,-0.0373,0.0901,-0.4146,0.6785,0.961
Ndufs1,Ndufs1,4383.6335,-0.1243,0.1029,-1.208,0.2271,0.8325
Ndufs2,Ndufs2,10860.3812,0.0047,0.0999,0.0474,0.9622,0.997
Ndufs3,Ndufs3,3026.3617,-0.0666,0.1006,-0.6625,0.5077,0.9188
Ndufs4,Ndufs4,2282.1224,-0.1108,0.1226,-0.9038,0.3661,0.8891
Ndufs6,Ndufs6,1250.9644,-0.0008,0.1029,-0.0079,0.9937,1
Ndufs7,Ndufs7,1549.6696,0.0863,0.0757,1.1395,0.2545,0.8454
Ndufs8,Ndufs8,2146.5694,-0.079,0.1258,-0.6283,0.5298,0.924
Ndufv1,Ndufv1,4666.7633,-0.0114,0.1066,-0.1067,0.915,0.9874
Ndufv2,Ndufv2,3511.6044,-0.1287,0.1036,-1.242,0.2142,0.8265
Ndufv3,Ndufv3,2061.3246,0.1943,0.1195,1.6265,0.1038,0.7679
Neat1,Neat1,7734.1744,0.2615,0.2983,0.8764,0.3808,0.8935
Neb,Neb,2972.938,-0.3083,0.4226,-0.7294,0.4657,0.9162
Nebl,Nebl,7.1588,-1.0076,0.6821,-1.4772,0.1396,0.7903
Necab1,Necab1,13.3156,-0.3088,0.4858,-0.6357,0.525,0.9225
Necab2,Necab2,0.7217,-0.9436,2.369,-0.3983,0.6904,0.9623
Necab3,Necab3,13.7957,-0.653,0.486,-1.3435,0.1791,0.8123
Necap1,Necap1,1914.7427,0.0488,0.0748,0.6525,0.5141,0.9199
Necap2,Necap2,2376.4258,0.2408,0.1601,1.5039,0.1326,0.7779
Nedd1,Nedd1,1356.0801,-0.1652,0.1617,-1.0217,0.3069,0.8653
Nedd4,Nedd4,43929.4373,-0.2022,0.1627,-1.2428,0.2139,0.8265
Nedd4l,Nedd4l,1551.0953,0.2315,0.1579,1.4661,0.1426,0.7928
Nedd8,Nedd8,3112.9212,0.0129,0.0776,0.166,0.8681,0.9818
Nedd9,Nedd9,3326.377,-0.0031,0.1196,-0.0257,0.9795,1
Nefh,Nefh,7.663,-0.8726,0.5713,-1.5274,0.1267,0.7753
Nefl,Nefl,520.7294,-0.644,0.4089,-1.575,0.1153,0.7753
Nefm,Nefm,113.2535,-0.6303,0.3744,-1.6834,0.0923,0.7643
Negr1,Negr1,16.2587,-0.0172,0.3652,-0.047,0.9625,0.997
Neil1,Neil1,336.2858,0.0877,0.0992,0.884,0.3767,0.8935
Neil2,Neil2,2.5123,0.1006,0.8194,0.1228,0.9023,0.986
Neil3,Neil3,298.4062,-1.0492,0.4242,-2.4731,0.0134,0.732
Nek1,Nek1,780.0507,-0.1488,0.294,-0.5061,0.6128,0.942
Nek10,Nek10,4.2802,-0.1859,0.6997,-0.2657,0.7905,0.97
Nek11,Nek11,5.95,0.5223,0.5945,0.8786,0.3796,0.8935
Nek2,Nek2,1104.9578,-0.7134,0.3252,-2.1936,0.0283,0.732
Nek3,Nek3,228.9168,0.2265,0.1415,1.6013,0.1093,0.7736
Nek4,Nek4,589.4704,-0.0658,0.1123,-0.5863,0.5577,0.9292
Nek6,Nek6,2415.0126,0.3321,0.2295,1.4469,0.1479,0.7958
Nek7,Nek7,4621.1907,-0.2128,0.1958,-1.0866,0.2772,0.8588
Nek8,Nek8,393.9651,-0.1043,0.1159,-0.9001,0.3681,0.8912
Nek9,Nek9,6255.6586,0.0164,0.0845,0.1947,0.8456,0.9776
Nelfa,Nelfa,1030.5388,-0.1206,0.0853,-1.4146,0.1572,0.8015
Nelfb,Nelfb,2387.0274,0.1406,0.0917,1.5325,0.1254,0.7753
Nelfcd,Nelfcd,1400.2633,-0.0627,0.0943,-0.6651,0.506,0.9188
Nelfe,Nelfe,1383.0624,0.0389,0.0826,0.4705,0.638,0.9487
Nell2,Nell2,15.0383,0.0291,0.4327,0.0673,0.9463,0.9934
Nemf,Nemf,904.9998,0.0121,0.1896,0.064,0.949,0.9935
Nenf,Nenf,1630.1985,0.1527,0.1496,1.0206,0.3074,0.8653
Neo1,Neo1,5003.5893,0.5068,0.2342,2.1641,0.0305,0.732
Nepn,Nepn,1.5818,-0.5678,1.1543,-0.4919,0.6228,0.9443
Nes,Nes,42074.9332,-0.3786,0.2649,-1.4291,0.153,0.7987
Nespas,Nespas,12.4432,-0.3681,0.4168,-0.8831,0.3772,0.8935
Net1,Net1,4360.0877,-0.1879,0.0891,-2.1098,0.0349,0.732
Neto2,Neto2,29.115,-0.59,0.3509,-1.6812,0.0927,0.7643
Neu1,Neu1,1441.1796,0.5089,0.1975,2.5772,0.01,0.732
Neu2,Neu2,48.5005,-0.1035,0.2055,-0.5035,0.6146,0.9427
Neu3,Neu3,150.3972,0.1095,0.1379,0.7941,0.4271,0.907
Neurl1a,Neurl1a,3035.8452,-0.2268,0.2754,-0.8233,0.4103,0.9033
Neurl1b,Neurl1b,216.914,-0.9599,0.4674,-2.0535,0.04,0.732
Neurl2,Neurl2,136.3777,0.279,0.2184,1.2776,0.2014,0.8261
Neurl3,Neurl3,114.5218,0.428,0.2656,1.6116,0.1071,0.7713
Neurl4,Neurl4,1844.8854,0.019,0.0653,0.2913,0.7708,0.97
Nexn,Nexn,1031.6728,-0.2456,0.2723,-0.902,0.3671,0.8904
Nf1,Nf1,1977.5638,-0.131,0.1795,-0.73,0.4654,0.9158
Nf2,Nf2,4447.6909,-0.0009,0.0626,-0.014,0.9888,1
Nfat5,Nfat5,4018.0917,-0.1252,0.2279,-0.5493,0.5828,0.9353
Nfatc1,Nfatc1,1190.0801,-0.2591,0.11,-2.3549,0.0185,0.732
Nfatc2,Nfatc2,37.7466,-1.104,0.6313,-1.7487,0.0803,0.7572
Nfatc2ip,Nfatc2ip,411.4173,-0.1367,0.1018,-1.3431,0.1792,0.8123
Nfatc3,Nfatc3,2342.3547,-0.1489,0.148,-1.0065,0.3142,0.8692
Nfatc4,Nfatc4,1258.8736,0.1141,0.0925,1.2333,0.2175,0.8299
Nfe2,Nfe2,4.8233,0.5146,0.6553,0.7852,0.4323,0.9089
Nfe2l1,Nfe2l1,23660.3703,0.2552,0.1458,1.7502,0.0801,0.7572
Nfe2l2,Nfe2l2,6816.4636,0.2434,0.1615,1.507,0.1318,0.7771
Nfe2l3,Nfe2l3,7.2113,0.3714,0.5129,0.724,0.4691,0.9168
Nfia,Nfia,30.7453,-0.0453,0.3243,-0.1398,0.8888,0.9833
Nfib,Nfib,1687.3929,-0.3123,0.2164,-1.4432,0.149,0.7968
Nfic,Nfic,10960.0719,-0.2381,0.131,-1.8175,0.0691,0.7507
Nfil3,Nfil3,2434.0772,0.5874,0.3449,1.7031,0.0885,0.764
Nfix,Nfix,13168.4447,-0.2167,0.085,-2.5505,0.0108,0.732
Nfkb1,Nfkb1,4734.2164,-0.0531,0.052,-1.0218,0.3069,0.8653
Nfkb2,Nfkb2,3155.7554,-0.0466,0.0805,-0.5784,0.563,0.9294
Nfkbia,Nfkbia,1532.5891,0.1327,0.1444,0.9186,0.3583,0.8858
Nfkbib,Nfkbib,609.4921,0.1514,0.1019,1.4859,0.1373,0.7871
Nfkbid,Nfkbid,11.8221,-0.1151,0.3971,-0.2899,0.7719,0.97
Nfkbie,Nfkbie,883.105,-0.1185,0.1318,-0.899,0.3687,0.8922
Nfkbil1,Nfkbil1,551.8334,0.1809,0.1353,1.3365,0.1814,0.8131
Nfkbiz,Nfkbiz,2492.0739,0.6082,0.3193,1.9045,0.0568,0.7377
Nfrkb,Nfrkb,1008.1195,0.0522,0.0779,0.67,0.5028,0.9188
Nfs1,Nfs1,1837.1469,0.1082,0.0933,1.1593,0.2464,0.8423
Nfu1,Nfu1,1471.4646,-0.0322,0.071,-0.4543,0.6496,0.954
Nfx1,Nfx1,3351.3336,0.0152,0.0756,0.2014,0.8404,0.9775
Nfxl1,Nfxl1,816.8165,-0.0461,0.1265,-0.3644,0.7156,0.9662
Nfya,Nfya,1785.8551,-0.0182,0.0878,-0.2072,0.8358,0.9774
Nfyb,Nfyb,1091.1513,-0.2168,0.0792,-2.7367,0.0062,0.732
Nfyc,Nfyc,1289.1351,-0.1025,0.1044,-0.9819,0.3261,0.8747
Ngb,Ngb,2.6198,-0.3558,1.0549,-0.3373,0.7359,0.9694
Ngdn,Ngdn,1151.7804,0.0237,0.0975,0.2433,0.8078,0.9732
Ngef,Ngef,1017.0076,-0.2047,0.1069,-1.9161,0.0554,0.7377
Ngf,Ngf,129.8141,-0.0618,0.3065,-0.2018,0.8401,0.9775
Ngfr,Ngfr,12.7661,0.5075,0.4945,1.0263,0.3048,0.8637
Ngfrap1,Ngfrap1,1794.3819,-0.003,0.1266,-0.0234,0.9814,1
Ngly1,Ngly1,1059.4458,-0.1171,0.1109,-1.0553,0.2913,0.8606
Ngrn,Ngrn,1105.413,0.0703,0.0737,0.9543,0.3399,0.879
Nhej1,Nhej1,95.1685,0.2244,0.1985,1.1307,0.2582,0.8483
Nhlh2,Nhlh2,2.0958,1.2604,1.0796,1.1675,0.243,0.8408
Nhlrc1,Nhlrc1,51.2136,0.0398,0.2322,0.1716,0.8637,0.9808
Nhlrc2,Nhlrc2,905.0211,0.057,0.1053,0.5413,0.5883,0.9357
Nhlrc3,Nhlrc3,293.9706,0.4329,0.2874,1.5063,0.132,0.7772
Nhlrc4,Nhlrc4,42.9269,0.1748,0.2662,0.6568,0.5113,0.9195
Nhp2,Nhp2,1373.9944,-0.1005,0.1148,-0.8749,0.3816,0.8935
Nhp2l1,Nhp2l1,3910.4019,-0.0318,0.1366,-0.2324,0.8162,0.975
Nhs,Nhs,33.4986,-0.2928,0.4339,-0.6747,0.4999,0.9181
Nhsl1,Nhsl1,1796.5606,-0.0827,0.1195,-0.6923,0.4887,0.9175
Nhsl2,Nhsl2,32.5701,-0.9993,0.439,-2.2762,0.0228,0.732
Nicn1,Nicn1,1140.1293,0.0724,0.0996,0.7271,0.4672,0.9168
Nid1,Nid1,23941.4927,0.5965,0.4309,1.3844,0.1662,0.8037
Nid2,Nid2,18169.0715,-0.1082,0.1623,-0.6667,0.5049,0.9188
Nif3l1,Nif3l1,1305.7703,-0.0635,0.0856,-0.7425,0.4578,0.9137
Nifk,Nifk,2691.8635,-0.1035,0.0824,-1.2559,0.2091,0.8265
Nim1k,Nim1k,24.3374,-0.1521,0.3421,-0.4445,0.6567,0.9548
Nin,Nin,1115.991,-0.3605,0.2374,-1.5184,0.1289,0.7759
Ninj1,Ninj1,982.7331,0.2377,0.1446,1.6441,0.1002,0.767
Ninj2,Ninj2,1.4646,-0.4567,1.1878,-0.3845,0.7006,0.9635
Ninl,Ninl,570.3116,-0.016,0.0801,-0.1993,0.842,0.9775
Nip7,Nip7,1769.5721,-0.0285,0.0809,-0.3528,0.7242,0.9689
Nipa1,Nipa1,288.7392,-0.0729,0.0987,-0.7385,0.4602,0.9142
Nipa2,Nipa2,1101.9416,-0.0245,0.0705,-0.3478,0.728,0.9694
Nipal1,Nipal1,69.2919,-0.1523,0.205,-0.7431,0.4575,0.9137
Nipal2,Nipal2,0.6336,-0.8881,1.6723,-0.5311,0.5954,0.9386
Nipal3,Nipal3,218.574,0.1948,0.1233,1.5801,0.1141,0.774
Nipal4,Nipal4,18.541,-0.2581,0.4709,-0.5481,0.5837,0.9353
Nipbl,Nipbl,1441.3948,0.1224,0.1485,0.8242,0.4098,0.9033
Nipsnap1,Nipsnap1,373.3445,0.0161,0.148,0.1084,0.9136,0.9874
Nipsnap3b,Nipsnap3b,1066.1902,0.2182,0.1595,1.3684,0.1712,0.8066
Nisch,Nisch,20059.2079,0.0401,0.0603,0.6645,0.5064,0.9188
Nit1,Nit1,677.202,0.0663,0.093,0.7133,0.4756,0.9168
Nit2,Nit2,745.3909,-0.0162,0.1155,-0.1401,0.8885,0.9833
Nkain1,Nkain1,2628.1177,0.0202,0.0849,0.2376,0.8122,0.9742
Nkain2,Nkain2,11.7499,-0.2975,0.4626,-0.6431,0.5202,0.9221
Nkain4,Nkain4,0.4236,-1.1727,2.4208,-0.4844,0.6281,0.9451
Nkap,Nkap,733.8848,-0.1414,0.1766,-0.801,0.4231,0.906
Nkapl,Nkapl,6.797,-0.3794,0.5292,-0.717,0.4734,0.9168
Nkd1,Nkd1,3.3523,-0.4713,0.8631,-0.5461,0.585,0.9355
Nkd2,Nkd2,1234.9933,-0.0499,0.3093,-0.1612,0.8719,0.9819
Nkiras1,Nkiras1,540.9117,-0.0176,0.1117,-0.1578,0.8746,0.9819
Nkiras2,Nkiras2,484.3726,0.0758,0.0954,0.7948,0.4267,0.907
Nkpd1,Nkpd1,0.6237,-0.6357,1.7485,-0.3635,0.7162,0.9662
Nkrf,Nkrf,494.8947,-0.2508,0.1882,-1.3325,0.1827,0.8131
Nktr,Nktr,2306.9677,-0.113,0.2273,-0.4974,0.6189,0.9434
Nkx2-3,Nkx2-3,6.0799,-0.0721,0.6288,-0.1147,0.9087,0.987
Nkx2-5,Nkx2-5,12.1609,0.1281,0.3879,0.3302,0.7412,0.9694
Nkx3-2,Nkx3-2,9.7342,-0.35,0.5276,-0.6634,0.5071,0.9188
Nkx6-3,Nkx6-3,4.6236,0.2084,0.7801,0.2671,0.7894,0.97
Nle1,Nle1,594.7949,0.0251,0.1209,0.2078,0.8354,0.9774
Nlgn2,Nlgn2,2545.8997,0.0858,0.1019,0.8426,0.3994,0.9011
Nlgn3,Nlgn3,9.7307,0.0587,0.4574,0.1282,0.898,0.9854
Nlk,Nlk,629.3752,-0.0334,0.1142,-0.292,0.7703,0.97
Nln,Nln,1551.4496,0.1705,0.1494,1.1412,0.2538,0.8453
Nlrc3,Nlrc3,122.1819,0.2105,0.1933,1.0893,0.276,0.8588
Nlrc4,Nlrc4,0.5257,-0.4786,2.3771,-0.2013,0.8404,0.9775
Nlrc5,Nlrc5,69.2982,0.637,0.2707,2.3536,0.0186,0.732
Nlrp10,Nlrp10,14.6516,0.4832,0.3618,1.3358,0.1816,0.8131
Nlrp12,Nlrp12,0.5245,-1.1734,2.3108,-0.5078,0.6116,0.942
Nlrp2,Nlrp2,1.7763,1.1165,1.8159,0.6149,0.5387,0.9277
Nlrp3,Nlrp3,2.9427,0.0099,0.8297,0.012,0.9904,1
Nlrp4e,Nlrp4e,12.6568,0.0599,0.4557,0.1314,0.8955,0.985
Nlrx1,Nlrx1,545.9584,-0.0386,0.0805,-0.4795,0.6316,0.9463
Nmb,Nmb,29.6435,-0.1284,0.2706,-0.4744,0.6352,0.948
Nmbr,Nmbr,0.7372,-0.8025,1.9336,-0.415,0.6781,0.961
Nmd3,Nmd3,1909.7965,-0.2022,0.1155,-1.7505,0.08,0.7572
Nme1,Nme1,3338.0638,-0.1581,0.1248,-1.2672,0.2051,0.8262
Nme2,Nme2,11650.327,0.0164,0.0891,0.1843,0.8538,0.9791
Nme3,Nme3,247.2049,0.3981,0.1786,2.2285,0.0258,0.732
Nme4,Nme4,315.5708,0.0013,0.1313,0.0096,0.9924,1
Nme5,Nme5,69.3906,-0.0497,0.1966,-0.2527,0.8005,0.9719
Nme6,Nme6,403.9225,0.2933,0.1868,1.5701,0.1164,0.7753
Nme7,Nme7,710.106,-0.0123,0.086,-0.1433,0.8861,0.9833
Nmi,Nmi,112.2187,-0.2935,0.1765,-1.6627,0.0964,0.7667
Nmnat1,Nmnat1,255.9322,-0.0762,0.1338,-0.5697,0.5689,0.9313
Nmnat2,Nmnat2,629.7823,-0.3049,0.1747,-1.7452,0.0809,0.7572
Nmnat3,Nmnat3,116.1333,0.704,0.3779,1.863,0.0625,0.7456
Nmral1,Nmral1,354.5953,-0.2162,0.1137,-1.9012,0.0573,0.7377
Nmrk1,Nmrk1,174.5407,0.1323,0.126,1.0498,0.2938,0.8606
Nmrk2,Nmrk2,298.1867,-0.4583,0.4412,-1.0389,0.2989,0.8612
Nmt1,Nmt1,5236.2905,-0.066,0.0806,-0.8194,0.4126,0.9033
Nmt2,Nmt2,1548.2581,-0.238,0.1455,-1.6356,0.1019,0.7679
Nmu,Nmu,0.728,0.8168,1.8777,0.435,0.6635,0.9561
Nnat,Nnat,13.2038,-0.0033,0.4329,-0.0076,0.9939,1
Nnmt,Nnmt,301.9737,0.1295,0.1236,1.0473,0.2949,0.8606
Nnt,Nnt,2654.5369,0.0132,0.0901,0.1465,0.8835,0.9825
Noa1,Noa1,829.5954,-0.0301,0.0985,-0.3055,0.76,0.9699
Nob1,Nob1,1269.777,0.0534,0.1031,0.5179,0.6045,0.941
Nobox,Nobox,2.3062,0.1877,0.8567,0.2191,0.8266,0.9766
Noc2l,Noc2l,2181.8047,-0.0085,0.1015,-0.0833,0.9336,0.9923
Noc3l,Noc3l,926.2581,-0.0475,0.1434,-0.3309,0.7407,0.9694
Noc4l,Noc4l,1360.6354,-0.0482,0.0801,-0.6017,0.5474,0.9289
Nod1,Nod1,1105.0833,0.1835,0.1187,1.5457,0.1222,0.7753
Nod2,Nod2,531.449,-0.0695,0.1716,-0.405,0.6855,0.9623
Nog,Nog,24.9816,-0.0479,0.2978,-0.1609,0.8722,0.9819
Nol10,Nol10,1595.7354,-0.1129,0.0694,-1.6264,0.1039,0.7679
Nol11,Nol11,1991.0068,-0.1349,0.0902,-1.4949,0.1349,0.7827
Nol12,Nol12,1531.0963,-0.007,0.0749,-0.0937,0.9253,0.9903
Nol3,Nol3,1112.288,0.0544,0.1058,0.5141,0.6072,0.9411
Nol4,Nol4,164.6052,0.0202,0.3087,0.0654,0.9479,0.9935
Nol4l,Nol4l,93.8325,-0.3174,0.2402,-1.3218,0.1862,0.8161
Nol6,Nol6,2155.5056,0.0644,0.1201,0.536,0.592,0.9383
Nol7,Nol7,1403.0091,-0.2112,0.1194,-1.7689,0.0769,0.7572
Nol8,Nol8,405.9583,0.1158,0.1547,0.7484,0.4542,0.9127
Nol9,Nol9,2110.947,-0.1523,0.0839,-1.8153,0.0695,0.7507
Nolc1,Nolc1,3458.8641,-0.1231,0.0804,-1.531,0.1258,0.7753
Nom1,Nom1,1635.2011,-0.0174,0.0727,-0.2389,0.8112,0.9742
Nomo1,Nomo1,4991.1549,0.1521,0.109,1.3952,0.163,0.8037
Nono,Nono,13465.284,-0.098,0.0609,-1.6103,0.1073,0.7715
Nop10,Nop10,1315.8875,0.1046,0.1165,0.8978,0.3693,0.8924
Nop14,Nop14,1754.7483,-0.0501,0.0983,-0.5093,0.6105,0.9417
Nop16,Nop16,1585.2509,-0.0322,0.1062,-0.3034,0.7616,0.97
Nop2,Nop2,2863.7976,-0.0298,0.0822,-0.3627,0.7168,0.9662
Nop56,Nop56,3796.186,-0.1663,0.0918,-1.8109,0.0702,0.7507
Nop58,Nop58,2047.3563,-0.376,0.218,-1.7246,0.0846,0.7604
Nop9,Nop9,1605.0979,0.0181,0.1096,0.1651,0.8688,0.9818
Nos1,Nos1,148.366,0.1919,0.1585,1.2104,0.2261,0.8321
Nos1ap,Nos1ap,3.4556,-0.8441,0.7527,-1.1214,0.2621,0.853
Nos2,Nos2,980.443,1.5867,1.1795,1.3452,0.1786,0.8123
Nos3,Nos3,26.0556,0.2064,0.2693,0.7665,0.4434,0.9118
Nosip,Nosip,1301.5756,0.0058,0.0906,0.0643,0.9487,0.9935
Nostrin,Nostrin,5.2295,-0.5864,0.9041,-0.6486,0.5166,0.9209
Notch1,Notch1,1585.195,-0.3745,0.2155,-1.7382,0.0822,0.7572
Notch2,Notch2,7832.5413,0.0877,0.0936,0.9372,0.3486,0.8829
Notch3,Notch3,4701.4029,-0.233,0.1816,-1.2827,0.1996,0.8249
Notch4,Notch4,23.2195,-0.3939,0.36,-1.0942,0.2739,0.8588
Notum,Notum,62.9964,0.1196,0.3327,0.3594,0.7193,0.9673
Nov,Nov,730.9118,0.8739,0.3798,2.3011,0.0214,0.732
Nova2,Nova2,7.3443,0.1166,0.7013,0.1663,0.8679,0.9818
Nox1,Nox1,2.8001,0.107,1.128,0.0948,0.9244,0.9901
Nox4,Nox4,354.0148,-0.3024,0.2834,-1.0672,0.2859,0.8606
Noxo1,Noxo1,79.6226,0.3154,0.1789,1.7629,0.0779,0.7572
Noxred1,Noxred1,12.3473,0.7254,0.4855,1.4943,0.1351,0.7827
Npas1,Npas1,7.7292,0.7359,0.6037,1.2189,0.2229,0.8307
Npas2,Npas2,90.8273,0.7937,0.4076,1.9473,0.0515,0.7364
Npas3,Npas3,19.3403,-0.7727,0.56,-1.38,0.1676,0.8045
Npas4,Npas4,40.2018,-0.8135,0.4027,-2.0201,0.0434,0.7364
Npat,Npat,750.0799,-0.0118,0.1981,-0.0597,0.9524,0.9943
Npb,Npb,3.6684,0.227,0.8567,0.265,0.791,0.97
Npc1,Npc1,2896.8109,0.6153,0.278,2.2132,0.0269,0.732
Npc1l1,Npc1l1,7.5358,0.1848,0.5144,0.3593,0.7194,0.9673
Npc2,Npc2,19087.4888,0.2745,0.1548,1.7727,0.0763,0.7567
Npdc1,Npdc1,4907.1342,0.2881,0.1377,2.0918,0.0365,0.732
Npepl1,Npepl1,1620.2465,-0.0045,0.0763,-0.0591,0.9529,0.9945
Npepps,Npepps,6810.4458,0.1091,0.0833,1.3092,0.1905,0.8161
Npff,Npff,35.0157,0.3553,0.4428,0.8025,0.4223,0.906
Nphp1,Nphp1,1395.4538,-0.0851,0.0704,-1.2091,0.2266,0.8325
Nphp3,Nphp3,474.9737,0.0171,0.1132,0.151,0.88,0.9823
Nphp4,Nphp4,155.3422,-0.1869,0.1456,-1.2836,0.1993,0.8249
Nphs2,Nphs2,8.1378,-0.3721,0.5958,-0.6244,0.5323,0.9252
Npl,Npl,2.0995,0.0031,0.9272,0.0034,0.9973,1
Nploc4,Nploc4,5705.4783,0.0958,0.0765,1.2518,0.2106,0.8265
Npm1,Npm1,15996.0532,-0.0192,0.1057,-0.1813,0.8561,0.9796
Npm2,Npm2,8.6629,-0.1397,0.4835,-0.289,0.7726,0.97
Npm3,Npm3,1087.5955,-0.1182,0.0961,-1.2303,0.2186,0.8302
Npm3-ps1,Npm3-ps1,12.8862,-0.4923,0.3737,-1.3173,0.1877,0.8161
Npnt,Npnt,5185.5496,-0.2213,0.2713,-0.8157,0.4147,0.9033
Nppa,Nppa,1.369,0.1154,1.436,0.0804,0.936,0.9923
Nppb,Nppb,13.2956,0.4506,0.5383,0.8371,0.4026,0.9033
Nppc,Nppc,6.5342,-0.4095,0.8437,-0.4854,0.6274,0.9451
Npr1,Npr1,7.7382,-0.3155,0.5257,-0.6001,0.5484,0.9289
Npr2,Npr2,2140.4674,0.1625,0.0832,1.9531,0.0508,0.7364
Npr3,Npr3,90.2475,-0.5559,0.2526,-2.2009,0.0277,0.732
Nprl2,Nprl2,602.8843,0.1829,0.1221,1.4977,0.1342,0.7823
Nprl3,Nprl3,979.4147,0.1173,0.086,1.3648,0.1723,0.8069
Nps,Nps,2.831,0.9433,0.8332,1.1321,0.2576,0.8482
Nptn,Nptn,13933.0321,0.0708,0.0828,0.8558,0.3921,0.8986
Nptx1,Nptx1,1166.2223,-0.3227,0.3264,-0.9888,0.3228,0.8731
Nptxr,Nptxr,27.6232,-0.6084,0.2977,-2.0434,0.041,0.732
Npw,Npw,0.9459,-0.6014,1.4119,-0.4259,0.6702,0.9578
Npy,Npy,0.7369,-0.8017,1.9335,-0.4146,0.6784,0.961
Npy1r,Npy1r,199.5812,1.1063,0.9064,1.2205,0.2223,0.8307
Npy4r,Npy4r,18.6896,1.4505,0.8333,1.7407,0.0817,0.7572
Npy5r,Npy5r,1.3649,0.4398,1.2854,0.3422,0.7322,0.9694
Nqo1,Nqo1,1124.1852,0.8401,0.6832,1.2297,0.2188,0.8302
Nqo2,Nqo2,1536.2795,0.0657,0.0935,0.702,0.4827,0.9168
Nr1d1,Nr1d1,2367.2516,-0.1444,0.1733,-0.8332,0.4048,0.9033
Nr1d2,Nr1d2,1667.0763,-0.1364,0.2615,-0.5217,0.6019,0.941
Nr1h2,Nr1h2,2005.552,0.2266,0.1151,1.9687,0.049,0.7364
Nr1h3,Nr1h3,109.1159,0.6182,0.2748,2.2494,0.0245,0.732
Nr1h4,Nr1h4,0.8316,0.0045,1.6857,0.0026,0.9979,1
Nr1h5,Nr1h5,19.2775,-0.2753,0.382,-0.7206,0.4711,0.9168
Nr1i2,Nr1i2,1.7911,0.7762,1.1055,0.7022,0.4826,0.9168
Nr1i3,Nr1i3,4.5117,-0.1175,0.6572,-0.1788,0.8581,0.9797
Nr2c1,Nr2c1,1105.2684,0.124,0.0802,1.5466,0.122,0.7753
Nr2c2,Nr2c2,863.3102,-0.045,0.1603,-0.2806,0.779,0.97
Nr2c2ap,Nr2c2ap,40.4488,0.2586,0.3099,0.8345,0.404,0.9033
Nr2f1,Nr2f1,280.0383,-0.2032,0.1583,-1.2842,0.1991,0.8248
Nr2f2,Nr2f2,864.0892,-0.2163,0.1348,-1.6044,0.1086,0.7736
Nr2f6,Nr2f6,1508.7001,-0.047,0.0863,-0.5442,0.5863,0.9355
Nr3c1,Nr3c1,3379.4875,0.0322,0.1866,0.1723,0.8632,0.9807
Nr3c2,Nr3c2,18.2387,0.0895,0.3439,0.2604,0.7946,0.971
Nr4a1,Nr4a1,522.9765,-0.0723,0.1299,-0.557,0.5775,0.9346
Nr4a2,Nr4a2,212.1293,-0.033,0.1959,-0.1683,0.8663,0.9815
Nr4a3,Nr4a3,38.491,-0.6597,0.4638,-1.4223,0.1549,0.8007
Nr5a1,Nr5a1,1.8955,-0.5748,1.2885,-0.4461,0.6555,0.9548
Nr6a1,Nr6a1,290.7584,0.0499,0.1174,0.4254,0.6705,0.9578
Nradd,Nradd,1645.159,0.2698,0.1195,2.2564,0.024,0.732
Nrap,Nrap,1603.0082,0.0186,0.191,0.0973,0.9225,0.9891
Nrarp,Nrarp,39.204,-0.5304,0.429,-1.2363,0.2163,0.8286
Nras,Nras,4021.4853,-0.09,0.1114,-0.8075,0.4194,0.9047
Nrbf2,Nrbf2,1006.9503,0.1036,0.1197,0.8654,0.3868,0.8952
Nrbp1,Nrbp1,4522.0143,-0.0706,0.0943,-0.7491,0.4538,0.9127
Nrbp2,Nrbp2,591.7207,0.0626,0.0779,0.8037,0.4216,0.906
Nrcam,Nrcam,16.7616,0.4448,0.492,0.904,0.366,0.8891
Nrd1,Nrd1,5593.3189,0.029,0.0543,0.5341,0.5933,0.9385
Nrde2,Nrde2,722.4645,0.0564,0.0832,0.6783,0.4976,0.9181
Nrep,Nrep,3039.926,-0.3696,0.2536,-1.4578,0.1449,0.7928
Nrf1,Nrf1,1156.4529,-0.0736,0.0954,-0.7715,0.4404,0.9112
Nrg1,Nrg1,420.7081,-0.2848,0.1382,-2.0613,0.0393,0.732
Nrg4,Nrg4,16.9119,0.019,0.4048,0.047,0.9625,0.997
Nrgn,Nrgn,0.3176,-0.6877,2.5704,-0.2675,0.789,0.97
Nrip1,Nrip1,294.0708,-0.0961,0.2643,-0.3636,0.7162,0.9662
Nrip2,Nrip2,42.6632,0.4646,0.349,1.3311,0.1831,0.8131
Nrip3,Nrip3,5.0418,-0.077,0.6341,-0.1215,0.9033,0.9861
Nrk,Nrk,1.6829,-1.9874,1.237,-1.6067,0.1081,0.7727
Nrm,Nrm,395.0828,-0.43,0.2394,-1.7958,0.0725,0.752
Nrn1,Nrn1,1095.0212,0.8758,0.4659,1.8799,0.0601,0.7456
Nrn1l,Nrn1l,4.1967,-0.6217,0.6752,-0.9207,0.3572,0.8858
Nrp,Nrp,8.0625,-0.0056,0.5275,-0.0107,0.9915,1
Nrp1,Nrp1,2953.5405,-0.1341,0.1309,-1.0245,0.3056,0.8643
Nrp2,Nrp2,6934.5516,0.1283,0.148,0.8667,0.3861,0.8952
Nrros,Nrros,1.3631,-0.0003,1.4626,-0.0002,0.9998,1
Nrtn,Nrtn,5.8857,-0.3305,0.6828,-0.4841,0.6283,0.9451
Nrxn1,Nrxn1,0.7297,-1.0124,1.5531,-0.6518,0.5145,0.9199
Nrxn3,Nrxn3,70.3657,-0.1691,0.3117,-0.5424,0.5876,0.9355
Nsa2,Nsa2,5139.6854,0.0275,0.1014,0.2713,0.7862,0.97
Nsd1,Nsd1,3841.2425,-0.1841,0.1759,-1.0469,0.2952,0.8606
Nsdhl,Nsdhl,2640.7942,0.0126,0.1054,0.1199,0.9046,0.9865
Nsf,Nsf,1955.3199,0.111,0.1068,1.0391,0.2988,0.861
Nsfl1c,Nsfl1c,3352.5956,-0.0135,0.0742,-0.1823,0.8553,0.9796
Nsg1,Nsg1,6123.6747,0.2253,0.21,1.0729,0.2833,0.8606
Nsl1,Nsl1,304.8675,-0.8432,0.3752,-2.2474,0.0246,0.732
Nsmaf,Nsmaf,1567.3994,0.0118,0.079,0.1497,0.881,0.9824
Nsmce1,Nsmce1,880.7255,-0.0253,0.1025,-0.2466,0.8052,0.9724
Nsmce2,Nsmce2,2128.1223,0.1248,0.0858,1.4547,0.1458,0.7928
Nsmce4a,Nsmce4a,1389.8942,0.0249,0.1387,0.1796,0.8574,0.9796
Nsmf,Nsmf,1839.8571,-0.0775,0.0818,-0.948,0.3431,0.8796
Nsun2,Nsun2,5158.8534,-0.0089,0.0876,-0.1017,0.919,0.9879
Nsun3,Nsun3,127.1575,0.1275,0.1618,0.7882,0.4306,0.9081
Nsun4,Nsun4,1107.7936,0.0243,0.0702,0.3463,0.7291,0.9694
Nsun5,Nsun5,473.4089,-0.0237,0.1104,-0.2146,0.8301,0.9774
Nsun6,Nsun6,208.799,-0.0137,0.1103,-0.1243,0.9011,0.986
Nsun7,Nsun7,7.5268,0.3991,0.5017,0.7954,0.4264,0.907
Nt5c,Nt5c,1021.1599,0.0754,0.1291,0.584,0.5592,0.9294
Nt5c2,Nt5c2,2456.807,0.0744,0.0576,1.2916,0.1965,0.8209
Nt5c3,Nt5c3,931.6086,0.0277,0.0886,0.3127,0.7545,0.9694
Nt5c3b,Nt5c3b,1160.0272,-0.0215,0.0936,-0.2296,0.8184,0.9753
Nt5dc1,Nt5dc1,681.982,-0.0578,0.1013,-0.5709,0.5681,0.9312
Nt5dc2,Nt5dc2,5025.0956,-0.3528,0.2074,-1.7015,0.0889,0.764
Nt5dc3,Nt5dc3,2056.7578,0.0526,0.0758,0.6941,0.4876,0.917
Nt5e,Nt5e,1165.9412,0.4082,0.2476,1.6488,0.0992,0.7669
Nt5m,Nt5m,571.9546,0.0495,0.1052,0.4706,0.6379,0.9487
Ntan1,Ntan1,886.7471,-0.0718,0.1208,-0.5943,0.5523,0.929
Ntf5,Ntf5,21.9731,-0.0873,0.4444,-0.1965,0.8442,0.9775
Nthl1,Nthl1,254.2722,0.0043,0.1141,0.0375,0.9701,0.999
Ntmt1,Ntmt1,1032.5018,0.0431,0.0941,0.4582,0.6468,0.953
Ntn1,Ntn1,4215.9091,-0.0773,0.2114,-0.3657,0.7146,0.9662
Ntn3,Ntn3,11.7508,-0.0152,0.4049,-0.0376,0.97,0.999
Ntn4,Ntn4,674.205,-0.237,0.2467,-0.961,0.3365,0.8781
Ntn5,Ntn5,43.7696,-0.7229,0.3815,-1.8949,0.0581,0.7409
Ntng2,Ntng2,57.682,0.7517,0.3963,1.8971,0.0578,0.7399
Ntpcr,Ntpcr,311.4917,0.0349,0.1033,0.3382,0.7352,0.9694
Ntrk3,Ntrk3,9.4072,-0.256,0.5725,-0.4473,0.6547,0.9548
Ntsr2,Ntsr2,3.4272,-2.0258,1.2955,-1.5637,0.1179,0.7753
Nuak1,Nuak1,3367.2445,-0.2833,0.2226,-1.2722,0.2033,0.8262
Nuak2,Nuak2,476.2668,-0.2999,0.1617,-1.8547,0.0636,0.7457
Nub1,Nub1,3517.7336,0.1163,0.0969,1.2006,0.2299,0.8329
Nubp1,Nubp1,766.1223,0.0322,0.1622,0.1988,0.8424,0.9775
Nubp2,Nubp2,1305.9043,0.163,0.1373,1.187,0.2352,0.8369
Nubpl,Nubpl,501.2251,0.0736,0.1086,0.6774,0.4982,0.9181
Nucb1,Nucb1,9086.6209,0.3268,0.168,1.9454,0.0517,0.7364
Nucb2,Nucb2,1549.832,0.059,0.1103,0.5354,0.5924,0.9384
Nucks1,Nucks1,7618.7473,-0.4086,0.2203,-1.8549,0.0636,0.7457
Nudc,Nudc,3377.9729,-0.0318,0.0841,-0.3779,0.7055,0.965
Nudcd1,Nudcd1,1767.7621,-0.1857,0.1649,-1.1263,0.26,0.8516
Nudcd2,Nudcd2,2675.7387,-0.0832,0.1101,-0.7557,0.4498,0.912
Nudcd3,Nudcd3,5836.7078,0.0367,0.0668,0.549,0.583,0.9353
Nudt1,Nudt1,180.8859,-0.1086,0.2,-0.5429,0.5872,0.9355
Nudt12,Nudt12,64.4092,-0.2295,0.217,-1.0577,0.2902,0.8606
Nudt13,Nudt13,422.9329,0.0587,0.1274,0.4605,0.6452,0.9522
Nudt14,Nudt14,635.8185,-0.1632,0.1614,-1.0112,0.3119,0.8682
Nudt15,Nudt15,43.1437,0.123,0.4042,0.3044,0.7608,0.97
Nudt16,Nudt16,321.9463,0.1457,0.1088,1.3386,0.1807,0.8127
Nudt16l1,Nudt16l1,724.0386,0.0892,0.1424,0.6263,0.5311,0.925
Nudt17,Nudt17,111.5927,-0.2909,0.2572,-1.1312,0.258,0.8483
Nudt18,Nudt18,896.3715,0.1146,0.1155,0.9918,0.3213,0.873
Nudt19,Nudt19,824.4203,0.1178,0.1116,1.0555,0.2912,0.8606
Nudt2,Nudt2,817.5426,-0.0396,0.0821,-0.4823,0.6296,0.9451
Nudt21,Nudt21,3041.0863,-0.0374,0.0996,-0.3754,0.7074,0.9657
Nudt22,Nudt22,329.499,-0.0347,0.1046,-0.3321,0.7398,0.9694
Nudt3,Nudt3,3292.9603,0.0418,0.0861,0.4854,0.6274,0.9451
Nudt4,Nudt4,11153.8891,-0.1347,0.0738,-1.8249,0.068,0.7495
Nudt5,Nudt5,1050.5701,-0.0583,0.0862,-0.676,0.499,0.9181
Nudt6,Nudt6,281.8542,0.247,0.1636,1.5099,0.1311,0.7771
Nudt7,Nudt7,3.1387,0.1882,0.8458,0.2225,0.8239,0.9766
Nudt8,Nudt8,325.5848,-0.039,0.1567,-0.2487,0.8036,0.9719
Nudt9,Nudt9,2904.4604,0.2974,0.2133,1.3945,0.1632,0.8037
Nuf2,Nuf2,1195.7056,-0.9303,0.4331,-2.148,0.0317,0.732
Nufip1,Nufip1,903.1288,0.007,0.0771,0.0906,0.9278,0.9911
Nufip2,Nufip2,2924.9424,-0.1539,0.2172,-0.7086,0.4786,0.9168
Nuggc,Nuggc,1.1492,-0.3054,1.2203,-0.2502,0.8024,0.9719
Numa1,Numa1,6534.5045,0.0922,0.084,1.0972,0.2725,0.8588
Numb,Numb,1128.7322,0.0723,0.0926,0.78,0.4354,0.9089
Numbl,Numbl,1924.4075,0.0368,0.0786,0.4684,0.6395,0.9492
Nup107,Nup107,1978.6533,-0.3103,0.1285,-2.4152,0.0157,0.732
Nup133,Nup133,1479.5773,-0.056,0.0735,-0.7616,0.4463,0.912
Nup153,Nup153,2899.6875,-0.1965,0.1471,-1.3355,0.1817,0.8131
Nup155,Nup155,2557.5438,-0.2618,0.1189,-2.2031,0.0276,0.732
Nup160,Nup160,1194.4556,-0.2748,0.1437,-1.912,0.0559,0.7377
Nup188,Nup188,2861.5307,0.0593,0.1006,0.5895,0.5555,0.929
Nup205,Nup205,3187.9739,-0.1251,0.0582,-2.1496,0.0316,0.732
Nup210,Nup210,27.1212,-0.4224,0.5062,-0.8344,0.4041,0.9033
Nup210l,Nup210l,28.9565,-0.4016,0.3486,-1.1519,0.2493,0.844
Nup214,Nup214,2133.3131,0.0073,0.0651,0.1128,0.9102,0.9871
Nup35,Nup35,1081.7459,-0.103,0.0853,-1.2083,0.2269,0.8325
Nup37,Nup37,815.1521,-0.2433,0.1183,-2.0561,0.0398,0.732
Nup43,Nup43,658.825,-0.2084,0.1161,-1.7947,0.0727,0.752
Nup50,Nup50,2933.9301,-0.0879,0.0636,-1.3828,0.1667,0.8041
Nup54,Nup54,1078.6668,-0.115,0.1009,-1.1404,0.2541,0.8453
Nup62,Nup62,2105.0598,-0.1309,0.1246,-1.0512,0.2932,0.8606
Nup62-il4i1,Nup62-il4i1,2.6107,-0.8939,0.8798,-1.016,0.3096,0.8672
Nup85,Nup85,1742.186,-0.2056,0.0972,-2.116,0.0343,0.732
Nup88,Nup88,3027.3566,-0.079,0.0632,-1.25,0.2113,0.8265
Nup93,Nup93,4244.0168,-0.0627,0.127,-0.494,0.6213,0.9436
Nup98,Nup98,2709.2946,-0.0469,0.0828,-0.5667,0.5709,0.932
Nupl1,Nupl1,1445.4047,-0.1643,0.0851,-1.9311,0.0535,0.7365
Nupl2,Nupl2,465.9757,-0.0642,0.1088,-0.5901,0.5551,0.929
Nupr1,Nupr1,2638.7754,0.25,0.1901,1.3154,0.1884,0.8161
Nupr1l,Nupr1l,5.9776,0.2362,0.6097,0.3875,0.6984,0.9635
Nus1,Nus1,3796.2608,0.0897,0.1225,0.7322,0.464,0.9157
Nusap1,Nusap1,1306.9618,-0.9046,0.4311,-2.0981,0.0359,0.732
Nutf2,Nutf2,460.7747,0.0808,0.0852,0.9486,0.3428,0.8793
Nutm1,Nutm1,0.728,0.8096,1.9326,0.4189,0.6753,0.9598
Nvl,Nvl,1559.7864,-0.1936,0.1547,-1.2519,0.2106,0.8265
Nwd1,Nwd1,6.3868,-0.4403,0.7777,-0.5662,0.5713,0.9321
Nxf1,Nxf1,2543.1772,-0.0522,0.0607,-0.8593,0.3902,0.8977
Nxf2,Nxf2,0.5198,-0.0594,2.0354,-0.0292,0.9767,0.9992
Nxf3,Nxf3,195.2823,-0.207,0.2189,-0.9458,0.3442,0.8803
Nxf7,Nxf7,67.4991,-0.0302,0.3246,-0.0931,0.9258,0.9905
Nxn,Nxn,5835.9443,0.0102,0.0931,0.1091,0.9131,0.9874
Nxnl1,Nxnl1,1.3685,-0.8733,1.2312,-0.7093,0.4782,0.9168
Nxpe2,Nxpe2,0.4194,-0.6884,2.4188,-0.2846,0.7759,0.97
Nxpe3,Nxpe3,223.4853,0.0205,0.126,0.1631,0.8705,0.9818
Nxpe4,Nxpe4,23.7983,0.2499,0.3516,0.7107,0.4773,0.9168
Nxph2,Nxph2,9.4248,0.3411,0.4581,0.7445,0.4566,0.9134
Nxph3,Nxph3,35.1183,0.4632,0.2837,1.6326,0.1026,0.7679
Nxph4,Nxph4,25.3067,0.7096,0.3728,1.9035,0.057,0.7377
Nxt1,Nxt1,657.6191,-0.0985,0.1247,-0.7903,0.4294,0.9079
Nxt2,Nxt2,492.8179,-0.0115,0.136,-0.0845,0.9327,0.9921
Nyap1,Nyap1,342.4695,0.1809,0.195,0.9279,0.3535,0.884
Nynrin,Nynrin,1864.5216,0.0181,0.0999,0.1814,0.8561,0.9796
Nyx,Nyx,4.412,0.4981,0.9686,0.5143,0.6071,0.9411
Oacyl,Oacyl,3.2585,-0.5882,1.0594,-0.5553,0.5787,0.9346
Oaf,Oaf,1850.6355,0.0557,0.1452,0.3834,0.7014,0.9635
Oard1,Oard1,596.974,0.0142,0.0897,0.1585,0.8741,0.9819
Oas1a,Oas1a,2.0851,-0.3218,0.987,-0.326,0.7444,0.9694
Oas1b,Oas1b,8.2599,0.1226,0.6914,0.1774,0.8592,0.98
Oas1c,Oas1c,2.1862,-0.5881,1.1159,-0.527,0.5982,0.9397
Oas2,Oas2,3.7489,-0.637,0.9623,-0.662,0.508,0.9188
Oas3,Oas3,2.5119,-0.3418,0.9178,-0.3724,0.7096,0.9662
Oasl1,Oasl1,21.1909,0.5845,0.5927,0.9861,0.3241,0.8734
Oasl2,Oasl2,175.2265,-0.1587,0.3317,-0.4785,0.6323,0.9466
Oat,Oat,6343.6269,0.021,0.0703,0.2989,0.7651,0.97
Oaz2,Oaz2,3693.9661,-0.0235,0.1061,-0.2216,0.8246,0.9766
Oaz3,Oaz3,32.8058,-0.4165,0.5525,-0.754,0.4509,0.9121
Obfc1,Obfc1,1323.3279,0.001,0.0862,0.0113,0.991,1
Obscn,Obscn,1119.2981,-0.0924,0.2902,-0.3182,0.7503,0.9694
Obsl1,Obsl1,4898.2554,-0.3046,0.2851,-1.0683,0.2854,0.8606
Oc90,Oc90,0.4234,-1.1722,2.4209,-0.4842,0.6282,0.9451
Ocel1,Ocel1,354.8236,0.2612,0.1304,2.003,0.0452,0.7364
Ociad1,Ociad1,7607.1339,0.1048,0.0515,2.0348,0.0419,0.732
Ociad2,Ociad2,614.2721,0.3139,0.1073,2.9252,0.0034,0.732
Ocln,Ocln,27.6357,0.1628,0.2884,0.5644,0.5725,0.9324
Ocrl,Ocrl,1248.5908,-0.0187,0.0875,-0.2135,0.8309,0.9774
Ocstamp,Ocstamp,0.4219,1.1796,2.4214,0.4871,0.6262,0.9451
Odc1,Odc1,5562.6005,-0.0406,0.0786,-0.5159,0.6059,0.941
Odf2,Odf2,2170.0295,-0.0288,0.0733,-0.3934,0.694,0.9623
Odf2l,Odf2l,394.7257,-0.1473,0.2123,-0.6937,0.4878,0.9171
Odf3,Odf3,0.4209,0.0036,2.4869,0.0014,0.9989,1
Odf3l1,Odf3l1,17.4149,-0.0257,0.352,-0.0729,0.9419,0.9925
Odf3l2,Odf3l2,1.1511,0.6298,1.8193,0.3462,0.7292,0.9694
Ofd1,Ofd1,332.4662,-0.0542,0.1552,-0.3495,0.7267,0.9693
Ogdh,Ogdh,7360.5492,0.0141,0.0727,0.1941,0.8461,0.9776
Ogdhl,Ogdhl,56.739,-0.0047,0.3709,-0.0128,0.9898,1
Ogfod1,Ogfod1,2632.359,-0.0215,0.1076,-0.1998,0.8417,0.9775
Ogfod2,Ogfod2,399.0197,0.1985,0.1214,1.6348,0.1021,0.7679
Ogfod3,Ogfod3,439.6729,0.0205,0.1205,0.1698,0.8652,0.9814
Ogfr,Ogfr,2028.0767,-0.0316,0.0918,-0.3448,0.7303,0.9694
Ogfrl1,Ogfrl1,174.1161,0.0417,0.1476,0.2826,0.7775,0.97
Ogg1,Ogg1,387.8674,0.1695,0.1759,0.9637,0.3352,0.8778
Ogn,Ogn,6864.2043,-0.51,0.605,-0.843,0.3992,0.901
Ogt,Ogt,5849.5194,0.0369,0.1718,0.2149,0.8299,0.9774
Oip5,Oip5,191.5615,-0.6236,0.2955,-2.1105,0.0348,0.732
Oit1,Oit1,1.8673,-0.7882,1.4831,-0.5314,0.5951,0.9386
Oit3,Oit3,18.2232,0.7609,0.4293,1.7725,0.0763,0.7567
Ola1,Ola1,3728.7577,-0.1653,0.1191,-1.3884,0.165,0.8037
Olfm1,Olfm1,7807.6749,0.2219,0.0835,2.6573,0.0079,0.732
Olfm2,Olfm2,5.4279,-0.9194,0.627,-1.4663,0.1426,0.7928
Olfml2a,Olfml2a,129.6826,-0.3531,0.278,-1.2703,0.204,0.8262
Olfml2b,Olfml2b,6314.6231,-0.5612,0.3205,-1.7509,0.08,0.7572
Olfml3,Olfml3,9286.1456,-0.1972,0.1474,-1.3382,0.1808,0.8127
Olfr1250,Olfr1250,1.678,-1.2425,1.2649,-0.9823,0.326,0.8747
Olfr1251,Olfr1251,8.2704,0.6136,0.5244,1.17,0.242,0.8407
Olfr1259,Olfr1259,0.4228,0.0028,2.4853,0.0011,0.9991,1
Olfr1264,Olfr1264,0.3168,-0.6843,2.5711,-0.2661,0.7901,0.97
Olfr1349,Olfr1349,0.4201,1.1774,2.423,0.4859,0.627,0.9451
Olfr1372-ps1,Olfr1372-ps1,6.9173,-0.2132,0.5327,-0.4002,0.689,0.9623
Olfr1417,Olfr1417,0.8361,1.2343,1.9151,0.6445,0.5193,0.9219
Olfr1420,Olfr1420,0.5244,0.0742,2.035,0.0365,0.9709,0.999
Olfr18,Olfr18,0.3166,-0.6835,2.5715,-0.2658,0.7904,0.97
Olfr215,Olfr215,2.6345,-0.5226,1.0829,-0.4826,0.6294,0.9451
Olfr222,Olfr222,0.6253,1.6565,2.3815,0.6956,0.4867,0.9168
Olfr31,Olfr31,1.5663,0.0744,1.1212,0.0663,0.9471,0.9934
Olfr455,Olfr455,0.6323,-0.8682,1.8829,-0.4611,0.6447,0.9518
Olfr456,Olfr456,6.3835,0.2276,0.5707,0.3989,0.69,0.9623
Olfr531,Olfr531,0.7299,1.866,2.1561,0.8655,0.3868,0.8952
Olfr543,Olfr543,0.7391,-1.1832,1.7945,-0.6593,0.5097,0.9195
Olfr56,Olfr56,0.4195,0.7875,2.479,0.3177,0.7507,0.9694
Olfr805,Olfr805,116.5646,-0.7863,0.3242,-2.4255,0.0153,0.732
Olfr809,Olfr809,0.7313,0.9018,1.9909,0.4529,0.6506,0.9543
Olfr810,Olfr810,34.6293,0.3467,0.4409,0.7862,0.4318,0.9082
Olfr856-ps1,Olfr856-ps1,0.5267,1.5429,2.3443,0.6581,0.5104,0.9195
Olfr90,Olfr90,0.5195,-1.3856,2.3878,-0.5803,0.5617,0.9294
Olfr901,Olfr901,0.4139,-0.7723,2.4834,-0.311,0.7558,0.9694
Olfr920,Olfr920,7.3006,1.0527,0.6418,1.6401,0.101,0.7677
Olfr99,Olfr99,1.8792,0.1965,1.1601,0.1694,0.8655,0.9815
Olr1,Olr1,6.2849,-0.8557,0.6381,-1.3411,0.1799,0.8123
Oma1,Oma1,445.2893,0.0845,0.1046,0.808,0.4191,0.9047
Omd,Omd,409.165,-0.3119,0.7464,-0.4179,0.676,0.9598
Omg,Omg,2.1058,0.141,1.105,0.1276,0.8985,0.9855
Omp,Omp,10.6705,-0.0221,0.4431,-0.0499,0.9602,0.9969
Onecut2,Onecut2,19.6892,-0.4499,0.4431,-1.0155,0.3099,0.8672
Ooep,Ooep,4.7028,-0.7681,0.8029,-0.9567,0.3387,0.879
Opa1,Opa1,2785.2278,-0.1212,0.1451,-0.8355,0.4034,0.9033
Opa3,Opa3,803.4126,-0.0003,0.0773,-0.0043,0.9966,1
Ophn1,Ophn1,773.042,-0.1368,0.162,-0.8444,0.3984,0.8997
Oplah,Oplah,760.5077,0.5377,0.2504,2.1477,0.0317,0.732
Opn1sw,Opn1sw,6.8218,0.3329,0.5288,0.6296,0.529,0.9237
Opn3,Opn3,345.534,0.2744,0.0944,2.9065,0.0037,0.732
Opn4,Opn4,2.5127,0.3607,0.8557,0.4215,0.6734,0.9589
Optc,Optc,41.0959,-0.5154,0.2359,-2.1849,0.0289,0.732
Optn,Optn,930.5495,0.1853,0.1516,1.222,0.2217,0.8307
Orai1,Orai1,692.8096,0.1069,0.0931,1.1475,0.2512,0.8443
Orai2,Orai2,1828.2237,0.1532,0.1413,1.0843,0.2782,0.8588
Orai3,Orai3,721.2094,0.2199,0.1514,1.4521,0.1465,0.7941
Oraov1,Oraov1,607.1108,0.0462,0.1394,0.3312,0.7405,0.9694
Orc1,Orc1,180.4208,-0.6358,0.2497,-2.546,0.0109,0.732
Orc2,Orc2,1665.7259,-0.1992,0.1169,-1.7045,0.0883,0.764
Orc3,Orc3,2231.0782,-0.142,0.1388,-1.0224,0.3066,0.8653
Orc4,Orc4,1350.2004,-0.0791,0.1551,-0.5101,0.61,0.9416
Orc5,Orc5,787.3734,-0.0408,0.1021,-0.4,0.6892,0.9623
Orc6,Orc6,1321.4156,-0.3923,0.1056,-3.7155,0.0002,0.3039
Orm1,Orm1,288.6619,0.9236,0.4671,1.9773,0.048,0.7364
Orm2,Orm2,40.6147,0.4416,0.3758,1.1752,0.2399,0.84
Orm3,Orm3,50.2813,0.4094,0.3216,1.2732,0.203,0.8262
Ormdl1,Ormdl1,727.0288,0.2095,0.1502,1.3951,0.163,0.8037
Ormdl2,Ormdl2,294.3015,0.0181,0.1572,0.1152,0.9083,0.987
Ormdl3,Ormdl3,3064.176,0.2049,0.1344,1.5243,0.1274,0.7753
Os9,Os9,8491.4117,0.3623,0.1719,2.1072,0.0351,0.732
Osbp,Osbp,4151.5393,-0.0362,0.0521,-0.6959,0.4865,0.9168
Osbp2,Osbp2,516.3925,-0.2379,0.2534,-0.9386,0.3479,0.8829
Osbpl10,Osbpl10,87.0204,-0.2506,0.1897,-1.3209,0.1865,0.8161
Osbpl11,Osbpl11,1630.7907,-0.014,0.0942,-0.1491,0.8815,0.9824
Osbpl1a,Osbpl1a,868.9531,0.1682,0.159,1.0578,0.2902,0.8606
Osbpl2,Osbpl2,2117.6144,0.0982,0.0773,1.2699,0.2041,0.8262
Osbpl3,Osbpl3,1636.7473,-0.1114,0.1571,-0.7091,0.4783,0.9168
Osbpl5,Osbpl5,3613.297,0.0782,0.0785,0.9971,0.3187,0.8707
Osbpl6,Osbpl6,106.7211,-0.2944,0.2196,-1.3405,0.1801,0.8124
Osbpl7,Osbpl7,216.1557,0.0836,0.1702,0.4908,0.6235,0.9451
Osbpl8,Osbpl8,1178.3526,0.2315,0.1978,1.1703,0.2419,0.8407
Osbpl9,Osbpl9,6824.2552,0.1806,0.145,1.246,0.2128,0.8265
Oscar,Oscar,1.3567,0.0807,1.1761,0.0686,0.9453,0.9934
Oscp1,Oscp1,244.7044,-0.0648,0.1355,-0.4781,0.6326,0.9466
Oser1,Oser1,883.1934,0.192,0.2291,0.8378,0.4022,0.9026
Osgep,Osgep,1201.7186,-0.011,0.0935,-0.1182,0.9059,0.9867
Osgepl1,Osgepl1,483.8433,-0.1258,0.1096,-1.1478,0.251,0.8443
Osgin1,Osgin1,528.148,-0.0088,0.1336,-0.0657,0.9476,0.9935
Osgin2,Osgin2,714.4647,-0.079,0.1147,-0.6889,0.4909,0.9181
Osmr,Osmr,5901.2951,0.5576,0.27,2.0652,0.0389,0.732
Osr1,Osr1,225.1118,-0.0274,0.1473,-0.1859,0.8525,0.9789
Osr2,Osr2,4.4044,0.25,0.6472,0.3862,0.6993,0.9635
Ost4,Ost4,2326.4974,0.0558,0.1975,0.2823,0.7777,0.97
Ostc,Ostc,5147.8774,0.0722,0.0949,0.761,0.4466,0.912
Ostf1,Ostf1,2422.317,0.1227,0.1238,0.9905,0.3219,0.873
Ostm1,Ostm1,2289.4446,0.1695,0.0976,1.7369,0.0824,0.7572
Ostn,Ostn,1.2561,1.3776,1.5152,0.9092,0.3633,0.8873
Otc,Otc,0.6326,-0.8898,1.6727,-0.532,0.5948,0.9385
Otoa,Otoa,18.4975,-0.519,0.5121,-1.0135,0.3108,0.8677
Otof,Otof,0.4219,-1.1702,2.4222,-0.4831,0.629,0.9451
Otog,Otog,764.5723,-0.4174,0.3782,-1.1038,0.2697,0.8588
Otogl,Otogl,2.0953,-0.1486,1.183,-0.1257,0.9,0.9859
Otop1,Otop1,5.754,1.3195,0.8297,1.5903,0.1118,0.7736
Otop2,Otop2,8.5956,0.2789,0.47,0.5933,0.553,0.929
Otos,Otos,10.158,-0.3461,0.4331,-0.7991,0.4242,0.906
Otp,Otp,0.4208,-1.1671,2.4226,-0.4818,0.63,0.9451
Otub1,Otub1,3178.0025,0.0333,0.0761,0.4378,0.6615,0.955
Otub2,Otub2,471.4677,0.2268,0.1392,1.6286,0.1034,0.7679
Otud1,Otud1,955.3424,0.0497,0.1148,0.4332,0.6649,0.9561
Otud3,Otud3,303.2451,0.1173,0.1159,1.0118,0.3116,0.868
Otud4,Otud4,4361.837,-0.2286,0.2374,-0.9628,0.3356,0.8778
Otud5,Otud5,3277.9614,0.0299,0.058,0.516,0.6058,0.941
Otud6a,Otud6a,0.4176,0.7829,2.4802,0.3157,0.7522,0.9694
Otud6b,Otud6b,2377.2458,-0.1343,0.1301,-1.0321,0.302,0.8615
Otud7a,Otud7a,49.7186,-0.1967,0.3977,-0.4946,0.6209,0.9436
Otud7b,Otud7b,3827.5372,-0.047,0.0858,-0.5483,0.5835,0.9353
Otulin,Otulin,1449.5511,0.0838,0.0719,1.165,0.244,0.8419
Otx1,Otx1,67.3819,-0.1447,0.1891,-0.7655,0.444,0.9118
Ovca2,Ovca2,439.5585,0.1074,0.0995,1.0789,0.2806,0.8603
Ovgp1,Ovgp1,48.6502,0.0916,0.2801,0.327,0.7436,0.9694
Ovol1,Ovol1,8.1783,-0.076,0.4653,-0.1634,0.8702,0.9818
Oxa1l,Oxa1l,2655.1823,0.0985,0.0811,1.2136,0.2249,0.8316
Oxct1,Oxct1,6067.1052,0.009,0.1248,0.0721,0.9425,0.9927
Oxct2a,Oxct2a,1.1593,-1.3519,1.4616,-0.9249,0.355,0.8851
Oxld1,Oxld1,105.4321,0.2302,0.2077,1.1084,0.2677,0.8562
Oxnad1,Oxnad1,817.209,0.1411,0.0981,1.4379,0.1505,0.7968
Oxr1,Oxr1,4100.9024,0.0072,0.1389,0.0521,0.9585,0.9964
Oxsm,Oxsm,535.9233,-0.0304,0.1141,-0.2669,0.7895,0.97
Oxsr1,Oxsr1,2598.3324,0.0388,0.0776,0.5,0.6171,0.9428
Oxt,Oxt,0.4195,0.7875,2.479,0.3177,0.7507,0.9694
Oxtr,Oxtr,10.082,-0.358,0.5728,-0.625,0.532,0.9252
P2rx1,P2rx1,5.6489,0.1196,0.5932,0.2016,0.8402,0.9775
P2rx2,P2rx2,7.8513,-0.5586,0.5757,-0.9703,0.3319,0.8775
P2rx3,P2rx3,43.799,1.2615,0.775,1.6278,0.1036,0.7679
P2rx4,P2rx4,3808.5746,0.7732,0.3103,2.492,0.0127,0.732
P2rx5,P2rx5,311.6437,-0.3844,0.3651,-1.0527,0.2925,0.8606
P2rx6,P2rx6,799.2755,0.5741,0.3012,1.9059,0.0567,0.7377
P2rx7,P2rx7,1785.1917,0.5275,0.2366,2.2299,0.0258,0.732
P2ry1,P2ry1,10.7107,-0.5603,0.6436,-0.8706,0.384,0.8935
P2ry10,P2ry10,0.5236,0.0707,2.0347,0.0347,0.9723,0.999
P2ry14,P2ry14,16.932,-0.4491,0.544,-0.8257,0.409,0.9033
P2ry2,P2ry2,639.0248,0.2439,0.1995,1.2227,0.2214,0.8307
P2ry6,P2ry6,9.4461,0.0054,0.4651,0.0117,0.9907,1
P3h1,P3h1,3975.1391,0.093,0.0709,1.3117,0.1896,0.8161
P3h2,P3h2,120.34,-0.3124,0.1694,-1.8443,0.0651,0.7457
P3h3,P3h3,2474.0363,0.0961,0.1103,0.8713,0.3836,0.8935
P3h4,P3h4,5833.1974,-0.0378,0.0985,-0.3838,0.7012,0.9635
P4ha1,P4ha1,16398.8774,0.0025,0.1474,0.0168,0.9866,1
P4ha2,P4ha2,6467.7518,0.4814,0.2721,1.7688,0.0769,0.7572
P4ha3,P4ha3,1519.8998,-0.6171,0.2816,-2.1918,0.0284,0.732
P4hb,P4hb,59133.9225,0.2696,0.1536,1.7556,0.0792,0.7572
P4htm,P4htm,101.9467,0.185,0.1691,1.0944,0.2738,0.8588
Pa2g4,Pa2g4,7257.24,-0.1219,0.084,-1.4518,0.1466,0.7941
Pabpc1,Pabpc1,29978.967,0.0902,0.13,0.6934,0.488,0.9171
Pabpc1l,Pabpc1l,9.0885,0.2794,0.5098,0.548,0.5837,0.9353
Pabpc4,Pabpc4,5268.9175,-0.0604,0.0568,-1.0631,0.2877,0.8606
Pabpc4l,Pabpc4l,0.6238,-0.6617,1.9731,-0.3354,0.7373,0.9694
Pabpn1,Pabpn1,2673.8983,-0.1406,0.0743,-1.8936,0.0583,0.7417
Pabpn1l,Pabpn1l,2.2953,-0.0172,0.9756,-0.0177,0.9859,1
Pacrg,Pacrg,13.0781,0.1795,0.4026,0.4459,0.6556,0.9548
Pacrgl,Pacrgl,405.9274,0.0328,0.0947,0.3463,0.7291,0.9694
Pacs1,Pacs1,1442.226,0.0757,0.0775,0.9764,0.3289,0.8758
Pacs2,Pacs2,9381.8082,-0.0081,0.0721,-0.1123,0.9106,0.9873
Pacsin1,Pacsin1,69.6927,-0.3291,0.2328,-1.4137,0.1574,0.8015
Pacsin2,Pacsin2,10912.2069,0.0976,0.05,1.9531,0.0508,0.7364
Pacsin3,Pacsin3,2697.9482,0.0269,0.1048,0.2566,0.7975,0.9715
Padi1,Padi1,1.2404,-1.2845,1.5669,-0.8198,0.4123,0.9033
Padi2,Padi2,584.8931,-0.6199,0.6668,-0.9296,0.3526,0.8839
Padi3,Padi3,101.4257,-0.8422,0.5977,-1.409,0.1588,0.8015
Padi4,Padi4,27.7398,-0.453,0.5534,-0.8187,0.4129,0.9033
Padi6,Padi6,1.783,0.1875,1.0085,0.1859,0.8525,0.9789
Paf1,Paf1,1770.9563,0.0189,0.0646,0.2931,0.7695,0.97
Pafah1b1,Pafah1b1,8341.4416,-0.162,0.1895,-0.8548,0.3927,0.8986
Pafah1b2,Pafah1b2,6448.9221,-0.0887,0.0782,-1.1348,0.2565,0.8475
Pafah1b3,Pafah1b3,665.1454,0.1295,0.1653,0.7837,0.4332,0.9089
Pafah2,Pafah2,549.7759,0.2214,0.1125,1.9678,0.0491,0.7364
Pag1,Pag1,45.936,-0.1306,0.2991,-0.4368,0.6622,0.9551
Pagr1a,Pagr1a,808.5411,-0.0642,0.0868,-0.7403,0.4591,0.9141
Paics,Paics,9364.1054,0.0071,0.0839,0.0842,0.9329,0.9921
Paip1,Paip1,2972.6583,-0.0289,0.0733,-0.3947,0.693,0.9623
Paip2,Paip2,5951.8097,0.0544,0.077,0.7066,0.4798,0.9168
Paip2b,Paip2b,1499.4288,-0.0232,0.0702,-0.3309,0.7407,0.9694
Pak1,Pak1,5258.1571,-0.299,0.1708,-1.7507,0.08,0.7572
Pak1ip1,Pak1ip1,3037.0764,0.023,0.0831,0.2763,0.7823,0.97
Pak2,Pak2,4116.0778,-0.0996,0.1201,-0.8296,0.4068,0.9033
Pak3,Pak3,746.2995,-0.173,0.2498,-0.6923,0.4887,0.9175
Pak4,Pak4,913.4789,-0.1146,0.132,-0.8682,0.3853,0.8944
Pak6,Pak6,3.563,-0.0619,0.7298,-0.0848,0.9324,0.9921
Pakap,Pakap,8.9354,-0.3404,1.694,-0.2009,0.8408,0.9775
Palb2,Palb2,86.7632,-0.509,0.2084,-2.4431,0.0146,0.732
Pald1,Pald1,1575.2632,-0.2024,0.1736,-1.1657,0.2437,0.8418
Palld,Palld,12327.0121,-0.4822,0.2475,-1.9481,0.0514,0.7364
Palm,Palm,4446.4157,0.2271,0.116,1.9578,0.0502,0.7364
Palm2,Palm2,567.4978,-0.3906,0.2675,-1.4602,0.1442,0.7928
Palm3,Palm3,274.9485,-0.3782,0.3564,-1.0609,0.2887,0.8606
Palmd,Palmd,30.233,-0.1954,0.4015,-0.4867,0.6265,0.9451
Pam,Pam,10261.1606,0.194,0.0906,2.1422,0.0322,0.732
Pam16,Pam16,696.6711,-0.0388,0.0892,-0.4347,0.6638,0.9561
Pamr1,Pamr1,0.6257,0.438,1.9617,0.2233,0.8233,0.9766
Pan2,Pan2,909.1243,0.0204,0.0658,0.3095,0.7569,0.9694
Pan3,Pan3,1076.1953,0.0052,0.1345,0.0386,0.9692,0.999
Pank1,Pank1,555.2788,0.0424,0.1426,0.2975,0.7661,0.97
Pank2,Pank2,1843.2362,-0.0182,0.0514,-0.3541,0.7232,0.9688
Pank3,Pank3,3039.3104,-0.0181,0.2484,-0.0731,0.9418,0.9925
Pank4,Pank4,906.2116,-0.0466,0.0712,-0.6551,0.5124,0.9197
Panx1,Panx1,1032.2527,0.3171,0.1226,2.5868,0.0097,0.732
Panx2,Panx2,0.9443,0.8068,1.4183,0.5689,0.5695,0.9313
Panx3,Panx3,0.9421,2.3765,1.5749,1.509,0.1313,0.7771
Paox,Paox,330.6378,-0.0946,0.168,-0.563,0.5734,0.9327
Papd4,Papd4,1168.0906,-0.1988,0.1005,-1.9773,0.048,0.7364
Papd5,Papd5,2019.7107,-0.0335,0.1464,-0.2287,0.8191,0.9756
Papd7,Papd7,1715.9176,-0.1045,0.0793,-1.3184,0.1874,0.8161
Papln,Papln,0.5278,0.4979,1.9758,0.252,0.801,0.9719
Papola,Papola,5379.7871,-0.1604,0.1686,-0.9509,0.3417,0.879
Papolb,Papolb,2.4035,-0.1417,0.8625,-0.1643,0.8695,0.9818
Papolg,Papolg,658.4887,-0.1198,0.2049,-0.5845,0.5589,0.9294
Pappa,Pappa,134.9393,-0.1404,0.2588,-0.5425,0.5874,0.9355
Pappa2,Pappa2,192.4636,0.6753,0.248,2.7224,0.0065,0.732
Papss1,Papss1,3638.3254,0.0002,0.0817,0.002,0.9984,1
Papss2,Papss2,90.5855,-0.2918,0.2882,-1.0122,0.3114,0.868
Paqr3,Paqr3,138.0287,0.067,0.1552,0.4314,0.6662,0.9564
Paqr4,Paqr4,311.9978,-0.3812,0.1863,-2.0465,0.0407,0.732
Paqr5,Paqr5,2.1926,-0.1485,1.126,-0.1319,0.8951,0.9848
Paqr6,Paqr6,1.9807,-0.5666,1.1999,-0.4722,0.6368,0.9487
Paqr7,Paqr7,726.4856,0.2033,0.1157,1.7566,0.079,0.7572
Paqr8,Paqr8,296.7521,-0.2128,0.146,-1.4572,0.1451,0.7928
Pard3,Pard3,1831.6202,-0.0472,0.0817,-0.578,0.5633,0.9295
Pard3b,Pard3b,44.4972,-0.0852,0.2233,-0.3817,0.7027,0.9638
Pard6a,Pard6a,234.5499,0.1066,0.0993,1.0733,0.2832,0.8606
Pard6b,Pard6b,16.141,0.3094,0.4327,0.715,0.4746,0.9168
Pard6g,Pard6g,793.9334,-0.1677,0.1042,-1.6088,0.1077,0.7718
Parg,Parg,1781.4181,-0.12,0.1355,-0.885,0.3761,0.8935
Park2,Park2,13.3227,0.6076,0.4135,1.4694,0.1417,0.7919
Park7,Park7,4703.5996,0.1113,0.1011,1.101,0.2709,0.8588
Parl,Parl,1987.0277,-0.0231,0.1111,-0.208,0.8353,0.9774
Parm1,Parm1,230.482,-1.0595,0.5741,-1.8456,0.065,0.7457
Parn,Parn,1528.468,0.0256,0.0938,0.2726,0.7852,0.97
Parp1,Parp1,2768.279,-0.1145,0.0836,-1.3707,0.1705,0.8059
Parp10,Parp10,930.2259,0.0521,0.1427,0.3654,0.7148,0.9662
Parp11,Parp11,364.098,-0.0816,0.0869,-0.9395,0.3475,0.8829
Parp12,Parp12,1118.1753,-0.093,0.1136,-0.8188,0.4129,0.9033
Parp14,Parp14,238.6589,-0.3113,0.2365,-1.3166,0.188,0.8161
Parp16,Parp16,467.237,-0.1434,0.1129,-1.2694,0.2043,0.8262
Parp2,Parp2,1108.9234,-0.1045,0.0875,-1.1952,0.232,0.8353
Parp3,Parp3,3257.5288,0.0181,0.1017,0.1777,0.859,0.98
Parp4,Parp4,1566.199,0.0168,0.0881,0.1906,0.8488,0.9781
Parp6,Parp6,777.1347,0.1825,0.1131,1.614,0.1065,0.7713
Parp8,Parp8,971.0036,0.0356,0.1015,0.351,0.7256,0.9689
Parp9,Parp9,657.079,-0.2924,0.183,-1.5983,0.11,0.7736
Parpbp,Parpbp,326.38,-0.8899,0.4012,-2.218,0.0266,0.732
Pars2,Pars2,254.6274,0.1024,0.1018,1.0061,0.3144,0.8692
Particl,Particl,70.4019,0.2174,0.2901,0.7495,0.4536,0.9125
Parva,Parva,8531.4406,-0.09,0.0671,-1.3407,0.18,0.8123
Parvb,Parvb,3649.5221,0.1273,0.0696,1.8295,0.0673,0.7459
Parvg,Parvg,5.2158,0.3349,0.7548,0.4437,0.6572,0.9548
Pask,Pask,403.0514,-0.5996,0.1957,-3.0636,0.0022,0.7317
Pate2,Pate2,1.3706,0.0938,1.2784,0.0734,0.9415,0.9925
Pate4,Pate4,1.2501,-0.2428,1.4815,-0.1639,0.8698,0.9818
Patl1,Patl1,1932.8357,0.0286,0.083,0.3451,0.73,0.9694
Patl2,Patl2,5.6643,0.1177,0.6207,0.1895,0.8497,0.9781
Patz1,Patz1,981.3946,0.1156,0.0972,1.1894,0.2343,0.8354
Pawr,Pawr,61.3847,-0.0935,0.2179,-0.4289,0.668,0.9568
Pax3,Pax3,2.7172,0.004,0.8028,0.005,0.996,1
Pax5,Pax5,1.6839,1.0253,1.0455,0.9807,0.3268,0.8751
Pax6,Pax6,24.0618,-0.6101,0.3284,-1.858,0.0632,0.7457
Pax6os1,Pax6os1,0.5259,-0.4904,1.9759,-0.2482,0.804,0.9721
Pax7,Pax7,1118.6598,-0.2959,0.1438,-2.0586,0.0395,0.732
Pax8,Pax8,6.6882,1.5312,0.7467,2.0505,0.0403,0.732
Paxbp1,Paxbp1,952.3229,-0.1033,0.1895,-0.545,0.5858,0.9355
Paxip1,Paxip1,997.996,-0.1331,0.0816,-1.6306,0.103,0.7679
Pbdc1,Pbdc1,1983.7493,-0.0604,0.0603,-1.0014,0.3167,0.8701
Pbk,Pbk,1205.2605,-0.9144,0.3974,-2.3008,0.0214,0.732
Pbld1,Pbld1,0.6335,0.0019,1.6767,0.0011,0.9991,1
Pbld2,Pbld2,14.6599,0.64,0.4175,1.5329,0.1253,0.7753
Pbp2,Pbp2,2.4123,-1.3572,0.9275,-1.4632,0.1434,0.7928
Pbrm1,Pbrm1,2533.7381,-0.0385,0.195,-0.1976,0.8434,0.9775
Pbx1,Pbx1,2964.5729,0.105,0.1274,0.8244,0.4097,0.9033
Pbx2,Pbx2,1597.607,0.0317,0.0768,0.4122,0.6802,0.9614
Pbx3,Pbx3,784.8604,-0.3674,0.1875,-1.9597,0.05,0.7364
Pbx4,Pbx4,28.1816,0.1939,0.2626,0.7382,0.4604,0.9142
Pbxip1,Pbxip1,9994.7996,0.0165,0.0917,0.1802,0.857,0.9796
Pcbd1,Pcbd1,104.8068,-0.1764,0.2745,-0.6425,0.5205,0.9222
Pcbd2,Pcbd2,212.8588,0.0971,0.1801,0.5391,0.5898,0.9364
Pcbp1,Pcbp1,12487.1066,-0.05,0.0857,-0.5843,0.559,0.9294
Pcbp2,Pcbp2,12327.2492,0.0844,0.1077,0.7838,0.4332,0.9089
Pcbp3,Pcbp3,351.1014,0.0468,0.1424,0.3291,0.7421,0.9694
Pcbp4,Pcbp4,5687.8285,-0.1134,0.1122,-1.0103,0.3123,0.8685
Pcca,Pcca,1120.5125,0.1047,0.0808,1.2965,0.1948,0.8204
Pccb,Pccb,1604.6257,-0.1401,0.1395,-1.0044,0.3152,0.8693
Pcdh1,Pcdh1,1526.6896,0.2497,0.1008,2.4782,0.0132,0.732
Pcdh10,Pcdh10,1.562,-1.0132,1.1635,-0.8708,0.3839,0.8935
Pcdh12,Pcdh12,0.7307,0.8488,1.6684,0.5088,0.6109,0.9418
Pcdh15,Pcdh15,1.5754,-0.0775,1.1722,-0.0661,0.9473,0.9934
Pcdh18,Pcdh18,1218.7782,-0.4313,0.1671,-2.5811,0.0098,0.732
Pcdh19,Pcdh19,2061.2361,-0.2995,0.2599,-1.1524,0.2491,0.8438
Pcdh20,Pcdh20,0.5198,-0.0594,2.0354,-0.0292,0.9767,0.9992
Pcdh7,Pcdh7,3869.8877,0.2908,0.1138,2.5561,0.0106,0.732
Pcdha10,Pcdha10,0.5268,1.5486,2.282,0.6786,0.4974,0.9181
Pcdha3,Pcdha3,0.8389,0.4052,1.9319,0.2097,0.8339,0.9774
Pcdha9,Pcdha9,3.9744,0.1765,0.6742,0.2618,0.7935,0.9704
Pcdhac2,Pcdhac2,3.5636,0.0738,0.7874,0.0937,0.9253,0.9903
Pcdhb10,Pcdhb10,19.1394,0.3039,0.3466,0.8768,0.3806,0.8935
Pcdhb11,Pcdhb11,56.1072,-0.0556,0.2887,-0.1925,0.8474,0.978
Pcdhb12,Pcdhb12,148.0224,0.1311,0.1821,0.7201,0.4715,0.9168
Pcdhb13,Pcdhb13,50.4929,0.2665,0.2311,1.1532,0.2488,0.8438
Pcdhb14,Pcdhb14,380.8417,-0.0389,0.1463,-0.2657,0.7905,0.97
Pcdhb15,Pcdhb15,103.5332,0.1201,0.1569,0.7657,0.4438,0.9118
Pcdhb16,Pcdhb16,460.8387,-0.009,0.1969,-0.0456,0.9636,0.9975
Pcdhb17,Pcdhb17,568.5046,0.0971,0.1254,0.7747,0.4385,0.9104
Pcdhb18,Pcdhb18,133.8525,0.0095,0.2126,0.0446,0.9644,0.9977
Pcdhb19,Pcdhb19,123.2443,0.0616,0.1424,0.4327,0.6652,0.9561
Pcdhb2,Pcdhb2,15.1088,-0.0186,0.4329,-0.043,0.9657,0.9982
Pcdhb20,Pcdhb20,565.8071,0.0475,0.114,0.4169,0.6768,0.9601
Pcdhb21,Pcdhb21,201.0306,-0.26,0.1935,-1.3434,0.1791,0.8123
Pcdhb22,Pcdhb22,293.2322,-0.1536,0.2148,-0.715,0.4746,0.9168
Pcdhb3,Pcdhb3,17.4551,0.1028,0.4595,0.2238,0.8229,0.9766
Pcdhb4,Pcdhb4,11.2826,0.3223,0.51,0.632,0.5274,0.923
Pcdhb5,Pcdhb5,50.6356,-0.1448,0.213,-0.6799,0.4966,0.9181
Pcdhb6,Pcdhb6,0.8442,0.6889,1.7898,0.3849,0.7003,0.9635
Pcdhb7,Pcdhb7,41.5028,-0.0367,0.2334,-0.1573,0.875,0.9819
Pcdhb8,Pcdhb8,12.1407,-0.0509,0.4221,-0.1205,0.9041,0.9865
Pcdhb9,Pcdhb9,62.8213,0.3912,0.2113,1.8517,0.0641,0.7457
Pcdhga1,Pcdhga1,139.3341,0.4998,0.2168,2.3053,0.0212,0.732
Pcdhga11,Pcdhga11,1.9858,1.0461,1.3493,0.7753,0.4382,0.9104
Pcdhga12,Pcdhga12,3.1433,0.2833,0.7484,0.3785,0.705,0.9646
Pcdhga2,Pcdhga2,14.028,0.5575,0.4886,1.141,0.2539,0.8453
Pcdhga3,Pcdhga3,19.893,-0.2531,0.3639,-0.6954,0.4868,0.9168
Pcdhga4,Pcdhga4,16.3629,-0.0716,0.3593,-0.1993,0.842,0.9775
Pcdhga5,Pcdhga5,3.8603,-0.2073,0.7406,-0.2799,0.7796,0.97
Pcdhga6,Pcdhga6,156.1082,0.2753,0.184,1.4962,0.1346,0.7827
Pcdhga7,Pcdhga7,12.0354,0.2023,0.4211,0.4804,0.6309,0.9457
Pcdhga8,Pcdhga8,3.3447,0.5281,0.7999,0.6602,0.5091,0.9195
Pcdhga9,Pcdhga9,48.0568,0.1341,0.2659,0.5042,0.6141,0.9426
Pcdhgb1,Pcdhgb1,235.1831,0.2794,0.1776,1.5738,0.1155,0.7753
Pcdhgb2,Pcdhgb2,21.7519,0.1798,0.3179,0.5656,0.5716,0.9323
Pcdhgb4,Pcdhgb4,0.3169,0.6972,2.5704,0.2712,0.7862,0.97
Pcdhgb5,Pcdhgb5,0.9468,1.6795,1.5607,1.0761,0.2819,0.8606
Pcdhgb6,Pcdhgb6,27.3629,0.216,0.2733,0.7904,0.4293,0.9079
Pcdhgb7,Pcdhgb7,4.0914,-0.1816,0.7214,-0.2518,0.8012,0.9719
Pcdhgb8,Pcdhgb8,1.6709,-0.1243,1.1527,-0.1078,0.9141,0.9874
Pcdhgc3,Pcdhgc3,11785.6421,0.1859,0.1064,1.7476,0.0805,0.7572
Pcdhgc4,Pcdhgc4,13.8492,-0.324,0.3961,-0.818,0.4133,0.9033
Pcdhgc5,Pcdhgc5,141.7481,-0.2262,0.2202,-1.0273,0.3043,0.8634
Pced1a,Pced1a,704.0195,0.065,0.0992,0.6551,0.5124,0.9197
Pced1b,Pced1b,116.1764,0.0555,0.2072,0.2678,0.7889,0.97
Pcf11,Pcf11,711.5292,-0.0423,0.1534,-0.2755,0.7829,0.97
Pcgf1,Pcgf1,229.151,0.1119,0.1676,0.6679,0.5042,0.9188
Pcgf2,Pcgf2,1015.1669,0.2705,0.1199,2.2558,0.0241,0.732
Pcgf3,Pcgf3,3317.1708,-0.1225,0.149,-0.8223,0.4109,0.9033
Pcgf5,Pcgf5,611.5927,0.0077,0.1095,0.0703,0.9439,0.9931
Pcgf6,Pcgf6,523.4592,-0.0176,0.1182,-0.1485,0.8819,0.9824
Pcid2,Pcid2,1178.9672,0.0986,0.0945,1.0437,0.2966,0.8608
Pcif1,Pcif1,1546.2159,0.0806,0.1224,0.6582,0.5104,0.9195
Pck1,Pck1,2.2959,-0.2922,0.9487,-0.308,0.7581,0.9694
Pck2,Pck2,3253.0763,0.5714,0.2983,1.9156,0.0554,0.7377
Pclo,Pclo,54.2117,0.1081,0.4089,0.2643,0.7915,0.9701
Pcm1,Pcm1,1275.5677,0.0687,0.1714,0.4006,0.6887,0.9623
Pcmt1,Pcmt1,2837.5914,0.0032,0.0508,0.0626,0.9501,0.9939
Pcmtd1,Pcmtd1,1406.7326,0.041,0.2039,0.2009,0.8407,0.9775
Pcmtd2,Pcmtd2,2196.2978,0.0712,0.1426,0.4995,0.6174,0.9428
Pcna,Pcna,3401.0517,-0.2874,0.0876,-3.2803,0.001,0.5459
Pcnp,Pcnp,3235.4036,-0.0508,0.1401,-0.3628,0.7167,0.9662
Pcnt,Pcnt,1191.829,-0.2236,0.1431,-1.5621,0.1183,0.7753
Pcnx,Pcnx,2568.4891,0.0015,0.0872,0.0173,0.9862,1
Pcnxl3,Pcnxl3,2400.6151,0.1175,0.0974,1.2061,0.2278,0.8325
Pcnxl4,Pcnxl4,835.6111,0.1457,0.0935,1.5585,0.1191,0.7753
Pcolce,Pcolce,26264.816,-0.1277,0.1287,-0.9923,0.321,0.8729
Pcolce2,Pcolce2,730.0601,-0.6305,0.2478,-2.5446,0.0109,0.732
Pcp2,Pcp2,0.4193,0.7875,2.4792,0.3176,0.7508,0.9694
Pcp4,Pcp4,0.3158,0.6972,2.5723,0.271,0.7864,0.97
Pcp4l1,Pcp4l1,5.8678,-0.9908,0.605,-1.6378,0.1015,0.7679
Pcsk1,Pcsk1,0.8441,-1.4406,1.8422,-0.782,0.4342,0.9089
Pcsk2,Pcsk2,3.6655,-0.3192,0.702,-0.4547,0.6493,0.9539
Pcsk2os1,Pcsk2os1,1.2655,0.0027,1.3876,0.0019,0.9985,1
Pcsk4,Pcsk4,63.3111,0.0124,0.2238,0.0556,0.9556,0.9953
Pcsk6,Pcsk6,310.7984,-0.2072,0.1823,-1.137,0.2555,0.8467
Pcsk7,Pcsk7,1666.6445,-0.0335,0.0723,-0.4632,0.6432,0.9513
Pcsk9,Pcsk9,284.9734,-0.0976,0.1517,-0.6436,0.5198,0.9221
Pctp,Pctp,22.2626,0.288,0.3683,0.7822,0.4341,0.9089
Pcx,Pcx,1519.0272,0.1808,0.0999,1.8101,0.0703,0.7508
Pcyox1,Pcyox1,6310.83,0.1073,0.0637,1.6852,0.092,0.7643
Pcyox1l,Pcyox1l,484.4618,-0.1827,0.1272,-1.4361,0.151,0.7968
Pcyt1a,Pcyt1a,3428.5262,-0.0023,0.0625,-0.0363,0.971,0.999
Pcyt1b,Pcyt1b,334.1592,-0.4316,0.1958,-2.2049,0.0275,0.732
Pcyt2,Pcyt2,1047.9044,0.0837,0.1107,0.7567,0.4493,0.912
Pdap1,Pdap1,4499.5754,-0.1838,0.0764,-2.4042,0.0162,0.732
Pdc,Pdc,0.7334,1.0548,1.8948,0.5567,0.5777,0.9346
Pdcd10,Pdcd10,1687.0659,-0.1231,0.0908,-1.3563,0.175,0.8089
Pdcd11,Pdcd11,2400.977,-0.0042,0.0879,-0.0482,0.9616,0.997
Pdcd1lg2,Pdcd1lg2,0.4193,0.7875,2.4792,0.3176,0.7508,0.9694
Pdcd2,Pdcd2,602.2619,0.1187,0.1422,0.8342,0.4042,0.9033
Pdcd2l,Pdcd2l,509.7757,0.1084,0.1258,0.8615,0.389,0.8969
Pdcd4,Pdcd4,1308.699,-0.2286,0.1336,-1.7105,0.0872,0.764
Pdcd5,Pdcd5,1400.594,-0.0889,0.0935,-0.9505,0.3419,0.879
Pdcd6,Pdcd6,2948.7031,0.1313,0.1285,1.0218,0.3069,0.8653
Pdcd6ip,Pdcd6ip,7867.7428,-0.0487,0.0618,-0.7883,0.4305,0.9081
Pdcd7,Pdcd7,566.6956,0.0286,0.111,0.2576,0.7967,0.9713
Pdcl,Pdcl,2280.1677,-0.0509,0.1427,-0.3563,0.7216,0.9683
Pdcl3,Pdcl3,3733.1278,-0.0207,0.0497,-0.4163,0.6772,0.9604
Pddc1,Pddc1,753.8478,0.1575,0.1203,1.3091,0.1905,0.8161
Pde10a,Pde10a,309.0726,-0.0005,0.1976,-0.0025,0.998,1
Pde12,Pde12,859.431,-0.1008,0.089,-1.1319,0.2577,0.8482
Pde1a,Pde1a,136.0487,0.3635,0.4611,0.7882,0.4306,0.9081
Pde1b,Pde1b,141.1824,0.2102,0.2162,0.9722,0.3309,0.8768
Pde1c,Pde1c,3.4499,-1.4743,0.8579,-1.7185,0.0857,0.7626
Pde2a,Pde2a,536.4674,-0.4089,0.2598,-1.5739,0.1155,0.7753
Pde3a,Pde3a,14.9795,-0.6165,0.481,-1.2816,0.2,0.8249
Pde3b,Pde3b,582.7619,-0.3348,0.1987,-1.6852,0.0919,0.7643
Pde4a,Pde4a,532.8765,-0.2316,0.1634,-1.4169,0.1565,0.8015
Pde4b,Pde4b,1113.7618,-0.0715,0.1394,-0.5134,0.6077,0.9412
Pde4c,Pde4c,2.0861,-0.0365,1.0789,-0.0339,0.973,0.999
Pde4d,Pde4d,1917.8944,-0.1385,0.1025,-1.3514,0.1766,0.8108
Pde4dip,Pde4dip,5477.8144,-0.0454,0.128,-0.3549,0.7226,0.9684
Pde5a,Pde5a,784.9565,0.067,0.1545,0.4337,0.6645,0.9561
Pde6a,Pde6a,3.0429,0.2467,0.7529,0.3276,0.7432,0.9694
Pde6b,Pde6b,0.9446,0.1379,1.541,0.0895,0.9287,0.9914
Pde6d,Pde6d,1974.6727,0.1376,0.1316,1.0452,0.2959,0.8607
Pde6g,Pde6g,2.8265,0.6361,0.8862,0.7178,0.4729,0.9168
Pde6h,Pde6h,1.048,0.8889,1.3531,0.6569,0.5112,0.9195
Pde7a,Pde7a,1131.2757,-0.2086,0.1813,-1.1506,0.2499,0.8443
Pde7b,Pde7b,202.6467,-0.6896,0.337,-2.0465,0.0407,0.732
Pde8a,Pde8a,288.8155,0.3146,0.2242,1.4036,0.1604,0.8037
Pde8b,Pde8b,37.8362,0.0018,0.2427,0.0073,0.9942,1
Pde9a,Pde9a,0.4234,-1.1722,2.4209,-0.4842,0.6282,0.9451
Pdf,Pdf,781.3735,0.0451,0.094,0.4801,0.6312,0.9458
Pdgfa,Pdgfa,1143.772,0.0724,0.0969,0.7465,0.4553,0.9128
Pdgfb,Pdgfb,665.4256,-0.6389,0.411,-1.5545,0.1201,0.7753
Pdgfc,Pdgfc,3479.9213,-0.391,0.2153,-1.8159,0.0694,0.7507
Pdgfd,Pdgfd,254.5611,0.315,0.2228,1.4136,0.1575,0.8015
Pdgfra,Pdgfra,2027.4415,0.2223,0.1228,1.8114,0.0701,0.7507
Pdgfrb,Pdgfrb,14411.3949,-0.1555,0.1014,-1.5334,0.1252,0.7753
Pdgfrl,Pdgfrl,5003.8961,-0.3467,0.2122,-1.6339,0.1023,0.7679
Pdha1,Pdha1,6531.0222,-0.1249,0.1122,-1.1131,0.2657,0.8547
Pdha2,Pdha2,0.4138,-0.7714,2.4833,-0.3106,0.7561,0.9694
Pdhb,Pdhb,4165.1463,-0.0474,0.1006,-0.4709,0.6377,0.9487
Pdhx,Pdhx,1261.6798,-0.1008,0.1271,-0.7928,0.4279,0.9071
Pdia2,Pdia2,3.3418,-0.2123,0.8192,-0.2592,0.7955,0.9712
Pdia3,Pdia3,31321.0487,0.2302,0.1305,1.7639,0.0777,0.7572
Pdia4,Pdia4,9768.7627,0.3925,0.1668,2.3527,0.0186,0.732
Pdia5,Pdia5,1540.6364,0.0439,0.1151,0.381,0.7032,0.9638
Pdia6,Pdia6,16144.0509,0.2753,0.1405,1.9593,0.0501,0.7364
Pdik1l,Pdik1l,371.6871,-0.0207,0.1385,-0.1492,0.8814,0.9824
Pdk1,Pdk1,5469.0539,0.1921,0.2245,0.8555,0.3923,0.8986
Pdk2,Pdk2,1296.496,0.1748,0.1108,1.5781,0.1145,0.7749
Pdk3,Pdk3,1188.3087,-0.1995,0.1299,-1.5362,0.1245,0.7753
Pdk4,Pdk4,1152.4843,-0.0714,0.1216,-0.5871,0.5571,0.929
Pdlim1,Pdlim1,2296.4846,-0.0849,0.1915,-0.4433,0.6575,0.9548
Pdlim2,Pdlim2,4489.4085,-0.1364,0.1254,-1.0877,0.2767,0.8588
Pdlim3,Pdlim3,4412.8717,-0.0423,0.2267,-0.1867,0.8519,0.9789
Pdlim4,Pdlim4,4490.9438,-0.2508,0.2053,-1.2221,0.2217,0.8307
Pdlim5,Pdlim5,5768.7104,-0.29,0.204,-1.4217,0.1551,0.8007
Pdlim7,Pdlim7,4512.5599,-0.2242,0.1861,-1.2049,0.2282,0.8326
Pdp1,Pdp1,1545.4741,-0.1204,0.1774,-0.6785,0.4975,0.9181
Pdp2,Pdp2,149.1264,0.075,0.1253,0.5989,0.5493,0.929
Pdpk1,Pdpk1,3234.1678,-0.1011,0.0956,-1.057,0.2905,0.8606
Pdpn,Pdpn,17337.8762,0.4941,0.3204,1.5424,0.123,0.7753
Pdpr,Pdpr,344.826,0.0438,0.2118,0.2068,0.8361,0.9774
Pdrg1,Pdrg1,2373.8599,0.068,0.0912,0.7454,0.456,0.9133
Pds5a,Pds5a,1599.9692,-0.2559,0.2472,-1.0352,0.3006,0.8612
Pds5b,Pds5b,1825.2888,-0.2325,0.221,-1.0521,0.2928,0.8606
Pdss1,Pdss1,192.1558,-0.4217,0.1755,-2.4026,0.0163,0.732
Pdss2,Pdss2,376.3644,-0.0002,0.0988,-0.002,0.9984,1
Pdxdc1,Pdxdc1,4976.029,0.0429,0.068,0.6316,0.5277,0.9232
Pdxk,Pdxk,1604.6458,0.2274,0.1635,1.391,0.1642,0.8037
Pdxk-ps,Pdxk-ps,4.5921,0.6218,0.6707,0.9271,0.3539,0.8847
Pdxp,Pdxp,599.7907,0.3437,0.2074,1.6577,0.0974,0.7669
Pdzd11,Pdzd11,1809.1351,0.0231,0.0737,0.3139,0.7536,0.9694
Pdzd2,Pdzd2,17.4623,-0.3047,0.3674,-0.8294,0.4069,0.9033
Pdzd3,Pdzd3,1.9919,0.4705,1.1095,0.4241,0.6715,0.9578
Pdzd4,Pdzd4,235.3095,-0.0582,0.1559,-0.3732,0.709,0.9661
Pdzd7,Pdzd7,57.2638,0.7981,0.5248,1.5207,0.1283,0.7758
Pdzd8,Pdzd8,1216.0915,-0.0225,0.1612,-0.1396,0.8889,0.9833
Pdzd9,Pdzd9,2.7187,-0.0792,0.8806,-0.09,0.9283,0.9913
Pdzk1,Pdzk1,219.431,-0.086,0.1626,-0.5287,0.597,0.9393
Pdzk1ip1,Pdzk1ip1,4.2957,1.0593,0.8726,1.214,0.2247,0.8313
Pdzrn3,Pdzrn3,3275.3601,-0.2715,0.1421,-1.9103,0.0561,0.7377
Pdzrn4,Pdzrn4,1.8968,-0.9673,1.1101,-0.8714,0.3835,0.8935
Pea15a,Pea15a,9138.9665,-0.0489,0.0953,-0.513,0.608,0.9412
Peak1,Peak1,4560.1076,-0.02,0.1071,-0.1871,0.8516,0.9789
Pear1,Pear1,273.1558,-0.1363,0.1151,-1.1838,0.2365,0.8369
Pebp1,Pebp1,10396.0143,0.0865,0.1198,0.722,0.4703,0.9168
Pebp4,Pebp4,3.5415,-0.0517,0.9798,-0.0527,0.958,0.9963
Pecam1,Pecam1,3.8596,-0.0863,0.7909,-0.1091,0.9131,0.9874
Pecr,Pecr,671.2074,0.2087,0.1832,1.1392,0.2546,0.8456
Pef1,Pef1,2458.7382,0.1382,0.1022,1.3527,0.1761,0.8104
Peg10,Peg10,1082.7763,-0.7455,0.331,-2.2521,0.0243,0.732
Peg12,Peg12,52.9176,-0.2914,0.2317,-1.2579,0.2084,0.8265
Peg13,Peg13,929.0803,0.2004,0.1508,1.3294,0.1837,0.8133
Peg3,Peg3,2023.8544,-0.2043,0.3109,-0.6569,0.5112,0.9195
Peli1,Peli1,406.3158,-0.1044,0.1708,-0.611,0.5412,0.9283
Peli2,Peli2,1669.2092,0.1159,0.1078,1.0753,0.2822,0.8606
Peli3,Peli3,109.7712,0.438,0.2202,1.9893,0.0467,0.7364
Pelo,Pelo,636.6915,-0.0298,0.1,-0.298,0.7657,0.97
Pelp1,Pelp1,1713.7887,-0.0377,0.0691,-0.5457,0.5853,0.9355
Pemt,Pemt,128.3516,0.2439,0.1433,1.7021,0.0887,0.764
Penk,Penk,7.2362,0.0137,0.5445,0.0251,0.98,1
Peo1,Peo1,1191.8246,0.1129,0.1116,1.0117,0.3117,0.868
Pepd,Pepd,1577.0628,0.0609,0.09,0.6764,0.4988,0.9181
Per1,Per1,754.3016,0.0052,0.1364,0.0382,0.9695,0.999
Per2,Per2,305.0385,-0.4706,0.405,-1.1619,0.2453,0.8421
Per3,Per3,485.8079,-0.1948,0.1827,-1.0663,0.2863,0.8606
Perm1,Perm1,51.6137,-0.1147,0.2915,-0.3934,0.6941,0.9623
Perp,Perp,34.7778,0.0229,0.2336,0.0979,0.9221,0.9891
Pes1,Pes1,4793.506,0.0799,0.1093,0.731,0.4648,0.9157
Pet100,Pet100,246.5144,0.1004,0.1276,0.7866,0.4315,0.9081
Pet2,Pet2,34.0564,-0.1617,0.4093,-0.395,0.6929,0.9623
Pex1,Pex1,589.6486,0.1271,0.1139,1.116,0.2644,0.8547
Pex10,Pex10,220.4951,0.0529,0.1303,0.4062,0.6846,0.9623
Pex11a,Pex11a,119.2366,0.2456,0.179,1.3723,0.17,0.8056
Pex11b,Pex11b,1413.9587,0.1093,0.134,0.8156,0.4147,0.9033
Pex11g,Pex11g,158.6668,0.0665,0.1413,0.4702,0.6382,0.9487
Pex12,Pex12,563.7116,-0.0416,0.0931,-0.447,0.6548,0.9548
Pex13,Pex13,1590.6794,-0.0181,0.1133,-0.1596,0.8732,0.9819
Pex14,Pex14,1821.3537,0.2688,0.1493,1.8009,0.0717,0.752
Pex16,Pex16,590.875,0.1153,0.1091,1.0564,0.2908,0.8606
Pex19,Pex19,5719.2188,-0.0667,0.1119,-0.5964,0.5509,0.929
Pex2,Pex2,1861.8028,0.0013,0.0548,0.0237,0.9811,1
Pex26,Pex26,373.1907,0.2552,0.2041,1.2502,0.2112,0.8265
Pex3,Pex3,1157.3961,0.0886,0.0706,1.2538,0.2099,0.8265
Pex5,Pex5,2689.7874,0.1081,0.082,1.3186,0.1873,0.8161
Pex5l,Pex5l,26.311,-0.3798,0.2799,-1.3569,0.1748,0.8088
Pex6,Pex6,1574.4519,0.1274,0.0846,1.5059,0.1321,0.7776
Pex7,Pex7,560.9001,0.1654,0.1331,1.2426,0.214,0.8265
Pf4,Pf4,1.9934,0.5807,0.971,0.598,0.5498,0.929
Pfas,Pfas,1001.2827,-0.0299,0.0724,-0.4132,0.6795,0.9612
Pfdn1,Pfdn1,1466.1,-0.1589,0.0962,-1.6525,0.0984,0.7669
Pfdn2,Pfdn2,1582.2166,0.019,0.11,0.1728,0.8628,0.9807
Pfdn4,Pfdn4,756.0061,-0.0832,0.1343,-0.6199,0.5353,0.9265
Pfdn5,Pfdn5,5546.5344,0.1503,0.1205,1.2473,0.2123,0.8265
Pfdn6,Pfdn6,1258.4548,0.0643,0.1385,0.4642,0.6425,0.951
Pfkfb1,Pfkfb1,43.8731,-0.4551,0.2296,-1.9825,0.0474,0.7364
Pfkfb2,Pfkfb2,764.0025,0.1496,0.1445,1.0357,0.3003,0.8612
Pfkfb3,Pfkfb3,1106.5911,0.5319,0.316,1.6833,0.0923,0.7643
Pfkfb4,Pfkfb4,398.2659,0.0092,0.0929,0.0992,0.921,0.9885
Pfkl,Pfkl,8316.3366,0.3245,0.2506,1.2947,0.1954,0.8204
Pfkm,Pfkm,7679.4168,-0.1002,0.2092,-0.479,0.632,0.9466
Pfkp,Pfkp,3734.0423,0.2827,0.1393,2.0287,0.0425,0.7364
Pfn1,Pfn1,19860.097,-0.1699,0.1279,-1.3279,0.1842,0.8141
Pfn2,Pfn2,322.9503,-0.1002,0.1127,-0.8885,0.3743,0.893
Pfn4,Pfn4,2.8129,-0.119,0.9515,-0.125,0.9005,0.986
Pga5,Pga5,0.8413,-0.2827,1.4757,-0.1916,0.8481,0.978
Pgam1,Pgam1,15567.6238,0.1874,0.2723,0.6883,0.4913,0.9181
Pgam2,Pgam2,838.8463,-0.1772,0.2775,-0.6385,0.5231,0.9223
Pgam5,Pgam5,2170.2598,0.0014,0.0782,0.0182,0.9855,1
Pgap1,Pgap1,294.7777,-0.3759,0.343,-1.096,0.2731,0.8588
Pgap2,Pgap2,962.9054,0.088,0.0706,1.2466,0.2126,0.8265
Pgap3,Pgap3,322.4596,0.2107,0.1179,1.7875,0.0739,0.752
Pgbd1,Pgbd1,26.1167,-0.044,0.3086,-0.1425,0.8867,0.9833
Pgbd5,Pgbd5,8.5005,0.3161,0.5021,0.6296,0.5289,0.9237
Pgd,Pgd,11882.6692,0.672,0.3749,1.7924,0.0731,0.752
Pgf,Pgf,723.7905,0.0109,0.1606,0.068,0.9458,0.9934
Pggt1b,Pggt1b,374.1902,-0.1172,0.1795,-0.6526,0.514,0.9199
Pgk1,Pgk1,51180.9697,0.2411,0.1796,1.3419,0.1796,0.8123
Pgls,Pgls,1598.0044,0.0635,0.0992,0.6396,0.5224,0.9223
Pglyrp1,Pglyrp1,0.632,0.868,1.939,0.4477,0.6544,0.9548
Pgm1,Pgm1,1369.899,-0.0306,0.086,-0.3558,0.722,0.9684
Pgm2,Pgm2,5884.2711,0.313,0.151,2.0732,0.0382,0.732
Pgm2l1,Pgm2l1,100.1723,0.0834,0.1787,0.4666,0.6408,0.9498
Pgm3,Pgm3,850.6276,-0.1264,0.081,-1.5593,0.1189,0.7753
Pgm5,Pgm5,2698.2762,-0.366,0.3202,-1.1429,0.2531,0.8453
Pgp,Pgp,873.1329,0.0139,0.0901,0.1542,0.8774,0.982
Pgpep1,Pgpep1,1942.3054,0.2023,0.101,2.0031,0.0452,0.7364
Pgpep1l,Pgpep1l,3.566,-0.1816,0.7262,-0.2502,0.8025,0.9719
Pgr,Pgr,0.4234,-1.1722,2.4209,-0.4842,0.6282,0.9451
Pgrmc1,Pgrmc1,4645.8482,0.23,0.1431,1.6068,0.1081,0.7727
Pgrmc2,Pgrmc2,4735.2418,0.0897,0.0655,1.3684,0.1712,0.8066
Pgs1,Pgs1,2443.2506,0.1888,0.1609,1.1733,0.2407,0.84
Phactr1,Phactr1,3.4397,-0.3082,0.8318,-0.3705,0.711,0.9662
Phactr2,Phactr2,1.0286,-1.6235,1.9055,-0.852,0.3942,0.8987
Phactr3,Phactr3,0.4138,-0.7714,2.4833,-0.3106,0.7561,0.9694
Phactr4,Phactr4,2210.3547,0.0148,0.0828,0.1788,0.8581,0.9797
Phax,Phax,1561.5729,-0.0556,0.0624,-0.8917,0.3726,0.893
Phb,Phb,2741.5268,0.0196,0.1014,0.1933,0.8467,0.9779
Phb2,Phb2,5125.7435,0.0276,0.0974,0.2836,0.7767,0.97
Phc1,Phc1,1111.9293,0.0193,0.0794,0.2425,0.8084,0.9732
Phc2,Phc2,5249.1211,0.0489,0.0854,0.5725,0.567,0.931
Phc3,Phc3,1935.1976,-0.1817,0.2403,-0.7562,0.4495,0.912
Phex,Phex,196.2431,0.8182,0.3294,2.484,0.013,0.732
Phf1,Phf1,937.4616,0.317,0.1275,2.4863,0.0129,0.732
Phf10,Phf10,3265.385,0.1448,0.1509,0.9597,0.3372,0.8788
Phf11a,Phf11a,0.5157,0.7794,2.3731,0.3284,0.7426,0.9694
Phf11b,Phf11b,11.775,-0.8211,0.6057,-1.3556,0.1752,0.8096
Phf11c,Phf11c,19.4983,-0.391,0.5201,-0.7519,0.4521,0.9121
Phf11d,Phf11d,88.3497,0.0819,0.3046,0.269,0.7879,0.97
Phf12,Phf12,2027.2927,0.0122,0.0649,0.1881,0.8508,0.9788
Phf13,Phf13,1676.6867,0.1067,0.1213,0.8794,0.3792,0.8935
Phf14,Phf14,989.4913,-0.129,0.1871,-0.6893,0.4906,0.9181
Phf19,Phf19,276.5976,-0.8524,0.4541,-1.8769,0.0605,0.7456
Phf2,Phf2,3130.3585,0.0592,0.0696,0.8502,0.3952,0.8991
Phf20,Phf20,2592.2468,-0.1012,0.1351,-0.7495,0.4536,0.9125
Phf20l1,Phf20l1,981.572,-0.0211,0.1955,-0.1077,0.9142,0.9874
Phf21a,Phf21a,1567.302,0.0491,0.1389,0.3535,0.7237,0.9688
Phf21b,Phf21b,4.3123,-0.0291,0.8346,-0.0349,0.9721,0.999
Phf23,Phf23,3084.5063,0.0874,0.0902,0.9698,0.3322,0.8775
Phf24,Phf24,0.5286,-0.4757,2.3762,-0.2002,0.8413,0.9775
Phf3,Phf3,2371.9896,-0.0009,0.1782,-0.0052,0.9959,1
Phf5a,Phf5a,1958.1407,-0.0603,0.082,-0.735,0.4624,0.9152
Phf6,Phf6,1185.7772,-0.3262,0.2479,-1.3157,0.1883,0.8161
Phf7,Phf7,254.1517,0.0826,0.1377,0.6002,0.5484,0.9289
Phf8,Phf8,1247.9008,0.1987,0.1321,1.5048,0.1324,0.7779
Phgdh,Phgdh,6036.6326,0.3043,0.1314,2.3166,0.0205,0.732
Phip,Phip,555.7654,0.1944,0.1132,1.7177,0.0859,0.7626
Phka1,Phka1,880.1126,-0.0299,0.111,-0.2692,0.7878,0.97
Phka2,Phka2,1233.1299,-0.026,0.1329,-0.1955,0.845,0.9776
Phkb,Phkb,3444.1361,-0.2057,0.2088,-0.9851,0.3246,0.8737
Phkg1,Phkg1,18.2519,0.1267,0.4098,0.3092,0.7572,0.9694
Phkg2,Phkg2,284.0111,0.0105,0.1072,0.098,0.9219,0.9891
Phlda1,Phlda1,2265.9446,0.1771,0.1668,1.0618,0.2883,0.8606
Phlda3,Phlda3,6359.2802,-0.0568,0.1033,-0.5495,0.5827,0.9353
Phldb1,Phldb1,4279.7748,-0.0946,0.1028,-0.9209,0.3571,0.8858
Phldb2,Phldb2,7255.094,-0.2845,0.255,-1.1157,0.2646,0.8547
Phldb3,Phldb3,249.3712,-0.0297,0.1496,-0.1982,0.8429,0.9775
Phlpp1,Phlpp1,674.7471,-0.1679,0.1218,-1.3784,0.1681,0.8045
Phlpp2,Phlpp2,471.461,-0.2173,0.115,-1.8896,0.0588,0.7438
Phospho1,Phospho1,271.4531,1.0052,0.4586,2.1919,0.0284,0.732
Phospho2,Phospho2,1110.2012,0.0145,0.0872,0.1658,0.8683,0.9818
Phpt1,Phpt1,943.3302,0.0365,0.0911,0.4003,0.6889,0.9623
Phrf1,Phrf1,2658.4371,0.0332,0.0528,0.6292,0.5292,0.9237
Phtf1,Phtf1,1465.485,-0.0429,0.0547,-0.7849,0.4325,0.9089
Phtf1os,Phtf1os,5.1454,-0.095,0.7503,-0.1266,0.8993,0.9856
Phtf2,Phtf2,553.3761,-0.154,0.2199,-0.7002,0.4838,0.9168
Phyh,Phyh,841.7667,0.3171,0.2099,1.5106,0.1309,0.7771
Phyhd1,Phyhd1,714.1108,0.3707,0.2184,1.6974,0.0896,0.764
Phyhip,Phyhip,4.9364,-1.2738,0.6665,-1.9113,0.056,0.7377
Phyhipl,Phyhipl,0.7373,-0.3726,1.8155,-0.2052,0.8374,0.9774
Phykpl,Phykpl,280.222,-0.147,0.1331,-1.1037,0.2697,0.8588
Pi15,Pi15,886.5804,0.5243,0.2165,2.4215,0.0155,0.732
Pi16,Pi16,75.1837,-0.0834,0.187,-0.4462,0.6555,0.9548
Pi4k2a,Pi4k2a,2826.0155,0.2026,0.1418,1.429,0.153,0.7987
Pi4k2b,Pi4k2b,1625.497,0.0809,0.1467,0.5515,0.5813,0.9352
Pi4ka,Pi4ka,3300.9025,0.1764,0.1457,1.2107,0.226,0.8321
Pi4kb,Pi4kb,2928.5467,0.0784,0.0682,1.1493,0.2504,0.8443
Pianp,Pianp,203.9016,0.7614,0.385,1.9777,0.048,0.7364
Pias1,Pias1,1102.6784,-0.2242,0.1781,-1.2588,0.2081,0.8265
Pias2,Pias2,3055.2093,-0.0552,0.1129,-0.4886,0.6251,0.9451
Pias3,Pias3,1659.8538,-0.0299,0.0752,-0.3972,0.6912,0.9623
Pias4,Pias4,1008.0957,0.0497,0.0859,0.5788,0.5627,0.9294
Pibf1,Pibf1,256.3915,0.0441,0.2244,0.1967,0.8441,0.9775
Picalm,Picalm,5997.5205,-0.2799,0.2014,-1.3897,0.1646,0.8037
Pick1,Pick1,571.721,0.0374,0.0782,0.4781,0.6326,0.9466
Pid1,Pid1,289.4632,-0.6457,0.3463,-1.8647,0.0622,0.7456
Pidd1,Pidd1,158.0602,-0.3272,0.1606,-2.0373,0.0416,0.732
Piezo1,Piezo1,5409.984,0.1702,0.1205,1.4121,0.1579,0.8015
Piezo2,Piezo2,751.586,-0.427,0.2551,-1.6736,0.0942,0.7643
Pif1,Pif1,223.0139,-0.7139,0.4397,-1.6236,0.1045,0.7679
Piga,Piga,591.3936,0.3078,0.2713,1.1347,0.2565,0.8475
Pigb,Pigb,134.2554,0.0096,0.1388,0.0688,0.9451,0.9934
Pigc,Pigc,1303.9091,0.1102,0.0942,1.1704,0.2418,0.8407
Pigf,Pigf,423.6031,-0.1424,0.1211,-1.1763,0.2395,0.84
Pigg,Pigg,490.3093,-0.0604,0.1593,-0.3788,0.7049,0.9646
Pigh,Pigh,256.7929,0.0921,0.1573,0.5852,0.5584,0.9294
Pigk,Pigk,3167.2666,0.0682,0.0906,0.7526,0.4517,0.9121
Pigl,Pigl,145.3564,0.0819,0.1461,0.5607,0.575,0.9329
Pigm,Pigm,1051.047,-0.1591,0.1069,-1.4885,0.1366,0.787
Pign,Pign,1879.3032,-0.1128,0.1604,-0.7032,0.4819,0.9168
Pigo,Pigo,350.1449,-0.0308,0.1119,-0.2754,0.783,0.97
Pigp,Pigp,1311.9898,0.0276,0.0812,0.3401,0.7338,0.9694
Pigq,Pigq,2402.7467,0.0976,0.0657,1.4869,0.137,0.787
Pigr,Pigr,1.0449,0.8626,1.3864,0.6221,0.5338,0.9258
Pigs,Pigs,3266.9112,0.1134,0.0758,1.4965,0.1345,0.7827
Pigt,Pigt,3526.0561,-0.0081,0.0766,-0.1051,0.9163,0.9879
Pigu,Pigu,1154.0476,0.0466,0.0724,0.6433,0.52,0.9221
Pigv,Pigv,500.9781,0.1509,0.1106,1.3646,0.1724,0.8069
Pigw,Pigw,275.2824,-0.0107,0.1516,-0.0707,0.9436,0.9929
Pigx,Pigx,681.3737,0.1148,0.1109,1.0356,0.3004,0.8612
Pigyl,Pigyl,433.5187,-0.0175,0.0897,-0.1951,0.8453,0.9776
Pigz,Pigz,4.3011,0.4203,0.8624,0.4873,0.626,0.9451
Pih1d1,Pih1d1,735.9339,0.058,0.1276,0.4546,0.6494,0.9539
Pih1d2,Pih1d2,61.3812,0.1731,0.2098,0.8251,0.4093,0.9033
Pik3ap1,Pik3ap1,0.5227,1.3644,1.9893,0.6859,0.4928,0.9181
Pik3c2a,Pik3c2a,1051.4453,0.0843,0.2286,0.3687,0.7123,0.9662
Pik3c2b,Pik3c2b,337.5372,-0.2296,0.1786,-1.2855,0.1986,0.8237
Pik3c2g,Pik3c2g,5.1392,-0.0752,0.9831,-0.0765,0.939,0.9923
Pik3c3,Pik3c3,1375.8129,0.1475,0.1362,1.0829,0.2788,0.8588
Pik3ca,Pik3ca,2710.8103,-0.0398,0.1318,-0.3019,0.7627,0.97
Pik3cb,Pik3cb,523.5379,-0.2087,0.1578,-1.3222,0.1861,0.8161
Pik3cd,Pik3cd,60.3722,-0.3612,0.3497,-1.0329,0.3016,0.8615
Pik3ip1,Pik3ip1,1208.0998,0.3852,0.1776,2.1695,0.03,0.732
Pik3r1,Pik3r1,3915.4662,-0.033,0.2075,-0.159,0.8737,0.9819
Pik3r2,Pik3r2,3878.5244,-0.0012,0.0856,-0.0141,0.9888,1
Pik3r3,Pik3r3,1283.0142,-0.4136,0.28,-1.4772,0.1396,0.7903
Pik3r4,Pik3r4,1563.0245,0.132,0.0868,1.5215,0.1281,0.7758
Pik3r5,Pik3r5,54.4445,0.2094,0.2609,0.8026,0.4222,0.906
Pik3r6,Pik3r6,0.8416,0.6952,1.7892,0.3886,0.6976,0.9632
Pikfyve,Pikfyve,1063.5998,-0.0316,0.2109,-0.1501,0.8807,0.9824
Pilra,Pilra,1.8794,0.1152,1.1057,0.1042,0.917,0.9879
Pim1,Pim1,929.6007,0.4024,0.2716,1.4817,0.1384,0.789
Pim2,Pim2,128.7659,0.1396,0.1593,0.8765,0.3807,0.8935
Pim3,Pim3,1223.8312,0.4649,0.2906,1.5995,0.1097,0.7736
Pin1,Pin1,1716.8762,-0.0395,0.0775,-0.5094,0.6105,0.9417
Pin4,Pin4,485.4255,0.018,0.1111,0.1624,0.871,0.9819
Pink1,Pink1,3839.8818,0.1858,0.1063,1.7469,0.0807,0.7572
Pinlyp,Pinlyp,1.4643,0.4694,1.1146,0.4211,0.6737,0.9591
Pinx1,Pinx1,449.5975,-0.1288,0.1013,-1.2715,0.2036,0.8262
Pip4k2a,Pip4k2a,1463.1643,-0.2821,0.1695,-1.664,0.0961,0.7664
Pip4k2b,Pip4k2b,2859.423,-0.0289,0.0871,-0.3321,0.7398,0.9694
Pip4k2c,Pip4k2c,2175.9934,0.3609,0.1908,1.8916,0.0585,0.7418
Pip5k1a,Pip5k1a,3625.8115,0.1054,0.106,0.9952,0.3197,0.8709
Pip5k1b,Pip5k1b,18.551,0.3411,0.3452,0.988,0.3231,0.8732
Pip5k1c,Pip5k1c,2286.9567,0.1204,0.1118,1.0767,0.2816,0.8606
Pip5kl1,Pip5kl1,1.2535,0.5518,1.3368,0.4128,0.6797,0.9612
Pipox,Pipox,0.315,0.6941,2.5739,0.2697,0.7874,0.97
Pir,Pir,686.1313,0.3889,0.1873,2.076,0.0379,0.732
Pisd,Pisd,2398.6876,0.2099,0.1358,1.5464,0.122,0.7753
Pisd-ps1,Pisd-ps1,229.3924,-0.0867,0.1269,-0.6832,0.4945,0.9181
Pisd-ps2,Pisd-ps2,30.87,-0.393,0.2759,-1.4246,0.1543,0.7999
Pithd1,Pithd1,1238.2808,0.1366,0.0883,1.547,0.1219,0.7753
Pitpna,Pitpna,7741.1631,-0.0977,0.0647,-1.5105,0.1309,0.7771
Pitpnb,Pitpnb,4405.3393,-0.0573,0.0567,-1.0096,0.3127,0.8687
Pitpnc1,Pitpnc1,140.9202,0.3043,0.2155,1.4119,0.158,0.8015
Pitpnm1,Pitpnm1,2728.8118,0.2501,0.2099,1.1918,0.2334,0.8354
Pitpnm2,Pitpnm2,693.2271,0.1008,0.0926,1.0882,0.2765,0.8588
Pitrm1,Pitrm1,3555.5649,-0.0851,0.064,-1.33,0.1835,0.8131
Pitx2,Pitx2,2796.9377,-0.2138,0.1551,-1.3786,0.168,0.8045
Pitx3,Pitx3,128.6574,-0.0573,0.2352,-0.2435,0.8076,0.9732
Piwil2,Piwil2,12.145,0.4454,0.4836,0.9209,0.3571,0.8858
Piwil4,Piwil4,13.918,-0.3085,0.3722,-0.8289,0.4072,0.9033
Pja1,Pja1,2820.3094,-0.0149,0.0967,-0.1539,0.8777,0.982
Pja2,Pja2,6292.3159,-0.1867,0.2002,-0.9329,0.3509,0.8839
Pkd1,Pkd1,6044.9041,-0.0503,0.1105,-0.4552,0.649,0.9539
Pkd1l2,Pkd1l2,1.3537,0.5803,1.2783,0.454,0.6498,0.9542
Pkd1l3,Pkd1l3,61.2395,0.2786,0.2818,0.9888,0.3228,0.8731
Pkd2,Pkd2,4000.7754,0.018,0.1709,0.1056,0.9159,0.9877
Pkd2l2,Pkd2l2,290.7782,-0.0484,0.2329,-0.2079,0.8353,0.9774
Pkdcc,Pkdcc,286.1221,-0.1426,0.1437,-0.9918,0.3213,0.873
Pkhd1,Pkhd1,196.7034,-0.0321,0.2626,-0.1223,0.9027,0.986
Pkia,Pkia,5301.1845,-0.4656,0.3752,-1.2411,0.2146,0.8265
Pkig,Pkig,5772.1981,-0.0837,0.1608,-0.5204,0.6028,0.941
Pkm,Pkm,117140.8284,0.2268,0.1666,1.3609,0.1735,0.808
Pkmyt1,Pkmyt1,207.2807,-0.8694,0.4166,-2.0867,0.0369,0.732
Pkn1,Pkn1,2934.7789,0.1923,0.1276,1.5067,0.1319,0.7771
Pkn2,Pkn2,2455.5876,-0.0373,0.1679,-0.2221,0.8242,0.9766
Pkn3,Pkn3,159.7541,-0.3843,0.2435,-1.5782,0.1145,0.7749
Pknox1,Pknox1,1179.1438,-0.0514,0.0794,-0.6475,0.5173,0.9212
Pknox2,Pknox2,676.7398,-0.5048,0.3011,-1.6766,0.0936,0.7643
Pkp1,Pkp1,3188.6866,-0.2464,0.1411,-1.7455,0.0809,0.7572
Pkp2,Pkp2,935.1634,-0.319,0.1808,-1.7645,0.0776,0.7572
Pkp3,Pkp3,19.2719,-0.167,0.316,-0.5284,0.5973,0.9393
Pkp4,Pkp4,1391.3954,-0.2272,0.1076,-2.1112,0.0348,0.732
Pla1a,Pla1a,1326.0939,0.2343,0.0776,3.0174,0.0025,0.732
Pla2g12a,Pla2g12a,1086.3711,0.2851,0.2007,1.4204,0.1555,0.8014
Pla2g12b,Pla2g12b,6.7941,0.5741,0.6439,0.8916,0.3726,0.893
Pla2g15,Pla2g15,1542.6897,0.0964,0.1164,0.8289,0.4072,0.9033
Pla2g16,Pla2g16,2839.7485,-0.3281,0.2195,-1.495,0.1349,0.7827
Pla2g1b,Pla2g1b,2.2892,1.1807,1.0723,1.101,0.2709,0.8588
Pla2g2d,Pla2g2d,0.6302,-0.4503,1.741,-0.2586,0.7959,0.9713
Pla2g2e,Pla2g2e,35.6079,0.4977,0.2505,1.9867,0.047,0.7364
Pla2g3,Pla2g3,5.2072,0.0682,0.6826,0.0999,0.9204,0.9882
Pla2g4a,Pla2g4a,1104.0524,0.3048,0.2353,1.2956,0.1951,0.8204
Pla2g4b,Pla2g4b,3.045,0.7572,1.115,0.6791,0.4971,0.9181
Pla2g4c,Pla2g4c,9.2893,-1.0113,0.6516,-1.5519,0.1207,0.7753
Pla2g4e,Pla2g4e,1.2477,0.8958,1.4675,0.6104,0.5416,0.9283
Pla2g4f,Pla2g4f,0.8375,-0.1834,1.9562,-0.0938,0.9253,0.9903
Pla2g5,Pla2g5,3.0214,-0.7502,1.1281,-0.665,0.506,0.9188
Pla2g6,Pla2g6,1253.1209,0.1317,0.0995,1.3235,0.1857,0.8161
Pla2g7,Pla2g7,207.4156,-0.0582,0.1189,-0.4899,0.6242,0.9451
Pla2r1,Pla2r1,662.5652,-0.0361,0.1279,-0.2824,0.7776,0.97
Plaa,Plaa,3804.5279,-0.0896,0.146,-0.6141,0.5392,0.9277
Plac1,Plac1,5.2271,0.0071,0.6023,0.0118,0.9906,1
Plac8,Plac8,25.9807,0.1969,0.3183,0.6186,0.5362,0.927
Plag1,Plag1,37.3942,0.1061,0.3144,0.3373,0.7359,0.9694
Plagl1,Plagl1,4.1113,-1.1104,0.8735,-1.2712,0.2037,0.8262
Plagl2,Plagl2,631.205,-0.0157,0.1079,-0.1458,0.884,0.9826
Plat,Plat,6282.589,-0.3525,0.1508,-2.3376,0.0194,0.732
Platr14,Platr14,215.4,0.2319,0.1611,1.4396,0.15,0.7968
Platr20,Platr20,1.0475,0.2099,1.3467,0.1558,0.8762,0.9819
Platr22,Platr22,6.3881,0.1766,0.6523,0.2708,0.7865,0.97
Platr26,Platr26,1.044,0.8156,1.5807,0.516,0.6059,0.941
Platr5,Platr5,0.3168,-0.6843,2.5711,-0.2661,0.7901,0.97
Platr8,Platr8,1.2365,-0.3456,1.9357,-0.1785,0.8583,0.9797
Plau,Plau,4164.0551,-0.3428,0.2837,-1.2085,0.2269,0.8325
Plaur,Plaur,649.1514,0.2295,0.2179,1.0531,0.2923,0.8606
Plb1,Plb1,41.601,-0.2382,0.2369,-1.0058,0.3145,0.8692
Plbd1,Plbd1,5.4351,0.0601,0.6851,0.0877,0.9301,0.9917
Plbd2,Plbd2,7112.222,0.3631,0.1604,2.2645,0.0235,0.732
Plcb1,Plcb1,112.2367,0.2922,0.2892,1.0107,0.3122,0.8684
Plcb2,Plcb2,1.2587,-1.4321,1.3251,-1.0808,0.2798,0.8598
Plcb3,Plcb3,4583.8024,0.0059,0.0819,0.0716,0.943,0.9927
Plcb4,Plcb4,680.0847,-0.4,0.303,-1.3201,0.1868,0.8161
Plcd1,Plcd1,1399.469,0.1012,0.1256,0.806,0.4203,0.905
Plcd3,Plcd3,1338.7263,0.0341,0.0678,0.503,0.615,0.9427
Plcd4,Plcd4,20.1812,-0.3931,0.3624,-1.0848,0.278,0.8588
Plce1,Plce1,1.0368,-0.2925,1.6117,-0.1815,0.856,0.9796
Plcg1,Plcg1,3201.8765,-0.025,0.0625,-0.3995,0.6895,0.9623
Plcg2,Plcg2,108.5359,-0.1166,0.3116,-0.3742,0.7083,0.9661
Plch1,Plch1,0.9417,-0.8382,1.809,-0.4634,0.6431,0.9513
Plch2,Plch2,6.1864,0.3078,0.792,0.3886,0.6976,0.9632
Plcl1,Plcl1,300.4453,-0.3083,0.2628,-1.173,0.2408,0.84
Plcl2,Plcl2,398.4591,0.0076,0.1026,0.0741,0.9409,0.9923
Plcxd1,Plcxd1,23.9454,0.3152,0.3015,1.0453,0.2959,0.8607
Plcxd2,Plcxd2,142.9548,0.1169,0.1894,0.6174,0.537,0.9274
Pld1,Pld1,853.9968,-0.1604,0.1215,-1.3205,0.1867,0.8161
Pld2,Pld2,1252.1698,0.0626,0.0892,0.7019,0.4827,0.9168
Pld3,Pld3,6992.2399,0.3349,0.1111,3.0131,0.0026,0.732
Pld4,Pld4,1.049,-0.7908,1.6577,-0.477,0.6333,0.9471
Pld5,Pld5,0.9337,-0.0028,1.8587,-0.0015,0.9988,1
Pld6,Pld6,0.4139,-0.7723,2.4834,-0.311,0.7558,0.9694
Pldi,Pldi,1.051,-0.1655,1.5678,-0.1056,0.9159,0.9877
Plec,Plec,20719.1155,-0.0437,0.1141,-0.3829,0.7018,0.9635
Plek,Plek,131.0197,1.1814,1.0069,1.1733,0.2407,0.84
Plek2,Plek2,27.2397,-1.0599,0.6162,-1.7203,0.0854,0.7626
Plekha1,Plekha1,2299.0927,-0.3396,0.1903,-1.7848,0.0743,0.752
Plekha2,Plekha2,3984.4136,0.0055,0.0488,0.112,0.9108,0.9873
Plekha3,Plekha3,2292.7158,0.294,0.2239,1.3127,0.1893,0.8161
Plekha4,Plekha4,126.614,-0.4694,0.2635,-1.7816,0.0748,0.7528
Plekha5,Plekha5,1005.7696,-0.0041,0.1353,-0.0303,0.9759,0.9992
Plekha6,Plekha6,304.5355,0.006,0.1716,0.0347,0.9723,0.999
Plekha7,Plekha7,238.2312,-0.203,0.2587,-0.7849,0.4325,0.9089
Plekha8,Plekha8,694.2978,-0.0222,0.1007,-0.2208,0.8252,0.9766
Plekhb1,Plekhb1,79.3315,-0.2558,0.3994,-0.6404,0.5219,0.9223
Plekhb2,Plekhb2,6217.0104,0.1349,0.0987,1.3666,0.1717,0.8066
Plekhf1,Plekhf1,781.7204,0.0433,0.1127,0.384,0.701,0.9635
Plekhf2,Plekhf2,884.118,-0.0467,0.0851,-0.5486,0.5833,0.9353
Plekhg1,Plekhg1,24.2902,0.2057,0.5322,0.3866,0.6991,0.9635
Plekhg2,Plekhg2,1514.0651,-0.22,0.1387,-1.5862,0.1127,0.7736
Plekhg3,Plekhg3,1018.6104,-0.1853,0.0886,-2.0924,0.0364,0.732
Plekhg4,Plekhg4,267.7492,-0.9749,0.4042,-2.412,0.0159,0.732
Plekhg5,Plekhg5,4773.08,-0.3458,0.2029,-1.7046,0.0883,0.764
Plekhg6,Plekhg6,45.6124,0.1541,0.3453,0.4462,0.6555,0.9548
Plekhh1,Plekhh1,317.1741,-0.0685,0.2427,-0.2823,0.7777,0.97
Plekhh2,Plekhh2,1852.396,-0.2287,0.1732,-1.3203,0.1867,0.8161
Plekhh3,Plekhh3,819.1961,-0.0223,0.1093,-0.2039,0.8384,0.9775
Plekhj1,Plekhj1,1151.7609,0.0735,0.0955,0.7701,0.4412,0.9115
Plekhm1,Plekhm1,1697.7792,0.3771,0.2048,1.841,0.0656,0.7457
Plekhm2,Plekhm2,2102.8162,0.2776,0.1309,2.1199,0.034,0.732
Plekhm3,Plekhm3,986.0996,0.1683,0.1483,1.1348,0.2565,0.8475
Plekhn1,Plekhn1,208.1903,0.1463,0.1832,0.7991,0.4243,0.906
Plekho1,Plekho1,2603.7748,0.2823,0.146,1.9342,0.0531,0.7364
Plekho2,Plekho2,2484.5326,0.1304,0.1333,0.978,0.3281,0.8758
Plekhs1,Plekhs1,5.0384,-0.0667,0.7182,-0.0929,0.926,0.9905
Plet1,Plet1,86.7918,-0.4813,0.2441,-1.9719,0.0486,0.7364
Plet1os,Plet1os,3.7743,0.7027,0.777,0.9044,0.3658,0.8891
Plg,Plg,1.5796,-0.3396,1.0521,-0.3227,0.7469,0.9694
Plgrkt,Plgrkt,759.0968,0.0018,0.0691,0.0265,0.9789,0.9998
Plin1,Plin1,0.3157,-0.6835,2.5731,-0.2656,0.7905,0.97
Plin2,Plin2,9328.6115,0.6659,0.3954,1.684,0.0922,0.7643
Plin3,Plin3,4276.6267,0.2557,0.1133,2.256,0.0241,0.732
Plin4,Plin4,174.0303,1.3113,0.4516,2.9037,0.0037,0.732
Plin5,Plin5,0.7396,1.1877,1.8519,0.6414,0.5213,0.9223
Plk1,Plk1,1446.9653,-0.7635,0.4228,-1.8057,0.071,0.7515
Plk2,Plk2,7583.4786,0.0343,0.1206,0.2842,0.7763,0.97
Plk3,Plk3,600.2023,0.4448,0.2756,1.6141,0.1065,0.7713
Plk4,Plk4,821.4958,-0.7463,0.3984,-1.8731,0.0611,0.7456
Plk5,Plk5,0.844,-1.459,1.5692,-0.9298,0.3525,0.8839
Pllp,Pllp,11.1937,-0.1459,0.4398,-0.3318,0.74,0.9694
Pln,Pln,0.5275,-1.5669,1.9004,-0.8245,0.4097,0.9033
Plod1,Plod1,11033.3643,0.2046,0.1541,1.3282,0.1841,0.814
Plod2,Plod2,7671.7276,-0.3173,0.2445,-1.2979,0.1943,0.8204
Plod3,Plod3,5982.1267,0.25,0.1949,1.2829,0.1995,0.8249
Plp1,Plp1,23.8215,0.1055,0.3739,0.2821,0.7778,0.97
Plp2,Plp2,4103.4629,0.0399,0.1478,0.2698,0.7873,0.97
Plrg1,Plrg1,2497.5847,-0.0256,0.0828,-0.3096,0.7569,0.9694
Pls1,Pls1,3.5787,0.1751,0.8305,0.2109,0.833,0.9774
Pls3,Pls3,11909.7011,-0.0476,0.0926,-0.5135,0.6076,0.9411
Plscr1,Plscr1,1142.8828,0.3918,0.2481,1.579,0.1143,0.7749
Plscr2,Plscr2,848.1445,-0.5196,0.2515,-2.0661,0.0388,0.732
Plscr3,Plscr3,2142.735,-0.0447,0.0953,-0.4686,0.6394,0.9492
Plscr4,Plscr4,1032.3338,-0.0876,0.1076,-0.8143,0.4155,0.9033
Pltp,Pltp,3688.2154,0.5054,0.168,3.0083,0.0026,0.732
Plvap,Plvap,18.2199,-0.0964,0.383,-0.2516,0.8013,0.9719
Plxdc1,Plxdc1,246.8875,0.2597,0.2163,1.2008,0.2298,0.8329
Plxdc2,Plxdc2,451.744,0.4886,0.1421,3.4388,0.0006,0.5053
Plxna1,Plxna1,6626.471,0.0341,0.0742,0.4595,0.6459,0.9528
Plxna2,Plxna2,1408.9957,-0.2284,0.2013,-1.1348,0.2564,0.8475
Plxna3,Plxna3,1337.0213,0.0401,0.0849,0.4717,0.6371,0.9487
Plxna4,Plxna4,41.6415,-0.5582,0.2448,-2.2797,0.0226,0.732
Plxna4os1,Plxna4os1,0.4194,-0.6884,2.4188,-0.2846,0.7759,0.97
Plxnb1,Plxnb1,685.6536,-0.1943,0.1123,-1.7312,0.0834,0.7572
Plxnb2,Plxnb2,16816.5218,0.1145,0.0852,1.3441,0.1789,0.8123
Plxnb3,Plxnb3,55.9043,-0.136,0.4573,-0.2974,0.7662,0.97
Plxnc1,Plxnc1,12.9369,-0.5541,0.6274,-0.883,0.3772,0.8935
Plxnd1,Plxnd1,4100.4062,-0.134,0.1091,-1.2281,0.2194,0.8302
Pm20d1,Pm20d1,5.5356,-0.3445,0.7359,-0.4681,0.6397,0.9493
Pm20d2,Pm20d2,13.8395,-0.1041,0.5261,-0.1979,0.8432,0.9775
Pmaip1,Pmaip1,1887.863,-0.1352,0.2506,-0.5394,0.5896,0.9364
Pmch,Pmch,5.2365,-0.4165,0.9102,-0.4576,0.6473,0.9533
Pmel,Pmel,20.3872,-0.202,0.3666,-0.551,0.5816,0.9352
Pmepa1,Pmepa1,14471.8976,-0.3641,0.2151,-1.6929,0.0905,0.7643
Pmf1,Pmf1,621.8913,-0.3107,0.2002,-1.5521,0.1206,0.7753
Pml,Pml,2735.3635,-0.1184,0.0754,-1.5704,0.1163,0.7753
Pmm1,Pmm1,1513.2313,0.0788,0.0951,0.8284,0.4074,0.9033
Pmm2,Pmm2,1341.4064,-0.0353,0.0754,-0.4684,0.6395,0.9492
Pmp22,Pmp22,8036.112,0.243,0.2037,1.1932,0.2328,0.8354
Pmpca,Pmpca,4093.1529,-0.0666,0.0714,-0.9324,0.3511,0.8839
Pmpcb,Pmpcb,3333.2266,0.0012,0.0832,0.0148,0.9882,1
Pms1,Pms1,216.6372,-0.208,0.1914,-1.0866,0.2772,0.8588
Pms2,Pms2,440.8685,-0.2637,0.1048,-2.5169,0.0118,0.732
Pmvk,Pmvk,561.3007,0.0832,0.1498,0.5557,0.5784,0.9346
Pnck,Pnck,2.7306,-1.3157,0.934,-1.4087,0.1589,0.8015
Pnisr,Pnisr,1185.9184,-0.0895,0.1884,-0.475,0.6348,0.9478
Pnkd,Pnkd,865.2048,0.0752,0.0953,0.7892,0.43,0.9081
Pnkp,Pnkp,908.0808,0.0512,0.1161,0.4404,0.6596,0.9548
Pnldc1,Pnldc1,4.6327,-0.3969,0.7776,-0.5104,0.6098,0.9416
Pnma1,Pnma1,44.9475,-0.2781,0.3101,-0.8969,0.3698,0.8925
Pnma2,Pnma2,1.1443,0.8135,1.4425,0.5639,0.5728,0.9325
Pnma5,Pnma5,0.7394,-0.3808,1.6007,-0.2379,0.8119,0.9742
Pnmal1,Pnmal1,0.9508,-2.552,1.654,-1.5429,0.1229,0.7753
Pnmal2,Pnmal2,2360.5084,-0.1293,0.183,-0.7065,0.4799,0.9168
Pnmt,Pnmt,0.9448,1.5751,1.6485,0.9555,0.3393,0.879
Pnn,Pnn,1350.9886,-0.3444,0.2648,-1.3006,0.1934,0.8197
Pno1,Pno1,2185.2695,-0.008,0.111,-0.0723,0.9424,0.9927
Pnp,Pnp,2040.7552,0.1756,0.1851,0.9486,0.3428,0.8793
Pnp2,Pnp2,93.821,0.3404,0.5167,0.6589,0.51,0.9195
Pnpla1,Pnpla1,0.3176,-0.6877,2.5704,-0.2675,0.789,0.97
Pnpla2,Pnpla2,1328.8702,0.2862,0.1959,1.4608,0.1441,0.7928
Pnpla3,Pnpla3,1.1519,1.2204,1.8252,0.6686,0.5037,0.9188
Pnpla6,Pnpla6,851.8485,0.2285,0.1165,1.9613,0.0498,0.7364
Pnpla7,Pnpla7,534.0446,0.2282,0.1081,2.1112,0.0348,0.732
Pnpla8,Pnpla8,1773.5372,0.1352,0.1638,0.8255,0.4091,0.9033
Pnpo,Pnpo,461.7194,0.1778,0.1035,1.7172,0.086,0.7626
Pnpt1,Pnpt1,819.3197,-0.2155,0.1785,-1.207,0.2274,0.8325
Pnrc1,Pnrc1,3454.7809,0.4656,0.2641,1.763,0.0779,0.7572
Pnrc2,Pnrc2,3334.023,-0.1614,0.1117,-1.4454,0.1483,0.7958
Poc1a,Poc1a,137.6746,-0.3463,0.2328,-1.4873,0.1369,0.787
Poc1b,Poc1b,691.2197,-0.0284,0.1016,-0.2796,0.7798,0.97
Poc5,Poc5,737.7217,-0.1422,0.0912,-1.559,0.119,0.7753
Podn,Podn,36.5626,0.0838,0.2777,0.3018,0.7628,0.97
Podnl1,Podnl1,1414.3143,-0.1053,0.1134,-0.9289,0.3529,0.8839
Podxl,Podxl,84.9398,0.0764,0.2559,0.2985,0.7653,0.97
Podxl2,Podxl2,546.212,0.0472,0.0757,0.6245,0.5323,0.9252
Pof1b,Pof1b,0.5278,-0.4903,1.9752,-0.2483,0.8039,0.9721
Pofut1,Pofut1,2414.7102,0.048,0.0702,0.6837,0.4942,0.9181
Pofut2,Pofut2,6169.464,0.0119,0.086,0.1383,0.89,0.9837
Pogk,Pogk,1089.9258,0.2606,0.1639,1.5896,0.1119,0.7736
Poglut1,Poglut1,3117.1602,0.0959,0.1075,0.8922,0.3723,0.893
Pogz,Pogz,1798.56,-0.0446,0.0915,-0.4879,0.6256,0.9451
Pola1,Pola1,483.686,-0.6247,0.3429,-1.822,0.0685,0.7507
Pola2,Pola2,800.4321,-0.1754,0.1101,-1.5929,0.1112,0.7736
Polb,Polb,1367.0742,-0.0595,0.0851,-0.6992,0.4844,0.9168
Pold1,Pold1,499.2601,-0.3477,0.1556,-2.2349,0.0254,0.732
Pold2,Pold2,970.9382,-0.1567,0.1212,-1.2924,0.1962,0.8209
Pold3,Pold3,939.2007,-0.1521,0.097,-1.5691,0.1166,0.7753
Pold4,Pold4,215.6052,0.2297,0.2938,0.7818,0.4344,0.9089
Poldip2,Poldip2,4303.9908,0.0127,0.0943,0.1345,0.893,0.9841
Poldip3,Poldip3,5540.6215,0.044,0.0806,0.5462,0.5849,0.9355
Pole,Pole,585.1777,-0.8277,0.3297,-2.5103,0.0121,0.732
Pole2,Pole2,420.5499,-0.3241,0.1377,-2.3535,0.0186,0.732
Pole3,Pole3,1091.4154,-0.0977,0.1092,-0.8947,0.3709,0.893
Pole4,Pole4,1612.1289,0.0425,0.1276,0.3332,0.739,0.9694
Polg,Polg,1585.036,-0.0335,0.0774,-0.4323,0.6655,0.9561
Polg2,Polg2,146.0952,0.2816,0.1999,1.4089,0.1589,0.8015
Polh,Polh,1368.9511,-0.294,0.1256,-2.3412,0.0192,0.732
Poli,Poli,263.5996,0.0021,0.1306,0.0158,0.9874,1
Polk,Polk,706.6689,-0.1231,0.1734,-0.7101,0.4776,0.9168
Poll,Poll,455.656,0.0185,0.1386,0.1337,0.8936,0.9843
Polm,Polm,497.8595,0.0385,0.1178,0.327,0.7437,0.9694
Poln,Poln,5.6511,-0.2293,0.5846,-0.3923,0.6948,0.9623
Polq,Polq,133.808,-0.9109,0.4024,-2.2636,0.0236,0.732
Polr1a,Polr1a,3055.8173,0.0675,0.1215,0.5554,0.5786,0.9346
Polr1b,Polr1b,1170.3331,-0.0142,0.0902,-0.1579,0.8746,0.9819
Polr1c,Polr1c,1637.9109,0.1322,0.1188,1.1123,0.266,0.8547
Polr1d,Polr1d,1810.1313,-0.0102,0.0841,-0.1207,0.9039,0.9864
Polr1e,Polr1e,577.5717,-0.0388,0.0882,-0.4401,0.6599,0.9548
Polr2a,Polr2a,7354.9863,0.0078,0.0737,0.1059,0.9156,0.9877
Polr2b,Polr2b,4788.6392,-0.0994,0.0625,-1.5894,0.112,0.7736
Polr2c,Polr2c,2707.216,-0.0234,0.1072,-0.2186,0.827,0.9767
Polr2d,Polr2d,1160.8771,-0.0347,0.1001,-0.3463,0.7291,0.9694
Polr2e,Polr2e,2582.4534,0.0944,0.1397,0.6756,0.4993,0.9181
Polr2f,Polr2f,1423.1421,0.0596,0.0813,0.733,0.4636,0.9157
Polr2g,Polr2g,893.9253,0.0357,0.111,0.3215,0.7478,0.9694
Polr2h,Polr2h,774.8763,0.0189,0.1105,0.1713,0.864,0.9808
Polr2i,Polr2i,411.753,-0.0635,0.1125,-0.5638,0.5729,0.9325
Polr2j,Polr2j,1238.4001,0.1284,0.1149,1.1175,0.2638,0.8541
Polr2k,Polr2k,1117.106,0.0544,0.0972,0.5596,0.5757,0.9336
Polr2l,Polr2l,649.83,0.0331,0.2192,0.1509,0.8801,0.9823
Polr2m,Polr2m,8727.5775,-0.0441,0.0586,-0.7522,0.4519,0.9121
Polr3a,Polr3a,1208.5441,0.0854,0.0779,1.0966,0.2728,0.8588
Polr3b,Polr3b,1855.2806,0.0116,0.0829,0.1404,0.8883,0.9833
Polr3c,Polr3c,1461.5041,0.0958,0.0798,1.2009,0.2298,0.8328
Polr3d,Polr3d,1381.7456,-0.0173,0.0997,-0.1734,0.8623,0.9807
Polr3e,Polr3e,886.2977,-0.0142,0.0874,-0.162,0.8713,0.9819
Polr3f,Polr3f,1072.4301,-0.1821,0.1759,-1.0353,0.3005,0.8612
Polr3g,Polr3g,274.3498,-0.0742,0.0955,-0.7775,0.4368,0.9098
Polr3gl,Polr3gl,813.1791,-0.0112,0.0936,-0.12,0.9045,0.9865
Polr3h,Polr3h,1310.1848,0.0958,0.1101,0.8698,0.3844,0.8941
Polr3k,Polr3k,1473.3588,-0.1352,0.1073,-1.2606,0.2074,0.8263
Polrmt,Polrmt,1311.621,0.0837,0.0893,0.9369,0.3488,0.8829
Pom121,Pom121,1384.525,-0.111,0.0889,-1.2491,0.2116,0.8265
Pomc,Pomc,1.0488,0.3022,1.6137,0.1873,0.8514,0.9789
Pomgnt1,Pomgnt1,4100.3157,0.0708,0.093,0.7606,0.4469,0.912
Pomgnt2,Pomgnt2,265.2904,0.2446,0.1022,2.3926,0.0167,0.732
Pomk,Pomk,1069.3652,0.0792,0.0987,0.8028,0.4221,0.906
Pomp,Pomp,3682.1964,-0.0912,0.1023,-0.8912,0.3728,0.893
Pomt1,Pomt1,738.1498,-0.0278,0.1197,-0.2323,0.8163,0.975
Pomt2,Pomt2,1451.4567,0.1246,0.1205,1.0343,0.301,0.8615
Pon1,Pon1,0.4225,0.0045,2.4856,0.0018,0.9986,1
Pon2,Pon2,2128.2079,-0.0261,0.0628,-0.4167,0.6769,0.9602
Pon3,Pon3,786.4336,-0.113,0.1342,-0.8423,0.3996,0.9011
Pop1,Pop1,410.1167,-0.2618,0.0995,-2.6302,0.0085,0.732
Pop4,Pop4,502.9281,-0.0965,0.0832,-1.1609,0.2457,0.8421
Pop5,Pop5,411.0956,-0.0602,0.1101,-0.5465,0.5847,0.9355
Pop7,Pop7,338.3421,-0.0147,0.1089,-0.1349,0.8927,0.9841
Popdc2,Popdc2,134.6688,-0.5645,0.3288,-1.7169,0.086,0.7626
Popdc3,Popdc3,5401.3418,-0.0371,0.1249,-0.2969,0.7665,0.97
Por,Por,3439.127,0.2237,0.1343,1.6656,0.0958,0.7664
Porcn,Porcn,3259.3436,-0.0449,0.1399,-0.3207,0.7484,0.9694
Postn,Postn,21461.1403,-0.1595,0.4706,-0.3389,0.7347,0.9694
Pot1a,Pot1a,814.016,0.1043,0.1242,0.84,0.4009,0.9018
Pot1b,Pot1b,243.9368,-0.0894,0.1183,-0.7557,0.4498,0.912
Pou2af1,Pou2af1,25.5137,-0.546,0.5135,-1.0634,0.2876,0.8606
Pou2f1,Pou2f1,439.2693,-0.3201,0.2913,-1.099,0.2718,0.8588
Pou2f2,Pou2f2,0.4176,0.7829,2.4802,0.3157,0.7522,0.9694
Pou2f3,Pou2f3,1.4732,1.1951,1.1189,1.0681,0.2855,0.8606
Pou3f1,Pou3f1,0.9415,-0.7874,1.3403,-0.5875,0.5569,0.929
Pou4f1,Pou4f1,25.0746,-0.2242,0.3198,-0.7009,0.4834,0.9168
Pou6f1,Pou6f1,950.2419,0.1048,0.071,1.4758,0.14,0.7903
Pp2d1,Pp2d1,2.6289,-1.1434,0.8983,-1.2727,0.2031,0.8262
Ppa1,Ppa1,2686.8361,-0.0933,0.0738,-1.2638,0.2063,0.8262
Ppa2,Ppa2,1001.0067,0.0029,0.0825,0.0352,0.9719,0.999
Ppan,Ppan,1033.5423,-0.1176,0.0946,-1.2429,0.2139,0.8265
Ppap2a,Ppap2a,3571.9644,0.0854,0.0902,0.9466,0.3439,0.8802
Ppap2b,Ppap2b,2740.0323,0.3129,0.2105,1.4867,0.1371,0.787
Ppap2c,Ppap2c,1855.9068,0.4035,0.214,1.8851,0.0594,0.7456
Ppapdc1b,Ppapdc1b,1665.8796,0.1015,0.0934,1.0867,0.2772,0.8588
Ppapdc2,Ppapdc2,113.606,0.4405,0.2616,1.6839,0.0922,0.7643
Ppapdc3,Ppapdc3,354.2313,-0.3773,0.2988,-1.2628,0.2067,0.8262
Ppara,Ppara,5.963,-0.3998,0.631,-0.6335,0.5264,0.9228
Ppard,Ppard,1645.6661,0.1783,0.1222,1.4587,0.1446,0.7928
Pparg,Pparg,222.0497,0.2693,0.133,2.0248,0.0429,0.7364
Ppargc1a,Ppargc1a,38.2789,-0.1519,0.3111,-0.4882,0.6254,0.9451
Ppargc1b,Ppargc1b,149.5938,-0.2171,0.219,-0.9913,0.3216,0.873
Ppat,Ppat,1308.7022,-0.2016,0.1295,-1.5568,0.1195,0.7753
Ppbp,Ppbp,39.8606,0.6586,0.4627,1.4236,0.1546,0.8001
Ppcdc,Ppcdc,450.4664,0.0737,0.1132,0.6511,0.515,0.92
Ppcs,Ppcs,385.557,0.1769,0.133,1.3302,0.1835,0.8131
Ppdpf,Ppdpf,676.452,0.1111,0.146,0.7608,0.4468,0.912
Ppef1,Ppef1,14.9693,0.2063,0.3577,0.5766,0.5642,0.9298
Ppef2,Ppef2,20.9431,0.1483,0.4008,0.3699,0.7114,0.9662
Ppfia1,Ppfia1,2051.9217,0.1148,0.1401,0.8194,0.4125,0.9033
Ppfia2,Ppfia2,0.3176,-0.6877,2.5704,-0.2675,0.789,0.97
Ppfia3,Ppfia3,85.4465,0.0101,0.2036,0.0495,0.9605,0.9969
Ppfia4,Ppfia4,1008.9794,-0.3096,0.3213,-0.9635,0.3353,0.8778
Ppfibp1,Ppfibp1,12138.1207,-0.2903,0.1814,-1.601,0.1094,0.7736
Ppfibp2,Ppfibp2,41.6383,-0.3937,0.4523,-0.8706,0.384,0.8935
Pphln1,Pphln1,2581.324,-0.2172,0.1518,-1.4315,0.1523,0.7976
Ppia,Ppia,37082.4552,-0.0534,0.1089,-0.4899,0.6242,0.9451
Ppib,Ppib,5321.486,0.0104,0.1682,0.0616,0.9509,0.9939
Ppic,Ppic,11571.7747,-0.238,0.1375,-1.7302,0.0836,0.7572
Ppid,Ppid,3089.5295,-0.2148,0.1391,-1.5438,0.1226,0.7753
Ppie,Ppie,1175.4567,0.0015,0.1001,0.0153,0.9878,1
Ppif,Ppif,299.0409,-0.0725,0.1046,-0.6935,0.488,0.9171
Ppifos,Ppifos,37.1683,0.1266,0.2536,0.4992,0.6176,0.9428
Ppig,Ppig,1167.2458,0.0011,0.1336,0.0085,0.9932,1
Ppih,Ppih,427.2251,-0.1855,0.2312,-0.8025,0.4223,0.906
Ppil1,Ppil1,913.8023,-0.187,0.1034,-1.8087,0.0705,0.7513
Ppil2,Ppil2,2663.7624,0.0979,0.0809,1.2101,0.2263,0.8321
Ppil3,Ppil3,1052.7237,0.0456,0.1474,0.3092,0.7572,0.9694
Ppil4,Ppil4,1380.3165,-0.1527,0.2007,-0.7607,0.4469,0.912
Ppil6,Ppil6,19.5888,0.1039,0.326,0.3187,0.75,0.9694
Ppip5k1,Ppip5k1,647.2694,0.1429,0.0993,1.439,0.1502,0.7968
Ppip5k2,Ppip5k2,977.2835,-0.0721,0.1962,-0.3677,0.7131,0.9662
Ppl,Ppl,37.5066,-0.9958,0.3239,-3.0746,0.0021,0.7197
Ppm1a,Ppm1a,4637.0804,0.1015,0.0751,1.3511,0.1766,0.8108
Ppm1b,Ppm1b,3367.3067,-0.0617,0.0813,-0.7588,0.4479,0.912
Ppm1d,Ppm1d,692.0078,-0.1017,0.0855,-1.1899,0.2341,0.8354
Ppm1e,Ppm1e,153.5339,-0.4704,0.376,-1.251,0.2109,0.8265
Ppm1f,Ppm1f,2625.6847,0.0762,0.1128,0.6755,0.4994,0.9181
Ppm1g,Ppm1g,4505.0485,-0.0448,0.0936,-0.4783,0.6325,0.9466
Ppm1h,Ppm1h,7.1373,0.0946,0.5234,0.1808,0.8565,0.9796
Ppm1j,Ppm1j,13.5951,-0.2925,0.4038,-0.7243,0.4689,0.9168
Ppm1k,Ppm1k,198.8042,-0.0102,0.1614,-0.0631,0.9497,0.9939
Ppm1l,Ppm1l,286.9519,0.1501,0.1951,0.7695,0.4416,0.9116
Ppm1m,Ppm1m,878.3744,-0.0088,0.093,-0.0946,0.9246,0.9901
Ppm1n,Ppm1n,1.7769,-1.0703,1.0465,-1.0227,0.3064,0.8653
Ppme1,Ppme1,2939.2789,0.1148,0.0822,1.3966,0.1625,0.8037
Ppox,Ppox,627.6557,0.0996,0.0788,1.264,0.2062,0.8262
Ppp1ca,Ppp1ca,12709.9815,-0.0624,0.0847,-0.7372,0.461,0.9144
Ppp1cb,Ppp1cb,8906.7707,-0.0486,0.1486,-0.327,0.7437,0.9694
Ppp1cc,Ppp1cc,4883.8769,0.1382,0.1712,0.8073,0.4195,0.9047
Ppp1r10,Ppp1r10,2457.7825,0.0686,0.0998,0.6872,0.492,0.9181
Ppp1r11,Ppp1r11,1635.2802,0.0087,0.1565,0.0558,0.9555,0.9953
Ppp1r12a,Ppp1r12a,1347.8521,-0.2908,0.2592,-1.1219,0.2619,0.853
Ppp1r12b,Ppp1r12b,181.3158,0.0208,0.1785,0.1168,0.907,0.987
Ppp1r12c,Ppp1r12c,1368.115,0.0218,0.0682,0.3201,0.7489,0.9694
Ppp1r13b,Ppp1r13b,625.2991,-0.1604,0.1459,-1.0989,0.2718,0.8588
Ppp1r13l,Ppp1r13l,988.6304,-0.2098,0.1893,-1.1081,0.2678,0.8564
Ppp1r14a,Ppp1r14a,11.8536,-0.3709,0.4377,-0.8474,0.3968,0.8991
Ppp1r14b,Ppp1r14b,6662.2203,-0.0806,0.1196,-0.6733,0.5008,0.9183
Ppp1r14c,Ppp1r14c,1786.3818,0.0549,0.1205,0.4552,0.649,0.9539
Ppp1r14d,Ppp1r14d,0.413,0.695,2.4257,0.2865,0.7745,0.97
Ppp1r15a,Ppp1r15a,1858.6266,0.5256,0.3148,1.6694,0.095,0.7643
Ppp1r15b,Ppp1r15b,5566.9905,0.2034,0.1235,1.6472,0.0995,0.7669
Ppp1r16a,Ppp1r16a,1220.6448,0.1575,0.1075,1.4642,0.1431,0.7928
Ppp1r18,Ppp1r18,3673.7241,-0.0707,0.0864,-0.8182,0.4132,0.9033
Ppp1r1a,Ppp1r1a,2.2966,-0.2984,0.9652,-0.3091,0.7572,0.9694
Ppp1r2,Ppp1r2,3657.1385,-0.0838,0.1145,-0.7321,0.4641,0.9157
Ppp1r2-ps3,Ppp1r2-ps3,0.3168,-0.6843,2.5711,-0.2661,0.7901,0.97
Ppp1r21,Ppp1r21,1122.2167,0.0383,0.0883,0.4333,0.6648,0.9561
Ppp1r26,Ppp1r26,46.1025,0.2189,0.2699,0.8111,0.4173,0.9046
Ppp1r27,Ppp1r27,33.2922,0.4981,0.4142,1.2025,0.2292,0.8326
Ppp1r32,Ppp1r32,3.1465,0.4803,0.8193,0.5862,0.5577,0.9292
Ppp1r35,Ppp1r35,546.8363,0.0169,0.1034,0.1635,0.8701,0.9818
Ppp1r36,Ppp1r36,0.4129,-0.7667,2.4832,-0.3088,0.7575,0.9694
Ppp1r37,Ppp1r37,1890.1089,0.0165,0.0712,0.2323,0.8163,0.975
Ppp1r3a,Ppp1r3a,20.5797,0.0008,0.64,0.0013,0.999,1
Ppp1r3b,Ppp1r3b,291.5437,0.6719,0.3476,1.933,0.0532,0.7364
Ppp1r3c,Ppp1r3c,177.7513,0.7518,0.4565,1.6468,0.0996,0.7669
Ppp1r3e,Ppp1r3e,28.7075,0.0428,0.2645,0.162,0.8713,0.9819
Ppp1r3f,Ppp1r3f,222.5702,-0.0605,0.1302,-0.4645,0.6423,0.9508
Ppp1r3fos,Ppp1r3fos,5.8585,-0.0319,0.5702,-0.0559,0.9554,0.9953
Ppp1r3g,Ppp1r3g,2.4123,0.7377,1.0491,0.7032,0.4819,0.9168
Ppp1r42,Ppp1r42,0.7302,0.9708,2.3697,0.4097,0.682,0.962
Ppp1r7,Ppp1r7,1647.591,-0.1388,0.0967,-1.4357,0.1511,0.7968
Ppp1r8,Ppp1r8,2258.0733,0.0605,0.1358,0.4453,0.6561,0.9548
Ppp1r9a,Ppp1r9a,53.2746,-0.5128,0.393,-1.3048,0.192,0.817
Ppp1r9b,Ppp1r9b,5478.9306,0.0504,0.0911,0.5528,0.5804,0.9352
Ppp2ca,Ppp2ca,13388.5968,0.0465,0.073,0.637,0.5241,0.9223
Ppp2cb,Ppp2cb,2450.5922,0.0612,0.0999,0.6125,0.5402,0.9281
Ppp2r1a,Ppp2r1a,10538.5217,-0.0043,0.092,-0.0468,0.9627,0.997
Ppp2r1b,Ppp2r1b,1863.0978,-0.0183,0.1056,-0.1729,0.8627,0.9807
Ppp2r2a,Ppp2r2a,3734.8279,-0.1067,0.0833,-1.2805,0.2004,0.8251
Ppp2r2b,Ppp2r2b,82.4266,-0.1193,0.2725,-0.4378,0.6616,0.955
Ppp2r2c,Ppp2r2c,1.0431,-0.7033,1.3402,-0.5247,0.5998,0.9406
Ppp2r2d,Ppp2r2d,1530.5167,-0.0959,0.0764,-1.255,0.2095,0.8265
Ppp2r3a,Ppp2r3a,1293.5237,-0.2098,0.2668,-0.7865,0.4316,0.9081
Ppp2r3c,Ppp2r3c,1211.5916,-0.0834,0.1076,-0.775,0.4383,0.9104
Ppp2r3d,Ppp2r3d,182.5958,-0.0214,0.1602,-0.1334,0.8939,0.9843
Ppp2r4,Ppp2r4,5853.2037,-0.0064,0.0777,-0.0828,0.934,0.9923
Ppp2r5a,Ppp2r5a,1538.6753,0.0178,0.0927,0.1917,0.848,0.978
Ppp2r5b,Ppp2r5b,2170.415,0.1727,0.088,1.9623,0.0497,0.7364
Ppp2r5c,Ppp2r5c,3886.1298,-0.0839,0.1049,-0.8004,0.4235,0.906
Ppp2r5d,Ppp2r5d,3539.3766,-0.0899,0.1021,-0.8808,0.3784,0.8935
Ppp2r5e,Ppp2r5e,2471.3477,-0.0859,0.0896,-0.9583,0.3379,0.879
Ppp3ca,Ppp3ca,3817.1093,0.0063,0.1284,0.0489,0.961,0.9969
Ppp3cb,Ppp3cb,4692.5232,-0.2006,0.1573,-1.2751,0.2023,0.8262
Ppp3cc,Ppp3cc,762.3992,0.0524,0.1121,0.4671,0.6405,0.9498
Ppp3r1,Ppp3r1,7175.6117,-0.0372,0.085,-0.4374,0.6618,0.9551
Ppp3r2,Ppp3r2,0.3159,0.6974,2.5722,0.2711,0.7863,0.97
Ppp4c,Ppp4c,2342.6073,-0.079,0.1166,-0.677,0.4984,0.9181
Ppp4r1,Ppp4r1,3038.2549,0.0565,0.0779,0.725,0.4685,0.9168
Ppp4r1l-ps,Ppp4r1l-ps,201.6941,0.0435,0.1663,0.2617,0.7935,0.9704
Ppp4r2,Ppp4r2,3115.3416,-0.151,0.1707,-0.8848,0.3763,0.8935
Ppp4r4,Ppp4r4,23.0129,-0.1855,0.3569,-0.5197,0.6033,0.941
Ppp5c,Ppp5c,2089.4962,-0.0148,0.0939,-0.1576,0.8748,0.9819
Ppp6c,Ppp6c,1919.271,-0.0341,0.0671,-0.5079,0.6115,0.942
Ppp6r1,Ppp6r1,3037.7337,0.05,0.0793,0.6296,0.5289,0.9237
Ppp6r2,Ppp6r2,996.7922,-0.0554,0.0746,-0.7423,0.4579,0.9137
Ppp6r3,Ppp6r3,4284.8377,-0.2408,0.1504,-1.6014,0.1093,0.7736
Pprc1,Pprc1,1995.8642,-0.078,0.0703,-1.1098,0.2671,0.8562
Ppt1,Ppt1,5875.3673,0.1069,0.0875,1.2211,0.222,0.8307
Ppt2,Ppt2,1273.101,0.2075,0.1076,1.9283,0.0538,0.7369
Pptc7,Pptc7,981.465,0.1137,0.1127,1.0084,0.3133,0.8691
Ppwd1,Ppwd1,710.0591,-0.2723,0.1482,-1.8368,0.0662,0.7457
Pqbp1,Pqbp1,1183.7804,-0.0173,0.0683,-0.2538,0.7996,0.9719
Pqlc1,Pqlc1,482.8577,0.0426,0.1127,0.3777,0.7056,0.965
Pqlc2,Pqlc2,280.1624,0.4622,0.2419,1.9108,0.056,0.7377
Pqlc3,Pqlc3,1220.0546,-0.0738,0.0761,-0.9703,0.3319,0.8775
Pradc1,Pradc1,225.6623,-0.2657,0.1657,-1.6033,0.1089,0.7736
Praf2,Praf2,2123.5593,0.0319,0.0917,0.3483,0.7276,0.9694
Pram1,Pram1,19.4753,-0.2825,0.3642,-0.7756,0.438,0.9104
Pramef8,Pramef8,1368.2462,0.0218,0.0714,0.3051,0.7603,0.9699
Prc1,Prc1,3429.523,-0.7947,0.3822,-2.0791,0.0376,0.732
Prcc,Prcc,2273.3095,0.0281,0.0773,0.3638,0.716,0.9662
Prcp,Prcp,1585.4106,-0.0756,0.0596,-1.2681,0.2048,0.8262
Prdm1,Prdm1,163.7071,0.7515,0.4236,1.7742,0.076,0.7564
Prdm10,Prdm10,102.1396,-0.2228,0.146,-1.5265,0.1269,0.7753
Prdm11,Prdm11,20.0785,0.3049,0.3818,0.7985,0.4246,0.9063
Prdm15,Prdm15,597.3189,-0.0337,0.0792,-0.4247,0.6711,0.9578
Prdm2,Prdm2,2885.9031,-0.1417,0.1213,-1.1683,0.2427,0.8407
Prdm4,Prdm4,1715.2699,0.1274,0.0891,1.4298,0.1528,0.7987
Prdm5,Prdm5,568.7995,-0.1168,0.0847,-1.3801,0.1675,0.8045
Prdm8,Prdm8,48.5104,0.333,0.3194,1.0426,0.2971,0.8608
Prdm9,Prdm9,83.6036,-0.2443,0.2534,-0.9639,0.3351,0.8778
Prdx1,Prdx1,20333.0068,0.2851,0.2186,1.3042,0.1922,0.8173
Prdx2,Prdx2,16783.2263,-0.0184,0.0893,-0.2058,0.8369,0.9774
Prdx3,Prdx3,3497.1059,0.0281,0.0815,0.345,0.7301,0.9694
Prdx4,Prdx4,5890.3771,0.2566,0.2388,1.0743,0.2827,0.8606
Prdx5,Prdx5,7940.929,0.4414,0.2737,1.6124,0.1069,0.7713
Prdx6,Prdx6,7547.1916,0.3946,0.2672,1.4765,0.1398,0.7903
Preb,Preb,4066.8848,0.0751,0.0606,1.2394,0.2152,0.8271
Prelid1,Prelid1,9868.4327,0.0905,0.1437,0.63,0.5287,0.9237
Prelid2,Prelid2,485.1741,0.1533,0.2182,0.7022,0.4825,0.9168
Prelp,Prelp,6808.236,-0.5017,0.3151,-1.5922,0.1113,0.7736
Prep,Prep,7449.569,-0.0957,0.0885,-1.0815,0.2795,0.8596
Prepl,Prepl,2777.9994,-0.0701,0.1129,-0.6208,0.5347,0.9265
Prex1,Prex1,109.7752,0.0633,0.1831,0.3456,0.7296,0.9694
Prex2,Prex2,18.9041,-0.7604,0.5211,-1.4592,0.1445,0.7928
Prf1,Prf1,1.0432,0.0045,1.2742,0.0035,0.9972,1
Prg4,Prg4,1480.9366,1.4179,1.1018,1.2869,0.1981,0.8229
Prickle1,Prickle1,1054.3064,-0.1089,0.1293,-0.8424,0.3995,0.9011
Prickle2,Prickle2,89.1902,0.111,0.1795,0.6181,0.5365,0.9273
Prickle3,Prickle3,216.7559,-0.0126,0.1181,-0.1064,0.9152,0.9875
Prickle4,Prickle4,3.5621,0.3432,0.7939,0.4323,0.6655,0.9561
Prim1,Prim1,632.9654,-0.5658,0.2364,-2.3939,0.0167,0.732
Prim2,Prim2,675.9212,-0.2387,0.1254,-1.903,0.057,0.7377
Primpol,Primpol,182.7452,-0.0132,0.1743,-0.0755,0.9398,0.9923
Prkaa1,Prkaa1,3848.8228,-0.0875,0.1764,-0.4959,0.6199,0.9436
Prkaa2,Prkaa2,466.9717,-0.2263,0.3299,-0.6861,0.4926,0.9181
Prkab1,Prkab1,1526.5232,-0.0595,0.077,-0.7719,0.4402,0.9112
Prkab2,Prkab2,1542.5385,-0.2063,0.1939,-1.0636,0.2875,0.8606
Prkaca,Prkaca,13209.7118,-0.1425,0.1223,-1.1656,0.2438,0.8418
Prkacb,Prkacb,4172.106,-0.1608,0.1316,-1.2226,0.2215,0.8307
Prkag1,Prkag1,3931.1535,0.0358,0.0912,0.3927,0.6945,0.9623
Prkag2,Prkag2,304.0601,-0.0097,0.1139,-0.0854,0.9319,0.9921
Prkag3,Prkag3,1113.41,-0.3423,0.3506,-0.9766,0.3288,0.8758
Prkar1a,Prkar1a,37239.4384,-0.1466,0.1275,-1.1502,0.2501,0.8443
Prkar1b,Prkar1b,67.4068,0.699,0.4139,1.6891,0.0912,0.7643
Prkar2a,Prkar2a,2165.3129,-0.2978,0.1745,-1.7067,0.0879,0.764
Prkar2b,Prkar2b,2447.9266,-0.0135,0.1138,-0.1187,0.9055,0.9866
Prkca,Prkca,2285.5183,-0.1237,0.0922,-1.341,0.1799,0.8123
Prkcb,Prkcb,19.542,-0.2309,0.4228,-0.546,0.585,0.9355
Prkcd,Prkcd,1486.9766,0.1023,0.1004,1.0189,0.3082,0.8653
Prkcdbp,Prkcdbp,2295.0245,-0.0725,0.1198,-0.6056,0.5448,0.9285
Prkce,Prkce,207.7917,0.0955,0.1711,0.5581,0.5768,0.9343
Prkcg,Prkcg,25.6158,-0.206,0.3363,-0.6124,0.5403,0.9281
Prkch,Prkch,33.9671,-0.2435,0.3414,-0.7132,0.4757,0.9168
Prkci,Prkci,3056.2106,0.0219,0.1127,0.1945,0.8458,0.9776
Prkcq,Prkcq,0.7295,-1.0243,1.6784,-0.6103,0.5417,0.9283
Prkcsh,Prkcsh,6138.3898,0.2298,0.155,1.4825,0.1382,0.7886
Prkcz,Prkcz,12.0426,0.1872,0.4313,0.4341,0.6642,0.9561
Prkd1,Prkd1,5.0054,-0.0925,0.6522,-0.1418,0.8873,0.9833
Prkd2,Prkd2,511.4497,-0.0085,0.0962,-0.0885,0.9295,0.9917
Prkd3,Prkd3,3496.225,-0.1565,0.1531,-1.0223,0.3066,0.8653
Prkdc,Prkdc,617.1289,-0.0599,0.2483,-0.2414,0.8092,0.9734
Prkg1,Prkg1,277.2554,-0.1452,0.3476,-0.4177,0.6762,0.9598
Prkg2,Prkg2,2622.2095,-0.1608,0.1808,-0.8896,0.3737,0.893
Prkra,Prkra,1157.6315,0.0436,0.0813,0.5368,0.5914,0.9378
Prkrip1,Prkrip1,784.8237,-0.0227,0.0891,-0.2542,0.7993,0.9719
Prkrir,Prkrir,2720.5737,-0.1938,0.1131,-1.7138,0.0866,0.764
Prkx,Prkx,1100.8454,-0.0003,0.1264,-0.0025,0.998,1
Prl2c2,Prl2c2,712.5256,1.2144,1.2541,0.9683,0.3329,0.8778
Prl2c3,Prl2c3,6.774,1.4147,1.0139,1.3953,0.1629,0.8037
Prl2c5,Prl2c5,10.978,0.6208,0.8782,0.7069,0.4796,0.9168
Prmt1,Prmt1,6690.2149,-0.1318,0.1178,-1.119,0.2631,0.8538
Prmt10,Prmt10,859.9133,0.0769,0.102,0.7546,0.4505,0.912
Prmt2,Prmt2,1657.8966,0.1631,0.0794,2.0555,0.0398,0.732
Prmt3,Prmt3,1793.4225,0.0791,0.1117,0.7081,0.4789,0.9168
Prmt5,Prmt5,2855.462,-0.0822,0.1004,-0.8186,0.413,0.9033
Prmt6,Prmt6,700.6363,-0.0445,0.0831,-0.5355,0.5923,0.9384
Prmt7,Prmt7,1261.7194,-0.104,0.1177,-0.8835,0.377,0.8935
Prnp,Prnp,9954.8324,0.1547,0.1167,1.3263,0.1848,0.8152
Prob1,Prob1,214.9895,-0.0666,0.2189,-0.3041,0.7611,0.97
Proc,Proc,0.316,1.8995,2.4854,0.7642,0.4447,0.912
Proca1,Proca1,6.3596,-0.3647,0.6571,-0.5551,0.5788,0.9347
Procr,Procr,234.1158,0.5217,0.3981,1.3106,0.19,0.8161
Prodh,Prodh,84.8718,0.0548,0.2516,0.2176,0.8277,0.9767
Prok1,Prok1,1.9009,-0.6369,1.4176,-0.4493,0.6532,0.9548
Prokr1,Prokr1,53.7509,-0.0246,0.2302,-0.1068,0.915,0.9874
Prom1,Prom1,0.4138,-0.7714,2.4833,-0.3106,0.7561,0.9694
Prorsd1,Prorsd1,408.1683,-0.0323,0.1044,-0.3097,0.7568,0.9694
Pros1,Pros1,3367.8153,0.0751,0.1378,0.5447,0.5859,0.9355
Prosc,Prosc,2212.658,0.0557,0.1009,0.5521,0.5809,0.9352
Proser1,Proser1,835.5,-0.0378,0.0962,-0.3925,0.6947,0.9623
Proser2,Proser2,169.7753,0.2587,0.1691,1.53,0.126,0.7753
Proser3,Proser3,157.3646,-0.0741,0.165,-0.4493,0.6532,0.9548
Prox1,Prox1,42.427,-0.9032,0.5036,-1.7935,0.0729,0.752
Prox2,Prox2,106.2362,0.0649,0.1778,0.365,0.7151,0.9662
Proz,Proz,34.8713,0.1468,0.2659,0.5521,0.5809,0.9352
Prpf18,Prpf18,2211.1204,-0.0775,0.0881,-0.8797,0.379,0.8935
Prpf19,Prpf19,6711.9914,0.0239,0.0967,0.247,0.8049,0.9724
Prpf3,Prpf3,1227.8278,-0.1985,0.0969,-2.0474,0.0406,0.732
Prpf31,Prpf31,1530.6913,-0.0441,0.0879,-0.5016,0.6159,0.9427
Prpf38a,Prpf38a,1583.8673,-0.1718,0.0962,-1.7853,0.0742,0.752
Prpf38b,Prpf38b,2388.7799,-0.1925,0.1893,-1.0169,0.3092,0.8667
Prpf39,Prpf39,830.8921,0.1062,0.1964,0.5406,0.5888,0.9361
Prpf4,Prpf4,1332.4059,-0.0909,0.071,-1.2808,0.2003,0.8249
Prpf40a,Prpf40a,1737.3414,-0.1095,0.1934,-0.5664,0.5712,0.9321
Prpf40b,Prpf40b,1369.1689,0.0211,0.071,0.2975,0.7661,0.97
Prpf4b,Prpf4b,1455.053,-0.0019,0.175,-0.0109,0.9913,1
Prpf6,Prpf6,4299.7755,0.0213,0.0711,0.3001,0.7641,0.97
Prpf8,Prpf8,13085.883,0.0082,0.1039,0.0787,0.9373,0.9923
Prph,Prph,18.9901,-0.366,0.4533,-0.8073,0.4195,0.9047
Prps1,Prps1,1345.3703,-0.1278,0.1059,-1.2071,0.2274,0.8325
Prps1l3,Prps1l3,1715.6606,-0.1409,0.1148,-1.2279,0.2195,0.8302
Prps2,Prps2,1132.53,-0.0371,0.1255,-0.2954,0.7677,0.97
Prpsap1,Prpsap1,2763.5318,0.1952,0.1183,1.6506,0.0988,0.7669
Prpsap2,Prpsap2,929.4359,0.0185,0.0815,0.2268,0.8206,0.976
Prr11,Prr11,924.6346,-0.9393,0.4609,-2.0382,0.0415,0.732
Prr12,Prr12,1291.5076,0.0719,0.1094,0.6574,0.5109,0.9195
Prr13,Prr13,2965.2476,0.202,0.1369,1.4759,0.14,0.7903
Prr14,Prr14,1613.3799,0.0084,0.0823,0.1021,0.9187,0.9879
Prr14l,Prr14l,923.5092,-0.2694,0.2481,-1.086,0.2775,0.8588
Prr15,Prr15,8.6934,0.4435,0.5458,0.8126,0.4164,0.9035
Prr15l,Prr15l,0.4218,1.18,2.4216,0.4873,0.6261,0.9451
Prr16,Prr16,52.1701,0.0562,0.2566,0.2189,0.8267,0.9766
Prr18,Prr18,13.7906,-0.1081,0.4842,-0.2233,0.8233,0.9766
Prr22,Prr22,4.9274,-0.2837,0.6523,-0.435,0.6636,0.9561
Prr29,Prr29,9.004,-0.114,0.4511,-0.2526,0.8006,0.9719
Prr3,Prr3,624.3696,0.0289,0.0846,0.3422,0.7322,0.9694
Prr32,Prr32,88.4055,-0.4961,0.45,-1.1024,0.2703,0.8588
Prr33,Prr33,325.2849,-0.2058,0.2951,-0.6974,0.4856,0.9168
Prr36,Prr36,20.9457,0.1326,0.3242,0.4088,0.6827,0.962
Prr5,Prr5,371.9285,-0.2758,0.1713,-1.6098,0.1075,0.7715
Prr5l,Prr5l,37.2658,0.2691,0.2943,0.9143,0.3605,0.8868
Prr7,Prr7,106.6928,-0.748,0.3287,-2.2755,0.0229,0.732
Prr9,Prr9,22.1375,0.0466,0.4588,0.1015,0.9191,0.9879
Prrc1,Prrc1,3788.1761,-0.0478,0.0614,-0.7782,0.4365,0.9098
Prrc2a,Prrc2a,13339.4672,-0.0992,0.0786,-1.2634,0.2064,0.8262
Prrc2b,Prrc2b,10207.754,-0.0842,0.092,-0.916,0.3597,0.8866
Prrc2c,Prrc2c,5956.0167,-0.205,0.1642,-1.249,0.2117,0.8265
Prrg1,Prrg1,155.3989,-0.0612,0.276,-0.2219,0.8244,0.9766
Prrg2,Prrg2,215.0528,0.2304,0.1268,1.817,0.0692,0.7507
Prrg4,Prrg4,162.5666,-0.0268,0.2328,-0.1151,0.9084,0.987
Prrt2,Prrt2,55.8841,-0.2529,0.2847,-0.8885,0.3743,0.893
Prrt3,Prrt3,24.3718,0.0454,0.2812,0.1614,0.8718,0.9819
Prrt4,Prrt4,87.7661,0.3421,0.1645,2.0794,0.0376,0.732
Prrx1,Prrx1,6661.0185,0.1333,0.1642,0.8119,0.4168,0.904
Prrx2,Prrx2,1654.3387,-0.0655,0.1095,-0.5983,0.5497,0.929
Prss12,Prss12,67.8666,-0.3774,0.3164,-1.1926,0.233,0.8354
Prss16,Prss16,7.7624,-0.637,0.5303,-1.2012,0.2297,0.8328
Prss2,Prss2,4.485,1.1638,0.9615,1.2105,0.2261,0.8321
Prss22,Prss22,5.1845,-0.7058,1.0636,-0.6636,0.5069,0.9188
Prss23,Prss23,7696.8531,-0.363,0.1714,-2.1186,0.0341,0.732
Prss27,Prss27,4.3006,-0.2819,0.6527,-0.4319,0.6658,0.9563
Prss30,Prss30,0.6326,-0.0011,2.3486,-0.0005,0.9996,1
Prss32,Prss32,2.8064,-0.7462,0.9979,-0.7477,0.4546,0.9127
Prss35,Prss35,87.9552,-0.733,0.2521,-2.9076,0.0036,0.732
Prss36,Prss36,180.1122,0.0563,0.112,0.5033,0.6148,0.9427
Prss38,Prss38,0.9438,0.6834,1.6344,0.4181,0.6759,0.9598
Prss41,Prss41,1.4589,-1.1142,1.2582,-0.8855,0.3759,0.8935
Prss42,Prss42,0.3158,0.6972,2.5723,0.271,0.7864,0.97
Prss45,Prss45,2.7367,-0.4956,1.1224,-0.4415,0.6588,0.9548
Prss46,Prss46,149.7926,-0.2321,0.2965,-0.7828,0.4338,0.9089
Prss50,Prss50,3.2368,-0.6689,0.8468,-0.7899,0.4296,0.9079
Prss53,Prss53,66.4281,-0.0807,0.2108,-0.3826,0.702,0.9635
Prss56,Prss56,3.2377,-0.6752,0.7424,-0.9095,0.3631,0.8873
Prss57,Prss57,1.7681,0.6148,1.3261,0.4636,0.6429,0.9512
Prss8,Prss8,1.7742,0.3242,1.1107,0.2919,0.7704,0.97
Prtg,Prtg,85.1843,0.129,0.2201,0.5861,0.5578,0.9292
Prtn3,Prtn3,11.2016,0.9659,0.6642,1.4542,0.1459,0.7928
Prune,Prune,3029.8866,0.0896,0.0643,1.395,0.163,0.8037
Prune2,Prune2,7678.8826,-0.1622,0.1826,-0.888,0.3745,0.8933
Prx,Prx,226.3247,-0.0949,0.1029,-0.9226,0.3562,0.8853
Psap,Psap,66267.0436,0.4212,0.1893,2.2252,0.0261,0.732
Psat1,Psat1,8553.5957,0.3686,0.1754,2.1008,0.0357,0.732
Psca,Psca,1.8866,0.3657,1.2557,0.2913,0.7708,0.97
Psd,Psd,492.6617,0.0022,0.1306,0.0168,0.9866,1
Psd2,Psd2,3.1274,0.0046,0.8918,0.0051,0.9959,1
Psd3,Psd3,438.7518,-0.2101,0.3606,-0.5826,0.5602,0.9294
Psd4,Psd4,9.0101,0.5877,0.483,1.2169,0.2236,0.831
Psen1,Psen1,3418.6226,0.1751,0.0949,1.8448,0.0651,0.7457
Psen2,Psen2,856.5201,0.3162,0.1156,2.7344,0.0063,0.732
Psenen,Psenen,1334.8466,0.249,0.1534,1.6238,0.1044,0.7679
Psg17,Psg17,5.5282,-0.1171,0.7409,-0.1581,0.8744,0.9819
Psg18,Psg18,1.1591,-0.4499,1.3802,-0.326,0.7444,0.9694
Psg22,Psg22,0.4218,0.0067,2.0626,0.0033,0.9974,1
Psg26,Psg26,8.2894,0.0536,0.6943,0.0773,0.9384,0.9923
Psg28,Psg28,27.1112,-0.3908,0.4432,-0.8818,0.3779,0.8935
Psip1,Psip1,2479.7451,-0.3717,0.2437,-1.525,0.1273,0.7753
Pskh1,Pskh1,1346.2668,0.1705,0.0964,1.7693,0.0768,0.7572
Psma1,Psma1,3275.9041,-0.0676,0.0917,-0.7371,0.4611,0.9144
Psma2,Psma2,5953.0237,-0.0217,0.0812,-0.2673,0.7892,0.97
Psma3,Psma3,6620.5202,-0.1184,0.0938,-1.2613,0.2072,0.8262
Psma4,Psma4,4344.5565,-0.1096,0.09,-1.2177,0.2233,0.8307
Psma5,Psma5,6149.8542,-0.0087,0.0875,-0.0992,0.9209,0.9885
Psma6,Psma6,6269.7836,-0.0333,0.0836,-0.3979,0.6907,0.9623
Psma7,Psma7,4779.3908,-0.0403,0.0948,-0.4254,0.6705,0.9578
Psmb1,Psmb1,7373.6744,0.0216,0.0827,0.2606,0.7944,0.971
Psmb10,Psmb10,353.507,-0.0898,0.1287,-0.6978,0.4853,0.9168
Psmb11,Psmb11,0.7329,-0.186,2.4011,-0.0775,0.9383,0.9923
Psmb2,Psmb2,3418.0284,-0.0463,0.1042,-0.4445,0.6566,0.9548
Psmb3,Psmb3,5237.7524,-0.0313,0.1028,-0.3039,0.7612,0.97
Psmb4,Psmb4,6555.2158,-0.0277,0.0879,-0.3155,0.7524,0.9694
Psmb5,Psmb5,2147.6464,-0.0282,0.1524,-0.1852,0.8531,0.9789
Psmb6,Psmb6,4573.4807,-0.0708,0.1097,-0.6452,0.5188,0.9219
Psmb7,Psmb7,5390.1668,-0.102,0.1155,-0.8838,0.3768,0.8935
Psmb8,Psmb8,49.2502,-0.5255,0.2754,-1.908,0.0564,0.7377
Psmb9,Psmb9,7.6077,-0.1685,0.6988,-0.2412,0.8094,0.9735
Psmc1,Psmc1,8035.6569,-0.0707,0.0773,-0.9148,0.3603,0.8868
Psmc2,Psmc2,6275.0854,-0.066,0.0973,-0.6782,0.4977,0.9181
Psmc3,Psmc3,13323.8315,-0.0961,0.1192,-0.8069,0.4197,0.9049
Psmc3ip,Psmc3ip,162.1068,-0.4078,0.245,-1.6643,0.0961,0.7664
Psmc4,Psmc4,3990.9811,-0.025,0.092,-0.2713,0.7861,0.97
Psmc5,Psmc5,5463.3535,-0.0537,0.1069,-0.5021,0.6156,0.9427
Psmc6,Psmc6,6001.3536,-0.0605,0.1543,-0.3922,0.6949,0.9623
Psmd1,Psmd1,9500.0806,-0.0787,0.1141,-0.6894,0.4906,0.9181
Psmd10,Psmd10,1735.7235,0.0284,0.0638,0.4453,0.6561,0.9548
Psmd11,Psmd11,3960.8466,-0.0175,0.0862,-0.2028,0.8393,0.9775
Psmd12,Psmd12,5054.3085,-0.1375,0.0974,-1.4122,0.1579,0.8015
Psmd13,Psmd13,4162.7016,-0.0754,0.1048,-0.7193,0.472,0.9168
Psmd14,Psmd14,4872.7857,-0.0872,0.0948,-0.9199,0.3576,0.8858
Psmd2,Psmd2,16750.4274,0.1215,0.0964,1.2609,0.2073,0.8263
Psmd3,Psmd3,6520.335,-0.011,0.0761,-0.1446,0.8851,0.9833
Psmd4,Psmd4,6550.8324,0.061,0.0891,0.6846,0.4936,0.9181
Psmd5,Psmd5,3283.6806,-0.0645,0.1119,-0.5763,0.5644,0.9299
Psmd6,Psmd6,5484.1769,-0.0496,0.0973,-0.5102,0.6099,0.9416
Psmd7,Psmd7,5975.2278,-0.0049,0.0641,-0.077,0.9386,0.9923
Psmd8,Psmd8,9461.2946,0.3516,0.1776,1.9797,0.0477,0.7364
Psmd9,Psmd9,1303.5802,0.0677,0.0815,0.8307,0.4061,0.9033
Psme1,Psme1,1789.3749,0.0384,0.1128,0.3406,0.7334,0.9694
Psme2,Psme2,2325.8402,-0.1227,0.1043,-1.1759,0.2396,0.84
Psme2b,Psme2b,13.5504,-0.3484,0.5285,-0.6593,0.5097,0.9195
Psme3,Psme3,5596.0236,-0.0078,0.0653,-0.1193,0.905,0.9865
Psme4,Psme4,4448.4925,-0.0878,0.2363,-0.3715,0.7102,0.9662
Psmf1,Psmf1,1457.628,0.0968,0.1029,0.941,0.3467,0.8828
Psmg1,Psmg1,779.0201,-0.0664,0.0927,-0.7169,0.4734,0.9168
Psmg2,Psmg2,1131.2121,-0.0621,0.093,-0.6685,0.5038,0.9188
Psmg3,Psmg3,571.9948,-0.0294,0.0843,-0.3484,0.7275,0.9694
Psmg4,Psmg4,304.4025,0.0717,0.19,0.377,0.7062,0.965
Psors1c2,Psors1c2,1.2558,0.6796,1.3149,0.5168,0.6053,0.941
Pspc1,Pspc1,1359.9638,-0.0938,0.1187,-0.7902,0.4294,0.9079
Psph,Psph,1186.1031,0.4202,0.2038,2.0621,0.0392,0.732
Pspn,Pspn,9.9339,0.2696,0.4417,0.6105,0.5415,0.9283
Psrc1,Psrc1,736.8102,-0.3114,0.1277,-2.4389,0.0147,0.732
Pstk,Pstk,431.0656,-0.03,0.0985,-0.3044,0.7608,0.97
Pstpip1,Pstpip1,369.9404,-0.3789,0.3679,-1.0299,0.3031,0.8623
Pstpip2,Pstpip2,1193.2552,-0.1942,0.1868,-1.0395,0.2986,0.861
Ptafr,Ptafr,4.5904,0.5794,0.7357,0.7875,0.431,0.9081
Ptar1,Ptar1,93.2854,-0.3607,0.2921,-1.2349,0.2169,0.8288
Ptbp1,Ptbp1,7001.9421,-0.0558,0.1018,-0.548,0.5837,0.9353
Ptbp2,Ptbp2,1417.2577,-0.1261,0.1584,-0.7962,0.4259,0.9068
Ptbp3,Ptbp3,2941.0302,-0.1785,0.2488,-0.7174,0.4731,0.9168
Ptcd1,Ptcd1,841.7636,0.1135,0.1189,0.9545,0.3398,0.879
Ptcd2,Ptcd2,1349.0381,-0.0076,0.0741,-0.103,0.9179,0.9879
Ptcd3,Ptcd3,2102.6681,-0.1865,0.1276,-1.4617,0.1438,0.7928
Ptch1,Ptch1,371.6665,0.1785,0.2634,0.6779,0.4978,0.9181
Ptch2,Ptch2,16.9774,0.2723,0.4272,0.6374,0.5238,0.9223
Ptchd1,Ptchd1,1.2627,0.4738,1.4057,0.3371,0.736,0.9694
Ptchd2,Ptchd2,4.9193,0.8366,0.799,1.0471,0.2951,0.8606
Ptchd4,Ptchd4,3.3527,0.1959,0.9375,0.209,0.8345,0.9774
Ptcra,Ptcra,0.9418,0.5226,1.8068,0.2892,0.7724,0.97
Ptdss1,Ptdss1,2548.3837,0.1207,0.0842,1.4341,0.1516,0.7968
Ptdss2,Ptdss2,1122.9707,0.1197,0.0928,1.2899,0.1971,0.8209
Pten,Pten,2899.8854,-0.1832,0.218,-0.8401,0.4008,0.9018
Pter,Pter,401.3139,-0.0865,0.1057,-0.8185,0.4131,0.9033
Ptgdr,Ptgdr,1.1488,1.8459,1.8279,1.0099,0.3126,0.8685
Ptgdr2,Ptgdr2,4.1893,0.7131,0.6666,1.0697,0.2848,0.8606
Ptgds,Ptgds,75.4241,-0.24,0.3923,-0.6117,0.5407,0.9281
Ptger1,Ptger1,1616.0963,0.1036,0.1071,0.9666,0.3337,0.8778
Ptger2,Ptger2,3.7783,-0.3235,0.8409,-0.3848,0.7004,0.9635
Ptger3,Ptger3,2.7303,-1.055,0.9902,-1.0654,0.2867,0.8606
Ptger4,Ptger4,793.9783,0.2118,0.1351,1.5685,0.1168,0.7753
Ptges,Ptges,55.7929,0.6727,0.4468,1.5054,0.1322,0.7778
Ptges2,Ptges2,1099.0693,0.1579,0.1128,1.399,0.1618,0.8037
Ptges3,Ptges3,7636.7718,-0.0316,0.0525,-0.6024,0.5469,0.9289
Ptges3l,Ptges3l,580.2118,-0.1628,0.1907,-0.8536,0.3933,0.8986
Ptgfr,Ptgfr,1920.3101,0.5376,0.2934,1.8324,0.0669,0.7457
Ptgfrn,Ptgfrn,26912.2192,-0.0894,0.0769,-1.1624,0.2451,0.8421
Ptgir,Ptgir,350.2742,0.3784,0.2131,1.7759,0.0757,0.7553
Ptgis,Ptgis,4545.6694,-0.0506,0.1901,-0.2663,0.79,0.97
Ptgr1,Ptgr1,4235.2051,0.2462,0.1759,1.4,0.1615,0.8037
Ptgr2,Ptgr2,2285.8472,-0.0436,0.1144,-0.381,0.7032,0.9638
Ptgs1,Ptgs1,7181.6863,0.4368,0.2952,1.4798,0.1389,0.7895
Ptgs2,Ptgs2,1613.768,0.7439,0.6707,1.1092,0.2673,0.8562
Ptgs2os,Ptgs2os,13.4538,-0.6842,0.4707,-1.4534,0.1461,0.7928
Ptgs2os2,Ptgs2os2,37.6779,0.1843,0.4394,0.4195,0.6748,0.9598
Pth1r,Pth1r,98.9572,-0.5838,0.2901,-2.0125,0.0442,0.7364
Pthlh,Pthlh,17.3479,-0.8906,0.4748,-1.876,0.0607,0.7456
Ptk2,Ptk2,3454.8207,0.0189,0.0633,0.2991,0.7649,0.97
Ptk2b,Ptk2b,1097.0795,-0.0219,0.1043,-0.2099,0.8337,0.9774
Ptk7,Ptk7,3694.1712,-0.0536,0.1006,-0.5326,0.5943,0.9385
Ptma,Ptma,21423.7424,0.0315,0.2044,0.1539,0.8777,0.982
Ptms,Ptms,12529.0171,-0.1825,0.1226,-1.4885,0.1366,0.787
Ptn,Ptn,141.3048,-1.3906,0.4224,-3.2917,0.001,0.5459
Ptov1,Ptov1,3505.5318,-0.0359,0.0979,-0.3666,0.7139,0.9662
Ptp4a1,Ptp4a1,371.0737,-0.0925,0.1784,-0.5185,0.6041,0.941
Ptp4a2,Ptp4a2,14038.6168,-0.0588,0.121,-0.4857,0.6272,0.9451
Ptp4a3,Ptp4a3,2444.022,0.073,0.0797,0.9164,0.3594,0.8863
Ptpdc1,Ptpdc1,770.4109,-0.0304,0.0747,-0.4066,0.6843,0.9623
Ptpmt1,Ptpmt1,955.4471,0.0822,0.1028,0.7994,0.424,0.906
Ptpn1,Ptpn1,3891.7375,0.0026,0.0711,0.0361,0.9712,0.999
Ptpn11,Ptpn11,9323.7865,-0.0518,0.0651,-0.7961,0.426,0.9068
Ptpn12,Ptpn12,3428.1272,-0.0841,0.1257,-0.6693,0.5033,0.9188
Ptpn13,Ptpn13,1515.6035,-0.0527,0.0856,-0.6156,0.5381,0.9275
Ptpn14,Ptpn14,3812.892,-0.1198,0.0695,-1.7234,0.0848,0.7604
Ptpn18,Ptpn18,0.8258,-0.3847,1.9297,-0.1993,0.842,0.9775
Ptpn2,Ptpn2,1297.5812,0.0115,0.1066,0.1075,0.9144,0.9874
Ptpn21,Ptpn21,2814.2067,-0.0686,0.1139,-0.6027,0.5467,0.9289
Ptpn22,Ptpn22,214.2036,0.2952,0.1924,1.5338,0.1251,0.7753
Ptpn23,Ptpn23,3326.5689,0.1444,0.1102,1.3098,0.1903,0.8161
Ptpn3,Ptpn3,893.0014,0.1197,0.1343,0.8912,0.3728,0.893
Ptpn4,Ptpn4,110.7428,-0.1323,0.2786,-0.4749,0.6349,0.9479
Ptpn5,Ptpn5,25.6828,-0.075,0.381,-0.1969,0.8439,0.9775
Ptpn6,Ptpn6,84.5006,-0.3174,0.2071,-1.5325,0.1254,0.7753
Ptpn7,Ptpn7,4.177,-0.9547,0.7879,-1.2117,0.2256,0.8321
Ptpn9,Ptpn9,3138.0165,0.0929,0.1275,0.7286,0.4663,0.9163
Ptpra,Ptpra,5188.2084,0.1767,0.1017,1.7367,0.0824,0.7572
Ptprb,Ptprb,25.9296,-0.3834,0.3102,-1.236,0.2165,0.8286
Ptprc,Ptprc,0.7387,-0.3741,1.8726,-0.1998,0.8417,0.9775
Ptprcap,Ptprcap,7.9435,-0.2863,0.53,-0.5401,0.5891,0.9364
Ptprd,Ptprd,760.7068,-0.2637,0.2841,-0.9282,0.3533,0.8839
Ptpre,Ptpre,356.1711,-0.0706,0.1298,-0.5443,0.5863,0.9355
Ptprf,Ptprf,2477.176,-0.1345,0.0751,-1.7916,0.0732,0.752
Ptprg,Ptprg,1832.6949,0.1662,0.118,1.4084,0.159,0.8015
Ptprj,Ptprj,572.4597,0.0161,0.155,0.1042,0.917,0.9879
Ptprk,Ptprk,4566.159,0.4414,0.2491,1.7718,0.0764,0.7567
Ptprm,Ptprm,986.3163,0.4159,0.2831,1.4694,0.1417,0.7919
Ptprn,Ptprn,18.7852,-0.3794,0.39,-0.9729,0.3306,0.8768
Ptprn2,Ptprn2,69.1504,-0.1722,0.1975,-0.872,0.3832,0.8935
Ptprq,Ptprq,18.2013,0.1133,0.4528,0.2503,0.8024,0.9719
Ptprr,Ptprr,50.9901,0.2118,0.2421,0.8751,0.3815,0.8935
Ptprs,Ptprs,9083.6268,0.1273,0.0941,1.3537,0.1758,0.8104
Ptpru,Ptpru,12.217,0.3431,0.5172,0.6633,0.5071,0.9188
Ptprv,Ptprv,190.3102,-0.6319,0.3164,-1.9975,0.0458,0.7364
Ptrf,Ptrf,16736.5698,-0.1716,0.1301,-1.3193,0.1871,0.8161
Ptrh1,Ptrh1,742.8716,0.7593,0.3805,1.9956,0.046,0.7364
Ptrh2,Ptrh2,875.1766,0.0252,0.0848,0.2966,0.7668,0.97
Ptrhd1,Ptrhd1,213.8509,0.0909,0.1578,0.5763,0.5644,0.9299
Pts,Pts,778.5444,0.0535,0.0897,0.5965,0.5508,0.929
Pttg1,Pttg1,949.0168,-0.711,0.3194,-2.2258,0.026,0.732
Pttg1ip,Pttg1ip,12992.1276,0.1834,0.0995,1.8436,0.0652,0.7457
Ptx3,Ptx3,1233.1406,0.9982,0.6964,1.4334,0.1517,0.7971
Puf60,Puf60,6432.2668,-0.022,0.0689,-0.3191,0.7496,0.9694
Pum1,Pum1,4010.6218,-0.0462,0.0674,-0.6864,0.4924,0.9181
Pum2,Pum2,4841.1165,-0.0474,0.1754,-0.2704,0.7869,0.97
Pura,Pura,179.3193,-0.1646,0.1391,-1.1833,0.2367,0.8369
Purb,Purb,10325.075,-0.2167,0.2573,-0.8421,0.3998,0.9011
Purg,Purg,216.8642,-0.0408,0.121,-0.3373,0.7359,0.9694
Pus1,Pus1,1089.9797,0.0961,0.1167,0.8238,0.4101,0.9033
Pus10,Pus10,826.5038,-0.1541,0.1734,-0.8887,0.3741,0.893
Pus3,Pus3,407.0982,-0.0592,0.1315,-0.4499,0.6528,0.9548
Pus7,Pus7,1815.6012,-0.0737,0.1133,-0.6507,0.5153,0.9201
Pus7l,Pus7l,442.6724,-0.2161,0.1335,-1.6186,0.1055,0.771
Pusl1,Pusl1,340.4858,0.2094,0.1918,1.0916,0.275,0.8588
Pvalb,Pvalb,78.1034,-0.5656,0.543,-1.0417,0.2976,0.8608
Pvr,Pvr,2203.158,0.3727,0.2141,1.7407,0.0817,0.7572
Pvrl1,Pvrl1,587.6022,0.2047,0.1567,1.3066,0.1913,0.8163
Pvrl2,Pvrl2,1409.7636,0.2763,0.1911,1.4459,0.1482,0.7958
Pvrl3,Pvrl3,874.2509,-0.1164,0.1585,-0.7346,0.4626,0.9152
Pvrl4,Pvrl4,15.1611,-0.1692,0.4139,-0.4087,0.6828,0.962
Pvt1,Pvt1,477.4864,0.1712,0.254,0.674,0.5003,0.9182
Pwp1,Pwp1,2325.3599,-0.0093,0.0526,-0.1768,0.8597,0.98
Pwp2,Pwp2,1449.9682,0.1106,0.124,0.8917,0.3726,0.893
Pwwp2a,Pwwp2a,472.0315,-0.1761,0.1925,-0.9145,0.3604,0.8868
Pwwp2b,Pwwp2b,462.1606,0.0157,0.1146,0.1371,0.891,0.9839
Pxdc1,Pxdc1,821.4194,0.1909,0.1389,1.3744,0.1693,0.8052
Pxdn,Pxdn,10076.5954,-0.4794,0.2097,-2.2862,0.0222,0.732
Pxk,Pxk,1844.0903,-0.1191,0.0598,-1.9911,0.0465,0.7364
Pxmp2,Pxmp2,43.5827,-0.0421,0.3111,-0.1354,0.8923,0.9841
Pxmp4,Pxmp4,526.083,-0.1009,0.1464,-0.689,0.4908,0.9181
Pxn,Pxn,3542.5506,-0.0139,0.068,-0.2043,0.8381,0.9775
Pxylp1,Pxylp1,2335.3377,-0.0742,0.0796,-0.9319,0.3514,0.8839
Pycard,Pycard,1.5653,-0.342,1.095,-0.3123,0.7548,0.9694
Pycr1,Pycr1,455.5182,-0.0952,0.1056,-0.901,0.3676,0.8911
Pycr2,Pycr2,1607.3446,0.0019,0.1136,0.0171,0.9864,1
Pycrl,Pycrl,775.5954,-0.0585,0.1098,-0.5328,0.5942,0.9385
Pydc3,Pydc3,0.525,0.4908,2.3785,0.2064,0.8365,0.9774
Pygb,Pygb,2984.6914,0.0878,0.1184,0.7414,0.4585,0.9139
Pygl,Pygl,73.7454,0.3529,0.3077,1.147,0.2514,0.8443
Pygm,Pygm,2300.5272,-0.2867,0.3292,-0.8709,0.3838,0.8935
Pygo1,Pygo1,65.0925,-0.4169,0.1954,-2.1331,0.0329,0.732
Pygo2,Pygo2,2999.5135,0.0029,0.072,0.0403,0.9678,0.9988
Pyroxd1,Pyroxd1,355.1053,-0.125,0.1552,-0.805,0.4208,0.9054
Pyroxd2,Pyroxd2,41.9577,0.2203,0.2825,0.7796,0.4357,0.9091
Pyurf,Pyurf,424.3393,0.1461,0.1206,1.2113,0.2258,0.8321
Pzp,Pzp,5.0145,-0.2691,0.6302,-0.4271,0.6693,0.9572
Qars,Qars,4454.5495,0.1423,0.0961,1.4813,0.1385,0.7891
Qdpr,Qdpr,1167.005,0.1595,0.0791,2.0169,0.0437,0.7364
Qk,Qk,8611.3587,-0.2146,0.2596,-0.8269,0.4083,0.9033
Qpct,Qpct,374.7527,-0.026,0.2195,-0.1184,0.9057,0.9867
Qpctl,Qpctl,613.589,0.0932,0.124,0.7514,0.4524,0.9121
Qprt,Qprt,5.0275,0.7948,0.6495,1.2237,0.2211,0.8307
Qrfp,Qrfp,150.544,-0.0467,0.2697,-0.1732,0.8625,0.9807
Qrfpr,Qrfpr,1.6764,1.3593,1.2735,1.0674,0.2858,0.8606
Qrich1,Qrich1,3940.2039,0.0183,0.0521,0.3501,0.7262,0.9691
Qrich2,Qrich2,1.1397,0.5056,1.6286,0.3105,0.7562,0.9694
Qrsl1,Qrsl1,405.7158,-0.0803,0.1147,-0.6999,0.484,0.9168
Qser1,Qser1,1435.6612,-0.0779,0.2266,-0.3437,0.731,0.9694
Qsox1,Qsox1,12255.2086,0.1657,0.1201,1.3798,0.1677,0.8045
Qsox2,Qsox2,1507.9639,0.0806,0.1242,0.6485,0.5166,0.9209
Qtrt1,Qtrt1,403.1615,0.0689,0.1371,0.5024,0.6154,0.9427
Qtrtd1,Qtrtd1,761.288,-0.0413,0.134,-0.3083,0.7578,0.9694
R3hcc1,R3hcc1,1356.9781,0.0567,0.107,0.5299,0.5962,0.9389
R3hcc1l,R3hcc1l,747.5773,0.0305,0.121,0.2519,0.8011,0.9719
R3hdm1,R3hdm1,2033.804,-0.1916,0.1709,-1.1216,0.262,0.853
R3hdm2,R3hdm2,4175.1835,0.0498,0.0828,0.6007,0.548,0.9289
R3hdm4,R3hdm4,3390.7153,0.0797,0.0728,1.0947,0.2736,0.8588
R3hdml,R3hdml,1139.3421,-0.5189,0.4744,-1.0939,0.274,0.8588
R74862,R74862,94.3063,0.1473,0.1808,0.8145,0.4153,0.9033
Rab1,Rab1,9515.0764,-0.1072,0.1005,-1.0669,0.286,0.8606
Rab10,Rab10,8537.3041,-0.1531,0.1591,-0.9625,0.3358,0.8778
Rab10os,Rab10os,156.4147,0.2671,0.1824,1.4642,0.1431,0.7928
Rab11a,Rab11a,4155.535,0.0194,0.0538,0.3597,0.7191,0.9672
Rab11b,Rab11b,4338.7414,0.081,0.1276,0.6351,0.5254,0.9228
Rab11fip1,Rab11fip1,421.3114,0.0735,0.1233,0.5963,0.551,0.929
Rab11fip2,Rab11fip2,325.1584,-0.2053,0.2508,-0.8185,0.413,0.9033
Rab11fip3,Rab11fip3,1892.3248,0.094,0.0604,1.5576,0.1193,0.7753
Rab11fip5,Rab11fip5,3910.969,0.2346,0.155,1.5133,0.1302,0.777
Rab12,Rab12,4427.7428,-0.001,0.071,-0.0145,0.9884,1
Rab13,Rab13,977.1252,-0.0936,0.081,-1.1555,0.2479,0.843
Rab14,Rab14,8400.4332,-0.1118,0.0833,-1.3423,0.1795,0.8123
Rab15,Rab15,23.1092,-0.3331,0.29,-1.1486,0.2507,0.8443
Rab17,Rab17,0.3168,-0.6877,2.5718,-0.2674,0.7892,0.97
Rab18,Rab18,8155.2953,0.0088,0.0848,0.1032,0.9178,0.9879
Rab19,Rab19,0.5157,0.7794,2.3731,0.3284,0.7426,0.9694
Rab1b,Rab1b,5795.4116,0.0102,0.079,0.1296,0.8969,0.9854
Rab20,Rab20,109.073,0.6011,0.3783,1.5888,0.1121,0.7736
Rab21,Rab21,3432.6902,0.0163,0.0704,0.2308,0.8174,0.975
Rab22a,Rab22a,1524.0895,0.0681,0.0833,0.8175,0.4136,0.9033
Rab23,Rab23,1870.9444,-0.1081,0.0875,-1.2364,0.2163,0.8286
Rab24,Rab24,1802.0028,0.1009,0.0742,1.3608,0.1736,0.808
Rab26,Rab26,5.4453,-0.8208,0.6454,-1.2718,0.2034,0.8262
Rab26os,Rab26os,26.9164,-0.0825,0.555,-0.1487,0.8818,0.9824
Rab27a,Rab27a,51.2844,-0.6314,0.2989,-2.1127,0.0346,0.732
Rab27b,Rab27b,347.14,-0.0512,0.2309,-0.2217,0.8246,0.9766
Rab28,Rab28,1805.6259,0.0272,0.073,0.3728,0.7093,0.9661
Rab29,Rab29,221.1375,0.116,0.1446,0.8025,0.4223,0.906
Rab2a,Rab2a,9987.6551,-0.0018,0.0611,-0.0297,0.9763,0.9992
Rab2b,Rab2b,1071.2887,0.0329,0.0819,0.402,0.6877,0.9623
Rab30,Rab30,161.855,-0.1327,0.1903,-0.6972,0.4857,0.9168
Rab31,Rab31,10313.1756,0.046,0.0836,0.5507,0.5818,0.9352
Rab32,Rab32,984.961,0.4051,0.2262,1.7914,0.0732,0.752
Rab33a,Rab33a,14.0348,0.4554,0.5318,0.8563,0.3918,0.8983
Rab33b,Rab33b,1348.0434,-0.0868,0.0964,-0.9005,0.3679,0.8912
Rab34,Rab34,3725.0559,0.1042,0.1062,0.9818,0.3262,0.8747
Rab35,Rab35,2655.997,0.083,0.0849,0.9774,0.3284,0.8758
Rab36,Rab36,145.7982,0.1671,0.1355,1.2327,0.2177,0.8301
Rab37,Rab37,1.8868,0.0026,0.9629,0.0027,0.9979,1
Rab38,Rab38,228.2924,-0.5924,0.3849,-1.539,0.1238,0.7753
Rab39b,Rab39b,23.127,0.5411,0.4622,1.1705,0.2418,0.8407
Rab3a,Rab3a,626.9896,0.0704,0.0996,0.7068,0.4797,0.9168
Rab3b,Rab3b,24.1025,0.2126,0.3261,0.6519,0.5145,0.9199
Rab3c,Rab3c,0.3176,-0.6877,2.5704,-0.2675,0.789,0.97
Rab3d,Rab3d,1439.5576,0.144,0.0996,1.4457,0.1483,0.7958
Rab3gap1,Rab3gap1,3047.0322,0.0582,0.0887,0.6567,0.5114,0.9195
Rab3gap2,Rab3gap2,4058.3966,0.1217,0.0763,1.5953,0.1106,0.7736
Rab3il1,Rab3il1,558.5506,-0.0522,0.1801,-0.2901,0.7717,0.97
Rab3ip,Rab3ip,1229.2751,0.0491,0.0659,0.7448,0.4564,0.9134
Rab40b,Rab40b,639.9995,-0.1771,0.1886,-0.9393,0.3476,0.8829
Rab40c,Rab40c,1112.5734,0.158,0.1229,1.2861,0.1984,0.8231
Rab42,Rab42,8.369,0.0905,0.5136,0.1761,0.8602,0.98
Rab43,Rab43,2068.1385,0.2748,0.1477,1.8599,0.0629,0.7457
Rab44,Rab44,141.766,-0.228,0.3331,-0.6846,0.4936,0.9181
Rab4a,Rab4a,510.8674,0.0662,0.1075,0.616,0.5379,0.9275
Rab4b,Rab4b,1097.1637,0.1863,0.1284,1.4512,0.1467,0.7941
Rab5a,Rab5a,3435.9795,-0.0247,0.1334,-0.1854,0.8529,0.9789
Rab5b,Rab5b,6812.5021,0.1807,0.138,1.3091,0.1905,0.8161
Rab5c,Rab5c,5454.0672,0.0372,0.0894,0.4163,0.6772,0.9604
Rab6a,Rab6a,5538.0194,-0.1037,0.1307,-0.793,0.4278,0.9071
Rab6b,Rab6b,101.3949,-0.0189,0.2421,-0.078,0.9378,0.9923
Rab7,Rab7,14539.3759,0.1269,0.1065,1.1914,0.2335,0.8354
Rab7b,Rab7b,881.3909,0.3188,0.2285,1.3956,0.1628,0.8037
Rab8a,Rab8a,3059.2606,0.0701,0.0828,0.8463,0.3974,0.8991
Rab8b,Rab8b,1246.6456,-0.1553,0.1664,-0.9337,0.3504,0.8839
Rab9,Rab9,1785.7644,0.1963,0.1539,1.2759,0.202,0.8262
Rab9b,Rab9b,0.8463,-0.0001,1.8506,-0.0001,1,1
Rabac1,Rabac1,4005.2809,0.4121,0.2135,1.9302,0.0536,0.7365
Rabep1,Rabep1,2478.4684,-0.0409,0.2334,-0.1754,0.8608,0.9802
Rabep2,Rabep2,648.5163,0.0729,0.0898,0.8126,0.4164,0.9035
Rabepk,Rabepk,699.5261,-0.0511,0.1089,-0.4692,0.6389,0.949
Rabgap1,Rabgap1,3212.5685,-0.0178,0.104,-0.1712,0.864,0.9808
Rabgap1l,Rabgap1l,1029.3784,-0.015,0.154,-0.0974,0.9224,0.9891
Rabgef1,Rabgef1,1919.1487,-0.0705,0.0806,-0.8753,0.3814,0.8935
Rabggta,Rabggta,879.3526,0.1782,0.1347,1.323,0.1858,0.8161
Rabggtb,Rabggtb,3030.6891,0.0632,0.1273,0.4967,0.6194,0.9434
Rabif,Rabif,1198.5401,0.1437,0.0986,1.4582,0.1448,0.7928
Rabl2,Rabl2,529.9817,0.1079,0.1351,0.7989,0.4244,0.906
Rabl3,Rabl3,475.046,-0.1268,0.077,-1.6461,0.0997,0.7669
Rabl6,Rabl6,3941.1421,-0.0701,0.0843,-0.8322,0.4053,0.9033
Rac1,Rac1,14362.4412,-0.0533,0.0486,-1.0968,0.2727,0.8588
Rac3,Rac3,282.9209,0.1013,0.1668,0.6075,0.5435,0.9283
Racgap1,Racgap1,4414.769,-0.6724,0.3032,-2.2175,0.0266,0.732
Rad1,Rad1,752.4492,0.0528,0.0961,0.549,0.583,0.9353
Rad17,Rad17,974.7646,-0.1274,0.1702,-0.7485,0.4541,0.9127
Rad18,Rad18,346.3533,-0.5113,0.2342,-2.1834,0.029,0.732
Rad21,Rad21,11120.1754,-0.3286,0.1588,-2.0694,0.0385,0.732
Rad23a,Rad23a,4478.6319,0.0304,0.0879,0.3458,0.7295,0.9694
Rad23b,Rad23b,11600.4661,0.0484,0.0556,0.8712,0.3836,0.8935
Rad50,Rad50,707.9993,0.0304,0.1824,0.1665,0.8678,0.9818
Rad51,Rad51,560.881,-0.7064,0.3134,-2.2538,0.0242,0.732
Rad51ap1,Rad51ap1,237.7302,-0.9625,0.3508,-2.7436,0.0061,0.732
Rad51b,Rad51b,108.9821,-0.3818,0.2615,-1.4599,0.1443,0.7928
Rad51c,Rad51c,238.0739,-0.3465,0.1796,-1.9292,0.0537,0.7365
Rad51d,Rad51d,644.3732,0.0785,0.0826,0.9502,0.342,0.879
Rad52,Rad52,633.3917,0.1604,0.115,1.3951,0.163,0.8037
Rad54b,Rad54b,192.537,-0.6004,0.3344,-1.7954,0.0726,0.752
Rad54l,Rad54l,196.4994,-0.8042,0.3836,-2.0967,0.036,0.732
Rad54l2,Rad54l2,1647.7775,-0.0797,0.0762,-1.046,0.2956,0.8606
Rad9a,Rad9a,950.7948,0.0701,0.1284,0.5458,0.5852,0.9355
Rad9b,Rad9b,53.1868,0.1544,0.1927,0.8008,0.4232,0.906
Radil,Radil,170.0012,0.1347,0.1253,1.0752,0.2823,0.8606
Rae1,Rae1,2273.6847,0.0646,0.097,0.6663,0.5052,0.9188
Raet1a,Raet1a,33.296,0.0645,0.3568,0.1807,0.8566,0.9796
Raet1d,Raet1d,30.206,-0.0702,0.3135,-0.224,0.8228,0.9766
Raet1e,Raet1e,53.517,0.0305,0.2252,0.1354,0.8923,0.9841
Raf1,Raf1,4858.3758,0.1172,0.1035,1.1319,0.2577,0.8482
Rai1,Rai1,1787.0998,-0.0407,0.0609,-0.669,0.5035,0.9188
Rai14,Rai14,4733.0942,0.0336,0.0997,0.3371,0.736,0.9694
Rai2,Rai2,12.1273,-0.8971,0.4429,-2.0255,0.0428,0.7364
Rala,Rala,2885.8763,-0.1238,0.1206,-1.0265,0.3047,0.8637
Ralb,Ralb,3081.0841,-0.0804,0.1021,-0.7881,0.4306,0.9081
Ralbp1,Ralbp1,2876.8135,0.0055,0.0985,0.0559,0.9554,0.9953
Ralgapa1,Ralgapa1,1146.9067,-0.1317,0.2598,-0.5069,0.6122,0.942
Ralgapa2,Ralgapa2,479.3209,-0.091,0.1668,-0.5456,0.5853,0.9355
Ralgapb,Ralgapb,3238.4452,-0.0073,0.1211,-0.0603,0.9519,0.994
Ralgds,Ralgds,2933.283,0.2894,0.1568,1.8452,0.065,0.7457
Ralgps1,Ralgps1,183.5623,0.0597,0.143,0.4178,0.6761,0.9598
Ralgps2,Ralgps2,732.5512,-0.1647,0.2033,-0.8104,0.4177,0.9047
Raly,Raly,8233.0706,-0.191,0.1133,-1.6852,0.092,0.7643
Ralyl,Ralyl,0.4228,0.0028,2.4853,0.0011,0.9991,1
Ramp1,Ramp1,53.2637,-0.0307,0.2981,-0.103,0.9179,0.9879
Ramp2,Ramp2,80.5034,-0.312,0.3418,-0.9128,0.3614,0.8873
Ramp3,Ramp3,28.2588,-0.2931,0.327,-0.8963,0.3701,0.8925
Ran,Ran,13509.9968,-0.1106,0.0891,-1.2417,0.2143,0.8265
Ranbp1,Ranbp1,4114.4003,-0.1716,0.0897,-1.914,0.0556,0.7377
Ranbp10,Ranbp10,1715.1971,0.0306,0.0641,0.4768,0.6335,0.9472
Ranbp2,Ranbp2,2972.5926,0.0595,0.2532,0.2351,0.8141,0.9745
Ranbp3,Ranbp3,2787.0911,-0.0437,0.0622,-0.7037,0.4816,0.9168
Ranbp3l,Ranbp3l,420.3183,0.0927,0.2256,0.411,0.6811,0.9615
Ranbp6,Ranbp6,691.0906,-0.1339,0.2334,-0.5736,0.5662,0.9302
Ranbp9,Ranbp9,3185.3883,0.1255,0.0987,1.2708,0.2038,0.8262
Rangap1,Rangap1,4940.236,-0.3199,0.134,-2.3877,0.017,0.732
Rangrf,Rangrf,376.2219,0.0999,0.1219,0.8189,0.4128,0.9033
Rap1a,Rap1a,2452.409,-0.2192,0.1669,-1.3134,0.189,0.8161
Rap1b,Rap1b,9142.6857,0.0611,0.0642,0.9511,0.3416,0.879
Rap1gap,Rap1gap,153.6025,0.2449,0.23,1.0647,0.287,0.8606
Rap1gap2,Rap1gap2,3089.6729,-0.2569,0.2071,-1.2405,0.2148,0.8269
Rap1gds1,Rap1gds1,3507.7546,-0.1119,0.0505,-2.2155,0.0267,0.732
Rap2a,Rap2a,1388.7594,0.0701,0.1174,0.5968,0.5507,0.929
Rap2b,Rap2b,1413.6894,-0.0932,0.123,-0.7579,0.4485,0.912
Rap2c,Rap2c,1670.4676,-0.1693,0.2201,-0.7692,0.4418,0.9118
Rapgef1,Rapgef1,6361.0068,0.1157,0.0619,1.8685,0.0617,0.7456
Rapgef2,Rapgef2,1316.6655,-0.057,0.132,-0.432,0.6657,0.9563
Rapgef3,Rapgef3,189.6521,0.1373,0.1572,0.8736,0.3823,0.8935
Rapgef4,Rapgef4,24.818,-0.8067,0.474,-1.7018,0.0888,0.764
Rapgef6,Rapgef6,920.8735,-0.1377,0.2346,-0.5871,0.5571,0.929
Rapgefl1,Rapgefl1,223.413,-0.1861,0.1703,-1.0928,0.2745,0.8588
Raph1,Raph1,2421.3775,0.0346,0.1506,0.2297,0.8183,0.9753
Rapsn,Rapsn,2945.278,0.0169,0.1365,0.1241,0.9012,0.986
Rara,Rara,1921.5469,0.0634,0.0632,1.0028,0.3159,0.8701
Rarb,Rarb,15.9286,-0.0382,0.3476,-0.11,0.9124,0.9873
Rarg,Rarg,5374.5073,0.3003,0.1918,1.5659,0.1174,0.7753
Rarres1,Rarres1,2.2028,-0.5336,1.1284,-0.4729,0.6363,0.9487
Rarres2,Rarres2,177.1072,0.0011,0.3001,0.0037,0.997,1
Rars,Rars,4869.2365,-0.0044,0.0702,-0.0627,0.95,0.9939
Rars2,Rars2,840.3945,-0.1329,0.1149,-1.1565,0.2475,0.8426
Rasa1,Rasa1,2782.5828,-0.1613,0.2455,-0.6573,0.511,0.9195
Rasa2,Rasa2,556.8507,-0.0595,0.2028,-0.2934,0.7692,0.97
Rasa3,Rasa3,7572.2612,0.3738,0.2257,1.6562,0.0977,0.7669
Rasa4,Rasa4,1646.0718,0.1225,0.0716,1.7102,0.0872,0.764
Rasal2,Rasal2,1620.5189,-0.2434,0.2391,-1.0179,0.3087,0.8657
Rasd1,Rasd1,2.2075,-0.4934,1.078,-0.4577,0.6472,0.9533
Rasgef1a,Rasgef1a,6.3607,0.9898,0.9138,1.0831,0.2788,0.8588
Rasgef1b,Rasgef1b,6.3616,-0.2908,0.7333,-0.3966,0.6917,0.9623
Rasgrf1,Rasgrf1,0.9511,-0.9438,1.7851,-0.5287,0.597,0.9393
Rasgrf2,Rasgrf2,2.934,0.0865,0.8559,0.1011,0.9195,0.9879
Rasgrp1,Rasgrp1,0.8267,-1.2106,1.9129,-0.6329,0.5268,0.9228
Rasgrp2,Rasgrp2,4.8045,-0.3274,0.7724,-0.4239,0.6717,0.9578
Rasgrp3,Rasgrp3,15.5029,0.0044,0.3894,0.0113,0.9909,1
Rasgrp4,Rasgrp4,21.9825,0.3533,0.3064,1.1528,0.249,0.8438
Rasip1,Rasip1,6.4052,-0.6183,0.5935,-1.0417,0.2975,0.8608
Rasl10a,Rasl10a,33.5018,-0.1994,0.2667,-0.7476,0.4547,0.9127
Rasl10b,Rasl10b,4.9182,-0.3794,0.6311,-0.6012,0.5477,0.9289
Rasl11a,Rasl11a,565.3176,1.331,1.0492,1.2686,0.2046,0.8262
Rasl11b,Rasl11b,84.0453,0.1418,0.2645,0.536,0.592,0.9383
Rasl12,Rasl12,868.1857,0.0726,0.1323,0.5484,0.5834,0.9353
Rasl2-9,Rasl2-9,0.6323,-0.8682,1.8829,-0.4611,0.6447,0.9518
Rassf1,Rassf1,2330.8263,0.1464,0.1922,0.7621,0.446,0.912
Rassf2,Rassf2,573.0028,0.0522,0.1683,0.3102,0.7564,0.9694
Rassf3,Rassf3,2480.6322,-0.1265,0.1676,-0.7546,0.4505,0.912
Rassf4,Rassf4,245.2236,0.2219,0.1116,1.9886,0.0467,0.7364
Rassf5,Rassf5,944.8687,0.2896,0.2378,1.2182,0.2231,0.8307
Rassf6,Rassf6,4.1034,-0.1645,0.7206,-0.2283,0.8194,0.9758
Rassf7,Rassf7,647.3746,-0.063,0.187,-0.3367,0.7363,0.9694
Rassf8,Rassf8,372.1679,-0.0598,0.1221,-0.4894,0.6246,0.9451
Raver1,Raver1,1331.8174,0.0524,0.0946,0.5533,0.5801,0.9352
Raver2,Raver2,8.183,-0.715,0.5313,-1.3456,0.1784,0.8123
Rax,Rax,2.6208,0.5485,0.8332,0.6583,0.5103,0.9195
Rb1,Rb1,2110.581,-0.366,0.3172,-1.154,0.2485,0.8438
Rb1cc1,Rb1cc1,1054.5362,0.3536,0.0837,4.2272,0,0.1399
Rbak,Rbak,473.0878,0.0144,0.1088,0.1319,0.895,0.9848
Rbbp4,Rbbp4,15987.0235,-0.0946,0.0921,-1.028,0.3039,0.8633
Rbbp5,Rbbp5,1792.032,0.0099,0.0645,0.1535,0.878,0.982
Rbbp6,Rbbp6,1413.7606,-0.1679,0.1798,-0.934,0.3503,0.8839
Rbbp7,Rbbp7,8750.063,-0.1732,0.0836,-2.0723,0.0382,0.732
Rbbp8,Rbbp8,581.5572,-0.3059,0.2209,-1.3847,0.1661,0.8037
Rbbp9,Rbbp9,1355.4656,0.0682,0.1208,0.5649,0.5722,0.9323
Rbck1,Rbck1,1727.1221,0.017,0.0634,0.2683,0.7885,0.97
Rbfa,Rbfa,412.3275,0.2372,0.1792,1.3239,0.1855,0.8161
Rbfox1,Rbfox1,135.2491,-0.3707,0.4455,-0.8321,0.4054,0.9033
Rbfox2,Rbfox2,16234.7825,-0.2296,0.1597,-1.4378,0.1505,0.7968
Rbks,Rbks,34.6586,0.5901,0.2619,2.2528,0.0243,0.732
Rbl1,Rbl1,913.3035,-0.6468,0.2799,-2.3109,0.0208,0.732
Rbl2,Rbl2,4027.3778,0.0746,0.1166,0.6399,0.5222,0.9223
Rbm10,Rbm10,2145.7274,-0.1197,0.0897,-1.3341,0.1822,0.8131
Rbm11,Rbm11,4.9037,-0.0748,0.6793,-0.1102,0.9123,0.9873
Rbm12,Rbm12,1272.1047,-0.3009,0.171,-1.7597,0.0785,0.7572
Rbm12b1,Rbm12b1,87.6031,-0.0666,0.2237,-0.2978,0.7659,0.97
Rbm12b2,Rbm12b2,358.1933,-0.2286,0.2294,-0.9965,0.319,0.8709
Rbm14,Rbm14,1208.5097,-0.0895,0.0946,-0.947,0.3437,0.8801
Rbm15,Rbm15,421.1948,-0.1455,0.1757,-0.828,0.4077,0.9033
Rbm15b,Rbm15b,1408.1946,0.1039,0.0975,1.0656,0.2866,0.8606
Rbm17,Rbm17,2628.115,-0.0424,0.0547,-0.775,0.4383,0.9104
Rbm18,Rbm18,2230.1303,-0.0898,0.1091,-0.8234,0.4103,0.9033
Rbm19,Rbm19,902.7807,0.1486,0.1453,1.0228,0.3064,0.8653
Rbm20,Rbm20,3550.3435,-0.0444,0.0765,-0.5799,0.562,0.9294
Rbm22,Rbm22,2001.9351,-0.0398,0.0686,-0.5799,0.562,0.9294
Rbm24,Rbm24,4034.2621,-0.32,0.3094,-1.0342,0.301,0.8615
Rbm25,Rbm25,2226.3748,-0.2099,0.2167,-0.9688,0.3327,0.8777
Rbm26,Rbm26,714.3559,-0.0889,0.189,-0.4701,0.6383,0.9487
Rbm27,Rbm27,870.1777,-0.2115,0.2227,-0.9497,0.3423,0.8793
Rbm28,Rbm28,2723.8163,-0.0544,0.1088,-0.4997,0.6173,0.9428
Rbm3,Rbm3,7853.7385,0.0228,0.192,0.119,0.9053,0.9865
Rbm33,Rbm33,2057.6235,-0.0638,0.1007,-0.6334,0.5265,0.9228
Rbm34,Rbm34,759.5156,-0.0939,0.1209,-0.7768,0.4373,0.9098
Rbm38,Rbm38,827.8622,-0.2339,0.2455,-0.9528,0.3407,0.879
Rbm39,Rbm39,6274.5933,-0.1058,0.1426,-0.7416,0.4583,0.9139
Rbm3os,Rbm3os,15.8931,-0.2992,0.4592,-0.6514,0.5148,0.92
Rbm4,Rbm4,44.8518,-0.201,0.2476,-0.8114,0.4171,0.9045
Rbm41,Rbm41,332.9599,0.1165,0.2267,0.5137,0.6074,0.9411
Rbm42,Rbm42,2090.7386,0.0604,0.0902,0.6701,0.5028,0.9188
Rbm43,Rbm43,141.3886,-0.1217,0.1358,-0.8964,0.37,0.8925
Rbm44,Rbm44,1.5673,0.037,1.238,0.0299,0.9761,0.9992
Rbm45,Rbm45,1312.4331,0.0228,0.096,0.2376,0.8122,0.9742
Rbm47,Rbm47,51.4318,0.1323,0.2276,0.5813,0.561,0.9294
Rbm48,Rbm48,221.9377,-0.0484,0.1216,-0.3981,0.6906,0.9623
Rbm4b,Rbm4b,289.5113,-0.1043,0.1564,-0.6672,0.5047,0.9188
Rbm5,Rbm5,3415.3578,-0.0933,0.0774,-1.2051,0.2282,0.8326
Rbm6,Rbm6,2056.7972,-0.181,0.149,-1.2148,0.2244,0.8313
Rbm7,Rbm7,2037.0231,-0.0093,0.1328,-0.0699,0.9443,0.9934
Rbm8a,Rbm8a,3093.0281,-0.1118,0.0837,-1.3356,0.1817,0.8131
Rbms1,Rbms1,1813.5044,-0.1316,0.1971,-0.6677,0.5043,0.9188
Rbms2,Rbms2,4433.8238,0.0602,0.0527,1.1422,0.2534,0.8453
Rbms3,Rbms3,937.4363,-0.0349,0.2116,-0.1651,0.8689,0.9818
Rbmx,Rbmx,963.0051,-0.3273,0.1963,-1.6678,0.0953,0.7657
Rbmx2,Rbmx2,264.4123,-0.294,0.1528,-1.9239,0.0544,0.7377
Rbmxl1,Rbmxl1,1889.2672,-0.1754,0.16,-1.0958,0.2732,0.8588
Rbp1,Rbp1,415.9497,0.0351,0.1326,0.2645,0.7914,0.9701
Rbp3,Rbp3,0.8367,0.2559,1.608,0.1591,0.8736,0.9819
Rbp4,Rbp4,123.8272,-0.1588,0.2744,-0.5789,0.5627,0.9294
Rbp7,Rbp7,0.9501,-0.9518,1.5007,-0.6342,0.5259,0.9228
Rbpj,Rbpj,2306.4744,0.2604,0.2012,1.2941,0.1956,0.8204
Rbpjl,Rbpjl,0.5257,-0.4786,2.3771,-0.2013,0.8404,0.9775
Rbpms,Rbpms,458.0158,0.4952,0.2476,2,0.0455,0.7364
Rbpms2,Rbpms2,763.5033,-0.1054,0.1086,-0.9709,0.3316,0.8775
Rbsn,Rbsn,1954.4088,0.0247,0.0589,0.4192,0.6751,0.9598
Rbx1,Rbx1,5005.9867,0.0175,0.0996,0.1762,0.8601,0.98
Rc3h1,Rc3h1,1544.3772,-0.119,0.2523,-0.4717,0.6371,0.9487
Rc3h2,Rc3h2,1642.8267,-0.1838,0.285,-0.6448,0.5191,0.9219
Rcan1,Rcan1,1170.6708,0.0706,0.104,0.6789,0.4972,0.9181
Rcan2,Rcan2,1492.1111,0.4089,0.1423,2.874,0.0041,0.732
Rcan3,Rcan3,1267.8006,-0.0859,0.0721,-1.1916,0.2334,0.8354
Rcbtb1,Rcbtb1,1714.3598,0.0174,0.0934,0.1859,0.8525,0.9789
Rcbtb2,Rcbtb2,1280.7983,-0.1498,0.1309,-1.1439,0.2527,0.8453
Rcc1,Rcc1,1439.554,-0.1885,0.0974,-1.935,0.053,0.7364
Rcc2,Rcc2,9692.4619,0.2413,0.1889,1.277,0.2016,0.8262
Rccd1,Rccd1,237.553,-0.0999,0.1328,-0.7521,0.452,0.9121
Rce1,Rce1,839.2392,0.0987,0.1371,0.7199,0.4716,0.9168
Rchy1,Rchy1,1672.3009,0.0688,0.0828,0.831,0.406,0.9033
Rcl1,Rcl1,1110.9505,0.1017,0.1595,0.6379,0.5236,0.9223
Rcn1,Rcn1,12595.5,-0.0619,0.0498,-1.2437,0.2136,0.8265
Rcn2,Rcn2,5398.712,-0.1132,0.0874,-1.2946,0.1955,0.8204
Rcn3,Rcn3,8110.938,-0.2363,0.1449,-1.6311,0.1029,0.7679
Rcor1,Rcor1,816.0447,-0.2073,0.1712,-1.2103,0.2262,0.8321
Rcor2,Rcor2,868.2103,0.2668,0.1594,1.6741,0.0941,0.7643
Rcor3,Rcor3,1242.2533,-0.1242,0.1274,-0.975,0.3296,0.8764
Rcsd1,Rcsd1,1.4697,0.1526,1.1473,0.133,0.8942,0.9845
Rd3,Rd3,1.3636,-0.0514,1.2838,-0.04,0.9681,0.9988
Rdh1,Rdh1,2.7059,1.0686,1.0802,0.9892,0.3226,0.8731
Rdh10,Rdh10,1094.7939,-0.0133,0.0721,-0.1849,0.8533,0.9789
Rdh11,Rdh11,1384.3337,0.351,0.1913,1.8353,0.0665,0.7457
Rdh12,Rdh12,42.7546,0.1937,0.2787,0.6951,0.487,0.9168
Rdh13,Rdh13,946.4257,0.0933,0.1327,0.7029,0.4821,0.9168
Rdh14,Rdh14,956.3081,0.2641,0.1172,2.2538,0.0242,0.732
Rdh16,Rdh16,0.7345,1.035,1.6791,0.6164,0.5376,0.9274
Rdh18-ps,Rdh18-ps,0.5189,1.198,1.9384,0.618,0.5366,0.9273
Rdh5,Rdh5,574.515,-0.5482,0.3532,-1.5519,0.1207,0.7753
Rdh8,Rdh8,1.4691,-0.7134,1.0839,-0.6581,0.5104,0.9195
Rdh9,Rdh9,16.0469,0.8082,0.4737,1.7062,0.088,0.764
Rdm1,Rdm1,214.7049,-0.033,0.1253,-0.263,0.7925,0.9702
Rdx,Rdx,4526.0766,-0.2472,0.2032,-1.2165,0.2238,0.831
Rec114,Rec114,56.2986,0.0508,0.1929,0.2634,0.7922,0.9702
Reck,Reck,391.5204,-0.0364,0.1319,-0.2756,0.7829,0.97
Recql,Recql,637.6529,-0.1317,0.0835,-1.5768,0.1148,0.7749
Recql4,Recql4,207.0796,-0.5698,0.2636,-2.1616,0.0306,0.732
Recql5,Recql5,925.5786,0.0917,0.077,1.1904,0.2339,0.8354
Reep1,Reep1,792.5154,-0.327,0.268,-1.2201,0.2224,0.8307
Reep2,Reep2,196.5179,-0.3381,0.1904,-1.7757,0.0758,0.7553
Reep3,Reep3,3158.3569,-0.075,0.1489,-0.5038,0.6144,0.9427
Reep4,Reep4,902.9829,0.0257,0.158,0.1629,0.8706,0.9818
Reep5,Reep5,9688.1323,0.0158,0.0433,0.3654,0.7148,0.9662
Reep6,Reep6,137.375,0.2116,0.1814,1.1665,0.2434,0.8414
Rel,Rel,90.5354,-0.4972,0.3759,-1.3227,0.1859,0.8161
Rela,Rela,3660.3563,0.1904,0.1179,1.6149,0.1063,0.7713
Relb,Relb,1051.2164,0.0992,0.1092,0.9087,0.3635,0.8873
Rell1,Rell1,2732.8113,-0.1,0.1181,-0.8469,0.397,0.8991
Rell2,Rell2,6.7022,-0.1296,0.5375,-0.2411,0.8095,0.9735
Reln,Reln,3.558,0.9137,0.9467,0.9651,0.3345,0.8778
Relt,Relt,341.3123,-0.4734,0.2131,-2.2216,0.0263,0.732
Rem1,Rem1,754.0845,-0.3022,0.1563,-1.9336,0.0532,0.7364
Rem2,Rem2,3.6745,0.1466,0.7278,0.2015,0.8403,0.9775
Renbp,Renbp,1847.4008,0.482,0.186,2.5921,0.0095,0.732
Rep15,Rep15,81.3008,-0.3381,0.3147,-1.0743,0.2827,0.8606
Repin1,Repin1,927.4944,0.2433,0.1696,1.4343,0.1515,0.7968
Reps1,Reps1,1247.46,-0.0195,0.0952,-0.2052,0.8374,0.9774
Reps2,Reps2,3.8786,-0.3115,0.7508,-0.4149,0.6782,0.961
Rer1,Rer1,4810.3922,0.1109,0.1008,1.1001,0.2713,0.8588
Rere,Rere,4883.2303,0.3465,0.1728,2.0049,0.045,0.7364
Rerg,Rerg,663.5401,-0.0339,0.1688,-0.2005,0.8411,0.9775
Rest,Rest,818.4826,-0.2337,0.1897,-1.2315,0.2181,0.8301
Ret,Ret,135.2732,-0.9944,0.437,-2.2757,0.0229,0.732
Retsat,Retsat,852.5807,0.303,0.1623,1.8666,0.062,0.7456
Rev1,Rev1,559.5075,-0.0241,0.1214,-0.1986,0.8426,0.9775
Rev3l,Rev3l,649.4249,0.2459,0.1724,1.4265,0.1537,0.7995
Rex2,Rex2,0.5278,-1.5399,2.3456,-0.6565,0.5115,0.9195
Rexo1,Rexo1,1208.0851,0.0341,0.0797,0.4282,0.6685,0.9568
Rexo2,Rexo2,2971.9066,0.0029,0.1015,0.0282,0.9775,0.9992
Rexo4,Rexo4,1599.659,0.0089,0.0858,0.1041,0.9171,0.9879
Rfc1,Rfc1,1900.8472,-0.2304,0.1616,-1.4258,0.1539,0.7996
Rfc2,Rfc2,1104.9501,-0.1859,0.1119,-1.6612,0.0967,0.7669
Rfc3,Rfc3,842.9985,-0.4289,0.1823,-2.3528,0.0186,0.732
Rfc4,Rfc4,459.4797,-0.3293,0.1756,-1.8755,0.0607,0.7456
Rfc5,Rfc5,723.5686,-0.5462,0.2561,-2.1324,0.033,0.732
Rfesd,Rfesd,383.4673,0.1386,0.1013,1.3675,0.1715,0.8066
Rffl,Rffl,514.1671,0.4808,0.2868,1.6765,0.0936,0.7643
Rfk,Rfk,2529.6384,0.0352,0.0726,0.4857,0.6272,0.9451
Rfng,Rfng,974.3215,0.0856,0.0924,0.9262,0.3543,0.8847
Rft1,Rft1,1196.3799,0.2048,0.1559,1.3143,0.1887,0.8161
Rftn1,Rftn1,740.7823,0.5635,0.2416,2.3324,0.0197,0.732
Rftn2,Rftn2,3527.0039,-0.1472,0.1386,-1.0621,0.2882,0.8606
Rfwd2,Rfwd2,3548.7741,-0.0116,0.0706,-0.164,0.8697,0.9818
Rfwd3,Rfwd3,1665.206,-0.2184,0.0591,-3.6933,0.0002,0.3039
Rfx1,Rfx1,707.9034,0.0388,0.1186,0.3273,0.7434,0.9694
Rfx2,Rfx2,166.1822,0.1083,0.1238,0.8753,0.3814,0.8935
Rfx3,Rfx3,261.5035,-0.3524,0.356,-0.9897,0.3223,0.8731
Rfx4,Rfx4,10.2684,-0.607,0.5626,-1.079,0.2806,0.8603
Rfx5,Rfx5,865.0772,-0.17,0.0934,-1.8199,0.0688,0.7507
Rfx7,Rfx7,1103.7092,-0.244,0.2225,-1.0965,0.2729,0.8588
Rfx8,Rfx8,7.298,-0.2686,0.6581,-0.4082,0.6831,0.9621
Rfxank,Rfxank,350.7276,-0.0023,0.1128,-0.0207,0.9835,1
Rfxap,Rfxap,615.5598,0.007,0.0929,0.0755,0.9398,0.9923
Rgag1,Rgag1,80.3024,-0.7375,0.3319,-2.222,0.0263,0.732
Rgag4,Rgag4,76.8214,-0.0247,0.1834,-0.1346,0.893,0.9841
Rgcc,Rgcc,157.4515,0.0971,0.2359,0.4116,0.6807,0.9614
Rgl1,Rgl1,1677.2459,0.3493,0.1537,2.2731,0.023,0.732
Rgl2,Rgl2,867.0741,0.0643,0.0739,0.871,0.3837,0.8935
Rgl3,Rgl3,563.0448,0.1562,0.0798,1.9572,0.0503,0.7364
Rgma,Rgma,1591.8018,-0.1043,0.1649,-0.6321,0.5274,0.923
Rgmb,Rgmb,1049.0505,0.0998,0.0597,1.6722,0.0945,0.7643
Rgn,Rgn,9.8605,-0.1706,0.4965,-0.3436,0.7311,0.9694
Rgp1,Rgp1,1832.7843,0.0752,0.0922,0.8163,0.4143,0.9033
Rgr,Rgr,0.8441,-0.0041,2.2964,-0.0018,0.9986,1
Rgs10,Rgs10,215.3121,-0.1441,0.13,-1.1085,0.2676,0.8562
Rgs11,Rgs11,71.7428,0.6393,0.3021,2.1165,0.0343,0.732
Rgs12,Rgs12,2270.3137,-0.0579,0.0805,-0.7194,0.4719,0.9168
Rgs14,Rgs14,19.9949,-0.8401,0.4649,-1.8068,0.0708,0.7515
Rgs16,Rgs16,268.8519,-0.4843,0.2684,-1.8046,0.0711,0.7515
Rgs17,Rgs17,7.2198,0.5522,0.5063,1.0907,0.2754,0.8588
Rgs18,Rgs18,1.3616,-0.7661,1.1997,-0.6386,0.5231,0.9223
Rgs19,Rgs19,820.5238,0.0912,0.1299,0.7018,0.4828,0.9168
Rgs2,Rgs2,86.6287,0.1348,0.231,0.5835,0.5596,0.9294
Rgs20,Rgs20,176.7187,-0.2988,0.2353,-1.27,0.2041,0.8262
Rgs3,Rgs3,1373.7048,0.4926,0.2035,2.4205,0.0155,0.732
Rgs4,Rgs4,215.8187,-1.2759,0.7582,-1.6829,0.0924,0.7643
Rgs5,Rgs5,2.2906,-1.0623,1.2148,-0.8744,0.3819,0.8935
Rgs7,Rgs7,2.5234,-0.2484,0.9341,-0.2659,0.7903,0.97
Rgs8,Rgs8,2.1112,-0.5671,1.0244,-0.5536,0.5798,0.9352
Rgs9,Rgs9,4.2919,-0.4857,0.7143,-0.6799,0.4966,0.9181
Rgs9bp,Rgs9bp,5.235,0.6537,0.7406,0.8827,0.3774,0.8935
Rhbdd1,Rhbdd1,2280.3171,0.3648,0.1613,2.2613,0.0237,0.732
Rhbdd2,Rhbdd2,1099.3575,0.0954,0.0777,1.2286,0.2192,0.8302
Rhbdd3,Rhbdd3,466.5947,0.1575,0.1212,1.2993,0.1938,0.8197
Rhbdf1,Rhbdf1,2888.4416,-0.0303,0.0816,-0.3712,0.7105,0.9662
Rhbdf2,Rhbdf2,1151.2506,0.3849,0.2321,1.6586,0.0972,0.7669
Rhbdl1,Rhbdl1,34.0292,-0.1487,0.2451,-0.6065,0.5442,0.9283
Rhbdl2,Rhbdl2,126.8234,-0.1931,0.2429,-0.7952,0.4265,0.907
Rhbdl3,Rhbdl3,14.7612,-0.2003,0.3771,-0.5311,0.5954,0.9386
Rhd,Rhd,17.0704,-0.2964,0.3293,-0.9002,0.368,0.8912
Rheb,Rheb,4291.1224,0.0265,0.097,0.2727,0.7851,0.97
Rhebl1,Rhebl1,240.2118,0.2645,0.2321,1.14,0.2543,0.8453
Rhno1,Rhno1,1004.3402,0.0465,0.0734,0.6339,0.5261,0.9228
Rho,Rho,5.0316,-0.076,0.6664,-0.1141,0.9092,0.987
Rhoa,Rhoa,22858.7951,0.0869,0.0933,0.9309,0.3519,0.8839
Rhob,Rhob,14714.8651,0.0642,0.0868,0.7398,0.4594,0.9141
Rhobtb1,Rhobtb1,1400.9056,0.1235,0.0803,1.5375,0.1242,0.7753
Rhobtb2,Rhobtb2,2172.856,0.0406,0.1157,0.3506,0.7259,0.9691
Rhobtb3,Rhobtb3,2024.547,-0.2984,0.2309,-1.2921,0.1963,0.8209
Rhoc,Rhoc,8264.7202,0.2135,0.1852,1.153,0.2489,0.8438
Rhod,Rhod,1198.9939,0.0869,0.1223,0.7106,0.4773,0.9168
Rhof,Rhof,63.1685,-0.3259,0.24,-1.3578,0.1745,0.8088
Rhog,Rhog,1599.668,0.0599,0.0978,0.6125,0.5402,0.9281
Rhoh,Rhoh,8.4756,0.2294,0.4862,0.4719,0.637,0.9487
Rhoj,Rhoj,1462.7256,-0.4411,0.194,-2.2741,0.023,0.732
Rhoq,Rhoq,6718.9509,0.0463,0.1268,0.3651,0.715,0.9662
Rhot1,Rhot1,2906.1161,-0.0563,0.0925,-0.6083,0.543,0.9283
Rhot2,Rhot2,1529.1556,0.0267,0.0735,0.3632,0.7165,0.9662
Rhou,Rhou,1155.4656,0.3126,0.1562,2.0014,0.0453,0.7364
Rhov,Rhov,36.3523,0.7966,0.5218,1.5266,0.1269,0.7753
Rhox10,Rhox10,8.6893,-0.1996,0.5872,-0.34,0.7339,0.9694
Rhox5,Rhox5,2.4012,0.1495,0.8785,0.1702,0.8649,0.9812
Rhpn1,Rhpn1,14.3848,0.6897,0.5792,1.1908,0.2337,0.8354
Rhpn2,Rhpn2,71.0474,0.3032,0.2408,1.2592,0.208,0.8264
Ribc1,Ribc1,36.1535,-0.0606,0.2616,-0.2317,0.8168,0.975
Ric1,Ric1,1275.6368,-0.1158,0.1202,-0.9631,0.3355,0.8778
Ric8,Ric8,2830.5467,0.1473,0.0745,1.9755,0.0482,0.7364
Ric8b,Ric8b,1369.366,-0.027,0.0794,-0.3395,0.7342,0.9694
Rictor,Rictor,1308.247,0.0377,0.2073,0.1819,0.8557,0.9796
Rif1,Rif1,294.4102,0.1094,0.1743,0.6278,0.5301,0.9242
Riiad1,Riiad1,3.7747,0.175,0.8688,0.2014,0.8404,0.9775
Rilp,Rilp,92.2915,-0.0273,0.1916,-0.1424,0.8867,0.9833
Rilpl1,Rilpl1,1607.9235,0.0064,0.0817,0.0783,0.9376,0.9923
Rilpl2,Rilpl2,733.0858,0.0159,0.1073,0.1483,0.8821,0.9824
Rimbp3,Rimbp3,1.8842,-0.5214,1.3671,-0.3814,0.7029,0.9638
Rimkla,Rimkla,0.5198,-0.0594,2.0354,-0.0292,0.9767,0.9992
Rimklb,Rimklb,2.0976,0.0011,0.9722,0.0011,0.9991,1
Rims2,Rims2,4.4902,-0.3792,0.7529,-0.5036,0.6145,0.9427
Rims3,Rims3,0.8432,0.0071,1.8497,0.0038,0.9969,1
Rin1,Rin1,2562.6409,0.1119,0.0819,1.3659,0.172,0.8069
Rin2,Rin2,4113.6493,-0.0969,0.0921,-1.0526,0.2925,0.8606
Rin3,Rin3,1473.7156,-0.2468,0.2534,-0.9738,0.3302,0.8768
Ring1,Ring1,1005.1698,0.0995,0.1035,0.9614,0.3364,0.878
Rinl,Rinl,7.0178,-0.7262,0.6842,-1.0613,0.2885,0.8606
Rint1,Rint1,966.9201,0.0388,0.0947,0.4092,0.6824,0.962
Riok1,Riok1,1029.684,-0.1417,0.0891,-1.5906,0.1117,0.7736
Riok2,Riok2,1958.4227,-0.0813,0.0818,-0.9939,0.3203,0.8717
Riok3,Riok3,7201.7475,0.0496,0.1055,0.4702,0.6382,0.9487
Ripk1,Ripk1,2023.9073,0.1844,0.165,1.1174,0.2638,0.8541
Ripk2,Ripk2,1195.726,0.0672,0.1566,0.4293,0.6677,0.9568
Ripk3,Ripk3,369.9419,-0.0999,0.1165,-0.8572,0.3913,0.8983
Ripk4,Ripk4,1.1535,-0.1214,1.5022,-0.0808,0.9356,0.9923
Ripply1,Ripply1,25.5305,-0.0307,0.2873,-0.1067,0.915,0.9874
Ripply3,Ripply3,25.6205,-0.1579,0.3216,-0.4911,0.6234,0.945
Rit1,Rit1,1923.1551,0.1089,0.1158,0.9402,0.3471,0.8828
Rita1,Rita1,324.4982,0.3128,0.1973,1.5849,0.113,0.7736
Rlbp1,Rlbp1,3.5413,-0.6232,0.8894,-0.7007,0.4835,0.9168
Rlf,Rlf,1756.1124,-0.0378,0.1877,-0.2012,0.8406,0.9775
Rlim,Rlim,3069.7497,-0.2354,0.2715,-0.8672,0.3858,0.8952
Rln1,Rln1,1.1514,-0.0813,1.2398,-0.0656,0.9477,0.9935
Rln3,Rln3,0.9461,-1.4246,1.5267,-0.9331,0.3508,0.8839
Rltpr,Rltpr,15.377,-0.3283,0.3946,-0.8321,0.4054,0.9033
Rmdn1,Rmdn1,349.0399,0.0215,0.112,0.1923,0.8475,0.978
Rmdn2,Rmdn2,310.6744,-0.0338,0.1446,-0.2341,0.8149,0.9748
Rmdn3,Rmdn3,1542.4196,0.0714,0.0976,0.7319,0.4642,0.9157
Rmi1,Rmi1,473.7592,-0.1626,0.1901,-0.855,0.3926,0.8986
Rmi2,Rmi2,33.8194,-0.9895,0.3595,-2.7526,0.0059,0.732
Rmnd1,Rmnd1,0.8424,-0.6915,1.574,-0.4393,0.6604,0.9548
Rmnd5a,Rmnd5a,2529.1521,-0.0511,0.1377,-0.3715,0.7103,0.9662
Rmnd5b,Rmnd5b,1294.7875,0.0566,0.0976,0.5803,0.5617,0.9294
Rmrp,Rmrp,1.2435,-0.4313,1.8423,-0.2341,0.8149,0.9748
Rn45s,Rn45s,19611.7351,0.0416,0.1261,0.3297,0.7416,0.9694
Rnase1,Rnase1,2.5327,1.8711,1.2397,1.5093,0.1312,0.7771
Rnase10,Rnase10,45.7243,-0.2324,0.2153,-1.0791,0.2805,0.8603
Rnase2a,Rnase2a,2.9307,3.4184,1.3905,2.4583,0.014,0.732
Rnase4,Rnase4,5277.7826,0.3015,0.2281,1.3217,0.1863,0.8161
Rnase6,Rnase6,2.3133,0.0899,0.8933,0.1007,0.9198,0.9879
Rnaseh1,Rnaseh1,567.433,0.1097,0.1608,0.6821,0.4952,0.9181
Rnaseh2a,Rnaseh2a,1550.9511,-0.0732,0.0961,-0.7626,0.4457,0.912
Rnaseh2b,Rnaseh2b,522.9713,-0.2491,0.1468,-1.6975,0.0896,0.764
Rnaseh2c,Rnaseh2c,549.6092,-0.1565,0.1093,-1.4316,0.1523,0.7976
Rnasek,Rnasek,2637.6516,0.1852,0.1363,1.3592,0.1741,0.8088
Rnasel,Rnasel,79.2918,-0.0626,0.2312,-0.2705,0.7868,0.97
Rnaset2b,Rnaset2b,97.576,0.5218,0.3753,1.3904,0.1644,0.8037
Rnd1,Rnd1,207.9279,0.3228,0.2942,1.0971,0.2726,0.8588
Rnd2,Rnd2,264.3741,0.2969,0.1548,1.9182,0.0551,0.7377
Rnd3,Rnd3,4296.6902,-0.2205,0.1314,-1.6779,0.0934,0.7643
Rnf10,Rnf10,9452.7449,0.1129,0.0695,1.6246,0.1043,0.7679
Rnf103,Rnf103,1311.6447,0.0324,0.0876,0.3692,0.712,0.9662
Rnf11,Rnf11,13695.0488,0.209,0.1615,1.2942,0.1956,0.8204
Rnf111,Rnf111,1488.1313,-0.0646,0.0898,-0.7199,0.4716,0.9168
Rnf112,Rnf112,0.4138,-0.7714,2.4833,-0.3106,0.7561,0.9694
Rnf113a1,Rnf113a1,126.7967,0.3589,0.286,1.2548,0.2096,0.8265
Rnf113a2,Rnf113a2,241.2853,-0.0349,0.1017,-0.3434,0.7313,0.9694
Rnf114,Rnf114,1780.0514,0.2031,0.1397,1.4537,0.146,0.7928
Rnf115,Rnf115,1636.5624,0.0602,0.0774,0.778,0.4366,0.9098
Rnf121,Rnf121,1093.2961,-0.0143,0.0869,-0.1649,0.869,0.9818
Rnf122,Rnf122,780.0256,-0.1892,0.1543,-1.2267,0.2199,0.8302
Rnf123,Rnf123,1509.3002,0.1698,0.1156,1.4684,0.142,0.7921
Rnf125,Rnf125,19.457,0.2255,0.4074,0.5534,0.58,0.9352
Rnf126,Rnf126,2149.9674,0.1241,0.1038,1.1957,0.2318,0.8353
Rnf128,Rnf128,523.1384,0.3242,0.2223,1.4579,0.1449,0.7928
Rnf13,Rnf13,3230.6028,0.2885,0.1719,1.6781,0.0933,0.7643
Rnf130,Rnf130,2.2946,0.6186,0.998,0.6198,0.5354,0.9265
Rnf135,Rnf135,395.491,0.1136,0.099,1.1478,0.251,0.8443
Rnf138,Rnf138,689.6105,-0.14,0.1648,-0.8492,0.3958,0.8991
Rnf138rt1,Rnf138rt1,0.3169,0.6974,2.5704,0.2713,0.7861,0.97
Rnf139,Rnf139,2792.6722,-0.1347,0.1061,-1.2693,0.2043,0.8262
Rnf14,Rnf14,3675.8091,0.0388,0.0749,0.5173,0.605,0.941
Rnf141,Rnf141,363.4854,-0.025,0.1451,-0.1722,0.8633,0.9807
Rnf144b,Rnf144b,102.3743,-0.1001,0.1837,-0.5448,0.5859,0.9355
Rnf145,Rnf145,5471.9309,0.1476,0.1266,1.1661,0.2436,0.8415
Rnf146,Rnf146,1374.9363,0.0268,0.0899,0.2982,0.7655,0.97
Rnf149,Rnf149,3029.4583,0.2255,0.2126,1.0608,0.2888,0.8606
Rnf150,Rnf150,6692.5615,-0.1317,0.1533,-0.8591,0.3903,0.8978
Rnf151,Rnf151,13.1964,-0.1126,0.4446,-0.2532,0.8001,0.9719
Rnf152,Rnf152,24.8389,-0.6451,0.3962,-1.6283,0.1035,0.7679
Rnf157,Rnf157,1016.4442,0.3362,0.1835,1.8328,0.0668,0.7457
Rnf165,Rnf165,42.8021,-0.0994,0.2288,-0.4342,0.6641,0.9561
Rnf166,Rnf166,1116.1745,0.1657,0.1259,1.3165,0.188,0.8161
Rnf167,Rnf167,880.7155,0.2277,0.114,1.9967,0.0459,0.7364
Rnf168,Rnf168,1109.1232,-0.2572,0.1319,-1.9501,0.0512,0.7364
Rnf169,Rnf169,827.1208,-0.0083,0.0945,-0.088,0.9299,0.9917
Rnf170,Rnf170,837.1985,-0.1386,0.2435,-0.5694,0.5691,0.9313
Rnf181,Rnf181,4624.3049,0.0699,0.0622,1.1234,0.2613,0.8526
Rnf182,Rnf182,1.465,0.004,1.0687,0.0038,0.997,1
Rnf183,Rnf183,2.9189,0.3668,1.0445,0.3512,0.7254,0.9689
Rnf185,Rnf185,2334.5955,0.1936,0.1124,1.7222,0.085,0.7612
Rnf186,Rnf186,0.3157,-0.6835,2.5731,-0.2656,0.7905,0.97
Rnf187,Rnf187,5961.6516,0.0158,0.0752,0.2102,0.8335,0.9774
Rnf19a,Rnf19a,2689.5191,-0.101,0.119,-0.8491,0.3958,0.8991
Rnf19b,Rnf19b,3640.9985,0.1395,0.1132,1.232,0.218,0.8301
Rnf2,Rnf2,2305.3401,-0.1298,0.1424,-0.9111,0.3622,0.8873
Rnf20,Rnf20,3029.5806,-0.1368,0.1173,-1.1657,0.2437,0.8418
Rnf207,Rnf207,12.7104,0.19,0.4815,0.3946,0.6931,0.9623
Rnf208,Rnf208,5.5679,0.3165,0.5984,0.529,0.5968,0.9393
Rnf214,Rnf214,1593.3449,-0.1287,0.088,-1.4628,0.1435,0.7928
Rnf215,Rnf215,757.3713,0.0659,0.0941,0.7004,0.4837,0.9168
Rnf216,Rnf216,2224.8541,-0.0315,0.0662,-0.4756,0.6344,0.9478
Rnf217,Rnf217,1988.2333,0.0188,0.1148,0.1641,0.8696,0.9818
Rnf219,Rnf219,509.1582,-0.2198,0.1221,-1.8004,0.0718,0.752
Rnf220,Rnf220,2281.6166,0.1754,0.1487,1.1801,0.238,0.8383
Rnf223,Rnf223,10.359,0.4187,0.4482,0.9343,0.3502,0.8839
Rnf225,Rnf225,83.4058,-0.2108,0.2222,-0.9486,0.3428,0.8793
Rnf24,Rnf24,919.1134,-0.074,0.0941,-0.7867,0.4315,0.9081
Rnf25,Rnf25,1027.0579,-0.0013,0.071,-0.0182,0.9855,1
Rnf26,Rnf26,1463.6271,-0.1069,0.1213,-0.8807,0.3785,0.8935
Rnf31,Rnf31,772.1119,0.1266,0.128,0.9886,0.3229,0.8731
Rnf32,Rnf32,32.8872,0.1577,0.2424,0.6506,0.5153,0.9201
Rnf34,Rnf34,1320.7793,0.0075,0.0725,0.103,0.918,0.9879
Rnf38,Rnf38,1905.9466,-0.0748,0.116,-0.6449,0.519,0.9219
Rnf39,Rnf39,2.7355,-0.1377,0.8975,-0.1535,0.878,0.982
Rnf4,Rnf4,6400.9724,-0.0261,0.0536,-0.4872,0.6261,0.9451
Rnf40,Rnf40,2425.9812,0.0447,0.0654,0.6825,0.4949,0.9181
Rnf41,Rnf41,1655.0638,0.1835,0.1099,1.6698,0.0949,0.7643
Rnf43,Rnf43,0.8362,1.1858,1.697,0.6987,0.4847,0.9168
Rnf44,Rnf44,3277.351,0.0927,0.0436,2.1273,0.0334,0.732
Rnf5,Rnf5,972.7948,0.0145,0.1007,0.1436,0.8858,0.9833
Rnf6,Rnf6,2638.2612,-0.1824,0.1824,-1.0005,0.3171,0.8702
Rnf7,Rnf7,3520.5157,-0.0538,0.081,-0.6644,0.5064,0.9188
Rnf8,Rnf8,113.427,-0.0682,0.2209,-0.3089,0.7574,0.9694
Rnf8-cmtr1,Rnf8-cmtr1,8.8653,-0.253,0.578,-0.4377,0.6616,0.955
Rnft1,Rnft1,1953.4332,0.0112,0.1382,0.0808,0.9356,0.9923
Rnft2,Rnft2,99.5718,-0.4547,0.2872,-1.5833,0.1134,0.7736
Rngtt,Rngtt,876.9628,-0.1486,0.1624,-0.9148,0.3603,0.8868
Rnh1,Rnh1,7445.4624,0.2584,0.1424,1.8142,0.0697,0.7507
Rnls,Rnls,120.5569,-0.0192,0.1727,-0.1112,0.9114,0.9873
Rnmt,Rnmt,1855.6864,-0.0575,0.0994,-0.5788,0.5627,0.9294
Rnmtl1,Rnmtl1,423.9844,-0.0236,0.0863,-0.2731,0.7848,0.97
Rnpc3,Rnpc3,299.7238,-0.1286,0.1771,-0.726,0.4678,0.9168
Rnpep,Rnpep,1135.9555,-0.1176,0.1116,-1.0544,0.2917,0.8606
Rnpepl1,Rnpepl1,1843.667,0.1151,0.0774,1.488,0.1367,0.787
Rnps1,Rnps1,2083.8826,-0.0402,0.0905,-0.4441,0.657,0.9548
Rnu11,Rnu11,0.413,0.695,2.4257,0.2865,0.7745,0.97
Rnu73b,Rnu73b,4.0744,-0.9617,0.8934,-1.0765,0.2817,0.8606
Robo1,Robo1,1349.5434,-0.2231,0.2059,-1.0839,0.2784,0.8588
Robo2,Robo2,118.9015,0.1926,0.2383,0.8081,0.419,0.9047
Robo3,Robo3,3.1263,-0.4701,0.9761,-0.4816,0.6301,0.9451
Rock1,Rock1,623.3094,0.2227,0.1211,1.8399,0.0658,0.7457
Rock2,Rock2,2570.044,0.1261,0.1457,0.865,0.387,0.8952
Rogdi,Rogdi,568.8896,0.0029,0.1086,0.0265,0.9789,0.9998
Rom1,Rom1,58.8477,0.1726,0.1898,0.9095,0.3631,0.8873
Romo1,Romo1,733.8849,-0.0166,0.1065,-0.1561,0.876,0.9819
Ropn1l,Ropn1l,130.6098,0.2118,0.228,0.9289,0.353,0.8839
Ror1,Ror1,218.9458,-0.511,0.3505,-1.4579,0.1449,0.7928
Ror2,Ror2,242.757,-0.2272,0.1252,-1.8149,0.0695,0.7507
Rora,Rora,179.9466,0.5706,0.3479,1.6401,0.101,0.7677
Rorb,Rorb,25.8741,-0.2566,0.3842,-0.6678,0.5043,0.9188
Rorc,Rorc,193.8689,0.5117,0.205,2.4956,0.0126,0.732
Rp1l1,Rp1l1,0.4226,0.0038,2.0624,0.0018,0.9985,1
Rp2h,Rp2h,685.3261,0.0067,0.1987,0.0337,0.9732,0.999
Rp9,Rp9,783.9354,0.0669,0.1069,0.6254,0.5317,0.9252
Rpa1,Rpa1,4290.3491,-0.2548,0.1064,-2.3943,0.0166,0.732
Rpa2,Rpa2,1000.4919,-0.367,0.1621,-2.2643,0.0236,0.732
Rpa3,Rpa3,726.6419,-0.1768,0.1238,-1.4278,0.1534,0.7988
Rpain,Rpain,318.305,0.1771,0.151,1.1723,0.2411,0.84
Rpap1,Rpap1,1049.0875,0.0538,0.086,0.626,0.5313,0.9251
Rpap2,Rpap2,788.2161,0.0322,0.1075,0.2997,0.7644,0.97
Rpap3,Rpap3,1135.5985,-0.1249,0.0596,-2.096,0.0361,0.732
Rpe,Rpe,1049.2337,-0.0652,0.1441,-0.4526,0.6508,0.9543
Rpf1,Rpf1,954.9306,-0.0415,0.0782,-0.5301,0.5961,0.9389
Rpf2,Rpf2,1202.407,-0.191,0.1124,-1.6997,0.0892,0.764
Rpgr,Rpgr,256.5518,-0.1466,0.1686,-0.8697,0.3845,0.8941
Rpgrip1,Rpgrip1,2.6131,0.9972,0.9536,1.0457,0.2957,0.8606
Rpgrip1l,Rpgrip1l,821.2241,-0.093,0.2289,-0.406,0.6847,0.9623
Rph3a,Rph3a,0.4218,0.0065,2.0626,0.0032,0.9975,1
Rph3al,Rph3al,13.3366,-0.2098,0.3951,-0.531,0.5954,0.9386
Rpia,Rpia,603.1643,0.0301,0.0861,0.3496,0.7266,0.9693
Rpl10,Rpl10,44343.9628,0.25,0.159,1.5717,0.116,0.7753
Rpl10a,Rpl10a,18553.6857,0.0986,0.1259,0.783,0.4337,0.9089
Rpl11,Rpl11,16630.9414,0.0351,0.1003,0.3496,0.7266,0.9693
Rpl12,Rpl12,33039.3032,0.12,0.1465,0.8192,0.4127,0.9033
Rpl13,Rpl13,25672.049,0.1431,0.1446,0.9894,0.3225,0.8731
Rpl13a,Rpl13a,20213.0485,0.1627,0.2082,0.7814,0.4345,0.9089
Rpl14,Rpl14,21859.4962,0.0867,0.1249,0.6944,0.4874,0.9169
Rpl14-ps1,Rpl14-ps1,57.5507,0.0415,0.2639,0.1572,0.8751,0.9819
Rpl15,Rpl15,15721.2519,0.0811,0.1597,0.5076,0.6117,0.942
Rpl17,Rpl17,26552.1467,0.1433,0.1481,0.968,0.3331,0.8778
Rpl18,Rpl18,15295.3857,0.107,0.1278,0.8373,0.4024,0.9031
Rpl18a,Rpl18a,29810.9152,0.1696,0.1613,1.0515,0.293,0.8606
Rpl19,Rpl19,26668.9943,0.1288,0.139,0.9264,0.3542,0.8847
Rpl21,Rpl21,15045.441,0.1347,0.1885,0.7146,0.4749,0.9168
Rpl22,Rpl22,12526.0041,0.1685,0.135,1.2484,0.2119,0.8265
Rpl22l1,Rpl22l1,4405.0819,-0.2005,0.1467,-1.3667,0.1717,0.8066
Rpl23,Rpl23,32348.0574,0.1444,0.1433,1.0075,0.3137,0.8692
Rpl23a,Rpl23a,33476.9845,0.0911,0.1458,0.6247,0.5322,0.9252
Rpl24,Rpl24,18408.3719,0.1103,0.1269,0.8692,0.3848,0.8941
Rpl27,Rpl27,12449.9541,0.0297,0.1052,0.2821,0.7779,0.97
Rpl27a,Rpl27a,21865.5541,0.1336,0.1556,0.8584,0.3907,0.8981
Rpl28,Rpl28,16999.2767,0.0892,0.1153,0.774,0.439,0.9106
Rpl29,Rpl29,1076.7508,0.0935,0.3864,0.242,0.8088,0.9733
Rpl3,Rpl3,32086.7276,0.0112,0.1294,0.0869,0.9308,0.9918
Rpl30,Rpl30,14.7415,0.0594,0.3777,0.1574,0.875,0.9819
Rpl31,Rpl31,22006.3037,0.1901,0.1636,1.1621,0.2452,0.8421
Rpl31-ps12,Rpl31-ps12,4.8142,-0.0898,0.6863,-0.1309,0.8959,0.9853
Rpl32,Rpl32,17766.6671,0.1439,0.1637,0.8787,0.3796,0.8935
Rpl34,Rpl34,75.4637,-0.0928,0.3211,-0.2889,0.7726,0.97
Rpl35,Rpl35,17338.9694,0.0687,0.1318,0.5216,0.602,0.941
Rpl35a,Rpl35a,11986.4372,0.0859,0.1263,0.6801,0.4964,0.9181
Rpl36,Rpl36,7106.0519,0.1,0.1397,0.716,0.474,0.9168
Rpl36a,Rpl36a,9582.6049,0.1305,0.1506,0.8668,0.3861,0.8952
Rpl36al,Rpl36al,3341.6369,0.2046,0.1955,1.0464,0.2954,0.8606
Rpl37,Rpl37,17246.6636,0.1245,0.1333,0.9337,0.3504,0.8839
Rpl37a,Rpl37a,16200.4884,0.106,0.1301,0.8147,0.4153,0.9033
Rpl37rt,Rpl37rt,260.6528,0.1916,0.3071,0.6237,0.5328,0.9255
Rpl38,Rpl38,3333.8567,0.029,0.1357,0.2135,0.831,0.9774
Rpl39,Rpl39,9238.7022,0.106,0.1458,0.7269,0.4673,0.9168
Rpl3l,Rpl3l,2.3216,0.5159,1.0256,0.503,0.615,0.9427
Rpl4,Rpl4,48756.0617,0.0637,0.1077,0.5909,0.5546,0.929
Rpl41,Rpl41,28387.4301,0.0554,0.1086,0.5099,0.6102,0.9416
Rpl5,Rpl5,28449.6026,0.1148,0.1566,0.7334,0.4633,0.9155
Rpl6,Rpl6,32130.3336,0.0955,0.1518,0.6288,0.5295,0.9238
Rpl7,Rpl7,45342.6095,0.0808,0.102,0.7919,0.4284,0.9074
Rpl7a,Rpl7a,27474.2739,0.0645,0.1029,0.6273,0.5305,0.9245
Rpl7l1,Rpl7l1,5620.2665,-0.0887,0.0775,-1.1444,0.2525,0.8452
Rpl8,Rpl8,34137.8589,0.0584,0.1036,0.5635,0.5731,0.9325
Rpl9,Rpl9,26866.548,0.086,0.1249,0.6886,0.4911,0.9181
Rplp0,Rplp0,75893.98,0.2359,0.188,1.2548,0.2095,0.8265
Rplp1,Rplp1,24691.7764,0.1411,0.1657,0.8515,0.3945,0.8987
Rplp2,Rplp2,11183.9132,0.1504,0.1677,0.8969,0.3698,0.8925
Rpn1,Rpn1,11318.2794,0.2789,0.1279,2.18,0.0293,0.732
Rpn2,Rpn2,12619.4275,0.169,0.1043,1.6204,0.1051,0.7696
Rpp14,Rpp14,1372.4698,-0.0452,0.0714,-0.6332,0.5266,0.9228
Rpp21,Rpp21,315.6077,-0.021,0.1245,-0.1687,0.866,0.9815
Rpp25,Rpp25,48.5771,0.371,0.2804,1.3231,0.1858,0.8161
Rpp25l,Rpp25l,632.6592,0.0229,0.0837,0.2738,0.7843,0.97
Rpp30,Rpp30,762.1777,-0.1533,0.098,-1.5638,0.1179,0.7753
Rpp38,Rpp38,282.9902,-0.1134,0.1326,-0.8549,0.3926,0.8986
Rpp40,Rpp40,331.6841,-0.0464,0.1602,-0.2898,0.772,0.97
Rpph1,Rpph1,1.0487,1.7808,1.513,1.177,0.2392,0.84
Rprd1a,Rprd1a,994.518,-0.2025,0.1663,-1.2179,0.2233,0.8307
Rprd1b,Rprd1b,1608.4092,-0.057,0.0654,-0.8713,0.3836,0.8935
Rprd2,Rprd2,1848.6418,-0.0674,0.1241,-0.5433,0.5869,0.9355
Rprm,Rprm,1.3537,-0.4337,1.2839,-0.3378,0.7355,0.9694
Rprml,Rprml,0.3176,-0.6877,2.5704,-0.2675,0.789,0.97
Rps10,Rps10,18802.5467,0.1691,0.1458,1.1592,0.2464,0.8423
Rps11,Rps11,16613.3541,0.1316,0.1456,0.9038,0.3661,0.8891
Rps12,Rps12,24221.5286,0.1202,0.1486,0.8086,0.4187,0.9047
Rps13,Rps13,9910.511,0.0782,0.137,0.5708,0.5682,0.9312
Rps14,Rps14,27842.6499,0.1595,0.1595,0.9998,0.3174,0.8702
Rps15,Rps15,25184.6212,0.1108,0.1309,0.8462,0.3975,0.8991
Rps15a,Rps15a,14267.6277,0.0781,0.1237,0.6314,0.5278,0.9233
Rps15a-ps4,Rps15a-ps4,6.8199,-0.0737,0.5481,-0.1345,0.893,0.9841
Rps15a-ps6,Rps15a-ps6,19.1243,0.0972,0.4493,0.2164,0.8287,0.9769
Rps16,Rps16,14203.3047,0.1389,0.1644,0.8447,0.3983,0.8995
Rps17,Rps17,14355.802,0.1049,0.1323,0.7932,0.4276,0.9071
Rps18,Rps18,9257.5757,0.0688,0.4672,0.1473,0.8829,0.9825
Rps19,Rps19,12926.1987,0.1449,0.1775,0.8165,0.4142,0.9033
Rps19-ps3,Rps19-ps3,43.4386,-0.2024,0.3195,-0.6335,0.5264,0.9228
Rps19bp1,Rps19bp1,1000.9618,0.0183,0.0833,0.2201,0.8258,0.9766
Rps2,Rps2,8253.6105,0.03,0.2971,0.1009,0.9196,0.9879
Rps20,Rps20,16413.7781,0.2053,0.1452,1.4138,0.1574,0.8015
Rps21,Rps21,10315.3786,0.1712,0.1503,1.1391,0.2546,0.8456
Rps23,Rps23,22278.4016,0.1163,0.1742,0.6676,0.5044,0.9188
Rps24,Rps24,28085.4237,0.1089,0.1553,0.701,0.4833,0.9168
Rps25,Rps25,16317.4427,0.1038,0.1478,0.7023,0.4825,0.9168
Rps26,Rps26,13466.1296,0.0829,0.1142,0.7262,0.4677,0.9168
Rps27,Rps27,44.157,0.5949,0.4972,1.1965,0.2315,0.8349
Rps27a,Rps27a,20496.0446,0.0286,0.1127,0.2543,0.7993,0.9719
Rps27l,Rps27l,3827.563,-0.0444,0.1026,-0.4324,0.6654,0.9561
Rps28,Rps28,7367.7526,0.1708,0.1496,1.1416,0.2536,0.8453
Rps29,Rps29,6476.1229,0.0639,0.1273,0.5019,0.6157,0.9427
Rps3,Rps3,28920.1195,0.1779,0.1673,1.0631,0.2877,0.8606
Rps3a1,Rps3a1,20195.4387,0.0263,0.2353,0.1118,0.911,0.9873
Rps4x,Rps4x,47433.879,0.1454,0.1393,1.0437,0.2966,0.8608
Rps5,Rps5,19699.2992,0.1745,0.1539,1.1338,0.2569,0.8478
Rps6,Rps6,32155.0878,0.1215,0.1724,0.7043,0.4812,0.9168
Rps6ka1,Rps6ka1,183.5317,0.1805,0.1439,1.2541,0.2098,0.8265
Rps6ka2,Rps6ka2,1337.4984,0.1405,0.0758,1.8526,0.0639,0.7457
Rps6ka3,Rps6ka3,2228.9471,-0.1036,0.2203,-0.4702,0.6382,0.9487
Rps6ka4,Rps6ka4,2779.5614,0.1852,0.1631,1.1356,0.2561,0.8475
Rps6ka5,Rps6ka5,200.618,-0.1007,0.1186,-0.8494,0.3957,0.8991
Rps6kb1,Rps6kb1,1674.7187,-0.1726,0.2088,-0.827,0.4082,0.9033
Rps6kb2,Rps6kb2,884.2766,-0.019,0.0997,-0.1908,0.8487,0.9781
Rps6kc1,Rps6kc1,1338.8345,0.214,0.0933,2.2948,0.0217,0.732
Rps6kl1,Rps6kl1,11.9951,-0.1793,0.4606,-0.3893,0.697,0.9632
Rps7,Rps7,25246.8816,0.1436,0.1417,1.0135,0.3108,0.8677
Rps8,Rps8,29430.3648,0.1121,0.1481,0.7567,0.4492,0.912
Rps9,Rps9,23883.381,0.1377,0.1419,0.97,0.332,0.8775
Rpsa,Rpsa,53637.8752,0.0831,0.1387,0.5988,0.5493,0.929
Rptor,Rptor,3185.7661,0.1537,0.0827,1.8598,0.0629,0.7457
Rptoros,Rptoros,1.8857,1.1252,1.24,0.9075,0.3642,0.8876
Rpusd1,Rpusd1,546.5902,-0.0344,0.0934,-0.3682,0.7127,0.9662
Rpusd2,Rpusd2,268.3697,-0.0942,0.1113,-0.847,0.397,0.8991
Rpusd3,Rpusd3,157.9328,0.1749,0.1784,0.9802,0.327,0.8754
Rpusd4,Rpusd4,470.7563,0.0386,0.1209,0.319,0.7497,0.9694
Rqcd1,Rqcd1,2368.5295,-0.0327,0.0673,-0.4867,0.6265,0.9451
Rrad,Rrad,909.596,-0.5292,0.416,-1.2723,0.2033,0.8262
Rraga,Rraga,2799.7595,0.0351,0.0737,0.4768,0.6335,0.9472
Rragc,Rragc,5085.4332,0.231,0.1489,1.5512,0.1208,0.7753
Rragd,Rragd,491.2897,0.2277,0.145,1.5701,0.1164,0.7753
Rras,Rras,1931.5383,0.0145,0.1071,0.1359,0.8919,0.9841
Rras2,Rras2,3952.2475,0.0945,0.0902,1.0477,0.2948,0.8606
Rrbp1,Rrbp1,11929.487,-0.1326,0.1147,-1.1566,0.2474,0.8426
Rreb1,Rreb1,1892.6523,-0.0987,0.1319,-0.7488,0.454,0.9127
Rrm1,Rrm1,6681.8819,-0.423,0.2025,-2.0888,0.0367,0.732
Rrm2,Rrm2,6580.8047,-0.5494,0.2833,-1.9391,0.0525,0.7364
Rrm2b,Rrm2b,723.2578,0.0297,0.192,0.1548,0.877,0.982
Rrn3,Rrn3,3995.9524,-0.03,0.0765,-0.3926,0.6946,0.9623
Rrnad1,Rrnad1,526.1512,0.0188,0.1151,0.1631,0.8705,0.9818
Rrp1,Rrp1,5954.7898,0.0269,0.0629,0.4277,0.6689,0.9568
Rrp12,Rrp12,1499.1473,-0.0523,0.0877,-0.5959,0.5513,0.929
Rrp15,Rrp15,955.9037,0.0711,0.1602,0.4441,0.657,0.9548
Rrp1b,Rrp1b,1381.1861,-0.0127,0.0687,-0.185,0.8533,0.9789
Rrp36,Rrp36,1000.2911,0.0597,0.0978,0.611,0.5412,0.9283
Rrp7a,Rrp7a,2680.8994,0.1348,0.1348,0.9998,0.3174,0.8702
Rrp8,Rrp8,1481.6708,-0.0641,0.0727,-0.8817,0.378,0.8935
Rrp9,Rrp9,819.5646,-0.011,0.1296,-0.0849,0.9323,0.9921
Rrs1,Rrs1,1768.6851,-0.0328,0.0991,-0.3308,0.7408,0.9694
Rsad1,Rsad1,461.497,0.1465,0.1418,1.0329,0.3016,0.8615
Rsad2,Rsad2,14.429,-0.3721,0.4008,-0.9285,0.3531,0.8839
Rsbn1,Rsbn1,403.3528,0.0746,0.1809,0.4124,0.6801,0.9614
Rsbn1l,Rsbn1l,485.9792,-0.0735,0.2129,-0.3451,0.73,0.9694
Rsc1a1,Rsc1a1,0.9379,-1.2733,1.6559,-0.769,0.4419,0.9118
Rsf1,Rsf1,627.2825,-0.0444,0.1891,-0.2349,0.8143,0.9745
Rsg1,Rsg1,18.6509,-0.3978,0.4283,-0.9287,0.3531,0.8839
Rsl1,Rsl1,69.9515,-0.3174,0.2254,-1.4081,0.1591,0.8015
Rsl1d1,Rsl1d1,5272.4692,-0.1379,0.1059,-1.3024,0.1928,0.8188
Rsl24d1,Rsl24d1,2017.6432,-0.0492,0.0665,-0.739,0.4599,0.9141
Rslcan18,Rslcan18,39.8649,-0.0389,0.2552,-0.1523,0.879,0.9823
Rsph1,Rsph1,21.9632,-0.0569,0.3132,-0.1816,0.8559,0.9796
Rsph3a,Rsph3a,464.9816,0.0875,0.2213,0.3955,0.6925,0.9623
Rsph3b,Rsph3b,137.1592,-0.0615,0.2436,-0.2525,0.8007,0.9719
Rsph4a,Rsph4a,0.9363,-0.392,1.4819,-0.2645,0.7914,0.9701
Rsph9,Rsph9,192.9583,0.5497,0.269,2.0436,0.041,0.732
Rspo1,Rspo1,6.5945,0.1983,0.6434,0.3082,0.7579,0.9694
Rspo2,Rspo2,20.4469,0.1623,0.4152,0.3908,0.6959,0.9626
Rspo3,Rspo3,7.739,-0.31,0.4952,-0.6261,0.5313,0.9251
Rspo4,Rspo4,0.5259,0.4935,2.3784,0.2075,0.8356,0.9774
Rspry1,Rspry1,2157.0116,-0.1113,0.1104,-1.0085,0.3132,0.8691
Rsrc1,Rsrc1,1930.9638,-0.0813,0.1091,-0.7448,0.4564,0.9134
Rsrc2,Rsrc2,1726.1309,-0.2542,0.2312,-1.0996,0.2715,0.8588
Rsrp1,Rsrp1,4982.874,0.2207,0.183,1.2063,0.2277,0.8325
Rsu1,Rsu1,4110.6161,-0.1688,0.085,-1.986,0.047,0.7364
Rtbdn,Rtbdn,2.7286,0.121,1.0199,0.1187,0.9055,0.9866
Rtca,Rtca,1856.6418,0.0061,0.0958,0.0635,0.9493,0.9938
Rtcb,Rtcb,6701.8148,0.0284,0.0828,0.3428,0.7317,0.9694
Rtel1,Rtel1,768.4258,-0.2164,0.147,-1.4718,0.1411,0.7908
Rtf1,Rtf1,1707.519,-0.1787,0.1509,-1.1846,0.2362,0.8369
Rtfdc1,Rtfdc1,2997.3021,0.1393,0.0982,1.4185,0.156,0.8015
Rtkn,Rtkn,1723.5228,-0.118,0.1009,-1.1694,0.2422,0.8407
Rtkn2,Rtkn2,447.0127,-0.2565,0.2256,-1.137,0.2555,0.8467
Rtn1,Rtn1,0.413,0.695,2.4257,0.2865,0.7745,0.97
Rtn2,Rtn2,3452.9412,0.0089,0.1461,0.0612,0.9512,0.9939
Rtn3,Rtn3,7258.8638,0.008,0.0575,0.1391,0.8894,0.9836
Rtn4,Rtn4,22679.1181,-0.0276,0.162,-0.1703,0.8647,0.9811
Rtn4ip1,Rtn4ip1,508.0599,0.0066,0.098,0.067,0.9466,0.9934
Rtn4r,Rtn4r,63.7198,-0.804,0.4146,-1.9393,0.0525,0.7364
Rtn4rl1,Rtn4rl1,10.965,-0.7389,0.5098,-1.4494,0.1472,0.7945
Rtn4rl2,Rtn4rl2,45.2138,0.7267,0.5372,1.3529,0.1761,0.8104
Rtp1,Rtp1,0.5188,-0.0815,2.4354,-0.0335,0.9733,0.999
Rtp4,Rtp4,176.1976,0.2659,0.2555,1.0408,0.298,0.8608
Rttn,Rttn,354.4171,-0.2672,0.1854,-1.4408,0.1496,0.7968
Rufy1,Rufy1,1181.075,0.0596,0.0677,0.8801,0.3788,0.8935
Rufy2,Rufy2,829.6557,-0.0258,0.1293,-0.1992,0.8421,0.9775
Rufy3,Rufy3,735.8124,-0.0576,0.1112,-0.5177,0.6046,0.941
Rufy4,Rufy4,3.2351,-0.5207,0.7717,-0.6747,0.4999,0.9181
Rundc1,Rundc1,979.0545,0.1035,0.0697,1.4845,0.1377,0.7875
Rundc3a,Rundc3a,201.9568,-0.0845,0.1888,-0.4474,0.6546,0.9548
Runx1,Runx1,7684.437,-0.3086,0.212,-1.4556,0.1455,0.7928
Runx1t1,Runx1t1,9.209,-0.1544,0.5757,-0.2682,0.7886,0.97
Runx2,Runx2,1850.1222,-0.1737,0.1336,-1.3006,0.1934,0.8197
Runx3,Runx3,1180.4425,-0.055,0.1053,-0.5228,0.6011,0.9406
Rusc1,Rusc1,962.4085,-0.0279,0.1003,-0.2777,0.7812,0.97
Rusc2,Rusc2,2060.2152,0.5656,0.2916,1.9393,0.0525,0.7364
Ruvbl1,Ruvbl1,1888.5246,-0.0896,0.0706,-1.2683,0.2047,0.8262
Ruvbl2,Ruvbl2,1725.7957,-0.0512,0.1037,-0.4936,0.6216,0.9436
Rwdd1,Rwdd1,1803.9328,-0.0155,0.0692,-0.2236,0.8231,0.9766
Rwdd2a,Rwdd2a,48.6895,-0.2042,0.2242,-0.9108,0.3624,0.8873
Rwdd2b,Rwdd2b,240.5591,0.0343,0.1072,0.3197,0.7492,0.9694
Rwdd3,Rwdd3,216.5351,0.0096,0.14,0.0683,0.9456,0.9934
Rwdd4a,Rwdd4a,1352.4021,-0.0962,0.1258,-0.7651,0.4442,0.912
Rxfp3,Rxfp3,17.902,-0.6185,0.4723,-1.3096,0.1903,0.8161
Rxfp4,Rxfp4,0.8388,0.4056,1.9319,0.21,0.8337,0.9774
Rxra,Rxra,3873.4069,0.1305,0.0865,1.5078,0.1316,0.7771
Rxrb,Rxrb,1544.8912,0.1226,0.0885,1.3846,0.1662,0.8037
Rxrg,Rxrg,1.037,-0.2929,1.6118,-0.1817,0.8558,0.9796
Rybp,Rybp,509.5278,-0.1579,0.1853,-0.8521,0.3942,0.8987
Ryk,Ryk,7035.8273,-0.0988,0.0642,-1.5395,0.1237,0.7753
Ryr1,Ryr1,4135.03,-0.1194,0.2726,-0.438,0.6614,0.955
Ryr2,Ryr2,0.7374,-1.1972,1.6423,-0.729,0.466,0.9163
Ryr3,Ryr3,703.4059,-0.5118,0.4451,-1.1499,0.2502,0.8443
S100a1,S100a1,1165.3787,0.1555,0.1289,1.2063,0.2277,0.8325
S100a10,S100a10,10457.1899,-0.1981,0.1452,-1.3649,0.1723,0.8069
S100a11,S100a11,14941.3695,-0.0613,0.0981,-0.6247,0.5322,0.9252
S100a13,S100a13,1202.6871,-0.0258,0.0999,-0.2578,0.7965,0.9713
S100a14,S100a14,9.2796,-0.0828,0.5598,-0.1478,0.8825,0.9825
S100a16,S100a16,3772.4208,-0.0741,0.1141,-0.6492,0.5162,0.9209
S100a2,S100a2,0.4186,-0.6852,2.4191,-0.2832,0.777,0.97
S100a3,S100a3,31.8515,0.1259,0.2728,0.4614,0.6445,0.9518
S100a4,S100a4,31238.2942,-0.0762,0.0953,-0.7998,0.4238,0.906
S100a5,S100a5,0.6237,-0.6357,1.7485,-0.3635,0.7162,0.9662
S100a6,S100a6,13387.451,0.1076,0.1219,0.8821,0.3777,0.8935
S100a7a,S100a7a,11.8511,-0.1881,0.4109,-0.4577,0.6472,0.9533
S100a8,S100a8,29.0667,1.141,1.4861,0.7678,0.4426,0.9118
S100b,S100b,3.8717,0.1483,0.7079,0.2094,0.8341,0.9774
S100g,S100g,1.1542,-1.2643,1.4914,-0.8478,0.3966,0.8991
S100pbp,S100pbp,476.9777,-0.1908,0.1371,-1.3914,0.1641,0.8037
S1pr1,S1pr1,1118.9698,0.3923,0.319,1.2296,0.2188,0.8302
S1pr2,S1pr2,1522.278,0.1744,0.1969,0.8857,0.3758,0.8935
S1pr3,S1pr3,756.9201,-0.1703,0.261,-0.6526,0.514,0.9199
S1pr4,S1pr4,0.6293,0.7005,2.361,0.2967,0.7667,0.97
S1pr5,S1pr5,10.8561,-0.6321,0.469,-1.3478,0.1777,0.812
Saa1,Saa1,12.7391,1.2893,1.135,1.136,0.256,0.8473
Saa2,Saa2,19.7842,1.1445,0.8278,1.3826,0.1668,0.8041
Saa3,Saa3,14535.8928,1.5046,1.6469,0.9136,0.3609,0.8868
Saa4,Saa4,3.5531,2.0831,1.3539,1.5386,0.1239,0.7753
Saal1,Saal1,772.0229,0.0313,0.0844,0.3705,0.711,0.9662
Sac3d1,Sac3d1,437.8719,0.0377,0.1124,0.3358,0.737,0.9694
Sacm1l,Sacm1l,2993.2329,-0.0803,0.1823,-0.4405,0.6596,0.9548
Sacs,Sacs,15.4504,0.1006,0.4756,0.2116,0.8324,0.9774
Sae1,Sae1,4431.2224,-0.0585,0.0898,-0.6509,0.5151,0.9201
Safb,Safb,3289.6676,-0.103,0.0629,-1.6384,0.1013,0.7679
Safb2,Safb2,1696.4653,-0.0095,0.0769,-0.1241,0.9013,0.986
Sag,Sag,3.3495,-0.5933,0.7946,-0.7466,0.4553,0.9128
Sall2,Sall2,912.4157,0.0517,0.0803,0.6441,0.5195,0.922
Samd1,Samd1,1183.3322,-0.1023,0.1428,-0.7167,0.4735,0.9168
Samd10,Samd10,68.8121,-0.231,0.1861,-1.2413,0.2145,0.8265
Samd11,Samd11,1.7827,0.1879,0.9948,0.1889,0.8502,0.9784
Samd12,Samd12,3.9768,0.4001,0.6849,0.5842,0.5591,0.9294
Samd14,Samd14,1346.3477,-0.0495,0.0783,-0.6322,0.5272,0.923
Samd15,Samd15,11.8008,-0.1211,0.4134,-0.293,0.7695,0.97
Samd4,Samd4,3165.0022,-0.0146,0.1219,-0.1201,0.9044,0.9865
Samd4b,Samd4b,1891.6202,-0.0061,0.0578,-0.1058,0.9157,0.9877
Samd5,Samd5,0.8382,1.2277,1.9143,0.6413,0.5213,0.9223
Samd7,Samd7,2.0837,-0.6666,1.0445,-0.6382,0.5234,0.9223
Samd8,Samd8,3425.2942,-0.0296,0.1951,-0.1518,0.8794,0.9823
Samd9l,Samd9l,183.4854,0.0761,0.1567,0.4854,0.6274,0.9451
Samhd1,Samhd1,2537.6143,-0.2007,0.1294,-1.5509,0.1209,0.7753
Samm50,Samm50,4175.219,0.0301,0.0831,0.3629,0.7167,0.9662
Samsn1,Samsn1,3.4578,-0.8482,0.7603,-1.1155,0.2646,0.8547
Sap130,Sap130,2321.7195,-0.0253,0.0939,-0.2697,0.7874,0.97
Sap18,Sap18,854.5874,-0.1501,0.0923,-1.6267,0.1038,0.7679
Sap30,Sap30,975.9506,-0.0351,0.1036,-0.3392,0.7345,0.9694
Sap30bp,Sap30bp,2092.395,0.0457,0.0726,0.6293,0.5292,0.9237
Sap30l,Sap30l,794.9799,0.2249,0.1487,1.5126,0.1304,0.7771
Sapcd1,Sapcd1,4.7027,-0.9129,0.7024,-1.2997,0.1937,0.8197
Sapcd2,Sapcd2,171.9274,-0.7953,0.3633,-2.1893,0.0286,0.732
Sar1a,Sar1a,15160.4001,0.005,0.0665,0.0751,0.9401,0.9923
Sar1b,Sar1b,2958.4882,0.1171,0.0933,1.2548,0.2096,0.8265
Saraf,Saraf,6033.2153,0.2834,0.1323,2.1417,0.0322,0.732
Sardh,Sardh,1416.0708,-0.2255,0.1411,-1.5976,0.1101,0.7736
Sarm1,Sarm1,18.1096,-0.0388,0.4126,-0.094,0.9251,0.9903
Sarnp,Sarnp,2622.6175,-0.0969,0.0769,-1.2613,0.2072,0.8262
Sars,Sars,10137.9247,0.3996,0.1865,2.1423,0.0322,0.732
Sars2,Sars2,235.4044,-0.0388,0.1157,-0.3351,0.7376,0.9694
Sart1,Sart1,2632.9662,-0.0133,0.0618,-0.2146,0.8301,0.9774
Sart3,Sart3,1827.9253,-0.0196,0.0787,-0.2493,0.8031,0.9719
Sash1,Sash1,1680.548,0.3332,0.2435,1.3687,0.1711,0.8066
Sass6,Sass6,176.705,-0.4403,0.2581,-1.7059,0.088,0.764
Sat1,Sat1,6243.3095,0.6659,0.3452,1.9291,0.0537,0.7365
Sat2,Sat2,184.2671,-0.2128,0.1474,-1.4437,0.1488,0.7968
Satb1,Satb1,34.4942,-0.2451,0.2783,-0.8806,0.3785,0.8935
Satb2,Satb2,375.4296,-0.0981,0.1321,-0.7424,0.4579,0.9137
Satl1,Satl1,1.9789,-1.2659,1.1094,-1.1411,0.2538,0.8453
Sav1,Sav1,3525.8788,0.0678,0.1072,0.6329,0.5268,0.9228
Saxo2,Saxo2,4.6032,0.8953,0.8875,1.0088,0.3131,0.869
Saysd1,Saysd1,290.6066,0.1908,0.1121,1.7013,0.0889,0.764
Sbds,Sbds,2901.7853,0.0107,0.0972,0.1101,0.9123,0.9873
Sbf1,Sbf1,6282.7355,0.0857,0.0822,1.0432,0.2969,0.8608
Sbf2,Sbf2,2247.5128,-0.0517,0.1256,-0.4113,0.6808,0.9614
Sbk1,Sbk1,926.2849,0.0336,0.0919,0.3655,0.7147,0.9662
Sbk2,Sbk2,118.6692,0.2006,0.2299,0.8724,0.383,0.8935
Sbk3,Sbk3,25.2012,-0.3932,0.401,-0.9804,0.3269,0.8753
Sbno1,Sbno1,2551.5,-0.0946,0.1814,-0.5214,0.6021,0.941
Sbno2,Sbno2,5449.3276,0.524,0.2979,1.7591,0.0786,0.7572
Sbsn,Sbsn,102.8283,0.5748,0.4042,1.422,0.155,0.8007
Sbspon,Sbspon,8.3028,-0.4919,0.7691,-0.6396,0.5224,0.9223
Sc5d,Sc5d,1002.4274,-0.0861,0.1107,-0.7779,0.4367,0.9098
Scaf1,Scaf1,3404.6775,0.0359,0.0717,0.5011,0.6163,0.9427
Scaf11,Scaf11,4742.3783,-0.0864,0.1665,-0.519,0.6038,0.941
Scaf4,Scaf4,1186.0624,0.0015,0.0878,0.0168,0.9866,1
Scaf8,Scaf8,2662.1719,-0.0844,0.0879,-0.9597,0.3372,0.8788
Scai,Scai,276.9959,-0.0829,0.2103,-0.3943,0.6934,0.9623
Scamp1,Scamp1,2447.0658,0.0635,0.0891,0.7131,0.4758,0.9168
Scamp2,Scamp2,2499.7,0.0614,0.074,0.8297,0.4067,0.9033
Scamp3,Scamp3,121.8154,0.3522,0.3326,1.059,0.2896,0.8606
Scamp4,Scamp4,2362.7253,0.2169,0.1213,1.7884,0.0737,0.752
Scamp5,Scamp5,914.4324,0.0338,0.1031,0.3275,0.7433,0.9694
Scand1,Scand1,519.7851,0.1197,0.1669,0.7175,0.4731,0.9168
Scap,Scap,2580.6733,0.3693,0.195,1.8933,0.0583,0.7417
Scaper,Scaper,307.311,-0.0249,0.1869,-0.1332,0.8941,0.9844
Scara3,Scara3,734.715,-0.028,0.1084,-0.2579,0.7965,0.9713
Scara5,Scara5,1341.5186,0.3745,0.3107,1.2052,0.2281,0.8326
Scarb1,Scarb1,1207.0055,0.066,0.1207,0.547,0.5844,0.9355
Scarb2,Scarb2,4694.2357,0.1362,0.0999,1.3633,0.1728,0.807
Scarf1,Scarf1,10.9213,0.2172,0.4211,0.5157,0.606,0.941
Scarf2,Scarf2,1816.3477,-0.1066,0.1136,-0.9387,0.3479,0.8829
Scarletltr,Scarletltr,7.2094,-0.6221,0.6199,-1.0036,0.3156,0.8698
Scarna10,Scarna10,0.5179,-0.0578,2.0357,-0.0284,0.9774,0.9992
Scarna13,Scarna13,2.305,2.0103,1.4145,1.4212,0.1553,0.8007
Scarna17,Scarna17,0.7361,0.1416,1.6795,0.0843,0.9328,0.9921
Scarna6,Scarna6,1.8794,-0.4824,1.1353,-0.4249,0.6709,0.9578
Sccpdh,Sccpdh,2999.5273,-0.0298,0.0876,-0.3397,0.7341,0.9694
Scd1,Scd1,14575.4212,0.1033,0.0928,1.1141,0.2652,0.8547
Scd2,Scd2,48404.1926,-0.0784,0.1285,-0.61,0.5418,0.9283
Scd3,Scd3,4.4039,-0.4325,0.6842,-0.6321,0.5273,0.923
Scd4,Scd4,24.9463,-0.064,0.3375,-0.1898,0.8495,0.9781
Scel,Scel,5.6717,-0.1894,0.6856,-0.2763,0.7823,0.97
Scfd1,Scfd1,2023.9526,-0.205,0.1997,-1.0265,0.3047,0.8637
Scfd2,Scfd2,382.4439,-0.0809,0.1466,-0.5514,0.5813,0.9352
Scg2,Scg2,16.9436,0.6582,0.4462,1.4751,0.1402,0.7903
Scg5,Scg5,12.8778,-0.2363,0.5375,-0.4397,0.6602,0.9548
Scgb1b30,Scgb1b30,1.2459,0.9651,1.6515,0.5844,0.559,0.9294
Scgb1c1,Scgb1c1,0.3157,-0.6835,2.5731,-0.2656,0.7905,0.97
Scgb2b7,Scgb2b7,0.7313,2.8989,1.8072,1.6041,0.1087,0.7736
Schip1,Schip1,6.7687,-0.8266,0.5863,-1.41,0.1585,0.8015
Scin,Scin,5.2383,-0.2499,0.5684,-0.4396,0.6602,0.9548
Sclt1,Sclt1,134.2656,0.0099,0.1678,0.0588,0.9531,0.9945
Scly,Scly,539.8959,0.0057,0.1416,0.0405,0.9677,0.9988
Scmh1,Scmh1,1617.1199,0.1509,0.1338,1.1283,0.2592,0.8499
Scml2,Scml2,5.6649,0.3839,0.5712,0.672,0.5016,0.9188
Scml4,Scml4,290.9844,-0.4129,0.3606,-1.1451,0.2522,0.8452
Scn10a,Scn10a,82.8752,-0.1555,0.3871,-0.4017,0.6879,0.9623
Scn1b,Scn1b,416.9214,0.011,0.0991,0.1107,0.9119,0.9873
Scn2a1,Scn2a1,6.29,0.2483,0.5401,0.4598,0.6457,0.9528
Scn3a,Scn3a,13.7381,-0.6141,0.4946,-1.2416,0.2144,0.8265
Scn3b,Scn3b,6.7942,-0.1976,0.6034,-0.3275,0.7433,0.9694
Scn4a,Scn4a,656.7617,0.0418,0.1508,0.2773,0.7815,0.97
Scn5a,Scn5a,2855.0798,-0.1796,0.2488,-0.7221,0.4702,0.9168
Scn7a,Scn7a,511.0492,-0.458,0.4755,-0.9631,0.3355,0.8778
Scn9a,Scn9a,2.1887,-1.1392,1.1361,-1.0027,0.316,0.8701
Scnm1,Scnm1,571.164,0.1395,0.0881,1.5831,0.1134,0.7736
Scnn1a,Scnn1a,29.8493,0.6299,0.4478,1.4067,0.1595,0.8021
Scnn1b,Scnn1b,0.4217,-1.1847,2.0057,-0.5907,0.5547,0.929
Sco1,Sco1,753.6683,-0.0268,0.0668,-0.4006,0.6887,0.9623
Scoc,Scoc,685.9112,-0.2948,0.2024,-1.4565,0.1453,0.7928
Scp2,Scp2,5793.2734,0.1018,0.1054,0.9662,0.3339,0.8778
Scpep1,Scpep1,11047.9538,0.4927,0.2636,1.8695,0.0616,0.7456
Scpep1os,Scpep1os,4.2895,0.8304,0.9188,0.9038,0.3661,0.8891
Scrib,Scrib,4192.9519,-0.1336,0.1352,-0.9885,0.3229,0.8731
Scrn1,Scrn1,1754.7623,0.0015,0.1294,0.0118,0.9906,1
Scrn2,Scrn2,452.6755,-0.037,0.1472,-0.2512,0.8017,0.9719
Scrn3,Scrn3,766.038,-0.142,0.1894,-0.75,0.4532,0.9122
Sct,Sct,2.3127,-0.7169,0.8882,-0.8072,0.4196,0.9048
Sctr,Sctr,40.7208,-0.0522,0.3093,-0.1687,0.866,0.9815
Scube1,Scube1,0.6247,-0.6384,1.7488,-0.3651,0.7151,0.9662
Scube2,Scube2,5.8544,-0.0449,0.6057,-0.0741,0.9409,0.9923
Scube3,Scube3,11.0683,-0.3013,0.4258,-0.7077,0.4791,0.9168
Scx,Scx,2649.2432,-0.2023,0.2128,-0.9505,0.3418,0.879
Scyl1,Scyl1,3722.1909,0.1396,0.1097,1.2725,0.2032,0.8262
Scyl2,Scyl2,1444.0495,-0.1223,0.1742,-0.7018,0.4828,0.9168
Scyl3,Scyl3,890.0109,0.033,0.1298,0.254,0.7995,0.9719
Sdad1,Sdad1,1316.155,-0.0872,0.1201,-0.7258,0.4679,0.9168
Sdc1,Sdc1,18053.0084,0.1092,0.1638,0.6666,0.505,0.9188
Sdc2,Sdc2,28382.9594,-0.0075,0.1219,-0.0615,0.9509,0.9939
Sdc3,Sdc3,6188.0504,0.1893,0.2137,0.8862,0.3755,0.8935
Sdc4,Sdc4,10228.2172,0.2817,0.2161,1.304,0.1922,0.8173
Sdcbp,Sdcbp,7167.9549,0.0003,0.0651,0.005,0.996,1
Sdcbp2,Sdcbp2,13.1893,0.0511,0.402,0.1271,0.8989,0.9855
Sdccag3,Sdccag3,2183.5959,0.0505,0.0787,0.6414,0.5213,0.9223
Sdccag8,Sdccag8,664.0787,-0.1381,0.1177,-1.1729,0.2409,0.84
Sde2,Sde2,2443.0531,0.0198,0.0644,0.3074,0.7586,0.9694
Sdf2,Sdf2,3069.3028,0.161,0.096,1.6773,0.0935,0.7643
Sdf2l1,Sdf2l1,1080.418,0.8013,0.296,2.7076,0.0068,0.732
Sdf4,Sdf4,8499.3939,0.1019,0.1185,0.8596,0.39,0.8977
Sdha,Sdha,9012.735,-0.0535,0.0925,-0.5786,0.5629,0.9294
Sdhaf1,Sdhaf1,235.7831,0.0706,0.2204,0.3203,0.7487,0.9694
Sdhaf2,Sdhaf2,1734.222,-0.0283,0.0643,-0.4398,0.6601,0.9548
Sdhaf3,Sdhaf3,131.0854,0.0897,0.1666,0.5386,0.5902,0.9367
Sdhaf4,Sdhaf4,638.6121,0.0306,0.0918,0.333,0.7391,0.9694
Sdhb,Sdhb,2948.2599,0.0013,0.0883,0.0142,0.9887,1
Sdhc,Sdhc,4832.3818,-0.06,0.0894,-0.6708,0.5023,0.9188
Sdhd,Sdhd,4744.5206,-0.002,0.0908,-0.0215,0.9829,1
Sdk1,Sdk1,3.0642,0.0958,1.2947,0.074,0.941,0.9924
Sdk2,Sdk2,0.6206,0.0092,2.0197,0.0045,0.9964,1
Sdpr,Sdpr,4224.4657,-0.0578,0.2886,-0.2003,0.8412,0.9775
Sdr39u1,Sdr39u1,788.0544,0.2266,0.1587,1.4286,0.1531,0.7988
Sdr42e1,Sdr42e1,11.266,0.0668,0.5235,0.1276,0.8985,0.9855
Sdr9c7,Sdr9c7,3.9916,-0.1564,0.8186,-0.191,0.8485,0.9781
Sds,Sds,9.4087,-0.1412,0.4447,-0.3175,0.7508,0.9694
Sdsl,Sdsl,25.7693,0.0159,0.3439,0.0464,0.963,0.9972
Sec1,Sec1,14.2767,-0.2337,0.3973,-0.5881,0.5564,0.929
Sec11a,Sec11a,2511.4444,0.0836,0.0986,0.8477,0.3966,0.8991
Sec11c,Sec11c,842.1808,0.1617,0.1136,1.4229,0.1548,0.8004
Sec13,Sec13,6906.1338,-0.0485,0.0934,-0.5195,0.6034,0.941
Sec14l1,Sec14l1,6005.0767,0.0524,0.0935,0.5607,0.575,0.9329
Sec14l2,Sec14l2,601.3794,0.0729,0.1108,0.6582,0.5104,0.9195
Sec14l5,Sec14l5,5.0138,0.1669,0.6575,0.2539,0.7996,0.9719
Sec16a,Sec16a,4727.5249,0.0651,0.0698,0.9323,0.3512,0.8839
Sec16b,Sec16b,888.8733,-0.1898,0.2098,-0.9047,0.3656,0.8891
Sec22a,Sec22a,967.005,0.0051,0.0822,0.0618,0.9507,0.9939
Sec22b,Sec22b,3379.4328,-0.0482,0.0597,-0.8081,0.4191,0.9047
Sec22c,Sec22c,699.0453,0.0154,0.1041,0.1483,0.8821,0.9824
Sec23a,Sec23a,5647.0694,-0.1367,0.1135,-1.2045,0.2284,0.8326
Sec23b,Sec23b,2962.516,0.0923,0.0666,1.3869,0.1655,0.8037
Sec23ip,Sec23ip,3234.154,-0.0345,0.0608,-0.5674,0.5704,0.9318
Sec24a,Sec24a,1325.2735,-0.1309,0.1579,-0.8288,0.4072,0.9033
Sec24b,Sec24b,2304.8939,-0.0403,0.0684,-0.5894,0.5556,0.929
Sec24c,Sec24c,6514.1688,0.0539,0.0613,0.8789,0.3795,0.8935
Sec24d,Sec24d,7537.3665,-0.0832,0.0553,-1.5046,0.1324,0.7779
Sec31a,Sec31a,13883.8353,0.0076,0.0597,0.1271,0.8988,0.9855
Sec31b,Sec31b,19.0925,0.2093,0.3271,0.64,0.5222,0.9223
Sec61a1,Sec61a1,11228.7648,0.1484,0.0794,1.8693,0.0616,0.7456
Sec61a2,Sec61a2,1875.1737,0.0151,0.0897,0.1682,0.8664,0.9815
Sec61b,Sec61b,2664.4433,0.0561,0.1023,0.5481,0.5836,0.9353
Sec61g,Sec61g,3306.1287,0.134,0.122,1.0989,0.2718,0.8588
Sec62,Sec62,4505.2747,-0.0374,0.1538,-0.2435,0.8076,0.9732
Sec63,Sec63,4949.1828,-0.0074,0.1644,-0.0453,0.9639,0.9975
Secisbp2,Secisbp2,890.2535,0.0532,0.0757,0.703,0.482,0.9168
Secisbp2l,Secisbp2l,2547.949,0.0711,0.177,0.4013,0.6882,0.9623
Sectm1a,Sectm1a,62.1995,-0.3883,0.2649,-1.4658,0.1427,0.7928
Sectm1b,Sectm1b,0.8416,-0.0004,1.7938,-0.0002,0.9998,1
Seh1l,Seh1l,2850.1804,0.1099,0.1516,0.725,0.4685,0.9168
Sel1l,Sel1l,6026.6271,0.268,0.1255,2.1361,0.0327,0.732
Sel1l3,Sel1l3,4.3164,0.1117,0.7192,0.1554,0.8765,0.9819
Selenbp1,Selenbp1,272.0242,0.6594,0.3313,1.9904,0.0465,0.7364
Selenbp2,Selenbp2,18.3752,0.6044,0.366,1.6514,0.0986,0.7669
Selk,Selk,4135.4278,0.2884,0.1379,2.0917,0.0365,0.732
Sell,Sell,0.5258,-0.4791,2.3771,-0.2016,0.8403,0.9775
Selm,Selm,1392.5732,-0.0912,0.0955,-0.9542,0.34,0.879
Selo,Selo,786.161,0.1854,0.1708,1.0854,0.2777,0.8588
Selp,Selp,16.6243,1.4555,0.9478,1.5358,0.1246,0.7753
Selplg,Selplg,0.7313,0.9018,1.9909,0.4529,0.6506,0.9543
Selt,Selt,6335.2006,-0.1914,0.2189,-0.8746,0.3818,0.8935
Sema3a,Sema3a,1370.1172,-0.5889,0.3842,-1.5328,0.1253,0.7753
Sema3b,Sema3b,2976.778,0.3183,0.1171,2.7191,0.0065,0.732
Sema3c,Sema3c,1208.2318,0.6629,0.2953,2.2449,0.0248,0.732
Sema3d,Sema3d,2388.7673,0.3543,0.2011,1.7618,0.0781,0.7572
Sema3e,Sema3e,848.5164,-0.424,0.2578,-1.645,0.1,0.7669
Sema3f,Sema3f,968.5351,-0.0499,0.1029,-0.4856,0.6273,0.9451
Sema3g,Sema3g,134.3617,-0.7732,0.3346,-2.3104,0.0209,0.732
Sema4a,Sema4a,37.3248,-0.1646,0.2354,-0.6994,0.4843,0.9168
Sema4b,Sema4b,1147.891,0.0317,0.0988,0.3209,0.7483,0.9694
Sema4c,Sema4c,2865.8533,0.0739,0.1013,0.7301,0.4653,0.9158
Sema4d,Sema4d,376.9228,-0.1234,0.1881,-0.6559,0.5119,0.9195
Sema4f,Sema4f,70.6962,-0.1361,0.2632,-0.5173,0.6049,0.941
Sema4g,Sema4g,71.9186,-0.1074,0.2555,-0.4203,0.6743,0.9596
Sema5a,Sema5a,1604.0918,0.3467,0.1995,1.738,0.0822,0.7572
Sema5b,Sema5b,9.1779,-0.9876,0.5552,-1.7789,0.0753,0.7538
Sema6a,Sema6a,2694.5014,-0.2099,0.2456,-0.8547,0.3927,0.8986
Sema6b,Sema6b,102.2881,0.3522,0.3222,1.0931,0.2744,0.8588
Sema6c,Sema6c,552.776,0.0242,0.168,0.1442,0.8854,0.9833
Sema6d,Sema6d,257.1065,-0.065,0.133,-0.4891,0.6248,0.9451
Sema7a,Sema7a,2454.3116,-0.4169,0.2178,-1.9139,0.0556,0.7377
Senp1,Senp1,1401.0944,-0.219,0.0911,-2.4033,0.0162,0.732
Senp2,Senp2,2201.4243,0.1215,0.1207,1.0066,0.3141,0.8692
Senp3,Senp3,3563.6662,-0.0413,0.0749,-0.5509,0.5817,0.9352
Senp5,Senp5,3011.2542,-0.0604,0.1213,-0.4976,0.6187,0.9433
Senp6,Senp6,1895.5046,-0.0548,0.1917,-0.286,0.7749,0.97
Senp7,Senp7,715.9176,-0.0632,0.2106,-0.3,0.7642,0.97
Senp8,Senp8,299.7831,-0.1712,0.188,-0.9106,0.3625,0.8873
Sephs1,Sephs1,2388.5385,-0.218,0.0775,-2.8125,0.0049,0.732
Sephs2,Sephs2,1186.7847,0.0842,0.104,0.81,0.4179,0.9047
Sepn1,Sepn1,4014.7636,0.065,0.0872,0.7448,0.4564,0.9134
Sepp1,Sepp1,4082.3792,0.1345,0.0905,1.486,0.1373,0.7871
Sepsecs,Sepsecs,304.5215,0.0547,0.1303,0.4201,0.6744,0.9596
Sepw1,Sepw1,1859.3842,0.1521,0.1491,1.0202,0.3076,0.8653
Serac1,Serac1,817.7631,0.1242,0.1461,0.8505,0.3951,0.8989
Serbp1,Serbp1,14693.9012,-0.1934,0.0888,-2.1776,0.0294,0.732
Serf1,Serf1,465.7474,-0.1004,0.1079,-0.9311,0.3518,0.8839
Serf2,Serf2,6003.6023,0.0555,0.1634,0.3396,0.7342,0.9694
Sergef,Sergef,232.0975,0.0422,0.1329,0.3175,0.7508,0.9694
Serhl,Serhl,601.2715,-0.0061,0.1171,-0.0518,0.9587,0.9964
Serinc1,Serinc1,17039.4057,0.1469,0.1298,1.1316,0.2578,0.8482
Serinc2,Serinc2,2142.4699,-0.1338,0.1608,-0.8318,0.4055,0.9033
Serinc3,Serinc3,16475.6891,0.2854,0.1121,2.5456,0.0109,0.732
Serinc4,Serinc4,66.5454,-0.1382,0.2301,-0.6007,0.548,0.9289
Serinc5,Serinc5,2680.9735,-0.1447,0.105,-1.3789,0.1679,0.8045
Serp1,Serp1,9533.7911,0.0701,0.0928,0.7552,0.4501,0.912
Serp2,Serp2,188.924,0.1372,0.2042,0.6716,0.5019,0.9188
Serpina11,Serpina11,1.0503,-0.1722,1.52,-0.1133,0.9098,0.987
Serpina12,Serpina12,32.2678,0.442,0.3331,1.3271,0.1845,0.8146
Serpina1a,Serpina1a,1.7931,0.4987,1.1761,0.424,0.6716,0.9578
Serpina1b,Serpina1b,2.003,1.0837,1.1025,0.983,0.3256,0.8747
Serpina1c,Serpina1c,1.0502,0.4213,1.3868,0.3038,0.7613,0.97
Serpina1d,Serpina1d,3.859,0.612,0.9167,0.6677,0.5044,0.9188
Serpina1e,Serpina1e,1.7972,0.1662,1.4285,0.1164,0.9074,0.987
Serpina3c,Serpina3c,18.5592,0.7205,0.4424,1.6289,0.1033,0.7679
Serpina3f,Serpina3f,10.1755,1.756,0.7124,2.465,0.0137,0.732
Serpina3g,Serpina3g,443.849,0.9801,0.4717,2.0781,0.0377,0.732
Serpina3h,Serpina3h,162.4473,-0.171,0.2201,-0.7769,0.4372,0.9098
Serpina3i,Serpina3i,83.4769,1.4308,0.7201,1.9869,0.0469,0.7364
Serpina3k,Serpina3k,4.2991,-0.1716,0.7081,-0.2424,0.8085,0.9732
Serpina3m,Serpina3m,28.1189,1.7143,1.4045,1.2206,0.2223,0.8307
Serpina3n,Serpina3n,1002.9928,1.5397,1.3386,1.1502,0.2501,0.8443
Serpina4-ps1,Serpina4-ps1,0.6214,0.0056,2.0201,0.0028,0.9978,1
Serpina6,Serpina6,77.5191,0.0637,0.1757,0.3627,0.7168,0.9662
Serpina9,Serpina9,15.1081,1.0864,0.3981,2.7285,0.0064,0.732
Serpinb1a,Serpinb1a,6315.476,0.3538,0.2471,1.4316,0.1523,0.7976
Serpinb1b,Serpinb1b,177.0874,0.6629,0.3933,1.6856,0.0919,0.7643
Serpinb1c,Serpinb1c,20.8477,0.2224,0.3819,0.5823,0.5604,0.9294
Serpinb2,Serpinb2,207.1417,1.5008,1.2943,1.1595,0.2462,0.8423
Serpinb6a,Serpinb6a,23568.827,0.2743,0.1664,1.6479,0.0994,0.7669
Serpinb6b,Serpinb6b,874.0418,0.4372,0.2547,1.7163,0.0861,0.7627
Serpinb6c,Serpinb6c,24.6207,-0.4177,0.447,-0.9345,0.35,0.8839
Serpinb6d,Serpinb6d,1.894,1.2819,1.092,1.1739,0.2404,0.84
Serpinb7,Serpinb7,162.9251,0.0008,0.289,0.0028,0.9978,1
Serpinb8,Serpinb8,203.1556,-0.0117,0.1548,-0.0754,0.9399,0.9923
Serpinb9,Serpinb9,2617.6357,0.4766,0.2961,1.6098,0.1074,0.7715
Serpinb9b,Serpinb9b,973.5843,1.2409,0.737,1.6837,0.0922,0.7643
Serpinb9c,Serpinb9c,33.8152,0.4329,0.3993,1.0842,0.2783,0.8588
Serpinb9d,Serpinb9d,53.9515,0.1048,0.2841,0.3688,0.7123,0.9662
Serpinb9e,Serpinb9e,91.0918,0.7375,0.4342,1.6983,0.0895,0.764
Serpinb9f,Serpinb9f,7.957,0.5331,0.5459,0.9766,0.3288,0.8758
Serpinb9g,Serpinb9g,119.1055,0.4796,0.2157,2.2231,0.0262,0.732
Serpinc1,Serpinc1,7.4663,0.0194,0.5517,0.0351,0.972,0.999
Serpind1,Serpind1,34.0517,0.0223,0.2605,0.0857,0.9317,0.9921
Serpine1,Serpine1,3812.5647,-0.13,0.1366,-0.9514,0.3414,0.879
Serpine2,Serpine2,2939.135,0.3563,0.1364,2.6116,0.009,0.732
Serpine3,Serpine3,19.5235,0.0044,0.4433,0.0098,0.9922,1
Serpinf1,Serpinf1,30526.3183,-0.136,0.1248,-1.09,0.2757,0.8588
Serpinf2,Serpinf2,2.832,0.5047,0.8013,0.6298,0.5288,0.9237
Serping1,Serping1,3052.7064,0.5958,0.3742,1.5924,0.1113,0.7736
Serpinh1,Serpinh1,51319.6484,-0.0953,0.1423,-0.6698,0.503,0.9188
Serpini1,Serpini1,8.5496,-0.2727,0.5516,-0.4944,0.621,0.9436
Sertad1,Sertad1,857.1061,-0.0394,0.0976,-0.4036,0.6865,0.9623
Sertad2,Sertad2,2831.9253,-0.1008,0.1071,-0.9408,0.3468,0.8828
Sertad3,Sertad3,474.4239,-0.0047,0.125,-0.0374,0.9702,0.999
Sertad4,Sertad4,8646.8616,-0.3668,0.2492,-1.4717,0.1411,0.7908
Sesn1,Sesn1,2093.5391,-0.1275,0.1464,-0.8706,0.384,0.8935
Sesn2,Sesn2,1134.1646,0.7052,0.4287,1.6449,0.1,0.7669
Sesn3,Sesn3,595.3955,-0.1863,0.2174,-0.8567,0.3916,0.8983
Sestd1,Sestd1,2194.5347,0.0007,0.112,0.0066,0.9948,1
Set,Set,9502.7283,-0.136,0.0754,-1.8049,0.0711,0.7515
Setbp1,Setbp1,932.3081,0.0118,0.1937,0.0607,0.9516,0.994
Setd1a,Setd1a,1682.8195,0.0342,0.0894,0.3828,0.7019,0.9635
Setd1b,Setd1b,1008.1308,0.0845,0.0894,0.9455,0.3444,0.8804
Setd2,Setd2,1778.6272,-0.127,0.234,-0.5428,0.5873,0.9355
Setd3,Setd3,3781.7952,0.0271,0.0785,0.3456,0.7296,0.9694
Setd4,Setd4,122.3471,0.1967,0.1612,1.2203,0.2224,0.8307
Setd5,Setd5,4605.5198,-0.1203,0.1074,-1.12,0.2627,0.8534
Setd6,Setd6,698.578,0.0354,0.1048,0.3381,0.7353,0.9694
Setd7,Setd7,5063.0125,-0.1684,0.1873,-0.8993,0.3685,0.892
Setd8,Setd8,3500.3397,-0.177,0.1264,-1.4011,0.1612,0.8037
Setdb1,Setdb1,2698.2201,-0.0162,0.069,-0.2345,0.8146,0.9747
Setdb2,Setdb2,375.8788,-0.189,0.1175,-1.6089,0.1076,0.7718
Setmar,Setmar,64.2879,0.0494,0.2139,0.2309,0.8174,0.975
Setx,Setx,1703.873,0.014,0.2152,0.0649,0.9483,0.9935
Sez6l2,Sez6l2,5.1346,0.1014,0.6871,0.1475,0.8827,0.9825
Sf1,Sf1,7211.8207,-0.1384,0.0882,-1.5697,0.1165,0.7753
Sf3a1,Sf3a1,4184.7769,-0.0932,0.0855,-1.0901,0.2756,0.8588
Sf3a2,Sf3a2,1949.8382,-0.0287,0.0746,-0.3848,0.7004,0.9635
Sf3a3,Sf3a3,2694.6679,-0.0487,0.0713,-0.6828,0.4948,0.9181
Sf3b1,Sf3b1,10146.3839,-0.1447,0.1526,-0.9482,0.343,0.8795
Sf3b2,Sf3b2,9629.2214,0.0721,0.0793,0.9094,0.3631,0.8873
Sf3b3,Sf3b3,7366.6015,0.0371,0.1131,0.3278,0.7431,0.9694
Sf3b4,Sf3b4,2732.7712,-0.0024,0.145,-0.0164,0.9869,1
Sf3b5,Sf3b5,1061.8064,0.0386,0.1145,0.3371,0.736,0.9694
Sf3b6,Sf3b6,2565.8564,-0.0181,0.0882,-0.2057,0.8371,0.9774
Sfi1,Sfi1,520.6719,0.1904,0.1181,1.6116,0.1071,0.7713
Sfmbt1,Sfmbt1,815.956,-0.0641,0.072,-0.8892,0.3739,0.893
Sfmbt2,Sfmbt2,51.0694,-0.2681,0.2264,-1.1844,0.2362,0.8369
Sfn,Sfn,40.7568,0.3904,0.3685,1.0595,0.2894,0.8606
Sfpq,Sfpq,8333.3204,-0.198,0.0849,-2.3334,0.0196,0.732
Sfr1,Sfr1,5968.1815,-0.2172,0.1428,-1.521,0.1283,0.7758
Sfrp1,Sfrp1,601.613,0.1179,0.2286,0.5158,0.606,0.941
Sfrp2,Sfrp2,4921.9743,-0.8257,0.4536,-1.8203,0.0687,0.7507
Sfrp4,Sfrp4,79.1239,-0.0594,0.2731,-0.2175,0.8279,0.9767
Sfswap,Sfswap,1539.7812,-0.051,0.0607,-0.84,0.4009,0.9018
Sft2d1,Sft2d1,787.4617,0.0761,0.1255,0.6066,0.5441,0.9283
Sft2d2,Sft2d2,4099.1548,0.3925,0.1929,2.0349,0.0419,0.732
Sft2d3,Sft2d3,198.6808,0.0435,0.1523,0.2856,0.7752,0.97
Sftpb,Sftpb,1.1455,0.3035,1.5856,0.1914,0.8482,0.978
Sftpc,Sftpc,0.5225,0.0952,2.4345,0.0391,0.9688,0.999
Sfxn1,Sfxn1,1385.7959,-0.2075,0.0694,-2.9921,0.0028,0.732
Sfxn2,Sfxn2,118.5488,-0.2714,0.1664,-1.6307,0.103,0.7679
Sfxn3,Sfxn3,5591.9977,0.1797,0.1235,1.4559,0.1454,0.7928
Sfxn4,Sfxn4,127.6819,-0.2158,0.2114,-1.0207,0.3074,0.8653
Sfxn5,Sfxn5,86.5012,0.4265,0.2777,1.536,0.1245,0.7753
Sgca,Sgca,1471.4679,-0.148,0.2561,-0.5777,0.5635,0.9295
Sgcb,Sgcb,5842.4735,-0.0879,0.1563,-0.5624,0.5739,0.9327
Sgcd,Sgcd,360.9158,0.0265,0.1103,0.2399,0.8104,0.9736
Sgce,Sgce,1975.065,0.0994,0.0931,1.0675,0.2857,0.8606
Sgcg,Sgcg,1912.4587,-0.2259,0.258,-0.8757,0.3812,0.8935
Sgip1,Sgip1,20.6942,0.2648,0.4259,0.6217,0.5341,0.9258
Sgk1,Sgk1,3193.7994,-0.0342,0.1494,-0.2288,0.819,0.9755
Sgk3,Sgk3,134.3174,-0.361,0.2369,-1.5242,0.1274,0.7753
Sgms1,Sgms1,933.3942,-0.2462,0.1853,-1.3282,0.1841,0.814
Sgms2,Sgms2,1117.9582,0.0979,0.13,0.753,0.4514,0.9121
Sgol1,Sgol1,497.6953,-0.915,0.4601,-1.9889,0.0467,0.7364
Sgol2a,Sgol2a,267.8281,-0.6506,0.4104,-1.5854,0.1129,0.7736
Sgpl1,Sgpl1,8723.1247,0.4001,0.1774,2.2553,0.0241,0.732
Sgpp1,Sgpp1,3358.1251,0.2812,0.2214,1.2697,0.2042,0.8262
Sgpp2,Sgpp2,4.412,-0.675,0.7175,-0.9408,0.3468,0.8828
Sgsh,Sgsh,518.5223,0.4211,0.2144,1.9635,0.0496,0.7364
Sgsm1,Sgsm1,195.2027,0.1178,0.1674,0.7035,0.4817,0.9168
Sgsm2,Sgsm2,1079.3071,0.0336,0.1073,0.3128,0.7544,0.9694
Sgsm3,Sgsm3,1297.3799,0.1153,0.1023,1.1271,0.2597,0.851
Sgta,Sgta,4493.6704,0.0773,0.0703,1.0999,0.2714,0.8588
Sgtb,Sgtb,371.1885,-0.0632,0.1227,-0.5152,0.6064,0.9411
Sh2b1,Sh2b1,2860.1961,-0.0435,0.1199,-0.3626,0.7169,0.9662
Sh2b2,Sh2b2,347.2469,0.186,0.1606,1.1584,0.2467,0.8426
Sh2b3,Sh2b3,1745.2868,-0.069,0.0659,-1.0462,0.2955,0.8606
Sh2d1b1,Sh2d1b1,1.3644,-2.2565,1.4068,-1.604,0.1087,0.7736
Sh2d3c,Sh2d3c,62.466,0.1082,0.2818,0.3841,0.7009,0.9635
Sh2d4a,Sh2d4a,116.7095,0.4988,0.287,1.7382,0.0822,0.7572
Sh2d4b,Sh2d4b,2.8159,-0.6372,0.9304,-0.6848,0.4934,0.9181
Sh2d5,Sh2d5,9.2386,0.4067,0.5123,0.7939,0.4273,0.907
Sh2d7,Sh2d7,37.5566,-0.1868,0.2527,-0.7391,0.4598,0.9141
Sh3bgr,Sh3bgr,309.7231,-0.1788,0.313,-0.5713,0.5678,0.9312
Sh3bgrl,Sh3bgrl,3904.2538,0.0287,0.2704,0.1062,0.9154,0.9876
Sh3bgrl2,Sh3bgrl2,219.0163,-0.1325,0.1511,-0.8768,0.3806,0.8935
Sh3bgrl3,Sh3bgrl3,2524.0206,0.0751,0.0939,0.7993,0.4241,0.906
Sh3bp1,Sh3bp1,810.5058,-0.0271,0.134,-0.2023,0.8397,0.9775
Sh3bp2,Sh3bp2,851.6944,0.028,0.0774,0.3624,0.717,0.9663
Sh3bp4,Sh3bp4,2154.254,-0.15,0.1325,-1.1316,0.2578,0.8482
Sh3bp5,Sh3bp5,2005.5983,0.1002,0.1356,0.7391,0.4599,0.9141
Sh3bp5l,Sh3bp5l,1702.7024,0.1856,0.1105,1.6796,0.093,0.7643
Sh3d19,Sh3d19,6784.1186,-0.2463,0.1394,-1.767,0.0772,0.7572
Sh3d21,Sh3d21,18.0074,-0.0091,0.3323,-0.0275,0.978,0.9995
Sh3gl1,Sh3gl1,3897.1961,-0.0847,0.1048,-0.8081,0.419,0.9047
Sh3gl3,Sh3gl3,280.1962,-0.421,0.2422,-1.738,0.0822,0.7572
Sh3glb1,Sh3glb1,27899.2715,-0.2626,0.2349,-1.1177,0.2637,0.854
Sh3glb2,Sh3glb2,1354.6145,-0.0455,0.0911,-0.4995,0.6175,0.9428
Sh3kbp1,Sh3kbp1,3884.3584,-0.313,0.1722,-1.8175,0.0691,0.7507
Sh3pxd2a,Sh3pxd2a,12885.6228,-0.195,0.1563,-1.248,0.212,0.8265
Sh3pxd2b,Sh3pxd2b,6078.1928,0.0284,0.0776,0.3665,0.714,0.9662
Sh3rf1,Sh3rf1,900.6235,0.0518,0.0852,0.6085,0.5428,0.9283
Sh3rf2,Sh3rf2,62.5294,-0.3564,0.2317,-1.5384,0.1239,0.7753
Sh3rf3,Sh3rf3,216.2581,-0.277,0.1967,-1.4084,0.159,0.8015
Sh3tc1,Sh3tc1,20.2107,0.7348,0.4231,1.7368,0.0824,0.7572
Sh3tc2,Sh3tc2,14.5654,0.0404,0.3695,0.1092,0.913,0.9874
Sh3yl1,Sh3yl1,123.6293,0.1009,0.2052,0.492,0.6227,0.9443
Shank1,Shank1,5.8724,0.5343,0.6258,0.8538,0.3932,0.8986
Shank2,Shank2,20.2708,-0.3908,0.3685,-1.0606,0.2889,0.8606
Shank3,Shank3,2.0995,0.6246,1.0526,0.5934,0.5529,0.929
Sharpin,Sharpin,1185.2672,0.1178,0.1089,1.0817,0.2794,0.8596
Shb,Shb,1423.5399,0.0221,0.1265,0.1751,0.861,0.9802
Shbg,Shbg,1.8868,-0.3473,0.9505,-0.3654,0.7148,0.9662
Shc1,Shc1,7705.0806,0.1413,0.0886,1.5943,0.1109,0.7736
Shc2,Shc2,2158.9617,0.3764,0.2142,1.7568,0.079,0.7572
Shc3,Shc3,2.2041,-1.5638,1.3215,-1.1834,0.2367,0.8369
Shc4,Shc4,65.1515,-0.0245,0.2333,-0.1052,0.9162,0.9879
Shcbp1,Shcbp1,631.7357,-0.911,0.466,-1.955,0.0506,0.7364
Shcbp1l,Shcbp1l,2.1025,1.1298,0.9969,1.1332,0.2571,0.8478
Shd,Shd,0.9486,-0.3118,1.3392,-0.2328,0.8159,0.975
She,She,11.9219,-0.2746,0.4144,-0.6626,0.5076,0.9188
Shf,Shf,969.053,-0.0819,0.1138,-0.7193,0.4719,0.9168
Shfm1,Shfm1,2529.6099,-0.0664,0.0721,-0.9207,0.3572,0.8858
Shisa2,Shisa2,261.4447,-0.4377,0.4103,-1.0668,0.2861,0.8606
Shisa4,Shisa4,1635.1551,-0.0966,0.1248,-0.774,0.4389,0.9106
Shisa5,Shisa5,4474.884,0.3474,0.221,1.5716,0.116,0.7753
Shisa7,Shisa7,0.4138,-0.7714,2.4833,-0.3106,0.7561,0.9694
Shisa8,Shisa8,3.0175,-0.2511,0.9498,-0.2644,0.7915,0.9701
Shisa9,Shisa9,1.892,-1.2734,1.0699,-1.1901,0.234,0.8354
Shkbp1,Shkbp1,641.3718,-0.0131,0.1065,-0.1229,0.9022,0.986
Shmt1,Shmt1,342.4219,-0.1939,0.1053,-1.8411,0.0656,0.7457
Shmt2,Shmt2,4374.5787,0.3627,0.1757,2.0642,0.039,0.732
Shoc2,Shoc2,1884.1868,-0.188,0.2323,-0.8094,0.4183,0.9047
Shox2,Shox2,1303.2197,-0.0959,0.1427,-0.6718,0.5017,0.9188
Shpk,Shpk,109.2359,-0.1511,0.1674,-0.9027,0.3667,0.89
Shprh,Shprh,718.751,-0.1251,0.2175,-0.5752,0.5652,0.93
Shq1,Shq1,372.7653,0.0812,0.166,0.4892,0.6247,0.9451
Shroom1,Shroom1,244.6341,-0.0995,0.1528,-0.6511,0.515,0.92
Shroom2,Shroom2,18.8533,-0.4391,0.4996,-0.8788,0.3795,0.8935
Shroom3,Shroom3,420.9567,-0.3185,0.2517,-1.2654,0.2057,0.8262
Shroom4,Shroom4,109.1942,-0.1648,0.1976,-0.8342,0.4041,0.9033
Shtn1,Shtn1,23.2706,-0.0287,0.3268,-0.0878,0.93,0.9917
Siae,Siae,208.7069,0.1358,0.1268,1.0711,0.2841,0.8606
Siah1a,Siah1a,1855.0824,-0.002,0.0933,-0.0215,0.9829,1
Siah1b,Siah1b,238.2726,-0.2987,0.1777,-1.6807,0.0928,0.7643
Siah2,Siah2,1173.7752,0.0639,0.1075,0.5945,0.5522,0.929
Sidt1,Sidt1,1.3526,0.0636,1.2818,0.0496,0.9604,0.9969
Sidt2,Sidt2,6192.4381,0.1715,0.1105,1.552,0.1207,0.7753
Sigirr,Sigirr,51.8749,0.033,0.2746,0.12,0.9045,0.9865
Siglec1,Siglec1,3.0179,0.8308,1.0473,0.7933,0.4276,0.9071
Siglec15,Siglec15,30.7733,0.5368,0.3013,1.7815,0.0748,0.7528
Siglecf,Siglecf,25.5355,-0.1028,0.286,-0.3596,0.7191,0.9672
Siglecg,Siglecg,260.2386,0.3091,0.2603,1.1871,0.2352,0.8369
Sigmar1,Sigmar1,2355.3728,0.278,0.1634,1.7016,0.0888,0.764
Sik1,Sik1,2016.7677,-0.1708,0.2031,-0.8411,0.4003,0.9014
Sik2,Sik2,391.4276,0.0032,0.1487,0.0215,0.9828,1
Sik3,Sik3,1939.0355,0.1247,0.1017,1.2264,0.22,0.8302
Sike1,Sike1,1716.0674,-0.1418,0.1435,-0.9881,0.3231,0.8732
Sil1,Sil1,2352.0129,0.125,0.1043,1.1981,0.2309,0.834
Sim1,Sim1,0.8454,-0.693,1.5745,-0.4401,0.6598,0.9548
Sim2,Sim2,1317.1463,0.1345,0.0819,1.6427,0.1004,0.767
Simc1,Simc1,527.8384,-0.2147,0.0809,-2.6557,0.0079,0.732
Sin3a,Sin3a,2698.9288,0.0466,0.1196,0.3898,0.6967,0.9629
Sin3b,Sin3b,2936.7421,0.0279,0.0738,0.3785,0.7051,0.9646
Sipa1,Sipa1,1074.5762,-0.0031,0.0689,-0.0448,0.9643,0.9977
Sipa1l1,Sipa1l1,2464.4605,0.091,0.095,0.9577,0.3382,0.879
Sipa1l2,Sipa1l2,903.6073,0.0918,0.0786,1.1685,0.2426,0.8407
Sipa1l3,Sipa1l3,1021.9876,0.1762,0.1508,1.1681,0.2428,0.8407
Sirpa,Sirpa,3765.5485,0.7636,0.332,2.3004,0.0214,0.732
Sirt1,Sirt1,662.7807,-0.0993,0.2646,-0.3752,0.7075,0.9657
Sirt2,Sirt2,2426.3988,0.1368,0.0886,1.5446,0.1224,0.7753
Sirt3,Sirt3,381.8662,0.15,0.163,0.9201,0.3575,0.8858
Sirt4,Sirt4,379.6789,0.0698,0.0932,0.7487,0.4541,0.9127
Sirt5,Sirt5,239.4758,0.2193,0.1335,1.6435,0.1003,0.767
Sirt6,Sirt6,669.1844,0.0901,0.1038,0.8677,0.3856,0.8949
Sirt7,Sirt7,631.3592,0.0471,0.0933,0.5047,0.6137,0.9426
Sit1,Sit1,0.4224,-1.1691,2.4213,-0.4829,0.6292,0.9451
Siva1,Siva1,672.6682,-0.1389,0.1309,-1.0615,0.2885,0.8606
Six1,Six1,8135.0412,-0.0609,0.0944,-0.6447,0.5191,0.9219
Six4,Six4,1615.7109,-0.3388,0.2183,-1.552,0.1207,0.7753
Six5,Six5,313.1635,0.154,0.1352,1.1384,0.255,0.8459
Six6,Six6,1.2523,0.0038,1.2479,0.0031,0.9976,1
Ska1,Ska1,242.708,-1.08,0.4913,-2.1983,0.0279,0.732
Ska2,Ska2,640.0951,-0.5145,0.2433,-2.1151,0.0344,0.732
Ska3,Ska3,419.8778,-0.8152,0.3855,-2.1146,0.0345,0.732
Skap1,Skap1,32.205,-0.8917,0.5972,-1.493,0.1354,0.7827
Skap2,Skap2,1752.1858,0.0096,0.0618,0.1553,0.8766,0.9819
Ski,Ski,6726.7608,0.067,0.0636,1.0534,0.2921,0.8606
Skida1,Skida1,26.583,-0.5452,0.3039,-1.794,0.0728,0.752
Skil,Skil,2521.8616,-0.2099,0.2608,-0.8049,0.4209,0.9054
Skint6,Skint6,0.5196,-0.0586,2.0353,-0.0288,0.977,0.9992
Skint7,Skint7,2.5107,1.1433,1.4854,0.7697,0.4415,0.9115
Skiv2l,Skiv2l,2891.1192,0.0845,0.0691,1.2217,0.2218,0.8307
Skiv2l2,Skiv2l2,2207.668,-0.1653,0.1256,-1.316,0.1882,0.8161
Skor1,Skor1,3.2296,-0.1774,0.8039,-0.2207,0.8253,0.9766
Skp1a,Skp1a,11051.0173,0.0076,0.0903,0.0839,0.9332,0.9921
Skp2,Skp2,818.6454,-0.5401,0.172,-3.1397,0.0017,0.6464
Sla,Sla,79.7772,-0.2933,0.2703,-1.0854,0.2778,0.8588
Sla2,Sla2,3.7694,-0.6934,0.7927,-0.8747,0.3818,0.8935
Slain2,Slain2,3079.898,0.0299,0.1471,0.2033,0.8389,0.9775
Slamf1,Slamf1,0.3176,-0.6877,2.5704,-0.2675,0.789,0.97
Slamf8,Slamf8,6.5937,-0.3464,0.5697,-0.6081,0.5431,0.9283
Slamf9,Slamf9,13.1515,-0.1617,0.4536,-0.3564,0.7216,0.9683
Slbp,Slbp,1419.2036,-0.2944,0.0809,-3.6401,0.0003,0.3039
Slc10a1,Slc10a1,5.1314,0.7179,0.6971,1.0299,0.3031,0.8623
Slc10a3,Slc10a3,801.2335,0.2228,0.1768,1.2602,0.2076,0.8263
Slc10a4,Slc10a4,13.0812,0.2531,0.3704,0.6832,0.4945,0.9181
Slc10a5,Slc10a5,0.6167,-1.6315,2.383,-0.6847,0.4936,0.9181
Slc10a6,Slc10a6,115.812,1.0026,0.9035,1.1097,0.2671,0.8562
Slc10a7,Slc10a7,1017.0018,-0.1702,0.0908,-1.8742,0.0609,0.7456
Slc11a1,Slc11a1,129.3399,0.4901,0.288,1.702,0.0888,0.764
Slc11a2,Slc11a2,6321.4715,0.4069,0.2115,1.9241,0.0543,0.7377
Slc12a1,Slc12a1,5.9703,0.2097,0.5685,0.369,0.7122,0.9662
Slc12a2,Slc12a2,3108.4871,-0.1556,0.273,-0.5699,0.5688,0.9313
Slc12a3,Slc12a3,0.5229,2.4806,2.271,1.0923,0.2747,0.8588
Slc12a4,Slc12a4,3457.3814,0.1228,0.0832,1.4769,0.1397,0.7903
Slc12a5,Slc12a5,16.1902,-0.2161,0.4285,-0.5042,0.6141,0.9426
Slc12a6,Slc12a6,2274.8411,0.0961,0.1171,0.8205,0.4119,0.9033
Slc12a7,Slc12a7,2632.271,-0.0272,0.0878,-0.3101,0.7565,0.9694
Slc12a8,Slc12a8,9.224,0.3813,0.5813,0.656,0.5118,0.9195
Slc12a9,Slc12a9,726.6091,0.3356,0.1564,2.1465,0.0318,0.732
Slc13a1,Slc13a1,3.048,1.4885,0.997,1.493,0.1354,0.7827
Slc13a2,Slc13a2,1.3649,-1.0328,1.1704,-0.8824,0.3776,0.8935
Slc13a3,Slc13a3,1.3748,-0.2137,1.4923,-0.1432,0.8861,0.9833
Slc13a4,Slc13a4,3.7752,-0.4516,0.7609,-0.5935,0.5529,0.929
Slc13a5,Slc13a5,44.1326,0.0934,0.265,0.3526,0.7244,0.9689
Slc14a1,Slc14a1,83.0156,-0.5267,0.4195,-1.2553,0.2094,0.8265
Slc14a2,Slc14a2,3.876,0.1855,0.7727,0.2401,0.8103,0.9736
Slc15a2,Slc15a2,0.3168,-0.6877,2.5719,-0.2674,0.7892,0.97
Slc15a3,Slc15a3,1.7849,-0.4062,1.0337,-0.393,0.6943,0.9623
Slc15a4,Slc15a4,1554.2812,0.4246,0.161,2.6376,0.0083,0.732
Slc16a1,Slc16a1,10520.1264,0.7606,0.4063,1.8719,0.0612,0.7456
Slc16a10,Slc16a10,139.6996,0.2525,0.1939,1.302,0.1929,0.8191
Slc16a11,Slc16a11,447.4739,0.2093,0.2682,0.7805,0.4351,0.9089
Slc16a12,Slc16a12,10.9691,-1.1631,0.7937,-1.4654,0.1428,0.7928
Slc16a13,Slc16a13,357.0115,0.1643,0.218,0.7534,0.4512,0.9121
Slc16a14,Slc16a14,1.4707,0.1497,1.1474,0.1304,0.8962,0.9854
Slc16a2,Slc16a2,1325.2567,0.1577,0.2392,0.6594,0.5096,0.9195
Slc16a3,Slc16a3,3071.8027,0.3899,0.2419,1.6121,0.1069,0.7713
Slc16a4,Slc16a4,21.8099,-0.3854,0.4419,-0.872,0.3832,0.8935
Slc16a5,Slc16a5,4.8342,0.22,0.6607,0.3329,0.7392,0.9694
Slc16a6,Slc16a6,40.1457,-0.3357,0.3005,-1.1171,0.2639,0.8542
Slc16a7,Slc16a7,11.4956,0.1407,0.428,0.3288,0.7423,0.9694
Slc16a8,Slc16a8,3.8935,-0.1854,0.7709,-0.2405,0.8099,0.9736
Slc16a9,Slc16a9,93.3106,-0.0178,0.2068,-0.086,0.9314,0.9921
Slc17a4,Slc17a4,0.9296,-0.2131,1.9434,-0.1097,0.9127,0.9874
Slc17a5,Slc17a5,893.7591,0.2796,0.1852,1.5103,0.131,0.7771
Slc17a7,Slc17a7,10.7849,-0.0069,0.4237,-0.0164,0.9869,1
Slc17a8,Slc17a8,0.9395,-0.1054,1.4103,-0.0747,0.9404,0.9923
Slc17a9,Slc17a9,3.6831,-0.1965,0.7975,-0.2464,0.8054,0.9724
Slc18a1,Slc18a1,4.3916,0.8839,0.8837,1.0001,0.3172,0.8702
Slc18a2,Slc18a2,49.4507,0.1687,0.2426,0.6953,0.4868,0.9168
Slc18b1,Slc18b1,832.3105,0.0121,0.082,0.1471,0.883,0.9825
Slc19a1,Slc19a1,836.0301,0.3032,0.2091,1.4502,0.147,0.7945
Slc19a2,Slc19a2,876.5256,0.0894,0.2318,0.3855,0.6998,0.9635
Slc1a2,Slc1a2,2.3053,-2.0155,0.9932,-2.0294,0.0424,0.7364
Slc1a3,Slc1a3,4571.2634,-0.2078,0.1292,-1.6078,0.1079,0.7725
Slc1a4,Slc1a4,4239.9559,0.2507,0.1902,1.3178,0.1876,0.8161
Slc1a5,Slc1a5,657.8672,0.436,0.2548,1.7112,0.087,0.764
Slc1a6,Slc1a6,128.1935,-0.3147,0.2492,-1.263,0.2066,0.8262
Slc1a7,Slc1a7,1.6713,1.4256,1.8083,0.7884,0.4305,0.9081
Slc20a1,Slc20a1,4253.1716,0.0837,0.0974,0.8592,0.3902,0.8977
Slc20a2,Slc20a2,2544.9185,0.2861,0.2067,1.3839,0.1664,0.8037
Slc22a1,Slc22a1,0.6207,1.3591,1.9354,0.7022,0.4825,0.9168
Slc22a13,Slc22a13,0.9506,0.3106,1.5036,0.2066,0.8364,0.9774
Slc22a13b-ps,Slc22a13b-ps,8.9243,-0.0226,0.5156,-0.0439,0.965,0.9978
Slc22a15,Slc22a15,362.7376,0.0477,0.1076,0.4433,0.6576,0.9548
Slc22a17,Slc22a17,223.0435,-0.1774,0.2525,-0.7027,0.4823,0.9168
Slc22a18,Slc22a18,33.6325,0.6503,0.4488,1.4489,0.1474,0.7946
Slc22a21,Slc22a21,195.7271,-0.0537,0.1186,-0.453,0.6505,0.9543
Slc22a23,Slc22a23,517.6212,0.6378,0.2634,2.4212,0.0155,0.732
Slc22a4,Slc22a4,250.932,0.9124,0.573,1.5922,0.1113,0.7736
Slc22a5,Slc22a5,601.1603,0.0605,0.0848,0.714,0.4752,0.9168
Slc23a1,Slc23a1,22.3401,-0.2691,0.3783,-0.7113,0.4769,0.9168
Slc23a2,Slc23a2,2809.3107,0.2402,0.1702,1.4113,0.1582,0.8015
Slc23a3,Slc23a3,7.9654,0.8182,0.5593,1.463,0.1435,0.7928
Slc24a3,Slc24a3,842.0096,0.3267,0.2441,1.3385,0.1807,0.8127
Slc24a4,Slc24a4,16.7536,-0.3571,0.4807,-0.7429,0.4575,0.9137
Slc24a5,Slc24a5,12.7699,-0.5039,0.4203,-1.199,0.2305,0.8339
Slc25a1,Slc25a1,2225.1696,0.172,0.1445,1.1901,0.234,0.8354
Slc25a10,Slc25a10,1351.7882,-0.1709,0.1396,-1.2245,0.2208,0.8307
Slc25a11,Slc25a11,3294.9549,0.0229,0.0762,0.3006,0.7637,0.97
Slc25a12,Slc25a12,2564.2223,-0.1209,0.1077,-1.1222,0.2618,0.853
Slc25a13,Slc25a13,64.2392,-0.0897,0.2274,-0.3944,0.6933,0.9623
Slc25a14,Slc25a14,306.1233,0.2075,0.1269,1.6349,0.1021,0.7679
Slc25a15,Slc25a15,407.2702,-0.0336,0.0846,-0.3977,0.6908,0.9623
Slc25a16,Slc25a16,1205.0775,-0.0217,0.1462,-0.1487,0.8818,0.9824
Slc25a17,Slc25a17,5211.6797,-0.0771,0.0817,-0.9438,0.3453,0.8812
Slc25a18,Slc25a18,3.7575,0.3177,0.7311,0.4345,0.6639,0.9561
Slc25a19,Slc25a19,437.1235,0.1611,0.1248,1.2908,0.1968,0.8209
Slc25a2,Slc25a2,3.1465,1.1971,0.8879,1.3482,0.1776,0.812
Slc25a20,Slc25a20,1154.7127,0.089,0.0695,1.2799,0.2006,0.8252
Slc25a22,Slc25a22,543.1231,-0.0347,0.1042,-0.3332,0.739,0.9694
Slc25a23,Slc25a23,249.6225,0.0988,0.1464,0.6751,0.4996,0.9181
Slc25a24,Slc25a24,4815.5793,-0.1758,0.0998,-1.7619,0.0781,0.7572
Slc25a25,Slc25a25,627.2384,0.0153,0.1084,0.1415,0.8875,0.9833
Slc25a26,Slc25a26,174.3639,0.1125,0.192,0.586,0.5579,0.9292
Slc25a27,Slc25a27,321.4711,0.2343,0.247,0.9486,0.3428,0.8793
Slc25a28,Slc25a28,522.8442,0.0654,0.1047,0.6246,0.5322,0.9252
Slc25a29,Slc25a29,881.1263,0.4125,0.2102,1.9622,0.0497,0.7364
Slc25a3,Slc25a3,18904.1075,0.0209,0.0751,0.2781,0.7809,0.97
Slc25a30,Slc25a30,1059.9798,0.1445,0.1509,0.9574,0.3384,0.879
Slc25a32,Slc25a32,652.0508,-0.2417,0.1554,-1.5551,0.1199,0.7753
Slc25a33,Slc25a33,398.6321,0.5008,0.2884,1.7366,0.0825,0.7572
Slc25a34,Slc25a34,5.2195,-0.4761,0.6201,-0.7678,0.4426,0.9118
Slc25a35,Slc25a35,117.3982,0.158,0.1643,0.9618,0.3361,0.8778
Slc25a36,Slc25a36,1296.5504,-0.0421,0.1928,-0.2181,0.8273,0.9767
Slc25a37,Slc25a37,5880.9728,0.4575,0.2772,1.6502,0.0989,0.7669
Slc25a38,Slc25a38,406.0232,0.1511,0.1235,1.2232,0.2212,0.8307
Slc25a39,Slc25a39,3336.6579,0.146,0.1045,1.3971,0.1624,0.8037
Slc25a4,Slc25a4,12928.1465,-0.0451,0.0766,-0.5891,0.5558,0.929
Slc25a40,Slc25a40,621.3428,-0.1454,0.1232,-1.1799,0.238,0.8384
Slc25a42,Slc25a42,266.1541,0.0352,0.137,0.2567,0.7974,0.9715
Slc25a43,Slc25a43,76.943,0.0474,0.1687,0.2807,0.7789,0.97
Slc25a44,Slc25a44,1567.5663,0.1542,0.0913,1.689,0.0912,0.7643
Slc25a45,Slc25a45,274.9963,0.2444,0.1468,1.6647,0.096,0.7664
Slc25a46,Slc25a46,2504.9588,-0.074,0.1294,-0.5718,0.5675,0.9312
Slc25a47,Slc25a47,58.6812,0.2119,0.2736,0.7744,0.4387,0.9106
Slc25a5,Slc25a5,13001.0996,-0.0627,0.0807,-0.777,0.4372,0.9098
Slc25a51,Slc25a51,3309.6057,0.0802,0.0691,1.1607,0.2458,0.8422
Slc25a53,Slc25a53,59.2714,-0.1685,0.2085,-0.8081,0.419,0.9047
Slc25a54,Slc25a54,3.7743,0.3431,0.9693,0.3539,0.7234,0.9688
Slc26a1,Slc26a1,5.6448,0.3096,0.6576,0.4708,0.6378,0.9487
Slc26a10,Slc26a10,17.7674,-0.1637,0.423,-0.3869,0.6988,0.9635
Slc26a11,Slc26a11,215.4973,0.3113,0.1913,1.6273,0.1037,0.7679
Slc26a2,Slc26a2,354.7201,-0.2481,0.2514,-0.9867,0.3238,0.8734
Slc26a4,Slc26a4,3.9726,0.5464,0.8324,0.6564,0.5116,0.9195
Slc26a6,Slc26a6,152.6153,0.2455,0.147,1.67,0.0949,0.7643
Slc26a7,Slc26a7,4.4134,0.0023,0.7775,0.003,0.9976,1
Slc26a8,Slc26a8,3.3638,-0.4363,0.8169,-0.5341,0.5933,0.9385
Slc27a1,Slc27a1,3904.7205,0.7081,0.3306,2.1416,0.0322,0.732
Slc27a2,Slc27a2,1.5784,0.4065,1.3188,0.3082,0.7579,0.9694
Slc27a3,Slc27a3,405.5698,0.0697,0.221,0.3153,0.7525,0.9694
Slc27a4,Slc27a4,2024.952,0.2235,0.0994,2.2485,0.0245,0.732
Slc27a5,Slc27a5,1.9845,1.0655,1.0422,1.0223,0.3066,0.8653
Slc28a1,Slc28a1,0.6308,0.0045,1.9003,0.0024,0.9981,1
Slc28a2,Slc28a2,0.7265,0.6064,1.9663,0.3084,0.7578,0.9694
Slc29a1,Slc29a1,16789.2524,-0.0773,0.1213,-0.6371,0.524,0.9223
Slc29a2,Slc29a2,295.9421,-0.0612,0.1232,-0.4971,0.6191,0.9434
Slc29a3,Slc29a3,1208.9261,0.2499,0.1567,1.5951,0.1107,0.7736
Slc29a4,Slc29a4,0.5235,0.0715,2.0349,0.0352,0.972,0.999
Slc2a1,Slc2a1,7209.927,0.9068,0.4319,2.0995,0.0358,0.732
Slc2a10,Slc2a10,191.4637,-0.1824,0.1985,-0.9187,0.3582,0.8858
Slc2a12,Slc2a12,11.4148,-0.1882,0.5007,-0.3759,0.707,0.9657
Slc2a13,Slc2a13,188.6633,-0.3817,0.2487,-1.5344,0.1249,0.7753
Slc2a3,Slc2a3,151.6324,0.4477,0.322,1.3902,0.1645,0.8037
Slc2a4,Slc2a4,25.5903,-0.6601,0.5753,-1.1474,0.2512,0.8443
Slc2a4rg-ps,Slc2a4rg-ps,90.7811,0.1794,0.1996,0.8985,0.3689,0.8923
Slc2a5,Slc2a5,3.0314,-0.3204,0.8173,-0.3919,0.6951,0.9623
Slc2a6,Slc2a6,823.6826,-0.0746,0.243,-0.307,0.7588,0.9694
Slc2a8,Slc2a8,522.0453,0.2577,0.1232,2.0915,0.0365,0.732
Slc2a9,Slc2a9,70.8833,-0.0958,0.2287,-0.4189,0.6753,0.9598
Slc30a1,Slc30a1,517.4508,0.0897,0.1484,0.6047,0.5454,0.9286
Slc30a2,Slc30a2,4.4173,-0.6267,0.7935,-0.7898,0.4297,0.9079
Slc30a3,Slc30a3,22.2176,-0.4164,0.4399,-0.9465,0.3439,0.8802
Slc30a4,Slc30a4,3965.2972,0.1556,0.1815,0.8574,0.3912,0.8983
Slc30a5,Slc30a5,2796.6432,0.0823,0.0856,0.9618,0.3362,0.8778
Slc30a6,Slc30a6,869.5803,0.12,0.1082,1.1085,0.2676,0.8562
Slc30a7,Slc30a7,2291.2582,-0.1236,0.1422,-0.8691,0.3848,0.8941
Slc30a9,Slc30a9,4249.6751,0.069,0.0705,0.9789,0.3276,0.8756
Slc31a1,Slc31a1,3441.822,0.0738,0.0699,1.0551,0.2914,0.8606
Slc31a2,Slc31a2,669.2062,0.2151,0.1956,1.0995,0.2716,0.8588
Slc33a1,Slc33a1,2595.2556,0.1706,0.1206,1.4144,0.1573,0.8015
Slc34a1,Slc34a1,0.6346,-0.8446,2.322,-0.3638,0.716,0.9662
Slc35a1,Slc35a1,1845.0617,-0.0463,0.0754,-0.6134,0.5396,0.9281
Slc35a2,Slc35a2,1374.2566,0.0081,0.064,0.1263,0.8995,0.9856
Slc35a3,Slc35a3,985.471,-0.0373,0.1954,-0.1908,0.8487,0.9781
Slc35a4,Slc35a4,2832.4056,-0.023,0.0721,-0.319,0.7497,0.9694
Slc35a5,Slc35a5,866.2519,-0.0727,0.1431,-0.5078,0.6116,0.942
Slc35b1,Slc35b1,3033.7576,0.3308,0.1631,2.0289,0.0425,0.7364
Slc35b2,Slc35b2,2940.3943,0.0587,0.0966,0.6073,0.5436,0.9283
Slc35b3,Slc35b3,507.0019,-0.014,0.0885,-0.1584,0.8741,0.9819
Slc35b4,Slc35b4,2213.1006,0.1483,0.1035,1.4332,0.1518,0.7971
Slc35c1,Slc35c1,680.8945,0.153,0.0759,2.0164,0.0438,0.7364
Slc35c2,Slc35c2,1682.3566,0.3981,0.185,2.1519,0.0314,0.732
Slc35d1,Slc35d1,332.5223,-0.0096,0.0912,-0.1048,0.9166,0.9879
Slc35d2,Slc35d2,301.5926,0.1356,0.1303,1.0405,0.2981,0.8608
Slc35e1,Slc35e1,3096.0863,-0.0251,0.0787,-0.319,0.7497,0.9694
Slc35e2,Slc35e2,689.7938,-0.1081,0.1202,-0.8992,0.3685,0.892
Slc35e3,Slc35e3,1492.4323,0.1566,0.1455,1.076,0.2819,0.8606
Slc35e4,Slc35e4,2452.7142,0.1086,0.071,1.53,0.126,0.7753
Slc35f1,Slc35f1,0.7265,1.7288,1.6677,1.0367,0.2999,0.8612
Slc35f2,Slc35f2,1.3625,-1.0455,1.2938,-0.8081,0.4191,0.9047
Slc35f3,Slc35f3,0.6317,-0.8882,1.6727,-0.531,0.5954,0.9386
Slc35f5,Slc35f5,3332.7469,0.3503,0.1995,1.7561,0.0791,0.7572
Slc35f6,Slc35f6,2040.9751,0.1882,0.1434,1.3122,0.1895,0.8161
Slc35g1,Slc35g1,15.9949,-0.1184,0.3715,-0.3188,0.7499,0.9694
Slc35g2,Slc35g2,13.1174,-0.1025,0.3808,-0.2692,0.7878,0.97
Slc35g3,Slc35g3,3.5821,-0.2618,1.1518,-0.2273,0.8202,0.9758
Slc36a1,Slc36a1,786.5453,0.2088,0.092,2.2704,0.0232,0.732
Slc36a2,Slc36a2,31.556,0.6228,0.264,2.359,0.0183,0.732
Slc36a4,Slc36a4,352.8676,-0.0992,0.1407,-0.7049,0.4809,0.9168
Slc37a1,Slc37a1,6.7241,0.1774,0.5895,0.301,0.7634,0.97
Slc37a2,Slc37a2,278.6322,0.1022,0.1883,0.5426,0.5874,0.9355
Slc37a3,Slc37a3,1915.4321,0.2182,0.1362,1.6015,0.1093,0.7736
Slc37a4,Slc37a4,600.7629,0.286,0.1266,2.2592,0.0239,0.732
Slc38a1,Slc38a1,2770.516,0.2334,0.1804,1.2939,0.1957,0.8204
Slc38a10,Slc38a10,8653.6082,-0.2381,0.1174,-2.0279,0.0426,0.7364
Slc38a2,Slc38a2,20410.6016,0.07,0.1235,0.567,0.5707,0.9319
Slc38a3,Slc38a3,3.0173,-0.1933,0.836,-0.2313,0.8171,0.975
Slc38a4,Slc38a4,17.4488,-0.2588,0.5202,-0.4976,0.6188,0.9433
Slc38a5,Slc38a5,0.623,0.4383,1.9611,0.2235,0.8231,0.9766
Slc38a6,Slc38a6,690.443,-0.2635,0.1669,-1.5786,0.1144,0.7749
Slc38a7,Slc38a7,3298.3969,0.63,0.3201,1.9679,0.0491,0.7364
Slc38a9,Slc38a9,691.3755,0.0293,0.1284,0.228,0.8197,0.9758
Slc39a1,Slc39a1,6366.8749,0.1418,0.1066,1.3299,0.1835,0.8131
Slc39a10,Slc39a10,675.4267,-0.1152,0.1759,-0.655,0.5125,0.9197
Slc39a11,Slc39a11,878.7821,0.2599,0.1579,1.6455,0.0999,0.7669
Slc39a12,Slc39a12,1.5654,0.2121,1.5331,0.1384,0.89,0.9837
Slc39a13,Slc39a13,4162.1184,0.0837,0.0771,1.0868,0.2771,0.8588
Slc39a14,Slc39a14,6497.9554,0.5348,0.3266,1.6375,0.1015,0.7679
Slc39a2,Slc39a2,5.8713,-0.1183,0.6267,-0.1887,0.8503,0.9784
Slc39a3,Slc39a3,1109.1481,0.2216,0.103,2.1522,0.0314,0.732
Slc39a4,Slc39a4,5.6713,0.1311,0.9348,0.1403,0.8885,0.9833
Slc39a5,Slc39a5,7.0913,-0.0386,0.6845,-0.0565,0.955,0.9953
Slc39a6,Slc39a6,4214.1919,0.4182,0.2369,1.7657,0.0775,0.7572
Slc39a7,Slc39a7,11157.6248,0.2351,0.1309,1.7959,0.0725,0.752
Slc39a8,Slc39a8,188.0042,0.4484,0.2295,1.9535,0.0508,0.7364
Slc39a9,Slc39a9,2992.3084,0.0493,0.0669,0.7364,0.4615,0.9146
Slc3a1,Slc3a1,1.7912,0.1662,1.1613,0.1431,0.8862,0.9833
Slc3a2,Slc3a2,9295.1765,0.859,0.4383,1.9598,0.05,0.7364
Slc40a1,Slc40a1,650.2277,-0.0728,0.2794,-0.2604,0.7945,0.971
Slc41a1,Slc41a1,1924.987,0.2796,0.1806,1.548,0.1216,0.7753
Slc41a2,Slc41a2,1520.113,0.233,0.1452,1.6046,0.1086,0.7736
Slc41a3,Slc41a3,283.9536,0.0875,0.1188,0.7366,0.4613,0.9146
Slc43a1,Slc43a1,596.8863,0.1828,0.1585,1.1534,0.2487,0.8438
Slc43a2,Slc43a2,1497.6974,-0.258,0.2103,-1.2266,0.22,0.8302
Slc43a3,Slc43a3,1211.6893,-0.3104,0.094,-3.3029,0.001,0.5459
Slc44a1,Slc44a1,4594.9449,-0.0656,0.0929,-0.7059,0.4802,0.9168
Slc44a2,Slc44a2,17846.6002,0.1474,0.1,1.4743,0.1404,0.7903
Slc44a3,Slc44a3,8.4988,0.2696,0.4778,0.5644,0.5725,0.9324
Slc44a4,Slc44a4,232.7385,0.2363,0.2181,1.0832,0.2787,0.8588
Slc44a5,Slc44a5,15.3487,0.4558,0.5848,0.7795,0.4357,0.9091
Slc45a2,Slc45a2,0.9428,-0.0561,1.6334,-0.0344,0.9726,0.999
Slc45a3,Slc45a3,38.5269,0.3109,0.3092,1.0054,0.3147,0.8692
Slc45a4,Slc45a4,1758.8522,0.0895,0.0744,1.203,0.229,0.8326
Slc46a1,Slc46a1,438.9977,0.3516,0.1518,2.3159,0.0206,0.732
Slc46a3,Slc46a3,100.776,0.3584,0.1603,2.2368,0.0253,0.732
Slc47a1,Slc47a1,1.1442,1.6374,1.5674,1.0446,0.2962,0.8607
Slc47a2,Slc47a2,2.3881,0.4275,1.0129,0.4221,0.6729,0.9586
Slc48a1,Slc48a1,7289.5861,0.7052,0.3376,2.0887,0.0367,0.732
Slc4a10,Slc4a10,0.4208,1.1795,2.4227,0.4869,0.6264,0.9451
Slc4a11,Slc4a11,86.7771,0.2993,0.1776,1.6857,0.0919,0.7643
Slc4a1ap,Slc4a1ap,1235.0771,-0.0418,0.0706,-0.5916,0.5541,0.929
Slc4a2,Slc4a2,4683.4626,0.1452,0.1122,1.294,0.1957,0.8204
Slc4a3,Slc4a3,1315.8448,-0.15,0.2252,-0.6658,0.5055,0.9188
Slc4a4,Slc4a4,76.1121,-0.5793,0.5071,-1.1423,0.2533,0.8453
Slc4a5,Slc4a5,2.5047,0.1936,0.8826,0.2193,0.8264,0.9766
Slc4a7,Slc4a7,2690.7684,-0.1712,0.2688,-0.6368,0.5242,0.9223
Slc4a8,Slc4a8,595.8468,0.3848,0.2906,1.3242,0.1854,0.8161
Slc50a1,Slc50a1,1009.0354,0.1753,0.1466,1.1956,0.2319,0.8353
Slc51a,Slc51a,2.5137,-0.7081,0.8608,-0.8226,0.4107,0.9033
Slc51b,Slc51b,3.0264,0.1483,0.895,0.1656,0.8684,0.9818
Slc52a2,Slc52a2,745.0594,0.1469,0.1129,1.301,0.1933,0.8197
Slc52a3,Slc52a3,1.7805,-0.5588,1.0085,-0.554,0.5796,0.9352
Slc5a10,Slc5a10,0.5266,0.4956,2.3783,0.2084,0.8349,0.9774
Slc5a11,Slc5a11,0.4219,-1.1702,2.4222,-0.4831,0.629,0.9451
Slc5a2,Slc5a2,1.147,0.8227,1.5816,0.5202,0.6029,0.941
Slc5a3,Slc5a3,1524.3677,0.0908,0.2011,0.4515,0.6516,0.9544
Slc5a5,Slc5a5,146.0943,-0.2475,0.3615,-0.6847,0.4935,0.9181
Slc5a6,Slc5a6,436.3904,0.1386,0.0933,1.4851,0.1375,0.7871
Slc5a7,Slc5a7,70.8316,-0.4006,0.3154,-1.2702,0.204,0.8262
Slc5a8,Slc5a8,1.2516,1.9285,1.4045,1.373,0.1697,0.8054
Slc6a12,Slc6a12,1.1487,1.1556,1.8575,0.6221,0.5339,0.9258
Slc6a13,Slc6a13,1.2582,0.1574,1.2991,0.1212,0.9036,0.9863
Slc6a15,Slc6a15,1.0458,-1.0573,1.5181,-0.6965,0.4861,0.9168
Slc6a17,Slc6a17,626.3172,0.4784,0.2674,1.7892,0.0736,0.752
Slc6a19,Slc6a19,43.1347,0.2872,0.2352,1.2211,0.222,0.8307
Slc6a2,Slc6a2,344.4829,0.0868,0.1446,0.6003,0.5483,0.9289
Slc6a20b,Slc6a20b,0.4138,-0.7714,2.4833,-0.3106,0.7561,0.9694
Slc6a4,Slc6a4,0.4138,0.6982,2.4245,0.288,0.7734,0.97
Slc6a6,Slc6a6,27516.3072,-0.0111,0.1344,-0.0827,0.9341,0.9923
Slc6a7,Slc6a7,122.0323,-0.6976,0.3219,-2.1671,0.0302,0.732
Slc6a8,Slc6a8,6683.2653,0.4644,0.2327,1.9961,0.0459,0.7364
Slc6a9,Slc6a9,2111.513,0.8699,0.4015,2.1667,0.0303,0.732
Slc7a1,Slc7a1,2815.3568,0.2739,0.2056,1.3323,0.1828,0.8131
Slc7a11,Slc7a11,1853.0771,0.1768,0.4895,0.3611,0.718,0.967
Slc7a15,Slc7a15,3.0324,0.7911,0.8488,0.932,0.3513,0.8839
Slc7a2,Slc7a2,6502.8412,-0.114,0.1893,-0.6023,0.547,0.9289
Slc7a3,Slc7a3,14.7689,0.0638,0.4918,0.1297,0.8968,0.9854
Slc7a4,Slc7a4,160.0737,0.7652,0.3139,2.4377,0.0148,0.732
Slc7a5,Slc7a5,6408.0664,0.3801,0.1347,2.8223,0.0048,0.732
Slc7a6,Slc7a6,2011.3828,-0.0967,0.0564,-1.7145,0.0864,0.7639
Slc7a6os,Slc7a6os,928.0557,-0.0538,0.0783,-0.6878,0.4916,0.9181
Slc7a7,Slc7a7,125.7581,-0.2078,0.1762,-1.1797,0.2381,0.8386
Slc7a8,Slc7a8,1.1435,-0.5526,1.4996,-0.3685,0.7125,0.9662
Slc8a1,Slc8a1,1514.3271,-0.0347,0.1537,-0.226,0.8212,0.9761
Slc8a2,Slc8a2,1.4736,0.4025,1.221,0.3296,0.7417,0.9694
Slc8a3,Slc8a3,9.8796,-0.0146,0.4913,-0.0298,0.9763,0.9992
Slc8b1,Slc8b1,1417.0256,0.3216,0.1412,2.2777,0.0227,0.732
Slc9a1,Slc9a1,2518.365,0.0985,0.1061,0.9284,0.3532,0.8839
Slc9a2,Slc9a2,487.8959,0.2405,0.1354,1.7756,0.0758,0.7553
Slc9a3r1,Slc9a3r1,872.2385,0.3644,0.2292,1.5902,0.1118,0.7736
Slc9a3r2,Slc9a3r2,908.8709,-0.0916,0.1434,-0.6388,0.523,0.9223
Slc9a4,Slc9a4,24.1729,0.1942,0.2856,0.6801,0.4964,0.9181
Slc9a5,Slc9a5,507.6222,-0.2715,0.1389,-1.9547,0.0506,0.7364
Slc9a6,Slc9a6,1363.1015,0.0797,0.0748,1.0658,0.2865,0.8606
Slc9a7,Slc9a7,10.5742,-0.3224,0.4627,-0.6966,0.486,0.9168
Slc9a8,Slc9a8,1608.6027,0.2158,0.122,1.7693,0.0768,0.7572
Slc9a9,Slc9a9,2632.8966,0.0735,0.1357,0.5421,0.5877,0.9355
Slc9b1,Slc9b1,1.6755,-0.395,1.0198,-0.3873,0.6985,0.9635
Slc9b2,Slc9b2,23.1209,-0.0974,0.2936,-0.3319,0.74,0.9694
Slco1a5,Slco1a5,18.0866,-1.0101,0.3619,-2.791,0.0053,0.732
Slco1b2,Slco1b2,0.9508,-0.9468,1.5697,-0.6032,0.5464,0.9289
Slco2a1,Slco2a1,9.0786,0.7015,0.6042,1.1611,0.2456,0.8421
Slco2b1,Slco2b1,8.4412,-0.8539,0.6109,-1.3978,0.1622,0.8037
Slco3a1,Slco3a1,1904.5084,0.0811,0.1095,0.7406,0.4589,0.914
Slco4a1,Slco4a1,34.403,1.3882,1.4393,0.9645,0.3348,0.8778
Slco5a1,Slco5a1,196.9833,-0.4333,0.4032,-1.0746,0.2825,0.8606
SlcUbl4a,SlcUbl4a,2.2921,-0.0889,1.0225,-0.087,0.9307,0.9918
Slfn10-ps,Slfn10-ps,1.3716,-2.1279,1.5415,-1.3804,0.1675,0.8045
Slfn14,Slfn14,0.4201,1.1774,2.423,0.4859,0.627,0.9451
Slfn2,Slfn2,15.5394,1.3222,1.0958,1.2066,0.2276,0.8325
Slfn3,Slfn3,3.7901,-0.7165,0.9057,-0.7911,0.4289,0.9077
Slfn4,Slfn4,1.3583,-0.2453,1.1942,-0.2054,0.8373,0.9774
Slfn5,Slfn5,38.3976,-0.0906,0.2506,-0.3613,0.7179,0.9668
Slfn5os,Slfn5os,1.7865,0.1836,1.3999,0.1312,0.8956,0.9851
Slfn8,Slfn8,2.9219,-0.3112,0.8826,-0.3526,0.7244,0.9689
Slfn9,Slfn9,47.963,-0.7444,0.329,-2.2625,0.0237,0.732
Slirp,Slirp,628.1632,-0.0461,0.2614,-0.1765,0.8599,0.98
Slit1,Slit1,14.3425,0.3739,0.3801,0.9837,0.3252,0.8747
Slit2,Slit2,2803.7937,-0.0191,0.2567,-0.0744,0.9407,0.9923
Slit3,Slit3,0.6241,0.434,1.9616,0.2213,0.8249,0.9766
Slitrk1,Slitrk1,0.5157,0.7794,2.3731,0.3284,0.7426,0.9694
Slitrk4,Slitrk4,1.0561,-0.5692,1.5019,-0.379,0.7047,0.9646
Slitrk5,Slitrk5,0.4218,0.0065,2.0626,0.0032,0.9975,1
Slk,Slk,2821.5044,-0.0791,0.2345,-0.3376,0.7357,0.9694
Slmap,Slmap,2536.5671,0.0039,0.1796,0.0219,0.9826,1
Slmo1,Slmo1,93.5919,0.1313,0.1515,0.8666,0.3862,0.8952
Slmo2,Slmo2,2822.3623,-0.1434,0.0963,-1.4881,0.1367,0.787
Slpi,Slpi,1335.7753,1.4934,1.1418,1.3079,0.1909,0.8163
Sltm,Sltm,1166.1799,-0.0779,0.2179,-0.3575,0.7207,0.9678
Slu7,Slu7,2290.7507,0.0957,0.092,1.04,0.2983,0.8608
Slurp1,Slurp1,2.3042,1.5602,1.1325,1.3777,0.1683,0.8046
Slx1b,Slx1b,281.2919,0.0748,0.1367,0.5468,0.5845,0.9355
Slx4,Slx4,968.0615,-0.1634,0.0695,-2.3496,0.0188,0.732
Slx4ip,Slx4ip,150.466,-0.0273,0.1973,-0.1382,0.8901,0.9837
Smad1,Smad1,2246.192,-0.0065,0.0714,-0.0907,0.9277,0.9911
Smad2,Smad2,2172.1199,-0.0516,0.0676,-0.7625,0.4457,0.912
Smad3,Smad3,3746.6382,-0.1266,0.1383,-0.915,0.3602,0.8868
Smad4,Smad4,3267.6118,0.0473,0.0873,0.5423,0.5876,0.9355
Smad5,Smad5,4185.0271,-0.1561,0.1191,-1.3113,0.1897,0.8161
Smad6,Smad6,352.1936,-0.0542,0.1012,-0.5357,0.5921,0.9384
Smad7,Smad7,609.8272,-0.1473,0.1453,-1.0139,0.3106,0.8677
Smad9,Smad9,162.5311,0.1739,0.2901,0.5994,0.5489,0.929
Smagp,Smagp,10.4758,-0.4806,0.5226,-0.9197,0.3577,0.8858
Smap1,Smap1,966.4726,-0.0279,0.0778,-0.3586,0.7199,0.9674
Smap2,Smap2,1990.4818,-0.0049,0.0618,-0.0787,0.9372,0.9923
Smarca2,Smarca2,1569.2626,-0.1729,0.1243,-1.3914,0.1641,0.8037
Smarca4,Smarca4,6324.186,-0.1268,0.0841,-1.5076,0.1317,0.7771
Smarca5,Smarca5,5782.0072,-0.242,0.2404,-1.0066,0.3141,0.8692
Smarca5-ps,Smarca5-ps,7.2054,-0.2281,0.5085,-0.4486,0.6537,0.9548
Smarcad1,Smarcad1,856.8429,-0.0841,0.2085,-0.4036,0.6865,0.9623
Smarcal1,Smarcal1,1729.9438,0.0467,0.0815,0.5736,0.5662,0.9302
Smarcb1,Smarcb1,3883.0266,0.0113,0.097,0.1168,0.907,0.987
Smarcc1,Smarcc1,4032.707,-0.2419,0.1322,-1.8305,0.0672,0.7457
Smarcc2,Smarcc2,5612.0327,-0.0032,0.0612,-0.052,0.9585,0.9964
Smarcd1,Smarcd1,1224.2616,-0.0314,0.0739,-0.4251,0.6707,0.9578
Smarcd2,Smarcd2,2000.9101,-0.0098,0.0829,-0.1181,0.906,0.9867
Smarcd3,Smarcd3,2178.1237,-0.1177,0.1444,-0.8152,0.415,0.9033
Smarce1,Smarce1,5181.4433,-0.0936,0.0725,-1.2913,0.1966,0.8209
Smc1a,Smc1a,3655.2034,-0.3599,0.2525,-1.4254,0.154,0.7998
Smc1b,Smc1b,1.7713,-0.1982,1.125,-0.1762,0.8601,0.98
Smc2,Smc2,861.3987,-0.631,0.3902,-1.617,0.1059,0.7713
Smc2os,Smc2os,2.6216,0.3029,0.9315,0.3252,0.7451,0.9694
Smc3,Smc3,1273.4388,-0.1166,0.1979,-0.5888,0.556,0.929
Smc4,Smc4,1047.3549,-0.3021,0.2037,-1.4829,0.1381,0.7886
Smc5,Smc5,1163.7216,-0.1114,0.2128,-0.5233,0.6008,0.9406
Smc6,Smc6,1184.7923,0.0091,0.1502,0.0608,0.9515,0.994
Smchd1,Smchd1,1945.9937,-0.2406,0.2179,-1.104,0.2696,0.8588
Smco3,Smco3,81.1083,0.3471,0.5257,0.6602,0.5091,0.9195
Smco4,Smco4,246.7506,-0.0205,0.1071,-0.1917,0.848,0.978
Smcr8,Smcr8,2469.4236,0.1565,0.1004,1.5592,0.1189,0.7753
Smdt1,Smdt1,2197.5314,-0.0537,0.1102,-0.4875,0.6259,0.9451
Smek1,Smek1,1542.9842,-0.2067,0.2231,-0.9268,0.354,0.8847
Smek2,Smek2,1233.5521,0.0032,0.175,0.0181,0.9855,1
Smg1,Smg1,3170.6995,-0.0806,0.2185,-0.3688,0.7123,0.9662
Smg5,Smg5,3537.0782,-0.0385,0.0562,-0.6864,0.4924,0.9181
Smg6,Smg6,2588.9547,-0.1874,0.1296,-1.4464,0.1481,0.7958
Smg7,Smg7,2352.1289,-0.0658,0.0806,-0.8166,0.4142,0.9033
Smg8,Smg8,1510.0572,0.0754,0.06,1.2562,0.209,0.8265
Smg9,Smg9,498.3747,0.146,0.1545,0.945,0.3447,0.8808
Smim1,Smim1,110.0879,0.0958,0.1804,0.5307,0.5956,0.9387
Smim10l1,Smim10l1,1515.6808,0.1247,0.1612,0.7733,0.4393,0.9109
Smim10l2a,Smim10l2a,2.6184,0.2734,0.8978,0.3046,0.7607,0.97
Smim11,Smim11,799.2218,-0.0768,0.1106,-0.6946,0.4873,0.9168
Smim12,Smim12,654.7055,0.0811,0.1074,0.7557,0.4498,0.912
Smim13,Smim13,1786.512,-0.0269,0.0991,-0.2717,0.7858,0.97
Smim14,Smim14,3746.7989,0.3581,0.1757,2.0378,0.0416,0.732
Smim15,Smim15,1642.1089,-0.1211,0.164,-0.7379,0.4606,0.9142
Smim19,Smim19,952.5123,0.18,0.1264,1.424,0.1545,0.8001
Smim20,Smim20,385.0962,0.0591,0.1194,0.4953,0.6204,0.9436
Smim22,Smim22,7.9666,0.0038,0.5314,0.0071,0.9943,1
Smim24,Smim24,1.1539,-0.0831,1.3666,-0.0608,0.9515,0.994
Smim3,Smim3,1164.3854,0.0358,0.1107,0.3231,0.7466,0.9694
Smim4,Smim4,205.5568,-0.0926,0.1343,-0.6896,0.4904,0.9181
Smim5,Smim5,153.3005,-0.7307,0.4295,-1.7013,0.0889,0.764
Smim6,Smim6,26.5689,-0.8442,0.4954,-1.7041,0.0884,0.764
Smim7,Smim7,4459.8124,-0.022,0.0869,-0.2532,0.8001,0.9719
Smim8,Smim8,342.2344,0.0952,0.0922,1.0324,0.3019,0.8615
Smkr-ps,Smkr-ps,0.9443,-0.5421,1.6512,-0.3283,0.7427,0.9694
Smn1,Smn1,1020.1004,-0.0949,0.0877,-1.0821,0.2792,0.8595
Smndc1,Smndc1,2175.8749,-0.0416,0.0716,-0.5813,0.561,0.9294
Smo,Smo,3883.19,0.0539,0.0797,0.6757,0.4993,0.9181
Smoc1,Smoc1,68.9769,-0.4013,0.3007,-1.3348,0.182,0.8131
Smoc2,Smoc2,969.2738,-0.6202,0.3288,-1.8864,0.0592,0.7456
Smox,Smox,1134.6192,0.0741,0.0942,0.7869,0.4313,0.9081
Smpd1,Smpd1,2597.5152,0.1521,0.0969,1.5688,0.1167,0.7753
Smpd2,Smpd2,919.5328,0.1047,0.1138,0.9197,0.3577,0.8858
Smpd3,Smpd3,19.5961,-0.0592,0.3053,-0.194,0.8462,0.9777
Smpd4,Smpd4,1446.0213,-0.0059,0.0879,-0.0677,0.9461,0.9934
Smpd5,Smpd5,29.3078,-0.2177,0.309,-0.7043,0.4812,0.9168
Smpdl3a,Smpdl3a,592.5567,0.4184,0.2799,1.4947,0.135,0.7827
Smpdl3b,Smpdl3b,661.2222,-0.1815,0.117,-1.5515,0.1208,0.7753
Smpx,Smpx,1089.537,-0.4042,0.3565,-1.1338,0.2569,0.8478
Sms,Sms,2432.514,-0.07,0.0842,-0.8311,0.4059,0.9033
Smtn,Smtn,4707.6472,-0.1868,0.1478,-1.264,0.2062,0.8262
Smtnl1,Smtnl1,11.8188,0.1652,0.5106,0.3236,0.7463,0.9694
Smtnl2,Smtnl2,14.4935,0.2048,0.6425,0.3188,0.7499,0.9694
Smu1,Smu1,3810.2922,-0.0171,0.0777,-0.2195,0.8262,0.9766
Smug1,Smug1,1218.8285,0.0899,0.0906,0.9926,0.3209,0.8728
Smurf1,Smurf1,3756.8565,0.4512,0.2147,2.1013,0.0356,0.732
Smurf2,Smurf2,2928.5129,0.0063,0.1014,0.0618,0.9507,0.9939
Smyd1,Smyd1,2394.9291,-0.1555,0.2405,-0.6466,0.5179,0.9214
Smyd2,Smyd2,2345.7255,0.0852,0.132,0.6454,0.5187,0.9219
Smyd3,Smyd3,599.2707,0.2062,0.1006,2.0506,0.0403,0.732
Smyd4,Smyd4,815.211,-0.0632,0.0694,-0.9106,0.3625,0.8873
Smyd5,Smyd5,1277.2491,0.1046,0.0863,1.2114,0.2258,0.8321
Snai1,Snai1,1669.7453,-0.154,0.0805,-1.9141,0.0556,0.7377
Snai2,Snai2,1684.5461,-0.1288,0.1721,-0.7484,0.4542,0.9127
Snai3,Snai3,17.2151,-0.6701,0.6694,-1.0011,0.3168,0.8701
Snap23,Snap23,1973.3561,-0.148,0.1443,-1.0255,0.3051,0.8641
Snap29,Snap29,1605.1327,0.073,0.0934,0.7814,0.4345,0.9089
Snap47,Snap47,2778.4967,-0.0077,0.0993,-0.0772,0.9385,0.9923
Snap91,Snap91,1.1641,-0.2563,1.8581,-0.1379,0.8903,0.9837
Snapc1,Snapc1,606.6745,0.0543,0.1016,0.5346,0.5929,0.9385
Snapc2,Snapc2,1063.9597,0.1,0.1106,0.9041,0.366,0.8891
Snapc3,Snapc3,797.2138,-0.0989,0.129,-0.7662,0.4436,0.9118
Snapc4,Snapc4,626.6349,0.1824,0.153,1.1922,0.2332,0.8354
Snapc5,Snapc5,469.1285,0.0333,0.1284,0.2596,0.7952,0.9712
Snapin,Snapin,3205.4141,0.074,0.089,0.832,0.4054,0.9033
Sncaip,Sncaip,186.6934,-0.3586,0.2156,-1.6631,0.0963,0.7666
Sncg,Sncg,27.5025,-0.2508,0.3569,-0.7028,0.4822,0.9168
Snd1,Snd1,8783.2153,0.1685,0.0953,1.7672,0.0772,0.7572
Sned1,Sned1,102.6917,-0.3737,0.2692,-1.3881,0.1651,0.8037
Snf8,Snf8,1950.4353,-0.044,0.0853,-0.5162,0.6057,0.941
Snhg1,Snhg1,913.206,-0.0428,0.1631,-0.2623,0.7931,0.9703
Snhg10,Snhg10,17.6136,-0.1979,0.4107,-0.4818,0.6299,0.9451
Snhg11,Snhg11,8.2774,0.7539,0.5882,1.2818,0.1999,0.8249
Snhg12,Snhg12,818.0024,0.5689,0.4083,1.3933,0.1635,0.8037
Snhg14,Snhg14,22.6441,0.1177,0.3512,0.335,0.7377,0.9694
Snhg17,Snhg17,925.3321,0.0227,0.1313,0.1729,0.8627,0.9807
Snhg18,Snhg18,683.6602,0.1771,0.1368,1.2945,0.1955,0.8204
Snhg20,Snhg20,174.1371,0.0641,0.1947,0.3292,0.742,0.9694
Snhg3,Snhg3,306.7998,-0.117,0.175,-0.6684,0.5039,0.9188
Snhg4,Snhg4,316.335,-0.2008,0.2071,-0.9696,0.3322,0.8775
Snhg5,Snhg5,1640.0707,0.2445,0.2841,0.8605,0.3895,0.8974
Snhg6,Snhg6,241.0428,-0.0289,0.2178,-0.1328,0.8943,0.9846
Snhg7,Snhg7,140.0293,0.2769,0.3144,0.8807,0.3785,0.8935
Snhg8,Snhg8,793.6969,0.2208,0.2364,0.9339,0.3503,0.8839
Snhg9,Snhg9,0.5266,0.5009,1.9761,0.2535,0.7999,0.9719
Snip1,Snip1,1167.5613,-0.0063,0.0676,-0.093,0.9259,0.9905
Snn,Snn,1766.2951,-0.0517,0.0863,-0.5992,0.5491,0.929
Snora15,Snora15,1.36,-0.2484,1.1171,-0.2223,0.824,0.9766
Snora16a,Snora16a,32.2365,-0.1331,0.2826,-0.471,0.6376,0.9487
Snora17,Snora17,20.426,0.0108,0.5453,0.0198,0.9842,1
Snora20,Snora20,6.0456,-0.2246,0.6436,-0.3489,0.7272,0.9693
Snora21,Snora21,4.5985,0.1979,0.6924,0.2858,0.775,0.97
Snora23,Snora23,1.8892,-0.9044,1.1024,-0.8204,0.412,0.9033
Snora28,Snora28,29.1731,-0.459,0.4123,-1.1132,0.2656,0.8547
Snora2b,Snora2b,13.9036,-0.4049,0.3795,-1.0669,0.286,0.8606
Snora3,Snora3,30.7787,-0.1954,0.2813,-0.6948,0.4872,0.9168
Snora30,Snora30,1.1556,2.8195,1.4458,1.9502,0.0512,0.7364
Snora31,Snora31,43.2498,-0.0643,0.2369,-0.2715,0.786,0.97
Snora33,Snora33,25.4115,0.1386,0.3773,0.3673,0.7134,0.9662
Snora34,Snora34,14.8469,-0.2163,0.4686,-0.4617,0.6443,0.9518
Snora41,Snora41,28.1021,-0.2813,0.2665,-1.0554,0.2912,0.8606
Snora43,Snora43,15.9484,0.202,0.5951,0.3395,0.7342,0.9694
Snora44,Snora44,12.339,-0.2352,0.4194,-0.5607,0.575,0.9329
Snora47,Snora47,2.1042,-0.8228,1.462,-0.5628,0.5736,0.9327
Snora52,Snora52,12.4359,0.0185,0.4376,0.0423,0.9663,0.9984
Snora5c,Snora5c,9.2111,-0.6267,0.5665,-1.1062,0.2686,0.8575
Snora61,Snora61,17.8285,0.3661,0.3548,1.0316,0.3023,0.8615
Snora62,Snora62,5.1435,-0.3836,0.6925,-0.5539,0.5796,0.9352
Snora64,Snora64,34.8153,-0.0157,0.3165,-0.0495,0.9605,0.9969
Snora65,Snora65,88.4588,-0.1048,0.1535,-0.6828,0.4948,0.9181
Snora68,Snora68,6.826,0.3601,0.7001,0.5144,0.607,0.9411
Snora69,Snora69,9.31,0.2065,0.4776,0.4324,0.6655,0.9561
Snora70,Snora70,46.9645,-0.1083,0.2338,-0.4631,0.6433,0.9513
Snora74a,Snora74a,9.7452,0.0156,0.4377,0.0356,0.9716,0.999
Snora75,Snora75,4.6457,-0.1291,1.0187,-0.1267,0.8991,0.9856
Snora78,Snora78,2.5041,0.1908,0.8655,0.2204,0.8255,0.9766
Snora7a,Snora7a,40.9403,-0.2834,0.2327,-1.2179,0.2232,0.8307
Snora81,Snora81,38.6752,-0.5355,0.4357,-1.229,0.2191,0.8302
Snord100,Snord100,21.8875,-0.0661,0.3355,-0.1971,0.8438,0.9775
Snord104,Snord104,30.8877,-0.1835,0.2915,-0.6296,0.5289,0.9237
Snord111,Snord111,0.528,0.4855,2.3767,0.2043,0.8381,0.9775
Snord12,Snord12,39.0836,0.2134,0.2434,0.8767,0.3806,0.8935
Snord123,Snord123,7.4586,0.3329,0.8379,0.3972,0.6912,0.9623
Snord15a,Snord15a,1.0343,-0.5305,1.6442,-0.3226,0.747,0.9694
Snord15b,Snord15b,6.2775,-0.6245,0.5789,-1.0787,0.2807,0.8604
Snord16a,Snord16a,20.6368,-0.2417,0.4325,-0.5587,0.5763,0.9341
Snord17,Snord17,1.6691,-0.7055,1.0962,-0.6436,0.5199,0.9221
Snord19,Snord19,8.3459,-0.28,0.56,-0.5,0.6171,0.9428
Snord1b,Snord1b,1.6691,-1.4108,1.2477,-1.1307,0.2582,0.8483
Snord1c,Snord1c,5.7412,0.1224,0.7361,0.1663,0.8679,0.9818
Snord2,Snord2,15.0253,-0.1421,0.537,-0.2647,0.7913,0.9701
Snord22,Snord22,25.3509,-0.1836,0.307,-0.5982,0.5497,0.929
Snord23,Snord23,1.1598,-0.4128,1.5676,-0.2633,0.7923,0.9702
Snord32a,Snord32a,2.3992,0.6325,1.1145,0.5675,0.5704,0.9318
Snord34,Snord34,0.9403,-0.1286,1.5408,-0.0835,0.9335,0.9922
Snord35a,Snord35a,3.5712,-0.2507,0.8485,-0.2955,0.7676,0.97
Snord35b,Snord35b,1.6801,-0.2762,1.3077,-0.2112,0.8328,0.9774
Snord37,Snord37,1.5735,-0.8822,1.1261,-0.7834,0.4334,0.9089
Snord42a,Snord42a,2.6241,0.2261,1.1482,0.1969,0.8439,0.9775
Snord42b,Snord42b,15.4002,0.1237,0.3419,0.3619,0.7175,0.9666
Snord43,Snord43,6.7681,-0.3994,0.7121,-0.5609,0.5749,0.9329
Snord45b,Snord45b,14.1635,-0.2936,0.3879,-0.7568,0.4492,0.912
Snord47,Snord47,11.6392,-0.3932,0.4701,-0.8366,0.4028,0.9033
Snord49a,Snord49a,30.144,0.0286,0.2708,0.1057,0.9158,0.9877
Snord49b,Snord49b,5.7547,-0.4059,0.6164,-0.6584,0.5103,0.9195
Snord4a,Snord4a,17.841,-0.4525,0.3433,-1.3181,0.1875,0.8161
Snord52,Snord52,50.1898,-0.2546,0.2498,-1.0192,0.3081,0.8653
Snord53,Snord53,0.527,1.5724,1.8995,0.8278,0.4078,0.9033
Snord55,Snord55,10.8022,-0.4675,0.4225,-1.1064,0.2686,0.8575
Snord57,Snord57,0.5276,1.5741,1.8997,0.8286,0.4073,0.9033
Snord58b,Snord58b,11.0773,0.0662,0.4228,0.1565,0.8756,0.9819
Snord64,Snord64,0.6216,0.0049,2.0202,0.0024,0.9981,1
Snord65,Snord65,5.8618,0.0001,0.5918,0.0002,0.9998,1
Snord68,Snord68,1.5678,-1.2593,1.1949,-1.0539,0.2919,0.8606
Snord69,Snord69,15.6878,-0.0072,0.4045,-0.0178,0.9858,1
Snord70,Snord70,0.5244,0.068,2.0346,0.0334,0.9734,0.999
Snord71,Snord71,1.5629,0.4007,1.1033,0.3632,0.7165,0.9662
Snord72,Snord72,36.7224,0.0085,0.4019,0.021,0.9832,1
Snord73a,Snord73a,10.7322,-0.7973,0.5807,-1.373,0.1697,0.8054
Snord8,Snord8,1.2534,0.0046,1.2185,0.0038,0.997,1
Snord83b,Snord83b,12.8859,0.1601,0.4791,0.3341,0.7383,0.9694
Snord87,Snord87,5.1362,-0.5799,0.6694,-0.8662,0.3864,0.8952
Snord88a,Snord88a,0.8421,-2.1459,1.7287,-1.2413,0.2145,0.8265
Snord88c,Snord88c,4.1023,-0.2745,0.742,-0.3699,0.7114,0.9662
Snord89,Snord89,9.4124,0.1901,0.5154,0.3688,0.7123,0.9662
Snord91a,Snord91a,10.7264,-0.6274,0.5645,-1.1113,0.2664,0.8547
Snord93,Snord93,0.9384,-0.3955,1.4824,-0.2668,0.7896,0.97
Snord95,Snord95,23.3959,0.2101,0.3281,0.6405,0.5218,0.9223
Snord96a,Snord96a,241.6633,-0.0305,0.1424,-0.2144,0.8302,0.9774
Snord98,Snord98,1.7663,-0.3931,1.3422,-0.2928,0.7696,0.97
Snord99,Snord99,21.9146,0.0375,0.2924,0.1281,0.898,0.9854
Snph,Snph,0.3158,-0.6835,2.573,-0.2657,0.7905,0.97
Snrk,Snrk,1113.7041,-0.1066,0.0707,-1.5087,0.1314,0.7771
Snrnp200,Snrnp200,5883.3537,0.0778,0.0925,0.841,0.4003,0.9014
Snrnp25,Snrnp25,399.4149,0.0194,0.1011,0.1918,0.8479,0.978
Snrnp27,Snrnp27,1609.3377,-0.0099,0.094,-0.105,0.9164,0.9879
Snrnp35,Snrnp35,391.2941,0.0751,0.0961,0.7817,0.4344,0.9089
Snrnp40,Snrnp40,1473.7728,-0.186,0.114,-1.6309,0.1029,0.7679
Snrnp48,Snrnp48,419.6874,-0.2536,0.2055,-1.2336,0.2174,0.8299
Snrnp70,Snrnp70,5185.6881,-0.0511,0.0525,-0.9731,0.3305,0.8768
Snrpa,Snrpa,1644.2295,-0.1144,0.1097,-1.0421,0.2973,0.8608
Snrpa1,Snrpa1,1237.1354,-0.2392,0.1185,-2.0189,0.0435,0.7364
Snrpb,Snrpb,5180.2644,-0.0117,0.0982,-0.1193,0.905,0.9865
Snrpb2,Snrpb2,1867.1506,-0.1418,0.0902,-1.5724,0.1159,0.7753
Snrpc,Snrpc,2000.7713,-0.0961,0.1009,-0.9521,0.341,0.879
Snrpd1,Snrpd1,2232.4901,-0.2777,0.1245,-2.2301,0.0257,0.732
Snrpd2,Snrpd2,1860.5525,-0.1008,0.1134,-0.8892,0.3739,0.893
Snrpd3,Snrpd3,2650.8922,-0.0985,0.095,-1.0361,0.3001,0.8612
Snrpe,Snrpe,1976.3423,-0.1915,0.1218,-1.5721,0.1159,0.7753
Snrpg,Snrpg,1639.8259,0.0393,0.1143,0.3443,0.7306,0.9694
Snrpn,Snrpn,5.4319,-0.5794,0.5965,-0.9712,0.3314,0.8774
Snta1,Snta1,2083.9966,0.0922,0.0897,1.0279,0.304,0.8633
Sntb1,Sntb1,604.0475,-0.3587,0.284,-1.2629,0.2066,0.8262
Sntb2,Sntb2,818.2047,0.0287,0.15,0.1916,0.8481,0.978
Snupn,Snupn,453.8978,0.0286,0.0958,0.299,0.7649,0.97
Snw1,Snw1,7932.0957,0.0867,0.1202,0.7213,0.4707,0.9168
Snx1,Snx1,7676.5484,0.0966,0.0927,1.0426,0.2971,0.8608
Snx10,Snx10,802.1163,0.1584,0.1336,1.1858,0.2357,0.8369
Snx11,Snx11,1143.4546,0.0203,0.103,0.1967,0.8441,0.9775
Snx12,Snx12,2576.0081,0.0137,0.0835,0.1645,0.8693,0.9818
Snx13,Snx13,1816.3633,0.0102,0.2145,0.0474,0.9622,0.997
Snx14,Snx14,1411.7127,0.0048,0.0994,0.0487,0.9612,0.9969
Snx15,Snx15,813.9877,0.0458,0.0756,0.6058,0.5447,0.9285
Snx16,Snx16,444.4063,0.0223,0.1483,0.1507,0.8802,0.9823
Snx17,Snx17,4067.7272,0.0857,0.1038,0.8253,0.4092,0.9033
Snx18,Snx18,5927.9962,0.2993,0.1277,2.3431,0.0191,0.732
Snx19,Snx19,2099.6132,0.0664,0.0867,0.7652,0.4442,0.912
Snx2,Snx2,2674.2814,-0.0793,0.0793,-1.0006,0.317,0.8701
Snx20,Snx20,0.6246,-0.6964,2.3626,-0.2948,0.7682,0.97
Snx21,Snx21,863.1596,0.1294,0.08,1.6177,0.1057,0.7713
Snx22,Snx22,124.337,-0.6012,0.2537,-2.37,0.0178,0.732
Snx24,Snx24,1093.5362,-0.0018,0.1169,-0.0153,0.9878,1
Snx25,Snx25,1123.9119,0.1124,0.0959,1.1721,0.2411,0.84
Snx27,Snx27,2989.0911,-0.061,0.081,-0.7537,0.451,0.9121
Snx29,Snx29,164.0676,0.616,0.3351,1.8382,0.066,0.7457
Snx3,Snx3,5433.4351,-0.0456,0.0858,-0.5314,0.5951,0.9386
Snx30,Snx30,735.7489,0.2352,0.1528,1.5393,0.1237,0.7753
Snx32,Snx32,177.3437,0.2735,0.1521,1.7986,0.0721,0.752
Snx33,Snx33,1583.9327,0.2872,0.1584,1.813,0.0698,0.7507
Snx4,Snx4,4142.7471,-0.1115,0.0882,-1.2637,0.2064,0.8262
Snx5,Snx5,5059.9079,-0.0163,0.0601,-0.271,0.7864,0.97
Snx6,Snx6,4481.8683,-0.0033,0.0562,-0.059,0.9529,0.9945
Snx7,Snx7,3942.1866,-0.06,0.085,-0.7065,0.4799,0.9168
Snx8,Snx8,1192.1224,0.0532,0.0858,0.6193,0.5357,0.9268
Snx9,Snx9,4517.096,0.1739,0.1547,1.1246,0.2607,0.8524
Soat1,Soat1,3716.6113,0.1665,0.1439,1.157,0.2473,0.8426
Soat2,Soat2,2.818,0.0497,0.8734,0.0569,0.9546,0.995
Sobp,Sobp,229.8598,-0.1098,0.2551,-0.4305,0.6669,0.9566
Socs1,Socs1,158.9942,0.0747,0.1206,0.619,0.5359,0.9268
Socs2,Socs2,2380.9795,-0.2643,0.1907,-1.3861,0.1657,0.8037
Socs3,Socs3,2852.4926,0.5495,0.3266,1.6828,0.0924,0.7643
Socs4,Socs4,232.1014,-0.0997,0.1774,-0.5623,0.5739,0.9327
Socs5,Socs5,3295.6069,-0.057,0.0449,-1.2694,0.2043,0.8262
Socs6,Socs6,895.5652,-0.0877,0.169,-0.5187,0.6039,0.941
Socs7,Socs7,1471.8201,-0.0785,0.1009,-0.7776,0.4368,0.9098
Sod1,Sod1,4345.3943,0.0577,0.1261,0.4573,0.6475,0.9534
Sod2,Sod2,5675.2223,0.8012,0.4337,1.8473,0.0647,0.7457
Sod3,Sod3,7449.7435,-0.0532,0.1322,-0.4027,0.6871,0.9623
Soga1,Soga1,3922.7232,-0.0688,0.1039,-0.6621,0.5079,0.9188
Soga3,Soga3,67.0195,-0.1143,0.3555,-0.3214,0.7479,0.9694
Sohlh2,Sohlh2,66.1965,-0.1885,0.2998,-0.6286,0.5296,0.9238
Son,Son,8485.8191,-0.1848,0.1599,-1.1557,0.2478,0.843
Sorbs1,Sorbs1,2930.5937,-0.1021,0.1966,-0.5196,0.6033,0.941
Sorbs2,Sorbs2,3870.491,0.1252,0.16,0.7827,0.4338,0.9089
Sorbs2os,Sorbs2os,10.4221,-0.2432,0.5652,-0.4303,0.667,0.9566
Sorbs3,Sorbs3,2800.2538,0.0794,0.0769,1.0317,0.3022,0.8615
Sorcs1,Sorcs1,72.6782,-0.054,0.2997,-0.1802,0.857,0.9796
Sorcs2,Sorcs2,3519.71,0.0642,0.1539,0.4171,0.6766,0.96
Sord,Sord,2193.8551,0.346,0.2029,1.7057,0.0881,0.764
Sorl1,Sorl1,1.1541,-1.2509,1.3336,-0.938,0.3483,0.8829
Sort1,Sort1,527.22,-0.016,0.215,-0.0742,0.9408,0.9923
Sos1,Sos1,1319.5412,-0.109,0.2059,-0.5295,0.5964,0.939
Sos2,Sos2,1148.8652,0.0068,0.1446,0.0469,0.9626,0.997
Sost,Sost,1.4515,-0.5109,1.2524,-0.4079,0.6833,0.9622
Sowaha,Sowaha,1.1425,-0.5508,1.4992,-0.3674,0.7133,0.9662
Sowahc,Sowahc,372.3459,-0.2014,0.1985,-1.0147,0.3103,0.8673
Sox11,Sox11,3874.1095,-0.3225,0.3257,-0.9904,0.322,0.873
Sox12,Sox12,269.9191,0.009,0.1881,0.0481,0.9617,0.997
Sox13,Sox13,82.1666,-0.0193,0.2211,-0.0874,0.9304,0.9917
Sox15,Sox15,0.316,-0.6843,2.5725,-0.266,0.7902,0.97
Sox18,Sox18,8.7883,-0.9148,0.4688,-1.9512,0.051,0.7364
Sox30,Sox30,3.3609,-0.0559,1.2305,-0.0454,0.9638,0.9975
Sox4,Sox4,1756.8042,-0.0123,0.1528,-0.0808,0.9356,0.9923
Sox5,Sox5,96.7913,0.4742,0.2847,1.6657,0.0958,0.7664
Sox6,Sox6,2.8227,-0.9448,0.9183,-1.0289,0.3035,0.863
Sox8,Sox8,756.6539,-0.9849,0.6981,-1.4109,0.1583,0.8015
Sox9,Sox9,1270.6311,-0.0692,0.2113,-0.3275,0.7433,0.9694
Sp1,Sp1,4526.821,-0.1996,0.162,-1.2323,0.2179,0.8301
Sp100,Sp100,105.8038,-0.4002,0.2692,-1.4866,0.1371,0.787
Sp140,Sp140,9.1097,0.0964,0.4871,0.1978,0.8432,0.9775
Sp2,Sp2,569.0424,-0.0712,0.1116,-0.6377,0.5237,0.9223
Sp3,Sp3,2208.2194,-0.1107,0.2079,-0.5327,0.5943,0.9385
Sp3os,Sp3os,59.5309,0.4648,0.2967,1.5666,0.1172,0.7753
Sp4,Sp4,234.4666,-0.0411,0.256,-0.1607,0.8723,0.9819
Sp6,Sp6,252.2968,-0.0802,0.1026,-0.7822,0.4341,0.9089
Sp7,Sp7,5.7741,-0.0173,0.5984,-0.0289,0.977,0.9992
Sp8,Sp8,20.0321,-0.6131,0.4207,-1.4576,0.145,0.7928
Sp9,Sp9,3.3622,0.1567,0.8171,0.1918,0.8479,0.978
Spa17,Spa17,19.6681,-0.0048,0.3497,-0.0136,0.9892,1
Spaca4,Spaca4,0.8437,-0.6965,1.5743,-0.4424,0.6582,0.9548
Spaca5,Spaca5,0.4235,0.0068,2.4853,0.0027,0.9978,1
Spaca6,Spaca6,105.7036,0.1444,0.2769,0.5217,0.6019,0.941
Spag1,Spag1,154.1089,-0.307,0.218,-1.4078,0.1592,0.8015
Spag17,Spag17,4.7993,0.3993,0.6738,0.5927,0.5534,0.929
Spag4,Spag4,31.7841,0.0116,0.3201,0.0363,0.9711,0.999
Spag5,Spag5,1209.4914,-0.8119,0.3831,-2.1196,0.034,0.732
Spag6l,Spag6l,12.8917,0.325,0.3936,0.8257,0.409,0.9033
Spag7,Spag7,1865.562,0.0004,0.0608,0.0073,0.9942,1
Spag8,Spag8,4.4186,0.1416,0.7542,0.1877,0.8511,0.9788
Spag9,Spag9,6506.0603,-0.0348,0.1683,-0.207,0.836,0.9774
Sparc,Sparc,189829.696,-0.2876,0.1867,-1.5402,0.1235,0.7753
Sparcl1,Sparcl1,25.1807,-0.2926,0.365,-0.8018,0.4227,0.906
Spast,Spast,1914.0547,-0.1472,0.1376,-1.0699,0.2847,0.8606
Spata1,Spata1,52.8356,0.1059,0.2635,0.402,0.6877,0.9623
Spata13,Spata13,539.74,-0.5567,0.2536,-2.1953,0.0281,0.732
Spata17,Spata17,2.9269,0.157,0.8253,0.1902,0.8491,0.9781
Spata18,Spata18,1.0456,0.2287,1.2687,0.1802,0.857,0.9796
Spata2,Spata2,1276.3536,0.1619,0.1113,1.4537,0.146,0.7928
Spata20,Spata20,3.7718,-0.8539,0.7069,-1.208,0.227,0.8325
Spata22,Spata22,0.8373,-1.3204,1.6094,-0.8204,0.412,0.9033
Spata24,Spata24,148.3771,-0.1086,0.1658,-0.6552,0.5123,0.9197
Spata25,Spata25,2.3967,-0.2223,0.8693,-0.2557,0.7982,0.9719
Spata2l,Spata2l,55.6571,0.0835,0.2042,0.409,0.6825,0.962
Spata31d1b,Spata31d1b,0.3176,-0.6877,2.5704,-0.2675,0.789,0.97
Spata32,Spata32,0.7287,-0.1266,1.6788,-0.0754,0.9399,0.9923
Spata33,Spata33,21.9909,0.3772,0.3505,1.0762,0.2819,0.8606
Spata4,Spata4,0.9486,0.3127,1.3755,0.2274,0.8201,0.9758
Spata45,Spata45,1.2549,0.0048,1.2188,0.0039,0.9969,1
Spata5,Spata5,1052.7009,-0.0282,0.0624,-0.451,0.652,0.9544
Spata5l1,Spata5l1,132.1049,0.0685,0.2397,0.286,0.7749,0.97
Spata6,Spata6,1266.228,-0.0471,0.0947,-0.4976,0.6188,0.9433
Spata7,Spata7,355.5002,0.0015,0.1092,0.0135,0.9893,1
Spata9,Spata9,18.2564,0.0598,0.3665,0.1631,0.8704,0.9818
Spatc1,Spatc1,1.7723,0.4293,1.4912,0.2879,0.7734,0.97
Spats1,Spats1,2.6096,-0.4061,0.9791,-0.4148,0.6783,0.961
Spats2,Spats2,2302.6666,-0.0691,0.0724,-0.9548,0.3397,0.879
Spats2l,Spats2l,1511.4113,-0.6559,0.3638,-1.803,0.0714,0.752
Spc24,Spc24,501.4461,-1.0711,0.4687,-2.2852,0.0223,0.732
Spc25,Spc25,1069.9875,-0.8326,0.3616,-2.3024,0.0213,0.732
Spcs1,Spcs1,6709.9709,0.0809,0.0622,1.3007,0.1934,0.8197
Spcs2,Spcs2,4482.8284,0.3693,0.1528,2.4164,0.0157,0.732
Spcs3,Spcs3,5827.9709,0.1547,0.1205,1.2834,0.1993,0.8249
Spdef,Spdef,3.4726,-0.0607,0.8394,-0.0723,0.9424,0.9927
Spdl1,Spdl1,315.2137,-0.8455,0.3835,-2.2049,0.0275,0.732
Spdya,Spdya,9.817,0.027,0.4685,0.0577,0.954,0.9948
Specc1,Specc1,2695.6911,-0.1632,0.1493,-1.0929,0.2745,0.8588
Specc1l,Specc1l,4679.2017,-0.1908,0.0968,-1.9714,0.0487,0.7364
Speer3,Speer3,0.9349,1.1383,1.6991,0.6699,0.5029,0.9188
Speer4a,Speer4a,1.8813,0.8215,1.5536,0.5288,0.5969,0.9393
Speer4b,Speer4b,0.6271,0.3043,2.4732,0.123,0.9021,0.986
Speer4e,Speer4e,1.8926,-0.0821,1.2162,-0.0675,0.9462,0.9934
Spef1,Spef1,540.6121,0.3441,0.2364,1.4559,0.1454,0.7928
Speg,Speg,2041.3312,-0.0443,0.1128,-0.3925,0.6947,0.9623
Spem1,Spem1,1.0484,0.4458,1.568,0.2843,0.7762,0.97
Spen,Spen,2039.9676,0.0736,0.101,0.7279,0.4667,0.9167
Spg11,Spg11,1136.7111,0.1763,0.1151,1.5322,0.1255,0.7753
Spg20,Spg20,4093.3356,-0.0133,0.0819,-0.1622,0.8711,0.9819
Spg21,Spg21,4596.0998,0.2674,0.1601,1.6701,0.0949,0.7643
Spg7,Spg7,2238.0588,0.0172,0.071,0.2418,0.8089,0.9734
Sphk1,Sphk1,1633.4337,0.529,0.2682,1.9721,0.0486,0.7364
Sphk2,Sphk2,935.5554,0.0976,0.0895,1.0902,0.2756,0.8588
Spi1,Spi1,1.9879,0.4056,1.005,0.4036,0.6865,0.9623
Spib,Spib,1.0455,-0.4141,1.3867,-0.2986,0.7652,0.97
Spice1,Spice1,684.6275,-0.0486,0.0776,-0.6265,0.531,0.925
Spidr,Spidr,996.9659,0.2896,0.2106,1.3751,0.1691,0.8052
Spin1,Spin1,4080.4203,-0.0953,0.0699,-1.3623,0.1731,0.8072
Spin2c,Spin2c,11.8142,0.1835,0.4308,0.426,0.6701,0.9578
Spin4,Spin4,128.2751,-0.2495,0.2264,-1.1022,0.2704,0.8588
Spink10,Spink10,1.8763,0.872,1.1228,0.7767,0.4374,0.9098
Spink13,Spink13,0.315,0.6941,2.5739,0.2697,0.7874,0.97
Spink4,Spink4,2.7403,0.3884,0.9776,0.3973,0.6911,0.9623
Spink5,Spink5,4.1721,2.3726,1.5231,1.5577,0.1193,0.7753
Spink8,Spink8,0.6335,-0.8883,1.6723,-0.5312,0.5953,0.9386
Spint1,Spint1,280.761,0.2651,0.2617,1.013,0.3111,0.8677
Spint2,Spint2,5.8764,-0.1637,0.7549,-0.2169,0.8283,0.9769
Spire1,Spire1,3542.8973,0.0083,0.1024,0.0809,0.9355,0.9923
Spire2,Spire2,175.7387,-0.3028,0.2473,-1.2244,0.2208,0.8307
Spn,Spn,770.5043,-0.1092,0.1226,-0.8907,0.3731,0.893
Spns1,Spns1,1109.9928,0.2586,0.0934,2.77,0.0056,0.732
Spns2,Spns2,24.5185,-0.2093,0.3142,-0.6661,0.5053,0.9188
Spns3,Spns3,1.2572,-0.8467,1.1695,-0.724,0.4691,0.9168
Spock1,Spock1,22.0749,-0.9425,0.4957,-1.9016,0.0572,0.7377
Spock2,Spock2,2126.9853,-0.2078,0.1243,-1.6723,0.0945,0.7643
Spon1,Spon1,7.0323,-0.5691,0.6152,-0.925,0.355,0.8851
Spon2,Spon2,2455.2834,-0.6267,0.3015,-2.0784,0.0377,0.732
Spop,Spop,6216.3306,0.036,0.1203,0.299,0.7649,0.97
Spopl,Spopl,535.8703,-0.0145,0.1638,-0.0883,0.9297,0.9917
Spp1,Spp1,64270.9202,0.3343,0.2213,1.5104,0.131,0.7771
Sppl2a,Sppl2a,3898.3539,-0.138,0.2111,-0.654,0.5131,0.9199
Sppl2b,Sppl2b,985.3811,0.0855,0.0916,0.9333,0.3507,0.8839
Sppl3,Sppl3,3066.7617,0.1722,0.1082,1.5909,0.1116,0.7736
Spr,Spr,797.5661,0.1987,0.167,1.1896,0.2342,0.8354
Spred1,Spred1,2807.889,-0.0203,0.1341,-0.1514,0.8796,0.9823
Spred2,Spred2,1485.6522,0.0061,0.1085,0.0563,0.9551,0.9953
Spred3,Spred3,246.5536,0.2114,0.1127,1.8752,0.0608,0.7456
Sprr1a,Sprr1a,135.2178,0.0786,0.3422,0.2298,0.8183,0.9753
Sprr1b,Sprr1b,1.3554,0.2488,1.5882,0.1566,0.8755,0.9819
Sprr2a3,Sprr2a3,0.3166,-0.6835,2.5715,-0.2658,0.7904,0.97
Sprr2b,Sprr2b,1.1458,3.5739,2.081,1.7174,0.0859,0.7626
Sprr2d,Sprr2d,0.8392,0.5294,1.6115,0.3285,0.7425,0.9694
Sprr2e,Sprr2e,6.0584,1.6935,1.3058,1.2969,0.1947,0.8204
Sprr2f,Sprr2f,0.5257,0.4931,2.3784,0.2073,0.8358,0.9774
Sprr2g,Sprr2g,20.804,1.2419,0.8477,1.465,0.1429,0.7928
Sprr2h,Sprr2h,9.3054,1.3998,1.6448,0.851,0.3948,0.8987
Sprr2j-ps,Sprr2j-ps,2.2965,1.2868,1.8448,0.6975,0.4855,0.9168
Sprr2k,Sprr2k,8.4165,-0.9528,0.7767,-1.2268,0.2199,0.8302
Sprr3,Sprr3,1.9765,-0.7076,1.3351,-0.53,0.5961,0.9389
Sprtn,Sprtn,654.4599,-0.1348,0.0986,-1.3669,0.1717,0.8066
Spry1,Spry1,906.4033,0.0358,0.1299,0.2758,0.7827,0.97
Spry2,Spry2,3005.5452,-0.2232,0.1763,-1.2657,0.2056,0.8262
Spry4,Spry4,226.413,0.2618,0.1587,1.6492,0.0991,0.7669
Spryd3,Spryd3,2426.0638,0.0165,0.0861,0.1915,0.8481,0.978
Spryd4,Spryd4,636.3809,-0.0263,0.1034,-0.2539,0.7996,0.9719
Spryd7,Spryd7,601.4339,0.0706,0.088,0.8019,0.4226,0.906
Spsb1,Spsb1,2320.2776,0.2725,0.1598,1.7059,0.088,0.764
Spsb2,Spsb2,754.8968,0.0583,0.114,0.5116,0.609,0.9416
Spsb3,Spsb3,858.5515,0.0381,0.0815,0.4679,0.6399,0.9494
Spsb4,Spsb4,52.3935,0.1327,0.2807,0.4727,0.6364,0.9487
Spta1,Spta1,28.1918,-1.1094,0.6638,-1.6712,0.0947,0.7643
Sptan1,Sptan1,15706.0673,-0.0733,0.1015,-0.7217,0.4705,0.9168
Sptb,Sptb,38.7651,-0.2393,0.2297,-1.042,0.2974,0.8608
Sptbn1,Sptbn1,16678.1776,-0.1119,0.1267,-0.8834,0.377,0.8935
Sptbn2,Sptbn2,127.2842,-0.085,0.2265,-0.3752,0.7075,0.9657
Sptbn4,Sptbn4,14.9737,-0.2312,0.3908,-0.5917,0.5541,0.929
Sptlc1,Sptlc1,2181.5858,0.159,0.1253,1.2686,0.2046,0.8262
Sptlc2,Sptlc2,3821.322,0.3383,0.2347,1.4417,0.1494,0.7968
Sptssa,Sptssa,2790.471,0.0931,0.1367,0.6807,0.4961,0.9181
Spty2d1,Spty2d1,1845.8648,-0.0423,0.1268,-0.334,0.7384,0.9694
Spx,Spx,14.3428,-0.0516,0.3987,-0.1293,0.8971,0.9854
Sqle,Sqle,6630.5913,0.172,0.1173,1.4659,0.1427,0.7928
Sqrdl,Sqrdl,1648.0678,0.6928,0.4185,1.6554,0.0978,0.7669
Sqstm1,Sqstm1,27985.7867,0.4993,0.2381,2.0967,0.036,0.732
Sra1,Sra1,2085.1831,0.0101,0.0923,0.1099,0.9125,0.9873
Srbd1,Srbd1,845.8345,-0.0172,0.074,-0.2327,0.816,0.975
Src,Src,2073.224,0.0611,0.0904,0.6759,0.4991,0.9181
Srcap,Srcap,2714.072,-0.0611,0.1006,-0.6071,0.5438,0.9283
Srd5a1,Srd5a1,143.3518,-0.2382,0.1504,-1.584,0.1132,0.7736
Srd5a2,Srd5a2,0.5258,-0.4791,2.3771,-0.2016,0.8403,0.9775
Srd5a3,Srd5a3,788.4943,0.2357,0.1644,1.4339,0.1516,0.7968
Srebf1,Srebf1,3435.9154,0.0314,0.0944,0.3323,0.7397,0.9694
Srebf2,Srebf2,12606.3145,-0.0195,0.0994,-0.1962,0.8445,0.9775
Srek1,Srek1,1135.4097,-0.1596,0.223,-0.7158,0.4741,0.9168
Srek1ip1,Srek1ip1,789.963,-0.1794,0.1508,-1.1896,0.2342,0.8354
Srf,Srf,2812.9596,-0.2434,0.1375,-1.7702,0.0767,0.7572
Srfbp1,Srfbp1,1240.3594,0.0775,0.1247,0.6219,0.534,0.9258
Srgap1,Srgap1,111.8609,0.0026,0.2242,0.0117,0.9907,1
Srgap2,Srgap2,1829.8335,-0.116,0.0934,-1.2425,0.2141,0.8265
Srgap3,Srgap3,2201.6875,0.2479,0.161,1.5396,0.1237,0.7753
Srgn,Srgn,92.0321,0.4176,0.3341,1.2501,0.2113,0.8265
Sri,Sri,2245.1829,-0.1035,0.0622,-1.6635,0.0962,0.7666
Srl,Srl,9675.1231,-0.1717,0.283,-0.6066,0.5441,0.9283
Srm,Srm,2299.3779,0.0474,0.1378,0.3442,0.7307,0.9694
Srp14,Srp14,4296.2126,0.0518,0.0807,0.6414,0.5212,0.9223
Srp19,Srp19,1841.1055,-0.0942,0.0744,-1.2662,0.2054,0.8262
Srp54a,Srp54a,158.4963,-0.2075,0.2766,-0.7501,0.4532,0.9122
Srp54b,Srp54b,453.9309,-0.2311,0.2095,-1.103,0.27,0.8588
Srp68,Srp68,4981.1664,0.0074,0.06,0.1235,0.9017,0.986
Srp72,Srp72,5869.7172,-0.0722,0.0708,-1.0193,0.3081,0.8653
Srp9,Srp9,3130.6416,0.0402,0.0753,0.5339,0.5934,0.9385
Srpk1,Srpk1,1615.6849,-0.0183,0.0761,-0.2399,0.8104,0.9736
Srpk2,Srpk2,2377.8746,-0.063,0.1213,-0.5195,0.6034,0.941
Srpk3,Srpk3,423.3114,-0.119,0.2428,-0.4901,0.6241,0.9451
Srpr,Srpr,9447.2774,0.1513,0.1023,1.4788,0.1392,0.7899
Srprb,Srprb,3532.143,0.2401,0.1386,1.7316,0.0833,0.7572
Srpx,Srpx,5.1315,-1.3666,0.9352,-1.4613,0.1439,0.7928
Srpx2,Srpx2,7728.066,-0.1994,0.1738,-1.1473,0.2512,0.8443
Srr,Srr,612.0185,0.0212,0.1022,0.2073,0.8358,0.9774
Srrd,Srrd,212.2164,0.0807,0.1345,0.6003,0.5483,0.9289
Srrm1,Srrm1,4623.7302,-0.1696,0.0616,-2.753,0.0059,0.732
Srrm2,Srrm2,10166.2391,-0.1755,0.1709,-1.0267,0.3046,0.8637
Srrm3,Srrm3,1.7728,0.0129,1.2406,0.0104,0.9917,1
Srrm4,Srrm4,4.3955,-0.8333,0.7235,-1.1517,0.2494,0.844
Srrm4os,Srrm4os,47.0408,-0.4754,0.4042,-1.1762,0.2395,0.84
Srrt,Srrt,3695.0264,-0.1381,0.0756,-1.8268,0.0677,0.7488
Srsf1,Srsf1,7969.8772,-0.2939,0.1516,-1.939,0.0525,0.7364
Srsf10,Srsf10,3288.0957,-0.2777,0.202,-1.3748,0.1692,0.8052
Srsf11,Srsf11,2879.3573,-0.1766,0.1152,-1.5328,0.1253,0.7753
Srsf12,Srsf12,1.4688,-1.1927,1.134,-1.0517,0.2929,0.8606
Srsf2,Srsf2,8522.597,-0.2063,0.0938,-2.2,0.0278,0.732
Srsf3,Srsf3,9086.8895,-0.2003,0.0858,-2.3351,0.0195,0.732
Srsf4,Srsf4,510.2641,-0.0881,0.1287,-0.6842,0.4939,0.9181
Srsf5,Srsf5,8465.0984,-0.1657,0.1862,-0.8899,0.3735,0.893
Srsf6,Srsf6,8735.5952,-0.2009,0.1318,-1.5242,0.1275,0.7753
Srsf7,Srsf7,4613.5866,-0.2076,0.0567,-3.6597,0.0003,0.3039
Srsf9,Srsf9,1844.7323,-0.1,0.0907,-1.1024,0.2703,0.8588
Srxn1,Srxn1,1822.7423,0.6134,0.3314,1.851,0.0642,0.7457
Ss18,Ss18,2255.4616,-0.1242,0.0606,-2.0514,0.0402,0.732
Ss18l1,Ss18l1,293.9649,0.0609,0.1586,0.3843,0.7008,0.9635
Ssb,Ssb,3322.7736,-0.2036,0.1986,-1.0253,0.3052,0.8641
Ssbp1,Ssbp1,1205.0126,-0.0628,0.0849,-0.7403,0.4591,0.9141
Ssbp2,Ssbp2,2690.0503,0.1085,0.0957,1.1331,0.2572,0.8478
Ssbp3,Ssbp3,4795.5095,-0.0247,0.0426,-0.5802,0.5618,0.9294
Ssbp4,Ssbp4,1415.9057,0.1345,0.1159,1.16,0.246,0.8423
Ssc4d,Ssc4d,47.7343,0.1922,0.2187,0.8792,0.3793,0.8935
Ssc5d,Ssc5d,3292.9371,-0.1186,0.1759,-0.6741,0.5003,0.9182
Ssfa2,Ssfa2,1330.0971,0.05,0.1007,0.4967,0.6194,0.9434
Ssh1,Ssh1,364.2189,0.1448,0.1471,0.9842,0.325,0.8746
Ssh2,Ssh2,926.3058,0.0372,0.149,0.2499,0.8026,0.9719
Ssh3,Ssh3,74.0684,0.1774,0.2117,0.8379,0.4021,0.9026
Ssmem1,Ssmem1,2.4183,0.4457,0.993,0.4488,0.6536,0.9548
Ssna1,Ssna1,1646.9307,-0.1001,0.098,-1.0221,0.3067,0.8653
Sspn,Sspn,2859.1376,-0.1249,0.1169,-1.0686,0.2853,0.8606
Sspo,Sspo,8.3829,0.3792,0.5155,0.7357,0.4619,0.9148
Ssr1,Ssr1,14003.3789,0.0232,0.081,0.2867,0.7743,0.97
Ssr2,Ssr2,5430.5114,0.0239,0.0961,0.2486,0.8036,0.9719
Ssr3,Ssr3,24637.3609,0.0074,0.0867,0.0857,0.9317,0.9921
Ssr4,Ssr4,3618.3771,0.0855,0.1177,0.7263,0.4676,0.9168
Ssrp1,Ssrp1,7656.1402,-0.0965,0.0672,-1.4358,0.151,0.7968
Sssca1,Sssca1,569.6799,0.0559,0.092,0.608,0.5432,0.9283
Sstr2,Sstr2,2.4058,-0.137,0.9806,-0.1397,0.8889,0.9833
Sstr3,Sstr3,0.6316,0.0022,1.9004,0.0012,0.9991,1
Sstr5,Sstr5,2.5121,0.8945,1.564,0.5719,0.5674,0.9312
Ssu2,Ssu2,10.5535,-0.3998,0.4642,-0.8612,0.3892,0.897
Ssu72,Ssu72,2692.3119,0.1005,0.101,0.9953,0.3196,0.8709
Ssx2ip,Ssx2ip,1478.1035,-0.2006,0.155,-1.2949,0.1954,0.8204
St13,St13,11559.5447,0.0046,0.0801,0.0574,0.9542,0.9949
St14,St14,1.0473,-1.0348,1.2889,-0.8029,0.422,0.906
St18,St18,5.6786,-0.532,0.7188,-0.7401,0.4592,0.9141
St3gal1,St3gal1,3126.2179,0.0431,0.1212,0.3553,0.7223,0.9684
St3gal2,St3gal2,4195.1183,0.1616,0.1544,1.0462,0.2955,0.8606
St3gal3,St3gal3,1478.2178,0.054,0.1344,0.4019,0.6877,0.9623
St3gal4,St3gal4,2385.595,-0.0198,0.1021,-0.1942,0.8461,0.9776
St3gal5,St3gal5,5013.5648,-0.0616,0.1181,-0.5215,0.602,0.941
St3gal6,St3gal6,26.6509,-0.1315,0.3328,-0.3952,0.6927,0.9623
St5,St5,4188.8315,-0.0966,0.1036,-0.9322,0.3512,0.8839
St6gal1,St6gal1,829.2997,0.3252,0.1877,1.7323,0.0832,0.7572
St6galnac2,St6galnac2,32.2536,-0.5163,0.3179,-1.6241,0.1044,0.7679
St6galnac4,St6galnac4,3285.244,0.0045,0.0739,0.0603,0.9519,0.994
St6galnac6,St6galnac6,2523.5833,0.1051,0.1062,0.9894,0.3225,0.8731
St7,St7,534.7772,0.1105,0.1433,0.7706,0.4409,0.9112
St7l,St7l,1155.1371,0.2123,0.1599,1.3272,0.1845,0.8146
St8sia1,St8sia1,0.5187,-1.3532,1.9905,-0.6798,0.4966,0.9181
St8sia2,St8sia2,617.5921,-0.5504,0.4455,-1.2355,0.2166,0.8288
St8sia4,St8sia4,6.4081,0.6832,0.7887,0.8662,0.3864,0.8952
Stab1,Stab1,12.9647,-0.1923,0.4273,-0.45,0.6527,0.9548
Stab2,Stab2,39.4997,-0.1841,0.3396,-0.5421,0.5877,0.9355
Stac,Stac,39.5551,-0.7044,0.4118,-1.7104,0.0872,0.764
Stac2,Stac2,4276.5839,0.373,0.172,2.1689,0.0301,0.732
Stac3,Stac3,1129.0544,-0.1148,0.2237,-0.5129,0.608,0.9412
Stag1,Stag1,1964.8929,-0.0846,0.1842,-0.4595,0.6459,0.9528
Stag2,Stag2,1962.0784,0.0966,0.2185,0.4418,0.6586,0.9548
Stag3,Stag3,0.8424,-0.6877,1.7896,-0.3843,0.7008,0.9635
Stam,Stam,3399.4042,-0.1038,0.1624,-0.6391,0.5227,0.9223
Stam2,Stam2,2477.5784,0.0056,0.0874,0.0645,0.9486,0.9935
Stambp,Stambp,1096.0293,0.0796,0.1024,0.7772,0.4371,0.9098
Stambpl1,Stambpl1,1063.8032,0.102,0.0788,1.2943,0.1956,0.8204
Stamos,Stamos,27.5521,0.1632,0.3143,0.5191,0.6037,0.941
Stap2,Stap2,148.0447,0.1205,0.1698,0.7096,0.478,0.9168
Star,Star,172.1067,0.1295,0.1715,0.7551,0.4502,0.912
Stard10,Stard10,778.9463,0.0296,0.1694,0.1747,0.8613,0.9803
Stard13,Stard13,2587.1492,-0.3744,0.1972,-1.8988,0.0576,0.7377
Stard3,Stard3,931.5084,0.1738,0.1096,1.5867,0.1126,0.7736
Stard3nl,Stard3nl,1019.5612,0.1319,0.1514,0.8712,0.3836,0.8935
Stard4,Stard4,754.8092,-0.134,0.0966,-1.3875,0.1653,0.8037
Stard5,Stard5,897.2855,0.7102,0.3787,1.8752,0.0608,0.7456
Stard6,Stard6,19.184,0.0668,0.319,0.2093,0.8342,0.9774
Stard7,Stard7,3386.3864,-0.0591,0.0901,-0.6562,0.5117,0.9195
Stard8,Stard8,14,-0.4582,0.4549,-1.0073,0.3138,0.8692
Stat1,Stat1,1593.5145,-0.1917,0.1154,-1.6611,0.0967,0.7669
Stat2,Stat2,1431.6553,0.2654,0.1687,1.5728,0.1158,0.7753
Stat3,Stat3,9806.6557,0.3066,0.1754,1.7483,0.0804,0.7572
Stat5a,Stat5a,1598.6605,-0.1301,0.1224,-1.0626,0.288,0.8606
Stat5b,Stat5b,1935.4565,-0.0784,0.1086,-0.7213,0.4707,0.9168
Stat6,Stat6,25.0511,-0.1148,0.3334,-0.3443,0.7306,0.9694
Stau1,Stau1,6773.9373,-0.007,0.0541,-0.1294,0.8971,0.9854
Stau2,Stau2,719.7995,-0.1476,0.1769,-0.8341,0.4042,0.9033
Stbd1,Stbd1,2242.2499,0.2777,0.1093,2.5409,0.0111,0.732
Stc1,Stc1,68.7595,0.267,0.2924,0.9132,0.3612,0.8871
Stc2,Stc2,325.9611,0.4301,0.257,1.6734,0.0943,0.7643
Steap1,Steap1,876.8,0.4116,0.3365,1.2233,0.2212,0.8307
Steap2,Steap2,3194.5861,0.1476,0.1915,0.7708,0.4408,0.9112
Steap3,Steap3,3234.2912,0.5736,0.2378,2.4124,0.0158,0.732
Steap4,Steap4,612.8143,0.8805,0.315,2.7955,0.0052,0.732
Stil,Stil,364.7215,-0.8788,0.3499,-2.5118,0.012,0.732
Stim1,Stim1,1009.8874,0.013,0.0715,0.1813,0.8561,0.9796
Stim2,Stim2,2291.29,-0.2022,0.2185,-0.9257,0.3546,0.8849
Stip1,Stip1,9310.9437,-0.051,0.0634,-0.805,0.4208,0.9054
Stk10,Stk10,755.5934,0.2233,0.1698,1.3152,0.1884,0.8161
Stk11,Stk11,4048.2878,0.0179,0.067,0.2673,0.7893,0.97
Stk11ip,Stk11ip,1313.3916,0.0787,0.0805,0.9775,0.3283,0.8758
Stk16,Stk16,2123.9151,0.0344,0.077,0.4473,0.6547,0.9548
Stk17b,Stk17b,8586.9764,-0.4735,0.3449,-1.3728,0.1698,0.8056
Stk19,Stk19,473.9718,0.1605,0.1549,1.0359,0.3003,0.8612
Stk24,Stk24,4202.414,0.5588,0.3001,1.8619,0.0626,0.7457
Stk25,Stk25,4932.8398,-0.031,0.0888,-0.3494,0.7268,0.9693
Stk3,Stk3,1187.3042,-0.0981,0.1935,-0.5072,0.612,0.942
Stk32a,Stk32a,31.3856,-0.8456,0.3663,-2.3087,0.021,0.732
Stk32b,Stk32b,7.1241,-0.3071,0.5574,-0.5509,0.5817,0.9352
Stk32c,Stk32c,8.053,-0.2957,0.5264,-0.5618,0.5743,0.9328
Stk33,Stk33,2.3111,-0.2764,0.898,-0.3078,0.7583,0.9694
Stk35,Stk35,720.462,-0.0056,0.1064,-0.0522,0.9583,0.9964
Stk36,Stk36,522.5878,0.1864,0.0901,2.0691,0.0385,0.732
Stk38,Stk38,2724.6627,-0.0457,0.075,-0.6088,0.5427,0.9283
Stk38l,Stk38l,1131.9234,0.1417,0.1118,1.2669,0.2052,0.8262
Stk39,Stk39,612.2059,-0.0104,0.1227,-0.0847,0.9325,0.9921
Stk4,Stk4,1591.0023,-0.0359,0.0576,-0.6225,0.5336,0.9257
Stk40,Stk40,620.2984,0.1006,0.0999,1.007,0.3139,0.8692
Stkld1,Stkld1,6.5907,-0.4137,0.5434,-0.7614,0.4464,0.912
Stmn1,Stmn1,2823.6529,-0.6672,0.2703,-2.4684,0.0136,0.732
Stmn2,Stmn2,3018.3229,-0.2791,0.2487,-1.122,0.2619,0.853
Stmn4,Stmn4,66.5013,0.198,0.2911,0.6803,0.4963,0.9181
Stmnd1,Stmnd1,22.0346,-0.4005,0.3489,-1.1481,0.2509,0.8443
Stom,Stom,10697.7583,0.3796,0.1335,2.8444,0.0045,0.732
Stoml1,Stoml1,1444.1831,0.2383,0.2139,1.114,0.2653,0.8547
Stoml2,Stoml2,1921.9425,-0.0045,0.0927,-0.048,0.9617,0.997
Ston1,Ston1,1705.4197,-0.0694,0.1064,-0.6518,0.5145,0.9199
Ston2,Ston2,1550.4404,-0.1295,0.1696,-0.7634,0.4452,0.912
Stox1,Stox1,0.4187,0.7829,2.4788,0.3158,0.7521,0.9694
Stox2,Stox2,9.5225,-0.4021,0.463,-0.8686,0.3851,0.8941
Stpg1,Stpg1,0.4187,0.7829,2.4788,0.3158,0.7521,0.9694
Stra13,Stra13,328.3729,0.0652,0.1343,0.4857,0.6272,0.9451
Stra6,Stra6,62.9417,-0.736,0.4533,-1.6237,0.1044,0.7679
Stra6l,Stra6l,0.7395,-1.2006,1.6427,-0.7309,0.4649,0.9157
Stra8,Stra8,0.4139,-0.7723,2.4834,-0.311,0.7558,0.9694
Strada,Strada,954.1037,0.0218,0.0946,0.2308,0.8175,0.975
Stradb,Stradb,832.2239,0.0292,0.0735,0.3976,0.6909,0.9623
Strap,Strap,7873.2767,-0.0754,0.0922,-0.8177,0.4135,0.9033
Strbp,Strbp,195.3235,-0.188,0.2558,-0.7348,0.4624,0.9152
Strip1,Strip1,3167.743,0.0692,0.0795,0.871,0.3837,0.8935
Strip2,Strip2,165.9797,-0.5633,0.4084,-1.3793,0.1678,0.8045
Strn,Strn,512.7503,-0.1509,0.1924,-0.7844,0.4328,0.9089
Strn3,Strn3,4701.7012,-0.1867,0.2674,-0.6982,0.485,0.9168
Strn4,Strn4,2678.5183,0.0071,0.0945,0.0746,0.9405,0.9923
Stt3a,Stt3a,11283.0721,0.0317,0.0809,0.3922,0.6949,0.9623
Stt3b,Stt3b,5683.8081,0.1275,0.0931,1.3703,0.1706,0.806
Stub1,Stub1,1737.9966,0.1394,0.1271,1.0972,0.2725,0.8588
Stx11,Stx11,648.4626,0.1344,0.1281,1.0492,0.2941,0.8606
Stx12,Stx12,4043.0421,0.0278,0.0539,0.5149,0.6066,0.9411
Stx16,Stx16,2085.013,-0.0677,0.1256,-0.5387,0.5901,0.9367
Stx17,Stx17,980.9913,-0.089,0.161,-0.5531,0.5802,0.9352
Stx18,Stx18,1035.8545,0.0567,0.0835,0.6785,0.4974,0.9181
Stx19,Stx19,0.4138,-0.7714,2.4833,-0.3106,0.7561,0.9694
Stx1a,Stx1a,257.2218,0.0725,0.1321,0.5487,0.5832,0.9353
Stx1b,Stx1b,5.8977,-0.3397,0.6843,-0.4964,0.6196,0.9435
Stx2,Stx2,1445.1735,-0.0027,0.0628,-0.0428,0.9659,0.9983
Stx3,Stx3,494.5875,0.3261,0.1576,2.0688,0.0386,0.732
Stx4a,Stx4a,2069.7468,0.0106,0.0739,0.1437,0.8857,0.9833
Stx5a,Stx5a,1633.808,0.1796,0.1089,1.6498,0.099,0.7669
Stx6,Stx6,2436.4598,0.0671,0.1074,0.6249,0.5321,0.9252
Stx7,Stx7,3187.9909,0.0537,0.0493,1.0895,0.276,0.8588
Stx8,Stx8,889.2946,0.1469,0.1288,1.1404,0.2541,0.8453
Stxbp1,Stxbp1,2406.3189,0.1238,0.1141,1.0845,0.2781,0.8588
Stxbp2,Stxbp2,532.034,0.1059,0.1567,0.6759,0.4991,0.9181
Stxbp3,Stxbp3,1479.3262,-0.087,0.1366,-0.6366,0.5244,0.9223
Stxbp3-ps,Stxbp3-ps,0.9414,0.5763,1.5372,0.3749,0.7077,0.9657
Stxbp4,Stxbp4,703.4945,-0.0511,0.1518,-0.3365,0.7365,0.9694
Stxbp5,Stxbp5,864.4638,0.0738,0.1457,0.5065,0.6125,0.942
Stxbp6,Stxbp6,0.7264,-0.5848,1.7429,-0.3355,0.7372,0.9694
Styk1,Styk1,8.6882,-0.0842,0.4599,-0.183,0.8548,0.9796
Styx,Styx,206.341,-0.1368,0.2702,-0.5062,0.6127,0.942
Styxl1,Styxl1,4.5088,0.9191,0.7026,1.3081,0.1908,0.8163
Sub1,Sub1,2899.8338,-0.1027,0.0734,-1.3992,0.1617,0.8037
Sucla2,Sucla2,3860.1033,-0.0974,0.1274,-0.7644,0.4446,0.912
Suclg1,Suclg1,3254.9376,-0.0816,0.0966,-0.8449,0.3982,0.8995
Suclg2,Suclg2,1810.9509,0.0297,0.1316,0.2257,0.8214,0.9761
Sucnr1,Sucnr1,19.4416,-0.6207,0.6583,-0.9429,0.3457,0.882
Suco,Suco,1104.2594,0.1142,0.2145,0.5324,0.5944,0.9385
Suds3,Suds3,3497.9015,0.1132,0.0942,1.2027,0.2291,0.8326
Sufu,Sufu,1486.0708,0.0755,0.0938,0.8045,0.4211,0.9056
Sugct,Sugct,57.6303,0.1719,0.2837,0.6061,0.5445,0.9284
Sugp1,Sugp1,1535.3957,0.089,0.0904,0.9836,0.3253,0.8747
Sugp2,Sugp2,746.151,-0.0696,0.127,-0.5486,0.5833,0.9353
Sugt1,Sugt1,3071.3304,-0.0284,0.06,-0.4732,0.6361,0.9487
Sulf1,Sulf1,7858.5024,0.4175,0.2409,1.7328,0.0831,0.7572
Sulf2,Sulf2,6282.0279,0.0538,0.1707,0.315,0.7527,0.9694
Sult1a1,Sult1a1,1.5701,0.5538,1.3374,0.4141,0.6788,0.961
Sult2b1,Sult2b1,17.2734,-0.6597,0.4329,-1.524,0.1275,0.7753
Sult5a1,Sult5a1,2.7247,-0.5399,0.8353,-0.6463,0.5181,0.9215
Sult6b1,Sult6b1,8.2292,0.0541,0.5895,0.0918,0.9269,0.9906
Sumf1,Sumf1,3284.8293,0.2316,0.1525,1.518,0.129,0.7759
Sumf2,Sumf2,1039.2197,0.1139,0.1618,0.7038,0.4815,0.9168
Sumo1,Sumo1,4007.8598,-0.0834,0.1016,-0.8215,0.4114,0.9033
Sumo2,Sumo2,4695.2959,-0.1132,0.1149,-0.986,0.3242,0.8734
Sumo3,Sumo3,5308.7609,0.047,0.1141,0.412,0.6803,0.9614
Sun1,Sun1,5098.8313,0.0665,0.0745,0.8916,0.3726,0.893
Sun2,Sun2,7585.0392,0.0915,0.0992,0.9215,0.3568,0.8858
Suox,Suox,2661.2496,0.1424,0.0919,1.5499,0.1212,0.7753
Supt16,Supt16,3209.7223,-0.244,0.1701,-1.4342,0.1515,0.7968
Supt20,Supt20,1075.64,-0.2387,0.1329,-1.7957,0.0725,0.752
Supt3,Supt3,618.7604,0.0909,0.1197,0.7595,0.4476,0.912
Supt4a,Supt4a,1806.932,0.1622,0.1135,1.4293,0.1529,0.7987
Supt5,Supt5,5397.4956,0.0297,0.063,0.4714,0.6374,0.9487
Supt6,Supt6,6075.9777,-0.0838,0.0933,-0.898,0.3692,0.8924
Supt7l,Supt7l,1006.9691,0.0002,0.0631,0.0034,0.9973,1
Supv3l1,Supv3l1,1111.2952,-0.0367,0.087,-0.4215,0.6734,0.9589
Surf1,Surf1,1002.5745,0.0863,0.1126,0.7667,0.4433,0.9118
Surf2,Surf2,672.8997,0.0841,0.1584,0.5309,0.5955,0.9386
Surf4,Surf4,16762.6113,0.1383,0.0908,1.5243,0.1274,0.7753
Surf6,Surf6,919.5594,0.0216,0.0753,0.2864,0.7746,0.97
Susd1,Susd1,272.3301,0.992,0.4286,2.3148,0.0206,0.732
Susd2,Susd2,67.4605,-0.1821,0.2619,-0.6953,0.4869,0.9168
Susd3,Susd3,3.4467,-0.6163,0.7944,-0.7758,0.4379,0.9104
Susd4,Susd4,22.0053,-0.3495,0.3404,-1.0265,0.3047,0.8637
Susd5,Susd5,581.7705,-0.2231,0.2354,-0.9475,0.3434,0.8797
Susd6,Susd6,12477.0786,0.3145,0.1633,1.926,0.0541,0.7377
Suv39h1,Suv39h1,1408.4748,-0.2757,0.1379,-1.9992,0.0456,0.7364
Suv39h2,Suv39h2,194.5732,-0.5796,0.2246,-2.581,0.0099,0.732
Suv420h1,Suv420h1,1449.1497,-0.07,0.1893,-0.3697,0.7116,0.9662
Suv420h2,Suv420h2,369.5423,-0.1289,0.1074,-1.2,0.2301,0.833
Suz12,Suz12,1517.0948,-0.1568,0.2366,-0.6626,0.5076,0.9188
Sv2a,Sv2a,56.3674,0.2222,0.2971,0.7478,0.4546,0.9127
Sv2b,Sv2b,141.0086,0.4182,0.191,2.1898,0.0285,0.732
Svep1,Svep1,2880.3816,0.9013,0.391,2.305,0.0212,0.732
Svil,Svil,6014.7054,-0.1499,0.1602,-0.9353,0.3496,0.8839
Svip,Svip,20.2097,-0.1659,0.3656,-0.4536,0.6501,0.9543
Svop,Svop,0.5284,-0.4923,1.9752,-0.2492,0.8032,0.9719
Swap70,Swap70,2038.4883,0.3568,0.1448,2.4636,0.0138,0.732
Swi5,Swi5,5514.6213,-0.0584,0.091,-0.6416,0.5211,0.9223
Swsap1,Swsap1,255.4395,0.105,0.1788,0.5876,0.5568,0.929
Swt1,Swt1,271.0742,0.0342,0.1599,0.2138,0.8307,0.9774
Syap1,Syap1,2934.5448,-0.1052,0.2079,-0.5062,0.6127,0.942
Sybu,Sybu,13.6847,0.0134,0.3902,0.0345,0.9725,0.999
Syce2,Syce2,24.6062,0.1977,0.3205,0.6169,0.5373,0.9274
Sycp1,Sycp1,23.7417,-0.2483,0.5008,-0.4957,0.6201,0.9436
Sycp3,Sycp3,22.7451,0.3935,0.4119,0.9553,0.3395,0.879
Syde1,Syde1,2539.6986,0.1107,0.137,0.808,0.4191,0.9047
Syde2,Syde2,126.3609,-0.2309,0.2056,-1.1233,0.2613,0.8526
Syf2,Syf2,2315.9939,0.174,0.1492,1.1662,0.2435,0.8415
Syk,Syk,463.7682,-0.1988,0.1736,-1.1451,0.2522,0.8452
Sympk,Sympk,2972.9298,0.1498,0.0963,1.5547,0.12,0.7753
Syn1,Syn1,427.6986,0.0578,0.1464,0.3947,0.693,0.9623
Syn2,Syn2,63.1616,0.4646,0.2031,2.2877,0.0222,0.732
Syn3,Syn3,47.3589,0.0422,0.2859,0.1475,0.8827,0.9825
Syna,Syna,8.8027,-0.0223,0.4733,-0.0471,0.9624,0.997
Sync,Sync,1876.3661,-0.2601,0.2082,-1.2494,0.2115,0.8265
Syncrip,Syncrip,6892.1602,-0.1686,0.164,-1.0279,0.304,0.8633
Syne1,Syne1,1767.4116,-0.1628,0.2262,-0.7197,0.4717,0.9168
Syne2,Syne2,735.7003,-0.1731,0.2293,-0.7549,0.4503,0.912
Syne3,Syne3,992.8805,-0.0761,0.1281,-0.5942,0.5524,0.929
Syne4,Syne4,2.8378,0.0538,0.9623,0.056,0.9554,0.9953
Syngap1,Syngap1,450.8575,0.0228,0.1463,0.1561,0.8759,0.9819
Syngr1,Syngr1,148.2986,0.4658,0.1616,2.8825,0.0039,0.732
Syngr2,Syngr2,2741.8621,0.1029,0.1061,0.9702,0.3319,0.8775
Syngr3,Syngr3,20.5564,-0.0381,0.4012,-0.095,0.9243,0.99
Syngr4,Syngr4,4.0661,-0.2575,0.7318,-0.3518,0.725,0.9689
Synj1,Synj1,852.7507,-0.13,0.1317,-0.987,0.3237,0.8734
Synj2,Synj2,4046.9229,0.0452,0.0547,0.8274,0.408,0.9033
Synj2bp,Synj2bp,1505.4944,-0.0797,0.1411,-0.5647,0.5723,0.9323
Synm,Synm,97.9156,-0.6685,0.4145,-1.613,0.1068,0.7713
Synpo,Synpo,3585.8518,-0.0223,0.1482,-0.1508,0.8801,0.9823
Synpo2,Synpo2,3400.5817,-0.1975,0.2532,-0.7801,0.4353,0.9089
Synpo2l,Synpo2l,7868.2398,-0.1751,0.251,-0.6976,0.4854,0.9168
Synpr,Synpr,24.1469,-1.0806,0.4746,-2.2768,0.0228,0.732
Synrg,Synrg,1437.232,-0.0759,0.106,-0.7157,0.4742,0.9168
Syp,Syp,12.9829,0.3937,0.4009,0.982,0.3261,0.8747
Sypl,Sypl,5843.6935,-0.0401,0.1371,-0.2921,0.7702,0.97
Sypl2,Sypl2,39.0841,-0.6033,0.3551,-1.6991,0.0893,0.764
Sys1,Sys1,807.1112,0.0647,0.1293,0.5007,0.6166,0.9427
Syt1,Syt1,1.7931,-0.1637,1.0326,-0.1585,0.874,0.9819
Syt11,Syt11,480.3371,0.0203,0.0878,0.2308,0.8175,0.975
Syt12,Syt12,469.1724,-0.1913,0.1598,-1.1969,0.2314,0.8345
Syt13,Syt13,3253.61,-0.2264,0.0933,-2.4266,0.0152,0.732
Syt14,Syt14,0.8357,1.1668,1.5977,0.7303,0.4652,0.9158
Syt15,Syt15,2.3053,-0.0934,0.9162,-0.1019,0.9188,0.9879
Syt16,Syt16,0.5197,-1.3564,1.9907,-0.6814,0.4956,0.9181
Syt17,Syt17,679.2832,0.2711,0.197,1.3761,0.1688,0.805
Syt3,Syt3,1.87,-0.121,1.0487,-0.1153,0.9082,0.987
Syt5,Syt5,8.9884,0.474,0.6397,0.7409,0.4587,0.9139
Syt6,Syt6,17.8156,-0.1875,0.3647,-0.5142,0.6071,0.9411
Syt7,Syt7,46.6607,0.1851,0.3187,0.5809,0.5613,0.9294
Syt8,Syt8,198.2899,-0.371,0.3086,-1.2025,0.2292,0.8326
Sytl1,Sytl1,140.6833,-0.0508,0.1753,-0.2897,0.772,0.97
Sytl2,Sytl2,3415.6845,-0.2084,0.209,-0.997,0.3187,0.8707
Sytl3,Sytl3,7.0887,0.509,0.5759,0.8838,0.3768,0.8935
Sytl4,Sytl4,4.0674,0.1186,0.7592,0.1562,0.8758,0.9819
Sytl5,Sytl5,378.6094,-0.3156,0.3244,-0.9732,0.3305,0.8768
Syvn1,Syvn1,2398.6751,0.265,0.1012,2.6173,0.0089,0.732
Szrd1,Szrd1,5491.4088,-0.0703,0.0747,-0.9407,0.3469,0.8828
Szt2,Szt2,1216.0027,0.1709,0.1226,1.3937,0.1634,0.8037
T2,T2,0.5235,0.0715,2.0349,0.0352,0.972,0.999
Tab1,Tab1,1444.5816,0.09,0.0884,1.0189,0.3083,0.8653
Tab2,Tab2,3883.2402,-0.13,0.1524,-0.8528,0.3938,0.8986
Tab3,Tab3,322.1557,-0.2435,0.2528,-0.9631,0.3355,0.8778
Tac4,Tac4,12.2623,0.9,0.3988,2.2566,0.024,0.732
Tacc1,Tacc1,4436.295,-0.1636,0.0905,-1.8072,0.0707,0.7515
Tacc2,Tacc2,1620.858,0.077,0.0807,0.9546,0.3398,0.879
Tacc3,Tacc3,1873.9427,-0.7226,0.3587,-2.0142,0.044,0.7364
Taco1,Taco1,625.6816,-0.0487,0.1122,-0.4339,0.6643,0.9561
Tacr2,Tacr2,5.0242,0.268,0.6102,0.4392,0.6605,0.9548
Tacstd2,Tacstd2,13.5842,-0.2331,0.4335,-0.5376,0.5908,0.9377
Tada1,Tada1,1096.3872,-0.096,0.1003,-0.9571,0.3385,0.879
Tada2a,Tada2a,902.5537,0.0063,0.0849,0.0741,0.9409,0.9923
Tada2b,Tada2b,1006.1979,0.0127,0.083,0.1531,0.8784,0.9821
Tada3,Tada3,1226.8073,0.0361,0.0907,0.3981,0.6906,0.9623
Taf1,Taf1,2017.5485,-0.176,0.2017,-0.8724,0.383,0.8935
Taf10,Taf10,1227.2573,0.0318,0.1133,0.2808,0.7789,0.97
Taf11,Taf11,1294.7784,-0.016,0.0828,-0.193,0.847,0.978
Taf12,Taf12,1125.7657,0.0711,0.0849,0.837,0.4026,0.9033
Taf13,Taf13,1161.6592,-0.1027,0.1244,-0.8258,0.4089,0.9033
Taf15,Taf15,2283.5319,-0.0568,0.1312,-0.4329,0.6651,0.9561
Taf1a,Taf1a,408.2486,-0.1336,0.0946,-1.4128,0.1577,0.8015
Taf1b,Taf1b,829.4589,-0.0977,0.0781,-1.2497,0.2114,0.8265
Taf1c,Taf1c,304.6014,0.1383,0.1151,1.2011,0.2297,0.8328
Taf1d,Taf1d,736.4983,-0.2941,0.1747,-1.683,0.0924,0.7643
Taf2,Taf2,3144.9538,-0.1104,0.129,-0.8556,0.3922,0.8986
Taf3,Taf3,510.1819,-0.0526,0.1094,-0.4805,0.6309,0.9457
Taf4a,Taf4a,762.8709,0.0068,0.102,0.0663,0.9471,0.9934
Taf4b,Taf4b,146.1303,-0.1671,0.1808,-0.9244,0.3553,0.8852
Taf5,Taf5,281.6944,-0.1992,0.117,-1.7034,0.0885,0.764
Taf5l,Taf5l,820.7618,0.0408,0.112,0.3642,0.7157,0.9662
Taf6,Taf6,2003.8354,0.0495,0.0644,0.7684,0.4422,0.9118
Taf6l,Taf6l,179.2495,0.0841,0.1132,0.7431,0.4574,0.9137
Taf7,Taf7,187.4961,-0.3018,0.2407,-1.2538,0.2099,0.8265
Taf7l,Taf7l,10.4736,-0.2498,0.4562,-0.5475,0.584,0.9355
Taf8,Taf8,804.0324,0.0725,0.1147,0.6319,0.5275,0.9231
Taf9,Taf9,1887.0364,-0.126,0.2114,-0.596,0.5512,0.929
Taf9b,Taf9b,171.7616,-0.4047,0.2158,-1.8759,0.0607,0.7456
Tagap,Tagap,116.6754,0.0874,0.1655,0.5278,0.5977,0.9395
Tagap1,Tagap1,619.3146,0.124,0.2027,0.6117,0.5407,0.9281
Tagln,Tagln,10490.3958,-0.8438,0.4389,-1.9224,0.0546,0.7377
Tagln2,Tagln2,11109.8476,-0.0016,0.1532,-0.0106,0.9915,1
Tagln3,Tagln3,3.5648,-0.0372,0.8887,-0.0419,0.9666,0.9985
Tal2,Tal2,24.6154,0.2956,0.3343,0.8845,0.3764,0.8935
Taldo1,Taldo1,4681.4684,0.2207,0.2015,1.0952,0.2734,0.8588
Tamm41,Tamm41,439.3897,-0.0383,0.0973,-0.3933,0.6941,0.9623
Tanc1,Tanc1,4010.0844,-0.1006,0.061,-1.6493,0.0991,0.7669
Tanc2,Tanc2,2842.3728,-0.0219,0.1836,-0.1191,0.9052,0.9865
Tango2,Tango2,607.5382,0.0546,0.0891,0.6125,0.5402,0.9281
Tango6,Tango6,356.1415,0.0256,0.0979,0.2614,0.7938,0.9706
Tank,Tank,1771.9913,-0.0211,0.1163,-0.1818,0.8557,0.9796
Taok1,Taok1,3186.5464,-0.1305,0.319,-0.4092,0.6824,0.962
Taok2,Taok2,2229.8968,-0.0334,0.0602,-0.5556,0.5785,0.9346
Taok3,Taok3,1245.2421,0.0244,0.0915,0.2667,0.7897,0.97
Tap1,Tap1,157.885,-0.2407,0.162,-1.4862,0.1372,0.7871
Tap2,Tap2,1159.0629,-0.1749,0.1215,-1.4403,0.1498,0.7968
Tapbp,Tapbp,6741.3195,-0.1109,0.1142,-0.971,0.3315,0.8775
Tapbpl,Tapbpl,315.5405,0.1354,0.1292,1.0474,0.2949,0.8606
Tapt1,Tapt1,2075.6962,0.0279,0.0638,0.4375,0.6618,0.9551
Tarbp2,Tarbp2,948.0191,-0.0389,0.0837,-0.4651,0.6418,0.9505
Tardbp,Tardbp,6955.3521,-0.2215,0.1036,-2.1389,0.0324,0.732
Tars,Tars,7935.7864,0.0445,0.0879,0.5061,0.6128,0.942
Tars2,Tars2,1025.5216,-0.0237,0.0678,-0.3492,0.7269,0.9693
Tarsl2,Tarsl2,494.9573,-0.3379,0.2194,-1.5403,0.1235,0.7753
Tas1r1,Tas1r1,310.9178,-0.286,0.3004,-0.9521,0.341,0.879
Tas1r2,Tas1r2,68.8894,0.0526,0.1924,0.2731,0.7848,0.97
Tas1r3,Tas1r3,20.2266,0.0876,0.3194,0.2742,0.7839,0.97
Tas2r135,Tas2r135,0.5253,0.0715,2.0349,0.0351,0.972,0.999
Tasp1,Tasp1,514.199,0.0165,0.0953,0.1727,0.8629,0.9807
Tat,Tat,0.6239,-0.6361,1.7486,-0.3638,0.716,0.9662
Tatdn1,Tatdn1,667.753,-0.0858,0.1014,-0.8457,0.3977,0.8992
Tatdn2,Tatdn2,1567.9051,0.0008,0.0807,0.0099,0.9921,1
Tatdn3,Tatdn3,264.7074,0.0713,0.1021,0.6981,0.4851,0.9168
Tax1bp1,Tax1bp1,4653.4282,-0.1398,0.2043,-0.6844,0.4937,0.9181
Tax1bp3,Tax1bp3,2148.2136,-0.0812,0.1252,-0.6482,0.5169,0.9209
Taz,Taz,1287.1052,0.2453,0.0901,2.7218,0.0065,0.732
Tbata,Tbata,4.4941,-0.5273,0.7688,-0.6859,0.4928,0.9181
Tbc1d1,Tbc1d1,4284.1036,-0.2358,0.1792,-1.3163,0.1881,0.8161
Tbc1d10a,Tbc1d10a,853.0476,-0.0006,0.1009,-0.0061,0.9952,1
Tbc1d10b,Tbc1d10b,2654.8192,0.0631,0.0869,0.7253,0.4683,0.9168
Tbc1d10c,Tbc1d10c,13.2069,0.0138,0.475,0.029,0.9769,0.9992
Tbc1d12,Tbc1d12,382.7775,0.0402,0.1861,0.2163,0.8287,0.9769
Tbc1d13,Tbc1d13,1321.2077,0.2022,0.172,1.1753,0.2399,0.84
Tbc1d14,Tbc1d14,1572.5479,0.219,0.1414,1.5493,0.1213,0.7753
Tbc1d15,Tbc1d15,3297.2513,0.1463,0.107,1.367,0.1716,0.8066
Tbc1d16,Tbc1d16,793.5588,-0.1305,0.1025,-1.2732,0.2029,0.8262
Tbc1d17,Tbc1d17,1528.5076,0.3563,0.1707,2.0872,0.0369,0.732
Tbc1d19,Tbc1d19,1054.1487,-0.0986,0.1028,-0.9588,0.3377,0.879
Tbc1d2,Tbc1d2,158.7455,0.5027,0.4152,1.2107,0.226,0.8321
Tbc1d20,Tbc1d20,2582.3301,0.2365,0.1389,1.703,0.0886,0.764
Tbc1d21,Tbc1d21,1.8797,0.139,0.967,0.1437,0.8857,0.9833
Tbc1d22a,Tbc1d22a,1766.8617,0.2219,0.1109,2.0007,0.0454,0.7364
Tbc1d22b,Tbc1d22b,694.9331,-0.0218,0.0863,-0.252,0.8011,0.9719
Tbc1d23,Tbc1d23,2378.9085,-0.1358,0.1526,-0.8901,0.3734,0.893
Tbc1d24,Tbc1d24,1195.6951,0.1426,0.1316,1.0836,0.2786,0.8588
Tbc1d25,Tbc1d25,642.0301,0.033,0.0932,0.3546,0.7229,0.9686
Tbc1d2b,Tbc1d2b,2584.164,0.2689,0.1809,1.4869,0.137,0.787
Tbc1d30,Tbc1d30,1.2512,-0.7716,1.4303,-0.5394,0.5896,0.9364
Tbc1d31,Tbc1d31,1055.4537,-0.2458,0.1077,-2.2812,0.0225,0.732
Tbc1d32,Tbc1d32,307.5718,0.063,0.1877,0.3357,0.7371,0.9694
Tbc1d4,Tbc1d4,200.9452,0.014,0.143,0.0978,0.9221,0.9891
Tbc1d5,Tbc1d5,1430.2122,-0.0005,0.0591,-0.0091,0.9928,1
Tbc1d7,Tbc1d7,678.5309,-0.0503,0.1147,-0.4385,0.661,0.955
Tbc1d8,Tbc1d8,440.1455,-0.3114,0.2566,-1.2138,0.2248,0.8315
Tbc1d8b,Tbc1d8b,1022.604,-0.0365,0.2002,-0.1824,0.8553,0.9796
Tbc1d9,Tbc1d9,406.6915,0.1297,0.1048,1.2377,0.2158,0.8283
Tbc1d9b,Tbc1d9b,4116.5385,0.138,0.0986,1.4006,0.1613,0.8037
Tbca,Tbca,3052.4287,0.1158,0.1381,0.8384,0.4018,0.9026
Tbcb,Tbcb,1662.9168,0.0874,0.119,0.7341,0.4629,0.9152
Tbcc,Tbcc,831.0403,-0.0069,0.1139,-0.0603,0.9519,0.994
Tbccd1,Tbccd1,978.2377,0.224,0.1109,2.0199,0.0434,0.7364
Tbcd,Tbcd,4068.0309,0.1741,0.1254,1.3875,0.1653,0.8037
Tbce,Tbce,926.5205,0.0631,0.1222,0.5161,0.6058,0.941
Tbcel,Tbcel,1445.7838,0.2385,0.1429,1.6693,0.0951,0.7643
Tbck,Tbck,788.6455,-0.0319,0.0986,-0.3238,0.7461,0.9694
Tbk1,Tbk1,1503.2716,-0.0268,0.0983,-0.2731,0.7848,0.97
Tbkbp1,Tbkbp1,2.2931,-0.0977,0.9632,-0.1014,0.9192,0.9879
Tbl1x,Tbl1x,1615.0156,-0.0429,0.1379,-0.3111,0.7557,0.9694
Tbl1xr1,Tbl1xr1,3264.9177,-0.2288,0.1715,-1.3346,0.182,0.8131
Tbl2,Tbl2,1935.4771,0.1286,0.0801,1.6055,0.1084,0.7735
Tbl3,Tbl3,1739.9586,-0.0078,0.1224,-0.064,0.949,0.9935
Tbp,Tbp,810.23,-0.0851,0.085,-1.0016,0.3165,0.8701
Tbpl1,Tbpl1,1668.8095,0.1144,0.1239,0.9233,0.3558,0.8852
Tbr1,Tbr1,0.7324,0.9629,2.3685,0.4066,0.6843,0.9623
Tbrg1,Tbrg1,4908.3311,0.1208,0.138,0.8751,0.3815,0.8935
Tbrg3,Tbrg3,0.4195,0.7875,2.479,0.3177,0.7507,0.9694
Tbrg4,Tbrg4,1442.2485,0.0376,0.06,0.6274,0.5304,0.9244
Tbx1,Tbx1,510.0739,0.0125,0.1247,0.1005,0.9199,0.9879
Tbx10,Tbx10,2.8175,-0.9496,0.9724,-0.9766,0.3287,0.8758
Tbx15,Tbx15,3871.0821,-0.1614,0.2003,-0.8062,0.4201,0.905
Tbx18,Tbx18,2103.9927,-0.2139,0.1392,-1.5363,0.1245,0.7753
Tbx19,Tbx19,0.5269,0.5103,1.7521,0.2912,0.7709,0.97
Tbx2,Tbx2,10.4441,-0.2617,0.4612,-0.5675,0.5704,0.9318
Tbx20,Tbx20,0.8443,-0.6935,1.5274,-0.454,0.6498,0.9542
Tbx3,Tbx3,854.0968,0.067,0.1353,0.4951,0.6205,0.9436
Tbx4,Tbx4,27.7172,-0.3021,0.2991,-1.0102,0.3124,0.8685
Tbx6,Tbx6,19.0663,-0.1716,0.376,-0.4565,0.648,0.9535
Tbxa2r,Tbxa2r,3.65,-0.3927,0.888,-0.4423,0.6583,0.9548
Tbxas1,Tbxas1,3.5571,1.118,1.2033,0.9291,0.3529,0.8839
Tc2n,Tc2n,0.3157,-0.6835,2.5731,-0.2656,0.7905,0.97
Tcaf1,Tcaf1,2079.9643,-0.0845,0.099,-0.8537,0.3933,0.8986
Tcaf2,Tcaf2,1302.0578,-0.2178,0.1514,-1.4386,0.1503,0.7968
Tcaf3,Tcaf3,1.3519,0.4386,1.3588,0.3228,0.7469,0.9694
Tcaim,Tcaim,358.8528,-0.1443,0.1397,-1.0332,0.3015,0.8615
Tcam1,Tcam1,9.5321,0.8459,0.5855,1.4448,0.1485,0.7958
Tcap,Tcap,160.1986,-0.409,0.3648,-1.121,0.2623,0.853
Tcea1,Tcea1,2307.0977,-0.1503,0.1437,-1.0463,0.2954,0.8606
Tcea2,Tcea2,144.74,0.1136,0.193,0.5889,0.5559,0.929
Tcea3,Tcea3,280.9877,0.1014,0.123,0.8243,0.4098,0.9033
Tceal1,Tceal1,166.6618,0.0264,0.1432,0.1841,0.8539,0.9791
Tceal3,Tceal3,3.3334,0.3513,0.802,0.438,0.6614,0.955
Tceal5,Tceal5,18.1694,-0.7289,0.475,-1.5344,0.1249,0.7753
Tceal6,Tceal6,1.7753,0.069,1.0324,0.0669,0.9467,0.9934
Tceal7,Tceal7,288.2845,-0.7691,0.454,-1.694,0.0903,0.7643
Tceal8,Tceal8,4886.5249,-0.2297,0.1373,-1.6728,0.0944,0.7643
Tceanc,Tceanc,226.6138,-0.0391,0.1457,-0.2684,0.7884,0.97
Tceanc2,Tceanc2,1014.5186,0.0858,0.0742,1.1566,0.2475,0.8426
Tceb1,Tceb1,2753.1963,-0.1463,0.1201,-1.2185,0.223,0.8307
Tceb2,Tceb2,4596.9874,-0.0004,0.0883,-0.0047,0.9962,1
Tceb3,Tceb3,3379.0595,-0.0057,0.0697,-0.0814,0.9351,0.9923
Tcerg1,Tcerg1,2329.0099,-0.3144,0.1787,-1.7588,0.0786,0.7572
Tcf12,Tcf12,6066.8302,-0.2351,0.1733,-1.3566,0.1749,0.8089
Tcf19,Tcf19,580.6291,-0.8214,0.3039,-2.7028,0.0069,0.732
Tcf20,Tcf20,1880.9734,-0.1203,0.1379,-0.8723,0.383,0.8935
Tcf23,Tcf23,61.7786,-0.3597,0.2975,-1.209,0.2267,0.8325
Tcf25,Tcf25,8347.9324,0.1033,0.0678,1.5243,0.1274,0.7753
Tcf3,Tcf3,3800.7237,-0.0815,0.0919,-0.8872,0.375,0.8935
Tcf4,Tcf4,2941.2038,-0.098,0.2161,-0.4533,0.6503,0.9543
Tcf7,Tcf7,1173.8934,-0.038,0.0801,-0.4746,0.6351,0.948
Tcf7l1,Tcf7l1,1100.3351,-0.1126,0.0802,-1.4051,0.16,0.8033
Tcf7l2,Tcf7l2,882.4853,-0.1515,0.1056,-1.4342,0.1515,0.7968
Tchh,Tchh,2.8393,0.1116,0.9827,0.1136,0.9096,0.987
Tchp,Tchp,539.0826,0.1392,0.097,1.4348,0.1514,0.7968
Tcirg1,Tcirg1,2587.2426,-0.0341,0.0888,-0.3836,0.7013,0.9635
Tcl1b1,Tcl1b1,1.2501,-1.3344,1.3522,-0.9868,0.3237,0.8734
Tcl1b5,Tcl1b5,0.413,0.695,2.4257,0.2865,0.7745,0.97
Tcn2,Tcn2,1859.3708,0.5649,0.2162,2.6122,0.009,0.732
Tcof1,Tcof1,2251.523,0.0388,0.1227,0.3158,0.7521,0.9694
Tcp1,Tcp1,14030.8806,-0.0398,0.047,-0.8468,0.3971,0.8991
Tcp10b,Tcp10b,1.2546,1.3037,1.5694,0.8307,0.4061,0.9033
Tcp10c,Tcp10c,1.0457,1.6018,1.6959,0.9445,0.3449,0.8808
Tcp11l1,Tcp11l1,255.3455,0.0174,0.1299,0.1337,0.8937,0.9843
Tcp11l2,Tcp11l2,1352.0162,0.3071,0.1947,1.5774,0.1147,0.7749
Tcp11x2,Tcp11x2,52.9191,-0.3825,0.3012,-1.2699,0.2041,0.8262
Tcta,Tcta,1145.5874,0.1521,0.1115,1.364,0.1726,0.807
Tcte2,Tcte2,10.8093,0.9435,0.4401,2.1438,0.0321,0.732
Tctex1d2,Tctex1d2,624.854,0.1488,0.1446,1.0293,0.3033,0.8627
Tctex1d4,Tctex1d4,1.6669,0.1392,1.1348,0.1226,0.9024,0.986
Tctn1,Tctn1,512.6822,0.2106,0.1155,1.8243,0.0681,0.7497
Tctn2,Tctn2,639.9066,0.1986,0.1253,1.5846,0.1131,0.7736
Tctn3,Tctn3,505.0776,0.1878,0.1163,1.6154,0.1062,0.7713
Tdh,Tdh,1.4558,-0.8371,1.2972,-0.6454,0.5187,0.9219
Tdo2,Tdo2,2.1075,1.4887,1.0169,1.464,0.1432,0.7928
Tdp1,Tdp1,694.5608,0.0255,0.1099,0.2319,0.8166,0.975
Tdp2,Tdp2,819.8148,-0.2342,0.1383,-1.6929,0.0905,0.7643
Tdrd1,Tdrd1,0.6237,-0.6357,1.7485,-0.3635,0.7162,0.9662
Tdrd12,Tdrd12,1.2643,-0.4701,1.221,-0.3851,0.7002,0.9635
Tdrd3,Tdrd3,1274.536,-0.137,0.1574,-0.8708,0.3838,0.8935
Tdrd5,Tdrd5,0.6326,0.008,1.9005,0.0042,0.9967,1
Tdrd6,Tdrd6,2.1983,0.7838,1.1834,0.6623,0.5078,0.9188
Tdrd7,Tdrd7,1462.5077,-0.051,0.0662,-0.771,0.4407,0.9112
Tdrd9,Tdrd9,37.935,-0.2661,0.2903,-0.9166,0.3593,0.8863
Tdrkh,Tdrkh,541.5067,-0.6319,0.2707,-2.3343,0.0196,0.732
Tdrp,Tdrp,4.5912,0.301,0.6664,0.4517,0.6515,0.9544
Tead1,Tead1,4584.4628,-0.3147,0.2482,-1.2682,0.2047,0.8262
Tead2,Tead2,1699.6746,-0.0282,0.1088,-0.259,0.7957,0.9712
Tead3,Tead3,1590.0499,-0.0767,0.095,-0.8074,0.4195,0.9047
Tead4,Tead4,1449.8614,-0.1956,0.2058,-0.9508,0.3417,0.879
Tec,Tec,156.3794,0.29,0.1855,1.5634,0.1179,0.7753
Tecpr1,Tecpr1,1165.1624,0.4253,0.2279,1.8664,0.062,0.7456
Tecpr2,Tecpr2,660.3545,-0.0372,0.0844,-0.4402,0.6598,0.9548
Tecr,Tecr,11102.5177,0.1271,0.0568,2.2365,0.0253,0.732
Tecrl,Tecrl,89.3863,-0.1772,0.3202,-0.5533,0.5801,0.9352
Tecta,Tecta,1.8848,-0.3432,0.9846,-0.3485,0.7274,0.9694
Teddm2,Teddm2,0.7353,0.1122,1.5443,0.0727,0.9421,0.9926
Tef,Tef,4206.4403,-0.1302,0.2146,-0.6065,0.5442,0.9283
Tefm,Tefm,551.456,0.0276,0.0719,0.3845,0.7006,0.9635
Tek,Tek,25.0822,0.7261,0.5452,1.3317,0.183,0.8131
Tekt2,Tekt2,32.0448,-0.3693,0.3375,-1.0943,0.2738,0.8588
Tekt5,Tekt5,76.2783,-0.3661,0.3464,-1.0568,0.2906,0.8606
Telo2,Telo2,716.1973,0.0666,0.0897,0.7429,0.4576,0.9137
Ten1,Ten1,573.9063,0.1269,0.1191,1.0656,0.2866,0.8606
Tenm2,Tenm2,0.7303,1.963,2.2766,0.8622,0.3886,0.8964
Tenm3,Tenm3,5443.169,-0.5242,0.2854,-1.8369,0.0662,0.7457
Tenm4,Tenm4,147.7131,0.3679,0.2696,1.3648,0.1723,0.8069
Tep1,Tep1,2206.9555,0.0324,0.0828,0.3915,0.6954,0.9625
Tepp,Tepp,0.6258,-0.6631,1.9728,-0.3361,0.7368,0.9694
Terc,Terc,1.8912,1.2165,1.4072,0.8645,0.3873,0.8952
Terf1,Terf1,381.384,-0.2969,0.1622,-1.8303,0.0672,0.7457
Terf2,Terf2,1209.5068,-0.095,0.0589,-1.6127,0.1068,0.7713
Terf2ip,Terf2ip,887.4571,-0.0111,0.0853,-0.1302,0.8964,0.9854
Tert,Tert,80.7253,0.0229,0.1686,0.136,0.8918,0.9841
Tes,Tes,2834.5341,-0.1518,0.0899,-1.6889,0.0912,0.7643
Tesc,Tesc,3.3643,-0.6452,0.915,-0.7051,0.4807,0.9168
Tescl,Tescl,0.9439,1.4569,1.6307,0.8935,0.3716,0.893
Tesk1,Tesk1,1716.1646,0.028,0.0528,0.53,0.5961,0.9389
Tesk2,Tesk2,610.8141,0.0887,0.0922,0.9625,0.3358,0.8778
Tet1,Tet1,177.8135,-0.2645,0.3342,-0.7913,0.4288,0.9077
Tet2,Tet2,447.2897,-0.072,0.2266,-0.3179,0.7506,0.9694
Tet3,Tet3,1824.132,-0.062,0.0831,-0.7463,0.4555,0.9128
Tex10,Tex10,1422.7682,-0.1791,0.1213,-1.4764,0.1398,0.7903
Tex12,Tex12,1.1587,0.7854,1.3047,0.6019,0.5472,0.9289
Tex14,Tex14,1.6871,0.6474,1.2532,0.5166,0.6054,0.941
Tex16,Tex16,1.672,1.0504,1.3196,0.796,0.426,0.9068
Tex19.2,Tex19.2,0.3158,0.6972,2.5723,0.271,0.7864,0.97
Tex2,Tex2,1485.7984,0.1474,0.1169,1.2609,0.2073,0.8263
Tex22,Tex22,0.6322,-1.855,2.2242,-0.834,0.4043,0.9033
Tex26,Tex26,40.5617,0.1149,0.2548,0.4509,0.652,0.9544
Tex261,Tex261,2033.9205,0.2057,0.1264,1.6275,0.1036,0.7679
Tex264,Tex264,2891.9483,0.4666,0.2062,2.2627,0.0237,0.732
Tex30,Tex30,392.5251,-0.262,0.125,-2.0969,0.036,0.732
Tex35,Tex35,1.2563,0.004,1.5456,0.0026,0.9979,1
Tex38,Tex38,1.0454,0.2134,1.3462,0.1585,0.8741,0.9819
Tex40,Tex40,7.0162,0.4013,0.5307,0.7561,0.4496,0.912
Tex9,Tex9,232.3722,-0.1502,0.1351,-1.1124,0.266,0.8547
Tfam,Tfam,2093.6896,-0.0572,0.085,-0.6726,0.5012,0.9186
Tfap2a,Tfap2a,7.8385,0.2611,0.5533,0.4718,0.6371,0.9487
Tfap2c,Tfap2c,3.3386,-0.0498,0.912,-0.0546,0.9565,0.9957
Tfap4,Tfap4,315.2817,0.3267,0.2727,1.1979,0.2309,0.834
Tfb1m,Tfb1m,230.218,-0.0098,0.1118,-0.0878,0.93,0.9917
Tfb2m,Tfb2m,1050.1395,-0.1024,0.1683,-0.6084,0.5429,0.9283
Tfcp2,Tfcp2,1130.3002,0.0295,0.0745,0.3955,0.6925,0.9623
Tfcp2l1,Tfcp2l1,18.0247,0.6545,0.3513,1.8629,0.0625,0.7456
Tfdp1,Tfdp1,5601.9136,-0.1743,0.0691,-2.5219,0.0117,0.732
Tfdp2,Tfdp2,1459.3258,-0.2057,0.1823,-1.1282,0.2592,0.8499
Tfe3,Tfe3,2833.7189,0.1549,0.1545,1.0026,0.316,0.8701
Tfeb,Tfeb,457.9014,-0.2045,0.1396,-1.4648,0.143,0.7928
Tfg,Tfg,3737.7551,-0.1113,0.0968,-1.1503,0.25,0.8443
Tfip11,Tfip11,2183.4673,0.1273,0.078,1.6317,0.1027,0.7679
Tfpi,Tfpi,2169.0224,0.0652,0.1301,0.5009,0.6164,0.9427
Tfpi2,Tfpi2,0.6344,-0.8729,1.8832,-0.4635,0.643,0.9512
Tfpt,Tfpt,411.1352,0.0587,0.1012,0.5801,0.5619,0.9294
Tfr2,Tfr2,72.8552,-0.3632,0.2862,-1.2691,0.2044,0.8262
Tfrc,Tfrc,6157.1784,-0.2162,0.2194,-0.9855,0.3244,0.8736
Tg,Tg,582.5904,-0.2479,0.2093,-1.1847,0.2361,0.8369
Tgds,Tgds,920.1795,-0.0172,0.0973,-0.1772,0.8594,0.98
Tgfa,Tgfa,10.1686,0.0635,0.5044,0.126,0.8997,0.9858
Tgfb1,Tgfb1,3310.8565,0.0063,0.0698,0.0897,0.9286,0.9914
Tgfb1i1,Tgfb1i1,3037.9642,-0.1708,0.1105,-1.5449,0.1224,0.7753
Tgfb2,Tgfb2,2526.4102,-0.7437,0.3613,-2.0583,0.0396,0.732
Tgfb3,Tgfb3,7414.5568,-0.3931,0.2382,-1.6505,0.0988,0.7669
Tgfbi,Tgfbi,120.6029,0.1553,0.3391,0.458,0.647,0.9531
Tgfbr1,Tgfbr1,1304.0468,0.3937,0.2177,1.8088,0.0705,0.7513
Tgfbr2,Tgfbr2,14203.1606,-0.1972,0.1162,-1.6973,0.0896,0.764
Tgfbr3,Tgfbr3,675.2245,0.0365,0.1537,0.2377,0.8121,0.9742
Tgfbr3l,Tgfbr3l,35.9122,0.2655,0.3155,0.8414,0.4002,0.9014
Tgfbrap1,Tgfbrap1,1595.0944,0.1382,0.102,1.3551,0.1754,0.8098
Tgif1,Tgif1,3930.6957,0.3918,0.2206,1.7765,0.0756,0.7552
Tgif2,Tgif2,380.1401,-0.2445,0.16,-1.5276,0.1266,0.7753
Tgm1,Tgm1,8.145,1.0283,0.6221,1.6528,0.0984,0.7669
Tgm2,Tgm2,1528.1729,-0.3066,0.2438,-1.2576,0.2085,0.8265
Tgm3,Tgm3,2.2032,0.2013,1.0775,0.1868,0.8518,0.9789
Tgm4,Tgm4,507.589,0.152,0.1507,1.0088,0.3131,0.869
Tgm5,Tgm5,39.41,-0.3862,0.3531,-1.0938,0.2741,0.8588
Tgoln1,Tgoln1,2492.6707,0.1682,0.1698,0.9903,0.322,0.873
Tgs1,Tgs1,1072.9681,-0.1376,0.1975,-0.6966,0.486,0.9168
Tgtp1,Tgtp1,3.3501,0.3936,0.9525,0.4132,0.6795,0.9612
Tgtp2,Tgtp2,22.6143,-0.9332,0.5666,-1.6472,0.0995,0.7669
Tha1,Tha1,58.3196,0.2211,0.2403,0.92,0.3576,0.8858
Thada,Thada,972.4924,-0.0096,0.1016,-0.0949,0.9244,0.99
Thap1,Thap1,343.6361,-0.0835,0.1368,-0.6107,0.5414,0.9283
Thap11,Thap11,1185.3252,0.1157,0.0972,1.1909,0.2337,0.8354
Thap2,Thap2,456.9793,-0.1403,0.1783,-0.7865,0.4316,0.9081
Thap3,Thap3,610.8773,0.0167,0.1163,0.1433,0.8861,0.9833
Thap4,Thap4,1341.0234,0.1783,0.1245,1.4323,0.1521,0.7976
Thap6,Thap6,127.3694,0.0449,0.2148,0.2089,0.8345,0.9774
Thap7,Thap7,766.2308,0.292,0.2228,1.3103,0.1901,0.8161
Thbd,Thbd,3495.1684,1.3502,0.9277,1.4555,0.1455,0.7928
Thbs1,Thbs1,132533.0893,-0.3652,0.2629,-1.3889,0.1649,0.8037
Thbs2,Thbs2,23207.4533,0.2518,0.2156,1.1678,0.2429,0.8407
Thbs3,Thbs3,368.79,-0.4224,0.198,-2.1336,0.0329,0.732
Thbs4,Thbs4,7.0159,-0.9933,0.6395,-1.5534,0.1203,0.7753
Them4,Them4,309.8038,0.2687,0.1882,1.4276,0.1534,0.7988
Them6,Them6,659.588,-0.0655,0.1117,-0.5865,0.5575,0.929
Them7,Them7,1.2563,0.004,1.5456,0.0026,0.9979,1
Themis,Themis,12.4505,0.138,0.445,0.3102,0.7564,0.9694
Thg1l,Thg1l,955.1195,0.1543,0.1554,0.993,0.3207,0.8724
Thnsl1,Thnsl1,417.8618,-0.1491,0.1533,-0.9728,0.3307,0.8768
Thnsl2,Thnsl2,45.4172,-0.0597,0.2266,-0.2636,0.7921,0.9702
Thoc1,Thoc1,1462.2594,0.0312,0.1248,0.2503,0.8024,0.9719
Thoc2,Thoc2,711.047,0.0762,0.1535,0.4966,0.6194,0.9434
Thoc3,Thoc3,1279.726,-0.1284,0.0664,-1.9325,0.0533,0.7364
Thoc5,Thoc5,1985.321,0.0653,0.0765,0.8534,0.3934,0.8986
Thoc6,Thoc6,703.9748,-0.0712,0.132,-0.5394,0.5896,0.9364
Thoc7,Thoc7,2361.1346,-0.1224,0.099,-1.2365,0.2163,0.8286
Thop1,Thop1,2622.8079,-0.1075,0.1169,-0.9193,0.3579,0.8858
Thpo,Thpo,38.0976,0.1139,0.3181,0.358,0.7204,0.9678
Thra,Thra,2718.9271,0.0441,0.1429,0.309,0.7573,0.9694
Thrap3,Thrap3,6460.5642,-0.1677,0.1018,-1.647,0.0996,0.7669
Thrsp,Thrsp,0.5255,0.0916,2.4331,0.0377,0.97,0.999
Thsd1,Thsd1,7.0116,0.0523,0.5329,0.0982,0.9218,0.989
Thsd4,Thsd4,275.6383,-0.1189,0.1112,-1.0693,0.2849,0.8606
Thsd7a,Thsd7a,1192.3178,-0.2173,0.1205,-1.8022,0.0715,0.752
Thsd7b,Thsd7b,17.3251,0.4786,0.4742,1.0091,0.3129,0.869
Thtpa,Thtpa,668.096,0.1243,0.1011,1.2292,0.219,0.8302
Thumpd1,Thumpd1,1506.8922,-0.0812,0.0551,-1.4728,0.1408,0.7905
Thumpd2,Thumpd2,331.27,0.0965,0.1468,0.6578,0.5106,0.9195
Thumpd3,Thumpd3,1349.2174,-0.038,0.0835,-0.4548,0.6492,0.9539
Thy1,Thy1,1.148,-0.9523,1.3164,-0.7234,0.4694,0.9168
Thyn1,Thyn1,388.1332,-0.2672,0.1482,-1.8036,0.0713,0.752
Tia1,Tia1,1720.3341,-0.1451,0.1922,-0.7547,0.4504,0.912
Tial1,Tial1,1739.238,-0.2108,0.1406,-1.4997,0.1337,0.7815
Tiam1,Tiam1,1400.7981,-0.09,0.1079,-0.8342,0.4042,0.9033
Tiam2,Tiam2,1567.9609,-0.094,0.0738,-1.2741,0.2026,0.8262
Ticam1,Ticam1,814.1123,0.1839,0.1011,1.8187,0.069,0.7507
Ticam2,Ticam2,1.0486,-1.7757,1.6512,-1.0754,0.2822,0.8606
Ticrr,Ticrr,267.1583,-0.9558,0.4108,-2.3268,0.02,0.732
Tifa,Tifa,690.8076,0.3652,0.2371,1.5401,0.1235,0.7753
Tigar,Tigar,320.0333,0.1219,0.1514,0.8053,0.4206,0.9053
Tigd2,Tigd2,699.7266,-0.0211,0.1602,-0.132,0.895,0.9848
Tigd3,Tigd3,21.6499,-0.7055,0.3307,-2.1332,0.0329,0.732
Tigd4,Tigd4,2.3966,-0.5189,0.8859,-0.5858,0.558,0.9293
Tigd5,Tigd5,254.5477,-0.0203,0.1105,-0.1835,0.8544,0.9794
Tigit,Tigit,45.9961,-0.1625,0.3002,-0.5414,0.5883,0.9357
Timeless,Timeless,481.8126,-0.1704,0.1389,-1.2266,0.22,0.8302
Timm10,Timm10,592.7126,0.0054,0.1128,0.0477,0.962,0.997
Timm10b,Timm10b,549.0827,-0.0913,0.1066,-0.857,0.3915,0.8983
Timm13,Timm13,1856.7209,-0.0082,0.0957,-0.0859,0.9316,0.9921
Timm17a,Timm17a,2866.3087,-0.0305,0.0878,-0.3472,0.7284,0.9694
Timm17b,Timm17b,908.8962,-0.0141,0.0933,-0.1507,0.8802,0.9823
Timm21,Timm21,750.6113,0.0569,0.1015,0.5604,0.5752,0.9331
Timm22,Timm22,1704.3811,0.004,0.1001,0.0398,0.9683,0.9988
Timm23,Timm23,3186.5586,-0.0621,0.0911,-0.6825,0.4949,0.9181
Timm44,Timm44,1767.905,0.0203,0.0707,0.2869,0.7742,0.97
Timm50,Timm50,1100.8497,-0.0393,0.0866,-0.4538,0.65,0.9542
Timm8a1,Timm8a1,355.4659,0.1604,0.3093,0.5186,0.604,0.941
Timm8a2,Timm8a2,0.5157,0.7794,2.3731,0.3284,0.7426,0.9694
Timm8b,Timm8b,666.2219,0.1568,0.1728,0.907,0.3644,0.8879
Timm9,Timm9,506.4758,-0.0381,0.1083,-0.3514,0.7253,0.9689
Timmdc1,Timmdc1,1172.1454,0.0594,0.0656,0.9058,0.365,0.8885
Timp1,Timp1,8818.0506,-0.0323,0.0935,-0.346,0.7294,0.9694
Timp2,Timp2,50176.9285,0.0625,0.081,0.7716,0.4403,0.9112
Timp3,Timp3,23097.1023,-0.7209,0.2476,-2.9116,0.0036,0.732
Timp4,Timp4,16.5384,1.0496,0.4535,2.3146,0.0206,0.732
Tinagl1,Tinagl1,467.7778,-0.009,0.1463,-0.0615,0.9509,0.9939
Tinf2,Tinf2,690.1182,-0.1183,0.1064,-1.1119,0.2662,0.8547
Tiparp,Tiparp,1753.8751,0.0662,0.1479,0.4479,0.6542,0.9548
Tipin,Tipin,1090.4089,-0.3223,0.1017,-3.1701,0.0015,0.6187
Tiprl,Tiprl,2605.6049,-0.0442,0.0677,-0.6522,0.5143,0.9199
Tirap,Tirap,923.9437,0.0531,0.1382,0.3842,0.7008,0.9635
Tjap1,Tjap1,2187.4548,-0.0676,0.0902,-0.7498,0.4534,0.9123
Tjp1,Tjp1,6426.5992,-0.2129,0.1972,-1.0794,0.2804,0.8603
Tjp2,Tjp2,991.2058,-0.1721,0.1117,-1.5413,0.1232,0.7753
Tjp3,Tjp3,3.3459,-0.1292,0.7459,-0.1732,0.8625,0.9807
Tk1,Tk1,1136.3309,-0.9,0.3894,-2.3116,0.0208,0.732
Tk2,Tk2,643.8029,0.2716,0.1305,2.081,0.0374,0.732
Tkfc,Tkfc,620.8147,0.0406,0.0862,0.471,0.6376,0.9487
Tkt,Tkt,1843.2812,-0.0658,0.1717,-0.3833,0.7015,0.9635
Tktl1,Tktl1,1.6679,-1.173,1.0937,-1.0726,0.2835,0.8606
Tlcd1,Tlcd1,149.8863,-0.168,0.1555,-1.0807,0.2798,0.8598
Tlcd2,Tlcd2,98.186,-0.2515,0.1749,-1.4381,0.1504,0.7968
Tldc1,Tldc1,419.9699,0.1779,0.1425,1.2482,0.212,0.8265
Tldc2,Tldc2,1.4496,-0.5922,1.4879,-0.398,0.6906,0.9623
Tle1,Tle1,729.841,0.1102,0.122,0.9039,0.3661,0.8891
Tle2,Tle2,436.5439,0.1213,0.1025,1.1833,0.2367,0.8369
Tle3,Tle3,4127.9858,0.0807,0.0746,1.0806,0.2799,0.8598
Tle4,Tle4,76.2949,-0.3058,0.2957,-1.0344,0.301,0.8615
Tle6,Tle6,438.265,0.3114,0.1479,2.1056,0.0352,0.732
Tlk1,Tlk1,1792.9962,0.0255,0.1419,0.1793,0.8577,0.9796
Tlk2,Tlk2,2024.6752,-0.1352,0.1547,-0.8742,0.382,0.8935
Tll1,Tll1,15.3645,-0.5025,0.4601,-1.092,0.2748,0.8588
Tln1,Tln1,20981.4649,0.0962,0.0781,1.2307,0.2184,0.8302
Tln2,Tln2,3272.7312,-0.5096,0.2209,-2.3064,0.0211,0.732
Tlr1,Tlr1,10.4292,-0.7714,0.655,-1.1777,0.2389,0.8397
Tlr13,Tlr13,0.8236,0.4206,2.4023,0.1751,0.861,0.9802
Tlr2,Tlr2,1538.637,0.422,0.1836,2.2984,0.0215,0.732
Tlr3,Tlr3,144.8814,-0.0771,0.2137,-0.3608,0.7183,0.967
Tlr4,Tlr4,1526.529,0.6746,0.2578,2.6169,0.0089,0.732
Tlr5,Tlr5,27.8044,-0.0777,0.2729,-0.2848,0.7758,0.97
Tlr6,Tlr6,327.4612,-0.2263,0.2108,-1.0735,0.283,0.8606
Tlr7,Tlr7,1.9838,1.0277,1.2172,0.8443,0.3985,0.8997
Tlx2,Tlx2,6.9023,0.423,0.6876,0.6151,0.5385,0.9276
Tm2d1,Tm2d1,1437.6681,0.0466,0.0668,0.6971,0.4858,0.9168
Tm2d2,Tm2d2,2392.707,0.1498,0.1147,1.3057,0.1916,0.8165
Tm2d3,Tm2d3,468.8503,0.1501,0.1134,1.3236,0.1856,0.8161
Tm4sf1,Tm4sf1,3201.7308,-0.0642,0.1277,-0.5028,0.6151,0.9427
Tm4sf19,Tm4sf19,1.7798,-0.1735,1.2381,-0.1401,0.8886,0.9833
Tm4sf4,Tm4sf4,1.6828,-0.8899,1.1268,-0.7897,0.4297,0.9079
Tm6sf1,Tm6sf1,65.0677,-0.1051,0.2208,-0.476,0.6341,0.9476
Tm6sf2,Tm6sf2,12.2454,0.6043,0.5026,1.2024,0.2292,0.8326
Tm7sf2,Tm7sf2,296.1902,0.451,0.1642,2.7463,0.006,0.732
Tm7sf3,Tm7sf3,2305.387,0.0825,0.0936,0.8817,0.3779,0.8935
Tm9sf1,Tm9sf1,4459.2171,0.1359,0.0966,1.4074,0.1593,0.8016
Tm9sf2,Tm9sf2,9441.6559,0.1766,0.1179,1.4982,0.1341,0.7823
Tm9sf3,Tm9sf3,10711.5509,-0.0326,0.1439,-0.2262,0.8211,0.9761
Tm9sf4,Tm9sf4,4080.4318,0.1363,0.0855,1.5932,0.1111,0.7736
Tma16,Tma16,364.6722,-0.0033,0.162,-0.0204,0.9837,1
Tma7,Tma7,2178.6479,0.0161,0.0898,0.1788,0.8581,0.9797
Tmbim1,Tmbim1,7909.1623,0.1652,0.0768,2.1504,0.0315,0.732
Tmbim4,Tmbim4,2243.399,0.1328,0.0687,1.9325,0.0533,0.7364
Tmbim6,Tmbim6,21308.0111,0.1353,0.0844,1.6021,0.1091,0.7736
Tmc3,Tmc3,66.9448,0.5278,0.3623,1.4569,0.1451,0.7928
Tmc4,Tmc4,65.2566,0.0283,0.2288,0.1236,0.9016,0.986
Tmc6,Tmc6,1569.9053,0.3215,0.1165,2.7597,0.0058,0.732
Tmc7,Tmc7,74.424,-0.2084,0.2787,-0.7477,0.4546,0.9127
Tmc8,Tmc8,13.1158,0.3803,0.451,0.8433,0.3991,0.9008
Tmcc1,Tmcc1,1296.461,-0.0708,0.0887,-0.7974,0.4252,0.9064
Tmcc2,Tmcc2,1616.4014,0.0154,0.0869,0.1774,0.8592,0.98
Tmcc3,Tmcc3,881.9778,-0.1096,0.1907,-0.5747,0.5655,0.9302
Tmco1,Tmco1,3422.7933,0.0821,0.0584,1.4051,0.16,0.8033
Tmco3,Tmco3,2430.6031,0.1751,0.0975,1.7962,0.0725,0.752
Tmco4,Tmco4,145.1093,0.2261,0.2411,0.9377,0.3484,0.8829
Tmco6,Tmco6,264.1115,0.2645,0.1775,1.4902,0.1362,0.7856
Tmed1,Tmed1,1751.5169,0.1557,0.1421,1.0961,0.273,0.8588
Tmed10,Tmed10,15217.9554,0.1785,0.1273,1.403,0.1606,0.8037
Tmed2,Tmed2,8160.6555,0.078,0.2154,0.3618,0.7175,0.9666
Tmed3,Tmed3,4307.9894,0.2044,0.1224,1.6702,0.0949,0.7643
Tmed4,Tmed4,3499.5744,0.1369,0.1098,1.2464,0.2126,0.8265
Tmed5,Tmed5,601.6383,0.2321,0.1574,1.4748,0.1403,0.7903
Tmed6,Tmed6,0.4139,-0.7723,2.4834,-0.311,0.7558,0.9694
Tmed7,Tmed7,6458.829,-0.0087,0.1524,-0.0573,0.9543,0.9949
Tmed8,Tmed8,1109.55,0.1892,0.1648,1.1484,0.2508,0.8443
Tmed9,Tmed9,8036.0464,0.037,0.0914,0.4046,0.6857,0.9623
Tmeff1,Tmeff1,2682.8182,-0.0101,0.1851,-0.0545,0.9566,0.9957
Tmeff2,Tmeff2,631.769,-0.1533,0.251,-0.6108,0.5414,0.9283
Tmem100,Tmem100,8.6616,-1.2472,0.7101,-1.7562,0.0791,0.7572
Tmem101,Tmem101,778.6311,-0.0146,0.0801,-0.1824,0.8553,0.9796
Tmem102,Tmem102,0.6246,0.4365,1.9616,0.2225,0.8239,0.9766
Tmem104,Tmem104,906.5765,0.3281,0.1811,1.8121,0.07,0.7507
Tmem106a,Tmem106a,120.6145,-0.4157,0.2618,-1.5882,0.1122,0.7736
Tmem106b,Tmem106b,4783.3252,0.2482,0.1882,1.3186,0.1873,0.8161
Tmem106c,Tmem106c,710.4799,0.1159,0.1204,0.9632,0.3355,0.8778
Tmem107,Tmem107,274.616,0.0503,0.1217,0.4131,0.6796,0.9612
Tmem108,Tmem108,1.7792,0.5599,1.1103,0.5043,0.6141,0.9426
Tmem109,Tmem109,5157.737,0.0209,0.0942,0.2215,0.8247,0.9766
Tmem11,Tmem11,1137.6562,0.0069,0.0872,0.079,0.937,0.9923
Tmem110,Tmem110,782.3822,0.0505,0.1021,0.4948,0.6207,0.9436
Tmem115,Tmem115,1989.0553,0.3038,0.1528,1.9873,0.0469,0.7364
Tmem116,Tmem116,20.7171,0.188,0.4034,0.4661,0.6412,0.95
Tmem117,Tmem117,148.9913,-0.0091,0.1368,-0.0666,0.9469,0.9934
Tmem119,Tmem119,4633.6785,-0.3428,0.259,-1.3237,0.1856,0.8161
Tmem120a,Tmem120a,939.3489,0.1768,0.1687,1.0477,0.2948,0.8606
Tmem120b,Tmem120b,562.621,-0.0655,0.0941,-0.696,0.4864,0.9168
Tmem121,Tmem121,330.3731,-0.0407,0.1167,-0.349,0.7271,0.9693
Tmem123,Tmem123,14250.8793,-0.3647,0.2296,-1.5881,0.1123,0.7736
Tmem125,Tmem125,1.0456,0.2287,1.2687,0.1802,0.857,0.9796
Tmem126a,Tmem126a,848.1115,-0.0291,0.072,-0.4037,0.6865,0.9623
Tmem126b,Tmem126b,415.1583,0.0332,0.1108,0.3001,0.7641,0.97
Tmem127,Tmem127,4149.1755,0.0889,0.0758,1.1718,0.2413,0.8401
Tmem128,Tmem128,902.3286,0.0174,0.1512,0.1149,0.9085,0.987
Tmem129,Tmem129,1426.692,0.0359,0.0886,0.4053,0.6853,0.9623
Tmem130,Tmem130,33.0995,-0.6169,0.5071,-1.2167,0.2237,0.831
Tmem131,Tmem131,3221.8804,0.0405,0.103,0.3935,0.694,0.9623
Tmem132a,Tmem132a,4313.3557,0.137,0.0603,2.2698,0.0232,0.732
Tmem132b,Tmem132b,0.5275,-1.5669,1.9004,-0.8245,0.4097,0.9033
Tmem134,Tmem134,2076.6192,0.0697,0.1066,0.654,0.5131,0.9199
Tmem135,Tmem135,979.241,0.1497,0.1227,1.2206,0.2222,0.8307
Tmem136,Tmem136,1.371,-1.1362,1.191,-0.9539,0.3401,0.879
Tmem138,Tmem138,675.8319,-0.0042,0.1253,-0.0332,0.9735,0.999
Tmem139,Tmem139,5.1269,-0.6254,0.6388,-0.979,0.3276,0.8756
Tmem140,Tmem140,61.4613,0.5141,0.3574,1.4385,0.1503,0.7968
Tmem141,Tmem141,310.8921,0.0808,0.0889,0.9091,0.3633,0.8873
Tmem143,Tmem143,548.5653,0.1321,0.0935,1.4122,0.1579,0.8015
Tmem144,Tmem144,63.5372,-0.3992,0.2177,-1.8334,0.0667,0.7457
Tmem147,Tmem147,1595.4152,0.0514,0.11,0.4674,0.6402,0.9497
Tmem14a,Tmem14a,59.3866,0.1291,0.1965,0.657,0.5112,0.9195
Tmem14c,Tmem14c,2198.3612,0.0752,0.1047,0.7186,0.4724,0.9168
Tmem150a,Tmem150a,702.5173,0.0748,0.0693,1.0786,0.2808,0.8604
Tmem150b,Tmem150b,1.3594,-1.3309,1.3987,-0.9516,0.3413,0.879
Tmem151a,Tmem151a,508.8338,0.6525,0.2364,2.76,0.0058,0.732
Tmem151b,Tmem151b,3.3406,-1.1972,0.9515,-1.2583,0.2083,0.8265
Tmem154,Tmem154,220.0327,0.9869,0.787,1.254,0.2098,0.8265
Tmem158,Tmem158,514.6252,-0.0201,0.1491,-0.1348,0.8928,0.9841
Tmem159,Tmem159,810.378,0.184,0.1405,1.3103,0.1901,0.8161
Tmem160,Tmem160,612.6182,0.1307,0.1368,0.9552,0.3395,0.879
Tmem161a,Tmem161a,2058.7587,0.126,0.1074,1.1725,0.241,0.84
Tmem161b,Tmem161b,323.6522,-0.0784,0.1754,-0.4471,0.6548,0.9548
Tmem163,Tmem163,0.5179,-0.0578,2.0357,-0.0284,0.9774,0.9992
Tmem164,Tmem164,1864.9956,-0.0271,0.0985,-0.275,0.7833,0.97
Tmem165,Tmem165,3240.7061,0.131,0.1526,0.8586,0.3905,0.898
Tmem167,Tmem167,3795.5434,0.0042,0.0769,0.0542,0.9568,0.9957
Tmem167b,Tmem167b,3728.5795,0.0354,0.0834,0.4247,0.6711,0.9578
Tmem168,Tmem168,2132.8835,-0.0494,0.0852,-0.5804,0.5616,0.9294
Tmem169,Tmem169,268.4573,0.0849,0.156,0.5442,0.5863,0.9355
Tmem17,Tmem17,94.5888,-0.0647,0.2097,-0.3085,0.7577,0.9694
Tmem170,Tmem170,108.7203,0.1094,0.1365,0.8014,0.4229,0.906
Tmem170b,Tmem170b,416.5927,-0.0762,0.2257,-0.3375,0.7358,0.9694
Tmem171,Tmem171,73.7688,-0.4716,0.2384,-1.9781,0.0479,0.7364
Tmem173,Tmem173,917.4379,0.2056,0.1693,1.2144,0.2246,0.8313
Tmem175,Tmem175,808.7329,0.1425,0.0776,1.8372,0.0662,0.7457
Tmem176a,Tmem176a,643.5545,0.3401,0.1317,2.5813,0.0098,0.732
Tmem176b,Tmem176b,1740.5462,0.2901,0.1451,1.999,0.0456,0.7364
Tmem177,Tmem177,619.7034,0.0837,0.1422,0.5886,0.5561,0.929
Tmem178b,Tmem178b,0.4216,-2.2601,2.3011,-0.9822,0.326,0.8747
Tmem179,Tmem179,0.9325,-0.7183,1.8566,-0.3869,0.6988,0.9635
Tmem179b,Tmem179b,256.8479,0.3487,0.2062,1.6913,0.0908,0.7643
Tmem18,Tmem18,974.6212,-0.1126,0.0708,-1.5903,0.1118,0.7736
Tmem180,Tmem180,56.3588,0.4623,0.2704,1.71,0.0873,0.764
Tmem181a,Tmem181a,410.8129,0.0718,0.1961,0.366,0.7144,0.9662
Tmem181b-ps,Tmem181b-ps,906.7567,0.1134,0.1414,0.802,0.4226,0.906
Tmem181c-ps,Tmem181c-ps,315.7485,-0.0477,0.1055,-0.4522,0.6511,0.9544
Tmem182,Tmem182,998.3105,-0.222,0.2516,-0.8826,0.3775,0.8935
Tmem183a,Tmem183a,3424.2605,-0.0103,0.0664,-0.1557,0.8762,0.9819
Tmem184a,Tmem184a,110.2537,0.0415,0.2343,0.177,0.8595,0.98
Tmem184b,Tmem184b,6246.0514,0.2378,0.1371,1.7352,0.0827,0.7572
Tmem184c,Tmem184c,1203.7596,0.0178,0.2229,0.08,0.9362,0.9923
Tmem185b,Tmem185b,1267.4807,0.0773,0.0979,0.7899,0.4296,0.9079
Tmem186,Tmem186,645.2437,0.0519,0.1254,0.4139,0.6789,0.961
Tmem189,Tmem189,3381.0514,0.2588,0.126,2.054,0.04,0.732
Tmem19,Tmem19,2252.1198,0.0673,0.0775,0.8691,0.3848,0.8941
Tmem190,Tmem190,3.2438,-0.5127,0.7759,-0.6608,0.5087,0.9195
Tmem191c,Tmem191c,25.8604,0.1547,0.2852,0.5426,0.5874,0.9355
Tmem192,Tmem192,739.5828,0.3453,0.2129,1.6222,0.1048,0.7691
Tmem194,Tmem194,707.0339,-0.2273,0.122,-1.8634,0.0624,0.7456
Tmem194b,Tmem194b,183.4135,-0.1143,0.1476,-0.7741,0.4389,0.9106
Tmem198,Tmem198,27.1679,0.1793,0.3017,0.5943,0.5523,0.929
Tmem198b,Tmem198b,597.3077,-0.0395,0.0925,-0.4275,0.669,0.9568
Tmem199,Tmem199,929.05,0.1498,0.1107,1.3523,0.1763,0.8104
Tmem2,Tmem2,1906.4911,-0.2473,0.1545,-1.6012,0.1093,0.7736
Tmem200a,Tmem200a,100.4471,-0.8963,0.4984,-1.7983,0.0721,0.752
Tmem200b,Tmem200b,39.496,-0.1441,0.2746,-0.5247,0.5998,0.9406
Tmem200c,Tmem200c,0.8401,-0.2425,1.6538,-0.1466,0.8834,0.9825
Tmem201,Tmem201,1258.9892,0.1597,0.0711,2.2478,0.0246,0.732
Tmem202,Tmem202,29.1992,0.1315,0.3227,0.4074,0.6837,0.9622
Tmem203,Tmem203,187.4697,0.2203,0.2387,0.923,0.356,0.8852
Tmem204,Tmem204,37.703,-0.2835,0.2428,-1.1673,0.2431,0.8408
Tmem205,Tmem205,470.0468,0.2385,0.1387,1.7204,0.0854,0.7626
Tmem206,Tmem206,712.4657,0.2508,0.1854,1.3532,0.176,0.8104
Tmem208,Tmem208,1144.9,0.0763,0.0934,0.8169,0.414,0.9033
Tmem209,Tmem209,1973.0548,0.0027,0.0992,0.027,0.9785,0.9995
Tmem212,Tmem212,1.4567,0.7592,1.3849,0.5482,0.5835,0.9353
Tmem214,Tmem214,3155.9914,0.0758,0.0725,1.045,0.296,0.8607
Tmem216,Tmem216,342.3877,0.0204,0.1292,0.1578,0.8746,0.9819
Tmem218,Tmem218,420.5472,0.1545,0.1284,1.2037,0.2287,0.8326
Tmem219,Tmem219,522.9119,0.0815,0.095,0.8578,0.391,0.8983
Tmem220,Tmem220,71.0427,0.3051,0.1959,1.5572,0.1194,0.7753
Tmem221,Tmem221,7.1426,0.2628,0.5468,0.4807,0.6307,0.9456
Tmem222,Tmem222,1353.3912,0.1282,0.1222,1.0487,0.2943,0.8606
Tmem223,Tmem223,33.9365,-0.2486,0.3219,-0.7721,0.44,0.9112
Tmem229b,Tmem229b,186.5958,-0.2092,0.2385,-0.8774,0.3803,0.8935
Tmem230,Tmem230,1505.5545,0.1337,0.1349,0.9914,0.3215,0.873
Tmem231,Tmem231,434.0851,0.1797,0.1044,1.7206,0.0853,0.7626
Tmem234,Tmem234,1950.7157,0.1099,0.1071,1.0256,0.3051,0.8641
Tmem236,Tmem236,6.068,-0.0673,0.6684,-0.1007,0.9198,0.9879
Tmem237,Tmem237,1156.4152,0.0045,0.0838,0.0542,0.9567,0.9957
Tmem238,Tmem238,47.833,0.0657,0.2092,0.314,0.7535,0.9694
Tmem239,Tmem239,3.1456,0.7138,0.752,0.9492,0.3425,0.8793
Tmem240,Tmem240,12.2452,0.5993,0.4541,1.3198,0.1869,0.8161
Tmem241,Tmem241,330.1845,0.3852,0.2124,1.8137,0.0697,0.7507
Tmem242,Tmem242,1824.9251,0.0446,0.1025,0.4351,0.6635,0.9561
Tmem243,Tmem243,218.0139,0.1561,0.1823,0.8563,0.3918,0.8983
Tmem245,Tmem245,368.6062,-0.2373,0.2493,-0.952,0.3411,0.879
Tmem246,Tmem246,185.7305,-0.1987,0.2374,-0.8368,0.4027,0.9033
Tmem248,Tmem248,3714.7859,0.1175,0.0872,1.3469,0.178,0.8123
Tmem25,Tmem25,37.6969,0.1335,0.2436,0.5481,0.5836,0.9353
Tmem251,Tmem251,535.8591,0.4261,0.2974,1.4328,0.1519,0.7973
Tmem252,Tmem252,12.3501,-0.3515,0.6923,-0.5077,0.6116,0.942
Tmem253,Tmem253,8.4679,-0.1415,0.4747,-0.2981,0.7656,0.97
Tmem255a,Tmem255a,0.7304,-1.0612,2.3229,-0.4569,0.6478,0.9535
Tmem255b,Tmem255b,0.7392,-2.1421,1.7661,-1.2129,0.2252,0.8317
Tmem256,Tmem256,1046.5066,0.1478,0.1145,1.2903,0.1969,0.8209
Tmem258,Tmem258,2338.8133,0.2161,0.1393,1.5513,0.1208,0.7753
Tmem259,Tmem259,4211.6327,0.2183,0.105,2.0781,0.0377,0.732
Tmem26,Tmem26,8.7089,-0.8685,0.5163,-1.6823,0.0925,0.7643
Tmem260,Tmem260,972.4726,-0.0786,0.1498,-0.5248,0.5997,0.9406
Tmem261,Tmem261,674.9584,0.0267,0.1224,0.2179,0.8275,0.9767
Tmem263,Tmem263,3593.5998,-0.195,0.1717,-1.1356,0.2561,0.8475
Tmem265,Tmem265,102.6086,0.1482,0.2328,0.6363,0.5246,0.9223
Tmem27,Tmem27,0.9471,0.1141,1.411,0.0809,0.9355,0.9923
Tmem29,Tmem29,311.764,0.1275,0.1334,0.956,0.339,0.879
Tmem30a,Tmem30a,4780.9686,-0.01,0.2057,-0.0485,0.9613,0.997
Tmem30b,Tmem30b,1.0509,1.044,2.2391,0.4663,0.641,0.95
Tmem30c,Tmem30c,0.5236,0.0707,2.0347,0.0347,0.9723,0.999
Tmem33,Tmem33,3522.9778,0.0812,0.0776,1.0464,0.2954,0.8606
Tmem35,Tmem35,12.7726,-0.1833,0.3861,-0.4748,0.6349,0.9479
Tmem37,Tmem37,1170.5862,-0.0574,0.167,-0.3435,0.7312,0.9694
Tmem38a,Tmem38a,5294.7659,-0.0242,0.2164,-0.1117,0.9111,0.9873
Tmem38b,Tmem38b,3826.6131,0.2025,0.1129,1.7926,0.073,0.752
Tmem39a,Tmem39a,1856.934,0.0979,0.0833,1.1756,0.2397,0.84
Tmem39b,Tmem39b,349.4609,0.1441,0.1224,1.1779,0.2388,0.8397
Tmem40,Tmem40,8.465,-0.4979,0.7418,-0.6712,0.5021,0.9188
Tmem41a,Tmem41a,465.7771,0.3252,0.2004,1.6229,0.1046,0.7683
Tmem41b,Tmem41b,1313.5514,0.177,0.1509,1.1732,0.2407,0.84
Tmem42,Tmem42,299.8121,0.2935,0.1923,1.5266,0.1268,0.7753
Tmem43,Tmem43,8517.5372,0.1453,0.1367,1.0625,0.288,0.8606
Tmem44,Tmem44,232.4861,-0.225,0.189,-1.1905,0.2338,0.8354
Tmem45a,Tmem45a,2748.9124,0.3176,0.2084,1.5241,0.1275,0.7753
Tmem45a2,Tmem45a2,0.3161,0.6941,2.572,0.2699,0.7873,0.97
Tmem45b,Tmem45b,0.5199,-1.387,2.3878,-0.5809,0.5613,0.9294
Tmem47,Tmem47,1582.9955,-0.1589,0.2551,-0.6229,0.5333,0.9257
Tmem5,Tmem5,1542.2431,0.0728,0.091,0.7995,0.424,0.906
Tmem50a,Tmem50a,6643,0.2654,0.1389,1.9115,0.0559,0.7377
Tmem50b,Tmem50b,1429.4274,0.0652,0.0714,0.9137,0.3609,0.8868
Tmem52,Tmem52,0.6343,0.0037,1.9008,0.0019,0.9985,1
Tmem53,Tmem53,274.7189,0.1896,0.1363,1.3914,0.1641,0.8037
Tmem54,Tmem54,0.9423,-1.5588,1.4361,-1.0854,0.2777,0.8588
Tmem55a,Tmem55a,3190.7134,-0.1169,0.1436,-0.8141,0.4156,0.9033
Tmem55b,Tmem55b,1943.9613,0.3314,0.2175,1.5231,0.1277,0.7756
Tmem56,Tmem56,51.4768,-0.2208,0.3994,-0.5529,0.5803,0.9352
Tmem57,Tmem57,2980.8757,0.2479,0.113,2.1951,0.0282,0.732
Tmem59,Tmem59,13315.0838,0.1545,0.1109,1.3932,0.1636,0.8037
Tmem59l,Tmem59l,1.2573,-0.8923,1.5615,-0.5714,0.5677,0.9312
Tmem60,Tmem60,640.038,0.206,0.1517,1.3577,0.1746,0.8088
Tmem62,Tmem62,801.5579,-0.0431,0.1351,-0.3191,0.7497,0.9694
Tmem63a,Tmem63a,3751.7953,0.2835,0.1916,1.48,0.1389,0.7895
Tmem63b,Tmem63b,2514.122,0.1988,0.0808,2.46,0.0139,0.732
Tmem63c,Tmem63c,0.7353,1.0367,1.6793,0.6173,0.537,0.9274
Tmem64,Tmem64,9259.2717,-0.2205,0.2275,-0.969,0.3325,0.8776
Tmem65,Tmem65,4702.2414,-0.0378,0.1109,-0.341,0.7331,0.9694
Tmem67,Tmem67,424.8794,0.1062,0.1384,0.7676,0.4427,0.9118
Tmem68,Tmem68,660.6125,0.0485,0.0854,0.5676,0.5703,0.9318
Tmem69,Tmem69,618.1746,-0.1027,0.1116,-0.9203,0.3574,0.8858
Tmem70,Tmem70,1786.3177,-0.169,0.11,-1.5361,0.1245,0.7753
Tmem71,Tmem71,14.9353,0.2675,0.4182,0.6395,0.5225,0.9223
Tmem74,Tmem74,3.3614,0.0291,0.8351,0.0349,0.9722,0.999
Tmem74b,Tmem74b,0.3176,-0.6877,2.5704,-0.2675,0.789,0.97
Tmem79,Tmem79,192.3827,0.5757,0.2509,2.2948,0.0217,0.732
Tmem8,Tmem8,86.54,0.1772,0.1924,0.9212,0.357,0.8858
Tmem80,Tmem80,283.0988,0.0648,0.1048,0.6187,0.5361,0.927
Tmem81,Tmem81,174.4361,-0.0265,0.1361,-0.1948,0.8455,0.9776
Tmem82,Tmem82,0.5275,0.4983,1.9759,0.2522,0.8009,0.9719
Tmem86a,Tmem86a,1484.7458,0.0002,0.1186,0.0016,0.9987,1
Tmem86b,Tmem86b,38.1438,-0.0807,0.3487,-0.2314,0.817,0.975
Tmem87a,Tmem87a,2198.4134,-0.0228,0.0681,-0.3349,0.7377,0.9694
Tmem87b,Tmem87b,1668.5427,0.0882,0.1501,0.5877,0.5567,0.929
Tmem88,Tmem88,5.3454,-0.5557,0.6044,-0.9195,0.3578,0.8858
Tmem88b,Tmem88b,101.0415,-0.4831,0.254,-1.9024,0.0571,0.7377
Tmem8b,Tmem8b,171.4096,-0.0777,0.1659,-0.4683,0.6396,0.9492
Tmem8c,Tmem8c,12578.5818,-0.1875,0.2848,-0.6584,0.5103,0.9195
Tmem9,Tmem9,2337.5566,0.0731,0.0942,0.7764,0.4375,0.9101
Tmem91,Tmem91,3.9826,-0.0374,0.7448,-0.0502,0.9599,0.9969
Tmem95,Tmem95,23.5882,-0.3097,0.3512,-0.8819,0.3778,0.8935
Tmem97,Tmem97,1929.7954,0.0201,0.0959,0.2096,0.834,0.9774
Tmem98,Tmem98,2214.0754,0.3807,0.164,2.3207,0.0203,0.732
Tmem9b,Tmem9b,2016.682,0.089,0.0868,1.0254,0.3052,0.8641
Tmf1,Tmf1,1184.1569,-0.0628,0.2259,-0.2778,0.7811,0.97
Tmie,Tmie,62.8735,-0.2924,0.2245,-1.3025,0.1928,0.8188
Tmigd1,Tmigd1,1.5725,0.3285,1.1466,0.2865,0.7745,0.97
Tmigd3,Tmigd3,0.5157,0.7794,2.3731,0.3284,0.7426,0.9694
Tmod1,Tmod1,1121.3096,-0.1398,0.2082,-0.6713,0.502,0.9188
Tmod2,Tmod2,37.6789,-0.2773,0.3009,-0.9217,0.3567,0.8858
Tmod3,Tmod3,2965.7194,-0.1497,0.0924,-1.6205,0.1051,0.7696
Tmod4,Tmod4,26.9625,0.3667,0.3913,0.9372,0.3487,0.8829
Tmpo,Tmpo,7878.1938,-0.3587,0.1875,-1.9136,0.0557,0.7377
Tmppe,Tmppe,350.2056,0.104,0.1625,0.64,0.5222,0.9223
Tmprss11b,Tmprss11b,4.7276,0.3842,0.6141,0.6256,0.5316,0.9252
Tmprss11f,Tmprss11f,12.1416,-0.381,0.4835,-0.7881,0.4307,0.9081
Tmprss2,Tmprss2,1.1479,-0.9445,1.4,-0.6747,0.4999,0.9181
Tmprss6,Tmprss6,29.1431,0.0366,0.3041,0.1203,0.9042,0.9865
Tmprss9,Tmprss9,1.6729,0.0035,1.3018,0.0027,0.9978,1
Tmsb10,Tmsb10,26957.3673,-0.1919,0.1633,-1.1745,0.2402,0.84
Tmsb15a,Tmsb15a,1.8756,0.3907,1.1005,0.355,0.7226,0.9684
Tmsb4x,Tmsb4x,32387.0545,-0.4828,0.2919,-1.6543,0.0981,0.7669
Tmtc1,Tmtc1,3.872,0.2516,0.8383,0.3002,0.764,0.97
Tmtc2,Tmtc2,130.9897,-0.6411,0.3479,-1.8426,0.0654,0.7457
Tmtc3,Tmtc3,1079.4443,-0.2065,0.2214,-0.9327,0.351,0.8839
Tmtc4,Tmtc4,987.6815,-0.1016,0.0808,-1.257,0.2087,0.8265
Tmub1,Tmub1,263.39,0.3904,0.1769,2.2065,0.0274,0.732
Tmub2,Tmub2,2234.556,0.2323,0.0897,2.5889,0.0096,0.732
Tmx1,Tmx1,3488.0848,0.0063,0.0893,0.0704,0.9439,0.9931
Tmx2,Tmx2,2412.7074,0.1157,0.0932,1.2416,0.2144,0.8265
Tmx3,Tmx3,2721.8708,0.0793,0.1929,0.411,0.6811,0.9615
Tmx4,Tmx4,2410.4226,-0.0636,0.1133,-0.5611,0.5747,0.9329
Tnc,Tnc,23356.2605,-0.6201,0.3104,-1.9979,0.0457,0.7364
Tnf,Tnf,17.53,0.1968,0.5865,0.3355,0.7372,0.9694
Tnfaip1,Tnfaip1,5391.745,0.0354,0.0759,0.4668,0.6407,0.9498
Tnfaip2,Tnfaip2,8385.9044,0.7207,0.3369,2.139,0.0324,0.732
Tnfaip3,Tnfaip3,1587.6267,0.0663,0.0879,0.754,0.4508,0.9121
Tnfaip6,Tnfaip6,22.3754,-0.3779,0.3214,-1.176,0.2396,0.84
Tnfaip8,Tnfaip8,674.3302,-0.156,0.0892,-1.7498,0.0802,0.7572
Tnfaip8l1,Tnfaip8l1,114.1674,-0.4282,0.2433,-1.7598,0.0784,0.7572
Tnfaip8l2,Tnfaip8l2,3.0079,0.4625,1.1837,0.3907,0.696,0.9626
Tnfrsf10b,Tnfrsf10b,1435.012,0.0897,0.1079,0.8311,0.4059,0.9033
Tnfrsf11a,Tnfrsf11a,3.3342,-0.0607,0.762,-0.0797,0.9365,0.9923
Tnfrsf11b,Tnfrsf11b,217.6162,-0.7443,0.5324,-1.398,0.1621,0.8037
Tnfrsf12a,Tnfrsf12a,4482.2396,-0.3109,0.1911,-1.6268,0.1038,0.7679
Tnfrsf13c,Tnfrsf13c,4.6157,-1.0608,0.7384,-1.4366,0.1508,0.7968
Tnfrsf14,Tnfrsf14,17.3881,-0.2664,0.3641,-0.7316,0.4644,0.9157
Tnfrsf18,Tnfrsf18,39.132,-0.0514,0.4226,-0.1217,0.9032,0.9861
Tnfrsf19,Tnfrsf19,71.0808,-0.3047,0.4682,-0.6507,0.5152,0.9201
Tnfrsf1a,Tnfrsf1a,7116.5463,0.3412,0.2248,1.5174,0.1292,0.7761
Tnfrsf1b,Tnfrsf1b,3976.7271,0.0122,0.0701,0.1747,0.8614,0.9803
Tnfrsf21,Tnfrsf21,275.7658,0.0889,0.2319,0.3835,0.7013,0.9635
Tnfrsf22,Tnfrsf22,567.2197,0.4442,0.2874,1.5459,0.1221,0.7753
Tnfrsf23,Tnfrsf23,2976.69,0.4512,0.2882,1.5653,0.1175,0.7753
Tnfrsf25,Tnfrsf25,250.9919,-0.3467,0.3111,-1.1146,0.265,0.8547
Tnfrsf26,Tnfrsf26,10.5603,0.9359,0.6225,1.5036,0.1327,0.7779
Tnfrsf4,Tnfrsf4,16.5843,0.0553,0.3903,0.1417,0.8873,0.9833
Tnfrsf8,Tnfrsf8,1.1433,-1.8588,1.4908,-1.2468,0.2125,0.8265
Tnfrsf9,Tnfrsf9,408.7882,1.4333,1.1414,1.2558,0.2092,0.8265
Tnfsf10,Tnfsf10,1.6695,-0.9614,1.2235,-0.7858,0.432,0.9085
Tnfsf11,Tnfsf11,5.7502,-0.3734,0.6337,-0.5893,0.5557,0.929
Tnfsf12,Tnfsf12,279.837,0.1678,0.1477,1.1363,0.2558,0.8471
Tnfsf13,Tnfsf13,17.4984,0.4269,0.4207,1.0147,0.3103,0.8673
Tnfsf13b,Tnfsf13b,3.6518,0.0418,0.7189,0.0582,0.9536,0.9946
Tnfsf14,Tnfsf14,2.1861,1.2758,1.5624,0.8166,0.4142,0.9033
Tnfsf15,Tnfsf15,53.997,-0.6822,0.5161,-1.3219,0.1862,0.8161
Tnfsf18,Tnfsf18,4.3035,0.3984,1.0949,0.3638,0.716,0.9662
Tnfsf4,Tnfsf4,2.3914,0.4771,1.0411,0.4582,0.6468,0.953
Tnfsf9,Tnfsf9,397.5108,0.3862,0.2886,1.3382,0.1808,0.8127
Tnik,Tnik,209.882,-0.3666,0.3278,-1.1184,0.2634,0.8538
Tnip1,Tnip1,3376.7229,0.1474,0.0932,1.5816,0.1137,0.7736
Tnip2,Tnip2,495.6168,0.1376,0.0894,1.5391,0.1238,0.7753
Tnip3,Tnip3,5.9881,0.5425,0.7095,0.7646,0.4445,0.912
Tnk1,Tnk1,1.4603,-1.1136,1.2585,-0.8848,0.3763,0.8935
Tnk2,Tnk2,1659.1035,0.0046,0.1054,0.0439,0.965,0.9978
Tnk2os,Tnk2os,5.1575,-0.1759,0.6375,-0.2758,0.7827,0.97
Tnks,Tnks,1860.7178,-0.1123,0.1779,-0.6313,0.5278,0.9233
Tnks1bp1,Tnks1bp1,9111.3691,0.0221,0.0649,0.3404,0.7336,0.9694
Tnks2,Tnks2,6357.3442,-0.032,0.1244,-0.2569,0.7973,0.9713
Tnn,Tnn,73.9416,-1.0608,0.4605,-2.3037,0.0212,0.732
Tnnc1,Tnnc1,20550.1506,-0.2044,0.2621,-0.7799,0.4355,0.909
Tnnc2,Tnnc2,6661.8424,-0.2577,0.2695,-0.9561,0.339,0.879
Tnni1,Tnni1,19831.8318,-0.2314,0.2985,-0.7752,0.4382,0.9104
Tnni2,Tnni2,5385.7946,-0.2489,0.2791,-0.8921,0.3724,0.893
Tnni3,Tnni3,14.9333,-0.2155,0.5185,-0.4156,0.6777,0.961
Tnni3k,Tnni3k,6.1665,0.2063,0.559,0.369,0.7121,0.9662
Tnnt1,Tnnt1,6824.6191,-0.4267,0.3452,-1.2361,0.2164,0.8286
Tnnt2,Tnnt2,17343.7882,-0.3418,0.3098,-1.1033,0.2699,0.8588
Tnnt3,Tnnt3,14286.7136,-0.2261,0.2756,-0.8205,0.4119,0.9033
Tnpo1,Tnpo1,3780.1873,-0.1953,0.1901,-1.0277,0.3041,0.8633
Tnpo2,Tnpo2,6897.0972,0.1516,0.1779,0.8521,0.3941,0.8987
Tnpo3,Tnpo3,4006.9322,-0.1072,0.1043,-1.0277,0.3041,0.8633
Tnr,Tnr,3.2541,0.2128,0.9999,0.2129,0.8314,0.9774
Tnrc18,Tnrc18,3607.6889,-0.1012,0.0873,-1.1588,0.2466,0.8426
Tnrc6a,Tnrc6a,1639.6624,-0.1922,0.1958,-0.9813,0.3265,0.8749
Tnrc6b,Tnrc6b,2350.5845,-0.2201,0.2317,-0.9501,0.3421,0.879
Tnrc6c,Tnrc6c,1224.3331,-0.0687,0.1591,-0.4316,0.666,0.9563
Tns1,Tns1,13454.3301,-0.1097,0.0684,-1.6053,0.1084,0.7735
Tns2,Tns2,5452.457,0.2765,0.1171,2.3612,0.0182,0.732
Tns3,Tns3,11266.0674,-0.112,0.0834,-1.3431,0.1792,0.8123
Tns4,Tns4,54.8259,0.6948,0.3161,2.198,0.0279,0.732
Tnxb,Tnxb,20.2783,1.3862,1.5908,0.8714,0.3835,0.8935
Tob1,Tob1,2898.9593,-0.038,0.1238,-0.3069,0.7589,0.9694
Tob2,Tob2,2230.2732,-0.0084,0.0991,-0.0847,0.9325,0.9921
Toe1,Toe1,708.4059,0.1174,0.1218,0.9644,0.3348,0.8778
Tollip,Tollip,3531.5578,0.1715,0.0895,1.9176,0.0552,0.7377
Tom1,Tom1,1584.2376,0.2205,0.1015,2.1711,0.0299,0.732
Tom1l1,Tom1l1,300.4635,0.0167,0.1817,0.0917,0.9269,0.9906
Tom1l2,Tom1l2,3384.5238,0.0823,0.0789,1.0436,0.2967,0.8608
Tomm20,Tomm20,5395.3298,0.1858,0.1511,1.2299,0.2187,0.8302
Tomm22,Tomm22,3634.5932,-0.0154,0.0791,-0.195,0.8454,0.9776
Tomm34,Tomm34,950.299,0.01,0.068,0.1473,0.8829,0.9825
Tomm40,Tomm40,1944.449,-0.0267,0.0894,-0.2992,0.7648,0.97
Tomm40l,Tomm40l,846.2869,0.0713,0.1056,0.6758,0.4992,0.9181
Tomm5,Tomm5,1457.2072,0.0085,0.1082,0.0782,0.9377,0.9923
Tomm6,Tomm6,815.9202,0.1027,0.2579,0.3983,0.6904,0.9623
Tomm6os,Tomm6os,12.8882,0.2624,0.492,0.5333,0.5938,0.9385
Tomm7,Tomm7,1538.694,0.054,0.0976,0.5536,0.5798,0.9352
Tomm70a,Tomm70a,4575.636,-0.1742,0.1351,-1.2899,0.1971,0.8209
Tomt,Tomt,82.1011,-0.0449,0.182,-0.2465,0.8053,0.9724
Tonsl,Tonsl,357.8997,-0.4743,0.2118,-2.2394,0.0251,0.732
Top1,Top1,3424.4739,-0.0908,0.1811,-0.5015,0.616,0.9427
Top1mt,Top1mt,368.3465,0.0309,0.0902,0.3428,0.7317,0.9694
Top2a,Top2a,5876.045,-0.9239,0.4466,-2.0689,0.0386,0.732
Top2b,Top2b,3415.6164,-0.0952,0.262,-0.3634,0.7163,0.9662
Top3a,Top3a,549.5002,-0.0422,0.0871,-0.4842,0.6283,0.9451
Top3b,Top3b,1898.7341,0.0717,0.0745,0.9627,0.3357,0.8778
Topbp1,Topbp1,1965.5224,-0.4684,0.1824,-2.5674,0.0102,0.732
Topors,Topors,1833.011,-0.2118,0.2181,-0.9712,0.3314,0.8774
Toporsl,Toporsl,1.3513,-0.1293,1.5706,-0.0823,0.9344,0.9923
Toporsos,Toporsos,6.5803,0.0966,0.5694,0.1697,0.8652,0.9814
Tor1a,Tor1a,1383.2252,0.1144,0.116,0.9861,0.3241,0.8734
Tor1aip1,Tor1aip1,3352.0543,-0.0285,0.0689,-0.4141,0.6788,0.961
Tor1aip2,Tor1aip2,7887.8581,-0.0216,0.0612,-0.3537,0.7236,0.9688
Tor1b,Tor1b,3420.2508,0.0696,0.0892,0.7808,0.4349,0.9089
Tor2a,Tor2a,760.2919,0.1869,0.1508,1.2395,0.2152,0.8271
Tor3a,Tor3a,3682.7782,0.4269,0.2127,2.0067,0.0448,0.7364
Tor4a,Tor4a,1373.8294,-0.2306,0.115,-2.0048,0.045,0.7364
Tox,Tox,0.4225,-1.1848,2.005,-0.5909,0.5546,0.929
Tox2,Tox2,5.983,0.3581,0.7378,0.4854,0.6274,0.9451
Tox4,Tox4,3104.1832,-0.0235,0.0686,-0.342,0.7324,0.9694
Tpbg,Tpbg,2668.2601,0.0423,0.1407,0.3007,0.7637,0.97
Tpcn1,Tpcn1,3654.1632,0.1696,0.078,2.1747,0.0297,0.732
Tpcn2,Tpcn2,393.8209,0.0953,0.1635,0.5828,0.56,0.9294
Tpd52,Tpd52,1164.1168,0.1047,0.1186,0.8833,0.3771,0.8935
Tpd52l1,Tpd52l1,277.1525,0.2804,0.1895,1.4794,0.139,0.7896
Tpd52l2,Tpd52l2,4136.0762,0.14,0.1136,1.232,0.218,0.8301
Tpgs1,Tpgs1,712.5237,0.2481,0.121,2.0503,0.0403,0.732
Tpgs2,Tpgs2,945.1414,-0.1078,0.1176,-0.9172,0.359,0.8861
Tph1,Tph1,4.1902,0.8916,0.7429,1.2001,0.2301,0.833
Tph2,Tph2,18.9597,0.5074,0.4047,1.2537,0.2099,0.8265
Tpi1,Tpi1,37623.8469,0.21,0.1451,1.4471,0.1479,0.7958
Tpk1,Tpk1,154.4052,-0.2388,0.2493,-0.9576,0.3383,0.879
Tpm1,Tpm1,40991.0854,-0.4082,0.2512,-1.6248,0.1042,0.7679
Tpm2,Tpm2,34596.9342,-0.2249,0.2432,-0.9251,0.3549,0.8851
Tpm3,Tpm3,11107.4499,-0.1604,0.0848,-1.8909,0.0586,0.742
Tpm4,Tpm4,36423.1672,-0.3121,0.0825,-3.7844,0.0002,0.3039
Tpmt,Tpmt,408.3565,-0.1389,0.1494,-0.9296,0.3526,0.8839
Tpp1,Tpp1,4935.452,0.3998,0.1761,2.2697,0.0232,0.732
Tpp2,Tpp2,3126.6207,-0.1861,0.2152,-0.8649,0.3871,0.8952
Tppp,Tppp,1.4697,-0.7155,1.1091,-0.6451,0.5189,0.9219
Tppp3,Tppp3,2125.7908,0.1621,0.1943,0.8341,0.4042,0.9033
Tpr,Tpr,1639.997,0.048,0.0919,0.5217,0.6019,0.941
Tpra1,Tpra1,872.9798,0.3176,0.1855,1.7122,0.0869,0.764
Tprg,Tprg,1.0541,-0.5639,1.4301,-0.3943,0.6934,0.9623
Tprgl,Tprgl,3985.0456,0.2508,0.1527,1.642,0.1006,0.767
Tprkb,Tprkb,1627.5033,0.0754,0.1252,0.6022,0.547,0.9289
Tprn,Tprn,377.5685,0.0125,0.1107,0.1131,0.91,0.987
Tpsab1,Tpsab1,271.9531,1.3468,0.8575,1.5705,0.1163,0.7753
Tpsb2,Tpsb2,0.5236,2.4823,2.271,1.0931,0.2744,0.8588
Tpst1,Tpst1,2099.2081,-0.0432,0.1166,-0.3706,0.7109,0.9662
Tpst2,Tpst2,3824.6462,-0.0388,0.0876,-0.4421,0.6584,0.9548
Tpt1,Tpt1,102055.2942,0.2414,0.1624,1.4866,0.1371,0.787
Tpte,Tpte,1.5658,0.0733,1.1023,0.0665,0.947,0.9934
Tpx2,Tpx2,2862.321,-0.8128,0.3593,-2.262,0.0237,0.732
Tra2a,Tra2a,3055.0628,-0.2918,0.1563,-1.8673,0.0619,0.7456
Tra2b,Tra2b,4636.1517,-0.2017,0.0759,-2.658,0.0079,0.732
Trabd,Trabd,2399.7212,0.1665,0.0931,1.7878,0.0738,0.752
Trabd2b,Trabd2b,1686.2951,-1.0548,0.4849,-2.1753,0.0296,0.732
Tradd,Tradd,606.2197,0.087,0.1133,0.7682,0.4424,0.9118
Traf1,Traf1,70.4534,-0.6903,0.4949,-1.3949,0.163,0.8037
Traf2,Traf2,2275.7838,-0.0082,0.0862,-0.0945,0.9247,0.9901
Traf3,Traf3,2446.5211,-0.1899,0.0955,-1.9896,0.0466,0.7364
Traf3ip1,Traf3ip1,591.7274,-0.0245,0.087,-0.2819,0.7781,0.97
Traf3ip2,Traf3ip2,251.5446,0.3972,0.2049,1.9382,0.0526,0.7364
Traf3ip3,Traf3ip3,143.7017,-0.2199,0.2893,-0.7599,0.4473,0.912
Traf4,Traf4,3555.8793,-0.2966,0.2484,-1.1941,0.2324,0.8354
Traf5,Traf5,401.3846,-0.08,0.1259,-0.6357,0.525,0.9225
Traf6,Traf6,1095.2148,-0.0238,0.1271,-0.1875,0.8513,0.9788
Traf7,Traf7,4373.5085,0.02,0.0804,0.2487,0.8036,0.9719
Trafd1,Trafd1,1796.0737,0.0312,0.0781,0.399,0.6899,0.9623
Traip,Traip,234.3698,-0.646,0.2997,-2.1552,0.0311,0.732
Trak1,Trak1,3115.1766,0.021,0.0788,0.266,0.7903,0.97
Trak2,Trak2,2975.926,-0.234,0.1664,-1.4058,0.1598,0.8028
Tram1,Tram1,6877.8005,0.1353,0.0882,1.5345,0.1249,0.7753
Tram1l1,Tram1l1,238.298,0.1073,0.1177,0.9117,0.3619,0.8873
Tram2,Tram2,228.7471,-0.1021,0.1475,-0.6922,0.4888,0.9175
Trap1,Trap1,3404.0634,0.0275,0.0809,0.3401,0.7338,0.9694
Trappc1,Trappc1,1677.1968,-0.0643,0.113,-0.5689,0.5694,0.9313
Trappc10,Trappc10,3045.0816,0.1119,0.0752,1.4888,0.1365,0.787
Trappc11,Trappc11,2046.888,-0.0199,0.1042,-0.1909,0.8486,0.9781
Trappc12,Trappc12,1819.8794,0.1211,0.0829,1.461,0.144,0.7928
Trappc13,Trappc13,3002.0296,-0.1496,0.0908,-1.6485,0.0992,0.7669
Trappc2,Trappc2,594.7441,-0.1168,0.1617,-0.7222,0.4702,0.9168
Trappc2l,Trappc2l,849.9795,0.2081,0.1165,1.7864,0.074,0.752
Trappc3,Trappc3,2927.495,-0.0025,0.0827,-0.0299,0.9762,0.9992
Trappc4,Trappc4,1928.3197,0.0699,0.1223,0.5716,0.5676,0.9312
Trappc5,Trappc5,1443.5097,0.0814,0.1114,0.731,0.4648,0.9157
Trappc6a,Trappc6a,759.9015,0.2883,0.2223,1.297,0.1946,0.8204
Trappc6b,Trappc6b,1797.3799,0.0367,0.0909,0.404,0.6862,0.9623
Trappc8,Trappc8,2079.816,0.0031,0.1593,0.0196,0.9844,1
Trappc9,Trappc9,1890.9445,0.0493,0.0894,0.5512,0.5815,0.9352
Trcg1,Trcg1,1.5581,0.2467,1.3246,0.1862,0.8523,0.9789
Trdmt1,Trdmt1,244.2166,-0.2319,0.1326,-1.748,0.0805,0.7572
Trdn,Trdn,23.5272,0.1283,0.3722,0.3446,0.7304,0.9694
Treh,Treh,0.3158,0.6972,2.5723,0.271,0.7864,0.97
Trem2,Trem2,50.9998,0.9632,0.6498,1.4822,0.1383,0.7888
Trem3,Trem3,1.0462,1.6829,1.5629,1.0768,0.2816,0.8606
Trerf1,Trerf1,320.9657,0.1193,0.124,0.9622,0.3359,0.8778
Trex1,Trex1,283.9512,0.1855,0.1863,0.9957,0.3194,0.8709
Trf,Trf,14.0502,0.0311,0.3851,0.0808,0.9356,0.9923
Trhde,Trhde,4.2752,-0.1344,0.7985,-0.1683,0.8664,0.9815
Trhr2,Trhr2,0.7362,2.1389,1.8444,1.1597,0.2462,0.8423
Triap1,Triap1,895.1518,-0.0165,0.0976,-0.1686,0.8661,0.9815
Trib1,Trib1,1135.5673,0.699,0.3592,1.9463,0.0516,0.7364
Trib2,Trib2,918.7819,0.6164,0.263,2.3436,0.0191,0.732
Trib3,Trib3,1193.9115,1.4494,1.0588,1.3688,0.171,0.8066
Tril,Tril,515.0592,-0.9798,0.3886,-2.5211,0.0117,0.732
Trim11,Trim11,1387.8665,0.3193,0.2337,1.3661,0.1719,0.8069
Trim12c,Trim12c,185.2905,-0.1187,0.2601,-0.4563,0.6481,0.9535
Trim13,Trim13,661.5776,-0.0193,0.1107,-0.1744,0.8615,0.9804
Trim14,Trim14,15.7165,-0.3574,0.3659,-0.9767,0.3287,0.8758
Trim15,Trim15,4.3181,0.2488,0.7811,0.3186,0.75,0.9694
Trim16,Trim16,1300.379,0.1229,0.079,1.5564,0.1196,0.7753
Trim17,Trim17,32.412,0.2896,0.3051,0.949,0.3426,0.8793
Trim2,Trim2,1161.9393,-0.1414,0.2276,-0.6214,0.5343,0.926
Trim21,Trim21,167.789,0.045,0.1372,0.3277,0.7431,0.9694
Trim23,Trim23,892.2777,-0.1066,0.2147,-0.4966,0.6195,0.9434
Trim24,Trim24,672.1296,-0.2713,0.2154,-1.2598,0.2077,0.8263
Trim25,Trim25,1751.1107,0.0219,0.0947,0.2315,0.8169,0.975
Trim26,Trim26,1635.3616,-0.0802,0.0711,-1.1276,0.2595,0.8506
Trim27,Trim27,1952.5283,-0.044,0.0659,-0.6678,0.5043,0.9188
Trim28,Trim28,7713.4777,-0.0515,0.0889,-0.5796,0.5622,0.9294
Trim29,Trim29,5.3397,-0.0867,0.7567,-0.1146,0.9087,0.987
Trim3,Trim3,1841.3687,0.148,0.1145,1.2932,0.1959,0.8209
Trim30a,Trim30a,16.686,-0.2671,0.4901,-0.545,0.5858,0.9355
Trim32,Trim32,1645.5173,0.0203,0.0652,0.3117,0.7553,0.9694
Trim33,Trim33,1085.5927,-0.1364,0.2423,-0.5627,0.5737,0.9327
Trim34a,Trim34a,10.5778,-0.3414,0.5838,-0.5848,0.5587,0.9294
Trim34b,Trim34b,16.3999,-0.2591,0.3963,-0.654,0.5131,0.9199
Trim35,Trim35,11128.6022,0.1522,0.1215,1.2532,0.2101,0.8265
Trim36,Trim36,26.2423,-0.3196,0.3421,-0.9344,0.3501,0.8839
Trim37,Trim37,1581.0787,-0.0068,0.0769,-0.0888,0.9292,0.9916
Trim38,Trim38,1.268,-0.47,1.4078,-0.3338,0.7385,0.9694
Trim39,Trim39,715.2793,-0.0069,0.0784,-0.0882,0.9297,0.9917
Trim40,Trim40,0.7217,-0.9436,2.369,-0.3983,0.6904,0.9623
Trim41,Trim41,1709.9897,-0.0018,0.0732,-0.0252,0.9799,1
Trim43a,Trim43a,6.4742,0.6414,0.6091,1.0529,0.2924,0.8606
Trim43b,Trim43b,4.1094,-0.1527,1.0484,-0.1457,0.8842,0.9826
Trim43c,Trim43c,9.5479,0.0369,0.5454,0.0676,0.9461,0.9934
Trim44,Trim44,3939.5947,-0.0803,0.0745,-1.0777,0.2812,0.8606
Trim45,Trim45,254.4357,0.0791,0.1474,0.5364,0.5917,0.9381
Trim46,Trim46,440.8838,0.2126,0.1306,1.6281,0.1035,0.7679
Trim47,Trim47,1681.8191,-0.1423,0.1284,-1.1082,0.2678,0.8564
Trim54,Trim54,1070.2829,-0.0126,0.1769,-0.0711,0.9433,0.9928
Trim55,Trim55,2240.0028,-0.1211,0.2071,-0.5846,0.5588,0.9294
Trim56,Trim56,317.7236,-0.2283,0.2183,-1.0461,0.2955,0.8606
Trim59,Trim59,2011.7407,-0.5378,0.2701,-1.9907,0.0465,0.7364
Trim62,Trim62,95.2814,0.3099,0.159,1.9491,0.0513,0.7364
Trim63,Trim63,870.4017,-0.152,0.2358,-0.6444,0.5193,0.9219
Trim65,Trim65,156.5879,0.1229,0.1691,0.7263,0.4676,0.9168
Trim66,Trim66,64.8333,-0.6675,0.2897,-2.3039,0.0212,0.732
Trim67,Trim67,3.0279,0.1768,0.9314,0.1899,0.8494,0.9781
Trim68,Trim68,272.8155,-0.1342,0.1143,-1.174,0.2404,0.84
Trim69,Trim69,3.6599,0.1607,0.7053,0.2278,0.8198,0.9758
Trim7,Trim7,154.6753,-0.2333,0.189,-1.2341,0.2172,0.8293
Trim72,Trim72,4391.1071,-0.1774,0.2486,-0.7135,0.4755,0.9168
Trim8,Trim8,3208.9828,0.0758,0.1046,0.7242,0.4689,0.9168
Trio,Trio,4401.4068,-0.1699,0.1587,-1.0707,0.2843,0.8606
Triobp,Triobp,1204.5262,0.3943,0.2349,1.6785,0.0933,0.7643
Trip10,Trip10,2223.1015,0.092,0.0805,1.1427,0.2532,0.8453
Trip11,Trip11,379.776,0.1984,0.2097,0.9463,0.344,0.8802
Trip12,Trip12,8910.1249,-0.2318,0.2159,-1.0738,0.2829,0.8606
Trip13,Trip13,302.6986,-0.746,0.2716,-2.7468,0.006,0.732
Trip4,Trip4,1497.9618,-0.0959,0.1445,-0.6632,0.5072,0.9188
Trip6,Trip6,2147.8258,0.2323,0.1726,1.346,0.1783,0.8123
Triqk,Triqk,158.9698,-0.0413,0.165,-0.2501,0.8025,0.9719
Trit1,Trit1,1092.5803,-0.1367,0.1401,-0.9759,0.3291,0.8758
Trmt1,Trmt1,2485.8526,0.1875,0.1538,1.2193,0.2227,0.8307
Trmt10a,Trmt10a,651.4617,-0.3008,0.1685,-1.7858,0.0741,0.752
Trmt10b,Trmt10b,343.0435,0.0909,0.1143,0.7953,0.4265,0.907
Trmt10c,Trmt10c,770.9231,-0.1717,0.1784,-0.962,0.336,0.8778
Trmt11,Trmt11,414.1329,-0.0788,0.1068,-0.7381,0.4605,0.9142
Trmt112,Trmt112,2235.4686,0.2088,0.1439,1.4511,0.1468,0.7941
Trmt12,Trmt12,483.6741,0.0717,0.1083,0.6625,0.5076,0.9188
Trmt13,Trmt13,144.7852,-0.2668,0.1799,-1.4825,0.1382,0.7886
Trmt1l,Trmt1l,1648.1359,-0.0836,0.0781,-1.0702,0.2845,0.8606
Trmt2a,Trmt2a,1412.9625,-0.0031,0.085,-0.0369,0.9706,0.999
Trmt2b,Trmt2b,955.7413,-0.0933,0.1116,-0.8366,0.4028,0.9033
Trmt44,Trmt44,391.7326,0.136,0.125,1.0877,0.2767,0.8588
Trmt5,Trmt5,614.6366,-0.1463,0.102,-1.434,0.1516,0.7968
Trmt6,Trmt6,1298.6176,-0.0167,0.0705,-0.2371,0.8125,0.9743
Trmt61a,Trmt61a,586.3707,-0.0127,0.1233,-0.1031,0.9179,0.9879
Trmt61b,Trmt61b,108.1457,0.1936,0.2026,0.9556,0.3393,0.879
Trmu,Trmu,448.0215,0.1059,0.1415,0.7486,0.4541,0.9127
Trnau1ap,Trnau1ap,1007.4567,0.0961,0.1155,0.8316,0.4057,0.9033
Trnp1,Trnp1,42.9316,0.7203,0.4455,1.6166,0.106,0.7713
Trnt1,Trnt1,873.7796,-0.0924,0.1736,-0.5321,0.5947,0.9385
Tro,Tro,7.9638,-0.8422,0.5211,-1.6162,0.1061,0.7713
Troap,Troap,556.6348,-0.9012,0.4412,-2.0425,0.0411,0.732
Trove2,Trove2,965.1213,0.3019,0.1688,1.7881,0.0738,0.752
Trp53,Trp53,5292.4598,-0.0577,0.0798,-0.7234,0.4695,0.9168
Trp53bp1,Trp53bp1,2213.0673,-0.0883,0.0974,-0.9063,0.3648,0.8881
Trp53bp2,Trp53bp2,964.041,-0.0437,0.0998,-0.4378,0.6615,0.955
Trp53cor1,Trp53cor1,122.8806,0.0762,0.1517,0.5022,0.6155,0.9427
Trp53i11,Trp53i11,69.0648,-0.4784,0.2587,-1.849,0.0645,0.7457
Trp53i13,Trp53i13,705.0351,0.0737,0.1261,0.5843,0.559,0.9294
Trp53inp1,Trp53inp1,2486.8247,-0.0101,0.1809,-0.0561,0.9553,0.9953
Trp53inp2,Trp53inp2,5922.6334,-0.1553,0.1593,-0.9752,0.3295,0.8764
Trp53rka,Trp53rka,550.7279,0.1323,0.1389,0.9527,0.3407,0.879
Trp53rkb,Trp53rkb,145.4383,0.0333,0.1409,0.2364,0.8131,0.9744
Trp53tg5,Trp53tg5,8.8685,0.007,0.7073,0.0099,0.9921,1
Trp63,Trp63,370.5323,-0.5945,0.408,-1.4569,0.1451,0.7928
Trp73,Trp73,0.3167,-1.8894,2.4847,-0.7604,0.447,0.912
Trpa1,Trpa1,0.6304,-0.4301,1.9609,-0.2193,0.8264,0.9766
Trpc1,Trpc1,66.6314,-0.1837,0.2488,-0.7385,0.4602,0.9142
Trpc3,Trpc3,5.8505,-0.3611,0.7343,-0.4918,0.6229,0.9443
Trpc4ap,Trpc4ap,6586.3936,0.018,0.0645,0.2792,0.7801,0.97
Trpc6,Trpc6,0.5187,-1.3532,1.9905,-0.6798,0.4966,0.9181
Trpm1,Trpm1,0.6327,-0.8691,1.8829,-0.4615,0.6444,0.9518
Trpm2,Trpm2,2.6209,1.1337,1.0496,1.0801,0.2801,0.8598
Trpm3,Trpm3,9.3791,0.6495,0.5791,1.1215,0.2621,0.853
Trpm4,Trpm4,834.9949,0.1983,0.0797,2.4883,0.0128,0.732
Trpm6,Trpm6,43.154,-0.5291,0.3068,-1.7244,0.0846,0.7604
Trpm7,Trpm7,1921.0997,0.1221,0.2149,0.5681,0.57,0.9317
Trpm8,Trpm8,3.6519,0.0693,0.8179,0.0847,0.9325,0.9921
Trps1,Trps1,924.0924,-0.0079,0.1867,-0.0421,0.9664,0.9985
Trpt1,Trpt1,155.4728,-0.0592,0.1579,-0.3752,0.7075,0.9657
Trpv1,Trpv1,6.7157,-0.8698,0.7365,-1.1809,0.2376,0.838
Trpv2,Trpv2,249.6579,-0.1034,0.1254,-0.8249,0.4094,0.9033
Trpv3,Trpv3,3.3427,-0.3692,0.9002,-0.4102,0.6817,0.962
Trpv4,Trpv4,73.7057,-0.2353,0.2116,-1.1118,0.2662,0.8547
Trpv6,Trpv6,74.2076,0.2615,0.305,0.8574,0.3912,0.8983
Trrap,Trrap,3634.6559,0.0101,0.0899,0.1121,0.9107,0.9873
Trub1,Trub1,564.4096,-0.0633,0.1324,-0.4785,0.6323,0.9466
Trub2,Trub2,1385.5047,0.1441,0.1325,1.0875,0.2768,0.8588
Try4,Try4,0.5226,1.3943,2.3857,0.5844,0.5589,0.9294
Try5,Try5,287.7208,1.6681,1.8722,0.891,0.3729,0.893
Tsacc,Tsacc,31.736,0.3494,0.2391,1.4613,0.1439,0.7928
Tsc1,Tsc1,1469.3872,0.1527,0.1093,1.3971,0.1624,0.8037
Tsc2,Tsc2,2942.1508,0.1192,0.0559,2.132,0.033,0.732
Tsc22d1,Tsc22d1,17277.6193,0.3778,0.1871,2.0197,0.0434,0.7364
Tsc22d2,Tsc22d2,1686.1765,-0.1121,0.173,-0.6481,0.5169,0.9209
Tsc22d3,Tsc22d3,1954.5307,0.2066,0.1447,1.428,0.1533,0.7988
Tsc22d4,Tsc22d4,1891.6783,0.0648,0.0796,0.8138,0.4158,0.9033
Tsen15,Tsen15,678.063,-0.0745,0.0921,-0.8089,0.4186,0.9047
Tsen2,Tsen2,939.4562,0.0973,0.0766,1.2707,0.2038,0.8262
Tsen34,Tsen34,2283.1776,-0.0659,0.0997,-0.6607,0.5088,0.9195
Tsen54,Tsen54,491.399,0.0449,0.1292,0.3478,0.728,0.9694
Tsfm,Tsfm,1128.144,0.0447,0.0918,0.487,0.6263,0.9451
Tsg101,Tsg101,3387.4849,0.0371,0.0743,0.4997,0.6173,0.9428
Tsga10,Tsga10,103.3484,-0.0406,0.2533,-0.1603,0.8727,0.9819
Tshz1,Tshz1,1135.1624,0.326,0.2633,1.2378,0.2158,0.8283
Tshz3,Tshz3,1318.3562,-0.1893,0.1577,-1.2003,0.23,0.833
Tsks,Tsks,1.0387,0.3056,1.8388,0.1662,0.868,0.9818
Tsku,Tsku,1386.5284,0.3618,0.2714,1.3331,0.1825,0.8131
Tslp,Tslp,75.8209,0.2204,0.1919,1.1482,0.2509,0.8443
Tsn,Tsn,4697.343,-0.1565,0.0823,-1.9009,0.0573,0.7377
Tsnax,Tsnax,3653.9005,-0.0694,0.0764,-0.9091,0.3633,0.8873
Tsnaxip1,Tsnaxip1,1.8908,-0.8919,0.9649,-0.9243,0.3553,0.8852
Tspan1,Tspan1,1.5658,-0.3462,1.2786,-0.2708,0.7866,0.97
Tspan11,Tspan11,454.4523,0.9171,0.3563,2.5736,0.0101,0.732
Tspan12,Tspan12,1517.0939,0.1206,0.1366,0.8833,0.377,0.8935
Tspan13,Tspan13,170.8795,0.0294,0.3218,0.0912,0.9273,0.9909
Tspan14,Tspan14,3227.4486,0.0561,0.0832,0.6736,0.5005,0.9183
Tspan15,Tspan15,1743.7575,0.7686,0.312,2.4635,0.0138,0.732
Tspan17,Tspan17,1655.5207,0.0832,0.0825,1.0089,0.313,0.869
Tspan18,Tspan18,12.6895,-0.8458,0.4771,-1.7729,0.0763,0.7567
Tspan2,Tspan2,168.1802,-0.8047,0.3714,-2.1667,0.0303,0.732
Tspan3,Tspan3,7191.8068,-0.0317,0.0901,-0.3515,0.7252,0.9689
Tspan31,Tspan31,5064.6002,0.1373,0.0771,1.7801,0.0751,0.7532
Tspan32,Tspan32,409.8436,-0.0167,0.2386,-0.0698,0.9444,0.9934
Tspan33,Tspan33,102.8333,-0.1422,0.2762,-0.5148,0.6067,0.9411
Tspan4,Tspan4,2784.126,0.3239,0.2225,1.4557,0.1455,0.7928
Tspan5,Tspan5,1422.7134,0.3754,0.1886,1.99,0.0466,0.7364
Tspan6,Tspan6,1679.0696,-0.1148,0.1162,-0.988,0.3231,0.8732
Tspan7,Tspan7,1321.3815,0.2822,0.1159,2.4347,0.0149,0.732
Tspan8,Tspan8,335.5955,-1.2169,0.9106,-1.3364,0.1814,0.8131
Tspan9,Tspan9,7056.7999,-0.0859,0.1217,-0.7054,0.4805,0.9168
Tspo,Tspo,10237.9972,0.0256,0.0948,0.2698,0.7873,0.97
Tspyl1,Tspyl1,3573.6584,0.0388,0.1037,0.3744,0.7081,0.966
Tspyl2,Tspyl2,1481.9096,0.1476,0.0852,1.7331,0.0831,0.7572
Tspyl3,Tspyl3,9.8599,0.1792,0.5444,0.3292,0.742,0.9694
Tspyl4,Tspyl4,211.806,-0.1429,0.1607,-0.8896,0.3737,0.893
Tspyl5,Tspyl5,230.1568,-0.0334,0.1425,-0.2341,0.8149,0.9748
Tsr1,Tsr1,1895.8856,-0.1912,0.0908,-2.1044,0.0353,0.732
Tsr2,Tsr2,875.4785,-0.0523,0.1021,-0.5123,0.6084,0.9416
Tsr3,Tsr3,798.4021,0.1491,0.1129,1.321,0.1865,0.8161
Tssc1,Tssc1,833.3019,0.0927,0.1146,0.8087,0.4187,0.9047
Tssc4,Tssc4,925.8617,-0.1423,0.1174,-1.2125,0.2253,0.8317
Tssk1,Tssk1,1.2492,1.0501,1.4208,0.7391,0.4599,0.9141
Tssk2,Tssk2,1.9854,0.6866,1.0784,0.6367,0.5243,0.9223
Tssk3,Tssk3,0.525,0.4908,2.3785,0.2064,0.8365,0.9774
Tssk4,Tssk4,13.1061,0.0315,0.4396,0.0716,0.9429,0.9927
Tssk5,Tssk5,0.5181,1.1806,2.3155,0.5099,0.6102,0.9416
Tssk6,Tssk6,11.4296,-0.2548,0.4015,-0.6347,0.5256,0.9228
Tst,Tst,225.7905,0.0453,0.1334,0.3399,0.7339,0.9694
Tsta3,Tsta3,1398.1939,0.0258,0.0925,0.2788,0.7804,0.97
Tstd1,Tstd1,23.9836,0.2829,0.319,0.8867,0.3752,0.8935
Tstd2,Tstd2,919.1575,0.0251,0.0925,0.2717,0.7858,0.97
Tstd3,Tstd3,499.5238,-0.1667,0.117,-1.4245,0.1543,0.7999
Tsx,Tsx,0.8357,0.2587,1.6077,0.1609,0.8722,0.9819
Ttbk2,Ttbk2,962.5609,-0.0258,0.1849,-0.1396,0.8889,0.9833
Ttc1,Ttc1,2061.9731,0.0265,0.0701,0.3774,0.7059,0.965
Ttc12,Ttc12,434.1464,0.4335,0.1883,2.3027,0.0213,0.732
Ttc13,Ttc13,2422.3013,0.0172,0.0579,0.298,0.7657,0.97
Ttc14,Ttc14,935.9315,0.0487,0.1881,0.2587,0.7958,0.9712
Ttc16,Ttc16,11.8276,0.3075,0.4326,0.7109,0.4771,0.9168
Ttc17,Ttc17,1839.7527,0.1079,0.1037,1.0409,0.2979,0.8608
Ttc19,Ttc19,1138.6484,-0.0021,0.0793,-0.026,0.9792,0.9999
Ttc21a,Ttc21a,9.9278,0.1423,0.4658,0.3055,0.76,0.9699
Ttc21b,Ttc21b,877.5272,-0.0839,0.0957,-0.8763,0.3809,0.8935
Ttc23,Ttc23,640.7052,0.0854,0.0776,1.1002,0.2713,0.8588
Ttc25,Ttc25,29.614,0.0073,0.28,0.026,0.9792,0.9999
Ttc26,Ttc26,653.8615,-0.0286,0.0785,-0.3638,0.716,0.9662
Ttc27,Ttc27,967.1526,0.0613,0.1123,0.5459,0.5851,0.9355
Ttc28,Ttc28,2255.955,-0.1034,0.1269,-0.8146,0.4153,0.9033
Ttc3,Ttc3,4422.9843,-0.1467,0.2368,-0.6197,0.5355,0.9265
Ttc30a1,Ttc30a1,157.8043,0.0576,0.1463,0.3939,0.6937,0.9623
Ttc30a2,Ttc30a2,5.7521,0.0335,0.6155,0.0544,0.9566,0.9957
Ttc30b,Ttc30b,395.6157,0.1176,0.09,1.3066,0.1913,0.8163
Ttc32,Ttc32,113.8365,0.0346,0.1546,0.2241,0.8227,0.9766
Ttc33,Ttc33,2022.9113,0.1096,0.0879,1.247,0.2124,0.8265
Ttc36,Ttc36,0.8455,1.4427,1.842,0.7832,0.4335,0.9089
Ttc37,Ttc37,1158.9845,-0.1364,0.1918,-0.7109,0.4772,0.9168
Ttc38,Ttc38,97.7503,0.025,0.1645,0.1518,0.8794,0.9823
Ttc39a,Ttc39a,24.2279,-0.2309,0.4474,-0.5163,0.6057,0.941
Ttc39aos1,Ttc39aos1,8.0399,-0.9597,0.53,-1.8108,0.0702,0.7507
Ttc39b,Ttc39b,2525.198,-0.0652,0.1573,-0.4148,0.6783,0.961
Ttc39c,Ttc39c,517.3986,0.3152,0.2078,1.5168,0.1293,0.7761
Ttc39d,Ttc39d,1.1575,1.2694,1.5134,0.8387,0.4016,0.9026
Ttc4,Ttc4,1716.1529,0.031,0.0583,0.5311,0.5953,0.9386
Ttc41,Ttc41,64.7131,-0.1661,0.2219,-0.7486,0.4541,0.9127
Ttc5,Ttc5,1221.4037,0.0616,0.0871,0.707,0.4795,0.9168
Ttc7,Ttc7,1594.0031,0.174,0.1392,1.2502,0.2112,0.8265
Ttc7b,Ttc7b,905.9181,0.2235,0.1064,2.0997,0.0358,0.732
Ttc8,Ttc8,677.1787,-0.0897,0.1052,-0.8529,0.3937,0.8986
Ttc9,Ttc9,1898.6851,-0.1888,0.198,-0.9532,0.3405,0.879
Ttc9b,Ttc9b,0.316,-0.6843,2.5725,-0.266,0.7902,0.97
Ttc9c,Ttc9c,896.8937,-0.0395,0.1277,-0.309,0.7573,0.9694
Ttf1,Ttf1,700.2792,-0.0665,0.1412,-0.4706,0.638,0.9487
Ttf2,Ttf2,797.2213,-0.2361,0.0759,-3.1098,0.0019,0.6663
Tti1,Tti1,1064.8989,-0.0078,0.0613,-0.1268,0.8991,0.9856
Tti2,Tti2,655.091,0.0777,0.1116,0.6958,0.4866,0.9168
Ttk,Ttk,508.8886,-0.9199,0.4808,-1.9133,0.0557,0.7377
Ttl,Ttl,1386.3008,-0.078,0.0712,-1.0946,0.2737,0.8588
Ttll1,Ttll1,1678.1033,0.0558,0.0686,0.8139,0.4157,0.9033
Ttll11,Ttll11,328.7854,0.4391,0.1386,3.1681,0.0015,0.6187
Ttll12,Ttll12,3621.598,0.0428,0.0816,0.5244,0.6,0.9406
Ttll13,Ttll13,12.4808,0.1329,0.3884,0.3423,0.7321,0.9694
Ttll2,Ttll2,5.0299,1.2199,0.7847,1.5546,0.12,0.7753
Ttll3,Ttll3,80.5764,-0.0472,0.2124,-0.2223,0.8241,0.9766
Ttll4,Ttll4,572.2212,-0.1407,0.1581,-0.89,0.3735,0.893
Ttll5,Ttll5,1709.0713,-0.4835,0.2275,-2.1258,0.0335,0.732
Ttll6,Ttll6,3.1426,1.093,1.2399,0.8815,0.378,0.8935
Ttll7,Ttll7,1149.9993,-0.2004,0.2654,-0.7552,0.4502,0.912
Ttll8,Ttll8,0.6247,-0.6339,1.7481,-0.3626,0.7169,0.9662
Ttn,Ttn,8648.515,-0.2299,0.4308,-0.5337,0.5935,0.9385
Ttpa,Ttpa,13.8385,-0.1695,0.4131,-0.4105,0.6815,0.9619
Ttpal,Ttpal,2567.9929,-0.0614,0.0619,-0.9917,0.3213,0.873
Ttr,Ttr,2.4073,0.0537,0.9221,0.0582,0.9536,0.9946
Ttyh1,Ttyh1,10.2502,0.4045,0.4766,0.8487,0.3961,0.8991
Ttyh2,Ttyh2,3720.2983,0.2196,0.1251,1.7554,0.0792,0.7572
Ttyh3,Ttyh3,2614.8629,0.0089,0.0937,0.0951,0.9242,0.99
Tuba1a,Tuba1a,29728.0428,-0.2626,0.1974,-1.3303,0.1834,0.8131
Tuba1b,Tuba1b,20742.6584,-0.3631,0.2385,-1.5225,0.1279,0.7758
Tuba1c,Tuba1c,6397.9741,-0.3142,0.24,-1.3092,0.1905,0.8161
Tuba4a,Tuba4a,4388.7056,-0.0488,0.158,-0.309,0.7574,0.9694
Tubb2a,Tubb2a,9449.474,-0.2184,0.1876,-1.1643,0.2443,0.8419
Tubb2a-ps2,Tubb2a-ps2,2.5317,0.0007,1.0012,0.0007,0.9994,1
Tubb2b,Tubb2b,9298.1939,-0.0339,0.1356,-0.2501,0.8025,0.9719
Tubb3,Tubb3,1046.4115,0.0313,0.2046,0.1528,0.8785,0.9821
Tubb4a,Tubb4a,11.8401,-0.0338,0.4699,-0.0719,0.9427,0.9927
Tubb4b,Tubb4b,8456.8647,-0.3334,0.1541,-2.1628,0.0306,0.732
Tubb5,Tubb5,37532.8466,-0.1944,0.1148,-1.6938,0.0903,0.7643
Tubb6,Tubb6,18463.506,-0.2859,0.261,-1.0956,0.2733,0.8588
Tubd1,Tubd1,462.6482,-0.0839,0.1205,-0.6962,0.4863,0.9168
Tube1,Tube1,164.1301,-0.5243,0.2537,-2.0661,0.0388,0.732
Tubg1,Tubg1,1706.7557,-0.2167,0.1227,-1.7658,0.0774,0.7572
Tubg2,Tubg2,35.3262,0.001,0.2868,0.0035,0.9972,1
Tubgcp2,Tubgcp2,1157.6107,-0.1584,0.0997,-1.5882,0.1122,0.7736
Tubgcp3,Tubgcp3,1589.5835,-0.0572,0.0795,-0.7198,0.4717,0.9168
Tubgcp4,Tubgcp4,741.5441,-0.1351,0.0769,-1.7564,0.079,0.7572
Tubgcp5,Tubgcp5,612.3576,-0.0631,0.1548,-0.4075,0.6837,0.9622
Tubgcp6,Tubgcp6,1154.4395,0.0176,0.0985,0.1789,0.858,0.9797
Tufm,Tufm,2937.8159,-0.0068,0.0755,-0.0903,0.928,0.9911
Tuft1,Tuft1,641.149,-0.0591,0.1075,-0.5499,0.5824,0.9353
Tug1,Tug1,2876.2692,-0.0729,0.1904,-0.3829,0.7018,0.9635
Tulp1,Tulp1,1.1504,-0.6415,1.2468,-0.5145,0.6069,0.9411
Tulp2,Tulp2,0.9454,1.5685,1.4374,1.0913,0.2752,0.8588
Tulp3,Tulp3,2355.7291,0.188,0.1687,1.1147,0.265,0.8547
Tulp4,Tulp4,5551.1274,0.1195,0.2294,0.5207,0.6026,0.941
Tusc1,Tusc1,157.6607,0.233,0.2195,1.0615,0.2885,0.8606
Tusc2,Tusc2,663.9747,0.1391,0.0942,1.4768,0.1397,0.7903
Tusc3,Tusc3,3256.5953,0.2468,0.169,1.4602,0.1442,0.7928
Tusc5,Tusc5,2.5231,0.8611,0.8759,0.983,0.3256,0.8747
Tut1,Tut1,728.9352,0.003,0.0797,0.0371,0.9704,0.999
Tvp23a,Tvp23a,162.5433,-0.0266,0.1227,-0.2166,0.8285,0.9769
Tvp23b,Tvp23b,2637.8122,0.1358,0.0978,1.3886,0.165,0.8037
Twf1,Twf1,5790.1259,-0.1024,0.0633,-1.618,0.1057,0.7713
Twf2,Twf2,916.0557,-0.0521,0.1232,-0.4226,0.6726,0.9584
Twist1,Twist1,1.0385,-0.9393,1.5657,-0.5999,0.5486,0.9289
Twist2,Twist2,536.3893,0.3162,0.234,1.3512,0.1766,0.8108
Twistnb,Twistnb,569.3372,-0.0548,0.1745,-0.3143,0.7533,0.9694
Twsg1,Twsg1,3739.5641,-0.1898,0.1235,-1.5372,0.1243,0.7753
Txk,Txk,0.5189,-1.3537,1.9905,-0.6801,0.4965,0.9181
Txlna,Txlna,4749.115,-0.0611,0.0563,-1.0853,0.2778,0.8588
Txlnb,Txlnb,561.1324,-0.1488,0.2988,-0.4979,0.6185,0.9433
Txlng,Txlng,384.5186,-0.0654,0.1631,-0.4011,0.6883,0.9623
Txn1,Txn1,7970.8686,0.0724,0.1212,0.5971,0.5505,0.929
Txn2,Txn2,4488.4766,0.0664,0.075,0.886,0.3756,0.8935
Txndc11,Txndc11,1282.977,0.1786,0.0952,1.8759,0.0607,0.7456
Txndc12,Txndc12,2326.1522,0.1902,0.1262,1.508,0.1316,0.7771
Txndc15,Txndc15,2841.3162,0.0797,0.0537,1.4846,0.1376,0.7875
Txndc16,Txndc16,1707.5238,0.2503,0.1178,2.1248,0.0336,0.732
Txndc17,Txndc17,3018.1853,0.0622,0.0907,0.6858,0.4928,0.9181
Txndc2,Txndc2,6.2023,-0.1819,0.5962,-0.3051,0.7603,0.9699
Txndc5,Txndc5,17637.8402,0.014,0.0822,0.1708,0.8643,0.9808
Txndc9,Txndc9,3359.7199,-0.014,0.0566,-0.2471,0.8049,0.9724
Txnip,Txnip,9107.3334,0.6003,0.344,1.745,0.081,0.7572
Txnl1,Txnl1,4651.131,-0.0535,0.0502,-1.065,0.2869,0.8606
Txnl4a,Txnl4a,4751.3207,0.0853,0.0998,0.8544,0.3929,0.8986
Txnl4b,Txnl4b,259.1001,0.0824,0.1155,0.7135,0.4755,0.9168
Txnrd1,Txnrd1,8349.3394,0.2218,0.132,1.6796,0.093,0.7643
Txnrd2,Txnrd2,644.0418,0.0968,0.1016,0.9533,0.3404,0.879
Txnrd3,Txnrd3,473.34,0.1984,0.1184,1.6756,0.0938,0.7643
Tyk2,Tyk2,1297.2662,0.1588,0.0612,2.5971,0.0094,0.732
Tymp,Tymp,30.4472,0.2214,0.2493,0.8881,0.3745,0.8933
Tyms,Tyms,1049.7018,-0.3067,0.084,-3.6494,0.0003,0.3039
Tyms-ps,Tyms-ps,0.6255,-1.7339,1.9028,-0.9113,0.3622,0.8873
Tyro3,Tyro3,532.9882,0.0532,0.1209,0.4403,0.6597,0.9548
Tysnd1,Tysnd1,352.608,0.0854,0.1112,0.7681,0.4424,0.9118
Tyw1,Tyw1,1310.4832,0.2005,0.1384,1.4486,0.1474,0.7947
Tyw3,Tyw3,152.2321,-0.0001,0.1485,-0.0007,0.9995,1
Tyw5,Tyw5,325.2158,-0.1517,0.1499,-1.012,0.3115,0.868
U2af1,U2af1,2830.4653,-0.1057,0.0968,-1.0914,0.2751,0.8588
U2af1l4,U2af1l4,623.3353,-0.0107,0.0912,-0.1174,0.9065,0.987
U2af2,U2af2,5388.6036,0.0305,0.1063,0.287,0.7741,0.97
U2surp,U2surp,1116.8554,-0.1326,0.1861,-0.7124,0.4762,0.9168
U90926,U90926,4.2935,0.6062,1.9282,0.3144,0.7532,0.9694
Uaca,Uaca,2280.1914,0.3203,0.2026,1.5813,0.1138,0.7736
Uap1,Uap1,2377.7375,0.0253,0.0606,0.4182,0.6758,0.9598
Uap1l1,Uap1l1,3659.7549,0.7872,0.3115,2.5274,0.0115,0.732
Uba1,Uba1,19021.6852,0.011,0.0739,0.1483,0.8821,0.9824
Uba2,Uba2,4049.4866,-0.0914,0.0724,-1.2618,0.207,0.8262
Uba3,Uba3,5679.8615,-0.1116,0.1603,-0.6959,0.4865,0.9168
Uba5,Uba5,2192.745,-0.0214,0.0652,-0.3279,0.743,0.9694
Uba52,Uba52,10690.9202,0.0834,0.1664,0.5016,0.6159,0.9427
Uba6,Uba6,543.0603,-0.0131,0.2469,-0.0532,0.9576,0.9962
Uba7,Uba7,137.0292,-0.1717,0.2395,-0.7167,0.4735,0.9168
Ubac1,Ubac1,1953.6131,-0.0893,0.1376,-0.649,0.5164,0.9209
Ubac2,Ubac2,1813.1118,0.1863,0.1236,1.5066,0.1319,0.7771
Ubald1,Ubald1,1611.8779,0.2473,0.1585,1.5609,0.1185,0.7753
Ubald2,Ubald2,0.8419,1.3424,1.8664,0.7193,0.472,0.9168
Ubap1,Ubap1,2876.4675,0.207,0.1258,1.6452,0.0999,0.7669
Ubap1l,Ubap1l,4.2732,0.1232,0.8403,0.1466,0.8834,0.9825
Ubap2,Ubap2,4813.9454,-0.1566,0.1135,-1.3796,0.1677,0.8045
Ubap2l,Ubap2l,9331.7087,-0.0356,0.0409,-0.8719,0.3833,0.8935
Ubash3b,Ubash3b,322.5805,-0.0939,0.1738,-0.54,0.5892,0.9364
Ubc,Ubc,12377.2352,0.0893,0.1973,0.4526,0.6508,0.9543
Ube2a,Ube2a,1667.3903,0.0222,0.0622,0.357,0.7211,0.968
Ube2b,Ube2b,5085.4028,0.0135,0.0673,0.2004,0.8412,0.9775
Ube2c,Ube2c,1930.3897,-0.7869,0.3966,-1.9841,0.0472,0.7364
Ube2cbp,Ube2cbp,165.7336,-0.0886,0.1501,-0.5904,0.5549,0.929
Ube2d1,Ube2d1,3444.8251,0.0552,0.1121,0.4922,0.6226,0.9443
Ube2d2a,Ube2d2a,3753.4844,-0.0479,0.085,-0.564,0.5728,0.9325
Ube2d3,Ube2d3,12630.3271,0.0193,0.0613,0.3154,0.7524,0.9694
Ube2e1,Ube2e1,806.6083,0.0349,0.1918,0.1819,0.8557,0.9796
Ube2e2,Ube2e2,1022.3027,0.0762,0.1005,0.7582,0.4483,0.912
Ube2e3,Ube2e3,1970.3171,-0.0174,0.098,-0.1773,0.8593,0.98
Ube2f,Ube2f,2002.7871,0.0507,0.0751,0.6753,0.4995,0.9181
Ube2g1,Ube2g1,2899.2634,-0.0283,0.103,-0.2745,0.7837,0.97
Ube2g2,Ube2g2,4975.089,0.0525,0.0666,0.7878,0.4308,0.9081
Ube2h,Ube2h,5603.7898,-0.0711,0.1092,-0.6513,0.5149,0.92
Ube2i,Ube2i,6395.2942,0.019,0.1967,0.0966,0.9231,0.9893
Ube2j1,Ube2j1,5258.7505,-0.0864,0.0608,-1.4205,0.1555,0.8014
Ube2j2,Ube2j2,133.6226,-0.0283,0.2124,-0.1333,0.894,0.9843
Ube2k,Ube2k,2814.7887,-0.073,0.0643,-1.1342,0.2567,0.8478
Ube2l3,Ube2l3,7861.4559,-0.0584,0.0672,-0.8691,0.3848,0.8941
Ube2l6,Ube2l6,1064.4835,0.1613,0.1254,1.2862,0.1984,0.8231
Ube2m,Ube2m,3370.9591,-0.0425,0.0927,-0.4585,0.6466,0.953
Ube2n,Ube2n,5622.1356,-0.2117,0.1335,-1.5855,0.1128,0.7736
Ube2o,Ube2o,2179.2933,0.1752,0.1143,1.5334,0.1252,0.7753
Ube2q1,Ube2q1,3141.7115,0.1145,0.088,1.3011,0.1932,0.8197
Ube2q2,Ube2q2,1580.502,0.0277,0.1074,0.258,0.7964,0.9713
Ube2ql1,Ube2ql1,1.3511,0.4447,1.3201,0.3368,0.7362,0.9694
Ube2r2,Ube2r2,4051.4988,0.0402,0.0694,0.579,0.5626,0.9294
Ube2s,Ube2s,2944.5472,-0.2941,0.1907,-1.5426,0.1229,0.7753
Ube2t,Ube2t,155.6439,-0.2405,0.1783,-1.3492,0.1773,0.8119
Ube2u,Ube2u,0.4235,0.0068,2.4853,0.0027,0.9978,1
Ube2v1,Ube2v1,2992.3115,-0.0333,0.1612,-0.2064,0.8365,0.9774
Ube2v2,Ube2v2,889.5414,-0.207,0.1928,-1.0735,0.283,0.8606
Ube2w,Ube2w,2845.5334,-0.0489,0.0752,-0.6499,0.5157,0.9205
Ube2z,Ube2z,6511.8233,0.0394,0.0695,0.5661,0.5713,0.9321
Ube3a,Ube3a,739.9537,-0.0395,0.2285,-0.1728,0.8628,0.9807
Ube3b,Ube3b,3312.4939,0.0278,0.0692,0.4017,0.6879,0.9623
Ube3c,Ube3c,4898.0912,0.0465,0.0556,0.8356,0.4034,0.9033
Ube4a,Ube4a,2843.377,-0.0072,0.0925,-0.0781,0.9378,0.9923
Ube4b,Ube4b,4292.4278,0.0455,0.0901,0.505,0.6136,0.9425
Ube4bos3,Ube4bos3,26.6735,-0.2396,0.4233,-0.566,0.5714,0.9321
Ubfd1,Ubfd1,1960.5492,-0.034,0.066,-0.5158,0.606,0.941
Ubiad1,Ubiad1,1431.5131,0.1343,0.0958,1.4018,0.161,0.8037
Ubl3,Ubl3,2258.9101,0.0649,0.0849,0.7644,0.4447,0.912
Ubl4a,Ubl4a,1127.0161,-0.0431,0.1114,-0.3865,0.6991,0.9635
Ubl5,Ubl5,2309.2158,0.0456,0.0863,0.5284,0.5972,0.9393
Ubl7,Ubl7,2220.744,0.1769,0.1205,1.4676,0.1422,0.7925
Ublcp1,Ublcp1,1255.9272,0.0136,0.1228,0.1103,0.9121,0.9873
Ubn1,Ubn1,2773.5078,0.0254,0.0832,0.3052,0.7602,0.9699
Ubn2,Ubn2,1091.9404,-0.1023,0.2702,-0.3786,0.705,0.9646
Ubox5,Ubox5,456.3325,0.0681,0.1268,0.5371,0.5912,0.9377
Ubp1,Ubp1,2737.2826,-0.0852,0.0824,-1.0332,0.3015,0.8615
Ubqln1,Ubqln1,6666.7624,-0.0722,0.053,-1.3631,0.1728,0.807
Ubqln2,Ubqln2,2038.8313,0.0048,0.0821,0.0587,0.9532,0.9945
Ubqln4,Ubqln4,2725.0124,0.0702,0.1278,0.549,0.583,0.9353
Ubr1,Ubr1,1929.9097,-0.1438,0.1583,-0.9089,0.3634,0.8873
Ubr2,Ubr2,4936.5407,0.1497,0.102,1.4676,0.1422,0.7925
Ubr3,Ubr3,3543.5385,-0.1505,0.2284,-0.6589,0.51,0.9195
Ubr4,Ubr4,8060.0712,0.1269,0.0755,1.6806,0.0928,0.7643
Ubr5,Ubr5,9625.9886,-0.1003,0.1323,-0.7583,0.4483,0.912
Ubr7,Ubr7,1680.0313,-0.1538,0.0607,-2.5327,0.0113,0.732
Ubtd1,Ubtd1,1828.7579,-0.0346,0.1164,-0.2971,0.7664,0.97
Ubtd2,Ubtd2,1816.6825,-0.3183,0.2082,-1.5291,0.1262,0.7753
Ubtf,Ubtf,5263.1552,-0.0305,0.0959,-0.3179,0.7505,0.9694
Ubxn1,Ubxn1,2226.4161,0.1067,0.0977,1.0917,0.2749,0.8588
Ubxn11,Ubxn11,54.1827,0.4685,0.2609,1.7956,0.0726,0.752
Ubxn2a,Ubxn2a,582.9077,-0.171,0.2069,-0.8264,0.4086,0.9033
Ubxn2b,Ubxn2b,328.8618,0.0209,0.1283,0.1626,0.8708,0.9819
Ubxn4,Ubxn4,5400.429,-0.1253,0.1653,-0.7578,0.4486,0.912
Ubxn6,Ubxn6,2168.3555,0.2694,0.1502,1.7941,0.0728,0.752
Ubxn7,Ubxn7,2258.3058,-0.0638,0.1766,-0.3614,0.7178,0.9668
Ubxn8,Ubxn8,472.363,0.3892,0.2265,1.7184,0.0857,0.7626
Uchl1,Uchl1,278.7618,0.126,0.2076,0.607,0.5438,0.9283
Uchl3,Uchl3,789.942,-0.2267,0.0905,-2.5044,0.0123,0.732
Uchl4,Uchl4,1.878,0.5043,1.0207,0.4941,0.6213,0.9436
Uchl5,Uchl5,881.458,-0.1709,0.1177,-1.4515,0.1467,0.7941
Uck1,Uck1,1472.2815,0.1624,0.109,1.4902,0.1362,0.7856
Uck2,Uck2,1631.2558,0.0773,0.1347,0.5742,0.5658,0.9302
Uckl1,Uckl1,806.4314,0.1379,0.1021,1.3501,0.177,0.8116
Uckl1os,Uckl1os,14.2812,-0.0853,0.4262,-0.2002,0.8413,0.9775
Ucma,Ucma,9.4188,-0.7759,0.7658,-1.0131,0.311,0.8677
Ucn,Ucn,8.6987,0.4232,0.4681,0.9041,0.366,0.8891
Ucn2,Ucn2,1.4676,0.0036,1.1714,0.0031,0.9976,1
Ucp2,Ucp2,7405.2019,-0.5652,0.3376,-1.6743,0.0941,0.7643
Ucp3,Ucp3,15.1143,-0.0298,0.4469,-0.0666,0.9469,0.9934
Uevld,Uevld,1396.1206,-0.1493,0.0858,-1.7401,0.0818,0.7572
Ufc1,Ufc1,2494.9541,0.0916,0.0941,0.9738,0.3301,0.8768
Ufd1l,Ufd1l,2746.7613,0.0522,0.0939,0.5562,0.5781,0.9346
Ufl1,Ufl1,1563.8876,-0.0603,0.14,-0.4304,0.6669,0.9566
Ufm1,Ufm1,3312.5176,-0.0494,0.0767,-0.6442,0.5194,0.9219
Ufsp1,Ufsp1,62.5756,0.1242,0.2741,0.4533,0.6504,0.9543
Ufsp2,Ufsp2,1594.8748,-0.0161,0.0555,-0.2895,0.7722,0.97
Ugcg,Ugcg,17289.1548,0.3253,0.1874,1.7359,0.0826,0.7572
Ugdh,Ugdh,11022.7968,0.1478,0.1381,1.0697,0.2848,0.8606
Uggt1,Uggt1,6905.9363,0.1389,0.0888,1.5645,0.1177,0.7753
Uggt2,Uggt2,727.4175,-0.0992,0.221,-0.4489,0.6535,0.9548
Ugp2,Ugp2,4293.3994,0.0377,0.1112,0.3388,0.7348,0.9694
Ugt1a1,Ugt1a1,1.1473,0.9626,1.317,0.7309,0.4648,0.9157
Ugt1a6a,Ugt1a6a,635.7779,0.4049,0.2387,1.6966,0.0898,0.764
Ugt1a6b,Ugt1a6b,45.5668,0.6856,0.3836,1.7875,0.0739,0.752
Ugt1a7c,Ugt1a7c,37.3207,1.1739,0.6552,1.7917,0.0732,0.752
Ugt2b35,Ugt2b35,0.5261,2.5858,2.1494,1.203,0.229,0.8326
Ugt2b36,Ugt2b36,0.5236,1.3671,1.9895,0.6871,0.492,0.9181
Ugt2b5,Ugt2b5,0.6248,-1.7324,1.9026,-0.9105,0.3625,0.8873
Ugt8a,Ugt8a,5.0247,-0.1688,0.6109,-0.2764,0.7823,0.97
Uhmk1,Uhmk1,265.6159,-0.1639,0.2072,-0.791,0.429,0.9077
Uhrf1,Uhrf1,1788.931,-0.77,0.3734,-2.0624,0.0392,0.732
Uhrf1bp1,Uhrf1bp1,1269.7869,0.2643,0.1781,1.4835,0.138,0.7884
Uhrf1bp1l,Uhrf1bp1l,2469.1768,-0.0559,0.1492,-0.3751,0.7076,0.9657
Uhrf2,Uhrf2,3631.7594,0.0119,0.103,0.1158,0.9078,0.987
Uimc1,Uimc1,1608.8081,-0.147,0.0939,-1.5662,0.1173,0.7753
Ulbp1,Ulbp1,161.1619,-0.6823,0.3331,-2.0485,0.0405,0.732
Ulk1,Ulk1,3068.2233,0.4495,0.2221,2.0238,0.043,0.7364
Ulk2,Ulk2,2468.6645,-0.0634,0.1406,-0.4509,0.652,0.9544
Ulk3,Ulk3,628.8199,0.1511,0.1117,1.3525,0.1762,0.8104
Ulk4,Ulk4,118.5854,-0.1289,0.1821,-0.7079,0.479,0.9168
Umad1,Umad1,454.9313,-0.0226,0.0887,-0.2553,0.7985,0.9719
Umodl1,Umodl1,0.5266,-0.4921,1.9759,-0.249,0.8033,0.9719
Umps,Umps,1796.3963,-0.0139,0.1071,-0.1302,0.8964,0.9854
Unc119,Unc119,935.2112,0.0512,0.1304,0.3931,0.6942,0.9623
Unc119b,Unc119b,2256.6878,0.0853,0.0852,1.001,0.3168,0.8701
Unc13a,Unc13a,92.5597,0.3226,0.2817,1.1452,0.2521,0.8452
Unc13b,Unc13b,74.9762,0.0461,0.1895,0.2433,0.8078,0.9732
Unc13c,Unc13c,14.5544,-0.9169,0.6006,-1.5265,0.1269,0.7753
Unc13d,Unc13d,825.3839,0.0085,0.2039,0.0416,0.9668,0.9986
Unc45a,Unc45a,1356.0425,0.055,0.1112,0.4946,0.6209,0.9436
Unc45b,Unc45b,1172.6909,-0.2974,0.2887,-1.03,0.303,0.8623
Unc50,Unc50,1894.9435,0.1131,0.1095,1.0329,0.3017,0.8615
Unc5a,Unc5a,2.7238,-0.3229,0.9329,-0.3461,0.7292,0.9694
Unc5b,Unc5b,5310.6848,-0.0842,0.111,-0.7584,0.4482,0.912
Unc5c,Unc5c,279.6996,-0.4345,0.2436,-1.7836,0.0745,0.752
Unc93a,Unc93a,33.3517,0.9003,0.4595,1.9593,0.0501,0.7364
Unc93b1,Unc93b1,701.4116,0.0309,0.1631,0.1896,0.8497,0.9781
Ung,Ung,148.5528,-0.2794,0.1854,-1.5068,0.1319,0.7771
Unk,Unk,923.4279,-0.0335,0.0765,-0.4371,0.662,0.9551
Unkl,Unkl,209.1478,0.0371,0.1823,0.2037,0.8386,0.9775
Uox,Uox,1.4642,-0.7545,1.502,-0.5023,0.6154,0.9427
Upb1,Upb1,0.4129,-0.7667,2.4832,-0.3088,0.7575,0.9694
Upf1,Upf1,2589.5523,0.0306,0.0731,0.4184,0.6756,0.9598
Upf2,Upf2,729.1039,-0.0861,0.2235,-0.3852,0.7001,0.9635
Upf3a,Upf3a,1234.7987,-0.0773,0.0935,-0.827,0.4082,0.9033
Upf3b,Upf3b,280.6115,-0.1842,0.2051,-0.8979,0.3692,0.8924
Upk1a,Upk1a,12.8731,0.1313,0.4221,0.311,0.7558,0.9694
Upk1b,Upk1b,33.763,-0.4944,0.3357,-1.4728,0.1408,0.7905
Upk2,Upk2,0.4234,-1.1722,2.4209,-0.4842,0.6282,0.9451
Upk3bl,Upk3bl,0.4216,-1.1691,2.4222,-0.4827,0.6293,0.9451
Upp1,Upp1,182.9459,0.0145,0.2396,0.0604,0.9519,0.994
Upp2,Upp2,37.7426,0.0294,0.2654,0.1108,0.9118,0.9873
Uprt,Uprt,108.3252,-0.2256,0.3314,-0.6808,0.496,0.9181
Uqcc1,Uqcc1,1916.9471,-0.0499,0.0772,-0.6465,0.5179,0.9214
Uqcc2,Uqcc2,2472.3142,-0.0202,0.0858,-0.2353,0.814,0.9745
Uqcc3,Uqcc3,257.1135,0.2329,0.1533,1.5187,0.1288,0.7759
Uqcr10,Uqcr10,1852.4722,0.0159,0.1133,0.1407,0.8881,0.9833
Uqcr11,Uqcr11,2311.5369,-0.0337,0.0916,-0.3678,0.713,0.9662
Uqcrb,Uqcrb,3053.101,-0.1665,0.0933,-1.7852,0.0742,0.752
Uqcrc1,Uqcrc1,5226.4085,-0.0828,0.106,-0.7817,0.4344,0.9089
Uqcrc2,Uqcrc2,5290.4332,-0.1051,0.114,-0.9218,0.3566,0.8858
Uqcrfs1,Uqcrfs1,4043.2478,-0.0399,0.0982,-0.4061,0.6847,0.9623
Uqcrh,Uqcrh,6000.6939,0.0166,0.0852,0.1945,0.8458,0.9776
Uqcrq,Uqcrq,2719.1126,0.137,0.0994,1.3776,0.1683,0.8046
Urah,Urah,2.2952,1.3907,1.3141,1.0582,0.2899,0.8606
Urb1,Urb1,552.2081,-0.0131,0.1049,-0.1247,0.9008,0.986
Urb2,Urb2,890.9665,-0.1603,0.0808,-1.9827,0.0474,0.7364
Urgcp,Urgcp,2057.7242,0.0449,0.0651,0.6901,0.4901,0.9181
Uri1,Uri1,1493.6521,-0.0586,0.1006,-0.5826,0.5602,0.9294
Urm1,Urm1,1060.4654,0.076,0.1042,0.7291,0.466,0.9163
Uroc1,Uroc1,0.952,0.3129,1.7968,0.1741,0.8618,0.9805
Urod,Urod,1630.2051,0.1509,0.1067,1.4143,0.1573,0.8015
Uros,Uros,423.1079,0.0385,0.1053,0.3658,0.7145,0.9662
Usb1,Usb1,1862.0834,0.1144,0.0877,1.3046,0.192,0.817
Use1,Use1,1996.2256,0.2315,0.1448,1.5986,0.1099,0.7736
Usf1,Usf1,2303.2534,0.1885,0.102,1.8481,0.0646,0.7457
Usf2,Usf2,1379.7228,0.1433,0.0844,1.697,0.0897,0.764
Ush1c,Ush1c,0.4224,-1.1691,2.4213,-0.4829,0.6292,0.9451
Ush1g,Ush1g,122.6113,-0.0058,0.2284,-0.0255,0.9797,1
Ushbp1,Ushbp1,1.561,-0.0905,1.2799,-0.0707,0.9436,0.9929
Usmg5,Usmg5,2513.5955,-0.0929,0.0973,-0.9549,0.3396,0.879
Uso1,Uso1,6160.6389,-0.1331,0.163,-0.8161,0.4144,0.9033
Usp1,Usp1,1989.2234,-0.4079,0.152,-2.6834,0.0073,0.732
Usp10,Usp10,1627.5097,-0.0528,0.0542,-0.9741,0.33,0.8768
Usp11,Usp11,1539.6853,-0.1167,0.1533,-0.7613,0.4465,0.912
Usp12,Usp12,2168.2642,0.1961,0.1604,1.2228,0.2214,0.8307
Usp13,Usp13,482.8076,-0.1066,0.1367,-0.7801,0.4353,0.9089
Usp14,Usp14,4541.2758,-0.1605,0.1223,-1.3128,0.1893,0.8161
Usp15,Usp15,1950.4917,-0.1807,0.2287,-0.7902,0.4294,0.9079
Usp16,Usp16,1114.1027,-0.1828,0.2,-0.9139,0.3608,0.8868
Usp17la,Usp17la,17.032,0.617,0.6833,0.9029,0.3666,0.8898
Usp17lb,Usp17lb,1.8862,0.902,1.5498,0.582,0.5606,0.9294
Usp18,Usp18,26.8833,-0.1507,0.5989,-0.2516,0.8014,0.9719
Usp19,Usp19,6462.0283,0.0148,0.0624,0.2365,0.813,0.9744
Usp2,Usp2,363.6107,-0.1748,0.2595,-0.6734,0.5007,0.9183
Usp20,Usp20,1752.5571,0.054,0.0989,0.5456,0.5854,0.9355
Usp21,Usp21,1207.5423,0.1209,0.115,1.051,0.2933,0.8606
Usp22,Usp22,5693.0742,-0.0174,0.0766,-0.2278,0.8198,0.9758
Usp24,Usp24,2674.5065,-0.0267,0.1557,-0.1715,0.8638,0.9808
Usp25,Usp25,1350.417,-0.1811,0.185,-0.979,0.3276,0.8756
Usp27x,Usp27x,197.442,0.1172,0.1399,0.8381,0.402,0.9026
Usp28,Usp28,1819.9435,-0.1138,0.1651,-0.6893,0.4906,0.9181
Usp29,Usp29,19.3832,-0.3689,0.3924,-0.9403,0.3471,0.8828
Usp3,Usp3,1487.8451,0.0816,0.0685,1.1919,0.2333,0.8354
Usp30,Usp30,1097.8021,0.1918,0.1048,1.8296,0.0673,0.7459
Usp31,Usp31,989.9344,-0.1494,0.1644,-0.9089,0.3634,0.8873
Usp32,Usp32,1324.7945,0.0402,0.2102,0.1911,0.8485,0.9781
Usp33,Usp33,1857.4712,-0.1293,0.1396,-0.9258,0.3546,0.8849
Usp34,Usp34,1861.4899,-0.1389,0.3241,-0.4285,0.6683,0.9568
Usp35,Usp35,225.0029,0.0226,0.1145,0.1977,0.8433,0.9775
Usp36,Usp36,1356.193,0.0752,0.1049,0.7165,0.4737,0.9168
Usp37,Usp37,727.1425,-0.3124,0.2106,-1.4834,0.138,0.7884
Usp38,Usp38,2632.6771,-0.1199,0.1315,-0.9117,0.3619,0.8873
Usp39,Usp39,2427.882,-0.0597,0.0952,-0.6263,0.5311,0.925
Usp4,Usp4,5096.389,0.0172,0.076,0.2271,0.8204,0.9759
Usp40,Usp40,1612.4409,-0.0084,0.1151,-0.0733,0.9416,0.9925
Usp42,Usp42,871.5558,-0.0337,0.0953,-0.3538,0.7235,0.9688
Usp43,Usp43,55.966,-0.6171,0.3472,-1.7775,0.0755,0.7548
Usp44,Usp44,15.7088,-0.491,0.4926,-0.9969,0.3188,0.8707
Usp45,Usp45,981.5304,-0.0637,0.2285,-0.2788,0.7804,0.97
Usp46,Usp46,1184.642,-0.0018,0.0984,-0.0187,0.9851,1
Usp47,Usp47,6216.6385,-0.1949,0.1724,-1.1304,0.2583,0.8485
Usp48,Usp48,2707.5711,0.0557,0.0703,0.7932,0.4277,0.9071
Usp49,Usp49,340.0613,-0.1869,0.1681,-1.1121,0.2661,0.8547
Usp5,Usp5,6440.8603,0.0501,0.1001,0.5005,0.6167,0.9427
Usp50,Usp50,0.6354,-0.8469,2.3221,-0.3647,0.7153,0.9662
Usp53,Usp53,281.732,0.2523,0.1738,1.4514,0.1467,0.7941
Usp54,Usp54,837.5579,0.0448,0.1148,0.3901,0.6965,0.9629
Usp6nl,Usp6nl,998.8581,0.0353,0.1357,0.2598,0.795,0.9711
Usp7,Usp7,4069.3274,-0.1075,0.1002,-1.0729,0.2833,0.8606
Usp8,Usp8,3363.4152,-0.0719,0.1185,-0.6066,0.5441,0.9283
Usp9x,Usp9x,3637.4966,-0.1423,0.296,-0.4809,0.6306,0.9456
Uspl1,Uspl1,1398.2106,0.0103,0.0644,0.1592,0.8735,0.9819
Ust,Ust,1203.0121,0.0756,0.149,0.5076,0.6118,0.942
Utp11l,Utp11l,1565.9199,-0.0954,0.0734,-1.2997,0.1937,0.8197
Utp14a,Utp14a,1164.834,0.0257,0.1367,0.188,0.8508,0.9788
Utp14b,Utp14b,281.2695,-0.3988,0.2848,-1.4005,0.1614,0.8037
Utp15,Utp15,1086.9019,0.0128,0.0909,0.1406,0.8882,0.9833
Utp18,Utp18,1647.0653,-0.1225,0.066,-1.854,0.0637,0.7457
Utp20,Utp20,2222.9625,0.0447,0.163,0.2742,0.784,0.97
Utp23,Utp23,762.943,0.1213,0.113,1.0733,0.2831,0.8606
Utp3,Utp3,2086.3389,-0.1477,0.0537,-2.7495,0.006,0.732
Utp6,Utp6,3091.0027,-0.1867,0.1176,-1.5869,0.1125,0.7736
Utrn,Utrn,4550.534,-0.1451,0.2468,-0.588,0.5565,0.929
Uts2,Uts2,0.7307,-0.1315,1.6794,-0.0783,0.9376,0.9923
Uts2r,Uts2r,20.1257,-0.8585,0.4166,-2.0605,0.0393,0.732
Uvrag,Uvrag,1570.2057,0.1959,0.156,1.256,0.2091,0.8265
Uvssa,Uvssa,273.2571,0.1237,0.1833,0.6747,0.4998,0.9181
Uxs1,Uxs1,2543.3087,-0.1305,0.0731,-1.7852,0.0742,0.752
Uxt,Uxt,227.0814,0.0524,0.225,0.2327,0.816,0.975
Vac14,Vac14,1093.9641,0.2111,0.1694,1.2467,0.2125,0.8265
Vamp1,Vamp1,101.514,0.1388,0.183,0.7584,0.4482,0.912
Vamp2,Vamp2,2016.8188,0.1047,0.0947,1.1061,0.2687,0.8576
Vamp3,Vamp3,4489.0403,-0.0296,0.0546,-0.5424,0.5875,0.9355
Vamp4,Vamp4,1069.3341,0.0606,0.1308,0.4629,0.6434,0.9514
Vamp5,Vamp5,2374.2824,-0.403,0.2948,-1.3668,0.1717,0.8066
Vamp8,Vamp8,2174.1164,0.1339,0.1192,1.1234,0.2613,0.8526
Vangl1,Vangl1,1129.2594,-0.0071,0.0647,-0.1099,0.9125,0.9873
Vangl2,Vangl2,210.8109,-0.0266,0.1169,-0.2274,0.8201,0.9758
Vapa,Vapa,8486.8719,0.0191,0.056,0.3403,0.7337,0.9694
Vapb,Vapb,4866.4869,0,0.0457,0.0006,0.9995,1
Vars,Vars,5382.6862,0.023,0.0897,0.257,0.7972,0.9713
Vars2,Vars2,689.885,0.0658,0.0823,0.8,0.4237,0.906
Vash1,Vash1,396.5758,-0.1376,0.2452,-0.5613,0.5746,0.9329
Vash2,Vash2,2337.0541,0.0569,0.1235,0.4607,0.645,0.9522
Vasn,Vasn,3846.3498,0.266,0.1622,1.64,0.101,0.7677
Vasp,Vasp,5028.0679,-0.2127,0.1708,-1.2453,0.213,0.8265
Vat1,Vat1,15809.4905,0.5473,0.2556,2.1409,0.0323,0.732
Vav2,Vav2,730.249,0.0028,0.0974,0.0287,0.9771,0.9992
Vav3,Vav3,570.8843,0.0966,0.1617,0.5971,0.5504,0.929
Vax2,Vax2,30.2703,-0.2688,0.2647,-1.0153,0.3099,0.8673
Vax2os,Vax2os,0.833,1.1279,1.8515,0.6092,0.5424,0.9283
Vbp1,Vbp1,2167.653,-0.1803,0.1601,-1.1263,0.26,0.8516
Vcam1,Vcam1,4586.2218,-0.3429,0.2338,-1.4669,0.1424,0.7928
Vcan,Vcan,7121.6822,-0.3358,0.1813,-1.852,0.064,0.7457
Vcl,Vcl,23355.9583,-0.2731,0.179,-1.5256,0.1271,0.7753
Vcp,Vcp,28366.1501,0.008,0.0731,0.1088,0.9133,0.9874
Vcpip1,Vcpip1,1518.4827,-0.0167,0.1888,-0.0885,0.9295,0.9917
Vcpkmt,Vcpkmt,494.4582,-0.0266,0.1183,-0.2251,0.8219,0.9763
Vdac1,Vdac1,14299.4913,0.0515,0.0698,0.7376,0.4608,0.9143
Vdac2,Vdac2,9437.2582,-0.0096,0.0686,-0.1399,0.8887,0.9833
Vdac3,Vdac3,7182.6793,0.056,0.0829,0.6754,0.4994,0.9181
Vdr,Vdr,2402.231,-0.5136,0.1966,-2.6118,0.009,0.732
Vegfa,Vegfa,7396.5346,0.2853,0.2415,1.1815,0.2374,0.8378
Vegfb,Vegfb,1057.3726,0.5026,0.1859,2.7042,0.0068,0.732
Vegfc,Vegfc,703.8387,-0.3607,0.1744,-2.0689,0.0386,0.732
Veph1,Veph1,3.744,-0.2598,0.7991,-0.3252,0.7451,0.9694
Vezf1,Vezf1,3532.7567,-0.2225,0.1694,-1.3136,0.189,0.8161
Vezt,Vezt,1173.5398,-0.0637,0.1174,-0.5424,0.5875,0.9355
Vgf,Vgf,1.4691,-0.2776,1.1063,-0.2509,0.8019,0.9719
Vgll2,Vgll2,234.1674,0.1018,0.1885,0.5398,0.5893,0.9364
Vgll3,Vgll3,2978.1799,-0.1096,0.1328,-0.8254,0.4091,0.9033
Vgll4,Vgll4,1012.0837,-0.0858,0.1313,-0.6539,0.5132,0.9199
Vhl,Vhl,1456.331,0.1291,0.0862,1.4979,0.1342,0.7823
Vil1,Vil1,3.461,0.1097,0.7816,0.1404,0.8883,0.9833
Vill,Vill,60.3047,-0.0476,0.1774,-0.2681,0.7886,0.97
Vim,Vim,87640.5141,-0.0574,0.1093,-0.5246,0.5999,0.9406
Vimp,Vimp,2828.5299,0.2953,0.1354,2.1808,0.0292,0.732
Vipas39,Vipas39,1541.5705,0.1635,0.1058,1.5451,0.1223,0.7753
Vipr1,Vipr1,34.8979,0.0364,0.2845,0.1281,0.8981,0.9854
Vipr2,Vipr2,136.7554,0.0243,0.1686,0.1444,0.8852,0.9833
Vit,Vit,3.7791,1.8645,0.8294,2.2479,0.0246,0.732
Vkorc1,Vkorc1,1459.552,0.0532,0.0967,0.5501,0.5822,0.9353
Vkorc1l1,Vkorc1l1,2083.7158,-0.127,0.07,-1.8152,0.0695,0.7507
Vldlr,Vldlr,2213.3035,0.777,0.3777,2.0573,0.0397,0.732
Vma21,Vma21,2677.4654,-0.18,0.206,-0.874,0.3821,0.8935
Vmac,Vmac,546.2817,0.2429,0.1479,1.6425,0.1005,0.767
Vmn1r40,Vmn1r40,1.1547,0.5221,1.3699,0.3811,0.7031,0.9638
Vmn1r42,Vmn1r42,1.3665,2.2113,1.6037,1.3788,0.1679,0.8045
Vmn2r-ps54,Vmn2r-ps54,1.1513,-0.6382,1.2195,-0.5233,0.6008,0.9406
Vmn2r1,Vmn2r1,2.2005,-0.5361,0.9423,-0.5689,0.5694,0.9313
Vmn2r13,Vmn2r13,4.2861,-0.1252,0.7097,-0.1764,0.86,0.98
Vmn2r18,Vmn2r18,0.7256,0.5976,1.743,0.3429,0.7317,0.9694
Vmn2r29,Vmn2r29,45.7129,0.1818,0.2374,0.7659,0.4437,0.9118
Vmn2r30,Vmn2r30,0.5267,-0.4879,1.9752,-0.247,0.8049,0.9724
Vmn2r57,Vmn2r57,6.3967,0.5113,0.5845,0.8747,0.3817,0.8935
Vmn2r78,Vmn2r78,7.0357,-0.291,0.6858,-0.4242,0.6714,0.9578
Vmn2r79,Vmn2r79,0.6326,0.0035,1.5462,0.0023,0.9982,1
Vmn2r87,Vmn2r87,0.6312,-1.5492,2.196,-0.7055,0.4805,0.9168
Vmn2r96,Vmn2r96,3.5436,0.7075,0.8651,0.8178,0.4135,0.9033
Vmp1,Vmp1,9118.7186,0.2833,0.1976,1.4342,0.1515,0.7968
Vnn1,Vnn1,14.9636,1.238,0.5957,2.0783,0.0377,0.732
Vnn3,Vnn3,15.0657,1.1918,1.1965,0.9961,0.3192,0.8709
Vopp1,Vopp1,2521.748,0.1408,0.1241,1.1354,0.2562,0.8475
Vprbp,Vprbp,1752.9184,-0.0014,0.0892,-0.0154,0.9877,1
Vpreb1,Vpreb1,5.1475,0.3511,0.5955,0.5897,0.5554,0.929
Vpreb3,Vpreb3,1.5673,1.7002,1.3907,1.2226,0.2215,0.8307
Vps11,Vps11,2147.9976,0.2573,0.1435,1.7929,0.073,0.752
Vps13a,Vps13a,389.6086,0.0514,0.2619,0.1961,0.8445,0.9775
Vps13b,Vps13b,1181.0051,-0.0303,0.2123,-0.1426,0.8866,0.9833
Vps13c,Vps13c,1871.7422,0.1271,0.201,0.632,0.5274,0.923
Vps13d,Vps13d,2883.2545,0.0686,0.0832,0.8242,0.4098,0.9033
Vps16,Vps16,1591.0573,0.0866,0.0811,1.068,0.2855,0.8606
Vps18,Vps18,1586.5255,0.2223,0.1129,1.9695,0.0489,0.7364
Vps25,Vps25,2209.7763,0.0127,0.0818,0.1556,0.8764,0.9819
Vps26a,Vps26a,4529.6089,0.1061,0.0909,1.1677,0.2429,0.8407
Vps26b,Vps26b,2858.9445,0.0834,0.1112,0.7502,0.4531,0.9122
Vps28,Vps28,2386.9684,0.0624,0.1003,0.6217,0.5342,0.9258
Vps29,Vps29,2998.7624,0.108,0.1068,1.0107,0.3122,0.8684
Vps33a,Vps33a,2322.4465,0.175,0.0952,1.8371,0.0662,0.7457
Vps33b,Vps33b,618.6778,0.0671,0.0919,0.7308,0.4649,0.9157
Vps35,Vps35,13488.527,-0.018,0.0993,-0.1811,0.8563,0.9796
Vps36,Vps36,1033.9793,-0.1193,0.0632,-1.8865,0.0592,0.7456
Vps37a,Vps37a,1411.4317,-0.1682,0.1787,-0.9411,0.3466,0.8828
Vps37b,Vps37b,929.3545,0.0517,0.1251,0.4136,0.6792,0.9611
Vps37c,Vps37c,1591.1317,0.126,0.0724,1.74,0.0819,0.7572
Vps37d,Vps37d,143.5361,0.2302,0.1941,1.1863,0.2355,0.8369
Vps39,Vps39,1673.3619,0.1254,0.0674,1.8608,0.0628,0.7457
Vps41,Vps41,3509.5097,-0.014,0.1171,-0.1199,0.9046,0.9865
Vps45,Vps45,739.5001,-0.0328,0.1056,-0.3108,0.756,0.9694
Vps4a,Vps4a,2178.2817,0.0218,0.0847,0.2569,0.7972,0.9713
Vps4b,Vps4b,3563.9378,0.0052,0.0797,0.0657,0.9476,0.9935
Vps51,Vps51,1075.0443,0.1298,0.069,1.8818,0.0599,0.7456
Vps52,Vps52,1760.4202,-0.009,0.0792,-0.1134,0.9097,0.987
Vps53,Vps53,2374.2901,0.0388,0.0641,0.6057,0.5447,0.9285
Vps54,Vps54,1089.2887,-0.1066,0.1684,-0.6333,0.5265,0.9228
Vps72,Vps72,2046.8424,0.0981,0.0903,1.0863,0.2773,0.8588
Vps8,Vps8,2086.0322,0.2341,0.1282,1.8266,0.0678,0.7488
Vps9d1,Vps9d1,476.408,-0.0231,0.1164,-0.1983,0.8428,0.9775
Vrk1,Vrk1,650.8287,-0.3399,0.1904,-1.7853,0.0742,0.752
Vrk2,Vrk2,332.8852,-0.1385,0.1547,-0.8953,0.3706,0.8928
Vrk3,Vrk3,609.8945,0.1742,0.1134,1.5361,0.1245,0.7753
Vsig10,Vsig10,678.8743,0.1922,0.1267,1.5169,0.1293,0.7761
Vsig10l,Vsig10l,69.9312,0.5389,0.3375,1.5967,0.1103,0.7736
Vsig8,Vsig8,3.9767,0.7901,0.7588,1.0412,0.2978,0.8608
Vsnl1,Vsnl1,1.3686,0.6611,1.3752,0.4807,0.6307,0.9456
Vstm5,Vstm5,0.4129,-0.7667,2.4832,-0.3088,0.7575,0.9694
Vta1,Vta1,1993.7876,-0.0403,0.0774,-0.5209,0.6025,0.941
Vtcn1,Vtcn1,3.8599,0.3502,0.7422,0.4719,0.637,0.9487
Vti1a,Vti1a,1243.8942,0.2047,0.1433,1.4282,0.1532,0.7988
Vti1b,Vti1b,2461.3313,0.0847,0.0859,0.986,0.3241,0.8734
Vtn,Vtn,1.4665,-0.7339,1.2689,-0.5784,0.563,0.9294
Vwa1,Vwa1,1414.1446,0.1963,0.1723,1.139,0.2547,0.8457
Vwa2,Vwa2,1.1495,-1.2543,1.3869,-0.9044,0.3658,0.8891
Vwa3a,Vwa3a,0.9493,-0.3129,1.5036,-0.2081,0.8351,0.9774
Vwa5a,Vwa5a,5829.1189,0.1352,0.0985,1.3725,0.1699,0.8056
Vwa5b2,Vwa5b2,4.2841,0.1361,0.6985,0.1948,0.8456,0.9776
Vwa7,Vwa7,1.687,0.277,1.3161,0.2105,0.8333,0.9774
Vwa8,Vwa8,2186.0815,0.1242,0.0754,1.6464,0.0997,0.7669
Vwa9,Vwa9,1549.9378,-0.0474,0.0662,-0.7163,0.4738,0.9168
Vwce,Vwce,1.9845,1.5082,1.1179,1.3491,0.1773,0.8119
Vwde,Vwde,0.7219,-0.9441,2.369,-0.3985,0.6902,0.9623
Vwf,Vwf,31.7522,0.0849,0.3026,0.2807,0.7789,0.97
Wac,Wac,3450.1542,-0.0862,0.1383,-0.6233,0.5331,0.9256
Wapal,Wapal,2426.1298,-0.1668,0.2618,-0.6372,0.524,0.9223
Wars,Wars,2868.6674,0.2726,0.1629,1.6732,0.0943,0.7643
Wars2,Wars2,321.6217,-0.0277,0.0951,-0.2918,0.7705,0.97
Was,Was,20.2837,-0.0181,0.3128,-0.0578,0.9539,0.9948
Wasf1,Wasf1,487.4613,-0.1526,0.1039,-1.4689,0.1418,0.792
Wasf2,Wasf2,5685.9594,-0.1263,0.0789,-1.5995,0.1097,0.7736
Wash1,Wash1,1625.7221,0.226,0.1427,1.5834,0.1133,0.7736
Wasl,Wasl,2077.6963,-0.156,0.1494,-1.0441,0.2964,0.8608
Wbp1,Wbp1,1073.5353,-0.0735,0.1273,-0.5774,0.5636,0.9295
Wbp11,Wbp11,3444.9957,-0.0627,0.0551,-1.1365,0.2557,0.8471
Wbp1l,Wbp1l,4808.4189,0.1784,0.0913,1.9535,0.0508,0.7364
Wbp2,Wbp2,4542.1558,0.2649,0.1407,1.8823,0.0598,0.7456
Wbp4,Wbp4,1662.2102,-0.1443,0.162,-0.8907,0.3731,0.893
Wbp5,Wbp5,5003.0369,-0.0768,0.0649,-1.1844,0.2362,0.8369
Wbscr16,Wbscr16,694.2774,-0.0523,0.1301,-0.4021,0.6876,0.9623
Wbscr22,Wbscr22,975.9638,-0.0447,0.0944,-0.4728,0.6364,0.9487
Wbscr25,Wbscr25,0.4226,0.0038,2.0624,0.0018,0.9985,1
Wbscr27,Wbscr27,445.6513,0.4456,0.2066,2.1572,0.031,0.732
Wdfy1,Wdfy1,2552.4096,-0.0049,0.0764,-0.0642,0.9488,0.9935
Wdfy2,Wdfy2,233.6482,0.1129,0.219,0.5156,0.6061,0.941
Wdfy3,Wdfy3,2816.9504,-0.0324,0.1111,-0.2915,0.7707,0.97
Wdfy4,Wdfy4,1.2555,1.2577,1.3819,0.9101,0.3628,0.8873
Wdhd1,Wdhd1,592.1387,-0.6391,0.2205,-2.898,0.0038,0.732
Wdpcp,Wdpcp,413.9646,0.0962,0.0859,1.1198,0.2628,0.8534
Wdr1,Wdr1,13627.0083,-0.0992,0.0926,-1.0711,0.2841,0.8606
Wdr11,Wdr11,1477.7151,0.0499,0.0909,0.5483,0.5835,0.9353
Wdr12,Wdr12,1440.6093,-0.0849,0.1132,-0.7503,0.4531,0.9122
Wdr13,Wdr13,2135.2475,0.0196,0.0749,0.2622,0.7932,0.9703
Wdr17,Wdr17,0.9404,-0.1069,1.4105,-0.0758,0.9396,0.9923
Wdr18,Wdr18,1313.3643,0.0139,0.1017,0.1367,0.8913,0.984
Wdr19,Wdr19,801.7105,0.0544,0.0915,0.5946,0.5521,0.929
Wdr20,Wdr20,939.5531,-0.1317,0.1147,-1.1489,0.2506,0.8443
Wdr24,Wdr24,965.4806,0.1327,0.0944,1.4058,0.1598,0.8028
Wdr25,Wdr25,277.6419,0.2033,0.1413,1.4384,0.1503,0.7968
Wdr26,Wdr26,8649.0518,-0.1458,0.1843,-0.7909,0.429,0.9077
Wdr27,Wdr27,14.257,0.1671,0.4141,0.4036,0.6865,0.9623
Wdr3,Wdr3,1987.659,-0.0035,0.0893,-0.0391,0.9688,0.999
Wdr31,Wdr31,80.2943,-0.049,0.1965,-0.2493,0.8031,0.9719
Wdr33,Wdr33,3065.605,0.0054,0.0659,0.0821,0.9346,0.9923
Wdr34,Wdr34,654.3968,0.1835,0.1001,1.833,0.0668,0.7457
Wdr35,Wdr35,1657.8331,-0.0516,0.0938,-0.5499,0.5824,0.9353
Wdr36,Wdr36,3908.8728,0.0905,0.1066,0.849,0.3959,0.8991
Wdr37,Wdr37,1026.8672,-0.1052,0.1223,-0.8599,0.3898,0.8976
Wdr38,Wdr38,0.8347,0.2103,1.8283,0.115,0.9084,0.987
Wdr4,Wdr4,1065.6651,0.1255,0.1461,0.8593,0.3902,0.8977
Wdr41,Wdr41,1030.5591,0.0013,0.0902,0.0148,0.9882,1
Wdr43,Wdr43,2577.5032,-0.2021,0.145,-1.3938,0.1634,0.8037
Wdr44,Wdr44,927.4232,-0.1715,0.2448,-0.7006,0.4836,0.9168
Wdr45,Wdr45,1128.43,0.3878,0.2103,1.8438,0.0652,0.7457
Wdr45b,Wdr45b,3993.1672,-0.0792,0.0974,-0.8136,0.4159,0.9034
Wdr46,Wdr46,1660.101,0.04,0.1362,0.2938,0.7689,0.97
Wdr47,Wdr47,919.4391,-0.0166,0.1597,-0.104,0.9172,0.9879
Wdr48,Wdr48,1793.3768,0.0692,0.0939,0.7367,0.4613,0.9146
Wdr5,Wdr5,2550.3478,0.0057,0.0557,0.1023,0.9185,0.9879
Wdr53,Wdr53,324.884,0.0765,0.1012,0.7558,0.4497,0.912
Wdr54,Wdr54,245.2168,0.3595,0.184,1.954,0.0507,0.7364
Wdr55,Wdr55,861.722,0.0878,0.1023,0.8583,0.3908,0.8981
Wdr59,Wdr59,999.6374,0.1017,0.0684,1.4854,0.1374,0.7871
Wdr5b,Wdr5b,169.6246,-0.2105,0.2586,-0.814,0.4156,0.9033
Wdr6,Wdr6,3294.4379,-0.091,0.095,-0.9579,0.3381,0.879
Wdr60,Wdr60,780.6494,-0.1121,0.1213,-0.9238,0.3556,0.8852
Wdr61,Wdr61,1936.5073,0.0319,0.0986,0.3236,0.7462,0.9694
Wdr62,Wdr62,316.2193,-0.1293,0.1448,-0.8928,0.372,0.893
Wdr63,Wdr63,3.1338,0.315,0.8599,0.3663,0.7141,0.9662
Wdr7,Wdr7,2019.6365,0.1978,0.1346,1.4692,0.1418,0.7919
Wdr70,Wdr70,1429.3328,-0.0354,0.0684,-0.5172,0.605,0.941
Wdr72,Wdr72,0.5276,-0.5002,1.7514,-0.2856,0.7752,0.97
Wdr73,Wdr73,585.5115,0.1588,0.1163,1.3653,0.1722,0.8069
Wdr74,Wdr74,689.6179,0.0764,0.1095,0.6983,0.485,0.9168
Wdr75,Wdr75,2301.6639,-0.0864,0.093,-0.9292,0.3528,0.8839
Wdr76,Wdr76,426.6553,-0.2393,0.1447,-1.6538,0.0982,0.7669
Wdr77,Wdr77,2969.8927,-0.0693,0.0759,-0.9131,0.3612,0.8871
Wdr78,Wdr78,25.8962,-0.1465,0.3721,-0.3936,0.6939,0.9623
Wdr8,Wdr8,631.6647,0.1265,0.109,1.1609,0.2457,0.8421
Wdr81,Wdr81,2155.5445,0.4227,0.1719,2.4596,0.0139,0.732
Wdr82,Wdr82,3491.1506,-0.0277,0.077,-0.3592,0.7195,0.9673
Wdr83,Wdr83,1237.9594,-0.0501,0.0753,-0.6653,0.5058,0.9188
Wdr83os,Wdr83os,3006.4222,0.0214,0.1154,0.1851,0.8532,0.9789
Wdr89,Wdr89,135.9761,-0.2102,0.1389,-1.5139,0.1301,0.777
Wdr90,Wdr90,483.8402,-0.3452,0.1436,-2.4039,0.0162,0.732
Wdr91,Wdr91,606.9169,0.187,0.1446,1.293,0.196,0.8209
Wdr92,Wdr92,779.3496,0.0715,0.1242,0.5757,0.5649,0.93
Wdr93,Wdr93,7.9437,0.2816,0.5041,0.5585,0.5765,0.9341
Wdr95,Wdr95,6.8845,-0.6808,0.5598,-1.2161,0.2239,0.831
Wdsub1,Wdsub1,892.623,0.2476,0.1075,2.3034,0.0213,0.732
Wdtc1,Wdtc1,2571.2891,0.1201,0.0786,1.528,0.1265,0.7753
Wdyhv1,Wdyhv1,1123.6293,0.0412,0.0657,0.6272,0.5305,0.9245
Wee1,Wee1,841.23,-0.1241,0.1129,-1.0987,0.2719,0.8588
Wfdc1,Wfdc1,17.4185,-0.3027,0.5103,-0.5932,0.5531,0.929
Wfdc13,Wfdc13,1.7783,-0.1799,1.085,-0.1658,0.8683,0.9818
Wfdc17,Wfdc17,316.731,1.6687,2.0193,0.8264,0.4086,0.9033
Wfdc18,Wfdc18,2.3011,1.4184,1.0233,1.3861,0.1657,0.8037
Wfdc2,Wfdc2,6.8018,-0.2385,0.8682,-0.2747,0.7835,0.97
Wfdc21,Wfdc21,34.4738,1.4827,1.3527,1.0961,0.273,0.8588
Wfdc3,Wfdc3,0.6343,-0.8685,1.9388,-0.448,0.6542,0.9548
Wfdc6a,Wfdc6a,0.3169,0.6972,2.5704,0.2712,0.7862,0.97
Wfikkn1,Wfikkn1,20.6335,0.0613,0.3198,0.1917,0.848,0.978
Wfikkn2,Wfikkn2,5.7442,0.3517,0.7584,0.4637,0.6428,0.9512
Wfs1,Wfs1,2664.3028,0.2193,0.0536,4.0944,0,0.177
Whamm,Whamm,316.5074,0.2948,0.1717,1.7172,0.0859,0.7626
Whrn,Whrn,1020.3413,-0.1795,0.1498,-1.1979,0.2309,0.834
Whsc1,Whsc1,2406.7333,-0.4378,0.2028,-2.1589,0.0309,0.732
Whsc1l1,Whsc1l1,3139.9553,-0.0312,0.1017,-0.3068,0.759,0.9694
Wibg,Wibg,776.144,-0.0497,0.0838,-0.5932,0.553,0.929
Wif1,Wif1,20.8331,-0.733,0.4514,-1.6239,0.1044,0.7679
Wipf1,Wipf1,2764.6185,-0.0162,0.0818,-0.1978,0.8432,0.9775
Wipf2,Wipf2,1117.894,0.15,0.0956,1.5689,0.1167,0.7753
Wipf3,Wipf3,24.4446,-0.3837,0.4948,-0.7756,0.438,0.9104
Wipi1,Wipi1,4021.3949,-0.0185,0.0795,-0.2328,0.8159,0.975
Wipi2,Wipi2,4514.6969,0.2441,0.1448,1.6851,0.092,0.7643
Wisp1,Wisp1,14776.9411,-0.5194,0.2662,-1.9508,0.0511,0.7364
Wisp2,Wisp2,3266.6753,-0.306,0.169,-1.8105,0.0702,0.7507
Wisp3,Wisp3,3.9705,-0.9303,0.7858,-1.1838,0.2365,0.8369
Wiz,Wiz,1718.2054,0.0163,0.0926,0.1766,0.8599,0.98
Wls,Wls,24039.8375,-0.0452,0.1128,-0.4005,0.6888,0.9623
Wnk1,Wnk1,11682.883,-0.1913,0.2078,-0.9204,0.3574,0.8858
Wnk3,Wnk3,4.195,-1.3146,0.7341,-1.7907,0.0733,0.752
Wnk4,Wnk4,8.6005,0.0525,0.4619,0.1136,0.9096,0.987
Wnt1,Wnt1,1.4671,-1.1913,1.1336,-1.0508,0.2933,0.8606
Wnt10a,Wnt10a,1597.7644,-0.3997,0.2895,-1.3805,0.1674,0.8045
Wnt10b,Wnt10b,158.0882,0.3047,0.1578,1.9309,0.0535,0.7365
Wnt11,Wnt11,59.7474,-0.5619,0.401,-1.4013,0.1611,0.8037
Wnt16,Wnt16,1.0528,1.1742,1.424,0.8246,0.4096,0.9033
Wnt2b,Wnt2b,24.976,-0.3436,0.369,-0.931,0.3519,0.8839
Wnt4,Wnt4,96.0643,-0.3282,0.2379,-1.3795,0.1677,0.8045
Wnt5a,Wnt5a,24.9133,-0.1538,0.3868,-0.3976,0.691,0.9623
Wnt5b,Wnt5b,154.1567,0.1945,0.2746,0.7083,0.4788,0.9168
Wnt6,Wnt6,101.0789,-0.3702,0.3383,-1.0943,0.2738,0.8588
Wnt7b,Wnt7b,19.707,-0.4557,0.5686,-0.8014,0.4229,0.906
Wnt9a,Wnt9a,852.9857,-0.5018,0.2744,-1.8286,0.0675,0.747
Wrap53,Wrap53,402.9757,-0.0025,0.0945,-0.0269,0.9785,0.9995
Wrb,Wrb,819.1137,0.1129,0.0964,1.1705,0.2418,0.8407
Wrn,Wrn,509.0885,-0.1723,0.2364,-0.7289,0.4661,0.9163
Wrnip1,Wrnip1,1854.5722,-0.0288,0.0846,-0.3401,0.7338,0.9694
Wsb1,Wsb1,3958.7669,-0.1354,0.1816,-0.7457,0.4559,0.9132
Wsb2,Wsb2,5457.2366,0.0434,0.0678,0.6397,0.5224,0.9223
Wscd1,Wscd1,0.5285,-1.5673,1.9,-0.8249,0.4094,0.9033
Wscd2,Wscd2,3.7732,-0.3665,0.8493,-0.4315,0.6661,0.9563
Wt1,Wt1,28.738,0.6284,0.5137,1.2231,0.2213,0.8307
Wtap,Wtap,2166.2777,0.0585,0.1022,0.5719,0.5674,0.9312
Wtip,Wtip,642.9944,0.0877,0.1195,0.7341,0.4629,0.9152
Wwc1,Wwc1,38.7124,0.81,0.4444,1.8225,0.0684,0.7507
Wwc2,Wwc2,2618.3997,-0.1272,0.1018,-1.2501,0.2113,0.8265
Wwox,Wwox,355.107,0.2527,0.1832,1.379,0.1679,0.8045
Wwp1,Wwp1,906.8461,-0.0094,0.198,-0.0477,0.9619,0.997
Wwp2,Wwp2,2648.0627,0.1654,0.1047,1.5788,0.1144,0.7749
Wwtr1,Wwtr1,8878.1637,-0.2652,0.1877,-1.4135,0.1575,0.8015
Xab2,Xab2,1840.8808,0.0877,0.0833,1.0527,0.2925,0.8606
Xaf1,Xaf1,295.4059,-0.0814,0.2507,-0.3246,0.7455,0.9694
Xbp1,Xbp1,7946.8425,0.2066,0.0925,2.2336,0.0255,0.732
Xcl1,Xcl1,0.5195,-1.3856,2.3878,-0.5803,0.5617,0.9294
Xcr1,Xcr1,10.6045,0.0888,0.5349,0.166,0.8681,0.9818
Xdh,Xdh,3246.8352,1.2016,0.6858,1.752,0.0798,0.7572
Xiap,Xiap,1959.1456,-0.1599,0.2526,-0.6331,0.5266,0.9228
Xirp1,Xirp1,2873.0526,-0.0812,0.27,-0.3006,0.7637,0.97
Xirp2,Xirp2,13.1999,0.2536,0.3887,0.6525,0.5141,0.9199
Xist,Xist,14514.8955,-0.3502,0.3265,-1.0724,0.2836,0.8606
Xk,Xk,42.6771,-0.2154,0.2919,-0.738,0.4605,0.9142
Xkr5,Xkr5,146.6666,-0.8575,0.4771,-1.7973,0.0723,0.752
Xkr6,Xkr6,15.5991,-0.0448,0.3876,-0.1155,0.908,0.987
Xkr8,Xkr8,357.5764,-0.0467,0.147,-0.3177,0.7507,0.9694
Xkr9,Xkr9,0.4208,0.0046,2.0637,0.0022,0.9982,1
Xkrx,Xkrx,5.2273,-0.2315,0.703,-0.3293,0.7419,0.9694
Xlr,Xlr,966.284,-0.2699,0.2131,-1.2663,0.2054,0.8262
Xlr3a,Xlr3a,72.4134,0.3002,0.2689,1.1165,0.2642,0.8547
Xlr3b,Xlr3b,7.6363,0.2843,0.4909,0.5791,0.5625,0.9294
Xlr3c,Xlr3c,14.941,-0.0408,0.3841,-0.1062,0.9154,0.9876
Xndc1,Xndc1,157.5543,-0.0372,0.2208,-0.1684,0.8662,0.9815
Xpa,Xpa,494.3139,0.1163,0.1017,1.1429,0.2531,0.8453
Xpc,Xpc,876.946,0.1454,0.1681,0.8653,0.3869,0.8952
Xpnpep1,Xpnpep1,4565.6148,0.0828,0.0735,1.1257,0.2603,0.8519
Xpnpep2,Xpnpep2,68.2125,0.0578,0.2248,0.2571,0.7971,0.9713
Xpnpep3,Xpnpep3,604.044,0.0222,0.129,0.1725,0.8631,0.9807
Xpo1,Xpo1,3567.1815,-0.2952,0.249,-1.1856,0.2358,0.8369
Xpo4,Xpo4,320.221,-0.2551,0.216,-1.1807,0.2377,0.838
Xpo5,Xpo5,2851.6967,0.0209,0.1337,0.1561,0.8759,0.9819
Xpo6,Xpo6,2281.8874,0.069,0.1074,0.6427,0.5204,0.9221
Xpo7,Xpo7,3314.5137,-0.0419,0.0707,-0.5923,0.5537,0.929
Xpot,Xpot,5843.8092,0.1864,0.132,1.4119,0.158,0.8015
Xpr1,Xpr1,2494.9762,-0.1586,0.2187,-0.7256,0.4681,0.9168
Xrcc1,Xrcc1,1202.4002,0.0108,0.0946,0.1144,0.9089,0.987
Xrcc2,Xrcc2,456.2431,-0.3011,0.1474,-2.0429,0.0411,0.732
Xrcc3,Xrcc3,520.2046,-0.0398,0.1336,-0.2978,0.7658,0.97
Xrcc4,Xrcc4,580.0318,-0.0009,0.1036,-0.0088,0.9929,1
Xrcc5,Xrcc5,3730.8404,0.1584,0.1122,1.4121,0.1579,0.8015
Xrcc6,Xrcc6,1796.5505,-0.0952,0.0743,-1.28,0.2005,0.8252
Xrcc6bp1,Xrcc6bp1,213.2654,0.0909,0.1523,0.5969,0.5506,0.929
Xrn1,Xrn1,470.9735,-0.2194,0.3144,-0.6979,0.4853,0.9168
Xrn2,Xrn2,4854.5395,-0.0685,0.0973,-0.704,0.4814,0.9168
Xrra1,Xrra1,14.9929,-0.1554,0.4245,-0.3661,0.7143,0.9662
Xxylt1,Xxylt1,1971.6,-0.1729,0.0884,-1.9555,0.0505,0.7364
Xylb,Xylb,119.0877,0.4669,0.2573,1.8147,0.0696,0.7507
Xylt2,Xylt2,1203.5308,0.1008,0.1215,0.8298,0.4067,0.9033
Yae1d1,Yae1d1,827.7083,-0.0985,0.1388,-0.7097,0.4779,0.9168
Yaf2,Yaf2,1563.1356,-0.2263,0.1069,-2.1162,0.0343,0.732
Yap1,Yap1,5297.1846,-0.0509,0.0668,-0.7626,0.4457,0.912
Yars,Yars,4980.475,0.1206,0.1208,0.9989,0.3178,0.8702
Yars2,Yars2,657.109,-0.006,0.0915,-0.0655,0.9477,0.9935
Ybey,Ybey,208.3514,0.1649,0.1169,1.4103,0.1584,0.8015
Ybx1,Ybx1,20155.5507,-0.1405,0.0672,-2.0925,0.0364,0.732
Ybx2,Ybx2,1.2398,-0.2164,1.8513,-0.1169,0.9069,0.987
Ybx3,Ybx3,10275.5351,0.1157,0.0672,1.7224,0.085,0.7612
Ydjc,Ydjc,132.1616,-0.331,0.2202,-1.5035,0.1327,0.7779
Yeats2,Yeats2,1360.281,-0.1944,0.0994,-1.9563,0.0504,0.7364
Yeats4,Yeats4,1303.2534,0.0206,0.0757,0.272,0.7856,0.97
Yes1,Yes1,760.6435,0.0242,0.1763,0.1371,0.891,0.9839
Yif1a,Yif1a,2224.4616,0.0673,0.0778,0.8643,0.3874,0.8952
Yif1b,Yif1b,1790.8877,0.1189,0.1024,1.161,0.2456,0.8421
Yipf1,Yipf1,1138.1799,0.1702,0.1317,1.2928,0.1961,0.8209
Yipf2,Yipf2,368.6808,0.1844,0.1085,1.7,0.0891,0.764
Yipf3,Yipf3,3662.7711,0.185,0.1286,1.439,0.1501,0.7968
Yipf4,Yipf4,4064.4706,0.0939,0.088,1.0667,0.2861,0.8606
Yipf5,Yipf5,4347.3921,-0.0455,0.063,-0.723,0.4697,0.9168
Yipf6,Yipf6,828.761,-0.1681,0.1974,-0.8515,0.3945,0.8987
Yipf7,Yipf7,52.8477,0.4969,0.2012,2.4694,0.0135,0.732
Ykt6,Ykt6,6285.1332,-0.069,0.0872,-0.791,0.4289,0.9077
Ylpm1,Ylpm1,2100.3003,-0.188,0.151,-1.2449,0.2132,0.8265
Yme1l1,Yme1l1,5006.8617,-0.1704,0.2101,-0.811,0.4174,0.9046
Yod1,Yod1,146.2948,-0.2318,0.2761,-0.8395,0.4012,0.902
Ypel1,Ypel1,118.9135,0.0523,0.1629,0.3212,0.7481,0.9694
Ypel2,Ypel2,422.1496,0.2395,0.2154,1.1115,0.2663,0.8547
Ypel3,Ypel3,2464.3626,0.2687,0.1185,2.2671,0.0234,0.732
Ypel4,Ypel4,125.0505,0.4343,0.2546,1.7059,0.088,0.764
Ypel5,Ypel5,2535.8428,0.1888,0.0888,2.1264,0.0335,0.732
Yrdc,Yrdc,1062.326,0.0611,0.1059,0.5771,0.5639,0.9297
Ythdc1,Ythdc1,2064.7831,-0.1066,0.1683,-0.6334,0.5265,0.9228
Ythdc2,Ythdc2,331.1959,-0.1927,0.2492,-0.7734,0.4393,0.9109
Ythdf1,Ythdf1,3124.7148,-0.0443,0.0494,-0.8953,0.3706,0.8928
Ythdf2,Ythdf2,2758.9008,-0.0817,0.0927,-0.8805,0.3786,0.8935
Ythdf3,Ythdf3,3010.4779,-0.1309,0.2468,-0.5303,0.5959,0.9389
Ywhab,Ywhab,12158.8488,-0.0648,0.0651,-0.9953,0.3196,0.8709
Ywhae,Ywhae,23963.2904,-0.1364,0.0974,-1.4003,0.1614,0.8037
Ywhag,Ywhag,13338.2694,0.0668,0.0671,0.9956,0.3195,0.8709
Ywhah,Ywhah,5305.5207,-0.0166,0.1462,-0.1136,0.9096,0.987
Ywhaq,Ywhaq,6693.0532,-0.005,0.1506,-0.0333,0.9734,0.999
Ywhaz,Ywhaz,19582.3135,-0.086,0.1181,-0.7285,0.4663,0.9163
Yy1,Yy1,2690.6193,-0.0205,0.0812,-0.2522,0.8009,0.9719
Yy2,Yy2,140.3879,-0.187,0.2756,-0.6787,0.4973,0.9181
Zadh2,Zadh2,2304.6999,0.3982,0.3201,1.244,0.2135,0.8265
Zak,Zak,2751.0169,-0.2661,0.1734,-1.5346,0.1249,0.7753
Zan,Zan,1.8809,2.6863,1.5362,1.7487,0.0803,0.7572
Zap70,Zap70,30.3478,-0.3997,0.5636,-0.7092,0.4782,0.9168
Zbed3,Zbed3,719.3943,0.077,0.0884,0.8712,0.3836,0.8935
Zbed4,Zbed4,467.8422,-0.2667,0.2113,-1.262,0.2069,0.8262
Zbed5,Zbed5,183.2977,0.0739,0.1294,0.571,0.568,0.9312
Zbed6,Zbed6,1136.9946,-0.2545,0.3625,-0.7022,0.4825,0.9168
Zbp1,Zbp1,71.7717,-0.1843,0.4348,-0.4238,0.6717,0.9578
Zbtb1,Zbtb1,1154.6734,-0.1841,0.2019,-0.9122,0.3617,0.8873
Zbtb10,Zbtb10,504.4895,0.0173,0.1918,0.0902,0.9282,0.9912
Zbtb11,Zbtb11,691.9848,-0.1273,0.1818,-0.7001,0.4839,0.9168
Zbtb11os1,Zbtb11os1,33.8818,0.2787,0.2594,1.0745,0.2826,0.8606
Zbtb12,Zbtb12,465.489,0.0192,0.0931,0.2058,0.837,0.9774
Zbtb14,Zbtb14,680.3692,-0.0745,0.1103,-0.6755,0.4994,0.9181
Zbtb17,Zbtb17,1002.9795,0.0345,0.0905,0.3809,0.7032,0.9638
Zbtb18,Zbtb18,2762.2618,-0.2678,0.2753,-0.9726,0.3307,0.8768
Zbtb2,Zbtb2,500.1932,-0.0951,0.081,-1.1736,0.2406,0.84
Zbtb20,Zbtb20,93.4958,-0.2351,0.2021,-1.1633,0.2447,0.8421
Zbtb21,Zbtb21,810.2227,0.1238,0.116,1.0673,0.2858,0.8606
Zbtb22,Zbtb22,1078.2965,0.1019,0.1158,0.8802,0.3787,0.8935
Zbtb24,Zbtb24,845.2817,0.1145,0.0921,1.2425,0.214,0.8265
Zbtb25,Zbtb25,393.2593,-0.0989,0.0975,-1.0145,0.3103,0.8673
Zbtb26,Zbtb26,434.1385,0.0125,0.2236,0.0558,0.9555,0.9953
Zbtb3,Zbtb3,108.6676,0.0219,0.1592,0.1376,0.8905,0.9838
Zbtb32,Zbtb32,4.2807,0.6478,0.7086,0.9142,0.3606,0.8868
Zbtb33,Zbtb33,823.7478,-0.1378,0.2741,-0.5027,0.6151,0.9427
Zbtb34,Zbtb34,465.0862,0.0463,0.1139,0.4065,0.6844,0.9623
Zbtb37,Zbtb37,99.1411,-0.2263,0.2052,-1.1031,0.27,0.8588
Zbtb38,Zbtb38,998.8612,-0.1069,0.1936,-0.5521,0.5809,0.9352
Zbtb39,Zbtb39,621.7859,-0.0227,0.0701,-0.3235,0.7463,0.9694
Zbtb4,Zbtb4,2462.3374,0.0626,0.0747,0.8378,0.4021,0.9026
Zbtb40,Zbtb40,553.363,0.2454,0.1487,1.6505,0.0989,0.7669
Zbtb41,Zbtb41,741.1459,0.0512,0.1953,0.2623,0.7931,0.9703
Zbtb42,Zbtb42,299.4555,0.1705,0.1285,1.3264,0.1847,0.8152
Zbtb43,Zbtb43,1384.6333,0.1039,0.1079,0.9631,0.3355,0.8778
Zbtb44,Zbtb44,725.2798,-0.0186,0.0906,-0.2053,0.8373,0.9774
Zbtb45,Zbtb45,273.8735,-0.169,0.0992,-1.7034,0.0885,0.764
Zbtb46,Zbtb46,23.7853,-0.6241,0.3151,-1.9804,0.0477,0.7364
Zbtb48,Zbtb48,294.0769,0.0334,0.12,0.2783,0.7808,0.97
Zbtb49,Zbtb49,225.7646,0.1157,0.1084,1.067,0.286,0.8606
Zbtb5,Zbtb5,724.2137,-0.0368,0.0654,-0.5629,0.5735,0.9327
Zbtb6,Zbtb6,1021.9487,-0.141,0.2204,-0.6396,0.5225,0.9223
Zbtb7a,Zbtb7a,2156.679,0.0069,0.1074,0.064,0.9489,0.9935
Zbtb7b,Zbtb7b,2114.6489,0.2463,0.1777,1.3865,0.1656,0.8037
Zbtb7c,Zbtb7c,1901.4879,-0.3787,0.2052,-1.8457,0.0649,0.7457
Zbtb8a,Zbtb8a,375.1736,-0.1126,0.1414,-0.7963,0.4259,0.9068
Zbtb8b,Zbtb8b,2.1976,-0.8329,0.9161,-0.9092,0.3632,0.8873
Zbtb8os,Zbtb8os,703.2646,0.0248,0.0797,0.3107,0.7561,0.9694
Zbtb9,Zbtb9,632.7618,0.0863,0.0837,1.0309,0.3026,0.8619
Zc2hc1a,Zc2hc1a,2047.4268,-0.2009,0.1807,-1.1116,0.2663,0.8547
Zc2hc1c,Zc2hc1c,255.4327,0.0764,0.1684,0.4539,0.6499,0.9542
Zc3h10,Zc3h10,728.0781,0.1645,0.1354,1.2147,0.2245,0.8313
Zc3h11a,Zc3h11a,7287.0073,-0.1909,0.2202,-0.8669,0.386,0.8952
Zc3h12a,Zc3h12a,2416.5658,0.2909,0.1429,2.0353,0.0418,0.732
Zc3h12b,Zc3h12b,60.5997,-0.1945,0.2252,-0.8638,0.3877,0.8952
Zc3h12c,Zc3h12c,497.8226,-0.0748,0.1971,-0.3793,0.7044,0.9645
Zc3h12d,Zc3h12d,16.1167,0.6239,0.451,1.3835,0.1665,0.8037
Zc3h13,Zc3h13,1499.1905,-0.2778,0.2066,-1.3446,0.1787,0.8123
Zc3h14,Zc3h14,3226.2161,-0.1123,0.1277,-0.8791,0.3793,0.8935
Zc3h15,Zc3h15,2708.1117,-0.2462,0.2127,-1.1574,0.2471,0.8426
Zc3h18,Zc3h18,2718.91,-0.0997,0.0719,-1.388,0.1651,0.8037
Zc3h3,Zc3h3,609.7862,0.0849,0.1885,0.4504,0.6524,0.9545
Zc3h4,Zc3h4,2402.849,0.001,0.072,0.0139,0.9889,1
Zc3h6,Zc3h6,336.9309,0.0062,0.1321,0.0469,0.9626,0.997
Zc3h7a,Zc3h7a,1712.431,-0.1397,0.2087,-0.6696,0.5031,0.9188
Zc3h7b,Zc3h7b,4699.1339,-0.0173,0.0527,-0.3289,0.7422,0.9694
Zc3h8,Zc3h8,127.2757,-0.2071,0.1673,-1.2382,0.2157,0.8283
Zc3hav1,Zc3hav1,1418.0816,0.0993,0.1407,0.7057,0.4804,0.9168
Zc3hav1l,Zc3hav1l,618.3318,-0.1317,0.1365,-0.9647,0.3347,0.8778
Zc3hc1,Zc3hc1,1319.2105,-0.0152,0.0973,-0.1559,0.8761,0.9819
Zc4h2,Zc4h2,585.2134,-0.073,0.0762,-0.959,0.3376,0.879
Zcchc10,Zcchc10,333.7936,-0.2119,0.1323,-1.6021,0.1091,0.7736
Zcchc11,Zcchc11,589.8945,0.0613,0.1195,0.513,0.6079,0.9412
Zcchc12,Zcchc12,2.2081,-0.0529,0.9054,-0.0584,0.9534,0.9945
Zcchc14,Zcchc14,2843.5132,-0.0446,0.0958,-0.4652,0.6418,0.9505
Zcchc17,Zcchc17,1275.7155,-0.1658,0.1442,-1.15,0.2501,0.8443
Zcchc18,Zcchc18,4.6286,0.0013,0.6607,0.002,0.9984,1
Zcchc2,Zcchc2,747.4481,0.0729,0.1143,0.6373,0.5239,0.9223
Zcchc24,Zcchc24,12054.7372,0.1451,0.0939,1.5456,0.1222,0.7753
Zcchc4,Zcchc4,585.9361,-0.0196,0.1099,-0.1785,0.8583,0.9797
Zcchc5,Zcchc5,36.3377,-0.1914,0.2255,-0.8488,0.396,0.8991
Zcchc6,Zcchc6,2442.6698,-0.0824,0.159,-0.5179,0.6045,0.941
Zcchc7,Zcchc7,741.9944,-0.1091,0.1615,-0.6755,0.4993,0.9181
Zcchc8,Zcchc8,1396.1851,-0.1914,0.0846,-2.2613,0.0237,0.732
Zcchc9,Zcchc9,1121.3275,-0.0382,0.0828,-0.4616,0.6444,0.9518
Zcrb1,Zcrb1,1628.5381,-0.0956,0.0821,-1.164,0.2444,0.8421
Zcwpw1,Zcwpw1,140.1566,-0.0638,0.1272,-0.5018,0.6158,0.9427
Zdbf2,Zdbf2,4.2982,-0.2374,0.923,-0.2572,0.797,0.9713
Zdhhc1,Zdhhc1,989.1544,0.0499,0.0781,0.6384,0.5232,0.9223
Zdhhc12,Zdhhc12,333.539,0.1829,0.1409,1.2981,0.1942,0.8202
Zdhhc13,Zdhhc13,855.2395,-0.1714,0.1316,-1.3031,0.1925,0.8182
Zdhhc14,Zdhhc14,9.5369,-0.0774,0.5101,-0.1517,0.8794,0.9823
Zdhhc15,Zdhhc15,74.6717,0.0603,0.2731,0.2209,0.8251,0.9766
Zdhhc16,Zdhhc16,1740.8618,-0.2305,0.1271,-1.8132,0.0698,0.7507
Zdhhc17,Zdhhc17,1273.2115,-0.089,0.1827,-0.4869,0.6263,0.9451
Zdhhc18,Zdhhc18,1607.4228,0.061,0.1353,0.4508,0.6522,0.9544
Zdhhc2,Zdhhc2,344.5801,-0.5645,0.2922,-1.9321,0.0533,0.7364
Zdhhc20,Zdhhc20,2467.4229,0.0094,0.1997,0.0472,0.9624,0.997
Zdhhc21,Zdhhc21,1167.733,-0.2457,0.2637,-0.9318,0.3514,0.8839
Zdhhc23,Zdhhc23,0.3169,0.6974,2.5704,0.2713,0.7861,0.97
Zdhhc24,Zdhhc24,731.4824,0.1968,0.1367,1.4403,0.1498,0.7968
Zdhhc25,Zdhhc25,0.9382,-0.3952,1.4824,-0.2666,0.7898,0.97
Zdhhc3,Zdhhc3,3170.6665,0.1626,0.1352,1.2028,0.2291,0.8326
Zdhhc4,Zdhhc4,1211.3792,0.1509,0.1371,1.101,0.2709,0.8588
Zdhhc5,Zdhhc5,5534.198,0.0747,0.0698,1.071,0.2841,0.8606
Zdhhc6,Zdhhc6,2126.0792,0.0535,0.0649,0.8245,0.4097,0.9033
Zdhhc7,Zdhhc7,1354.42,0.0769,0.0828,0.9288,0.353,0.8839
Zdhhc8,Zdhhc8,2591.2998,0.1179,0.1275,0.9251,0.3549,0.8851
Zdhhc9,Zdhhc9,1889.6538,0.1918,0.0927,2.0698,0.0385,0.732
Zeb1,Zeb1,5567.0722,-0.3642,0.2217,-1.6424,0.1005,0.767
Zeb2,Zeb2,3182.0839,0.0453,0.1857,0.2439,0.8073,0.9732
Zeb2os,Zeb2os,36.7238,-0.011,0.2696,-0.0409,0.9673,0.9987
Zer1,Zer1,1496.4542,0.1616,0.108,1.497,0.1344,0.7826
Zfand1,Zfand1,882.6093,0.0903,0.0757,1.1919,0.2333,0.8354
Zfand2a,Zfand2a,1941.2252,0.3057,0.2216,1.3794,0.1678,0.8045
Zfand2b,Zfand2b,652.579,0.3306,0.15,2.2043,0.0275,0.732
Zfand3,Zfand3,4808.1574,0.0913,0.0748,1.2213,0.222,0.8307
Zfand4,Zfand4,409.8884,-0.2882,0.1918,-1.5032,0.1328,0.7779
Zfand5,Zfand5,4615.9857,0.1374,0.1146,1.1985,0.2307,0.834
Zfand6,Zfand6,2191.2526,-0.0697,0.1172,-0.5949,0.5519,0.929
Zfat,Zfat,277.8951,0.0203,0.1415,0.1433,0.886,0.9833
Zfc3h1,Zfc3h1,1154.1784,-0.059,0.2127,-0.2772,0.7816,0.97
Zfhx2,Zfhx2,164.9374,0.1324,0.1379,0.96,0.3371,0.8786
Zfhx2os,Zfhx2os,1.6678,2.4601,1.7407,1.4133,0.1576,0.8015
Zfhx3,Zfhx3,420.6366,-0.0222,0.1887,-0.1177,0.9063,0.9869
Zfhx4,Zfhx4,946.7919,-0.1394,0.2085,-0.6684,0.5039,0.9188
Zfp1,Zfp1,353.4122,-0.1872,0.0854,-2.1916,0.0284,0.732
Zfp101,Zfp101,136.5005,-0.2916,0.3333,-0.8746,0.3818,0.8935
Zfp105,Zfp105,100.2029,-0.052,0.1492,-0.3485,0.7274,0.9694
Zfp106,Zfp106,12041.9614,-0.1807,0.196,-0.9223,0.3564,0.8856
Zfp108,Zfp108,77.0205,-0.1874,0.1654,-1.1327,0.2573,0.848
Zfp109,Zfp109,56.8037,-0.0378,0.2539,-0.1488,0.8817,0.9824
Zfp11,Zfp11,232.7186,-0.0758,0.1328,-0.5703,0.5684,0.9313
Zfp110,Zfp110,1617.7547,-0.0133,0.0604,-0.2199,0.826,0.9766
Zfp111,Zfp111,388.7487,-0.1204,0.1156,-1.0417,0.2976,0.8608
Zfp112,Zfp112,108.5173,0.056,0.1954,0.2865,0.7745,0.97
Zfp113,Zfp113,561.3047,-0.0708,0.1028,-0.6883,0.4912,0.9181
Zfp114,Zfp114,0.4211,0.0041,2.4867,0.0016,0.9987,1
Zfp119a,Zfp119a,117.9754,0.067,0.1966,0.3408,0.7333,0.9694
Zfp119b,Zfp119b,137.3951,0.0851,0.2082,0.4086,0.6828,0.962
Zfp12,Zfp12,1068.4434,0.1175,0.0879,1.3364,0.1814,0.8131
Zfp120,Zfp120,282.9915,0.1464,0.1922,0.7614,0.4464,0.912
Zfp128,Zfp128,172.1482,0.0168,0.1436,0.1169,0.907,0.987
Zfp13,Zfp13,249.8746,-0.0129,0.1017,-0.1273,0.8987,0.9855
Zfp131,Zfp131,1356.1558,-0.0571,0.1225,-0.4664,0.6409,0.9499
Zfp133-ps,Zfp133-ps,14.2704,0.4593,0.4303,1.0673,0.2858,0.8606
Zfp14,Zfp14,194.8732,0.1435,0.1342,1.0693,0.2849,0.8606
Zfp141,Zfp141,300.1686,0.0537,0.204,0.2633,0.7923,0.9702
Zfp142,Zfp142,947.0749,0.0043,0.0764,0.0558,0.9555,0.9953
Zfp143,Zfp143,772.5861,-0.085,0.0924,-0.9207,0.3572,0.8858
Zfp146,Zfp146,1689.8321,-0.1697,0.1122,-1.5134,0.1302,0.777
Zfp148,Zfp148,1641.905,-0.0704,0.2516,-0.2799,0.7796,0.97
Zfp157,Zfp157,399.563,-0.0462,0.1346,-0.3432,0.7314,0.9694
Zfp160,Zfp160,436.992,0.0614,0.1923,0.3195,0.7494,0.9694
Zfp169,Zfp169,151.6183,-0.0667,0.1725,-0.3869,0.6988,0.9635
Zfp174,Zfp174,150.7095,0.101,0.1827,0.5525,0.5806,0.9352
Zfp180,Zfp180,876.1729,0.0585,0.1164,0.5027,0.6152,0.9427
Zfp182,Zfp182,149.372,0.0665,0.3022,0.2199,0.8259,0.9766
Zfp184,Zfp184,117.2157,0.0224,0.1779,0.1258,0.8999,0.9859
Zfp185,Zfp185,22.0517,-0.3477,0.4259,-0.8164,0.4143,0.9033
Zfp189,Zfp189,376.5593,-0.0113,0.1425,-0.0794,0.9367,0.9923
Zfp191,Zfp191,1414.7277,-0.1592,0.1596,-0.9977,0.3184,0.8706
Zfp2,Zfp2,141.6548,0.0486,0.2154,0.2254,0.8217,0.9763
Zfp202,Zfp202,310.4505,0.1183,0.1542,0.7668,0.4432,0.9118
Zfp207,Zfp207,7360.0491,-0.1126,0.1225,-0.9186,0.3583,0.8858
Zfp212,Zfp212,813.0355,0.0402,0.079,0.5082,0.6113,0.9419
Zfp213,Zfp213,366.8161,0.0948,0.1389,0.6826,0.4949,0.9181
Zfp217,Zfp217,1346.3644,0.033,0.081,0.4069,0.6841,0.9623
Zfp219,Zfp219,896.6112,0.124,0.0828,1.4975,0.1343,0.7824
Zfp229,Zfp229,178.7155,-0.0207,0.2086,-0.0993,0.9209,0.9885
Zfp235,Zfp235,218.0651,0.0333,0.1308,0.2543,0.7993,0.9719
Zfp236,Zfp236,1577.1251,0.0026,0.1086,0.0241,0.9808,1
Zfp239,Zfp239,318.579,0.0541,0.0919,0.5885,0.5562,0.929
Zfp248,Zfp248,151.0398,-0.1546,0.2476,-0.6243,0.5324,0.9252
Zfp251,Zfp251,1411.4657,-0.0674,0.0731,-0.9228,0.3561,0.8853
Zfp26,Zfp26,810.6046,-0.2724,0.32,-0.851,0.3948,0.8987
Zfp260,Zfp260,1922.7022,-0.0593,0.2083,-0.2848,0.7758,0.97
Zfp266,Zfp266,2719.3582,-0.1786,0.1647,-1.0844,0.2782,0.8588
Zfp27,Zfp27,526.203,-0.0651,0.0777,-0.8383,0.4019,0.9026
Zfp273,Zfp273,49.8016,0.149,0.2146,0.6942,0.4876,0.9169
Zfp275,Zfp275,2662.6638,-0.2089,0.1764,-1.1843,0.2363,0.8369
Zfp276,Zfp276,485.5006,0.0524,0.083,0.631,0.528,0.9235
Zfp277,Zfp277,838.5982,-0.0435,0.0909,-0.4783,0.6324,0.9466
Zfp28,Zfp28,355.3049,0.0555,0.0998,0.5562,0.5781,0.9346
Zfp280b,Zfp280b,981.5439,-0.1194,0.115,-1.0377,0.2994,0.8612
Zfp280c,Zfp280c,359.4721,-0.159,0.2248,-0.7074,0.4793,0.9168
Zfp280d,Zfp280d,505.5816,-0.099,0.2218,-0.4463,0.6554,0.9548
Zfp281,Zfp281,1139.9127,0.0295,0.1684,0.175,0.8611,0.9802
Zfp282,Zfp282,1181.1184,0.0178,0.0683,0.26,0.7949,0.9711
Zfp286,Zfp286,1.056,-0.5665,1.4307,-0.396,0.6921,0.9623
Zfp287,Zfp287,246.9811,-0.074,0.1799,-0.4116,0.6806,0.9614
Zfp292,Zfp292,542.7129,0.3605,0.1567,2.3009,0.0214,0.732
Zfp296,Zfp296,19.79,0.0197,0.3085,0.064,0.949,0.9935
Zfp3,Zfp3,178.1251,0.0034,0.133,0.0254,0.9797,1
Zfp30,Zfp30,219.2677,-0.116,0.1566,-0.7405,0.459,0.9141
Zfp300,Zfp300,28.874,0.2368,0.3014,0.7855,0.4322,0.9088
Zfp316,Zfp316,765.2485,0.1388,0.0965,1.438,0.1504,0.7968
Zfp317,Zfp317,1137.243,0.0247,0.1287,0.1922,0.8476,0.978
Zfp318,Zfp318,973.6787,-0.1386,0.1966,-0.7049,0.4809,0.9168
Zfp319,Zfp319,1522.9033,-0.0001,0.0619,-0.0022,0.9982,1
Zfp322a,Zfp322a,900.1065,-0.1653,0.2796,-0.5911,0.5545,0.929
Zfp324,Zfp324,438.0103,-0.0633,0.089,-0.7117,0.4766,0.9168
Zfp326,Zfp326,1034.2714,-0.2756,0.1862,-1.4798,0.1389,0.7895
Zfp329,Zfp329,215.465,0.0512,0.2357,0.2173,0.828,0.9768
Zfp330,Zfp330,3225.8837,-0.037,0.0921,-0.4015,0.688,0.9623
Zfp334,Zfp334,660.4199,-0.1995,0.1325,-1.5056,0.1322,0.7777
Zfp335,Zfp335,1415.2023,-0.028,0.076,-0.3681,0.7128,0.9662
Zfp341,Zfp341,140.6923,0.022,0.162,0.1359,0.8919,0.9841
Zfp345,Zfp345,16.861,-0.0546,0.3606,-0.1513,0.8797,0.9823
Zfp346,Zfp346,2920.5059,0.0052,0.0904,0.0573,0.9543,0.9949
Zfp35,Zfp35,1070.2971,-0.0374,0.0688,-0.544,0.5864,0.9355
Zfp354a,Zfp354a,191.1719,0.0155,0.1995,0.0777,0.9381,0.9923
Zfp354b,Zfp354b,16.5594,0.1386,0.3705,0.374,0.7084,0.9661
Zfp354c,Zfp354c,774.0948,-0.2325,0.2482,-0.9369,0.3488,0.8829
Zfp358,Zfp358,1010.0161,0.2206,0.1262,1.748,0.0805,0.7572
Zfp36,Zfp36,893.1895,0.1893,0.1457,1.2993,0.1938,0.8197
Zfp362,Zfp362,1029.5291,0.0918,0.0729,1.2599,0.2077,0.8263
Zfp365,Zfp365,1293.6167,0.0365,0.1284,0.284,0.7764,0.97
Zfp366,Zfp366,2.2014,-0.6313,1.2,-0.526,0.5989,0.9399
Zfp367,Zfp367,753.7791,-0.1445,0.1104,-1.3089,0.1906,0.8161
Zfp369,Zfp369,278.3211,-0.1004,0.1846,-0.5442,0.5863,0.9355
Zfp36l1,Zfp36l1,6031.4963,-0.2129,0.1883,-1.1311,0.258,0.8483
Zfp36l2,Zfp36l2,5249.8833,-0.0484,0.1101,-0.4397,0.6602,0.9548
Zfp36l3,Zfp36l3,4.8301,-0.2054,0.9375,-0.2191,0.8266,0.9766
Zfp37,Zfp37,115.5226,0.0332,0.1849,0.1794,0.8576,0.9796
Zfp382,Zfp382,95.4485,-0.4565,0.2548,-1.7915,0.0732,0.752
Zfp383,Zfp383,406.8895,-0.1603,0.1345,-1.1921,0.2332,0.8354
Zfp384,Zfp384,1665.5194,0.0147,0.1362,0.108,0.914,0.9874
Zfp385a,Zfp385a,1113.685,0.0454,0.079,0.5747,0.5655,0.9302
Zfp385b,Zfp385b,3.4754,0.0911,0.9494,0.096,0.9235,0.9897
Zfp385c,Zfp385c,3.9601,-0.8359,0.8301,-1.007,0.3139,0.8692
Zfp386,Zfp386,436.2635,-0.0337,0.2067,-0.1632,0.8704,0.9818
Zfp389,Zfp389,6.713,0.0553,0.6224,0.0888,0.9292,0.9916
Zfp39,Zfp39,224.0961,-0.2737,0.1951,-1.4028,0.1607,0.8037
Zfp395,Zfp395,1416.7871,0.3009,0.1997,1.5068,0.1319,0.7771
Zfp397,Zfp397,949.1235,0.0469,0.156,0.3004,0.7639,0.97
Zfp398,Zfp398,186.8425,0.103,0.1319,0.7808,0.4349,0.9089
Zfp40,Zfp40,74.4181,0.146,0.2591,0.5635,0.5731,0.9325
Zfp407,Zfp407,539.5503,-0.1395,0.1755,-0.7952,0.4265,0.907
Zfp408,Zfp408,808.0303,0.0295,0.0902,0.3267,0.7439,0.9694
Zfp41,Zfp41,600.3783,-0.0581,0.0886,-0.6563,0.5116,0.9195
Zfp410,Zfp410,1487.0378,-0.0123,0.0666,-0.1851,0.8531,0.9789
Zfp414,Zfp414,467.6443,-0.0554,0.0936,-0.5924,0.5535,0.929
Zfp418,Zfp418,88.1694,-0.0138,0.1669,-0.0824,0.9343,0.9923
Zfp420,Zfp420,235.3141,0.0232,0.1395,0.1662,0.868,0.9818
Zfp422,Zfp422,705.6047,-0.2509,0.1367,-1.8356,0.0664,0.7457
Zfp423,Zfp423,14.7483,-0.8146,0.5367,-1.5176,0.1291,0.7761
Zfp426,Zfp426,843.6397,-0.1144,0.0962,-1.1894,0.2343,0.8354
Zfp428,Zfp428,229.5366,-0.0815,0.1224,-0.6653,0.5058,0.9188
Zfp429,Zfp429,143.8099,-0.1361,0.1857,-0.7328,0.4637,0.9157
Zfp433,Zfp433,21.8002,0.048,0.4077,0.1178,0.9062,0.9868
Zfp438,Zfp438,216.5564,-0.0751,0.119,-0.631,0.5281,0.9235
Zfp442,Zfp442,36.8689,0.0593,0.295,0.2012,0.8406,0.9775
Zfp444,Zfp444,511.2262,0.2547,0.1824,1.3962,0.1626,0.8037
Zfp445,Zfp445,2399.2189,-0.133,0.2116,-0.6287,0.5296,0.9238
Zfp446,Zfp446,140.8809,0.0214,0.1878,0.1137,0.9094,0.987
Zfp449,Zfp449,531.649,-0.1031,0.1945,-0.5298,0.5963,0.9389
Zfp451,Zfp451,1322.9213,-0.2757,0.2029,-1.3589,0.1742,0.8088
Zfp454,Zfp454,23.6617,0.0602,0.2889,0.2082,0.835,0.9774
Zfp455,Zfp455,47.7656,0.3499,0.3198,1.0939,0.274,0.8588
Zfp456,Zfp456,80.7799,-0.0927,0.2117,-0.438,0.6614,0.955
Zfp457,Zfp457,5.8764,0.6176,0.6976,0.8854,0.376,0.8935
Zfp458,Zfp458,33.671,0.0725,0.2486,0.2916,0.7706,0.97
Zfp459,Zfp459,0.9474,0.3163,1.5029,0.2105,0.8333,0.9774
Zfp46,Zfp46,1180.8967,0.0524,0.0729,0.719,0.4721,0.9168
Zfp462,Zfp462,595.9729,-0.1239,0.1519,-0.8152,0.415,0.9033
Zfp467,Zfp467,88.7547,0.1012,0.1969,0.514,0.6073,0.9411
Zfp472,Zfp472,242.9216,-0.07,0.1049,-0.6669,0.5048,0.9188
Zfp473,Zfp473,24.1675,-0.2428,0.2837,-0.8557,0.3922,0.8986
Zfp474,Zfp474,4.4893,0.7761,0.7418,1.0463,0.2954,0.8606
Zfp488,Zfp488,0.4176,0.7829,2.4802,0.3157,0.7522,0.9694
Zfp493,Zfp493,31.3583,0.2857,0.3837,0.7446,0.4565,0.9134
Zfp503,Zfp503,2611.1104,0.04,0.0884,0.4528,0.6507,0.9543
Zfp507,Zfp507,1426.865,-0.0369,0.0817,-0.451,0.652,0.9544
Zfp51,Zfp51,137.2823,0.1438,0.1482,0.9706,0.3318,0.8775
Zfp511,Zfp511,311.9857,0.0185,0.159,0.1166,0.9071,0.987
Zfp512,Zfp512,1280.0772,-0.0146,0.0581,-0.251,0.8018,0.9719
Zfp513,Zfp513,1013.964,0.0113,0.0755,0.149,0.8815,0.9824
Zfp516,Zfp516,2850.2097,0.019,0.0908,0.2096,0.834,0.9774
Zfp518a,Zfp518a,71.5815,0.3432,0.2383,1.4403,0.1498,0.7968
Zfp518b,Zfp518b,609.8534,-0.1681,0.1422,-1.182,0.2372,0.8376
Zfp52,Zfp52,414.5271,0.3604,0.2274,1.5854,0.1129,0.7736
Zfp521,Zfp521,160.6756,0.1175,0.147,0.799,0.4243,0.906
Zfp523,Zfp523,1180.5786,0.0624,0.0814,0.7663,0.4435,0.9118
Zfp524,Zfp524,243.9463,0.255,0.1371,1.8601,0.0629,0.7457
Zfp526,Zfp526,344.4143,0.0013,0.0965,0.0139,0.9889,1
Zfp53,Zfp53,349.5504,0.0723,0.1429,0.506,0.6128,0.942
Zfp532,Zfp532,661.5625,0.0601,0.1118,0.5372,0.5911,0.9377
Zfp536,Zfp536,3.0399,-0.1747,0.8156,-0.2142,0.8304,0.9774
Zfp54,Zfp54,104.5733,-0.0862,0.186,-0.4637,0.6429,0.9512
Zfp541,Zfp541,0.7217,-0.9436,2.369,-0.3983,0.6904,0.9623
Zfp551,Zfp551,69.385,0.165,0.2041,0.8082,0.419,0.9047
Zfp553,Zfp553,796.8302,0.0002,0.1202,0.0014,0.9989,1
Zfp558,Zfp558,78.6553,-0.018,0.1767,-0.1018,0.9189,0.9879
Zfp560,Zfp560,349.7931,-0.0641,0.1068,-0.6,0.5485,0.9289
Zfp563,Zfp563,259.7352,-0.174,0.199,-0.8741,0.3821,0.8935
Zfp566,Zfp566,168.8783,-0.0896,0.131,-0.684,0.494,0.9181
Zfp568,Zfp568,2961.4812,-0.3592,0.2593,-1.3854,0.1659,0.8037
Zfp57,Zfp57,541.3259,-0.2019,0.2139,-0.9439,0.3452,0.8812
Zfp574,Zfp574,634.4545,0.0777,0.1137,0.6829,0.4946,0.9181
Zfp575,Zfp575,11.2165,0.0145,0.4385,0.0331,0.9736,0.999
Zfp579,Zfp579,346.7098,0.1967,0.1379,1.4271,0.1535,0.799
Zfp58,Zfp58,246.1152,0.0615,0.1368,0.4498,0.6529,0.9548
Zfp580,Zfp580,142.233,0.0487,0.2083,0.2337,0.8152,0.9748
Zfp583,Zfp583,54.2202,-0.0988,0.2954,-0.3346,0.738,0.9694
Zfp59,Zfp59,279.7973,-0.0392,0.1086,-0.3607,0.7184,0.967
Zfp592,Zfp592,1271.1797,-0.0237,0.0659,-0.3592,0.7195,0.9673
Zfp593,Zfp593,163.3892,0.0883,0.2789,0.3167,0.7515,0.9694
Zfp595,Zfp595,118.7267,0.1016,0.1691,0.6007,0.548,0.9289
Zfp597,Zfp597,377.7426,-0.2982,0.2643,-1.1282,0.2592,0.8499
Zfp598,Zfp598,2085.2835,0.0797,0.0864,0.9232,0.3559,0.8852
Zfp599,Zfp599,80.8003,-0.1931,0.2695,-0.7163,0.4738,0.9168
Zfp60,Zfp60,602.1683,-0.0643,0.2112,-0.3046,0.7607,0.97
Zfp605,Zfp605,236.4505,0.0676,0.1496,0.4516,0.6516,0.9544
Zfp606,Zfp606,292.8841,0.0214,0.1444,0.1485,0.8819,0.9824
Zfp607,Zfp607,114.0312,0.1208,0.1792,0.6741,0.5003,0.9182
Zfp608,Zfp608,953.8804,-0.0371,0.0809,-0.4583,0.6467,0.953
Zfp609,Zfp609,2004.124,0.1247,0.1383,0.9017,0.3672,0.8906
Zfp61,Zfp61,399.2894,0.1495,0.114,1.3115,0.1897,0.8161
Zfp617,Zfp617,565.4686,-0.0987,0.2213,-0.446,0.6556,0.9548
Zfp619,Zfp619,33.325,-0.3782,0.3862,-0.9793,0.3274,0.8756
Zfp62,Zfp62,922.4249,0.1598,0.1604,0.9962,0.3192,0.8709
Zfp622,Zfp622,3581.6991,0.0582,0.0742,0.7853,0.4323,0.9089
Zfp623,Zfp623,1274.2393,-0.0013,0.0677,-0.0197,0.9843,1
Zfp626,Zfp626,364.2986,-0.1789,0.2184,-0.8195,0.4125,0.9033
Zfp628,Zfp628,379.2525,-0.0113,0.1575,-0.0719,0.9426,0.9927
Zfp629,Zfp629,922.2082,0.0778,0.1015,0.7668,0.4432,0.9118
Zfp637,Zfp637,1191.1655,0.1955,0.1203,1.6243,0.1043,0.7679
Zfp638,Zfp638,848.9501,0.1161,0.1889,0.6148,0.5387,0.9277
Zfp639,Zfp639,1268.8128,-0.0089,0.0793,-0.1118,0.911,0.9873
Zfp64,Zfp64,786.8123,0.0654,0.0853,0.7676,0.4427,0.9118
Zfp644,Zfp644,877.9709,-0.0243,0.2388,-0.1018,0.9189,0.9879
Zfp646,Zfp646,1356.8851,0.1156,0.1173,0.9853,0.3245,0.8736
Zfp647,Zfp647,252.5541,0.0595,0.1093,0.5443,0.5862,0.9355
Zfp65,Zfp65,327.1771,0.1226,0.1567,0.7829,0.4337,0.9089
Zfp651,Zfp651,1848.7513,0.0374,0.0774,0.4838,0.6285,0.9451
Zfp652,Zfp652,449.9249,0.0377,0.1138,0.3314,0.7404,0.9694
Zfp652os,Zfp652os,11.3985,-0.0777,0.4535,-0.1713,0.864,0.9808
Zfp653,Zfp653,247.1079,0.084,0.1416,0.5932,0.553,0.929
Zfp654,Zfp654,287.6595,0.2581,0.1512,1.7074,0.0877,0.764
Zfp655,Zfp655,1430.6375,0.2905,0.1925,1.5089,0.1313,0.7771
Zfp658,Zfp658,213.0747,0.1642,0.1477,1.1116,0.2663,0.8547
Zfp661,Zfp661,222.7106,0.0936,0.2236,0.4188,0.6753,0.9598
Zfp664,Zfp664,3817.7909,-0.1284,0.0865,-1.4852,0.1375,0.7871
Zfp667,Zfp667,216.4046,-0.2129,0.282,-0.755,0.4503,0.912
Zfp668,Zfp668,354.5803,-0.0581,0.0933,-0.6227,0.5335,0.9257
Zfp672,Zfp672,621.8374,-0.0072,0.1168,-0.0616,0.9509,0.9939
Zfp677,Zfp677,36.0558,0.3043,0.2688,1.132,0.2577,0.8482
Zfp68,Zfp68,1405.8867,-0.0622,0.175,-0.3553,0.7223,0.9684
Zfp687,Zfp687,1261.512,-0.011,0.0921,-0.1194,0.9049,0.9865
Zfp688,Zfp688,240.5407,0.2051,0.1923,1.0661,0.2864,0.8606
Zfp689,Zfp689,182.3858,-0.1221,0.1297,-0.9412,0.3466,0.8828
Zfp69,Zfp69,66.6876,-0.031,0.1741,-0.1781,0.8586,0.9798
Zfp691,Zfp691,251.4412,-0.008,0.1148,-0.0693,0.9448,0.9934
Zfp692,Zfp692,240.8042,-0.1135,0.1414,-0.803,0.422,0.906
Zfp697,Zfp697,648.7569,-0.0074,0.1344,-0.0554,0.9558,0.9953
Zfp7,Zfp7,511.9147,0.0954,0.1234,0.7728,0.4396,0.9112
Zfp703,Zfp703,1117.1565,-0.1071,0.1967,-0.5442,0.5863,0.9355
Zfp704,Zfp704,667.1116,0.1481,0.1806,0.8204,0.412,0.9033
Zfp706,Zfp706,5830.8417,-0.0247,0.0744,-0.3321,0.7398,0.9694
Zfp707,Zfp707,363.9816,0.0708,0.0882,0.8029,0.422,0.906
Zfp708,Zfp708,50.3139,0.1695,0.2267,0.7475,0.4548,0.9127
Zfp709,Zfp709,97.0776,-0.0165,0.2201,-0.0749,0.9403,0.9923
Zfp710,Zfp710,398.8364,-0.0223,0.0852,-0.2622,0.7931,0.9703
Zfp712,Zfp712,65.2772,0.1535,0.3506,0.4379,0.6615,0.955
Zfp715,Zfp715,797.0301,-0.0236,0.0864,-0.2736,0.7844,0.97
Zfp719,Zfp719,536.7777,0.0559,0.1509,0.3704,0.7111,0.9662
Zfp72,Zfp72,48.9578,0.3495,0.2904,1.2035,0.2288,0.8326
Zfp729a,Zfp729a,285.222,0.1758,0.2173,0.809,0.4185,0.9047
Zfp729b,Zfp729b,202.0598,0.1702,0.1431,1.1898,0.2341,0.8354
Zfp738,Zfp738,125.2535,0.1449,0.2098,0.6908,0.4897,0.9181
Zfp74,Zfp74,337.6533,-0.127,0.1347,-0.9426,0.3459,0.882
Zfp740,Zfp740,4821.8241,0.1687,0.1309,1.2881,0.1977,0.8225
Zfp746,Zfp746,1196.7795,0.0512,0.0869,0.5893,0.5557,0.929
Zfp747,Zfp747,325.9618,0.0442,0.1665,0.2653,0.7908,0.97
Zfp748,Zfp748,271.7232,-0.0624,0.2405,-0.2594,0.7953,0.9712
Zfp750,Zfp750,10.2445,-0.4194,0.6779,-0.6187,0.5361,0.927
Zfp758,Zfp758,55.0611,0.2505,0.2266,1.1056,0.2689,0.8579
Zfp759,Zfp759,117.3492,0.18,0.1962,0.9175,0.3589,0.8861
Zfp760,Zfp760,127.238,0.3424,0.2579,1.3279,0.1842,0.8141
Zfp763,Zfp763,235.4242,-0.2269,0.2416,-0.939,0.3477,0.8829
Zfp764,Zfp764,292.5724,0.1091,0.1311,0.8322,0.4053,0.9033
Zfp768,Zfp768,686.2626,0.0587,0.0807,0.7269,0.4673,0.9168
Zfp770,Zfp770,526.6058,-0.0548,0.2306,-0.2378,0.8121,0.9742
Zfp771,Zfp771,367.0556,0.0981,0.1028,0.9549,0.3396,0.879
Zfp772,Zfp772,218.7908,0.0181,0.1055,0.1713,0.864,0.9808
Zfp773,Zfp773,10.2566,0.5408,0.5422,0.9973,0.3186,0.8707
Zfp775,Zfp775,236.8865,0.3773,0.2679,1.4085,0.159,0.8015
Zfp777,Zfp777,851.7521,0.1611,0.098,1.6433,0.1003,0.767
Zfp78,Zfp78,68.9093,-0.1932,0.1797,-1.0747,0.2825,0.8606
Zfp780b,Zfp780b,259.3726,-0.0934,0.2094,-0.4458,0.6557,0.9548
Zfp781,Zfp781,11.5464,0.3085,0.5119,0.6027,0.5467,0.9289
Zfp783,Zfp783,1.5709,1.1972,1.2484,0.959,0.3376,0.879
Zfp784,Zfp784,144.7764,0.2224,0.2,1.1123,0.266,0.8547
Zfp786,Zfp786,33.9,-0.0103,0.3017,-0.0342,0.9727,0.999
Zfp787,Zfp787,525.5908,0.0976,0.1181,0.8264,0.4086,0.9033
Zfp788,Zfp788,202.8534,0.0794,0.1777,0.447,0.6549,0.9548
Zfp790,Zfp790,640.1653,-0.0694,0.1179,-0.5887,0.5561,0.929
Zfp791,Zfp791,62.142,-0.1585,0.2149,-0.7376,0.4607,0.9143
Zfp799,Zfp799,667.0498,-0.1765,0.1627,-1.0847,0.278,0.8588
Zfp800,Zfp800,215.7724,0.0424,0.1842,0.2301,0.818,0.9753
Zfp808,Zfp808,20.4446,0.0189,0.3826,0.0494,0.9606,0.9969
Zfp809,Zfp809,223.9295,0.0172,0.1392,0.1236,0.9016,0.986
Zfp81,Zfp81,113.3424,-0.1318,0.2803,-0.4703,0.6381,0.9487
Zfp810,Zfp810,504.1358,-0.1572,0.1781,-0.8825,0.3775,0.8935
Zfp811,Zfp811,16.9963,-0.4702,0.4563,-1.0305,0.3028,0.8621
Zfp819,Zfp819,1.0463,-0.3902,1.2719,-0.3068,0.759,0.9694
Zfp82,Zfp82,219.6455,-0.1069,0.117,-0.9137,0.3609,0.8868
Zfp820,Zfp820,28.4815,0.0112,0.2558,0.0437,0.9652,0.9979
Zfp821,Zfp821,520.2317,-0.023,0.0818,-0.2806,0.779,0.97
Zfp825,Zfp825,296.7946,-0.0773,0.1641,-0.471,0.6376,0.9487
Zfp827,Zfp827,1369.177,-0.1896,0.1236,-1.5341,0.125,0.7753
Zfp830,Zfp830,860.8432,-0.0102,0.0748,-0.1364,0.8915,0.9841
Zfp839,Zfp839,338.4453,0.1585,0.1183,1.3395,0.1804,0.8126
Zfp84,Zfp84,691.1262,-0.2071,0.1937,-1.0691,0.285,0.8606
Zfp846,Zfp846,250.3194,-0.1681,0.1457,-1.1536,0.2486,0.8438
Zfp85,Zfp85,116.1197,0.1588,0.2369,0.6704,0.5026,0.9188
Zfp850,Zfp850,71.5538,-0.0982,0.2409,-0.4077,0.6835,0.9622
Zfp85os,Zfp85os,10.457,-0.0675,0.4816,-0.1401,0.8886,0.9833
Zfp862-ps,Zfp862-ps,2292.7583,0.0652,0.0864,0.7542,0.4507,0.9121
Zfp865,Zfp865,663.7737,-0.0261,0.0913,-0.2863,0.7747,0.97
Zfp866,Zfp866,721.6873,-0.0963,0.2178,-0.4423,0.6583,0.9548
Zfp867,Zfp867,543.4906,-0.075,0.1219,-0.6158,0.538,0.9275
Zfp868,Zfp868,479.3317,-0.0093,0.1124,-0.0825,0.9342,0.9923
Zfp869,Zfp869,1222.1233,0.0452,0.0947,0.4777,0.6329,0.9469
Zfp87,Zfp87,511.8627,0.1002,0.0954,1.0506,0.2935,0.8606
Zfp870,Zfp870,259.3526,-0.0053,0.1073,-0.0497,0.9604,0.9969
Zfp871,Zfp871,1658.6655,-0.2257,0.2995,-0.7534,0.4512,0.9121
Zfp873,Zfp873,150.3749,-0.1364,0.1846,-0.739,0.4599,0.9141
Zfp874a,Zfp874a,289.3475,0.3009,0.1795,1.6768,0.0936,0.7643
Zfp874b,Zfp874b,586.8406,0.2379,0.1876,1.2679,0.2048,0.8262
Zfp882,Zfp882,120.059,-0.0563,0.1621,-0.3472,0.7284,0.9694
Zfp9,Zfp9,1147.7558,-0.1569,0.1657,-0.9468,0.3437,0.8801
Zfp90,Zfp90,553.2803,-0.0252,0.0788,-0.3193,0.7495,0.9694
Zfp91,Zfp91,4207.2592,-0.1821,0.1663,-1.0951,0.2735,0.8588
Zfp92,Zfp92,0.7299,-1.0406,1.8937,-0.5495,0.5827,0.9353
Zfp93,Zfp93,173.8274,0.0781,0.1345,0.581,0.5612,0.9294
Zfp930,Zfp930,196.2475,0.0228,0.2015,0.1131,0.91,0.987
Zfp931,Zfp931,50.3141,0.2401,0.2661,0.9024,0.3668,0.8901
Zfp932,Zfp932,186.4641,-0.0798,0.2495,-0.3198,0.7491,0.9694
Zfp933,Zfp933,182.7218,0.0151,0.2257,0.067,0.9466,0.9934
Zfp934,Zfp934,24.0686,-0.2752,0.2885,-0.9538,0.3402,0.879
Zfp935,Zfp935,159.8006,0.0523,0.1945,0.2687,0.7882,0.97
Zfp936,Zfp936,3.9998,0.1707,0.725,0.2354,0.8139,0.9745
Zfp937,Zfp937,100.7533,0.046,0.22,0.2092,0.8343,0.9774
Zfp938,Zfp938,257.5587,-0.0272,0.1854,-0.1468,0.8833,0.9825
Zfp939,Zfp939,56.3771,0.0334,0.1942,0.1719,0.8635,0.9808
Zfp94,Zfp94,184.4907,0.266,0.1808,1.471,0.1413,0.791
Zfp940,Zfp940,151.4678,-0.1494,0.1798,-0.8309,0.406,0.9033
Zfp941,Zfp941,15.7577,0.0959,0.4022,0.2385,0.8115,0.9742
Zfp942,Zfp942,109.5759,0.1837,0.155,1.1852,0.2359,0.8369
Zfp943,Zfp943,146.7812,0.1415,0.1614,0.8763,0.3809,0.8935
Zfp944,Zfp944,236.8443,0.0795,0.1211,0.6565,0.5115,0.9195
Zfp945,Zfp945,316.2822,0.0673,0.1053,0.6389,0.5229,0.9223
Zfp946,Zfp946,86.0965,0.0677,0.1883,0.3597,0.719,0.9672
Zfp947,Zfp947,19.3777,0.1236,0.3143,0.3934,0.694,0.9623
Zfp948,Zfp948,178.2754,-0.1502,0.2162,-0.6948,0.4872,0.9168
Zfp949,Zfp949,425.0639,-0.0308,0.1153,-0.2666,0.7897,0.97
Zfp950,Zfp950,268.2402,-0.0575,0.1312,-0.4381,0.6613,0.955
Zfp951,Zfp951,32.3093,-0.0201,0.3228,-0.0622,0.9504,0.9939
Zfp952,Zfp952,502.096,-0.1457,0.1514,-0.9622,0.3359,0.8778
Zfp953,Zfp953,86.9238,0.2779,0.2004,1.3866,0.1656,0.8037
Zfp954,Zfp954,399.7487,0.1009,0.1229,0.8209,0.4117,0.9033
Zfp955a,Zfp955a,548.5486,-0.1871,0.2159,-0.8666,0.3862,0.8952
Zfp955b,Zfp955b,337.0801,-0.0601,0.1861,-0.3228,0.7468,0.9694
Zfp956,Zfp956,160.7208,-0.0275,0.133,-0.2064,0.8365,0.9774
Zfp957,Zfp957,1.0474,0.2102,1.3467,0.1561,0.876,0.9819
Zfp958,Zfp958,289.2733,0.0346,0.1926,0.1795,0.8575,0.9796
Zfp959,Zfp959,187.1518,0.0382,0.1981,0.1929,0.847,0.978
Zfp960,Zfp960,75.0853,0.1789,0.2195,0.8151,0.415,0.9033
Zfp961,Zfp961,293.1648,-0.2745,0.1366,-2.0093,0.0445,0.7364
Zfp963,Zfp963,169.5606,0.1578,0.1733,0.911,0.3623,0.8873
Zfp964,Zfp964,71.5046,-0.0002,0.2012,-0.0011,0.9991,1
Zfp97,Zfp97,14.9646,-0.2205,0.4227,-0.5217,0.6019,0.941
Zfpl1,Zfpl1,1097.972,0.0104,0.0894,0.1169,0.9069,0.987
Zfpm1,Zfpm1,614.7828,-0.1693,0.1247,-1.3577,0.1746,0.8088
Zfpm2,Zfpm2,614.1662,-0.2421,0.2048,-1.1823,0.2371,0.8376
Zfr,Zfr,3995.1244,-0.1021,0.1797,-0.5681,0.57,0.9317
Zfr2,Zfr2,65.6994,0.1957,0.1819,1.076,0.2819,0.8606
Zfx,Zfx,1031.133,-0.0792,0.2637,-0.3004,0.7639,0.97
Zfyve1,Zfyve1,2292.9365,0.1636,0.118,1.3871,0.1654,0.8037
Zfyve16,Zfyve16,883.0556,-0.0767,0.2796,-0.2742,0.7839,0.97
Zfyve19,Zfyve19,677.7706,0.0831,0.1184,0.7022,0.4825,0.9168
Zfyve21,Zfyve21,1007.9781,0.0106,0.0779,0.1357,0.8921,0.9841
Zfyve26,Zfyve26,1193.5197,0.3193,0.1652,1.9321,0.0533,0.7364
Zfyve27,Zfyve27,1161.1254,0.2081,0.0982,2.1205,0.034,0.732
Zfyve28,Zfyve28,3.6393,-0.3778,0.967,-0.3907,0.696,0.9626
Zfyve9,Zfyve9,694.4558,-0.064,0.1192,-0.5374,0.591,0.9377
Zglp1,Zglp1,10.3173,-0.241,0.6005,-0.4013,0.6882,0.9623
Zgpat,Zgpat,804.8063,0.1092,0.0855,1.2775,0.2014,0.8261
Zgrf1,Zgrf1,226.5253,-0.5754,0.2671,-2.1547,0.0312,0.732
Zhx1,Zhx1,1097.791,-0.1181,0.2425,-0.4869,0.6263,0.9451
Zhx2,Zhx2,1469.3219,-0.038,0.0865,-0.439,0.6606,0.9548
Zhx3,Zhx3,773.901,-0.2445,0.1705,-1.4342,0.1515,0.7968
Zic1,Zic1,593.1059,0.2455,0.2055,1.1945,0.2323,0.8354
Zic2,Zic2,1.4524,-0.6104,1.5537,-0.3929,0.6944,0.9623
Zic4,Zic4,28.4091,-0.0126,0.2963,-0.0425,0.9661,0.9984
Zic5,Zic5,0.5286,-2.5796,2.2194,-1.1623,0.2451,0.8421
Zik1,Zik1,302.165,-0.2862,0.1835,-1.5592,0.119,0.7753
Zim1,Zim1,235.6147,-0.2151,0.3867,-0.5563,0.578,0.9346
Zkscan1,Zkscan1,1977.6743,-0.0874,0.1749,-0.4996,0.6174,0.9428
Zkscan14,Zkscan14,244.3242,0.2198,0.1669,1.3171,0.1878,0.8161
Zkscan16,Zkscan16,2.7247,-0.9043,0.8326,-1.0861,0.2774,0.8588
Zkscan17,Zkscan17,1882.5414,0.1576,0.1268,1.2424,0.2141,0.8265
Zkscan3,Zkscan3,1818.3257,-0.0125,0.0806,-0.1549,0.8769,0.982
Zkscan4,Zkscan4,10.9594,0.5488,0.5704,0.9623,0.3359,0.8778
Zkscan5,Zkscan5,778.0592,0.0748,0.0698,1.0724,0.2835,0.8606
Zkscan6,Zkscan6,495.3348,0.0463,0.1069,0.4333,0.6648,0.9561
Zkscan7,Zkscan7,83.2517,0.1793,0.2251,0.7965,0.4257,0.9068
Zkscan8,Zkscan8,728.9041,-0.1054,0.2388,-0.4412,0.659,0.9548
Zmat1,Zmat1,127.5855,0.061,0.2409,0.253,0.8003,0.9719
Zmat2,Zmat2,2792.0864,-0.054,0.0704,-0.7676,0.4427,0.9118
Zmat3,Zmat3,3378.3693,0.0517,0.1757,0.2943,0.7685,0.97
Zmat5,Zmat5,548.361,0.0591,0.1068,0.5531,0.5802,0.9352
Zmiz1,Zmiz1,6752.691,-0.0707,0.0968,-0.7301,0.4654,0.9158
Zmiz2,Zmiz2,1936.234,0.09,0.0693,1.2974,0.1945,0.8204
Zmpste24,Zmpste24,4364.6002,0.0077,0.1176,0.0652,0.948,0.9935
Zmym1,Zmym1,568.208,-0.2548,0.1749,-1.4569,0.1452,0.7928
Zmym2,Zmym2,2911.4979,-0.0696,0.2017,-0.345,0.7301,0.9694
Zmym3,Zmym3,1497.0293,-0.0236,0.0761,-0.3097,0.7568,0.9694
Zmym4,Zmym4,1513.9192,-0.2019,0.2249,-0.8977,0.3694,0.8925
Zmym5,Zmym5,1114.2328,-0.0031,0.1774,-0.0177,0.9859,1
Zmynd10,Zmynd10,14.681,0.4174,0.3919,1.065,0.2869,0.8606
Zmynd11,Zmynd11,3533.072,-0.1078,0.1325,-0.814,0.4156,0.9033
Zmynd12,Zmynd12,1.4736,0.304,1.2353,0.2461,0.8056,0.9725
Zmynd15,Zmynd15,59.8068,0.1559,0.2124,0.7342,0.4628,0.9152
Zmynd19,Zmynd19,748.4043,-0.0973,0.0972,-1.0012,0.3168,0.8701
Zmynd8,Zmynd8,3363.7977,-0.1596,0.1318,-1.2114,0.2258,0.8321
Znf512b,Znf512b,1138.7246,-0.0591,0.0933,-0.6336,0.5263,0.9228
Znfx1,Znfx1,3298.5472,0.0043,0.0703,0.0618,0.9507,0.9939
Znhit1,Znhit1,935.3196,0.0627,0.1268,0.4944,0.621,0.9436
Znhit2,Znhit2,530.0615,0.1584,0.1293,1.2256,0.2204,0.8303
Znhit3,Znhit3,374.7474,-0.0041,0.1369,-0.0302,0.9759,0.9992
Znhit6,Znhit6,966.0735,-0.3365,0.1793,-1.8769,0.0605,0.7456
Znrd1,Znrd1,719.7889,-0.0862,0.1217,-0.7077,0.4791,0.9168
Znrd1as,Znrd1as,242.362,-0.0503,0.1032,-0.4872,0.6261,0.9451
Znrf1,Znrf1,1919.658,0.2336,0.166,1.4074,0.1593,0.8016
Znrf2,Znrf2,1234.9925,0.2637,0.1252,2.1062,0.0352,0.732
Znrf3,Znrf3,663.7673,-0.1975,0.1484,-1.3306,0.1833,0.8131
Zp1,Zp1,0.5269,0.5103,1.7521,0.2912,0.7709,0.97
Zp2,Zp2,0.3159,0.6941,2.5723,0.2698,0.7873,0.97
Zp3,Zp3,0.9489,-0.5182,1.8081,-0.2866,0.7744,0.97
Zp3r,Zp3r,0.9511,-0.3126,1.504,-0.2079,0.8353,0.9774
Zpld1,Zpld1,2.1086,0.2117,1.0756,0.1968,0.844,0.9775
Zpr1,Zpr1,2141.0824,0.1526,0.1684,0.9066,0.3646,0.8879
Zranb1,Zranb1,824.3854,-0.1474,0.1925,-0.7661,0.4436,0.9118
Zranb2,Zranb2,2279.0726,-0.1963,0.2208,-0.8888,0.3741,0.893
Zranb3,Zranb3,334.6094,-0.3407,0.1698,-2.0067,0.0448,0.7364
Zrsr1,Zrsr1,920.2081,0.1121,0.1379,0.8132,0.4161,0.9035
Zrsr2,Zrsr2,1226.0419,-0.0914,0.0878,-1.0409,0.2979,0.8608
Zscan10,Zscan10,0.3176,-0.6877,2.5704,-0.2675,0.789,0.97
Zscan12,Zscan12,432.8888,-0.0636,0.1005,-0.633,0.5267,0.9228
Zscan18,Zscan18,28.6689,-0.451,0.4371,-1.0319,0.3021,0.8615
Zscan2,Zscan2,221.1834,0.2033,0.1516,1.3414,0.1798,0.8123
Zscan20,Zscan20,294.7441,0.1882,0.1541,1.2215,0.2219,0.8307
Zscan21,Zscan21,1010.3251,-0.045,0.0738,-0.6098,0.542,0.9283
Zscan22,Zscan22,331.8744,0.0594,0.1095,0.5425,0.5875,0.9355
Zscan25,Zscan25,443.3546,0.0757,0.0939,0.8064,0.42,0.905
Zscan26,Zscan26,1128.6657,-0.0651,0.1789,-0.3638,0.716,0.9662
Zscan29,Zscan29,698.8348,0.0117,0.1167,0.1002,0.9202,0.9881
Zswim1,Zswim1,584.0827,0.1207,0.1005,1.2012,0.2297,0.8328
Zswim2,Zswim2,0.5244,0.0742,2.035,0.0365,0.9709,0.999
Zswim3,Zswim3,293.1734,0.0158,0.1143,0.1384,0.8899,0.9837
Zswim4,Zswim4,2839.5105,0.0113,0.0879,0.1289,0.8975,0.9854
Zswim5,Zswim5,0.9435,0.148,1.5882,0.0932,0.9258,0.9905
Zswim6,Zswim6,918.413,-0.2043,0.1871,-1.0918,0.2749,0.8588
Zswim7,Zswim7,292.6443,0.1101,0.139,0.7921,0.4283,0.9073
Zswim8,Zswim8,5862.691,0.1636,0.1028,1.5921,0.1114,0.7736
Zufsp,Zufsp,304.0527,-0.0633,0.1783,-0.3552,0.7224,0.9684
Zw10,Zw10,987.7602,-0.0943,0.0959,-0.9824,0.3259,0.8747
Zwilch,Zwilch,450.8595,-0.8129,0.3543,-2.2945,0.0218,0.732
Zwint,Zwint,3597.0392,0.0906,0.1215,0.7457,0.4559,0.9132
Zxda,Zxda,194.0555,-0.071,0.2075,-0.3421,0.7323,0.9694
Zxdb,Zxdb,218.9919,-0.1495,0.2146,-0.6967,0.486,0.9168
Zxdc,Zxdc,1022.0982,0.1008,0.0802,1.2563,0.209,0.8265
Zyg11b,Zyg11b,2704.5222,-0.0185,0.1452,-0.1277,0.8984,0.9855
Zyx,Zyx,20992.8269,0.0093,0.1082,0.0861,0.9314,0.9921
Zzef1,Zzef1,1955.9671,0.0343,0.092,0.3729,0.7093,0.9661
Zzz3,Zzz3,2125.8715,0.0319,0.1336,0.2387,0.8113,0.9742
