feature,symbol,baseMean,log2FoldChange,lfcSE,stat,pvalue,padj
0610005C13Rik,0610005C13Rik,6.6323,-1.2125,0.6996,-1.7331,0.0831,0.9995
0610007P14Rik,0610007P14Rik,1298.2422,0.006,0.0619,0.0978,0.9221,0.9995
0610009B22Rik,0610009B22Rik,980.9124,0.1345,0.1091,1.2332,0.2175,0.9995
0610009L18Rik,0610009L18Rik,42.8815,0.2748,0.2993,0.9182,0.3585,0.9995
0610009O20Rik,0610009O20Rik,1289.55,0.0419,0.0671,0.6241,0.5325,0.9995
0610010F05Rik,0610010F05Rik,914.1547,-0.0222,0.1634,-0.1359,0.8919,0.9995
0610010K14Rik,0610010K14Rik,1001.792,-0.0396,0.0806,-0.4917,0.6229,0.9995
0610011F06Rik,0610011F06Rik,389.1731,0.1601,0.0906,1.7662,0.0774,0.9995
0610012G03Rik,0610012G03Rik,423.2099,0.1082,0.1059,1.0217,0.3069,0.9995
0610030E20Rik,0610030E20Rik,987.4684,0.0798,0.1162,0.6871,0.492,0.9995
0610037L13Rik,0610037L13Rik,1070.8498,0.102,0.0792,1.2885,0.1976,0.9995
0610038B21Rik,0610038B21Rik,9.9373,-0.0977,0.492,-0.1987,0.8425,0.9995
0610039K10Rik,0610039K10Rik,0.8009,0.2798,1.7329,0.1614,0.8718,0.9995
0610040B10Rik,0610040B10Rik,23.8059,0.1281,0.4263,0.3005,0.7638,0.9995
0610040J01Rik,0610040J01Rik,3.5663,-1.0256,1.6089,-0.6374,0.5238,0.9995
0610043K17Rik,0610043K17Rik,3.1987,-0.0983,0.8399,-0.117,0.9068,0.9995
1010001N08Rik,1010001N08Rik,1.3724,1.6484,1.569,1.0506,0.2935,0.9995
1110001J03Rik,1110001J03Rik,128.645,0.153,0.1436,1.065,0.2869,0.9995
1110002L01Rik,1110002L01Rik,70.8205,-0.0525,0.2473,-0.2123,0.8319,0.9995
1110004E09Rik,1110004E09Rik,705.258,0.016,0.1189,0.1348,0.8927,0.9995
1110004F10Rik,1110004F10Rik,2875.3803,0.1229,0.0846,1.4519,0.1465,0.9995
1110006O24Rik,1110006O24Rik,10.498,0.5195,0.483,1.0756,0.2821,0.9995
1110007C09Rik,1110007C09Rik,1575.0854,0.0718,0.135,0.5315,0.5951,0.9995
1110008F13Rik,1110008F13Rik,1349.2707,0.1748,0.1691,1.0336,0.3013,0.9995
1110008L16Rik,1110008L16Rik,678.5899,-0.0307,0.071,-0.4331,0.665,0.9995
1110008P14Rik,1110008P14Rik,834.9207,0.1001,0.1054,0.9498,0.3422,0.9995
1110012L19Rik,1110012L19Rik,985.7683,0.1414,0.1656,0.8536,0.3933,0.9995
1110017D15Rik,1110017D15Rik,5.2528,0.2908,0.6569,0.4427,0.658,0.9995
1110019D14Rik,1110019D14Rik,112.189,-0.0881,0.2445,-0.3601,0.7187,0.9995
1110020A21Rik,1110020A21Rik,15.5327,0.0252,0.4002,0.063,0.9498,0.9995
1110032A03Rik,1110032A03Rik,315.9448,0.1941,0.1401,1.3855,0.1659,0.9995
1110034G24Rik,1110034G24Rik,176.8538,-0.0233,0.1624,-0.1433,0.8861,0.9995
1110037F02Rik,1110037F02Rik,3217.169,-0.1518,0.1149,-1.3209,0.1865,0.9995
1110038B12Rik,1110038B12Rik,2234.282,0.1267,0.1899,0.6673,0.5046,0.9995
1110038F14Rik,1110038F14Rik,1014.2229,0.0545,0.083,0.6559,0.5119,0.9995
1110046J04Rik,1110046J04Rik,206.5658,0.1537,0.2182,0.7047,0.481,0.9995
1110051M20Rik,1110051M20Rik,1479.9245,-0.0236,0.078,-0.3023,0.7624,0.9995
1110059E24Rik,1110059E24Rik,1073.7205,-0.032,0.0912,-0.3501,0.7262,0.9995
1110059G10Rik,1110059G10Rik,628.7918,0.0159,0.1221,0.1306,0.8961,0.9995
1110065P20Rik,1110065P20Rik,314.6052,0.1975,0.1541,1.2816,0.2,0.9995
1190002F15Rik,1190002F15Rik,66.423,0.1643,0.2626,0.6258,0.5314,0.9995
1190002N15Rik,1190002N15Rik,5331.9699,-0.1265,0.2182,-0.5797,0.5621,0.9995
1190005I06Rik,1190005I06Rik,4.5658,0.2283,0.6868,0.3325,0.7395,0.9995
1190007I07Rik,1190007I07Rik,79.5146,0.1675,0.2024,0.8276,0.4079,0.9995
1200014J11Rik,1200014J11Rik,1759.4369,-0.095,0.0848,-1.1194,0.263,0.9995
1300002E11Rik,1300002E11Rik,283.1235,-0.0332,0.1667,-0.1989,0.8423,0.9995
1300017J02Rik,1300017J02Rik,2.7323,0.3295,0.9442,0.3489,0.7271,0.9995
1500004A13Rik,1500004A13Rik,84.4345,0.2034,0.2091,0.9729,0.3306,0.9995
1500009C09Rik,1500009C09Rik,0.6876,-0.7834,1.7377,-0.4509,0.6521,0.9995
1500009L16Rik,1500009L16Rik,14.4055,-0.0076,0.4079,-0.0186,0.9852,0.9995
1500011B03Rik,1500011B03Rik,325.1304,0.1935,0.2316,0.8354,0.4035,0.9995
1500011K16Rik,1500011K16Rik,475.4428,0.111,0.1246,0.8908,0.3731,0.9995
1500012F01Rik,1500012F01Rik,2064.9929,0.1846,0.2085,0.8852,0.376,0.9995
1500012K07Rik,1500012K07Rik,2.7468,-0.37,0.9281,-0.3986,0.6902,0.9995
1500015A07Rik,1500015A07Rik,62.7443,0.4813,0.4451,1.0813,0.2796,0.9995
1500015O10Rik,1500015O10Rik,18.97,0.2049,0.6972,0.2939,0.7688,0.9995
1500017E21Rik,1500017E21Rik,96.6496,-0.1761,0.2095,-0.8407,0.4005,0.9995
1500026H17Rik,1500026H17Rik,1.7173,0.5927,1.4824,0.3999,0.6893,0.9995
1600002H07Rik,1600002H07Rik,319.9924,0.0616,0.1167,0.5277,0.5977,0.9995
1600002K03Rik,1600002K03Rik,236.6074,0.2495,0.2012,1.2401,0.215,0.9995
1600012H06Rik,1600012H06Rik,1777.5907,0.0432,0.0768,0.5626,0.5737,0.9995
1600014C10Rik,1600014C10Rik,779.989,0.019,0.1455,0.1305,0.8962,0.9995
1600014C23Rik,1600014C23Rik,1.4868,-1.037,1.2667,-0.8186,0.413,0.9995
1600020E01Rik,1600020E01Rik,222.2021,0.2999,0.2183,1.3742,0.1694,0.9995
1600023N17Rik,1600023N17Rik,3.4196,1.4139,0.9448,1.4965,0.1345,0.9995
1600027J07Rik,1600027J07Rik,4.9196,1.4349,0.8496,1.6889,0.0912,0.9995
1600029O15Rik,1600029O15Rik,0.6814,-0.2947,2.0292,-0.1452,0.8845,0.9995
1700001C19Rik,1700001C19Rik,0.8007,-2.0586,1.8117,-1.1363,0.2558,0.9995
1700001G11Rik,1700001G11Rik,5.8337,-0.0548,0.5708,-0.096,0.9235,0.9995
1700001G17Rik,1700001G17Rik,5.5994,-0.2716,0.7091,-0.383,0.7017,0.9995
1700001K19Rik,1700001K19Rik,7.4277,0.7395,0.7092,1.0427,0.2971,0.9995
1700001K23Rik,1700001K23Rik,2.2848,0.0218,0.9402,0.0232,0.9815,0.9995
1700001L05Rik,1700001L05Rik,57.5017,-0.5396,0.2322,-2.3236,0.0201,0.9995
1700001L19Rik,1700001L19Rik,3.7695,-0.0917,0.7351,-0.1248,0.9007,0.9995
1700001O22Rik,1700001O22Rik,10.6441,-0.5558,0.4619,-1.2033,0.2289,0.9995
1700001P01Rik,1700001P01Rik,2.9652,0.8121,0.8834,0.9193,0.358,0.9995
1700003E16Rik,1700003E16Rik,117.0133,-0.001,0.1737,-0.006,0.9953,0.9995
1700003F12Rik,1700003F12Rik,90.6806,-0.0916,0.2232,-0.4106,0.6814,0.9995
1700003G18Rik,1700003G18Rik,0.8003,0.2838,1.7329,0.1638,0.8699,0.9995
1700003M02Rik,1700003M02Rik,3.9959,0.4308,0.794,0.5426,0.5874,0.9995
1700003M07Rik,1700003M07Rik,0.6849,0.8936,2.0444,0.4371,0.662,0.9995
1700006H21Rik,1700006H21Rik,0.4591,0.2194,2.5698,0.0854,0.9319,0.9995
1700007G11Rik,1700007G11Rik,4.5713,-0.7319,0.7231,-1.0122,0.3115,0.9995
1700007J10Rik,1700007J10Rik,26.3734,0.3906,0.4788,0.8157,0.4147,0.9995
1700007K09Rik,1700007K09Rik,0.5687,-1.0589,2.0113,-0.5265,0.5986,0.9995
1700007K13Rik,1700007K13Rik,14.7363,0.3075,0.3966,0.7753,0.4382,0.9995
1700007L15Rik,1700007L15Rik,37.5842,0.201,0.2381,0.8441,0.3986,0.9995
1700008J07Rik,1700008J07Rik,18.9382,0.5378,0.4164,1.2917,0.1965,0.9995
1700008O03Rik,1700008O03Rik,0.6858,-1.7967,1.9021,-0.9446,0.3449,0.9995
1700009N14Rik,1700009N14Rik,5.83,-0.1325,0.6387,-0.2074,0.8357,0.9995
1700010D01Rik,1700010D01Rik,0.4591,0.2185,2.5699,0.085,0.9323,0.9995
1700011A15Rik,1700011A15Rik,0.4594,-2.2007,2.4285,-0.9062,0.3648,0.9995
1700011E24Rik,1700011E24Rik,0.5744,0.709,2.0545,0.3451,0.73,0.9995
1700011I03Rik,1700011I03Rik,4.5761,-0.377,0.7444,-0.5065,0.6125,0.9995
1700012B07Rik,1700012B07Rik,2.2798,-0.9067,1.2332,-0.7352,0.4622,0.9995
1700012B09Rik,1700012B09Rik,107.4261,0.1801,0.3312,0.5438,0.5866,0.9995
1700012D01Rik,1700012D01Rik,26.023,0.0833,0.3387,0.2458,0.8058,0.9995
1700012D14Rik,1700012D14Rik,7.1912,-0.2078,0.6055,-0.3433,0.7314,0.9995
1700012I11Rik,1700012I11Rik,0.5707,-1.4727,2.4503,-0.601,0.5478,0.9995
1700013F07Rik,1700013F07Rik,3.4261,-0.0803,0.8052,-0.0997,0.9206,0.9995
1700013G24Rik,1700013G24Rik,4.9067,0.4387,0.6654,0.6592,0.5098,0.9995
1700013H16Rik,1700013H16Rik,1.2589,-0.6693,1.2357,-0.5417,0.588,0.9995
1700015F17Rik,1700015F17Rik,0.5725,-0.371,2.0516,-0.1808,0.8565,0.9995
1700016D06Rik,1700016D06Rik,3.432,0.3882,0.7955,0.4881,0.6255,0.9995
1700016L04Rik,1700016L04Rik,0.5721,1.7781,2.3991,0.7412,0.4586,0.9995
1700017B05Rik,1700017B05Rik,3003.9098,0.0349,0.1392,0.2508,0.802,0.9995
1700018A04Rik,1700018A04Rik,10.6287,-0.2765,0.4347,-0.636,0.5248,0.9995
1700018C11Rik,1700018C11Rik,0.9151,-0.1331,1.6693,-0.0797,0.9365,0.9995
1700018L02Rik,1700018L02Rik,2.5232,0.5588,1.0892,0.513,0.6079,0.9995
1700019A02Rik,1700019A02Rik,0.4589,0.2194,2.57,0.0854,0.932,0.9995
1700019B03Rik,1700019B03Rik,0.6895,-1.8013,1.9019,-0.9471,0.3436,0.9995
1700019D03Rik,1700019D03Rik,1.0313,-0.2131,1.5739,-0.1354,0.8923,0.9995
1700019G17Rik,1700019G17Rik,21.601,0.1134,0.384,0.2953,0.7678,0.9995
1700019G24Rik,1700019G24Rik,0.4581,-1.0626,2.0898,-0.5085,0.6111,0.9995
1700019L03Rik,1700019L03Rik,228.2654,0.4976,0.4131,1.2046,0.2284,0.9995
1700020A23Rik,1700020A23Rik,2.0583,0.6799,1.0801,0.6294,0.5291,0.9995
1700020D05Rik,1700020D05Rik,4.5722,-0.277,0.6915,-0.4005,0.6888,0.9995
1700020I14Rik,1700020I14Rik,913.407,-0.039,0.1853,-0.2107,0.8331,0.9995
1700020L24Rik,1700020L24Rik,240.0447,0.0749,0.2714,0.2759,0.7826,0.9995
1700020N01Rik,1700020N01Rik,0.6883,0.1371,1.7337,0.0791,0.937,0.9995
1700021F05Rik,1700021F05Rik,975.0527,0.0972,0.0645,1.5087,0.1314,0.9995
1700021K19Rik,1700021K19Rik,2680.107,0.0136,0.0507,0.2686,0.7882,0.9995
1700022H01Rik,1700022H01Rik,2.5121,0.7863,0.9443,0.8327,0.405,0.9995
1700022H16Rik,1700022H16Rik,0.4575,-1.0593,2.5214,-0.4201,0.6744,0.9995
1700022I11Rik,1700022I11Rik,0.8016,-0.2673,1.5222,-0.1756,0.8606,0.9995
1700023C21Rik,1700023C21Rik,0.3415,-0.4733,2.6754,-0.1769,0.8596,0.9995
1700023F06Rik,1700023F06Rik,1.7114,-0.8819,1.2502,-0.7054,0.4806,0.9995
1700024P16Rik,1700024P16Rik,48.5722,0.0392,0.2214,0.1772,0.8594,0.9995
1700025F24Rik,1700025F24Rik,2.5125,0.215,0.8952,0.2402,0.8102,0.9995
1700025G04Rik,1700025G04Rik,517.2695,-0.1059,0.1061,-0.9983,0.3182,0.9995
1700026D08Rik,1700026D08Rik,86.0885,0.2249,0.5208,0.4318,0.6659,0.9995
1700026J14Rik,1700026J14Rik,0.8009,0.2798,1.7329,0.1614,0.8718,0.9995
1700026L06Rik,1700026L06Rik,6.8634,-0.4869,0.6869,-0.7088,0.4784,0.9995
1700027A15Rik,1700027A15Rik,0.5714,-1.067,2.401,-0.4444,0.6568,0.9995
1700028E10Rik,1700028E10Rik,3.9953,0.564,0.7006,0.805,0.4208,0.9995
1700028I16Rik,1700028I16Rik,4.3514,-0.2453,0.7185,-0.3414,0.7328,0.9995
1700028J19Rik,1700028J19Rik,18.064,-0.2825,0.3262,-0.8661,0.3865,0.9995
1700028K03Rik,1700028K03Rik,11.5678,-0.5506,0.5589,-0.9853,0.3245,0.9995
1700029I15Rik,1700029I15Rik,13.7,0.5696,0.4058,1.4036,0.1604,0.9995
1700029J03Rik,1700029J03Rik,9.3677,-0.106,0.5804,-0.1827,0.8551,0.9995
1700029J07Rik,1700029J07Rik,36.4957,-0.0354,0.2629,-0.1348,0.8928,0.9995
1700030F04Rik,1700030F04Rik,1.717,1.0192,1.0906,0.9346,0.35,0.9995
1700030F18Rik,1700030F18Rik,2.633,-0.5087,0.8805,-0.5778,0.5634,0.9995
1700030J22Rik,1700030J22Rik,98.1119,-0.1195,0.1634,-0.7317,0.4644,0.9995
1700030K09Rik,1700030K09Rik,465.0982,-0.0043,0.0914,-0.0468,0.9626,0.9995
1700031A10Rik,1700031A10Rik,7.5451,-0.2759,0.5081,-0.5429,0.5872,0.9995
1700034E13Rik,1700034E13Rik,4.228,-0.2816,0.814,-0.346,0.7294,0.9995
1700034H15Rik,1700034H15Rik,1.7192,-0.485,1.2565,-0.3859,0.6995,0.9995
1700034P13Rik,1700034P13Rik,3.7815,0.4908,0.8367,0.5866,0.5575,0.9995
1700037C18Rik,1700037C18Rik,59.9975,0.1666,0.1817,0.917,0.3591,0.9995
1700037H04Rik,1700037H04Rik,1293.0827,0.0135,0.1235,0.1097,0.9127,0.9995
1700042O10Rik,1700042O10Rik,3.8895,0.5903,0.9368,0.6302,0.5286,0.9995
1700048M11Rik,1700048M11Rik,12.6734,0.1766,0.434,0.4068,0.6841,0.9995
1700048O20Rik,1700048O20Rik,1.0279,0.4177,1.5629,0.2673,0.7893,0.9995
1700049G17Rik,1700049G17Rik,255.0969,-0.0433,0.1572,-0.2752,0.7831,0.9995
1700052K11Rik,1700052K11Rik,239.0445,-0.0311,0.1247,-0.2493,0.8032,0.9995
1700056E22Rik,1700056E22Rik,24.3677,-0.1959,0.3503,-0.5593,0.5759,0.9995
1700061G19Rik,1700061G19Rik,11.661,0.1902,0.4701,0.4045,0.6858,0.9995
1700061I17Rik,1700061I17Rik,0.804,-1.1034,1.7133,-0.644,0.5195,0.9995
1700063D05Rik,1700063D05Rik,0.8013,0.3338,2.4076,0.1386,0.8897,0.9995
1700065J18Rik,1700065J18Rik,10.978,0.0665,0.4906,0.1355,0.8922,0.9995
1700066B19Rik,1700066B19Rik,1.8257,1.1614,1.2341,0.9411,0.3466,0.9995
1700066M21Rik,1700066M21Rik,606.8578,-0.1112,0.2079,-0.5348,0.5928,0.9995
1700067K01Rik,1700067K01Rik,16.8803,0.6484,0.4644,1.3963,0.1626,0.9995
1700071M16Rik,1700071M16Rik,1.6028,1.4157,1.2458,1.1363,0.2558,0.9995
1700084E18Rik,1700084E18Rik,5.1312,0.7855,0.7056,1.1132,0.2656,0.9995
1700086L19Rik,1700086L19Rik,1.0307,-0.8608,1.533,-0.5615,0.5744,0.9995
1700086O06Rik,1700086O06Rik,17.5952,0.4923,0.3824,1.2873,0.198,0.9995
1700088E04Rik,1700088E04Rik,38.3457,0.082,0.3259,0.2516,0.8013,0.9995
1700092C10Rik,1700092C10Rik,1.0334,-0.2186,1.5746,-0.1388,0.8896,0.9995
1700092M07Rik,1700092M07Rik,2.4042,1.0386,0.9809,1.0588,0.2897,0.9995
1700093K21Rik,1700093K21Rik,58.8499,-0.3146,0.3204,-0.9819,0.3261,0.9995
1700094D03Rik,1700094D03Rik,125.1228,-0.0105,0.2175,-0.0483,0.9615,0.9995
1700096K18Rik,1700096K18Rik,47.4403,-0.0884,0.2525,-0.3503,0.7261,0.9995
1700101E01Rik,1700101E01Rik,4.107,0.739,0.7731,0.9559,0.3391,0.9995
1700101I11Rik,1700101I11Rik,9.0223,0.2376,0.4679,0.5078,0.6116,0.9995
1700102H20Rik,1700102H20Rik,2.4008,0.0778,0.9569,0.0814,0.9352,0.9995
1700102P08Rik,1700102P08Rik,14.8353,0.5218,0.3995,1.3062,0.1915,0.9995
1700105P06Rik,1700105P06Rik,1.0314,-0.1981,1.393,-0.1422,0.8869,0.9995
1700108F19Rik,1700108F19Rik,8.8029,-0.0202,0.504,-0.0401,0.968,0.9995
1700109G14Rik,1700109G14Rik,0.4549,-0.4759,2.5082,-0.1898,0.8495,0.9995
1700109H08Rik,1700109H08Rik,15.997,0.2708,0.384,0.7051,0.4807,0.9995
1700109K24Rik,1700109K24Rik,79.2502,0.1778,0.2706,0.6572,0.511,0.9995
1700110C19Rik,1700110C19Rik,2.2772,1.1517,1.1077,1.0397,0.2985,0.9995
1700112E06Rik,1700112E06Rik,78.7435,0.0773,0.2265,0.3412,0.7329,0.9995
1700112H15Rik,1700112H15Rik,4.9143,0.4459,0.766,0.5821,0.5605,0.9995
1700112J16Rik,1700112J16Rik,3.5453,0.8358,0.8247,1.0135,0.3108,0.9995
1700113A16Rik,1700113A16Rik,619.1929,0.0828,0.1207,0.686,0.4927,0.9995
1700116B05Rik,1700116B05Rik,0.688,-0.7766,1.737,-0.4471,0.6548,0.9995
1700119H24Rik,1700119H24Rik,1.7156,0.5913,1.1244,0.5259,0.599,0.9995
1700120C14Rik,1700120C14Rik,3.4284,-1.0984,0.7947,-1.3821,0.1669,0.9995
1700120K04Rik,1700120K04Rik,21.0147,0.8825,0.3388,2.6044,0.0092,0.9995
1700123M08Rik,1700123M08Rik,43.6463,0.1963,0.2342,0.8382,0.4019,0.9995
1700123O20Rik,1700123O20Rik,1234.7928,0.1412,0.1373,1.0277,0.3041,0.9995
1700124L16Rik,1700124L16Rik,2.964,0.3823,0.9461,0.404,0.6862,0.9995
1700125H03Rik,1700125H03Rik,4.9116,-0.2823,0.6837,-0.4129,0.6797,0.9995
1810008I18Rik,1810008I18Rik,1.9381,0.7567,1.2544,0.6033,0.5463,0.9995
1810009A15Rik,1810009A15Rik,1.3652,1.4763,1.8689,0.7899,0.4296,0.9995
1810010H24Rik,1810010H24Rik,29.7235,-0.1636,0.281,-0.5824,0.5603,0.9995
1810011O10Rik,1810011O10Rik,175.0332,0.0404,0.1442,0.2801,0.7794,0.9995
1810012K16Rik,1810012K16Rik,1.0298,0.4006,1.8428,0.2174,0.8279,0.9995
1810013L24Rik,1810013L24Rik,2409.0626,0.0917,0.0842,1.0889,0.2762,0.9995
1810014B01Rik,1810014B01Rik,111.9312,0.2005,0.1689,1.1872,0.2352,0.9995
1810019D21Rik,1810019D21Rik,1.3697,-0.3914,1.4865,-0.2633,0.7923,0.9995
1810020O05Rik,1810020O05Rik,1.9429,0.1829,0.995,0.1838,0.8542,0.9995
1810021B22Rik,1810021B22Rik,53.3311,0.2517,0.2307,1.0909,0.2753,0.9995
1810022K09Rik,1810022K09Rik,971.3239,0.0518,0.0967,0.536,0.592,0.9995
1810024B03Rik,1810024B03Rik,13.917,0.3509,0.4403,0.7971,0.4254,0.9995
1810026B05Rik,1810026B05Rik,332.0868,-0.048,0.1065,-0.4505,0.6524,0.9995
1810026J23Rik,1810026J23Rik,3032.1279,0.1012,0.062,1.6323,0.1026,0.9995
1810030O07Rik,1810030O07Rik,2129.7311,-0.0492,0.0734,-0.6706,0.5024,0.9995
1810032O08Rik,1810032O08Rik,351.0377,0.1562,0.1853,0.8433,0.3991,0.9995
1810034E14Rik,1810034E14Rik,118.8447,0.1105,0.2486,0.4445,0.6566,0.9995
1810037I17Rik,1810037I17Rik,1538.0758,0.0311,0.0692,0.45,0.6527,0.9995
1810041H14Rik,1810041H14Rik,0.5694,0.2877,2.1109,0.1363,0.8916,0.9995
1810041L15Rik,1810041L15Rik,69.1582,-0.4184,0.4831,-0.8661,0.3864,0.9995
1810043G02Rik,1810043G02Rik,737.4795,-0.0014,0.0881,-0.0154,0.9877,0.9995
1810043H04Rik,1810043H04Rik,279.6009,0.2108,0.1194,1.7657,0.0774,0.9995
1810044D09Rik,1810044D09Rik,16.2202,0.1969,0.429,0.4591,0.6462,0.9995
1810046K07Rik,1810046K07Rik,0.7969,-0.7241,1.7289,-0.4189,0.6753,0.9995
1810053B23Rik,1810053B23Rik,1.9486,0.9666,1.1224,0.8612,0.3891,0.9995
1810055G02Rik,1810055G02Rik,2043.113,0.0164,0.0649,0.2526,0.8006,0.9995
1810058I24Rik,1810058I24Rik,2614.9107,0.0485,0.1209,0.4009,0.6885,0.9995
1810062G17Rik,1810062G17Rik,19.4193,0.2538,0.3205,0.7919,0.4284,0.9995
1810062O18Rik,1810062O18Rik,6.7325,0.4663,0.5674,0.8219,0.4112,0.9995
1810065E05Rik,1810065E05Rik,0.8045,-2.0646,1.8662,-1.1063,0.2686,0.9995
2010001A14Rik,2010001A14Rik,108.1449,0.0364,0.2121,0.1717,0.8636,0.9995
2010001E11Rik,2010001E11Rik,0.3453,-0.4801,2.6703,-0.1798,0.8573,0.9995
2010003K11Rik,2010003K11Rik,1.1414,-0.0596,1.5873,-0.0376,0.97,0.9995
2010005H15Rik,2010005H15Rik,3.7647,-0.1871,0.9566,-0.1956,0.845,0.9995
2010009K17Rik,2010009K17Rik,1.1465,0.6875,1.4127,0.4867,0.6265,0.9995
2010010A06Rik,2010010A06Rik,0.3429,0.9357,2.6527,0.3527,0.7243,0.9995
2010012O05Rik,2010012O05Rik,618.972,-0.0238,0.0709,-0.3358,0.737,0.9995
2010107E04Rik,2010107E04Rik,2028.0318,0.177,0.0582,3.0386,0.0024,0.9995
2010107G12Rik,2010107G12Rik,5.3814,-0.6928,0.6423,-1.0787,0.2807,0.9995
2010107G23Rik,2010107G23Rik,173.4157,0.0743,0.1586,0.4682,0.6396,0.9995
2010109I03Rik,2010109I03Rik,0.3435,0.9378,2.6523,0.3536,0.7237,0.9995
2010111I01Rik,2010111I01Rik,4292.1089,0.129,0.1086,1.1877,0.2349,0.9995
2010204K13Rik,2010204K13Rik,55.1813,0.0296,0.1969,0.1502,0.8806,0.9995
2010308F09Rik,2010308F09Rik,0.344,-0.475,2.671,-0.1778,0.8589,0.9995
2010310C07Rik,2010310C07Rik,1.6026,0.4126,1.1675,0.3534,0.7238,0.9995
2010315B03Rik,2010315B03Rik,210.4487,0.0995,0.2288,0.4346,0.6638,0.9995
2010320M18Rik,2010320M18Rik,117.7809,-0.0241,0.1752,-0.1373,0.8908,0.9995
2200002D01Rik,2200002D01Rik,300.6275,0.2417,0.122,1.9809,0.0476,0.9995
2210010C04Rik,2210010C04Rik,24.4528,-0.1438,0.3688,-0.39,0.6965,0.9995
2210011C24Rik,2210011C24Rik,70.0281,0.0239,0.32,0.0747,0.9405,0.9995
2210013O21Rik,2210013O21Rik,1076.3037,0.145,0.0783,1.8526,0.0639,0.9995
2210015D19Rik,2210015D19Rik,359.6523,0.1483,0.1034,1.4348,0.1513,0.9995
2210016F16Rik,2210016F16Rik,119.8968,0.0526,0.1338,0.3932,0.6941,0.9995
2210016L21Rik,2210016L21Rik,1027.2004,0.1073,0.0912,1.1762,0.2395,0.9995
2210018M11Rik,2210018M11Rik,665.6403,-0.0939,0.1691,-0.5553,0.5787,0.9995
2210039B01Rik,2210039B01Rik,0.3448,-0.4801,2.6714,-0.1797,0.8574,0.9995
2210404O09Rik,2210404O09Rik,61.7186,-0.0542,0.1998,-0.2713,0.7862,0.9995
2210406O10Rik,2210406O10Rik,4.6864,-0.2941,0.7527,-0.3908,0.696,0.9995
2210408F21Rik,2210408F21Rik,78.5203,-0.1393,0.2453,-0.5679,0.5701,0.9995
2210408I21Rik,2210408I21Rik,153.2327,-0.0224,0.153,-0.1463,0.8837,0.9995
2210409D07Rik,2210409D07Rik,6.1828,0.1563,0.8203,0.1906,0.8489,0.9995
2210409E12Rik,2210409E12Rik,0.3415,-0.4733,2.6754,-0.1769,0.8596,0.9995
2210416O15Rik,2210416O15Rik,16.5629,0.6317,0.4049,1.56,0.1188,0.9995
2300005B03Rik,2300005B03Rik,0.3442,-0.476,2.6709,-0.1782,0.8586,0.9995
2300009A05Rik,2300009A05Rik,119.7557,0.0636,0.2312,0.275,0.7834,0.9995
2310001H17Rik,2310001H17Rik,59.9648,0.1936,0.1944,0.9961,0.3192,0.9995
2310001K24Rik,2310001K24Rik,0.4585,0.219,2.1462,0.102,0.9187,0.9995
2310002F09Rik,2310002F09Rik,14.75,-0.4872,0.4236,-1.15,0.2502,0.9995
2310002L09Rik,2310002L09Rik,33.5201,0.4902,0.617,0.7945,0.4269,0.9995
2310007B03Rik,2310007B03Rik,2.3955,0.7382,0.9898,0.7458,0.4558,0.9995
2310008N11Rik,2310008N11Rik,1.0293,1.0916,1.5507,0.7039,0.4815,0.9995
2310009A05Rik,2310009A05Rik,217.4198,0.0483,0.1832,0.2638,0.7919,0.9995
2310009B15Rik,2310009B15Rik,365.6761,0.0924,0.1026,0.9012,0.3675,0.9995
2310010G23Rik,2310010G23Rik,34.5055,0.2292,0.2399,0.9557,0.3392,0.9995
2310010J17Rik,2310010J17Rik,27.5408,0.0853,0.2664,0.3203,0.7487,0.9995
2310011J03Rik,2310011J03Rik,1497.8794,0.1185,0.0955,1.241,0.2146,0.9995
2310015A10Rik,2310015A10Rik,289.0034,0.0877,0.112,0.7828,0.4337,0.9995
2310020H05Rik,2310020H05Rik,12.8156,-0.289,0.4393,-0.6579,0.5106,0.9995
2310022A10Rik,2310022A10Rik,1110.5612,0.0242,0.1202,0.2016,0.8402,0.9995
2310022B05Rik,2310022B05Rik,8126.1831,0.0075,0.1039,0.0719,0.9427,0.9995
2310030G06Rik,2310030G06Rik,155.2825,0.0602,0.1315,0.4576,0.6473,0.9995
2310033P09Rik,2310033P09Rik,275.5861,0.1244,0.1219,1.0199,0.3078,0.9995
2310034G01Rik,2310034G01Rik,8.6854,-0.5802,0.513,-1.131,0.258,0.9995
2310034O05Rik,2310034O05Rik,1.5962,-0.4645,1.1173,-0.4157,0.6776,0.9995
2310035C23Rik,2310035C23Rik,1549.0815,-0.1672,0.1232,-1.3568,0.1749,0.9995
2310036O22Rik,2310036O22Rik,5807.1338,0.1002,0.1038,0.9655,0.3343,0.9995
2310039H08Rik,2310039H08Rik,137.1206,0.0417,0.1644,0.2536,0.7998,0.9995
2310039L15Rik,2310039L15Rik,8.6852,0.5809,0.5551,1.0465,0.2953,0.9995
2310040G24Rik,2310040G24Rik,5.3628,0.9176,0.6373,1.4399,0.1499,0.9995
2310043L19Rik,2310043L19Rik,48.1369,0.1747,0.303,0.5767,0.5642,0.9995
2310045N01Rik,2310045N01Rik,880.4926,0.0938,0.1757,0.5339,0.5934,0.9995
2310047M10Rik,2310047M10Rik,569.5961,0.158,0.1164,1.3573,0.1747,0.9995
2310057M21Rik,2310057M21Rik,480.1653,-0.0441,0.1033,-0.4266,0.6697,0.9995
2310061I04Rik,2310061I04Rik,529.9838,0.0582,0.0928,0.6277,0.5302,0.9995
2310065F04Rik,2310065F04Rik,15.9101,0.4817,0.5273,0.9134,0.361,0.9995
2310067B10Rik,2310067B10Rik,1404.4302,-0.135,0.0879,-1.535,0.1248,0.9995
2310068J16Rik,2310068J16Rik,4.0995,0.7252,0.8759,0.8279,0.4077,0.9995
2310069B03Rik,2310069B03Rik,4.6789,0.0757,0.7598,0.0996,0.9207,0.9995
2410002F23Rik,2410002F23Rik,1348.8109,0.0907,0.0948,0.9564,0.3389,0.9995
2410004B18Rik,2410004B18Rik,591.9013,0.1079,0.0735,1.4686,0.1419,0.9995
2410004P03Rik,2410004P03Rik,0.5683,2.7216,2.3296,1.1683,0.2427,0.9995
2410006H16Rik,2410006H16Rik,2523.2305,0.1823,0.2461,0.7406,0.4589,0.9995
2410012E07Rik,2410012E07Rik,22.7475,-0.3166,0.3637,-0.8705,0.384,0.9995
2410015M20Rik,2410015M20Rik,1576.8524,0.1787,0.0815,2.1925,0.0283,0.9995
2410016O06Rik,2410016O06Rik,545.6867,0.1119,0.1001,1.117,0.264,0.9995
2410018L13Rik,2410018L13Rik,4.338,0.6915,0.7011,0.9863,0.324,0.9995
2410021H03Rik,2410021H03Rik,3.53,1.6671,0.8635,1.9306,0.0535,0.9995
2410089E03Rik,2410089E03Rik,2025.7377,-0.1839,0.1218,-1.5096,0.1311,0.9995
2410127L17Rik,2410127L17Rik,520.658,0.031,0.1324,0.2339,0.8151,0.9995
2410131K14Rik,2410131K14Rik,526.4871,0.0223,0.1075,0.2079,0.8353,0.9995
2500002B13Rik,2500002B13Rik,129.3925,-0.0889,0.1762,-0.5046,0.6138,0.9995
2500004C02Rik,2500004C02Rik,38.8462,0.2892,0.2377,1.2165,0.2238,0.9995
2510002D24Rik,2510002D24Rik,167.0049,0.106,0.1374,0.7711,0.4406,0.9995
2510003B16Rik,2510003B16Rik,3.4322,-0.0117,0.7667,-0.0152,0.9878,0.9995
2510009E07Rik,2510009E07Rik,1593.2458,-0.1168,0.1792,-0.6516,0.5147,0.9995
2510039O18Rik,2510039O18Rik,3287.0676,-0.0088,0.0795,-0.1104,0.9121,0.9995
2610001J05Rik,2610001J05Rik,1638.8671,0.1121,0.0996,1.1248,0.2607,0.9995
2610002M06Rik,2610002M06Rik,782.0446,-0.0506,0.1285,-0.3935,0.6939,0.9995
2610005L07Rik,2610005L07Rik,268.9488,0.3773,0.2633,1.4332,0.1518,0.9995
2610008E11Rik,2610008E11Rik,673.6373,0.0393,0.2017,0.195,0.8454,0.9995
2610015P09Rik,2610015P09Rik,249.5503,-0.1145,0.1739,-0.6585,0.5102,0.9995
2610016A17Rik,2610016A17Rik,2.3995,0.4537,0.9085,0.4994,0.6175,0.9995
2610020C07Rik,2610020C07Rik,13.7257,-0.5174,0.4781,-1.0824,0.2791,0.9995
2610020H08Rik,2610020H08Rik,120.3431,0.0017,0.1493,0.0116,0.9907,0.9995
2610027K06Rik,2610027K06Rik,0.7981,-0.2835,1.8976,-0.1494,0.8812,0.9995
2610028E06Rik,2610028E06Rik,1.7184,-1.6315,1.2855,-1.2691,0.2044,0.9995
2610028H24Rik,2610028H24Rik,2.0594,-1.2427,1.0948,-1.135,0.2564,0.9995
2610035D17Rik,2610035D17Rik,18.409,-0.1852,0.5099,-0.3632,0.7164,0.9995
2610037D02Rik,2610037D02Rik,2.1772,0.1714,1.0105,0.1697,0.8653,0.9995
2610044O15Rik8,2610044O15Rik8,236.4873,-0.0071,0.1006,-0.0703,0.944,0.9995
2610203C22Rik,2610203C22Rik,8.7848,0.5223,0.5117,1.0207,0.3074,0.9995
2610206C17Rik,2610206C17Rik,9.8312,-0.4392,0.5537,-0.7932,0.4277,0.9995
2610301B20Rik,2610301B20Rik,1309.4872,0.0094,0.0736,0.128,0.8982,0.9995
2610306M01Rik,2610306M01Rik,86.178,0.2589,0.1662,1.5573,0.1194,0.9995
2610307P16Rik,2610307P16Rik,108.814,0.1208,0.256,0.4717,0.6371,0.9995
2610316D01Rik,2610316D01Rik,27.3283,-0.2948,0.3147,-0.9368,0.3489,0.9995
2610318N02Rik,2610318N02Rik,35.3265,-0.1668,0.2581,-0.6464,0.518,0.9995
2610507B11Rik,2610507B11Rik,8733.5349,-0.0697,0.0416,-1.6728,0.0944,0.9995
2610507I01Rik,2610507I01Rik,15.272,1.3009,0.7914,1.6438,0.1002,0.9995
2610524H06Rik,2610524H06Rik,196.1807,-0.0449,0.147,-0.3058,0.7598,0.9995
2610528A11Rik,2610528A11Rik,129.5692,-0.2156,0.8149,-0.2646,0.7913,0.9995
2700029M09Rik,2700029M09Rik,1003.3243,-0.0682,0.1645,-0.4143,0.6787,0.9995
2700038G22Rik,2700038G22Rik,37.0704,0.9306,0.3512,2.6497,0.0081,0.9995
2700046G09Rik,2700046G09Rik,15.8749,0.1307,0.3672,0.356,0.7218,0.9995
2700049A03Rik,2700049A03Rik,483.2564,-0.0247,0.2143,-0.1154,0.9081,0.9995
2700054A10Rik,2700054A10Rik,38.8414,0.2349,0.2632,0.8927,0.372,0.9995
2700060E02Rik,2700060E02Rik,6043.3249,0.0764,0.0503,1.5202,0.1285,0.9995
2700062C07Rik,2700062C07Rik,502.588,0.0959,0.141,0.6801,0.4964,0.9995
2700069I18Rik,2700069I18Rik,11.2114,0.261,0.4468,0.5841,0.5592,0.9995
2700070H01Rik,2700070H01Rik,24.7991,-0.3512,0.3682,-0.9538,0.3402,0.9995
2700081O15Rik,2700081O15Rik,1758.6294,-0.0146,0.0723,-0.2017,0.8401,0.9995
2700094K13Rik,2700094K13Rik,411.44,0.1104,0.195,0.5661,0.5713,0.9995
2700097O09Rik,2700097O09Rik,211.74,0.0022,0.1348,0.0165,0.9868,0.9995
2700099C18Rik,2700099C18Rik,98.6813,0.0979,0.4174,0.2346,0.8145,0.9995
2810001G20Rik,2810001G20Rik,75.5419,0.3285,0.1928,1.7035,0.0885,0.9995
2810002D19Rik,2810002D19Rik,110.4265,-0.0055,0.1481,-0.0373,0.9703,0.9995
2810004N23Rik,2810004N23Rik,1069.2842,-0.0504,0.0825,-0.6103,0.5416,0.9995
2810006K23Rik,2810006K23Rik,531.9485,0.0756,0.0851,0.889,0.374,0.9995
2810013P06Rik,2810013P06Rik,159.199,0.0825,0.249,0.3314,0.7403,0.9995
2810021J22Rik,2810021J22Rik,326.4056,0.016,0.1045,0.1532,0.8783,0.9995
2810025M15Rik,2810025M15Rik,1285.94,0.0692,0.1405,0.4925,0.6223,0.9995
2810029C07Rik,2810029C07Rik,18.4887,0.4809,0.3591,1.3392,0.1805,0.9995
2810047C21Rik1,2810047C21Rik1,14.386,0.0388,0.4497,0.0862,0.9313,0.9995
2810403A07Rik,2810403A07Rik,2478.3291,0.1946,0.1265,1.5386,0.1239,0.9995
2810403D21Rik,2810403D21Rik,71.1828,0.1019,0.2294,0.4443,0.6568,0.9995
2810404M03Rik,2810404M03Rik,0.4575,-1.0593,2.5214,-0.4201,0.6744,0.9995
2810405F15Rik,2810405F15Rik,4.3302,0.8777,0.7695,1.1407,0.254,0.9995
2810408A11Rik,2810408A11Rik,133.6109,0.0984,0.2029,0.4852,0.6275,0.9995
2810408I11Rik,2810408I11Rik,39.2437,-0.2059,0.2698,-0.7632,0.4454,0.9995
2810410L24Rik,2810410L24Rik,76.0022,0.5412,0.3894,1.39,0.1645,0.9995
2810417H13Rik,2810417H13Rik,935.5488,-0.1575,0.6627,-0.2376,0.8122,0.9995
2810428I15Rik,2810428I15Rik,1454.6262,0.1012,0.1122,0.9016,0.3673,0.9995
2810433D01Rik,2810433D01Rik,29.3956,-0.0203,0.2989,-0.0678,0.9459,0.9995
2810442N19Rik,2810442N19Rik,1.5999,-0.0241,1.0746,-0.0224,0.9821,0.9995
2810454H06Rik,2810454H06Rik,16.8102,-0.0885,0.3575,-0.2474,0.8046,0.9995
2810468N07Rik,2810468N07Rik,52.6654,0.1209,0.3887,0.311,0.7558,0.9995
2810474O19Rik,2810474O19Rik,971.5981,0.0187,0.1441,0.13,0.8965,0.9995
2900005J15Rik,2900005J15Rik,3.3225,-0.2668,0.9248,-0.2885,0.7729,0.9995
2900008C10Rik,2900008C10Rik,12.1038,-0.3598,0.4553,-0.7902,0.4294,0.9995
2900009J06Rik,2900009J06Rik,1.3643,2.2034,1.6195,1.3605,0.1737,0.9995
2900011O08Rik,2900011O08Rik,4.0069,0.8237,0.7435,1.1079,0.2679,0.9995
2900026A02Rik,2900026A02Rik,2460.2636,-0.0382,0.1191,-0.321,0.7482,0.9995
2900041M22Rik,2900041M22Rik,40.1252,-0.0013,0.2417,-0.0053,0.9958,0.9995
2900055J20Rik,2900055J20Rik,0.5754,-1.4819,2.449,-0.6051,0.5451,0.9995
2900057B20Rik,2900057B20Rik,11.4245,0.1834,0.4107,0.4466,0.6552,0.9995
2900060B14Rik,2900060B14Rik,0.5709,0.6908,2.5075,0.2755,0.7829,0.9995
2900076A07Rik,2900076A07Rik,106.9842,0.3615,0.2377,1.5211,0.1282,0.9995
2900079G21Rik,2900079G21Rik,3.5502,-0.2326,0.8079,-0.2879,0.7734,0.9995
2900097C17Rik,2900097C17Rik,6591.9953,0.1068,0.153,0.6979,0.4852,0.9995
3000002C10Rik,3000002C10Rik,76.2178,0.026,0.2333,0.1115,0.9113,0.9995
3010001F23Rik,3010001F23Rik,20.3395,-0.1144,0.3306,-0.3461,0.7293,0.9995
3010026O09Rik,3010026O09Rik,202.3424,-0.0568,0.1372,-0.4142,0.6787,0.9995
3110001I22Rik,3110001I22Rik,132.6843,-0.0924,0.1316,-0.7016,0.4829,0.9995
3110002H16Rik,3110002H16Rik,1201.2053,0.0084,0.1046,0.0807,0.9357,0.9995
3110009E18Rik,3110009E18Rik,94.3026,0.0719,0.164,0.4386,0.661,0.9995
3110015C05Rik,3110015C05Rik,1.0307,-0.8464,1.4062,-0.602,0.5472,0.9995
3110021A11Rik,3110021A11Rik,4.2256,1.2442,0.8698,1.4305,0.1526,0.9995
3110021N24Rik,3110021N24Rik,42.1472,-0.1096,0.2738,-0.4002,0.689,0.9995
3110035E14Rik,3110035E14Rik,1.485,-0.2654,1.2106,-0.2192,0.8265,0.9995
3110039I08Rik,3110039I08Rik,1082.9842,-0.011,0.1462,-0.0755,0.9398,0.9995
3110040N11Rik,3110040N11Rik,389.8193,0.1211,0.1105,1.0955,0.2733,0.9995
3110043O21Rik,3110043O21Rik,1279.0059,0.0617,0.1276,0.4835,0.6287,0.9995
3110045C21Rik,3110045C21Rik,7.6634,-0.2541,0.567,-0.4481,0.654,0.9995
3110052M02Rik,3110052M02Rik,15.7735,-0.0369,0.3822,-0.0966,0.9231,0.9995
3110056K07Rik,3110056K07Rik,69.8735,0.5119,0.2884,1.7752,0.0759,0.9995
3110057O12Rik,3110057O12Rik,152.8617,0.0117,0.2018,0.0578,0.9539,0.9995
3110062M04Rik,3110062M04Rik,144.7617,-0.2099,0.1369,-1.5328,0.1253,0.9995
3110070M22Rik,3110070M22Rik,2.3986,-0.0744,1.3599,-0.0547,0.9564,0.9995
3110082I17Rik,3110082I17Rik,554.7902,0.1639,0.1479,1.1079,0.2679,0.9995
3110082J24Rik,3110082J24Rik,1.0282,2.7181,1.6197,1.6781,0.0933,0.9995
3200001D21Rik,3200001D21Rik,22.9662,-0.0173,0.3573,-0.0485,0.9613,0.9995
3300002I08Rik,3300002I08Rik,34.3976,-0.0868,0.26,-0.3337,0.7386,0.9995
3300002P13Rik,3300002P13Rik,21.3959,0.1874,0.3521,0.5322,0.5946,0.9995
3300005D01Rik,3300005D01Rik,1265.3765,-0.0528,0.1116,-0.4734,0.636,0.9995
3425401B19Rik,3425401B19Rik,63.0205,-0.4072,0.2447,-1.6642,0.0961,0.9995
3632451O06Rik,3632451O06Rik,29.8342,0.7292,0.7357,0.9911,0.3216,0.9995
3632454L22Rik,3632454L22Rik,0.4554,-1.0543,2.5226,-0.4179,0.676,0.9995
3830403N18Rik,3830403N18Rik,957.5078,-0.0018,0.181,-0.0097,0.9923,0.9995
3830406C13Rik,3830406C13Rik,533.9468,-0.0417,0.1267,-0.3294,0.7418,0.9995
3830408C21Rik,3830408C21Rik,17.8184,-0.1094,0.3517,-0.311,0.7558,0.9995
3830417A13Rik,3830417A13Rik,10.872,0.3304,0.5484,0.6024,0.5469,0.9995
3830432H09Rik,3830432H09Rik,1.1457,0.1164,1.3265,0.0877,0.9301,0.9995
3930402G23Rik,3930402G23Rik,0.6856,1.0588,2.4631,0.4299,0.6673,0.9995
4430402I18Rik,4430402I18Rik,4.6821,-0.4038,0.6478,-0.6233,0.5331,0.9995
4631405J19Rik,4631405J19Rik,8.5811,0.3357,0.6978,0.4811,0.6305,0.9995
4632404H12Rik,4632404H12Rik,90.0805,0.3636,0.3498,1.0396,0.2985,0.9995
4632415L05Rik,4632415L05Rik,702.116,0.1195,0.2046,0.584,0.5592,0.9995
4632427E13Rik,4632427E13Rik,8.8171,-0.4327,0.5092,-0.8498,0.3954,0.9995
4632428C04Rik,4632428C04Rik,12.1233,-0.5329,0.4454,-1.1966,0.2315,0.9995
4632428N05Rik,4632428N05Rik,3445.0453,-0.0127,0.2009,-0.063,0.9497,0.9995
4732416N19Rik,4732416N19Rik,1.4804,1.0912,1.3803,0.7905,0.4292,0.9995
4732471J01Rik,4732471J01Rik,10.8662,-0.7636,0.4602,-1.6591,0.0971,0.9995
4732491K20Rik,4732491K20Rik,73.0401,-0.2763,0.1884,-1.467,0.1424,0.9995
4831440E17Rik,4831440E17Rik,18.4816,0.7639,0.468,1.6324,0.1026,0.9995
4833412C05Rik,4833412C05Rik,0.343,-0.476,2.6729,-0.1781,0.8587,0.9995
4833415N18Rik,4833415N18Rik,143.3676,-0.3381,0.3829,-0.8829,0.3773,0.9995
4833417C18Rik,4833417C18Rik,15.6226,0.2503,0.5775,0.4335,0.6646,0.9995
4833418N02Rik,4833418N02Rik,79.6168,0.1247,0.2113,0.5903,0.555,0.9995
4833419F23Rik,4833419F23Rik,32.0955,-0.3863,0.3583,-1.0783,0.2809,0.9995
4833420G17Rik,4833420G17Rik,387.7024,0.0506,0.1313,0.3853,0.7,0.9995
4833422C13Rik,4833422C13Rik,22.8777,0.063,0.5238,0.1203,0.9043,0.9995
4833422M21Rik,4833422M21Rik,0.5713,0.2865,2.1114,0.1357,0.8921,0.9995
4833427F10Rik,4833427F10Rik,1.8197,0.2888,1.3149,0.2197,0.8261,0.9995
4833427G06Rik,4833427G06Rik,107.2748,0.1093,0.1648,0.6632,0.5072,0.9995
4833439L19Rik,4833439L19Rik,6790.2924,0.0404,0.0529,0.7643,0.4447,0.9995
4921507L20Rik,4921507L20Rik,30.3687,0.4193,0.3411,1.2292,0.219,0.9995
4921507P07Rik,4921507P07Rik,0.8008,2.2799,1.9104,1.1935,0.2327,0.9995
4921509O07Rik,4921509O07Rik,0.7988,1.399,1.9231,0.7274,0.467,0.9995
4921511C10Rik,4921511C10Rik,1.7178,0.5947,1.1726,0.5072,0.612,0.9995
4921513I03Rik,4921513I03Rik,1.2549,-0.3409,1.3816,-0.2467,0.8051,0.9995
4921524J17Rik,4921524J17Rik,1586.0456,0.1277,0.1271,1.0045,0.3151,0.9995
4921525O09Rik,4921525O09Rik,83.4327,-0.416,0.3589,-1.1591,0.2464,0.9995
4921531C22Rik,4921531C22Rik,42.5137,0.1489,0.2232,0.6673,0.5046,0.9995
4921536K21Rik,4921536K21Rik,72.6917,-0.0548,0.1796,-0.3052,0.7602,0.9995
4930402H24Rik,4930402H24Rik,1331.201,-0.1856,0.0794,-2.3375,0.0194,0.9995
4930404H11Rik,4930404H11Rik,2.0553,-0.5418,1.331,-0.4071,0.6839,0.9995
4930404I05Rik,4930404I05Rik,19.6557,0.2715,0.3618,0.7505,0.4529,0.9995
4930404N11Rik,4930404N11Rik,450.0124,0.1634,0.104,1.5716,0.116,0.9995
4930405A21Rik,4930405A21Rik,7.7607,0.6548,0.5701,1.1484,0.2508,0.9995
4930405O22Rik,4930405O22Rik,0.8006,-0.2727,1.6646,-0.1638,0.8699,0.9995
4930412B13Rik,4930412B13Rik,1.2557,-1.9444,1.5384,-1.2639,0.2063,0.9995
4930412C18Rik,4930412C18Rik,2.2852,0.3704,1.1395,0.3251,0.7451,0.9995
4930413G21Rik,4930413G21Rik,127.5072,-0.1125,0.1395,-0.8067,0.4198,0.9995
4930414N06Rik,4930414N06Rik,0.7973,-0.722,1.729,-0.4176,0.6762,0.9995
4930415O20Rik,4930415O20Rik,14.5226,-0.3652,0.379,-0.9637,0.3352,0.9995
4930417O13Rik,4930417O13Rik,0.915,0.8199,1.8516,0.4428,0.6579,0.9995
4930426L09Rik,4930426L09Rik,17.4929,0.3825,0.4048,0.9449,0.3447,0.9995
4930427A07Rik,4930427A07Rik,363.2386,-0.2043,0.3403,-0.6003,0.5483,0.9995
4930429B21Rik,4930429B21Rik,26.5208,0.1741,0.2717,0.641,0.5215,0.9995
4930429F24Rik,4930429F24Rik,66.6262,0.0797,0.397,0.2007,0.8409,0.9995
4930430F08Rik,4930430F08Rik,403.7996,0.1014,0.1519,0.6677,0.5043,0.9995
4930430J02Rik,4930430J02Rik,0.5713,0.2865,2.1114,0.1357,0.8921,0.9995
4930431P03Rik,4930431P03Rik,1.5896,0.7573,1.8745,0.404,0.6862,0.9995
4930432K21Rik,4930432K21Rik,48.9036,0.053,0.2201,0.2406,0.8098,0.9995
4930443O20Rik,4930443O20Rik,6.5128,0.1395,0.552,0.2528,0.8005,0.9995
4930444M15Rik,4930444M15Rik,0.4578,-2.1968,2.0028,-1.0969,0.2727,0.9995
4930445N18Rik,4930445N18Rik,3.3082,0.4549,0.8436,0.5392,0.5897,0.9995
4930447C04Rik,4930447C04Rik,2.6314,-0.8221,1.1999,-0.6852,0.4932,0.9995
4930447F24Rik,4930447F24Rik,146.1627,0.2276,0.1936,1.1756,0.2397,0.9995
4930447K03Rik,4930447K03Rik,1.0334,-0.8579,1.5791,-0.5433,0.587,0.9995
4930451G09Rik,4930451G09Rik,20.9217,0.0391,0.3209,0.1219,0.903,0.9995
4930452A19Rik,4930452A19Rik,1.4828,1.6653,1.2579,1.3238,0.1856,0.9995
4930452B06Rik,4930452B06Rik,10.6382,-0.6021,0.5099,-1.1806,0.2377,0.9995
4930453N24Rik,4930453N24Rik,969.7415,-0.006,0.1034,-0.0584,0.9534,0.9995
4930455C13Rik,4930455C13Rik,2.396,0.3736,1.0294,0.363,0.7166,0.9995
4930461G14Rik,4930461G14Rik,1.0284,0.958,1.4582,0.657,0.5112,0.9995
4930465K10Rik,4930465K10Rik,2.0534,-0.898,1.2646,-0.7101,0.4776,0.9995
4930467D21Rik,4930467D21Rik,0.9155,-0.5892,1.4994,-0.393,0.6944,0.9995
4930473A02Rik,4930473A02Rik,12.5454,0.435,0.4931,0.8822,0.3777,0.9995
4930474M22Rik,4930474M22Rik,1.3749,3.2369,1.7017,1.9022,0.0571,0.9995
4930479D17Rik,4930479D17Rik,1.83,-0.6174,1.1544,-0.5348,0.5928,0.9995
4930480K23Rik,4930480K23Rik,23.9911,0.0357,0.2816,0.1268,0.8991,0.9995
4930481A15Rik,4930481A15Rik,0.9133,0.1066,1.5896,0.0671,0.9465,0.9995
4930483J18Rik,4930483J18Rik,1.6001,1.341,1.2105,1.1078,0.2679,0.9995
4930483K19Rik,4930483K19Rik,1.2596,-0.9631,1.4448,-0.6666,0.505,0.9995
4930486L24Rik,4930486L24Rik,33.3744,0.2703,0.3007,0.8989,0.3687,0.9995
4930487H11Rik,4930487H11Rik,10.0515,0.0055,0.4451,0.0124,0.9901,0.9995
4930488L21Rik,4930488L21Rik,0.4581,-1.0626,2.0898,-0.5085,0.6111,0.9995
4930503B20Rik,4930503B20Rik,0.9128,-0.1643,1.4282,-0.1151,0.9084,0.9995
4930503E14Rik,4930503E14Rik,1.2537,1.3235,1.5423,0.8581,0.3908,0.9995
4930503L19Rik,4930503L19Rik,377.4971,0.0446,0.1525,0.2925,0.7699,0.9995
4930505A04Rik,4930505A04Rik,2.5177,-0.1652,1.0833,-0.1525,0.8788,0.9995
4930506C21Rik,4930506C21Rik,14.9698,0.0453,0.4625,0.0979,0.922,0.9995
4930507D05Rik,4930507D05Rik,3.5414,1.2743,0.7817,1.6302,0.1031,0.9995
4930509E16Rik,4930509E16Rik,0.572,1.7837,2.341,0.7619,0.4461,0.9995
4930511M06Rik,4930511M06Rik,2.2904,0.9735,1.1384,0.8552,0.3924,0.9995
4930512B01Rik,4930512B01Rik,1.4826,0.0451,1.2155,0.0371,0.9704,0.9995
4930513N10Rik,4930513N10Rik,23.6587,-0.1009,0.3408,-0.296,0.7672,0.9995
4930515B02Rik,4930515B02Rik,0.8031,2.3566,2.3225,1.0147,0.3103,0.9995
4930515G01Rik,4930515G01Rik,33.4107,-0.0557,0.3012,-0.1849,0.8533,0.9995
4930518J21Rik,4930518J21Rik,0.3453,-0.4801,2.6703,-0.1798,0.8573,0.9995
4930520O04Rik,4930520O04Rik,14.8527,0.1495,0.4092,0.3652,0.715,0.9995
4930521E06Rik,4930521E06Rik,0.5743,-1.4785,1.9923,-0.7421,0.458,0.9995
4930523C07Rik,4930523C07Rik,172.8386,-0.0713,0.1611,-0.4426,0.6581,0.9995
4930525D18Rik,4930525D18Rik,0.4579,-1.0624,2.5218,-0.4213,0.6735,0.9995
4930525G20Rik,4930525G20Rik,0.3434,-0.475,2.672,-0.1778,0.8589,0.9995
4930526H09Rik,4930526H09Rik,0.3421,-0.4733,2.6744,-0.177,0.8595,0.9995
4930526I15Rik,4930526I15Rik,187.9065,-0.0726,0.1335,-0.5438,0.5866,0.9995
4930528A17Rik,4930528A17Rik,10.0352,0.3925,0.5479,0.7164,0.4737,0.9995
4930529C04Rik,4930529C04Rik,0.4569,-1.0573,2.5216,-0.4193,0.675,0.9995
4930533B01Rik,4930533B01Rik,0.5694,0.2869,2.111,0.1359,0.8919,0.9995
4930538K18Rik,4930538K18Rik,13.928,0.5892,0.4144,1.4218,0.1551,0.9995
4930539E08Rik,4930539E08Rik,1.2489,0.7175,1.8276,0.3926,0.6946,0.9995
4930539J05Rik,4930539J05Rik,64.458,0.0533,0.2052,0.2598,0.795,0.9995
4930543E12Rik,4930543E12Rik,1.484,1.0917,1.3812,0.7904,0.4293,0.9995
4930544D05Rik,4930544D05Rik,0.5728,0.7125,2.0543,0.3469,0.7287,0.9995
4930544M13Rik,4930544M13Rik,1.0287,-0.8417,1.3541,-0.6216,0.5342,0.9995
4930546C10Rik,4930546C10Rik,0.4556,2.3649,2.4756,0.9553,0.3394,0.9995
4930546K05Rik,4930546K05Rik,0.9117,0.0811,1.9207,0.0422,0.9663,0.9995
4930547E08Rik,4930547E08Rik,0.457,0.21,2.572,0.0817,0.9349,0.9995
4930548H24Rik,4930548H24Rik,1.1422,0.6735,1.5353,0.4386,0.6609,0.9995
4930549G23Rik,4930549G23Rik,7.3189,-0.6796,0.5992,-1.1343,0.2567,0.9995
4930550C14Rik,4930550C14Rik,2.0605,0.0116,0.9746,0.0119,0.9905,0.9995
4930550L24Rik,4930550L24Rik,81.8794,0.1665,0.184,0.905,0.3655,0.9995
4930552P12Rik,4930552P12Rik,1.3651,0.8909,1.3502,0.6598,0.5094,0.9995
4930554I06Rik,4930554I06Rik,0.6809,1.9042,2.424,0.7856,0.4321,0.9995
4930556M19Rik,4930556M19Rik,92.4479,-0.188,0.1853,-1.0144,0.3104,0.9995
4930556N13Rik,4930556N13Rik,0.6907,-0.7874,2.3597,-0.3337,0.7386,0.9995
4930557K07Rik,4930557K07Rik,15.8733,0.3363,0.3822,0.8799,0.3789,0.9995
4930558C23Rik,4930558C23Rik,1.3727,0.9987,1.362,0.7333,0.4634,0.9995
4930558J18Rik,4930558J18Rik,11.9953,0.0753,0.5134,0.1467,0.8834,0.9995
4930562C15Rik,4930562C15Rik,2.6197,0.5165,1.1196,0.4614,0.6445,0.9995
4930562F07Rik,4930562F07Rik,1.2625,0.8808,1.6403,0.5369,0.5913,0.9995
4930563E22Rik,4930563E22Rik,37.7983,-0.142,0.3549,-0.4,0.6891,0.9995
4930565N06Rik,4930565N06Rik,4.0146,-0.6501,0.8226,-0.7903,0.4293,0.9995
4930570G19Rik,4930570G19Rik,1.6061,-0.7262,1.2236,-0.5935,0.5529,0.9995
4930577N17Rik,4930577N17Rik,22.7229,0.3048,0.3122,0.9761,0.329,0.9995
4930578M01Rik,4930578M01Rik,5.4877,-0.0026,0.5968,-0.0043,0.9966,0.9995
4930579G18Rik,4930579G18Rik,154.3402,0.0797,0.2199,0.3625,0.7169,0.9995
4930579G24Rik,4930579G24Rik,313.9779,-0.2432,0.2414,-1.0073,0.3138,0.9995
4930579K19Rik,4930579K19Rik,7.0906,0.4799,0.5436,0.8828,0.3773,0.9995
4930579P08Rik,4930579P08Rik,1.3732,0.0906,1.484,0.0611,0.9513,0.9995
4930581F22Rik,4930581F22Rik,46.3662,0.1633,0.2396,0.6815,0.4956,0.9995
4930590J08Rik,4930590J08Rik,3.2024,-0.3718,0.7701,-0.4828,0.6292,0.9995
4930592A05Rik,4930592A05Rik,2.6272,0.5502,0.9497,0.5793,0.5624,0.9995
4930593A02Rik,4930593A02Rik,2.4073,-0.1202,1.0081,-0.1192,0.9051,0.9995
4930595D18Rik,4930595D18Rik,0.9148,0.6706,1.6634,0.4031,0.6869,0.9995
4930599N23Rik,4930599N23Rik,2.0592,0.0058,1.0677,0.0055,0.9956,0.9995
4931402G19Rik,4931402G19Rik,2.5105,0.7273,0.9857,0.7379,0.4606,0.9995
4931403E22Rik,4931403E22Rik,3.0866,1.2622,0.8835,1.4287,0.1531,0.9995
4931403G20Rik,4931403G20Rik,3.5406,0.4822,0.7633,0.6317,0.5276,0.9995
4931406B18Rik,4931406B18Rik,0.4561,1.0296,2.5436,0.4048,0.6856,0.9995
4931406C07Rik,4931406C07Rik,1895.3673,-0.0256,0.078,-0.328,0.7429,0.9995
4931406H21Rik,4931406H21Rik,0.6896,-2.7868,2.2089,-1.2616,0.2071,0.9995
4931406P16Rik,4931406P16Rik,2331.4798,-0.2541,0.1682,-1.5106,0.1309,0.9995
4931408D14Rik,4931408D14Rik,4.1246,-0.5349,0.7602,-0.7037,0.4817,0.9995
4931414P19Rik,4931414P19Rik,400.3371,0.1675,0.0941,1.7799,0.0751,0.9995
4931428F04Rik,4931428F04Rik,274.2822,-0.1244,0.1628,-0.7639,0.4449,0.9995
4931429L15Rik,4931429L15Rik,0.4599,1.421,2.487,0.5714,0.5677,0.9995
4931431C16Rik,4931431C16Rik,6.2732,0.7902,0.6274,1.2594,0.2079,0.9995
4931440F15Rik,4931440F15Rik,1.6014,1.3986,1.3203,1.0593,0.2894,0.9995
4931440P22Rik,4931440P22Rik,11.4192,0.232,0.4494,0.5162,0.6057,0.9995
4932416H05Rik,4932416H05Rik,134.0213,0.1255,0.2516,0.4988,0.6179,0.9995
4932418E24Rik,4932418E24Rik,0.3423,0.9335,2.6541,0.3517,0.7251,0.9995
4932438A13Rik,4932438A13Rik,1659.6655,-0.0618,0.1668,-0.3707,0.7109,0.9995
4932438H23Rik,4932438H23Rik,1.1424,0.0955,1.5489,0.0616,0.9508,0.9995
4932441J04Rik,4932441J04Rik,7.9884,-0.3138,0.5461,-0.5747,0.5655,0.9995
4932443I19Rik,4932443I19Rik,0.8025,-1.0987,1.5393,-0.7138,0.4754,0.9995
4933400C23Rik,4933400C23Rik,1.2575,-0.9813,1.2782,-0.7677,0.4426,0.9995
4933402D24Rik,4933402D24Rik,7.3211,-0.1272,0.5811,-0.2188,0.8268,0.9995
4933402E13Rik,4933402E13Rik,0.5721,-1.475,1.9925,-0.7403,0.4591,0.9995
4933402J07Rik,4933402J07Rik,0.6852,0.1366,1.7336,0.0788,0.9372,0.9995
4933403O08Rik,4933403O08Rik,0.7988,0.2872,1.7327,0.1658,0.8683,0.9995
4933404O12Rik,4933404O12Rik,547.2538,0.1041,0.0995,1.0462,0.2955,0.9995
4933405D12Rik,4933405D12Rik,1.2536,-0.9652,1.3886,-0.6951,0.487,0.9995
4933405E24Rik,4933405E24Rik,0.6855,-0.7768,1.7368,-0.4473,0.6547,0.9995
4933405L10Rik,4933405L10Rik,2.7451,0.8272,0.9485,0.8721,0.3832,0.9995
4933406C10Rik,4933406C10Rik,12.0151,-0.5831,0.5057,-1.1531,0.2489,0.9995
4933406G16Rik,4933406G16Rik,0.6828,0.8911,2.0448,0.4358,0.663,0.9995
4933406I18Rik,4933406I18Rik,2.2814,0.0234,0.9765,0.0239,0.9809,0.9995
4933407K13Rik,4933407K13Rik,97.7659,0.1901,0.219,0.868,0.3854,0.9995
4933408B17Rik,4933408B17Rik,7.0812,0.983,0.5902,1.6657,0.0958,0.9995
4933408J17Rik,4933408J17Rik,0.573,-0.3621,2.0509,-0.1765,0.8599,0.9995
4933411K16Rik,4933411K16Rik,13.4716,-0.3187,0.5201,-0.6126,0.5401,0.9995
4933412E12Rik,4933412E12Rik,315.9441,-0.1278,0.1106,-1.1558,0.2478,0.9995
4933412O06Rik,4933412O06Rik,0.4594,-1.0672,2.5214,-0.4233,0.6721,0.9995
4933413G19Rik,4933413G19Rik,0.8009,0.2798,1.7329,0.1614,0.8718,0.9995
4933413J09Rik,4933413J09Rik,10.5209,-0.433,0.4441,-0.975,0.3296,0.9995
4933417D19Rik,4933417D19Rik,5.5973,-0.2659,0.6472,-0.4109,0.6812,0.9995
4933417E11Rik,4933417E11Rik,14.3904,-0.1835,0.3859,-0.4754,0.6345,0.9995
4933421O10Rik,4933421O10Rik,102.8803,0.2829,0.2937,0.9631,0.3355,0.9995
4933422A05Rik,4933422A05Rik,1.1501,-1.1011,1.8427,-0.5976,0.5501,0.9995
4933424G06Rik,4933424G06Rik,4.3394,0.9119,0.7585,1.2022,0.2293,0.9995
4933427D14Rik,4933427D14Rik,527.4175,0.0544,0.1024,0.5313,0.5952,0.9995
4933427E11Rik,4933427E11Rik,4.9119,-0.232,0.6435,-0.3606,0.7184,0.9995
4933427G17Rik,4933427G17Rik,3.4323,0.4495,0.7427,0.6053,0.545,0.9995
4933428G20Rik,4933428G20Rik,13.1333,0.0639,0.4274,0.1496,0.8811,0.9995
4933430I17Rik,4933430I17Rik,21.3651,-0.1462,0.3771,-0.3877,0.6982,0.9995
4933431E20Rik,4933431E20Rik,306.5737,-0.0272,0.1403,-0.1942,0.846,0.9995
4933431G14Rik,4933431G14Rik,1.6006,0.7685,1.3294,0.5781,0.5632,0.9995
4933432I09Rik,4933432I09Rik,1.2543,1.4124,1.3704,1.0306,0.3027,0.9995
4933433G15Rik,4933433G15Rik,4.1118,0.2933,0.7295,0.402,0.6877,0.9995
4933433G19Rik,4933433G19Rik,3.6546,0.2639,0.7933,0.3326,0.7394,0.9995
4933433H22Rik,4933433H22Rik,7.8901,0.2588,0.5291,0.4892,0.6247,0.9995
4933434E20Rik,4933434E20Rik,2490.7822,0.039,0.0843,0.4624,0.6438,0.9995
4933438K21Rik,4933438K21Rik,0.7977,1.253,1.7473,0.7171,0.4733,0.9995
4933439C10Rik,4933439C10Rik,47.8466,0.008,0.2733,0.0293,0.9766,0.9995
4933440M02Rik,4933440M02Rik,2.4045,0.0928,1.2397,0.0749,0.9403,0.9995
5031414D18Rik,5031414D18Rik,73.2307,-0.0265,0.2534,-0.1046,0.9167,0.9995
5031425E22Rik,5031425E22Rik,190.7777,-0.0226,0.1706,-0.1324,0.8947,0.9995
5031425F14Rik,5031425F14Rik,1.598,0.3306,1.5089,0.2191,0.8266,0.9995
5031426D15Rik,5031426D15Rik,2.2892,0.317,1.0572,0.2998,0.7643,0.9995
5031434C07Rik,5031434C07Rik,1.0307,1.0928,1.551,0.7046,0.4811,0.9995
5031434O11Rik,5031434O11Rik,8.4407,0.4792,0.6437,0.7445,0.4566,0.9995
5031439G07Rik,5031439G07Rik,4438.9004,-0.0846,0.0857,-0.9869,0.3237,0.9995
5033403F01Rik,5033403F01Rik,6.4078,-0.131,0.6148,-0.2131,0.8312,0.9995
5033406O09Rik,5033406O09Rik,3.1918,0.5765,0.8264,0.6976,0.4854,0.9995
5330411J11Rik,5330411J11Rik,2.6326,-0.006,0.8793,-0.0068,0.9945,0.9995
5330417C22Rik,5330417C22Rik,0.916,1.6548,1.8854,0.8777,0.3801,0.9995
5330426P16Rik,5330426P16Rik,309.362,0.0622,0.1613,0.3858,0.6996,0.9995
5430402O13Rik,5430402O13Rik,4.3387,0.124,0.6919,0.1792,0.8578,0.9995
5430403N17Rik,5430403N17Rik,1.139,0.5437,1.4304,0.3801,0.7039,0.9995
5430405H02Rik,5430405H02Rik,36.0774,0.2601,0.3533,0.7363,0.4615,0.9995
5430416N02Rik,5430416N02Rik,202.9129,0.1541,0.3132,0.492,0.6227,0.9995
5430416O09Rik,5430416O09Rik,1.9434,-0.3987,1.0997,-0.3625,0.717,0.9995
5430419D17Rik,5430419D17Rik,9.0242,0.1379,0.4942,0.279,0.7802,0.9995
5430425K12Rik,5430425K12Rik,0.9145,-0.592,1.599,-0.3702,0.7112,0.9995
5430427O19Rik,5430427O19Rik,2.2901,-0.4638,1.0015,-0.4631,0.6433,0.9995
5430431A17Rik,5430431A17Rik,38.9121,0.4533,0.4893,0.9265,0.3542,0.9995
5430440P10Rik,5430440P10Rik,0.4547,-0.475,2.5082,-0.1894,0.8498,0.9995
5530601H04Rik,5530601H04Rik,408.2998,-0.0469,0.1024,-0.458,0.6469,0.9995
5730403I07Rik,5730403I07Rik,0.5732,-0.3665,1.8103,-0.2024,0.8396,0.9995
5730405O15Rik,5730405O15Rik,10.7492,-0.0919,0.4602,-0.1996,0.8418,0.9995
5730408K05Rik,5730408K05Rik,9.794,1.5726,0.6051,2.5991,0.0093,0.9995
5730409E04Rik,5730409E04Rik,385.2579,0.0381,0.1284,0.2966,0.7668,0.9995
5730420D15Rik,5730420D15Rik,6.1673,0.201,0.6148,0.3268,0.7438,0.9995
5730422E09Rik,5730422E09Rik,2.5077,-0.8082,1.0358,-0.7803,0.4352,0.9995
5730435O14Rik,5730435O14Rik,1.8311,0.3719,1.1228,0.3312,0.7405,0.9995
5730455P16Rik,5730455P16Rik,1490.0031,0.0937,0.1054,0.8885,0.3743,0.9995
5730480H06Rik,5730480H06Rik,19.0976,-0.4307,0.3561,-1.2096,0.2264,0.9995
5730507C01Rik,5730507C01Rik,0.6809,1.9042,2.424,0.7856,0.4321,0.9995
5730508B09Rik,5730508B09Rik,275.1312,0.1381,0.1666,0.8285,0.4074,0.9995
5730559C18Rik,5730559C18Rik,471.4578,0.1641,0.2374,0.6912,0.4895,0.9995
5830411N06Rik,5830411N06Rik,17.8242,0.2884,0.4674,0.6169,0.5373,0.9995
5830415F09Rik,5830415F09Rik,131.9142,0.0596,0.1758,0.3393,0.7344,0.9995
5830416P10Rik,5830416P10Rik,7.6672,-0.6935,0.541,-1.2818,0.1999,0.9995
5830417I10Rik,5830417I10Rik,1087.3328,-0.0791,0.0919,-0.8601,0.3898,0.9995
5830418P13Rik,5830418P13Rik,3.2094,0.5164,0.8409,0.6141,0.5391,0.9995
5830428M24Rik,5830428M24Rik,1.378,0.1001,1.3408,0.0747,0.9405,0.9995
5830432E09Rik,5830432E09Rik,9.8047,0.5236,0.6477,0.8085,0.4188,0.9995
5830454E08Rik,5830454E08Rik,7.0741,0.6748,0.6264,1.0773,0.2813,0.9995
5830473C10Rik,5830473C10Rik,5.3639,0.1031,0.6297,0.1637,0.8699,0.9995
5930430L01Rik,5930430L01Rik,290.5186,0.0965,0.0963,1.0022,0.3163,0.9995
5930438M14Rik,5930438M14Rik,2.0591,-0.5158,0.9627,-0.5358,0.5921,0.9995
6030407O03Rik,6030407O03Rik,0.8044,-0.2891,1.9509,-0.1482,0.8822,0.9995
6030408B16Rik,6030408B16Rik,1.7233,-1.8575,1.4577,-1.2742,0.2026,0.9995
6030419C18Rik,6030419C18Rik,1807.6869,-0.01,0.1816,-0.0551,0.9561,0.9995
6030443J06Rik,6030443J06Rik,13.7112,-0.0768,0.423,-0.1816,0.8559,0.9995
6030458C11Rik,6030458C11Rik,2024.6397,-0.1405,0.1051,-1.3374,0.1811,0.9995
6030468B19Rik,6030468B19Rik,1.1407,-0.0884,1.3088,-0.0676,0.9461,0.9995
6230400D17Rik,6230400D17Rik,21.8002,0.3225,0.4445,0.7255,0.4682,0.9995
6330403A02Rik,6330403A02Rik,8.3316,-0.3979,1.1497,-0.3461,0.7293,0.9995
6330403K07Rik,6330403K07Rik,2.6273,0.1645,0.8883,0.1852,0.8531,0.9995
6330408A02Rik,6330408A02Rik,300.8011,0.0746,0.1087,0.6858,0.4929,0.9995
6330415G19Rik,6330415G19Rik,9.6109,0.1829,0.5015,0.3647,0.7154,0.9995
6330416G13Rik,6330416G13Rik,1148.3227,0.0791,0.2383,0.3318,0.74,0.9995
6330418K02Rik,6330418K02Rik,6.6359,-0.0175,0.5703,-0.0307,0.9755,0.9995
6330549D23Rik,6330549D23Rik,10.3048,0.3057,0.5003,0.611,0.5412,0.9995
6430531B16Rik,6430531B16Rik,11.6502,-0.0252,0.4775,-0.0527,0.9579,0.9995
6430548M08Rik,6430548M08Rik,1297.9342,-0.1499,0.1217,-1.2324,0.2178,0.9995
6430550D23Rik,6430550D23Rik,16.1084,0.1537,0.4187,0.3672,0.7135,0.9995
6430562O15Rik,6430562O15Rik,4.4639,0.0941,0.6944,0.1355,0.8922,0.9995
6430571L13Rik,6430571L13Rik,12.904,-0.3506,0.4209,-0.833,0.4048,0.9995
6430573F11Rik,6430573F11Rik,0.3427,0.9357,2.6531,0.3527,0.7243,0.9995
6430584L05Rik,6430584L05Rik,0.4566,-1.0543,2.5212,-0.4182,0.6758,0.9995
6530402F18Rik,6530402F18Rik,253.4894,-0.0113,0.1621,-0.0698,0.9443,0.9995
6720483E21Rik,6720483E21Rik,3.546,-0.1048,0.7418,-0.1412,0.8877,0.9995
6720489N17Rik,6720489N17Rik,19.9858,0.3025,0.4411,0.6859,0.4928,0.9995
6820431F20Rik,6820431F20Rik,248.9602,0.3692,0.2352,1.5695,0.1165,0.9995
8030423F21Rik,8030423F21Rik,3.5324,0.59,1.1249,0.5245,0.6,0.9995
8030423J24Rik,8030423J24Rik,0.8008,2.3573,2.2117,1.0659,0.2865,0.9995
8030462N17Rik,8030462N17Rik,699.7489,-0.1129,0.1285,-0.8787,0.3796,0.9995
8430408G22Rik,8430408G22Rik,424.1616,-0.3957,0.3002,-1.318,0.1875,0.9995
8430419L09Rik,8430419L09Rik,641.024,-0.0195,0.1345,-0.1454,0.8844,0.9995
8430423G03Rik,8430423G03Rik,17.8107,-0.384,0.3758,-1.0216,0.307,0.9995
8430426J06Rik,8430426J06Rik,3.19,1.2183,0.9182,1.3268,0.1846,0.9995
8430429K09Rik,8430429K09Rik,71.0229,0.1851,0.2353,0.7868,0.4314,0.9995
9030025P20Rik,9030025P20Rik,102.9884,0.2357,0.2258,1.0436,0.2967,0.9995
9030404E10Rik,9030404E10Rik,1.1408,0.0866,1.6142,0.0537,0.9572,0.9995
9030612E09Rik,9030612E09Rik,6.2948,-0.4085,0.6604,-0.6186,0.5362,0.9995
9030617O03Rik,9030617O03Rik,1280.2215,-0.0636,0.1376,-0.4621,0.644,0.9995
9030619P08Rik,9030619P08Rik,0.573,-0.3659,1.8103,-0.2022,0.8398,0.9995
9030624G23Rik,9030624G23Rik,3.9882,0.3226,0.8929,0.3613,0.7179,0.9995
9030624J02Rik,9030624J02Rik,3680.1737,-0.088,0.0871,-1.0103,0.3123,0.9995
9130008F23Rik,9130008F23Rik,64.3211,0.2853,0.2184,1.3062,0.1915,0.9995
9130011E15Rik,9130011E15Rik,964.7758,0.0181,0.0783,0.2309,0.8174,0.9995
9130019O22Rik,9130019O22Rik,114.2789,0.0432,0.16,0.2698,0.7873,0.9995
9130019P16Rik,9130019P16Rik,24.3645,0.2091,0.4068,0.5142,0.6071,0.9995
9130023H24Rik,9130023H24Rik,316.0702,-0.0004,0.1167,-0.0036,0.9972,0.9995
9130024F11Rik,9130024F11Rik,35.4264,0.1357,0.2389,0.5678,0.5701,0.9995
9130204L05Rik,9130204L05Rik,1.1406,1.2045,1.4325,0.8409,0.4004,0.9995
9130221H12Rik,9130221H12Rik,158.5608,0.2337,0.159,1.4695,0.1417,0.9995
9130230L23Rik,9130230L23Rik,3.086,0.3098,0.7827,0.3958,0.6923,0.9995
9130401M01Rik,9130401M01Rik,1404.888,0.0837,0.1452,0.5766,0.5642,0.9995
9230009I02Rik,9230009I02Rik,1.2591,-0.1477,1.3456,-0.1098,0.9126,0.9995
9230110C19Rik,9230110C19Rik,111.4353,-0.1331,0.1948,-0.6834,0.4944,0.9995
9230112J17Rik,9230112J17Rik,5.143,-0.3503,0.6815,-0.514,0.6073,0.9995
9230114K14Rik,9230114K14Rik,59.0985,0.078,0.2368,0.3294,0.7419,0.9995
9230116L04Rik,9230116L04Rik,1.3747,-0.8653,1.2569,-0.6884,0.4912,0.9995
9230116N13Rik,9230116N13Rik,17.4808,-0.1416,0.3976,-0.3562,0.7217,0.9995
9330020H09Rik,9330020H09Rik,57.3025,0.3982,0.3884,1.0253,0.3052,0.9995
9330102E08Rik,9330102E08Rik,156.0067,-0.0212,0.1774,-0.1194,0.9049,0.9995
9330133O14Rik,9330133O14Rik,88.0011,0.511,0.3124,1.6359,0.1019,0.9995
9330136K24Rik,9330136K24Rik,30.8156,0.3263,0.3815,0.8553,0.3924,0.9995
9330151L19Rik,9330151L19Rik,101.1423,0.4287,0.3463,1.238,0.2157,0.9995
9330159F19Rik,9330159F19Rik,351.5369,-0.3241,0.3091,-1.0484,0.2945,0.9995
9330159M07Rik,9330159M07Rik,60.9453,0.4258,0.2902,1.4673,0.1423,0.9995
9330162012Rik,9330162012Rik,2.9732,0.8737,0.9619,0.9083,0.3637,0.9995
9330175E14Rik,9330175E14Rik,2.6277,-0.4606,0.9516,-0.4841,0.6283,0.9995
9330175M20Rik,9330175M20Rik,2.865,-0.0027,0.8783,-0.0031,0.9976,0.9995
9330179D12Rik,9330179D12Rik,1.9375,0.349,1.1407,0.306,0.7596,0.9995
9330182L06Rik,9330182L06Rik,1.3732,-0.0487,1.2012,-0.0405,0.9677,0.9995
9330188P03Rik,9330188P03Rik,0.6826,1.9865,1.9493,1.0191,0.3082,0.9995
9430015G10Rik,9430015G10Rik,620.2803,0.0432,0.1301,0.3324,0.7396,0.9995
9430016H08Rik,9430016H08Rik,748.5104,0.0254,0.0768,0.3308,0.7408,0.9995
9430018G01Rik,9430018G01Rik,22.1882,-0.1601,0.3572,-0.4483,0.6539,0.9995
9430020K01Rik,9430020K01Rik,4747.0163,-0.1503,0.0783,-1.9191,0.055,0.9995
9430037G07Rik,9430037G07Rik,26.5211,0.3949,0.3547,1.1136,0.2655,0.9995
9430038I01Rik,9430038I01Rik,97.1758,-0.161,0.1587,-1.0141,0.3105,0.9995
9430060I03Rik,9430060I03Rik,2.849,1.3277,0.961,1.3817,0.1671,0.9995
9430065F17Rik,9430065F17Rik,1.9408,0.0866,1.2404,0.0698,0.9443,0.9995
9430069I07Rik,9430069I07Rik,1.7117,0.1944,1.1474,0.1694,0.8654,0.9995
9430076C15Rik,9430076C15Rik,3.8951,-0.5678,0.7514,-0.7556,0.4499,0.9995
9430078K24Rik,9430078K24Rik,4.1251,-0.2521,1.0263,-0.2456,0.806,0.9995
9430083A17Rik,9430083A17Rik,7.0888,0.185,0.6215,0.2976,0.766,0.9995
9430091E24Rik,9430091E24Rik,101.0651,0.1076,0.2299,0.4679,0.6398,0.9995
9530020I12Rik,9530020I12Rik,1.1384,0.5482,1.4304,0.3833,0.7015,0.9995
9530027J09Rik,9530027J09Rik,12.5617,0.255,0.4022,0.6342,0.526,0.9995
9530052E02Rik,9530052E02Rik,1.0302,-0.8602,1.5329,-0.5612,0.5747,0.9995
9530053A07Rik,9530053A07Rik,45.8164,0.2836,0.2335,1.2148,0.2245,0.9995
9530068E07Rik,9530068E07Rik,16982.3651,0.028,0.0495,0.5653,0.5718,0.9995
9530077C05Rik,9530077C05Rik,93.283,-0.0502,0.1729,-0.2903,0.7716,0.9995
9530082P21Rik,9530082P21Rik,806.8591,0.1502,0.1106,1.3583,0.1744,0.9995
9530091C08Rik,9530091C08Rik,0.5726,0.7049,2.0546,0.3431,0.7315,0.9995
9630001P10Rik,9630001P10Rik,0.3421,0.9335,2.6545,0.3517,0.7251,0.9995
9630013K17Rik,9630013K17Rik,5.8238,1.2409,0.9192,1.3499,0.177,0.9995
9630028B13Rik,9630028B13Rik,0.8008,-0.273,1.6646,-0.164,0.8697,0.9995
9630028H03Rik,9630028H03Rik,0.9153,-2.2816,1.5931,-1.4322,0.1521,0.9995
9630028I04Rik,9630028I04Rik,12.8988,0.3549,0.9439,0.376,0.7069,0.9995
9830132P13Rik,9830132P13Rik,4.4609,-0.1708,0.8257,-0.2068,0.8362,0.9995
9830147E19Rik,9830147E19Rik,34.6039,-0.2842,0.3167,-0.8973,0.3696,0.9995
9930012K11Rik,9930012K11Rik,345.4155,0.0942,0.1792,0.5256,0.5992,0.9995
9930021J03Rik,9930021J03Rik,732.5498,-0.0505,0.144,-0.3509,0.7256,0.9995
9930104L06Rik,9930104L06Rik,591.4904,0.1797,0.1656,1.0851,0.2779,0.9995
9930111J21Rik1,9930111J21Rik1,8.3475,-0.4958,0.5358,-0.9254,0.3548,0.9995
9930111J21Rik2,9930111J21Rik2,4.1141,-0.847,0.9287,-0.912,0.3618,0.9995
a,a,0.4563,1.4147,2.4898,0.5682,0.5699,0.9995
A130010J15Rik,A130010J15Rik,603.8305,-0.0048,0.0784,-0.0617,0.9508,0.9995
A230001M10Rik,A230001M10Rik,0.4547,-0.475,2.5082,-0.1894,0.8498,0.9995
A230028O05Rik,A230028O05Rik,8.4542,-0.096,0.4813,-0.1995,0.8419,0.9995
A230046K03Rik,A230046K03Rik,2544.7181,0.0726,0.152,0.4774,0.6331,0.9995
A230050P20Rik,A230050P20Rik,463.4286,0.0716,0.1759,0.4069,0.6841,0.9995
A230056J06Rik,A230056J06Rik,2.9659,0.1326,0.9045,0.1466,0.8834,0.9995
A230056P14Rik,A230056P14Rik,56.7616,0.1765,0.264,0.6688,0.5036,0.9995
A230065H16Rik,A230065H16Rik,0.7962,0.3115,1.9698,0.1581,0.8743,0.9995
A230070E04Rik,A230070E04Rik,1.6035,-0.7249,1.2228,-0.5928,0.5533,0.9995
A230072C01Rik,A230072C01Rik,91.6612,0.2201,0.201,1.0952,0.2734,0.9995
A230072E10Rik,A230072E10Rik,0.9105,1.4104,1.761,0.8009,0.4232,0.9995
A230103J11Rik,A230103J11Rik,16.7725,0.4246,0.4065,1.0445,0.2962,0.9995
A230108P19Rik,A230108P19Rik,1.5975,1.9013,1.2652,1.5027,0.1329,0.9995
A330009N23Rik,A330009N23Rik,14.1506,0.0637,0.4049,0.1574,0.8749,0.9995
A330015K06Rik,A330015K06Rik,1.9419,0.818,1.0742,0.7615,0.4463,0.9995
A330023F24Rik,A330023F24Rik,28.3064,0.3034,0.4067,0.7461,0.4556,0.9995
A330035P11Rik,A330035P11Rik,46.1545,-0.0607,0.219,-0.2771,0.7817,0.9995
A330040F15Rik,A330040F15Rik,2.8515,0.092,1.1976,0.0768,0.9388,0.9995
A330041J22Rik,A330041J22Rik,0.7979,1.2524,1.7473,0.7168,0.4735,0.9995
A330069E16Rik,A330069E16Rik,26.7419,0.1665,0.2796,0.5954,0.5516,0.9995
A330074K22Rik,A330074K22Rik,267.0431,-0.4334,0.2002,-2.165,0.0304,0.9995
A330102I10Rik,A330102I10Rik,11.9942,-0.3704,0.4718,-0.7851,0.4324,0.9995
A3galt2,A3galt2,5.0348,0.595,0.7165,0.8304,0.4063,0.9995
A430005L14Rik,A430005L14Rik,658.9111,0.0291,0.075,0.3883,0.6978,0.9995
A430033K04Rik,A430033K04Rik,192.26,-0.1093,0.1958,-0.558,0.5768,0.9995
A430035B10Rik,A430035B10Rik,12.5773,-0.2268,0.3909,-0.5803,0.5617,0.9995
A430046D13Rik,A430046D13Rik,113.7416,0.0721,0.1631,0.442,0.6585,0.9995
A430078I02Rik,A430078I02Rik,18.8648,0.2239,0.3253,0.6884,0.4912,0.9995
A430090L17Rik,A430090L17Rik,0.4587,0.2125,2.147,0.099,0.9211,0.9995
A430093F15Rik,A430093F15Rik,3.0808,-0.4638,0.8566,-0.5414,0.5882,0.9995
A430105I19Rik,A430105I19Rik,2743.8926,-0.0671,0.0778,-0.8626,0.3883,0.9995
A4galt,A4galt,2839.489,0.0036,0.121,0.0296,0.9764,0.9995
A4gnt,A4gnt,2.4047,-1.1814,0.9636,-1.2261,0.2202,0.9995
A530013C23Rik,A530013C23Rik,27.8802,-0.0746,0.2899,-0.2572,0.797,0.9995
A530016L24Rik,A530016L24Rik,1.4829,1.0634,1.1607,0.9161,0.3596,0.9995
A530032D15Rik,A530032D15Rik,20.7064,-0.7428,0.5305,-1.4001,0.1615,0.9995
A530046M15Rik,A530046M15Rik,6.9558,0.0261,0.6222,0.042,0.9665,0.9995
A530064D06Rik,A530064D06Rik,1.3733,-0.0457,1.3211,-0.0346,0.9724,0.9995
A530072M11Rik,A530072M11Rik,30.277,-0.2853,0.2843,-1.0037,0.3155,0.9995
A630001G21Rik,A630001G21Rik,2.6238,0.0148,1.0625,0.014,0.9889,0.9995
A630020A06,A630020A06,0.7994,-0.7177,2.0087,-0.3573,0.7209,0.9995
A630023A22Rik,A630023A22Rik,22.254,0.2308,0.5004,0.4612,0.6446,0.9995
A630033H20Rik,A630033H20Rik,296.8868,0.129,0.1455,0.8862,0.3755,0.9995
A630066F11Rik,A630066F11Rik,13.3634,0.0295,0.4119,0.0717,0.9429,0.9995
A630072M18Rik,A630072M18Rik,124.2587,0.2992,0.2206,1.3562,0.175,0.9995
A630076J17Rik,A630076J17Rik,2.6307,-0.004,0.8645,-0.0047,0.9963,0.9995
A630089N07Rik,A630089N07Rik,10.8564,-0.4361,0.4463,-0.9773,0.3284,0.9995
A630095N17Rik,A630095N17Rik,2.7489,-0.2087,0.8587,-0.2431,0.8079,0.9995
A730004F24Rik,A730004F24Rik,1.0331,0.4119,1.5642,0.2634,0.7923,0.9995
A730017C20Rik,A730017C20Rik,0.3433,0.9378,2.6527,0.3535,0.7237,0.9995
A730017L22Rik,A730017L22Rik,134.8709,0.0443,0.184,0.2411,0.8095,0.9995
A730020E08Rik,A730020E08Rik,3.9903,-0.0213,0.7483,-0.0285,0.9773,0.9995
A730020M07Rik,A730020M07Rik,2.3993,0.5153,0.9923,0.5193,0.6036,0.9995
A730036I17Rik,A730036I17Rik,0.7991,0.2632,1.5864,0.1659,0.8682,0.9995
A730043L09Rik,A730043L09Rik,2.2849,0.1013,1.0573,0.0958,0.9237,0.9995
A730056A06Rik,A730056A06Rik,64.4293,-0.1135,0.2777,-0.4089,0.6826,0.9995
A730085K08Rik,A730085K08Rik,0.4579,-1.0588,2.089,-0.5068,0.6123,0.9995
A730090H04Rik,A730090H04Rik,0.5695,-0.3648,2.5162,-0.145,0.8847,0.9995
A730090N16Rik,A730090N16Rik,8.1161,-0.5018,0.5033,-0.9969,0.3188,0.9995
A830009L08Rik,A830009L08Rik,0.8005,1.3861,1.9945,0.6949,0.4871,0.9995
A830010M20Rik,A830010M20Rik,145.8571,0.1037,0.1705,0.6084,0.5429,0.9995
A830052D11Rik,A830052D11Rik,4.4603,0.1468,0.672,0.2184,0.8271,0.9995
A830080D01Rik,A830080D01Rik,255.6184,-0.1388,0.1812,-0.7659,0.4437,0.9995
A830082K12Rik,A830082K12Rik,122.6987,0.1915,0.2457,0.7793,0.4358,0.9995
A830082N09Rik,A830082N09Rik,67.5588,0.2624,0.2659,0.9869,0.3237,0.9995
A930001C03Rik,A930001C03Rik,9.9432,0.6887,0.502,1.372,0.1701,0.9995
A930003A15Rik,A930003A15Rik,161.2972,-0.017,0.2324,-0.0733,0.9416,0.9995
A930004D18Rik,A930004D18Rik,64.8093,0.0089,0.2457,0.0364,0.971,0.9995
A930005H10Rik,A930005H10Rik,196.6448,0.0412,0.1327,0.3107,0.756,0.9995
A930006K02Rik,A930006K02Rik,6.9599,0.3568,0.5889,0.606,0.5445,0.9995
A930007I19Rik,A930007I19Rik,8.9086,0.3883,0.5775,0.6724,0.5013,0.9995
A930012L18Rik,A930012L18Rik,3.3159,0.0893,0.78,0.1145,0.9089,0.9995
A930013F10Rik,A930013F10Rik,39.3488,-0.1612,0.3138,-0.5137,0.6075,0.9995
A930015D03Rik,A930015D03Rik,228.617,0.2254,0.1486,1.5164,0.1294,0.9995
A930016O22Rik,A930016O22Rik,1.1476,2.9598,1.6858,1.7557,0.0791,0.9995
A930017M01Rik,A930017M01Rik,1.1401,-1.5437,1.4597,-1.0576,0.2902,0.9995
A930018P22Rik,A930018P22Rik,1.0304,-0.2156,1.5738,-0.137,0.8911,0.9995
A930024E05Rik,A930024E05Rik,82.6363,0.6797,0.321,2.1175,0.0342,0.9995
A930041C12Rik,A930041C12Rik,2.5149,-0.1475,0.9265,-0.1592,0.8735,0.9995
AA413626,AA413626,6.5077,0.6493,0.567,1.1451,0.2522,0.9995
AA414768,AA414768,482.4372,-0.0847,0.226,-0.3746,0.7079,0.9995
AA415398,AA415398,57.5626,-0.0471,0.2866,-0.1642,0.8696,0.9995
AA465934,AA465934,144.2599,0.3342,0.2875,1.1626,0.245,0.9995
AA467197,AA467197,32.5479,-0.0092,0.2781,-0.0329,0.9737,0.9995
AA474331,AA474331,69.9076,0.0795,0.1981,0.4014,0.6881,0.9995
AA543186,AA543186,10.9649,0.8594,0.4472,1.9216,0.0547,0.9995
AA986860,AA986860,141.127,0.0303,0.1402,0.2163,0.8288,0.9995
Aaas,Aaas,1561.8828,0.0014,0.1519,0.0094,0.9925,0.9995
Aacs,Aacs,2967.6651,-0.0014,0.1421,-0.0099,0.9921,0.9995
Aadat,Aadat,0.9133,-1.364,1.6022,-0.8513,0.3946,0.9995
Aaed1,Aaed1,1408.2556,-0.0077,0.2195,-0.0352,0.9719,0.9995
Aagab,Aagab,1698.2405,0.1008,0.0835,1.2076,0.2272,0.9995
Aak1,Aak1,3197.9473,-0.1383,0.0959,-1.4417,0.1494,0.9995
Aamdc,Aamdc,1015.3475,0.0823,0.2058,0.3998,0.6893,0.9995
Aamp,Aamp,7662.8027,0.1155,0.1066,1.0833,0.2787,0.9995
Aanat,Aanat,0.5749,0.7104,2.0545,0.3458,0.7295,0.9995
Aar2,Aar2,1746.7387,0.0429,0.0863,0.4968,0.6194,0.9995
Aars,Aars,11332.3405,0.0205,0.1308,0.1566,0.8755,0.9995
Aars2,Aars2,701.3451,-0.0726,0.0975,-0.7441,0.4568,0.9995
Aarsd1,Aarsd1,958.6194,0.0616,0.0812,0.7592,0.4477,0.9995
Aasdh,Aasdh,479.6845,0.0392,0.1148,0.3414,0.7328,0.9995
Aasdhppt,Aasdhppt,1453.9325,0.0304,0.1018,0.2982,0.7656,0.9995
Aatf,Aatf,1537.6104,0.0311,0.0792,0.3921,0.695,0.9995
Aatk,Aatk,8.3364,0.8828,0.7594,1.1625,0.245,0.9995
AB124611,AB124611,52.8926,0.056,0.2203,0.2541,0.7994,0.9995
Abat,Abat,15.0741,-0.1077,0.6089,-0.1769,0.8596,0.9995
Abca1,Abca1,121.7704,0.0004,0.1618,0.0025,0.998,0.9998
Abca12,Abca12,2.8542,-0.1599,0.9178,-0.1742,0.8617,0.9995
Abca13,Abca13,10.9782,-0.0025,0.4367,-0.0057,0.9954,0.9995
Abca17,Abca17,0.8009,-1.0983,1.7127,-0.6413,0.5213,0.9995
Abca2,Abca2,2340.1566,-0.1349,0.099,-1.3619,0.1732,0.9995
Abca3,Abca3,829.2276,-0.0727,0.0882,-0.8243,0.4098,0.9995
Abca4,Abca4,101.728,-0.1552,0.24,-0.6466,0.5179,0.9995
Abca5,Abca5,1354.3518,0.0137,0.2169,0.063,0.9498,0.9995
Abca6,Abca6,11.4354,0.3906,0.4654,0.8394,0.4013,0.9995
Abca7,Abca7,3020.3161,-0.0874,0.1229,-0.7107,0.4773,0.9995
Abca8a,Abca8a,55.6057,-0.5552,0.3298,-1.6834,0.0923,0.9995
Abca8b,Abca8b,377.009,-0.0632,0.1931,-0.3274,0.7434,0.9995
Abca9,Abca9,133.9035,-0.3873,0.3019,-1.2829,0.1995,0.9995
Abcb10,Abcb10,1170.0081,-0.0108,0.0806,-0.134,0.8934,0.9995
Abcb11,Abcb11,0.3423,0.9335,2.6541,0.3517,0.7251,0.9995
Abcb1a,Abcb1a,42.1004,0.047,0.4646,0.1011,0.9195,0.9995
Abcb1b,Abcb1b,741.3347,0.1329,0.2127,0.6248,0.5321,0.9995
Abcb4,Abcb4,1.7148,2.0309,1.2613,1.6102,0.1074,0.9995
Abcb6,Abcb6,1928.599,0.0686,0.0653,1.05,0.2937,0.9995
Abcb7,Abcb7,820.4265,0.1094,0.1949,0.5616,0.5744,0.9995
Abcb8,Abcb8,1088.4772,0.0024,0.0748,0.0317,0.9747,0.9995
Abcb9,Abcb9,50.5773,-0.2926,0.2516,-1.163,0.2448,0.9995
Abcc1,Abcc1,5572.4681,0.0575,0.1643,0.3498,0.7265,0.9995
Abcc10,Abcc10,292.0803,-0.1265,0.0973,-1.3,0.1936,0.9995
Abcc12,Abcc12,7.772,0.1902,0.7013,0.2712,0.7862,0.9995
Abcc3,Abcc3,2.6185,0.856,1.1354,0.7539,0.4509,0.9995
Abcc4,Abcc4,1015.6647,0.1076,0.3801,0.283,0.7772,0.9995
Abcc5,Abcc5,3065.3783,-0.0368,0.0731,-0.5028,0.6151,0.9995
Abcc6,Abcc6,2.2807,0.4516,0.9657,0.4676,0.6401,0.9995
Abcc8,Abcc8,2.0617,0.6727,1.2763,0.5271,0.5982,0.9995
Abcc9,Abcc9,18.9697,0.5557,0.3975,1.3979,0.1621,0.9995
Abcd1,Abcd1,1144.9874,0.0117,0.0694,0.1682,0.8664,0.9995
Abcd2,Abcd2,376.757,0.1747,0.2014,0.8673,0.3858,0.9995
Abcd3,Abcd3,2952.9228,-0.0851,0.0777,-1.0962,0.273,0.9995
Abcd4,Abcd4,1466.6064,-0.0442,0.0726,-0.608,0.5432,0.9995
Abce1,Abce1,9633.9059,0.0483,0.1486,0.3249,0.7452,0.9995
Abcf1,Abcf1,5605.1642,-0.0498,0.0577,-0.8627,0.3883,0.9995
Abcf2,Abcf2,5899.307,0.1141,0.1124,1.0154,0.3099,0.9995
Abcf3,Abcf3,2467.7701,0.0742,0.09,0.8246,0.4096,0.9995
Abcg1,Abcg1,183.008,-0.0721,0.354,-0.2036,0.8386,0.9995
Abcg2,Abcg2,2703.8231,-0.006,0.1387,-0.0433,0.9654,0.9995
Abcg3,Abcg3,0.4591,-2.2002,2.4285,-0.906,0.365,0.9995
Abcg4,Abcg4,50.171,0.142,0.2182,0.6507,0.5153,0.9995
Abcg8,Abcg8,4.2296,-0.0141,0.7338,-0.0191,0.9847,0.9995
Abhd1,Abhd1,39.3864,0.2299,0.2676,0.8592,0.3903,0.9995
Abhd10,Abhd10,453.4083,0.0257,0.1057,0.2426,0.8083,0.9995
Abhd11,Abhd11,689.0786,0.1563,0.1173,1.3324,0.1827,0.9995
Abhd11os,Abhd11os,6.0456,1.1411,0.6995,1.6312,0.1028,0.9995
Abhd12,Abhd12,2728.4236,0.0438,0.1076,0.4068,0.6841,0.9995
Abhd13,Abhd13,1811.0748,0.0451,0.0818,0.5519,0.581,0.9995
Abhd14a,Abhd14a,511.7532,0.098,0.1077,0.91,0.3628,0.9995
Abhd14b,Abhd14b,199.6173,0.0945,0.139,0.6799,0.4966,0.9995
Abhd15,Abhd15,42.7503,0.1102,0.2788,0.3952,0.6927,0.9995
Abhd16a,Abhd16a,1554.6857,-0.0208,0.0691,-0.3014,0.7631,0.9995
Abhd16b,Abhd16b,2.5142,-1.1211,0.9647,-1.1622,0.2452,0.9995
Abhd17a,Abhd17a,2205.8851,0.0196,0.0639,0.3067,0.7591,0.9995
Abhd17b,Abhd17b,1065.4451,0.0861,0.1331,0.6465,0.5179,0.9995
Abhd17c,Abhd17c,1849.2917,-0.0166,0.0541,-0.3069,0.7589,0.9995
Abhd2,Abhd2,1243.5047,-0.2035,0.1066,-1.9102,0.0561,0.9995
Abhd3,Abhd3,19.3182,0.21,0.3309,0.6348,0.5256,0.9995
Abhd4,Abhd4,7128.6412,0.0839,0.0925,0.9075,0.3641,0.9995
Abhd5,Abhd5,2184.5026,0.0389,0.1543,0.2524,0.8008,0.9995
Abhd6,Abhd6,801.0132,-0.0173,0.1073,-0.1615,0.8717,0.9995
Abhd8,Abhd8,2141.517,-0.007,0.0777,-0.0903,0.928,0.9995
Abi1,Abi1,3042.9545,-0.0366,0.0813,-0.4503,0.6525,0.9995
Abi2,Abi2,1208.0328,-0.0393,0.1509,-0.2605,0.7945,0.9995
Abi3,Abi3,25.4326,0.2894,0.4808,0.6018,0.5473,0.9995
Abi3bp,Abi3bp,6.1779,-0.1757,0.6355,-0.2765,0.7822,0.9995
Abl1,Abl1,5727.7179,-0.0579,0.0906,-0.6399,0.5222,0.9995
Abl2,Abl2,2793.1901,-0.0849,0.0898,-0.9461,0.3441,0.9995
Ablim1,Ablim1,9958.5492,-0.1692,0.137,-1.2352,0.2168,0.9995
Ablim2,Ablim2,165.2678,0.1639,0.3282,0.4993,0.6176,0.9995
Ablim3,Ablim3,482.9612,0.1762,0.6874,0.2563,0.7977,0.9995
Abr,Abr,8980.2907,-0.0213,0.0826,-0.2579,0.7965,0.9995
Abra,Abra,323.8138,0.2449,0.4211,0.5817,0.5608,0.9995
Abracl,Abracl,2427.717,-0.0342,0.1618,-0.2111,0.8328,0.9995
Abt1,Abt1,838.165,0.079,0.0977,0.8086,0.4187,0.9995
Abtb1,Abtb1,623.7817,0.1581,0.1581,1.0002,0.3172,0.9995
Abtb2,Abtb2,1033.0709,-0.1345,0.1407,-0.9562,0.339,0.9995
Acaa1a,Acaa1a,1803.5005,0.077,0.1051,0.7326,0.4638,0.9995
Acaa1b,Acaa1b,67.341,0.0039,0.1852,0.0211,0.9831,0.9995
Acaa2,Acaa2,4107.6084,0.0835,0.0945,0.8836,0.3769,0.9995
Acaca,Acaca,3072.8807,-0.0729,0.1478,-0.4932,0.6219,0.9995
Acacb,Acacb,73.3141,-0.189,0.2196,-0.8606,0.3895,0.9995
Acad10,Acad10,272.8027,-0.0738,0.1479,-0.4989,0.6179,0.9995
Acad11,Acad11,1118.8888,-0.1634,0.1021,-1.6007,0.1094,0.9995
Acad12,Acad12,175.2844,-0.127,0.1508,-0.8427,0.3994,0.9995
Acad8,Acad8,1025.4131,0.0248,0.0998,0.2486,0.8037,0.9995
Acad9,Acad9,1901.0907,0.0371,0.0658,0.5636,0.573,0.9995
Acadl,Acadl,6656.6179,0.0214,0.1378,0.1551,0.8767,0.9995
Acadm,Acadm,3954.9495,0.033,0.1104,0.299,0.7649,0.9995
Acads,Acads,2511.7094,0.0756,0.0609,1.2409,0.2146,0.9995
Acadsb,Acadsb,2659.701,-0.0261,0.1815,-0.1441,0.8854,0.9995
Acadvl,Acadvl,4937.1596,0.0516,0.0938,0.5502,0.5822,0.9995
Acap1,Acap1,22.7478,-0.2475,0.3204,-0.7726,0.4398,0.9995
Acap2,Acap2,2450.244,-0.0557,0.1413,-0.3944,0.6933,0.9995
Acap3,Acap3,1418.0613,-0.0666,0.1103,-0.6043,0.5457,0.9995
Acat1,Acat1,2290.0203,-0.0427,0.1683,-0.2536,0.7998,0.9995
Acat2,Acat2,2476.5919,-0.0238,0.1155,-0.2059,0.8369,0.9995
Acat3,Acat3,299.2468,0.3743,0.7501,0.499,0.6178,0.9995
Acbd3,Acbd3,3596.478,-0.1516,0.1143,-1.3262,0.1848,0.9995
Acbd4,Acbd4,1098.4582,0.0397,0.0739,0.5363,0.5918,0.9995
Acbd5,Acbd5,1235.319,0.1039,0.1698,0.6119,0.5406,0.9995
Acbd6,Acbd6,1588.1704,0.0317,0.0759,0.4171,0.6766,0.9995
Acbd7,Acbd7,1.8275,0.7609,1.0127,0.7513,0.4524,0.9995
Accs,Accs,384.3659,-0.0317,0.0887,-0.3575,0.7207,0.9995
Accsl,Accsl,1.4873,0.2027,1.298,0.1562,0.8759,0.9995
Acd,Acd,883.0219,0.0624,0.0961,0.6493,0.5161,0.9995
Ace,Ace,101.4455,0.0269,0.3225,0.0834,0.9335,0.9995
Acer1,Acer1,2.0623,0.0101,1.0685,0.0094,0.9925,0.9995
Acer2,Acer2,9.5956,-0.0937,0.4535,-0.2066,0.8363,0.9995
Acer3,Acer3,535.9799,0.0204,0.089,0.2289,0.8189,0.9995
Ache,Ache,79.2568,0.4469,0.2712,1.6477,0.0994,0.9995
Acin1,Acin1,5321.2858,-0.0482,0.0646,-0.746,0.4557,0.9995
Ackr2,Ackr2,2.1763,-1.3487,1.0783,-1.2508,0.211,0.9995
Ackr3,Ackr3,3450.4243,-0.1719,0.1623,-1.0589,0.2897,0.9995
Ackr4,Ackr4,98.3782,-0.0175,0.2136,-0.0817,0.9349,0.9995
Acly,Acly,7679.5422,-0.0517,0.0974,-0.531,0.5954,0.9995
Acmsd,Acmsd,0.7963,1.2683,1.9636,0.6459,0.5183,0.9995
Aco1,Aco1,2785.8526,0.0396,0.0666,0.5957,0.5514,0.9995
Aco2,Aco2,16118.8944,0.0431,0.092,0.4682,0.6397,0.9995
Acot1,Acot1,491.9347,0.2316,0.1909,1.2134,0.225,0.9995
Acot10,Acot10,4.6769,0.0908,0.8175,0.1111,0.9116,0.9995
Acot11,Acot11,260.117,-0.0362,0.1478,-0.2449,0.8066,0.9995
Acot12,Acot12,5.8392,0.2558,0.7216,0.3544,0.723,0.9995
Acot13,Acot13,1197.7147,0.0484,0.1254,0.3856,0.6998,0.9995
Acot2,Acot2,758.7683,0.1587,0.3702,0.4287,0.6682,0.9995
Acot3,Acot3,1.8251,0.2562,1.0621,0.2413,0.8094,0.9995
Acot4,Acot4,54.6572,0.1754,0.383,0.458,0.6469,0.9995
Acot6,Acot6,135.8625,0.1111,0.1438,0.7729,0.4396,0.9995
Acot7,Acot7,2374.3082,-0.0022,0.0896,-0.0247,0.9803,0.9995
Acot8,Acot8,330.589,0.1569,0.1088,1.4428,0.1491,0.9995
Acot9,Acot9,4511.0002,0.072,0.0629,1.1449,0.2522,0.9995
Acox1,Acox1,5349.309,-0.0274,0.0727,-0.3764,0.7066,0.9995
Acox2,Acox2,31.6624,0.2247,0.288,0.78,0.4354,0.9995
Acox3,Acox3,1819.092,0.0319,0.1632,0.1957,0.8449,0.9995
Acoxl,Acoxl,5.9522,0.0886,0.7342,0.1206,0.904,0.9995
Acp1,Acp1,1099.5831,0.0381,0.0908,0.419,0.6752,0.9995
Acp2,Acp2,2836.8035,0.0348,0.1564,0.2226,0.8238,0.9995
Acp5,Acp5,9.4949,0.0318,0.4929,0.0646,0.9485,0.9995
Acp6,Acp6,815.1686,0.0557,0.0836,0.6665,0.5051,0.9995
Acpp,Acpp,3353.8128,-0.0618,0.1268,-0.4873,0.626,0.9995
Acrbp,Acrbp,58.0703,0.0197,0.2778,0.0708,0.9435,0.9995
Acsbg1,Acsbg1,289.0493,0.1834,0.3227,0.5685,0.5697,0.9995
Acsbg2,Acsbg2,1.6023,0.4118,1.1508,0.3578,0.7205,0.9995
Acsf2,Acsf2,632.1363,0.0841,0.0756,1.1131,0.2657,0.9995
Acsf3,Acsf3,373.4826,0.0985,0.1285,0.7664,0.4434,0.9995
Acsl1,Acsl1,1049.12,-0.0018,0.135,-0.0132,0.9894,0.9995
Acsl3,Acsl3,7076.9127,0.0457,0.162,0.2819,0.778,0.9995
Acsl4,Acsl4,3837.7578,0.0337,0.1926,0.1747,0.8613,0.9995
Acsl5,Acsl5,2637.8372,0.0273,0.1076,0.2535,0.7999,0.9995
Acsl6,Acsl6,696.6275,-0.0445,0.2764,-0.1611,0.872,0.9995
Acsm3,Acsm3,3.5435,0.1552,0.7418,0.2093,0.8342,0.9995
Acss1,Acss1,0.4566,-1.0543,2.5212,-0.4182,0.6758,0.9995
Acss2,Acss2,630.9853,-0.1147,0.0964,-1.1894,0.2343,0.9995
Acss2os,Acss2os,0.9124,-0.0997,1.9551,-0.051,0.9593,0.9995
Acss3,Acss3,3.8793,0.8622,0.7805,1.1047,0.2693,0.9995
Acta1,Acta1,78536.4563,0.1326,0.2584,0.5131,0.6079,0.9995
Acta2,Acta2,78974.2651,0.119,0.3404,0.3494,0.7268,0.9995
Actb,Actb,76346.7215,0.0676,0.1301,0.5198,0.6032,0.9995
Actc1,Actc1,16651.3432,0.1349,0.3927,0.3434,0.7313,0.9995
Actg1,Actg1,54227.0774,0.151,0.111,1.3605,0.1737,0.9995
Actg2,Actg2,3151.8323,0.1844,0.3608,0.511,0.6094,0.9995
Actl10,Actl10,2.3929,1.182,0.9869,1.1977,0.231,0.9995
Actl6a,Actl6a,2513.5513,0.0563,0.0782,0.7206,0.4712,0.9995
Actl7a,Actl7a,0.3421,0.9335,2.6545,0.3517,0.7251,0.9995
Actl9,Actl9,0.6874,-0.7763,1.5987,-0.4856,0.6273,0.9995
Actn1,Actn1,15454.8206,-0.0233,0.0993,-0.2348,0.8143,0.9995
Actn2,Actn2,883.5227,0.6977,0.867,0.8047,0.421,0.9995
Actn3,Actn3,11905.7639,-0.0136,0.2318,-0.0588,0.9531,0.9995
Actn4,Actn4,13188.9166,-0.0746,0.132,-0.5651,0.572,0.9995
Actr10,Actr10,4958.6925,0.0493,0.0639,0.7719,0.4402,0.9995
Actr1a,Actr1a,7977.114,0.0687,0.0749,0.9179,0.3587,0.9995
Actr1b,Actr1b,5619.4783,0.0602,0.0933,0.6456,0.5186,0.9995
Actr2,Actr2,8111.748,-0.0327,0.1305,-0.2504,0.8023,0.9995
Actr3,Actr3,15141.3102,0.0806,0.0752,1.0721,0.2837,0.9995
Actr3b,Actr3b,90.8588,0.0706,0.2409,0.2929,0.7696,0.9995
Actr5,Actr5,309.2737,0.1477,0.1136,1.2998,0.1937,0.9995
Actr6,Actr6,600.4942,-0.025,0.125,-0.2002,0.8413,0.9995
Actr8,Actr8,1955.2249,-0.0247,0.0549,-0.4502,0.6526,0.9995
Acvr1,Acvr1,3913.3111,0.0214,0.0908,0.2351,0.8141,0.9995
Acvr1b,Acvr1b,754.0808,0.0172,0.1959,0.0878,0.93,0.9995
Acvr2a,Acvr2a,693.0273,0.005,0.1152,0.0433,0.9655,0.9995
Acvr2b,Acvr2b,20.0965,0.1606,0.3342,0.4805,0.6309,0.9995
Acvrl1,Acvrl1,80.5061,0.1038,0.256,0.4053,0.6852,0.9995
Acy1,Acy1,334.2213,0.0387,0.113,0.3421,0.7323,0.9995
Acy3,Acy3,154.1021,-0.0298,0.1582,-0.1882,0.8507,0.9995
Acyp1,Acyp1,300.586,-0.0536,0.1195,-0.4484,0.6539,0.9995
Acyp2,Acyp2,145.0602,-0.0983,0.1993,-0.4933,0.6218,0.9995
Ada,Ada,132.4249,0.0506,0.1797,0.2815,0.7783,0.9995
Adal,Adal,459.747,0.0889,0.0766,1.1605,0.2458,0.9995
Adam10,Adam10,4336.7816,-0.1273,0.1253,-1.0159,0.3097,0.9995
Adam11,Adam11,41.7434,-0.2056,0.2437,-0.8436,0.3989,0.9995
Adam12,Adam12,1208.57,-0.0183,0.3993,-0.0458,0.9635,0.9995
Adam15,Adam15,3548.1303,-0.046,0.1238,-0.3714,0.7103,0.9995
Adam17,Adam17,5113.4891,-0.1251,0.1262,-0.9912,0.3216,0.9995
Adam19,Adam19,5319.7223,-0.027,0.1207,-0.2236,0.8231,0.9995
Adam1a,Adam1a,69.8369,-0.0164,0.1947,-0.0841,0.933,0.9995
Adam21,Adam21,6.6313,-0.8119,0.6489,-1.2511,0.2109,0.9995
Adam22,Adam22,13.3799,-0.2292,0.4036,-0.568,0.5701,0.9995
Adam23,Adam23,770.8608,0.1401,0.1205,1.1622,0.2452,0.9995
Adam32,Adam32,5.4838,-0.043,0.6683,-0.0643,0.9488,0.9995
Adam33,Adam33,0.9139,-1.0588,1.5348,-0.6898,0.4903,0.9995
Adam4,Adam4,5.0321,-0.2019,0.7517,-0.2685,0.7883,0.9995
Adam5,Adam5,56.0032,0.1593,0.3169,0.5026,0.6153,0.9995
Adam8,Adam8,303.0295,-0.2106,0.259,-0.8132,0.4161,0.9995
Adam9,Adam9,8804.7258,-0.122,0.1225,-0.9966,0.319,0.9995
Adamts1,Adamts1,1882.7026,-0.219,0.1136,-1.9288,0.0538,0.9995
Adamts10,Adamts10,550.4902,-0.0436,0.2142,-0.2038,0.8385,0.9995
Adamts12,Adamts12,625.0054,-0.0149,0.3932,-0.038,0.9697,0.9995
Adamts13,Adamts13,0.3435,0.9335,2.652,0.352,0.7248,0.9995
Adamts14,Adamts14,2617.9304,-0.0915,0.1458,-0.6275,0.5303,0.9995
Adamts15,Adamts15,92.3887,-0.4867,0.4102,-1.1864,0.2355,0.9995
Adamts16,Adamts16,656.4714,0.3111,0.8302,0.3747,0.7079,0.9995
Adamts17,Adamts17,8.582,0.1773,0.6439,0.2754,0.783,0.9995
Adamts2,Adamts2,5035.3643,-0.0425,0.084,-0.5061,0.6128,0.9995
Adamts20,Adamts20,0.8038,1.3978,1.9232,0.7268,0.4673,0.9995
Adamts3,Adamts3,147.1611,-0.1385,0.1796,-0.7713,0.4405,0.9995
Adamts4,Adamts4,4372.8933,-0.0057,0.0503,-0.113,0.91,0.9995
Adamts5,Adamts5,3701.5602,-0.161,0.1404,-1.1465,0.2516,0.9995
Adamts6,Adamts6,1004.9167,-0.1496,0.165,-0.907,0.3644,0.9995
Adamts7,Adamts7,7699.6306,-0.1044,0.1403,-0.7443,0.4567,0.9995
Adamts8,Adamts8,6.0686,0.1308,0.6131,0.2134,0.831,0.9995
Adamts9,Adamts9,37.1586,-0.7511,0.34,-2.209,0.0272,0.9995
Adamtsl1,Adamtsl1,338.2396,0.1697,0.0946,1.7945,0.0727,0.9995
Adamtsl2,Adamtsl2,264.1404,0.1988,0.8761,0.227,0.8205,0.9995
Adamtsl3,Adamtsl3,1673.8224,-0.2822,0.21,-1.344,0.179,0.9995
Adamtsl4,Adamtsl4,943.6597,-0.0415,0.1277,-0.325,0.7452,0.9995
Adamtsl5,Adamtsl5,2519.2566,0.0166,0.1148,0.145,0.8847,0.9995
Adap1,Adap1,4.452,-0.576,0.8697,-0.6623,0.5078,0.9995
Adap2,Adap2,5.2531,0.87,0.6765,1.286,0.1985,0.9995
Adar,Adar,1995.9892,0.0511,0.1226,0.4167,0.6769,0.9995
Adarb1,Adarb1,2437.9956,-0.0241,0.0965,-0.2492,0.8032,0.9995
Adat1,Adat1,222.4293,0.0201,0.1379,0.1458,0.8841,0.9995
Adat2,Adat2,301.1923,-0.0309,0.1053,-0.2933,0.7693,0.9995
Adat3,Adat3,134.6339,7.3081e-06,0.1246,0.0001,1,1
Adck1,Adck1,2438.7105,0.1795,0.2347,0.7651,0.4442,0.9995
Adck2,Adck2,546.033,0.0427,0.1075,0.3969,0.6914,0.9995
Adck3,Adck3,1199.5422,0.2381,0.2592,0.9185,0.3584,0.9995
Adck4,Adck4,785.7366,-0.0318,0.0678,-0.4691,0.639,0.9995
Adck5,Adck5,1079.059,0.0223,0.1148,0.194,0.8462,0.9995
Adcy1,Adcy1,6.3995,0.1965,0.5853,0.3358,0.737,0.9995
Adcy10,Adcy10,0.9144,0.098,1.636,0.0599,0.9522,0.9995
Adcy3,Adcy3,919.5454,-0.1923,0.1067,-1.8023,0.0715,0.9995
Adcy4,Adcy4,15.7401,0.2912,0.5242,0.5554,0.5786,0.9995
Adcy5,Adcy5,3.4338,-0.5434,0.804,-0.6759,0.4991,0.9995
Adcy6,Adcy6,5053.2274,0.01,0.084,0.1185,0.9057,0.9995
Adcy7,Adcy7,13676.7361,-0.0346,0.2393,-0.1444,0.8852,0.9995
Adcy8,Adcy8,4.2266,1.2749,0.7905,1.6129,0.1068,0.9995
Adcy9,Adcy9,1091.5376,-0.1519,0.0893,-1.7009,0.089,0.9995
Adcyap1r1,Adcyap1r1,6.0616,0.696,0.6545,1.0635,0.2876,0.9995
Add1,Add1,11084.7641,-0.0368,0.0694,-0.5299,0.5962,0.9995
Add2,Add2,75.8083,-0.168,0.2479,-0.6776,0.498,0.9995
Add3,Add3,945.1298,-0.3097,0.16,-1.9348,0.053,0.9995
Adgb,Adgb,3.1915,-0.5205,1.014,-0.5133,0.6077,0.9995
Adgra1,Adgra1,6.3876,0.0116,0.8352,0.0139,0.9889,0.9995
Adgra2,Adgra2,3248.1998,-0.0504,0.0826,-0.6098,0.542,0.9995
Adgra3,Adgra3,3982.3668,-0.0316,0.1041,-0.3037,0.7614,0.9995
Adgrb2,Adgrb2,6.0489,0.2161,0.7856,0.2751,0.7832,0.9995
Adgrd1,Adgrd1,41.1736,-0.2351,0.3343,-0.7033,0.4819,0.9995
Adgre5,Adgre5,9618.3012,-0.0981,0.1714,-0.5723,0.5671,0.9995
Adgrf2,Adgrf2,1.3658,-0.0296,1.5698,-0.0189,0.9849,0.9995
Adgrf3,Adgrf3,11.4332,0.4518,0.5215,0.8664,0.3863,0.9995
Adgrf4,Adgrf4,19.8922,0.4337,0.3621,1.1978,0.231,0.9995
Adgrf5,Adgrf5,36.8565,-0.1547,0.4638,-0.3335,0.7388,0.9995
Adgrg1,Adgrg1,711.4608,0.0237,0.2751,0.0861,0.9314,0.9995
Adgrg2,Adgrg2,296.0703,-0.1969,0.1565,-1.2578,0.2085,0.9995
Adgrg3,Adgrg3,595.7112,0.3381,0.2148,1.5739,0.1155,0.9995
Adgrg5,Adgrg5,5.6976,0.0041,0.9861,0.0042,0.9967,0.9995
Adgrg6,Adgrg6,1908.2541,-0.2711,0.1897,-1.4292,0.1529,0.9995
Adgrl1,Adgrl1,3957.825,-0.1382,0.1286,-1.0752,0.2823,0.9995
Adgrl2,Adgrl2,3750.2809,-0.1179,0.152,-0.7761,0.4377,0.9995
Adgrl3,Adgrl3,565.3839,-0.2683,0.3456,-0.7764,0.4375,0.9995
Adgrl4,Adgrl4,58.7833,-0.1455,0.2527,-0.5759,0.5647,0.9995
Adgrv1,Adgrv1,2.2888,-0.5874,0.9124,-0.6438,0.5197,0.9995
Adh1,Adh1,159.2105,-0.2473,0.1882,-1.314,0.1888,0.9995
Adh4,Adh4,0.3428,-1.7798,2.6044,-0.6834,0.4944,0.9995
Adh5,Adh5,4535.8549,0.0354,0.0836,0.4239,0.6716,0.9995
Adh7,Adh7,873.6783,-0.0609,0.1894,-0.3213,0.748,0.9995
Adhfe1,Adhfe1,26.2561,0.1588,0.346,0.459,0.6463,0.9995
Adi1,Adi1,1175.6129,0.0223,0.1207,0.1851,0.8532,0.9995
Adipoq,Adipoq,1.3695,-0.579,1.2105,-0.4783,0.6325,0.9995
Adipor1,Adipor1,8199.9104,-0.0128,0.0747,-0.1707,0.8644,0.9995
Adipor2,Adipor2,4207.7,0.0312,0.1097,0.2839,0.7765,0.9995
Adk,Adk,2698.2528,-0.0202,0.0773,-0.2619,0.7934,0.9995
Adm,Adm,730.6875,0.1566,0.561,0.2792,0.7801,0.9995
Adm2,Adm2,195.4142,-0.0074,0.4807,-0.0153,0.9878,0.9995
Adnp,Adnp,51.2837,-0.0026,0.2478,-0.0105,0.9916,0.9995
Adnp2,Adnp2,1639.8261,-0.1158,0.0696,-1.6631,0.0963,0.9995
Ado,Ado,2774.5271,-0.0098,0.0465,-0.2098,0.8338,0.9995
Adora1,Adora1,88.7759,0.0893,0.3962,0.2255,0.8216,0.9995
Adora2a,Adora2a,42.6694,0.2669,0.298,0.8958,0.3704,0.9995
Adora2b,Adora2b,771.289,-0.0012,0.2834,-0.0041,0.9967,0.9995
Adpgk,Adpgk,1750.1389,0.1449,0.1682,0.8612,0.3891,0.9995
Adprh,Adprh,4868.7746,0.1124,0.0658,1.7075,0.0877,0.9995
Adprhl1,Adprhl1,198.9622,0.2413,0.3177,0.7596,0.4475,0.9995
Adprhl2,Adprhl2,869.4011,0.0291,0.0833,0.3499,0.7264,0.9995
Adprm,Adprm,726.8609,0.0112,0.1119,0.1005,0.92,0.9995
Adra1b,Adra1b,68.958,0.2749,0.2393,1.1487,0.2507,0.9995
Adra1d,Adra1d,163.5074,-0.2139,0.2785,-0.7681,0.4424,0.9995
Adra2a,Adra2a,2.2808,0.3087,1.4074,0.2194,0.8264,0.9995
Adrb1,Adrb1,14.1767,0.0714,0.4112,0.1736,0.8622,0.9995
Adrb2,Adrb2,529.5443,0.2495,0.1965,1.2699,0.2041,0.9995
Adrb3,Adrb3,0.455,1.0297,2.5451,0.4046,0.6858,0.9995
Adrbk1,Adrbk1,3606.7071,0.0336,0.0819,0.4096,0.6821,0.9995
Adrm1,Adrm1,4026.1169,0.1442,0.0753,1.9161,0.0554,0.9995
Adsl,Adsl,2832.3954,0.1059,0.0712,1.4877,0.1368,0.9995
Adss,Adss,2990.3362,0.018,0.0713,0.2518,0.8012,0.9995
Adssl1,Adssl1,3293.5612,0.1475,0.1638,0.9002,0.368,0.9995
Adtrp,Adtrp,0.9142,-1.36,1.5163,-0.897,0.3697,0.9995
Aebp1,Aebp1,52786.5755,0.0029,0.1371,0.0214,0.9829,0.9995
Aebp2,Aebp2,3795.8533,-0.0438,0.1064,-0.4121,0.6803,0.9995
Aen,Aen,1784.8728,0.2193,0.1403,1.5638,0.1179,0.9995
Aes,Aes,12461.2827,0.0437,0.0809,0.5406,0.5888,0.9995
AF357399,AF357399,16.352,-0.3454,0.3836,-0.9005,0.3679,0.9995
AF529169,AF529169,1.0287,-1.5873,1.9276,-0.8235,0.4102,0.9995
Afap1,Afap1,3978.5211,-0.1143,0.0738,-1.5483,0.1215,0.9995
Afap1l1,Afap1l1,766.7685,0.2663,0.4279,0.6224,0.5337,0.9995
Afap1l2,Afap1l2,1853.121,-0.034,0.0485,-0.7004,0.4837,0.9995
Aff1,Aff1,3150.8858,-0.1322,0.0742,-1.7821,0.0747,0.9995
Aff2,Aff2,1.0305,-0.8561,1.6234,-0.5274,0.5979,0.9995
Aff3,Aff3,85.1165,-0.2308,0.4932,-0.4679,0.6398,0.9995
Aff4,Aff4,6613.4389,-0.1269,0.165,-0.769,0.4419,0.9995
Afg3l1,Afg3l1,2825.3283,-0.0003,0.0692,-0.0049,0.9961,0.9995
Afg3l2,Afg3l2,4588.2176,0.1238,0.2004,0.6178,0.5367,0.9995
Afmid,Afmid,267.047,-0.0722,0.1399,-0.5163,0.6057,0.9995
Afp,Afp,1.0221,2.6439,1.8344,1.4413,0.1495,0.9995
Aftph,Aftph,1476.5696,-0.0558,0.1118,-0.4994,0.6175,0.9995
Aga,Aga,2687.4371,0.0446,0.1252,0.3566,0.7214,0.9995
Agap1,Agap1,3479.8481,-0.3351,0.1845,-1.816,0.0694,0.9995
Agap2,Agap2,72.7363,-0.0971,0.2592,-0.3744,0.7081,0.9995
Agap3,Agap3,3500.7474,0.0416,0.086,0.4831,0.629,0.9995
Agbl2,Agbl2,0.6862,0.1336,1.9711,0.0678,0.9459,0.9995
Agbl3,Agbl3,141.613,-0.176,0.1366,-1.2889,0.1974,0.9995
Agbl5,Agbl5,235.8294,-0.1164,0.1133,-1.0273,0.3043,0.9995
Ager,Ager,14.1807,-0.3631,0.397,-0.9146,0.3604,0.9995
Agfg1,Agfg1,2312.3865,-0.1405,0.0889,-1.5804,0.114,0.9995
Agfg2,Agfg2,643.2649,-0.0048,0.0885,-0.0544,0.9566,0.9995
Aggf1,Aggf1,2192.7432,-0.071,0.1037,-0.6847,0.4936,0.9995
Agk,Agk,800.6563,0.0852,0.1292,0.6593,0.5097,0.9995
Agl,Agl,4365.6115,-0.0404,0.1156,-0.3491,0.727,0.9995
Agmat,Agmat,55.617,0.0222,0.3387,0.0656,0.9477,0.9995
Agmo,Agmo,1.2578,0.3758,1.2989,0.2893,0.7723,0.9995
Ago1,Ago1,2693.8954,-0.0265,0.077,-0.3446,0.7304,0.9995
Ago2,Ago2,2817.24,-0.2393,0.1045,-2.2895,0.022,0.9995
Ago3,Ago3,219.3431,-0.1422,0.1881,-0.7559,0.4497,0.9995
Ago4,Ago4,191.4327,-0.032,0.1391,-0.23,0.8181,0.9995
Agpat1,Agpat1,3169.3105,0.0477,0.1014,0.4707,0.6378,0.9995
Agpat2,Agpat2,1101.5522,0.0709,0.1047,0.6778,0.4979,0.9995
Agpat3,Agpat3,6257.6827,-0.0544,0.0766,-0.7092,0.4782,0.9995
Agpat4,Agpat4,1561.7211,-0.0159,0.0873,-0.1827,0.8551,0.9995
Agpat5,Agpat5,1775.1301,0.0027,0.0643,0.042,0.9665,0.9995
Agpat6,Agpat6,5240.9542,0.0199,0.0756,0.2631,0.7925,0.9995
Agpat9,Agpat9,318.1849,0.1931,0.2756,0.7006,0.4835,0.9995
Agps,Agps,2729.9783,-0.0437,0.1792,-0.2436,0.8075,0.9995
Agrn,Agrn,3127.5571,-0.1507,0.1105,-1.3634,0.1727,0.9995
Agrp,Agrp,9.8283,0.2646,0.4535,0.5834,0.5596,0.9995
Agt,Agt,1.8287,0.1176,1.0574,0.1112,0.9114,0.9995
Agtpbp1,Agtpbp1,1284.2436,-0.0428,0.1406,-0.304,0.7611,0.9995
Agtr1a,Agtr1a,0.7986,0.262,1.5864,0.1652,0.8688,0.9995
Agtrap,Agtrap,1335.9741,-0.0131,0.1297,-0.1006,0.9198,0.9995
Agxt,Agxt,0.3421,0.9335,2.6545,0.3517,0.7251,0.9995
Agxt2,Agxt2,1.4832,-0.265,1.2842,-0.2064,0.8365,0.9995
Ahctf1,Ahctf1,2637.9007,-0.0465,0.1394,-0.3337,0.7386,0.9995
Ahcy,Ahcy,1958.5319,-0.0312,0.1162,-0.268,0.7887,0.9995
Ahcyl1,Ahcyl1,8966.9743,-0.0537,0.0696,-0.7708,0.4409,0.9995
Ahcyl2,Ahcyl2,1340.4832,-0.1569,0.0744,-2.1082,0.035,0.9995
Ahdc1,Ahdc1,2435.0078,-0.2061,0.1544,-1.3346,0.182,0.9995
Ahi1,Ahi1,792.8023,-0.0341,0.0969,-0.3521,0.7248,0.9995
Ahnak,Ahnak,28740.5552,-0.2055,0.1329,-1.5464,0.122,0.9995
Ahr,Ahr,1665.2635,0.0206,0.1439,0.1434,0.886,0.9995
Ahrr,Ahrr,355.5106,0.0276,0.1955,0.1413,0.8876,0.9995
Ahsa1,Ahsa1,6876.1574,0.0707,0.1116,0.6339,0.5262,0.9995
Ahsa2,Ahsa2,1847.6455,-0.0949,0.1658,-0.5725,0.567,0.9995
Ahsg,Ahsg,4.9219,0.5101,0.6662,0.7656,0.4439,0.9995
AI118078,AI118078,0.6879,-2.7837,2.1457,-1.2974,0.1945,0.9995
AI182371,AI182371,3.3149,-0.556,0.7565,-0.735,0.4623,0.9995
AI197445,AI197445,6.0502,0.3389,0.5832,0.581,0.5612,0.9995
AI314180,AI314180,4348.2939,-0.0878,0.0971,-0.9038,0.3661,0.9995
AI317395,AI317395,9.4986,-0.0581,0.5286,-0.1099,0.9125,0.9995
AI413582,AI413582,538.4093,0.0409,0.2752,0.1486,0.8819,0.9995
AI414108,AI414108,9.0344,-0.0662,0.4814,-0.1374,0.8907,0.9995
AI429214,AI429214,270.0318,-0.0328,0.1155,-0.2837,0.7767,0.9995
AI450353,AI450353,27.9803,0.359,0.4136,0.8679,0.3854,0.9995
AI464131,AI464131,2053.058,0.1038,0.1837,0.5648,0.5722,0.9995
AI467606,AI467606,1859.6906,-0.0703,0.0877,-0.8009,0.4232,0.9995
AI504432,AI504432,11.7732,-0.3186,0.4045,-0.7878,0.4308,0.9995
AI506816,AI506816,494.8578,0.1679,0.1774,0.9467,0.3438,0.9995
AI597479,AI597479,2239.9434,-0.0095,0.0715,-0.1334,0.8939,0.9995
AI607873,AI607873,59.7199,0.0294,0.3102,0.0947,0.9246,0.9995
AI661453,AI661453,17.4603,0.5216,0.504,1.035,0.3007,0.9995
AI662270,AI662270,33.6151,-0.3182,0.2607,-1.2206,0.2222,0.9995
AI837181,AI837181,2570.932,0.0311,0.0735,0.4226,0.6726,0.9995
AI839979,AI839979,109.8266,0.1329,0.1556,0.8546,0.3928,0.9995
AI846148,AI846148,1063.674,0.0575,0.0714,0.8059,0.4203,0.9995
AI847159,AI847159,0.5697,-0.3632,2.0514,-0.177,0.8595,0.9995
AI854703,AI854703,2.2869,-0.9177,0.9832,-0.9334,0.3506,0.9995
AI987944,AI987944,233.1657,-0.0308,0.2021,-0.1523,0.8789,0.9995
Aicda,Aicda,11.8697,-0.1502,0.6292,-0.2387,0.8113,0.9995
Aida,Aida,3688.8451,-0.088,0.1186,-0.742,0.4581,0.9995
Aif1,Aif1,4.6856,-0.3103,0.6736,-0.4608,0.645,0.9995
Aif1l,Aif1l,8859.6561,0.0861,0.1327,0.6487,0.5165,0.9995
Aifm1,Aifm1,2410.5775,0.099,0.0749,1.3218,0.1863,0.9995
Aifm2,Aifm2,1247.9303,0.0489,0.1204,0.4058,0.6849,0.9995
Aifm3,Aifm3,0.4592,1.4194,2.4875,0.5706,0.5683,0.9995
Aig1,Aig1,564.201,0.0225,0.2901,0.0776,0.9381,0.9995
Aim1,Aim1,1263.9796,-0.0823,0.0977,-0.8428,0.3993,0.9995
Aim1l,Aim1l,76.7067,0.0351,0.1795,0.1956,0.8449,0.9995
Aim2,Aim2,63.6263,-0.3119,0.4296,-0.7261,0.4678,0.9995
Aimp1,Aimp1,2654.9397,0.0266,0.0456,0.5835,0.5596,0.9995
Aimp2,Aimp2,1664.8605,0.0402,0.0786,0.5119,0.6087,0.9995
Aip,Aip,3809.4915,0.088,0.0793,1.1103,0.2669,0.9995
Aipl1,Aipl1,8.6846,0.1463,0.5645,0.2592,0.7955,0.9995
Aire,Aire,8.5654,-0.9941,0.5315,-1.8706,0.0614,0.9995
Airn,Airn,48.2191,0.0356,0.2456,0.145,0.8847,0.9995
Ajuba,Ajuba,2987.1879,0.0821,0.1784,0.46,0.6455,0.9995
AK010878,AK010878,128.3024,-0.0953,0.1397,-0.6827,0.4948,0.9995
Ak1,Ak1,7300.8332,0.1527,0.0711,2.1459,0.0319,0.9995
Ak2,Ak2,2728.0841,0.0746,0.0869,0.8582,0.3908,0.9995
Ak3,Ak3,3877.2045,0.0185,0.0614,0.3021,0.7626,0.9995
Ak4,Ak4,1642.0444,-0.1094,0.269,-0.4068,0.6841,0.9995
Ak5,Ak5,92.4292,0.0218,0.1634,0.1335,0.8938,0.9995
Ak6,Ak6,674.4674,0.2306,0.1103,2.0905,0.0366,0.9995
Ak8,Ak8,4.6895,-0.1011,0.6677,-0.1514,0.8797,0.9995
Akap1,Akap1,2978.7108,0.1502,0.1459,1.0291,0.3035,0.9995
Akap10,Akap10,997.5901,-0.1444,0.0801,-1.8014,0.0716,0.9995
Akap11,Akap11,2386.7379,-0.0738,0.1921,-0.384,0.701,0.9995
Akap12,Akap12,1107.9196,-0.4571,0.2437,-1.8761,0.0606,0.9995
Akap13,Akap13,4916.6514,-0.1735,0.1303,-1.3317,0.183,0.9995
Akap14,Akap14,0.5703,0.2969,2.5069,0.1184,0.9057,0.9995
Akap17b,Akap17b,210.6079,0.1038,0.1874,0.554,0.5796,0.9995
Akap2,Akap2,1.3631,-0.3055,1.682,-0.1816,0.8559,0.9995
Akap3,Akap3,0.5739,-0.3671,2.4612,-0.1492,0.8814,0.9995
Akap5,Akap5,6.6357,0.1509,0.5775,0.2613,0.7938,0.9995
Akap6,Akap6,2150.669,-0.0887,0.2745,-0.3233,0.7465,0.9995
Akap7,Akap7,880.6633,-0.0711,0.2016,-0.3528,0.7242,0.9995
Akap8,Akap8,2772.3407,-0.0079,0.0635,-0.1238,0.9015,0.9995
Akap8l,Akap8l,1107.2989,-0.0804,0.0998,-0.8059,0.4203,0.9995
Akap9,Akap9,697.673,-0.2591,0.1452,-1.7849,0.0743,0.9995
Akip1,Akip1,142.5879,0.0983,0.1498,0.656,0.5119,0.9995
Akirin1,Akirin1,4986.314,0.0541,0.0571,0.9471,0.3436,0.9995
Akirin2,Akirin2,3120.2968,0.0521,0.0591,0.882,0.3778,0.9995
Akna,Akna,405.555,-0.0495,0.2933,-0.1687,0.866,0.9995
Aknad1,Aknad1,39.144,-0.7325,0.304,-2.4098,0.016,0.9995
Akp3,Akp3,0.6883,0.1371,1.7337,0.0791,0.937,0.9995
Akr1a1,Akr1a1,21964.5644,0.0573,0.0665,0.8609,0.3893,0.9995
Akr1b10,Akr1b10,824.9277,0.0509,0.1128,0.4513,0.6518,0.9995
Akr1b7,Akr1b7,16.2009,0.5616,0.4305,1.3045,0.192,0.9995
Akr1b8,Akr1b8,5084.4788,0.0407,0.1097,0.3712,0.7105,0.9995
Akr1c12,Akr1c12,47.8417,0.0699,0.3616,0.1934,0.8467,0.9995
Akr1c13,Akr1c13,320.7665,0.2658,0.1735,1.5313,0.1257,0.9995
Akr1c14,Akr1c14,334.1439,-0.2993,0.3304,-0.9059,0.365,0.9995
Akr1c18,Akr1c18,0.4563,-1.0536,2.5212,-0.4179,0.676,0.9995
Akr1c21,Akr1c21,0.57,0.2893,2.1112,0.137,0.891,0.9995
Akr1cl,Akr1cl,1.2602,0.3641,1.3569,0.2683,0.7884,0.9995
Akr1e1,Akr1e1,407.641,-0.2057,0.1515,-1.358,0.1745,0.9995
Akr7a5,Akr7a5,1134.33,0.0127,0.0993,0.1277,0.8984,0.9995
Akt1,Akt1,13570.5852,0.0346,0.0665,0.5195,0.6034,0.9995
Akt1s1,Akt1s1,2636.7255,0.0471,0.0826,0.5708,0.5682,0.9995
Akt2,Akt2,7310.9004,0.0263,0.0931,0.2829,0.7773,0.9995
Akt3,Akt3,1973.128,-0.0852,0.1216,-0.7001,0.4838,0.9995
Aktip,Aktip,3025.7002,0.0102,0.0628,0.1631,0.8704,0.9995
Alad,Alad,1766.2011,0.0485,0.0941,0.5151,0.6065,0.9995
Alas1,Alas1,2270.4287,0.0859,0.0801,1.073,0.2833,0.9995
Alas2,Alas2,6.9659,0.4804,0.5444,0.8824,0.3776,0.9995
Alb,Alb,38.6436,0.144,0.2489,0.5786,0.5628,0.9995
Alcam,Alcam,637.6186,0.3466,0.3048,1.1372,0.2555,0.9995
Aldh16a1,Aldh16a1,862.8923,0.0261,0.0935,0.2796,0.7798,0.9995
Aldh18a1,Aldh18a1,5139.0725,-0.0263,0.0874,-0.3013,0.7632,0.9995
Aldh1a1,Aldh1a1,8.0185,0.1451,0.6428,0.2257,0.8215,0.9995
Aldh1a2,Aldh1a2,14.615,0.8567,0.5546,1.5445,0.1225,0.9995
Aldh1a3,Aldh1a3,101.5433,-0.0249,0.329,-0.0757,0.9397,0.9995
Aldh1b1,Aldh1b1,0.7966,-0.7263,1.7288,-0.4201,0.6744,0.9995
Aldh1l1,Aldh1l1,76.7003,-0.0232,0.433,-0.0536,0.9573,0.9995
Aldh1l2,Aldh1l2,4169.2841,-0.0324,0.3362,-0.0962,0.9233,0.9995
Aldh2,Aldh2,12462.9769,-0.0221,0.0854,-0.2583,0.7962,0.9995
Aldh3a1,Aldh3a1,1704.1513,-0.0332,0.1883,-0.1766,0.8598,0.9995
Aldh3a2,Aldh3a2,2984.2648,-0.0519,0.094,-0.5518,0.5811,0.9995
Aldh3b1,Aldh3b1,2613.7814,0.0042,0.1706,0.0248,0.9802,0.9995
Aldh3b2,Aldh3b2,3.7741,0.8737,1.0126,0.8629,0.3882,0.9995
Aldh3b3,Aldh3b3,41.7536,0.5897,0.5458,1.0804,0.2799,0.9995
Aldh4a1,Aldh4a1,686.674,-0.0002,0.1375,-0.0012,0.9991,1
Aldh5a1,Aldh5a1,202.9997,0.0231,0.1288,0.1797,0.8574,0.9995
Aldh6a1,Aldh6a1,937.2195,-0.0489,0.1513,-0.3228,0.7468,0.9995
Aldh7a1,Aldh7a1,1236.4826,0.01,0.0799,0.1253,0.9003,0.9995
Aldh8a1,Aldh8a1,1.4867,-0.096,1.1449,-0.0838,0.9332,0.9995
Aldh9a1,Aldh9a1,2210.7766,-0.0551,0.1316,-0.4187,0.6754,0.9995
Aldoa,Aldoa,67351.0102,-0.0354,0.0977,-0.3626,0.7169,0.9995
Aldoart1,Aldoart1,8.0121,-0.4434,0.5079,-0.8729,0.3827,0.9995
Aldoart2,Aldoart2,0.5722,-0.3701,2.0516,-0.1804,0.8569,0.9995
Aldob,Aldob,2.285,0.2262,0.9553,0.2368,0.8128,0.9995
Aldoc,Aldoc,665.7814,0.0373,0.2589,0.1442,0.8854,0.9995
Alg1,Alg1,1056.8705,0.0165,0.1602,0.1029,0.918,0.9995
Alg10b,Alg10b,1859.4199,-0.0244,0.1965,-0.1244,0.901,0.9995
Alg11,Alg11,1056.9997,-0.0673,0.1131,-0.5947,0.552,0.9995
Alg12,Alg12,744.2848,0.026,0.0966,0.2692,0.7878,0.9995
Alg13,Alg13,446.6553,-0.1081,0.1595,-0.6779,0.4979,0.9995
Alg14,Alg14,801.7699,-0.0401,0.0895,-0.4475,0.6545,0.9995
Alg2,Alg2,2927.5421,-0.0866,0.125,-0.6928,0.4885,0.9995
Alg3,Alg3,715.5032,0.1832,0.0947,1.9339,0.0531,0.9995
Alg5,Alg5,2039.716,0.0714,0.1416,0.5042,0.6141,0.9995
Alg6,Alg6,576.4929,-0.017,0.1187,-0.143,0.8863,0.9995
Alg8,Alg8,626.3613,-0.0011,0.0813,-0.0136,0.9892,0.9995
Alg9,Alg9,1452.9477,0.0003,0.0699,0.0038,0.9969,0.9995
Alk,Alk,0.4551,1.0238,2.5435,0.4025,0.6873,0.9995
Alkbh1,Alkbh1,883.0817,0.0563,0.1077,0.5225,0.6014,0.9995
Alkbh2,Alkbh2,130.4799,0.0099,0.1637,0.0603,0.9519,0.9995
Alkbh3,Alkbh3,1433.9364,0.0392,0.0655,0.5994,0.5489,0.9995
Alkbh4,Alkbh4,236.5609,0.156,0.125,1.2475,0.2122,0.9995
Alkbh5,Alkbh5,11074.4598,-0.0816,0.1569,-0.5201,0.603,0.9995
Alkbh6,Alkbh6,466.4394,0.0858,0.1251,0.6862,0.4926,0.9995
Alkbh7,Alkbh7,336.6294,0.1264,0.0992,1.274,0.2026,0.9995
Alkbh8,Alkbh8,206.1639,0.0701,0.1926,0.364,0.7158,0.9995
Alms1,Alms1,355.9103,-0.2307,0.1424,-1.6203,0.1052,0.9995
Alox12,Alox12,10.6298,0.1287,0.477,0.2698,0.7873,0.9995
Alox12b,Alox12b,1.5975,0.4122,1.0928,0.3772,0.706,0.9995
Alox5,Alox5,7395.8874,-0.0867,0.157,-0.5522,0.5808,0.9995
Alox5ap,Alox5ap,470.8272,-0.0855,0.1461,-0.5854,0.5583,0.9995
Alox8,Alox8,2.8699,-0.4807,0.9675,-0.4968,0.6193,0.9995
Aloxe3,Aloxe3,4.1122,-0.3944,0.7306,-0.5398,0.5894,0.9995
Alpi,Alpi,2.9632,1.1328,0.9084,1.2471,0.2124,0.9995
Alpk1,Alpk1,857.9909,-0.0436,0.1087,-0.4006,0.6887,0.9995
Alpk2,Alpk2,243.2515,-0.126,0.1703,-0.7399,0.4594,0.9995
Alpk3,Alpk3,737.0879,0.0449,0.3124,0.1439,0.8856,0.9995
Alpl,Alpl,5.9324,0.0186,0.6605,0.0282,0.9775,0.9995
Als2,Als2,1263.2981,-0.1147,0.1133,-1.0124,0.3114,0.9995
Als2cl,Als2cl,681.0833,0.0216,0.1412,0.1532,0.8782,0.9995
Als2cr12,Als2cr12,3.6634,-0.7969,0.751,-1.0611,0.2887,0.9995
Alx4,Alx4,1.4871,0.6733,1.171,0.575,0.5653,0.9995
Alyref,Alyref,1834.4216,0.0712,0.126,0.5654,0.5718,0.9995
Alyref2,Alyref2,125.1121,-0.0001,0.1587,-0.0009,0.9993,1
Amacr,Amacr,1897.0312,-0.0306,0.1485,-0.2061,0.8367,0.9995
Ambp,Ambp,1.8309,-0.2335,1.0199,-0.229,0.8189,0.9995
Ambra1,Ambra1,2215.969,-0.0798,0.069,-1.1564,0.2475,0.9995
Amdhd1,Amdhd1,11.7667,0.154,0.4301,0.358,0.7204,0.9995
Amdhd2,Amdhd2,731.8803,0.0442,0.1365,0.324,0.7459,0.9995
Amer1,Amer1,991.0177,0.0335,0.1397,0.2397,0.8105,0.9995
Amfr,Amfr,15784.128,0.0671,0.1143,0.5868,0.5573,0.9995
Amh,Amh,6.8609,0.5695,0.5723,0.9951,0.3197,0.9995
Amhr2,Amhr2,5.9321,0.5798,0.7297,0.7946,0.4268,0.9995
Amigo1,Amigo1,788.4805,-0.0057,0.1351,-0.0422,0.9664,0.9995
Amigo2,Amigo2,204.5875,-0.0133,0.1696,-0.0787,0.9373,0.9995
Amigo3,Amigo3,113.8557,-0.1887,0.1955,-0.9656,0.3342,0.9995
Ammecr1,Ammecr1,810.6839,0.0413,0.2916,0.1415,0.8875,0.9995
Ammecr1l,Ammecr1l,3395.3342,-0.0868,0.0706,-1.2291,0.219,0.9995
Amn,Amn,2.9714,-0.5724,0.9829,-0.5824,0.5603,0.9995
Amn1,Amn1,736.9517,-0.0091,0.0899,-0.1012,0.9194,0.9995
Amot,Amot,1657.4457,-0.0675,0.1766,-0.3823,0.7023,0.9995
Amotl1,Amotl1,5823.9791,-0.1,0.0922,-1.0847,0.278,0.9995
Amotl2,Amotl2,8913.4992,-0.1403,0.1197,-1.1721,0.2412,0.9995
Ampd1,Ampd1,30.206,-0.0096,0.3092,-0.0311,0.9752,0.9995
Ampd2,Ampd2,2130.2032,0.0628,0.0695,0.9032,0.3664,0.9995
Ampd3,Ampd3,3529.6354,0.0468,0.324,0.1446,0.8851,0.9995
Amt,Amt,146.6651,0.2927,0.2931,0.9987,0.318,0.9995
Amy1,Amy1,34.9789,-0.1228,0.4478,-0.2743,0.7838,0.9995
Amz1,Amz1,65.59,0.295,0.4028,0.7324,0.4639,0.9995
Amz2,Amz2,1829.9984,0.0237,0.0539,0.4399,0.66,0.9995
Anapc1,Anapc1,8269.9936,-0.0358,0.0578,-0.6191,0.5358,0.9995
Anapc10,Anapc10,1332.1458,-0.0045,0.1168,-0.0381,0.9696,0.9995
Anapc11,Anapc11,1625.2479,0.0271,0.081,0.3343,0.7382,0.9995
Anapc13,Anapc13,653.4476,0.0441,0.111,0.3969,0.6915,0.9995
Anapc15,Anapc15,302.8267,0.1273,0.1154,1.1031,0.27,0.9995
Anapc16,Anapc16,2270.3083,0.0659,0.0631,1.0442,0.2964,0.9995
Anapc2,Anapc2,6258.5716,-0.0129,0.0684,-0.1884,0.8505,0.9995
Anapc4,Anapc4,3876.7352,0.0062,0.0715,0.0866,0.931,0.9995
Anapc5,Anapc5,9559.2437,-0.0091,0.0642,-0.1423,0.8868,0.9995
Anapc7,Anapc7,2751.8206,0.0707,0.0702,1.0069,0.314,0.9995
Ang,Ang,53.3351,0.0844,0.2971,0.2841,0.7763,0.9995
Ang2,Ang2,15.651,-0.3122,0.5214,-0.5988,0.5493,0.9995
Ang4,Ang4,0.3427,-0.4733,2.6733,-0.177,0.8595,0.9995
Angel1,Angel1,323.5806,-0.0388,0.1006,-0.3853,0.7,0.9995
Angel2,Angel2,2121.4318,-0.0386,0.0684,-0.5639,0.5728,0.9995
Angpt1,Angpt1,3199.9967,0.0982,0.182,0.5394,0.5896,0.9995
Angpt2,Angpt2,62.1544,0.1552,0.1927,0.8056,0.4205,0.9995
Angpt4,Angpt4,790.5569,-0.2168,0.357,-0.6073,0.5437,0.9995
Angptl2,Angptl2,15729.7479,0.0242,0.1315,0.1837,0.8542,0.9995
Angptl4,Angptl4,11915.139,0.047,0.2527,0.1861,0.8524,0.9995
Angptl6,Angptl6,101.0226,0.1811,0.374,0.4841,0.6283,0.9995
Angptl7,Angptl7,307.9019,0.3589,0.7021,0.5112,0.6092,0.9995
Ank,Ank,14193.0802,-0.0107,0.0585,-0.1829,0.8549,0.9995
Ank1,Ank1,1858.1771,-0.0146,0.2369,-0.0616,0.9509,0.9995
Ank2,Ank2,530.794,-0.264,0.2312,-1.1418,0.2535,0.9995
Ank3,Ank3,1652.3089,-0.1531,0.1499,-1.0211,0.3072,0.9995
Ankdd1b,Ankdd1b,87.8698,0.1735,0.1981,0.8755,0.3813,0.9995
Ankef1,Ankef1,0.5729,-1.4755,1.7632,-0.8368,0.4027,0.9995
Ankfn1,Ankfn1,0.6862,0.1336,1.9711,0.0678,0.9459,0.9995
Ankfy1,Ankfy1,4325.2301,-0.1139,0.0655,-1.7391,0.082,0.9995
Ankhd1,Ankhd1,2178.683,-0.1244,0.116,-1.0727,0.2834,0.9995
Ankib1,Ankib1,2211.6273,-0.0634,0.1231,-0.5152,0.6064,0.9995
Ankk1,Ankk1,0.6877,0.1457,1.5903,0.0916,0.927,0.9995
Ankle1,Ankle1,53.7079,-0.2136,0.5248,-0.4069,0.684,0.9995
Ankle2,Ankle2,2258.2655,-0.1087,0.0996,-1.0911,0.2752,0.9995
Ankmy1,Ankmy1,46.6269,0.2897,0.3994,0.7255,0.4682,0.9995
Ankmy2,Ankmy2,852.75,0.0772,0.0679,1.1367,0.2557,0.9995
Ankra2,Ankra2,1011.5245,0.0374,0.0991,0.3776,0.7057,0.9995
Ankrd1,Ankrd1,18771.5658,-0.2477,0.2043,-1.2122,0.2254,0.9995
Ankrd10,Ankrd10,4272.811,0.2277,0.1033,2.2055,0.0274,0.9995
Ankrd11,Ankrd11,3860.3427,-0.1509,0.1047,-1.4419,0.1493,0.9995
Ankrd12,Ankrd12,354.8404,-0.2025,0.1786,-1.1339,0.2568,0.9995
Ankrd13a,Ankrd13a,3130.3414,0.023,0.069,0.3329,0.7392,0.9995
Ankrd13b,Ankrd13b,2038.9282,0.0956,0.1247,0.7662,0.4436,0.9995
Ankrd13c,Ankrd13c,1419.1208,-0.0042,0.1001,-0.0417,0.9667,0.9995
Ankrd13d,Ankrd13d,219.2562,0.0118,0.1626,0.0723,0.9424,0.9995
Ankrd16,Ankrd16,456.6626,0.1657,0.1373,1.2065,0.2276,0.9995
Ankrd17,Ankrd17,5369.7497,-0.1294,0.144,-0.899,0.3686,0.9995
Ankrd2,Ankrd2,778.03,0.1566,0.1619,0.9672,0.3335,0.9995
Ankrd23,Ankrd23,1155.1039,0.1918,0.3426,0.5597,0.5757,0.9995
Ankrd24,Ankrd24,233.8944,-0.029,0.1356,-0.2139,0.8306,0.9995
Ankrd26,Ankrd26,171.6512,0.0198,0.1978,0.0999,0.9204,0.9995
Ankrd27,Ankrd27,1306.1955,0.0681,0.0757,0.8986,0.3689,0.9995
Ankrd28,Ankrd28,2343.2061,0.0662,0.1105,0.5991,0.5491,0.9995
Ankrd29,Ankrd29,89.4547,-0.3548,0.3511,-1.0105,0.3123,0.9995
Ankrd32,Ankrd32,449.8443,0.0024,0.2397,0.0099,0.9921,0.9995
Ankrd33b,Ankrd33b,1139.3422,-0.0757,0.1345,-0.5632,0.5733,0.9995
Ankrd34a,Ankrd34a,117.3367,0.332,0.1494,2.2228,0.0262,0.9995
Ankrd35,Ankrd35,29.6142,-0.1987,0.3969,-0.5006,0.6166,0.9995
Ankrd37,Ankrd37,517.9752,0.0705,0.3924,0.1797,0.8574,0.9995
Ankrd39,Ankrd39,266.4166,0.1586,0.1341,1.1831,0.2368,0.9995
Ankrd40,Ankrd40,5299.0121,-0.012,0.0428,-0.2806,0.779,0.9995
Ankrd42,Ankrd42,146.184,-0.261,0.1393,-1.8731,0.061,0.9995
Ankrd44,Ankrd44,609.3707,-0.1008,0.2106,-0.4787,0.6322,0.9995
Ankrd45,Ankrd45,5.0299,0.3976,0.6165,0.6448,0.519,0.9995
Ankrd46,Ankrd46,4627.6829,0.0264,0.0589,0.4476,0.6545,0.9995
Ankrd49,Ankrd49,410.8796,0.1661,0.1139,1.4579,0.1449,0.9995
Ankrd50,Ankrd50,1745.3638,-0.1148,0.0788,-1.4563,0.1453,0.9995
Ankrd52,Ankrd52,2893.7423,-0.0829,0.0929,-0.8924,0.3722,0.9995
Ankrd53,Ankrd53,7.3256,-0.7397,0.5632,-1.3134,0.189,0.9995
Ankrd54,Ankrd54,915.0667,0.1744,0.1075,1.622,0.1048,0.9995
Ankrd55,Ankrd55,99.2312,-0.0924,0.2369,-0.39,0.6966,0.9995
Ankrd6,Ankrd6,200.5359,-0.1166,0.1729,-0.6742,0.5002,0.9995
Ankrd61,Ankrd61,13.6063,-0.0738,0.4931,-0.1496,0.8811,0.9995
Ankrd63,Ankrd63,1.1423,1.2045,1.3475,0.8939,0.3714,0.9995
Ankrd66,Ankrd66,4.6927,-0.5828,0.712,-0.8186,0.413,0.9995
Ankrd9,Ankrd9,222.1124,0.216,0.1193,1.81,0.0703,0.9995
Anks1,Anks1,917.6075,-0.1097,0.0855,-1.2835,0.1993,0.9995
Anks1b,Anks1b,3.0732,-0.1833,1.0896,-0.1682,0.8664,0.9995
Anks3,Anks3,1181.2399,0.1138,0.1261,0.9021,0.367,0.9995
Anks6,Anks6,244.8101,0.0051,0.1577,0.0326,0.974,0.9995
Ankzf1,Ankzf1,836.7434,0.0196,0.1817,0.1079,0.914,0.9995
Anln,Anln,2510.2996,-0.1852,0.5653,-0.3276,0.7432,0.9995
Ano1,Ano1,219.3868,0.0873,0.3572,0.2445,0.8068,0.9995
Ano10,Ano10,4082.5463,0.0421,0.0962,0.4373,0.6619,0.9995
Ano2,Ano2,0.4566,-1.0584,2.09,-0.5064,0.6126,0.9995
Ano3,Ano3,10.6193,0.1682,0.4979,0.3379,0.7354,0.9995
Ano5,Ano5,1100.5243,-0.2149,0.3659,-0.5873,0.557,0.9995
Ano6,Ano6,7676.0595,-0.0705,0.0674,-1.0465,0.2953,0.9995
Ano7,Ano7,1.0317,-1.5871,1.4614,-1.086,0.2775,0.9995
Ano8,Ano8,2012.6559,-0.0458,0.0655,-0.6991,0.4845,0.9995
Anp32a,Anp32a,3654.3643,-0.015,0.1063,-0.1413,0.8876,0.9995
Anp32b,Anp32b,7602.8223,0.1017,0.1146,0.8882,0.3744,0.9995
Anp32e,Anp32e,6287.4069,-0.0522,0.1491,-0.3505,0.726,0.9995
Anpep,Anpep,7002.0386,0.0292,0.3279,0.089,0.9291,0.9995
Antxr1,Antxr1,5591.4589,-0.0805,0.1578,-0.5099,0.6101,0.9995
Antxr2,Antxr2,4232.5803,-0.1526,0.0976,-1.5635,0.1179,0.9995
Antxrl,Antxrl,4.2185,-0.0281,0.9074,-0.031,0.9753,0.9995
Anxa1,Anxa1,20453.4749,-0.046,0.0492,-0.9345,0.3501,0.9995
Anxa11,Anxa11,2203.7655,-0.0424,0.1658,-0.2557,0.7981,0.9995
Anxa13,Anxa13,4.6976,-0.4384,0.721,-0.608,0.5432,0.9995
Anxa2,Anxa2,31754.9681,0.0352,0.1245,0.2823,0.7777,0.9995
Anxa3,Anxa3,7828.2519,-0.0946,0.0884,-1.0706,0.2844,0.9995
Anxa4,Anxa4,9723.4253,-0.0138,0.081,-0.1699,0.8651,0.9995
Anxa5,Anxa5,15842.4027,-0.0059,0.075,-0.0788,0.9372,0.9995
Anxa6,Anxa6,26260.9812,-0.0282,0.1875,-0.1503,0.8805,0.9995
Anxa7,Anxa7,8630.2351,0.035,0.0753,0.4651,0.6419,0.9995
Anxa8,Anxa8,10033.8681,0.2937,0.3287,0.8935,0.3716,0.9995
Anxa9,Anxa9,110.1953,-0.2421,0.1653,-1.4646,0.143,0.9995
Aoc1,Aoc1,0.344,-0.476,2.6711,-0.1782,0.8586,0.9995
Aoc2,Aoc2,64.1179,0.1907,0.2095,0.9103,0.3627,0.9995
Aoc3,Aoc3,406.3811,-0.1488,0.4506,-0.3302,0.7412,0.9995
Aox1,Aox1,1084.7156,-0.0094,0.0713,-0.1325,0.8946,0.9995
Aox2,Aox2,4.2363,-0.3957,0.7286,-0.543,0.5871,0.9995
Aox3,Aox3,43.533,0.6416,0.5875,1.0921,0.2748,0.9995
Aox4,Aox4,0.7994,-0.2939,1.9503,-0.1507,0.8802,0.9995
Ap1ar,Ap1ar,1608.233,0.0045,0.0963,0.0465,0.9629,0.9995
Ap1b1,Ap1b1,5635.0466,0.0141,0.0742,0.1898,0.8495,0.9995
Ap1g1,Ap1g1,3177.139,-0.0933,0.1054,-0.8855,0.3759,0.9995
Ap1g2,Ap1g2,217.1634,-0.0239,0.1317,-0.1815,0.856,0.9995
Ap1m1,Ap1m1,2923.7695,0.0135,0.0705,0.1913,0.8483,0.9995
Ap1s1,Ap1s1,3743.4893,0.0143,0.0751,0.191,0.8485,0.9995
Ap1s2,Ap1s2,1628.5701,-0.0627,0.0894,-0.7013,0.4831,0.9995
Ap1s3,Ap1s3,52.8023,-0.3138,0.239,-1.3132,0.1891,0.9995
Ap2a1,Ap2a1,3667.3897,0.0617,0.0762,0.8087,0.4187,0.9995
Ap2a2,Ap2a2,6269.6337,0.014,0.0684,0.2041,0.8383,0.9995
Ap2b1,Ap2b1,9098.4892,-0.0754,0.0623,-1.211,0.2259,0.9995
Ap2m1,Ap2m1,10954.4558,0.139,0.0842,1.6515,0.0986,0.9995
Ap2s1,Ap2s1,2047.8268,0.0351,0.0751,0.4672,0.6403,0.9995
Ap3b1,Ap3b1,3296.3203,-0.1775,0.0721,-2.4628,0.0138,0.9995
Ap3d1,Ap3d1,6033.4177,-0.0897,0.0725,-1.2374,0.216,0.9995
Ap3m1,Ap3m1,2772.9931,-0.0714,0.111,-0.6432,0.5201,0.9995
Ap3m2,Ap3m2,771.5014,-0.0508,0.0879,-0.5777,0.5634,0.9995
Ap3s1,Ap3s1,6093.3771,0.0768,0.2498,0.3076,0.7584,0.9995
Ap3s2,Ap3s2,1998.6486,0.0229,0.0545,0.4212,0.6736,0.9995
Ap4b1,Ap4b1,909.554,0.0218,0.0852,0.2561,0.7979,0.9995
Ap4e1,Ap4e1,1021.559,-0.0321,0.1741,-0.1842,0.8539,0.9995
Ap4m1,Ap4m1,489.2825,0.0998,0.1112,0.8977,0.3693,0.9995
Ap4s1,Ap4s1,368.1947,0.0903,0.0843,1.0719,0.2837,0.9995
Ap5b1,Ap5b1,256.446,-0.007,0.126,-0.0556,0.9556,0.9995
Ap5m1,Ap5m1,411.0426,-0.0662,0.1379,-0.48,0.6312,0.9995
Ap5s1,Ap5s1,736.3476,0.0953,0.1287,0.7403,0.4591,0.9995
Ap5z1,Ap5z1,650.0383,-0.0642,0.1621,-0.3959,0.6922,0.9995
Apaf1,Apaf1,1268.4145,-0.1631,0.1204,-1.3542,0.1757,0.9995
Apba1,Apba1,108.8674,-0.0167,0.2065,-0.0807,0.9357,0.9995
Apba3,Apba3,2382.3812,-0.0197,0.1112,-0.1773,0.8593,0.9995
Apbb1,Apbb1,1723.0046,0.0177,0.0731,0.242,0.8088,0.9995
Apbb1ip,Apbb1ip,1933.5695,-0.0654,0.1027,-0.6368,0.5242,0.9995
Apbb2,Apbb2,3070.5381,-0.1743,0.1167,-1.4939,0.1352,0.9995
Apbb3,Apbb3,515.0433,-0.0158,0.1597,-0.0986,0.9214,0.9995
Apc,Apc,1524.7635,-0.1127,0.1459,-0.7724,0.4399,0.9995
Apc2,Apc2,128.8152,-0.4721,0.2356,-2.0035,0.0451,0.9995
Apcdd1,Apcdd1,299.7709,-0.0343,0.2095,-0.1636,0.87,0.9995
Apeh,Apeh,2371.7359,0.0068,0.0645,0.106,0.9156,0.9995
Apex1,Apex1,600.4114,0.2787,0.1677,1.6614,0.0966,0.9995
Apex2,Apex2,304.1739,0.105,0.1247,0.842,0.3998,0.9995
Aph1a,Aph1a,2532.6945,0.2835,0.2174,1.3039,0.1923,0.9995
Aph1b,Aph1b,776.3542,-0.0383,0.0841,-0.4554,0.6488,0.9995
Aph1c,Aph1c,84.6209,-0.239,0.1926,-1.2406,0.2148,0.9995
Api5,Api5,6814.106,-0.0081,0.0588,-0.1372,0.8908,0.9995
Apip,Apip,536.2204,0.0484,0.1174,0.412,0.6804,0.9995
Apitd1,Apitd1,158.4236,-0.0855,0.2084,-0.4102,0.6817,0.9995
Aplf,Aplf,546.6826,-0.0378,0.0884,-0.4272,0.6693,0.9995
Apln,Apln,2868.9482,-0.0656,0.383,-0.1713,0.864,0.9995
Aplnr,Aplnr,74.1678,0.1786,0.6557,0.2723,0.7854,0.9995
Aplp1,Aplp1,912.7527,0.1123,0.1163,0.9658,0.3341,0.9995
Aplp2,Aplp2,11715.0805,-0.1039,0.1143,-0.9092,0.3633,0.9995
Apmap,Apmap,1906.3962,0.0883,0.0656,1.3445,0.1788,0.9995
Apoa1,Apoa1,2.0587,0.3244,1.3892,0.2335,0.8154,0.9995
Apoa1bp,Apoa1bp,1981.5377,0.0719,0.0812,0.8855,0.3759,0.9995
Apoa2,Apoa2,0.9134,0.1021,1.6358,0.0624,0.9502,0.9995
Apoa4,Apoa4,0.6857,1.9901,1.9489,1.0211,0.3072,0.9995
Apoa5,Apoa5,3.5348,-0.3733,0.8308,-0.4494,0.6532,0.9995
Apob,Apob,3.0874,0.3101,0.7731,0.4011,0.6884,0.9995
Apobec1,Apobec1,663.1073,0.2289,0.2801,0.8171,0.4138,0.9995
Apobec2,Apobec2,1473.5811,0.1363,0.277,0.4921,0.6226,0.9995
Apobec3,Apobec3,951.1406,0.0101,0.0842,0.1203,0.9043,0.9995
Apobr,Apobr,211.5561,0.0139,0.2823,0.0492,0.9608,0.9995
Apoc1,Apoc1,7.3143,0.4892,0.5678,0.8616,0.3889,0.9995
Apod,Apod,88.4389,0.0619,0.3451,0.1794,0.8576,0.9995
Apoe,Apoe,1606.0938,0.0591,0.161,0.3672,0.7135,0.9995
Apof,Apof,4.3501,0.374,0.6859,0.5453,0.5855,0.9995
Apoh,Apoh,14.054,0.1793,0.3791,0.4728,0.6363,0.9995
Apol10b,Apol10b,441.1731,0.0479,0.3164,0.1514,0.8797,0.9995
Apol11b,Apol11b,6.4025,-0.4516,0.6692,-0.6749,0.4997,0.9995
Apol6,Apol6,105.5955,-0.1389,0.3104,-0.4474,0.6546,0.9995
Apol7a,Apol7a,29.8487,-0.3371,0.3242,-1.0399,0.2984,0.9995
Apol7d,Apol7d,10.8504,0.4081,0.4335,0.9414,0.3465,0.9995
Apol8,Apol8,34.4375,-0.4035,0.2851,-1.4152,0.157,0.9995
Apol9a,Apol9a,392.6907,-0.2884,0.3081,-0.936,0.3493,0.9995
Apol9b,Apol9b,490.8359,-0.2351,0.3005,-0.7825,0.4339,0.9995
Apold1,Apold1,18.393,0.2835,0.3474,0.816,0.4145,0.9995
Apom,Apom,5.949,-0.3437,0.5875,-0.5851,0.5585,0.9995
Apon,Apon,3.6547,0.5571,0.872,0.6389,0.5229,0.9995
Apoo,Apoo,104.2594,0.131,0.1901,0.6888,0.4909,0.9995
Apool,Apool,1134.5432,-0.007,0.1266,-0.0553,0.9559,0.9995
Apopt1,Apopt1,1085.4021,0.1021,0.074,1.3798,0.1676,0.9995
App,App,28004.0412,-0.0867,0.0593,-1.4633,0.1434,0.9995
Appbp2,Appbp2,1070.3453,-0.0807,0.1101,-0.7327,0.4638,0.9995
Appbp2os,Appbp2os,5.1438,-0.2957,0.6071,-0.4871,0.6262,0.9995
Appl1,Appl1,1668.9139,0.0477,0.216,0.2209,0.8252,0.9995
Appl2,Appl2,2009.7842,-0.0858,0.1285,-0.668,0.5041,0.9995
Aprt,Aprt,2583.1823,0.0465,0.0998,0.4664,0.641,0.9995
Aptx,Aptx,1107.7299,-0.0192,0.0664,-0.2897,0.772,0.9995
Aqp1,Aqp1,3567.2928,-0.1723,0.1551,-1.1106,0.2667,0.9995
Aqp11,Aqp11,10.2927,0.2917,0.4871,0.5988,0.5493,0.9995
Aqp2,Aqp2,10.4996,0.9946,0.4558,2.1821,0.0291,0.9995
Aqp3,Aqp3,1.4831,0.049,1.2459,0.0393,0.9686,0.9995
Aqp5,Aqp5,7501.4746,0.0994,0.1062,0.9354,0.3496,0.9995
Aqp7,Aqp7,0.4592,1.4195,2.4875,0.5706,0.5682,0.9995
Aqp9,Aqp9,5.9416,-0.1579,0.923,-0.1711,0.8642,0.9995
Aqr,Aqr,2839.3561,-0.0381,0.0617,-0.6163,0.5377,0.9995
Ar,Ar,103.0227,-0.6261,0.3747,-1.6711,0.0947,0.9995
Araf,Araf,3479.5494,-0.0235,0.0713,-0.3295,0.7418,0.9995
Arap1,Arap1,1931.9287,-0.1356,0.0928,-1.4609,0.144,0.9995
Arap2,Arap2,64.7709,0.1803,0.2513,0.7177,0.4729,0.9995
Arap3,Arap3,112.1913,-0.0703,0.2104,-0.3341,0.7383,0.9995
Arc,Arc,53.6129,-0.3793,0.4823,-0.7863,0.4317,0.9995
Arcn1,Arcn1,12371.153,-0.0706,0.0745,-0.9472,0.3435,0.9995
Areg,Areg,100.3747,-0.1957,0.2256,-0.8675,0.3857,0.9995
Arel1,Arel1,2633.1587,-0.0317,0.0507,-0.6253,0.5318,0.9995
Arf1,Arf1,22190.5822,0.0553,0.0593,0.9325,0.3511,0.9995
Arf2,Arf2,3971.7318,-0.0202,0.0734,-0.2755,0.7829,0.9995
Arf3,Arf3,9671.3872,0.0173,0.0943,0.1832,0.8547,0.9995
Arf4,Arf4,16733.1724,0.0018,0.0387,0.0457,0.9635,0.9995
Arf5,Arf5,2946.0797,0.0919,0.1051,0.8743,0.382,0.9995
Arf6,Arf6,4707.7555,-0.0208,0.0896,-0.2316,0.8169,0.9995
Arfgap1,Arfgap1,3436.0789,-0.0638,0.0935,-0.6824,0.495,0.9995
Arfgap2,Arfgap2,4123.3704,0.083,0.0595,1.396,0.1627,0.9995
Arfgap3,Arfgap3,6344.8107,-0.0159,0.0656,-0.2418,0.8089,0.9995
Arfgef1,Arfgef1,2395.7575,0.0427,0.1433,0.2982,0.7656,0.9995
Arfgef2,Arfgef2,3059.4574,-0.0442,0.1654,-0.2671,0.7894,0.9995
Arfgef3,Arfgef3,0.8056,-0.3053,2.3875,-0.1279,0.8982,0.9995
Arfip1,Arfip1,4295.9483,-0.0764,0.1349,-0.5664,0.5712,0.9995
Arfip2,Arfip2,1908.9764,0.0391,0.0745,0.5242,0.6001,0.9995
Arfrp1,Arfrp1,1255.0502,0.1243,0.1014,1.2257,0.2203,0.9995
Arg1,Arg1,18.004,0.7035,0.7228,0.9733,0.3304,0.9995
Arg2,Arg2,6.1472,0.8897,0.7198,1.236,0.2164,0.9995
Arglu1,Arglu1,1616.5087,0.0826,0.0993,0.8319,0.4055,0.9995
Arhgap1,Arhgap1,4847.9452,0.024,0.092,0.2613,0.7939,0.9995
Arhgap10,Arhgap10,2797.972,-0.0748,0.0896,-0.8357,0.4033,0.9995
Arhgap11a,Arhgap11a,1227.9976,-0.2014,0.3642,-0.553,0.5802,0.9995
Arhgap12,Arhgap12,1108.0449,-0.0275,0.1498,-0.1839,0.8541,0.9995
Arhgap17,Arhgap17,1312.6419,-0.0908,0.1008,-0.9011,0.3675,0.9995
Arhgap18,Arhgap18,731.4528,-0.2394,0.1524,-1.5711,0.1162,0.9995
Arhgap19,Arhgap19,366.0972,-0.2176,0.2895,-0.7517,0.4522,0.9995
Arhgap20,Arhgap20,2.4019,-0.569,0.9214,-0.6176,0.5368,0.9995
Arhgap21,Arhgap21,2989.9059,-0.1885,0.1522,-1.2388,0.2154,0.9995
Arhgap22,Arhgap22,2549.744,-0.0625,0.1069,-0.5845,0.5589,0.9995
Arhgap23,Arhgap23,3358.7561,-0.0481,0.0494,-0.9737,0.3302,0.9995
Arhgap24,Arhgap24,1761.7706,0.0174,0.1334,0.1305,0.8962,0.9995
Arhgap25,Arhgap25,0.6853,-0.7765,1.7368,-0.4471,0.6548,0.9995
Arhgap26,Arhgap26,124.7003,0.0446,0.2882,0.1548,0.877,0.9995
Arhgap27,Arhgap27,13.9474,0.2368,0.3953,0.599,0.5492,0.9995
Arhgap28,Arhgap28,2455.3686,0.0046,0.1206,0.038,0.9697,0.9995
Arhgap29,Arhgap29,3799.6271,-0.2313,0.1837,-1.2593,0.2079,0.9995
Arhgap30,Arhgap30,1.5994,1.2687,1.3824,0.9177,0.3588,0.9995
Arhgap31,Arhgap31,2224.0498,-0.2093,0.0966,-2.1671,0.0302,0.9995
Arhgap32,Arhgap32,705.7506,-0.1494,0.1276,-1.1711,0.2416,0.9995
Arhgap33,Arhgap33,189.29,-0.1386,0.1292,-1.0724,0.2835,0.9995
Arhgap35,Arhgap35,4869.1311,-0.1698,0.0739,-2.2969,0.0216,0.9995
Arhgap39,Arhgap39,782.8318,0.0361,0.0737,0.4895,0.6245,0.9995
Arhgap4,Arhgap4,10.9904,-0.529,0.4621,-1.1449,0.2523,0.9995
Arhgap42,Arhgap42,2596.9513,0.0055,0.2112,0.026,0.9793,0.9995
Arhgap44,Arhgap44,622.4568,0.0835,0.2092,0.3991,0.6898,0.9995
Arhgap5,Arhgap5,983.2014,-0.2617,0.0991,-2.64,0.0083,0.9995
Arhgap6,Arhgap6,20.3775,-0.5358,0.4804,-1.1152,0.2648,0.9995
Arhgap8,Arhgap8,0.6809,-1.4682,2.3577,-0.6227,0.5335,0.9995
Arhgap9,Arhgap9,9.7048,0.7482,0.5379,1.3909,0.1642,0.9995
Arhgdia,Arhgdia,27374.1468,0.0059,0.0714,0.0823,0.9344,0.9995
Arhgdib,Arhgdib,4641.0748,0.0737,0.1406,0.5243,0.6,0.9995
Arhgdig,Arhgdig,114.001,-0.0406,0.3043,-0.1335,0.8938,0.9995
Arhgef1,Arhgef1,2715.4925,-0.0555,0.0697,-0.7959,0.4261,0.9995
Arhgef10,Arhgef10,3629.2386,-0.1767,0.0876,-2.0162,0.0438,0.9995
Arhgef10l,Arhgef10l,3181.8364,-0.0509,0.105,-0.4844,0.6281,0.9995
Arhgef11,Arhgef11,1731.0357,-0.0548,0.1148,-0.477,0.6333,0.9995
Arhgef12,Arhgef12,4952.1211,-0.1642,0.1176,-1.3972,0.1624,0.9995
Arhgef15,Arhgef15,24.6864,-0.1767,0.2786,-0.6342,0.5259,0.9995
Arhgef16,Arhgef16,0.568,0.2892,2.1118,0.1369,0.8911,0.9995
Arhgef17,Arhgef17,5698.0844,-0.1177,0.0809,-1.4552,0.1456,0.9995
Arhgef18,Arhgef18,1834.0423,0.0639,0.0799,0.8001,0.4237,0.9995
Arhgef19,Arhgef19,2478.4318,-0.0501,0.1231,-0.4071,0.6839,0.9995
Arhgef2,Arhgef2,17344.1782,-0.017,0.0517,-0.3283,0.7427,0.9995
Arhgef25,Arhgef25,2917.7531,-0.0545,0.0713,-0.7652,0.4442,0.9995
Arhgef26,Arhgef26,234.4725,-0.0395,0.3187,-0.1239,0.9014,0.9995
Arhgef28,Arhgef28,42.0015,-0.0941,0.3961,-0.2376,0.8122,0.9995
Arhgef3,Arhgef3,377.6021,-0.0412,0.1247,-0.3306,0.7409,0.9995
Arhgef33,Arhgef33,1.0328,-0.8591,1.579,-0.5441,0.5864,0.9995
Arhgef37,Arhgef37,83.5833,0.0017,0.3047,0.0056,0.9956,0.9995
Arhgef39,Arhgef39,120.8157,0.0413,0.4635,0.0892,0.9289,0.9995
Arhgef4,Arhgef4,62.2486,0.1481,0.2301,0.6436,0.5199,0.9995
Arhgef40,Arhgef40,5231.9823,-0.0325,0.0661,-0.492,0.6227,0.9995
Arhgef5,Arhgef5,3053.3209,0.0113,0.0648,0.1748,0.8613,0.9995
Arhgef6,Arhgef6,166.8284,-0.0673,0.2747,-0.2449,0.8065,0.9995
Arhgef7,Arhgef7,2470.0328,-0.0623,0.0659,-0.9458,0.3442,0.9995
Arhgef9,Arhgef9,549.2251,-0.2404,0.1667,-1.4421,0.1493,0.9995
Arid1a,Arid1a,3619.6959,-0.1174,0.0729,-1.6099,0.1074,0.9995
Arid1b,Arid1b,2291.0615,-0.1141,0.0679,-1.6819,0.0926,0.9995
Arid2,Arid2,2438.9909,-0.1628,0.1498,-1.0867,0.2772,0.9995
Arid3a,Arid3a,509.1919,-0.0436,0.1679,-0.2596,0.7952,0.9995
Arid3b,Arid3b,115.8843,0.0602,0.144,0.4181,0.6759,0.9995
Arid4a,Arid4a,519.7512,0.0922,0.1148,0.8031,0.4219,0.9995
Arid4b,Arid4b,655.0582,-0.11,0.1107,-0.9937,0.3204,0.9995
Arid5a,Arid5a,1687.107,-0.0404,0.1439,-0.2805,0.7791,0.9995
Arid5b,Arid5b,2239.1376,-0.23,0.1687,-1.3635,0.1727,0.9995
Arih1,Arih1,4850.1231,-0.0273,0.1321,-0.2063,0.8365,0.9995
Arih2,Arih2,3437.2359,0.0724,0.0883,0.8196,0.4125,0.9995
Arl1,Arl1,6980.9961,0.0403,0.0655,0.616,0.5379,0.9995
Arl10,Arl10,315.8249,-0.0241,0.1677,-0.1438,0.8856,0.9995
Arl11,Arl11,1.033,-0.2239,1.5746,-0.1422,0.8869,0.9995
Arl13a,Arl13a,0.8037,-0.2762,1.6651,-0.1659,0.8683,0.9995
Arl13b,Arl13b,844.5807,-0.0571,0.1005,-0.568,0.57,0.9995
Arl14ep,Arl14ep,2058.2759,0.0239,0.1312,0.1818,0.8557,0.9995
Arl14epl,Arl14epl,21.2366,0.2476,0.4085,0.606,0.5445,0.9995
Arl15,Arl15,1525.6888,-0.0833,0.145,-0.5744,0.5657,0.9995
Arl16,Arl16,523.3254,0.0349,0.0892,0.3911,0.6957,0.9995
Arl2,Arl2,1965.7705,0.04,0.0656,0.6101,0.5418,0.9995
Arl2bp,Arl2bp,6953.3847,0.1121,0.0601,1.8649,0.0622,0.9995
Arl3,Arl3,1304.2551,-0.0731,0.0797,-0.9167,0.3593,0.9995
Arl4a,Arl4a,330.9987,0.2656,0.1573,1.6883,0.0914,0.9995
Arl4c,Arl4c,2364.6279,-0.0633,0.1648,-0.3843,0.7008,0.9995
Arl4d,Arl4d,159.1475,0.2421,0.1939,1.2486,0.2118,0.9995
Arl5a,Arl5a,2160.2344,0.1295,0.1932,0.6703,0.5027,0.9995
Arl5b,Arl5b,385.721,-0.0018,0.2069,-0.0086,0.9931,0.9995
Arl5c,Arl5c,162.7881,0.0269,0.1479,0.1818,0.8558,0.9995
Arl6,Arl6,679.921,0.0635,0.1164,0.5455,0.5854,0.9995
Arl6ip1,Arl6ip1,4165.0304,-0.0628,0.1422,-0.4419,0.6586,0.9995
Arl6ip4,Arl6ip4,1411.0216,0.1499,0.097,1.5463,0.122,0.9995
Arl6ip5,Arl6ip5,21145.928,0.0556,0.1017,0.5463,0.5849,0.9995
Arl6ip6,Arl6ip6,871.4934,-0.0665,0.0936,-0.7106,0.4774,0.9995
Arl8a,Arl8a,4049.799,0.0779,0.162,0.4807,0.6307,0.9995
Arl8b,Arl8b,5200.7697,0.0058,0.0773,0.0753,0.94,0.9995
Armc1,Armc1,2240.7012,-0.0164,0.0898,-0.1829,0.8549,0.9995
Armc10,Armc10,1150.4909,-0.0078,0.0777,-0.1001,0.9202,0.9995
Armc2,Armc2,38.7909,-0.148,0.3712,-0.3987,0.6901,0.9995
Armc5,Armc5,692.3271,-0.0709,0.1023,-0.6938,0.4878,0.9995
Armc6,Armc6,1034.648,0.0894,0.0782,1.1435,0.2528,0.9995
Armc7,Armc7,285.6268,0.2613,0.2414,1.0827,0.2789,0.9995
Armc8,Armc8,1247.0855,-0.0586,0.1473,-0.3978,0.6907,0.9995
Armc9,Armc9,681.6217,0.0107,0.1212,0.0884,0.9296,0.9995
Armcx1,Armcx1,1250.4598,0.0116,0.1379,0.0839,0.9331,0.9995
Armcx2,Armcx2,4244.5506,-0.0565,0.1235,-0.4577,0.6472,0.9995
Armcx3,Armcx3,1796.6476,-0.0228,0.1229,-0.1853,0.853,0.9995
Armcx4,Armcx4,1261.8243,0.0597,0.2599,0.2296,0.8184,0.9995
Armcx5,Armcx5,296.3332,-0.0162,0.1623,-0.0995,0.9207,0.9995
Armcx6,Armcx6,333.9375,0.1419,0.0975,1.4552,0.1456,0.9995
Armt1,Armt1,1301.9981,-0.009,0.0836,-0.1081,0.9139,0.9995
Arnt,Arnt,4095.9026,0.0167,0.0626,0.2664,0.7899,0.9995
Arnt2,Arnt2,722.3567,-0.012,0.1047,-0.1149,0.9085,0.9995
Arntl,Arntl,1500.7772,-0.0144,0.1302,-0.111,0.9116,0.9995
Arntl2,Arntl2,175.0156,0.0573,0.1649,0.3474,0.7283,0.9995
Arpc1a,Arpc1a,2859.6061,0.0194,0.0701,0.2768,0.782,0.9995
Arpc1b,Arpc1b,10835.6762,0.0007,0.1071,0.0066,0.9947,0.9995
Arpc2,Arpc2,11649.6107,0.0315,0.0596,0.5288,0.597,0.9995
Arpc3,Arpc3,4442.8226,0.0794,0.0768,1.033,0.3016,0.9995
Arpc4,Arpc4,4419.0106,0.1123,0.0719,1.5624,0.1182,0.9995
Arpc5,Arpc5,6909.5431,0.0751,0.0863,0.8702,0.3842,0.9995
Arpc5l,Arpc5l,2174.4115,0.1042,0.0976,1.0671,0.2859,0.9995
Arpin,Arpin,1119.4681,-0.0598,0.1094,-0.5461,0.585,0.9995
Arpp19,Arpp19,3265.9551,-0.021,0.1077,-0.1952,0.8453,0.9995
Arpp21,Arpp21,834.2243,-0.0481,0.3779,-0.1274,0.8986,0.9995
Arr3,Arr3,0.4554,-1.0543,2.5226,-0.4179,0.676,0.9995
Arrb1,Arrb1,839.0022,-0.0959,0.0877,-1.0932,0.2743,0.9995
Arrb2,Arrb2,717.5568,-0.0134,0.0776,-0.1726,0.863,0.9995
Arrdc1,Arrdc1,270.7038,-0.1471,0.1091,-1.3486,0.1775,0.9995
Arrdc2,Arrdc2,321.5917,0.0783,0.1783,0.439,0.6607,0.9995
Arrdc3,Arrdc3,1287.6109,0.0976,0.233,0.4187,0.6754,0.9995
Arrdc4,Arrdc4,99.0312,0.2697,0.4208,0.6409,0.5216,0.9995
Arsa,Arsa,2746.5134,-0.0693,0.1259,-0.5502,0.5822,0.9995
Arsb,Arsb,2395.8308,-0.1025,0.1107,-0.9259,0.3545,0.9995
Arsg,Arsg,145.2068,-0.1871,0.1819,-1.0287,0.3036,0.9995
Arsi,Arsi,30.1685,-0.2528,0.5396,-0.4685,0.6394,0.9995
Arsj,Arsj,595.8045,-0.0819,0.1517,-0.54,0.5892,0.9995
Arsk,Arsk,579.3738,0.0235,0.1322,0.1775,0.8591,0.9995
Art1,Art1,288.7517,0.2958,0.3383,0.8744,0.3819,0.9995
Art2a-ps,Art2a-ps,0.3439,-1.7836,2.6035,-0.6851,0.4933,0.9995
Art3,Art3,37.0787,0.2904,0.3639,0.798,0.4248,0.9995
Art5,Art5,64.6205,0.3594,0.2504,1.4353,0.1512,0.9995
Artn,Artn,137.3395,-0.098,0.1807,-0.5426,0.5874,0.9995
Arv1,Arv1,160.3371,0.1636,0.1987,0.8236,0.4102,0.9995
Arvcf,Arvcf,1030.4945,-0.0768,0.1274,-0.6031,0.5464,0.9995
Arx,Arx,65.05,0.1233,0.5403,0.2283,0.8194,0.9995
Arxes1,Arxes1,3.0882,-0.1431,0.788,-0.1816,0.8559,0.9995
Arxes2,Arxes2,142.8418,0.1016,0.1325,0.7663,0.4435,0.9995
As3mt,As3mt,536.9145,-0.1169,0.1506,-0.7764,0.4375,0.9995
Asah1,Asah1,10625.4313,-0.0549,0.1485,-0.3698,0.7115,0.9995
Asah2,Asah2,443.6094,-0.1501,0.1944,-0.7725,0.4398,0.9995
Asap1,Asap1,7128.9572,-0.2406,0.1193,-2.0175,0.0436,0.9995
Asap2,Asap2,494.6122,-0.0985,0.1212,-0.8121,0.4167,0.9995
Asap3,Asap3,978.5758,0.0093,0.1102,0.0842,0.9329,0.9995
Asb1,Asb1,1196.5525,-0.2517,0.1377,-1.8276,0.0676,0.9995
Asb10,Asb10,2.8618,0.084,0.9417,0.0892,0.9289,0.9995
Asb11,Asb11,4.9142,0.5476,0.6632,0.8257,0.409,0.9995
Asb12,Asb12,0.6863,-0.7781,2.0203,-0.3852,0.7001,0.9995
Asb13,Asb13,175.1898,-0.102,0.1456,-0.7002,0.4838,0.9995
Asb14,Asb14,28.4504,0.344,0.3039,1.1319,0.2577,0.9995
Asb15,Asb15,4.8015,-0.2568,0.6608,-0.3886,0.6975,0.9995
Asb16,Asb16,33.9711,-0.1902,0.3275,-0.5808,0.5614,0.9995
Asb2,Asb2,134.9524,0.354,0.4041,0.8761,0.381,0.9995
Asb3,Asb3,968.637,0.058,0.0637,0.9094,0.3632,0.9995
Asb5,Asb5,15174.6881,0.0048,0.0729,0.0664,0.9471,0.9995
Asb6,Asb6,1518.2783,0.0171,0.0888,0.1931,0.8469,0.9995
Asb7,Asb7,906.5353,-0.1766,0.1112,-1.5877,0.1124,0.9995
Asb8,Asb8,2150.7467,0.0384,0.0807,0.4758,0.6342,0.9995
Ascc1,Ascc1,1072.4272,-0.0328,0.1021,-0.3209,0.7483,0.9995
Ascc2,Ascc2,1718.5949,-0.0288,0.0933,-0.3084,0.7578,0.9995
Ascc3,Ascc3,1180.2881,0.0725,0.1615,0.4488,0.6536,0.9995
Ascl3,Ascl3,3.547,0.0905,0.7727,0.1172,0.9067,0.9995
Ascl5,Ascl5,1.4905,-0.5455,1.1525,-0.4733,0.636,0.9995
Asf1a,Asf1a,869.0292,0.0857,0.1077,0.7955,0.4263,0.9995
Asf1b,Asf1b,949.2513,0.1852,0.415,0.4463,0.6554,0.9995
Asgr1,Asgr1,7.0845,0.4886,0.7441,0.6567,0.5114,0.9995
Asgr2,Asgr2,5.2618,0.4397,0.7219,0.6092,0.5424,0.9995
Ash1l,Ash1l,2192.0015,-0.1048,0.1624,-0.6455,0.5186,0.9995
Ash2l,Ash2l,3520.6843,0.0598,0.0644,0.9299,0.3524,0.9995
Asic1,Asic1,222.7075,0.117,0.1689,0.6927,0.4885,0.9995
Asic3,Asic3,9.1442,-0.3547,0.4929,-0.7195,0.4718,0.9995
Asic4,Asic4,0.8029,-3.0067,2.0801,-1.4454,0.1483,0.9995
Asl,Asl,1446.1974,0.0527,0.0756,0.6965,0.4861,0.9995
Asmt,Asmt,1.2557,0.8757,1.7478,0.501,0.6163,0.9995
Asna1,Asna1,5171.1865,0.0992,0.0843,1.1762,0.2395,0.9995
Asns,Asns,5069.9265,0.046,0.2531,0.1819,0.8557,0.9995
Asnsd1,Asnsd1,2643.8486,-0.0765,0.0946,-0.8087,0.4187,0.9995
Aspa,Aspa,81.5398,0.3765,0.4567,0.8244,0.4097,0.9995
Aspg,Aspg,5.2456,1.011,0.6452,1.567,0.1171,0.9995
Asph,Asph,3699.9104,-0.1523,0.1333,-1.1426,0.2532,0.9995
Asphd2,Asphd2,26.2774,0.1669,0.2917,0.5722,0.5672,0.9995
Aspm,Aspm,457.8837,0.0411,0.6181,0.0666,0.9469,0.9995
Aspn,Aspn,133.0085,-0.4096,0.5752,-0.7121,0.4764,0.9995
Asprv1,Asprv1,21.2685,0.222,0.5215,0.4256,0.6704,0.9995
Aspscr1,Aspscr1,1688.1387,0.0751,0.1198,0.6267,0.5309,0.9995
Asrgl1,Asrgl1,292.331,0.118,0.1975,0.5974,0.5502,0.9995
Ass1,Ass1,0.6844,0.868,1.8179,0.4774,0.633,0.9995
Aste1,Aste1,268.7188,0.1579,0.1055,1.496,0.1346,0.9995
Astn1,Astn1,4.4746,-1.0604,0.8382,-1.265,0.2059,0.9995
Asun,Asun,1789.7874,0.0595,0.0687,0.8652,0.3869,0.9995
Asxl1,Asxl1,3645.3457,-0.0552,0.0627,-0.8797,0.379,0.9995
Asxl2,Asxl2,1587.9172,-0.0489,0.1383,-0.3534,0.7238,0.9995
Atad1,Atad1,4361.0244,-0.0326,0.1239,-0.2631,0.7925,0.9995
Atad2,Atad2,907.9158,0.0352,0.2818,0.125,0.9005,0.9995
Atad2b,Atad2b,775.337,0.0681,0.1933,0.3522,0.7247,0.9995
Atad3a,Atad3a,1853.5025,0.1115,0.0967,1.1532,0.2488,0.9995
Atad3aos,Atad3aos,12.1133,0.562,0.4064,1.3831,0.1666,0.9995
Atad5,Atad5,161.423,0.0249,0.2639,0.0945,0.9247,0.9995
Atat1,Atat1,1014.8915,-0.0035,0.1027,-0.0341,0.9728,0.9995
Atcay,Atcay,7.3068,0.8173,0.6293,1.2988,0.194,0.9995
Atcayos,Atcayos,15.6502,0.2059,0.3658,0.5628,0.5736,0.9995
Ate1,Ate1,1998.7969,-0.0771,0.1362,-0.5663,0.5712,0.9995
Atf1,Atf1,2757.3442,-0.0472,0.1117,-0.4229,0.6724,0.9995
Atf2,Atf2,1820.031,-0.0902,0.1832,-0.4925,0.6224,0.9995
Atf3,Atf3,398.7414,-0.0509,0.3703,-0.1375,0.8907,0.9995
Atf4,Atf4,17721.663,0.0834,0.2288,0.3644,0.7155,0.9995
Atf5,Atf5,4449.3067,0.0903,0.2168,0.4167,0.6769,0.9995
Atf6,Atf6,7317.6947,-0.134,0.1235,-1.0854,0.2777,0.9995
Atf6b,Atf6b,2514.1752,-0.0226,0.1442,-0.1565,0.8756,0.9995
Atf7,Atf7,4271.2753,-0.0688,0.0823,-0.8357,0.4033,0.9995
Atf7ip,Atf7ip,1859.3249,-0.0786,0.073,-1.0778,0.2811,0.9995
Atg10,Atg10,403.9575,-0.0413,0.1242,-0.3323,0.7397,0.9995
Atg101,Atg101,1271.3012,0.0901,0.0762,1.1815,0.2374,0.9995
Atg12,Atg12,3049.5356,0.0031,0.1479,0.0207,0.9835,0.9995
Atg13,Atg13,3060.9012,-0.0306,0.122,-0.2507,0.8021,0.9995
Atg14,Atg14,822.509,-0.0636,0.1475,-0.431,0.6664,0.9995
Atg16l1,Atg16l1,1674.7094,0.0399,0.0737,0.5412,0.5884,0.9995
Atg16l2,Atg16l2,419.1862,-0.0262,0.1062,-0.2463,0.8054,0.9995
Atg2a,Atg2a,1896.5573,-0.0543,0.116,-0.4684,0.6395,0.9995
Atg2b,Atg2b,2955.0107,-0.0338,0.0938,-0.3605,0.7185,0.9995
Atg3,Atg3,2330.8267,-0.019,0.0816,-0.2333,0.8155,0.9995
Atg4a,Atg4a,3.4166,0.648,0.9813,0.6603,0.5091,0.9995
Atg4b,Atg4b,2384.1569,0.0653,0.0746,0.8758,0.3811,0.9995
Atg4c,Atg4c,913.5392,-0.0065,0.0974,-0.0671,0.9465,0.9995
Atg4d,Atg4d,714.5409,0.0159,0.109,0.146,0.8839,0.9995
Atg5,Atg5,1795.9982,-0.0453,0.0664,-0.6821,0.4952,0.9995
Atg7,Atg7,1920.5224,0.0521,0.1405,0.3704,0.7111,0.9995
Atg9a,Atg9a,2673.0686,0.002,0.0824,0.0243,0.9806,0.9995
Atg9b,Atg9b,113.935,-0.145,0.2051,-0.7068,0.4797,0.9995
Athl1,Athl1,1082.1591,-0.024,0.1133,-0.2118,0.8323,0.9995
Atic,Atic,5174.5501,0.1564,0.1343,1.1648,0.2441,0.9995
Atl1,Atl1,151.3202,-0.1957,0.1991,-0.983,0.3256,0.9995
Atl2,Atl2,2696.6037,-0.0944,0.1574,-0.5999,0.5486,0.9995
Atl3,Atl3,6465.8178,-0.0505,0.1118,-0.4516,0.6516,0.9995
Atm,Atm,745.887,0.0549,0.132,0.4155,0.6778,0.9995
Atmin,Atmin,868.2121,-0.1387,0.0941,-1.4736,0.1406,0.9995
Atn1,Atn1,4189.1253,-0.0419,0.0897,-0.4674,0.6402,0.9995
Atoh8,Atoh8,1132.407,-0.0216,0.0912,-0.2367,0.8129,0.9995
Atox1,Atox1,1313.3047,0.1048,0.089,1.1778,0.2389,0.9995
Atp10a,Atp10a,588.3265,0.007,0.0819,0.0848,0.9324,0.9995
Atp10b,Atp10b,15.5252,-0.1257,0.4047,-0.3105,0.7562,0.9995
Atp10d,Atp10d,437.2641,-0.0575,0.0856,-0.6712,0.5021,0.9995
Atp11a,Atp11a,5310.5612,-0.2009,0.1043,-1.9266,0.054,0.9995
Atp11b,Atp11b,1538.6039,-0.0216,0.187,-0.1156,0.9079,0.9995
Atp11c,Atp11c,312.7256,0.0486,0.1694,0.2869,0.7742,0.9995
Atp13a1,Atp13a1,2462.5512,-0.0111,0.0835,-0.1331,0.8941,0.9995
Atp13a2,Atp13a2,1034.625,-0.0206,0.1026,-0.2012,0.8406,0.9995
Atp13a3,Atp13a3,10973.5266,0.082,0.2064,0.3971,0.6913,0.9995
Atp13a4,Atp13a4,1.1416,-0.2523,1.6754,-0.1506,0.8803,0.9995
Atp13a5,Atp13a5,13.954,0.0615,0.4898,0.1256,0.9,0.9995
Atp1a1,Atp1a1,20365.9952,0.0597,0.0735,0.8129,0.4162,0.9995
Atp1a2,Atp1a2,2136.6352,0.0699,0.1963,0.3558,0.722,0.9995
Atp1a3,Atp1a3,903.2576,-0.1181,0.1419,-0.8322,0.4053,0.9995
Atp1a4,Atp1a4,2.6365,-0.0175,0.9397,-0.0186,0.9851,0.9995
Atp1b1,Atp1b1,979.7176,0.2509,0.2485,1.0097,0.3127,0.9995
Atp1b2,Atp1b2,26.0621,0.3604,0.3083,1.1691,0.2424,0.9995
Atp1b3,Atp1b3,8431.3848,0.1001,0.1026,0.9754,0.3294,0.9995
Atp1b4,Atp1b4,0.5749,0.7104,2.0545,0.3458,0.7295,0.9995
Atp2a1,Atp2a1,13170.3171,0.0985,0.2257,0.4363,0.6626,0.9995
Atp2a2,Atp2a2,22968.6394,0.0339,0.0721,0.4699,0.6384,0.9995
Atp2a3,Atp2a3,117.8833,-0.0007,0.1795,-0.0039,0.9969,0.9995
Atp2b1,Atp2b1,4466.1991,-0.0886,0.1421,-0.6235,0.533,0.9995
Atp2b3,Atp2b3,1.6023,-3.1763,1.4581,-2.1783,0.0294,0.9995
Atp2b4,Atp2b4,6646.6716,-0.1648,0.3417,-0.4822,0.6297,0.9995
Atp2c1,Atp2c1,3594.9376,-0.0961,0.1117,-0.86,0.3898,0.9995
Atp2c2,Atp2c2,3.0917,0.0865,0.8852,0.0977,0.9222,0.9995
Atp5a1,Atp5a1,28945.9615,0.1202,0.0843,1.4259,0.1539,0.9995
Atp5b,Atp5b,51996.7969,0.0794,0.1222,0.6499,0.5158,0.9995
Atp5c1,Atp5c1,9557.3055,0.0769,0.0668,1.1512,0.2496,0.9995
Atp5d,Atp5d,8425.264,0.0574,0.0911,0.6303,0.5285,0.9995
Atp5e,Atp5e,2602.3953,0.124,0.0676,1.8351,0.0665,0.9995
Atp5f1,Atp5f1,9549.7412,0.1075,0.0951,1.1311,0.258,0.9995
Atp5g1,Atp5g1,3356.1883,0.2072,0.0728,2.8466,0.0044,0.9995
Atp5g2,Atp5g2,5610.5939,0.1119,0.0594,1.884,0.0596,0.9995
Atp5g3,Atp5g3,11401.5289,0.0849,0.1361,0.6237,0.5328,0.9995
Atp5h,Atp5h,5207.7957,0.0628,0.0879,0.7138,0.4753,0.9995
Atp5j,Atp5j,3983.9838,0.104,0.0625,1.6646,0.096,0.9995
Atp5j2,Atp5j2,3592.4351,0.0916,0.1005,0.9121,0.3617,0.9995
Atp5k,Atp5k,843.3925,0.2338,0.1122,2.0844,0.0371,0.9995
Atp5l,Atp5l,5133.1901,0.177,0.0684,2.5862,0.0097,0.9995
Atp5o,Atp5o,6645.9733,0.0904,0.0884,1.0223,0.3066,0.9995
Atp5s,Atp5s,229.1781,-0.1577,0.1541,-1.023,0.3063,0.9995
Atp5sl,Atp5sl,463.95,0.0484,0.1228,0.3943,0.6934,0.9995
Atp6ap1,Atp6ap1,12539.7896,0.0256,0.1287,0.1989,0.8423,0.9995
Atp6ap2,Atp6ap2,6584.9925,-0.0419,0.0957,-0.438,0.6614,0.9995
Atp6v0a1,Atp6v0a1,2673.789,-0.0186,0.0445,-0.4174,0.6764,0.9995
Atp6v0a2,Atp6v0a2,5560.1623,0.0047,0.0544,0.0863,0.9312,0.9995
Atp6v0a4,Atp6v0a4,1.1434,0.675,1.5356,0.4396,0.6603,0.9995
Atp6v0b,Atp6v0b,6426.5281,0.0603,0.1155,0.5224,0.6014,0.9995
Atp6v0c,Atp6v0c,0.344,-0.475,2.671,-0.1778,0.8589,0.9995
Atp6v0d1,Atp6v0d1,4131.0088,0.0536,0.0894,0.6,0.5485,0.9995
Atp6v0d2,Atp6v0d2,22.4531,-0.7989,0.5333,-1.4981,0.1341,0.9995
Atp6v0e,Atp6v0e,3689.1308,0.0434,0.0922,0.4704,0.6381,0.9995
Atp6v0e2,Atp6v0e2,290.192,-0.0459,0.1106,-0.4155,0.6778,0.9995
Atp6v1a,Atp6v1a,8263.412,-0.0737,0.1196,-0.6159,0.538,0.9995
Atp6v1b1,Atp6v1b1,0.5701,2.7255,2.3293,1.1701,0.242,0.9995
Atp6v1b2,Atp6v1b2,6127.1855,0.0052,0.1414,0.0367,0.9707,0.9995
Atp6v1c1,Atp6v1c1,4145.6372,0.0582,0.1173,0.4961,0.6198,0.9995
Atp6v1c2,Atp6v1c2,89.5779,1.0782,0.9101,1.1847,0.2361,0.9995
Atp6v1d,Atp6v1d,4209.4217,0.0432,0.0574,0.7518,0.4522,0.9995
Atp6v1e1,Atp6v1e1,6188.2318,0.1108,0.0636,1.7426,0.0814,0.9995
Atp6v1f,Atp6v1f,2344.6509,0.0709,0.1361,0.5214,0.6021,0.9995
Atp6v1g1,Atp6v1g1,12040.0429,0.1363,0.0712,1.9149,0.0555,0.9995
Atp6v1g2,Atp6v1g2,71.1856,0.1199,0.2002,0.5992,0.549,0.9995
Atp6v1h,Atp6v1h,4173.0138,0.1063,0.1358,0.7827,0.4338,0.9995
Atp7a,Atp7a,1348.2187,0.0126,0.1586,0.0796,0.9366,0.9995
Atp7b,Atp7b,3.7725,-0.6553,0.7559,-0.867,0.3859,0.9995
Atp8a1,Atp8a1,2.512,0.3018,0.9107,0.3314,0.7403,0.9995
Atp8a2,Atp8a2,0.9152,-1.3595,1.5163,-0.8966,0.37,0.9995
Atp8b1,Atp8b1,115.0441,0.007,0.1766,0.0395,0.9685,0.9995
Atp8b2,Atp8b2,6097.7341,-0.0341,0.0842,-0.4046,0.6858,0.9995
Atp8b3,Atp8b3,2.2859,-0.9183,1.0089,-0.9102,0.3627,0.9995
Atp8b4,Atp8b4,42.1066,0.1357,0.4199,0.3233,0.7465,0.9995
Atp8b5,Atp8b5,11.1162,-0.3448,0.6011,-0.5736,0.5663,0.9995
Atp9a,Atp9a,63.786,0.4822,0.1844,2.6154,0.0089,0.9995
Atp9b,Atp9b,3253.8052,0.0125,0.1014,0.1231,0.902,0.9995
Atpaf1,Atpaf1,542.1079,0.0994,0.074,1.3425,0.1794,0.9995
Atpaf2,Atpaf2,1071.1282,0.0245,0.0721,0.3399,0.734,0.9995
Atpif1,Atpif1,2777.4128,0.1047,0.0767,1.3648,0.1723,0.9995
Atr,Atr,516.8712,0.0049,0.168,0.0291,0.9768,0.9995
Atraid,Atraid,2916.0481,0.1716,0.1022,1.6787,0.0932,0.9995
Atrip,Atrip,590.9336,-0.0217,0.0899,-0.2418,0.8089,0.9995
Atrn,Atrn,2840.903,-0.1567,0.0983,-1.5947,0.1108,0.9995
Atrnl1,Atrnl1,2916.4999,-0.2169,0.1486,-1.4592,0.1445,0.9995
Atrx,Atrx,1168.5123,-0.3045,0.1167,-2.6086,0.0091,0.9995
Atxn1,Atxn1,1147.737,-0.1892,0.2503,-0.7557,0.4498,0.9995
Atxn10,Atxn10,8491.2574,0.0793,0.0617,1.2865,0.1983,0.9995
Atxn1l,Atxn1l,2426.3717,-0.1136,0.0515,-2.206,0.0274,0.9995
Atxn2,Atxn2,3462.3935,-0.065,0.096,-0.6775,0.4981,0.9995
Atxn2l,Atxn2l,4717.4649,-0.1311,0.0905,-1.4487,0.1474,0.9995
Atxn3,Atxn3,866.7011,0.1078,0.1572,0.6857,0.4929,0.9995
Atxn7,Atxn7,546.2911,-0.1327,0.1617,-0.8209,0.4117,0.9995
Atxn7l1,Atxn7l1,806.5083,-0.0586,0.0827,-0.7085,0.4787,0.9995
Atxn7l1os2,Atxn7l1os2,1.5991,-2.2044,1.3462,-1.6376,0.1015,0.9995
Atxn7l2,Atxn7l2,209.8971,0.0188,0.1185,0.1589,0.8737,0.9995
Atxn7l3,Atxn7l3,3556.3876,-0.0297,0.0488,-0.6082,0.543,0.9995
Atxn7l3b,Atxn7l3b,4246.3339,0.0045,0.0617,0.0736,0.9414,0.9995
AU015791,AU015791,2.1803,-0.3481,1.0483,-0.3321,0.7398,0.9995
AU015836,AU015836,0.7987,-2.0554,1.9378,-1.0607,0.2888,0.9995
AU018091,AU018091,313.5983,-0.3638,0.2653,-1.3713,0.1703,0.9995
AU019823,AU019823,811.6529,-0.0304,0.1206,-0.2523,0.8008,0.9995
AU021092,AU021092,24.9891,0.2117,0.4007,0.5284,0.5972,0.9995
AU022252,AU022252,692.167,-0.0668,0.0917,-0.7285,0.4663,0.9995
AU023762,AU023762,0.7967,0.3407,2.4069,0.1416,0.8874,0.9995
AU040320,AU040320,2457.2429,-0.0915,0.0734,-1.2459,0.2128,0.9995
AU041133,AU041133,49.742,0.013,0.2146,0.0604,0.9519,0.9995
Auh,Auh,817.2296,0.0282,0.197,0.143,0.8863,0.9995
Aunip,Aunip,124.5776,-0.138,0.4548,-0.3034,0.7616,0.9995
Aup1,Aup1,3259.6915,0.0614,0.0968,0.6347,0.5256,0.9995
Aurka,Aurka,831.5754,-0.1271,0.4212,-0.3018,0.7628,0.9995
Aurkaip1,Aurkaip1,2159.6215,0.1584,0.0709,2.2343,0.0255,0.9995
Aurkb,Aurkb,781.882,-0.1822,0.5566,-0.3274,0.7434,0.9995
Aurkc,Aurkc,0.5692,0.2877,2.111,0.1363,0.8916,0.9995
Auts2,Auts2,1263.9531,-0.0222,0.1334,-0.1665,0.8678,0.9995
AV039307,AV039307,5.5882,0.2981,0.6689,0.4457,0.6558,0.9995
AV051173,AV051173,6.5022,-0.335,0.769,-0.4356,0.6631,0.9995
Aven,Aven,458.9163,0.0927,0.1164,0.7967,0.4256,0.9995
Avil,Avil,63.4018,0.1885,0.5416,0.348,0.7278,0.9995
Avl9,Avl9,890.8106,-0.1522,0.1257,-1.2106,0.226,0.9995
Avpi1,Avpi1,1129.9224,0.1481,0.0814,1.8191,0.0689,0.9995
Avpr1a,Avpr1a,306.8365,0.293,0.6915,0.4237,0.6718,0.9995
AW011738,AW011738,29.7174,0.194,0.2908,0.6672,0.5046,0.9995
AW046200,AW046200,25.9072,-0.3471,0.415,-0.8363,0.403,0.9995
AW112010,AW112010,1.1413,0.6751,1.5351,0.4398,0.6601,0.9995
AW146154,AW146154,74.8914,-0.1165,0.1985,-0.5869,0.5573,0.9995
AW209491,AW209491,846.5958,0.0916,0.1308,0.7006,0.4835,0.9995
AW549542,AW549542,11.2793,0.6765,0.704,0.961,0.3366,0.9995
AW549877,AW549877,3663.3458,-0.0996,0.1567,-0.6355,0.5251,0.9995
AW551984,AW551984,1.4879,-0.1123,1.2823,-0.0875,0.9302,0.9995
AW554918,AW554918,392.3421,-0.1648,0.1218,-1.3534,0.1759,0.9995
Awat2,Awat2,21.162,-0.3946,0.4024,-0.9806,0.3268,0.9995
Axin1,Axin1,2744.2187,-0.0189,0.0802,-0.2353,0.814,0.9995
Axin2,Axin2,230.5007,-0.0521,0.2462,-0.2117,0.8323,0.9995
Axl,Axl,17349.963,-0.0346,0.0763,-0.4543,0.6496,0.9995
AY074887,AY074887,1.2524,1.3262,1.5421,0.86,0.3898,0.9995
Azgp1,Azgp1,0.5729,-1.4755,1.7632,-0.8368,0.4027,0.9995
Azi2,Azi2,1776.32,0.0114,0.1073,0.1065,0.9152,0.9995
Azin1,Azin1,9252.1667,-0.0514,0.0958,-0.537,0.5913,0.9995
Azin2,Azin2,2270.6343,0.0669,0.1573,0.4255,0.6704,0.9995
B130024G19Rik,B130024G19Rik,9.0141,0.5837,0.5772,1.0111,0.3119,0.9995
B130034C11Rik,B130034C11Rik,8.4538,0.5195,0.5289,0.9821,0.326,0.9995
B230118H07Rik,B230118H07Rik,697.7706,-0.0196,0.1364,-0.1439,0.8855,0.9995
B230119M05Rik,B230119M05Rik,2.9739,0.2736,1.4856,0.1842,0.8539,0.9995
B230206H07Rik,B230206H07Rik,0.7974,-0.0666,2.4613,-0.0271,0.9784,0.9995
B230208H11Rik,B230208H11Rik,24.4389,0.1932,0.3125,0.6184,0.5363,0.9995
B230216N24Rik,B230216N24Rik,9.0314,1.0324,0.5542,1.8628,0.0625,0.9995
B230217C12Rik,B230217C12Rik,48.5431,0.1756,0.23,0.7633,0.4453,0.9995
B230217O12Rik,B230217O12Rik,58.1766,0.0516,0.2049,0.252,0.801,0.9995
B230219D22Rik,B230219D22Rik,5056.9261,-0.0359,0.1239,-0.2895,0.7722,0.9995
B230307C23Rik,B230307C23Rik,59.1779,0.0655,0.1991,0.3291,0.7421,0.9995
B230312C02Rik,B230312C02Rik,6.6278,-0.0877,0.6597,-0.133,0.8942,0.9995
B230319C09Rik,B230319C09Rik,3.5336,0.1714,0.8146,0.2104,0.8333,0.9995
B230354K17Rik,B230354K17Rik,917.5731,0.0266,0.1324,0.2007,0.8409,0.9995
B2m,B2m,19241.4164,-0.0796,0.1231,-0.6468,0.5177,0.9995
B330016D10Rik,B330016D10Rik,43.2822,0.101,0.2798,0.3608,0.7182,0.9995
B3galnt1,B3galnt1,1269.435,0.0361,0.0964,0.3742,0.7083,0.9995
B3galnt2,B3galnt2,1504.2068,0.0231,0.1294,0.1782,0.8586,0.9995
B3galt1,B3galt1,17.0591,-0.2894,0.5338,-0.5423,0.5876,0.9995
B3galt2,B3galt2,16.8249,0.0619,0.4099,0.1511,0.8799,0.9995
B3galt4,B3galt4,79.0119,-0.0414,0.2532,-0.1636,0.87,0.9995
B3galt5,B3galt5,57.3891,0.597,0.2746,2.1741,0.0297,0.9995
B3galt6,B3galt6,428.3692,0.1825,0.2061,0.8856,0.3759,0.9995
B3gat2,B3gat2,25.5181,0.1279,0.3753,0.341,0.7331,0.9995
B3gat3,B3gat3,694.6683,0.0493,0.0815,0.6046,0.5454,0.9995
B3glct,B3glct,1148.091,-0.1278,0.0622,-2.0546,0.0399,0.9995
B3gnt2,B3gnt2,2206.8339,-0.0406,0.0484,-0.8399,0.401,0.9995
B3gnt3,B3gnt3,0.4586,1.4317,2.0649,0.6934,0.4881,0.9995
B3gnt4,B3gnt4,3.8788,0.7673,0.7388,1.0386,0.299,0.9995
B3gnt5,B3gnt5,72.9797,0.0792,0.2682,0.2953,0.7678,0.9995
B3gnt6,B3gnt6,2.5217,-0.5216,1.2687,-0.4111,0.681,0.9995
B3gnt7,B3gnt7,0.3438,-0.475,2.6713,-0.1778,0.8589,0.9995
B3gnt8,B3gnt8,103.0429,-0.1073,0.2952,-0.3635,0.7162,0.9995
B3gnt9,B3gnt9,967.502,-0.0809,0.1085,-0.7454,0.456,0.9995
B3gntl1,B3gntl1,223.6786,-0.0003,0.1346,-0.0023,0.9982,0.9999
B430010I23Rik,B430010I23Rik,1.253,2.998,1.7272,1.7358,0.0826,0.9995
B430212C06Rik,B430212C06Rik,19.0496,0.2907,0.4394,0.6617,0.5082,0.9995
B430319G15Rik,B430319G15Rik,53.5839,0.2364,0.2081,1.1361,0.2559,0.9995
B4galnt1,B4galnt1,2073.2168,0.0108,0.0857,0.1254,0.9002,0.9995
B4galnt2,B4galnt2,11.9642,0.2784,0.6223,0.4474,0.6546,0.9995
B4galnt3,B4galnt3,25.0554,0.0442,0.3855,0.1147,0.9086,0.9995
B4galnt4,B4galnt4,43.9595,0.2487,0.2889,0.8606,0.3895,0.9995
B4galt1,B4galt1,9691.137,0.0539,0.0891,0.6046,0.5455,0.9995
B4galt2,B4galt2,1790.5012,0.0044,0.0858,0.0513,0.9591,0.9995
B4galt3,B4galt3,1059.8195,0.0999,0.0858,1.1646,0.2442,0.9995
B4galt4,B4galt4,484.3149,0.0626,0.0943,0.664,0.5067,0.9995
B4galt5,B4galt5,7237.6657,-0.1361,0.1367,-0.9956,0.3194,0.9995
B4galt6,B4galt6,1773.9162,0.0228,0.1892,0.1204,0.9042,0.9995
B4galt7,B4galt7,1173.5396,0.1098,0.1692,0.6492,0.5162,0.9995
B4gat1,B4gat1,2720.3515,0.0242,0.0817,0.2965,0.7669,0.9995
B630005N14Rik,B630005N14Rik,837.7497,0.0291,0.1955,0.1487,0.8818,0.9995
B630019K06Rik,B630019K06Rik,140.7362,0.1734,0.1399,1.2392,0.2153,0.9995
B830017H08Rik,B830017H08Rik,0.3438,-0.475,2.6713,-0.1778,0.8589,0.9995
B930018H19Rik,B930018H19Rik,0.6867,0.1405,1.7336,0.0811,0.9354,0.9995
B930041F14Rik,B930041F14Rik,460.1434,0.1435,0.207,0.6931,0.4883,0.9995
B930059L03Rik,B930059L03Rik,9.2479,0.2005,0.675,0.297,0.7665,0.9995
B9d1,B9d1,360.6294,0.0576,0.1263,0.4559,0.6485,0.9995
B9d2,B9d2,283.5457,0.0051,0.1048,0.0487,0.9611,0.9995
Baalc,Baalc,326.1986,-0.0848,0.3137,-0.2702,0.787,0.9995
Baat,Baat,1.0272,1.7887,1.5335,1.1665,0.2434,0.9995
Babam1,Babam1,2340.2804,0.0481,0.0756,0.6363,0.5246,0.9995
Bace1,Bace1,4132.6389,-0.0425,0.0963,-0.4412,0.659,0.9995
Bace2,Bace2,139.5468,-0.2203,0.1922,-1.1463,0.2517,0.9995
Bach1,Bach1,2272.4203,-0.219,0.1497,-1.4628,0.1435,0.9995
Bach2,Bach2,87.067,-0.3712,0.2347,-1.5816,0.1137,0.9995
Bach2os,Bach2os,0.8044,-1.1035,1.8885,-0.5843,0.559,0.9995
Bad,Bad,1201.3636,0.0513,0.1239,0.4143,0.6787,0.9995
Bag1,Bag1,7372.2367,0.089,0.0741,1.202,0.2294,0.9995
Bag2,Bag2,1851.5232,0.1264,0.1263,1.0006,0.317,0.9995
Bag3,Bag3,4457.2947,0.0224,0.0825,0.2714,0.7861,0.9995
Bag4,Bag4,925.2505,0.0478,0.089,0.5369,0.5913,0.9995
Bag5,Bag5,2281.4602,-0.0659,0.0504,-1.3072,0.1911,0.9995
Bag6,Bag6,9922.2877,-0.0023,0.0683,-0.0333,0.9734,0.9995
Bahcc1,Bahcc1,1005.4921,-0.203,0.1385,-1.4659,0.1427,0.9995
Bahd1,Bahd1,1439.908,0.0356,0.0605,0.5878,0.5566,0.9995
Baiap2,Baiap2,1703.1126,0.025,0.1025,0.244,0.8072,0.9995
Baiap2l1,Baiap2l1,3475.709,-0.0411,0.1734,-0.2372,0.8125,0.9995
Baiap2l2,Baiap2l2,7.3202,0.0297,0.5335,0.0557,0.9556,0.9995
Bak1,Bak1,2567.0904,0.01,0.1168,0.0857,0.9317,0.9995
Bambi,Bambi,29.3829,0.2384,0.2773,0.8597,0.39,0.9995
Bambi-ps1,Bambi-ps1,4.4489,0.8002,0.695,1.1514,0.2496,0.9995
Banf1,Banf1,3735.0953,0.1198,0.071,1.6878,0.0914,0.9995
Bank1,Bank1,2.8665,0.3865,0.9494,0.4071,0.6839,0.9995
Banp,Banp,1022.8795,-0.0329,0.0747,-0.4407,0.6595,0.9995
Bap1,Bap1,3120.2291,0.0519,0.0664,0.7815,0.4345,0.9995
Bard1,Bard1,250.1767,-0.2677,0.382,-0.7007,0.4835,0.9995
Barhl1,Barhl1,2.0595,0.1101,1.0521,0.1046,0.9167,0.9995
Barx2,Barx2,1.1498,0.0721,1.7794,0.0405,0.9677,0.9995
Basp1,Basp1,4324.824,-0.1502,0.1724,-0.8712,0.3837,0.9995
Batf,Batf,11.9665,0.1871,0.5379,0.3479,0.7279,0.9995
Batf2,Batf2,3.1999,0.0531,0.7869,0.0675,0.9462,0.9995
Batf3,Batf3,0.4558,0.2155,2.573,0.0837,0.9333,0.9995
Bax,Bax,3063.94,0.0758,0.1325,0.5723,0.5671,0.9995
Baz1a,Baz1a,1316.2284,-0.0126,0.1719,-0.0735,0.9414,0.9995
Baz1b,Baz1b,6001.5334,-0.0864,0.0899,-0.9603,0.3369,0.9995
Baz2a,Baz2a,3302.1073,-0.0296,0.0736,-0.4021,0.6876,0.9995
Baz2b,Baz2b,1079.5032,-0.0268,0.1397,-0.192,0.8477,0.9995
BB014433,BB014433,3.7863,0.1685,0.9357,0.18,0.8571,0.9995
BB123696,BB123696,0.8019,-1.1077,1.9409,-0.5707,0.5682,0.9995
BB557941,BB557941,7.0765,0.2722,0.6754,0.403,0.687,0.9995
Bbc3,Bbc3,329.5682,0.124,0.162,0.7651,0.4442,0.9995
Bbip1,Bbip1,725.5634,-0.1746,0.1865,-0.9362,0.3492,0.9995
Bbs1,Bbs1,652.2884,-0.1084,0.0847,-1.2794,0.2007,0.9995
Bbs10,Bbs10,179.7368,0.0751,0.1359,0.5528,0.5804,0.9995
Bbs12,Bbs12,232.8506,0.0165,0.1549,0.1064,0.9153,0.9995
Bbs2,Bbs2,1305.9007,-0.0825,0.0723,-1.14,0.2543,0.9995
Bbs4,Bbs4,415.0726,-0.0416,0.1147,-0.363,0.7166,0.9995
Bbs5,Bbs5,534.6155,-0.0773,0.1068,-0.7245,0.4688,0.9995
Bbs7,Bbs7,436.651,-0.0645,0.1273,-0.5066,0.6124,0.9995
Bbs9,Bbs9,582.0182,-0.0476,0.0759,-0.627,0.5307,0.9995
Bbx,Bbx,1904.379,0.0761,0.1784,0.4264,0.6698,0.9995
BC002163,BC002163,9.483,0.284,0.4677,0.6073,0.5436,0.9995
BC003331,BC003331,1180.1989,0.0723,0.1329,0.5441,0.5864,0.9995
BC003965,BC003965,878.0099,0.161,0.0776,2.0751,0.038,0.9995
BC004004,BC004004,4593.2981,0.0136,0.0684,0.1981,0.8429,0.9995
BC005537,BC005537,8522.7732,0.015,0.0749,0.2002,0.8413,0.9995
BC005561,BC005561,91.1163,-0.0418,0.1677,-0.2493,0.8031,0.9995
BC005624,BC005624,1640.3665,-0.0093,0.0491,-0.1894,0.8498,0.9995
BC017158,BC017158,604.2497,0.0994,0.1623,0.6121,0.5405,0.9995
BC017643,BC017643,2051.6808,0.0617,0.1314,0.4698,0.6385,0.9995
BC020402,BC020402,84.9868,0.2562,0.241,1.0632,0.2877,0.9995
BC021614,BC021614,1.2618,-0.6709,1.2361,-0.5427,0.5873,0.9995
BC021767,BC021767,2.6241,-0.4563,0.985,-0.4632,0.6432,0.9995
BC021785,BC021785,3.3166,-0.464,0.8443,-0.5495,0.5826,0.9995
BC022687,BC022687,2333.3456,0.2883,0.5904,0.4884,0.6253,0.9995
BC023829,BC023829,2597.194,0.0759,0.1433,0.5299,0.5961,0.9995
BC024139,BC024139,5.2518,-0.3749,0.6772,-0.5536,0.5798,0.9995
BC024978,BC024978,169.0058,0.1476,0.1794,0.823,0.4105,0.9995
BC025920,BC025920,36.0528,0.356,0.3414,1.0428,0.297,0.9995
BC027231,BC027231,926.0967,-0.0219,0.0784,-0.2789,0.7803,0.9995
BC028528,BC028528,57.0734,-0.0794,0.342,-0.2321,0.8165,0.9995
BC029214,BC029214,676.0729,0.1214,0.091,1.3343,0.1821,0.9995
BC029722,BC029722,1213.3977,-0.0021,0.0784,-0.0266,0.9788,0.9995
BC030336,BC030336,1048.862,-0.0289,0.1452,-0.1987,0.8425,0.9995
BC030499,BC030499,4.3518,0.3275,0.7479,0.4379,0.6615,0.9995
BC030500,BC030500,0.573,-2.5201,1.8959,-1.3293,0.1838,0.9995
BC030867,BC030867,147.8068,-0.1702,0.3342,-0.5092,0.6106,0.9995
BC031181,BC031181,2707.6595,0.1101,0.0641,1.717,0.086,0.9995
BC031361,BC031361,48.311,0.021,0.2951,0.0711,0.9433,0.9995
BC035044,BC035044,3.421,0.3561,1.2014,0.2964,0.7669,0.9995
BC037032,BC037032,18.3667,0.4489,0.4543,0.9883,0.323,0.9995
BC037034,BC037034,450.693,0.1232,0.1288,0.9566,0.3387,0.9995
BC037704,BC037704,27.8581,0.3665,0.3929,0.9328,0.3509,0.9995
BC039771,BC039771,51.0729,-0.1205,0.2734,-0.441,0.6592,0.9995
BC039966,BC039966,36.007,-0.0719,0.236,-0.3045,0.7607,0.9995
BC046251,BC046251,0.5728,0.7125,2.0543,0.3469,0.7287,0.9995
BC048403,BC048403,406.2948,-0.0696,0.1502,-0.4635,0.643,0.9995
BC048502,BC048502,1.3657,-0.1264,1.8454,-0.0685,0.9454,0.9995
BC048609,BC048609,1.1421,-0.4659,1.4104,-0.3304,0.7411,0.9995
BC049715,BC049715,0.457,0.2197,2.5718,0.0854,0.9319,0.9995
BC049762,BC049762,1.1411,-0.756,1.3254,-0.5704,0.5684,0.9995
BC051019,BC051019,272.0269,0.3072,0.2934,1.0471,0.2951,0.9995
BC051226,BC051226,32.5189,0.1375,0.422,0.3259,0.7445,0.9995
BC052040,BC052040,365.485,-0.1345,0.1031,-1.3042,0.1922,0.9995
BC055324,BC055324,275.7632,-0.1604,0.2489,-0.6444,0.5193,0.9995
BC055402,BC055402,0.4565,-2.1935,2.4295,-0.9028,0.3666,0.9995
BC061237,BC061237,0.801,-0.7198,1.9586,-0.3675,0.7132,0.9995
BC064078,BC064078,11.3065,-0.0702,0.4621,-0.152,0.8792,0.9995
BC065397,BC065397,19.0819,-0.5772,0.387,-1.4914,0.1359,0.9995
BC068281,BC068281,397.3254,0.0518,0.1058,0.4894,0.6245,0.9995
BC094916,BC094916,0.5713,0.7077,2.0544,0.3445,0.7305,0.9995
Bc1,Bc1,0.9143,-1.3587,1.8576,-0.7314,0.4645,0.9995
BC100451,BC100451,26.9511,0.115,0.299,0.3845,0.7006,0.9995
Bcam,Bcam,1290.677,0.033,0.2479,0.133,0.8942,0.9995
Bcan,Bcan,3.8833,0.1817,0.7439,0.2443,0.807,0.9995
Bcap29,Bcap29,800.4976,0.0452,0.1734,0.2608,0.7943,0.9995
Bcap31,Bcap31,8913.5717,0.0195,0.0828,0.2353,0.814,0.9995
Bcar1,Bcar1,3508.5496,-0.0551,0.1359,-0.4057,0.685,0.9995
Bcar3,Bcar3,2078.7676,-0.0929,0.0924,-1.0055,0.3147,0.9995
Bcas1,Bcas1,1.6,0.099,1.2873,0.0769,0.9387,0.9995
Bcas1os2,Bcas1os2,0.4555,1.0267,2.5437,0.4036,0.6865,0.9995
Bcas2,Bcas2,2376.5141,0.0798,0.0571,1.3971,0.1624,0.9995
Bcas3,Bcas3,1305.3169,-0.0352,0.0853,-0.413,0.6796,0.9995
Bcat1,Bcat1,2405.0074,0.1074,0.2099,0.5118,0.6088,0.9995
Bcat2,Bcat2,1843.4877,-0.0102,0.0808,-0.1257,0.9,0.9995
Bccip,Bccip,1270.1147,0.1266,0.1258,1.0062,0.3143,0.9995
Bcdin3d,Bcdin3d,209.8853,0.1267,0.1102,1.1495,0.2503,0.9995
Bche,Bche,2.8617,0.8832,0.8548,1.0333,0.3015,0.9995
Bckdha,Bckdha,1683.8118,0.0626,0.1058,0.5921,0.5538,0.9995
Bckdhb,Bckdhb,54.4794,0.2153,0.2253,0.9553,0.3394,0.9995
Bckdk,Bckdk,2045.5402,0.0348,0.0897,0.3884,0.6977,0.9995
Bcl10,Bcl10,2734.0715,-0.0316,0.0685,-0.4609,0.6449,0.9995
Bcl2,Bcl2,356.5608,-0.2751,0.2501,-1.1,0.2713,0.9995
Bcl2l1,Bcl2l1,2543.1788,0.1918,0.1751,1.0955,0.2733,0.9995
Bcl2l11,Bcl2l11,1289.8401,0.0327,0.1424,0.2297,0.8183,0.9995
Bcl2l12,Bcl2l12,198.9819,0.1971,0.1355,1.4539,0.146,0.9995
Bcl2l13,Bcl2l13,2797.8987,0.0456,0.0605,0.755,0.4503,0.9995
Bcl2l14,Bcl2l14,3.2051,0.2961,0.9319,0.3177,0.7507,0.9995
Bcl2l15,Bcl2l15,7.7714,0.0328,0.5209,0.0629,0.9498,0.9995
Bcl2l2,Bcl2l2,2405.8082,0.1149,0.1107,1.0378,0.2994,0.9995
Bcl3,Bcl3,956.9031,0.1562,0.2216,0.7047,0.481,0.9995
Bcl6,Bcl6,2550.5808,0.0183,0.0942,0.1948,0.8456,0.9995
Bcl6b,Bcl6b,110.9196,0.1541,0.199,0.7745,0.4386,0.9995
Bcl7a,Bcl7a,958.113,-0.0158,0.1124,-0.1406,0.8882,0.9995
Bcl7b,Bcl7b,1132.1709,0.0939,0.1042,0.901,0.3676,0.9995
Bcl7c,Bcl7c,712.8209,0.0887,0.0918,0.9669,0.3336,0.9995
Bcl9,Bcl9,1061.2414,-0.0328,0.0666,-0.4922,0.6226,0.9995
Bcl9l,Bcl9l,2968.9455,-0.1101,0.0999,-1.1019,0.2705,0.9995
Bclaf1,Bclaf1,3215.3004,0.0317,0.1196,0.2651,0.7909,0.9995
Bco2,Bco2,6.9767,0.4362,0.5689,0.7669,0.4432,0.9995
Bcor,Bcor,2321.0037,-0.181,0.0759,-2.3844,0.0171,0.9995
Bcorl1,Bcorl1,909.3101,0.0466,0.1091,0.4268,0.6695,0.9995
Bcr,Bcr,2796.3836,-0.1296,0.108,-1.1998,0.2302,0.9995
Bcs1l,Bcs1l,669.3341,0.0614,0.0855,0.7179,0.4728,0.9995
Bdh1,Bdh1,11.2044,0.2226,0.4204,0.5295,0.5965,0.9995
Bdh2,Bdh2,449.8682,0.0445,0.108,0.4122,0.6802,0.9995
Bdkrb1,Bdkrb1,384.6007,0.0112,0.1128,0.0993,0.9209,0.9995
Bdkrb2,Bdkrb2,186.0706,0.1968,0.3774,0.5214,0.6021,0.9995
Bdnf,Bdnf,691.5427,-0.0048,0.1253,-0.0385,0.9693,0.9995
Bdp1,Bdp1,791.1252,-0.0444,0.1804,-0.2462,0.8055,0.9995
Bean1,Bean1,264.0975,0.2893,0.1354,2.137,0.0326,0.9995
Becn1,Becn1,3650.4469,0.062,0.0732,0.8469,0.3971,0.9995
Begain,Begain,13.3664,0.3727,0.4193,0.8889,0.3741,0.9995
Bend3,Bend3,665.2954,-0.1712,0.0803,-2.1335,0.0329,0.9995
Bend5,Bend5,26.875,-0.1556,0.29,-0.5367,0.5915,0.9995
Bend6,Bend6,681.0868,-0.0652,0.1207,-0.54,0.5892,0.9995
Best1,Best1,277.3215,-0.1459,0.3576,-0.4081,0.6832,0.9995
Best2,Best2,1.4891,-0.7686,1.2653,-0.6075,0.5435,0.9995
Best3,Best3,49.3682,0.3302,0.2505,1.318,0.1875,0.9995
Bet1,Bet1,1844.0759,-0.0827,0.0865,-0.957,0.3386,0.9995
Bet1l,Bet1l,1204.1308,0.1318,0.086,1.5328,0.1253,0.9995
Bex1,Bex1,2.9724,0.5379,0.9452,0.569,0.5693,0.9995
Bex2,Bex2,1.8324,1.61,1.2674,1.2703,0.204,0.9995
Bfar,Bfar,1423.5897,0.0561,0.0898,0.6252,0.5318,0.9995
Bfsp1,Bfsp1,7.7559,0.6041,0.6282,0.9616,0.3363,0.9995
Bfsp2,Bfsp2,6.7423,0.4007,0.5641,0.7103,0.4775,0.9995
Bglap,Bglap,2.0529,0.3441,1.0715,0.3212,0.7481,0.9995
Bglap2,Bglap2,19.6892,-0.6792,0.3762,-1.8057,0.071,0.9995
Bglap3,Bglap3,21.073,-0.253,0.4235,-0.5974,0.5502,0.9995
Bgn,Bgn,140805.1752,0.039,0.153,0.2546,0.799,0.9995
Bhlha15,Bhlha15,3.4318,-1.2104,0.8628,-1.4028,0.1607,0.9995
Bhlha9,Bhlha9,0.9107,2.3971,1.6755,1.4307,0.1525,0.9995
Bhlhb9,Bhlhb9,1478.3035,-0.103,0.1222,-0.8429,0.3993,0.9995
Bhlhe40,Bhlhe40,7424.3393,-0.0052,0.1014,-0.0515,0.9589,0.9995
Bhlhe41,Bhlhe41,3429.6841,-0.075,0.1612,-0.4654,0.6416,0.9995
Bhmt,Bhmt,1.3728,0.9959,1.2255,0.8127,0.4164,0.9995
Bicc1,Bicc1,938.5726,-0.1778,0.0786,-2.2623,0.0237,0.9995
Bicd1,Bicd1,82.6972,0.0256,0.2116,0.1211,0.9036,0.9995
Bicd2,Bicd2,10945.3382,-0.1095,0.1934,-0.5661,0.5713,0.9995
Bid,Bid,1946.8265,0.0038,0.0993,0.038,0.9697,0.9995
Bik,Bik,48.7775,0.4304,0.2836,1.5178,0.1291,0.9995
Bin1,Bin1,26194.5924,0.0793,0.122,0.6505,0.5154,0.9995
Bin3,Bin3,1869.0002,0.0432,0.0706,0.6117,0.5407,0.9995
Birc2,Birc2,1383.0196,-0.0044,0.1143,-0.0385,0.9693,0.9995
Birc3,Birc3,134.7793,-0.1228,0.1682,-0.7301,0.4653,0.9995
Birc5,Birc5,1090.3171,-0.1045,0.5383,-0.194,0.8461,0.9995
Birc6,Birc6,4122.9083,-0.1799,0.2051,-0.8772,0.3804,0.9995
Bivm,Bivm,1234.9608,-0.0382,0.0852,-0.4484,0.6538,0.9995
Blcap,Blcap,1489.2397,0.1308,0.1658,0.789,0.4301,0.9995
Blk,Blk,7.2013,1.0033,0.5319,1.8862,0.0593,0.9995
Blm,Blm,199.4276,-0.1202,0.3168,-0.3793,0.7045,0.9995
Blmh,Blmh,2693.3249,0.0519,0.0883,0.5877,0.5568,0.9995
Blnk,Blnk,467.086,-0.3096,0.1519,-2.0384,0.0415,0.9995
Bloc1s1,Bloc1s1,1318.4603,0.0237,0.0751,0.3155,0.7524,0.9995
Bloc1s2,Bloc1s2,1044.2881,0.1195,0.0832,1.4376,0.1505,0.9995
Bloc1s3,Bloc1s3,566.1729,0.1129,0.1752,0.6442,0.5194,0.9995
Bloc1s4,Bloc1s4,507.1974,-0.0333,0.0995,-0.3342,0.7382,0.9995
Bloc1s5,Bloc1s5,978.804,0.0548,0.0668,0.8205,0.412,0.9995
Bloc1s6,Bloc1s6,2065.5069,-0.0034,0.0771,-0.0438,0.965,0.9995
Blvra,Blvra,692.9488,0.0445,0.0916,0.4853,0.6274,0.9995
Blvrb,Blvrb,806.2928,0.171,0.2323,0.7361,0.4617,0.9995
Blzf1,Blzf1,1264.051,-0.0688,0.1252,-0.5497,0.5825,0.9995
Bmf,Bmf,1383.9274,0.08,0.1459,0.5488,0.5832,0.9995
Bmi1,Bmi1,2833.8495,-0.0139,0.1716,-0.0811,0.9354,0.9995
Bmp1,Bmp1,10212.0408,-0.0296,0.1355,-0.2182,0.8273,0.9995
Bmp2,Bmp2,12.2524,-0.2973,0.5466,-0.5439,0.5865,0.9995
Bmp2k,Bmp2k,843.6537,-0.0597,0.1257,-0.475,0.6348,0.9995
Bmp3,Bmp3,0.3428,-1.7798,2.6044,-0.6834,0.4944,0.9995
Bmp4,Bmp4,1644.4894,-0.3008,0.2821,-1.0665,0.2862,0.9995
Bmp5,Bmp5,0.4569,1.4162,2.4895,0.5689,0.5694,0.9995
Bmp6,Bmp6,14.5315,-0.3132,0.4199,-0.746,0.4557,0.9995
Bmp7,Bmp7,1.3718,-0.8574,1.1867,-0.7225,0.47,0.9995
Bmp8a,Bmp8a,21.6209,0.0805,0.608,0.1324,0.8947,0.9995
Bmp8b,Bmp8b,1.8385,0.0809,1.3574,0.0596,0.9525,0.9995
Bmper,Bmper,6671.3837,-0.0313,0.125,-0.25,0.8026,0.9995
Bmpr1a,Bmpr1a,5587.2461,-0.006,0.1386,-0.0433,0.9654,0.9995
Bmpr1b,Bmpr1b,247.7832,-0.1469,0.1808,-0.8124,0.4166,0.9995
Bmpr2,Bmpr2,2605.8904,-0.1247,0.1851,-0.6738,0.5004,0.9995
Bms1,Bms1,2630.3774,0.0029,0.1169,0.025,0.98,0.9995
Bmyc,Bmyc,37.6109,-0.2673,0.2278,-1.1736,0.2406,0.9995
Bnc1,Bnc1,15.8805,-0.9841,1.047,-0.9399,0.3473,0.9995
Bnc2,Bnc2,1058.1768,-0.1254,0.1022,-1.2274,0.2197,0.9995
Bnip1,Bnip1,722.3456,0.0735,0.0713,1.0314,0.3023,0.9995
Bnip2,Bnip2,7956.5631,0.1146,0.0951,1.2041,0.2286,0.9995
Bnip3,Bnip3,12274.0333,-0.1799,0.2092,-0.8602,0.3897,0.9995
Bnip3l,Bnip3l,6880.3732,-0.145,0.1396,-1.0389,0.2989,0.9995
Bnipl,Bnipl,4.2363,-0.2861,0.8078,-0.3541,0.7232,0.9995
Boc,Boc,1347.9805,-0.0338,0.1594,-0.2118,0.8322,0.9995
Bod1,Bod1,2394.1989,0.1729,0.0622,2.7781,0.0055,0.9995
Bod1l,Bod1l,951.4052,-0.0985,0.1181,-0.8343,0.4041,0.9995
Bok,Bok,1556.8358,0.2304,0.2244,1.0268,0.3045,0.9995
Bola1,Bola1,372.6798,0.0171,0.0944,0.1808,0.8565,0.9995
Bola2,Bola2,409.9303,0.1089,0.1375,0.7922,0.4282,0.9995
Bola3,Bola3,581.4932,0.0492,0.0903,0.5444,0.5861,0.9995
Bop1,Bop1,4300.2138,0.115,0.0881,1.3046,0.192,0.9995
Bora,Bora,274.4873,0.0045,0.2528,0.0178,0.9858,0.9995
Borg,Borg,4.35,-1.0704,0.7263,-1.4739,0.1405,0.9995
Bpgm,Bpgm,1119.4301,0.0767,0.1028,0.746,0.4557,0.9995
Bphl,Bphl,786.4565,-0.1072,0.1087,-0.9864,0.3239,0.9995
Bpifb1,Bpifb1,2.97,0.084,1.0109,0.0831,0.9337,0.9995
Bpifc,Bpifc,1.0249,-0.4437,1.7145,-0.2588,0.7958,0.9995
Bpnt1,Bpnt1,1415.9595,0.09,0.0675,1.3339,0.1823,0.9995
Bptf,Bptf,2664.1114,-0.212,0.1498,-1.4153,0.157,0.9995
Braf,Braf,800.8401,0.0085,0.1369,0.0621,0.9505,0.9995
Brap,Brap,3371.3152,-0.0103,0.0466,-0.2203,0.8256,0.9995
Brat1,Brat1,1084.8292,0.07,0.074,0.9459,0.3442,0.9995
Brca1,Brca1,393.9973,-0.1397,0.392,-0.3564,0.7216,0.9995
Brca2,Brca2,173.1811,-0.4788,0.2021,-2.3686,0.0179,0.9995
Brcc3,Brcc3,660.7267,-0.0195,0.0767,-0.2544,0.7992,0.9995
Brd1,Brd1,3632.3468,-0.0929,0.0846,-1.0977,0.2723,0.9995
Brd2,Brd2,9640.9194,-0.0722,0.0745,-0.9685,0.3328,0.9995
Brd3,Brd3,2703.2623,-0.0305,0.1085,-0.2814,0.7784,0.9995
Brd4,Brd4,3925.3874,-0.059,0.0694,-0.8505,0.395,0.9995
Brd7,Brd7,3823.3198,0.0162,0.0831,0.1953,0.8452,0.9995
Brd8,Brd8,2262.7913,-0.1483,0.082,-1.8078,0.0706,0.9995
Brd9,Brd9,1450.5362,0.0226,0.067,0.338,0.7354,0.9995
Brdt,Brdt,44.3522,-0.2394,0.2121,-1.1285,0.2591,0.9995
Bre,Bre,2008.2403,-0.0183,0.0769,-0.2379,0.812,0.9995
Brf1,Brf1,1682.7945,-0.0331,0.0606,-0.5466,0.5846,0.9995
Brf2,Brf2,580.1132,0.0137,0.0934,0.1465,0.8835,0.9995
Bri3,Bri3,1471.5497,0.1589,0.1764,0.9009,0.3676,0.9995
Bri3bp,Bri3bp,1787.1518,0.0482,0.1677,0.2877,0.7736,0.9995
Brinp1,Brinp1,7.6628,-0.3733,0.5687,-0.6565,0.5115,0.9995
Brinp3,Brinp3,5404.8952,0.2019,0.1917,1.0532,0.2923,0.9995
Brip1,Brip1,199.0613,-0.03,0.4605,-0.0651,0.9481,0.9995
Brip1os,Brip1os,2120.7027,-0.1082,0.1581,-0.6845,0.4936,0.9995
Brix1,Brix1,2855.9992,0.0286,0.1061,0.2696,0.7875,0.9995
Brk1,Brk1,4174.0191,0.0935,0.0884,1.0583,0.2899,0.9995
Brms1,Brms1,890.7493,0.0426,0.0754,0.5647,0.5723,0.9995
Brms1l,Brms1l,1524.8549,0.0188,0.0837,0.2249,0.8221,0.9995
Brox,Brox,4483.4587,0.0099,0.0835,0.118,0.906,0.9995
Brpf1,Brpf1,1501.8355,-0.0382,0.0724,-0.5273,0.598,0.9995
Brpf3,Brpf3,810.6016,-0.0014,0.1265,-0.011,0.9912,0.9995
Brsk1,Brsk1,448.2049,-0.1396,0.1255,-1.1119,0.2662,0.9995
Brsk2,Brsk2,1.0298,1.1008,1.4762,0.7457,0.4559,0.9995
Brwd1,Brwd1,2111.4731,-0.0715,0.1844,-0.3876,0.6983,0.9995
Brwd3,Brwd3,219.3053,0.0703,0.2324,0.3023,0.7624,0.9995
Bscl2,Bscl2,81.7934,0.0752,0.1772,0.4243,0.6713,0.9995
Bsdc1,Bsdc1,2324.1514,-0.0148,0.1087,-0.1363,0.8916,0.9995
Bsg,Bsg,42617.2143,0.142,0.1825,0.7779,0.4366,0.9995
Bsn,Bsn,185.9154,0.0367,0.2527,0.1454,0.8844,0.9995
Bspry,Bspry,38.7172,-0.0385,0.2461,-0.1563,0.8758,0.9995
Bst1,Bst1,1.2565,0.2265,1.414,0.1602,0.8728,0.9995
Bst2,Bst2,720.213,-0.1737,0.1636,-1.0614,0.2885,0.9995
Btaf1,Btaf1,1375.0182,-0.0433,0.1467,-0.2951,0.7679,0.9995
Btbd1,Btbd1,3697.0292,-0.0411,0.112,-0.367,0.7136,0.9995
Btbd10,Btbd10,1057.0505,0.0176,0.0754,0.234,0.815,0.9995
Btbd11,Btbd11,984.9036,-0.0387,0.1848,-0.2094,0.8341,0.9995
Btbd17,Btbd17,148.2258,0.0748,0.3126,0.2394,0.8108,0.9995
Btbd18,Btbd18,3.4353,0.2418,0.8325,0.2905,0.7715,0.9995
Btbd19,Btbd19,608.884,-0.0622,0.1162,-0.5355,0.5923,0.9995
Btbd2,Btbd2,2176.0833,-0.0156,0.0693,-0.2258,0.8213,0.9995
Btbd3,Btbd3,694.678,-0.0454,0.0971,-0.468,0.6398,0.9995
Btbd6,Btbd6,703.1555,0.2303,0.0896,2.57,0.0102,0.9995
Btbd7,Btbd7,1227.4113,-0.2151,0.1015,-2.119,0.0341,0.9995
Btbd8,Btbd8,10.8502,0.3267,0.4303,0.7593,0.4477,0.9995
Btbd9,Btbd9,1322.9624,-0.0883,0.0787,-1.1218,0.262,0.9995
Btc,Btc,43.0931,-0.1446,0.314,-0.4606,0.6451,0.9995
Btd,Btd,1788.1419,-0.0348,0.1068,-0.3259,0.7445,0.9995
Btf3,Btf3,11657.366,0.1678,0.1,1.6781,0.0933,0.9995
Btf3l4,Btf3l4,1952.0784,0.0673,0.094,0.7156,0.4742,0.9995
Btg1,Btg1,9801.3427,0.0922,0.1612,0.5718,0.5675,0.9995
Btg1-ps2,Btg1-ps2,0.5756,-1.4822,2.3928,-0.6195,0.5356,0.9995
Btg2,Btg2,1899.6401,-0.2208,0.1149,-1.9215,0.0547,0.9995
Btg3,Btg3,28.4183,0.4537,0.3764,1.2052,0.2281,0.9995
Btg4,Btg4,0.4578,0.218,2.1462,0.1016,0.9191,0.9995
Btk,Btk,0.4593,0.2102,2.5707,0.0818,0.9348,0.9995
Btla,Btla,95.4581,0.4498,0.2111,2.1308,0.0331,0.9995
Btn1a1,Btn1a1,3.8919,0.0637,0.7238,0.088,0.9299,0.9995
Btn2a2,Btn2a2,15.7894,0.0829,0.4034,0.2054,0.8372,0.9995
Btnl9,Btnl9,0.4552,-1.0536,2.5227,-0.4176,0.6762,0.9995
Btrc,Btrc,1349.5254,-0.0266,0.0734,-0.3622,0.7172,0.9995
Bub1,Bub1,617.401,-0.2286,0.5838,-0.3916,0.6953,0.9995
Bub1b,Bub1b,1383.7787,-0.0914,0.4155,-0.22,0.8259,0.9995
Bub3,Bub3,3592.8286,0.0668,0.0985,0.6777,0.4979,0.9995
Bud13,Bud13,566.1444,-0.0073,0.0956,-0.0768,0.9388,0.9995
Bud31,Bud31,2337.4939,0.1421,0.0623,2.2812,0.0225,0.9995
Bves,Bves,3893.0284,-0.052,0.1499,-0.3469,0.7287,0.9995
Bvht,Bvht,130.0454,0.3946,0.1465,2.6944,0.0071,0.9995
Bysl,Bysl,1774.2087,0.1315,0.0851,1.5442,0.1225,0.9995
Bzrap1,Bzrap1,29.1561,-0.0894,0.3085,-0.2898,0.7719,0.9995
Bzw1,Bzw1,10165.0725,-0.0128,0.106,-0.121,0.9037,0.9995
Bzw2,Bzw2,2524.6081,0.128,0.1306,0.9799,0.3271,0.9995
C030006K11Rik,C030006K11Rik,691.6691,0.1382,0.1263,1.0949,0.2735,0.9995
C030013C21Rik,C030013C21Rik,1.2573,0.7885,1.2795,0.6163,0.5377,0.9995
C030016D13Rik,C030016D13Rik,6.0456,1.1773,0.9804,1.2008,0.2298,0.9995
C030034I22Rik,C030034I22Rik,37.6936,0.0357,0.2842,0.1257,0.9,0.9995
C030037D09Rik,C030037D09Rik,59.2582,-0.0305,0.2319,-0.1317,0.8952,0.9995
C030039L03Rik,C030039L03Rik,164.9063,-0.0668,0.1689,-0.3952,0.6927,0.9995
C130021I20Rik,C130021I20Rik,0.4579,-1.0587,2.5208,-0.42,0.6745,0.9995
C130026I21Rik,C130026I21Rik,1.8263,-0.5715,1.0502,-0.5442,0.5863,0.9995
C130036L24Rik,C130036L24Rik,10.2856,0.1502,0.4836,0.3105,0.7562,0.9995
C130046K22Rik,C130046K22Rik,1.5984,0.2888,1.192,0.2423,0.8086,0.9995
C130050O18Rik,C130050O18Rik,8.111,-0.0819,0.6001,-0.1365,0.8915,0.9995
C130060C02Rik,C130060C02Rik,4.6863,0.0493,0.7109,0.0694,0.9447,0.9995
C130071C03Rik,C130071C03Rik,0.6817,-0.2918,2.0293,-0.1438,0.8857,0.9995
C130074G19Rik,C130074G19Rik,1.9408,-0.317,1.0457,-0.3032,0.7618,0.9995
C130080G10Rik,C130080G10Rik,93.3369,0.2683,0.4911,0.5463,0.5848,0.9995
C130083M11Rik,C130083M11Rik,52.1019,0.1483,0.285,0.5203,0.6028,0.9995
C1d,C1d,1950.1503,0.0168,0.0795,0.2117,0.8324,0.9995
C1galt1,C1galt1,581.9965,-0.0405,0.1677,-0.2412,0.8094,0.9995
C1galt1c1,C1galt1c1,1440.2148,-0.1164,0.1203,-0.9679,0.3331,0.9995
C1qbp,C1qbp,4570.8695,0.1464,0.127,1.1529,0.2489,0.9995
C1ql1,C1ql1,25.6233,-0.0834,0.3926,-0.2125,0.8317,0.9995
C1ql3,C1ql3,1.8327,-0.6258,1.2032,-0.5201,0.603,0.9995
C1ql4,C1ql4,2.9717,-0.9064,0.8731,-1.0382,0.2992,0.9995
C1qtnf1,C1qtnf1,2603.3914,-0.1423,0.1437,-0.9904,0.322,0.9995
C1qtnf2,C1qtnf2,3.4255,0.548,0.8593,0.6377,0.5237,0.9995
C1qtnf3,C1qtnf3,20618.1164,0.2101,0.7157,0.2936,0.7691,0.9995
C1qtnf4,C1qtnf4,4.7965,0.3793,0.733,0.5175,0.6048,0.9995
C1qtnf6,C1qtnf6,3185.3019,-0.0548,0.1845,-0.2971,0.7664,0.9995
C1qtnf7,C1qtnf7,1.0244,1.7105,1.8973,0.9016,0.3673,0.9995
C1qtnf9,C1qtnf9,0.9141,-1.0553,1.6663,-0.6333,0.5265,0.9995
C1ra,C1ra,8900.5523,0.0843,0.2709,0.3111,0.7557,0.9995
C1rb,C1rb,801.9058,0.0412,0.2509,0.1643,0.8695,0.9995
C1rl,C1rl,1072.144,-0.0468,0.1082,-0.4328,0.6651,0.9995
C1s1,C1s1,26870.902,0.0391,0.2624,0.149,0.8815,0.9995
C1s2,C1s2,2085.1525,-0.1547,0.2619,-0.5905,0.5549,0.9995
C2,C2,2.4023,-0.5763,0.9454,-0.6096,0.5421,0.9995
C230024C17Rik,C230024C17Rik,0.6851,0.8867,2.0446,0.4337,0.6645,0.9995
C230035I16Rik,C230035I16Rik,23.0632,0.165,0.3051,0.5409,0.5886,0.9995
C230037L18Rik,C230037L18Rik,4.9126,0.5451,0.6684,0.8155,0.4148,0.9995
C230091D08Rik,C230091D08Rik,349.9711,0.0114,0.2039,0.0561,0.9553,0.9995
C2cd2,C2cd2,536.8599,0.0459,0.1297,0.3538,0.7235,0.9995
C2cd2l,C2cd2l,807.595,0.1059,0.1607,0.6587,0.5101,0.9995
C2cd3,C2cd3,931.4926,-0.165,0.0689,-2.3941,0.0167,0.9995
C2cd4a,C2cd4a,2.0599,-0.5186,0.9714,-0.5339,0.5934,0.9995
C2cd4c,C2cd4c,13.1239,-0.2501,0.4587,-0.5453,0.5856,0.9995
C2cd5,C2cd5,856.4219,-0.0358,0.1011,-0.3535,0.7237,0.9995
C3,C3,31018.6954,-0.1209,0.1498,-0.8073,0.4195,0.9995
C330006A16Rik,C330006A16Rik,1859.8691,0.1045,0.0721,1.4481,0.1476,0.9995
C330007P06Rik,C330007P06Rik,1491.9513,-0.0336,0.1417,-0.2373,0.8124,0.9995
C330013E15Rik,C330013E15Rik,41.5823,0.2751,0.2266,1.214,0.2248,0.9995
C330013J21Rik,C330013J21Rik,10.6373,-0.1541,0.4999,-0.3082,0.7579,0.9995
C330018D20Rik,C330018D20Rik,593.9132,-0.0301,0.0887,-0.3387,0.7349,0.9995
C330021F23Rik,C330021F23Rik,218.215,0.3587,0.1876,1.9118,0.0559,0.9995
C330024C12Rik,C330024C12Rik,1.825,0.7571,1.2145,0.6234,0.533,0.9995
C330027C09Rik,C330027C09Rik,596.2865,0.0413,0.4467,0.0925,0.9263,0.9995
C3ar1,C3ar1,17.5213,0.1865,0.4908,0.3801,0.7039,0.9995
C430002N11Rik,C430002N11Rik,14.5409,-0.0492,0.4418,-0.1113,0.9114,0.9995
C430049B03Rik,C430049B03Rik,195.9384,-0.0321,0.1959,-0.164,0.8697,0.9995
C4a,C4a,68.2291,-0.0814,0.1812,-0.4491,0.6534,0.9995
C4b,C4b,12.9977,0.8315,0.6861,1.2119,0.2255,0.9995
C530005A16Rik,C530005A16Rik,16.3353,0.2919,0.4642,0.6287,0.5295,0.9995
C530008M17Rik,C530008M17Rik,281.3353,-0.4194,0.2286,-1.8342,0.0666,0.9995
C630043F03Rik,C630043F03Rik,27.2958,0.0714,0.3186,0.2241,0.8226,0.9995
C77080,C77080,4180.706,-0.0072,0.1229,-0.0584,0.9534,0.9995
C87436,C87436,790.1452,0.0735,0.1494,0.4922,0.6226,0.9995
C8a,C8a,0.4562,0.214,2.5725,0.0832,0.9337,0.9995
C8g,C8g,56.0175,-0.1101,0.1955,-0.563,0.5734,0.9995
C9,C9,1.8322,0.1007,1.1695,0.0861,0.9314,0.9995
C920006O11Rik,C920006O11Rik,8.6733,0.428,0.5469,0.7826,0.4338,0.9995
C920009B18Rik,C920009B18Rik,192.371,-0.0011,0.1421,-0.008,0.9936,0.9995
C920021L13Rik,C920021L13Rik,12.1133,-0.2145,0.482,-0.4451,0.6563,0.9995
C920025E04Rik,C920025E04Rik,299.5889,0.0909,0.1923,0.4725,0.6366,0.9995
Caap1,Caap1,443.9828,-0.104,0.152,-0.6842,0.4938,0.9995
Cab39,Cab39,3726.3465,-0.0172,0.1336,-0.1289,0.8974,0.9995
Cab39l,Cab39l,1602.4858,-0.0435,0.1003,-0.4338,0.6644,0.9995
Cabin1,Cabin1,3700.6599,-0.048,0.0921,-0.5216,0.6019,0.9995
Cables1,Cables1,185.259,-0.075,0.198,-0.3786,0.705,0.9995
Cables2,Cables2,760.6229,-0.0167,0.0682,-0.2453,0.8062,0.9995
Cabp1,Cabp1,2.5078,0.1265,0.9237,0.137,0.891,0.9995
Cabp2,Cabp2,1.4876,0.1995,1.2981,0.1537,0.8778,0.9995
Cabp4,Cabp4,5.0194,0.286,0.6938,0.4122,0.6802,0.9995
Cabyr,Cabyr,28.01,0.0638,0.305,0.209,0.8344,0.9995
Cacfd1,Cacfd1,1417.0369,-0.01,0.0981,-0.1016,0.9191,0.9995
Cachd1,Cachd1,594.6882,-0.1397,0.1158,-1.207,0.2274,0.9995
Cacna1a,Cacna1a,74.6148,0.0161,0.1847,0.0869,0.9307,0.9995
Cacna1b,Cacna1b,69.0915,-0.0974,0.2985,-0.3262,0.7443,0.9995
Cacna1c,Cacna1c,0.7985,2.2676,1.6625,1.3639,0.1726,0.9995
Cacna1d,Cacna1d,2.2815,0.226,0.9217,0.2452,0.8063,0.9995
Cacna1g,Cacna1g,187.0472,0.0041,0.8274,0.005,0.996,0.9995
Cacna1h,Cacna1h,1.3661,-0.5553,1.4179,-0.3916,0.6953,0.9995
Cacna1i,Cacna1i,0.7987,-0.2712,1.6643,-0.163,0.8705,0.9995
Cacna1s,Cacna1s,1923.5455,0.1985,0.3099,0.6407,0.5217,0.9995
Cacna2d1,Cacna2d1,2650.8666,0.0343,0.1799,0.1908,0.8487,0.9995
Cacna2d2,Cacna2d2,11.4266,0.0932,0.9832,0.0948,0.9245,0.9995
Cacna2d3,Cacna2d3,0.5711,-0.3603,2.0508,-0.1757,0.8606,0.9995
Cacna2d4,Cacna2d4,0.3434,-0.475,2.672,-0.1778,0.8589,0.9995
Cacnb1,Cacnb1,2856.5991,-0.0175,0.1906,-0.0921,0.9266,0.9995
Cacnb2,Cacnb2,78.1861,-0.1043,0.2008,-0.5194,0.6034,0.9995
Cacnb3,Cacnb3,4309.5176,0.0073,0.0825,0.0888,0.9293,0.9995
Cacnb4,Cacnb4,13.7027,0.1581,0.391,0.4044,0.6859,0.9995
Cacng1,Cacng1,5658.8081,-0.0251,0.1608,-0.1561,0.876,0.9995
Cacng4,Cacng4,2.8588,-1.2349,0.981,-1.2588,0.2081,0.9995
Cacng6,Cacng6,41.8386,0.1053,0.3652,0.2884,0.7731,0.9995
Cacng7,Cacng7,9.4852,-0.2317,0.493,-0.47,0.6384,0.9995
Cacng8,Cacng8,1.031,-0.8469,1.4062,-0.6023,0.547,0.9995
Cactin,Cactin,1568.5399,-0.0291,0.0605,-0.4805,0.6309,0.9995
Cacul1,Cacul1,2486.0736,-0.1007,0.1121,-0.8987,0.3688,0.9995
Cacybp,Cacybp,3669.2279,0.1003,0.1206,0.8314,0.4058,0.9995
Cad,Cad,3362.4372,0.031,0.1323,0.2341,0.8149,0.9995
Cadm1,Cadm1,720.421,0.1447,0.1899,0.7617,0.4462,0.9995
Cadm2,Cadm2,2.2877,-0.4539,0.9343,-0.4858,0.6271,0.9995
Cadm3,Cadm3,13.6101,-0.5747,0.3948,-1.4555,0.1455,0.9995
Cadm4,Cadm4,843.1934,-0.1674,0.1396,-1.1995,0.2303,0.9995
Cage1,Cage1,82.5441,-0.1169,0.1689,-0.6923,0.4888,0.9995
Cahm,Cahm,14.501,1.1789,0.4508,2.6152,0.0089,0.9995
Calca,Calca,1.0261,0.9539,1.3729,0.6948,0.4872,0.9995
Calcb,Calcb,0.9137,0.1036,1.6358,0.0633,0.9495,0.9995
Calcoco1,Calcoco1,7894.2043,0.0542,0.0763,0.7105,0.4774,0.9995
Calcrl,Calcrl,558.5768,-0.1994,0.1949,-1.0231,0.3063,0.9995
Cald1,Cald1,21712.7121,-0.0274,0.12,-0.2286,0.8192,0.9995
Calhm2,Calhm2,2.3969,-1.0225,0.9412,-1.0863,0.2773,0.9995
Calm1,Calm1,23336.5831,-0.0859,0.0663,-1.2961,0.195,0.9995
Calm2,Calm2,16510.3792,0.077,0.0799,0.9631,0.3355,0.9995
Calm3,Calm3,10683.9263,0.01,0.1092,0.0917,0.9269,0.9995
Calml3,Calml3,1.7154,0.3098,1.0785,0.2873,0.7739,0.9995
Calml4,Calml4,151.6872,0.0729,0.2319,0.3143,0.7533,0.9995
Calr,Calr,90507.0959,-0.0347,0.1327,-0.2616,0.7936,0.9995
Calr3,Calr3,44.1967,-0.0443,0.3176,-0.1394,0.8892,0.9995
Calr4,Calr4,32.4749,-0.123,0.2907,-0.4232,0.6722,0.9995
Calu,Calu,42577.2425,-0.0351,0.0409,-0.8574,0.3912,0.9995
Caly,Caly,0.9184,-1.3676,1.646,-0.8309,0.406,0.9995
Camk1,Camk1,1823.063,-0.0109,0.0775,-0.1404,0.8883,0.9995
Camk1d,Camk1d,196.6578,-0.2862,0.135,-2.1192,0.0341,0.9995
Camk1g,Camk1g,505.0744,0.0683,0.2853,0.2395,0.8108,0.9995
Camk2a,Camk2a,1814.9974,0.009,0.2604,0.0345,0.9725,0.9995
Camk2b,Camk2b,141.0901,0.5954,0.7756,0.7677,0.4427,0.9995
Camk2d,Camk2d,2500.2649,-0.0163,0.0834,-0.1954,0.845,0.9995
Camk2g,Camk2g,4967.265,-0.0593,0.0751,-0.7899,0.4296,0.9995
Camk2n1,Camk2n1,82.6705,0.1251,0.1966,0.6364,0.5245,0.9995
Camk2n2,Camk2n2,184.6981,0.3241,0.2206,1.4693,0.1418,0.9995
Camk4,Camk4,9.8263,0.1069,0.5606,0.1907,0.8487,0.9995
Camkk1,Camkk1,471.0987,0.0641,0.0872,0.7347,0.4625,0.9995
Camkk2,Camkk2,1748.4017,0.0212,0.1506,0.1408,0.8881,0.9995
Camkmt,Camkmt,92.5588,-0.1577,0.1608,-0.9806,0.3268,0.9995
Camkv,Camkv,1.3775,0.0993,1.3407,0.0741,0.941,0.9995
Caml,Caml,1427.5249,0.0335,0.0661,0.5064,0.6125,0.9995
Camp,Camp,134.5209,0.0448,0.4548,0.0985,0.9215,0.9995
Camsap1,Camsap1,2515.1536,-0.0694,0.0657,-1.0561,0.2909,0.9995
Camsap2,Camsap2,2559.3605,-0.0499,0.1324,-0.3767,0.7064,0.9995
Camsap3,Camsap3,6.3982,-0.8773,0.6148,-1.4269,0.1536,0.9995
Camta1,Camta1,215.4148,0.0425,0.1092,0.3894,0.697,0.9995
Camta2,Camta2,1294.111,0.0128,0.0785,0.1633,0.8703,0.9995
Cand1,Cand1,8424.8612,-0.0544,0.0836,-0.6509,0.5151,0.9995
Cand2,Cand2,2332.2354,-0.0581,0.1223,-0.4748,0.6349,0.9995
Cant1,Cant1,3252.8141,-0.0074,0.1034,-0.0712,0.9432,0.9995
Canx,Canx,25137.8292,-0.1395,0.1194,-1.1683,0.2427,0.9995
Cap1,Cap1,16946.4592,0.0527,0.0715,0.7371,0.4611,0.9995
Cap2,Cap2,2849.0349,0.0931,0.2886,0.3226,0.747,0.9995
Capg,Capg,9661.581,0.0563,0.1209,0.4657,0.6414,0.9995
Capn1,Capn1,3124.1892,0.1425,0.0619,2.3035,0.0213,0.9995
Capn10,Capn10,572.3542,-0.0284,0.0986,-0.2882,0.7732,0.9995
Capn11,Capn11,20.2508,-0.0887,0.3421,-0.2593,0.7954,0.9995
Capn12,Capn12,1.2548,0.7943,1.3685,0.5805,0.5616,0.9995
Capn15,Capn15,596.7401,-0.1075,0.0823,-1.3058,0.1916,0.9995
Capn2,Capn2,15999.1925,-0.0831,0.1151,-0.722,0.4703,0.9995
Capn3,Capn3,754.6086,0.0231,0.1229,0.1882,0.8507,0.9995
Capn5,Capn5,969.1422,0.0085,0.1062,0.0805,0.9359,0.9995
Capn6,Capn6,1481.9766,0.2823,0.2898,0.9739,0.3301,0.9995
Capn7,Capn7,2342.5902,-0.1069,0.1543,-0.6927,0.4885,0.9995
Capn9,Capn9,0.8013,1.4211,1.7133,0.8295,0.4068,0.9995
Capns1,Capns1,11024.7185,0.0533,0.08,0.6664,0.5051,0.9995
Capns2,Capns2,1.8234,-0.6695,1.3286,-0.5039,0.6143,0.9995
Caprin1,Caprin1,15552.2619,-0.0698,0.0963,-0.7245,0.4687,0.9995
Caprin2,Caprin2,222.2735,-0.041,0.177,-0.2317,0.8168,0.9995
Caps2,Caps2,28.35,-0.1606,0.2896,-0.5547,0.5791,0.9995
Capza1,Capza1,2537.0915,-0.0317,0.1277,-0.2479,0.8042,0.9995
Capza2,Capza2,10069.3425,0.0368,0.1279,0.2875,0.7737,0.9995
Capzb,Capzb,13850.2264,0.041,0.0766,0.5358,0.5921,0.9995
Car1,Car1,2.4009,0.7448,0.9016,0.8261,0.4087,0.9995
Car11,Car11,307.7229,0.071,0.127,0.5593,0.576,0.9995
Car12,Car12,954.8479,0.2088,0.3546,0.5888,0.556,0.9995
Car13,Car13,2457.893,-0.0356,0.1029,-0.3462,0.7292,0.9995
Car14,Car14,5.7003,0.3404,0.8108,0.4198,0.6746,0.9995
Car15,Car15,21.2316,-0.0882,0.3633,-0.2428,0.8081,0.9995
Car2,Car2,135.2391,-0.1154,0.4049,-0.2851,0.7756,0.9995
Car3,Car3,505.0861,-0.3135,0.3765,-0.8325,0.4051,0.9995
Car5a,Car5a,0.4558,-1.0536,2.522,-0.4178,0.6761,0.9995
Car5b,Car5b,2204.1483,-0.0221,0.091,-0.2432,0.8079,0.9995
Car6,Car6,195.39,0.348,0.8894,0.3913,0.6956,0.9995
Car7,Car7,10.9677,-0.045,0.4408,-0.102,0.9188,0.9995
Car8,Car8,20.5845,-0.2651,0.3869,-0.6852,0.4932,0.9995
Car9,Car9,8539.0735,0.2447,0.3738,0.6545,0.5128,0.9995
Card10,Card10,93.5169,-0.2507,0.1857,-1.3502,0.1769,0.9995
Card11,Card11,2.7447,0.0873,1.0957,0.0797,0.9365,0.9995
Card14,Card14,47.5729,-0.1091,0.2462,-0.443,0.6578,0.9995
Card6,Card6,852.8931,0.0009,0.0668,0.0139,0.9889,0.9995
Card9,Card9,2.7377,0.1426,0.9556,0.1492,0.8814,0.9995
Carf,Carf,211.628,-0.0836,0.1837,-0.4551,0.649,0.9995
Carhsp1,Carhsp1,8916.9903,0.0204,0.0978,0.2083,0.835,0.9995
Carkd,Carkd,2309.8881,0.0794,0.1012,0.7839,0.4331,0.9995
Carm1,Carm1,2844.3488,0.0026,0.0715,0.0369,0.9706,0.9995
Carns1,Carns1,573.9361,-0.0379,0.1383,-0.274,0.7841,0.9995
Cars,Cars,3914.1467,0.0228,0.1497,0.1524,0.8789,0.9995
Cars2,Cars2,397.2282,-0.0509,0.1102,-0.462,0.6441,0.9995
Casc1,Casc1,10.6293,-0.12,0.5284,-0.2271,0.8203,0.9995
Casc3,Casc3,2536.3686,-0.0388,0.0573,-0.6774,0.4981,0.9995
Casc4,Casc4,1795.4845,0.0995,0.1857,0.5357,0.5921,0.9995
Casc5,Casc5,115.0292,-0.6366,0.4067,-1.5654,0.1175,0.9995
Casd1,Casd1,1351.6571,-0.1514,0.1382,-1.0956,0.2732,0.9995
Cask,Cask,1671.83,-0.1418,0.098,-1.4473,0.1478,0.9995
Caskin1,Caskin1,27.0972,-0.1109,0.2979,-0.3724,0.7096,0.9995
Caskin2,Caskin2,1007.8763,0.0772,0.0726,1.0626,0.288,0.9995
Casp1,Casp1,94.1626,0.1169,0.1629,0.7176,0.473,0.9995
Casp12,Casp12,1651.5419,-0.0032,0.133,-0.0242,0.9807,0.9995
Casp14,Casp14,8.6797,0.041,0.7042,0.0583,0.9535,0.9995
Casp2,Casp2,1109.8341,0.1012,0.1122,0.902,0.3671,0.9995
Casp3,Casp3,2663.6597,-0.0786,0.1155,-0.6805,0.4962,0.9995
Casp4,Casp4,558.5612,0.1066,0.2574,0.4141,0.6788,0.9995
Casp6,Casp6,1241.2641,0.0249,0.0971,0.2562,0.7978,0.9995
Casp7,Casp7,686.7645,0.0315,0.1227,0.2564,0.7976,0.9995
Casp8,Casp8,1133.8161,-0.11,0.1099,-1.0013,0.3167,0.9995
Casp8ap2,Casp8ap2,300.1091,-0.1936,0.1285,-1.5065,0.1319,0.9995
Casp9,Casp9,966.8838,0.0957,0.0843,1.1348,0.2565,0.9995
Casq1,Casq1,1502.2477,0.2488,0.3039,0.8185,0.4131,0.9995
Casq2,Casq2,16062.2827,0.1157,0.2261,0.5118,0.6088,0.9995
Cass4,Cass4,1.0322,-3.3689,1.6408,-2.0532,0.0401,0.9995
Cast,Cast,6928.1043,-0.0255,0.1297,-0.1969,0.8439,0.9995
Casz1,Casz1,228.7566,-0.0093,0.354,-0.0262,0.9791,0.9995
Cat,Cat,4566.7823,-0.0221,0.1738,-0.1271,0.8988,0.9995
Catip,Catip,6.8458,0.267,0.6441,0.4145,0.6785,0.9995
Catsper1,Catsper1,1.0247,0.9608,1.4578,0.6591,0.5098,0.9995
Catsper2,Catsper2,114.1706,-0.155,0.1721,-0.9004,0.3679,0.9995
Catsper3,Catsper3,14.6178,0.199,0.4605,0.4322,0.6656,0.9995
Catsperd,Catsperd,6.6331,-0.3998,0.6305,-0.6341,0.526,0.9995
Catsperg1,Catsperg1,4.6832,0.5652,0.6714,0.8418,0.3999,0.9995
Catsperg2,Catsperg2,0.9209,0.7845,2.3747,0.3304,0.7411,0.9995
Cav1,Cav1,8559.1243,-0.0509,0.3577,-0.1424,0.8868,0.9995
Cav2,Cav2,891.7387,0.1145,0.1676,0.6835,0.4943,0.9995
Cav3,Cav3,1190.3298,0.3718,0.3484,1.067,0.286,0.9995
Cbfa2t2,Cbfa2t2,1669.0257,-0.0836,0.067,-1.2479,0.2121,0.9995
Cbfa2t3,Cbfa2t3,338.677,0.0673,0.241,0.2793,0.78,0.9995
Cbfb,Cbfb,6016.6594,-0.0799,0.1287,-0.621,0.5346,0.9995
Cbl,Cbl,475.724,-0.2524,0.1505,-1.6776,0.0934,0.9995
Cblb,Cblb,1766.4339,-0.0334,0.0879,-0.3801,0.7039,0.9995
Cblc,Cblc,3.7763,-0.9692,0.8125,-1.1928,0.2329,0.9995
Cbll1,Cbll1,759.2177,0.0054,0.1245,0.0433,0.9655,0.9995
Cbln1,Cbln1,16.7067,-0.3246,0.3663,-0.8861,0.3756,0.9995
Cbln3,Cbln3,14.731,-0.0295,0.4584,-0.0643,0.9487,0.9995
Cbr1,Cbr1,1038.01,0.1151,0.1378,0.8347,0.4039,0.9995
Cbr2,Cbr2,3779.1461,0.0132,0.0865,0.1532,0.8782,0.9995
Cbr3,Cbr3,862.6031,0.1914,0.1986,0.9641,0.335,0.9995
Cbr4,Cbr4,494.7013,0.0307,0.0897,0.3418,0.7325,0.9995
Cbs,Cbs,12.5582,0.3479,0.4172,0.8338,0.4044,0.9995
Cbwd1,Cbwd1,885.4116,-0.0592,0.0847,-0.6986,0.4848,0.9995
Cbx1,Cbx1,1508.5281,-0.0335,0.087,-0.3854,0.7,0.9995
Cbx2,Cbx2,798.42,0.1347,0.1154,1.1672,0.2431,0.9995
Cbx3,Cbx3,2521.2998,0.0204,0.1425,0.1431,0.8862,0.9995
Cbx4,Cbx4,1566.0931,0.0912,0.1519,0.6005,0.5481,0.9995
Cbx5,Cbx5,11885.3003,-0.0808,0.2442,-0.3309,0.7407,0.9995
Cbx6,Cbx6,6725.4476,0.0269,0.0629,0.4275,0.669,0.9995
Cbx7,Cbx7,853.8754,0.1452,0.2132,0.6812,0.4957,0.9995
Cbx8,Cbx8,464.2058,0.0675,0.1542,0.438,0.6614,0.9995
Cby1,Cby1,1185.1959,0.0773,0.0705,1.0953,0.2734,0.9995
Cc2d1a,Cc2d1a,3729.3546,0.0221,0.1012,0.2184,0.8271,0.9995
Cc2d1b,Cc2d1b,1935.5442,-0.038,0.0971,-0.3911,0.6957,0.9995
Cc2d2a,Cc2d2a,772.3194,-0.2223,0.103,-2.1587,0.0309,0.9995
Ccar1,Ccar1,1666.6098,-0.0211,0.1528,-0.138,0.8903,0.9995
Ccar2,Ccar2,2358.1149,0.0259,0.0757,0.3422,0.7322,0.9995
Ccbe1,Ccbe1,1277.8657,-0.0971,0.1696,-0.5723,0.5671,0.9995
Ccbl1,Ccbl1,298.351,0.0573,0.1298,0.4413,0.659,0.9995
Ccbl2,Ccbl2,130.391,0.068,0.14,0.4856,0.6273,0.9995
Ccdc101,Ccdc101,335.4919,0.2538,0.2022,1.2555,0.2093,0.9995
Ccdc102a,Ccdc102a,2126.3824,0.0768,0.0897,0.8561,0.3919,0.9995
Ccdc103,Ccdc103,64.7835,-0.0185,0.2079,-0.0892,0.9289,0.9995
Ccdc106,Ccdc106,19.0754,0.1065,0.394,0.2703,0.7869,0.9995
Ccdc107,Ccdc107,807.1108,0.1065,0.0973,1.0951,0.2735,0.9995
Ccdc108,Ccdc108,0.4592,1.4194,2.4875,0.5706,0.5683,0.9995
Ccdc109b,Ccdc109b,961.6793,0.099,0.1711,0.5784,0.563,0.9995
Ccdc110,Ccdc110,1.5932,-0.2849,1.4084,-0.2023,0.8397,0.9995
Ccdc112,Ccdc112,171.6122,0.0336,0.1715,0.1958,0.8448,0.9995
Ccdc114,Ccdc114,65.0142,0.1938,0.1964,0.9867,0.3238,0.9995
Ccdc115,Ccdc115,951.4488,0.0061,0.0956,0.0641,0.9489,0.9995
Ccdc116,Ccdc116,8.3386,-0.1339,0.5871,-0.2281,0.8196,0.9995
Ccdc117,Ccdc117,1701.3342,0.1587,0.104,1.5258,0.1271,0.9995
Ccdc12,Ccdc12,901.1709,0.1317,0.117,1.1257,0.2603,0.9995
Ccdc120,Ccdc120,204.235,0.0226,0.1302,0.1735,0.8622,0.9995
Ccdc122,Ccdc122,337.0583,-0.1331,0.1614,-0.8248,0.4095,0.9995
Ccdc124,Ccdc124,2012.7092,0.1453,0.0744,1.953,0.0508,0.9995
Ccdc125,Ccdc125,7.3303,-0.4807,0.652,-0.7373,0.4609,0.9995
Ccdc126,Ccdc126,526.7752,-0.0473,0.102,-0.4632,0.6432,0.9995
Ccdc127,Ccdc127,3207.692,-0.0539,0.085,-0.6339,0.5261,0.9995
Ccdc130,Ccdc130,927.3856,0.0964,0.0992,0.9721,0.331,0.9995
Ccdc132,Ccdc132,1369.2545,-0.1309,0.146,-0.8969,0.3698,0.9995
Ccdc134,Ccdc134,1148.5668,0.0917,0.1534,0.5979,0.5499,0.9995
Ccdc136,Ccdc136,633.5076,-0.1536,0.0871,-1.7644,0.0777,0.9995
Ccdc137,Ccdc137,868.0326,0.0877,0.1045,0.8393,0.4013,0.9995
Ccdc138,Ccdc138,80.3523,-0.1762,0.2155,-0.8179,0.4134,0.9995
Ccdc14,Ccdc14,267.4607,-0.0404,0.2093,-0.1932,0.8468,0.9995
Ccdc141,Ccdc141,3076.8858,-0.1289,0.3192,-0.4038,0.6864,0.9995
Ccdc142,Ccdc142,169.7963,0.2431,0.1922,1.2646,0.206,0.9995
Ccdc146,Ccdc146,3.0773,0.3596,0.9041,0.3977,0.6908,0.9995
Ccdc148,Ccdc148,2.8538,-0.2436,0.9319,-0.2614,0.7938,0.9995
Ccdc149,Ccdc149,24.6042,-0.3985,0.4151,-0.9602,0.337,0.9995
Ccdc15,Ccdc15,30.3372,-0.1447,0.3569,-0.4054,0.6852,0.9995
Ccdc150,Ccdc150,9.8234,0.0066,0.5173,0.0127,0.9899,0.9995
Ccdc151,Ccdc151,12.3411,0.3983,0.4142,0.9616,0.3362,0.9995
Ccdc152,Ccdc152,39.3836,0.3657,0.34,1.0756,0.2821,0.9995
Ccdc153,Ccdc153,0.4572,1.4317,2.066,0.693,0.4883,0.9995
Ccdc154,Ccdc154,0.8001,0.3052,2.0207,0.151,0.8799,0.9995
Ccdc155,Ccdc155,0.9155,0.8389,1.5804,0.5308,0.5956,0.9995
Ccdc157,Ccdc157,1269.2181,-0.108,0.0735,-1.4681,0.1421,0.9995
Ccdc159,Ccdc159,82.5605,-0.1131,0.186,-0.6083,0.543,0.9995
Ccdc162,Ccdc162,133.9731,0.0295,0.1669,0.1767,0.8597,0.9995
Ccdc163,Ccdc163,276.8829,-0.0231,0.1103,-0.2099,0.8337,0.9995
Ccdc166,Ccdc166,127.028,0.0881,0.1736,0.5072,0.612,0.9995
Ccdc167,Ccdc167,154.7431,-0.1986,0.1473,-1.3489,0.1774,0.9995
Ccdc169,Ccdc169,10.6403,-0.5819,0.4372,-1.3309,0.1832,0.9995
Ccdc17,Ccdc17,47.3225,0.0074,0.3021,0.0246,0.9804,0.9995
Ccdc170,Ccdc170,3.3272,0.174,1.0048,0.1732,0.8625,0.9995
Ccdc171,Ccdc171,81.9826,-0.0584,0.1687,-0.3464,0.7291,0.9995
Ccdc173,Ccdc173,33.7158,0.0311,0.2588,0.12,0.9045,0.9995
Ccdc174,Ccdc174,546.7002,0.0289,0.151,0.1914,0.8482,0.9995
Ccdc175,Ccdc175,1.0322,-0.8483,1.4065,-0.6032,0.5464,0.9995
Ccdc176,Ccdc176,28.2438,0.2136,0.278,0.7683,0.4423,0.9995
Ccdc18,Ccdc18,19.8881,-0.1036,0.3966,-0.2613,0.7939,0.9995
Ccdc180,Ccdc180,3.5338,-0.3608,0.8961,-0.4027,0.6872,0.9995
Ccdc181,Ccdc181,418.4512,-0.1368,0.1387,-0.9859,0.3242,0.9995
Ccdc183,Ccdc183,6.2938,0.6045,0.6669,0.9064,0.3647,0.9995
Ccdc184,Ccdc184,1.483,1.1802,1.623,0.7272,0.4671,0.9995
Ccdc186,Ccdc186,495.0728,0.1545,0.1286,1.2015,0.2296,0.9995
Ccdc22,Ccdc22,853.1131,0.0841,0.1209,0.6951,0.487,0.9995
Ccdc23,Ccdc23,1513.7287,0.0217,0.1672,0.1298,0.8967,0.9995
Ccdc24,Ccdc24,78.3998,0.0976,0.2219,0.4396,0.6602,0.9995
Ccdc25,Ccdc25,924.5726,0.023,0.1274,0.1804,0.8569,0.9995
Ccdc27,Ccdc27,0.4566,1.4162,2.4898,0.5688,0.5695,0.9995
Ccdc28a,Ccdc28a,245.1178,0.0239,0.1152,0.2079,0.8353,0.9995
Ccdc28b,Ccdc28b,198.3756,0.2203,0.1249,1.7646,0.0776,0.9995
Ccdc3,Ccdc3,74.7205,0.1128,0.1879,0.6003,0.5483,0.9995
Ccdc30,Ccdc30,31.394,0.4655,0.3564,1.3061,0.1915,0.9995
Ccdc32,Ccdc32,905.231,0.0787,0.1396,0.564,0.5727,0.9995
Ccdc34,Ccdc34,349.6058,0.0768,0.212,0.3625,0.7169,0.9995
Ccdc37,Ccdc37,21.9333,-0.1094,0.3159,-0.3462,0.7292,0.9995
Ccdc38,Ccdc38,14.0625,0.1804,0.3613,0.4992,0.6176,0.9995
Ccdc39,Ccdc39,45.2616,0.0013,0.2215,0.0057,0.9955,0.9995
Ccdc40,Ccdc40,3.3167,1.412,0.8568,1.648,0.0994,0.9995
Ccdc42,Ccdc42,0.9165,0.1184,1.4512,0.0816,0.935,0.9995
Ccdc42b,Ccdc42b,0.685,0.137,1.7336,0.079,0.937,0.9995
Ccdc43,Ccdc43,1993.808,0.0224,0.0908,0.247,0.8049,0.9995
Ccdc47,Ccdc47,3924.3378,0.0134,0.1318,0.1018,0.9189,0.9995
Ccdc50,Ccdc50,3659.8078,0.0451,0.1275,0.3541,0.7232,0.9995
Ccdc51,Ccdc51,396.7371,0.0035,0.0996,0.0348,0.9722,0.9995
Ccdc53,Ccdc53,1612.8388,-0.0059,0.0658,-0.09,0.9283,0.9995
Ccdc55,Ccdc55,373.0369,0.0744,0.1469,0.5066,0.6124,0.9995
Ccdc57,Ccdc57,216.8054,-0.104,0.1376,-0.756,0.4496,0.9995
Ccdc58,Ccdc58,874.597,-0.0539,0.0793,-0.6793,0.4969,0.9995
Ccdc59,Ccdc59,1193.046,-0.0541,0.1007,-0.5372,0.5911,0.9995
Ccdc6,Ccdc6,2812.1728,-0.0909,0.0831,-1.0942,0.2739,0.9995
Ccdc60,Ccdc60,11.8626,0.5508,0.4786,1.1509,0.2498,0.9995
Ccdc61,Ccdc61,232.4329,0.0604,0.1448,0.4169,0.6768,0.9995
Ccdc62,Ccdc62,65.954,0.0536,0.2444,0.2193,0.8264,0.9995
Ccdc63,Ccdc63,0.5725,1.8069,1.9537,0.9248,0.3551,0.9995
Ccdc64,Ccdc64,84.2786,0.1194,0.2114,0.5649,0.5721,0.9995
Ccdc64b,Ccdc64b,1.2588,-0.7196,1.807,-0.3982,0.6905,0.9995
Ccdc65,Ccdc65,116.7654,0.0519,0.2478,0.2095,0.834,0.9995
Ccdc66,Ccdc66,405.415,0.0869,0.1058,0.821,0.4116,0.9995
Ccdc68,Ccdc68,1.1411,-0.465,1.4286,-0.3255,0.7448,0.9995
Ccdc69,Ccdc69,5.2436,-0.0032,0.864,-0.0037,0.9971,0.9995
Ccdc71,Ccdc71,1745.054,0.0357,0.0878,0.407,0.684,0.9995
Ccdc71l,Ccdc71l,606.474,-0.0959,0.1178,-0.8138,0.4158,0.9995
Ccdc73,Ccdc73,50.3008,0.0587,0.2162,0.2714,0.7861,0.9995
Ccdc74a,Ccdc74a,33.9515,0.0916,0.2544,0.36,0.7189,0.9995
Ccdc77,Ccdc77,252.5596,0.0157,0.203,0.0774,0.9383,0.9995
Ccdc78,Ccdc78,5.37,-0.622,0.6902,-0.9012,0.3675,0.9995
Ccdc8,Ccdc8,1760.2601,-0.1398,0.1608,-0.8693,0.3847,0.9995
Ccdc80,Ccdc80,18163.8906,-0.0711,0.1399,-0.5081,0.6114,0.9995
Ccdc81,Ccdc81,0.9139,-0.5879,1.4629,-0.4019,0.6878,0.9995
Ccdc82,Ccdc82,705.8663,0.065,0.132,0.4922,0.6226,0.9995
Ccdc83,Ccdc83,2.5149,0.0216,1.273,0.017,0.9864,0.9995
Ccdc84,Ccdc84,303.1792,0.0834,0.1159,0.7196,0.4718,0.9995
Ccdc85b,Ccdc85b,957.7741,0.1174,0.1613,0.7274,0.467,0.9995
Ccdc85c,Ccdc85c,146.1117,-0.0505,0.1658,-0.3045,0.7608,0.9995
Ccdc86,Ccdc86,1240.3026,0.0722,0.0884,0.8166,0.4142,0.9995
Ccdc87,Ccdc87,8.0113,-0.3917,0.5191,-0.7545,0.4505,0.9995
Ccdc88a,Ccdc88a,385.6078,-0.2875,0.1484,-1.9364,0.0528,0.9995
Ccdc88b,Ccdc88b,26.7449,-0.2991,0.2911,-1.0277,0.3041,0.9995
Ccdc88c,Ccdc88c,734.4311,-0.0856,0.3056,-0.28,0.7795,0.9995
Ccdc89,Ccdc89,23.332,-0.2299,0.3048,-0.7545,0.4506,0.9995
Ccdc9,Ccdc9,914.4613,-0.0931,0.0931,-0.9997,0.3175,0.9995
Ccdc90b,Ccdc90b,950.7657,-0.1271,0.1412,-0.9006,0.3678,0.9995
Ccdc91,Ccdc91,1735.2464,-0.0867,0.0697,-1.2442,0.2134,0.9995
Ccdc92,Ccdc92,157.2719,0.0244,0.1381,0.1768,0.8597,0.9995
Ccdc93,Ccdc93,2831.2327,-0.0218,0.113,-0.1927,0.8472,0.9995
Ccdc94,Ccdc94,317.438,0.0092,0.1531,0.0599,0.9523,0.9995
Ccdc96,Ccdc96,35.2922,0.0964,0.2544,0.379,0.7047,0.9995
Ccdc97,Ccdc97,1809.9311,0.0025,0.0646,0.0392,0.9687,0.9995
Cchcr1,Cchcr1,635.4761,-0.0704,0.1228,-0.5735,0.5663,0.9995
Ccin,Ccin,7.7727,0.6601,0.5741,1.1498,0.2502,0.9995
Cck,Cck,1067.0344,0.353,0.8838,0.3995,0.6895,0.9995
Ccl1,Ccl1,0.4536,1.0238,2.5454,0.4022,0.6875,0.9995
Ccl11,Ccl11,126.8145,0.0562,0.4144,0.1356,0.8921,0.9995
Ccl17,Ccl17,8.2173,0.3579,0.535,0.6691,0.5034,0.9995
Ccl2,Ccl2,1832.7187,0.0018,0.354,0.0051,0.9959,0.9995
Ccl25,Ccl25,60.1002,-0.1193,0.186,-0.6417,0.5211,0.9995
Ccl27a,Ccl27a,1.3749,0.0983,1.3401,0.0734,0.9415,0.9995
Ccl28,Ccl28,0.6863,-0.7781,2.0203,-0.3852,0.7001,0.9995
Ccl3,Ccl3,72.0871,0.4453,1.2331,0.3611,0.718,0.9995
Ccl4,Ccl4,7.3971,0.5409,1.6328,0.3313,0.7404,0.9995
Ccl5,Ccl5,143.5926,0.4399,0.5596,0.786,0.4319,0.9995
Ccl6,Ccl6,0.5713,0.712,2.0551,0.3465,0.729,0.9995
Ccl7,Ccl7,3260.7552,0.1943,0.5507,0.3529,0.7242,0.9995
Ccl8,Ccl8,796.4726,0.144,0.4205,0.3424,0.732,0.9995
Ccl9,Ccl9,99.4176,0.0789,0.3028,0.2607,0.7943,0.9995
Ccm2,Ccm2,1864.4525,0.041,0.0943,0.4347,0.6638,0.9995
Ccna1,Ccna1,1.0317,1.8966,1.6077,1.1797,0.2381,0.9995
Ccna2,Ccna2,1963.4546,-0.1991,0.5763,-0.3455,0.7297,0.9995
Ccnb1,Ccnb1,1937.9322,-0.1084,0.5291,-0.205,0.8376,0.9995
Ccnb1ip1,Ccnb1ip1,14.1677,0.1724,0.3787,0.4552,0.649,0.9995
Ccnb2,Ccnb2,1141.7207,0.0055,0.5591,0.0098,0.9922,0.9995
Ccnb3,Ccnb3,0.9161,-2.2826,1.8507,-1.2334,0.2174,0.9995
Ccnc,Ccnc,1019.2039,-0.0552,0.1566,-0.3526,0.7244,0.9995
Ccnd1,Ccnd1,3542.8032,-0.0781,0.2059,-0.3794,0.7044,0.9995
Ccnd2,Ccnd2,1069.3365,-0.2365,0.1847,-1.2802,0.2005,0.9995
Ccnd3,Ccnd3,7960.3995,0.1447,0.1503,0.9627,0.3357,0.9995
Ccndbp1,Ccndbp1,2022.777,0.035,0.067,0.5229,0.6011,0.9995
Ccne1,Ccne1,489.0768,0.0286,0.3061,0.0935,0.9255,0.9995
Ccne2,Ccne2,83.1266,-0.0752,0.3887,-0.1934,0.8467,0.9995
Ccnf,Ccnf,763.2604,0.0426,0.2561,0.1664,0.8678,0.9995
Ccng1,Ccng1,8432.7909,0.055,0.1409,0.3907,0.696,0.9995
Ccng2,Ccng2,4351.9275,0.0733,0.1756,0.4176,0.6762,0.9995
Ccnh,Ccnh,1418.5521,0.0355,0.0756,0.4695,0.6387,0.9995
Ccni,Ccni,13008.0776,0.0096,0.0862,0.1115,0.9112,0.9995
Ccnj,Ccnj,267.5899,-0.1484,0.1013,-1.4648,0.143,0.9995
Ccnk,Ccnk,1524.184,-0.0558,0.0537,-1.0393,0.2987,0.9995
Ccnl1,Ccnl1,1770.1941,-0.0622,0.1334,-0.4664,0.6409,0.9995
Ccnl2,Ccnl2,2581.1116,0.0195,0.1173,0.1658,0.8683,0.9995
Ccno,Ccno,16.2351,-0.125,0.526,-0.2376,0.8122,0.9995
Ccnt1,Ccnt1,444.4549,-0.0836,0.1281,-0.6526,0.514,0.9995
Ccnt2,Ccnt2,911.5103,-0.0745,0.145,-0.5139,0.6073,0.9995
Ccny,Ccny,4867.4627,-0.0877,0.0622,-1.4082,0.1591,0.9995
Ccnyl1,Ccnyl1,1259.7768,-0.0321,0.0826,-0.3885,0.6976,0.9995
Ccp110,Ccp110,510.2576,-0.0632,0.2111,-0.2995,0.7645,0.9995
Ccpg1,Ccpg1,3811.1101,-0.1119,0.1163,-0.9623,0.3359,0.9995
Ccpg1os,Ccpg1os,118.9955,0.0799,0.1604,0.4978,0.6186,0.9995
Ccr1,Ccr1,12.6631,-0.2836,0.6937,-0.4089,0.6826,0.9995
Ccr10,Ccr10,9.1363,0.0731,0.4822,0.1517,0.8794,0.9995
Ccr3,Ccr3,0.6815,2.0004,2.3778,0.8413,0.4002,0.9995
Ccr7,Ccr7,13.7318,-0.4539,0.4051,-1.1205,0.2625,0.9995
Ccr9,Ccr9,6.9603,0.9675,0.5703,1.6965,0.0898,0.9995
Ccrl2,Ccrl2,17.1296,0.5138,0.3879,1.3246,0.1853,0.9995
Ccrn4l,Ccrn4l,631.0412,-0.0647,0.084,-0.7695,0.4416,0.9995
Ccs,Ccs,968.1356,0.0214,0.0938,0.2281,0.8195,0.9995
Ccsap,Ccsap,148.4001,-0.2195,0.3503,-0.6265,0.531,0.9995
Ccser1,Ccser1,46.7678,-0.3932,0.2465,-1.5951,0.1107,0.9995
Ccser2,Ccser2,2893.1764,-0.0842,0.1643,-0.5121,0.6086,0.9995
Cct2,Cct2,17874.2206,0.0238,0.0595,0.3998,0.6893,0.9995
Cct3,Cct3,12132.809,0.1224,0.0876,1.3971,0.1624,0.9995
Cct4,Cct4,12843.6374,0.0494,0.0554,0.8923,0.3723,0.9995
Cct5,Cct5,16646.4674,0.0548,0.0744,0.7364,0.4615,0.9995
Cct6a,Cct6a,12434.4962,0.1042,0.0755,1.3808,0.1673,0.9995
Cct6b,Cct6b,17.8227,-0.1871,0.3754,-0.4983,0.6183,0.9995
Cct7,Cct7,11201.259,0.1249,0.081,1.5424,0.123,0.9995
Cct8,Cct8,14441.3731,0.1135,0.0815,1.393,0.1636,0.9995
Ccz1,Ccz1,2301.3335,-0.0557,0.0615,-0.9064,0.3647,0.9995
Cd101,Cd101,2.7474,-0.361,0.867,-0.4164,0.6771,0.9995
Cd109,Cd109,2547.5,-0.1843,0.0838,-2.1999,0.0278,0.9995
Cd14,Cd14,916.513,0.1587,0.593,0.2675,0.7891,0.9995
Cd151,Cd151,7124.0731,0.0145,0.0779,0.186,0.8524,0.9995
Cd160,Cd160,5.2598,0.1674,0.5929,0.2823,0.7777,0.9995
Cd163,Cd163,18.0581,0.2795,0.3986,0.7013,0.4831,0.9995
Cd163l1,Cd163l1,0.3435,2.1373,2.5691,0.8319,0.4054,0.9995
Cd164,Cd164,24114.6017,-0.0317,0.1059,-0.2991,0.7648,0.9995
Cd164l2,Cd164l2,1.7142,-0.2169,1.0912,-0.1988,0.8424,0.9995
Cd1d1,Cd1d1,299.4814,0.0314,0.1505,0.2083,0.835,0.9995
Cd2,Cd2,0.5741,-0.3652,2.051,-0.1781,0.8587,0.9995
Cd200,Cd200,5964.2407,0.1063,0.16,0.6645,0.5064,0.9995
Cd200r1,Cd200r1,6.6251,-0.1153,0.6239,-0.1849,0.8533,0.9995
Cd200r2,Cd200r2,23.0152,-0.0715,0.4082,-0.1752,0.8609,0.9995
Cd200r3,Cd200r3,15.6745,-0.4763,0.4298,-1.1082,0.2678,0.9995
Cd200r4,Cd200r4,9.242,-0.2578,0.6693,-0.3852,0.7001,0.9995
Cd244,Cd244,7.058,1.0009,0.7201,1.39,0.1645,0.9995
Cd247,Cd247,0.4551,1.0238,2.5435,0.4025,0.6873,0.9995
Cd248,Cd248,1203.2946,-0.0669,0.1922,-0.3481,0.7278,0.9995
Cd24a,Cd24a,468.6338,0.329,0.3017,1.0905,0.2755,0.9995
Cd27,Cd27,8.6789,-0.0096,0.4866,-0.0197,0.9843,0.9995
Cd274,Cd274,18.3973,-0.058,0.3211,-0.1806,0.8567,0.9995
Cd276,Cd276,2893.5937,0.0373,0.1108,0.3364,0.7365,0.9995
Cd28,Cd28,96.2962,0.0034,0.2131,0.0158,0.9874,0.9995
Cd2ap,Cd2ap,1031.9087,-0.0219,0.1281,-0.1707,0.8645,0.9995
Cd2bp2,Cd2bp2,3153.7293,0.0327,0.0791,0.413,0.6796,0.9995
Cd300a,Cd300a,57.178,0.017,0.2411,0.0704,0.9439,0.9995
Cd300lb,Cd300lb,34.184,-0.0986,0.3401,-0.2899,0.7719,0.9995
Cd302,Cd302,1344.6828,0.0242,0.0974,0.2488,0.8036,0.9995
Cd320,Cd320,932.8857,0.1503,0.1044,1.4401,0.1498,0.9995
Cd33,Cd33,35.3575,0.238,0.5282,0.4506,0.6523,0.9995
Cd34,Cd34,4283.8786,-0.0313,0.1329,-0.2354,0.8139,0.9995
Cd36,Cd36,359.1787,0.2665,0.4383,0.6079,0.5433,0.9995
Cd37,Cd37,6.065,-0.4621,0.6164,-0.7496,0.4535,0.9995
Cd38,Cd38,2.405,-1.0243,0.974,-1.0516,0.293,0.9995
Cd3eap,Cd3eap,655.1543,0.0319,0.0905,0.3524,0.7245,0.9995
Cd3g,Cd3g,0.6844,-0.7788,2.4146,-0.3225,0.7471,0.9995
Cd4,Cd4,0.4586,1.4317,2.0649,0.6934,0.4881,0.9995
Cd40,Cd40,94.5105,0.1328,0.424,0.3133,0.754,0.9995
Cd44,Cd44,16607.9107,-0.2986,0.1894,-1.5761,0.115,0.9995
Cd46,Cd46,11.8649,0.5748,0.4668,1.2314,0.2182,0.9995
Cd47,Cd47,4328.0903,-0.0161,0.145,-0.1108,0.9118,0.9995
Cd48,Cd48,4.2371,-0.1296,0.7605,-0.1704,0.8647,0.9995
Cd5,Cd5,0.801,-1.1008,1.7128,-0.6427,0.5204,0.9995
Cd53,Cd53,254.8118,0.0372,0.2536,0.1465,0.8835,0.9995
Cd55,Cd55,740.9087,-0.1041,0.1887,-0.5517,0.5811,0.9995
Cd55b,Cd55b,1.7153,-0.6316,1.3066,-0.4834,0.6288,0.9995
Cd59a,Cd59a,455.4193,0.0636,0.1093,0.5816,0.5608,0.9995
Cd59b,Cd59b,16.9402,-0.203,0.4585,-0.4429,0.6579,0.9995
Cd6,Cd6,2.6291,-0.1901,0.9052,-0.21,0.8336,0.9995
Cd63,Cd63,59746.4868,0.0682,0.0639,1.0673,0.2858,0.9995
Cd68,Cd68,84.401,0.1108,0.3057,0.3626,0.7169,0.9995
Cd69,Cd69,5.4826,-1.0012,0.6617,-1.5132,0.1302,0.9995
Cd7,Cd7,31.3464,0.4328,0.3897,1.1104,0.2668,0.9995
Cd70,Cd70,0.5724,-0.3674,1.8108,-0.2029,0.8392,0.9995
Cd72,Cd72,8.7887,0.0601,0.5039,0.1193,0.905,0.9995
Cd74,Cd74,38.8826,0.3308,0.465,0.7113,0.4769,0.9995
Cd79a,Cd79a,3.7488,0.8769,1.2172,0.7204,0.4712,0.9995
Cd79b,Cd79b,1.1475,-0.4802,1.5096,-0.3181,0.7504,0.9995
Cd80,Cd80,2485.191,-0.012,0.1168,-0.1027,0.9182,0.9995
Cd81,Cd81,12645.3687,0.1036,0.0673,1.5411,0.1233,0.9995
Cd82,Cd82,11712.3578,0.0329,0.2001,0.1643,0.8695,0.9995
Cd83,Cd83,2.9767,-0.7786,0.8163,-0.9538,0.3402,0.9995
Cd86,Cd86,0.5699,-1.0619,2.0114,-0.5279,0.5975,0.9995
Cd9,Cd9,16456.6786,0.014,0.1146,0.1218,0.9031,0.9995
Cd93,Cd93,41.5362,0.3316,0.476,0.6966,0.4861,0.9995
Cd99l2,Cd99l2,4826.5729,0,0.0493,-0.0006,0.9995,1
Cda,Cda,394.3809,0.1177,0.2117,0.5562,0.5781,0.9995
Cdadc1,Cdadc1,1410.4023,-0.0569,0.0874,-0.6512,0.5149,0.9995
Cdan1,Cdan1,863.0188,-0.0281,0.0772,-0.3642,0.7157,0.9995
Cdc123,Cdc123,2613.4885,-0.0236,0.0855,-0.2763,0.7823,0.9995
Cdc14a,Cdc14a,188.6557,0.1376,0.1622,0.8486,0.3961,0.9995
Cdc14b,Cdc14b,1213.9233,-0.0454,0.1426,-0.3184,0.7502,0.9995
Cdc16,Cdc16,5243.1349,0.0365,0.0803,0.4542,0.6497,0.9995
Cdc20,Cdc20,1536.2466,-0.011,0.5476,-0.0202,0.9839,0.9995
Cdc23,Cdc23,2891.7273,0.0274,0.068,0.4022,0.6876,0.9995
Cdc25a,Cdc25a,921.1827,0.0409,0.0811,0.5043,0.6141,0.9995
Cdc25b,Cdc25b,2445.0822,-0.0136,0.1948,-0.0697,0.9444,0.9995
Cdc25c,Cdc25c,317.4422,-0.0904,0.3834,-0.2358,0.8136,0.9995
Cdc26,Cdc26,992.1038,0.1394,0.0993,1.4038,0.1604,0.9995
Cdc27,Cdc27,2785.0059,0.0431,0.215,0.2006,0.841,0.9995
Cdc34,Cdc34,3290.3098,0.0904,0.0917,0.9853,0.3245,0.9995
Cdc37,Cdc37,7519.608,0.0713,0.0675,1.0561,0.2909,0.9995
Cdc37l1,Cdc37l1,2223.7498,0.1024,0.0934,1.0964,0.2729,0.9995
Cdc40,Cdc40,2417.092,-0.0733,0.103,-0.7115,0.4768,0.9995
Cdc42,Cdc42,23178.0438,-0.0333,0.0701,-0.4745,0.6352,0.9995
Cdc42bpa,Cdc42bpa,3173.5176,-0.0354,0.1721,-0.2059,0.8369,0.9995
Cdc42bpb,Cdc42bpb,5533.4714,-0.0768,0.1096,-0.7011,0.4832,0.9995
Cdc42bpg,Cdc42bpg,1023.1435,-0.1364,0.0788,-1.7299,0.0837,0.9995
Cdc42ep1,Cdc42ep1,3736.1805,-0.0997,0.1791,-0.5564,0.5779,0.9995
Cdc42ep2,Cdc42ep2,1164.305,0.0463,0.0834,0.5551,0.5788,0.9995
Cdc42ep3,Cdc42ep3,5255.002,-0.0811,0.1054,-0.7696,0.4415,0.9995
Cdc42ep4,Cdc42ep4,1322.5947,0.0675,0.1211,0.557,0.5775,0.9995
Cdc42ep5,Cdc42ep5,546.3883,-0.0004,0.1212,-0.0033,0.9974,0.9995
Cdc42se1,Cdc42se1,4401.0335,0.1464,0.0765,1.9145,0.0556,0.9995
Cdc42se2,Cdc42se2,2754.1982,0.0149,0.063,0.2359,0.8135,0.9995
Cdc45,Cdc45,517.4857,-0.064,0.2774,-0.2307,0.8176,0.9995
Cdc5l,Cdc5l,3364.2449,-0.0868,0.1036,-0.8375,0.4023,0.9995
Cdc6,Cdc6,327.6536,-0.2832,0.4184,-0.6769,0.4985,0.9995
Cdc7,Cdc7,262.8534,-0.2635,0.3189,-0.8261,0.4087,0.9995
Cdc73,Cdc73,1276.9227,-0.0826,0.1448,-0.5709,0.5681,0.9995
Cdca2,Cdca2,573.5486,-0.1745,0.5849,-0.2984,0.7654,0.9995
Cdca3,Cdca3,675.14,0.001,0.4367,0.0022,0.9983,0.9999
Cdca4,Cdca4,1985.0136,0.0207,0.1053,0.1971,0.8438,0.9995
Cdca5,Cdca5,318.5604,-0.0597,0.385,-0.155,0.8768,0.9995
Cdca7,Cdca7,489.0753,0.1427,0.1849,0.7717,0.4403,0.9995
Cdca7l,Cdca7l,502.9228,-0.077,0.1664,-0.4626,0.6437,0.9995
Cdca8,Cdca8,807.7768,-0.1003,0.4063,-0.2469,0.805,0.9995
Cdcp1,Cdcp1,1.8322,-1.2327,1.1607,-1.0621,0.2882,0.9995
Cdh1,Cdh1,64.863,-0.0666,0.2421,-0.2752,0.7832,0.9995
Cdh10,Cdh10,11.895,-0.2233,0.6468,-0.3453,0.7299,0.9995
Cdh11,Cdh11,4607.9912,-0.0414,0.2184,-0.1897,0.8496,0.9995
Cdh13,Cdh13,7200.1542,-0.0514,0.1153,-0.4453,0.6561,0.9995
Cdh15,Cdh15,12698.9853,-0.1032,0.2067,-0.4995,0.6174,0.9995
Cdh17,Cdh17,33.4675,0.1007,0.2744,0.367,0.7136,0.9995
Cdh18,Cdh18,652.1291,-0.3193,0.219,-1.4584,0.1447,0.9995
Cdh2,Cdh2,4772.1023,-0.0655,0.2348,-0.2789,0.7803,0.9995
Cdh23,Cdh23,484.7061,-0.0944,0.1144,-0.8253,0.4092,0.9995
Cdh24,Cdh24,183.2221,-0.1112,0.3438,-0.3233,0.7464,0.9995
Cdh3,Cdh3,5.4938,-0.5379,0.6371,-0.8443,0.3985,0.9995
Cdh5,Cdh5,11.3122,0.0734,0.4584,0.1601,0.8728,0.9995
Cdh6,Cdh6,7.5373,0.9263,0.5767,1.6062,0.1082,0.9995
Cdhr1,Cdhr1,953.7298,0.0176,1.1895,0.0148,0.9882,0.9995
Cdhr3,Cdhr3,0.9138,-0.6068,1.9469,-0.3117,0.7553,0.9995
Cdhr5,Cdhr5,1.8303,-0.2648,1.2441,-0.2129,0.8314,0.9995
Cdip1,Cdip1,1961.7135,0.1209,0.0825,1.4652,0.1429,0.9995
Cdipt,Cdipt,3163.6094,0.1134,0.0964,1.1765,0.2394,0.9995
Cdk1,Cdk1,2843.04,-0.0969,0.2522,-0.3843,0.7008,0.9995
Cdk10,Cdk10,746.1527,0.1004,0.0874,1.1485,0.2508,0.9995
Cdk11b,Cdk11b,3272.4165,-0.0535,0.0677,-0.7909,0.429,0.9995
Cdk12,Cdk12,1297.8321,-0.1841,0.1725,-1.0672,0.2859,0.9995
Cdk13,Cdk13,2086.2712,-0.1707,0.1153,-1.4799,0.1389,0.9995
Cdk14,Cdk14,4551.071,-0.1537,0.0911,-1.6871,0.0916,0.9995
Cdk15,Cdk15,25.0414,-0.1557,0.3536,-0.4403,0.6597,0.9995
Cdk16,Cdk16,6388.2055,-0.0148,0.0548,-0.2701,0.7871,0.9995
Cdk17,Cdk17,2549.2947,-0.1355,0.0938,-1.4441,0.1487,0.9995
Cdk18,Cdk18,2423.9951,0.0092,0.0588,0.1557,0.8763,0.9995
Cdk19,Cdk19,2123.7365,-0.1447,0.0821,-1.7618,0.0781,0.9995
Cdk2,Cdk2,2298.9384,0.0781,0.1219,0.6404,0.5219,0.9995
Cdk20,Cdk20,453.5329,0.1157,0.1595,0.7255,0.4681,0.9995
Cdk2ap1,Cdk2ap1,2697.7768,0.1841,0.1224,1.5036,0.1327,0.9995
Cdk2ap2,Cdk2ap2,7600.4934,0.1079,0.2732,0.3949,0.6929,0.9995
Cdk3-ps,Cdk3-ps,9.5023,0.1792,0.6142,0.2919,0.7704,0.9995
Cdk4,Cdk4,10310.5673,0.0387,0.0685,0.5645,0.5724,0.9995
Cdk5,Cdk5,1760.6868,0.0355,0.079,0.4497,0.6529,0.9995
Cdk5r1,Cdk5r1,435.8965,0.131,0.3302,0.3967,0.6916,0.9995
Cdk5r2,Cdk5r2,2.8608,0.9289,0.9013,1.0307,0.3027,0.9995
Cdk5rap1,Cdk5rap1,611.3658,0.0402,0.0747,0.5384,0.5903,0.9995
Cdk5rap2,Cdk5rap2,1464.4624,-0.2243,0.1057,-2.1209,0.0339,0.9995
Cdk5rap3,Cdk5rap3,2543.905,-0.0326,0.0812,-0.4016,0.688,0.9995
Cdk6,Cdk6,220.1063,-0.2616,0.1748,-1.4968,0.1345,0.9995
Cdk7,Cdk7,2960.2476,0.0009,0.0825,0.011,0.9912,0.9995
Cdk8,Cdk8,950.6415,0.0366,0.1159,0.3155,0.7524,0.9995
Cdk9,Cdk9,3146.7704,0.0964,0.0883,1.0926,0.2746,0.9995
Cdkal1,Cdkal1,573.2467,0.0427,0.0747,0.5713,0.5678,0.9995
Cdkl1,Cdkl1,4.1236,-0.2174,0.7951,-0.2734,0.7846,0.9995
Cdkl2,Cdkl2,119.9465,0.1717,0.2134,0.8046,0.421,0.9995
Cdkl3,Cdkl3,264.9845,-0.0801,0.191,-0.4194,0.6749,0.9995
Cdkl4,Cdkl4,1.6066,-0.3268,1.4187,-0.2303,0.8178,0.9995
Cdkl5,Cdkl5,12.4754,-0.6842,0.6374,-1.0734,0.2831,0.9995
Cdkn1a,Cdkn1a,41049.534,0.0998,0.136,0.7337,0.4631,0.9995
Cdkn1b,Cdkn1b,3546.0213,0.0587,0.1485,0.395,0.6929,0.9995
Cdkn1c,Cdkn1c,332.942,0.2914,0.2481,1.1749,0.2401,0.9995
Cdkn2aip,Cdkn2aip,789.8397,-0.0129,0.0928,-0.1392,0.8893,0.9995
Cdkn2aipnl,Cdkn2aipnl,1102.447,0.0203,0.0691,0.2932,0.7694,0.9995
Cdkn2c,Cdkn2c,1290.5828,0.0806,0.1438,0.5608,0.5749,0.9995
Cdkn2d,Cdkn2d,995.8604,0.1486,0.116,1.2809,0.2002,0.9995
Cdkn3,Cdkn3,165.3631,-0.0547,0.4385,-0.1247,0.9008,0.9995
Cdnf,Cdnf,174.8484,0.0519,0.1887,0.2752,0.7831,0.9995
Cdo1,Cdo1,14.8433,0.1826,0.4846,0.3768,0.7063,0.9995
Cdon,Cdon,14459.7411,-0.0906,0.168,-0.5396,0.5895,0.9995
Cdpf1,Cdpf1,270.7824,0.0688,0.1232,0.5583,0.5766,0.9995
Cdr2,Cdr2,1292.8672,-0.0885,0.0943,-0.938,0.3482,0.9995
Cdr2l,Cdr2l,2078.0302,-0.0342,0.1369,-0.25,0.8026,0.9995
Cds1,Cds1,0.3446,0.9378,2.6503,0.3539,0.7234,0.9995
Cds2,Cds2,5944.1221,-0.0114,0.1089,-0.1045,0.9168,0.9995
Cdsn,Cdsn,296.0596,0.055,0.2617,0.2101,0.8336,0.9995
Cdt1,Cdt1,622.0632,-0.079,0.1473,-0.5365,0.5916,0.9995
Cdv3,Cdv3,7881.291,0.0184,0.1226,0.15,0.8808,0.9995
Cdx1,Cdx1,5.0352,-0.2787,0.6656,-0.4187,0.6754,0.9995
Cdyl,Cdyl,1111.3271,-0.0649,0.0982,-0.6612,0.5085,0.9995
Cdyl2,Cdyl2,160.8728,0.0554,0.1615,0.3428,0.7318,0.9995
Ceacam16,Ceacam16,0.5699,-1.0624,2.401,-0.4425,0.6582,0.9995
Ceacam19,Ceacam19,58.2279,0.3841,0.6007,0.6394,0.5226,0.9995
Cebpa,Cebpa,1536.7127,0.0586,0.1509,0.3881,0.6979,0.9995
Cebpb,Cebpb,4718.6615,0.0567,0.2856,0.1985,0.8427,0.9995
Cebpd,Cebpd,4296.4447,0.2083,0.6137,0.3394,0.7343,0.9995
Cebpg,Cebpg,1921.7091,0.0463,0.1503,0.3083,0.7578,0.9995
Cebpz,Cebpz,1648.9029,0.0976,0.0929,1.0502,0.2936,0.9995
Cebpzos,Cebpzos,132.253,0.2684,0.1665,1.6124,0.1069,0.9995
Cecr2,Cecr2,2.4067,0.7373,0.9922,0.7431,0.4574,0.9995
Cecr5,Cecr5,389.9287,-0.0322,0.1068,-0.3017,0.7629,0.9995
Cecr6,Cecr6,1.0237,0.7954,1.5337,0.5186,0.604,0.9995
Cel,Cel,0.5726,-0.3645,2.0509,-0.1777,0.8589,0.9995
Cela1,Cela1,542.2874,0.0666,0.0885,0.7526,0.4517,0.9995
Cela3b,Cela3b,0.6844,-0.3118,1.7958,-0.1737,0.8621,0.9995
Celf1,Celf1,5290.0966,0.0152,0.1071,0.1417,0.8873,0.9995
Celf2,Celf2,3559.9038,-0.0762,0.2665,-0.286,0.7749,0.9995
Celf3,Celf3,3.3153,0.5077,0.7633,0.6651,0.506,0.9995
Celf4,Celf4,88.5704,0.062,0.2084,0.2975,0.7661,0.9995
Celf5,Celf5,74.672,-0.1721,0.1942,-0.886,0.3756,0.9995
Celf6,Celf6,0.8004,-0.279,1.6648,-0.1676,0.8669,0.9995
Celrr,Celrr,0.4541,1.0267,2.5454,0.4034,0.6867,0.9995
Celsr1,Celsr1,11.9956,-0.2124,0.4637,-0.458,0.6469,0.9995
Celsr2,Celsr2,1.4905,-0.5733,1.3426,-0.427,0.6694,0.9995
Celsr3,Celsr3,17.838,0.2834,0.491,0.5772,0.5638,0.9995
Cemip,Cemip,1431.7728,-0.0569,0.2006,-0.2837,0.7766,0.9995
Cend1,Cend1,1.145,-0.4608,1.3365,-0.3448,0.7302,0.9995
Cenpa,Cenpa,1018.0994,-0.039,0.4267,-0.0913,0.9272,0.9995
Cenpb,Cenpb,8958.5318,-0.0154,0.0791,-0.1942,0.846,0.9995
Cenpc1,Cenpc1,844.1292,0.0546,0.1672,0.3264,0.7441,0.9995
Cenpe,Cenpe,273.6498,-0.4778,0.4035,-1.1844,0.2363,0.9995
Cenpf,Cenpf,294.2261,-0.5196,0.4415,-1.177,0.2392,0.9995
Cenph,Cenph,184.5005,-0.1181,0.3762,-0.3138,0.7537,0.9995
Cenpi,Cenpi,494.1654,-0.2032,0.3374,-0.6022,0.5471,0.9995
Cenpj,Cenpj,358.986,0.0093,0.221,0.0421,0.9664,0.9995
Cenpk,Cenpk,83.6964,0.0925,0.4011,0.2307,0.8175,0.9995
Cenpl,Cenpl,394.5293,0.0494,0.2179,0.2269,0.8205,0.9995
Cenpm,Cenpm,146.351,-0.076,0.4682,-0.1623,0.871,0.9995
Cenpn,Cenpn,268.0139,-0.1763,0.3532,-0.499,0.6177,0.9995
Cenpo,Cenpo,377.7608,0.0217,0.1047,0.2076,0.8356,0.9995
Cenpp,Cenpp,247.1243,-0.203,0.3206,-0.6331,0.5267,0.9995
Cenpq,Cenpq,329.2965,-0.073,0.31,-0.2354,0.8139,0.9995
Cenpt,Cenpt,636.4724,-0.0254,0.1963,-0.1293,0.8972,0.9995
Cenpu,Cenpu,60.5623,-0.1903,0.383,-0.4969,0.6193,0.9995
Cenpv,Cenpv,234.2959,0.0354,0.1449,0.2445,0.8069,0.9995
Cenpw,Cenpw,126.496,0.0659,0.2471,0.2667,0.7897,0.9995
Cep104,Cep104,1450.6506,-0.0515,0.0662,-0.7767,0.4373,0.9995
Cep112,Cep112,61.385,0.0077,0.2877,0.0266,0.9788,0.9995
Cep120,Cep120,1154.0558,-0.0237,0.0856,-0.2771,0.7817,0.9995
Cep126,Cep126,13.0453,-0.2499,0.4574,-0.5465,0.5847,0.9995
Cep128,Cep128,324.4535,-0.2116,0.2393,-0.8841,0.3766,0.9995
Cep131,Cep131,629.2768,-0.1715,0.1088,-1.5768,0.1148,0.9995
Cep135,Cep135,244.0078,-0.079,0.1729,-0.457,0.6477,0.9995
Cep152,Cep152,307.4137,-0.1689,0.1438,-1.1743,0.2403,0.9995
Cep162,Cep162,343.3506,0.019,0.1086,0.1748,0.8612,0.9995
Cep164,Cep164,1335.5922,-0.0841,0.0788,-1.0671,0.2859,0.9995
Cep170,Cep170,3681.8877,0.0027,0.1344,0.0203,0.9838,0.9995
Cep170b,Cep170b,4386.3145,-0.0112,0.1345,-0.0836,0.9334,0.9995
Cep19,Cep19,530.9889,-0.143,0.1098,-1.3018,0.193,0.9995
Cep192,Cep192,833.6453,-0.0163,0.1841,-0.0885,0.9294,0.9995
Cep250,Cep250,1724.8201,-0.1099,0.0793,-1.3864,0.1656,0.9995
Cep290,Cep290,91.1221,-0.7543,0.2019,-3.7355,0.0002,0.9995
Cep295,Cep295,389.8715,-0.072,0.1346,-0.5347,0.5928,0.9995
Cep350,Cep350,1068.6204,-0.107,0.2028,-0.5274,0.5979,0.9995
Cep41,Cep41,776.7181,-0.1062,0.1443,-0.7364,0.4615,0.9995
Cep44,Cep44,561.4858,0.0247,0.1006,0.2454,0.8061,0.9995
Cep55,Cep55,555.7272,-0.0799,0.4523,-0.1766,0.8598,0.9995
Cep57,Cep57,654.8823,0.0375,0.1418,0.2643,0.7916,0.9995
Cep57l1,Cep57l1,426.1972,-0.086,0.1342,-0.6411,0.5215,0.9995
Cep63,Cep63,779.323,-0.1122,0.0872,-1.2878,0.1978,0.9995
Cep68,Cep68,1499.1658,0.0335,0.0827,0.4053,0.6852,0.9995
Cep70,Cep70,189.096,-0.0638,0.2605,-0.2449,0.8065,0.9995
Cep72,Cep72,47.6616,-0.3598,0.4772,-0.7541,0.4508,0.9995
Cep76,Cep76,765.8792,0.11,0.1301,0.8454,0.3979,0.9995
Cep78,Cep78,535.8054,0.0201,0.0866,0.2324,0.8162,0.9995
Cep83,Cep83,560.838,0.0867,0.1324,0.6548,0.5126,0.9995
Cep83os,Cep83os,540.665,-0.0636,0.1224,-0.519,0.6037,0.9995
Cep85,Cep85,1333.3372,-0.0253,0.0612,-0.4134,0.6793,0.9995
Cep85l,Cep85l,55.0553,-0.009,0.3326,-0.0271,0.9784,0.9995
Cep89,Cep89,576.5791,-0.1093,0.1541,-0.7094,0.4781,0.9995
Cep95,Cep95,384.9628,-0.0233,0.1234,-0.1885,0.8505,0.9995
Cep97,Cep97,791.9995,0.055,0.1384,0.3975,0.691,0.9995
Cept1,Cept1,2803.248,0.0699,0.1642,0.4258,0.6702,0.9995
Cer1,Cer1,0.4592,1.4194,2.4875,0.5706,0.5683,0.9995
Cercam,Cercam,3281.8515,0.0031,0.0647,0.048,0.9617,0.9995
Cerk,Cerk,1800.5146,-0.0498,0.0801,-0.6217,0.5341,0.9995
Cerkl,Cerkl,6.2948,0.0129,0.6793,0.0189,0.9849,0.9995
Cers2,Cers2,9230.7286,0.0076,0.1632,0.0468,0.9627,0.9995
Cers3,Cers3,8.7879,0.0633,0.5178,0.1222,0.9028,0.9995
Cers4,Cers4,54.7419,-0.2378,0.2397,-0.9921,0.3211,0.9995
Cers5,Cers5,4664.6266,0.039,0.0797,0.4897,0.6244,0.9995
Cers6,Cers6,1362.2468,-0.1806,0.122,-1.48,0.1389,0.9995
Ces1a,Ces1a,65.5485,-0.4876,0.6274,-0.7771,0.4371,0.9995
Ces1c,Ces1c,0.689,-0.7833,2.4142,-0.3245,0.7456,0.9995
Ces1d,Ces1d,1.2569,-1.7419,1.4057,-1.2392,0.2153,0.9995
Ces1f,Ces1f,0.6892,0.1173,2.0233,0.058,0.9538,0.9995
Ces1g,Ces1g,3.5482,-0.7403,0.8328,-0.8889,0.374,0.9995
Ces2b,Ces2b,10.6455,-0.633,0.5631,-1.1241,0.261,0.9995
Ces2c,Ces2c,178.3263,0.1566,0.5281,0.2965,0.7669,0.9995
Ces2d-ps,Ces2d-ps,28.1383,-0.2574,0.4055,-0.6346,0.5257,0.9995
Ces2e,Ces2e,4.1142,0.3752,1.185,0.3166,0.7515,0.9995
Ces2f,Ces2f,6.9696,-0.4781,0.8983,-0.5323,0.5945,0.9995
Ces2g,Ces2g,4224.7039,0.0308,0.2482,0.1243,0.9011,0.9995
Ces3a,Ces3a,1.3716,2.3952,1.5525,1.5428,0.1229,0.9995
Ces3b,Ces3b,0.8004,-0.2853,1.9502,-0.1463,0.8837,0.9995
Ces4a,Ces4a,4.2234,0.4137,0.8141,0.5083,0.6113,0.9995
Cetn2,Cetn2,1480.6288,-0.011,0.0736,-0.1497,0.881,0.9995
Cetn3,Cetn3,1315.0649,0.0112,0.1509,0.0744,0.9407,0.9995
Cetn4,Cetn4,132.5049,-0.1364,0.1326,-1.0287,0.3036,0.9995
Cfap126,Cfap126,20.9533,-0.3537,0.3983,-0.888,0.3745,0.9995
Cfap20,Cfap20,1923.2594,0.088,0.0707,1.2449,0.2132,0.9995
Cfap36,Cfap36,1107.2355,0.0013,0.173,0.0077,0.9939,0.9995
Cfap43,Cfap43,68.9306,0.0476,0.2342,0.2032,0.8389,0.9995
Cfap44,Cfap44,5.1416,-0.3911,0.7642,-0.5118,0.6088,0.9995
Cfap45,Cfap45,0.5713,0.2865,2.1114,0.1357,0.8921,0.9995
Cfap46,Cfap46,6.8697,-0.2793,0.5828,-0.4793,0.6317,0.9995
Cfap52,Cfap52,8.5712,-0.5419,0.6606,-0.8203,0.4121,0.9995
Cfap53,Cfap53,2.0558,0.1652,1.1703,0.1412,0.8877,0.9995
Cfap61,Cfap61,2.5191,-0.2402,0.8921,-0.2692,0.7877,0.9995
Cfap69,Cfap69,206.7628,0.0536,0.2328,0.2301,0.818,0.9995
Cfap70,Cfap70,3.6543,0.7119,0.7859,0.9059,0.365,0.9995
Cfap74,Cfap74,24.9012,-0.0609,0.3281,-0.1857,0.8526,0.9995
Cfap97,Cfap97,812.6831,0.0768,0.1547,0.4963,0.6197,0.9995
Cfb,Cfb,901.9527,0.0009,0.2199,0.0042,0.9967,0.9995
Cfd,Cfd,0.5705,0.6918,2.5076,0.2759,0.7826,0.9995
Cfdp1,Cfdp1,2603.7052,-0.0336,0.0606,-0.5533,0.5801,0.9995
Cfh,Cfh,2887.0033,-0.0807,0.17,-0.4749,0.6349,0.9995
Cfhr1,Cfhr1,0.3434,-0.476,2.6722,-0.1781,0.8586,0.9995
Cfl1,Cfl1,29312.9182,0.0193,0.068,0.2843,0.7762,0.9995
Cfl2,Cfl2,13907.6069,0.0149,0.1261,0.1182,0.9059,0.9995
Cflar,Cflar,3400.4163,-0.0859,0.1183,-0.7259,0.4679,0.9995
Cfp,Cfp,117.1082,0.334,0.1716,1.9464,0.0516,0.9995
Cftr,Cftr,0.6887,0.1268,1.9715,0.0643,0.9487,0.9995
Cggbp1,Cggbp1,4451.1159,-0.0851,0.0982,-0.8663,0.3863,0.9995
Cgn,Cgn,13.9434,0.6169,0.5922,1.0418,0.2975,0.9995
Cgnl1,Cgnl1,2544.6775,-0.0783,0.0854,-0.9167,0.3593,0.9995
Cgref1,Cgref1,548.8728,0.1504,0.1115,1.3492,0.1773,0.9995
Cgrrf1,Cgrrf1,1277.1031,0.0637,0.0698,0.9123,0.3616,0.9995
Ch25h,Ch25h,171.314,-0.068,0.291,-0.2338,0.8152,0.9995
Chac1,Chac1,2298.5534,0.1918,0.6158,0.3114,0.7555,0.9995
Chac2,Chac2,283.2642,0.0372,0.1567,0.2373,0.8125,0.9995
Chad,Chad,3.7663,1.1374,1.2027,0.9457,0.3443,0.9995
Chadl,Chadl,98.5618,0.0151,0.247,0.061,0.9513,0.9995
Chaf1a,Chaf1a,936.7507,-0.1578,0.291,-0.5421,0.5877,0.9995
Chaf1b,Chaf1b,343.1785,-0.072,0.2708,-0.2658,0.7904,0.9995
Champ1,Champ1,2136.1995,-0.0767,0.0736,-1.0411,0.2978,0.9995
Chchd1,Chchd1,844.2127,0.1747,0.1007,1.7346,0.0828,0.9995
Chchd10,Chchd10,510.6625,0.2793,0.3403,0.8207,0.4118,0.9995
Chchd2,Chchd2,3945.4127,0.2341,0.1236,1.894,0.0582,0.9995
Chchd3,Chchd3,2880.3007,0.0164,0.0691,0.2374,0.8123,0.9995
Chchd4,Chchd4,887.377,0.0726,0.0956,0.76,0.4472,0.9995
Chchd5,Chchd5,685.9075,0.0531,0.101,0.526,0.5989,0.9995
Chchd6,Chchd6,389.291,-0.0077,0.1071,-0.0716,0.9429,0.9995
Chchd7,Chchd7,391.0295,-0.0291,0.1068,-0.2728,0.785,0.9995
Chd1,Chd1,1471.4277,0.0459,0.153,0.3001,0.7641,0.9995
Chd1l,Chd1l,492.7735,-0.1044,0.128,-0.8157,0.4146,0.9995
Chd2,Chd2,2059.7365,-0.1463,0.1462,-1.0005,0.3171,0.9995
Chd3,Chd3,10247.1352,-0.1612,0.1308,-1.2323,0.2179,0.9995
Chd3os,Chd3os,166.3403,0.0955,0.1377,0.6935,0.488,0.9995
Chd4,Chd4,17908.1497,0.0227,0.0532,0.4259,0.6702,0.9995
Chd5,Chd5,41.993,-0.0301,0.4893,-0.0615,0.951,0.9995
Chd6,Chd6,1942.922,-0.072,0.1344,-0.5361,0.5919,0.9995
Chd7,Chd7,853.2529,-0.0678,0.1189,-0.5704,0.5684,0.9995
Chd8,Chd8,3971.6688,-0.1459,0.0789,-1.849,0.0645,0.9995
Chd9,Chd9,1648.5789,0.0122,0.1466,0.0829,0.9339,0.9995
Chdh,Chdh,21.9521,-0.245,0.344,-0.7121,0.4764,0.9995
Chek1,Chek1,202.7343,-0.2601,0.348,-0.7476,0.4547,0.9995
Chek2,Chek2,434.9287,-0.1732,0.1533,-1.1301,0.2584,0.9995
Cherp,Cherp,2882.2508,-0.0122,0.0573,-0.2134,0.8311,0.9995
Chfr,Chfr,1835.8095,0.077,0.0775,0.9945,0.32,0.9995
Chgb,Chgb,2.867,-0.9683,0.9482,-1.0212,0.3071,0.9995
Chic1,Chic1,151.2569,0.0848,0.1643,0.5162,0.6057,0.9995
Chic2,Chic2,1552.311,-0.0646,0.0786,-0.8215,0.4113,0.9995
Chid1,Chid1,2012.1188,-0.0167,0.0788,-0.2124,0.8318,0.9995
Chil1,Chil1,52.5703,0.4599,0.5154,0.8924,0.3722,0.9995
Chit1,Chit1,9.4787,0.3798,0.4644,0.818,0.4133,0.9995
Chka,Chka,1127.0538,-0.0201,0.1053,-0.1904,0.849,0.9995
Chkb,Chkb,1.3715,-0.0492,1.2304,-0.0399,0.9681,0.9995
Chl1,Chl1,0.795,1.1217,2.0549,0.5459,0.5852,0.9995
Chm,Chm,593.7004,0.0153,0.1167,0.1308,0.8959,0.9995
Chml,Chml,441.0471,0.0129,0.1563,0.0827,0.9341,0.9995
Chmp1a,Chmp1a,3872.9124,0.0306,0.0648,0.4714,0.6373,0.9995
Chmp1b,Chmp1b,1848.1404,-0.0153,0.1358,-0.1126,0.9103,0.9995
Chmp2a,Chmp2a,2617.6207,0.1127,0.0681,1.6544,0.0981,0.9995
Chmp2b,Chmp2b,2811.6907,0.0183,0.1001,0.1829,0.8549,0.9995
Chmp3,Chmp3,5619.9549,0.0137,0.0796,0.1716,0.8638,0.9995
Chmp4b,Chmp4b,7757.8045,0.102,0.1372,0.7438,0.457,0.9995
Chmp4c,Chmp4c,53.2703,-0.5564,0.1973,-2.8192,0.0048,0.9995
Chmp5,Chmp5,5178.995,-0.0351,0.0585,-0.6013,0.5477,0.9995
Chmp6,Chmp6,1641.3098,0.0572,0.0896,0.6386,0.5231,0.9995
Chmp7,Chmp7,2967.2384,-0.0001,0.0694,-0.0016,0.9987,1
Chn1,Chn1,943.2684,-0.107,0.2099,-0.5097,0.6103,0.9995
Chn1os3,Chn1os3,17.6345,0.1828,0.4948,0.3694,0.7119,0.9995
Chn2,Chn2,310.9666,0.0048,0.0983,0.0487,0.9612,0.9995
Chordc1,Chordc1,2518.0964,0.0164,0.1502,0.1091,0.9131,0.9995
Chp1,Chp1,6093.233,0.069,0.1565,0.4411,0.6591,0.9995
Chpf,Chpf,2931.8745,-0.0243,0.0637,-0.3807,0.7034,0.9995
Chpf2,Chpf2,4740.9942,0.0735,0.1522,0.483,0.6291,0.9995
Chpt1,Chpt1,1418.6437,0.0955,0.1296,0.7368,0.4612,0.9995
Chrac1,Chrac1,1314.5828,0.0837,0.1257,0.6665,0.5051,0.9995
Chrd,Chrd,755.7887,0.1375,0.091,1.5111,0.1308,0.9995
Chrdl1,Chrdl1,6718.2511,0.056,0.2907,0.1927,0.8472,0.9995
Chrm4,Chrm4,76.848,-0.2598,0.5415,-0.4797,0.6315,0.9995
Chrna1,Chrna1,32692.6115,-0.0554,0.2207,-0.251,0.8018,0.9995
Chrna10,Chrna10,2.1773,-0.3346,0.9603,-0.3484,0.7275,0.9995
Chrna2,Chrna2,0.6846,0.1211,2.0229,0.0599,0.9523,0.9995
Chrna5,Chrna5,1.3687,-0.2088,1.4017,-0.149,0.8816,0.9995
Chrnb1,Chrnb1,3748.2139,-0.0797,0.1915,-0.4162,0.6773,0.9995
Chrnb2,Chrnb2,50.7212,-0.0088,0.227,-0.0388,0.969,0.9995
Chrnb4,Chrnb4,2.1737,-0.654,1.0279,-0.6362,0.5246,0.9995
Chrnd,Chrnd,5796.7132,-0.0824,0.1617,-0.5095,0.6104,0.9995
Chrne,Chrne,10.049,0.5886,0.4492,1.3105,0.19,0.9995
Chrng,Chrng,7931.8256,-0.0004,0.1836,-0.0019,0.9985,1
Chst1,Chst1,894.8765,0.001,0.149,0.0064,0.9949,0.9995
Chst10,Chst10,59.4355,-0.1091,0.2052,-0.5319,0.5948,0.9995
Chst11,Chst11,2447.7816,-0.0669,0.0802,-0.834,0.4043,0.9995
Chst12,Chst12,1793.975,-0.062,0.0867,-0.7149,0.4747,0.9995
Chst13,Chst13,57.5234,0.3453,0.5629,0.6133,0.5397,0.9995
Chst14,Chst14,2008.8271,0.0543,0.1146,0.4739,0.6356,0.9995
Chst15,Chst15,2820.4408,-0.2148,0.152,-1.413,0.1576,0.9995
Chst2,Chst2,1010.1975,-0.1185,0.2182,-0.5428,0.5873,0.9995
Chst3,Chst3,709.2253,-0.1979,0.3153,-0.6276,0.5303,0.9995
Chst5,Chst5,21.3586,0.012,0.3777,0.0318,0.9746,0.9995
Chst7,Chst7,114.4107,-0.0974,0.1504,-0.6479,0.5171,0.9995
Chst8,Chst8,6.9813,-0.3219,0.5514,-0.5839,0.5593,0.9995
Chsy1,Chsy1,3221.3231,-0.0826,0.1059,-0.7803,0.4352,0.9995
Chsy3,Chsy3,21.9376,0.2482,0.3055,0.8123,0.4166,0.9995
Chtf18,Chtf18,269.7997,-0.2804,0.3322,-0.8441,0.3986,0.9995
Chtf8,Chtf8,4965.3386,-0.0007,0.0665,-0.0102,0.9918,0.9995
Chtop,Chtop,7601.0346,0.0466,0.0524,0.8894,0.3738,0.9995
Chuk,Chuk,1859.5309,-0.0879,0.1318,-0.667,0.5047,0.9995
Churc1,Churc1,604.1977,0.0503,0.1111,0.4529,0.6507,0.9995
Ciao1,Ciao1,1714.7953,0.0857,0.0856,1.0002,0.3172,0.9995
Ciapin1,Ciapin1,3683.4139,0.1698,0.1149,1.4774,0.1396,0.9995
Ciart,Ciart,169.6663,-0.0464,0.2498,-0.1858,0.8526,0.9995
Cib1,Cib1,1078.2098,0.0846,0.0828,1.022,0.3068,0.9995
Cib2,Cib2,398.3149,0.041,0.0939,0.4365,0.6625,0.9995
Cic,Cic,3492.7382,-0.1229,0.1022,-1.2029,0.229,0.9995
Cidea,Cidea,0.343,-0.476,2.6729,-0.1781,0.8587,0.9995
Cideb,Cideb,9.0303,-0.1678,0.499,-0.3362,0.7367,0.9995
Ciita,Ciita,2.5135,0.0321,0.893,0.0359,0.9713,0.9995
Cilp,Cilp,15038.5987,-0.0421,0.6696,-0.0629,0.9499,0.9995
Cilp2,Cilp2,19.0018,0.4945,0.6012,0.8226,0.4108,0.9995
Cinp,Cinp,1273.3158,0.069,0.0819,0.843,0.3992,0.9995
Cipc,Cipc,1873.1577,-0.0102,0.0894,-0.1143,0.909,0.9995
Cir1,Cir1,485.4621,0.1201,0.1534,0.7824,0.434,0.9995
Cirbp,Cirbp,1948.1891,0.2067,0.1142,1.8107,0.0702,0.9995
Cirh1a,Cirh1a,2113.0973,0.101,0.0911,1.1094,0.2673,0.9995
Cisd1,Cisd1,1718.0502,0.117,0.1111,1.0531,0.2923,0.9995
Cisd2,Cisd2,2216.5009,-0.0435,0.0811,-0.537,0.5913,0.9995
Cisd3,Cisd3,562.6953,0.0926,0.0882,1.0499,0.2938,0.9995
Cish,Cish,43.1922,0.0429,0.2999,0.143,0.8863,0.9995
Cit,Cit,427.1124,-0.3522,0.352,-1.0007,0.317,0.9995
Cited1,Cited1,2.1732,-0.9759,0.9742,-1.0017,0.3165,0.9995
Cited2,Cited2,7777.0575,-0.2141,0.1427,-1.5002,0.1336,0.9995
Cited4,Cited4,0.801,-0.2779,1.6649,-0.1669,0.8674,0.9995
Ciz1,Ciz1,2196.8772,-0.0424,0.0709,-0.5978,0.5499,0.9995
Ckap2,Ckap2,1115.0076,0.214,0.3592,0.5958,0.5513,0.9995
Ckap2l,Ckap2l,1295.3035,-0.1765,0.4209,-0.4192,0.675,0.9995
Ckap4,Ckap4,11521.9383,-0.0073,0.0947,-0.0769,0.9387,0.9995
Ckap5,Ckap5,3360.2135,-0.0409,0.2152,-0.1902,0.8491,0.9995
Ckb,Ckb,2768.0442,0.07,0.309,0.2266,0.8207,0.9995
Cklf,Cklf,176.1135,-0.1052,0.1355,-0.7766,0.4374,0.9995
Ckm,Ckm,1963.047,0.2694,0.3177,0.848,0.3964,0.9995
Ckmt2,Ckmt2,18.7384,1.1717,0.3857,3.0379,0.0024,0.9995
Cks1b,Cks1b,1462.3938,-0.0255,0.1809,-0.141,0.8879,0.9995
Cks2,Cks2,957.2656,0.0214,0.2399,0.0894,0.9288,0.9995
Clasp1,Clasp1,4884.0841,-0.0744,0.0814,-0.914,0.3607,0.9995
Clasp2,Clasp2,1560.5,0.0125,0.1155,0.1079,0.9141,0.9995
Clasrp,Clasrp,718.8172,-0.0422,0.0795,-0.5312,0.5953,0.9995
Clca1,Clca1,7.7804,0.1169,0.5741,0.2036,0.8387,0.9995
Clca2,Clca2,69.0548,-0.0028,0.2955,-0.0096,0.9923,0.9995
Clca3a1,Clca3a1,11.0971,-0.2297,0.5652,-0.4064,0.6844,0.9995
Clca3a2,Clca3a2,1.2583,0.7875,1.3691,0.5752,0.5652,0.9995
Clca3b,Clca3b,25.9667,-0.1913,0.3984,-0.4803,0.631,0.9995
Clca4a,Clca4a,2.6328,0.2025,1.157,0.1751,0.861,0.9995
Clca4b,Clca4b,0.6847,1.0586,2.3902,0.4429,0.6578,0.9995
Clcc1,Clcc1,1428.1437,-0.0247,0.0717,-0.3449,0.7302,0.9995
Clcf1,Clcf1,716.235,0.2156,0.1939,1.1117,0.2663,0.9995
Clcn1,Clcn1,10.9523,0.0021,0.4685,0.0044,0.9965,0.9995
Clcn2,Clcn2,319.0195,0.1503,0.1638,0.9181,0.3586,0.9995
Clcn3,Clcn3,1212.2414,-0.0589,0.1417,-0.4155,0.6778,0.9995
Clcn4-2,Clcn4-2,3284.5312,-0.1096,0.0789,-1.3897,0.1646,0.9995
Clcn5,Clcn5,1868.4034,-0.3053,0.1468,-2.08,0.0375,0.9995
Clcn6,Clcn6,1028.1555,-0.0904,0.1108,-0.8158,0.4146,0.9995
Clcn7,Clcn7,2992.0671,0.0148,0.1519,0.0977,0.9222,0.9995
Clcnka,Clcnka,29.2775,0.1633,0.6187,0.264,0.7918,0.9995
Clcnkb,Clcnkb,11.2019,0.2022,0.434,0.4659,0.6413,0.9995
Cldn1,Cldn1,31.3952,-0.2931,0.5374,-0.5454,0.5855,0.9995
Cldn10,Cldn10,0.3434,-0.476,2.6722,-0.1781,0.8586,0.9995
Cldn12,Cldn12,1759.0197,0.1162,0.1328,0.8752,0.3815,0.9995
Cldn13,Cldn13,0.8036,-2.065,1.8667,-1.1062,0.2686,0.9995
Cldn14,Cldn14,1.3695,1.5098,1.5135,0.9976,0.3185,0.9995
Cldn15,Cldn15,17.8407,-0.441,0.3624,-1.217,0.2236,0.9995
Cldn19,Cldn19,1.2616,-0.1501,1.3653,-0.1099,0.9125,0.9995
Cldn2,Cldn2,31.2161,-0.1094,0.2706,-0.4042,0.6861,0.9995
Cldn20,Cldn20,4.0191,-0.6781,1.0066,-0.6737,0.5005,0.9995
Cldn22,Cldn22,7.7568,0.1302,0.5551,0.2346,0.8145,0.9995
Cldn23,Cldn23,2.4019,0.49,1.195,0.41,0.6818,0.9995
Cldn3,Cldn3,10.9703,0.6492,0.5362,1.2108,0.226,0.9995
Cldn34c1,Cldn34c1,15.628,0.3416,0.4555,0.75,0.4532,0.9995
Cldn4,Cldn4,2.6233,-0.5387,1.1073,-0.4865,0.6266,0.9995
Cldn5,Cldn5,2.0618,0.4215,1.0748,0.3921,0.695,0.9995
Cldn6,Cldn6,0.4593,0.2102,2.5707,0.0818,0.9348,0.9995
Cldn7,Cldn7,1.3688,-0.2206,1.364,-0.1618,0.8715,0.9995
Cldn9,Cldn9,5.0241,0.2161,0.6441,0.3355,0.7373,0.9995
Cldnd1,Cldnd1,3827.5746,-0.0087,0.1316,-0.066,0.9474,0.9995
Clec10a,Clec10a,1.2587,-0.1723,1.508,-0.1143,0.909,0.9995
Clec11a,Clec11a,55.6574,0.0167,0.361,0.0463,0.9631,0.9995
Clec14a,Clec14a,0.4586,1.421,2.4886,0.571,0.568,0.9995
Clec16a,Clec16a,2303.2596,-0.0817,0.0548,-1.4895,0.1364,0.9995
Clec1a,Clec1a,1.829,0.7579,1.0129,0.7483,0.4543,0.9995
Clec2d,Clec2d,1835.0404,0.1561,0.1858,0.8402,0.4008,0.9995
Clec2e,Clec2e,0.5711,-0.3603,2.0508,-0.1757,0.8606,0.9995
Clec2g,Clec2g,1.0238,1.6786,1.6941,0.9909,0.3217,0.9995
Clec2l,Clec2l,8.3401,0.0775,0.5282,0.1467,0.8834,0.9995
Clec3b,Clec3b,184.3524,-0.0961,0.2158,-0.4453,0.6561,0.9995
Clec4d,Clec4d,6.269,-0.2391,1.3568,-0.1762,0.8601,0.9995
Clec4e,Clec4e,40.7282,0.6532,1.4964,0.4365,0.6625,0.9995
Clec5a,Clec5a,1.9443,-0.1696,1.1234,-0.151,0.88,0.9995
Clgn,Clgn,0.4538,1.0238,2.5451,0.4023,0.6875,0.9995
Clhc1,Clhc1,2.1674,1.4653,0.9952,1.4725,0.1409,0.9995
Clic1,Clic1,13644.4004,0.0219,0.1011,0.2161,0.8289,0.9995
Clic3,Clic3,108.8219,0.3894,0.1807,2.1547,0.0312,0.9995
Clic4,Clic4,22300.6053,-0.0196,0.0335,-0.5851,0.5585,0.9995
Clic5,Clic5,361.5497,0.0613,0.126,0.4863,0.6267,0.9995
Clic6,Clic6,0.6821,1.9041,2.4232,0.7858,0.432,0.9995
Clint1,Clint1,5047.1047,-0.0699,0.0775,-0.9018,0.3672,0.9995
Clip1,Clip1,4096.2973,0.0153,0.1287,0.119,0.9053,0.9995
Clip2,Clip2,1960.0726,0.003,0.0997,0.0301,0.976,0.9995
Clip3,Clip3,1954.7242,0.0438,0.1177,0.3723,0.7097,0.9995
Clip4,Clip4,807.9935,-0.0168,0.1516,-0.1106,0.9119,0.9995
Clk1,Clk1,3057.23,0.2457,0.1541,1.595,0.1107,0.9995
Clk2,Clk2,228.0469,0.1977,0.106,1.8647,0.0622,0.9995
Clk3,Clk3,2121.2461,0.0957,0.0748,1.2794,0.2007,0.9995
Clk4,Clk4,1372.638,-0.0044,0.1153,-0.0382,0.9695,0.9995
Clmn,Clmn,315.3193,0.0649,0.1778,0.3651,0.7151,0.9995
Clmp,Clmp,2239.0336,-0.0325,0.2753,-0.1182,0.9059,0.9995
Cln3,Cln3,254.5198,0.0266,0.1887,0.1407,0.8881,0.9995
Cln5,Cln5,4089.5643,-0.0923,0.1499,-0.6158,0.538,0.9995
Cln6,Cln6,970.7203,0.0789,0.1116,0.7067,0.4798,0.9995
Cln8,Cln8,2717.788,0.1003,0.2331,0.4301,0.6672,0.9995
Clnk,Clnk,0.4592,-1.0626,2.0889,-0.5087,0.611,0.9995
Clns1a,Clns1a,1911.1624,0.076,0.0708,1.0736,0.283,0.9995
Clock,Clock,1630.3638,0.1115,0.1879,0.5935,0.5529,0.9995
Clp1,Clp1,560.2509,0.1351,0.1082,1.2487,0.2118,0.9995
Clpb,Clpb,1671.8472,0.0202,0.0688,0.2935,0.7692,0.9995
Clpp,Clpp,1164.3604,0.0979,0.1255,0.7805,0.4351,0.9995
Clptm1,Clptm1,6419.8341,-0.0069,0.0903,-0.0763,0.9392,0.9995
Clptm1l,Clptm1l,8120.4652,0.0477,0.095,0.5021,0.6156,0.9995
Clpx,Clpx,1841.8053,-0.0184,0.1031,-0.1785,0.8583,0.9995
Clrn1,Clrn1,102.692,0.2354,0.2771,0.8495,0.3956,0.9995
Clspn,Clspn,440.8368,-0.3191,0.4363,-0.7315,0.4645,0.9995
Clstn1,Clstn1,9025.5076,-0.0851,0.0968,-0.8793,0.3792,0.9995
Clstn2,Clstn2,2.5035,-0.7195,1.173,-0.6134,0.5396,0.9995
Clstn3,Clstn3,75.8261,0.1144,0.2596,0.4408,0.6594,0.9995
Clta,Clta,5792.3133,0.0684,0.0841,0.8138,0.4158,0.9995
Cltb,Cltb,2491.0931,0.0919,0.0774,1.1882,0.2348,0.9995
Cltc,Cltc,19429.6086,-0.1285,0.0724,-1.7762,0.0757,0.9995
Clu,Clu,444.8972,0.1044,0.1983,0.5264,0.5986,0.9995
Cluap1,Cluap1,513.9994,0.0438,0.0937,0.4678,0.6399,0.9995
Cluh,Cluh,4624.3712,0.0689,0.0714,0.9654,0.3344,0.9995
Clvs1,Clvs1,23.0045,-0.1781,0.4025,-0.4425,0.6581,0.9995
Clybl,Clybl,1098.8611,-0.0206,0.1064,-0.1939,0.8462,0.9995
Cma1,Cma1,3.3296,-0.8271,0.9817,-0.8425,0.3995,0.9995
Cmah,Cmah,581.2517,-0.3108,0.2209,-1.4068,0.1595,0.9995
Cmas,Cmas,1995.6399,0.0506,0.0633,0.7992,0.4242,0.9995
Cmbl,Cmbl,246.9554,0.0098,0.1386,0.071,0.9434,0.9995
Cmc1,Cmc1,414.7245,0.1103,0.1063,1.0382,0.2992,0.9995
Cmc2,Cmc2,391.9246,0.0687,0.1142,0.6019,0.5472,0.9995
Cmc4,Cmc4,47.9941,0.0809,0.2401,0.3367,0.7363,0.9995
Cmip,Cmip,1665.1453,-0.0537,0.0726,-0.7398,0.4594,0.9995
Cmklr1,Cmklr1,778.2335,-0.2802,0.6154,-0.4553,0.6489,0.9995
Cml1,Cml1,54.2366,0.1663,0.2894,0.5746,0.5656,0.9995
Cml2,Cml2,0.8039,0.5167,1.6562,0.312,0.7551,0.9995
Cml3,Cml3,0.6839,0.8659,1.8179,0.4763,0.6338,0.9995
Cml5,Cml5,0.9098,0.4824,1.7488,0.2758,0.7827,0.9995
Cmpk1,Cmpk1,3933.929,-0.0191,0.104,-0.1836,0.8543,0.9995
Cmpk2,Cmpk2,8.9306,-0.1666,0.5482,-0.3038,0.7613,0.9995
Cmss1,Cmss1,194.7363,0.179,0.2112,0.8476,0.3967,0.9995
Cmtm3,Cmtm3,2713.592,0.0681,0.1781,0.3824,0.7021,0.9995
Cmtm4,Cmtm4,2973.702,-0.0894,0.0927,-0.9638,0.3351,0.9995
Cmtm5,Cmtm5,0.4566,0.2168,2.5723,0.0843,0.9328,0.9995
Cmtm6,Cmtm6,2088.9238,-0.0219,0.0641,-0.342,0.7323,0.9995
Cmtm7,Cmtm7,746.3284,0.067,0.1054,0.6352,0.5253,0.9995
Cmtr1,Cmtr1,185.9778,0.2109,0.2957,0.7132,0.4757,0.9995
Cmtr2,Cmtr2,500.2592,-0.1254,0.0802,-1.5631,0.118,0.9995
Cmya5,Cmya5,4.3444,0.0736,0.9777,0.0753,0.94,0.9995
Cnbd2,Cnbd2,80.7298,-0.0482,0.31,-0.1556,0.8764,0.9995
Cnbp,Cnbp,14901.1945,0.0449,0.0704,0.6374,0.5239,0.9995
Cndp2,Cndp2,1895.3237,0.1606,0.2572,0.6244,0.5323,0.9995
Cnep1r1,Cnep1r1,2932.751,-0.0434,0.1329,-0.3264,0.7441,0.9995
Cnga2,Cnga2,1.3686,0.8725,1.2646,0.69,0.4902,0.9995
Cnga3,Cnga3,0.3453,-0.4801,2.6703,-0.1798,0.8573,0.9995
Cngb1,Cngb1,49.3718,0.0483,0.2085,0.2318,0.8167,0.9995
Cnih1,Cnih1,5488.0587,0.0545,0.0896,0.6084,0.5429,0.9995
Cnih2,Cnih2,43.091,-0.1774,0.3716,-0.4773,0.6332,0.9995
Cnih3,Cnih3,5.2638,0.5925,0.7377,0.8032,0.4218,0.9995
Cnih4,Cnih4,2616.2789,0.1173,0.0976,1.2016,0.2295,0.9995
Cnksr1,Cnksr1,46.6454,0.4225,0.2207,1.9147,0.0555,0.9995
Cnksr2,Cnksr2,5.9547,0.6334,0.6345,0.9982,0.3182,0.9995
Cnksr3,Cnksr3,2254.7774,-0.1128,0.1186,-0.9512,0.3415,0.9995
Cnn1,Cnn1,145.787,0.1484,0.7846,0.1891,0.85,0.9995
Cnn2,Cnn2,11119.0138,0.0081,0.1411,0.0571,0.9544,0.9995
Cnn3,Cnn3,34112.5985,0.0327,0.1836,0.1779,0.8588,0.9995
Cnnm2,Cnnm2,923.7259,-0.0819,0.202,-0.4055,0.6851,0.9995
Cnnm3,Cnnm3,1473.6416,-0.0354,0.1123,-0.3151,0.7527,0.9995
Cnnm4,Cnnm4,882.1045,-0.1252,0.1212,-1.0324,0.3019,0.9995
Cnot1,Cnot1,10306.1701,-0.0568,0.0949,-0.5987,0.5494,0.9995
Cnot10,Cnot10,2013.7977,0.0016,0.0684,0.0234,0.9813,0.9995
Cnot11,Cnot11,2081.3813,-0.0027,0.0538,-0.0494,0.9606,0.9995
Cnot2,Cnot2,3426.4527,-0.0975,0.1041,-0.9361,0.3492,0.9995
Cnot3,Cnot3,1547.7964,0.0181,0.0709,0.2548,0.7989,0.9995
Cnot4,Cnot4,1144.7489,-0.0092,0.1466,-0.0628,0.95,0.9995
Cnot6,Cnot6,3318.5905,0.0381,0.1932,0.1973,0.8436,0.9995
Cnot6l,Cnot6l,3097.8498,0.0621,0.2243,0.2768,0.7819,0.9995
Cnot7,Cnot7,2812.5807,-0.017,0.1407,-0.1207,0.9039,0.9995
Cnot8,Cnot8,2921.2035,0.0485,0.0835,0.5806,0.5615,0.9995
Cnp,Cnp,1044.2304,-0.0566,0.1561,-0.3627,0.7168,0.9995
Cnppd1,Cnppd1,2925.5717,0.1031,0.1962,0.5252,0.5994,0.9995
Cnpy2,Cnpy2,3664.2213,0.0435,0.0593,0.7333,0.4634,0.9995
Cnpy3,Cnpy3,2393.0945,0.022,0.1445,0.152,0.8792,0.9995
Cnpy4,Cnpy4,1828.5646,0.0537,0.0961,0.559,0.5761,0.9995
Cnr1,Cnr1,158.5919,0.0906,0.5434,0.1668,0.8676,0.9995
Cnrip1,Cnrip1,216.425,-0.0159,0.1405,-0.1133,0.9098,0.9995
Cnst,Cnst,1218.7815,-0.0246,0.0629,-0.3906,0.6961,0.9995
Cntd1,Cntd1,17.4548,-0.1612,0.4577,-0.3522,0.7247,0.9995
Cntf,Cntf,6.7444,0.3985,0.6335,0.6291,0.5293,0.9995
Cntfr,Cntfr,47.9833,-0.2374,0.4049,-0.5865,0.5576,0.9995
Cntln,Cntln,385.5765,-0.1522,0.1098,-1.3868,0.1655,0.9995
Cntn3,Cntn3,18.7756,-0.9335,0.399,-2.3394,0.0193,0.9995
Cntn4,Cntn4,0.456,0.2177,2.1479,0.1013,0.9193,0.9995
Cntn5,Cntn5,0.5683,0.3055,2.5077,0.1218,0.903,0.9995
Cntn6,Cntn6,5.9405,-0.4626,0.7067,-0.6546,0.5127,0.9995
Cntnap1,Cntnap1,269.4748,0.1597,0.3434,0.4651,0.6419,0.9995
Cntnap2,Cntnap2,0.3439,-1.7836,2.6035,-0.6851,0.4933,0.9995
Cntnap4,Cntnap4,22.7321,-0.0255,0.3331,-0.0767,0.9389,0.9995
Cntnap5a,Cntnap5a,1.3673,0.31,1.2645,0.2451,0.8064,0.9995
Cntrl,Cntrl,379.2416,0.0361,0.2212,0.1631,0.8704,0.9995
Cntrob,Cntrob,880.0237,-0.1252,0.1259,-0.995,0.3198,0.9995
Coa3,Coa3,1408.188,0.1144,0.0705,1.6225,0.1047,0.9995
Coa4,Coa4,173.7643,0.1623,0.1239,1.3096,0.1903,0.9995
Coa5,Coa5,4944.9245,0.0573,0.0664,0.8634,0.3879,0.9995
Coa6,Coa6,354.9422,0.1423,0.1097,1.2981,0.1942,0.9995
Coa7,Coa7,362.6418,-0.064,0.0989,-0.6474,0.5174,0.9995
Coasy,Coasy,1278.5492,0.0469,0.1069,0.4388,0.6608,0.9995
Cobl,Cobl,2031.1976,0.0833,0.2308,0.3609,0.7182,0.9995
Cobll1,Cobll1,1183.4409,0.1242,0.1513,0.8206,0.4119,0.9995
Coch,Coch,1.4827,-0.7435,1.4586,-0.5097,0.6102,0.9995
Cog1,Cog1,1425.3461,-0.0663,0.0914,-0.7252,0.4683,0.9995
Cog2,Cog2,1243.5758,-0.0045,0.0723,-0.0616,0.9509,0.9995
Cog3,Cog3,2334.1558,-0.0686,0.0776,-0.884,0.3767,0.9995
Cog4,Cog4,2728.2816,-0.0464,0.0809,-0.5731,0.5666,0.9995
Cog5,Cog5,679.3497,-0.1805,0.1156,-1.5608,0.1186,0.9995
Cog6,Cog6,2589.8681,-0.0288,0.0761,-0.378,0.7055,0.9995
Cog7,Cog7,1232.8421,0.0083,0.0757,0.11,0.9124,0.9995
Cog8,Cog8,1182.8656,-0.0328,0.0722,-0.4537,0.6501,0.9995
Coil,Coil,503.2646,0.0069,0.0771,0.0889,0.9292,0.9995
Col10a1,Col10a1,27.767,-0.1267,0.3221,-0.3933,0.6941,0.9995
Col11a1,Col11a1,198.351,-0.2701,0.7968,-0.339,0.7346,0.9995
Col11a2,Col11a2,39.5664,-0.3699,0.2395,-1.5446,0.1224,0.9995
Col12a1,Col12a1,82743.2669,-0.217,0.0737,-2.9424,0.0033,0.9995
Col13a1,Col13a1,23.5678,-0.2999,0.6337,-0.4732,0.6361,0.9995
Col14a1,Col14a1,336.3669,-0.0664,0.2297,-0.2892,0.7725,0.9995
Col15a1,Col15a1,2.6267,-0.2767,1.0226,-0.2706,0.7867,0.9995
Col16a1,Col16a1,2792.2213,-0.1294,0.0947,-1.3661,0.1719,0.9995
Col17a1,Col17a1,95.3406,-0.1205,0.1825,-0.6605,0.5089,0.9995
Col18a1,Col18a1,6741.6206,0.01,0.2582,0.0387,0.9691,0.9995
Col19a1,Col19a1,34.9127,-0.2105,0.3346,-0.6291,0.5293,0.9995
Col1a1,Col1a1,30728.2463,-0.1734,0.586,-0.2959,0.7673,0.9995
Col1a2,Col1a2,105651.0638,-0.082,0.2232,-0.3672,0.7135,0.9995
Col20a1,Col20a1,45.3095,0.0779,0.2816,0.2765,0.7821,0.9995
Col22a1,Col22a1,2.5182,-0.6862,0.9571,-0.717,0.4734,0.9995
Col23a1,Col23a1,153.7526,0.404,0.4462,0.9054,0.3653,0.9995
Col24a1,Col24a1,128.2238,-0.0057,0.3437,-0.0166,0.9868,0.9995
Col25a1,Col25a1,78.3042,0.1446,0.428,0.3378,0.7355,0.9995
Col26a1,Col26a1,50.6366,0.4348,0.3516,1.2367,0.2162,0.9995
Col27a1,Col27a1,318.422,-0.1389,0.1719,-0.808,0.4191,0.9995
Col28a1,Col28a1,32.6978,-0.1591,0.2697,-0.5899,0.5553,0.9995
Col2a1,Col2a1,1.0308,-0.8591,1.5329,-0.5605,0.5752,0.9995
Col3a1,Col3a1,281719.7286,-0.0109,0.0698,-0.1559,0.8761,0.9995
Col4a1,Col4a1,22036.2405,-0.1601,0.1555,-1.0299,0.303,0.9995
Col4a2,Col4a2,17952.2817,-0.1415,0.1481,-0.9555,0.3393,0.9995
Col4a3,Col4a3,3.3061,0.847,0.8456,1.0017,0.3165,0.9995
Col4a3bp,Col4a3bp,2588.8088,0.0388,0.1153,0.3365,0.7365,0.9995
Col4a4,Col4a4,3.0747,-0.9118,1.1282,-0.8082,0.419,0.9995
Col4a5,Col4a5,1106.7896,-0.4835,0.2859,-1.6914,0.0908,0.9995
Col4a6,Col4a6,45.4236,-0.3237,0.4118,-0.7859,0.4319,0.9995
Col5a1,Col5a1,48501.4908,-0.0901,0.2659,-0.3387,0.7349,0.9995
Col5a2,Col5a2,69099.7751,-0.0384,0.0762,-0.5037,0.6145,0.9995
Col5a3,Col5a3,6064.4114,-0.0474,0.2812,-0.1686,0.8661,0.9995
Col6a1,Col6a1,54432.875,0.0073,0.2526,0.0291,0.9768,0.9995
Col6a2,Col6a2,27798.6704,-0.055,0.3499,-0.1571,0.8752,0.9995
Col6a3,Col6a3,16473.2309,-0.0608,0.2119,-0.287,0.7741,0.9995
Col6a4,Col6a4,12.9435,-0.423,0.5451,-0.7761,0.4377,0.9995
Col6a5,Col6a5,0.8014,-2.0607,1.621,-1.2712,0.2037,0.9995
Col7a1,Col7a1,52.6198,-0.245,0.346,-0.7082,0.4788,0.9995
Col8a1,Col8a1,8954.5484,-0.0273,0.3883,-0.0702,0.944,0.9995
Col8a2,Col8a2,3966.2833,-0.0781,0.6502,-0.1201,0.9044,0.9995
Col9a2,Col9a2,0.7986,1.2494,1.7474,0.715,0.4746,0.9995
Col9a3,Col9a3,4.9264,-0.09,0.6767,-0.1329,0.8942,0.9995
Colec10,Colec10,182.839,-0.7283,0.4737,-1.5375,0.1242,0.9995
Colec11,Colec11,0.3435,2.1373,2.5691,0.8319,0.4054,0.9995
Colec12,Colec12,14451.4762,-0.2101,0.1286,-1.6334,0.1024,0.9995
Colgalt1,Colgalt1,8640.0603,0.045,0.0625,0.7203,0.4713,0.9995
Colq,Colq,179.6051,0.2661,0.2592,1.0266,0.3046,0.9995
Commd1,Commd1,1883.5374,0.067,0.0708,0.946,0.3441,0.9995
Commd10,Commd10,1561.4024,0.0623,0.0665,0.937,0.3487,0.9995
Commd2,Commd2,1199.8945,0.009,0.0984,0.0917,0.9269,0.9995
Commd3,Commd3,3590.6353,0.0654,0.0809,0.808,0.4191,0.9995
Commd4,Commd4,884.394,0.0822,0.0976,0.8418,0.3999,0.9995
Commd5,Commd5,933.4082,0.1398,0.0789,1.7722,0.0764,0.9995
Commd6,Commd6,949.3071,0.011,0.0785,0.14,0.8886,0.9995
Commd7,Commd7,1755.8031,0.024,0.1012,0.2374,0.8124,0.9995
Commd8,Commd8,1645.9628,-0.0645,0.1126,-0.5729,0.5667,0.9995
Commd9,Commd9,976.2963,0.0878,0.0864,1.0168,0.3092,0.9995
Comp,Comp,9.7164,-0.0562,0.453,-0.124,0.9013,0.9995
Comt,Comt,3311.5763,0.0816,0.1295,0.6301,0.5286,0.9995
Comtd1,Comtd1,378.846,0.0238,0.1827,0.13,0.8966,0.9995
Copa,Copa,22060.4887,-0.0385,0.0498,-0.7734,0.4393,0.9995
Copb1,Copb1,8835.6776,-0.0817,0.0712,-1.1469,0.2514,0.9995
Copb2,Copb2,12354.2949,-0.0269,0.0582,-0.4624,0.6438,0.9995
Cope,Cope,4360.874,0.0271,0.0637,0.4249,0.6709,0.9995
Copg1,Copg1,9875.0241,-0.0017,0.052,-0.0321,0.9744,0.9995
Copg2,Copg2,2988.9488,-0.0507,0.0679,-0.7473,0.4549,0.9995
Coprs,Coprs,447.505,0.1569,0.1307,1.2,0.2301,0.9995
Cops2,Cops2,4565.9132,0.0022,0.1386,0.0161,0.9872,0.9995
Cops3,Cops3,3128.5,0.0595,0.0678,0.8777,0.3801,0.9995
Cops4,Cops4,3735.227,0.041,0.0911,0.45,0.6527,0.9995
Cops5,Cops5,3713.1364,0.0827,0.1065,0.7759,0.4378,0.9995
Cops6,Cops6,3964.933,0.1073,0.0896,1.197,0.2313,0.9995
Cops7a,Cops7a,3459.2663,0.1042,0.0928,1.1224,0.2617,0.9995
Cops7b,Cops7b,1032.6498,0.1298,0.0958,1.3551,0.1754,0.9995
Cops8,Cops8,3526.5341,0.061,0.0495,1.2304,0.2185,0.9995
Copz1,Copz1,5429.9087,0.0147,0.0748,0.1969,0.8439,0.9995
Copz2,Copz2,3000.7466,0.0177,0.117,0.1511,0.8799,0.9995
Coq10a,Coq10a,1055.9022,0.0609,0.1007,0.6053,0.545,0.9995
Coq10b,Coq10b,1969.6501,-0.0306,0.142,-0.2158,0.8291,0.9995
Coq2,Coq2,1315.749,0.0519,0.0688,0.7543,0.4506,0.9995
Coq3,Coq3,780.48,0.0292,0.0705,0.4148,0.6783,0.9995
Coq4,Coq4,428.4573,-0.0176,0.1137,-0.155,0.8768,0.9995
Coq5,Coq5,1541.6658,0.1208,0.0664,1.8186,0.069,0.9995
Coq6,Coq6,707.7165,0.11,0.0823,1.3374,0.1811,0.9995
Coq7,Coq7,405.5592,0.0432,0.0874,0.4942,0.6212,0.9995
Coq9,Coq9,2996.6544,0.0862,0.0593,1.4533,0.1461,0.9995
Corin,Corin,2.5075,-0.962,0.9585,-1.0037,0.3155,0.9995
Coro1a,Coro1a,29.4641,0.384,0.2804,1.3692,0.1709,0.9995
Coro1b,Coro1b,7957.9515,-0.0031,0.1153,-0.0265,0.9789,0.9995
Coro1c,Coro1c,6217.9565,0.0154,0.0891,0.1731,0.8626,0.9995
Coro2a,Coro2a,155.7239,-0.1468,0.2051,-0.7157,0.4742,0.9995
Coro2b,Coro2b,1695.8167,-0.0051,0.0869,-0.0593,0.9527,0.9995
Coro6,Coro6,1196.1064,-0.0317,0.1873,-0.1693,0.8656,0.9995
Coro7,Coro7,626.5687,0.04,0.0843,0.474,0.6355,0.9995
Cort,Cort,4.5694,0.7394,0.6394,1.1564,0.2475,0.9995
Cotl1,Cotl1,1426.879,0.077,0.3126,0.2462,0.8055,0.9995
Cox10,Cox10,547.7001,0.0298,0.1193,0.2497,0.8028,0.9995
Cox11,Cox11,483.9493,0.0531,0.0902,0.5886,0.5561,0.9995
Cox14,Cox14,1744.4002,0.1146,0.0642,1.785,0.0743,0.9995
Cox15,Cox15,1716.2349,0.0062,0.0818,0.0763,0.9392,0.9995
Cox16,Cox16,209.9859,0.1879,0.1909,0.9845,0.3249,0.9995
Cox17,Cox17,1008.7849,0.0732,0.1157,0.6329,0.5268,0.9995
Cox18,Cox18,653.2908,0.138,0.0836,1.6498,0.099,0.9995
Cox19,Cox19,1341.3679,0.1978,0.0587,3.3698,0.0008,0.9995
Cox20,Cox20,586.824,0.1598,0.0855,1.8688,0.0617,0.9995
Cox4i1,Cox4i1,11067.7625,0.0757,0.0654,1.158,0.2469,0.9995
Cox4i2,Cox4i2,1.7071,0.8188,1.1447,0.7153,0.4744,0.9995
Cox5a,Cox5a,3701.4512,0.1221,0.0685,1.7843,0.0744,0.9995
Cox5b,Cox5b,3397.0038,0.1463,0.0907,1.6131,0.1067,0.9995
Cox6a1,Cox6a1,4248.0809,0.0907,0.0636,1.4266,0.1537,0.9995
Cox6a2,Cox6a2,331.5338,0.2032,0.1278,1.5902,0.1118,0.9995
Cox6b1,Cox6b1,4677.2152,0.1114,0.0957,1.1636,0.2446,0.9995
Cox6b2,Cox6b2,5.2505,0.7594,0.7156,1.0611,0.2886,0.9995
Cox6c,Cox6c,6194.3394,0.074,0.0732,1.0108,0.3121,0.9995
Cox7a1,Cox7a1,50.5422,-0.0562,0.273,-0.2057,0.837,0.9995
Cox7a2,Cox7a2,3371.8746,0.0903,0.0678,1.3305,0.1834,0.9995
Cox7a2l,Cox7a2l,5792.1149,0.124,0.1171,1.0591,0.2895,0.9995
Cox7b,Cox7b,4022.2244,0.0911,0.081,1.1245,0.2608,0.9995
Cox7b2,Cox7b2,3.0778,0.477,0.8348,0.5714,0.5677,0.9995
Cox7c,Cox7c,4374.0381,0.1675,0.0689,2.4311,0.0151,0.9995
Cox8a,Cox8a,5090.0384,0.0643,0.0729,0.8811,0.3783,0.9995
Cox8b,Cox8b,95.0571,0.1935,0.3027,0.6393,0.5226,0.9995
Cp,Cp,20026.6013,-0.134,0.1996,-0.6714,0.502,0.9995
Cpa1,Cpa1,2.9763,0.2976,1.0969,0.2713,0.7862,0.9995
Cpa2,Cpa2,1.6001,-0.743,1.3637,-0.5448,0.5859,0.9995
Cpa4,Cpa4,63.4551,0.0602,0.2622,0.2296,0.8184,0.9995
Cpa5,Cpa5,2.6313,0.6937,1.4236,0.4873,0.6261,0.9995
Cpa6,Cpa6,9.1298,0.581,0.5418,1.0724,0.2836,0.9995
Cpb2,Cpb2,0.3438,-0.475,2.6713,-0.1778,0.8589,0.9995
Cpd,Cpd,7856.6267,-0.1294,0.1189,-1.0886,0.2763,0.9995
Cpe,Cpe,5388.5677,-0.2548,0.1422,-1.792,0.0731,0.9995
Cpeb1,Cpeb1,405.699,0.1267,0.2257,0.5615,0.5745,0.9995
Cpeb2,Cpeb2,436.4687,-0.1551,0.2141,-0.7244,0.4688,0.9995
Cpeb3,Cpeb3,380.7894,0.0299,0.1549,0.1928,0.8471,0.9995
Cpeb4,Cpeb4,1082.0473,-0.0411,0.1846,-0.2226,0.8238,0.9995
Cped1,Cped1,400.0385,-0.156,0.2115,-0.7378,0.4606,0.9995
Cplx1,Cplx1,1.2592,0.3853,1.2161,0.3168,0.7514,0.9995
Cplx2,Cplx2,833.6705,-0.0141,0.1481,-0.0955,0.9239,0.9995
Cplx3,Cplx3,19.4322,0.0134,0.3938,0.0339,0.9729,0.9995
Cpm,Cpm,14.1755,0.2223,0.428,0.5194,0.6035,0.9995
Cpn1,Cpn1,3.21,0.481,1.0528,0.4568,0.6478,0.9995
Cpn2,Cpn2,0.8032,1.3743,2.2817,0.6023,0.547,0.9995
Cpne1,Cpne1,2955.2638,0.072,0.088,0.8178,0.4135,0.9995
Cpne2,Cpne2,2205.6279,0.1067,0.1587,0.6724,0.5014,0.9995
Cpne3,Cpne3,2828.3241,-0.0153,0.1594,-0.096,0.9235,0.9995
Cpne5,Cpne5,9.3609,0.0544,0.5371,0.1013,0.9193,0.9995
Cpne7,Cpne7,7.6542,-0.3433,0.6096,-0.5631,0.5733,0.9995
Cpne8,Cpne8,1881.0672,0.0333,0.1074,0.31,0.7566,0.9995
Cpne9,Cpne9,1.4901,-1.0393,1.2512,-0.8306,0.4062,0.9995
Cpox,Cpox,1818.656,-0.0074,0.1627,-0.0452,0.9639,0.9995
Cpped1,Cpped1,2830.4233,-0.048,0.0575,-0.8342,0.4041,0.9995
Cpq,Cpq,7997.9321,0.0655,0.1086,0.6028,0.5466,0.9995
Cps1,Cps1,1.5986,1.3386,1.3211,1.0132,0.311,0.9995
Cpsf1,Cpsf1,3623.4753,-0.0342,0.0747,-0.4577,0.6471,0.9995
Cpsf2,Cpsf2,2761.2006,-0.0126,0.0886,-0.1426,0.8866,0.9995
Cpsf3,Cpsf3,2903.7097,0.0315,0.073,0.4314,0.6662,0.9995
Cpsf3l,Cpsf3l,2149.4074,0.0935,0.1227,0.7617,0.4462,0.9995
Cpsf4,Cpsf4,720.2243,-0.0067,0.105,-0.0634,0.9495,0.9995
Cpsf4l,Cpsf4l,2.2795,0.4685,1.0395,0.4507,0.6522,0.9995
Cpsf6,Cpsf6,2630.8456,0.0686,0.1171,0.5853,0.5583,0.9995
Cpsf7,Cpsf7,3207.8792,-0.0084,0.0547,-0.1541,0.8775,0.9995
Cpt1a,Cpt1a,9400.8486,0.0665,0.204,0.3259,0.7445,0.9995
Cpt1b,Cpt1b,1.5994,0.4116,1.0706,0.3845,0.7006,0.9995
Cpt1c,Cpt1c,630.3281,-0.0203,0.0813,-0.2503,0.8024,0.9995
Cpt2,Cpt2,1326.7119,0.0183,0.0934,0.1958,0.8448,0.9995
Cptp,Cptp,798.7795,0.0725,0.1376,0.5268,0.5983,0.9995
Cpvl,Cpvl,1.2542,0.7978,1.573,0.5072,0.612,0.9995
Cpxm1,Cpxm1,36.315,0.1507,0.2627,0.5737,0.5662,0.9995
Cpz,Cpz,230.1888,0.0554,0.1476,0.3753,0.7075,0.9995
Cr1l,Cr1l,2338.4509,0.142,0.1636,0.8684,0.3852,0.9995
Crabp1,Crabp1,22.401,-0.5034,0.7131,-0.706,0.4802,0.9995
Crabp2,Crabp2,2168.8463,-0.0029,0.1254,-0.0231,0.9816,0.9995
Cracr2a,Cracr2a,0.6874,-1.7983,1.6907,-1.0636,0.2875,0.9995
Cracr2b,Cracr2b,80.9981,-0.0379,0.1955,-0.1937,0.8464,0.9995
Cradd,Cradd,271.5871,0.0483,0.1063,0.454,0.6498,0.9995
Cramp1l,Cramp1l,965.01,-0.0581,0.081,-0.7173,0.4732,0.9995
Crat,Crat,2733.7973,0.0242,0.0606,0.3993,0.6897,0.9995
Crb1,Crb1,0.4584,-1.062,2.0894,-0.5083,0.6113,0.9995
Crbn,Crbn,1349.2951,-0.0103,0.1429,-0.0725,0.9422,0.9995
Crcp,Crcp,1080.0239,0.0769,0.1162,0.6619,0.508,0.9995
Crct1,Crct1,5.9205,0.6872,0.8215,0.8365,0.4028,0.9995
Creb1,Creb1,1347.0765,0.076,0.1555,0.4887,0.625,0.9995
Creb3,Creb3,2964.4558,0.0137,0.0664,0.2064,0.8365,0.9995
Creb3l1,Creb3l1,7358.3541,0.1013,0.1148,0.8823,0.3776,0.9995
Creb3l2,Creb3l2,1637.0494,-0.1069,0.077,-1.3888,0.1649,0.9995
Creb3l3,Creb3l3,26.8594,0.2994,0.2758,1.0858,0.2776,0.9995
Creb3l4,Creb3l4,21.6851,0.0698,0.3915,0.1784,0.8584,0.9995
Creb5,Creb5,107.6018,-0.2504,0.2248,-1.1138,0.2654,0.9995
Crebbp,Crebbp,908.6292,-0.207,0.1233,-1.6787,0.0932,0.9995
Crebl2,Crebl2,600.4522,-0.0367,0.1631,-0.2252,0.8218,0.9995
Crebrf,Crebrf,964.6491,0.0414,0.2289,0.1811,0.8563,0.9995
Crebzf,Crebzf,1030.7053,0.0996,0.123,0.8095,0.4182,0.9995
Creg1,Creg1,3111.5299,0.0275,0.2182,0.1262,0.8996,0.9995
Creg2,Creg2,22.1653,0.4064,0.2968,1.3693,0.1709,0.9995
Creld1,Creld1,2824.4354,-0.027,0.0758,-0.3555,0.7222,0.9995
Creld2,Creld2,3007.3886,-0.0874,0.1368,-0.6389,0.5229,0.9995
Crem,Crem,372.6415,-0.1734,0.1544,-1.1229,0.2615,0.9995
Crh,Crh,8.2396,-0.4633,0.5226,-0.8866,0.3753,0.9995
Crhbp,Crhbp,5.6102,-0.1489,0.6831,-0.218,0.8274,0.9995
Crhr2,Crhr2,0.3442,-0.4801,2.6724,-0.1797,0.8574,0.9995
Crim1,Crim1,1633.0287,-0.0797,0.159,-0.5011,0.6163,0.9995
Crip1,Crip1,5078.1375,0.0576,0.1839,0.3129,0.7543,0.9995
Crip2,Crip2,18665.1411,0.0617,0.1455,0.4242,0.6714,0.9995
Crip3,Crip3,0.6862,1.1085,1.7458,0.635,0.5255,0.9995
Cript,Cript,2237.1809,0.0134,0.0514,0.2616,0.7937,0.9995
Crisp2,Crisp2,3.5432,0.4819,0.7315,0.6588,0.51,0.9995
Crispld1,Crispld1,7.1939,-0.5795,0.6097,-0.9504,0.3419,0.9995
Crispld2,Crispld2,6.1594,-0.0192,0.6814,-0.0282,0.9775,0.9995
Crk,Crk,7761.4789,-0.0362,0.1088,-0.3326,0.7395,0.9995
Crkl,Crkl,3339.9831,-0.0253,0.0572,-0.443,0.6578,0.9995
Crlf1,Crlf1,6277.7603,0.1671,0.2577,0.6484,0.5167,0.9995
Crlf2,Crlf2,258.5386,-0.0357,0.1361,-0.2626,0.7929,0.9995
Crlf3,Crlf3,1330.9619,0.0334,0.1185,0.2814,0.7784,0.9995
Crls1,Crls1,1745.6873,-0.0999,0.0698,-1.4313,0.1524,0.9995
Crmp1,Crmp1,4.4599,0.2764,0.8249,0.3351,0.7376,0.9995
Crnde,Crnde,166.9225,0.2667,0.2136,1.2484,0.2119,0.9995
Crnkl1,Crnkl1,2093.487,-0.0316,0.1349,-0.2344,0.8147,0.9995
Crocc,Crocc,383.6684,-0.1969,0.1419,-1.3874,0.1653,0.9995
Crot,Crot,1901.3354,0.0146,0.0926,0.1578,0.8746,0.9995
Crtam,Crtam,1.1413,0.4124,1.6232,0.2541,0.7994,0.9995
Crtap,Crtap,5233.4756,0.0409,0.0759,0.538,0.5906,0.9995
Crtc1,Crtc1,1257.0339,0.0122,0.0636,0.192,0.8478,0.9995
Crtc2,Crtc2,1425.4963,-0.0046,0.0749,-0.0618,0.9507,0.9995
Crtc3,Crtc3,1054.8166,-0.0511,0.0865,-0.5905,0.5549,0.9995
Cry1,Cry1,783.7833,-0.1985,0.1057,-1.8781,0.0604,0.9995
Cry2,Cry2,673.2582,-0.0425,0.1359,-0.313,0.7543,0.9995
Cryab,Cryab,8921.0949,0.0704,0.1528,0.4611,0.6448,0.9995
Cryba4,Cryba4,23.7737,0.4256,0.4806,0.8854,0.3759,0.9995
Crybb1,Crybb1,3.6486,0.6631,0.7762,0.8543,0.3929,0.9995
Crybb3,Crybb3,11.433,-0.1558,0.4059,-0.3838,0.7012,0.9995
Crybg3,Crybg3,407.7159,-0.0476,0.1138,-0.4183,0.6757,0.9995
Crygn,Crygn,0.3427,0.9357,2.6531,0.3527,0.7243,0.9995
Crygs,Crygs,0.92,-1.3685,1.9308,-0.7087,0.4785,0.9995
Cryl1,Cryl1,188.9498,0.0689,0.1551,0.4445,0.6567,0.9995
Crym,Crym,31.8865,0.5569,0.5778,0.9638,0.3351,0.9995
Cryz,Cryz,2081.2919,0.0379,0.0684,0.5541,0.5795,0.9995
Cryzl1,Cryzl1,921.4378,-0.0398,0.0658,-0.6048,0.5453,0.9995
Cs,Cs,13932.7762,-0.0129,0.0917,-0.1406,0.8882,0.9995
Csad,Csad,1012.2088,-0.0544,0.0767,-0.709,0.4783,0.9995
Csdc2,Csdc2,656.3079,0.1911,0.256,0.7464,0.4555,0.9995
Csde1,Csde1,13281.2767,0.0447,0.1518,0.2942,0.7686,0.9995
Cse1l,Cse1l,4806.7411,-0.1018,0.1366,-0.7455,0.456,0.9995
Csf1,Csf1,14335.9815,0.0301,0.1012,0.297,0.7665,0.9995
Csf1r,Csf1r,34.5499,-0.0342,0.3092,-0.1107,0.9118,0.9995
Csf2,Csf2,5.2534,-0.3626,0.7303,-0.4965,0.6195,0.9995
Csf2ra,Csf2ra,10.6166,-0.1676,0.48,-0.3491,0.727,0.9995
Csf2rb,Csf2rb,996.9561,0.3409,0.8115,0.4201,0.6744,0.9995
Csf2rb2,Csf2rb2,13.5839,0.1373,0.5083,0.2701,0.7871,0.9995
Csf3,Csf3,2.7294,1.8655,1.4275,1.3069,0.1913,0.9995
Csgalnact1,Csgalnact1,3940.1537,-0.0202,0.2323,-0.0869,0.9307,0.9995
Csgalnact2,Csgalnact2,2068.7323,-0.0278,0.1197,-0.2324,0.8163,0.9995
Csk,Csk,2923.5672,-0.0094,0.0768,-0.1221,0.9028,0.9995
Csl,Csl,1.602,0.1272,1.0634,0.1196,0.9048,0.9995
Csmd1,Csmd1,26.4579,0.0219,0.579,0.0378,0.9699,0.9995
Csmd2,Csmd2,0.9134,0.6498,1.43,0.4544,0.6496,0.9995
Csmd3,Csmd3,1.4854,0.595,1.5419,0.3859,0.6996,0.9995
Csn3,Csn3,1.5994,-0.0198,1.2032,-0.0164,0.9869,0.9995
Csnk1a1,Csnk1a1,12454.5369,-0.013,0.1258,-0.103,0.918,0.9995
Csnk1d,Csnk1d,8721.733,-0.0222,0.0661,-0.3363,0.7366,0.9995
Csnk1e,Csnk1e,4072.8553,-0.0227,0.0637,-0.3567,0.7213,0.9995
Csnk1g1,Csnk1g1,1557.1138,0.0478,0.104,0.4591,0.6461,0.9995
Csnk1g2,Csnk1g2,6760.5009,-0.018,0.0759,-0.2368,0.8128,0.9995
Csnk1g3,Csnk1g3,1896.857,-0.1135,0.1226,-0.9257,0.3546,0.9995
Csnk2a1,Csnk2a1,5690.1342,-0.0485,0.0962,-0.5042,0.6141,0.9995
Csnk2a2,Csnk2a2,2594.8535,0.0806,0.084,0.9595,0.3373,0.9995
Csnk2b,Csnk2b,3259.6242,0.1372,0.0662,2.0721,0.0383,0.9995
Cspg4,Cspg4,2311.1936,0.0894,0.1535,0.5825,0.5602,0.9995
Cspg5,Cspg5,7.0822,0.0208,0.5265,0.0395,0.9685,0.9995
Cspp1,Cspp1,353.1523,-0.1381,0.1504,-0.9186,0.3583,0.9995
Csrnp1,Csrnp1,506.7252,-0.1435,0.1456,-0.986,0.3242,0.9995
Csrnp2,Csrnp2,965.1674,0.0141,0.0754,0.1875,0.8513,0.9995
Csrnp3,Csrnp3,1.6043,-0.291,1.1409,-0.2551,0.7987,0.9995
Csrp1,Csrp1,10274.942,0.0844,0.1278,0.6604,0.509,0.9995
Csrp2,Csrp2,2250.8039,0.1263,0.334,0.378,0.7054,0.9995
Csrp2bp,Csrp2bp,1550.5436,0.0939,0.128,0.7336,0.4632,0.9995
Csrp3,Csrp3,656.7392,0.2905,0.2876,1.0101,0.3125,0.9995
Cst3,Cst3,23388.6246,0.0273,0.0914,0.2987,0.7652,0.9995
Cst6,Cst6,691.9263,-0.0833,0.1118,-0.7451,0.4562,0.9995
Cst7,Cst7,0.3439,-1.7836,2.6035,-0.6851,0.4933,0.9995
Cstad,Cstad,9.3694,0.437,0.5026,0.8694,0.3846,0.9995
Cstb,Cstb,4595.3026,0.116,0.1973,0.5877,0.5567,0.9995
Cstf1,Cstf1,1360.0417,0.0675,0.0667,1.0114,0.3118,0.9995
Cstf2,Cstf2,1425.2532,-0.0046,0.1209,-0.0383,0.9694,0.9995
Cstf2t,Cstf2t,2927.4183,-0.0469,0.0582,-0.8056,0.4205,0.9995
Cstf3,Cstf3,1257.7858,-0.1337,0.1785,-0.7489,0.4539,0.9995
Cstl1,Cstl1,4.1136,-0.3094,0.886,-0.3492,0.727,0.9995
Ctage5,Ctage5,1916.8026,0.0023,0.1261,0.0186,0.9852,0.9995
Ctbp1,Ctbp1,9312.0374,0.0632,0.0592,1.0687,0.2852,0.9995
Ctbp2,Ctbp2,1127.9336,-0.0208,0.0751,-0.2765,0.7822,0.9995
Ctbs,Ctbs,360.7429,0.011,0.113,0.097,0.9228,0.9995
Ctc1,Ctc1,1941.5642,-0.0325,0.0853,-0.3812,0.7031,0.9995
Ctcf,Ctcf,3000.1735,-0.0932,0.0925,-1.0072,0.3139,0.9995
Ctdnep1,Ctdnep1,4300.5421,0.041,0.0794,0.5164,0.6055,0.9995
Ctdp1,Ctdp1,1791.7747,0.0546,0.1052,0.5195,0.6034,0.9995
Ctdsp1,Ctdsp1,4657.3941,0.0545,0.0967,0.5639,0.5728,0.9995
Ctdsp2,Ctdsp2,13098.1782,0.0002,0.1285,0.0016,0.9987,1
Ctdspl,Ctdspl,1158.5528,-0.0746,0.0941,-0.7927,0.428,0.9995
Ctdspl2,Ctdspl2,1128.1898,0.0182,0.146,0.1244,0.901,0.9995
Ctf1,Ctf1,184.8731,-0.0513,0.1505,-0.3409,0.7332,0.9995
Ctf2,Ctf2,3.196,0.1235,0.8168,0.1513,0.8798,0.9995
Ctgf,Ctgf,5737.985,-0.6417,0.5259,-1.2202,0.2224,0.9995
Cth,Cth,302.2882,0.1928,0.6953,0.2772,0.7816,0.9995
Cthrc1,Cthrc1,297.4349,0.1785,0.6398,0.279,0.7802,0.9995
Ctif,Ctif,2284.4643,0.0219,0.0566,0.3872,0.6986,0.9995
Ctla2a,Ctla2a,574.3714,-0.0205,0.2407,-0.0853,0.9321,0.9995
Ctla2b,Ctla2b,86.074,0.0902,0.2829,0.3189,0.7498,0.9995
Ctnna1,Ctnna1,25001.9042,-0.0015,0.0927,-0.0159,0.9873,0.9995
Ctnna3,Ctnna3,2.5207,-0.1531,0.9513,-0.161,0.8721,0.9995
Ctnnal1,Ctnnal1,657.5929,-0.0866,0.0847,-1.0224,0.3066,0.9995
Ctnnb1,Ctnnb1,32761.4902,0.016,0.0731,0.2192,0.8265,0.9995
Ctnnbip1,Ctnnbip1,1372.4732,0.0416,0.0765,0.5439,0.5865,0.9995
Ctnnbl1,Ctnnbl1,1427.4492,0.0198,0.0813,0.2438,0.8074,0.9995
Ctnnd1,Ctnnd1,15413.1764,-0.1115,0.1066,-1.0455,0.2958,0.9995
Ctns,Ctns,1708.5984,0.1205,0.1659,0.7266,0.4674,0.9995
Ctps,Ctps,5155.1046,0.1152,0.1376,0.8374,0.4023,0.9995
Ctps2,Ctps2,3233.2248,0.0377,0.1468,0.2571,0.7971,0.9995
Ctr9,Ctr9,2722.82,-0.1133,0.0521,-2.1724,0.0298,0.9995
Ctrb1,Ctrb1,483.5542,0.3685,0.4526,0.8142,0.4155,0.9995
Ctrl,Ctrl,4.4692,-0.3241,0.8165,-0.3969,0.6914,0.9995
Ctsa,Ctsa,15405.9952,0.054,0.239,0.2258,0.8213,0.9995
Ctsb,Ctsb,70397.8548,0.0623,0.2547,0.2446,0.8067,0.9995
Ctsc,Ctsc,122.7006,0.2249,0.3838,0.586,0.5579,0.9995
Ctsd,Ctsd,58791.4503,0.0083,0.1339,0.0623,0.9503,0.9995
Ctsf,Ctsf,1615.1816,0.0555,0.1695,0.3273,0.7435,0.9995
Ctsg,Ctsg,1.3718,0.4708,1.3712,0.3434,0.7313,0.9995
Ctsh,Ctsh,757.2343,0.1334,0.1233,1.0818,0.2793,0.9995
Ctsk,Ctsk,17.7211,-0.1028,0.4477,-0.2297,0.8183,0.9995
Ctsl,Ctsl,53756.1577,0.0671,0.192,0.3497,0.7266,0.9995
Ctso,Ctso,1215.5682,-0.1301,0.0906,-1.4363,0.1509,0.9995
Ctss,Ctss,3.2028,0.2573,0.8101,0.3176,0.7508,0.9995
Ctsw,Ctsw,58.0979,-0.0032,0.5024,-0.0064,0.9949,0.9995
Ctsz,Ctsz,8701.5696,0.0368,0.1059,0.3472,0.7284,0.9995
Cttn,Cttn,10559.0037,0.0185,0.0715,0.259,0.7956,0.9995
Cttnbp2nl,Cttnbp2nl,2120.0635,-0.1799,0.1192,-1.5095,0.1312,0.9995
Ctu1,Ctu1,387.3809,0.0921,0.1078,0.8547,0.3927,0.9995
Ctu2,Ctu2,585.2964,0.161,0.115,1.4001,0.1615,0.9995
Ctxn1,Ctxn1,420.9916,-0.0605,0.1234,-0.4908,0.6236,0.9995
Ctxn3,Ctxn3,292.424,0.2864,0.3141,0.9118,0.3619,0.9995
Cubn,Cubn,135.626,-0.1694,0.1686,-1.0043,0.3152,0.9995
Cuedc1,Cuedc1,2290.0647,-0.0003,0.0748,-0.0044,0.9965,0.9995
Cuedc2,Cuedc2,2374.7853,0.0645,0.0738,0.8747,0.3817,0.9995
Cul1,Cul1,5515.2415,-0.0673,0.1363,-0.4939,0.6214,0.9995
Cul2,Cul2,2091.3624,-0.0018,0.1362,-0.0132,0.9895,0.9995
Cul3,Cul3,3648.5675,0.0685,0.1731,0.3956,0.6924,0.9995
Cul4a,Cul4a,7362.1292,0.0375,0.0653,0.5753,0.5651,0.9995
Cul4b,Cul4b,1970.3317,0.0948,0.1537,0.6168,0.5374,0.9995
Cul5,Cul5,1754.9048,0.116,0.1729,0.6709,0.5023,0.9995
Cul7,Cul7,4874.0102,-0.0217,0.0785,-0.2759,0.7826,0.9995
Cul9,Cul9,12.817,-0.042,0.4947,-0.0848,0.9324,0.9995
Cuta,Cuta,1529.0256,0.0948,0.0869,1.0912,0.2752,0.9995
Cutal,Cutal,5.5821,0.5679,0.6986,0.8129,0.4163,0.9995
Cutc,Cutc,243.0475,-0.1659,0.115,-1.4421,0.1493,0.9995
Cux1,Cux1,4235.8379,-0.0895,0.0688,-1.3015,0.1931,0.9995
Cux2,Cux2,1.7146,1.4847,1.1747,1.2639,0.2063,0.9995
Cwc15,Cwc15,3032.9094,0.082,0.0531,1.5445,0.1225,0.9995
Cwc22,Cwc22,1017.7588,-0.0284,0.1675,-0.1694,0.8655,0.9995
Cwc25,Cwc25,1357.5509,-0.0167,0.063,-0.2656,0.7905,0.9995
Cwc27,Cwc27,680.9412,0.0174,0.1068,0.1634,0.8702,0.9995
Cwf19l1,Cwf19l1,639.9902,0.0525,0.095,0.5528,0.5804,0.9995
Cwf19l2,Cwf19l2,452.3908,0.0131,0.1245,0.1048,0.9165,0.9995
Cwh43,Cwh43,2.1651,0.3087,1.026,0.3009,0.7635,0.9995
Cx3cl1,Cx3cl1,2320.8773,-0.1023,0.0911,-1.1233,0.2613,0.9995
Cx3cr1,Cx3cr1,1.3683,-1.4498,1.8235,-0.7951,0.4266,0.9995
Cxadr,Cxadr,382.9949,-0.0864,0.184,-0.4695,0.6387,0.9995
Cxcl1,Cxcl1,16722.2031,0.1617,0.6164,0.2624,0.7931,0.9995
Cxcl10,Cxcl10,149.603,0.0039,0.2876,0.0137,0.9891,0.9995
Cxcl11,Cxcl11,1.2526,-0.957,1.4431,-0.6631,0.5072,0.9995
Cxcl12,Cxcl12,31453.5981,-0.0375,0.2615,-0.1433,0.8861,0.9995
Cxcl13,Cxcl13,28.7396,0.0866,0.5612,0.1544,0.8773,0.9995
Cxcl14,Cxcl14,1367.5253,0.2786,0.9193,0.3031,0.7618,0.9995
Cxcl15,Cxcl15,7.9905,-0.019,0.5387,-0.0352,0.9719,0.9995
Cxcl16,Cxcl16,726.3111,-0.2005,0.1481,-1.3537,0.1758,0.9995
Cxcl2,Cxcl2,1.1373,-0.1957,1.9115,-0.1024,0.9185,0.9995
Cxcl3,Cxcl3,2.3915,0.2405,1.1329,0.2123,0.8319,0.9995
Cxcl5,Cxcl5,64333.2956,0.052,0.5324,0.0976,0.9222,0.9995
Cxcl9,Cxcl9,13.7211,0.0375,0.5999,0.0625,0.9502,0.9995
Cxcr4,Cxcr4,1464.0628,0.0599,0.2763,0.2168,0.8284,0.9995
Cxcr5,Cxcr5,39.0443,0.0775,0.3225,0.2403,0.8101,0.9995
Cxcr6,Cxcr6,37.5122,0.3687,0.3321,1.1101,0.267,0.9995
Cxx1a,Cxx1a,288.2146,0.1727,0.102,1.6933,0.0904,0.9995
Cxx1b,Cxx1b,347.7411,0.1386,0.1182,1.1733,0.2407,0.9995
Cxx1c,Cxx1c,251.7681,-0.0513,0.1306,-0.3932,0.6942,0.9995
Cxxc1,Cxxc1,1927.6319,0.098,0.0903,1.0855,0.2777,0.9995
Cxxc5,Cxxc5,2466.881,0.0017,0.0949,0.0183,0.9854,0.9995
Cyb561,Cyb561,32.2997,-0.0381,0.3806,-0.1002,0.9202,0.9995
Cyb561a3,Cyb561a3,1957.8697,0.0665,0.1058,0.6284,0.5297,0.9995
Cyb561d1,Cyb561d1,414.313,0.0585,0.1004,0.5825,0.5602,0.9995
Cyb561d2,Cyb561d2,406.7911,0.1277,0.1189,1.0738,0.2829,0.9995
Cyb5a,Cyb5a,2298.8003,0.0315,0.2176,0.1447,0.8849,0.9995
Cyb5b,Cyb5b,9421.3229,-0.0242,0.0491,-0.4935,0.6217,0.9995
Cyb5d1,Cyb5d1,440.0695,0.0763,0.1091,0.6998,0.4841,0.9995
Cyb5d2,Cyb5d2,592.8313,-0.0664,0.1054,-0.63,0.5287,0.9995
Cyb5r1,Cyb5r1,5359.6399,0.1345,0.1666,0.8077,0.4193,0.9995
Cyb5r2,Cyb5r2,2.1707,-0.6664,1.1347,-0.5873,0.557,0.9995
Cyb5r3,Cyb5r3,25650.1845,0.0342,0.0864,0.3953,0.6926,0.9995
Cyb5r4,Cyb5r4,1222.6274,0.0219,0.0613,0.3581,0.7202,0.9995
Cyb5rl,Cyb5rl,124.2771,0.1959,0.1514,1.2934,0.1959,0.9995
Cyba,Cyba,1.6081,-2.3675,1.5203,-1.5573,0.1194,0.9995
Cybb,Cybb,39.7298,0.1402,0.501,0.2798,0.7796,0.9995
Cybrd1,Cybrd1,5.8291,0.8757,0.5984,1.4633,0.1434,0.9995
Cyc1,Cyc1,5209.9865,0.1281,0.0891,1.437,0.1507,0.9995
Cycs,Cycs,3184.2212,0.1578,0.1076,1.4668,0.1424,0.9995
Cyfip1,Cyfip1,4874.5352,-0.0965,0.0635,-1.5201,0.1285,0.9995
Cyfip2,Cyfip2,194.5064,0.5087,0.3903,1.3033,0.1925,0.9995
Cygb,Cygb,29.7397,-0.1449,0.3445,-0.4206,0.6741,0.9995
Cyhr1,Cyhr1,3805.5911,0.0295,0.0619,0.4762,0.6339,0.9995
Cyld,Cyld,4659.7646,-0.0033,0.1348,-0.0247,0.9803,0.9995
Cym,Cym,0.4581,0.2142,2.5707,0.0833,0.9336,0.9995
Cyp11a1,Cyp11a1,66.7319,0.1044,0.2958,0.3529,0.7242,0.9995
Cyp11b1,Cyp11b1,13.026,0.2442,0.7147,0.3417,0.7326,0.9995
Cyp1a1,Cyp1a1,10.9613,0.1278,0.5793,0.2206,0.8254,0.9995
Cyp1b1,Cyp1b1,11442.9763,-0.0524,0.1815,-0.2884,0.7731,0.9995
Cyp20a1,Cyp20a1,2175.6815,0.022,0.0957,0.2299,0.8181,0.9995
Cyp21a1,Cyp21a1,0.4579,-1.062,2.0899,-0.5082,0.6113,0.9995
Cyp26a1,Cyp26a1,21.7603,-0.4959,0.4788,-1.0355,0.3004,0.9995
Cyp26b1,Cyp26b1,100.2778,0.2118,0.2164,0.9788,0.3277,0.9995
Cyp26c1,Cyp26c1,5.7216,0.5185,0.5786,0.8961,0.3702,0.9995
Cyp27a1,Cyp27a1,59.4537,0.0248,0.2554,0.0971,0.9226,0.9995
Cyp27b1,Cyp27b1,21.3607,-0.1607,0.3417,-0.4704,0.6381,0.9995
Cyp2a12,Cyp2a12,0.3421,0.9335,2.6545,0.3517,0.7251,0.9995
Cyp2ab1,Cyp2ab1,3.3142,0.2977,0.7684,0.3874,0.6985,0.9995
Cyp2b10,Cyp2b10,0.4538,1.0238,2.5451,0.4023,0.6875,0.9995
Cyp2b13,Cyp2b13,3.8873,0.0688,0.686,0.1004,0.9201,0.9995
Cyp2c44,Cyp2c44,21.5145,-0.2119,0.3718,-0.5701,0.5686,0.9995
Cyp2c50,Cyp2c50,0.5726,-0.3679,1.8108,-0.2032,0.839,0.9995
Cyp2c54,Cyp2c54,0.3441,-1.7844,2.6033,-0.6854,0.4931,0.9995
Cyp2c67,Cyp2c67,0.3442,-0.476,2.6709,-0.1782,0.8586,0.9995
Cyp2c70,Cyp2c70,0.5686,0.2915,2.1119,0.138,0.8902,0.9995
Cyp2d22,Cyp2d22,898.7633,-0.0641,0.0871,-0.736,0.4617,0.9995
Cyp2d26,Cyp2d26,1.7188,-0.0777,1.098,-0.0707,0.9436,0.9995
Cyp2d9,Cyp2d9,1.0338,-0.2426,1.802,-0.1347,0.8929,0.9995
Cyp2e1,Cyp2e1,3.8898,0.1791,0.8154,0.2197,0.8261,0.9995
Cyp2f2,Cyp2f2,108.0719,-0.3334,0.2841,-1.1738,0.2405,0.9995
Cyp2j13,Cyp2j13,1.3744,1.6648,1.4251,1.1682,0.2427,0.9995
Cyp2j6,Cyp2j6,301.382,-0.0715,0.171,-0.4185,0.6756,0.9995
Cyp2j9,Cyp2j9,16.0102,-0.0356,0.401,-0.0889,0.9292,0.9995
Cyp2s1,Cyp2s1,12.4478,0.7647,0.4147,1.8439,0.0652,0.9995
Cyp2t4,Cyp2t4,6.1723,-0.258,0.5575,-0.4628,0.6435,0.9995
Cyp2u1,Cyp2u1,123.8681,0.1173,0.2052,0.5719,0.5674,0.9995
Cyp39a1,Cyp39a1,1506.6357,-0.1237,0.0929,-1.3313,0.1831,0.9995
Cyp3a11,Cyp3a11,2.8655,-1.2381,0.9806,-1.2626,0.2068,0.9995
Cyp3a13,Cyp3a13,36.1382,-0.2861,0.3176,-0.9007,0.3677,0.9995
Cyp3a41a,Cyp3a41a,5.1499,-0.2432,0.8851,-0.2748,0.7835,0.9995
Cyp46a1,Cyp46a1,91.4772,0.2094,0.2036,1.0287,0.3036,0.9995
Cyp4a10,Cyp4a10,0.6847,2.0042,2.3766,0.8433,0.3991,0.9995
Cyp4a12b,Cyp4a12b,0.3448,-0.4801,2.6714,-0.1797,0.8574,0.9995
Cyp4b1,Cyp4b1,0.6848,0.885,2.0446,0.4329,0.6651,0.9995
Cyp4f13,Cyp4f13,252.2591,-0.1745,0.1076,-1.6217,0.1049,0.9995
Cyp4f14,Cyp4f14,1.9496,-0.3958,1.0667,-0.3711,0.7106,0.9995
Cyp4f16,Cyp4f16,591.2603,-0.0361,0.091,-0.3971,0.6913,0.9995
Cyp4f17,Cyp4f17,244.2158,-0.0044,0.1549,-0.0282,0.9775,0.9995
Cyp4f40,Cyp4f40,0.7964,0.3046,1.9698,0.1546,0.8771,0.9995
Cyp4f41-ps,Cyp4f41-ps,2.5163,0.2842,1.0892,0.2609,0.7941,0.9995
Cyp4v3,Cyp4v3,754.9913,-0.0321,0.1648,-0.1949,0.8455,0.9995
Cyp51,Cyp51,7377.2913,-0.117,0.0826,-1.4169,0.1565,0.9995
Cyp7b1,Cyp7b1,10.9691,-0.385,0.5003,-0.7696,0.4415,0.9995
Cyr61,Cyr61,15369.3841,-0.5439,0.518,-1.05,0.2937,0.9995
Cys1,Cys1,102.4837,-0.0201,0.2715,-0.0742,0.9408,0.9995
Cysltr1,Cysltr1,0.3441,0.9357,2.6506,0.353,0.7241,0.9995
Cysrt1,Cysrt1,0.8026,-2.0622,1.6213,-1.272,0.2034,0.9995
Cystm1,Cystm1,98.9391,0.1342,0.1915,0.7006,0.4835,0.9995
Cyth1,Cyth1,1136.2507,-0.0471,0.0619,-0.7598,0.4474,0.9995
Cyth2,Cyth2,2182.2291,-0.0408,0.0993,-0.4114,0.6808,0.9995
Cyth3,Cyth3,4559.6071,-0.0376,0.1098,-0.3425,0.7319,0.9995
Cyth4,Cyth4,1.2584,-0.6959,1.4398,-0.4833,0.6289,0.9995
Cytip,Cytip,0.5717,0.7139,2.055,0.3474,0.7283,0.9995
Cyyr1,Cyyr1,0.5738,-0.365,1.8102,-0.2016,0.8402,0.9995
D030025P21Rik,D030025P21Rik,32.4635,-0.2877,0.2537,-1.134,0.2568,0.9995
D030028A08Rik,D030028A08Rik,119.5726,0.0136,0.214,0.0637,0.9492,0.9995
D030040B21Rik,D030040B21Rik,1.8339,-1.0032,1.0954,-0.9158,0.3598,0.9995
D030047H15Rik,D030047H15Rik,3.5268,1.4634,1.2142,1.2052,0.2281,0.9995
D030056L22Rik,D030056L22Rik,680.8936,0.0531,0.1343,0.3953,0.6926,0.9995
D030068K23Rik,D030068K23Rik,0.6825,0.8916,2.0448,0.436,0.6628,0.9995
D10Jhu81e,D10Jhu81e,1610.0126,0.0364,0.0912,0.3994,0.6896,0.9995
D10Wsu102e,D10Wsu102e,2031.5154,-0.0929,0.0934,-0.9946,0.3199,0.9995
D11Wsu47e,D11Wsu47e,684.7491,-0.0367,0.0762,-0.4822,0.6296,0.9995
D130017N08Rik,D130017N08Rik,86.0603,-0.2695,0.1711,-1.5749,0.1153,0.9995
D130020L05Rik,D130020L05Rik,35.4164,0.2939,0.2416,1.2163,0.2239,0.9995
D130040H23Rik,D130040H23Rik,3.322,-0.0492,0.8007,-0.0614,0.951,0.9995
D130043K22Rik,D130043K22Rik,1.5929,-0.1445,1.3421,-0.1077,0.9142,0.9995
D14Ertd670e,D14Ertd670e,0.5742,-2.5227,2.2815,-1.1057,0.2688,0.9995
D15Ertd621e,D15Ertd621e,5918.3074,-0.0959,0.0908,-1.0562,0.2909,0.9995
D16Ertd472e,D16Ertd472e,543.2056,0.0187,0.1577,0.1185,0.9057,0.9995
D17H6S53E,D17H6S53E,572.0771,0.2184,0.1059,2.062,0.0392,0.9995
D17H6S56E-5,D17H6S56E-5,4312.7434,-0.1445,0.6926,-0.2087,0.8347,0.9995
D17Wsu92e,D17Wsu92e,6657.1021,0.0101,0.1065,0.0944,0.9248,0.9995
D19Bwg1357e,D19Bwg1357e,2651.4414,0.0606,0.0708,0.8558,0.3921,0.9995
D1Ertd622e,D1Ertd622e,777.9586,-0.0263,0.0953,-0.2759,0.7826,0.9995
D230025D16Rik,D230025D16Rik,1411.5314,0.0817,0.1168,0.6997,0.4841,0.9995
D2hgdh,D2hgdh,362.3326,0.0665,0.0962,0.692,0.4889,0.9995
D2Wsu81e,D2Wsu81e,573.7398,0.0217,0.1205,0.1798,0.8573,0.9995
D330023K18Rik,D330023K18Rik,49.0079,0.3074,0.2425,1.2672,0.2051,0.9995
D330041H03Rik,D330041H03Rik,13.2543,0.0351,0.385,0.0912,0.9273,0.9995
D330045A20Rik,D330045A20Rik,27.2461,-0.3283,0.4084,-0.8039,0.4214,0.9995
D330050G23Rik,D330050G23Rik,3.5438,0.4303,0.8323,0.517,0.6052,0.9995
D330050I16Rik,D330050I16Rik,19.6406,0.3366,0.3822,0.8806,0.3785,0.9995
D3Ertd254e,D3Ertd254e,492.3359,0.0324,0.1594,0.2031,0.8391,0.9995
D3Ertd751e,D3Ertd751e,94.2207,-0.1336,0.1905,-0.7011,0.4832,0.9995
D430019H16Rik,D430019H16Rik,2.3944,-1.0208,1.0107,-1.0101,0.3125,0.9995
D430020J02Rik,D430020J02Rik,155.6613,-0.2386,0.2451,-0.9736,0.3303,0.9995
D430036J16Rik,D430036J16Rik,5.2407,0.5287,0.711,0.7436,0.4571,0.9995
D430041D05Rik,D430041D05Rik,15.3198,-0.0066,0.5289,-0.0125,0.99,0.9995
D430042O09Rik,D430042O09Rik,873.0692,-0.1974,0.1061,-1.8602,0.0629,0.9995
D4Ertd617e,D4Ertd617e,1.3635,1.4526,1.6085,0.9031,0.3665,0.9995
D5Ertd579e,D5Ertd579e,3375.2836,-0.1644,0.1258,-1.3074,0.1911,0.9995
D5Ertd605e,D5Ertd605e,22.1792,-0.1243,0.3083,-0.403,0.6869,0.9995
D5Ertd615e,D5Ertd615e,20.7316,-0.413,0.5064,-0.8155,0.4148,0.9995
D630003M21Rik,D630003M21Rik,45.2931,0.0507,0.5764,0.0879,0.9299,0.9995
D630010B17Rik,D630010B17Rik,2.7431,-0.6224,0.9747,-0.6385,0.5231,0.9995
D630023F18Rik,D630023F18Rik,3.4165,0.9008,0.9095,0.9905,0.3219,0.9995
D630024D03Rik,D630024D03Rik,4.1181,0.7009,0.889,0.7884,0.4305,0.9995
D630029K05Rik,D630029K05Rik,11.7776,0.0352,0.4271,0.0825,0.9343,0.9995
D630033O11Rik,D630033O11Rik,0.5733,1.8081,1.9536,0.9255,0.3547,0.9995
D630039A03Rik,D630039A03Rik,2.5224,0.289,1.0915,0.2648,0.7912,0.9995
D630045J12Rik,D630045J12Rik,518.185,-0.1105,0.1237,-0.8932,0.3717,0.9995
D630045M09Rik,D630045M09Rik,1.3704,0.5821,1.3288,0.4381,0.6613,0.9995
D6Ertd527e,D6Ertd527e,2.7495,-0.8629,0.8576,-1.0062,0.3143,0.9995
D6Wsu163e,D6Wsu163e,923.6608,0.0164,0.1344,0.1217,0.9031,0.9995
D730005E14Rik,D730005E14Rik,3.8892,0.1809,0.6995,0.2586,0.7959,0.9995
D7Ertd443e,D7Ertd443e,0.6831,-1.7896,2.4078,-0.7432,0.4573,0.9995
D830013O20Rik,D830013O20Rik,3.206,-0.3025,0.8554,-0.3537,0.7236,0.9995
D830031N03Rik,D830031N03Rik,604.7945,-0.4363,0.2343,-1.862,0.0626,0.9995
D830046C22Rik,D830046C22Rik,8.4597,-0.0384,0.4976,-0.0772,0.9385,0.9995
D8Ertd738e,D8Ertd738e,5042.7093,0.1379,0.0897,1.5377,0.1241,0.9995
D8Ertd82e,D8Ertd82e,630.637,-0.099,0.2935,-0.3374,0.7358,0.9995
D930007P13Rik,D930007P13Rik,36.3183,0.0761,0.2568,0.2963,0.767,0.9995
D930015E06Rik,D930015E06Rik,1942.0482,-0.0912,0.1135,-0.8038,0.4215,0.9995
D930015M05Rik,D930015M05Rik,4.574,-0.5868,0.6679,-0.8786,0.3796,0.9995
D930016D06Rik,D930016D06Rik,193.4868,-0.0969,0.2012,-0.4815,0.6302,0.9995
D930028M14Rik,D930028M14Rik,0.3446,0.9378,2.6503,0.3539,0.7234,0.9995
D930048N14Rik,D930048N14Rik,26.604,0.3161,0.3155,1.0018,0.3164,0.9995
Daam1,Daam1,2120.0959,-0.3181,0.2202,-1.4448,0.1485,0.9995
Daam2,Daam2,2802.6979,0.0168,0.1907,0.0883,0.9296,0.9995
Dab2,Dab2,6272.2704,0.0184,0.2722,0.0676,0.9461,0.9995
Dab2ip,Dab2ip,5156.3575,-0.1579,0.1182,-1.3352,0.1818,0.9995
Dact1,Dact1,607.4683,-0.0069,0.0942,-0.0736,0.9414,0.9995
Dact2,Dact2,554.9615,-0.023,0.2448,-0.0938,0.9253,0.9995
Dact3,Dact3,378.969,-0.0482,0.11,-0.4382,0.6612,0.9995
Dad1,Dad1,4885.0603,0.0527,0.0684,0.7705,0.441,0.9995
Dag1,Dag1,28646.6356,-0.0517,0.1154,-0.4484,0.6539,0.9995
Dagla,Dagla,847.9469,-0.0828,0.0806,-1.0266,0.3046,0.9995
Daglb,Daglb,799.9222,0.0188,0.1203,0.156,0.876,0.9995
Dalrd3,Dalrd3,656.8478,-0.0157,0.0875,-0.1795,0.8575,0.9995
Dancr,Dancr,71.4862,0.0935,0.2273,0.4112,0.6809,0.9995
Dand5,Dand5,194.0026,-0.044,0.1841,-0.239,0.8111,0.9995
Dap,Dap,12142.6753,-0.0106,0.0877,-0.121,0.9037,0.9995
Dap3,Dap3,2461.9507,0.024,0.0597,0.4027,0.6872,0.9995
Dapk1,Dapk1,22.7678,-0.4217,0.318,-1.3264,0.1847,0.9995
Dapk2,Dapk2,2364.2277,-0.0003,0.272,-0.0011,0.9991,1
Dapk3,Dapk3,1631.1463,0.0089,0.0811,0.1091,0.9131,0.9995
Dapp1,Dapp1,54.6032,0.4234,0.231,1.8331,0.0668,0.9995
Dars,Dars,6832.6263,-0.1181,0.1541,-0.7665,0.4434,0.9995
Dars2,Dars2,1074.3618,0.0347,0.0741,0.4679,0.6399,0.9995
Daxx,Daxx,1361.4341,0.002,0.0557,0.0354,0.9718,0.9995
Dazap1,Dazap1,2324.8507,-0.0394,0.1209,-0.3261,0.7443,0.9995
Dazap2,Dazap2,13151.0231,0.0338,0.1099,0.3073,0.7586,0.9995
Dbf4,Dbf4,695.0775,-0.0793,0.2034,-0.3899,0.6966,0.9995
Dbh,Dbh,105.3625,0.3241,0.4253,0.7619,0.4461,0.9995
Dbi,Dbi,3445.9045,0.0843,0.0489,1.7261,0.0843,0.9995
Dbil5,Dbil5,6.0609,-0.0092,0.589,-0.0156,0.9875,0.9995
Dbn1,Dbn1,7392.5982,0.017,0.1299,0.1308,0.8959,0.9995
Dbndd1,Dbndd1,179.0517,-0.1901,0.1344,-1.4148,0.1571,0.9995
Dbndd2,Dbndd2,1028.0473,0.0056,0.0997,0.0559,0.9554,0.9995
Dbnl,Dbnl,4544.1703,0.0177,0.0814,0.2179,0.8275,0.9995
Dbp,Dbp,222.8579,0.1282,0.2901,0.4419,0.6586,0.9995
Dbr1,Dbr1,672.7461,-0.0116,0.0856,-0.1352,0.8925,0.9995
Dbt,Dbt,689.3435,0.1089,0.0972,1.1206,0.2624,0.9995
Dcaf10,Dcaf10,1811.9558,-0.068,0.1035,-0.6567,0.5114,0.9995
Dcaf11,Dcaf11,1829.0612,0.0301,0.0864,0.3479,0.7279,0.9995
Dcaf12,Dcaf12,4158.3571,0.0555,0.0782,0.7092,0.4782,0.9995
Dcaf13,Dcaf13,2666.9881,0.0166,0.0652,0.2545,0.7991,0.9995
Dcaf15,Dcaf15,1751.3617,-0.0661,0.0698,-0.9463,0.344,0.9995
Dcaf17,Dcaf17,463.4035,0.0914,0.1099,0.8323,0.4052,0.9995
Dcaf4,Dcaf4,732.4402,0.0355,0.0965,0.3685,0.7125,0.9995
Dcaf5,Dcaf5,3637.0647,0.0052,0.058,0.0901,0.9282,0.9995
Dcaf6,Dcaf6,2778.1304,-0.0253,0.0854,-0.2966,0.7668,0.9995
Dcaf7,Dcaf7,5350.01,-0.0029,0.0618,-0.0467,0.9628,0.9995
Dcaf8,Dcaf8,8869.1219,0.0616,0.0525,1.1728,0.2409,0.9995
Dcakd,Dcakd,4316.5591,-0.039,0.1665,-0.2342,0.8148,0.9995
Dcbld1,Dcbld1,284.8696,0.1199,0.1405,0.8539,0.3932,0.9995
Dcbld2,Dcbld2,3514.2972,-0.193,0.0898,-2.1501,0.0316,0.9995
Dcdc2b,Dcdc2b,388.9924,0.3856,0.2237,1.7238,0.0848,0.9995
Dcdc2c,Dcdc2c,0.5728,0.7126,2.0543,0.3469,0.7287,0.9995
Dchs1,Dchs1,557.4987,-0.049,0.1753,-0.2795,0.7799,0.9995
Dck,Dck,879.4965,-0.2354,0.3176,-0.7412,0.4585,0.9995
Dclk1,Dclk1,15360.7457,0.0745,0.294,0.2534,0.7999,0.9995
Dclk2,Dclk2,257.3414,-0.2176,0.1211,-1.7971,0.0723,0.9995
Dclk3,Dclk3,0.456,-1.0543,2.5219,-0.418,0.6759,0.9995
Dclre1a,Dclre1a,657.6116,-0.1506,0.0875,-1.7215,0.0852,0.9995
Dclre1b,Dclre1b,273.7507,-0.0601,0.1435,-0.4189,0.6753,0.9995
Dclre1c,Dclre1c,283.4133,0.0397,0.126,0.3147,0.753,0.9995
Dcn,Dcn,5316.9004,-0.2119,0.284,-0.7461,0.4556,0.9995
Dcp1a,Dcp1a,1407.6384,-0.0134,0.0601,-0.2225,0.8239,0.9995
Dcp1b,Dcp1b,207.5281,-0.0523,0.1685,-0.3106,0.7561,0.9995
Dcp2,Dcp2,743.9587,0.0878,0.1774,0.495,0.6206,0.9995
Dcps,Dcps,1455.062,0.0506,0.0892,0.5669,0.5708,0.9995
Dcst1,Dcst1,18.3977,-0.5891,0.362,-1.6275,0.1036,0.9995
Dctd,Dctd,503.6054,-0.0222,0.1414,-0.1568,0.8754,0.9995
Dctn1,Dctn1,6652.6818,0.0077,0.0568,0.1359,0.8919,0.9995
Dctn2,Dctn2,8105.4982,0.0401,0.0612,0.6555,0.5121,0.9995
Dctn3,Dctn3,1746.6464,0.1056,0.0721,1.4649,0.1429,0.9995
Dctn4,Dctn4,3800.1337,-0.0358,0.0545,-0.656,0.5118,0.9995
Dctn5,Dctn5,2123.1172,-0.0136,0.0658,-0.2069,0.8361,0.9995
Dctn6,Dctn6,2317.7951,0.059,0.0833,0.7083,0.4787,0.9995
Dctpp1,Dctpp1,347.8024,0.0815,0.137,0.5948,0.552,0.9995
Dcun1d1,Dcun1d1,994.7569,0.146,0.1434,1.0179,0.3087,0.9995
Dcun1d2,Dcun1d2,1619.9761,0.0531,0.082,0.6478,0.5171,0.9995
Dcun1d3,Dcun1d3,1146.7917,0.0446,0.076,0.5873,0.557,0.9995
Dcun1d4,Dcun1d4,784.64,0.0257,0.1379,0.1867,0.8519,0.9995
Dcun1d5,Dcun1d5,2141.4786,0.0219,0.0619,0.3538,0.7235,0.9995
Dcx,Dcx,10.7468,0.9811,1.1069,0.8864,0.3754,0.9995
Dcxr,Dcxr,440.5263,0.0881,0.1889,0.4666,0.6408,0.9995
Dda1,Dda1,2973.9679,0.028,0.055,0.5085,0.6111,0.9995
Ddah1,Ddah1,1896.4568,-0.0956,0.2081,-0.4593,0.646,0.9995
Ddah2,Ddah2,3404.1105,-0.0901,0.1413,-0.6377,0.5237,0.9995
Ddb1,Ddb1,47083.6381,0.068,0.0669,1.0169,0.3092,0.9995
Ddb2,Ddb2,114.5091,0.3132,0.2182,1.4357,0.1511,0.9995
Ddc,Ddc,95.3765,0.5092,0.4226,1.2049,0.2283,0.9995
Ddhd1,Ddhd1,916.5554,0.0201,0.1066,0.1883,0.8506,0.9995
Ddhd2,Ddhd2,1825.6926,-0.0273,0.1051,-0.2595,0.7952,0.9995
Ddi2,Ddi2,475.4933,-0.0613,0.1146,-0.5352,0.5925,0.9995
Ddias,Ddias,163.1581,-0.0044,0.3182,-0.0138,0.989,0.9995
Ddit3,Ddit3,2125.8474,0.3399,0.697,0.4876,0.6259,0.9995
Ddit4,Ddit4,2345.1694,0.2686,0.3056,0.8788,0.3795,0.9995
Ddit4l,Ddit4l,343.0696,0.0678,0.1812,0.3745,0.708,0.9995
Ddn,Ddn,20.7913,0.2354,0.3123,0.7537,0.451,0.9995
Ddo,Ddo,18.5322,0.1651,0.3851,0.4287,0.6682,0.9995
Ddost,Ddost,12594.1303,0.0216,0.1003,0.2154,0.8295,0.9995
Ddr1,Ddr1,4585.6422,-0.015,0.1217,-0.1231,0.9021,0.9995
Ddr2,Ddr2,4363.2513,-0.1187,0.1408,-0.8434,0.399,0.9995
Ddrgk1,Ddrgk1,2787.3892,0.0226,0.1367,0.1656,0.8685,0.9995
Ddt,Ddt,742.5781,0.06,0.1096,0.5474,0.5841,0.9995
Ddx1,Ddx1,7686.7188,0.0405,0.0716,0.5649,0.5722,0.9995
Ddx10,Ddx10,837.4539,0.0945,0.129,0.7325,0.4638,0.9995
Ddx11,Ddx11,368.7444,-0.0294,0.1971,-0.1491,0.8815,0.9995
Ddx17,Ddx17,18300.2925,-0.0558,0.0633,-0.8816,0.378,0.9995
Ddx18,Ddx18,2607.9251,0.0315,0.1207,0.2612,0.794,0.9995
Ddx19a,Ddx19a,1472.4172,0.0057,0.0594,0.0956,0.9239,0.9995
Ddx19b,Ddx19b,964.7734,-0.1169,0.0922,-1.2678,0.2049,0.9995
Ddx20,Ddx20,983.9865,-0.0642,0.0913,-0.7029,0.4821,0.9995
Ddx21,Ddx21,7059.7408,0.0087,0.094,0.0925,0.9263,0.9995
Ddx23,Ddx23,7015.896,0.0549,0.0655,0.8376,0.4022,0.9995
Ddx24,Ddx24,5449.0816,0.014,0.0636,0.2197,0.8261,0.9995
Ddx25,Ddx25,0.4558,-1.0536,2.522,-0.4178,0.6761,0.9995
Ddx26b,Ddx26b,201.2223,0.0118,0.1709,0.0693,0.9448,0.9995
Ddx27,Ddx27,2706.4734,0.0438,0.1122,0.3907,0.696,0.9995
Ddx28,Ddx28,697.6302,0.0482,0.072,0.6685,0.5038,0.9995
Ddx31,Ddx31,635.125,0.1425,0.1181,1.2065,0.2276,0.9995
Ddx39,Ddx39,3117.4811,0.0952,0.0826,1.1516,0.2495,0.9995
Ddx39b,Ddx39b,5495.938,0.0976,0.0807,1.2089,0.2267,0.9995
Ddx3x,Ddx3x,18028.518,-0.0711,0.1491,-0.4773,0.6332,0.9995
Ddx4,Ddx4,0.6894,-2.7865,2.2089,-1.2615,0.2071,0.9995
Ddx41,Ddx41,1321.4854,0.021,0.0676,0.3103,0.7563,0.9995
Ddx42,Ddx42,4381.7869,-0.0527,0.0834,-0.6322,0.5273,0.9995
Ddx46,Ddx46,2816.5923,0.0315,0.1411,0.2231,0.8235,0.9995
Ddx47,Ddx47,2381.5197,0.0889,0.0647,1.3725,0.1699,0.9995
Ddx49,Ddx49,1040.7455,0.1008,0.0875,1.1519,0.2493,0.9995
Ddx5,Ddx5,36545.2974,-0.1827,0.1482,-1.2328,0.2177,0.9995
Ddx50,Ddx50,4044.4009,-0.0468,0.1217,-0.3843,0.7008,0.9995
Ddx51,Ddx51,1406.8311,0.0144,0.0842,0.1716,0.8637,0.9995
Ddx52,Ddx52,1691.456,-0.1247,0.089,-1.4007,0.1613,0.9995
Ddx54,Ddx54,3440.9917,0.0902,0.085,1.061,0.2887,0.9995
Ddx55,Ddx55,412.2577,-0.0582,0.1035,-0.562,0.5741,0.9995
Ddx56,Ddx56,2101.1942,0.1841,0.0934,1.9703,0.0488,0.9995
Ddx58,Ddx58,911.8714,-0.1615,0.1922,-0.8402,0.4008,0.9995
Ddx59,Ddx59,569.4566,-0.027,0.0895,-0.3018,0.7628,0.9995
Ddx6,Ddx6,9327.0749,-0.0586,0.1186,-0.4941,0.6213,0.9995
Ddx60,Ddx60,49.6406,-0.129,0.3419,-0.3774,0.7059,0.9995
Deaf1,Deaf1,575.763,0.0258,0.0833,0.3094,0.757,0.9995
Deb1,Deb1,386.0185,0.2046,0.1493,1.3703,0.1706,0.9995
Decr1,Decr1,2385.6848,-0.0053,0.0574,-0.0917,0.9269,0.9995
Decr2,Decr2,455.7362,-0.1348,0.1196,-1.1275,0.2595,0.9995
Dedd,Dedd,1759.1041,0.0579,0.066,0.878,0.38,0.9995
Dedd2,Dedd2,300.1667,0.0049,0.1596,0.0304,0.9757,0.9995
Def6,Def6,217.8468,0.0204,0.1335,0.1527,0.8786,0.9995
Def8,Def8,1416.8525,-0.0566,0.0746,-0.7583,0.4483,0.9995
Defb25,Defb25,19.974,0.1745,0.4387,0.3979,0.6907,0.9995
Defb28,Defb28,0.7995,-0.2833,1.95,-0.1453,0.8845,0.9995
Defb36,Defb36,1.9421,0.9028,1.0301,0.8764,0.3808,0.9995
Defb41,Defb41,32.0076,-0.3073,0.435,-0.7064,0.4799,0.9995
Defb42,Defb42,8.6966,-0.5562,0.4843,-1.1485,0.2508,0.9995
Defb47,Defb47,1.4822,0.2043,1.2215,0.1673,0.8671,0.9995
Degs1,Degs1,7643.6715,0.0767,0.1382,0.5546,0.5792,0.9995
Degs2,Degs2,56.2488,0.5743,0.3085,1.8613,0.0627,0.9995
Dek,Dek,1242.9698,0.0533,0.1583,0.3367,0.7363,0.9995
Dennd1a,Dennd1a,1241.7802,-0.0773,0.1111,-0.6962,0.4863,0.9995
Dennd1b,Dennd1b,484.7896,0.0772,0.2377,0.3247,0.7454,0.9995
Dennd2a,Dennd2a,1755.1535,-0.0783,0.1053,-0.7436,0.4571,0.9995
Dennd2c,Dennd2c,284.6139,0.0041,0.1118,0.0368,0.9706,0.9995
Dennd2d,Dennd2d,24.2308,-0.1504,0.3877,-0.3879,0.6981,0.9995
Dennd3,Dennd3,135.9894,-0.21,0.1509,-1.3912,0.1642,0.9995
Dennd4a,Dennd4a,846.3621,-0.1429,0.1796,-0.7955,0.4263,0.9995
Dennd4b,Dennd4b,495.8251,-0.102,0.0817,-1.2487,0.2118,0.9995
Dennd4c,Dennd4c,1005.355,-0.0023,0.1615,-0.0142,0.9887,0.9995
Dennd5a,Dennd5a,7130.5733,-0.1025,0.0561,-1.8253,0.068,0.9995
Dennd5b,Dennd5b,931.6403,0.0357,0.1901,0.1877,0.8511,0.9995
Dennd6a,Dennd6a,1445.0864,-0.0397,0.1037,-0.3831,0.7017,0.9995
Dennd6b,Dennd6b,214.4451,-0.0205,0.1079,-0.1897,0.8496,0.9995
Denr,Denr,2987.5774,0.0226,0.0938,0.2412,0.8094,0.9995
Depdc1a,Depdc1a,151.1281,-0.0091,0.4344,-0.0209,0.9834,0.9995
Depdc1b,Depdc1b,134.7731,0.0121,0.436,0.0278,0.9778,0.9995
Depdc5,Depdc5,1228.8835,-0.0851,0.0685,-1.2423,0.2141,0.9995
Depdc7,Depdc7,298.5322,0.0728,0.1644,0.443,0.6577,0.9995
Deptor,Deptor,6419.3754,-0.1045,0.2605,-0.4012,0.6882,0.9995
Dera,Dera,704.9347,0.0332,0.1332,0.249,0.8034,0.9995
Derl1,Derl1,9218.7463,-0.0069,0.0985,-0.0699,0.9442,0.9995
Derl2,Derl2,2581.5129,-0.0398,0.0503,-0.793,0.4278,0.9995
Derl3,Derl3,8.8174,0.1895,0.5448,0.3478,0.728,0.9995
Des,Des,57893.2551,0.0392,0.137,0.2865,0.7745,0.9995
Desi1,Desi1,3157.6305,0.0972,0.0836,1.1621,0.2452,0.9995
Desi2,Desi2,3723.732,-0.0266,0.077,-0.3459,0.7294,0.9995
Det1,Det1,431.3829,0.0209,0.1575,0.133,0.8942,0.9995
Dexi,Dexi,757.3535,-0.0079,0.073,-0.1087,0.9134,0.9995
Dffa,Dffa,835.3423,0.0043,0.0642,0.067,0.9465,0.9995
Dffb,Dffb,128.0228,0.0701,0.17,0.4124,0.6801,0.9995
Dfna5,Dfna5,446.7523,0.1304,0.2379,0.5484,0.5834,0.9995
Dfnb59,Dfnb59,2.9721,0.6179,0.905,0.6828,0.4948,0.9995
Dgat1,Dgat1,1307.5135,0.0358,0.1002,0.3568,0.7212,0.9995
Dgat2,Dgat2,363.2687,-0.0622,0.1694,-0.367,0.7136,0.9995
Dgcr14,Dgcr14,980.8517,0.0603,0.0795,0.7591,0.4478,0.9995
Dgcr2,Dgcr2,4506.5625,0.0196,0.0723,0.2706,0.7867,0.9995
Dgcr6,Dgcr6,1000.6653,0.1275,0.0877,1.4536,0.1461,0.9995
Dgcr8,Dgcr8,1748.3723,0.0375,0.0938,0.3992,0.6898,0.9995
Dgka,Dgka,1261.9865,-0.0506,0.0902,-0.5608,0.575,0.9995
Dgkd,Dgkd,3052.9563,0.0343,0.0553,0.6208,0.5348,0.9995
Dgke,Dgke,315.6247,-0.0316,0.134,-0.2358,0.8136,0.9995
Dgkeos,Dgkeos,1.7124,-0.3386,1.3524,-0.2504,0.8023,0.9995
Dgkg,Dgkg,23.5896,-0.7559,0.5514,-1.3709,0.1704,0.9995
Dgkh,Dgkh,53.2853,-0.1951,0.2012,-0.9697,0.3322,0.9995
Dgki,Dgki,1.2499,1.3504,1.8498,0.73,0.4654,0.9995
Dgkq,Dgkq,531.6915,0.1236,0.1786,0.6924,0.4887,0.9995
Dgkz,Dgkz,2491.334,0.0231,0.1406,0.1643,0.8695,0.9995
Dguok,Dguok,727.0585,0.0545,0.0992,0.5498,0.5824,0.9995
Dhcr24,Dhcr24,6056.3923,-0.0676,0.1059,-0.638,0.5235,0.9995
Dhcr7,Dhcr7,1833.408,-0.0456,0.0878,-0.519,0.6038,0.9995
Dhdds,Dhdds,2404.8304,0.0088,0.0829,0.1062,0.9154,0.9995
Dhdh,Dhdh,25.0309,-0.2542,0.3468,-0.7329,0.4636,0.9995
Dhfr,Dhfr,380.3621,-0.1204,0.2697,-0.4466,0.6552,0.9995
Dhh,Dhh,6.0608,-0.6958,0.5765,-1.207,0.2274,0.9995
Dhodh,Dhodh,500.1775,0.0189,0.128,0.1478,0.8825,0.9995
Dhps,Dhps,2900.3052,0.1415,0.2098,0.6745,0.5,0.9995
Dhrs1,Dhrs1,3017.385,0.0432,0.0959,0.4505,0.6523,0.9995
Dhrs11,Dhrs11,202.1973,0.1055,0.1369,0.7707,0.4409,0.9995
Dhrs13,Dhrs13,199.5767,-0.0594,0.1494,-0.3978,0.6907,0.9995
Dhrs2,Dhrs2,0.7999,1.4052,1.87,0.7514,0.4524,0.9995
Dhrs3,Dhrs3,1037.6902,-0.0028,0.174,-0.0161,0.9872,0.9995
Dhrs4,Dhrs4,537.6267,0.0497,0.0913,0.5445,0.5861,0.9995
Dhrs7,Dhrs7,2259.5812,0.0566,0.2248,0.2519,0.8011,0.9995
Dhrs7b,Dhrs7b,1164.8262,-0.0065,0.0724,-0.0892,0.9289,0.9995
Dhrs7c,Dhrs7c,343.4296,0.3819,0.3108,1.2289,0.2191,0.9995
Dhrs9,Dhrs9,42.7452,-0.2763,0.247,-1.1185,0.2634,0.9995
Dhtkd1,Dhtkd1,214.4206,-0.1615,0.1494,-1.0815,0.2795,0.9995
Dhx15,Dhx15,8017.0727,0.013,0.0796,0.1636,0.87,0.9995
Dhx16,Dhx16,2060.6638,-0.0219,0.0721,-0.3031,0.7618,0.9995
Dhx29,Dhx29,2113.0729,0.0151,0.0926,0.1633,0.8703,0.9995
Dhx30,Dhx30,2665.4162,0.0217,0.0891,0.2432,0.8079,0.9995
Dhx32,Dhx32,1531.3718,-0.0236,0.0862,-0.2738,0.7842,0.9995
Dhx33,Dhx33,1955.6554,-0.1169,0.0648,-1.8049,0.0711,0.9995
Dhx34,Dhx34,504.5764,-0.0264,0.087,-0.3038,0.7613,0.9995
Dhx35,Dhx35,770.8265,-0.0306,0.0827,-0.3701,0.7113,0.9995
Dhx36,Dhx36,2583.9281,0.0332,0.1458,0.2281,0.8196,0.9995
Dhx37,Dhx37,1087.2353,0.0106,0.0896,0.1182,0.9059,0.9995
Dhx38,Dhx38,2079.2908,-0.0546,0.0652,-0.8371,0.4026,0.9995
Dhx40,Dhx40,1990.9648,-0.1361,0.1063,-1.28,0.2005,0.9995
Dhx57,Dhx57,1443.272,-0.1498,0.0797,-1.8792,0.0602,0.9995
Dhx58,Dhx58,101.0148,-0.0461,0.2322,-0.1987,0.8425,0.9995
Dhx8,Dhx8,2185.1055,-0.0284,0.0649,-0.4372,0.662,0.9995
Dhx9,Dhx9,8015.2609,0.0562,0.0971,0.5783,0.5631,0.9995
Diablo,Diablo,1737.6898,0.0738,0.0681,1.0828,0.2789,0.9995
Diap1,Diap1,3260.8319,-0.0878,0.1293,-0.6787,0.4974,0.9995
Diap2,Diap2,491.4557,-0.0423,0.1178,-0.359,0.7196,0.9995
Diap3,Diap3,658.8875,-0.1624,0.3192,-0.5087,0.611,0.9995
Dicer1,Dicer1,1848.4885,-0.0699,0.1196,-0.5843,0.559,0.9995
Dido1,Dido1,2668.2338,-0.1155,0.1012,-1.1411,0.2538,0.9995
Diexf,Diexf,1104.1942,0.094,0.0892,1.0536,0.2921,0.9995
Dimt1,Dimt1,790.8056,0.0022,0.0997,0.0223,0.9822,0.9995
Dio2,Dio2,1046.2059,0.1772,0.5632,0.3147,0.753,0.9995
Dio3,Dio3,2.6282,-0.278,1.0627,-0.2616,0.7936,0.9995
Dio3os,Dio3os,3.6547,1.3815,0.8706,1.5868,0.1126,0.9995
Dip2a,Dip2a,2297.6416,-0.1147,0.092,-1.2461,0.2127,0.9995
Dip2b,Dip2b,1210.8565,-0.1243,0.0728,-1.7074,0.0877,0.9995
Dip2c,Dip2c,2297.9279,-0.0441,0.1022,-0.4319,0.6658,0.9995
Diras1,Diras1,53.7841,-0.1993,0.2976,-0.6697,0.503,0.9995
Diras2,Diras2,188.0034,-0.0812,0.2633,-0.3082,0.7579,0.9995
Dirc2,Dirc2,2131.1467,0.0837,0.0865,0.9677,0.3332,0.9995
Dis3,Dis3,1141.9797,-0.0188,0.1717,-0.1092,0.913,0.9995
Dis3l,Dis3l,1188.6568,-0.0404,0.0588,-0.6864,0.4925,0.9995
Dis3l2,Dis3l2,965.5981,0.0455,0.0695,0.6547,0.5127,0.9995
Disc1,Disc1,3.6589,0.1027,0.8101,0.1267,0.8992,0.9995
Disp1,Disp1,1858.893,-0.0811,0.0971,-0.8355,0.4035,0.9995
Disp2,Disp2,22.8655,-0.1183,0.3598,-0.3287,0.7424,0.9995
Dixdc1,Dixdc1,414.9837,-0.0225,0.1248,-0.18,0.8571,0.9995
Dkc1,Dkc1,958.4258,0.2964,0.1843,1.6081,0.1078,0.9995
Dkk2,Dkk2,113.8898,-0.2141,0.3434,-0.6233,0.5331,0.9995
Dkk3,Dkk3,1593.8709,-0.0116,0.1011,-0.115,0.9084,0.9995
Dkkl1,Dkkl1,1.4885,-0.109,1.192,-0.0915,0.9271,0.9995
Dlat,Dlat,4726.5634,0.0352,0.0792,0.4444,0.6567,0.9995
Dlc1,Dlc1,1445.043,-0.1763,0.0965,-1.8274,0.0676,0.9995
Dld,Dld,6072.3572,0.011,0.1231,0.0891,0.929,0.9995
Dlec1,Dlec1,7.1993,-0.1142,0.5817,-0.1963,0.8444,0.9995
Dleu2,Dleu2,129.791,-0.1332,0.1797,-0.7411,0.4587,0.9995
Dlg1,Dlg1,3961.0393,-0.1048,0.1457,-0.7191,0.4721,0.9995
Dlg2,Dlg2,35.4497,0.074,0.3242,0.2282,0.8195,0.9995
Dlg3,Dlg3,986.9167,0.012,0.0872,0.1374,0.8907,0.9995
Dlg4,Dlg4,1748.144,0.0007,0.0786,0.009,0.9928,0.9995
Dlg5,Dlg5,2966.7031,-0.1027,0.0848,-1.2111,0.2259,0.9995
Dlgap1,Dlgap1,31.2233,0.0631,0.29,0.2175,0.8278,0.9995
Dlgap2,Dlgap2,34.6565,-0.4607,0.3519,-1.3095,0.1904,0.9995
Dlgap4,Dlgap4,6283.6776,0.0516,0.1427,0.3613,0.7179,0.9995
Dlgap5,Dlgap5,656.573,-0.1622,0.4428,-0.3663,0.7142,0.9995
Dlk2,Dlk2,20.7938,0.2882,0.5192,0.5552,0.5788,0.9995
Dll1,Dll1,1069.7222,-0.0175,0.328,-0.0533,0.9575,0.9995
Dll4,Dll4,2.4011,-0.112,0.9405,-0.1191,0.9052,0.9995
Dlst,Dlst,8223.9207,0.0866,0.0777,1.1135,0.2655,0.9995
Dlx1,Dlx1,37.912,0.0989,0.2823,0.3505,0.726,0.9995
Dlx1as,Dlx1as,4.4564,-0.111,0.6753,-0.1644,0.8694,0.9995
Dlx2,Dlx2,96.4294,0.1732,0.1735,0.998,0.3183,0.9995
Dlx3,Dlx3,424.6472,-0.2269,0.2145,-1.0575,0.2903,0.9995
Dlx4,Dlx4,36.9293,-0.4124,0.2482,-1.6613,0.0967,0.9995
Dmap1,Dmap1,901.0936,0.0545,0.0738,0.7379,0.4606,0.9995
Dmbt1,Dmbt1,0.5719,1.808,1.9544,0.9251,0.3549,0.9995
Dmbx1,Dmbx1,77.4772,-0.3386,0.3731,-0.9075,0.3641,0.9995
Dmd,Dmd,25.5111,0.3303,0.5303,0.6228,0.5334,0.9995
Dmp1,Dmp1,86.5561,0.4847,0.5988,0.8095,0.4182,0.9995
Dmpk,Dmpk,6520.8069,-0.055,0.1987,-0.2767,0.782,0.9995
Dmr,Dmr,0.5726,-1.476,1.9925,-0.7407,0.4589,0.9995
Dmrt2,Dmrt2,281.0988,0.1877,0.1359,1.3804,0.1675,0.9995
Dmrta2,Dmrta2,408.1488,0.0376,0.102,0.3684,0.7126,0.9995
Dmtf1,Dmtf1,1299.5181,-0.0121,0.146,-0.083,0.9338,0.9995
Dmtn,Dmtn,59.9043,-0.2808,0.1899,-1.4786,0.1393,0.9995
Dmwd,Dmwd,2039.8207,-0.0454,0.1061,-0.4279,0.6687,0.9995
Dmxl1,Dmxl1,765.4576,-0.1122,0.1654,-0.6782,0.4976,0.9995
Dmxl2,Dmxl2,211.5411,-0.1103,0.1682,-0.6555,0.5121,0.9995
Dna2,Dna2,112.7892,-0.2689,0.3606,-0.7457,0.4559,0.9995
Dnaaf1,Dnaaf1,0.3439,-1.7836,2.6035,-0.6851,0.4933,0.9995
Dnaaf2,Dnaaf2,382.3822,-0.0143,0.1553,-0.0924,0.9264,0.9995
Dnaaf3,Dnaaf3,40.2368,0.0376,0.3109,0.121,0.9037,0.9995
Dnaaf5,Dnaaf5,1215.929,0.0576,0.0821,0.7015,0.483,0.9995
Dnah1,Dnah1,9.3814,0.1968,0.5408,0.3639,0.7159,0.9995
Dnah10,Dnah10,15.336,-0.3865,0.4111,-0.9401,0.3472,0.9995
Dnah11,Dnah11,0.3439,-1.7836,2.6035,-0.6851,0.4933,0.9995
Dnah17,Dnah17,83.2191,0.1613,0.3353,0.4811,0.6304,0.9995
Dnah2,Dnah2,25.2586,-0.2657,0.2895,-0.9178,0.3587,0.9995
Dnah5,Dnah5,1.6023,0.3278,1.5301,0.2143,0.8303,0.9995
Dnah6,Dnah6,22.3986,0.0696,0.346,0.2011,0.8407,0.9995
Dnah7a,Dnah7a,1.1471,-0.476,1.5094,-0.3153,0.7525,0.9995
Dnah7b,Dnah7b,2.1727,-0.6615,1.0855,-0.6094,0.5422,0.9995
Dnah8,Dnah8,1.3722,0.6,1.1886,0.5048,0.6137,0.9995
Dnah9,Dnah9,0.5695,2.7088,1.9437,1.3936,0.1634,0.9995
Dnaic1,Dnaic1,50.4782,-0.2782,0.404,-0.6887,0.491,0.9995
Dnaic2,Dnaic2,55.7969,-0.0981,0.2326,-0.4217,0.6732,0.9995
Dnaja1,Dnaja1,7410.0433,0.041,0.1172,0.3499,0.7264,0.9995
Dnaja2,Dnaja2,14245.0086,0.0572,0.0748,0.7643,0.4447,0.9995
Dnaja3,Dnaja3,2863.4226,0.1044,0.1344,0.7769,0.4372,0.9995
Dnaja4,Dnaja4,1519.2647,-0.0055,0.0623,-0.0879,0.9299,0.9995
Dnajb1,Dnajb1,4570.0046,0.0465,0.0794,0.5854,0.5583,0.9995
Dnajb11,Dnajb11,7219.2771,0.0052,0.1122,0.046,0.9633,0.9995
Dnajb12,Dnajb12,2411.401,0.0336,0.0727,0.4623,0.6438,0.9995
Dnajb13,Dnajb13,7.9995,0.0348,0.5361,0.0649,0.9483,0.9995
Dnajb14,Dnajb14,237.8588,-0.0646,0.1484,-0.4354,0.6633,0.9995
Dnajb2,Dnajb2,2656.8663,0.0827,0.071,1.1644,0.2442,0.9995
Dnajb4,Dnajb4,3207.9915,0.004,0.1578,0.0255,0.9796,0.9995
Dnajb5,Dnajb5,1273.0266,0.0806,0.2318,0.3479,0.7279,0.9995
Dnajb6,Dnajb6,6289.2434,0.0893,0.1548,0.5771,0.5638,0.9995
Dnajb9,Dnajb9,3391.5895,-0.0574,0.1931,-0.2975,0.7661,0.9995
Dnajc1,Dnajc1,1497.8552,-0.1002,0.0811,-1.2365,0.2163,0.9995
Dnajc10,Dnajc10,9986.7533,-0.1389,0.1007,-1.3788,0.1679,0.9995
Dnajc11,Dnajc11,2996.4864,0.0262,0.0613,0.4269,0.6695,0.9995
Dnajc12,Dnajc12,201.9065,-0.052,0.1161,-0.4477,0.6544,0.9995
Dnajc13,Dnajc13,3999.0018,-0.0044,0.1128,-0.0388,0.9691,0.9995
Dnajc14,Dnajc14,3591.4612,-0.0204,0.0784,-0.2602,0.7947,0.9995
Dnajc15,Dnajc15,826.2938,0.1235,0.071,1.7389,0.0821,0.9995
Dnajc16,Dnajc16,1183.5907,0.0109,0.0641,0.1694,0.8655,0.9995
Dnajc17,Dnajc17,273.6551,0.1842,0.1034,1.7811,0.0749,0.9995
Dnajc18,Dnajc18,1558.1048,0.0292,0.0752,0.3885,0.6977,0.9995
Dnajc19,Dnajc19,513.4618,0.1451,0.1364,1.0634,0.2876,0.9995
Dnajc2,Dnajc2,1346.3734,0.054,0.1269,0.4255,0.6705,0.9995
Dnajc21,Dnajc21,1329.1708,-0.0936,0.2001,-0.4677,0.64,0.9995
Dnajc22,Dnajc22,26.4199,-0.1136,0.342,-0.3321,0.7398,0.9995
Dnajc24,Dnajc24,468.6286,0.0883,0.0861,1.0246,0.3055,0.9995
Dnajc25,Dnajc25,1248.7553,-0.0449,0.0799,-0.5621,0.5741,0.9995
Dnajc27,Dnajc27,484.4248,-0.1083,0.0837,-1.293,0.196,0.9995
Dnajc28,Dnajc28,267.4858,0.0078,0.1181,0.0662,0.9472,0.9995
Dnajc3,Dnajc3,4612.8014,-0.1057,0.1782,-0.5932,0.553,0.9995
Dnajc30,Dnajc30,454.3163,0.0493,0.1484,0.3325,0.7395,0.9995
Dnajc4,Dnajc4,386.4523,0.0376,0.1109,0.3394,0.7343,0.9995
Dnajc5,Dnajc5,5689.5953,-0.0386,0.0484,-0.798,0.4249,0.9995
Dnajc5b,Dnajc5b,0.9145,-0.1521,1.5219,-0.1,0.9204,0.9995
Dnajc6,Dnajc6,15.4431,0.1547,0.4371,0.3539,0.7234,0.9995
Dnajc7,Dnajc7,3745.8004,-0.029,0.0961,-0.3015,0.7631,0.9995
Dnajc8,Dnajc8,4852.4203,0.0243,0.0687,0.353,0.7241,0.9995
Dnajc9,Dnajc9,1357.1419,-0.0653,0.2214,-0.2949,0.7681,0.9995
Dnal1,Dnal1,1949.6856,-0.0856,0.2029,-0.4216,0.6733,0.9995
Dnal4,Dnal4,1649.431,-0.0026,0.0811,-0.0319,0.9746,0.9995
Dnali1,Dnali1,11.6617,-0.788,0.5465,-1.4419,0.1493,0.9995
Dnase1,Dnase1,82.2639,0.0328,0.1956,0.1675,0.867,0.9995
Dnase1l1,Dnase1l1,1029.5498,0.0066,0.1397,0.0471,0.9625,0.9995
Dnase1l2,Dnase1l2,42.3859,0.2702,0.2666,1.0134,0.3109,0.9995
Dnase1l3,Dnase1l3,701.7635,0.4197,0.2522,1.6641,0.0961,0.9995
Dnase2a,Dnase2a,2021.506,0.0121,0.1682,0.0719,0.9427,0.9995
Dnd1,Dnd1,23.317,0.0623,0.3092,0.2016,0.8402,0.9995
Dner,Dner,3.8843,-0.171,0.7469,-0.229,0.8189,0.9995
Dnlz,Dnlz,1101.8548,-0.0149,0.0677,-0.22,0.8259,0.9995
Dnm1,Dnm1,3282.8466,-0.0475,0.1073,-0.4424,0.6582,0.9995
Dnm1l,Dnm1l,3060.5421,0.1512,0.1554,0.973,0.3305,0.9995
Dnm2,Dnm2,5407.1988,-0.0061,0.0842,-0.0724,0.9423,0.9995
Dnm3,Dnm3,108.3546,0.1437,0.2399,0.5987,0.5494,0.9995
Dnm3os,Dnm3os,1009.7459,0.1167,0.2313,0.5048,0.6137,0.9995
Dnmbp,Dnmbp,1238.9061,0.0313,0.0829,0.3781,0.7053,0.9995
Dnmt1,Dnmt1,3234.8574,-0.0452,0.1363,-0.3316,0.7402,0.9995
Dnmt3a,Dnmt3a,829.4403,-0.0994,0.1415,-0.7021,0.4826,0.9995
Dnmt3b,Dnmt3b,108.3437,-0.164,0.1453,-1.1287,0.259,0.9995
Dnmt3l,Dnmt3l,14.9085,0.8381,0.8031,1.0436,0.2967,0.9995
Dnpep,Dnpep,3763.6945,-0.09,0.1014,-0.8879,0.3746,0.9995
Dnph1,Dnph1,293.1003,0.0785,0.1498,0.5239,0.6003,0.9995
Dnttip1,Dnttip1,1388.3661,0.0103,0.0597,0.1719,0.8635,0.9995
Dnttip2,Dnttip2,2062.2127,0.0152,0.1209,0.1257,0.9,0.9995
Doc2a,Doc2a,183.1208,0.0294,0.1305,0.2255,0.8216,0.9995
Doc2b,Doc2b,313.7209,-0.0331,0.1329,-0.2488,0.8035,0.9995
Doc2g,Doc2g,69.9878,-0.0143,0.2076,-0.0688,0.9451,0.9995
Dock1,Dock1,1797.7105,-0.1621,0.0836,-1.9388,0.0525,0.9995
Dock10,Dock10,35.6854,-0.0904,0.5335,-0.1694,0.8654,0.9995
Dock11,Dock11,613.7236,-0.0362,0.121,-0.299,0.7649,0.9995
Dock2,Dock2,1.9472,0.2748,1.0578,0.2598,0.7951,0.9995
Dock3,Dock3,3.7731,-0.1595,0.7405,-0.2154,0.8294,0.9995
Dock4,Dock4,360.6395,-0.0273,0.122,-0.2241,0.8227,0.9995
Dock5,Dock5,2587.5259,-0.1157,0.0771,-1.4995,0.1337,0.9995
Dock6,Dock6,1292.8339,-0.0872,0.0943,-0.9248,0.3551,0.9995
Dock7,Dock7,5227.831,-0.1062,0.1148,-0.9253,0.3548,0.9995
Dock8,Dock8,53.1114,-0.4467,0.3706,-1.2054,0.228,0.9995
Dock9,Dock9,1192.8227,-0.2257,0.1273,-1.7726,0.0763,0.9995
Dohh,Dohh,1308.843,0.0582,0.1031,0.564,0.5728,0.9995
Dok1,Dok1,1425.7835,0.0124,0.11,0.1127,0.9103,0.9995
Dok2,Dok2,4.9193,1.097,0.6568,1.6703,0.0949,0.9995
Dok3,Dok3,11.0969,-0.3856,0.4313,-0.8941,0.3713,0.9995
Dok4,Dok4,809.3544,0.1162,0.1477,0.7871,0.4312,0.9995
Dok5,Dok5,2.3932,0.9275,1.0764,0.8617,0.3888,0.9995
Dok6,Dok6,1.3675,1.4977,1.3539,1.1062,0.2686,0.9995
Dok7,Dok7,736.4312,-0.0794,0.275,-0.2888,0.7728,0.9995
Dolk,Dolk,978.7975,0.1117,0.0856,1.3046,0.192,0.9995
Dolpp1,Dolpp1,467.7248,0.0618,0.1204,0.5127,0.6081,0.9995
Donson,Donson,334.5069,-0.0991,0.2015,-0.4917,0.6229,0.9995
Dopey1,Dopey1,717.0956,-0.0312,0.1322,-0.2357,0.8137,0.9995
Dopey2,Dopey2,2076.3239,-0.0345,0.1182,-0.2921,0.7702,0.9995
Dos,Dos,388.3237,-0.0529,0.1286,-0.4114,0.6808,0.9995
Dot1l,Dot1l,1351.1703,-0.1399,0.1308,-1.069,0.2851,0.9995
Dpagt1,Dpagt1,1827.8081,0.0693,0.1508,0.4595,0.6459,0.9995
Dpcd,Dpcd,702.037,0.1402,0.089,1.5751,0.1152,0.9995
Dpcr1,Dpcr1,0.9177,-1.362,1.4834,-0.9182,0.3585,0.9995
Dpep1,Dpep1,338.7928,0.2242,0.2175,1.0308,0.3026,0.9995
Dpep2,Dpep2,24.3372,0.3068,0.3255,0.9427,0.3459,0.9995
Dpf1,Dpf1,89.304,-0.3081,0.2717,-1.134,0.2568,0.9995
Dpf2,Dpf2,3297.1883,0.0822,0.0569,1.4436,0.1488,0.9995
Dpf3,Dpf3,6.404,-0.3741,0.5792,-0.6459,0.5183,0.9995
Dph1,Dph1,362.6732,0.0882,0.1619,0.5446,0.586,0.9995
Dph2,Dph2,533.396,0.1126,0.1114,1.0105,0.3122,0.9995
Dph3,Dph3,1844.0826,0.0456,0.0842,0.5413,0.5883,0.9995
Dph5,Dph5,496.1855,0.1499,0.1378,1.0877,0.2767,0.9995
Dph6,Dph6,1162.8054,-0.0169,0.1068,-0.1586,0.874,0.9995
Dph7,Dph7,616.2298,0.106,0.1417,0.7479,0.4545,0.9995
Dpm1,Dpm1,42.8582,-0.117,0.2265,-0.5164,0.6056,0.9995
Dpm2,Dpm2,1221.4958,0.0968,0.1267,0.7636,0.4451,0.9995
Dpm3,Dpm3,391.5936,0.1352,0.1252,1.0798,0.2802,0.9995
Dpp3,Dpp3,3675.4867,0.0167,0.0817,0.2045,0.8379,0.9995
Dpp4,Dpp4,0.4563,1.0296,2.5434,0.4048,0.6856,0.9995
Dpp6,Dpp6,5.6984,0.6372,0.9455,0.6739,0.5004,0.9995
Dpp7,Dpp7,1775.9463,0.0227,0.1485,0.153,0.8784,0.9995
Dpp8,Dpp8,5192.1707,-0.1061,0.0994,-1.0669,0.286,0.9995
Dpp9,Dpp9,2654.7097,-0.0422,0.0588,-0.7178,0.4729,0.9995
Dppa4,Dppa4,0.3421,-0.4733,2.6744,-0.177,0.8595,0.9995
Dppa5a,Dppa5a,0.4557,1.0266,2.5434,0.4036,0.6865,0.9995
Dpt,Dpt,395.8949,0.3492,0.3381,1.0329,0.3017,0.9995
Dpy19l1,Dpy19l1,11033.795,-0.0318,0.1658,-0.1916,0.8481,0.9995
Dpy19l3,Dpy19l3,2257.3499,0.0255,0.0825,0.3093,0.7571,0.9995
Dpy19l4,Dpy19l4,477.6176,-0.0348,0.1418,-0.2451,0.8064,0.9995
Dpy30,Dpy30,938.5221,0.1242,0.0892,1.3921,0.1639,0.9995
Dpyd,Dpyd,28.6203,-0.1556,0.4679,-0.3326,0.7394,0.9995
Dpys,Dpys,0.9077,1.45,1.9771,0.7334,0.4633,0.9995
Dpysl2,Dpysl2,1423.1737,0.0779,0.0895,0.8705,0.384,0.9995
Dpysl3,Dpysl3,13257.303,-0.0479,0.246,-0.1947,0.8456,0.9995
Dpysl5,Dpysl5,1.2613,-0.1679,1.554,-0.108,0.914,0.9995
Dqx1,Dqx1,32.5822,-0.164,0.254,-0.6456,0.5186,0.9995
Dr1,Dr1,2389.9824,0,0.1344,-0.0002,0.9998,1
Dram1,Dram1,2704.4928,0.0031,0.2389,0.0128,0.9898,0.9995
Dram2,Dram2,2301.068,0.0476,0.1223,0.3895,0.6969,0.9995
Drap1,Drap1,3935.9112,0.1001,0.0653,1.5335,0.1252,0.9995
Draxin,Draxin,15.9743,0.075,0.4782,0.1568,0.8754,0.9995
Drc1,Drc1,0.9116,-0.6101,1.9466,-0.3134,0.754,0.9995
Drc7,Drc7,1.2621,0.3462,1.5772,0.2195,0.8262,0.9995
Drg1,Drg1,4161.4903,0.0668,0.0775,0.8621,0.3886,0.9995
Drg2,Drg2,2459.5257,0.0321,0.0722,0.4438,0.6572,0.9995
Drosha,Drosha,3267.2098,-0.1239,0.0715,-1.7312,0.0834,0.9995
Drp2,Drp2,2951.9984,0.077,0.2113,0.3646,0.7154,0.9995
Dsc1,Dsc1,0.458,1.4163,2.488,0.5692,0.5692,0.9995
Dsc2,Dsc2,1.3682,-0.0426,1.3198,-0.0323,0.9743,0.9995
Dscam,Dscam,20.4815,-0.4577,0.4276,-1.0705,0.2844,0.9995
Dscaml1,Dscaml1,0.3438,-0.475,2.6713,-0.1778,0.8589,0.9995
Dscc1,Dscc1,88.1431,-0.206,0.4224,-0.4878,0.6257,0.9995
Dscr3,Dscr3,3194.5306,0.0167,0.1058,0.1577,0.8747,0.9995
Dse,Dse,3547.5513,-0.0448,0.0936,-0.4786,0.6323,0.9995
Dsel,Dsel,1060.4479,-0.0419,0.1677,-0.2501,0.8025,0.9995
Dsg1b,Dsg1b,0.9106,0.6888,1.944,0.3543,0.7231,0.9995
Dsg3,Dsg3,15.6472,0.347,0.4273,0.8121,0.4167,0.9995
Dsn1,Dsn1,479.6122,-0.1624,0.194,-0.8369,0.4027,0.9995
Dsp,Dsp,4.1178,-0.0787,0.9202,-0.0856,0.9318,0.9995
Dst,Dst,11652.4042,-0.2558,0.1895,-1.35,0.177,0.9995
Dstn,Dstn,12848.1179,0.0636,0.07,0.9088,0.3635,0.9995
Dstyk,Dstyk,2458.9005,-0.026,0.0539,-0.4821,0.6297,0.9995
Dtd1,Dtd1,300.4787,0.1126,0.1085,1.0381,0.2992,0.9995
Dtd2,Dtd2,567.5407,0.1286,0.0878,1.4646,0.143,0.9995
Dtl,Dtl,508.299,-0.2765,0.3264,-0.847,0.397,0.9995
Dtna,Dtna,1770.4427,-0.1376,0.1961,-0.7016,0.4829,0.9995
Dtnb,Dtnb,382.6849,-0.1393,0.2355,-0.5917,0.5541,0.9995
Dtnbp1,Dtnbp1,2242.9306,0.024,0.1138,0.211,0.8329,0.9995
Dtwd1,Dtwd1,580.1399,0.1649,0.1667,0.989,0.3227,0.9995
Dtwd2,Dtwd2,134.6348,-0.1033,0.1373,-0.7524,0.4518,0.9995
Dtx2,Dtx2,1505.2999,0.0975,0.1724,0.5653,0.5718,0.9995
Dtx3,Dtx3,2226.1319,-0.0966,0.1023,-0.9435,0.3454,0.9995
Dtx3l,Dtx3l,737.9451,-0.019,0.1707,-0.1112,0.9114,0.9995
Dtx4,Dtx4,3308.5506,-0.047,0.1032,-0.4556,0.6487,0.9995
Dtymk,Dtymk,1256.5858,0.0721,0.1451,0.4968,0.6193,0.9995
Duox1,Duox1,95.8705,-0.0217,0.2537,-0.0855,0.9319,0.9995
Duox2,Duox2,20.8035,-0.2108,0.3182,-0.6624,0.5077,0.9995
Duoxa1,Duoxa1,153.8546,0.0042,0.1414,0.0298,0.9762,0.9995
Duoxa2,Duoxa2,4.1111,-0.7376,1.0068,-0.7327,0.4638,0.9995
Dupd1,Dupd1,1.4827,1.1804,1.2147,0.9718,0.3312,0.9995
Dus1l,Dus1l,1286.6541,0.0679,0.0699,0.9711,0.3315,0.9995
Dus2,Dus2,637.7985,0.0083,0.0753,0.1102,0.9122,0.9995
Dus3l,Dus3l,1121.5589,-0.062,0.0695,-0.8924,0.3722,0.9995
Dus4l,Dus4l,360.7974,0.1793,0.1703,1.0525,0.2926,0.9995
Dusp1,Dusp1,2227.6833,-0.3589,0.2258,-1.5897,0.1119,0.9995
Dusp10,Dusp10,2568.5118,-0.1951,0.145,-1.3457,0.1784,0.9995
Dusp11,Dusp11,5658.3253,-0.1764,0.1556,-1.1342,0.2567,0.9995
Dusp12,Dusp12,809.8951,0.1884,0.1655,1.1381,0.2551,0.9995
Dusp13,Dusp13,335.3448,0.0083,0.1836,0.0451,0.964,0.9995
Dusp14,Dusp14,623.0812,0.0311,0.1498,0.2075,0.8356,0.9995
Dusp15,Dusp15,1.2595,1.5004,1.4392,1.0425,0.2972,0.9995
Dusp16,Dusp16,1256.0226,-0.128,0.132,-0.9698,0.3322,0.9995
Dusp18,Dusp18,2567.0403,0.0109,0.0638,0.1703,0.8648,0.9995
Dusp19,Dusp19,185.245,-0.0605,0.1248,-0.4844,0.6281,0.9995
Dusp2,Dusp2,63.2158,-0.1522,0.3065,-0.4964,0.6196,0.9995
Dusp22,Dusp22,615.1022,0.0578,0.1105,0.5234,0.6007,0.9995
Dusp23,Dusp23,39.212,-0.2074,0.2324,-0.8923,0.3722,0.9995
Dusp26,Dusp26,3.9923,-0.0525,0.8566,-0.0612,0.9512,0.9995
Dusp27,Dusp27,2870.5945,-0.06,0.2342,-0.2561,0.7979,0.9995
Dusp28,Dusp28,363.41,-0.0042,0.1896,-0.0221,0.9824,0.9995
Dusp3,Dusp3,4452.2612,-0.0342,0.1018,-0.3364,0.7366,0.9995
Dusp4,Dusp4,1689.9964,-0.1291,0.2825,-0.4569,0.6478,0.9995
Dusp5,Dusp5,131.9804,-0.2443,0.2386,-1.0239,0.3059,0.9995
Dusp6,Dusp6,1486.1316,-0.2949,0.1315,-2.2431,0.0249,0.9995
Dusp7,Dusp7,963.1291,0.0836,0.0847,0.9879,0.3232,0.9995
Dusp8,Dusp8,572.8752,-0.3468,0.19,-1.8258,0.0679,0.9995
Dusp9,Dusp9,249.2724,0.143,0.1551,0.9219,0.3566,0.9995
Dut,Dut,867.0943,0.0407,0.1397,0.2913,0.7708,0.9995
Dvl1,Dvl1,4865.534,0.0615,0.0561,1.096,0.2731,0.9995
Dvl2,Dvl2,1685.5242,-0.0645,0.0923,-0.698,0.4852,0.9995
Dvl3,Dvl3,1652.8104,0.0266,0.059,0.4507,0.6522,0.9995
Dxo,Dxo,738.9615,-0.0038,0.0748,-0.0512,0.9592,0.9995
Dym,Dym,2170.2863,-0.0004,0.0957,-0.0044,0.9965,0.9995
Dynap,Dynap,1478.6679,0.1828,0.1688,1.083,0.2788,0.9995
Dync1h1,Dync1h1,19047.7108,-0.102,0.0952,-1.0715,0.284,0.9995
Dync1i1,Dync1i1,506.7667,-0.4174,0.3092,-1.35,0.177,0.9995
Dync1i2,Dync1i2,7015.4777,-0.0852,0.1322,-0.6445,0.5192,0.9995
Dync1li1,Dync1li1,4578.884,0.0352,0.0865,0.4069,0.6841,0.9995
Dync1li2,Dync1li2,9056.7765,-0.0176,0.0705,-0.2496,0.8029,0.9995
Dync2h1,Dync2h1,393.9155,-0.1078,0.2093,-0.5151,0.6065,0.9995
Dync2li1,Dync2li1,1128.5935,0.0214,0.0748,0.2864,0.7746,0.9995
Dynll1,Dynll1,6081.0684,0.0401,0.1228,0.3268,0.7438,0.9995
Dynll2,Dynll2,4466.124,0.0892,0.0721,1.2372,0.216,0.9995
Dynlrb1,Dynlrb1,4985.753,0.1058,0.0686,1.5425,0.1229,0.9995
Dynlrb2,Dynlrb2,0.5722,-0.3615,1.8102,-0.1997,0.8417,0.9995
Dynlt1a,Dynlt1a,68.4989,1.2357,0.562,2.1989,0.0279,0.9995
Dynlt1b,Dynlt1b,519.5729,0.6386,0.3606,1.7707,0.0766,0.9995
Dynlt1f,Dynlt1f,24.7849,0.0778,0.3957,0.1967,0.8441,0.9995
Dynlt3,Dynlt3,5291.2451,0.0284,0.2059,0.138,0.8903,0.9995
Dyrk1a,Dyrk1a,3326.2163,-0.0461,0.0732,-0.6297,0.5289,0.9995
Dyrk1b,Dyrk1b,635.4627,-0.0672,0.0886,-0.7587,0.448,0.9995
Dyrk2,Dyrk2,1378.0146,-0.0512,0.217,-0.236,0.8134,0.9995
Dyrk3,Dyrk3,249.585,0.099,0.1963,0.5042,0.6141,0.9995
Dyrk4,Dyrk4,1.0326,-0.2489,1.8539,-0.1343,0.8932,0.9995
Dysf,Dysf,2319.7184,-0.0428,0.1964,-0.2181,0.8274,0.9995
Dytn,Dytn,0.3446,0.9378,2.6503,0.3539,0.7234,0.9995
Dyx1c1,Dyx1c1,15.9094,-0.4201,0.3891,-1.0797,0.2803,0.9995
Dzank1,Dzank1,35.4315,-0.2409,0.2677,-0.8996,0.3683,0.9995
Dzip1,Dzip1,737.4971,-0.1219,0.1293,-0.9431,0.3457,0.9995
Dzip1l,Dzip1l,1023.6855,-0.0592,0.0844,-0.7012,0.4832,0.9995
Dzip3,Dzip3,588.0205,0.0199,0.1201,0.1654,0.8687,0.9995
E030003E18Rik,E030003E18Rik,1.0302,0.4361,1.4211,0.3069,0.759,0.9995
E030011O05Rik,E030011O05Rik,100.183,0.0488,0.1635,0.2984,0.7654,0.9995
E030024N20Rik,E030024N20Rik,37.6155,0.1502,0.2475,0.6069,0.5439,0.9995
E030030I06Rik,E030030I06Rik,38.4024,-0.0915,0.2634,-0.3474,0.7283,0.9995
E130006D01Rik,E130006D01Rik,0.344,-0.476,2.6711,-0.1782,0.8586,0.9995
E130012A19Rik,E130012A19Rik,60.887,-0.1788,0.2261,-0.7911,0.4289,0.9995
E130102H24Rik,E130102H24Rik,79.2786,0.5276,0.43,1.227,0.2198,0.9995
E130112N10Rik,E130112N10Rik,28.1243,0.1757,0.3135,0.5604,0.5752,0.9995
E130307A14Rik,E130307A14Rik,163.073,0.0172,0.1275,0.135,0.8926,0.9995
E130308A19Rik,E130308A19Rik,281.7494,-0.1999,0.097,-2.0607,0.0393,0.9995
E130309D02Rik,E130309D02Rik,880.0153,0.0667,0.0908,0.7341,0.4629,0.9995
E130309D14Rik,E130309D14Rik,3.0824,-0.7489,1.0235,-0.7317,0.4643,0.9995
E130310I04Rik,E130310I04Rik,2.8637,0.1555,0.9035,0.1721,0.8633,0.9995
E130311K13Rik,E130311K13Rik,384.6836,-0.0526,0.1269,-0.4142,0.6787,0.9995
E130317F20Rik,E130317F20Rik,82.4675,0.1613,0.216,0.7468,0.4552,0.9995
E230013L22Rik,E230013L22Rik,24.785,-0.0473,0.4934,-0.0959,0.9236,0.9995
E230016K23Rik,E230016K23Rik,4.9147,-0.41,0.7104,-0.5772,0.5638,0.9995
E230016M11Rik,E230016M11Rik,30.4868,0.446,0.3901,1.1433,0.2529,0.9995
E230025N22Rik,E230025N22Rik,28.9013,-0.057,0.3138,-0.1816,0.8559,0.9995
E2f1,E2f1,1057.6553,-0.1195,0.1025,-1.165,0.244,0.9995
E2f2,E2f2,2531.8188,-0.155,0.2583,-0.6,0.5485,0.9995
E2f3,E2f3,1383.7021,-0.0528,0.0973,-0.5424,0.5875,0.9995
E2f4,E2f4,1742.9777,0.0257,0.0845,0.3039,0.7612,0.9995
E2f5,E2f5,467.2894,-0.1436,0.131,-1.0963,0.2729,0.9995
E2f6,E2f6,1728.9666,0.0885,0.0842,1.0509,0.2933,0.9995
E2f7,E2f7,518.9051,-0.3472,0.4393,-0.7903,0.4293,0.9995
E2f8,E2f8,941.896,-0.1769,0.4255,-0.4157,0.6776,0.9995
E330009J07Rik,E330009J07Rik,32.8718,-0.1517,0.4001,-0.3792,0.7045,0.9995
E330011O21Rik,E330011O21Rik,10.7505,-0.4174,0.4942,-0.8447,0.3983,0.9995
E330013P04Rik,E330013P04Rik,0.6847,0.8625,1.818,0.4744,0.6352,0.9995
E330033B04Rik,E330033B04Rik,27.8661,0.8026,0.3963,2.0254,0.0428,0.9995
E430016F16Rik,E430016F16Rik,4.8,-0.4022,0.7353,-0.5469,0.5844,0.9995
E430018J23Rik,E430018J23Rik,225.194,0.0866,0.1289,0.6721,0.5015,0.9995
E430025E21Rik,E430025E21Rik,7829.6144,-0.0931,0.1225,-0.7601,0.4472,0.9995
E4f1,E4f1,694.3715,-0.0521,0.0907,-0.574,0.566,0.9995
E530011L22Rik,E530011L22Rik,39.3353,-0.0526,0.2634,-0.1996,0.8418,0.9995
Eaf1,Eaf1,3840.1796,0.0007,0.114,0.0064,0.9949,0.9995
Eaf2,Eaf2,25.7142,0.0554,0.2872,0.1928,0.8471,0.9995
Eapp,Eapp,1645.0114,-0.0117,0.0543,-0.215,0.8298,0.9995
Ears2,Ears2,497.0239,0.0043,0.0865,0.0495,0.9605,0.9995
Ebag9,Ebag9,1039.3957,0.0084,0.1025,0.0815,0.935,0.9995
Ebf1,Ebf1,664.3052,-0.2609,0.1719,-1.5179,0.129,0.9995
Ebf3,Ebf3,792.9339,-0.1596,0.1358,-1.1752,0.2399,0.9995
Ebf4,Ebf4,3.0783,0.2525,0.9128,0.2766,0.7821,0.9995
Ebna1bp2,Ebna1bp2,2644.9821,0.086,0.0993,0.8657,0.3866,0.9995
Ebp,Ebp,3211.4078,0.0848,0.0812,1.0447,0.2962,0.9995
Ebpl,Ebpl,473.1076,0.0098,0.1112,0.0881,0.9298,0.9995
Ecd,Ecd,2153.7417,0.0247,0.0612,0.4037,0.6864,0.9995
Ece1,Ece1,5860.7011,0.0113,0.0516,0.2194,0.8263,0.9995
Ece2,Ece2,1328.0791,0.1058,0.1112,0.9519,0.3412,0.9995
Ecel1,Ecel1,4.9095,-0.2855,0.669,-0.4267,0.6696,0.9995
Ech1,Ech1,2690.3022,0.0415,0.0647,0.6411,0.5215,0.9995
Echdc1,Echdc1,297.0936,-0.1768,0.1669,-1.059,0.2896,0.9995
Echdc2,Echdc2,400.0599,-0.0407,0.1163,-0.35,0.7264,0.9995
Echdc3,Echdc3,141.1636,-0.1257,0.1943,-0.647,0.5176,0.9995
Echs1,Echs1,3458.1901,0.0897,0.1249,0.718,0.4727,0.9995
Eci1,Eci1,878.479,0.1373,0.072,1.9071,0.0565,0.9995
Eci2,Eci2,2396.1559,0.0148,0.0769,0.1927,0.8472,0.9995
Eci3,Eci3,65.8051,-0.4479,0.6928,-0.6464,0.518,0.9995
Ecm1,Ecm1,9667.968,0.06,0.0802,0.7484,0.4542,0.9995
Ecm2,Ecm2,386.9517,-0.2775,0.3054,-0.9088,0.3635,0.9995
Ecscr,Ecscr,9.4825,0.4952,0.5998,0.8255,0.4091,0.9995
Ecsit,Ecsit,680.9417,0.1942,0.1196,1.624,0.1044,0.9995
Ect2,Ect2,953.7522,-0.1194,0.5767,-0.2071,0.8359,0.9995
Ect2l,Ect2l,2.9778,-1.2941,0.844,-1.5333,0.1252,0.9995
Eda,Eda,1.7091,0.2434,1.8463,0.1318,0.8951,0.9995
Eda2r,Eda2r,3511.528,0.0454,0.1845,0.2463,0.8054,0.9995
Edaradd,Edaradd,3.198,0.3493,0.8134,0.4295,0.6676,0.9995
Edc3,Edc3,1482.4323,0.08,0.0961,0.8321,0.4054,0.9995
Edc4,Edc4,2320.7749,-0.022,0.0671,-0.3276,0.7432,0.9995
Eddm3b,Eddm3b,0.5726,0.7049,2.0546,0.3431,0.7315,0.9995
Edem1,Edem1,3785.0309,-0.0773,0.1021,-0.7572,0.4489,0.9995
Edem2,Edem2,2073.5122,-0.0284,0.0994,-0.2858,0.775,0.9995
Edem3,Edem3,2985.8466,-0.0235,0.2017,-0.1166,0.9072,0.9995
Edf1,Edf1,3540.2763,0.0836,0.0758,1.1036,0.2698,0.9995
Edil3,Edil3,2242.9508,0.1266,0.2286,0.5537,0.5798,0.9995
Edn1,Edn1,238.8829,-0.4573,0.3616,-1.2646,0.206,0.9995
Ednra,Ednra,515.0411,-0.0177,0.1125,-0.157,0.8753,0.9995
Edrf1,Edrf1,600.0246,-0.1226,0.1509,-0.8125,0.4165,0.9995
Eea1,Eea1,1259.9859,-0.0565,0.1412,-0.4,0.6891,0.9995
Eed,Eed,1205.862,0.0271,0.0927,0.2923,0.77,0.9995
Eef1a1,Eef1a1,363855.9197,0.1197,0.1486,0.8057,0.4204,0.9995
Eef1b2,Eef1b2,18123.1054,0.0989,0.0867,1.1406,0.254,0.9995
Eef1d,Eef1d,7322.7224,0.0774,0.0752,1.0288,0.3036,0.9995
Eef1e1,Eef1e1,1381.9482,0.1122,0.0827,1.3571,0.1748,0.9995
Eef1g,Eef1g,15377.8734,0.0781,0.0801,0.9747,0.3297,0.9995
Eef2,Eef2,152988.5662,-0.0021,0.0948,-0.0217,0.9827,0.9995
Eef2k,Eef2k,2139.1757,0.059,0.1511,0.3905,0.6961,0.9995
Eef2kmt,Eef2kmt,596.7563,0.126,0.1847,0.6819,0.4953,0.9995
Eefsec,Eefsec,673.8061,0.0198,0.1366,0.145,0.8847,0.9995
Eepd1,Eepd1,401.6118,0.2036,0.1464,1.391,0.1642,0.9995
Efcab11,Efcab11,91.9242,-0.365,0.3972,-0.9189,0.3582,0.9995
Efcab12,Efcab12,5.6122,-0.1445,0.6397,-0.2259,0.8213,0.9995
Efcab14,Efcab14,2229.3405,-0.1307,0.1119,-1.1676,0.243,0.9995
Efcab2,Efcab2,43.7937,0.3545,0.2579,1.3748,0.1692,0.9995
Efcab3,Efcab3,4.5765,-0.126,0.6598,-0.191,0.8485,0.9995
Efcab5,Efcab5,5.7302,0.0647,0.694,0.0932,0.9258,0.9995
Efcab6,Efcab6,0.687,1.0866,1.9592,0.5546,0.5792,0.9995
Efcab7,Efcab7,304.4404,-0.0023,0.1439,-0.0162,0.9871,0.9995
Efcab8,Efcab8,0.5687,-1.0589,2.0113,-0.5265,0.5986,0.9995
Efcab9,Efcab9,4.222,0.4937,0.7067,0.6986,0.4848,0.9995
Efcc1,Efcc1,5.6972,0.6201,0.6759,0.9174,0.3589,0.9995
Efemp1,Efemp1,518.9888,-0.0002,0.1601,-0.0014,0.9989,1
Efemp2,Efemp2,3605.3149,0.1024,0.1121,0.9135,0.361,0.9995
Efhb,Efhb,5.2631,-1.303,0.7096,-1.8361,0.0663,0.9995
Efhc1,Efhc1,51.9266,-0.1012,0.2615,-0.3872,0.6986,0.9995
Efhc2,Efhc2,3.9976,0.3873,0.7299,0.5307,0.5956,0.9995
Efhd1,Efhd1,663.3432,-0.4101,0.2618,-1.5663,0.1173,0.9995
Efhd2,Efhd2,1544.3064,0.0675,0.095,0.7097,0.4779,0.9995
Efna1,Efna1,1049.0172,0.2121,0.1943,1.0917,0.275,0.9995
Efna2,Efna2,255.5218,-0.0433,0.1226,-0.3532,0.7239,0.9995
Efna3,Efna3,80.1147,-0.135,0.1916,-0.7045,0.4811,0.9995
Efna4,Efna4,452.132,0.1414,0.1505,0.9399,0.3473,0.9995
Efna5,Efna5,148.0531,-0.1486,0.1452,-1.0236,0.306,0.9995
Efnb1,Efnb1,1081.0031,0.0382,0.1249,0.306,0.7596,0.9995
Efnb2,Efnb2,1865.5495,-0.2893,0.2035,-1.4217,0.1551,0.9995
Efnb3,Efnb3,32.6633,0.0459,0.2868,0.1601,0.8728,0.9995
Efr3a,Efr3a,4510.7481,-0.0502,0.1378,-0.3642,0.7157,0.9995
Efr3b,Efr3b,31.3193,-0.1952,0.3897,-0.501,0.6164,0.9995
Efs,Efs,59.4207,-0.0045,0.3564,-0.0128,0.9898,0.9995
Eftud1,Eftud1,1078.0403,-0.0783,0.0571,-1.3701,0.1706,0.9995
Eftud2,Eftud2,5207.5678,0.0524,0.0775,0.6761,0.499,0.9995
Egf,Egf,50.1828,-0.1175,0.2099,-0.5598,0.5756,0.9995
Egfl7,Egfl7,62.5119,-0.0438,0.1984,-0.2211,0.825,0.9995
Egfl8,Egfl8,13.0057,0.5548,0.4175,1.329,0.1839,0.9995
Egflam,Egflam,24.4778,-0.2022,0.4653,-0.4347,0.6638,0.9995
Egfr,Egfr,2115.8594,-0.1548,0.0985,-1.5712,0.1161,0.9995
Egln1,Egln1,5625.6425,-0.1236,0.1248,-0.9902,0.3221,0.9995
Egln2,Egln2,1735.7432,0.008,0.0773,0.1035,0.9176,0.9995
Egln3,Egln3,8931.6152,0.0059,0.1614,0.0363,0.971,0.9995
Egr1,Egr1,8132.418,-0.7652,0.429,-1.7835,0.0745,0.9995
Egr2,Egr2,530.9049,-0.4551,0.3514,-1.2953,0.1952,0.9995
Egr3,Egr3,1501.538,-0.1488,0.3332,-0.4468,0.655,0.9995
Ehbp1,Ehbp1,764.8745,-0.1275,0.1447,-0.8809,0.3784,0.9995
Ehbp1l1,Ehbp1l1,9529.9923,0.0336,0.1098,0.306,0.7596,0.9995
Ehd1,Ehd1,5753.2102,0.0536,0.0905,0.5928,0.5533,0.9995
Ehd2,Ehd2,11135.6414,-0.0702,0.1463,-0.4801,0.6312,0.9995
Ehd3,Ehd3,2091.0376,0.015,0.0876,0.1716,0.8638,0.9995
Ehd4,Ehd4,7133.8724,-0.049,0.1953,-0.2511,0.8017,0.9995
Ehhadh,Ehhadh,34.4053,0.1522,0.2735,0.5564,0.5779,0.9995
Ehmt1,Ehmt1,1892.5991,-0.1417,0.0758,-1.8687,0.0617,0.9995
Ehmt2,Ehmt2,5687.1075,-0.0225,0.0756,-0.2976,0.766,0.9995
Ei24,Ei24,3453.9559,0.1595,0.0842,1.894,0.0582,0.9995
Eid1,Eid1,3492.1799,0.0603,0.2057,0.293,0.7696,0.9995
Eid2,Eid2,206.428,0.0575,0.168,0.3425,0.732,0.9995
Eid2b,Eid2b,289.9019,0.0217,0.1104,0.1966,0.8442,0.9995
Eid3,Eid3,9.8134,0.6915,0.5349,1.2928,0.1961,0.9995
Eif1,Eif1,24360.9543,0.08,0.127,0.63,0.5287,0.9995
Eif1a,Eif1a,6584.9816,-0.0411,0.0965,-0.4257,0.6703,0.9995
Eif1ad,Eif1ad,1558.8057,0.138,0.0879,1.5701,0.1164,0.9995
Eif1ax,Eif1ax,3274.354,-0.0199,0.1217,-0.1635,0.8701,0.9995
Eif1b,Eif1b,1461.696,0.1161,0.0945,1.2286,0.2192,0.9995
Eif2a,Eif2a,2731.2761,-0.0396,0.1108,-0.3569,0.7212,0.9995
Eif2ak1,Eif2ak1,2579.9367,0.0355,0.0879,0.4038,0.6864,0.9995
Eif2ak2,Eif2ak2,772.3206,-0.0242,0.1304,-0.1859,0.8525,0.9995
Eif2ak3,Eif2ak3,1697.9155,-0.1358,0.0975,-1.3939,0.1634,0.9995
Eif2ak4,Eif2ak4,1131.0095,-0.1022,0.0773,-1.3221,0.1861,0.9995
Eif2b1,Eif2b1,2105.1949,0.0765,0.0815,0.9382,0.3481,0.9995
Eif2b2,Eif2b2,3115.765,0.0901,0.0715,1.2601,0.2077,0.9995
Eif2b3,Eif2b3,1542.5844,0.2151,0.1176,1.8285,0.0675,0.9995
Eif2b4,Eif2b4,1224.1096,0.0983,0.0653,1.5069,0.1318,0.9995
Eif2b5,Eif2b5,3602.3723,0.0882,0.0679,1.2994,0.1938,0.9995
Eif2d,Eif2d,1340.8164,0.0388,0.0861,0.4512,0.6518,0.9995
Eif2s1,Eif2s1,4716.6856,0.0222,0.1186,0.1872,0.8515,0.9995
Eif2s2,Eif2s2,7253.2207,0.046,0.096,0.4792,0.6318,0.9995
Eif2s3x,Eif2s3x,6596.5997,-0.0501,0.0874,-0.573,0.5667,0.9995
Eif3a,Eif3a,10181.0585,0.091,0.1846,0.4927,0.6222,0.9995
Eif3b,Eif3b,11069.7894,0.1039,0.0798,1.3016,0.193,0.9995
Eif3c,Eif3c,13764.8653,0.0157,0.0942,0.1671,0.8673,0.9995
Eif3d,Eif3d,10723.0963,0.0796,0.071,1.1203,0.2626,0.9995
Eif3e,Eif3e,12754.4664,-0.0458,0.0833,-0.5492,0.5829,0.9995
Eif3f,Eif3f,8224.5204,0.0618,0.0949,0.6509,0.5151,0.9995
Eif3g,Eif3g,3405.2377,0.0803,0.0663,1.2112,0.2258,0.9995
Eif3h,Eif3h,13392.6005,0.0783,0.0775,1.0106,0.3122,0.9995
Eif3i,Eif3i,5588.4525,0.089,0.0866,1.0274,0.3042,0.9995
Eif3k,Eif3k,3514.1328,0.0661,0.0787,0.84,0.4009,0.9995
Eif3l,Eif3l,9485.181,0.0449,0.0665,0.6747,0.4999,0.9995
Eif3m,Eif3m,5284.7438,0.027,0.0592,0.4567,0.6479,0.9995
Eif4a1,Eif4a1,30281.91,0.1031,0.0776,1.3277,0.1843,0.9995
Eif4a2,Eif4a2,19012.993,0.0454,0.0679,0.6684,0.5039,0.9995
Eif4a3,Eif4a3,4526.6138,0.0754,0.089,0.8469,0.397,0.9995
Eif4b,Eif4b,29564.0517,-0.0419,0.0738,-0.5671,0.5707,0.9995
Eif4e,Eif4e,4765.5944,0.028,0.0686,0.4089,0.6826,0.9995
Eif4e2,Eif4e2,5341.6608,0.0357,0.0837,0.4266,0.6697,0.9995
Eif4e3,Eif4e3,561.942,0.0228,0.0804,0.2836,0.7767,0.9995
Eif4ebp1,Eif4ebp1,4246.4467,0.1427,0.2301,0.6201,0.5352,0.9995
Eif4ebp2,Eif4ebp2,1547.4886,-0.0873,0.0818,-1.0663,0.2863,0.9995
Eif4ebp3,Eif4ebp3,196.2913,0.0458,0.1497,0.3059,0.7597,0.9995
Eif4enif1,Eif4enif1,2448.2929,-0.0583,0.0555,-1.0505,0.2935,0.9995
Eif4g1,Eif4g1,22562.9823,0.0133,0.0775,0.1715,0.8638,0.9995
Eif4g2,Eif4g2,39890.5214,-0.0544,0.1254,-0.4336,0.6646,0.9995
Eif4g3,Eif4g3,3209.2582,-0.0183,0.0685,-0.2673,0.7892,0.9995
Eif4h,Eif4h,11586.7296,0.0785,0.075,1.0464,0.2954,0.9995
Eif5,Eif5,9280.3519,-0.0386,0.1014,-0.3808,0.7034,0.9995
Eif5a,Eif5a,22580.7837,0.1382,0.0848,1.6295,0.1032,0.9995
Eif5a2,Eif5a2,507.4717,-0.149,0.1607,-0.9273,0.3538,0.9995
Eif5b,Eif5b,2273.346,0.1243,0.0844,1.4724,0.1409,0.9995
Eif6,Eif6,3998.267,0.1316,0.1316,1.0007,0.317,0.9995
Elac1,Elac1,506.7009,-0.0276,0.1013,-0.2727,0.7851,0.9995
Elac2,Elac2,1585.6733,0.0936,0.1001,0.9353,0.3496,0.9995
Elane,Elane,0.5713,0.2865,2.1114,0.1357,0.8921,0.9995
Elavl1,Elavl1,4193.588,0.0399,0.0652,0.6125,0.5402,0.9995
Elavl3,Elavl3,1.1411,-0.465,1.4286,-0.3255,0.7448,0.9995
Eldr,Eldr,25.5128,-0.3256,0.4694,-0.6937,0.4879,0.9995
Elf1,Elf1,1375.5302,-0.1026,0.1095,-0.937,0.3487,0.9995
Elf2,Elf2,2358.3977,-0.0253,0.0576,-0.439,0.6607,0.9995
Elf3,Elf3,3.3124,1.4144,0.8882,1.5925,0.1113,0.9995
Elf4,Elf4,1389.1849,-0.0726,0.0679,-1.0688,0.2851,0.9995
Elfn1,Elfn1,3.5359,0.8376,0.7809,1.0726,0.2834,0.9995
Elfn2,Elfn2,5.0399,0.5837,0.7834,0.7451,0.4562,0.9995
Elk1,Elk1,2089.6831,-0.0248,0.0741,-0.3343,0.7381,0.9995
Elk3,Elk3,5169.216,-0.0864,0.0662,-1.3055,0.1917,0.9995
Elk4,Elk4,411.4724,-0.1629,0.1069,-1.5239,0.1275,0.9995
Ell,Ell,1029.4717,0.0572,0.1255,0.4556,0.6486,0.9995
Ell2,Ell2,1102.5103,0.0287,0.1259,0.2279,0.8198,0.9995
Ell3,Ell3,18.6454,0.0165,0.358,0.0461,0.9632,0.9995
Elmo1,Elmo1,146.4061,-0.3044,0.197,-1.5447,0.1224,0.9995
Elmo2,Elmo2,2473.5423,-0.0125,0.0898,-0.1387,0.8897,0.9995
Elmo3,Elmo3,55.2059,-0.1454,0.2086,-0.6972,0.4857,0.9995
Elmod2,Elmod2,1419.0043,-0.1123,0.1849,-0.6078,0.5433,0.9995
Elmod3,Elmod3,540.4478,0.0464,0.0947,0.4895,0.6245,0.9995
Elmsan1,Elmsan1,2603.6993,-0.1237,0.0677,-1.8269,0.0677,0.9995
Eln,Eln,3.0817,-0.0455,1.3355,-0.0341,0.9728,0.9995
Elof1,Elof1,1696.4276,0.0662,0.0625,1.0584,0.2899,0.9995
Elovl1,Elovl1,4253.1387,0.0458,0.0846,0.5418,0.588,0.9995
Elovl3,Elovl3,18.0651,0.0056,0.419,0.0135,0.9893,0.9995
Elovl4,Elovl4,441.3155,0.039,0.2345,0.1665,0.8678,0.9995
Elovl5,Elovl5,5610.361,0.087,0.1383,0.629,0.5293,0.9995
Elovl6,Elovl6,937.4565,-0.164,0.1194,-1.374,0.1694,0.9995
Elovl7,Elovl7,14.8688,0.3483,0.4522,0.7701,0.4413,0.9995
Elp2,Elp2,4617.0516,0.0567,0.0995,0.5693,0.5692,0.9995
Elp3,Elp3,3746.681,0.0318,0.0579,0.5496,0.5826,0.9995
Elp4,Elp4,819.2282,0.0994,0.0933,1.0657,0.2866,0.9995
Elp5,Elp5,1944.5921,0.0775,0.0704,1.101,0.2709,0.9995
Elp6,Elp6,308.4782,0.0914,0.116,0.788,0.4307,0.9995
Emb,Emb,4420.7525,0.0968,0.2318,0.4177,0.6762,0.9995
Emc1,Emc1,3016.9885,0.0054,0.0687,0.0787,0.9373,0.9995
Emc10,Emc10,2762.2793,0.0366,0.1182,0.31,0.7566,0.9995
Emc2,Emc2,4263.5678,-0.0487,0.1641,-0.2969,0.7666,0.9995
Emc3,Emc3,6837.2747,0.0854,0.1034,0.8261,0.4088,0.9995
Emc4,Emc4,2196.027,0.1479,0.0778,1.8999,0.0574,0.9995
Emc6,Emc6,1241.5818,0.0724,0.0804,0.9003,0.368,0.9995
Emc7,Emc7,4145.1331,0.0862,0.0651,1.3251,0.1851,0.9995
Emc8,Emc8,1575.0859,0.0579,0.0774,0.7478,0.4546,0.9995
Emc9,Emc9,270.1039,-0.0183,0.1273,-0.144,0.8855,0.9995
Emd,Emd,2575.1711,0.1103,0.0749,1.4713,0.1412,0.9995
Eme1,Eme1,108.3939,-0.0728,0.386,-0.1886,0.8504,0.9995
Eme2,Eme2,242.5545,0.0203,0.1133,0.1796,0.8575,0.9995
Emg1,Emg1,1595.2184,0.1477,0.1107,1.3341,0.1822,0.9995
Emid1,Emid1,20.1021,0.2836,0.488,0.5812,0.5611,0.9995
Emilin1,Emilin1,1750.7452,-0.1838,0.1717,-1.0702,0.2845,0.9995
Emilin2,Emilin2,5518.3523,0.0615,0.2155,0.2853,0.7754,0.9995
Emilin3,Emilin3,2.9712,0.6775,1.011,0.6701,0.5028,0.9995
Eml1,Eml1,3624.6906,0.0165,0.1244,0.1325,0.8946,0.9995
Eml2,Eml2,1269.2057,-0.032,0.0843,-0.379,0.7047,0.9995
Eml3,Eml3,883.4087,0.0959,0.1474,0.6506,0.5153,0.9995
Eml4,Eml4,1325.4083,-0.043,0.166,-0.2591,0.7956,0.9995
Eml5,Eml5,47.357,-0.1036,0.3679,-0.2815,0.7783,0.9995
Eml6,Eml6,41.5494,-0.4281,0.4373,-0.979,0.3276,0.9995
Emp1,Emp1,25120.6262,-0.065,0.0654,-0.9938,0.3203,0.9995
Emp2,Emp2,13243.9748,-0.028,0.0863,-0.3249,0.7453,0.9995
Emp3,Emp3,5072.2354,-0.0563,0.102,-0.552,0.581,0.9995
Emx2,Emx2,0.9196,1.6541,1.908,0.867,0.386,0.9995
Emx2os,Emx2os,1.022,2.5827,1.9347,1.3349,0.1819,0.9995
En1,En1,1192.7563,0.0514,0.1164,0.4412,0.659,0.9995
Enah,Enah,6059.9913,-0.0218,0.2092,-0.1045,0.9168,0.9995
Enc1,Enc1,4014.5928,-0.2509,0.1927,-1.3019,0.193,0.9995
Endod1,Endod1,1335.364,-0.0603,0.2485,-0.2429,0.8081,0.9995
Endog,Endog,102.5203,-0.1411,0.1424,-0.9907,0.3218,0.9995
Endou,Endou,6.7577,-0.3758,0.6487,-0.5792,0.5624,0.9995
Endov,Endov,1505.1146,0.0191,0.1586,0.1203,0.9042,0.9995
Eng,Eng,197.0017,0.0891,0.173,0.5152,0.6064,0.9995
Engase,Engase,138.2392,0.1112,0.1576,0.7059,0.4802,0.9995
Enho,Enho,758.2299,-0.0441,0.1961,-0.225,0.822,0.9995
Enkd1,Enkd1,400.4655,0.0713,0.1063,0.6708,0.5023,0.9995
Enkur,Enkur,34.9763,0.3599,0.2488,1.4463,0.1481,0.9995
Eno1,Eno1,1.3654,0.3531,1.4505,0.2434,0.8077,0.9995
Eno1b,Eno1b,13071.3975,0.1727,0.1932,0.8937,0.3715,0.9995
Eno2,Eno2,3280.5688,-0.0143,0.2817,-0.0509,0.9594,0.9995
Eno3,Eno3,18558.94,0.1036,0.2506,0.4135,0.6792,0.9995
Eno4,Eno4,12.8014,0.0034,0.4614,0.0074,0.9941,0.9995
Enoph1,Enoph1,507.7205,0.1024,0.1209,0.8472,0.3969,0.9995
Enox1,Enox1,226.8241,0.0963,0.1441,0.6679,0.5042,0.9995
Enox2,Enox2,409.3924,-0.2759,0.1248,-2.2116,0.027,0.9995
Enpep,Enpep,127.4166,-0.0444,0.1857,-0.239,0.8111,0.9995
Enpp1,Enpp1,5085.3152,-0.046,0.0948,-0.4854,0.6274,0.9995
Enpp2,Enpp2,2690.2766,-0.376,0.241,-1.5603,0.1187,0.9995
Enpp3,Enpp3,784.7616,-0.008,0.0803,-0.0992,0.921,0.9995
Enpp4,Enpp4,1128.8035,-0.0052,0.1509,-0.0346,0.9724,0.9995
Enpp5,Enpp5,1062.4948,-0.1454,0.112,-1.2979,0.1943,0.9995
Enpp6,Enpp6,1.1445,0.6766,1.5358,0.4406,0.6595,0.9995
Ensa,Ensa,6472.3472,0.0559,0.0496,1.1272,0.2596,0.9995
Enthd1,Enthd1,0.5729,-0.3688,2.0514,-0.1798,0.8573,0.9995
Enthd2,Enthd2,630.56,0.0316,0.0802,0.3938,0.6937,0.9995
Entpd1,Entpd1,9.1549,-0.2512,0.5718,-0.4394,0.6604,0.9995
Entpd2,Entpd2,73.7307,-0.1139,0.2192,-0.5196,0.6033,0.9995
Entpd3,Entpd3,71.2045,-0.0956,0.2655,-0.3602,0.7187,0.9995
Entpd4,Entpd4,87.7842,0.0254,0.1618,0.157,0.8752,0.9995
Entpd5,Entpd5,1915.4616,-0.1219,0.0704,-1.7317,0.0833,0.9995
Entpd6,Entpd6,255.0132,-0.0082,0.1274,-0.0641,0.9489,0.9995
Entpd7,Entpd7,497.4557,0.0265,0.0925,0.2864,0.7745,0.9995
Eny2,Eny2,2011.127,0.1245,0.0694,1.7944,0.0727,0.9995
Eogt,Eogt,639.3306,-0.1144,0.1347,-0.8497,0.3955,0.9995
Eomes,Eomes,2.1788,0.5409,1.166,0.4639,0.6427,0.9995
Ep300,Ep300,3260.1931,-0.1488,0.1072,-1.3881,0.1651,0.9995
Ep400,Ep400,3804.7042,-0.149,0.0781,-1.9094,0.0562,0.9995
Epas1,Epas1,28.309,-0.1248,0.3341,-0.3735,0.7088,0.9995
Epb4.1,Epb4.1,459.9822,-0.1755,0.1156,-1.5176,0.1291,0.9995
Epb4.1l1,Epb4.1l1,3167.5799,-0.0692,0.1256,-0.551,0.5816,0.9995
Epb4.1l2,Epb4.1l2,7512.0016,-0.185,0.1594,-1.1607,0.2457,0.9995
Epb4.1l3,Epb4.1l3,6700.0034,-0.0791,0.0997,-0.7934,0.4276,0.9995
Epb4.1l4a,Epb4.1l4a,1668.0268,-0.1192,0.1123,-1.0608,0.2888,0.9995
Epb4.1l4aos,Epb4.1l4aos,109.2257,0.0756,0.2174,0.3479,0.7279,0.9995
Epb4.1l4b,Epb4.1l4b,37.4257,-0.3457,0.3312,-1.0438,0.2966,0.9995
Epb4.1l5,Epb4.1l5,346.923,0.048,0.1526,0.3147,0.753,0.9995
Epc1,Epc1,1164.0662,-0.0862,0.0813,-1.0605,0.2889,0.9995
Epc2,Epc2,857.6354,-0.1255,0.1782,-0.7041,0.4814,0.9995
Epcam,Epcam,0.5723,0.7232,1.8254,0.3962,0.692,0.9995
Epdr1,Epdr1,4885.9614,0.0047,0.0848,0.0557,0.9556,0.9995
Epg5,Epg5,2207.1483,0.0103,0.1599,0.0647,0.9484,0.9995
Epgn,Epgn,8.4681,0.4977,0.5219,0.9535,0.3403,0.9995
Epha1,Epha1,1160.67,-0.2096,0.1775,-1.1812,0.2375,0.9995
Epha2,Epha2,4167.8227,-0.0406,0.117,-0.3467,0.7288,0.9995
Epha3,Epha3,9.6227,-0.5735,0.8296,-0.6914,0.4893,0.9995
Epha4,Epha4,472.3429,-0.0835,0.1901,-0.4393,0.6605,0.9995
Epha7,Epha7,123.3387,0.0278,0.1817,0.1533,0.8782,0.9995
Ephb1,Ephb1,5.1447,0.2659,0.6574,0.4045,0.6858,0.9995
Ephb2,Ephb2,1873.5296,0.0935,0.0822,1.1376,0.2553,0.9995
Ephb3,Ephb3,2412.5792,0.0358,0.0998,0.3588,0.7197,0.9995
Ephb4,Ephb4,2977.0807,0.0658,0.1269,0.5186,0.6041,0.9995
Ephb6,Ephb6,8514.6083,-0.0833,0.1768,-0.4712,0.6375,0.9995
Ephx1,Ephx1,12267.539,0.0457,0.2256,0.2025,0.8395,0.9995
Ephx2,Ephx2,44.2221,-0.061,0.2557,-0.2387,0.8113,0.9995
Ephx3,Ephx3,8.0107,-1.0382,0.5247,-1.9788,0.0478,0.9995
Ephx4,Ephx4,2.7447,0.5365,0.8314,0.6453,0.5187,0.9995
Epm2a,Epm2a,99.568,-0.1472,0.245,-0.601,0.5478,0.9995
Epm2aip1,Epm2aip1,2008.8264,0.0737,0.177,0.4165,0.677,0.9995
Epn1,Epn1,3385.8754,0.1193,0.1747,0.6829,0.4947,0.9995
Epn2,Epn2,3176.3584,0.001,0.074,0.0139,0.9889,0.9995
Epn3,Epn3,36.1232,-0.1365,0.4788,-0.2851,0.7755,0.9995
Epor,Epor,95.8575,0.0634,0.2424,0.2616,0.7937,0.9995
Eppk1,Eppk1,55.9237,-0.1681,0.2198,-0.765,0.4443,0.9995
Eprs,Eprs,8675.8134,0.0232,0.1188,0.1954,0.845,0.9995
Eps15,Eps15,2594.5392,-0.0736,0.1639,-0.449,0.6534,0.9995
Eps15l1,Eps15l1,1854.3423,0.0437,0.0503,0.8688,0.385,0.9995
Eps8,Eps8,4838.3379,-0.0481,0.2108,-0.2281,0.8196,0.9995
Eps8l1,Eps8l1,4.9121,-0.5519,0.741,-0.7448,0.4564,0.9995
Eps8l2,Eps8l2,237.8841,-0.0403,0.1327,-0.3041,0.761,0.9995
Epsti1,Epsti1,1.3749,0.589,1.2915,0.456,0.6484,0.9995
Ept1,Ept1,2865.0897,0.0125,0.1297,0.096,0.9235,0.9995
Eqtn,Eqtn,0.9147,0.1193,1.451,0.0822,0.9344,0.9995
Eral1,Eral1,913.6816,0.0875,0.0725,1.207,0.2274,0.9995
Erap1,Erap1,798.5555,-0.1395,0.1061,-1.3156,0.1883,0.9995
Erbb2,Erbb2,3057.7762,0.0444,0.0809,0.5481,0.5836,0.9995
Erbb2ip,Erbb2ip,3415.4617,0.0434,0.1143,0.3798,0.7041,0.9995
Erbb3,Erbb3,1431.9733,0.029,0.2313,0.1254,0.9002,0.9995
Erc1,Erc1,2400.7327,-0.1398,0.1035,-1.3511,0.1767,0.9995
Erc2,Erc2,3.0884,0.1543,0.8608,0.1792,0.8578,0.9995
Ercc1,Ercc1,945.563,0.0617,0.0852,0.7236,0.4693,0.9995
Ercc2,Ercc2,280.8812,-0.0133,0.1237,-0.1077,0.9143,0.9995
Ercc3,Ercc3,2591.6865,0.0401,0.1049,0.3822,0.7023,0.9995
Ercc4,Ercc4,830.7197,-0.0141,0.0793,-0.1773,0.8593,0.9995
Ercc5,Ercc5,1162.9917,0.0632,0.1077,0.5871,0.5571,0.9995
Ercc6,Ercc6,825.0466,-0.1204,0.1757,-0.6854,0.4931,0.9995
Ercc6l,Ercc6l,373.9558,-0.3463,0.3806,-0.9099,0.3629,0.9995
Ercc6l2,Ercc6l2,816.5062,0.0662,0.1278,0.5177,0.6047,0.9995
Ercc8,Ercc8,297.2598,0.1466,0.119,1.2315,0.2181,0.9995
Erdr1,Erdr1,156.8835,0.4144,0.2342,1.7694,0.0768,0.9995
Ereg,Ereg,838.581,0.1196,0.2753,0.4344,0.664,0.9995
Erf,Erf,1679.7388,0.0396,0.0958,0.4131,0.6795,0.9995
Ergic1,Ergic1,7683.3794,0.0348,0.07,0.4978,0.6186,0.9995
Ergic2,Ergic2,1656.1455,0.0359,0.1248,0.2881,0.7732,0.9995
Ergic3,Ergic3,7704.0662,0.032,0.1188,0.269,0.7879,0.9995
Erh,Erh,3844.458,0.1606,0.087,1.8452,0.065,0.9995
Eri1,Eri1,2070.0357,-0.0344,0.101,-0.341,0.7331,0.9995
Eri2,Eri2,238.6885,-0.0321,0.1795,-0.1788,0.8581,0.9995
Eri3,Eri3,3531.055,0.0842,0.0666,1.2638,0.2063,0.9995
Erich1,Erich1,370.494,-0.1611,0.1103,-1.4601,0.1442,0.9995
Erich2,Erich2,29.3177,-0.1893,0.6874,-0.2753,0.7831,0.9995
Erich5,Erich5,0.4563,1.4147,2.4898,0.5682,0.5699,0.9995
Erich6,Erich6,17.4037,0.1053,0.4462,0.2359,0.8135,0.9995
Erlec1,Erlec1,2487.8681,-0.0289,0.072,-0.4007,0.6886,0.9995
Erlin1,Erlin1,1774.9944,0.0152,0.1034,0.1472,0.883,0.9995
Erlin2,Erlin2,3314.6184,-0.1083,0.0665,-1.6295,0.1032,0.9995
Ermap,Ermap,6.7478,0.2725,0.5598,0.4868,0.6264,0.9995
Ermard,Ermard,269.5666,-0.0203,0.118,-0.1723,0.8632,0.9995
Ermp1,Ermp1,1314.2384,-0.2296,0.1578,-1.4554,0.1456,0.9995
Ern1,Ern1,837.1496,-0.0293,0.1983,-0.1479,0.8824,0.9995
Ero1l,Ero1l,5390.2826,0.127,0.5106,0.2488,0.8035,0.9995
Ero1lb,Ero1lb,511.5509,-0.2377,0.152,-1.5642,0.1178,0.9995
Erp27,Erp27,8.4596,-0.04,0.5019,-0.0797,0.9365,0.9995
Erp29,Erp29,3228.6607,0.0557,0.0778,0.7163,0.4738,0.9995
Erp44,Erp44,4469.7218,-0.1057,0.0769,-1.3739,0.1695,0.9995
Errfi1,Errfi1,4902.4282,-0.2422,0.2055,-1.1786,0.2386,0.9995
Erv3,Erv3,89.2293,0.0373,0.4355,0.0857,0.9317,0.9995
Esam,Esam,2.5133,0.7855,0.853,0.9209,0.3571,0.9995
Esco1,Esco1,403.1143,0.0059,0.1326,0.0443,0.9646,0.9995
Esco2,Esco2,158.3229,0.0808,0.4946,0.1634,0.8702,0.9995
Esd,Esd,19765.2063,0.164,0.2902,0.565,0.5721,0.9995
Esf1,Esf1,393.0397,-0.0819,0.1269,-0.6454,0.5187,0.9995
Esm1,Esm1,16.9471,-0.7959,0.4991,-1.5946,0.1108,0.9995
Espl1,Espl1,755.0367,-0.2181,0.3841,-0.5679,0.5701,0.9995
Espn,Espn,13.621,0.5171,0.4191,1.234,0.2172,0.9995
Espnl,Espnl,8.0264,-0.105,0.6632,-0.1583,0.8742,0.9995
Esr1,Esr1,458.8469,-0.164,0.4338,-0.378,0.7055,0.9995
Esr2,Esr2,2.1644,1.8061,1.2239,1.4757,0.14,0.9995
Esrp2,Esrp2,3.3111,0.6683,0.7959,0.8397,0.4011,0.9995
Esrra,Esrra,1392.8228,0.0512,0.0742,0.691,0.4896,0.9995
Esrrb,Esrrb,23.0249,-0.2312,0.5223,-0.4428,0.6579,0.9995
Esrrg,Esrrg,1.2615,-0.6778,1.3158,-0.5151,0.6064,0.9995
Esx1,Esx1,1.601,-0.2972,1.2022,-0.2472,0.8047,0.9995
Esyt1,Esyt1,7652.1245,-0.122,0.1401,-0.8706,0.384,0.9995
Esyt2,Esyt2,5334.6598,-0.0195,0.1642,-0.1186,0.9056,0.9995
Esyt3,Esyt3,11.5421,0.5783,0.6428,0.8996,0.3684,0.9995
Etaa1,Etaa1,252.6876,0.0433,0.1522,0.2843,0.7762,0.9995
Etaa1os,Etaa1os,3.0802,-0.2122,0.9139,-0.2322,0.8164,0.9995
Etf1,Etf1,10336.572,-0.0208,0.0928,-0.2243,0.8225,0.9995
Etfa,Etfa,4523.9242,-0.0246,0.0943,-0.2614,0.7938,0.9995
Etfb,Etfb,1830.3972,0.0351,0.1309,0.268,0.7887,0.9995
Etfdh,Etfdh,2988.1075,0.0234,0.0637,0.3671,0.7135,0.9995
Ethe1,Ethe1,678.7607,0.0011,0.1375,0.0079,0.9937,0.9995
Etl4,Etl4,1070.3199,-0.0102,0.169,-0.0603,0.9519,0.9995
Etnk1,Etnk1,2519.9487,-0.1157,0.1302,-0.8884,0.3743,0.9995
Etnk2,Etnk2,0.6852,0.1244,1.9712,0.0631,0.9497,0.9995
Etnppl,Etnppl,1.4877,1.1817,1.2057,0.9801,0.327,0.9995
Etohd2,Etohd2,43.2822,0.2971,0.2717,1.0935,0.2742,0.9995
Etohi1,Etohi1,166.3029,0.0376,0.1334,0.2816,0.7782,0.9995
Ets1,Ets1,1813.2894,-0.0921,0.0922,-0.9996,0.3175,0.9995
Ets2,Ets2,10642.2867,-0.0305,0.0482,-0.6331,0.5266,0.9995
Etv1,Etv1,345.2378,-0.0923,0.1817,-0.5078,0.6116,0.9995
Etv3,Etv3,1304.9196,-0.0904,0.0868,-1.0422,0.2973,0.9995
Etv4,Etv4,630.39,-0.2047,0.1756,-1.1655,0.2438,0.9995
Etv5,Etv5,1021.2192,0.0149,0.2312,0.0645,0.9485,0.9995
Etv6,Etv6,1528.3687,-0.0265,0.082,-0.3236,0.7463,0.9995
Eva1a,Eva1a,37.528,0.029,0.4195,0.0692,0.9449,0.9995
Eva1b,Eva1b,548.3653,-0.063,0.1177,-0.5355,0.5923,0.9995
Eva1c,Eva1c,550.0013,0.1369,0.193,0.7093,0.4781,0.9995
Evc,Evc,1597.2091,-0.1012,0.0901,-1.123,0.2614,0.9995
Evc2,Evc2,1459.1727,-0.011,0.11,-0.1,0.9203,0.9995
Evi2a,Evi2a,1224.9607,0.0287,0.1888,0.1518,0.8793,0.9995
Evi5,Evi5,1578.4271,0.0543,0.1428,0.3801,0.7039,0.9995
Evi5l,Evi5l,384.3707,-0.0688,0.1035,-0.6645,0.5064,0.9995
Evl,Evl,1491.418,0.0769,0.2059,0.3735,0.7088,0.9995
Evpl,Evpl,7.6653,0.813,0.5329,1.5256,0.1271,0.9995
Ewsr1,Ewsr1,8674.5968,0.098,0.0625,1.5687,0.1167,0.9995
Exd1,Exd1,53.2811,-0.3241,0.2477,-1.3086,0.1907,0.9995
Exd2,Exd2,1228.862,-0.0631,0.0849,-0.7433,0.4573,0.9995
Exo1,Exo1,231.9718,-0.276,0.4718,-0.5851,0.5584,0.9995
Exo5,Exo5,584.9085,0.1326,0.095,1.3953,0.1629,0.9995
Exoc1,Exoc1,1971.9096,0.0295,0.0686,0.4294,0.6676,0.9995
Exoc2,Exoc2,2366.1433,-0.1194,0.0815,-1.4638,0.1432,0.9995
Exoc3,Exoc3,2716.3095,0.0118,0.0477,0.2482,0.804,0.9995
Exoc3l,Exoc3l,644.8841,-0.1161,0.1775,-0.6542,0.513,0.9995
Exoc3l4,Exoc3l4,279.7543,-0.0134,0.1207,-0.1106,0.9119,0.9995
Exoc4,Exoc4,2999.4809,-0.1644,0.1343,-1.2236,0.2211,0.9995
Exoc5,Exoc5,1965.3745,0.033,0.1624,0.203,0.8391,0.9995
Exoc6,Exoc6,438.2595,-0.0315,0.1959,-0.161,0.8721,0.9995
Exoc6b,Exoc6b,2076.3805,-0.0859,0.0989,-0.8684,0.3852,0.9995
Exoc7,Exoc7,2658.2598,-0.0222,0.0727,-0.3056,0.7599,0.9995
Exoc8,Exoc8,863.2046,0.0129,0.077,0.1681,0.8665,0.9995
Exog,Exog,447.399,-0.0185,0.1293,-0.1431,0.8862,0.9995
Exosc1,Exosc1,891.0249,0.1683,0.1564,1.076,0.2819,0.9995
Exosc10,Exosc10,2251.3306,0.0061,0.0697,0.087,0.9306,0.9995
Exosc2,Exosc2,1011.7398,0.0591,0.1039,0.5694,0.5691,0.9995
Exosc3,Exosc3,684.0364,0.1131,0.0956,1.183,0.2368,0.9995
Exosc4,Exosc4,1268.7144,0.0755,0.0717,1.0521,0.2927,0.9995
Exosc5,Exosc5,470.9104,0.1129,0.1196,0.944,0.3452,0.9995
Exosc6,Exosc6,316.3181,0.3004,0.1132,2.6535,0.008,0.9995
Exosc7,Exosc7,688.8832,0.138,0.1186,1.1636,0.2446,0.9995
Exosc8,Exosc8,854.256,0.0565,0.1314,0.4303,0.667,0.9995
Exosc9,Exosc9,1194.7297,0.0097,0.086,0.1125,0.9104,0.9995
Ext1,Ext1,13900.5554,-0.2073,0.0986,-2.1028,0.0355,0.9995
Ext2,Ext2,7393.7549,0.0055,0.066,0.0837,0.9333,0.9995
Extl1,Extl1,116.2025,0.2778,0.1828,1.5195,0.1286,0.9995
Extl2,Extl2,1874.9577,-0.026,0.0914,-0.2839,0.7765,0.9995
Extl3,Extl3,7042.5093,-0.067,0.07,-0.9568,0.3387,0.9995
Eya1,Eya1,867.5011,-0.0312,0.1854,-0.1683,0.8664,0.9995
Eya2,Eya2,0.7973,-1.099,1.94,-0.5665,0.5711,0.9995
Eya3,Eya3,2386.1853,0.0004,0.0639,0.0067,0.9946,0.9995
Eya4,Eya4,1113.2489,0.1668,0.1025,1.6279,0.1036,0.9995
Ezh1,Ezh1,3175.0533,0.0553,0.1001,0.5527,0.5804,0.9995
Ezh2,Ezh2,1137.2381,-0.1593,0.2328,-0.6844,0.4937,0.9995
Ezr,Ezr,5838.195,-0.1091,0.1328,-0.8218,0.4112,0.9995
F10,F10,0.7961,1.1189,2.0553,0.5444,0.5862,0.9995
F11r,F11r,1625.9987,0.0543,0.1275,0.4258,0.6702,0.9995
F12,F12,0.5695,1.6125,2.0413,0.7899,0.4296,0.9995
F13a1,F13a1,50.5349,0.1547,0.4964,0.3116,0.7553,0.9995
F2,F2,82.6571,0.164,0.3683,0.4453,0.6561,0.9995
F2r,F2r,7465.1786,-0.0597,0.0985,-0.6057,0.5447,0.9995
F2rl1,F2rl1,20.8106,-0.1312,0.4249,-0.3088,0.7575,0.9995
F2rl2,F2rl2,10.5203,-0.3067,0.6474,-0.4738,0.6357,0.9995
F2rl3,F2rl3,15.5475,0.3322,0.3696,0.8987,0.3688,0.9995
F3,F3,1907.9333,-0.0341,0.2608,-0.1309,0.8959,0.9995
F420014N23Rik,F420014N23Rik,39.7527,0.1488,0.2812,0.529,0.5968,0.9995
F5,F5,27.8132,0.3996,0.6713,0.5953,0.5516,0.9995
F630042J09Rik,F630042J09Rik,22.8611,-0.2768,0.2982,-0.9282,0.3533,0.9995
F7,F7,68.3725,-0.1087,0.2912,-0.3734,0.7089,0.9995
F730043M19Rik,F730043M19Rik,184.2026,-0.0123,0.1822,-0.0675,0.9462,0.9995
F8,F8,24.3558,-0.3509,0.2889,-1.2145,0.2246,0.9995
F830016B08Rik,F830016B08Rik,1.9507,-0.0568,1.0646,-0.0534,0.9574,0.9995
F8a,F8a,128.9853,0.0925,0.1581,0.5853,0.5583,0.9995
F930015N05Rik,F930015N05Rik,19.8972,0.1166,0.3389,0.3441,0.7307,0.9995
Fa2h,Fa2h,1.1383,-0.247,1.6746,-0.1475,0.8828,0.9995
Faah,Faah,10.8716,-0.1876,0.5233,-0.3584,0.7201,0.9995
Faap100,Faap100,729.1819,0.0314,0.0854,0.3682,0.7127,0.9995
Faap20,Faap20,610.5799,0.0765,0.091,0.8407,0.4005,0.9995
Faap24,Faap24,230.7308,0.002,0.1529,0.0131,0.9895,0.9995
Fabp1,Fabp1,1.0302,0.4202,1.5163,0.2771,0.7817,0.9995
Fabp3,Fabp3,314.3634,0.3262,0.2235,1.4592,0.1445,0.9995
Fabp4,Fabp4,61.1529,0.506,0.8004,0.6322,0.5273,0.9995
Fabp5,Fabp5,648.6324,0.1308,0.1994,0.6561,0.5117,0.9995
Fabp7,Fabp7,0.6856,1.1075,1.7458,0.6344,0.5258,0.9995
Fadd,Fadd,420.8014,-0.0235,0.1345,-0.1746,0.8614,0.9995
Fads1,Fads1,5520.4928,-0.0567,0.0933,-0.6075,0.5435,0.9995
Fads2,Fads2,2620.894,-0.2026,0.1498,-1.3521,0.1763,0.9995
Fads3,Fads3,9549.1938,0.0129,0.0667,0.1942,0.846,0.9995
Fads6,Fads6,42.1031,-0.2262,0.3358,-0.6735,0.5006,0.9995
Faf1,Faf1,3110.6424,0.0583,0.0668,0.8715,0.3835,0.9995
Faf2,Faf2,4389.874,-0.0617,0.0605,-1.0187,0.3084,0.9995
Fah,Fah,1664.2755,0.0517,0.0925,0.5596,0.5758,0.9995
Fahd1,Fahd1,203.0943,0.0285,0.1684,0.1692,0.8656,0.9995
Fahd2a,Fahd2a,289.5142,0.0429,0.1163,0.3686,0.7124,0.9995
Faim,Faim,586.125,0.0599,0.142,0.422,0.6731,0.9995
Faim2,Faim2,8.0033,-0.1635,0.4817,-0.3395,0.7342,0.9995
Fam101a,Fam101a,2.4009,-0.575,0.9606,-0.5986,0.5494,0.9995
Fam101b,Fam101b,1948.6806,-0.1414,0.3909,-0.3618,0.7175,0.9995
Fam102a,Fam102a,1298.2099,0.0043,0.0935,0.0459,0.9634,0.9995
Fam102b,Fam102b,2834.6714,-0.0919,0.117,-0.7854,0.4322,0.9995
Fam103a1,Fam103a1,931.2685,0.0684,0.1553,0.4406,0.6595,0.9995
Fam104a,Fam104a,1589.7325,0.122,0.0791,1.5415,0.1232,0.9995
Fam105a,Fam105a,30.1801,0.3859,0.4238,0.9105,0.3626,0.9995
Fam107a,Fam107a,319.3636,0.195,0.2709,0.7199,0.4716,0.9995
Fam107b,Fam107b,1541.8211,-0.0631,0.1819,-0.347,0.7286,0.9995
Fam109a,Fam109a,629.9985,0.0532,0.0843,0.6307,0.5283,0.9995
Fam109b,Fam109b,2.2855,0.1078,0.9886,0.109,0.9132,0.9995
Fam110a,Fam110a,890.5611,0.0525,0.2009,0.2612,0.794,0.9995
Fam110b,Fam110b,175.4289,0.1294,0.1334,0.9703,0.3319,0.9995
Fam110c,Fam110c,506.6788,0.3648,0.8961,0.407,0.684,0.9995
Fam111a,Fam111a,1408.2582,0.0633,0.1159,0.5463,0.5849,0.9995
Fam114a1,Fam114a1,7042.1974,-0.0986,0.0923,-1.0686,0.2852,0.9995
Fam114a2,Fam114a2,2985.5199,-0.084,0.0615,-1.3673,0.1715,0.9995
Fam117a,Fam117a,748.8601,-0.0013,0.1156,-0.0109,0.9913,0.9995
Fam117b,Fam117b,2014.8891,-0.1011,0.1313,-0.7701,0.4412,0.9995
Fam118a,Fam118a,1952.8571,0.0867,0.1013,0.8557,0.3922,0.9995
Fam118b,Fam118b,1281.8114,0.0484,0.1299,0.3728,0.7093,0.9995
Fam120a,Fam120a,11085.1984,-0.103,0.0961,-1.0717,0.2838,0.9995
Fam120aos,Fam120aos,177.6683,0.0279,0.17,0.1641,0.8696,0.9995
Fam120b,Fam120b,2501.3756,-0.1224,0.0806,-1.5188,0.1288,0.9995
Fam120c,Fam120c,931.0834,-0.1763,0.1761,-1.0013,0.3167,0.9995
Fam122a,Fam122a,438.7089,-0.0034,0.1037,-0.033,0.9737,0.9995
Fam122b,Fam122b,225.8233,-0.032,0.2158,-0.1482,0.8822,0.9995
Fam124a,Fam124a,10.8363,0.7898,0.5488,1.4391,0.1501,0.9995
Fam124b,Fam124b,2.5137,0.851,0.9691,0.8782,0.3799,0.9995
Fam126a,Fam126a,1870.3556,-0.0975,0.1257,-0.7752,0.4382,0.9995
Fam126b,Fam126b,271.5878,0.0354,0.1538,0.2303,0.8179,0.9995
Fam129a,Fam129a,208.0867,-0.017,0.138,-0.1233,0.9019,0.9995
Fam129b,Fam129b,18914.217,0.0617,0.0775,0.7957,0.4262,0.9995
Fam129c,Fam129c,99.7129,0.0881,0.1718,0.5126,0.6083,0.9995
Fam131a,Fam131a,45.6427,-0.1187,0.2874,-0.413,0.6796,0.9995
Fam131b,Fam131b,1016.4816,0.183,0.1684,1.0864,0.2773,0.9995
Fam131c,Fam131c,53.9587,-0.155,0.2488,-0.6231,0.5332,0.9995
Fam132a,Fam132a,570.5458,0.096,0.1415,0.6783,0.4976,0.9995
Fam132b,Fam132b,697.7413,-0.074,0.5551,-0.1334,0.8939,0.9995
Fam133b,Fam133b,712.407,-0.0195,0.099,-0.1967,0.8441,0.9995
Fam134a,Fam134a,3712.9052,0.0692,0.1765,0.3921,0.695,0.9995
Fam134b,Fam134b,6016.6327,-0.177,0.1372,-1.2906,0.1968,0.9995
Fam134c,Fam134c,2705.9067,0.0566,0.0601,0.9414,0.3465,0.9995
Fam135a,Fam135a,1172.133,0.0227,0.1794,0.1267,0.8991,0.9995
Fam136a,Fam136a,1178.476,0.1064,0.0755,1.4085,0.159,0.9995
Fam13a,Fam13a,60.9358,-0.2495,0.2222,-1.123,0.2614,0.9995
Fam13b,Fam13b,1337.5068,-0.2584,0.1463,-1.7669,0.0772,0.9995
Fam13c,Fam13c,878.113,-0.173,0.1618,-1.0691,0.285,0.9995
Fam149a,Fam149a,1040.9615,-0.0328,0.0634,-0.5181,0.6044,0.9995
Fam149b,Fam149b,1265.4795,-0.0889,0.0553,-1.6067,0.1081,0.9995
Fam150a,Fam150a,11.4355,-0.044,0.4599,-0.0957,0.9238,0.9995
Fam151b,Fam151b,67.0957,-0.0504,0.1826,-0.276,0.7825,0.9995
Fam159a,Fam159a,0.5681,1.6091,2.0413,0.7883,0.4305,0.9995
Fam160a1,Fam160a1,1774.6942,-0.0628,0.0873,-0.7199,0.4716,0.9995
Fam160a2,Fam160a2,913.8847,-0.0393,0.0753,-0.5215,0.602,0.9995
Fam160b1,Fam160b1,2021.6312,-0.0928,0.0693,-1.3386,0.1807,0.9995
Fam160b2,Fam160b2,781.1531,-0.0642,0.0733,-0.8755,0.3813,0.9995
Fam161a,Fam161a,80.1287,-0.0159,0.1616,-0.0983,0.9217,0.9995
Fam161b,Fam161b,119.5598,0.0512,0.1469,0.3483,0.7276,0.9995
Fam162a,Fam162a,6715.8167,0.0299,0.1092,0.2738,0.7842,0.9995
Fam163b,Fam163b,1.2583,-2.7963,1.4268,-1.9598,0.05,0.9995
Fam166a,Fam166a,0.6828,1.9865,1.9492,1.0192,0.3081,0.9995
Fam166b,Fam166b,0.4592,1.4195,2.4875,0.5706,0.5682,0.9995
Fam167a,Fam167a,994.248,0.007,0.1654,0.0426,0.966,0.9995
Fam167b,Fam167b,7.7573,0.6063,0.5526,1.0973,0.2725,0.9995
Fam168a,Fam168a,4902.6101,-0.1547,0.0822,-1.8811,0.06,0.9995
Fam168b,Fam168b,7173.5587,-0.0335,0.0535,-0.6255,0.5317,0.9995
Fam169a,Fam169a,18.8553,-0.135,0.375,-0.3601,0.7187,0.9995
Fam169b,Fam169b,29.1792,-0.132,0.4579,-0.2883,0.7731,0.9995
Fam171a1,Fam171a1,1785.8012,-0.0806,0.0799,-1.0093,0.3128,0.9995
Fam171a2,Fam171a2,2591.5074,0.109,0.1864,0.5847,0.5587,0.9995
Fam171b,Fam171b,56.4871,-0.3824,0.2964,-1.2901,0.197,0.9995
Fam172a,Fam172a,1656.6929,-0.0957,0.1132,-0.8451,0.398,0.9995
Fam173a,Fam173a,1020.0504,0.0022,0.1002,0.0221,0.9824,0.9995
Fam173b,Fam173b,661.0992,0.0289,0.0876,0.3299,0.7415,0.9995
Fam174a,Fam174a,1277.6275,-0.0087,0.1049,-0.0828,0.934,0.9995
Fam175a,Fam175a,606.4445,0.0864,0.1195,0.7229,0.4697,0.9995
Fam175b,Fam175b,1904.5116,-0.028,0.1083,-0.2582,0.7963,0.9995
Fam178a,Fam178a,2403.3847,0.0017,0.1505,0.0114,0.9909,0.9995
Fam178b,Fam178b,14.6557,0.0111,0.4495,0.0247,0.9803,0.9995
Fam179a,Fam179a,5.7019,0.3312,0.6661,0.4972,0.619,0.9995
Fam179b,Fam179b,1067.3058,0.1101,0.1452,0.7586,0.4481,0.9995
Fam180a,Fam180a,130.8913,-0.4219,0.3072,-1.3735,0.1696,0.9995
Fam181b,Fam181b,53.9236,0.2886,0.6579,0.4386,0.6609,0.9995
Fam184b,Fam184b,2.8562,-1.5833,0.9533,-1.6609,0.0967,0.9995
Fam185a,Fam185a,410.5998,0.0754,0.111,0.6796,0.4968,0.9995
Fam186b,Fam186b,5.0343,0.1626,0.6809,0.2389,0.8112,0.9995
Fam187a,Fam187a,2.5135,-0.3519,0.9119,-0.3859,0.6996,0.9995
Fam187b,Fam187b,0.344,-0.476,2.6711,-0.1782,0.8586,0.9995
Fam188a,Fam188a,1375.1618,0.0651,0.0859,0.7583,0.4483,0.9995
Fam188b,Fam188b,514.1749,-0.1017,0.1144,-0.889,0.374,0.9995
Fam189a1,Fam189a1,22.4357,-0.3531,0.3657,-0.9655,0.3343,0.9995
Fam189a2,Fam189a2,141.7593,0.1693,0.1536,1.1024,0.2703,0.9995
Fam189b,Fam189b,2086.696,-0.1455,0.1052,-1.3827,0.1667,0.9995
Fam192a,Fam192a,3436.642,0.1025,0.1102,0.9298,0.3525,0.9995
Fam193a,Fam193a,1689.3749,-0.0685,0.0615,-1.1139,0.2653,0.9995
Fam193b,Fam193b,1408.5142,-0.0066,0.0924,-0.0712,0.9432,0.9995
Fam195a,Fam195a,175.7514,0.1921,0.1562,1.2295,0.2189,0.9995
Fam195b,Fam195b,3575.984,0.0542,0.0976,0.5552,0.5788,0.9995
Fam196a,Fam196a,4.5751,-0.2442,0.9173,-0.2662,0.7901,0.9995
Fam198a,Fam198a,12.1194,0.9908,0.8349,1.1868,0.2353,0.9995
Fam198b,Fam198b,310.1575,-0.0718,0.4478,-0.1604,0.8725,0.9995
Fam199x,Fam199x,240.2894,-0.0257,0.2323,-0.1107,0.9118,0.9995
Fam19a1,Fam19a1,2.624,-0.575,0.9722,-0.5915,0.5542,0.9995
Fam19a2,Fam19a2,35.0032,-0.2921,0.2839,-1.0291,0.3035,0.9995
Fam19a3,Fam19a3,1.0215,1.6358,2.0379,0.8027,0.4222,0.9995
Fam19a5,Fam19a5,370.9067,-0.0429,0.1371,-0.3126,0.7545,0.9995
Fam204a,Fam204a,880.3809,-0.0569,0.121,-0.4701,0.6383,0.9995
Fam206a,Fam206a,1486.8861,0.0041,0.0967,0.0427,0.9659,0.9995
Fam207a,Fam207a,1677.8584,0.0476,0.0718,0.6627,0.5075,0.9995
Fam208a,Fam208a,557.5962,-0.0291,0.1312,-0.2215,0.8247,0.9995
Fam208b,Fam208b,879.3312,-0.1482,0.1093,-1.3551,0.1754,0.9995
Fam209,Fam209,2.0505,-1.2163,1.2985,-0.9367,0.3489,0.9995
Fam20a,Fam20a,8361.1353,-0.0642,0.2443,-0.263,0.7926,0.9995
Fam20b,Fam20b,4693.2656,-0.0295,0.0623,-0.4738,0.6356,0.9995
Fam20c,Fam20c,4707.0365,0.0076,0.1393,0.0547,0.9564,0.9995
Fam21,Fam21,4563.2597,-0.0934,0.0971,-0.9619,0.3361,0.9995
Fam210a,Fam210a,2825.128,-0.0894,0.1032,-0.8661,0.3864,0.9995
Fam210b,Fam210b,1052.8824,0.018,0.0921,0.1955,0.845,0.9995
Fam212a,Fam212a,44.9208,0.1012,0.2321,0.4358,0.663,0.9995
Fam212b,Fam212b,671.0994,0.1504,0.1295,1.1615,0.2455,0.9995
Fam213a,Fam213a,208.7587,-0.1593,0.2258,-0.7054,0.4806,0.9995
Fam213b,Fam213b,2.5153,0.0925,1.0628,0.087,0.9306,0.9995
Fam214a,Fam214a,723.3122,0.0385,0.1109,0.3471,0.7285,0.9995
Fam214b,Fam214b,3341.8815,0.0175,0.0722,0.2424,0.8085,0.9995
Fam216a,Fam216a,916.727,0.1239,0.0917,1.3508,0.1768,0.9995
Fam219a,Fam219a,369.343,-0.1039,0.107,-0.9707,0.3317,0.9995
Fam219aos,Fam219aos,144.8752,0.0007,0.2031,0.0036,0.9971,0.9995
Fam219b,Fam219b,943.7822,0.1459,0.1169,1.2481,0.212,0.9995
Fam220a,Fam220a,1570.698,0.0747,0.0771,0.969,0.3325,0.9995
Fam221a,Fam221a,99.8715,-0.0741,0.1759,-0.4214,0.6735,0.9995
Fam221b,Fam221b,1.1422,0.5455,1.4311,0.3811,0.7031,0.9995
Fam222a,Fam222a,1.709,0.8357,1.2069,0.6924,0.4887,0.9995
Fam222b,Fam222b,1006.5092,-0.1162,0.0864,-1.3454,0.1785,0.9995
Fam227a,Fam227a,63.158,0.0652,0.2116,0.3082,0.7579,0.9995
Fam227b,Fam227b,1.1412,-1.0729,1.4378,-0.7462,0.4556,0.9995
Fam228b,Fam228b,5.7207,-0.196,0.635,-0.3087,0.7575,0.9995
Fam229a,Fam229a,0.4569,1.4162,2.4895,0.5689,0.5694,0.9995
Fam229b,Fam229b,104.9404,-0.0824,0.17,-0.4849,0.6278,0.9995
Fam24a,Fam24a,0.4547,-0.475,2.5082,-0.1894,0.8498,0.9995
Fam26d,Fam26d,1.2589,-1.2757,1.5484,-0.8238,0.41,0.9995
Fam26e,Fam26e,88.5445,-0.037,0.1695,-0.2181,0.8273,0.9995
Fam26f,Fam26f,3.0904,-0.2092,0.8592,-0.2435,0.8076,0.9995
Fam32a,Fam32a,3768.1975,0.0939,0.1092,0.8606,0.3895,0.9995
Fam35a,Fam35a,273.3835,-0.1391,0.1219,-1.1406,0.254,0.9995
Fam3a,Fam3a,1191.0284,-0.0059,0.0695,-0.0846,0.9326,0.9995
Fam3c,Fam3c,2624.5473,-0.0269,0.1096,-0.2454,0.8061,0.9995
Fam43a,Fam43a,639.2902,-0.2987,0.2003,-1.4915,0.1358,0.9995
Fam43b,Fam43b,1.4903,-0.5426,1.1254,-0.4821,0.6297,0.9995
Fam45a,Fam45a,1213.6664,-0.0767,0.085,-0.9024,0.3669,0.9995
Fam46a,Fam46a,518.5919,0.026,0.1828,0.1425,0.8867,0.9995
Fam46b,Fam46b,160.1599,-0.07,0.2583,-0.271,0.7864,0.9995
Fam46c,Fam46c,38.6297,-0.4744,0.2578,-1.8406,0.0657,0.9995
Fam49a,Fam49a,7.4449,0.1896,0.7034,0.2695,0.7875,0.9995
Fam49b,Fam49b,2524.3546,0.0094,0.148,0.0634,0.9495,0.9995
Fam50a,Fam50a,2179.0414,0.0382,0.1154,0.3311,0.7406,0.9995
Fam53a,Fam53a,1419.6499,0.1319,0.0745,1.7696,0.0768,0.9995
Fam53b,Fam53b,1501.7957,0.0334,0.1287,0.2597,0.7951,0.9995
Fam53c,Fam53c,3666.6296,-0.0122,0.0555,-0.2193,0.8265,0.9995
Fam57a,Fam57a,346.5242,-0.0698,0.099,-0.7051,0.4808,0.9995
Fam57b,Fam57b,4.3406,0.2844,0.6833,0.4162,0.6772,0.9995
Fam58b,Fam58b,553.3669,0.0872,0.118,0.7392,0.4598,0.9995
Fam60a,Fam60a,718.0379,0.242,0.213,1.1361,0.2559,0.9995
Fam63a,Fam63a,2769.196,0.1148,0.2095,0.5479,0.5837,0.9995
Fam63b,Fam63b,1388.3043,-0.1902,0.1808,-1.052,0.2928,0.9995
Fam64a,Fam64a,1169.8615,-0.1289,0.3964,-0.3253,0.745,0.9995
Fam65a,Fam65a,2904.249,0.0273,0.0892,0.3061,0.7595,0.9995
Fam65b,Fam65b,113.4893,-0.2516,0.2601,-0.9672,0.3334,0.9995
Fam65c,Fam65c,52.6459,0.074,0.2961,0.2501,0.8025,0.9995
Fam69a,Fam69a,1119.9156,-0.0406,0.0911,-0.4461,0.6556,0.9995
Fam69b,Fam69b,507.4501,0.0826,0.1112,0.7432,0.4573,0.9995
Fam71b,Fam71b,18.6383,0.1412,0.3272,0.4314,0.6661,0.9995
Fam71e1,Fam71e1,7.9914,0.3877,0.5293,0.7324,0.4639,0.9995
Fam71f1,Fam71f1,34.3122,-0.2399,0.32,-0.7497,0.4534,0.9995
Fam71f2,Fam71f2,17.9373,-0.0882,0.3621,-0.2436,0.8075,0.9995
Fam72a,Fam72a,75.3349,0.0113,0.2004,0.0563,0.9551,0.9995
Fam73a,Fam73a,67.9525,-0.1053,0.2715,-0.3877,0.6982,0.9995
Fam73b,Fam73b,1100.5306,0.1187,0.1226,0.9684,0.3329,0.9995
Fam76a,Fam76a,2379.9323,-0.06,0.0783,-0.7665,0.4434,0.9995
Fam76b,Fam76b,792.3994,0.118,0.1506,0.7833,0.4334,0.9995
Fam78a,Fam78a,36.4488,0.4452,0.8672,0.5134,0.6077,0.9995
Fam78b,Fam78b,74.6121,-0.082,0.1985,-0.4128,0.6797,0.9995
Fam81a,Fam81a,14.8614,-0.3504,0.6126,-0.5721,0.5673,0.9995
Fam83a,Fam83a,13.7304,0.2301,0.688,0.3344,0.7381,0.9995
Fam83b,Fam83b,21.3842,0.0632,0.4233,0.1494,0.8812,0.9995
Fam83c,Fam83c,1.5921,0.6869,1.3952,0.4923,0.6225,0.9995
Fam83d,Fam83d,506.4337,-0.0663,0.3833,-0.1729,0.8627,0.9995
Fam83e,Fam83e,4.0054,-0.1841,0.6897,-0.267,0.7895,0.9995
Fam83f,Fam83f,0.6859,-1.7968,1.9548,-0.9191,0.358,0.9995
Fam83g,Fam83g,0.4535,-0.4733,2.5097,-0.1886,0.8504,0.9995
Fam83h,Fam83h,1086.3392,-0.0525,0.0664,-0.7906,0.4292,0.9995
Fam84a,Fam84a,13.6182,-0.7967,0.5159,-1.5441,0.1226,0.9995
Fam84b,Fam84b,11.1967,-0.3982,0.4893,-0.8138,0.4158,0.9995
Fam89a,Fam89a,11.9984,-0.0381,0.4527,-0.0842,0.9329,0.9995
Fam89b,Fam89b,2183.6945,0.0982,0.0781,1.2584,0.2083,0.9995
Fam8a1,Fam8a1,1093.4058,-0.0843,0.1637,-0.5153,0.6064,0.9995
Fam92a,Fam92a,1493.7297,-0.0882,0.1008,-0.8747,0.3817,0.9995
Fam92b,Fam92b,0.6872,-0.7887,1.9703,-0.4003,0.6889,0.9995
Fam96a,Fam96a,2089.3664,0.0709,0.0693,1.0234,0.3061,0.9995
Fam96b,Fam96b,1290.8816,0.0517,0.089,0.5812,0.5611,0.9995
Fam98a,Fam98a,3217.2371,-0.004,0.1185,-0.0341,0.9728,0.9995
Fam98b,Fam98b,1980.1845,0.0476,0.0736,0.6475,0.5173,0.9995
Fam98c,Fam98c,102.5176,-0.0235,0.2014,-0.1166,0.9072,0.9995
Fan1,Fan1,237.7109,-0.0081,0.1399,-0.0577,0.954,0.9995
Fanca,Fanca,152.7437,-0.3012,0.3694,-0.8154,0.4148,0.9995
Fancb,Fancb,130.4842,-0.2384,0.4172,-0.5715,0.5676,0.9995
Fancc,Fancc,517.9699,0.0723,0.1065,0.6784,0.4975,0.9995
Fancd2,Fancd2,241.3097,-0.1926,0.4052,-0.4754,0.6345,0.9995
Fancd2os,Fancd2os,13.1564,-0.067,0.4366,-0.1534,0.8781,0.9995
Fance,Fance,814.7628,0.0907,0.1186,0.7652,0.4441,0.9995
Fancf,Fancf,184.7458,-0.1558,0.1268,-1.2289,0.2191,0.9995
Fancg,Fancg,294.1267,0.0222,0.1183,0.188,0.8508,0.9995
Fanci,Fanci,220.5023,-0.2404,0.3513,-0.6844,0.4937,0.9995
Fancl,Fancl,277.8584,-0.0637,0.099,-0.6435,0.5199,0.9995
Fancm,Fancm,325.4818,-0.0064,0.1675,-0.0383,0.9694,0.9995
Fank1,Fank1,10.988,-0.4006,0.4628,-0.8656,0.3867,0.9995
Fap,Fap,18.4365,-0.0816,0.512,-0.1593,0.8734,0.9995
Far1,Far1,2070.6835,0.0228,0.179,0.1275,0.8986,0.9995
Far1os,Far1os,3.883,-0.2114,0.991,-0.2134,0.831,0.9995
Far2,Far2,25.2673,0.0375,0.3942,0.095,0.9243,0.9995
Farp1,Farp1,5148.9708,-0.016,0.0996,-0.1606,0.8724,0.9995
Farp2,Farp2,294.642,0.0567,0.1055,0.5374,0.591,0.9995
Fars2,Fars2,609.4311,0.0744,0.0899,0.8279,0.4077,0.9995
Farsa,Farsa,4206.3215,0.0847,0.0876,0.9667,0.3337,0.9995
Farsb,Farsb,3171.9056,0.0247,0.0704,0.3515,0.7252,0.9995
Fas,Fas,974.3953,0.0385,0.1012,0.3804,0.7036,0.9995
Fasl,Fasl,0.802,-1.1021,1.6697,-0.6601,0.5092,0.9995
Fasn,Fasn,10733.9375,-0.1149,0.0871,-1.3187,0.1873,0.9995
Fastk,Fastk,2454.5992,0.0468,0.0714,0.6557,0.512,0.9995
Fastkd1,Fastkd1,692.3333,0.1816,0.1053,1.7252,0.0845,0.9995
Fastkd2,Fastkd2,1014.751,0.0574,0.076,0.7554,0.45,0.9995
Fastkd3,Fastkd3,443.0685,0.0967,0.1268,0.7627,0.4457,0.9995
Fastkd5,Fastkd5,614.172,-0.0446,0.1498,-0.2979,0.7657,0.9995
Fat1,Fat1,12847.9911,-0.2426,0.1569,-1.5463,0.122,0.9995
Fat2,Fat2,5.4956,-0.2564,0.6739,-0.3804,0.7036,0.9995
Fat3,Fat3,0.5731,1.7838,2.4002,0.7432,0.4574,0.9995
Fat4,Fat4,544.7438,-0.4832,0.1575,-3.0679,0.0022,0.9995
Fau,Fau,13427.1923,0.1412,0.1723,0.8194,0.4125,0.9995
Faxc,Faxc,1473.964,-0.0668,0.1298,-0.5143,0.607,0.9995
Fbf1,Fbf1,2084.0016,-0.05,0.0576,-0.8683,0.3852,0.9995
Fbl,Fbl,2155.2812,0.1261,0.1172,1.076,0.2819,0.9995
Fblim1,Fblim1,2208.7629,-0.0044,0.0837,-0.052,0.9585,0.9995
Fbln1,Fbln1,13166.492,0.1276,0.346,0.369,0.7122,0.9995
Fbln2,Fbln2,22421.3348,0.0622,0.1384,0.4494,0.6531,0.9995
Fbln5,Fbln5,8217.8585,-0.09,0.089,-1.011,0.312,0.9995
Fbln7,Fbln7,1100.3557,-0.1872,0.2688,-0.6962,0.4863,0.9995
Fbn1,Fbn1,29237.916,-0.1758,0.2305,-0.7624,0.4458,0.9995
Fbp2,Fbp2,2.1697,0.8461,1.3277,0.6373,0.5239,0.9995
Fbrs,Fbrs,1314.7881,-0.045,0.0933,-0.4816,0.6301,0.9995
Fbrsl1,Fbrsl1,937.5231,-0.0013,0.0987,-0.0132,0.9895,0.9995
Fbxl12,Fbxl12,329.2598,0.1878,0.1718,1.0931,0.2743,0.9995
Fbxl12os,Fbxl12os,57.6794,-0.0512,0.2228,-0.2296,0.8184,0.9995
Fbxl13,Fbxl13,24.8239,-0.1517,0.3833,-0.3957,0.6923,0.9995
Fbxl14,Fbxl14,1265.1516,-0.0303,0.0806,-0.3755,0.7073,0.9995
Fbxl15,Fbxl15,206.1928,0.0281,0.1169,0.2404,0.81,0.9995
Fbxl16,Fbxl16,816.6518,-0.0745,0.0822,-0.9062,0.3648,0.9995
Fbxl17,Fbxl17,1825.9166,-0.0087,0.0567,-0.1533,0.8781,0.9995
Fbxl18,Fbxl18,230.9534,0.036,0.1177,0.3056,0.7599,0.9995
Fbxl19,Fbxl19,618.6723,0.0516,0.0875,0.5893,0.5556,0.9995
Fbxl2,Fbxl2,879.476,0.0288,0.1128,0.2549,0.7988,0.9995
Fbxl20,Fbxl20,3135.9087,-0.0093,0.2033,-0.0456,0.9636,0.9995
Fbxl21,Fbxl21,21.0697,-0.5408,0.4733,-1.1427,0.2531,0.9995
Fbxl22,Fbxl22,182.1411,0.0767,0.2041,0.3759,0.707,0.9995
Fbxl3,Fbxl3,2565.7257,0.0035,0.1171,0.0299,0.9761,0.9995
Fbxl4,Fbxl4,839.782,0.0161,0.0897,0.1793,0.8577,0.9995
Fbxl5,Fbxl5,2621.0114,0.0335,0.1125,0.2976,0.766,0.9995
Fbxl6,Fbxl6,1387.968,0.016,0.0717,0.2236,0.8231,0.9995
Fbxl7,Fbxl7,289.8278,-0.045,0.1578,-0.285,0.7756,0.9995
Fbxl8,Fbxl8,286.3586,-0.0312,0.1053,-0.2958,0.7674,0.9995
Fbxo10,Fbxo10,1393.1956,-0.0633,0.0776,-0.8158,0.4146,0.9995
Fbxo11,Fbxo11,2998.7336,-0.0471,0.1407,-0.3348,0.7377,0.9995
Fbxo15,Fbxo15,4.347,0.0638,0.7046,0.0906,0.9278,0.9995
Fbxo16,Fbxo16,85.6548,-0.0924,0.2137,-0.4324,0.6655,0.9995
Fbxo17,Fbxo17,576.3744,0.0523,0.1676,0.3123,0.7548,0.9995
Fbxo18,Fbxo18,3333.9995,-0.0649,0.0624,-1.0402,0.2982,0.9995
Fbxo2,Fbxo2,43.4431,-0.0839,0.2849,-0.2946,0.7683,0.9995
Fbxo21,Fbxo21,1758.1102,-0.0322,0.0831,-0.3874,0.6984,0.9995
Fbxo22,Fbxo22,1516.1545,0.1598,0.1056,1.5137,0.1301,0.9995
Fbxo24,Fbxo24,52.0967,0.4166,0.2226,1.8713,0.0613,0.9995
Fbxo25,Fbxo25,1296.5541,0.0654,0.0715,0.9145,0.3604,0.9995
Fbxo28,Fbxo28,2413.7267,-0.0373,0.0575,-0.65,0.5157,0.9995
Fbxo3,Fbxo3,2692.8615,-0.0272,0.0706,-0.386,0.6995,0.9995
Fbxo30,Fbxo30,1551.7355,0.0459,0.1759,0.2608,0.7943,0.9995
Fbxo31,Fbxo31,976.7125,0.0989,0.0983,1.0059,0.3144,0.9995
Fbxo32,Fbxo32,4071.4363,-0.0745,0.1148,-0.6488,0.5165,0.9995
Fbxo33,Fbxo33,621.5712,-0.1119,0.1287,-0.8697,0.3844,0.9995
Fbxo34,Fbxo34,933.9312,0.0017,0.0795,0.0211,0.9832,0.9995
Fbxo36,Fbxo36,376.0205,-0.1317,0.1158,-1.1372,0.2555,0.9995
Fbxo38,Fbxo38,3282.1377,-0.0181,0.0525,-0.3448,0.7302,0.9995
Fbxo4,Fbxo4,924.9442,0.0713,0.1296,0.5502,0.5822,0.9995
Fbxo40,Fbxo40,47.3255,0.5846,0.4131,1.4152,0.157,0.9995
Fbxo41,Fbxo41,1.0249,0.2506,1.493,0.1678,0.8667,0.9995
Fbxo42,Fbxo42,2144.1763,0.0043,0.1016,0.0426,0.966,0.9995
Fbxo43,Fbxo43,2.4021,-0.0496,1.1623,-0.0427,0.9659,0.9995
Fbxo44,Fbxo44,132.2322,0.2137,0.158,1.3522,0.1763,0.9995
Fbxo45,Fbxo45,1146.6627,-0.1019,0.0946,-1.0773,0.2813,0.9995
Fbxo46,Fbxo46,369.0386,-0.0676,0.094,-0.7191,0.4721,0.9995
Fbxo47,Fbxo47,11.2065,-0.6637,0.6338,-1.0471,0.2951,0.9995
Fbxo48,Fbxo48,18.41,0.1152,0.5306,0.2171,0.8281,0.9995
Fbxo5,Fbxo5,410.7432,-0.2279,0.4124,-0.5527,0.5805,0.9995
Fbxo6,Fbxo6,1857.3438,0.0695,0.1344,0.5173,0.6049,0.9995
Fbxo7,Fbxo7,493.9765,0.0648,0.1299,0.4986,0.618,0.9995
Fbxo8,Fbxo8,1071.802,-0.0652,0.0871,-0.7485,0.4542,0.9995
Fbxo9,Fbxo9,1298.8952,0.0288,0.1067,0.2704,0.7869,0.9995
Fbxw10,Fbxw10,19.6346,0.2335,0.341,0.6848,0.4935,0.9995
Fbxw11,Fbxw11,5000.566,-0.0381,0.0588,-0.6484,0.5167,0.9995
Fbxw17,Fbxw17,663.5043,-0.0369,0.103,-0.3584,0.7201,0.9995
Fbxw2,Fbxw2,3122.1705,0.0714,0.0778,0.9174,0.359,0.9995
Fbxw4,Fbxw4,997.9565,-0.0185,0.0947,-0.1957,0.8449,0.9995
Fbxw5,Fbxw5,1822.5712,0.0326,0.0703,0.4633,0.6432,0.9995
Fbxw7,Fbxw7,810.8707,0.0427,0.1631,0.2619,0.7934,0.9995
Fbxw8,Fbxw8,5998.4079,-0.0059,0.0822,-0.0719,0.9427,0.9995
Fbxw9,Fbxw9,1613.5322,0.135,0.135,1,0.3173,0.9995
Fcamr,Fcamr,0.4547,1.0297,2.5453,0.4045,0.6858,0.9995
Fcer1g,Fcer1g,4.1186,0.2643,0.7459,0.3544,0.7231,0.9995
Fcer2a,Fcer2a,1.0238,2.6706,2.2311,1.197,0.2313,0.9995
Fcf1,Fcf1,1832.383,0.0846,0.0709,1.194,0.2325,0.9995
Fcgr1,Fcgr1,3.0947,-0.131,1.114,-0.1176,0.9064,0.9995
Fcgr2b,Fcgr2b,2.7371,1.5485,0.9416,1.6445,0.1001,0.9995
Fcgr3,Fcgr3,6.2898,-0.226,0.6563,-0.3443,0.7306,0.9995
Fcgr4,Fcgr4,103.4472,0.1476,0.2142,0.6891,0.4908,0.9995
Fcgrt,Fcgrt,7661.7972,-0.0177,0.1239,-0.143,0.8863,0.9995
Fcho1,Fcho1,1.4859,0.1983,1.1185,0.1773,0.8593,0.9995
Fcho2,Fcho2,1042.6123,-0.0368,0.125,-0.2947,0.7683,0.9995
Fchsd1,Fchsd1,378.0948,-0.0833,0.1445,-0.5761,0.5645,0.9995
Fchsd2,Fchsd2,1098.1979,-0.1595,0.1415,-1.1269,0.2598,0.9995
Fcna,Fcna,40.2302,-0.1498,0.3176,-0.4718,0.6371,0.9995
Fcrlb,Fcrlb,6.2759,0.4222,0.6546,0.645,0.5189,0.9995
Fdft1,Fdft1,5287.8765,-0.0885,0.0992,-0.8922,0.3723,0.9995
Fdps,Fdps,6559.4844,-0.1136,0.1275,-0.8911,0.3729,0.9995
Fdx1,Fdx1,426.8079,0.2041,0.1477,1.3821,0.1669,0.9995
Fdx1l,Fdx1l,9.4635,-0.0744,0.5866,-0.1268,0.8991,0.9995
Fdxacb1,Fdxacb1,321.0982,-0.0117,0.1015,-0.115,0.9085,0.9995
Fdxr,Fdxr,967.1074,-0.0091,0.1096,-0.0827,0.9341,0.9995
Fech,Fech,5032.299,0.0183,0.0599,0.3046,0.7607,0.9995
Fem1a,Fem1a,2958.0209,0.069,0.1234,0.5594,0.5759,0.9995
Fem1b,Fem1b,2831.194,0.0438,0.0672,0.6513,0.5149,0.9995
Fem1c,Fem1c,962.1982,-0.2192,0.1346,-1.6291,0.1033,0.9995
Fen1,Fen1,987.7096,-0.0321,0.1919,-0.1673,0.8671,0.9995
Fer,Fer,1808.7547,-0.2038,0.1276,-1.5977,0.1101,0.9995
Fer1l5,Fer1l5,389.5504,-0.033,0.1314,-0.2513,0.8016,0.9995
Fermt2,Fermt2,7964.9794,-0.1379,0.1169,-1.1794,0.2382,0.9995
Fermt3,Fermt3,12.4697,-0.4486,0.5168,-0.868,0.3854,0.9995
Fes,Fes,26.4042,-0.3243,0.2988,-1.0852,0.2778,0.9995
Fetub,Fetub,473.9144,0.0783,0.3389,0.2311,0.8173,0.9995
Fez1,Fez1,170.5374,0.0513,0.2032,0.2526,0.8006,0.9995
Fez2,Fez2,1568.4625,0.0762,0.0893,0.8532,0.3935,0.9995
Ffar4,Ffar4,2.9714,0.6771,0.8227,0.8231,0.4105,0.9995
Fga,Fga,2.6295,0.6154,0.8584,0.7169,0.4734,0.9995
Fgb,Fgb,2.063,-1.2321,1.0064,-1.2242,0.2209,0.9995
Fgd1,Fgd1,669.8171,-0.0282,0.1174,-0.2405,0.8099,0.9995
Fgd2,Fgd2,41.2953,-0.2306,0.2402,-0.9603,0.3369,0.9995
Fgd3,Fgd3,1236.4595,0.0976,0.1699,0.5743,0.5658,0.9995
Fgd4,Fgd4,43.9396,-0.276,0.311,-0.8873,0.3749,0.9995
Fgd6,Fgd6,279.3666,-0.0574,0.1009,-0.5685,0.5697,0.9995
Fgf1,Fgf1,8.5547,-0.1251,0.7201,-0.1737,0.8621,0.9995
Fgf10,Fgf10,219.721,-0.3816,0.2217,-1.7212,0.0852,0.9995
Fgf11,Fgf11,1251.3689,-0.0592,0.2713,-0.2184,0.8271,0.9995
Fgf13,Fgf13,65.6046,0.0366,0.5041,0.0726,0.9421,0.9995
Fgf14,Fgf14,0.8022,-2.0628,1.8127,-1.138,0.2551,0.9995
Fgf15,Fgf15,1.5968,0.7406,1.1068,0.6691,0.5034,0.9995
Fgf16,Fgf16,0.3415,-0.4733,2.6754,-0.1769,0.8596,0.9995
Fgf17,Fgf17,1.2593,-0.966,1.39,-0.6949,0.4871,0.9995
Fgf2,Fgf2,35.9236,-0.1433,0.3165,-0.453,0.6506,0.9995
Fgf21,Fgf21,978.1645,-0.2071,0.2313,-0.8952,0.3707,0.9995
Fgf22,Fgf22,2.8543,0.0114,0.932,0.0123,0.9902,0.9995
Fgf23,Fgf23,1.5957,0.4115,1.4145,0.2909,0.7711,0.9995
Fgf5,Fgf5,111.0488,-0.2588,0.2168,-1.1936,0.2326,0.9995
Fgf7,Fgf7,2714.9087,0.0454,0.3349,0.1357,0.8921,0.9995
Fgf9,Fgf9,6.5212,0.9228,1.2085,0.7636,0.4451,0.9995
Fgfbp1,Fgfbp1,207.503,-0.0255,0.5266,-0.0484,0.9614,0.9995
Fgfbp3,Fgfbp3,40.4192,0.2377,0.2612,0.9101,0.3628,0.9995
Fgfr1,Fgfr1,12201.0988,0.0171,0.2097,0.0815,0.935,0.9995
Fgfr1op,Fgfr1op,1293.7645,0.0244,0.0785,0.3108,0.756,0.9995
Fgfr1op2,Fgfr1op2,2753.4635,-0.0223,0.1112,-0.2002,0.8413,0.9995
Fgfr2,Fgfr2,139.1844,-0.1861,0.1838,-1.0123,0.3114,0.9995
Fgfr3,Fgfr3,107.4803,0.2801,0.2962,0.9458,0.3442,0.9995
Fgfr4,Fgfr4,1843.0975,0.115,0.2767,0.4155,0.6778,0.9995
Fgfrl1,Fgfrl1,1606.9995,0.1986,0.1103,1.801,0.0717,0.9995
Fgg,Fgg,0.4568,0.211,2.572,0.082,0.9346,0.9995
Fggy,Fggy,644.6091,-0.0556,0.131,-0.4246,0.6711,0.9995
Fgl1,Fgl1,1.484,-0.7417,1.48,-0.5011,0.6163,0.9995
Fgl2,Fgl2,33.3687,-0.0164,0.3271,-0.0503,0.9599,0.9995
Fh1,Fh1,3173.603,0.0849,0.0955,0.8888,0.3741,0.9995
Fhad1,Fhad1,2.0638,2.3965,1.296,1.8492,0.0644,0.9995
Fhdc1,Fhdc1,141.3521,-0.2831,0.2898,-0.9769,0.3286,0.9995
Fhl1,Fhl1,11868.9452,-0.1444,0.2343,-0.6162,0.5378,0.9995
Fhl2,Fhl2,2314.7414,-0.0262,0.1698,-0.1544,0.8773,0.9995
Fhl3,Fhl3,1431.2005,0.1304,0.1355,0.9618,0.3361,0.9995
Fhl4,Fhl4,38.0341,0.1756,0.3379,0.5198,0.6032,0.9995
Fhod1,Fhod1,1340.8213,-0.0252,0.1345,-0.1871,0.8515,0.9995
Fhod3,Fhod3,1318.8982,0.0594,0.1641,0.362,0.7173,0.9995
Fibcd1,Fibcd1,18.2672,0.1264,0.348,0.3633,0.7164,0.9995
Fibin,Fibin,714.9094,0.1448,0.1035,1.3998,0.1616,0.9995
Fibp,Fibp,1798.1303,0.0491,0.1118,0.4391,0.6606,0.9995
Ficd,Ficd,861.9844,0.0102,0.1688,0.0602,0.952,0.9995
Fig4,Fig4,1984.2965,0.033,0.0893,0.3698,0.7115,0.9995
Figf,Figf,1073.2529,0.1042,0.2889,0.3605,0.7184,0.9995
Fign,Fign,5.9501,0.237,0.5854,0.4049,0.6855,0.9995
Fignl1,Fignl1,654.233,-0.3095,0.3724,-0.8311,0.4059,0.9995
Fignl2,Fignl2,14.8351,0.0521,0.5718,0.0911,0.9274,0.9995
Filip1,Filip1,847.9179,0.0717,0.2936,0.2444,0.8069,0.9995
Filip1l,Filip1l,3286.5797,-0.1102,0.1566,-0.7033,0.4819,0.9995
Fip1l1,Fip1l1,2019.8344,-0.0829,0.0934,-0.8882,0.3744,0.9995
Firre,Firre,959.2674,-0.064,0.1243,-0.5147,0.6068,0.9995
Fis1,Fis1,4012.7719,0.1285,0.0782,1.6429,0.1004,0.9995
Fitm1,Fitm1,14.6482,0.1305,0.4812,0.2713,0.7862,0.9995
Fitm2,Fitm2,891.0483,0.0781,0.0735,1.0634,0.2876,0.9995
Fiz1,Fiz1,883.979,-0.0021,0.0808,-0.026,0.9792,0.9995
Fjx1,Fjx1,18.5243,-0.0293,0.5517,-0.0531,0.9577,0.9995
Fkbp10,Fkbp10,9082.5851,0.0417,0.0928,0.449,0.6534,0.9995
Fkbp11,Fkbp11,956.7756,0.0529,0.0872,0.6066,0.5441,0.9995
Fkbp14,Fkbp14,2922.6217,-0.074,0.0968,-0.765,0.4443,0.9995
Fkbp15,Fkbp15,1878.4773,-0.032,0.0523,-0.6114,0.5409,0.9995
Fkbp1a,Fkbp1a,14110.7069,0.0627,0.0635,0.9882,0.323,0.9995
Fkbp1b,Fkbp1b,163.733,0.0535,0.1229,0.4353,0.6633,0.9995
Fkbp2,Fkbp2,1115.8454,-0.0622,0.1028,-0.6047,0.5454,0.9995
Fkbp3,Fkbp3,1984.5584,0.0742,0.1086,0.6838,0.4941,0.9995
Fkbp4,Fkbp4,6565.7644,0.0617,0.08,0.771,0.4407,0.9995
Fkbp5,Fkbp5,1274.76,-0.0187,0.1721,-0.1089,0.9133,0.9995
Fkbp7,Fkbp7,2220.7591,0.0621,0.1126,0.5513,0.5814,0.9995
Fkbp8,Fkbp8,5884.3324,0.0047,0.0648,0.0721,0.9425,0.9995
Fkbp9,Fkbp9,17514.0353,-0.0023,0.0711,-0.0325,0.9741,0.9995
Fkbpl,Fkbpl,372.3115,0.0429,0.1035,0.4151,0.6781,0.9995
Fkrp,Fkrp,973.874,-0.0482,0.088,-0.5484,0.5834,0.9995
Fktn,Fktn,507.4378,-0.1149,0.1355,-0.8479,0.3965,0.9995
Flad1,Flad1,761.5391,0.0336,0.0894,0.3761,0.7069,0.9995
Flcn,Flcn,2495.5027,0.0188,0.0983,0.1916,0.8481,0.9995
Flii,Flii,7347.0752,0.0218,0.0665,0.3274,0.7434,0.9995
Flna,Flna,61755.5781,-0.0266,0.0835,-0.3188,0.7499,0.9995
Flnb,Flnb,18486.8224,-0.15,0.0977,-1.5353,0.1247,0.9995
Flnc,Flnc,20483.3732,-0.082,0.1684,-0.4869,0.6263,0.9995
Flot1,Flot1,3430.5932,-0.0586,0.122,-0.4803,0.631,0.9995
Flot2,Flot2,4569.4715,0.0625,0.0837,0.7465,0.4554,0.9995
Flrt1,Flrt1,16.6971,0.2812,0.5263,0.5343,0.5932,0.9995
Flrt2,Flrt2,1567.2846,-0.0425,0.2613,-0.1627,0.8707,0.9995
Flrt3,Flrt3,0.9157,-1.3706,1.8056,-0.7591,0.4478,0.9995
Flt1,Flt1,72.7826,-0.4686,0.3456,-1.3558,0.1752,0.9995
Flt3,Flt3,4.9251,-1.2355,0.7112,-1.7372,0.0823,0.9995
Flt3l,Flt3l,110.21,-0.1708,0.1646,-1.0377,0.2994,0.9995
Flywch1,Flywch1,1753.228,-0.0113,0.1144,-0.0985,0.9215,0.9995
Flywch2,Flywch2,16.0012,-0.2224,0.4167,-0.5337,0.5936,0.9995
Fmn1,Fmn1,891.3068,-0.0255,0.13,-0.1964,0.8443,0.9995
Fmn2,Fmn2,14.6401,-0.0027,0.4229,-0.0064,0.9949,0.9995
Fmnl1,Fmnl1,446.4085,-0.0915,0.2918,-0.3134,0.754,0.9995
Fmnl2,Fmnl2,1040.4767,-0.1142,0.1102,-1.0362,0.3001,0.9995
Fmnl3,Fmnl3,6331.9578,-0.0498,0.0902,-0.552,0.581,0.9995
Fmo1,Fmo1,9220.9938,-0.0179,0.1687,-0.106,0.9156,0.9995
Fmo2,Fmo2,237.052,-0.2522,0.2282,-1.1055,0.2689,0.9995
Fmo3,Fmo3,2.8652,-0.2607,1.0434,-0.2499,0.8027,0.9995
Fmo4,Fmo4,27.6499,0.0974,0.2676,0.3641,0.7158,0.9995
Fmo5,Fmo5,118.9565,-0.2106,0.181,-1.1638,0.2445,0.9995
Fmod,Fmod,1085.3139,-0.2413,0.9236,-0.2612,0.7939,0.9995
Fmr1,Fmr1,3989.0536,0.2111,0.3042,0.6938,0.4878,0.9995
Fmr1os,Fmr1os,1.1438,-1.0702,1.3844,-0.7731,0.4395,0.9995
Fn1,Fn1,476622.9413,-0.1762,0.0919,-1.9172,0.0552,0.9995
Fn3k,Fn3k,362.7291,0.2928,0.1953,1.4995,0.1337,0.9995
Fn3krp,Fn3krp,815.1485,0.1326,0.0778,1.7043,0.0883,0.9995
Fnbp1,Fnbp1,1832.0764,-0.1248,0.0859,-1.4529,0.1463,0.9995
Fnbp1l,Fnbp1l,1394.3781,-0.0938,0.202,-0.4644,0.6424,0.9995
Fnbp4,Fnbp4,1781.8497,-0.1134,0.1143,-0.9919,0.3212,0.9995
Fndc1,Fndc1,18678.0225,-0.1393,0.2351,-0.5926,0.5535,0.9995
Fndc3a,Fndc3a,3382.4776,-0.1012,0.177,-0.5721,0.5672,0.9995
Fndc3b,Fndc3b,10511.0806,-0.1997,0.1188,-1.6807,0.0928,0.9995
Fndc4,Fndc4,488.9511,0.1304,0.1283,1.0166,0.3093,0.9995
Fndc5,Fndc5,781.1664,0.1327,0.3557,0.3729,0.7092,0.9995
Fndc7,Fndc7,17.7317,0.1376,0.4117,0.3343,0.7382,0.9995
Fndc8,Fndc8,3.5321,0.5816,0.8123,0.7159,0.474,0.9995
Fndc9,Fndc9,9.9548,-0.6994,0.6639,-1.0534,0.2922,0.9995
Fnip1,Fnip1,1827.9035,0.0355,0.1361,0.2607,0.7943,0.9995
Fnip2,Fnip2,1554.7214,0.0139,0.3254,0.0428,0.9659,0.9995
Fnta,Fnta,3745.9057,0.0643,0.0723,0.89,0.3734,0.9995
Fntb,Fntb,1272.7916,-0.0959,0.1081,-0.8872,0.375,0.9995
Focad,Focad,1964.3291,-0.0237,0.054,-0.4393,0.6604,0.9995
Folh1,Folh1,1.3751,1.1119,1.2041,0.9234,0.3558,0.9995
Folr1,Folr1,4.6923,-0.1388,0.6405,-0.2167,0.8284,0.9995
Folr2,Folr2,10.3925,0.374,0.5286,0.7075,0.4793,0.9995
Fopnl,Fopnl,1703.4904,0.0045,0.0818,0.0555,0.9557,0.9995
Fos,Fos,303.4396,-0.6685,0.2955,-2.2619,0.0237,0.9995
Fosb,Fosb,73.2854,-0.2366,0.2149,-1.1006,0.2711,0.9995
Fosl1,Fosl1,361.4818,0.1976,0.3917,0.5044,0.614,0.9995
Fosl2,Fosl2,13100.2616,-0.0754,0.1616,-0.4663,0.641,0.9995
Foxa1,Foxa1,0.5738,-0.365,1.8102,-0.2016,0.8402,0.9995
Foxa3,Foxa3,6.7436,0.5514,0.5361,1.0287,0.3036,0.9995
Foxc1,Foxc1,1343.5773,-0.1376,0.1793,-0.7674,0.4428,0.9995
Foxc2,Foxc2,369.3457,0.0171,0.147,0.1165,0.9072,0.9995
Foxd1,Foxd1,2.1738,0.8338,1.5004,0.5557,0.5784,0.9995
Foxd2,Foxd2,70.6969,-0.1722,0.2504,-0.6877,0.4916,0.9995
Foxd2os,Foxd2os,116.1731,0.113,0.2267,0.4983,0.6183,0.9995
Foxf1,Foxf1,8.3467,-0.1724,0.6274,-0.2747,0.7835,0.9995
Foxf2,Foxf2,780.3148,0.0647,0.1436,0.4509,0.6521,0.9995
Foxg1,Foxg1,1.6055,-0.3233,1.3963,-0.2316,0.8169,0.9995
Foxh1,Foxh1,1.1434,-0.478,1.5085,-0.3169,0.7513,0.9995
Foxj1,Foxj1,3.197,-1.0618,0.8795,-1.2073,0.2273,0.9995
Foxj2,Foxj2,1609.1861,-0.0179,0.098,-0.1831,0.8548,0.9995
Foxj3,Foxj3,2395.2973,-0.0705,0.0929,-0.7589,0.4479,0.9995
Foxk1,Foxk1,2250.7793,-0.0541,0.0916,-0.5904,0.5549,0.9995
Foxk2,Foxk2,4863.1136,-0.0441,0.0534,-0.8243,0.4097,0.9995
Foxl1,Foxl1,238.1377,0.1622,0.2154,0.7528,0.4516,0.9995
Foxm1,Foxm1,1226.7871,-0.1722,0.4016,-0.4288,0.6681,0.9995
Foxn1,Foxn1,12.9327,0.0651,0.4633,0.1405,0.8882,0.9995
Foxn2,Foxn2,975.5438,-0.0508,0.1726,-0.2944,0.7684,0.9995
Foxn3,Foxn3,370.7075,-0.1526,0.154,-0.9907,0.3218,0.9995
Foxo1,Foxo1,1622.8036,-0.1084,0.1963,-0.552,0.5809,0.9995
Foxo3,Foxo3,1049.1624,-0.1637,0.0774,-2.1141,0.0345,0.9995
Foxo4,Foxo4,1842.6845,-0.0045,0.0585,-0.0762,0.9392,0.9995
Foxo6,Foxo6,412.6944,-0.0979,0.2728,-0.3589,0.7197,0.9995
Foxp1,Foxp1,2224.5362,-0.0468,0.1066,-0.4387,0.6609,0.9995
Foxp3,Foxp3,2.9688,0.6242,0.9386,0.665,0.506,0.9995
Foxp4,Foxp4,1571.0083,-0.0124,0.0579,-0.2142,0.8304,0.9995
Foxq1,Foxq1,466.707,0.1272,0.2533,0.5022,0.6155,0.9995
Foxred1,Foxred1,868.9383,0.1833,0.1173,1.5627,0.1181,0.9995
Foxred2,Foxred2,1389.0857,0.03,0.2637,0.1139,0.9093,0.9995
Foxs1,Foxs1,638.8336,-0.0453,0.1522,-0.2973,0.7662,0.9995
Fpgs,Fpgs,878.1594,0.0451,0.1096,0.411,0.681,0.9995
Fpgt,Fpgt,735.689,-0.0095,0.157,-0.0603,0.9519,0.9995
Fpr1,Fpr1,0.3435,2.1373,2.5691,0.8319,0.4054,0.9995
Fra10ac1,Fra10ac1,471.7809,0.0321,0.1102,0.2914,0.7707,0.9995
Fras1,Fras1,44.481,0.1607,0.6573,0.2445,0.8069,0.9995
Frat1,Frat1,26.6176,0.2654,0.3558,0.746,0.4557,0.9995
Frat2,Frat2,95.4282,0.1537,0.3695,0.4159,0.6775,0.9995
Frem1,Frem1,78.8589,0.3296,0.4401,0.7489,0.4539,0.9995
Frem2,Frem2,29.7064,0.3523,1.0164,0.3466,0.7289,0.9995
Frg1,Frg1,1789.0221,0.1125,0.0668,1.6836,0.0923,0.9995
Frk,Frk,520.6596,0.0613,0.1088,0.5637,0.5729,0.9995
Frmd3,Frmd3,5.5001,-1.3785,0.7067,-1.9507,0.0511,0.9995
Frmd4a,Frmd4a,3906.6319,-0.1013,0.1078,-0.94,0.3472,0.9995
Frmd4b,Frmd4b,111.7984,0.0752,0.2628,0.2862,0.7747,0.9995
Frmd5,Frmd5,46.2977,-0.1822,0.2382,-0.7648,0.4444,0.9995
Frmd6,Frmd6,6927.7617,-0.0751,0.0914,-0.8215,0.4114,0.9995
Frmd7,Frmd7,0.3421,0.9335,2.6545,0.3517,0.7251,0.9995
Frmd8,Frmd8,3132.4049,0.0855,0.1064,0.8039,0.4215,0.9995
Frmpd1,Frmpd1,1676.7129,-0.0238,0.3188,-0.0747,0.9405,0.9995
Frmpd4,Frmpd4,0.8032,0.4972,1.9368,0.2567,0.7974,0.9995
Frrs1,Frrs1,757.3142,-0.0121,0.1784,-0.0678,0.946,0.9995
Frs2,Frs2,2686.6467,-0.1096,0.102,-1.0751,0.2823,0.9995
Frs3,Frs3,127.3298,0.1407,0.2396,0.5874,0.5569,0.9995
Frs3os,Frs3os,10.0387,0.4609,0.6196,0.7438,0.457,0.9995
Fry,Fry,68.9593,0.3421,0.3289,1.0401,0.2983,0.9995
Fryl,Fryl,1860.1079,-0.1316,0.0947,-1.3899,0.1646,0.9995
Frzb,Frzb,7.7617,-0.083,0.5587,-0.1486,0.8818,0.9995
Fsbp,Fsbp,7.3193,-0.0245,0.6631,-0.037,0.9705,0.9995
Fscn1,Fscn1,11613.8716,-0.0068,0.114,-0.0595,0.9526,0.9995
Fscn2,Fscn2,2.8618,0.0003,0.8609,0.0004,0.9997,1
Fscn3,Fscn3,0.572,-1.476,1.9929,-0.7406,0.4589,0.9995
Fsd1,Fsd1,8.9198,-0.0575,0.4756,-0.121,0.9037,0.9995
Fsd1l,Fsd1l,372.776,0.1493,0.2159,0.6916,0.4892,0.9995
Fsd2,Fsd2,48.7203,0.0241,0.2546,0.0945,0.9247,0.9995
Fsip1,Fsip1,10.6504,-0.7024,0.5659,-1.2412,0.2145,0.9995
Fst,Fst,2856.1136,0.3667,0.6208,0.5908,0.5547,0.9995
Fstl1,Fstl1,55675.5156,-0.0295,0.0758,-0.3898,0.6967,0.9995
Fstl3,Fstl3,554.1193,0.0871,0.1276,0.6829,0.4947,0.9995
Ftcd,Ftcd,4.1106,1.3517,0.8482,1.5937,0.111,0.9995
Fth1,Fth1,54809.6198,0.1821,0.1663,1.095,0.2735,0.9995
Ftl1,Ftl1,46587.8944,0.0713,0.2368,0.3012,0.7632,0.9995
Fto,Fto,8220.0975,0.0071,0.0664,0.1076,0.9144,0.9995
Ftsj1,Ftsj1,1461.4714,0.156,0.0976,1.5983,0.11,0.9995
Ftsj2,Ftsj2,278.021,0.0309,0.0984,0.3135,0.7539,0.9995
Ftsj3,Ftsj3,3701.1687,0.1264,0.1135,1.1141,0.2652,0.9995
Ftx,Ftx,254.1338,0.1391,0.1901,0.7319,0.4642,0.9995
Fubp1,Fubp1,2436.7229,0.0708,0.1596,0.4437,0.6573,0.9995
Fubp3,Fubp3,2762.0973,-0.0953,0.0969,-0.9832,0.3255,0.9995
Fuca1,Fuca1,3063.2233,0.0339,0.0838,0.4038,0.6863,0.9995
Fuca2,Fuca2,1002.8366,-0.0383,0.0985,-0.389,0.6973,0.9995
Fuk,Fuk,725.9009,-0.018,0.1135,-0.1591,0.8736,0.9995
Fundc1,Fundc1,1955.3089,-0.1471,0.1254,-1.1726,0.241,0.9995
Fundc2,Fundc2,4164.0009,0.0755,0.0803,0.9398,0.3473,0.9995
Fuom,Fuom,214.0946,0.1386,0.1653,0.8384,0.4018,0.9995
Furin,Furin,6300.2586,-0.0166,0.0785,-0.2122,0.832,0.9995
Fus,Fus,7660.8736,0.0658,0.1008,0.6532,0.5137,0.9995
Fut1,Fut1,16.0198,-0.075,0.4821,-0.1555,0.8764,0.9995
Fut10,Fut10,767.8378,-0.0288,0.0807,-0.3568,0.7212,0.9995
Fut11,Fut11,1892.0171,-0.0157,0.0817,-0.1918,0.8479,0.9995
Fut2,Fut2,9.6055,0.373,0.544,0.6857,0.4929,0.9995
Fut4,Fut4,169.9501,0.0311,0.1178,0.2643,0.7916,0.9995
Fut7,Fut7,3.8835,-0.1184,0.819,-0.1446,0.885,0.9995
Fut8,Fut8,1540.1207,-0.1122,0.1108,-1.0126,0.3112,0.9995
Fut9,Fut9,10.2802,0.1403,0.5427,0.2586,0.7959,0.9995
Fuz,Fuz,386.2214,-0.076,0.1205,-0.6307,0.5282,0.9995
Fv1,Fv1,98.0469,0.0929,0.206,0.4509,0.6521,0.9995
Fxn,Fxn,269.4478,0.1061,0.0972,1.0916,0.275,0.9995
Fxr1,Fxr1,5636.7154,-0.0238,0.2217,-0.1076,0.9143,0.9995
Fxr2,Fxr2,5167.5897,0.0053,0.064,0.0831,0.9338,0.9995
Fxyd1,Fxyd1,85.3777,0.1414,0.1674,0.845,0.3981,0.9995
Fxyd4,Fxyd4,6.964,0.4295,0.5752,0.7466,0.4553,0.9995
Fxyd5,Fxyd5,960.9668,0.2524,0.3538,0.7133,0.4757,0.9995
Fxyd6,Fxyd6,117.1372,0.7361,1.089,0.6759,0.4991,0.9995
Fyb,Fyb,30.6512,-0.2073,0.2958,-0.7009,0.4833,0.9995
Fyco1,Fyco1,2712.522,-0.1113,0.1372,-0.8113,0.4172,0.9995
Fyn,Fyn,6823.4788,-0.111,0.106,-1.0477,0.2948,0.9995
Fyttd1,Fyttd1,4950.6818,0.033,0.1765,0.1871,0.8516,0.9995
Fzd1,Fzd1,8873.4292,-0.0964,0.0522,-1.8484,0.0645,0.9995
Fzd2,Fzd2,2673.8117,0.0148,0.1861,0.0794,0.9367,0.9995
Fzd3,Fzd3,536.5612,-0.0388,0.246,-0.1577,0.8747,0.9995
Fzd4,Fzd4,190.0671,-0.1284,0.2814,-0.4565,0.648,0.9995
Fzd5,Fzd5,662.5551,-0.2499,0.1707,-1.4642,0.1431,0.9995
Fzd6,Fzd6,984.1282,-0.1552,0.1692,-0.9173,0.359,0.9995
Fzd7,Fzd7,3415.8848,0.0266,0.1115,0.2388,0.8113,0.9995
Fzd8,Fzd8,192.7635,-0.0051,0.1488,-0.0343,0.9726,0.9995
Fzd9,Fzd9,42.6367,0.0063,0.3734,0.017,0.9865,0.9995
Fzr1,Fzr1,1978.4676,-0.0701,0.1204,-0.582,0.5605,0.9995
G0s2,G0s2,896.0664,0.0376,0.2486,0.1514,0.8796,0.9995
G2e3,G2e3,629.396,0.0359,0.1753,0.205,0.8376,0.9995
G3bp1,G3bp1,7545.4355,-0.0444,0.0815,-0.5446,0.586,0.9995
G3bp2,G3bp2,5746.952,-0.0161,0.0658,-0.2445,0.8069,0.9995
G530011O06Rik,G530011O06Rik,6.3966,0.0091,0.7015,0.013,0.9896,0.9995
G630025P09Rik,G630025P09Rik,2.5156,0.2328,1.1466,0.2031,0.8391,0.9995
G630071F17Rik,G630071F17Rik,2.2852,-0.4706,1.0287,-0.4574,0.6474,0.9995
G630090E17Rik,G630090E17Rik,39.539,-0.0086,0.294,-0.0292,0.9767,0.9995
G6pc3,G6pc3,1899.2779,0.0352,0.1,0.3519,0.7249,0.9995
G6pdx,G6pdx,4476.4161,0.0723,0.2116,0.3415,0.7327,0.9995
Gaa,Gaa,8508.4438,-0.0523,0.1158,-0.452,0.6513,0.9995
Gab1,Gab1,1787.8458,-0.0739,0.079,-0.9344,0.3501,0.9995
Gab2,Gab2,1140.8482,0.0307,0.1402,0.2186,0.8269,0.9995
Gab3,Gab3,1.4888,0.7818,1.2048,0.6489,0.5164,0.9995
Gabarap,Gabarap,16424.9154,0.0387,0.0947,0.408,0.6833,0.9995
Gabarapl1,Gabarapl1,5718.8098,0.2265,0.2453,0.9234,0.3558,0.9995
Gabarapl2,Gabarapl2,2093.7911,0.1037,0.0933,1.1111,0.2665,0.9995
Gabbr1,Gabbr1,1290.4327,0.012,0.0747,0.1612,0.8719,0.9995
Gabbr2,Gabbr2,0.9159,-2.2837,1.553,-1.4705,0.1414,0.9995
Gabpa,Gabpa,2259.8587,0.0667,0.1564,0.4261,0.67,0.9995
Gabpb1,Gabpb1,1019.8522,0.0612,0.1037,0.5897,0.5554,0.9995
Gabpb2,Gabpb2,1786.8449,-0.1721,0.105,-1.6393,0.1011,0.9995
Gabra1,Gabra1,1.1416,0.5525,1.643,0.3363,0.7367,0.9995
Gabrb2,Gabrb2,9.7232,0.3595,0.4811,0.7472,0.4549,0.9995
Gabrd,Gabrd,1.4846,0.7718,1.2925,0.5972,0.5504,0.9995
Gabre,Gabre,132.8164,0.0865,0.1646,0.5253,0.5994,0.9995
Gabrg2,Gabrg2,0.6894,0.1219,1.9717,0.0618,0.9507,0.9995
Gabrr2,Gabrr2,9.8474,-0.581,0.5168,-1.1241,0.261,0.9995
Gad1os,Gad1os,3.7641,0.0021,0.9673,0.0021,0.9983,0.9999
Gadd45a,Gadd45a,5338.3592,0.1591,0.2592,0.6138,0.5394,0.9995
Gadd45b,Gadd45b,1593.2616,0.1744,0.1514,1.1515,0.2495,0.9995
Gadd45g,Gadd45g,2007.4709,-0.034,0.2875,-0.1182,0.9059,0.9995
Gadd45gip1,Gadd45gip1,998.9332,0.1242,0.0901,1.3785,0.1681,0.9995
Gadl1,Gadl1,24.2576,0.5856,0.5221,1.1216,0.262,0.9995
Gak,Gak,4273.1691,0.0427,0.1332,0.3204,0.7486,0.9995
Gal,Gal,1.8257,-0.2579,1.1932,-0.2161,0.8289,0.9995
Gal3st1,Gal3st1,0.6863,-0.7786,1.5991,-0.4869,0.6263,0.9995
Gal3st2,Gal3st2,0.6853,1.0861,1.9599,0.5542,0.5795,0.9995
Gal3st3,Gal3st3,7.9955,-0.193,0.5334,-0.3619,0.7174,0.9995
Gal3st4,Gal3st4,10.6186,0.5109,0.4416,1.1569,0.2473,0.9995
Galc,Galc,1643.2986,-0.0839,0.1227,-0.6839,0.4941,0.9995
Gale,Gale,555.7962,-0.2249,0.2565,-0.877,0.3805,0.9995
Galk1,Galk1,2751.0234,0.0014,0.101,0.014,0.9889,0.9995
Galk2,Galk2,3598.5161,0.0268,0.2327,0.1152,0.9083,0.9995
Galm,Galm,638.1531,-0.0402,0.1429,-0.2814,0.7784,0.9995
Galns,Galns,1144.7228,0.039,0.0817,0.4772,0.6332,0.9995
Galnt1,Galnt1,5169.4241,-0.0804,0.1035,-0.7771,0.4371,0.9995
Galnt10,Galnt10,6668.7265,0.0048,0.1092,0.0438,0.9651,0.9995
Galnt11,Galnt11,2376.3559,-0.0348,0.0781,-0.446,0.6556,0.9995
Galnt12,Galnt12,0.5731,-1.4784,1.993,-0.7418,0.4582,0.9995
Galnt13,Galnt13,5.8208,-0.0539,0.6192,-0.087,0.9306,0.9995
Galnt15,Galnt15,80.6659,-0.1573,0.268,-0.5868,0.5573,0.9995
Galnt16,Galnt16,9.4859,0.5442,0.5378,1.0118,0.3116,0.9995
Galnt18,Galnt18,534.2741,-0.1212,0.1,-1.2129,0.2252,0.9995
Galnt2,Galnt2,6468.5028,-0.0305,0.1504,-0.2027,0.8394,0.9995
Galnt3,Galnt3,0.5707,-0.3648,2.5152,-0.1451,0.8847,0.9995
Galnt4,Galnt4,1507.1874,-0.1175,0.0747,-1.5732,0.1157,0.9995
Galnt5,Galnt5,14.6323,0.343,0.7088,0.4839,0.6284,0.9995
Galnt6,Galnt6,562.7102,0.2963,0.3645,0.8129,0.4163,0.9995
Galnt7,Galnt7,1015.2083,-0.0195,0.0982,-0.1989,0.8423,0.9995
Galnt9,Galnt9,5.7239,1.0078,0.639,1.5771,0.1148,0.9995
Galr2,Galr2,73.847,-0.1729,0.1829,-0.9455,0.3444,0.9995
Galr3,Galr3,2.9792,1.0123,0.9042,1.1195,0.2629,0.9995
Galt,Galt,163.7524,-0.0096,0.1844,-0.052,0.9586,0.9995
Gamt,Gamt,1156.8526,0.165,0.2271,0.7265,0.4675,0.9995
Gan,Gan,91.3352,-0.12,0.1831,-0.6553,0.5123,0.9995
Ganab,Ganab,8033.0231,-0.0348,0.0685,-0.5084,0.6112,0.9995
Ganc,Ganc,567.065,-0.1968,0.097,-2.0293,0.0424,0.9995
Gap43,Gap43,548.2949,-0.1725,0.2299,-0.7504,0.453,0.9995
Gapdh,Gapdh,66874.3081,0.0871,0.1225,0.7113,0.4769,0.9995
Gapdhs,Gapdhs,82.1711,0.4651,0.345,1.3483,0.1776,0.9995
Gapvd1,Gapvd1,3302.5403,-0.1384,0.0869,-1.592,0.1114,0.9995
Gar1,Gar1,661.8134,0.0756,0.119,0.6351,0.5254,0.9995
Garem,Garem,198.4788,-0.3513,0.1551,-2.2644,0.0235,0.9995
Gareml,Gareml,80.8994,0.1086,0.2648,0.4101,0.6817,0.9995
Garnl3,Garnl3,436.8449,-0.0147,0.0831,-0.1769,0.8596,0.9995
Gars,Gars,12021.28,0.0602,0.1087,0.5537,0.5798,0.9995
Gart,Gart,2586.3766,0.1236,0.1105,1.1185,0.2634,0.9995
Gas1,Gas1,28515.5345,-0.0724,0.1499,-0.4829,0.6291,0.9995
Gas2,Gas2,593.8711,-0.3315,0.1775,-1.8679,0.0618,0.9995
Gas2l1,Gas2l1,3234.0998,-0.0093,0.0757,-0.1227,0.9024,0.9995
Gas2l3,Gas2l3,514.995,-0.1516,0.2973,-0.5097,0.6103,0.9995
Gas5,Gas5,2106.9314,0.4313,0.2755,1.5657,0.1174,0.9995
Gas6,Gas6,4283.9358,0.0598,0.0793,0.7545,0.4505,0.9995
Gas7,Gas7,342.5868,-0.031,0.1737,-0.1783,0.8585,0.9995
Gas8,Gas8,838.0169,0.014,0.0851,0.1646,0.8693,0.9995
Gast,Gast,0.4562,-0.4797,2.5081,-0.1913,0.8483,0.9995
Gata2,Gata2,1066.3956,0.084,0.0974,0.8624,0.3885,0.9995
Gata3,Gata3,194.7098,-0.1584,0.153,-1.0355,0.3004,0.9995
Gata4,Gata4,697.5512,-0.0333,0.0816,-0.4084,0.683,0.9995
Gata6,Gata6,33.0447,-0.5695,0.2995,-1.9013,0.0573,0.9995
Gatad1,Gatad1,3089.4989,0.0514,0.0587,0.8769,0.3805,0.9995
Gatad2a,Gatad2a,3879.263,0.0101,0.0692,0.1455,0.8843,0.9995
Gatad2b,Gatad2b,663.763,-0.0935,0.1126,-0.8303,0.4064,0.9995
Gatb,Gatb,463.9121,0.0316,0.0897,0.3527,0.7243,0.9995
Gatc,Gatc,782.1214,0.0284,0.1249,0.2271,0.8203,0.9995
Gatm,Gatm,4057.3777,-0.1409,0.2162,-0.652,0.5144,0.9995
Gatsl2,Gatsl2,1702.5604,-0.0484,0.0997,-0.4857,0.6272,0.9995
Gatsl3,Gatsl3,160.4338,0.1152,0.1729,0.6665,0.5051,0.9995
Gba,Gba,3643.5931,0.0089,0.1256,0.0707,0.9436,0.9995
Gba2,Gba2,399.5841,0.0631,0.1243,0.5078,0.6116,0.9995
Gbas,Gbas,3359.5679,0.0694,0.0744,0.9325,0.3511,0.9995
Gbe1,Gbe1,1957.5376,0.0178,0.2669,0.0667,0.9469,0.9995
Gbf1,Gbf1,6418.8828,-0.0775,0.0864,-0.8964,0.37,0.9995
Gbgt1,Gbgt1,0.8021,-3.0054,1.7537,-1.7137,0.0866,0.9995
Gbp10,Gbp10,207.0972,-0.0679,0.3384,-0.2005,0.8411,0.9995
Gbp11,Gbp11,26.5551,-0.5072,0.4235,-1.1978,0.231,0.9995
Gbp2,Gbp2,198.6483,-0.1465,0.1681,-0.8713,0.3836,0.9995
Gbp2b,Gbp2b,144.7795,-0.1856,0.144,-1.2888,0.1975,0.9995
Gbp3,Gbp3,73.5201,-0.0666,0.2775,-0.2402,0.8102,0.9995
Gbp4,Gbp4,168.7053,-0.2748,0.3897,-0.7051,0.4807,0.9995
Gbp5,Gbp5,16.6849,-0.4451,0.4704,-0.9461,0.3441,0.9995
Gbp6,Gbp6,80.6924,-0.4211,0.4053,-1.039,0.2988,0.9995
Gbp7,Gbp7,45.0546,-0.3272,0.2479,-1.3201,0.1868,0.9995
Gbp8,Gbp8,220.6604,-0.274,0.4838,-0.5662,0.5712,0.9995
Gbp9,Gbp9,192.5897,-0.0897,0.3602,-0.249,0.8034,0.9995
Gbx1,Gbx1,4.8074,-0.7708,0.7406,-1.0407,0.298,0.9995
Gbx2,Gbx2,1.3718,-0.8743,1.3479,-0.6486,0.5166,0.9995
Gc,Gc,6.51,0.569,0.5513,1.0322,0.302,0.9995
Gca,Gca,7.554,0.0697,0.6181,0.1127,0.9103,0.9995
Gcat,Gcat,240.3668,0.077,0.1203,0.6404,0.5219,0.9995
Gcc1,Gcc1,1282.3005,0.0091,0.1288,0.071,0.9434,0.9995
Gcc2,Gcc2,426.2773,-0.2502,0.1068,-2.3427,0.0191,0.9995
Gcdh,Gcdh,1191.0348,0.1068,0.0741,1.4407,0.1497,0.9995
Gcfc2,Gcfc2,221.5978,0.0586,0.133,0.4404,0.6597,0.9995
Gch1,Gch1,621.4654,0.1676,0.3371,0.497,0.6192,0.9995
Gchfr,Gchfr,1203.7614,0.0513,0.1353,0.3791,0.7046,0.9995
Gck,Gck,7.874,-0.1363,0.6303,-0.2162,0.8288,0.9995
Gckr,Gckr,1.5984,0.4178,1.3304,0.3141,0.7535,0.9995
Gclc,Gclc,2067.614,0.1076,0.2055,0.5234,0.6007,0.9995
Gclm,Gclm,1133.7454,0.1116,0.3218,0.347,0.7286,0.9995
Gcn1l1,Gcn1l1,4460.7863,-0.0283,0.0837,-0.3378,0.7355,0.9995
Gcnt1,Gcnt1,150.7487,-0.2651,0.4306,-0.6158,0.538,0.9995
Gcnt2,Gcnt2,1452.1672,-0.01,0.0851,-0.1179,0.9062,0.9995
Gcnt3,Gcnt3,2.6313,-1.2163,0.9335,-1.303,0.1926,0.9995
Gcnt4,Gcnt4,594.5067,-0.0314,0.1718,-0.1825,0.8552,0.9995
Gcnt7,Gcnt7,1.4804,1.0345,1.5548,0.6653,0.5058,0.9995
Gcsh,Gcsh,1028.5915,0.1302,0.0853,1.5259,0.127,0.9995
Gda,Gda,736.11,0.2981,0.9406,0.317,0.7513,0.9995
Gdap1,Gdap1,1.8308,-0.2629,1.2442,-0.2113,0.8326,0.9995
Gdap10,Gdap10,20.5512,0.4664,0.4428,1.0533,0.2922,0.9995
Gdap1l1,Gdap1l1,5.365,0.3445,0.7027,0.4903,0.624,0.9995
Gdap2,Gdap2,1211.2118,-0.0697,0.0718,-0.9716,0.3313,0.9995
Gde1,Gde1,2178.0464,0.0378,0.0739,0.5111,0.6093,0.9995
Gdf11,Gdf11,700.4294,-0.0483,0.092,-0.5249,0.5996,0.9995
Gdf15,Gdf15,741.4386,-0.1339,0.1905,-0.7029,0.4821,0.9995
Gdf3,Gdf3,0.3415,-0.4733,2.6754,-0.1769,0.8596,0.9995
Gdf5,Gdf5,44.706,0.798,0.4913,1.6242,0.1043,0.9995
Gdf6,Gdf6,73.7429,-0.1051,0.5566,-0.1888,0.8502,0.9995
Gdf7,Gdf7,6.6198,-0.5489,0.5953,-0.9221,0.3565,0.9995
Gdf9,Gdf9,50.3089,-0.1304,0.222,-0.5875,0.5569,0.9995
Gdi1,Gdi1,4615.7926,-0.0245,0.0469,-0.5217,0.6019,0.9995
Gdi2,Gdi2,18645.9606,-0.0296,0.0546,-0.5423,0.5876,0.9995
Gdnf,Gdnf,1300.5884,-0.0924,0.2228,-0.4146,0.6784,0.9995
Gdpd1,Gdpd1,1200.1676,0.001,0.1952,0.0053,0.9958,0.9995
Gdpd2,Gdpd2,313.7659,0.0855,0.2905,0.2944,0.7684,0.9995
Gdpd3,Gdpd3,34.023,0.0392,0.266,0.1473,0.8829,0.9995
Gdpd4,Gdpd4,0.5703,0.6986,2.4541,0.2847,0.7759,0.9995
Gdpd5,Gdpd5,551.0658,-0.1552,0.1385,-1.1207,0.2624,0.9995
Gdpgp1,Gdpgp1,158.2064,-0.0825,0.1551,-0.5317,0.5949,0.9995
Gem,Gem,944.0369,-0.0084,0.1205,-0.0694,0.9447,0.9995
Gemin2,Gemin2,462.0146,0.155,0.1198,1.294,0.1957,0.9995
Gemin4,Gemin4,1106.2143,0.0572,0.0687,0.8314,0.4057,0.9995
Gemin5,Gemin5,1903.3601,0.0388,0.0987,0.3927,0.6946,0.9995
Gemin6,Gemin6,435.35,0.0396,0.0979,0.4051,0.6854,0.9995
Gemin7,Gemin7,1004.6258,0.0326,0.094,0.3463,0.7291,0.9995
Gemin8,Gemin8,313.0084,0.1981,0.1698,1.1666,0.2434,0.9995
Gen1,Gen1,180.9571,-0.1585,0.4711,-0.3363,0.7366,0.9995
Get4,Get4,1990.0552,0.1618,0.0762,2.122,0.0338,0.9995
Gfap,Gfap,3.0845,-0.4345,0.9502,-0.4573,0.6475,0.9995
Gfer,Gfer,643.7935,0.1428,0.1258,1.135,0.2564,0.9995
Gfi1,Gfi1,6.1752,-0.6763,0.604,-1.1197,0.2628,0.9995
Gfm1,Gfm1,2360.1774,0.0443,0.0701,0.6315,0.5277,0.9995
Gfm2,Gfm2,1402.3778,0.0803,0.0622,1.2905,0.1969,0.9995
Gfod1,Gfod1,1784.9321,-0.0601,0.1126,-0.5332,0.5939,0.9995
Gfod2,Gfod2,364.9242,0.0579,0.1187,0.4883,0.6253,0.9995
Gfpt1,Gfpt1,3613.7207,-0.1328,0.1263,-1.0512,0.2931,0.9995
Gfpt2,Gfpt2,53.8853,0.2299,0.2588,0.8883,0.3744,0.9995
Gfra1,Gfra1,3475.1387,-0.0545,0.127,-0.4289,0.668,0.9995
Gfra2,Gfra2,1383.4308,-0.1082,0.1261,-0.8581,0.3908,0.9995
Gfra4,Gfra4,416.9554,0.0779,0.1451,0.5367,0.5915,0.9995
Gfral,Gfral,4.5552,-0.2795,1.1135,-0.251,0.8018,0.9995
Gga1,Gga1,3426.9706,-0.0405,0.0683,-0.5934,0.5529,0.9995
Gga2,Gga2,4571.6156,-0.0285,0.0814,-0.3506,0.7259,0.9995
Gga3,Gga3,1092.7778,0.0702,0.0665,1.0556,0.2911,0.9995
Ggact,Ggact,308.9255,0.1679,0.1443,1.1634,0.2447,0.9995
Ggct,Ggct,207.5072,0.0903,0.154,0.5865,0.5576,0.9995
Ggcx,Ggcx,2381.7754,-0.0355,0.0753,-0.4717,0.6371,0.9995
Ggh,Ggh,1697.1127,-0.072,0.0696,-1.0339,0.3012,0.9995
Ggn,Ggn,53.9537,0.204,0.2306,0.8848,0.3763,0.9995
Ggnbp1,Ggnbp1,34.1864,-0.0488,0.255,-0.1914,0.8482,0.9995
Ggnbp2,Ggnbp2,2932.8224,-0.0565,0.1023,-0.552,0.5809,0.9995
Ggnbp2os,Ggnbp2os,35.7593,0.2495,0.3546,0.7035,0.4818,0.9995
Ggps1,Ggps1,1132.1817,0.0164,0.1052,0.156,0.876,0.9995
Ggt1,Ggt1,2.0518,0.2638,1.2231,0.2157,0.8292,0.9995
Ggt5,Ggt5,24.3286,0.2613,0.3694,0.7073,0.4794,0.9995
Ggt7,Ggt7,313.851,-0.0019,0.0996,-0.0191,0.9848,0.9995
Ggta1,Ggta1,2622.9325,0.1024,0.2184,0.4688,0.6392,0.9995
Ghdc,Ghdc,616.0975,-0.1062,0.0935,-1.1356,0.2561,0.9995
Ghitm,Ghitm,12839.4769,0.0265,0.1076,0.246,0.8057,0.9995
Ghr,Ghr,4672.6649,-0.1013,0.197,-0.5145,0.6069,0.9995
Ghrh,Ghrh,1.1351,2.8133,2.2152,1.27,0.2041,0.9995
Ghrl,Ghrl,11.0866,0.7327,0.5433,1.3486,0.1775,0.9995
Gid4,Gid4,2039.375,-0.0227,0.1189,-0.1907,0.8488,0.9995
Gid8,Gid8,3339.4039,0.0504,0.0448,1.1252,0.2605,0.9995
Gigyf1,Gigyf1,1104.267,0.0082,0.1592,0.0513,0.9591,0.9995
Gigyf2,Gigyf2,3241.8298,-0.1295,0.1125,-1.1517,0.2495,0.9995
Gimap8,Gimap8,2.5133,0.3592,1.0143,0.3541,0.7232,0.9995
Gimap9,Gimap9,9.36,0.1824,0.5967,0.3058,0.7598,0.9995
Gin1,Gin1,231.7906,-0.1404,0.1266,-1.1093,0.2673,0.9995
Ginm1,Ginm1,2544.1425,0.1003,0.1567,0.6401,0.5221,0.9995
Gins1,Gins1,157.4286,0.0174,0.224,0.0776,0.9382,0.9995
Gins2,Gins2,301.0301,-0.1324,0.2437,-0.5435,0.5868,0.9995
Gins3,Gins3,657.1087,0.0564,0.1473,0.3831,0.7016,0.9995
Gins4,Gins4,981.2078,0.0113,0.0898,0.1256,0.9,0.9995
Gipc1,Gipc1,4667.07,0.1159,0.0895,1.2953,0.1952,0.9995
Gipc2,Gipc2,11.9091,-0.0129,0.5205,-0.0247,0.9803,0.9995
Gipc3,Gipc3,9.4786,0.5279,0.4835,1.0918,0.2749,0.9995
Gipr,Gipr,71.3832,-0.1824,0.3875,-0.4707,0.6378,0.9995
Git1,Git1,3377.5743,-0.0221,0.0675,-0.3277,0.7432,0.9995
Git2,Git2,2159.3381,-0.1093,0.067,-1.6317,0.1028,0.9995
Gja1,Gja1,6957.0792,-0.0245,0.0852,-0.2872,0.7739,0.9995
Gja3,Gja3,16.9128,0.3416,0.3992,0.8557,0.3921,0.9995
Gja4,Gja4,4.8136,0.0988,0.7311,0.1351,0.8925,0.9995
Gja5,Gja5,813.9501,0.1734,0.6698,0.2589,0.7957,0.9995
Gja6,Gja6,3.4259,-0.4158,0.8435,-0.4929,0.6221,0.9995
Gjb1,Gjb1,0.6881,1.0882,1.9594,0.5554,0.5786,0.9995
Gjb2,Gjb2,11.6452,0.0916,0.7499,0.1222,0.9028,0.9995
Gjb3,Gjb3,286.9032,-0.0176,1.002,-0.0176,0.986,0.9995
Gjb4,Gjb4,181.5165,-0.3186,0.8349,-0.3816,0.7027,0.9995
Gjb5,Gjb5,61.8364,0.0739,0.6869,0.1076,0.9143,0.9995
Gjc1,Gjc1,986.8306,-0.032,0.0896,-0.357,0.7211,0.9995
Gjc2,Gjc2,10.5252,-0.624,0.4392,-1.421,0.1553,0.9995
Gjd2,Gjd2,0.9159,-0.1324,1.714,-0.0773,0.9384,0.9995
Gjd3,Gjd3,0.4562,-0.4797,2.5081,-0.1913,0.8483,0.9995
Gjd4,Gjd4,51.199,0.2679,0.2227,1.203,0.229,0.9995
Gk5,Gk5,90.5547,-0.0829,0.1777,-0.4665,0.6408,0.9995
Gkap1,Gkap1,703.9666,-0.044,0.1017,-0.4329,0.6651,0.9995
Gla,Gla,1545.1632,0.1665,0.3858,0.4316,0.666,0.9995
Glb1,Glb1,3081.7464,-0.0187,0.1107,-0.169,0.8658,0.9995
Glb1l,Glb1l,223.2363,-0.045,0.1168,-0.3857,0.6997,0.9995
Glcci1,Glcci1,460.3112,-0.2183,0.2088,-1.0452,0.2959,0.9995
Glce,Glce,3601.2295,-0.0315,0.1368,-0.2305,0.8177,0.9995
Gldc,Gldc,101.6539,0.1642,0.2559,0.6417,0.5211,0.9995
Gle1,Gle1,2039.2092,0.0845,0.0732,1.1541,0.2485,0.9995
Glg1,Glg1,4182.3415,-0.2292,0.0954,-2.4016,0.0163,0.9995
Gli1,Gli1,6.1756,0.2895,0.6243,0.4638,0.6428,0.9995
Gli2,Gli2,129.2295,-0.095,0.1626,-0.584,0.5592,0.9995
Gli3,Gli3,1751.6477,-0.2116,0.1083,-1.9545,0.0506,0.9995
Glipr1,Glipr1,33.8399,-0.0505,0.3153,-0.1602,0.8727,0.9995
Glipr2,Glipr2,4291.5847,0.0017,0.1628,0.0106,0.9915,0.9995
Glis1,Glis1,9.4797,-0.2369,0.4695,-0.5046,0.6138,0.9995
Glis2,Glis2,1778.5329,0.0918,0.1738,0.5283,0.5973,0.9995
Glis3,Glis3,913.4585,-0.2066,0.2064,-1.0009,0.3169,0.9995
Glmn,Glmn,282.3051,0.0456,0.1699,0.2682,0.7886,0.9995
Glmp,Glmp,6878.9085,0.0237,0.1535,0.1543,0.8773,0.9995
Glo1,Glo1,7212.9634,0.0999,0.0544,1.8358,0.0664,0.9995
Glod4,Glod4,3755.3352,0.0155,0.0616,0.2523,0.8008,0.9995
Glod5,Glod5,0.6819,-0.2924,2.0294,-0.1441,0.8854,0.9995
Glp1r,Glp1r,2.5107,0.1407,0.9848,0.1428,0.8864,0.9995
Glrb,Glrb,1059.8265,-0.3882,0.2345,-1.655,0.0979,0.9995
Glrp1,Glrp1,17.1484,-0.1675,0.4038,-0.4148,0.6783,0.9995
Glrx,Glrx,3525.371,0.0802,0.2323,0.3453,0.7299,0.9995
Glrx2,Glrx2,809.8714,0.1405,0.0923,1.5223,0.1279,0.9995
Glrx3,Glrx3,124.7403,0.1933,0.1526,1.266,0.2055,0.9995
Glrx5,Glrx5,1400.084,0.1099,0.114,0.9634,0.3353,0.9995
Gls,Gls,2812.838,0.0049,0.1485,0.033,0.9737,0.9995
Gls2,Gls2,96.3743,-0.1111,0.1704,-0.6518,0.5145,0.9995
Glt28d2,Glt28d2,354.2248,-0.1235,0.1379,-0.8957,0.3704,0.9995
Glt8d1,Glt8d1,2382.263,-0.0918,0.0806,-1.1381,0.2551,0.9995
Glt8d2,Glt8d2,229.3861,-0.1967,0.2719,-0.7235,0.4694,0.9995
Gltp,Gltp,1897.5889,0.0011,0.0709,0.0154,0.9877,0.9995
Gltpd2,Gltpd2,0.9176,-0.5922,1.4998,-0.3949,0.6929,0.9995
Gltscr1,Gltscr1,569.388,-0.0854,0.0838,-1.0186,0.3084,0.9995
Gltscr1l,Gltscr1l,1306.8353,-0.0984,0.139,-0.7078,0.479,0.9995
Gltscr2,Gltscr2,3978.1897,-0.0004,0.0993,-0.0039,0.9969,0.9995
Glud1,Glud1,11167.2508,0.0493,0.1185,0.4156,0.6777,0.9995
Glul,Glul,6477.3514,0.1015,0.0646,1.5713,0.1161,0.9995
Glyctk,Glyctk,49.2561,-0.3784,0.2106,-1.7964,0.0724,0.9995
Glyr1,Glyr1,4420.4689,0.0009,0.0546,0.0174,0.9861,0.9995
Gm10012,Gm10012,16.4622,-0.0873,0.3471,-0.2514,0.8015,0.9995
Gm10033,Gm10033,44.3497,-0.1611,0.2091,-0.7703,0.4411,0.9995
Gm10037,Gm10037,0.4544,2.361,2.476,0.9536,0.3403,0.9995
Gm10046,Gm10046,3.8889,0.9372,0.7634,1.2277,0.2196,0.9995
Gm10069,Gm10069,68.5152,0.0109,0.2261,0.0484,0.9614,0.9995
Gm10125,Gm10125,10.6235,0.9568,0.5275,1.814,0.0697,0.9995
Gm10220,Gm10220,0.4571,-1.0584,2.0895,-0.5065,0.6125,0.9995
Gm10336,Gm10336,627.8905,0.112,0.1654,0.6771,0.4984,0.9995
Gm10364,Gm10364,1.8303,-1.4481,1.1802,-1.227,0.2198,0.9995
Gm10371,Gm10371,1.0255,-0.4421,1.7146,-0.2579,0.7965,0.9995
Gm10373,Gm10373,0.6855,0.1266,1.9712,0.0642,0.9488,0.9995
Gm10389,Gm10389,2.2886,-1.8733,1.2233,-1.5314,0.1257,0.9995
Gm10390,Gm10390,0.5705,0.7112,2.0551,0.3461,0.7293,0.9995
Gm10416,Gm10416,4.5708,0.275,0.7105,0.3871,0.6987,0.9995
Gm10421,Gm10421,14.1741,0.4176,0.3756,1.1118,0.2662,0.9995
Gm10432,Gm10432,0.8004,2.3739,1.886,1.2587,0.2081,0.9995
Gm10433,Gm10433,0.5714,2.8177,2.2794,1.2362,0.2164,0.9995
Gm10436,Gm10436,5.9319,0.0887,0.6488,0.1367,0.8913,0.9995
Gm1045,Gm1045,10.3885,0.7132,0.4611,1.5467,0.1219,0.9995
Gm10451,Gm10451,7.3139,-0.5018,0.5793,-0.8663,0.3863,0.9995
Gm10471,Gm10471,0.5725,-0.371,2.0516,-0.1808,0.8565,0.9995
Gm10494,Gm10494,42.2166,0.0425,0.2803,0.1518,0.8794,0.9995
Gm10509,Gm10509,103.3322,0.0194,0.1583,0.1228,0.9022,0.9995
Gm10510,Gm10510,1.3715,-0.8956,1.5957,-0.5612,0.5746,0.9995
Gm10516,Gm10516,63.8473,0.3014,0.2415,1.248,0.212,0.9995
Gm10536,Gm10536,0.8039,-0.2766,1.6652,-0.1661,0.8681,0.9995
Gm10548,Gm10548,7.1997,0.042,0.6239,0.0672,0.9464,0.9995
Gm10549,Gm10549,1.9428,0.9057,0.9873,0.9173,0.359,0.9995
Gm10560,Gm10560,40.8699,0.4148,0.3398,1.2207,0.2222,0.9995
Gm10584,Gm10584,15.2033,0.0248,0.4023,0.0616,0.9509,0.9995
Gm10635,Gm10635,6.406,-0.4171,0.6062,-0.688,0.4915,0.9995
Gm10638,Gm10638,22.6223,0.0066,0.3767,0.0175,0.986,0.9995
Gm10639,Gm10639,12.9884,0.5003,0.8523,0.587,0.5572,0.9995
Gm10640,Gm10640,0.6874,1.0877,2.012,0.5406,0.5888,0.9995
Gm10653,Gm10653,6.2748,0.3151,0.7096,0.4441,0.657,0.9995
Gm10658,Gm10658,12.1214,-0.0645,0.4121,-0.1564,0.8757,0.9995
Gm10677,Gm10677,2.1765,-2.086,1.1812,-1.766,0.0774,0.9995
Gm10714,Gm10714,0.6827,-0.2984,2.0294,-0.147,0.8831,0.9995
Gm10767,Gm10767,18.9945,0.0353,0.4109,0.086,0.9315,0.9995
Gm10778,Gm10778,13.3714,0.0793,0.4588,0.1729,0.8627,0.9995
Gm10785,Gm10785,20.4546,-0.0289,0.3721,-0.0777,0.9381,0.9995
Gm10789,Gm10789,1.0297,-0.8486,1.4062,-0.6035,0.5462,0.9995
Gm10790,Gm10790,3.0969,0.1773,1.0669,0.1662,0.868,0.9995
Gm10791,Gm10791,7.6632,-0.073,0.5307,-0.1376,0.8905,0.9995
Gm10804,Gm10804,1.2579,-1.2519,1.2571,-0.9959,0.3193,0.9995
Gm10814,Gm10814,12.7879,0.5457,0.5209,1.0477,0.2948,0.9995
Gm10865,Gm10865,4.7879,1.2518,1.0133,1.2354,0.2167,0.9995
Gm10941,Gm10941,19.6401,0.0641,0.374,0.1715,0.8639,0.9995
Gm11110,Gm11110,129.2018,0.0023,0.2353,0.0099,0.9921,0.9995
Gm11127,Gm11127,3.8809,-0.2357,0.7638,-0.3086,0.7576,0.9995
Gm11149,Gm11149,4.3456,-0.4158,0.9796,-0.4245,0.6712,0.9995
Gm11166,Gm11166,1.3711,-0.1984,1.4577,-0.1361,0.8917,0.9995
Gm11201,Gm11201,3.4277,-0.0593,0.9707,-0.0611,0.9513,0.9995
Gm11213,Gm11213,0.4594,-1.0672,2.5214,-0.4233,0.6721,0.9995
Gm1123,Gm1123,0.6864,-1.7955,1.9542,-0.9188,0.3582,0.9995
Gm1141,Gm1141,5.9449,0.3188,0.6701,0.4757,0.6343,0.9995
Gm11413,Gm11413,0.9113,-0.5709,2.014,-0.2835,0.7768,0.9995
Gm11423,Gm11423,41.2137,0.3757,0.3127,1.2012,0.2297,0.9995
Gm11437,Gm11437,0.3441,-1.7844,2.6033,-0.6854,0.4931,0.9995
Gm11517,Gm11517,20.0093,0.115,0.3784,0.304,0.7612,0.9995
Gm11549,Gm11549,1.1422,0.0777,1.8491,0.042,0.9665,0.9995
Gm11627,Gm11627,9.8399,-0.2702,0.4836,-0.5587,0.5764,0.9995
Gm11665,Gm11665,25.3785,0.1971,0.3126,0.6307,0.5282,0.9995
Gm11696,Gm11696,11.4284,-0.1993,0.4684,-0.4254,0.6706,0.9995
Gm11715,Gm11715,1.7138,1.0211,1.1627,0.8782,0.3798,0.9995
Gm11744,Gm11744,10.0492,0.2783,0.4953,0.5618,0.5743,0.9995
Gm11747,Gm11747,0.458,1.4163,2.488,0.5692,0.5692,0.9995
Gm11762,Gm11762,3.2041,-0.5097,0.8545,-0.5965,0.5508,0.9995
Gm11837,Gm11837,2.9706,0.2751,0.8035,0.3424,0.732,0.9995
Gm11944,Gm11944,23.1905,-0.1909,0.3116,-0.6128,0.54,0.9995
Gm11974,Gm11974,359.2104,0.2776,0.1712,1.6215,0.1049,0.9995
Gm11992,Gm11992,3.5352,0.2055,1.0103,0.2034,0.8388,0.9995
Gm12060,Gm12060,0.8,-0.727,1.7295,-0.4204,0.6742,0.9995
Gm12070,Gm12070,352.4524,-0.1466,0.399,-0.3674,0.7133,0.9995
Gm12185,Gm12185,19.8006,-0.0046,0.4835,-0.0095,0.9924,0.9995
Gm12191,Gm12191,0.6839,-0.3015,2.0295,-0.1485,0.8819,0.9995
Gm12216,Gm12216,20.9061,0.3656,0.4581,0.798,0.4249,0.9995
Gm12238,Gm12238,1.142,2.8986,1.4892,1.9464,0.0516,0.9995
Gm12250,Gm12250,8.2377,-0.3474,0.5254,-0.6611,0.5085,0.9995
Gm12338,Gm12338,110.5012,0.0935,0.2575,0.363,0.7166,0.9995
Gm12359,Gm12359,21.7739,0.6073,0.5617,1.0812,0.2796,0.9995
Gm12504,Gm12504,3.2008,-0.5914,0.7742,-0.7639,0.445,0.9995
Gm12505,Gm12505,1.3674,0.8257,1.6241,0.5084,0.6112,0.9995
Gm12522,Gm12522,4.4599,0.0454,0.6901,0.0659,0.9475,0.9995
Gm12596,Gm12596,6.5296,-0.4266,0.6339,-0.6729,0.501,0.9995
Gm12603,Gm12603,17.6029,-0.0869,0.3622,-0.2399,0.8104,0.9995
Gm12657,Gm12657,17.0492,-0.1653,0.3582,-0.4613,0.6446,0.9995
Gm12695,Gm12695,1.1458,0.1114,1.3642,0.0817,0.9349,0.9995
Gm128,Gm128,1.9432,0.0727,1.1478,0.0634,0.9495,0.9995
Gm12942,Gm12942,11.4047,0.202,0.4696,0.4301,0.6671,0.9995
Gm12992,Gm12992,10.6314,-0.0035,0.5262,-0.0066,0.9947,0.9995
Gm13031,Gm13031,0.9155,-0.5892,1.4994,-0.393,0.6944,0.9995
Gm13034,Gm13034,1.3702,0.9964,1.305,0.7635,0.4452,0.9995
Gm13139,Gm13139,0.4586,1.421,2.4886,0.571,0.568,0.9995
Gm13152,Gm13152,1.139,-1.5295,1.6417,-0.9317,0.3515,0.9995
Gm13154,Gm13154,8.7877,0.6289,0.5847,1.0755,0.2821,0.9995
Gm13157,Gm13157,1.3711,-0.1742,1.596,-0.1091,0.9131,0.9995
Gm13212,Gm13212,0.6845,0.885,2.0444,0.4329,0.6651,0.9995
Gm13247,Gm13247,2.5202,0.0853,1.1043,0.0772,0.9385,0.9995
Gm13251,Gm13251,1.2546,0.7871,1.2503,0.6296,0.529,0.9995
Gm13271,Gm13271,2.6289,-0.0901,0.8515,-0.1059,0.9157,0.9995
Gm13275,Gm13275,1.3716,1.0812,1.4942,0.7236,0.4693,0.9995
Gm13276,Gm13276,5.025,0.2966,0.6727,0.441,0.6592,0.9995
Gm13283,Gm13283,0.344,-0.476,2.6711,-0.1782,0.8586,0.9995
Gm13286,Gm13286,0.5716,-2.5172,2.2818,-1.1032,0.27,0.9995
Gm13293,Gm13293,3.9996,0.2664,0.729,0.3654,0.7148,0.9995
Gm13375,Gm13375,110.5078,0.0501,0.1559,0.3213,0.748,0.9995
Gm13446,Gm13446,0.458,2.5035,2.3725,1.0552,0.2913,0.9995
Gm13483,Gm13483,16.5335,0.5748,0.4317,1.3315,0.183,0.9995
Gm13544,Gm13544,34.7823,0.1225,0.3088,0.3965,0.6917,0.9995
Gm13547,Gm13547,3.5306,1.2242,1.0173,1.2034,0.2288,0.9995
Gm13582,Gm13582,0.6829,-1.4732,2.3578,-0.6248,0.5321,0.9995
Gm136,Gm136,0.3441,-1.7844,2.6033,-0.6854,0.4931,0.9995
Gm13710,Gm13710,5.5754,0.403,0.9547,0.4221,0.6729,0.9995
Gm13749,Gm13749,0.9196,0.8102,1.8529,0.4373,0.6619,0.9995
Gm13807,Gm13807,108.3874,-0.0384,0.2303,-0.1668,0.8675,0.9995
Gm13830,Gm13830,2.967,-0.1224,0.8359,-0.1464,0.8836,0.9995
Gm13889,Gm13889,100.1147,0.2351,0.1773,1.3263,0.1847,0.9995
Gm13985,Gm13985,9.2725,-0.5342,0.5495,-0.9722,0.3309,0.9995
Gm13986,Gm13986,31.6842,0.05,0.2977,0.1678,0.8667,0.9995
Gm14005,Gm14005,902.1488,-0.0365,0.0957,-0.3812,0.703,0.9995
Gm14023,Gm14023,13.3834,-0.7761,0.3929,-1.9753,0.0482,0.9995
Gm14057,Gm14057,25.599,-0.1202,0.3025,-0.3974,0.691,0.9995
Gm14085,Gm14085,0.3421,-0.4733,2.6744,-0.177,0.8595,0.9995
Gm14124,Gm14124,3.7684,-0.3404,0.8086,-0.4209,0.6738,0.9995
Gm14137,Gm14137,548.9317,0.0531,0.0895,0.5931,0.5531,0.9995
Gm14139,Gm14139,47.7758,-0.3093,0.2292,-1.3496,0.1771,0.9995
Gm14288,Gm14288,0.9111,-0.5704,2.014,-0.2832,0.777,0.9995
Gm14295,Gm14295,154.5692,-0.116,0.1643,-0.7063,0.48,0.9995
Gm14305,Gm14305,151.3756,0.0706,0.1939,0.3642,0.7157,0.9995
Gm14322,Gm14322,33.4627,0.0589,0.3223,0.1827,0.855,0.9995
Gm14325,Gm14325,320.6523,0.0373,0.1321,0.2821,0.7778,0.9995
Gm14326,Gm14326,176.2382,0.064,0.1558,0.4108,0.6813,0.9995
Gm14327,Gm14327,29.8167,-0.1929,0.2722,-0.7087,0.4785,0.9995
Gm14379,Gm14379,12.9323,-0.2169,0.5241,-0.4138,0.679,0.9995
Gm14391,Gm14391,1.361,2.1639,1.761,1.2288,0.2192,0.9995
Gm14393,Gm14393,4.3423,0.6088,0.6765,0.9,0.3681,0.9995
Gm14403,Gm14403,91.0965,0.0856,0.2002,0.4274,0.6691,0.9995
Gm14420,Gm14420,227.7463,0.1355,0.1374,0.9857,0.3243,0.9995
Gm14436,Gm14436,2.617,1.3813,1.1014,1.2541,0.2098,0.9995
Gm14440,Gm14440,7.0672,0.5525,0.6459,0.8555,0.3923,0.9995
Gm14634,Gm14634,9.4812,0.5065,0.4762,1.0636,0.2875,0.9995
Gm14635,Gm14635,339.8303,0.0122,0.2722,0.0447,0.9643,0.9995
Gm14827,Gm14827,1.601,-1.1741,1.1303,-1.0387,0.2989,0.9995
Gm15008,Gm15008,0.6839,0.8659,1.8179,0.4763,0.6338,0.9995
Gm15097,Gm15097,6.8551,-0.5448,0.6024,-0.9044,0.3658,0.9995
Gm15104,Gm15104,0.6893,1.0614,2.3327,0.455,0.6491,0.9995
Gm15127,Gm15127,0.4585,0.2198,2.1461,0.1024,0.9184,0.9995
Gm15179,Gm15179,0.5712,-0.3648,1.8107,-0.2015,0.8403,0.9995
Gm15217,Gm15217,8.9196,-0.2899,0.5249,-0.5524,0.5807,0.9995
Gm15326,Gm15326,0.3428,-1.7798,2.6044,-0.6834,0.4944,0.9995
Gm15328,Gm15328,1.8251,0.0014,1.127,0.0013,0.999,1
Gm15401,Gm15401,7.5483,-0.1826,0.5178,-0.3527,0.7243,0.9995
Gm15408,Gm15408,9.0267,0.1527,0.5285,0.2889,0.7727,0.9995
Gm15413,Gm15413,9.6035,-0.1909,0.5258,-0.363,0.7166,0.9995
Gm15417,Gm15417,148.2308,0.2248,0.2148,1.0465,0.2953,0.9995
Gm15421,Gm15421,31.1926,0.1218,0.2662,0.4577,0.6472,0.9995
Gm15441,Gm15441,3.9995,0.3405,0.7545,0.4513,0.6518,0.9995
Gm15446,Gm15446,15.8875,0.337,0.3703,0.9101,0.3628,0.9995
Gm15455,Gm15455,6.2823,0.2004,0.6544,0.3063,0.7594,0.9995
Gm15471,Gm15471,1.7125,0.2926,1.2087,0.242,0.8087,0.9995
Gm15545,Gm15545,41.8097,0.1288,0.2524,0.5102,0.6099,0.9995
Gm15612,Gm15612,10.9603,0.0421,0.5007,0.084,0.933,0.9995
Gm1564,Gm1564,5.4953,0.0763,0.6182,0.1235,0.9017,0.9995
Gm15663,Gm15663,7.3184,0.2504,0.6092,0.4111,0.681,0.9995
Gm15694,Gm15694,18.1869,-0.3013,0.3789,-0.7953,0.4264,0.9995
Gm15698,Gm15698,4.1126,0.3806,0.7835,0.4857,0.6272,0.9995
Gm15706,Gm15706,22.5215,-0.1755,0.2909,-0.6033,0.5463,0.9995
Gm15708,Gm15708,21.0426,-0.2554,0.3129,-0.8163,0.4143,0.9995
Gm15760,Gm15760,72.3296,0.0455,0.2089,0.2177,0.8276,0.9995
Gm15787,Gm15787,19.765,0.3394,0.3953,0.8587,0.3905,0.9995
Gm15800,Gm15800,1813.8822,-0.1915,0.0668,-2.8658,0.0042,0.9995
Gm15816,Gm15816,775.093,-0.0337,0.2635,-0.1278,0.8983,0.9995
Gm15850,Gm15850,1.9362,0.6824,1.258,0.5425,0.5875,0.9995
Gm15867,Gm15867,626.3943,0.0669,0.1988,0.3363,0.7367,0.9995
Gm15908,Gm15908,12.6841,-0.2502,0.4073,-0.6143,0.539,0.9995
Gm15910,Gm15910,1.8298,0.7558,1.3586,0.5563,0.578,0.9995
Gm15915,Gm15915,4.3438,-0.5538,0.675,-0.8205,0.4119,0.9995
Gm15972,Gm15972,2.7474,-0.2067,0.829,-0.2494,0.8031,0.9995
Gm15987,Gm15987,14.667,0.9989,0.9337,1.0698,0.2847,0.9995
Gm1600,Gm1600,5.6072,0.6118,0.7732,0.7913,0.4288,0.9995
Gm16023,Gm16023,15.9964,0.2304,0.4257,0.5412,0.5883,0.9995
Gm16062,Gm16062,14.4972,0.3162,0.4375,0.7228,0.4698,0.9995
Gm16159,Gm16159,4.8034,-0.1141,0.6927,-0.1647,0.8692,0.9995
Gm16287,Gm16287,0.796,0.3165,2.0199,0.1567,0.8755,0.9995
Gm16386,Gm16386,18.0784,-0.5253,0.3519,-1.4929,0.1355,0.9995
Gm16432,Gm16432,5.8445,-0.1853,0.6804,-0.2724,0.7853,0.9995
Gm16532,Gm16532,0.7996,1.4231,1.6705,0.8519,0.3943,0.9995
Gm16576,Gm16576,77.0557,-0.0506,0.2648,-0.1912,0.8483,0.9995
Gm16596,Gm16596,27.9812,0.3924,0.303,1.2948,0.1954,0.9995
Gm166,Gm166,83.8838,-0.0099,0.1722,-0.0575,0.9542,0.9995
Gm1661,Gm1661,12.4473,0.2417,0.6234,0.3877,0.6982,0.9995
Gm16617,Gm16617,9.945,-0.5321,0.468,-1.137,0.2556,0.9995
Gm16675,Gm16675,29.4722,-0.1316,0.2973,-0.4425,0.6581,0.9995
Gm16701,Gm16701,1.4869,-0.2747,1.1626,-0.2363,0.8132,0.9995
Gm16712,Gm16712,2.6262,0.557,0.9932,0.5608,0.575,0.9995
Gm1673,Gm1673,14.9828,0.2629,0.3895,0.6749,0.4997,0.9995
Gm16740,Gm16740,7.2893,1.3922,0.8191,1.6997,0.0892,0.9995
Gm16793,Gm16793,5.5871,0.5869,0.6374,0.9207,0.3572,0.9995
Gm16796,Gm16796,3.8828,0.3049,0.7097,0.4296,0.6675,0.9995
Gm16845,Gm16845,63.1513,0.2423,0.2479,0.9774,0.3284,0.9995
Gm16853,Gm16853,1.4876,0.2006,1.1425,0.1755,0.8607,0.9995
Gm16861,Gm16861,34.1396,0.0784,0.3814,0.2056,0.8371,0.9995
Gm16894,Gm16894,2.9696,-0.0344,0.8272,-0.0416,0.9668,0.9995
Gm16897,Gm16897,15.9824,0.1557,0.4126,0.3773,0.7059,0.9995
Gm16907,Gm16907,135.3566,-0.2797,0.1826,-1.5323,0.1255,0.9995
Gm16938,Gm16938,14.3748,1.1668,0.4457,2.6178,0.0088,0.9995
Gm16973,Gm16973,64.57,0.2522,0.2485,1.0149,0.3102,0.9995
Gm16982,Gm16982,14.0121,0.5625,0.5835,0.9639,0.3351,0.9995
Gm16998,Gm16998,0.4581,0.2172,2.1461,0.1012,0.9194,0.9995
Gm17066,Gm17066,422.467,-0.0619,0.1687,-0.3671,0.7136,0.9995
Gm1720,Gm1720,1.2579,-0.695,1.508,-0.4609,0.6449,0.9995
Gm17252,Gm17252,1.9485,0.9632,1.126,0.8554,0.3923,0.9995
Gm17296,Gm17296,387.5757,-0.1589,0.1264,-1.257,0.2088,0.9995
Gm17455,Gm17455,112.9226,0.1739,0.2394,0.7264,0.4676,0.9995
Gm17746,Gm17746,1.8322,0.4738,1.0505,0.451,0.652,0.9995
Gm17762,Gm17762,6.5063,0.9678,0.5871,1.6485,0.0993,0.9995
Gm17769,Gm17769,11.5436,0.093,0.4161,0.2235,0.8231,0.9995
Gm1821,Gm1821,391.2485,0.6094,0.3597,1.694,0.0903,0.9995
Gm18409,Gm18409,0.4579,0.2152,2.5707,0.0837,0.9333,0.9995
Gm19276,Gm19276,2.627,0.6165,0.9131,0.6751,0.4996,0.9995
Gm19277,Gm19277,0.6825,-0.2977,2.0293,-0.1467,0.8834,0.9995
Gm19299,Gm19299,11.6661,0.4295,0.4603,0.933,0.3508,0.9995
Gm19345,Gm19345,0.688,-1.8006,1.9551,-0.921,0.3571,0.9995
Gm19395,Gm19395,0.4554,-1.0543,2.5226,-0.4179,0.676,0.9995
Gm1943,Gm1943,841.7087,0.2096,0.0892,2.3487,0.0188,0.9995
Gm19434,Gm19434,9.8125,0.6211,0.7199,0.8628,0.3883,0.9995
Gm19461,Gm19461,0.5716,-1.4726,1.9921,-0.7392,0.4598,0.9995
Gm19510,Gm19510,11.5579,-0.1277,0.4666,-0.2736,0.7844,0.9995
Gm19522,Gm19522,4.1146,0.0677,0.7045,0.096,0.9235,0.9995
Gm19557,Gm19557,21.4696,-0.1898,0.379,-0.5009,0.6164,0.9995
Gm19589,Gm19589,31.8844,-0.4262,0.3868,-1.1019,0.2705,0.9995
Gm19619,Gm19619,0.7932,1.183,2.4259,0.4877,0.6258,0.9995
Gm19705,Gm19705,15.3201,-0.0422,0.372,-0.1135,0.9097,0.9995
Gm19710,Gm19710,22.1721,0.275,0.3551,0.7744,0.4387,0.9995
Gm1976,Gm1976,193.7581,0.2176,0.1284,1.6943,0.0902,0.9995
Gm1979,Gm1979,0.5684,0.3099,2.5082,0.1236,0.9017,0.9995
Gm19897,Gm19897,3.7639,0.1014,0.7793,0.1301,0.8965,0.9995
Gm1995,Gm1995,9.4729,0.8125,0.5271,1.5413,0.1232,0.9995
Gm2011,Gm2011,13.8161,0.0493,0.3976,0.124,0.9013,0.9995
Gm20125,Gm20125,3.4287,0.1938,0.8651,0.224,0.8227,0.9995
Gm20139,Gm20139,19.3405,0.351,0.4007,0.8759,0.3811,0.9995
Gm2016,Gm2016,52.4639,0.5658,0.3887,1.4556,0.1455,0.9995
Gm20219,Gm20219,17.379,-0.2439,0.4152,-0.5875,0.5569,0.9995
Gm2022,Gm2022,77.1159,0.3246,0.3877,0.8372,0.4025,0.9995
Gm20257,Gm20257,27.9125,-0.0115,0.3018,-0.0382,0.9696,0.9995
Gm2027,Gm2027,0.457,0.21,2.572,0.0817,0.9349,0.9995
Gm20300,Gm20300,547.8448,-0.0665,0.1952,-0.3404,0.7335,0.9995
Gm20324,Gm20324,5.932,0.5747,0.8703,0.6604,0.509,0.9995
Gm20337,Gm20337,15.898,-0.0844,0.3491,-0.2416,0.8091,0.9995
Gm2042,Gm2042,1.3744,-0.5644,1.3635,-0.4139,0.679,0.9995
Gm20554,Gm20554,54.8358,0.1983,0.2525,0.7853,0.4323,0.9995
Gm20556,Gm20556,0.6872,-0.7828,1.9689,-0.3976,0.691,0.9995
Gm20597,Gm20597,0.3423,0.9335,2.6541,0.3517,0.7251,0.9995
Gm20605,Gm20605,26.2959,0.4445,0.286,1.5545,0.1201,0.9995
Gm20743,Gm20743,2.5143,-0.5169,1.0176,-0.508,0.6115,0.9995
Gm20753,Gm20753,1.1417,-1.0694,1.384,-0.7727,0.4397,0.9995
Gm20755,Gm20755,0.684,1.9865,1.9486,1.0194,0.308,0.9995
Gm20756,Gm20756,7.0745,0.1256,0.5456,0.2302,0.8179,0.9995
Gm20758,Gm20758,3.7723,0.2733,0.7138,0.3828,0.7019,0.9995
Gm20939,Gm20939,5.3798,-0.5644,0.6416,-0.8797,0.379,0.9995
Gm2115,Gm2115,1123.7085,0.0411,0.1223,0.3361,0.7368,0.9995
Gm21188,Gm21188,2.6308,0.1676,0.8295,0.202,0.8399,0.9995
Gm21284,Gm21284,4.2401,-0.8418,0.7964,-1.057,0.2905,0.9995
Gm2176,Gm2176,1.0306,0.4233,1.5163,0.2792,0.7801,0.9995
Gm21859,Gm21859,0.6866,2.1193,1.9074,1.1111,0.2665,0.9995
Gm2381,Gm2381,1.4857,-1.0539,1.453,-0.7253,0.4683,0.9995
Gm24148,Gm24148,2.7345,0.6023,1.181,0.51,0.6101,0.9995
Gm2518,Gm2518,3.3116,0.4516,0.8115,0.5565,0.5779,0.9995
Gm25500,Gm25500,6.9603,0.5384,0.5831,0.9232,0.3559,0.9995
Gm2560,Gm2560,34.9892,-0.1258,0.2504,-0.5025,0.6153,0.9995
Gm266,Gm266,10.1728,0.26,0.4865,0.5345,0.593,0.9995
Gm26705,Gm26705,22.3991,-0.0531,0.3937,-0.1348,0.8928,0.9995
Gm2694,Gm2694,28.5644,0.47,0.2819,1.6669,0.0955,0.9995
Gm28042,Gm28042,1.1377,0.4482,1.8546,0.2417,0.809,0.9995
Gm29684,Gm29684,1.8332,-0.2422,1.0903,-0.2222,0.8242,0.9995
Gm29766,Gm29766,199.8791,0.004,0.1123,0.036,0.9713,0.9995
Gm29811,Gm29811,10.4156,-0.1326,0.4886,-0.2714,0.7861,0.9995
Gm2a,Gm2a,4420.7401,0.0737,0.1726,0.4269,0.6695,0.9995
Gm30505,Gm30505,2.5193,0.3734,0.9074,0.4115,0.6807,0.9995
Gm3086,Gm3086,4.3411,0.7374,0.7402,0.9961,0.3192,0.9995
Gm31763,Gm31763,6.6268,1.0155,0.6616,1.535,0.1248,0.9995
Gm3219,Gm3219,55.9269,0.167,0.3066,0.5448,0.5859,0.9995
Gm3230,Gm3230,18.6443,-0.1787,0.3489,-0.5124,0.6084,0.9995
Gm3258,Gm3258,7.3137,0.6166,0.6483,0.951,0.3416,0.9995
Gm3264,Gm3264,0.344,-0.476,2.6711,-0.1782,0.8586,0.9995
Gm3336,Gm3336,2.9763,1.0061,0.9316,1.08,0.2802,0.9995
Gm3363,Gm3363,4.22,0.4474,0.7162,0.6247,0.5321,0.9995
Gm3414,Gm3414,26.8677,-0.0514,0.3028,-0.1696,0.8653,0.9995
Gm3435,Gm3435,57.4093,0.1777,0.7144,0.2487,0.8036,0.9995
Gm35612,Gm35612,2.7402,-1.1505,0.9784,-1.1759,0.2396,0.9995
Gm3604,Gm3604,16.3421,-0.5322,0.4729,-1.1253,0.2604,0.9995
Gm3636,Gm3636,30.4161,0.401,0.2818,1.4229,0.1548,0.9995
Gm364,Gm364,0.5748,0.6962,2.4526,0.2839,0.7765,0.9995
Gm3646,Gm3646,1.0318,1.1058,1.4225,0.7774,0.4369,0.9995
Gm3704,Gm3704,15.4353,-0.131,0.4873,-0.2688,0.7881,0.9995
Gm3716,Gm3716,70.8167,-0.3497,0.3845,-0.9095,0.3631,0.9995
Gm3776,Gm3776,18.6148,-0.2191,0.8252,-0.2655,0.7906,0.9995
Gm38402,Gm38402,0.5683,2.7216,2.3296,1.1683,0.2427,0.9995
Gm38403,Gm38403,446.7975,-0.0681,0.2543,-0.2677,0.789,0.9995
Gm38407,Gm38407,0.7991,0.2808,1.7326,0.1621,0.8712,0.9995
Gm38416,Gm38416,0.7947,-0.1457,2.0776,-0.0701,0.9441,0.9995
Gm38426,Gm38426,10.6347,-0.0622,0.4612,-0.1348,0.8928,0.9995
Gm38670,Gm38670,8.9038,0.4753,0.5125,0.9272,0.3538,0.9995
Gm4013,Gm4013,7.416,0.2249,0.603,0.373,0.7091,0.9995
Gm41,Gm41,2.5087,0.1211,0.9041,0.134,0.8934,0.9995
Gm4262,Gm4262,62.6097,0.0438,0.3011,0.1456,0.8843,0.9995
Gm4285,Gm4285,22.1489,0.2678,0.3431,0.7805,0.4351,0.9995
Gm4349,Gm4349,0.8033,-0.2778,1.6651,-0.1668,0.8675,0.9995
Gm4371,Gm4371,17.3984,0.2473,0.4648,0.5321,0.5947,0.9995
Gm4461,Gm4461,0.7949,-0.0589,2.4609,-0.0239,0.9809,0.9995
Gm4477,Gm4477,0.5688,0.2847,2.1109,0.1349,0.8927,0.9995
Gm4532,Gm4532,13.691,1.496,0.5673,2.6372,0.0084,0.9995
Gm4737,Gm4737,1224.5633,0.194,0.1673,1.1595,0.2462,0.9995
Gm4787,Gm4787,8.6717,0.2381,0.5102,0.4666,0.6408,0.9995
Gm4788,Gm4788,1.0277,-0.219,1.5733,-0.1392,0.8893,0.9995
Gm4827,Gm4827,1.6071,-1.1916,1.2595,-0.9461,0.3441,0.9995
Gm4832,Gm4832,0.6861,-0.7754,1.7368,-0.4464,0.6553,0.9995
Gm4841,Gm4841,0.6871,-0.7824,1.9695,-0.3973,0.6912,0.9995
Gm4890,Gm4890,13.2462,-0.2686,0.3987,-0.6737,0.5005,0.9995
Gm4907,Gm4907,1.2593,-0.3447,1.3828,-0.2493,0.8032,0.9995
Gm4925,Gm4925,5.3702,0.8384,0.6863,1.2216,0.2219,0.9995
Gm4944,Gm4944,100.3112,-0.049,0.2448,-0.2001,0.8414,0.9995
Gm4951,Gm4951,2.0663,-0.2457,1.3805,-0.178,0.8587,0.9995
Gm4952,Gm4952,1.7116,-0.2079,1.3813,-0.1505,0.8803,0.9995
Gm4961,Gm4961,2.2936,-0.4652,0.9757,-0.4768,0.6335,0.9995
Gm4984,Gm4984,0.5722,-0.3615,1.8102,-0.1997,0.8417,0.9995
Gm5039,Gm5039,67.8629,0.3398,0.3849,0.8829,0.3773,0.9995
Gm5069,Gm5069,24.2152,0.0284,0.3065,0.0926,0.9262,0.9995
Gm5082,Gm5082,1.1398,1.1354,1.883,0.603,0.5465,0.9995
Gm5084,Gm5084,10.7565,-0.7176,0.5042,-1.4234,0.1546,0.9995
Gm5086,Gm5086,0.5719,0.7004,2.4535,0.2855,0.7753,0.9995
Gm5088,Gm5088,132.5409,-0.2285,0.1662,-1.3744,0.1693,0.9995
Gm5089,Gm5089,0.5717,-1.4753,2.3941,-0.6162,0.5377,0.9995
Gm5091,Gm5091,3.0854,0.7703,0.7793,0.9884,0.323,0.9995
Gm5105,Gm5105,245.977,-0.0687,0.1549,-0.4436,0.6573,0.9995
Gm5113,Gm5113,209.9754,-0.0956,0.1568,-0.6095,0.5422,0.9995
Gm5122,Gm5122,0.3423,0.9335,2.6541,0.3517,0.7251,0.9995
Gm5124,Gm5124,1.0271,-0.8662,1.8706,-0.4631,0.6433,0.9995
Gm5126,Gm5126,3.0882,0.5351,0.8563,0.6249,0.532,0.9995
Gm5129,Gm5129,2.6236,-0.1916,0.8679,-0.2207,0.8253,0.9995
Gm5141,Gm5141,19.4453,-0.5293,0.3696,-1.4318,0.1522,0.9995
Gm5148,Gm5148,240.0208,0.5941,0.3379,1.7585,0.0787,0.9995
Gm5176,Gm5176,2.1733,-0.1385,1.0147,-0.1365,0.8914,0.9995
Gm527,Gm527,97.6177,-0.0151,0.2009,-0.0751,0.9401,0.9995
Gm5420,Gm5420,0.5702,1.6108,2.0404,0.7894,0.4299,0.9995
Gm5431,Gm5431,1.8299,0.3681,1.2096,0.3043,0.7609,0.9995
Gm5434,Gm5434,0.4592,-1.0667,2.5214,-0.423,0.6723,0.9995
Gm5464,Gm5464,1.8191,0.1774,1.2416,0.1429,0.8864,0.9995
Gm5468,Gm5468,0.6887,0.1268,1.9715,0.0643,0.9487,0.9995
Gm5475,Gm5475,0.3435,0.9378,2.6523,0.3536,0.7237,0.9995
Gm5512,Gm5512,3.8834,0.6725,0.7179,0.9367,0.3489,0.9995
Gm5523,Gm5523,10.1846,-0.3529,0.6398,-0.5516,0.5813,0.9995
Gm5532,Gm5532,108.5313,0.1087,0.3509,0.3097,0.7568,0.9995
Gm5544,Gm5544,2.618,1.3643,1.0326,1.3211,0.1865,0.9995
Gm5547,Gm5547,2.055,-0.1141,0.9774,-0.1167,0.9071,0.9995
Gm5577,Gm5577,16.6762,0.1636,0.3671,0.4457,0.6558,0.9995
Gm5595,Gm5595,54.6323,-0.0716,0.1977,-0.362,0.7173,0.9995
Gm561,Gm561,194.7418,0.0985,0.1474,0.6684,0.5039,0.9995
Gm5617,Gm5617,71.1584,-0.0376,0.1914,-0.1965,0.8442,0.9995
Gm5627,Gm5627,0.3438,-0.475,2.6713,-0.1778,0.8589,0.9995
Gm5643,Gm5643,18.9574,-0.4753,0.3628,-1.3104,0.1901,0.9995
Gm5662,Gm5662,117.3397,0.3355,0.2216,1.5136,0.1301,0.9995
Gm572,Gm572,2.5183,0.2994,0.9187,0.3259,0.7445,0.9995
Gm5741,Gm5741,6.3834,1.1198,0.7992,1.4011,0.1612,0.9995
Gm5779,Gm5779,10.9785,0.4769,0.4853,0.9827,0.3258,0.9995
Gm5801,Gm5801,277.2569,0.3609,0.1487,2.4277,0.0152,0.9995
Gm5803,Gm5803,5.4836,-0.5123,0.7516,-0.6816,0.4955,0.9995
Gm5820,Gm5820,2.5102,-0.3487,0.9112,-0.3827,0.7019,0.9995
Gm5833,Gm5833,0.5724,-0.3619,1.8102,-0.1999,0.8415,0.9995
Gm6034,Gm6034,1.3666,-0.5487,1.5148,-0.3622,0.7172,0.9995
Gm608,Gm608,1140.4698,-0.0931,0.2505,-0.3716,0.7102,0.9995
Gm6093,Gm6093,344.7105,-0.1337,0.1574,-0.8494,0.3956,0.9995
Gm614,Gm614,1.3749,1.0951,1.3479,0.8124,0.4165,0.9995
Gm6194,Gm6194,1.0289,1.0925,1.5507,0.7046,0.4811,0.9995
Gm6225,Gm6225,5.2454,0.1854,0.7197,0.2577,0.7967,0.9995
Gm6251,Gm6251,6.7479,0.1078,0.5262,0.2049,0.8376,0.9995
Gm6277,Gm6277,6.6306,-0.3316,0.586,-0.5659,0.5714,0.9995
Gm6297,Gm6297,17.7055,-0.1246,0.4042,-0.3083,0.7578,0.9995
Gm6307,Gm6307,5.5892,-0.0618,0.69,-0.0896,0.9286,0.9995
Gm6329,Gm6329,0.3438,-0.475,2.6713,-0.1778,0.8589,0.9995
Gm6377,Gm6377,4.799,0.856,0.7164,1.1949,0.2321,0.9995
Gm6402,Gm6402,6.519,-0.3206,0.6355,-0.5045,0.6139,0.9995
Gm6416,Gm6416,0.686,2.0955,2.2725,0.9221,0.3565,0.9995
Gm6484,Gm6484,4.5643,0.0287,0.7256,0.0395,0.9685,0.9995
Gm6498,Gm6498,0.6885,-1.8017,1.9552,-0.9215,0.3568,0.9995
Gm6524,Gm6524,1.4823,1.1812,1.2761,0.9256,0.3547,0.9995
Gm6537,Gm6537,0.458,1.4194,2.4889,0.5703,0.5685,0.9995
Gm6548,Gm6548,417.4123,-0.0069,0.1085,-0.064,0.9489,0.9995
Gm6559,Gm6559,1.8223,0.5768,1.1886,0.4853,0.6275,0.9995
Gm6567,Gm6567,3.5505,-0.8265,0.7846,-1.0534,0.2922,0.9995
Gm6568,Gm6568,2.0645,-0.8864,1.161,-0.7634,0.4452,0.9995
Gm6578,Gm6578,0.6829,-0.2988,2.0294,-0.1473,0.8829,0.9995
Gm6583,Gm6583,1.4861,-0.7687,1.2184,-0.6309,0.5281,0.9995
Gm6592,Gm6592,1.0284,-0.2098,1.5265,-0.1374,0.8907,0.9995
Gm6623,Gm6623,3.6678,0.6129,1.0237,0.5986,0.5494,0.9995
Gm6634,Gm6634,310.6363,-0.1437,0.1605,-0.8956,0.3705,0.9995
Gm6654,Gm6654,17.9449,0.3863,0.3669,1.053,0.2924,0.9995
Gm6682,Gm6682,215.8052,-0.0674,0.2418,-0.2789,0.7803,0.9995
Gm6710,Gm6710,2.2822,0.5506,1.0627,0.5181,0.6044,0.9995
Gm6787,Gm6787,7.3122,-0.1563,0.5149,-0.3035,0.7615,0.9995
Gm6815,Gm6815,0.3442,-0.476,2.6709,-0.1782,0.8586,0.9995
Gm684,Gm684,97.8628,0.1497,0.1705,0.8783,0.3798,0.9995
Gm6880,Gm6880,15.7684,0.4395,0.3762,1.1682,0.2427,0.9995
Gm6904,Gm6904,6.2795,0.5276,0.7479,0.7055,0.4805,0.9995
Gm6981,Gm6981,6.8651,-0.4845,0.5724,-0.8463,0.3974,0.9995
Gm7008,Gm7008,5.72,-0.1975,0.6229,-0.3171,0.7511,0.9995
Gm7030,Gm7030,2.849,0.2149,1.0333,0.2079,0.8353,0.9995
Gm7102,Gm7102,1.4849,1.7582,1.2189,1.4425,0.1492,0.9995
Gm7104,Gm7104,4.1103,0.0093,0.7663,0.0121,0.9904,0.9995
Gm7120,Gm7120,127.963,0.1363,0.1798,0.7581,0.4484,0.9995
Gm7325,Gm7325,2504.845,0.0275,0.1731,0.1588,0.8738,0.9995
Gm7361,Gm7361,176.0313,-0.5983,0.288,-2.0772,0.0378,0.9995
Gm7609,Gm7609,1.7134,-0.209,1.2102,-0.1727,0.8629,0.9995
Gm7694,Gm7694,5.4803,-0.5705,0.6414,-0.8896,0.3737,0.9995
Gm773,Gm773,87.6778,0.0572,0.1868,0.3061,0.7595,0.9995
Gm7904,Gm7904,1.3686,-0.2088,1.4017,-0.1489,0.8816,0.9995
Gm805,Gm805,0.3438,-0.475,2.6713,-0.1778,0.8589,0.9995
Gm8096,Gm8096,0.5731,-1.476,1.9922,-0.7409,0.4588,0.9995
Gm8234,Gm8234,2.6274,-0.0947,0.9551,-0.0992,0.921,0.9995
Gm8300,Gm8300,226.5683,0.2492,0.2047,1.2174,0.2235,0.9995
Gm8369,Gm8369,2.4045,-1.1863,0.9956,-1.1916,0.2334,0.9995
Gm8615,Gm8615,1125.9338,0.1174,0.1747,0.6721,0.5015,0.9995
Gm8633,Gm8633,0.7992,-0.7172,2.0086,-0.357,0.7211,0.9995
Gm867,Gm867,59.9264,0.1508,0.3663,0.4118,0.6805,0.9995
Gm8773,Gm8773,28.8477,-0.241,0.3508,-0.6872,0.492,0.9995
Gm8801,Gm8801,180.988,0.0494,0.2502,0.1975,0.8434,0.9995
Gm8817,Gm8817,1.257,-0.706,1.6271,-0.4339,0.6644,0.9995
Gm8883,Gm8883,25.9597,0.0121,0.3156,0.0383,0.9694,0.9995
Gm8909,Gm8909,8.7839,0.2342,0.5924,0.3953,0.6926,0.9995
Gm904,Gm904,0.6888,-0.7806,1.7372,-0.4493,0.6532,0.9995
Gm9054,Gm9054,5.1526,-0.7156,0.7194,-0.9948,0.3198,0.9995
Gm9079,Gm9079,42.1742,0.116,0.3132,0.3703,0.7112,0.9995
Gm9159,Gm9159,0.7986,0.262,1.5864,0.1652,0.8688,0.9995
Gm9199,Gm9199,38.4384,-0.0117,0.3508,-0.0333,0.9735,0.9995
Gm960,Gm960,14.8458,0.4148,0.4101,1.0115,0.3118,0.9995
Gm973,Gm973,3.312,-0.3289,0.8652,-0.3801,0.7039,0.9995
Gm9758,Gm9758,0.4544,1.0267,2.5451,0.4034,0.6866,0.9995
Gm9776,Gm9776,78.271,0.0252,0.1731,0.1458,0.8841,0.9995
Gm9833,Gm9833,17.9403,0.2435,0.3389,0.7186,0.4724,0.9995
Gm9895,Gm9895,0.4599,0.2161,2.1462,0.1007,0.9198,0.9995
Gm9920,Gm9920,2.3981,0.9837,1.0346,0.9507,0.3417,0.9995
Gm9958,Gm9958,24.9944,0.6611,0.5791,1.1416,0.2536,0.9995
Gm996,Gm996,190.1123,0.0022,0.1396,0.0158,0.9874,0.9995
Gm9992,Gm9992,214.7522,0.0853,0.3983,0.2141,0.8305,0.9995
Gm9994,Gm9994,15.2992,0.0179,0.3769,0.0476,0.962,0.9995
Gmcl1,Gmcl1,1275.1587,0.0549,0.0716,0.7673,0.4429,0.9995
Gmds,Gmds,1406.6686,0.2244,0.184,1.2197,0.2226,0.9995
Gmeb1,Gmeb1,1016.823,-0.2332,0.1296,-1.7999,0.0719,0.9995
Gmeb2,Gmeb2,934.3813,-0.0903,0.0756,-1.1952,0.232,0.9995
Gmfb,Gmfb,5604.795,-0.0361,0.1395,-0.259,0.7957,0.9995
Gmip,Gmip,505.5168,-0.0048,0.0822,-0.0589,0.953,0.9995
Gml,Gml,2.0484,0.5576,1.3229,0.4215,0.6734,0.9995
Gmnn,Gmnn,538.1008,-0.0502,0.2529,-0.1987,0.8425,0.9995
Gmppa,Gmppa,2346.7141,-0.0174,0.0903,-0.1927,0.8472,0.9995
Gmppb,Gmppb,927.1652,0.0221,0.1056,0.2095,0.8341,0.9995
Gmpr,Gmpr,566.8856,0.0735,0.1208,0.6089,0.5426,0.9995
Gmpr2,Gmpr2,854.001,0.0558,0.0888,0.6282,0.5298,0.9995
Gmps,Gmps,2914.6401,-0.0393,0.0898,-0.4371,0.662,0.9995
Gna11,Gna11,5739.9055,-0.0087,0.0641,-0.1361,0.8917,0.9995
Gna12,Gna12,1412.9027,-0.1007,0.0872,-1.1554,0.2479,0.9995
Gna13,Gna13,3660.9739,-0.0714,0.067,-1.0664,0.2862,0.9995
Gna14,Gna14,16.0183,-0.5427,0.3784,-1.434,0.1516,0.9995
Gna15,Gna15,1.9432,0.1732,1.1475,0.151,0.88,0.9995
Gnai1,Gnai1,376.6315,0.0265,0.1507,0.1761,0.8602,0.9995
Gnai2,Gnai2,20846.1147,0.0157,0.0653,0.2411,0.8095,0.9995
Gnai3,Gnai3,7140.8809,-0.0699,0.1024,-0.6827,0.4948,0.9995
Gnal,Gnal,125.5928,0.2029,0.1866,1.0875,0.2768,0.9995
Gnao1,Gnao1,6222.5597,-0.0783,0.0777,-1.0087,0.3131,0.9995
Gnaq,Gnaq,1658.0662,-0.0305,0.1279,-0.2386,0.8114,0.9995
Gnas,Gnas,43959.8451,-0.035,0.1021,-0.3425,0.732,0.9995
Gnat1,Gnat1,0.4578,1.4194,2.4892,0.5702,0.5685,0.9995
Gnat2,Gnat2,13.1505,-0.1957,0.3887,-0.5035,0.6146,0.9995
Gnat3,Gnat3,1.2605,0.8962,1.4142,0.6337,0.5263,0.9995
Gnaz,Gnaz,81.9838,-0.5108,0.1838,-2.7788,0.0055,0.9995
Gnb1,Gnb1,17670.2172,0.0207,0.0529,0.3907,0.696,0.9995
Gnb1l,Gnb1l,200.7305,0.0551,0.137,0.402,0.6877,0.9995
Gnb2,Gnb2,8523.1746,0.1013,0.0715,1.4171,0.1565,0.9995
Gnb2l1,Gnb2l1,50524.6008,0.1135,0.1225,0.927,0.354,0.9995
Gnb3,Gnb3,0.6831,0.1136,2.4212,0.0469,0.9626,0.9995
Gnb4,Gnb4,1480.73,0.0748,0.1012,0.7391,0.4598,0.9995
Gnb5,Gnb5,1212.6354,0.0803,0.1348,0.596,0.5512,0.9995
Gne,Gne,886.3179,0.079,0.1002,0.7878,0.4308,0.9995
Gng10,Gng10,3800.7365,0.0066,0.0665,0.0994,0.9208,0.9995
Gng11,Gng11,462.8675,0.0691,0.0895,0.7726,0.4397,0.9995
Gng12,Gng12,5920.3882,-0.046,0.1244,-0.3703,0.7112,0.9995
Gng13,Gng13,0.9122,1.5416,1.5589,0.989,0.3227,0.9995
Gng2,Gng2,3116.0236,0.0641,0.2003,0.3199,0.749,0.9995
Gng3,Gng3,5.4831,0.4265,0.6094,0.6999,0.484,0.9995
Gng4,Gng4,32.1146,-0.2816,0.2695,-1.045,0.296,0.9995
Gng5,Gng5,3184.1459,0.0747,0.0947,0.7893,0.43,0.9995
Gng7,Gng7,148.7992,-0.2334,0.1807,-1.2912,0.1966,0.9995
Gng8,Gng8,29.1308,0.1263,0.2713,0.4656,0.6415,0.9995
Gngt2,Gngt2,17.3498,0.0826,0.434,0.1904,0.849,0.9995
Gnl1,Gnl1,3240.2783,0.0735,0.0898,0.8186,0.413,0.9995
Gnl2,Gnl2,2464.9793,0.0439,0.0821,0.5342,0.5932,0.9995
Gnl3,Gnl3,2975.8175,0.0976,0.1104,0.8844,0.3765,0.9995
Gnl3l,Gnl3l,3531.397,-0.0373,0.0744,-0.5004,0.6168,0.9995
Gnmt,Gnmt,4.6782,0.5696,0.6922,0.8229,0.4105,0.9995
Gnpat,Gnpat,3404.1325,0.0758,0.0831,0.9118,0.3619,0.9995
Gnpda1,Gnpda1,432.0072,0.0548,0.1722,0.3181,0.7504,0.9995
Gnpda2,Gnpda2,407.4927,-0.0439,0.111,-0.3954,0.6925,0.9995
Gnpnat1,Gnpnat1,1567.3157,0.1058,0.1969,0.5372,0.5911,0.9995
Gnptab,Gnptab,2358.6551,-0.0279,0.1809,-0.1542,0.8774,0.9995
Gnptg,Gnptg,1213.286,0.028,0.1203,0.2326,0.8161,0.9995
Gnrh1,Gnrh1,25.0362,-0.011,0.3609,-0.0306,0.9756,0.9995
Gns,Gns,12482.094,-0.0506,0.1476,-0.3426,0.7319,0.9995
Golga1,Golga1,1255.6973,-0.055,0.1392,-0.3948,0.693,0.9995
Golga2,Golga2,4952.1613,-0.0435,0.0474,-0.9169,0.3592,0.9995
Golga3,Golga3,2602.9486,-0.1047,0.064,-1.6369,0.1017,0.9995
Golga4,Golga4,2734.2639,0.0002,0.1561,0.0013,0.999,1
Golga5,Golga5,2019.0642,-0.067,0.0714,-0.9392,0.3477,0.9995
Golga7,Golga7,3620.8718,0.0105,0.0834,0.1255,0.9001,0.9995
Golga7b,Golga7b,3.3094,0.3459,0.9208,0.3757,0.7071,0.9995
Golgb1,Golgb1,2815.4592,-0.1116,0.1583,-0.7048,0.481,0.9995
Golim4,Golim4,3004.0651,0.0904,0.1224,0.7388,0.4601,0.9995
Golm1,Golm1,745.1288,-0.1479,0.1786,-0.8284,0.4074,0.9995
Golph3,Golph3,7230.5443,-0.1188,0.0984,-1.2069,0.2275,0.9995
Golph3l,Golph3l,1378.7635,-0.1246,0.1142,-1.0907,0.2754,0.9995
Golt1b,Golt1b,3446.0038,0.02,0.0673,0.2971,0.7664,0.9995
Gon4l,Gon4l,1351.8644,-0.1119,0.0694,-1.6131,0.1067,0.9995
Gopc,Gopc,2036.0113,0.008,0.1005,0.0794,0.9367,0.9995
Gorab,Gorab,1563.7082,-0.2124,0.1107,-1.9191,0.055,0.9995
Gorasp1,Gorasp1,1253.4808,0.0335,0.0965,0.347,0.7286,0.9995
Gorasp2,Gorasp2,6665.1103,0.0306,0.0654,0.4679,0.6399,0.9995
Gosr1,Gosr1,2487.4383,-0.0831,0.0565,-1.4708,0.1414,0.9995
Gosr2,Gosr2,5652.3687,0.0232,0.0537,0.4323,0.6656,0.9995
Got1,Got1,3467.9784,0.0183,0.1124,0.1625,0.8709,0.9995
Got2,Got2,12988.2738,0.1589,0.1226,1.2958,0.1951,0.9995
Gp1ba,Gp1ba,25.3586,-0.2547,0.3832,-0.6648,0.5062,0.9995
Gp1bb,Gp1bb,114.6131,0.1853,0.1638,1.1312,0.258,0.9995
Gp5,Gp5,21.1561,-0.0129,0.3845,-0.0336,0.9732,0.9995
Gpa33,Gpa33,10.4058,-0.1953,0.4547,-0.4295,0.6676,0.9995
Gpaa1,Gpaa1,2281.4367,0.0251,0.0795,0.3151,0.7527,0.9995
Gpalpp1,Gpalpp1,1913.4975,-0.0809,0.1192,-0.6792,0.497,0.9995
Gpam,Gpam,1684.7711,-0.0177,0.1574,-0.1123,0.9106,0.9995
Gpank1,Gpank1,437.1288,0.2434,0.1851,1.3147,0.1886,0.9995
Gpat2,Gpat2,2.0577,-0.2047,1.0271,-0.1993,0.842,0.9995
Gpatch1,Gpatch1,662.744,-0.0718,0.083,-0.8649,0.3871,0.9995
Gpatch11,Gpatch11,798.6222,0.0752,0.0811,0.9266,0.3541,0.9995
Gpatch2,Gpatch2,768.6852,-0.0923,0.1302,-0.7094,0.4781,0.9995
Gpatch2l,Gpatch2l,1391.9157,-0.0437,0.0737,-0.5925,0.5535,0.9995
Gpatch3,Gpatch3,237.0838,-0.0189,0.1153,-0.1635,0.8701,0.9995
Gpatch4,Gpatch4,515.1003,0.0203,0.1194,0.1696,0.8653,0.9995
Gpatch8,Gpatch8,1960.5054,-0.0741,0.1119,-0.6623,0.5078,0.9995
Gpbar1,Gpbar1,3.4327,-0.8923,0.9376,-0.9517,0.3412,0.9995
Gpbp1,Gpbp1,2627.3505,0.0853,0.1726,0.4941,0.6212,0.9995
Gpbp1l1,Gpbp1l1,1918.6607,0.0083,0.0999,0.0831,0.9338,0.9995
Gpc1,Gpc1,50924.7348,-0.007,0.105,-0.0671,0.9465,0.9995
Gpc2,Gpc2,51.702,-0.1983,0.332,-0.5972,0.5504,0.9995
Gpc4,Gpc4,3.6655,-0.625,0.8364,-0.7473,0.4549,0.9995
Gpc6,Gpc6,2454.4948,-0.0437,0.1285,-0.3402,0.7337,0.9995
Gpcpd1,Gpcpd1,888.6518,0.0918,0.209,0.4395,0.6603,0.9995
Gpd1,Gpd1,76.1703,0.0323,0.317,0.1018,0.9189,0.9995
Gpd1l,Gpd1l,2169.911,0.042,0.1017,0.4136,0.6792,0.9995
Gpd2,Gpd2,1824.0958,-0.0767,0.0979,-0.7831,0.4336,0.9995
Gper1,Gper1,906.6808,0.1366,0.1947,0.7016,0.483,0.9995
Gpha2,Gpha2,3.6624,1.018,0.8648,1.1771,0.2392,0.9995
Gphb5,Gphb5,0.4573,-1.0588,2.0895,-0.5067,0.6123,0.9995
Gphn,Gphn,615.6135,0.0525,0.168,0.3122,0.7549,0.9995
Gpi1,Gpi1,32029.9557,-0.0701,0.1101,-0.6368,0.5243,0.9995
Gpkow,Gpkow,2399.3657,0.0383,0.0492,0.7781,0.4365,0.9995
Gpld1,Gpld1,745.3785,0.0541,0.1101,0.4914,0.6231,0.9995
Gpm6b,Gpm6b,1370.5571,-0.0111,0.1467,-0.076,0.9394,0.9995
Gpn1,Gpn1,990.318,0.0442,0.0906,0.4875,0.6259,0.9995
Gpn2,Gpn2,567.7503,0.1434,0.1103,1.2995,0.1938,0.9995
Gpn3,Gpn3,821.4692,0.0589,0.076,0.774,0.4389,0.9995
Gpnmb,Gpnmb,103.4266,-0.2528,0.266,-0.9505,0.3419,0.9995
Gpr107,Gpr107,3925.9035,0.0267,0.0641,0.4161,0.6773,0.9995
Gpr108,Gpr108,3484.851,-0.0003,0.117,-0.0029,0.9977,0.9996
Gpr135,Gpr135,12.2369,-0.3948,0.4751,-0.8311,0.4059,0.9995
Gpr137,Gpr137,939.6898,-0.0419,0.088,-0.4764,0.6338,0.9995
Gpr137b,Gpr137b,4069.2354,0.3252,0.7766,0.4188,0.6754,0.9995
Gpr137b-ps,Gpr137b-ps,1574.1139,0.1547,0.3739,0.4139,0.679,0.9995
Gpr137c,Gpr137c,31.5683,-0.6309,0.3188,-1.979,0.0478,0.9995
Gpr141,Gpr141,12.5498,0.0709,0.5238,0.1354,0.8923,0.9995
Gpr142,Gpr142,1.5986,0.4133,1.094,0.3778,0.7056,0.9995
Gpr143,Gpr143,0.5708,1.7781,2.4003,0.7408,0.4588,0.9995
Gpr146,Gpr146,822.475,0.0497,0.2195,0.2262,0.821,0.9995
Gpr149,Gpr149,8.7989,-0.9903,0.8765,-1.1298,0.2586,0.9995
Gpr15,Gpr15,1.2555,-0.34,1.3818,-0.2461,0.8056,0.9995
Gpr151,Gpr151,2.8626,-1.3853,0.9461,-1.4642,0.1431,0.9995
Gpr152,Gpr152,0.9116,2.5103,1.5914,1.5774,0.1147,0.9995
Gpr153,Gpr153,1406.7398,-0.1134,0.2645,-0.4286,0.6682,0.9995
Gpr155,Gpr155,650.0885,-0.0587,0.2003,-0.2932,0.7694,0.9995
Gpr156,Gpr156,9.6031,-0.7036,0.4679,-1.5038,0.1326,0.9995
Gpr157,Gpr157,149.4357,-0.0932,0.1601,-0.5822,0.5605,0.9995
Gpr160,Gpr160,2.0592,0.1113,1.052,0.1058,0.9157,0.9995
Gpr161,Gpr161,170.9087,-0.1146,0.1451,-0.7895,0.4298,0.9995
Gpr162,Gpr162,63.7152,0.0915,0.2798,0.327,0.7436,0.9995
Gpr17,Gpr17,9.0211,-0.3108,0.5931,-0.524,0.6003,0.9995
Gpr173,Gpr173,114.6388,-0.1779,0.1522,-1.169,0.2424,0.9995
Gpr174,Gpr174,2.057,-2.1648,1.2793,-1.6923,0.0906,0.9995
Gpr176,Gpr176,2035.9049,-0.0894,0.1864,-0.4797,0.6315,0.9995
Gpr179,Gpr179,57.6674,-0.245,0.408,-0.6006,0.5481,0.9995
Gpr18,Gpr18,3.5372,0.5692,0.7514,0.7575,0.4488,0.9995
Gpr180,Gpr180,1553.3069,0.0325,0.134,0.2428,0.8082,0.9995
Gpr182,Gpr182,12.103,0.2779,0.4023,0.6908,0.4897,0.9995
Gpr19,Gpr19,92.2799,0.1704,0.1833,0.93,0.3524,0.9995
Gpr20,Gpr20,63.3808,0.0496,0.4797,0.1033,0.9177,0.9995
Gpr21,Gpr21,2.3999,0.4982,1.1369,0.4382,0.6612,0.9995
Gpr25,Gpr25,1.2568,1.4948,1.5067,0.9921,0.3212,0.9995
Gpr3,Gpr3,13.1632,-0.5045,0.4087,-1.2344,0.2171,0.9995
Gpr34,Gpr34,2.4004,-0.7053,0.9758,-0.7228,0.4698,0.9995
Gpr35,Gpr35,710.5914,-0.31,0.2156,-1.4379,0.1505,0.9995
Gpr37,Gpr37,11.4372,-0.2894,0.533,-0.5429,0.5872,0.9995
Gpr37l1,Gpr37l1,3.0851,0.1936,1.0118,0.1914,0.8482,0.9995
Gpr39,Gpr39,77.4801,0.2307,0.3335,0.6917,0.4891,0.9995
Gpr4,Gpr4,2.6271,-0.9082,0.9506,-0.9554,0.3394,0.9995
Gpr52,Gpr52,5.0233,-0.3321,0.7406,-0.4484,0.6538,0.9995
Gpr61,Gpr61,0.6863,0.134,1.7337,0.0773,0.9384,0.9995
Gpr62,Gpr62,8.2236,0.1047,0.5513,0.1899,0.8494,0.9995
Gpr63,Gpr63,77.669,0.0402,0.2904,0.1385,0.8899,0.9995
Gpr68,Gpr68,30.502,-0.0851,0.371,-0.2295,0.8185,0.9995
Gpr75,Gpr75,4.3404,-0.7982,0.7173,-1.1128,0.2658,0.9995
Gpr84,Gpr84,4.9044,-0.0355,1.2291,-0.0289,0.977,0.9995
Gpr85,Gpr85,15.6344,0.0356,0.3984,0.0893,0.9288,0.9995
Gpr88,Gpr88,1.0306,0.432,1.4212,0.304,0.7612,0.9995
Gpr89,Gpr89,1043.7787,-0.0941,0.0727,-1.2944,0.1955,0.9995
Gprasp1,Gprasp1,568.1924,-0.2313,0.1999,-1.1572,0.2472,0.9995
Gprasp2,Gprasp2,40.4833,-0.5505,0.244,-2.2558,0.0241,0.9995
Gprc5a,Gprc5a,994.9187,-0.0731,0.1562,-0.4678,0.6399,0.9995
Gprc5b,Gprc5b,3788.3373,-0.0365,0.0816,-0.4469,0.655,0.9995
Gprc5c,Gprc5c,2292.6078,0.2364,0.1775,1.3318,0.1829,0.9995
Gprc5d,Gprc5d,35.9384,0.4742,0.3269,1.4508,0.1468,0.9995
Gprin1,Gprin1,19.3335,-0.0186,0.4966,-0.0374,0.9702,0.9995
Gprin2,Gprin2,2.1656,-0.9669,1.0904,-0.8867,0.3752,0.9995
Gprin3,Gprin3,265.642,-0.3635,0.1447,-2.5119,0.012,0.9995
Gps1,Gps1,4188.7613,0.1369,0.0986,1.3888,0.1649,0.9995
Gps2,Gps2,819.8261,-0.0139,0.0751,-0.1851,0.8532,0.9995
Gpsm1,Gpsm1,1130.9655,-0.0495,0.0747,-0.6618,0.5081,0.9995
Gpsm2,Gpsm2,1580.6788,0.0653,0.0904,0.7232,0.4696,0.9995
Gpsm3,Gpsm3,62.6953,-0.0254,0.2239,-0.1133,0.9098,0.9995
Gpt,Gpt,229.3967,-0.0524,0.1075,-0.4878,0.6257,0.9995
Gpt2,Gpt2,6529.9674,0.0645,0.1405,0.4591,0.6462,0.9995
Gpx1,Gpx1,3889.7308,0.1859,0.1128,1.6491,0.0991,0.9995
Gpx3,Gpx3,13791.077,0.15,0.2255,0.6652,0.5059,0.9995
Gpx4,Gpx4,10236.9074,0.0868,0.0693,1.2529,0.2102,0.9995
Gpx7,Gpx7,7.888,0.3517,0.5595,0.6285,0.5297,0.9995
Gpx8,Gpx8,6173.1524,-0.005,0.1136,-0.0441,0.9649,0.9995
Gramd1a,Gramd1a,1510.9623,-0.0361,0.0545,-0.6633,0.5071,0.9995
Gramd1b,Gramd1b,291.0195,-0.1637,0.1223,-1.3392,0.1805,0.9995
Gramd1c,Gramd1c,40.7477,0.0767,0.3779,0.203,0.8392,0.9995
Gramd2,Gramd2,11.4145,0.0878,0.4622,0.1899,0.8494,0.9995
Gramd3,Gramd3,642.6483,0.0497,0.0896,0.5544,0.5793,0.9995
Gramd4,Gramd4,3594.276,-0.02,0.1774,-0.1128,0.9102,0.9995
Grap,Grap,2.1736,-0.4615,0.9351,-0.4935,0.6217,0.9995
Grap2,Grap2,0.5708,-0.3597,2.0508,-0.1754,0.8608,0.9995
Grasp,Grasp,650.4595,-0.0322,0.0996,-0.3234,0.7464,0.9995
Grb10,Grb10,12.0042,0.5207,0.4322,1.2048,0.2283,0.9995
Grb14,Grb14,907.1548,-0.2316,0.2086,-1.1102,0.2669,0.9995
Grb2,Grb2,4969.5938,0.0275,0.0533,0.5163,0.6056,0.9995
Grcc10,Grcc10,2153.3837,0.0812,0.0981,0.8271,0.4082,0.9995
Greb1,Greb1,98.1443,0.155,0.9107,0.1702,0.8649,0.9995
Greb1l,Greb1l,43.3334,0.0473,0.2377,0.1992,0.8421,0.9995
Grem1,Grem1,5594.0069,0.3516,0.539,0.6524,0.5142,0.9995
Grem2,Grem2,552.4496,0.1969,0.2223,0.8859,0.3757,0.9995
Grhl1,Grhl1,12.4695,0.3968,0.5613,0.7069,0.4796,0.9995
Grhl3,Grhl3,65.6625,0.0914,0.3539,0.2583,0.7962,0.9995
Grhpr,Grhpr,1360.0004,-0.0497,0.0964,-0.5153,0.6063,0.9995
Gria1,Gria1,46.5686,-0.2194,0.2521,-0.8702,0.3842,0.9995
Gria3,Gria3,3.7769,-0.1414,0.7354,-0.1923,0.8475,0.9995
Gria4,Gria4,0.7994,-2.0565,1.9379,-1.0612,0.2886,0.9995
Grid1,Grid1,3.2016,-0.2961,0.8257,-0.3586,0.7199,0.9995
Grid2ip,Grid2ip,1.2568,-0.1508,1.3452,-0.1121,0.9107,0.9995
Grik2,Grik2,4.6797,0.1092,1.0544,0.1035,0.9175,0.9995
Grik5,Grik5,942.5966,-0.151,0.0854,-1.7689,0.0769,0.9995
Grin1,Grin1,1.8304,-0.387,1.084,-0.357,0.7211,0.9995
Grin2a,Grin2a,1.3748,0.5468,1.92,0.2848,0.7758,0.9995
Grin2c,Grin2c,0.6868,-0.7794,1.7374,-0.4486,0.6537,0.9995
Grin2d,Grin2d,102.2542,0.02,0.1902,0.1049,0.9164,0.9995
Grin3a,Grin3a,3.2024,0.2547,0.8419,0.3025,0.7622,0.9995
Grin3b,Grin3b,34.7642,0.4181,0.3303,1.266,0.2055,0.9995
Grina,Grina,9877.7166,0.0475,0.1682,0.2824,0.7776,0.9995
Grip1,Grip1,19.2119,0.3118,0.3685,0.8463,0.3974,0.9995
Grip2,Grip2,59.3708,0.4821,0.5276,0.9137,0.3608,0.9995
Gripap1,Gripap1,1449.2561,0.0357,0.0673,0.5303,0.5959,0.9995
Grk1,Grk1,0.9145,-0.5946,1.6446,-0.3616,0.7177,0.9995
Grk4,Grk4,57.4335,-0.1013,0.2674,-0.3787,0.7049,0.9995
Grk5,Grk5,804.071,0.0696,0.2082,0.3344,0.7381,0.9995
Grk6,Grk6,1949.336,0.043,0.1045,0.4116,0.6807,0.9995
Grm1,Grm1,0.7991,0.281,1.7326,0.1622,0.8712,0.9995
Grm7,Grm7,1.9466,-0.1759,1.1241,-0.1565,0.8757,0.9995
Grm8,Grm8,0.3442,-0.4801,2.6724,-0.1797,0.8574,0.9995
Grn,Grn,14419.177,-0.0279,0.1116,-0.2496,0.8029,0.9995
Grpel1,Grpel1,2417.3479,0.1289,0.0718,1.7963,0.0725,0.9995
Grpel2,Grpel2,1418.1144,0.0887,0.0854,1.0391,0.2988,0.9995
Grpr,Grpr,3.9948,-0.506,1.0166,-0.4978,0.6186,0.9995
Grrp1,Grrp1,0.9157,2.5972,1.7903,1.4507,0.1469,0.9995
Grsf1,Grsf1,3658.975,-0.0211,0.0631,-0.3349,0.7377,0.9995
Grtp1,Grtp1,559.6635,0.0721,0.18,0.4006,0.6887,0.9995
Grwd1,Grwd1,960.8982,0.1474,0.103,1.4321,0.1521,0.9995
Grxcr2,Grxcr2,0.3441,0.9357,2.6506,0.353,0.7241,0.9995
Gsap,Gsap,802.5855,-0.0815,0.0818,-0.9963,0.3191,0.9995
Gsdma,Gsdma,1.8322,-0.6004,1.0241,-0.5863,0.5577,0.9995
Gsdmc4,Gsdmc4,1.6041,-1.2085,1.3981,-0.8644,0.3874,0.9995
Gsdmd,Gsdmd,1601.16,0.0446,0.0894,0.4991,0.6177,0.9995
Gse1,Gse1,1152.638,-0.1647,0.1267,-1.3,0.1936,0.9995
Gsg1,Gsg1,4.5774,-0.4307,0.6647,-0.648,0.517,0.9995
Gsg2,Gsg2,199.5669,-0.2863,0.3896,-0.7348,0.4625,0.9995
Gsk3a,Gsk3a,1873.5627,0.0128,0.0829,0.154,0.8776,0.9995
Gsk3b,Gsk3b,4310.3505,-0.1425,0.138,-1.0328,0.3017,0.9995
Gskip,Gskip,1798.3344,0.0389,0.0652,0.5961,0.5511,0.9995
Gsn,Gsn,25522.6981,-0.0145,0.1217,-0.119,0.9053,0.9995
Gspt1,Gspt1,6167.3845,0.0646,0.128,0.5048,0.6137,0.9995
Gspt2,Gspt2,265.196,-0.096,0.1355,-0.7088,0.4785,0.9995
Gsr,Gsr,1820.1796,0.0808,0.1722,0.4691,0.639,0.9995
Gss,Gss,2219.689,0.113,0.0952,1.1874,0.2351,0.9995
Gsta1,Gsta1,159.4326,0.2681,0.8677,0.309,0.7573,0.9995
Gsta2,Gsta2,122.0865,0.1587,0.4985,0.3184,0.7502,0.9995
Gsta3,Gsta3,30.0801,0.6375,0.7763,0.8213,0.4115,0.9995
Gsta4,Gsta4,3876.6646,0.2591,0.6164,0.4204,0.6742,0.9995
Gstcd,Gstcd,755.5404,-0.0944,0.0869,-1.0861,0.2774,0.9995
Gstk1,Gstk1,11.6639,0.0278,0.5096,0.0545,0.9566,0.9995
Gstm1,Gstm1,6501.8938,-0.0044,0.2293,-0.0192,0.9847,0.9995
Gstm2,Gstm2,1889.4776,-0.0408,0.09,-0.4536,0.6501,0.9995
Gstm3,Gstm3,2.4025,-0.1166,0.9571,-0.1218,0.9031,0.9995
Gstm4,Gstm4,18.7078,0.3978,0.4098,0.9708,0.3317,0.9995
Gstm5,Gstm5,784.9201,0.0603,0.0734,0.8208,0.4117,0.9995
Gstm6,Gstm6,9.9387,-0.2793,0.4638,-0.6022,0.5471,0.9995
Gstm7,Gstm7,37.0454,0.0348,0.26,0.1337,0.8936,0.9995
Gsto1,Gsto1,3749.289,0.1649,0.1497,1.1015,0.2707,0.9995
Gsto2,Gsto2,422.8964,-0.1243,0.1259,-0.9876,0.3234,0.9995
Gstp1,Gstp1,9403.2757,0.1973,0.2942,0.6706,0.5025,0.9995
Gstp2,Gstp2,210.517,0.1107,0.1111,0.9963,0.3191,0.9995
Gstt1,Gstt1,166.8285,0.0374,0.1319,0.2835,0.7768,0.9995
Gstt2,Gstt2,34.8739,0.3077,0.2539,1.2121,0.2255,0.9995
Gstt3,Gstt3,107.7024,0.047,0.2354,0.1999,0.8416,0.9995
Gstt4,Gstt4,1.5902,0.7268,1.6052,0.4528,0.6507,0.9995
Gstz1,Gstz1,1348.3129,0.036,0.065,0.5537,0.5798,0.9995
Gt(ROSA)26Sor,Gt(ROSA)26Sor,217.7824,0.1652,0.2347,0.7036,0.4817,0.9995
Gtdc1,Gtdc1,425.3462,0.0436,0.159,0.2743,0.7839,0.9995
Gtf2a1,Gtf2a1,1124.9732,-0.0256,0.1746,-0.1468,0.8833,0.9995
Gtf2a1l,Gtf2a1l,2.0561,0.6806,1.009,0.6746,0.5,0.9995
Gtf2a2,Gtf2a2,1422.5124,0.1085,0.1072,1.0128,0.3111,0.9995
Gtf2b,Gtf2b,1571.7231,-0.0496,0.0709,-0.7004,0.4837,0.9995
Gtf2e1,Gtf2e1,1307.7035,0.0785,0.0822,0.9548,0.3397,0.9995
Gtf2e2,Gtf2e2,1787.114,0.017,0.0653,0.2601,0.7948,0.9995
Gtf2f1,Gtf2f1,3229.4045,0.0716,0.0635,1.1286,0.2591,0.9995
Gtf2f2,Gtf2f2,1109.7117,0.1004,0.1031,0.9736,0.3302,0.9995
Gtf2h1,Gtf2h1,1683.2019,-0.0167,0.1222,-0.1364,0.8915,0.9995
Gtf2h2,Gtf2h2,669.1562,-0.06,0.1427,-0.42,0.6745,0.9995
Gtf2h3,Gtf2h3,1365.0919,0.0028,0.0695,0.0409,0.9674,0.9995
Gtf2h4,Gtf2h4,772.6181,0.0937,0.0929,1.0083,0.3133,0.9995
Gtf2h5,Gtf2h5,2295.2118,0.0674,0.0702,0.9602,0.337,0.9995
Gtf2i,Gtf2i,8164.8152,0.0061,0.0608,0.0996,0.9207,0.9995
Gtf2ird1,Gtf2ird1,3226.8275,-0.0031,0.0618,-0.0494,0.9606,0.9995
Gtf2ird2,Gtf2ird2,519.1653,-0.001,0.1447,-0.007,0.9944,0.9995
Gtf3a,Gtf3a,283.0639,0.2331,0.1618,1.4406,0.1497,0.9995
Gtf3c1,Gtf3c1,4340.5888,-0.0343,0.0696,-0.4924,0.6224,0.9995
Gtf3c2,Gtf3c2,3073.0328,-0.0661,0.0643,-1.0278,0.304,0.9995
Gtf3c3,Gtf3c3,1358.737,-0.0322,0.0796,-0.4053,0.6853,0.9995
Gtf3c4,Gtf3c4,3476.4956,-0.0359,0.0742,-0.4842,0.6282,0.9995
Gtf3c5,Gtf3c5,1634.6552,-0.0657,0.0724,-0.9074,0.3642,0.9995
Gtf3c6,Gtf3c6,893.6894,0.008,0.0858,0.0934,0.9256,0.9995
Gtpbp1,Gtpbp1,2571.0963,0.0378,0.0704,0.5365,0.5916,0.9995
Gtpbp10,Gtpbp10,675.8101,-0.008,0.118,-0.0679,0.9459,0.9995
Gtpbp2,Gtpbp2,2401.855,0.0497,0.1401,0.3549,0.7226,0.9995
Gtpbp3,Gtpbp3,806.1826,0.1146,0.1546,0.741,0.4587,0.9995
Gtpbp4,Gtpbp4,3260.6481,-0.013,0.1018,-0.1277,0.8984,0.9995
Gtpbp6,Gtpbp6,334.7838,0.1649,0.1664,0.9909,0.3217,0.9995
Gtpbp8,Gtpbp8,684.8214,-0.0226,0.1012,-0.223,0.8235,0.9995
Gtse1,Gtse1,930.758,-0.0419,0.3246,-0.1289,0.8974,0.9995
Gtsf1,Gtsf1,2.0553,1.0336,1.0159,1.0174,0.309,0.9995
Guca1a,Guca1a,24.2258,0.1797,0.283,0.6349,0.5255,0.9995
Guca1b,Guca1b,7.0849,-0.2325,0.6083,-0.3822,0.7023,0.9995
Gucd1,Gucd1,1062.6717,0.0075,0.0957,0.0782,0.9376,0.9995
Gucy1b2,Gucy1b2,1.1449,0.0994,1.5027,0.0661,0.9473,0.9995
Gucy2c,Gucy2c,0.4566,1.4163,2.4897,0.5688,0.5695,0.9995
Gucy2d,Gucy2d,2.2921,-1.8514,1.0844,-1.7073,0.0878,0.9995
Gucy2e,Gucy2e,2.6332,-0.2742,0.9773,-0.2806,0.779,0.9995
Gucy2g,Gucy2g,3.2085,0.5056,0.9083,0.5567,0.5778,0.9995
Guf1,Guf1,802.3802,0.0353,0.1101,0.3209,0.7483,0.9995
Guk1,Guk1,910.701,0.1621,0.0964,1.6804,0.0929,0.9995
Gulo,Gulo,0.6842,-0.3024,2.0296,-0.149,0.8816,0.9995
Gulp1,Gulp1,954.079,0.122,0.2565,0.4756,0.6344,0.9995
Gusb,Gusb,3265.0281,-0.0436,0.0767,-0.5688,0.5695,0.9995
Gxylt1,Gxylt1,1173.0921,-0.0071,0.1742,-0.0405,0.9677,0.9995
Gxylt2,Gxylt2,815.8809,0.0554,0.135,0.4107,0.6813,0.9995
Gyg,Gyg,2703.6085,0.1206,0.063,1.914,0.0556,0.9995
Gyk,Gyk,252.5614,0.0992,0.1402,0.7074,0.4793,0.9995
Gyltl1b,Gyltl1b,3.4324,-0.1081,0.9704,-0.1114,0.9113,0.9995
Gypc,Gypc,4704.7527,0.0222,0.19,0.1171,0.9068,0.9995
Gys1,Gys1,4814.7165,0.0074,0.0844,0.088,0.9298,0.9995
Gzf1,Gzf1,2012.427,-0.0422,0.0709,-0.5952,0.5517,0.9995
Gzmd,Gzmd,2.1742,-0.3292,0.936,-0.3517,0.7251,0.9995
Gzme,Gzme,51.5814,0.0369,0.2428,0.1518,0.8794,0.9995
Gzmk,Gzmk,0.8043,-0.302,2.3873,-0.1265,0.8993,0.9995
Gzmm,Gzmm,31.3121,0.1738,0.2516,0.6907,0.4898,0.9995
Gzmn,Gzmn,1.7144,-0.2159,1.0539,-0.2048,0.8377,0.9995
H13,H13,8220.0443,0.0225,0.1061,0.212,0.8321,0.9995
H19,H19,186024.2913,-0.0406,0.2581,-0.1574,0.8749,0.9995
H1f0,H1f0,13680.7673,-0.0215,0.0692,-0.3109,0.7559,0.9995
H1fx,H1fx,367.4704,0.0311,0.1454,0.2139,0.8306,0.9995
H2-Aa,H2-Aa,0.3439,-1.7836,2.6035,-0.6851,0.4933,0.9995
H2-Bl,H2-Bl,1.2535,0.0626,1.4555,0.043,0.9657,0.9995
H2-D1,H2-D1,2549.6812,0.2645,0.2334,1.1333,0.2571,0.9995
H2-DMa,H2-DMa,205.0191,0.0945,0.1733,0.5455,0.5854,0.9995
H2-DMb1,H2-DMb1,0.9104,0.6731,1.6626,0.4048,0.6856,0.9995
H2-Eb1,H2-Eb1,0.4566,-1.0584,2.09,-0.5064,0.6126,0.9995
H2-K1,H2-K1,2751.964,0.1759,0.2153,0.8169,0.414,0.9995
H2-K2,H2-K2,1.4791,1.6733,1.3263,1.2617,0.2071,0.9995
H2-Ke6,H2-Ke6,534.9452,0.0838,0.0958,0.8747,0.3817,0.9995
H2-M10.1,H2-M10.1,3.759,0.3598,1.3501,0.2665,0.7899,0.9995
H2-M3,H2-M3,450.4522,0.0454,0.1392,0.3265,0.7441,0.9995
H2-M5,H2-M5,3.6672,0.437,0.9783,0.4467,0.6551,0.9995
H2-Oa,H2-Oa,0.458,1.4163,2.488,0.5692,0.5692,0.9995
H2-Q1,H2-Q1,845.419,-0.0261,0.1408,-0.1855,0.8528,0.9995
H2-Q10,H2-Q10,15.8653,0.0935,0.514,0.1818,0.8557,0.9995
H2-Q4,H2-Q4,1203.6426,-0.0598,0.1287,-0.4647,0.6422,0.9995
H2-T10,H2-T10,121.7489,-0.1117,0.155,-0.7205,0.4712,0.9995
H2-T23,H2-T23,3278.0641,0.0554,0.1623,0.3412,0.733,0.9995
H2-T24,H2-T24,12.9418,-0.4271,0.6296,-0.6784,0.4975,0.9995
H2afj,H2afj,683.377,0.2355,0.285,0.8265,0.4085,0.9995
H2afv,H2afv,1927.6899,0.076,0.0961,0.7908,0.4291,0.9995
H2afx,H2afx,738.0994,-0.031,0.2351,-0.1317,0.8952,0.9995
H2afy,H2afy,2488.7533,0.0363,0.0843,0.4307,0.6667,0.9995
H2afy2,H2afy2,795.0008,-0.0884,0.0983,-0.8998,0.3682,0.9995
H2afy3,H2afy3,0.4563,1.4147,2.4898,0.5682,0.5699,0.9995
H2afz,H2afz,6942.8267,0.0694,0.0898,0.7731,0.4395,0.9995
H3f3a,H3f3a,15975.747,0.1458,0.096,1.5181,0.129,0.9995
H3f3b,H3f3b,26242.3464,-0.0215,0.1067,-0.2018,0.8401,0.9995
H6pd,H6pd,4288.7087,-0.0176,0.1437,-0.1225,0.9025,0.9995
Haao,Haao,0.5726,0.7226,1.8253,0.3959,0.6922,0.9995
Habp2,Habp2,1.7159,1.0189,1.3547,0.7522,0.4519,0.9995
Habp4,Habp4,1834.1062,0.0939,0.0821,1.1435,0.2528,0.9995
Hacd1,Hacd1,3101.4517,0.0837,0.1431,0.5847,0.5587,0.9995
Hacd2,Hacd2,808.7701,0.0541,0.0862,0.6275,0.5303,0.9995
Hacd3,Hacd3,4737.0599,0.1273,0.1547,0.8226,0.4107,0.9995
Hacd4,Hacd4,500.4193,-0.3202,0.2098,-1.5263,0.1269,0.9995
Hace1,Hace1,766.6743,-0.1591,0.1037,-1.5341,0.125,0.9995
Hacl1,Hacl1,414.537,-0.0782,0.0993,-0.7872,0.4312,0.9995
Hadh,Hadh,3179.3529,0.0119,0.0658,0.1811,0.8563,0.9995
Hadha,Hadha,7870.7764,0.0134,0.0781,0.1716,0.8638,0.9995
Hadhb,Hadhb,4468.0641,0.0864,0.0428,2.0187,0.0435,0.9995
Hagh,Hagh,925.287,0.0612,0.1103,0.5547,0.5791,0.9995
Haghl,Haghl,632.8115,0.0514,0.1161,0.4433,0.6576,0.9995
Hal,Hal,8.3358,0.2302,0.5423,0.4246,0.6712,0.9995
Halr1,Halr1,5.8455,-0.1097,0.9456,-0.116,0.9077,0.9995
Hamp,Hamp,0.6905,-0.7872,2.4142,-0.3261,0.7444,0.9995
Hao1,Hao1,7.3185,0.4684,0.5153,0.9091,0.3633,0.9995
Hap1,Hap1,14.0626,0.1201,0.4248,0.2828,0.7773,0.9995
Hapln3,Hapln3,3.545,-0.1718,0.823,-0.2087,0.8347,0.9995
Hapln4,Hapln4,169.2722,-0.1303,0.1201,-1.0845,0.2781,0.9995
Harbi1,Harbi1,575.3619,0.0108,0.1077,0.1002,0.9202,0.9995
Hars,Hars,3246.1459,0.0937,0.0941,0.9958,0.3193,0.9995
Hars2,Hars2,1270.5326,0.0667,0.0755,0.8843,0.3766,0.9995
Has1,Has1,148.353,-0.4534,0.2482,-1.8266,0.0678,0.9995
Has2,Has2,1833.3746,-0.0208,0.5154,-0.0403,0.9678,0.9995
Has2os,Has2os,17.128,0.1576,0.4083,0.386,0.6995,0.9995
Has3,Has3,28.5522,0.289,0.3112,0.9287,0.353,0.9995
Hat1,Hat1,1329.4343,-0.1077,0.1591,-0.6768,0.4985,0.9995
Haus1,Haus1,498.3735,0.0991,0.1352,0.7333,0.4634,0.9995
Haus2,Haus2,1252.3049,0.0397,0.0941,0.4217,0.6733,0.9995
Haus3,Haus3,256.8883,0.0334,0.2436,0.1371,0.8909,0.9995
Haus4,Haus4,727.6457,0.1292,0.1437,0.8987,0.3688,0.9995
Haus5,Haus5,324.0381,0.0335,0.1901,0.1761,0.8603,0.9995
Haus6,Haus6,374.8412,0.0278,0.266,0.1044,0.9168,0.9995
Haus7,Haus7,730.927,0.0828,0.0924,0.8957,0.3704,0.9995
Haus8,Haus8,384.8401,-0.2154,0.2535,-0.8497,0.3955,0.9995
Havcr2,Havcr2,110.1071,0.15,0.5584,0.2686,0.7882,0.9995
Hax1,Hax1,3976.7725,0.1692,0.1415,1.1956,0.2319,0.9995
Hbegf,Hbegf,631.6258,-0.1573,0.349,-0.4508,0.6522,0.9995
Hbp1,Hbp1,6400.4456,0.0413,0.1082,0.3814,0.7029,0.9995
Hbs1l,Hbs1l,3327.9774,0.0358,0.0579,0.6193,0.5357,0.9995
Hc,Hc,1.4906,-0.5518,1.1981,-0.4605,0.6451,0.9995
Hcar1,Hcar1,0.7978,-0.7067,2.0086,-0.3518,0.725,0.9995
Hcar2,Hcar2,1.9378,-0.7987,1.3857,-0.5764,0.5643,0.9995
Hccs,Hccs,1003.9718,-0.0494,0.1615,-0.3061,0.7595,0.9995
Hcfc1,Hcfc1,5332.5047,-0.0702,0.0592,-1.1866,0.2354,0.9995
Hcfc1r1,Hcfc1r1,2546.4737,-0.0095,0.1171,-0.0807,0.9357,0.9995
Hcfc2,Hcfc2,1384.7036,-0.0871,0.0878,-0.9924,0.321,0.9995
Hck,Hck,16.251,-0.5936,0.5143,-1.1542,0.2484,0.9995
Hcls1,Hcls1,0.9172,-2.2853,1.594,-1.4337,0.1516,0.9995
Hcn1,Hcn1,2.397,1.6754,0.9527,1.7586,0.0786,0.9995
Hcn2,Hcn2,10.1792,0.5323,0.462,1.1521,0.2493,0.9995
Hcn3,Hcn3,12.7917,0.1262,0.4465,0.2826,0.7775,0.9995
Hcn4,Hcn4,1.2538,0.8033,1.9138,0.4197,0.6747,0.9995
Hcrtr1,Hcrtr1,3.0761,0.6591,0.862,0.7645,0.4445,0.9995
Hdac1,Hdac1,3094.1392,-0.0024,0.1013,-0.0232,0.9815,0.9995
Hdac10,Hdac10,531.7865,0.049,0.0969,0.505,0.6136,0.9995
Hdac11,Hdac11,691.7845,0.0358,0.1165,0.3072,0.7587,0.9995
Hdac2,Hdac2,5331.8389,-0.044,0.1111,-0.3962,0.6919,0.9995
Hdac3,Hdac3,3346.1562,0.0557,0.0652,0.8543,0.3929,0.9995
Hdac4,Hdac4,702.6891,-0.2153,0.1536,-1.4024,0.1608,0.9995
Hdac5,Hdac5,3807.4841,-0.0636,0.106,-0.6004,0.5482,0.9995
Hdac6,Hdac6,1317.8438,-0.0659,0.0846,-0.7792,0.4359,0.9995
Hdac7,Hdac7,3089.0109,-0.0717,0.0753,-0.952,0.3411,0.9995
Hdac8,Hdac8,434.6504,0.0193,0.0919,0.2103,0.8334,0.9995
Hdac9,Hdac9,286.743,-0.2661,0.3069,-0.867,0.3859,0.9995
Hdc,Hdc,28.486,-0.3426,0.3446,-0.9944,0.3201,0.9995
Hddc2,Hddc2,693.0406,0.1161,0.1142,1.0171,0.3091,0.9995
Hddc3,Hddc3,915.9302,0.0447,0.0755,0.5927,0.5534,0.9995
Hdgf,Hdgf,15210.0455,0.0698,0.0633,1.1038,0.2697,0.9995
Hdgfrp2,Hdgfrp2,2812.1441,0.0031,0.0717,0.0431,0.9656,0.9995
Hdgfrp3,Hdgfrp3,6.1795,-0.1335,0.7163,-0.1863,0.8522,0.9995
Hdhd2,Hdhd2,1332.4276,0.0366,0.0684,0.5354,0.5924,0.9995
Hdhd3,Hdhd3,633.6933,0.1512,0.1027,1.4721,0.141,0.9995
Hdlbp,Hdlbp,35188.6685,-0.0685,0.0363,-1.8849,0.0594,0.9995
Hdx,Hdx,11.3377,-0.2233,0.5489,-0.4067,0.6842,0.9995
Heatr1,Heatr1,2285.4298,0.11,0.1283,0.857,0.3915,0.9995
Heatr3,Heatr3,3920.5524,0.0527,0.0799,0.6596,0.5095,0.9995
Heatr5a,Heatr5a,3888.5453,-0.1414,0.0676,-2.0926,0.0364,0.9995
Heatr5b,Heatr5b,1929.4212,-0.0718,0.0811,-0.8845,0.3764,0.9995
Heatr6,Heatr6,1756.2729,-0.0737,0.0634,-1.164,0.2444,0.9995
Heatr9,Heatr9,2.2845,-0.0815,0.99,-0.0823,0.9344,0.9995
Hebp1,Hebp1,1232.6012,0.0239,0.1166,0.2051,0.8375,0.9995
Hebp2,Hebp2,944.9482,-0.0459,0.1168,-0.393,0.6943,0.9995
Heca,Heca,1187.3892,-0.1021,0.1106,-0.9231,0.356,0.9995
Hectd1,Hectd1,6512.0561,-0.0705,0.1811,-0.3893,0.697,0.9995
Hectd2,Hectd2,99.0673,-0.0104,0.1878,-0.0554,0.9559,0.9995
Hectd3,Hectd3,2417.3462,-0.0101,0.0715,-0.1408,0.888,0.9995
Hecw1,Hecw1,0.7976,-2.0528,2.2967,-0.8938,0.3714,0.9995
Hecw2,Hecw2,632.9431,-0.2094,0.1703,-1.2297,0.2188,0.9995
Heg1,Heg1,2291.8656,-0.1703,0.1061,-1.605,0.1085,0.9995
Helb,Helb,1194.7765,-0.1637,0.0646,-2.5328,0.0113,0.9995
Hells,Hells,247.4731,0.015,0.3657,0.0411,0.9672,0.9995
Helq,Helq,394.7707,0.005,0.1284,0.0386,0.9692,0.9995
Helz,Helz,686.4825,-0.19,0.1316,-1.4446,0.1486,0.9995
Helz2,Helz2,1204.0622,-0.1756,0.096,-1.8287,0.0674,0.9995
Hemk1,Hemk1,500.9694,-0.0427,0.0814,-0.525,0.5996,0.9995
Henmt1,Henmt1,0.458,0.2172,2.1462,0.1012,0.9194,0.9995
Heph,Heph,8.3507,0.2428,0.4959,0.4897,0.6244,0.9995
Hephl1,Hephl1,316.7122,0.2096,0.4123,0.5083,0.6113,0.9995
Herc1,Herc1,2717.2464,-0.1558,0.1819,-0.8567,0.3916,0.9995
Herc2,Herc2,2958.7077,-0.1528,0.086,-1.777,0.0756,0.9995
Herc3,Herc3,741.8799,-0.1743,0.1924,-0.9061,0.3649,0.9995
Herc4,Herc4,2656.9097,-0.0703,0.1227,-0.573,0.5667,0.9995
Herc6,Herc6,84.0976,-0.2679,0.2771,-0.9667,0.3337,0.9995
Herpud1,Herpud1,11986.8455,0.1214,0.265,0.458,0.6469,0.9995
Herpud2,Herpud2,2500.1202,0.036,0.118,0.305,0.7604,0.9995
Hes1,Hes1,1256.2998,-0.1996,0.3458,-0.5773,0.5637,0.9995
Hes6,Hes6,3272.9747,0.0545,0.2053,0.2654,0.7907,0.9995
Hes7,Hes7,10.2823,0.1903,0.441,0.4315,0.6661,0.9995
Hexa,Hexa,12645.6874,-0.0468,0.1234,-0.3793,0.7045,0.9995
Hexb,Hexb,4878.9081,0.0108,0.176,0.0614,0.951,0.9995
Hexdc,Hexdc,640.4279,-0.0649,0.0937,-0.692,0.4889,0.9995
Hexim1,Hexim1,3402.696,-0.0655,0.0875,-0.7482,0.4544,0.9995
Hexim2,Hexim2,196.3661,-0.0501,0.1335,-0.3754,0.7074,0.9995
Hey1,Hey1,161.2451,-0.206,0.3622,-0.5687,0.5696,0.9995
Hey2,Hey2,2.1711,0.491,0.9569,0.5131,0.6079,0.9995
Heyl,Heyl,941.1437,-0.0874,0.6673,-0.1309,0.8958,0.9995
Hfe,Hfe,226.8466,0.1619,0.2413,0.671,0.5022,0.9995
Hfe2,Hfe2,2963.6829,0.1576,0.2264,0.6959,0.4865,0.9995
Hgd,Hgd,0.688,-0.7816,1.7372,-0.4499,0.6528,0.9995
Hgf,Hgf,2159.7714,0.2207,0.4,0.5516,0.5812,0.9995
Hgfac,Hgfac,7.2093,-0.1478,0.6994,-0.2113,0.8327,0.9995
Hgh1,Hgh1,585.3624,0.0847,0.1198,0.707,0.4796,0.9995
Hgs,Hgs,3910.1167,-0.0713,0.0713,-0.9993,0.3176,0.9995
Hgsnat,Hgsnat,2765.2529,0.0987,0.2246,0.4394,0.6604,0.9995
Hhat,Hhat,539.9501,0.0923,0.1603,0.5761,0.5645,0.9995
Hhatl,Hhatl,272.5026,0.1299,0.1969,0.6599,0.5093,0.9995
Hhex,Hhex,41.4868,0.2186,0.2459,0.889,0.374,0.9995
Hhip,Hhip,114.2418,-0.5295,0.4406,-1.202,0.2294,0.9995
Hhipl1,Hhipl1,286.9098,-0.2802,0.1958,-1.4313,0.1523,0.9995
Hhipl2,Hhipl2,10.0563,0.57,0.455,1.2527,0.2103,0.9995
Hiat1,Hiat1,2080.9748,-0.0863,0.0735,-1.1741,0.2404,0.9995
Hiatl1,Hiatl1,2715.0357,-0.104,0.1031,-1.0082,0.3134,0.9995
Hibadh,Hibadh,2468.7163,0.0536,0.054,0.9931,0.3207,0.9995
Hibch,Hibch,920.7252,-0.0684,0.0977,-0.6999,0.484,0.9995
Hic1,Hic1,5.0345,-0.3798,0.6619,-0.5737,0.5662,0.9995
Hic2,Hic2,150.5615,-0.1976,0.1503,-1.3142,0.1888,0.9995
Hid1,Hid1,1719.7481,-0.1132,0.1252,-0.9039,0.366,0.9995
Hif1a,Hif1a,10061.9895,-0.0543,0.1476,-0.3682,0.7127,0.9995
Hif1an,Hif1an,2798.111,0.0634,0.0875,0.7241,0.469,0.9995
Hif3a,Hif3a,0.6879,1.0647,2.4631,0.4322,0.6656,0.9995
Higd1a,Higd1a,2751.4996,-0.0286,0.1176,-0.2437,0.8075,0.9995
Higd1b,Higd1b,0.3446,0.9378,2.6503,0.3539,0.7234,0.9995
Higd2a,Higd2a,1441.5389,0.0861,0.139,0.6192,0.5358,0.9995
Hilpda,Hilpda,920.9532,0.2267,0.3227,0.7023,0.4825,0.9995
Hils1,Hils1,4.8025,0.0618,0.7467,0.0828,0.934,0.9995
Hinfp,Hinfp,338.7097,-0.0254,0.1456,-0.1741,0.8618,0.9995
Hint1,Hint1,5788.8273,0.1425,0.1089,1.3084,0.1908,0.9995
Hint2,Hint2,310.6635,0.0994,0.0992,1.0022,0.3163,0.9995
Hint3,Hint3,175.496,-0.0174,0.1567,-0.1114,0.9113,0.9995
Hip1,Hip1,4598.2411,-0.0023,0.1305,-0.0176,0.986,0.9995
Hip1r,Hip1r,1560.2414,0.0197,0.1322,0.1493,0.8813,0.9995
Hipk1,Hipk1,4766.6322,-0.0597,0.1106,-0.5395,0.5895,0.9995
Hipk2,Hipk2,332.1221,-0.2678,0.1678,-1.5962,0.1105,0.9995
Hipk3,Hipk3,4421.7345,-0.1144,0.1922,-0.5954,0.5516,0.9995
Hipk4,Hipk4,34.8585,0.0809,0.2614,0.3095,0.7569,0.9995
Hira,Hira,2009.3766,0.0224,0.1208,0.1853,0.853,0.9995
Hirip3,Hirip3,563.3761,0.0485,0.1706,0.2844,0.7761,0.9995
Hist1h1a,Hist1h1a,2.7484,-0.3698,0.9175,-0.403,0.6869,0.9995
Hist1h1b,Hist1h1b,6.9822,-0.3438,0.5514,-0.6235,0.5329,0.9995
Hist1h1c,Hist1h1c,2576.1762,-0.1262,0.1577,-0.8004,0.4235,0.9995
Hist1h1d,Hist1h1d,23.3357,-0.1996,0.5127,-0.3893,0.6971,0.9995
Hist1h1e,Hist1h1e,27.126,-0.2722,0.4789,-0.5684,0.5697,0.9995
Hist1h1t,Hist1h1t,1.0262,0.2334,1.3629,0.1713,0.864,0.9995
Hist1h2ab,Hist1h2ab,1.5968,0.8589,1.1603,0.7402,0.4592,0.9995
Hist1h2ac,Hist1h2ac,4.6789,-0.7805,0.7524,-1.0373,0.2996,0.9995
Hist1h2ad,Hist1h2ad,4.9193,0.5068,0.7246,0.6994,0.4843,0.9995
Hist1h2ae,Hist1h2ae,4.4536,0.205,0.7612,0.2693,0.7877,0.9995
Hist1h2ag,Hist1h2ag,1.4861,-1.0348,1.2326,-0.8395,0.4012,0.9995
Hist1h2ah,Hist1h2ah,1.1438,-0.4607,1.373,-0.3356,0.7372,0.9995
Hist1h2ai,Hist1h2ai,1.0299,1.0745,1.818,0.5911,0.5545,0.9995
Hist1h2ak,Hist1h2ak,0.5718,-1.4755,1.7637,-0.8366,0.4028,0.9995
Hist1h2bb,Hist1h2bb,6.0467,-2.1845,1.0167,-2.1485,0.0317,0.9995
Hist1h2bc,Hist1h2bc,716.2378,0.0217,0.1255,0.1729,0.8627,0.9995
Hist1h2be,Hist1h2be,31.9217,-0.0431,0.3054,-0.1412,0.8877,0.9995
Hist1h2bf,Hist1h2bf,1.2623,-0.1905,1.7816,-0.1069,0.9149,0.9995
Hist1h2bg,Hist1h2bg,24.6909,-0.363,0.3569,-1.0171,0.3091,0.9995
Hist1h2bh,Hist1h2bh,3.6558,0.1847,0.7542,0.245,0.8065,0.9995
Hist1h2bj,Hist1h2bj,2.847,1.0062,1.0107,0.9955,0.3195,0.9995
Hist1h2bk,Hist1h2bk,1.4843,-0.5609,1.3146,-0.4266,0.6696,0.9995
Hist1h2bl,Hist1h2bl,1.6007,0.4103,1.0933,0.3753,0.7074,0.9995
Hist1h2bm,Hist1h2bm,0.6879,1.089,1.9594,0.5558,0.5784,0.9995
Hist1h2bn,Hist1h2bn,1.4828,-0.7725,1.1895,-0.6494,0.5161,0.9995
Hist1h2bp,Hist1h2bp,1.2629,0.8873,1.5284,0.5805,0.5616,0.9995
Hist1h3a,Hist1h3a,1.0292,1.7928,1.6508,1.086,0.2775,0.9995
Hist1h3b,Hist1h3b,1.5996,-0.7162,1.1713,-0.6115,0.5409,0.9995
Hist1h3c,Hist1h3c,2.1731,-0.0647,1.2019,-0.0538,0.9571,0.9995
Hist1h3d,Hist1h3d,7.5653,-0.2012,0.6499,-0.3096,0.7569,0.9995
Hist1h3e,Hist1h3e,0.6859,-0.3032,2.03,-0.1494,0.8813,0.9995
Hist1h3f,Hist1h3f,1.3744,0.0824,1.4846,0.0555,0.9557,0.9995
Hist1h3g,Hist1h3g,0.7996,2.2779,1.9102,1.1925,0.2331,0.9995
Hist1h3i,Hist1h3i,1.4831,0.5704,1.3347,0.4274,0.6691,0.9995
Hist1h4a,Hist1h4a,2.0625,-1.6535,1.0499,-1.5748,0.1153,0.9995
Hist1h4b,Hist1h4b,0.687,-1.7989,1.9023,-0.9456,0.3443,0.9995
Hist1h4c,Hist1h4c,1.1413,-1.0684,1.4195,-0.7526,0.4517,0.9995
Hist1h4d,Hist1h4d,2.5183,-0.2397,0.9072,-0.2642,0.7916,0.9995
Hist1h4h,Hist1h4h,7.8841,0.5925,0.5479,1.0815,0.2795,0.9995
Hist1h4i,Hist1h4i,85.3908,-0.0908,0.1588,-0.5719,0.5674,0.9995
Hist1h4j,Hist1h4j,0.6899,1.06,2.3897,0.4436,0.6573,0.9995
Hist1h4k,Hist1h4k,1.4803,0.0753,1.3413,0.0562,0.9552,0.9995
Hist1h4n,Hist1h4n,3.9991,-0.3173,0.7358,-0.4313,0.6663,0.9995
Hist2h2ab,Hist2h2ab,0.5696,1.609,2.0404,0.7886,0.4303,0.9995
Hist2h2ac,Hist2h2ac,0.6881,0.1376,1.7337,0.0794,0.9367,0.9995
Hist2h2bb,Hist2h2bb,13.9276,-0.1204,0.4288,-0.2808,0.7788,0.9995
Hist2h2be,Hist2h2be,49.0238,0.4559,0.2291,1.9904,0.0465,0.9995
Hist2h3b,Hist2h3b,0.7995,0.4999,1.8831,0.2655,0.7907,0.9995
Hist2h4,Hist2h4,4.5657,-0.969,0.7993,-1.2122,0.2254,0.9995
Hist3h2a,Hist3h2a,253.3921,0.1021,0.1848,0.5523,0.5807,0.9995
Hist3h2ba,Hist3h2ba,2.063,-0.1966,0.9759,-0.2015,0.8403,0.9995
Hist3h2bb-ps,Hist3h2bb-ps,0.9155,0.8389,1.5804,0.5308,0.5956,0.9995
Hist4h4,Hist4h4,1.8328,-0.6159,1.1343,-0.543,0.5871,0.9995
Hivep1,Hivep1,1524.8575,-0.2849,0.1826,-1.5604,0.1187,0.9995
Hivep2,Hivep2,2235.8287,-0.1968,0.1532,-1.2843,0.199,0.9995
Hivep3,Hivep3,84.2376,-0.6522,0.1951,-3.3421,0.0008,0.9995
Hjurp,Hjurp,92.9463,0.3035,0.1841,1.6488,0.0992,0.9995
Hk1,Hk1,9052.2846,-0.0978,0.0755,-1.2962,0.1949,0.9995
Hk1os,Hk1os,8.0189,-0.3111,0.5815,-0.5351,0.5926,0.9995
Hk2,Hk2,4625.8554,0.0528,0.329,0.1605,0.8725,0.9995
Hk3,Hk3,1.4783,4.0794,1.5788,2.5839,0.0098,0.9995
Hkdc1,Hkdc1,0.9102,-2.0566,1.8235,-1.1278,0.2594,0.9995
Hlcs,Hlcs,562.1374,-0.0403,0.1556,-0.2588,0.7958,0.9995
Hlf,Hlf,244.3064,0.047,0.4641,0.1013,0.9193,0.9995
Hltf,Hltf,631.263,0.0116,0.139,0.0838,0.9332,0.9995
Hlx,Hlx,525.7809,0.0089,0.1079,0.0822,0.9345,0.9995
Hmbox1,Hmbox1,299.1904,-0.1778,0.1611,-1.1034,0.2699,0.9995
Hmbs,Hmbs,1108.0852,0.0259,0.0912,0.2836,0.7767,0.9995
Hmces,Hmces,982.0902,0.0821,0.1005,0.8178,0.4135,0.9995
Hmcn1,Hmcn1,282.9067,-0.5118,0.3521,-1.4537,0.146,0.9995
Hmg20a,Hmg20a,1780.815,-0.0578,0.0751,-0.7695,0.4416,0.9995
Hmg20b,Hmg20b,1755.2526,0.0457,0.0793,0.5758,0.5647,0.9995
Hmga1,Hmga1,51.8767,0.289,0.4555,0.6346,0.5257,0.9995
Hmga2,Hmga2,2547.2414,-0.0734,0.2396,-0.3064,0.7593,0.9995
Hmga2-ps1,Hmga2-ps1,645.5172,0.1605,0.2486,0.6458,0.5184,0.9995
Hmgb1,Hmgb1,5660.347,0.1061,0.1096,0.9687,0.3327,0.9995
Hmgb1-rs17,Hmgb1-rs17,0.3434,-0.475,2.672,-0.1778,0.8589,0.9995
Hmgb2,Hmgb2,1762.7679,-0.0499,0.2614,-0.1907,0.8487,0.9995
Hmgb3,Hmgb3,609.0642,0.0784,0.2214,0.3543,0.7231,0.9995
Hmgcl,Hmgcl,1053.3795,0.0468,0.0733,0.6388,0.523,0.9995
Hmgcll1,Hmgcll1,4.1088,-0.2178,0.7089,-0.3072,0.7587,0.9995
Hmgcr,Hmgcr,3941.0884,-0.1573,0.105,-1.4984,0.134,0.9995
Hmgcs1,Hmgcs1,7493.3854,-0.1913,0.1375,-1.3913,0.1641,0.9995
Hmgcs2,Hmgcs2,1.8261,1.5505,1.2173,1.2738,0.2027,0.9995
Hmgn1,Hmgn1,8805.2471,0.0489,0.074,0.6606,0.5089,0.9995
Hmgn2,Hmgn2,1967.1859,0.0081,0.275,0.0296,0.9764,0.9995
Hmgn3,Hmgn3,1122.0048,-0.0727,0.1436,-0.5061,0.6128,0.9995
Hmgn5,Hmgn5,88.3516,0.1988,0.1582,1.2567,0.2088,0.9995
Hmgxb3,Hmgxb3,2084.8785,0.0177,0.0799,0.2209,0.8252,0.9995
Hmgxb4,Hmgxb4,1170.5055,-0.1337,0.106,-1.2617,0.207,0.9995
Hmha1,Hmha1,36.8819,-0.0159,0.3001,-0.053,0.9578,0.9995
Hmmr,Hmmr,665.9109,0.0046,0.6222,0.0073,0.9941,0.9995
Hmox1,Hmox1,6356.7011,0.2201,0.5272,0.4176,0.6763,0.9995
Hmox2,Hmox2,1743.9842,0.1303,0.0983,1.3253,0.1851,0.9995
Hmx2,Hmx2,14.616,-0.4714,0.5626,-0.8379,0.4021,0.9995
Hn1,Hn1,5682.2566,0.029,0.1507,0.1922,0.8475,0.9995
Hn1l,Hn1l,2014.0534,-0.093,0.1684,-0.552,0.5809,0.9995
Hnf1a,Hnf1a,1.4873,-1.3389,1.3029,-1.0277,0.3041,0.9995
Hnf1b,Hnf1b,2.3969,-0.317,1.0481,-0.3025,0.7623,0.9995
Hnmt,Hnmt,15.6633,-0.609,0.4308,-1.4137,0.1574,0.9995
Hnrnpa0,Hnrnpa0,9884.4087,0.0148,0.0526,0.282,0.7779,0.9995
Hnrnpa1,Hnrnpa1,162.0215,0.296,0.2299,1.2876,0.1979,0.9995
Hnrnpa2b1,Hnrnpa2b1,15037.2503,0.0084,0.1267,0.0667,0.9468,0.9995
Hnrnpa3,Hnrnpa3,842.6664,0.2186,0.1868,1.1702,0.2419,0.9995
Hnrnpab,Hnrnpab,20976.3253,0.073,0.0856,0.8534,0.3934,0.9995
Hnrnpc,Hnrnpc,8588.0855,0.0265,0.0877,0.3022,0.7625,0.9995
Hnrnpd,Hnrnpd,4358.2645,0.0753,0.0902,0.8346,0.4039,0.9995
Hnrnpdl,Hnrnpdl,6284.5698,0.1493,0.1043,1.4317,0.1522,0.9995
Hnrnpf,Hnrnpf,6825.737,0.1921,0.1804,1.0644,0.2872,0.9995
Hnrnph1,Hnrnph1,9112.5922,-0.0038,0.1466,-0.0258,0.9794,0.9995
Hnrnph2,Hnrnph2,4973.9826,-0.0284,0.0999,-0.2847,0.7759,0.9995
Hnrnph3,Hnrnph3,203.5051,0.0893,0.1673,0.5338,0.5934,0.9995
Hnrnpk,Hnrnpk,25586.608,0.0338,0.0598,0.5652,0.572,0.9995
Hnrnpl,Hnrnpl,8438.759,0.1111,0.0724,1.5338,0.1251,0.9995
Hnrnpll,Hnrnpll,2894.1674,-0.0444,0.0895,-0.4955,0.6202,0.9995
Hnrnpm,Hnrnpm,6021.9284,-0.0768,0.1422,-0.5399,0.5893,0.9995
Hnrnpr,Hnrnpr,4100.473,-0.0077,0.099,-0.0781,0.9377,0.9995
Hnrnpu,Hnrnpu,15331.1774,-0.0651,0.1208,-0.5389,0.5899,0.9995
Hnrnpul1,Hnrnpul1,5222.8906,-0.0684,0.0883,-0.7742,0.4388,0.9995
Hnrnpul2,Hnrnpul2,4197.9631,-0.0328,0.0654,-0.5017,0.6158,0.9995
Hoga1,Hoga1,143.6992,-0.2097,0.168,-1.248,0.212,0.9995
Homer1,Homer1,568.0107,-0.0746,0.2096,-0.3561,0.7218,0.9995
Homer3,Homer3,1119.4336,0.0616,0.1393,0.4421,0.6584,0.9995
Homez,Homez,433.2558,0.182,0.1333,1.3652,0.1722,0.9995
Hook1,Hook1,7.4331,-0.5772,0.5325,-1.0839,0.2784,0.9995
Hook2,Hook2,880.2143,-0.0322,0.1232,-0.261,0.7941,0.9995
Hook3,Hook3,1749.193,-0.0717,0.1156,-0.6199,0.5354,0.9995
Hopx,Hopx,369.777,-0.028,0.1772,-0.1579,0.8745,0.9995
Hormad2,Hormad2,5.3664,-0.6757,0.7245,-0.9326,0.351,0.9995
Hotair,Hotair,153.8737,0.0727,0.1887,0.3854,0.6999,0.9995
Hotairm1,Hotairm1,97.1927,0.1786,0.1901,0.9393,0.3476,0.9995
Hoxa1,Hoxa1,127.852,0.2262,0.1425,1.5872,0.1125,0.9995
Hoxa10,Hoxa10,1807.37,0.008,0.0932,0.0856,0.9318,0.9995
Hoxa11,Hoxa11,1162.8249,0.1804,0.1863,0.9686,0.3328,0.9995
Hoxa11os,Hoxa11os,1098.7999,0.1533,0.2034,0.7538,0.451,0.9995
Hoxa13,Hoxa13,43.6839,-0.0365,0.2314,-0.158,0.8745,0.9995
Hoxa2,Hoxa2,44.0191,-0.0407,0.2153,-0.1889,0.8502,0.9995
Hoxa3,Hoxa3,96.0519,0.0787,0.1814,0.4337,0.6645,0.9995
Hoxa4,Hoxa4,24.691,-0.1241,0.3368,-0.3685,0.7125,0.9995
Hoxa5,Hoxa5,122.0404,0.1487,0.1965,0.7567,0.4492,0.9995
Hoxa6,Hoxa6,26.0379,0.1936,0.3122,0.6203,0.5351,0.9995
Hoxa7,Hoxa7,307.5931,0.0643,0.1077,0.5973,0.5503,0.9995
Hoxa9,Hoxa9,859.3557,0.2253,0.1571,1.4339,0.1516,0.9995
Hoxaas2,Hoxaas2,25.0231,0.0769,0.3631,0.2118,0.8323,0.9995
Hoxaas3,Hoxaas3,7.3031,0.5419,0.6157,0.88,0.3788,0.9995
Hoxb13,Hoxb13,0.6803,1.9027,2.4241,0.7849,0.4325,0.9995
Hoxb2,Hoxb2,0.8057,-1.1093,2.3146,-0.4792,0.6318,0.9995
Hoxb3,Hoxb3,20.022,-0.6904,0.428,-1.6132,0.1067,0.9995
Hoxb4,Hoxb4,21.6025,0.0968,0.3365,0.2878,0.7735,0.9995
Hoxb5,Hoxb5,1.8289,0.3733,1.0158,0.3675,0.7133,0.9995
Hoxb6,Hoxb6,1.3713,0.1159,1.2432,0.0932,0.9257,0.9995
Hoxb7,Hoxb7,2.4027,-1.1815,0.9703,-1.2176,0.2234,0.9995
Hoxb8,Hoxb8,0.458,-1.0628,2.5218,-0.4214,0.6734,0.9995
Hoxb9,Hoxb9,0.4535,-0.4733,2.5097,-0.1886,0.8504,0.9995
Hoxc10,Hoxc10,1622.4931,0.0646,0.0631,1.0247,0.3055,0.9995
Hoxc11,Hoxc11,585.6826,0.174,0.1134,1.5339,0.1251,0.9995
Hoxc12,Hoxc12,38.3722,-0.0267,0.2723,-0.098,0.9219,0.9995
Hoxc13,Hoxc13,623.6297,0.0186,0.1086,0.1716,0.8638,0.9995
Hoxc4,Hoxc4,350.4635,0.0491,0.1226,0.4001,0.6891,0.9995
Hoxc5,Hoxc5,64.2199,0.2059,0.2277,0.9044,0.3658,0.9995
Hoxc6,Hoxc6,586.01,0.1094,0.1705,0.6415,0.5212,0.9995
Hoxc8,Hoxc8,43.513,0.124,0.2451,0.5059,0.6129,0.9995
Hoxc9,Hoxc9,621.5562,0.177,0.0938,1.8882,0.059,0.9995
Hp,Hp,1992.7861,0.3734,1.0645,0.3508,0.7257,0.9995
Hp1bp3,Hp1bp3,8815.1828,0.0463,0.0765,0.6049,0.5453,0.9995
Hpca,Hpca,0.6857,-1.7942,1.9541,-0.9182,0.3585,0.9995
Hpcal1,Hpcal1,2291.066,0.0073,0.0813,0.0894,0.9288,0.9995
Hpd,Hpd,0.9153,-0.1335,1.6693,-0.08,0.9363,0.9995
Hpdl,Hpdl,24.5976,0.0328,0.3294,0.0997,0.9206,0.9995
Hpgd,Hpgd,328.7775,-0.1147,0.1506,-0.7614,0.4464,0.9995
Hpgds,Hpgds,0.6876,-0.7784,1.7371,-0.4481,0.6541,0.9995
Hpn,Hpn,0.915,0.8378,1.6261,0.5152,0.6064,0.9995
Hprt,Hprt,3842.6768,-0.0174,0.0633,-0.2754,0.783,0.9995
Hps1,Hps1,896.7308,-0.1677,0.1378,-1.2171,0.2236,0.9995
Hps3,Hps3,707.4961,0.0351,0.1541,0.2275,0.82,0.9995
Hps4,Hps4,710.7208,-0.0306,0.0828,-0.3693,0.7119,0.9995
Hps5,Hps5,1478.3981,-0.0766,0.0558,-1.373,0.1698,0.9995
Hps6,Hps6,833.7815,0.0628,0.0817,0.7683,0.4423,0.9995
Hpse,Hpse,1378.8263,0.1007,0.2949,0.3416,0.7327,0.9995
Hpx,Hpx,9.4946,-0.0846,0.5153,-0.1642,0.8696,0.9995
Hr,Hr,1094.3393,0.013,0.2007,0.065,0.9482,0.9995
Hras,Hras,1726.2034,0.1412,0.081,1.743,0.0813,0.9995
Hrasls,Hrasls,6.0639,1.276,0.6739,1.8935,0.0583,0.9995
Hrc,Hrc,2889.1362,0.1067,0.2225,0.4797,0.6314,0.9995
Hrct1,Hrct1,20.7047,0.0386,0.3203,0.1206,0.904,0.9995
Hrg,Hrg,0.6842,0.1301,1.971,0.066,0.9474,0.9995
Hrh1,Hrh1,13.4902,-0.2669,0.4085,-0.6534,0.5135,0.9995
Hrh3,Hrh3,7.2091,0.2838,0.7523,0.3773,0.706,0.9995
Hrsp12,Hrsp12,605.3096,-0.0815,0.0934,-0.8728,0.3828,0.9995
Hs1bp3,Hs1bp3,2216.6103,0.0519,0.1477,0.3512,0.7254,0.9995
Hs2st1,Hs2st1,6378.2558,-0.0935,0.1032,-0.9065,0.3647,0.9995
Hs3st1,Hs3st1,79.9959,-0.1918,0.2753,-0.6964,0.4862,0.9995
Hs3st3a1,Hs3st3a1,107.3892,-0.1207,0.2022,-0.5967,0.5507,0.9995
Hs3st3b1,Hs3st3b1,62.6568,-0.0631,0.238,-0.2653,0.7908,0.9995
Hs3st5,Hs3st5,7.2164,-0.9379,0.6936,-1.3522,0.1763,0.9995
Hs6st1,Hs6st1,3273.522,-0.043,0.0772,-0.5569,0.5776,0.9995
Hs6st2,Hs6st2,1.7121,1.4867,1.2314,1.2073,0.2273,0.9995
Hsbp1,Hsbp1,4453.6232,0.0629,0.0593,1.0607,0.2888,0.9995
Hsbp1l1,Hsbp1l1,3.775,0.1535,0.6998,0.2194,0.8263,0.9995
Hscb,Hscb,376.1772,0.0521,0.1906,0.2735,0.7844,0.9995
Hsd11b1,Hsd11b1,7187.5376,-0.0112,0.1817,-0.0614,0.951,0.9995
Hsd11b2,Hsd11b2,8.922,0.0471,0.4711,0.0999,0.9204,0.9995
Hsd17b1,Hsd17b1,24.0532,0.3727,0.6167,0.6043,0.5456,0.9995
Hsd17b10,Hsd17b10,2048.902,0.1578,0.0942,1.6759,0.0937,0.9995
Hsd17b11,Hsd17b11,1613.5155,-0.0134,0.1659,-0.0808,0.9356,0.9995
Hsd17b12,Hsd17b12,6251.4441,0.0144,0.1539,0.0936,0.9255,0.9995
Hsd17b13,Hsd17b13,9.2694,0.4952,0.538,0.9203,0.3574,0.9995
Hsd17b14,Hsd17b14,26.7347,-0.0212,0.3421,-0.0619,0.9507,0.9995
Hsd17b2,Hsd17b2,0.4604,-1.0667,2.52,-0.4233,0.6721,0.9995
Hsd17b4,Hsd17b4,4791.2449,0.0181,0.059,0.3062,0.7594,0.9995
Hsd17b6,Hsd17b6,0.3441,0.9357,2.6506,0.353,0.7241,0.9995
Hsd17b7,Hsd17b7,1557.3753,-0.1487,0.1083,-1.3732,0.1697,0.9995
Hsd3b2,Hsd3b2,0.6816,1.9026,2.4231,0.7852,0.4323,0.9995
Hsd3b3,Hsd3b3,2.2825,-0.2751,1.0026,-0.2744,0.7838,0.9995
Hsd3b4,Hsd3b4,0.4549,-0.4759,2.5082,-0.1898,0.8495,0.9995
Hsd3b7,Hsd3b7,1375.5274,0.0521,0.1931,0.27,0.7871,0.9995
Hsdl1,Hsdl1,907.4049,0.054,0.1243,0.4346,0.6639,0.9995
Hsdl2,Hsdl2,1632.3591,-0.0547,0.107,-0.511,0.6093,0.9995
Hsf1,Hsf1,2162.2983,0.0422,0.0641,0.6583,0.5104,0.9995
Hsf2,Hsf2,1406.6701,-0.0704,0.0911,-0.7726,0.4398,0.9995
Hsf2bp,Hsf2bp,87.6132,0.064,0.301,0.2127,0.8316,0.9995
Hsf4,Hsf4,264.8104,-0.0276,0.0939,-0.2942,0.7686,0.9995
Hsf5,Hsf5,2.0566,0.4188,1.1069,0.3783,0.7052,0.9995
Hsh2d,Hsh2d,1.7122,-0.8454,1.1814,-0.7156,0.4743,0.9995
Hsp90aa1,Hsp90aa1,15552.3023,-0.016,0.1529,-0.1047,0.9166,0.9995
Hsp90ab1,Hsp90ab1,101438.3514,-0.0196,0.0521,-0.3772,0.7061,0.9995
Hsp90b1,Hsp90b1,50117.9399,-0.0994,0.1522,-0.6532,0.5136,0.9995
Hspa12a,Hspa12a,1286.216,-0.0203,0.0992,-0.2045,0.8379,0.9995
Hspa12b,Hspa12b,165.652,0.0826,0.1423,0.5805,0.5616,0.9995
Hspa13,Hspa13,3988.5374,-0.0604,0.1192,-0.5067,0.6124,0.9995
Hspa14,Hspa14,1955.2381,0.021,0.0723,0.2907,0.7713,0.9995
Hspa1a,Hspa1a,229.6669,0.0421,0.1095,0.3839,0.701,0.9995
Hspa1b,Hspa1b,1450.065,-0.0233,0.0824,-0.2827,0.7774,0.9995
Hspa1l,Hspa1l,135.4988,0.2082,0.1304,1.5969,0.1103,0.9995
Hspa2,Hspa2,751.917,-0.0375,0.099,-0.3784,0.7051,0.9995
Hspa4,Hspa4,12209.0979,-0.0478,0.1268,-0.3774,0.7059,0.9995
Hspa4l,Hspa4l,2759.5777,0.0514,0.1216,0.4223,0.6728,0.9995
Hspa5,Hspa5,71477.4605,-0.0761,0.2279,-0.3336,0.7386,0.9995
Hspa8,Hspa8,46984.0094,0.0788,0.0656,1.2016,0.2295,0.9995
Hspa9,Hspa9,32495.6341,0.0719,0.1479,0.4862,0.6268,0.9995
Hspb1,Hspb1,7006.8345,0.0153,0.1402,0.1094,0.9129,0.9995
Hspb11,Hspb11,694.3745,-0.034,0.1058,-0.3209,0.7483,0.9995
Hspb2,Hspb2,502.4802,0.3427,0.1186,2.8896,0.0039,0.9995
Hspb3,Hspb3,96.2595,0.2728,0.2141,1.2744,0.2025,0.9995
Hspb6,Hspb6,708.0082,0.0754,0.1689,0.4465,0.6552,0.9995
Hspb7,Hspb7,956.6606,0.1888,0.2918,0.6471,0.5175,0.9995
Hspb8,Hspb8,6236.4707,0.0685,0.0895,0.7648,0.4444,0.9995
Hspb9,Hspb9,6.2748,0.5627,0.6547,0.8596,0.39,0.9995
Hspbap1,Hspbap1,480.4547,0.0989,0.1159,0.8534,0.3934,0.9995
Hspbp1,Hspbp1,824.4426,0.0751,0.0928,0.8086,0.4187,0.9995
Hspd1,Hspd1,11716.1225,0.0913,0.1062,0.8596,0.39,0.9995
Hspe1,Hspe1,4086.9682,0.1392,0.1023,1.3605,0.1737,0.9995
Hspg2,Hspg2,35965.6552,-0.2655,0.1482,-1.7923,0.0731,0.9995
Hsph1,Hsph1,5520.8247,-0.0727,0.0617,-1.1788,0.2385,0.9995
Htatip2,Htatip2,148.552,-0.1067,0.184,-0.5796,0.5622,0.9995
Htatsf1,Htatsf1,1801.1123,-0.0152,0.1777,-0.0855,0.9319,0.9995
Htr1b,Htr1b,22.4959,-0.3298,0.3881,-0.8497,0.3955,0.9995
Htr1d,Htr1d,14.0781,0.2209,0.5072,0.4355,0.6632,0.9995
Htr2a,Htr2a,18.5295,0.0604,0.3694,0.1636,0.87,0.9995
Htr2b,Htr2b,187.0859,0.2327,0.4412,0.5274,0.5979,0.9995
Htr6,Htr6,4.4499,0.7601,0.7017,1.0832,0.2787,0.9995
Htr7,Htr7,37.5098,-0.4912,0.5517,-0.8903,0.3733,0.9995
Htra1,Htra1,17639.7906,0.096,0.1168,0.8218,0.4112,0.9995
Htra2,Htra2,1742.0844,0.1697,0.0933,1.8192,0.0689,0.9995
Htra3,Htra3,1860.0038,-0.0768,0.2059,-0.3729,0.7092,0.9995
Htra4,Htra4,8.2262,-0.7669,0.4993,-1.536,0.1245,0.9995
Htt,Htt,2456.8829,-0.1009,0.0684,-1.4753,0.1401,0.9995
Hunk,Hunk,17.8398,-0.0352,0.7129,-0.0494,0.9606,0.9995
Hus1,Hus1,567.669,-0.1356,0.1219,-1.1124,0.266,0.9995
Hus1b,Hus1b,1.0337,-1.5934,1.8265,-0.8724,0.383,0.9995
Huwe1,Huwe1,10382.8479,-0.1275,0.0943,-1.3521,0.1764,0.9995
Hvcn1,Hvcn1,70.7393,-0.1432,0.2395,-0.598,0.5499,0.9995
Hyal1,Hyal1,400.1781,0.0132,0.2493,0.053,0.9578,0.9995
Hyal2,Hyal2,1397.8602,0.1566,0.0857,1.8261,0.0678,0.9995
Hyal3,Hyal3,29.8343,0.117,0.3292,0.3554,0.7223,0.9995
Hydin,Hydin,3.4254,0.2261,1.2681,0.1783,0.8585,0.9995
Hyi,Hyi,345.7532,0.0762,0.1505,0.5065,0.6125,0.9995
Hykk,Hykk,71.9675,-0.2083,0.2753,-0.7564,0.4494,0.9995
Hyls1,Hyls1,332.818,-0.0326,0.2245,-0.1451,0.8846,0.9995
Hyou1,Hyou1,12419.042,-0.0721,0.1737,-0.4152,0.678,0.9995
Hypk,Hypk,2503.078,0.0645,0.0985,0.6548,0.5126,0.9995
I830077J02Rik,I830077J02Rik,0.5723,0.7153,2.055,0.3481,0.7278,0.9995
Iah1,Iah1,735.2311,0.0307,0.094,0.3266,0.744,0.9995
Iars,Iars,7574.4289,-0.0159,0.0768,-0.2072,0.8359,0.9995
Iars2,Iars2,3653.2671,0.0368,0.09,0.409,0.6826,0.9995
Iba57,Iba57,285.3386,-0.1324,0.11,-1.2033,0.2289,0.9995
Ibtk,Ibtk,2720.8432,0.0128,0.1236,0.1034,0.9176,0.9995
Ica1,Ica1,583.9171,-0.1516,0.1178,-1.2867,0.1982,0.9995
Ica1l,Ica1l,11.4457,-0.294,0.5482,-0.5364,0.5917,0.9995
Icam1,Icam1,1.8304,-0.6187,1.1534,-0.5364,0.5917,0.9995
Icam2,Icam2,1.3718,-1.1674,1.2973,-0.8999,0.3682,0.9995
Icam4,Icam4,9.2622,0.163,0.5457,0.2986,0.7652,0.9995
Icam5,Icam5,33.854,0.0222,0.2679,0.0829,0.9339,0.9995
Ice1,Ice1,3423.1812,-0.1101,0.0914,-1.2046,0.2283,0.9995
Ice2,Ice2,467.3795,0.0999,0.1373,0.7277,0.4668,0.9995
Ick,Ick,1536.4014,0.0129,0.1372,0.0939,0.9252,0.9995
Icmt,Icmt,4366.3545,0.0303,0.0844,0.3588,0.7197,0.9995
Icosl,Icosl,2.056,0.6844,0.9453,0.724,0.469,0.9995
Ict1,Ict1,1062.8276,0.0911,0.0897,1.0155,0.3099,0.9995
Id1,Id1,916.9568,-0.0683,0.1573,-0.4343,0.6641,0.9995
Id2,Id2,1541.189,-0.235,0.2334,-1.0069,0.314,0.9995
Id3,Id3,2074.2725,-0.2491,0.3099,-0.8039,0.4215,0.9995
Id4,Id4,3.2003,0.4124,0.7573,0.5446,0.586,0.9995
Ide,Ide,3737.4514,-0.064,0.0909,-0.7039,0.4815,0.9995
Idh1,Idh1,9137.0483,-0.0213,0.0572,-0.3727,0.7093,0.9995
Idh2,Idh2,5908.7013,0.0404,0.0895,0.4516,0.6515,0.9995
Idh3a,Idh3a,3775.3712,0.0843,0.1149,0.7337,0.4631,0.9995
Idh3b,Idh3b,3371.415,0.0169,0.0525,0.3226,0.747,0.9995
Idh3g,Idh3g,3726.3709,0.0867,0.0863,1.0046,0.3151,0.9995
Idi1,Idi1,1075.2742,-0.0871,0.1819,-0.4788,0.6321,0.9995
Idi2,Idi2,1.0305,1.7919,1.7117,1.0468,0.2952,0.9995
Idnk,Idnk,428.454,0.002,0.135,0.0148,0.9882,0.9995
Ido1,Ido1,0.9159,-1.3716,1.8592,-0.7377,0.4607,0.9995
Ido2,Ido2,5.3588,-0.0612,0.6834,-0.0895,0.9287,0.9995
Ids,Ids,2717.5293,-0.1797,0.164,-1.0962,0.273,0.9995
Idua,Idua,369.4178,0.1134,0.1418,0.7997,0.4239,0.9995
Ier2,Ier2,3393.8051,-0.4667,0.2365,-1.9736,0.0484,0.9995
Ier3,Ier3,5678.2153,0.1547,0.5624,0.275,0.7833,0.9995
Ier3ip1,Ier3ip1,2634.883,0.0327,0.0556,0.5885,0.5562,0.9995
Ier5,Ier5,2911.3435,0.0152,0.0713,0.2136,0.8309,0.9995
Ier5l,Ier5l,652.7807,0.0391,0.0819,0.4771,0.6333,0.9995
Iffo1,Iffo1,4557.133,0.0823,0.1833,0.4489,0.6535,0.9995
Iffo2,Iffo2,1794.9013,-0.0746,0.0946,-0.7895,0.4298,0.9995
Ifi202b,Ifi202b,1953.0895,-0.0669,0.1368,-0.4889,0.6249,0.9995
Ifi203,Ifi203,512.6481,-0.0398,0.141,-0.282,0.7779,0.9995
Ifi204,Ifi204,1543.5499,-0.1318,0.1133,-1.1632,0.2447,0.9995
Ifi205,Ifi205,4.6945,0.4154,0.7423,0.5596,0.5758,0.9995
Ifi27,Ifi27,3788.9832,-0.0149,0.1579,-0.0941,0.925,0.9995
Ifi27l2a,Ifi27l2a,42.1148,-0.5043,0.6399,-0.788,0.4307,0.9995
Ifi30,Ifi30,1054.0803,0.0589,0.0893,0.6598,0.5094,0.9995
Ifi35,Ifi35,721.6555,0.013,0.0849,0.153,0.8784,0.9995
Ifi44,Ifi44,46.2956,-0.4561,0.3954,-1.1537,0.2486,0.9995
Ifi44l,Ifi44l,2.9703,0.6778,0.8395,0.8073,0.4195,0.9995
Ifi47,Ifi47,139.4905,-0.2535,0.2716,-0.9335,0.3506,0.9995
Ifih1,Ifih1,160.3933,-0.2146,0.2079,-1.0322,0.302,0.9995
Ifit1,Ifit1,202.2052,-0.2478,0.1844,-1.3437,0.179,0.9995
Ifit1bl1,Ifit1bl1,3.8854,-0.4595,0.7548,-0.6087,0.5427,0.9995
Ifit1bl2,Ifit1bl2,3.7735,0.2738,0.9083,0.3015,0.7631,0.9995
Ifit2,Ifit2,797.9692,-0.0888,0.1613,-0.5505,0.582,0.9995
Ifit3,Ifit3,211.7599,-0.3229,0.3176,-1.0166,0.3093,0.9995
Ifit3b,Ifit3b,59.1243,-0.4032,0.3699,-1.09,0.2757,0.9995
Ifitm1,Ifitm1,258.1878,-0.0454,0.2169,-0.2094,0.8342,0.9995
Ifitm10,Ifitm10,95.7943,-0.019,0.2894,-0.0656,0.9477,0.9995
Ifitm2,Ifitm2,8168.1015,0.0603,0.184,0.3275,0.7433,0.9995
Ifitm3,Ifitm3,12002.702,0.064,0.194,0.3301,0.7413,0.9995
Ifitm5,Ifitm5,17.8024,0.7648,0.5457,1.4014,0.1611,0.9995
Ifitm6,Ifitm6,41.4597,-0.3799,0.4764,-0.7974,0.4252,0.9995
Ifnar1,Ifnar1,3949.9692,-0.0307,0.1096,-0.28,0.7794,0.9995
Ifnar2,Ifnar2,3127.6925,0.0282,0.1915,0.1475,0.8828,0.9995
Ifne,Ifne,1.0335,-1.5902,1.6204,-0.9814,0.3264,0.9995
Ifng,Ifng,4.1249,-0.6196,1.0099,-0.6136,0.5395,0.9995
Ifngr1,Ifngr1,2861.3438,-0.111,0.057,-1.9481,0.0514,0.9995
Ifngr2,Ifngr2,2706.3338,0.0091,0.0568,0.1595,0.8733,0.9995
Ifnlr1,Ifnlr1,8.1145,0.3244,0.5326,0.609,0.5425,0.9995
Ifnz,Ifnz,6.9723,0.6773,0.5967,1.135,0.2564,0.9995
Ifrd1,Ifrd1,3703.2347,0.0715,0.2937,0.2435,0.8076,0.9995
Ifrd2,Ifrd2,656.1099,0.0917,0.0946,0.9689,0.3326,0.9995
Ift122,Ift122,1870.8526,-0.0431,0.0892,-0.4834,0.6288,0.9995
Ift140,Ift140,1164.9269,-0.0504,0.0792,-0.6354,0.5252,0.9995
Ift172,Ift172,1764.9122,-0.1111,0.0879,-1.2636,0.2064,0.9995
Ift20,Ift20,1347.3176,0,0.0675,0.0004,0.9997,1
Ift22,Ift22,624.0007,0.0123,0.1087,0.1131,0.91,0.9995
Ift27,Ift27,706.0308,-0.0661,0.093,-0.7112,0.477,0.9995
Ift43,Ift43,1293.9427,0.0815,0.0795,1.0255,0.3051,0.9995
Ift46,Ift46,2464.306,0.0342,0.1074,0.3182,0.7503,0.9995
Ift52,Ift52,1684.5469,-0.0276,0.0766,-0.3602,0.7187,0.9995
Ift57,Ift57,1303.3681,-0.0102,0.0879,-0.1158,0.9078,0.9995
Ift74,Ift74,603.4557,0.0627,0.1333,0.4708,0.6377,0.9995
Ift80,Ift80,1453.4013,-0.1128,0.184,-0.6132,0.5398,0.9995
Ift81,Ift81,909.893,-0.0623,0.1696,-0.3675,0.7132,0.9995
Ift88,Ift88,555.19,-0.0724,0.1042,-0.695,0.487,0.9995
Igbp1,Igbp1,2598.7046,0.0124,0.0847,0.1459,0.884,0.9995
Igdcc4,Igdcc4,2310.2837,-0.1247,0.1274,-0.979,0.3276,0.9995
Igf1,Igf1,1213.2985,0.1004,0.7144,0.1405,0.8883,0.9995
Igf1r,Igf1r,2770.1314,-0.1891,0.1222,-1.5481,0.1216,0.9995
Igf2,Igf2,14407.6619,0.2616,0.2754,0.9498,0.3422,0.9995
Igf2bp1,Igf2bp1,3.8877,-0.616,0.784,-0.7858,0.432,0.9995
Igf2bp2,Igf2bp2,3826.1586,-0.1253,0.2477,-0.5057,0.6131,0.9995
Igf2bp3,Igf2bp3,56.2231,0.0552,0.2028,0.2723,0.7854,0.9995
Igf2os,Igf2os,15.3391,0.5127,0.6152,0.8334,0.4046,0.9995
Igf2r,Igf2r,7375.1995,-0.1794,0.0936,-1.916,0.0554,0.9995
Igfals,Igfals,5.6081,0.059,0.6447,0.0916,0.927,0.9995
Igfbp2,Igfbp2,9696.5832,-0.2376,0.2594,-0.9157,0.3598,0.9995
Igfbp3,Igfbp3,170.9327,0.4106,0.3415,1.2022,0.2293,0.9995
Igfbp4,Igfbp4,18825.2892,0.191,0.2265,0.8432,0.3991,0.9995
Igfbp5,Igfbp5,54912.1295,-0.1359,0.1748,-0.7775,0.4368,0.9995
Igfbp6,Igfbp6,3392.8849,0.0917,0.0804,1.1414,0.2537,0.9995
Igfbp7,Igfbp7,13046.6509,0.0201,0.2024,0.0992,0.921,0.9995
Igflr1,Igflr1,53.5848,0.0715,0.2612,0.2738,0.7843,0.9995
Igfn1,Igfn1,51.4889,0.3196,0.3463,0.9227,0.3561,0.9995
Ighmbp2,Ighmbp2,644.7521,-0.0041,0.0734,-0.0553,0.9559,0.9995
Igip,Igip,133.3888,0.0817,0.2177,0.3752,0.7075,0.9995
Igll1,Igll1,2.1737,0.7383,1.054,0.7004,0.4837,0.9995
Iglon5,Iglon5,85.4748,-0.1386,0.2656,-0.5219,0.6018,0.9995
Igsf1,Igsf1,0.3423,0.9335,2.6541,0.3517,0.7251,0.9995
Igsf10,Igsf10,729.9787,-0.0826,0.1011,-0.8169,0.414,0.9995
Igsf11,Igsf11,92.4751,-0.2545,0.2259,-1.127,0.2597,0.9995
Igsf23,Igsf23,4.9073,0.7283,0.6352,1.1467,0.2515,0.9995
Igsf3,Igsf3,3817.9566,-0.0801,0.1293,-0.6195,0.5356,0.9995
Igsf5,Igsf5,16.2278,-0.0567,0.5534,-0.1025,0.9184,0.9995
Igsf6,Igsf6,6.3996,0.3052,0.5892,0.518,0.6044,0.9995
Igsf8,Igsf8,2823.4044,0.0477,0.1098,0.4342,0.6641,0.9995
Igsf9,Igsf9,33.7521,-0.2806,0.3484,-0.8052,0.4207,0.9995
Igsf9b,Igsf9b,1.143,1.2827,1.8367,0.6984,0.4849,0.9995
Igtp,Igtp,190.1186,-0.0663,0.1737,-0.3816,0.7028,0.9995
Ihh,Ihh,4.6981,-0.4398,0.7423,-0.5924,0.5536,0.9995
Iigp1,Iigp1,18.3082,-0.5771,0.6295,-0.9167,0.3593,0.9995
Ik,Ik,4962.0797,-0.0419,0.0779,-0.5379,0.5907,0.9995
Ikbip,Ikbip,4114.5556,-0.0875,0.1281,-0.6833,0.4944,0.9995
Ikbkap,Ikbkap,2511.1082,0.0744,0.0619,1.2016,0.2295,0.9995
Ikbkb,Ikbkb,2260.7176,-0.04,0.0518,-0.7725,0.4398,0.9995
Ikbke,Ikbke,517.1596,-0.1166,0.1571,-0.7423,0.4579,0.9995
Ikbkg,Ikbkg,4416.507,0.0104,0.1524,0.0683,0.9456,0.9995
Ikzf1,Ikzf1,0.3446,0.9378,2.6503,0.3539,0.7234,0.9995
Ikzf2,Ikzf2,280.9375,0.0628,0.2428,0.2588,0.7958,0.9995
Ikzf4,Ikzf4,7.2909,1.0475,0.6648,1.5758,0.1151,0.9995
Ikzf5,Ikzf5,721.7491,0.0214,0.1787,0.1195,0.9049,0.9995
Il10,Il10,1.1474,0.6692,1.5579,0.4295,0.6675,0.9995
Il10rb,Il10rb,1434.5443,0.021,0.1288,0.1628,0.8707,0.9995
Il11,Il11,29.8159,-0.0531,0.3411,-0.1558,0.8762,0.9995
Il11ra1,Il11ra1,503.7695,0.0042,0.1297,0.0321,0.9744,0.9995
Il12a,Il12a,215.7081,-0.2217,0.2245,-0.9875,0.3234,0.9995
Il12b,Il12b,7.3923,0.903,0.9766,0.9246,0.3552,0.9995
Il12rb1,Il12rb1,179.3729,0.2424,0.2206,1.0993,0.2717,0.9995
Il12rb2,Il12rb2,11.4424,-0.3281,0.4262,-0.7699,0.4414,0.9995
Il13ra1,Il13ra1,5389.3441,0.0558,0.2817,0.1982,0.8429,0.9995
Il13ra2,Il13ra2,1036.5223,0.1825,0.7173,0.2544,0.7992,0.9995
Il15,Il15,46.0347,0.2183,0.2592,0.842,0.3998,0.9995
Il15ra,Il15ra,18.0669,-0.32,0.3663,-0.8735,0.3824,0.9995
Il16,Il16,108.8277,-0.2472,0.1919,-1.2884,0.1976,0.9995
Il17b,Il17b,2.2825,2.0483,1.4717,1.3918,0.164,0.9995
Il17c,Il17c,1.7162,-0.9066,1.4892,-0.6088,0.5427,0.9995
Il17d,Il17d,8.6782,0.0986,0.4922,0.2004,0.8412,0.9995
Il17ra,Il17ra,1636.7458,-0.0062,0.104,-0.0593,0.9527,0.9995
Il17rb,Il17rb,5.1313,0.6016,0.6863,0.8765,0.3807,0.9995
Il17rc,Il17rc,1852.6409,0.0639,0.0819,0.7803,0.4352,0.9995
Il17rd,Il17rd,738.0799,-0.2084,0.132,-1.5789,0.1144,0.9995
Il17re,Il17re,17.7314,-0.0362,0.388,-0.0932,0.9258,0.9995
Il18,Il18,254.2494,-0.1252,0.2545,-0.492,0.6227,0.9995
Il18bp,Il18bp,40.1297,-0.0448,0.249,-0.1799,0.8572,0.9995
Il18r1,Il18r1,1.4891,-1.5791,1.2923,-1.2219,0.2217,0.9995
Il18rap,Il18rap,320.6612,0.2923,0.4171,0.7007,0.4835,0.9995
Il19,Il19,3.0732,-0.4122,1.1157,-0.3694,0.7118,0.9995
Il1a,Il1a,122.3647,0.1869,0.5708,0.3275,0.7433,0.9995
Il1b,Il1b,144.1426,0.3118,0.1727,1.8053,0.071,0.9995
Il1bos,Il1bos,0.7972,0.2645,1.5863,0.1668,0.8676,0.9995
Il1f10,Il1f10,5.3589,0.7331,0.7463,0.9823,0.3259,0.9995
Il1f5,Il1f5,0.4578,0.218,2.1462,0.1016,0.9191,0.9995
Il1f8,Il1f8,0.5731,1.8081,1.9537,0.9254,0.3547,0.9995
Il1f9,Il1f9,144.0002,0.235,0.9982,0.2354,0.8139,0.9995
Il1r1,Il1r1,4194.9932,-0.0736,0.1635,-0.4502,0.6526,0.9995
Il1r2,Il1r2,3.0872,0.4263,0.8565,0.4977,0.6187,0.9995
Il1rap,Il1rap,920.6843,-0.1859,0.1973,-0.9421,0.3461,0.9995
Il1rl1,Il1rl1,541.3513,0.3418,0.6975,0.49,0.6242,0.9995
Il1rl2,Il1rl2,1.0329,-1.5869,1.5771,-1.0062,0.3143,0.9995
Il1rn,Il1rn,623.5458,0.0176,0.1133,0.1552,0.8767,0.9995
Il2,Il2,2.1759,-0.143,1.0555,-0.1355,0.8922,0.9995
Il20rb,Il20rb,25.4848,0.1519,0.3668,0.414,0.6789,0.9995
Il21r,Il21r,9.7149,0.4187,0.5606,0.7468,0.4552,0.9995
Il22ra1,Il22ra1,1.1457,-1.0692,1.3846,-0.7722,0.44,0.9995
Il23a,Il23a,2.6191,0.1796,1.1602,0.1548,0.877,0.9995
Il23r,Il23r,6.9716,-0.2666,0.6835,-0.3901,0.6965,0.9995
Il27,Il27,0.6876,2.1012,2.2733,0.9243,0.3553,0.9995
Il27ra,Il27ra,92.8119,-0.2245,0.1599,-1.4036,0.1604,0.9995
Il2rb,Il2rb,55.4858,-0.0178,0.3316,-0.0536,0.9573,0.9995
Il2rg,Il2rg,306.8078,-0.2678,0.3122,-0.8576,0.3911,0.9995
Il33,Il33,1562.465,-0.2319,0.1799,-1.2888,0.1975,0.9995
Il34,Il34,379.6636,-0.3027,0.1743,-1.7371,0.0824,0.9995
Il3ra,Il3ra,793.9302,0.0567,0.1931,0.2939,0.7688,0.9995
Il4i1,Il4i1,2.9764,0.0388,0.8921,0.0435,0.9653,0.9995
Il4ra,Il4ra,7159.7057,0.0527,0.2093,0.2519,0.8012,0.9995
Il5,Il5,0.684,0.1175,2.4211,0.0485,0.9613,0.9995
Il6,Il6,790.7113,0.2467,0.854,0.2888,0.7727,0.9995
Il6ra,Il6ra,483.9028,-0.138,0.2011,-0.6863,0.4925,0.9995
Il6st,Il6st,12212.5027,-0.0815,0.1437,-0.5667,0.5709,0.9995
Il7,Il7,42.6061,0.0898,0.3628,0.2474,0.8046,0.9995
Ildr2,Ildr2,550.2562,-0.3563,0.1864,-1.9114,0.056,0.9995
Ilf2,Ilf2,3368.3779,0.0991,0.0859,1.1537,0.2486,0.9995
Ilf3,Ilf3,4212.0678,0.0468,0.0799,0.5863,0.5577,0.9995
Ilk,Ilk,6834.7391,0.0736,0.1077,0.6834,0.4944,0.9995
Ilkap,Ilkap,1852.14,0.0497,0.0763,0.651,0.5151,0.9995
Ilvbl,Ilvbl,1858.3951,-0.0283,0.0909,-0.3117,0.7553,0.9995
Immp1l,Immp1l,748.8084,-0.0124,0.1163,-0.1065,0.9152,0.9995
Immp2l,Immp2l,103.6349,0.1323,0.1589,0.8325,0.4051,0.9995
Immt,Immt,6686.5707,0.0299,0.0568,0.5265,0.5986,0.9995
Imp3,Imp3,1003.7111,0.1926,0.1793,1.0741,0.2828,0.9995
Imp4,Imp4,1018.3555,0.0292,0.0771,0.3793,0.7045,0.9995
Impa1,Impa1,2045.9554,-0.0348,0.0737,-0.4723,0.6367,0.9995
Impa2,Impa2,281.3653,0.0723,0.1319,0.5479,0.5838,0.9995
Impact,Impact,4498.6736,-0.0801,0.1338,-0.5985,0.5495,0.9995
Impad1,Impad1,3639.6201,0.0303,0.1452,0.209,0.8345,0.9995
Impdh1,Impdh1,4475.1914,-0.0088,0.0789,-0.112,0.9108,0.9995
Impdh2,Impdh2,5527.8388,0.1769,0.1033,1.7131,0.0867,0.9995
Impg2,Impg2,16.0152,0.1948,0.4361,0.4466,0.6552,0.9995
Ina,Ina,0.6864,-0.7812,1.7375,-0.4496,0.653,0.9995
Inadl,Inadl,1011.2234,0.0064,0.1343,0.0474,0.9622,0.9995
Inafm1,Inafm1,332.8112,0.0627,0.1033,0.6064,0.5442,0.9995
Inafm2,Inafm2,2007.769,0.1249,0.1383,0.9036,0.3662,0.9995
Inca1,Inca1,55.108,0.1511,0.194,0.779,0.436,0.9995
Incenp,Incenp,1488.343,-0.0215,0.2868,-0.0749,0.9403,0.9995
Inf2,Inf2,7318.9733,0.02,0.086,0.2322,0.8163,0.9995
Ing1,Ing1,2002.1108,0.0118,0.0888,0.1329,0.8943,0.9995
Ing2,Ing2,450.71,0.0166,0.0816,0.2038,0.8385,0.9995
Ing3,Ing3,656.1115,-0.027,0.1046,-0.2581,0.7963,0.9995
Ing4,Ing4,1945.6815,0.0363,0.077,0.4709,0.6377,0.9995
Ing5,Ing5,531.7873,0.0107,0.1258,0.085,0.9323,0.9995
Inha,Inha,97.9539,0.3217,0.1711,1.8798,0.0601,0.9995
Inhba,Inhba,344.8574,-0.1306,0.1615,-0.8087,0.4187,0.9995
Inhbb,Inhbb,18070.0576,0.0118,0.1014,0.1161,0.9076,0.9995
Inhbe,Inhbe,0.5722,-1.4765,2.3941,-0.6167,0.5374,0.9995
Inip,Inip,814.6652,0.0604,0.1244,0.4851,0.6276,0.9995
Inmt,Inmt,2.3964,0.0839,1.0094,0.0831,0.9338,0.9995
Ino80,Ino80,1639.5288,-0.0439,0.1047,-0.4196,0.6748,0.9995
Ino80b,Ino80b,711.7962,0.1262,0.1191,1.0596,0.2893,0.9995
Ino80c,Ino80c,1740.3568,-0.0691,0.0868,-0.7962,0.4259,0.9995
Ino80d,Ino80d,1171.5026,-0.1457,0.1959,-0.7437,0.4571,0.9995
Ino80dos,Ino80dos,36.9541,0.1261,0.2836,0.4448,0.6565,0.9995
Ino80e,Ino80e,679.8208,0.0282,0.1175,0.2395,0.8107,0.9995
Inpp1,Inpp1,353.3586,0.0455,0.1179,0.3858,0.6996,0.9995
Inpp4a,Inpp4a,723.9049,-0.1944,0.1429,-1.3609,0.1735,0.9995
Inpp4b,Inpp4b,338.9442,0.1419,0.4399,0.3226,0.747,0.9995
Inpp5a,Inpp5a,1414.7484,-0.0062,0.1116,-0.0552,0.956,0.9995
Inpp5b,Inpp5b,1638.4227,-0.0403,0.1195,-0.337,0.7361,0.9995
Inpp5d,Inpp5d,18.9598,0.4728,0.3679,1.2849,0.1988,0.9995
Inpp5e,Inpp5e,1005.4794,0.0351,0.1152,0.3049,0.7604,0.9995
Inpp5f,Inpp5f,946.1737,-0.1259,0.1315,-0.9577,0.3382,0.9995
Inpp5j,Inpp5j,21.8709,-0.5652,0.433,-1.3053,0.1918,0.9995
Inpp5k,Inpp5k,1684.1187,0.0553,0.1226,0.4511,0.6519,0.9995
Inppl1,Inppl1,9622.9493,0.0315,0.0975,0.3235,0.7463,0.9995
Ins2,Ins2,38.0936,-0.139,0.3389,-0.4101,0.6817,0.9995
Insc,Insc,95.2795,-0.1632,0.9191,-0.1776,0.859,0.9995
Insig1,Insig1,3103.5759,-0.0429,0.2312,-0.1856,0.8528,0.9995
Insig2,Insig2,5690.4618,-0.0378,0.1743,-0.2167,0.8284,0.9995
Insl6,Insl6,15.0827,0.103,0.4117,0.2501,0.8025,0.9995
Insr,Insr,2541.3324,-0.1092,0.1271,-0.8594,0.3901,0.9995
Ints1,Ints1,2454.1518,-0.0717,0.077,-0.9302,0.3523,0.9995
Ints10,Ints10,1559.4962,-0.0289,0.0798,-0.3626,0.7169,0.9995
Ints12,Ints12,915.1556,-0.052,0.0959,-0.5422,0.5877,0.9995
Ints2,Ints2,985.0367,-0.0322,0.1534,-0.21,0.8337,0.9995
Ints3,Ints3,2975.8257,-0.0581,0.0656,-0.885,0.3761,0.9995
Ints4,Ints4,1604.9768,0.0085,0.0598,0.1427,0.8865,0.9995
Ints5,Ints5,860.1358,0.1082,0.0891,1.215,0.2244,0.9995
Ints6,Ints6,830.0359,0.0085,0.1584,0.0536,0.9572,0.9995
Ints7,Ints7,2088.8928,0.0464,0.0711,0.6524,0.5141,0.9995
Ints8,Ints8,1863.2177,-0.0885,0.189,-0.4683,0.6395,0.9995
Ints9,Ints9,1127.4176,0.0177,0.0645,0.274,0.7841,0.9995
Intu,Intu,458.9297,-0.1204,0.1287,-0.9358,0.3494,0.9995
Invs,Invs,872.9264,-0.1672,0.0817,-2.046,0.0408,0.9995
Ip6k1,Ip6k1,5520.4668,0.0155,0.1011,0.1536,0.8779,0.9995
Ip6k2,Ip6k2,1214.7665,0.15,0.1244,1.2056,0.228,0.9995
Ip6k3,Ip6k3,1260.5381,0.0095,0.1922,0.0492,0.9608,0.9995
Ipcef1,Ipcef1,0.4587,0.219,2.1461,0.102,0.9187,0.9995
Ipmk,Ipmk,1678.1918,-0.0849,0.1731,-0.4908,0.6235,0.9995
Ipo11,Ipo11,1871.5404,-0.0972,0.1373,-0.7079,0.479,0.9995
Ipo13,Ipo13,2343.916,0.0643,0.0822,0.7825,0.4339,0.9995
Ipo4,Ipo4,4869.9812,-0.0161,0.0721,-0.2232,0.8234,0.9995
Ipo5,Ipo5,10392.2319,0.0107,0.0834,0.128,0.8981,0.9995
Ipo7,Ipo7,3734.7004,0.0384,0.1663,0.2307,0.8176,0.9995
Ipo8,Ipo8,3318.0271,-0.051,0.0559,-0.9126,0.3615,0.9995
Ipo9,Ipo9,6449.8527,-0.005,0.0658,-0.0761,0.9393,0.9995
Ipp,Ipp,609.287,-0.0709,0.0797,-0.8895,0.3737,0.9995
Ippk,Ippk,775.383,-0.0327,0.1086,-0.3014,0.7631,0.9995
Iqca,Iqca,1.2585,-0.347,1.3826,-0.251,0.8018,0.9995
Iqcb1,Iqcb1,449.613,-0.0248,0.0961,-0.2576,0.7967,0.9995
Iqcc,Iqcc,627.0456,0.0771,0.1091,0.7064,0.4799,0.9995
Iqcd,Iqcd,30.28,0.0224,0.2967,0.0754,0.9399,0.9995
Iqce,Iqce,839.7708,-0.0264,0.1092,-0.2419,0.8088,0.9995
Iqcg,Iqcg,45.0917,-0.1644,0.3359,-0.4895,0.6245,0.9995
Iqch,Iqch,2.5115,0.2188,0.9079,0.241,0.8096,0.9995
Iqck,Iqck,34.1453,0.2272,0.3638,0.6245,0.5323,0.9995
Iqgap1,Iqgap1,12429.5828,-0.1567,0.0837,-1.8722,0.0612,0.9995
Iqgap2,Iqgap2,3.4289,0.2886,0.8763,0.3293,0.7419,0.9995
Iqgap3,Iqgap3,1224.4966,-0.2559,0.3834,-0.6674,0.5045,0.9995
Iqsec1,Iqsec1,3815.0625,-0.119,0.0683,-1.7426,0.0814,0.9995
Iqsec2,Iqsec2,1109.9303,-0.0248,0.0776,-0.3201,0.7489,0.9995
Iqsec3,Iqsec3,32.6847,0.3433,0.8167,0.4204,0.6742,0.9995
Iqub,Iqub,1.7025,0.8561,1.6264,0.5263,0.5986,0.9995
Irak1,Irak1,3868.4549,-0.023,0.0468,-0.49,0.6241,0.9995
Irak1bp1,Irak1bp1,578.9696,-0.0757,0.0878,-0.8617,0.3889,0.9995
Irak2,Irak2,1167.5735,0.024,0.0856,0.2805,0.7791,0.9995
Irak3,Irak3,195.9661,0.0126,0.1919,0.0657,0.9476,0.9995
Irak4,Irak4,588.9342,-0.0405,0.1096,-0.3697,0.7116,0.9995
Ireb2,Ireb2,2589.1559,0.0364,0.1888,0.1928,0.8471,0.9995
Irf1,Irf1,1869.028,0.0716,0.0872,0.8209,0.4117,0.9995
Irf2,Irf2,1210.4818,0.0158,0.1147,0.1376,0.8906,0.9995
Irf2bp1,Irf2bp1,1361.722,0.0599,0.0779,0.7687,0.442,0.9995
Irf2bp2,Irf2bp2,2959.8851,-0.1354,0.1121,-1.2075,0.2273,0.9995
Irf2bpl,Irf2bpl,6277.6665,-0.1009,0.0715,-1.4115,0.1581,0.9995
Irf3,Irf3,1315.3443,0.0418,0.0808,0.5179,0.6045,0.9995
Irf4,Irf4,1.7125,0.1913,1.0732,0.1783,0.8585,0.9995
Irf5,Irf5,53.2999,-0.0864,0.4291,-0.2014,0.8404,0.9995
Irf6,Irf6,97.496,-0.192,0.3052,-0.6291,0.5293,0.9995
Irf7,Irf7,149.4317,-0.3125,0.2408,-1.2976,0.1944,0.9995
Irf9,Irf9,911.7032,-0.0769,0.1235,-0.6221,0.5339,0.9995
Irg1,Irg1,1.9335,-0.0161,1.6216,-0.0099,0.9921,0.9995
Irgc1,Irgc1,1.5988,-0.195,1.1357,-0.1717,0.8637,0.9995
Irgm1,Irgm1,1272.3415,-0.2238,0.2056,-1.0887,0.2763,0.9995
Irgm2,Irgm2,242.1842,-0.1,0.172,-0.5813,0.561,0.9995
Irgq,Irgq,2488.8711,0.034,0.0821,0.4139,0.6789,0.9995
Irs1,Irs1,4370.4685,-0.2642,0.2386,-1.1071,0.2682,0.9995
Irs2,Irs2,505.8885,-0.2887,0.1175,-2.4559,0.0141,0.9995
Irs3,Irs3,17.2782,0.1582,0.3948,0.4007,0.6886,0.9995
Irx2,Irx2,270.5516,0.0286,0.1295,0.2206,0.8254,0.9995
Irx3,Irx3,656.9165,-0.0088,0.247,-0.0355,0.9717,0.9995
Irx5,Irx5,502.5942,0.0381,0.1088,0.3504,0.7261,0.9995
Isca1,Isca1,2240.8465,-0.0092,0.0662,-0.1391,0.8894,0.9995
Isca2,Isca2,940.9656,0.0729,0.0724,1.007,0.3139,0.9995
Iscu,Iscu,2268.1954,0.1283,0.0655,1.9583,0.0502,0.9995
Isg15,Isg15,212.6561,-0.1546,0.1981,-0.7803,0.4352,0.9995
Isg20,Isg20,436.9321,-0.0736,0.1405,-0.5236,0.6005,0.9995
Isg20l2,Isg20l2,2380.4826,0.0618,0.0792,0.7814,0.4346,0.9995
Isl1,Isl1,0.8019,-0.2866,1.8983,-0.151,0.88,0.9995
Isl2,Isl2,130.5786,0.2707,0.1372,1.9725,0.0486,0.9995
Islr,Islr,13588.375,0.029,0.3087,0.0939,0.9252,0.9995
Islr2,Islr2,41.4225,-0.1152,0.4876,-0.2362,0.8133,0.9995
Ism1,Ism1,71.5023,-0.0839,0.2127,-0.3944,0.6933,0.9995
Ism2,Ism2,27.5423,0.1973,0.3656,0.5397,0.5894,0.9995
Isoc1,Isoc1,1096.4719,-0.0216,0.0871,-0.2476,0.8044,0.9995
Isoc2a,Isoc2a,294.4289,-0.0609,0.102,-0.5976,0.5501,0.9995
Isoc2b,Isoc2b,31.7791,-0.3077,0.2756,-1.1162,0.2643,0.9995
Ispd,Ispd,184.6373,0.1918,0.1219,1.5737,0.1156,0.9995
Israa,Israa,0.3423,0.9335,2.6541,0.3517,0.7251,0.9995
Ist1,Ist1,2646.7038,0.0601,0.0508,1.1837,0.2365,0.9995
Isx,Isx,71.3081,0.4146,0.3352,1.237,0.2161,0.9995
Isy1,Isy1,1328.6908,0.0652,0.0622,1.0488,0.2943,0.9995
Isyna1,Isyna1,1813.0417,0.0552,0.0904,0.6104,0.5416,0.9995
Itch,Itch,3000.0347,-0.1013,0.1529,-0.6625,0.5076,0.9995
Itfg1,Itfg1,10819.8178,-0.0679,0.0641,-1.0602,0.289,0.9995
Itfg2,Itfg2,806.5393,0.0673,0.1022,0.6579,0.5106,0.9995
Itfg3,Itfg3,4846.0835,-0.0146,0.0745,-0.1963,0.8444,0.9995
Itga1,Itga1,118.6318,-0.3683,0.354,-1.0405,0.2981,0.9995
Itga10,Itga10,536.2817,-0.2092,0.336,-0.6226,0.5335,0.9995
Itga11,Itga11,2407.6642,-0.1668,0.2948,-0.5658,0.5715,0.9995
Itga2,Itga2,1.1409,1.2023,1.5657,0.7679,0.4426,0.9995
Itga2b,Itga2b,124.8138,-0.0059,0.1531,-0.0386,0.9692,0.9995
Itga3,Itga3,3482.8641,0.0403,0.0643,0.6267,0.5309,0.9995
Itga4,Itga4,557.6743,-0.187,0.2846,-0.6569,0.5113,0.9995
Itga5,Itga5,12705.7115,0.0253,0.0746,0.3388,0.7348,0.9995
Itga6,Itga6,2935.6825,-0.0835,0.2217,-0.3765,0.7065,0.9995
Itga7,Itga7,44744.2431,-0.0495,0.1134,-0.4365,0.6625,0.9995
Itga8,Itga8,27.3306,0.0469,0.3369,0.1392,0.8893,0.9995
Itga9,Itga9,10.6242,0.9007,0.7596,1.1857,0.2357,0.9995
Itgad,Itgad,1.7139,2.0316,1.231,1.6504,0.0989,0.9995
Itgae,Itgae,11.4189,0.0168,0.5758,0.0292,0.9767,0.9995
Itgal,Itgal,7.3134,0.0382,0.6033,0.0633,0.9495,0.9995
Itgam,Itgam,9.951,0.302,0.4775,0.6324,0.5271,0.9995
Itgav,Itgav,8280.5491,-0.114,0.1294,-0.8814,0.3781,0.9995
Itgb1,Itgb1,47207.9246,-0.0863,0.0958,-0.9008,0.3677,0.9995
Itgb1bp1,Itgb1bp1,1541.2779,0.1836,0.1713,1.0716,0.2839,0.9995
Itgb1bp2,Itgb1bp2,1609.4018,0.3502,0.3526,0.993,0.3207,0.9995
Itgb2,Itgb2,123.6001,-0.1156,0.3238,-0.357,0.7211,0.9995
Itgb3,Itgb3,2540.7619,0.0575,0.299,0.1923,0.8475,0.9995
Itgb3bp,Itgb3bp,231.8052,-0.2729,0.2802,-0.9738,0.3301,0.9995
Itgb4,Itgb4,216.2743,-0.1395,0.1961,-0.7113,0.4769,0.9995
Itgb5,Itgb5,18372.3494,-0.1105,0.1021,-1.0829,0.2789,0.9995
Itgb6,Itgb6,329.8874,-0.2213,0.4186,-0.5286,0.5971,0.9995
Itgb7,Itgb7,128.7679,0.3482,0.7919,0.4397,0.6602,0.9995
Itgb8,Itgb8,109.718,-0.1052,0.2551,-0.4125,0.68,0.9995
Itgbl1,Itgbl1,43.0022,-0.4901,0.7185,-0.6821,0.4952,0.9995
Itih1,Itih1,3.6611,0.0884,0.9267,0.0954,0.924,0.9995
Itih2,Itih2,28.0759,0.009,0.3275,0.0274,0.9782,0.9995
Itih3,Itih3,2.7459,0.2786,0.9264,0.3007,0.7636,0.9995
Itih4,Itih4,13.2562,0.5317,0.42,1.266,0.2055,0.9995
Itih5,Itih5,40.9645,-0.3659,0.3311,-1.1052,0.2691,0.9995
Itk,Itk,0.6888,-0.7806,1.7372,-0.4493,0.6532,0.9995
Itln1,Itln1,2.8546,0.0254,1.0217,0.0249,0.9802,0.9995
Itm2a,Itm2a,124.3875,-0.2064,0.4473,-0.4615,0.6444,0.9995
Itm2b,Itm2b,43608.2808,-0.0218,0.0718,-0.3038,0.7613,0.9995
Itm2c,Itm2c,10024.5297,0.0668,0.1047,0.6379,0.5236,0.9995
Itpa,Itpa,1992.175,0.0869,0.0863,1.007,0.3139,0.9995
Itpk1,Itpk1,688.7018,0.053,0.1852,0.2859,0.775,0.9995
Itpka,Itpka,3.4306,-1.5741,0.8829,-1.783,0.0746,0.9995
Itpkb,Itpkb,537.2377,0.0562,0.2025,0.2776,0.7813,0.9995
Itpkc,Itpkc,805.3479,0.0683,0.0928,0.7365,0.4614,0.9995
Itpr1,Itpr1,959.7244,-0.1039,0.0763,-1.3621,0.1732,0.9995
Itpr2,Itpr2,1262.5192,-0.1837,0.1633,-1.1248,0.2607,0.9995
Itpr3,Itpr3,5661.9602,-0.04,0.1955,-0.2047,0.8378,0.9995
Itprip,Itprip,3429.6996,0.0205,0.0699,0.2935,0.7691,0.9995
Itpripl1,Itpripl1,223.4751,0.0692,0.1409,0.4916,0.623,0.9995
Itpripl2,Itpripl2,9202.013,-0.0423,0.1713,-0.247,0.8049,0.9995
Itsn1,Itsn1,3530.2851,-0.0042,0.1082,-0.0391,0.9688,0.9995
Itsn2,Itsn2,826.0102,0.0337,0.1458,0.231,0.8173,0.9995
Ivd,Ivd,1753.3519,0.0234,0.076,0.3077,0.7583,0.9995
Ivl,Ivl,1.1452,-1.7743,1.3758,-1.2897,0.1972,0.9995
Ivns1abp,Ivns1abp,24748.8041,-0.0107,0.0706,-0.1517,0.8794,0.9995
Iws1,Iws1,2415.9832,-0.1409,0.1872,-0.7523,0.4519,0.9995
Iyd,Iyd,6.7465,-0.3668,0.784,-0.4678,0.6399,0.9995
Izumo1,Izumo1,0.6856,0.1382,1.7336,0.0797,0.9365,0.9995
Izumo4,Izumo4,91.1104,0.0148,0.1793,0.0824,0.9343,0.9995
Jade1,Jade1,1731.507,0.1021,0.1512,0.6754,0.4994,0.9995
Jade2,Jade2,800.2353,-0.1646,0.1657,-0.9932,0.3206,0.9995
Jade3,Jade3,250.7249,0.0929,0.1455,0.6386,0.5231,0.9995
Jag1,Jag1,599.2738,-0.148,0.175,-0.8458,0.3977,0.9995
Jag2,Jag2,1045.4556,-0.2237,0.2595,-0.8619,0.3887,0.9995
Jagn1,Jagn1,1492.5689,0.0829,0.1098,0.7551,0.4502,0.9995
Jak1,Jak1,8072.1987,-0.12,0.0847,-1.4169,0.1565,0.9995
Jak2,Jak2,2911.7183,-0.0734,0.1354,-0.542,0.5879,0.9995
Jak3,Jak3,143.3016,-0.1288,0.1457,-0.8839,0.3768,0.9995
Jakmip1,Jakmip1,80.9764,-0.1245,0.2772,-0.4493,0.6532,0.9995
Jakmip3,Jakmip3,2.2864,-0.9174,0.927,-0.9896,0.3224,0.9995
Jam2,Jam2,2761.3853,-0.0754,0.2611,-0.2889,0.7726,0.9995
Jam3,Jam3,1252.3425,0.063,0.0913,0.6903,0.49,0.9995
Jarid2,Jarid2,777.0513,-0.0588,0.0878,-0.669,0.5035,0.9995
Jazf1,Jazf1,52.3522,0.1133,0.2872,0.3943,0.6934,0.9995
Jchain,Jchain,3.2011,0.412,0.7744,0.532,0.5947,0.9995
Jdp2,Jdp2,2824.7759,-0.0186,0.0969,-0.1919,0.8478,0.9995
Jkamp,Jkamp,1465.6665,-0.0236,0.0997,-0.2363,0.8132,0.9995
Jmjd1c,Jmjd1c,1496.5583,-0.0664,0.1286,-0.5166,0.6055,0.9995
Jmjd4,Jmjd4,671.0634,0.0805,0.0798,1.0092,0.3129,0.9995
Jmjd6,Jmjd6,2523.8441,0.0269,0.105,0.2559,0.7981,0.9995
Jmjd7,Jmjd7,2.2798,1.1168,1.2345,0.9047,0.3656,0.9995
Jmjd8,Jmjd8,417.2756,-0.0925,0.1217,-0.7601,0.4472,0.9995
Jmy,Jmy,2098.5953,-0.0754,0.1207,-0.6243,0.5324,0.9995
Josd1,Josd1,4646.634,0.0613,0.1123,0.5456,0.5854,0.9995
Josd2,Josd2,739.5036,0.077,0.0873,0.8811,0.3783,0.9995
Jph1,Jph1,1443.5749,0.0499,0.2024,0.2466,0.8052,0.9995
Jph2,Jph2,9633.5198,0.0352,0.1751,0.201,0.8407,0.9995
Jph3,Jph3,1.5968,-0.6499,1.2867,-0.5051,0.6135,0.9995
Jph4,Jph4,0.9122,2.511,1.5915,1.5777,0.1146,0.9995
Jpx,Jpx,40.9295,0.0273,0.2266,0.1203,0.9042,0.9995
Jrk,Jrk,677.1083,-0.0501,0.0907,-0.552,0.581,0.9995
Jrkl,Jrkl,263.0499,0.1325,0.1817,0.7289,0.4661,0.9995
Jsrp1,Jsrp1,2066.3985,-0.0187,0.2429,-0.077,0.9386,0.9995
Jtb,Jtb,1866.3486,0.1257,0.1245,1.0096,0.3127,0.9995
Jun,Jun,6387.6925,-0.3251,0.1386,-2.3445,0.0191,0.9995
Junb,Junb,10690.5937,-0.1824,0.1155,-1.5799,0.1141,0.9995
Jund,Jund,6173.2387,-0.1477,0.1282,-1.1526,0.2491,0.9995
Jup,Jup,5404.9344,0.0064,0.2451,0.0261,0.9792,0.9995
Kalrn,Kalrn,817.956,-0.0882,0.0784,-1.125,0.2606,0.9995
Kank1,Kank1,260.8812,-0.0098,0.1679,-0.0584,0.9534,0.9995
Kank2,Kank2,7749.2156,-0.0514,0.1368,-0.376,0.707,0.9995
Kank3,Kank3,214.4199,-0.0512,0.1213,-0.4221,0.673,0.9995
Kank4,Kank4,1.4947,-0.6089,1.7507,-0.3478,0.728,0.9995
Kank4os,Kank4os,21.9274,0.2104,0.3154,0.667,0.5048,0.9995
Kansl1,Kansl1,2105.5949,-0.1083,0.1143,-0.947,0.3436,0.9995
Kansl1l,Kansl1l,871.8268,-0.0422,0.1576,-0.2676,0.789,0.9995
Kansl2,Kansl2,7500.3041,0.1309,0.1782,0.7343,0.4628,0.9995
Kansl3,Kansl3,3445.9379,0.0806,0.1095,0.7365,0.4615,0.9995
Kantr,Kantr,283.3649,-0.1203,0.2079,-0.5788,0.5627,0.9995
Kars,Kars,6182.9587,0.0648,0.0785,0.8255,0.4091,0.9995
Kat2a,Kat2a,2315.2234,0.0551,0.0945,0.5827,0.5601,0.9995
Kat2b,Kat2b,2371.3735,-0.0754,0.0904,-0.8344,0.4041,0.9995
Kat5,Kat5,1493.0157,-0.0131,0.0698,-0.1881,0.8508,0.9995
Kat6a,Kat6a,2403.2488,-0.1619,0.1626,-0.9956,0.3194,0.9995
Kat6b,Kat6b,1153.5676,-0.0869,0.1386,-0.6269,0.5307,0.9995
Kat7,Kat7,4488.0945,-0.0377,0.0686,-0.5504,0.582,0.9995
Kat8,Kat8,897.3384,0.0441,0.1038,0.4248,0.671,0.9995
Katna1,Katna1,1492.4835,-0.0635,0.0569,-1.1165,0.2642,0.9995
Katnal1,Katnal1,1117.2561,-0.0814,0.0992,-0.8204,0.412,0.9995
Katnal2,Katnal2,29.1322,0.1591,0.3774,0.4215,0.6734,0.9995
Katnb1,Katnb1,1375.16,0.1523,0.1001,1.5217,0.1281,0.9995
Katnbl1,Katnbl1,1503.579,0.0119,0.1817,0.0656,0.9477,0.9995
Kazald1,Kazald1,159.073,0.2686,0.1546,1.7375,0.0823,0.9995
Kbtbd11,Kbtbd11,2081.7657,-0.0352,0.2134,-0.1648,0.8691,0.9995
Kbtbd12,Kbtbd12,29.9543,-0.087,0.3482,-0.2497,0.8028,0.9995
Kbtbd13,Kbtbd13,2.1652,-0.4592,1.1338,-0.405,0.6855,0.9995
Kbtbd2,Kbtbd2,2508.0949,-0.0722,0.0682,-1.0595,0.2894,0.9995
Kbtbd3,Kbtbd3,115.3954,-0.0623,0.2021,-0.3081,0.758,0.9995
Kbtbd4,Kbtbd4,1233.6489,0.0064,0.0818,0.0783,0.9376,0.9995
Kbtbd6,Kbtbd6,12.459,0.1763,0.6258,0.2818,0.7781,0.9995
Kbtbd7,Kbtbd7,386.0976,-0.1503,0.1942,-0.7738,0.439,0.9995
Kbtbd8,Kbtbd8,41.8596,0.1786,0.356,0.5017,0.6159,0.9995
Kcmf1,Kcmf1,4067.6879,0.0141,0.0478,0.2943,0.7685,0.9995
Kcna1,Kcna1,1.1449,0.6889,1.3561,0.508,0.6115,0.9995
Kcna3,Kcna3,1.0295,-1.5876,1.6398,-0.9682,0.333,0.9995
Kcna4,Kcna4,16.2078,0.2629,0.476,0.5522,0.5808,0.9995
Kcna6,Kcna6,2.2926,0.1143,0.9446,0.121,0.9037,0.9995
Kcna7,Kcna7,23.679,0.5893,0.4393,1.3415,0.1798,0.9995
Kcnab1,Kcnab1,64.8808,-0.5268,0.3732,-1.4117,0.158,0.9995
Kcnab2,Kcnab2,169.5395,0.1258,0.2618,0.4806,0.6308,0.9995
Kcnab3,Kcnab3,154.4608,-0.0199,0.1662,-0.1196,0.9048,0.9995
Kcnb1,Kcnb1,353.1861,-0.203,0.2479,-0.8188,0.4129,0.9995
Kcnc1,Kcnc1,27.8053,-0.0437,0.4776,-0.0914,0.9272,0.9995
Kcnc2,Kcnc2,192.7684,-0.181,0.1622,-1.1161,0.2644,0.9995
Kcnc3,Kcnc3,11.0771,-0.4631,0.4491,-1.0311,0.3025,0.9995
Kcnd1,Kcnd1,137.4696,0.0338,0.1534,0.2205,0.8255,0.9995
Kcnd2,Kcnd2,0.4598,-1.0667,2.5207,-0.4232,0.6722,0.9995
Kcne2,Kcne2,0.4573,0.2162,2.1469,0.1007,0.9198,0.9995
Kcne4,Kcne4,67.4819,0.2777,0.2786,0.9968,0.3189,0.9995
Kcnf1,Kcnf1,349.9503,0.0322,0.296,0.1087,0.9134,0.9995
Kcng2,Kcng2,1.1441,0.1026,1.5024,0.0683,0.9456,0.9995
Kcnh1,Kcnh1,109.4721,-0.2386,0.4658,-0.5122,0.6085,0.9995
Kcnh2,Kcnh2,188.7823,-0.0385,0.3707,-0.104,0.9172,0.9995
Kcnh3,Kcnh3,2.3986,0.1665,0.937,0.1777,0.859,0.9995
Kcnh4,Kcnh4,0.3453,-0.4801,2.6703,-0.1798,0.8573,0.9995
Kcnh7,Kcnh7,6.9887,-0.2619,0.6185,-0.4234,0.672,0.9995
Kcnip2,Kcnip2,2.8544,-0.165,0.8133,-0.2029,0.8392,0.9995
Kcnip3,Kcnip3,7.8861,-1.6808,0.5822,-2.8869,0.0039,0.9995
Kcnip4,Kcnip4,10.8593,-0.1,0.4288,-0.2332,0.8156,0.9995
Kcnj11,Kcnj11,3.5434,0.5509,0.9462,0.5822,0.5604,0.9995
Kcnj12,Kcnj12,264.047,-0.2592,0.3353,-0.773,0.4395,0.9995
Kcnj13,Kcnj13,2.0647,-0.2275,1.1561,-0.1967,0.844,0.9995
Kcnj14,Kcnj14,1.1427,0.5412,1.4312,0.3781,0.7053,0.9995
Kcnj15,Kcnj15,1.2614,-1.2806,1.5806,-0.8102,0.4178,0.9995
Kcnj16,Kcnj16,40.023,-0.3501,0.2985,-1.1727,0.2409,0.9995
Kcnj2,Kcnj2,459.0053,-0.1148,0.1801,-0.6374,0.5238,0.9995
Kcnj3,Kcnj3,2.1702,0.0348,1.4159,0.0246,0.9804,0.9995
Kcnj4,Kcnj4,1.9437,-0.3841,0.996,-0.3856,0.6998,0.9995
Kcnj6,Kcnj6,1.1412,0.5568,1.6233,0.343,0.7316,0.9995
Kcnj8,Kcnj8,1.1418,-1.0719,1.4378,-0.7455,0.456,0.9995
Kcnj9,Kcnj9,0.6875,0.1414,1.7336,0.0815,0.935,0.9995
Kcnk12,Kcnk12,13.8453,-0.2195,0.5266,-0.4168,0.6768,0.9995
Kcnk13,Kcnk13,34.5301,0.1216,0.5432,0.2238,0.8229,0.9995
Kcnk15,Kcnk15,0.3438,-0.475,2.6713,-0.1778,0.8589,0.9995
Kcnk2,Kcnk2,298.0211,-0.1224,0.1347,-0.9082,0.3638,0.9995
Kcnk4,Kcnk4,7.8755,0.8715,0.6411,1.3595,0.174,0.9995
Kcnk5,Kcnk5,389.7283,0.0111,0.2059,0.0538,0.9571,0.9995
Kcnk6,Kcnk6,34.9757,-0.1678,0.2388,-0.7027,0.4822,0.9995
Kcnk7,Kcnk7,4.2287,0.6164,0.989,0.6233,0.5331,0.9995
Kcnma1,Kcnma1,31.0503,-0.4248,0.5753,-0.7385,0.4602,0.9995
Kcnmb1,Kcnmb1,4.4577,-0.7198,0.7635,-0.9428,0.3458,0.9995
Kcnmb2,Kcnmb2,1.2574,1.5003,1.4613,1.0267,0.3046,0.9995
Kcnmb4,Kcnmb4,20.0981,0.2993,0.4757,0.6292,0.5292,0.9995
Kcnmb4os1,Kcnmb4os1,0.6898,0.109,2.4213,0.045,0.9641,0.9995
Kcnmb4os2,Kcnmb4os2,6.3996,-0.0525,0.5592,-0.0938,0.9252,0.9995
Kcnn1,Kcnn1,396.4996,-0.1005,0.1189,-0.845,0.3981,0.9995
Kcnn3,Kcnn3,615.802,-0.0585,0.2278,-0.2567,0.7974,0.9995
Kcnn4,Kcnn4,920.6039,0.0308,0.1144,0.2691,0.7878,0.9995
Kcnq1,Kcnq1,2.6326,0.7014,1.2848,0.5459,0.5851,0.9995
Kcnq1ot1,Kcnq1ot1,28.6837,-0.0425,0.3652,-0.1164,0.9073,0.9995
Kcnq4,Kcnq4,1143.5102,-0.1169,0.2598,-0.4501,0.6527,0.9995
Kcnrg,Kcnrg,14.6233,0.3159,0.437,0.723,0.4697,0.9995
Kcnt2,Kcnt2,2.2804,0.1136,1.2724,0.0893,0.9289,0.9995
Kcnu1,Kcnu1,20.8195,-0.2494,0.3234,-0.7711,0.4406,0.9995
Kcp,Kcp,52.2809,-0.0694,0.306,-0.2269,0.8205,0.9995
Kctd1,Kctd1,474.9116,0.0342,0.0947,0.3617,0.7176,0.9995
Kctd10,Kctd10,4878.8744,0.0674,0.0702,0.9601,0.337,0.9995
Kctd11,Kctd11,2036.4907,0.0611,0.2031,0.301,0.7634,0.9995
Kctd12,Kctd12,63.8047,0.2335,0.5428,0.4302,0.6671,0.9995
Kctd12b,Kctd12b,91.2336,0.2289,0.1999,1.1448,0.2523,0.9995
Kctd13,Kctd13,317.4469,0.0892,0.1328,0.6717,0.5018,0.9995
Kctd14,Kctd14,20.8126,0.1779,0.3406,0.5223,0.6015,0.9995
Kctd15,Kctd15,1266.8546,0.0239,0.1021,0.234,0.815,0.9995
Kctd16,Kctd16,0.8027,2.3535,2.3218,1.0137,0.3107,0.9995
Kctd17,Kctd17,2827.8695,0.0448,0.0743,0.6028,0.5466,0.9995
Kctd18,Kctd18,606.7718,0.0197,0.0895,0.2198,0.826,0.9995
Kctd19,Kctd19,1.7184,0.2977,1.1253,0.2646,0.7913,0.9995
Kctd2,Kctd2,1445.0735,0.1239,0.1134,1.0919,0.2749,0.9995
Kctd20,Kctd20,2554.8127,0.0316,0.0779,0.4051,0.6854,0.9995
Kctd21,Kctd21,240.5192,0.032,0.1024,0.312,0.7551,0.9995
Kctd3,Kctd3,2090.8841,0.0024,0.0667,0.0363,0.971,0.9995
Kctd5,Kctd5,3199.1127,0.0763,0.101,0.7554,0.45,0.9995
Kctd6,Kctd6,544.7343,0.0497,0.1077,0.4612,0.6446,0.9995
Kctd7,Kctd7,523.9536,0.0851,0.1131,0.7521,0.452,0.9995
Kctd9,Kctd9,2338.1245,-0.011,0.1399,-0.0787,0.9373,0.9995
Kdelc1,Kdelc1,1949.6052,-0.0184,0.0751,-0.245,0.8064,0.9995
Kdelc2,Kdelc2,2000.4633,-0.0931,0.1171,-0.795,0.4266,0.9995
Kdelr1,Kdelr1,7051.908,0.0133,0.0742,0.1795,0.8576,0.9995
Kdelr2,Kdelr2,8436.8522,-0.0069,0.0466,-0.149,0.8816,0.9995
Kdelr3,Kdelr3,4484.0701,-0.0125,0.078,-0.1598,0.873,0.9995
Kdm1a,Kdm1a,5338.0739,0.0111,0.0963,0.115,0.9085,0.9995
Kdm1b,Kdm1b,793.263,-0.0279,0.1114,-0.2505,0.8022,0.9995
Kdm2a,Kdm2a,4813.553,-0.0695,0.0871,-0.7978,0.425,0.9995
Kdm2b,Kdm2b,1072.3068,0.0567,0.104,0.5456,0.5854,0.9995
Kdm3a,Kdm3a,3544.9277,-0.0939,0.1319,-0.7117,0.4767,0.9995
Kdm3b,Kdm3b,3404.4967,-0.1447,0.0518,-2.7953,0.0052,0.9995
Kdm4a,Kdm4a,3924.0676,-0.0613,0.1104,-0.5553,0.5787,0.9995
Kdm4b,Kdm4b,2976.9926,-0.0907,0.1585,-0.5725,0.567,0.9995
Kdm4c,Kdm4c,1310.9869,-0.141,0.1178,-1.1962,0.2316,0.9995
Kdm4d,Kdm4d,4.3413,-0.3,0.6677,-0.4493,0.6532,0.9995
Kdm5a,Kdm5a,2433.345,-0.0173,0.1531,-0.1129,0.9101,0.9995
Kdm5b,Kdm5b,3838.1797,0.0076,0.1046,0.073,0.9418,0.9995
Kdm5c,Kdm5c,7163.414,-0.1263,0.0592,-2.1314,0.0331,0.9995
Kdm6a,Kdm6a,1420.1109,-0.0169,0.1323,-0.1278,0.8983,0.9995
Kdm6b,Kdm6b,2696.108,-0.0706,0.079,-0.8946,0.371,0.9995
Kdm7a,Kdm7a,1039.1757,0.0813,0.149,0.5459,0.5852,0.9995
Kdm8,Kdm8,129.7039,-0.0296,0.1451,-0.204,0.8383,0.9995
Kdr,Kdr,0.688,-0.7816,1.7372,-0.4499,0.6528,0.9995
Kdsr,Kdsr,2072.3963,0.048,0.2412,0.199,0.8423,0.9995
Keap1,Keap1,2788.4734,0.0085,0.0929,0.0911,0.9274,0.9995
Khdrbs1,Khdrbs1,6703.2187,0.0112,0.0734,0.1525,0.8788,0.9995
Khdrbs3,Khdrbs3,362.9127,-0.1205,0.2248,-0.536,0.5919,0.9995
Khk,Khk,429.1437,-0.0158,0.152,-0.1041,0.9171,0.9995
Khnyn,Khnyn,1317.2479,-0.0604,0.1308,-0.4617,0.6443,0.9995
Khsrp,Khsrp,5152.7574,-0.0417,0.0602,-0.6925,0.4886,0.9995
Kidins220,Kidins220,6923.745,-0.0797,0.1193,-0.6683,0.5039,0.9995
Kif11,Kif11,866.9339,0.0087,0.6618,0.0131,0.9895,0.9995
Kif13a,Kif13a,1793.3201,-0.1051,0.0673,-1.5601,0.1187,0.9995
Kif13b,Kif13b,930.5018,-0.3201,0.1172,-2.7324,0.0063,0.9995
Kif14,Kif14,330.2142,-0.1665,0.615,-0.2707,0.7866,0.9995
Kif15,Kif15,240.3357,-0.0171,0.4087,-0.0419,0.9666,0.9995
Kif16b,Kif16b,1095.6029,-0.15,0.1301,-1.153,0.2489,0.9995
Kif17,Kif17,6.8742,-0.8732,0.7296,-1.1968,0.2314,0.9995
Kif18a,Kif18a,97.7136,-0.0326,0.4458,-0.0731,0.9417,0.9995
Kif18b,Kif18b,756.5577,-0.1237,0.4244,-0.2915,0.7707,0.9995
Kif19a,Kif19a,60.2182,0.1773,0.3717,0.477,0.6333,0.9995
Kif1a,Kif1a,187.4027,0.2309,0.4186,0.5517,0.5812,0.9995
Kif1b,Kif1b,6900.5722,-0.0609,0.137,-0.4441,0.6569,0.9995
Kif1bp,Kif1bp,2864.6792,-0.0324,0.0643,-0.5043,0.6141,0.9995
Kif1c,Kif1c,10876.5994,0.0244,0.055,0.4426,0.658,0.9995
Kif20a,Kif20a,1888.2797,-0.1316,0.4012,-0.328,0.7429,0.9995
Kif20b,Kif20b,135.5888,-0.3538,0.3717,-0.9518,0.3412,0.9995
Kif21a,Kif21a,928.8448,-0.023,0.1779,-0.1296,0.8969,0.9995
Kif21b,Kif21b,1299.4484,-0.0178,0.283,-0.0627,0.95,0.9995
Kif22,Kif22,931.658,-0.0409,0.3531,-0.1158,0.9078,0.9995
Kif23,Kif23,946.9907,-0.1191,0.6313,-0.1886,0.8504,0.9995
Kif24,Kif24,450.258,0.1022,0.3121,0.3276,0.7432,0.9995
Kif26a,Kif26a,22.049,0.7661,1.1277,0.6794,0.4969,0.9995
Kif26b,Kif26b,1312.7677,-0.3363,0.171,-1.9668,0.0492,0.9995
Kif27,Kif27,9.8358,-0.0641,0.4526,-0.1416,0.8874,0.9995
Kif2a,Kif2a,1539.4867,-0.0168,0.107,-0.1567,0.8755,0.9995
Kif2c,Kif2c,1036.1296,-0.1117,0.5412,-0.2064,0.8365,0.9995
Kif3a,Kif3a,1636.5743,-0.0838,0.1574,-0.5325,0.5944,0.9995
Kif3b,Kif3b,2787.8738,-0.0971,0.0564,-1.721,0.0853,0.9995
Kif3c,Kif3c,2112.3271,-0.037,0.0911,-0.4063,0.6845,0.9995
Kif4,Kif4,688.2354,-0.1322,0.4236,-0.312,0.755,0.9995
Kif5a,Kif5a,60.761,0.1872,0.2391,0.7827,0.4338,0.9995
Kif5b,Kif5b,4865.4351,0.1406,0.1309,1.0741,0.2828,0.9995
Kif5c,Kif5c,725.6455,-0.0437,0.2248,-0.1945,0.8458,0.9995
Kif6,Kif6,8.1224,-0.0875,0.5113,-0.1711,0.8641,0.9995
Kif7,Kif7,493.0161,-0.069,0.0884,-0.7805,0.4351,0.9995
Kif9,Kif9,107.2928,-0.3038,0.1928,-1.5763,0.115,0.9995
Kifap3,Kifap3,4586.5303,-0.1578,0.1302,-1.212,0.2255,0.9995
Kifc1,Kifc1,564.6565,-0.0482,0.3464,-0.1393,0.8892,0.9995
Kifc2,Kifc2,92.8235,-0.1611,0.177,-0.9103,0.3627,0.9995
Kifc3,Kifc3,2911.6078,0.089,0.1531,0.5814,0.561,0.9995
Kifc5b,Kifc5b,364.1854,-0.0358,0.3804,-0.0941,0.925,0.9995
Kin,Kin,487.1407,-0.1085,0.1433,-0.7571,0.449,0.9995
Kirrel,Kirrel,9263.4975,-0.0972,0.0769,-1.263,0.2066,0.9995
Kirrel3,Kirrel3,170.0141,0.3269,0.3916,0.8347,0.4039,0.9995
Kiss1r,Kiss1r,55.6948,-0.2063,0.2296,-0.8984,0.369,0.9995
Kitl,Kitl,1628.217,-0.0219,0.2347,-0.0934,0.9256,0.9995
Kiz,Kiz,1032.1578,-0.1598,0.1276,-1.2528,0.2103,0.9995
Kl,Kl,0.6822,-0.2743,2.474,-0.1109,0.9117,0.9995
Klb,Klb,3.8797,0.4885,0.7388,0.6611,0.5085,0.9995
Klc1,Klc1,8057.421,0.0395,0.0987,0.4007,0.6886,0.9995
Klc2,Klc2,2256.3042,0.0386,0.0531,0.7276,0.4669,0.9995
Klc3,Klc3,142.8147,-0.2248,0.1953,-1.1514,0.2496,0.9995
Klc4,Klc4,912.1643,0.0157,0.0852,0.1838,0.8542,0.9995
Klf1,Klf1,4.6764,-0.2112,0.6821,-0.3096,0.7569,0.9995
Klf10,Klf10,2515.0626,-0.0848,0.2187,-0.3877,0.6982,0.9995
Klf11,Klf11,1124.8716,-0.1339,0.131,-1.0224,0.3066,0.9995
Klf12,Klf12,43.2309,-0.2816,0.2737,-1.0289,0.3035,0.9995
Klf13,Klf13,3495.2308,-0.1217,0.1229,-0.9902,0.3221,0.9995
Klf15,Klf15,88.7443,0.1478,0.5074,0.2913,0.7708,0.9995
Klf16,Klf16,947.5329,-0.0153,0.0892,-0.171,0.8642,0.9995
Klf2,Klf2,1114.2927,-0.2316,0.1842,-1.2575,0.2086,0.9995
Klf3,Klf3,1665.7316,-0.1319,0.1248,-1.0566,0.2907,0.9995
Klf4,Klf4,2972.69,-0.1445,0.2833,-0.5099,0.6101,0.9995
Klf5,Klf5,1211.3097,-0.0341,0.2056,-0.1659,0.8683,0.9995
Klf6,Klf6,6805.0673,-0.1915,0.1245,-1.5383,0.124,0.9995
Klf7,Klf7,95.1154,-0.0299,0.2043,-0.1462,0.8838,0.9995
Klf8,Klf8,7.4306,-0.0216,0.6538,-0.0331,0.9736,0.9995
Klf9,Klf9,1201.0162,-0.0197,0.2259,-0.0873,0.9304,0.9995
Klhdc1,Klhdc1,377.6136,-0.1297,0.1312,-0.9886,0.3228,0.9995
Klhdc10,Klhdc10,4374.5076,0.0269,0.0901,0.2988,0.7651,0.9995
Klhdc2,Klhdc2,5071.5422,0.1016,0.0803,1.2659,0.2055,0.9995
Klhdc3,Klhdc3,3002.7848,0.1318,0.0718,1.8357,0.0664,0.9995
Klhdc4,Klhdc4,980.5655,0.103,0.0821,1.2545,0.2097,0.9995
Klhdc7a,Klhdc7a,4.6849,0.012,0.848,0.0142,0.9887,0.9995
Klhdc8a,Klhdc8a,1403.8857,-0.0308,0.1596,-0.193,0.847,0.9995
Klhdc8b,Klhdc8b,244.9638,0.0013,0.1045,0.012,0.9904,0.9995
Klhdc9,Klhdc9,242.1995,0.1198,0.1526,0.7849,0.4325,0.9995
Klhl10,Klhl10,16.3426,-0.354,0.463,-0.7646,0.4445,0.9995
Klhl11,Klhl11,172.3848,-0.115,0.1832,-0.6279,0.5301,0.9995
Klhl12,Klhl12,1388.9491,0.0311,0.0682,0.4555,0.6488,0.9995
Klhl13,Klhl13,1011.554,-0.0475,0.2797,-0.1697,0.8653,0.9995
Klhl15,Klhl15,84.3613,0.0396,0.1935,0.2047,0.8378,0.9995
Klhl17,Klhl17,760.6665,0.1036,0.1079,0.9602,0.337,0.9995
Klhl18,Klhl18,951.6213,0.0075,0.0851,0.0881,0.9298,0.9995
Klhl2,Klhl2,1039.0871,-0.0137,0.0706,-0.1942,0.846,0.9995
Klhl20,Klhl20,1807.3975,0.0048,0.0613,0.0787,0.9372,0.9995
Klhl21,Klhl21,3978.3139,0.1339,0.1501,0.8921,0.3724,0.9995
Klhl22,Klhl22,1226.8008,0.0377,0.0852,0.4422,0.6584,0.9995
Klhl23,Klhl23,256.4654,-0.1134,0.2302,-0.4926,0.6223,0.9995
Klhl24,Klhl24,2783.2972,0.0834,0.1759,0.4738,0.6357,0.9995
Klhl25,Klhl25,1030.7692,0.0981,0.119,0.8243,0.4098,0.9995
Klhl26,Klhl26,1916.5065,0.0451,0.0727,0.6199,0.5353,0.9995
Klhl28,Klhl28,140.0742,-0.0075,0.1717,-0.0436,0.9652,0.9995
Klhl29,Klhl29,1.4856,1.7968,1.5925,1.1283,0.2592,0.9995
Klhl3,Klhl3,2.3979,-0.7007,0.9348,-0.7496,0.4535,0.9995
Klhl30,Klhl30,5902.3251,-0.1361,0.2086,-0.6526,0.514,0.9995
Klhl31,Klhl31,624.3516,0.0943,0.367,0.257,0.7972,0.9995
Klhl32,Klhl32,6.7519,-0.0983,0.5794,-0.1697,0.8653,0.9995
Klhl33,Klhl33,89.5236,0.1485,0.1862,0.7977,0.425,0.9995
Klhl34,Klhl34,44.479,0.4149,0.5416,0.766,0.4437,0.9995
Klhl35,Klhl35,1.0222,0.1312,1.9265,0.0681,0.9457,0.9995
Klhl36,Klhl36,115.9005,0.0431,0.1702,0.2533,0.8001,0.9995
Klhl38,Klhl38,6.8526,0.2908,0.536,0.5426,0.5874,0.9995
Klhl40,Klhl40,1059.3499,0.0812,0.2318,0.3505,0.726,0.9995
Klhl41,Klhl41,9962.7736,0.0667,0.2344,0.2846,0.7759,0.9995
Klhl42,Klhl42,1057.7149,-0.0122,0.0746,-0.1641,0.8696,0.9995
Klhl5,Klhl5,2477.554,-0.0873,0.0866,-1.0081,0.3134,0.9995
Klhl6,Klhl6,5.376,0.5002,0.6671,0.7497,0.4534,0.9995
Klhl7,Klhl7,1587.5948,-0.0172,0.1189,-0.1447,0.8849,0.9995
Klhl8,Klhl8,597.6772,0.1377,0.0806,1.7085,0.0875,0.9995
Klhl9,Klhl9,2797.9684,-0.0543,0.1818,-0.2987,0.7652,0.9995
Klk10,Klk10,37.3941,0.1693,0.3038,0.5572,0.5774,0.9995
Klk11,Klk11,10.4127,0.3143,0.5515,0.5699,0.5687,0.9995
Klk12,Klk12,0.3453,-0.4801,2.6703,-0.1798,0.8573,0.9995
Klk1b16,Klk1b16,0.4586,2.505,2.3722,1.056,0.291,0.9995
Klk1b22,Klk1b22,40.1916,0.0813,0.2769,0.2935,0.7692,0.9995
Klk1b27,Klk1b27,1.1436,1.3289,1.3585,0.9782,0.328,0.9995
Klk1b9,Klk1b9,0.5715,0.7018,2.4538,0.286,0.7749,0.9995
Klk8,Klk8,3.2037,0.1063,0.8546,0.1243,0.901,0.9995
Klk9,Klk9,1.147,0.0953,1.5501,0.0615,0.951,0.9995
Klra2,Klra2,20.4159,0.0361,0.4346,0.0831,0.9338,0.9995
Klrb1a,Klrb1a,11.6724,-0.2263,0.6951,-0.3256,0.7447,0.9995
Klrb1f,Klrb1f,0.455,2.363,2.4758,0.9544,0.3399,0.9995
Klrg2,Klrg2,66.8401,0.0398,0.1839,0.2163,0.8288,0.9995
Kmt2a,Kmt2a,2361.2879,-0.1901,0.1436,-1.3241,0.1855,0.9995
Kmt2b,Kmt2b,1425.3497,-0.0676,0.0738,-0.9163,0.3595,0.9995
Kmt2c,Kmt2c,1109.2362,-0.1238,0.1671,-0.7407,0.4589,0.9995
Kmt2d,Kmt2d,2914.4224,-0.144,0.0899,-1.6023,0.1091,0.9995
Kmt2e,Kmt2e,2617.6276,-0.167,0.1311,-1.2739,0.2027,0.9995
Kndc1,Kndc1,1.8309,-0.3867,1.025,-0.3773,0.706,0.9995
Kng1,Kng1,514.3379,0.4611,1.2634,0.365,0.7151,0.9995
Kng2,Kng2,4833.8504,0.3388,0.81,0.4183,0.6757,0.9995
Knop1,Knop1,2396.4367,-0.0536,0.0699,-0.7669,0.4432,0.9995
Knstrn,Knstrn,1297.8698,-0.2116,0.3799,-0.557,0.5775,0.9995
Kntc1,Kntc1,501.1322,-0.4182,0.4426,-0.9448,0.3448,0.9995
Kpna1,Kpna1,3128.441,-0.0225,0.101,-0.2229,0.8236,0.9995
Kpna2,Kpna2,4042.2526,0.0271,0.2067,0.1312,0.8957,0.9995
Kpna3,Kpna3,2967.7754,-0.0116,0.181,-0.0639,0.9491,0.9995
Kpna4,Kpna4,4145.4464,0.0181,0.1074,0.1682,0.8664,0.9995
Kpna6,Kpna6,5612.5084,-0.0429,0.0691,-0.6212,0.5345,0.9995
Kpnb1,Kpnb1,16914.678,0.0058,0.0865,0.0669,0.9467,0.9995
Kprp,Kprp,2.8694,-0.0295,1.0393,-0.0283,0.9774,0.9995
Kptn,Kptn,295.7521,-0.1441,0.1344,-1.0723,0.2836,0.9995
Kras,Kras,2987.0394,0.0162,0.1431,0.1134,0.9097,0.9995
Krba1,Krba1,468.1163,-0.0624,0.0924,-0.675,0.4996,0.9995
Krcc1,Krcc1,1893.2102,0.0323,0.1069,0.3017,0.7629,0.9995
Kremen1,Kremen1,10532.3923,-0.1272,0.1235,-1.0301,0.303,0.9995
Kremen2,Kremen2,0.5703,-0.3633,2.462,-0.1476,0.8827,0.9995
Kri1,Kri1,935.354,0.0931,0.1554,0.5992,0.549,0.9995
Krit1,Krit1,1222.3206,0.0593,0.1412,0.4197,0.6747,0.9995
Krr1,Krr1,1437.4329,0.012,0.1472,0.0814,0.9351,0.9995
Krt10,Krt10,172.9325,-0.0569,0.1576,-0.3607,0.7183,0.9995
Krt13,Krt13,42.9186,-0.3303,0.3292,-1.0034,0.3157,0.9995
Krt14,Krt14,180.9269,0.0187,0.3873,0.0482,0.9615,0.9995
Krt16,Krt16,2.6243,-0.0167,0.8949,-0.0187,0.9851,0.9995
Krt18,Krt18,1.8336,-0.7864,1.1581,-0.6791,0.4971,0.9995
Krt19,Krt19,166.7531,-0.242,0.2004,-1.2075,0.2272,0.9995
Krt222,Krt222,3.318,0.7196,0.8655,0.8314,0.4057,0.9995
Krt23,Krt23,0.6864,0.1389,1.7336,0.0801,0.9362,0.9995
Krt28,Krt28,0.6873,0.1417,1.7336,0.0818,0.9348,0.9995
Krt31,Krt31,7.6486,0.1108,0.5309,0.2086,0.8347,0.9995
Krt33a,Krt33a,0.3441,0.9357,2.6506,0.353,0.7241,0.9995
Krt33b,Krt33b,0.6878,-0.7781,1.969,-0.3952,0.6927,0.9995
Krt7,Krt7,13.496,-0.1512,0.4022,-0.376,0.7069,0.9995
Krt75,Krt75,0.57,1.6108,2.0405,0.7894,0.4299,0.9995
Krt8,Krt8,1.9451,1.3647,1.0681,1.2777,0.2014,0.9995
Krt80,Krt80,2110.7418,-0.2237,0.2263,-0.9883,0.323,0.9995
Krt85,Krt85,0.4604,-1.0667,2.52,-0.4233,0.6721,0.9995
Krt9,Krt9,1.9421,0.1824,1.1891,0.1534,0.8781,0.9995
Krtcap2,Krtcap2,3594.8941,0.0631,0.1585,0.3979,0.6907,0.9995
Krtcap3,Krtcap3,72.4478,0.027,0.1876,0.1439,0.8856,0.9995
Ksr1,Ksr1,447.1134,0.1785,0.139,1.2838,0.1992,0.9995
Ksr2,Ksr2,1.0295,-0.8451,1.4059,-0.6011,0.5478,0.9995
Kti12,Kti12,731.8356,0.0844,0.079,1.0674,0.2858,0.9995
Ktn1,Ktn1,1980.2941,0.0227,0.1273,0.1786,0.8583,0.9995
Kxd1,Kxd1,1290.4101,0.0283,0.1154,0.2456,0.806,0.9995
Ky,Ky,3.2062,0.7064,1.0112,0.6986,0.4848,0.9995
L1cam,L1cam,1406.5928,-0.4672,0.2236,-2.0891,0.0367,0.9995
L2hgdh,L2hgdh,584.9629,-0.0738,0.1776,-0.4153,0.6779,0.9995
L3hypdh,L3hypdh,298.2846,0.1015,0.1061,0.9563,0.3389,0.9995
L3mbtl1,L3mbtl1,0.344,-0.476,2.6711,-0.1782,0.8586,0.9995
L3mbtl2,L3mbtl2,1266.5883,0.0295,0.087,0.3389,0.7347,0.9995
L3mbtl3,L3mbtl3,628.2182,-0.108,0.1154,-0.9354,0.3496,0.9995
l7Rn6,l7Rn6,1410.5129,-0.0071,0.0844,-0.0842,0.9329,0.9995
Lacc1,Lacc1,432.3988,-0.0433,0.1619,-0.2675,0.7891,0.9995
Lace1,Lace1,528.4312,-0.0159,0.0889,-0.1791,0.8579,0.9995
Lactb,Lactb,593.0223,0.0536,0.142,0.3773,0.7059,0.9995
Lactb2,Lactb2,1370.7343,0.0401,0.1141,0.3514,0.7253,0.9995
Lad1,Lad1,13.149,0.0177,0.6484,0.0273,0.9782,0.9995
Lag3,Lag3,11.8938,-0.0306,0.4167,-0.0734,0.9415,0.9995
Lage3,Lage3,581.6809,0.0071,0.0806,0.0885,0.9294,0.9995
Lama1,Lama1,257.5294,-0.1222,0.387,-0.3157,0.7522,0.9995
Lama2,Lama2,2973.3036,-0.3136,0.2252,-1.3923,0.1638,0.9995
Lama3,Lama3,5.7189,0.1631,0.571,0.2856,0.7752,0.9995
Lama4,Lama4,2378.6346,-0.1547,0.1355,-1.1418,0.2536,0.9995
Lama5,Lama5,9221.9452,-0.0815,0.0772,-1.0556,0.2911,0.9995
Lamb1,Lamb1,16160.6726,-0.0396,0.1554,-0.2547,0.799,0.9995
Lamb2,Lamb2,5542.0248,-0.0948,0.0645,-1.4709,0.1413,0.9995
Lamb3,Lamb3,731.2465,0.2109,0.6041,0.3491,0.727,0.9995
Lamc1,Lamc1,11041.7708,-0.02,0.0935,-0.2134,0.831,0.9995
Lamc2,Lamc2,787.978,-0.1132,0.156,-0.7255,0.4682,0.9995
Lamc3,Lamc3,35.0852,0.0867,0.2398,0.3616,0.7176,0.9995
Lamp1,Lamp1,44397.0258,0.0068,0.1275,0.0534,0.9574,0.9995
Lamp2,Lamp2,20675.5474,-0.092,0.1297,-0.7093,0.4781,0.9995
Lamp3,Lamp3,1.2572,2.1797,1.64,1.3291,0.1838,0.9995
Lamtor1,Lamtor1,2279.6245,0.1126,0.0796,1.4152,0.157,0.9995
Lamtor2,Lamtor2,1565.2995,0.0695,0.0936,0.7422,0.458,0.9995
Lamtor3,Lamtor3,2425.0959,0.1853,0.158,1.1726,0.241,0.9995
Lamtor4,Lamtor4,902.6657,0.1376,0.1023,1.3446,0.1787,0.9995
Lamtor5,Lamtor5,2429.4225,0.0813,0.0619,1.3123,0.1894,0.9995
Lancl1,Lancl1,1859.3514,0.0401,0.0626,0.6403,0.522,0.9995
Lancl2,Lancl2,761.3069,-0.0986,0.0761,-1.2956,0.1951,0.9995
Lancl3,Lancl3,175.1042,0.0664,0.1237,0.5366,0.5916,0.9995
Lap3,Lap3,3347.3549,0.0325,0.0498,0.6525,0.5141,0.9995
Laptm4a,Laptm4a,39223.0307,0.0189,0.0436,0.4327,0.6652,0.9995
Laptm4b,Laptm4b,3760.0952,0.0704,0.0952,0.7391,0.4599,0.9995
Laptm5,Laptm5,1.5927,1.7843,1.5043,1.1861,0.2356,0.9995
Large,Large,3787.0502,0.0364,0.1653,0.22,0.8259,0.9995
Larp1,Larp1,6349.2644,-0.0646,0.0887,-0.729,0.466,0.9995
Larp1b,Larp1b,485.4027,0.2313,0.1867,1.2387,0.2155,0.9995
Larp4,Larp4,2442.5253,0.1505,0.1332,1.1295,0.2587,0.9995
Larp4b,Larp4b,2072.035,0.0181,0.1261,0.1436,0.8858,0.9995
Larp6,Larp6,846.2294,-0.0408,0.31,-0.1316,0.8953,0.9995
Larp7,Larp7,1019.6524,-0.0088,0.1419,-0.0617,0.9508,0.9995
Lars,Lars,6540.3004,-0.0105,0.0762,-0.1383,0.89,0.9995
Lars2,Lars2,2389.4385,0.122,0.0898,1.358,0.1745,0.9995
Las1l,Las1l,1711.7564,0.1234,0.0901,1.37,0.1707,0.9995
Lasp1,Lasp1,9668.8284,-0.0318,0.0825,-0.385,0.7002,0.9995
Lat,Lat,6.5183,-0.4308,0.6602,-0.6525,0.5141,0.9995
Lat2,Lat2,50.2739,0.1149,0.2138,0.5373,0.5911,0.9995
Lats1,Lats1,2934.774,-0.0563,0.1325,-0.4248,0.671,0.9995
Lats2,Lats2,3557.4852,-0.0805,0.0631,-1.2761,0.2019,0.9995
Lax1,Lax1,9.3815,-0.2799,0.6813,-0.4107,0.6813,0.9995
Layn,Layn,1606.012,-0.0073,0.236,-0.0311,0.9752,0.9995
Lbh,Lbh,3905.6886,-0.0844,0.1152,-0.7323,0.464,0.9995
Lbp,Lbp,228.7295,0.005,0.2197,0.0226,0.982,0.9995
Lbr,Lbr,1759.1721,-0.0875,0.0817,-1.0712,0.2841,0.9995
Lbx1,Lbx1,7.7653,-0.3731,0.7707,-0.4841,0.6283,0.9995
Lbx2,Lbx2,3.7724,-0.2754,0.6907,-0.3986,0.6902,0.9995
Lca5,Lca5,366.0204,-0.0227,0.0942,-0.2411,0.8095,0.9995
Lca5l,Lca5l,12.7,0.0579,0.4133,0.14,0.8887,0.9995
Lcat,Lcat,29.7015,0.55,0.2732,2.0135,0.0441,0.9995
Lce1f,Lce1f,0.6825,0.8916,2.0448,0.436,0.6628,0.9995
Lce1g,Lce1g,13.0957,0.5872,0.9374,0.6264,0.5311,0.9995
Lck,Lck,37.3086,0.2729,0.4069,0.6708,0.5024,0.9995
Lclat1,Lclat1,3521.8897,-0.0734,0.0855,-0.8593,0.3902,0.9995
Lcmt1,Lcmt1,942.2472,0.0356,0.0686,0.5192,0.6036,0.9995
Lcmt2,Lcmt2,406.3348,-0.1447,0.1055,-1.3714,0.1703,0.9995
Lcn2,Lcn2,1173.5197,0.4506,1.1588,0.3888,0.6974,0.9995
Lcor,Lcor,47.2145,-0.0686,0.2348,-0.2923,0.7701,0.9995
Lcorl,Lcorl,177.3063,-0.0461,0.1456,-0.317,0.7512,0.9995
Lcp1,Lcp1,0.8031,-1.0991,1.6694,-0.6584,0.5103,0.9995
Lct,Lct,2.7431,0.088,1.0383,0.0847,0.9325,0.9995
Lctl,Lctl,15.3329,-0.1697,0.4353,-0.3898,0.6967,0.9995
Ldah,Ldah,2491.7221,-0.0337,0.0465,-0.7258,0.468,0.9995
Ldb1,Ldb1,3286.184,0.0414,0.102,0.4058,0.6849,0.9995
Ldb3,Ldb3,3167.2318,-0.0601,0.2357,-0.2551,0.7987,0.9995
Ldha,Ldha,53032.6619,-0.0708,0.0942,-0.7509,0.4527,0.9995
Ldhal6b,Ldhal6b,3.6573,-0.3139,0.8508,-0.369,0.7122,0.9995
Ldhb,Ldhb,530.3106,0.0699,0.0889,0.7859,0.432,0.9995
Ldhc,Ldhc,0.7957,1.2671,1.9634,0.6453,0.5187,0.9995
Ldhd,Ldhd,8.5793,-0.5977,0.5096,-1.1729,0.2409,0.9995
Ldlr,Ldlr,8546.3885,-0.0537,0.0872,-0.6161,0.5378,0.9995
Ldlrad2,Ldlrad2,1.0253,-2.2806,1.5693,-1.4532,0.1462,0.9995
Ldlrad3,Ldlrad3,3400.6514,0.0376,0.0864,0.4347,0.6638,0.9995
Ldlrad4,Ldlrad4,577.1581,-0.0176,0.1368,-0.1285,0.8978,0.9995
Ldlrap1,Ldlrap1,1705.0128,-0.0193,0.0708,-0.273,0.7849,0.9995
Ldoc1l,Ldoc1l,85.6086,-0.178,0.1935,-0.92,0.3576,0.9995
Leap2,Leap2,2.8617,-0.0768,0.8349,-0.092,0.9267,0.9995
Lect2,Lect2,0.4557,1.0266,2.5434,0.4036,0.6865,0.9995
Lef1,Lef1,830.3142,-0.0992,0.0784,-1.2646,0.206,0.9995
Lefty1,Lefty1,5.3684,0.5402,0.7207,0.7495,0.4535,0.9995
Lekr1,Lekr1,56.6855,-0.1245,0.2015,-0.6178,0.5367,0.9995
Lelp1,Lelp1,0.3427,-0.4733,2.6733,-0.177,0.8595,0.9995
Lemd1,Lemd1,2.516,0.5009,0.9488,0.528,0.5975,0.9995
Lemd2,Lemd2,3396.7635,0.0456,0.1422,0.3209,0.7483,0.9995
Lemd3,Lemd3,1114.5417,-0.1293,0.1052,-1.2298,0.2188,0.9995
Lenep,Lenep,65.5066,0.2005,0.224,0.8949,0.3708,0.9995
Leng1,Leng1,386.9063,0.1868,0.1509,1.2381,0.2157,0.9995
Leng8,Leng8,1847.0465,-0.0152,0.0795,-0.1909,0.8486,0.9995
Leng9,Leng9,154.625,0.0751,0.1249,0.6014,0.5476,0.9995
Leo1,Leo1,1128.8215,-0.0413,0.1299,-0.3177,0.7507,0.9995
Lep,Lep,0.4579,0.2152,2.5707,0.0837,0.9333,0.9995
Lepr,Lepr,12.3298,-0.1749,0.4215,-0.4148,0.6783,0.9995
Leprot,Leprot,4739.1283,0.0347,0.0687,0.5051,0.6135,0.9995
Leprotl1,Leprotl1,3885.1876,0.017,0.1411,0.1207,0.9039,0.9995
Letm1,Letm1,2458.9958,0.0767,0.1263,0.6077,0.5434,0.9995
Letm2,Letm2,190.4588,-0.1802,0.1408,-1.2798,0.2006,0.9995
Letmd1,Letmd1,1063.9698,0.037,0.0735,0.5035,0.6146,0.9995
Lfng,Lfng,274.3933,-0.1453,0.306,-0.475,0.6348,0.9995
Lgals1,Lgals1,70476.4964,0.0115,0.1511,0.0764,0.9391,0.9995
Lgals12,Lgals12,4.2349,0.1482,1.0018,0.148,0.8824,0.9995
Lgals2,Lgals2,90.2048,-0.189,0.2015,-0.938,0.3482,0.9995
Lgals3,Lgals3,26667.8838,0.1114,0.2859,0.3896,0.6968,0.9995
Lgals3bp,Lgals3bp,2991.8832,-0.1143,0.1184,-0.9648,0.3346,0.9995
Lgals4,Lgals4,4.1149,0.5985,0.7725,0.7748,0.4384,0.9995
Lgals8,Lgals8,3833.4238,-0.0127,0.0978,-0.1294,0.8971,0.9995
Lgals9,Lgals9,2046.3833,0.0296,0.0873,0.3392,0.7345,0.9995
Lgalsl,Lgalsl,385.36,-0.1927,0.1614,-1.1936,0.2326,0.9995
Lgi2,Lgi2,16.0059,-0.0877,0.419,-0.2092,0.8343,0.9995
Lgi3,Lgi3,3.6575,-1.0017,0.8143,-1.2302,0.2186,0.9995
Lgi4,Lgi4,8.3373,0.3763,0.5726,0.6572,0.5111,0.9995
Lgmn,Lgmn,8995.5238,0.0586,0.1853,0.3162,0.7519,0.9995
Lgr4,Lgr4,914.6483,-0.0656,0.119,-0.5515,0.5813,0.9995
Lgr5,Lgr5,32.2333,0.51,1.3058,0.3906,0.6961,0.9995
Lgr6,Lgr6,23.0861,0.2457,0.3385,0.7258,0.468,0.9995
Lhfp,Lhfp,3797.8006,0.0166,0.0843,0.1965,0.8442,0.9995
Lhfpl1,Lhfpl1,1.1449,-0.5195,2.3465,-0.2214,0.8248,0.9995
Lhfpl2,Lhfpl2,4266.1477,0.0547,0.1776,0.3082,0.7579,0.9995
Lhfpl4,Lhfpl4,9.0264,-0.9326,0.5681,-1.6416,0.1007,0.9995
Lhpp,Lhpp,125.6586,-0.1464,0.1625,-0.9005,0.3679,0.9995
Lhx2,Lhx2,22.179,-0.538,0.4605,-1.1684,0.2426,0.9995
Lhx6,Lhx6,339.8499,-0.0938,0.0956,-0.981,0.3266,0.9995
Lhx8,Lhx8,22.9611,-0.0227,0.4573,-0.0497,0.9603,0.9995
Lhx9,Lhx9,118.2207,-0.0023,0.2151,-0.0107,0.9914,0.9995
Lias,Lias,1205.6628,0.0474,0.0781,0.6066,0.5441,0.9995
Lif,Lif,659.3309,-0.2997,0.2591,-1.1568,0.2473,0.9995
Lifr,Lifr,4979.4047,-0.1997,0.1939,-1.0298,0.3031,0.9995
Lig1,Lig1,958.2793,-0.2666,0.2868,-0.9296,0.3526,0.9995
Lig3,Lig3,2540.2133,-0.059,0.0588,-1.0028,0.316,0.9995
Lig4,Lig4,363.112,0.1142,0.1501,0.7608,0.4468,0.9995
Lilr4b,Lilr4b,10.1256,0.3687,1.0587,0.3482,0.7277,0.9995
Lilrb4a,Lilrb4a,17.3161,0.3364,0.9646,0.3488,0.7273,0.9995
Lima1,Lima1,15308.1243,-0.0201,0.0683,-0.2947,0.7682,0.9995
Limch1,Limch1,145.9487,0.261,0.5243,0.4979,0.6186,0.9995
Limd1,Limd1,2805.0356,0.0234,0.0828,0.283,0.7772,0.9995
Limd2,Limd2,1166.4474,0.1385,0.124,1.1162,0.2644,0.9995
Lime1,Lime1,544.8971,0.0061,0.0967,0.0632,0.9496,0.9995
Limk1,Limk1,1451.5122,-0.1012,0.1267,-0.7989,0.4244,0.9995
Limk2,Limk2,1862.6377,0.114,0.0902,1.2633,0.2065,0.9995
Lims1,Lims1,6167.7558,0.0351,0.1961,0.1789,0.858,0.9995
Lims2,Lims2,281.1503,0.1667,0.3149,0.5294,0.5965,0.9995
Lin28a,Lin28a,2.4025,0.7433,0.924,0.8044,0.4212,0.9995
Lin37,Lin37,577.2008,0.1058,0.082,1.2916,0.1965,0.9995
Lin52,Lin52,511.6472,0.0784,0.1258,0.6229,0.5333,0.9995
Lin54,Lin54,484.9291,0.0014,0.1671,0.0082,0.9935,0.9995
Lin7a,Lin7a,3.1988,0.3458,0.7938,0.4356,0.6631,0.9995
Lin7b,Lin7b,8.1116,-0.2533,0.6126,-0.4135,0.6793,0.9995
Lin7c,Lin7c,1512.3445,-0.0284,0.1758,-0.1613,0.8718,0.9995
Lin9,Lin9,335.7051,-0.0591,0.2436,-0.2427,0.8082,0.9995
Linc-md1,Linc-md1,94.1574,1.0658,0.3718,2.8662,0.0042,0.9995
Lincenc1,Lincenc1,5.9244,0.119,0.7143,0.1666,0.8677,0.9995
Lincpint,Lincpint,2.1684,-0.62,0.9592,-0.6464,0.518,0.9995
Lincppara,Lincppara,203.2654,-0.0186,0.1427,-0.1306,0.8961,0.9995
Lingo1,Lingo1,30.3016,-0.043,0.4781,-0.0898,0.9284,0.9995
Lingo2,Lingo2,11.7765,0.227,0.4155,0.5463,0.5849,0.9995
Lingo3,Lingo3,4.7842,0.1584,0.7722,0.2051,0.8375,0.9995
Lingo4,Lingo4,8.7918,0.3698,0.8608,0.4296,0.6675,0.9995
Lins,Lins,578.5637,0.0137,0.0774,0.1771,0.8594,0.9995
Lipa,Lipa,3554.6115,-0.1035,0.0867,-1.1939,0.2325,0.9995
Lipc,Lipc,14.726,-0.3635,0.3912,-0.9291,0.3528,0.9995
Lipe,Lipe,359.4545,0.2535,0.1987,1.2757,0.2021,0.9995
Lipg,Lipg,67.8455,-0.1719,0.3799,-0.4525,0.6509,0.9995
Liph,Liph,5.2669,-0.1832,0.6682,-0.2741,0.784,0.9995
Lipm,Lipm,0.3435,0.9378,2.6523,0.3536,0.7237,0.9995
Lipn,Lipn,1.8211,0.1894,1.2901,0.1468,0.8833,0.9995
Lipt1,Lipt1,288.1937,0.1159,0.1089,1.065,0.2869,0.9995
Lipt2,Lipt2,83.2785,0.0478,0.1757,0.2719,0.7857,0.9995
Litaf,Litaf,8645.6835,0.0673,0.1648,0.4086,0.6828,0.9995
Lix1,Lix1,319.7063,-0.1286,0.6755,-0.1904,0.849,0.9995
Lix1l,Lix1l,5723.616,0.0703,0.0601,1.1698,0.2421,0.9995
Llgl1,Llgl1,3508.1771,0.0099,0.0653,0.1515,0.8796,0.9995
Llgl2,Llgl2,21.2469,0.0679,0.3059,0.2221,0.8243,0.9995
Llph,Llph,1076.2647,0.2212,0.1891,1.1701,0.2419,0.9995
Lman1,Lman1,9315.5337,-0.0823,0.1157,-0.7111,0.477,0.9995
Lman1l,Lman1l,204.9941,-0.1487,0.224,-0.6637,0.5069,0.9995
Lman2,Lman2,9374.9343,0.0163,0.0596,0.2729,0.7849,0.9995
Lman2l,Lman2l,1494.508,-0.0403,0.1051,-0.3834,0.7014,0.9995
Lmbr1,Lmbr1,732.8459,0.0066,0.1956,0.0339,0.9729,0.9995
Lmbr1l,Lmbr1l,649.2685,0.0785,0.1622,0.4838,0.6285,0.9995
Lmbrd1,Lmbrd1,3801.5481,-0.0613,0.0988,-0.6204,0.535,0.9995
Lmbrd2,Lmbrd2,249.6046,-0.2057,0.2247,-0.9154,0.36,0.9995
Lmcd1,Lmcd1,779.6874,0.0481,0.0781,0.616,0.5379,0.9995
Lmf1,Lmf1,1394.9,-0.061,0.0902,-0.6763,0.4988,0.9995
Lmf2,Lmf2,4627.7501,-0.0271,0.0692,-0.391,0.6958,0.9995
Lmln,Lmln,131.9138,0.008,0.223,0.0358,0.9715,0.9995
Lmna,Lmna,30029.0164,0.0434,0.162,0.268,0.7887,0.9995
Lmnb1,Lmnb1,1261.8211,-0.1726,0.3501,-0.4931,0.622,0.9995
Lmnb2,Lmnb2,3098.6092,-0.0722,0.2572,-0.2808,0.7788,0.9995
Lmntd2,Lmntd2,2.743,0.7257,0.8656,0.8384,0.4018,0.9995
Lmo1,Lmo1,24.3194,-0.0694,0.3472,-0.2,0.8415,0.9995
Lmo2,Lmo2,6.7614,0.2998,0.7245,0.4138,0.679,0.9995
Lmo4,Lmo4,3042.4029,0.0726,0.2359,0.3076,0.7584,0.9995
Lmo7,Lmo7,4903.6787,-0.1547,0.2155,-0.7178,0.4729,0.9995
Lmod1,Lmod1,711.7905,-0.038,0.2105,-0.1806,0.8567,0.9995
Lmod2,Lmod2,1366.7062,0.0142,0.2997,0.0474,0.9622,0.9995
Lmod3,Lmod3,1832.4621,-0.0144,0.2498,-0.0578,0.9539,0.9995
Lmtk2,Lmtk2,1188.8601,-0.0147,0.0751,-0.1954,0.8451,0.9995
Lmtk3,Lmtk3,26.6207,-0.0836,0.3203,-0.2608,0.7942,0.9995
Lnp,Lnp,957.7925,-0.017,0.1425,-0.1194,0.905,0.9995
Lnpep,Lnpep,1104.3743,-0.1103,0.2232,-0.4942,0.6212,0.9995
Lnx1,Lnx1,242.1251,0.1924,0.2206,0.8722,0.3831,0.9995
Lnx2,Lnx2,551.7007,-0.0241,0.0784,-0.3075,0.7585,0.9995
LOC100049077,LOC100049077,0.9165,0.133,1.3627,0.0976,0.9222,0.9995
LOC100503496,LOC100503496,2.0607,-1.0562,1.0416,-1.014,0.3106,0.9995
LOC100504703,LOC100504703,1.8243,-0.7853,1.127,-0.6969,0.4859,0.9995
LOC100505025,LOC100505025,10.3948,0.205,0.4841,0.4234,0.672,0.9995
LOC105246506,LOC105246506,5.8391,0.384,0.7081,0.5422,0.5877,0.9995
LOC106740,LOC106740,404.2195,0.1093,0.1799,0.6074,0.5436,0.9995
Loh12cr1,Loh12cr1,423.6157,0.2726,0.1711,1.5931,0.1111,0.9995
Lonp1,Lonp1,5710.6916,0.0149,0.1465,0.1014,0.9192,0.9995
Lonp2,Lonp2,4916.3853,-0.0068,0.0614,-0.1109,0.9117,0.9995
Lonrf1,Lonrf1,398.9888,-0.0087,0.1206,-0.0722,0.9424,0.9995
Lonrf3,Lonrf3,213.6787,0.113,0.269,0.4198,0.6746,0.9995
Lor,Lor,5.0208,-0.6491,0.6509,-0.9971,0.3187,0.9995
Lox,Lox,53744.4901,-0.0691,0.1253,-0.551,0.5816,0.9995
Loxhd1,Loxhd1,5.8279,-0.8614,0.6255,-1.3772,0.1684,0.9995
Loxl1,Loxl1,12137.1826,0.0128,0.1185,0.1081,0.9139,0.9995
Loxl2,Loxl2,2194.2382,-0.1478,0.1264,-1.1696,0.2422,0.9995
Loxl3,Loxl3,2798.5955,-0.0995,0.1557,-0.639,0.5228,0.9995
Loxl4,Loxl4,1065.0092,-0.0048,0.1409,-0.0341,0.9728,0.9995
Lpar1,Lpar1,3062.5776,0.0105,0.1076,0.0974,0.9224,0.9995
Lpar2,Lpar2,90.6156,-0.3105,0.1646,-1.8864,0.0592,0.9995
Lpar3,Lpar3,221.2335,0.1403,0.3958,0.3545,0.723,0.9995
Lpar4,Lpar4,157.177,0.2792,0.2797,0.9984,0.3181,0.9995
Lpar6,Lpar6,251.0657,0.1619,0.1607,1.0071,0.3139,0.9995
Lpcat1,Lpcat1,582.4871,-0.0435,0.1292,-0.3364,0.7366,0.9995
Lpcat2,Lpcat2,49.6995,-0.0262,0.236,-0.1112,0.9115,0.9995
Lpcat2b,Lpcat2b,1.4862,-0.1025,1.1871,-0.0863,0.9312,0.9995
Lpcat3,Lpcat3,2555.6026,0.0597,0.0682,0.8763,0.3808,0.9995
Lpcat4,Lpcat4,507.1176,0.2155,0.0923,2.3344,0.0196,0.9995
Lpgat1,Lpgat1,6691.6456,0.0231,0.2173,0.1062,0.9155,0.9995
Lpin1,Lpin1,876.6238,0.1206,0.2127,0.567,0.5707,0.9995
Lpin2,Lpin2,1980.0872,-0.1448,0.1058,-1.3683,0.1712,0.9995
Lpin3,Lpin3,2360.7234,-0.0918,0.1218,-0.7541,0.4508,0.9995
Lpl,Lpl,2765.9426,0.1111,0.1219,0.9117,0.3619,0.9995
Lpp,Lpp,3885.7755,-0.1464,0.2291,-0.6388,0.5229,0.9995
Lppos,Lppos,48.4562,0.2495,0.2181,1.1436,0.2528,0.9995
Lppr2,Lppr2,1224.0525,0.0439,0.0702,0.625,0.532,0.9995
Lppr3,Lppr3,629.6996,-0.0226,0.1635,-0.1385,0.8898,0.9995
Lppr4,Lppr4,0.6866,-0.779,1.737,-0.4485,0.6538,0.9995
Lpxn,Lpxn,3.3131,0.9428,0.7565,1.2463,0.2127,0.9995
Lrba,Lrba,978.0235,-0.1644,0.1362,-1.207,0.2274,0.9995
Lrch1,Lrch1,1679.6196,-0.076,0.108,-0.7032,0.4819,0.9995
Lrch2,Lrch2,287.5433,-0.0792,0.143,-0.5538,0.5797,0.9995
Lrch3,Lrch3,1373.0962,-0.1437,0.091,-1.5794,0.1142,0.9995
Lrfn1,Lrfn1,1.028,-0.465,1.6072,-0.2893,0.7724,0.9995
Lrfn3,Lrfn3,410.515,-0.0926,0.1027,-0.9018,0.3671,0.9995
Lrfn4,Lrfn4,1301.7991,0.0082,0.1034,0.0789,0.9371,0.9995
Lrg1,Lrg1,1.1334,2.8109,2.215,1.269,0.2044,0.9995
Lrguk,Lrguk,12.6917,-0.3401,0.4038,-0.8421,0.3997,0.9995
Lrif1,Lrif1,602.569,0.0233,0.1628,0.143,0.8863,0.9995
Lrig1,Lrig1,4778.97,-0.1737,0.1031,-1.6846,0.0921,0.9995
Lrig2,Lrig2,1841.1062,-0.0736,0.1516,-0.4857,0.6272,0.9995
Lrig3,Lrig3,1648.5595,-0.1596,0.0763,-2.093,0.0363,0.9995
Lrmp,Lrmp,3.4195,1.6308,0.8572,1.9024,0.0571,0.9995
Lrp1,Lrp1,67806.7546,-0.2084,0.1428,-1.4593,0.1445,0.9995
Lrp10,Lrp10,8707.6374,-0.0115,0.0736,-0.1568,0.8754,0.9995
Lrp11,Lrp11,655.8217,-0.0152,0.1583,-0.0962,0.9234,0.9995
Lrp12,Lrp12,2730.1995,-0.007,0.1306,-0.0532,0.9576,0.9995
Lrp2,Lrp2,6.4032,-0.3703,0.5432,-0.6817,0.4954,0.9995
Lrp2bp,Lrp2bp,15.4724,-0.5445,0.6189,-0.8797,0.379,0.9995
Lrp4,Lrp4,4863.0696,-0.1087,0.2101,-0.5172,0.605,0.9995
Lrp5,Lrp5,7693.3959,-0.1413,0.0984,-1.4359,0.151,0.9995
Lrp6,Lrp6,2908.9986,-0.0742,0.1394,-0.5322,0.5946,0.9995
Lrp8,Lrp8,451.672,-0.1599,0.2105,-0.7594,0.4476,0.9995
Lrpap1,Lrpap1,4958.6124,0.0996,0.1099,0.9066,0.3646,0.9995
Lrpprc,Lrpprc,2881.6306,0.0115,0.0708,0.1622,0.8712,0.9995
Lrr1,Lrr1,64.0256,-0.1059,0.5158,-0.2053,0.8373,0.9995
Lrrc1,Lrrc1,509.4491,0.0912,0.1348,0.6764,0.4988,0.9995
Lrrc10b,Lrrc10b,37.7391,0.1557,0.2394,0.6502,0.5155,0.9995
Lrrc14,Lrrc14,1269.8094,0.0591,0.0835,0.708,0.479,0.9995
Lrrc14b,Lrrc14b,81.1656,0.1303,0.1695,0.7686,0.4421,0.9995
Lrrc15,Lrrc15,45.6178,0.4672,0.3272,1.4279,0.1533,0.9995
Lrrc16a,Lrrc16a,905.721,-0.0847,0.0624,-1.3561,0.1751,0.9995
Lrrc16b,Lrrc16b,3.08,0.7089,0.7938,0.893,0.3718,0.9995
Lrrc17,Lrrc17,4334.1995,0.0289,0.2627,0.1101,0.9123,0.9995
Lrrc19,Lrrc19,6.292,-0.261,0.5907,-0.4418,0.6587,0.9995
Lrrc2,Lrrc2,33.2927,0.1459,0.3443,0.4236,0.6718,0.9995
Lrrc20,Lrrc20,1509.1211,-0.0029,0.084,-0.0345,0.9725,0.9995
Lrrc23,Lrrc23,9.8436,0.0939,0.4844,0.1939,0.8462,0.9995
Lrrc24,Lrrc24,70.158,0.0021,0.1903,0.0109,0.9913,0.9995
Lrrc25,Lrrc25,0.3441,0.9357,2.6506,0.353,0.7241,0.9995
Lrrc26,Lrrc26,3.7727,-0.0285,0.7568,-0.0377,0.9699,0.9995
Lrrc27,Lrrc27,181.4191,-0.1283,0.1643,-0.7808,0.4349,0.9995
Lrrc28,Lrrc28,638.6821,0.0904,0.0986,0.9167,0.3593,0.9995
Lrrc29,Lrrc29,72.4516,-0.1526,0.186,-0.8205,0.4119,0.9995
Lrrc3,Lrrc3,0.4558,-1.0536,2.522,-0.4178,0.6761,0.9995
Lrrc30,Lrrc30,23.9,0.1367,0.4022,0.3399,0.7339,0.9995
Lrrc32,Lrrc32,708.6948,-0.1704,0.2003,-0.8508,0.3949,0.9995
Lrrc34,Lrrc34,7.3228,-0.4078,0.5582,-0.7306,0.465,0.9995
Lrrc39,Lrrc39,239.9355,0.1802,0.2394,0.7529,0.4515,0.9995
Lrrc4,Lrrc4,31.204,0.0281,0.3504,0.0801,0.9362,0.9995
Lrrc40,Lrrc40,1062.1723,-0.0405,0.1403,-0.2885,0.7729,0.9995
Lrrc41,Lrrc41,3967.138,0.0467,0.0629,0.7436,0.4571,0.9995
Lrrc42,Lrrc42,1662.2658,0.0677,0.0727,0.9301,0.3523,0.9995
Lrrc45,Lrrc45,980.6791,-0.1013,0.0665,-1.5239,0.1275,0.9995
Lrrc46,Lrrc46,32.9186,0.214,0.2549,0.8394,0.4012,0.9995
Lrrc47,Lrrc47,1318.233,-0.0596,0.0852,-0.7001,0.4839,0.9995
Lrrc48,Lrrc48,6.6313,0.1228,0.5529,0.2221,0.8243,0.9995
Lrrc49,Lrrc49,926.3343,-0.0573,0.1801,-0.3184,0.7502,0.9995
Lrrc4c,Lrrc4c,168.122,0.1155,0.2891,0.3995,0.6895,0.9995
Lrrc51,Lrrc51,166.7074,-0.0414,0.1631,-0.2538,0.7997,0.9995
Lrrc55,Lrrc55,22.3906,0.1119,0.4621,0.2422,0.8086,0.9995
Lrrc56,Lrrc56,60.844,0.1075,0.2619,0.4103,0.6816,0.9995
Lrrc57,Lrrc57,804.3149,-0.049,0.0897,-0.5468,0.5845,0.9995
Lrrc58,Lrrc58,3428.8655,0.0031,0.1874,0.0167,0.9867,0.9995
Lrrc59,Lrrc59,10508.0775,0.0674,0.0695,0.9701,0.332,0.9995
Lrrc6,Lrrc6,0.3437,0.9335,2.6517,0.352,0.7248,0.9995
Lrrc61,Lrrc61,349.8169,0.0499,0.1433,0.3485,0.7275,0.9995
Lrrc66,Lrrc66,4.6918,0.1433,0.6581,0.2178,0.8276,0.9995
Lrrc69,Lrrc69,0.4574,1.4147,2.4883,0.5685,0.5697,0.9995
Lrrc7,Lrrc7,0.6836,-1.4751,1.931,-0.7639,0.4449,0.9995
Lrrc71,Lrrc71,5.0266,-0.8877,0.6433,-1.3798,0.1676,0.9995
Lrrc73,Lrrc73,60.0251,0.2947,0.2179,1.3523,0.1763,0.9995
Lrrc74b,Lrrc74b,22.6058,0.0858,0.4176,0.2056,0.8371,0.9995
Lrrc75a,Lrrc75a,625.519,0.0704,0.095,0.741,0.4587,0.9995
Lrrc75b,Lrrc75b,630.3369,0.0561,0.1215,0.4614,0.6445,0.9995
Lrrc8a,Lrrc8a,1794.2985,0.0507,0.117,0.4338,0.6644,0.9995
Lrrc8b,Lrrc8b,267.8326,-0.3649,0.2115,-1.7256,0.0844,0.9995
Lrrc8c,Lrrc8c,477.8325,-0.2996,0.1204,-2.4873,0.0129,0.9995
Lrrc8d,Lrrc8d,748.7778,0.1051,0.1731,0.6073,0.5437,0.9995
Lrrc8e,Lrrc8e,334.5592,0.0125,0.1139,0.1094,0.9129,0.9995
Lrrc9,Lrrc9,1.1411,-1.0797,1.5745,-0.6857,0.4929,0.9995
Lrrcc1,Lrrcc1,318.9532,-0.1928,0.1284,-1.5019,0.1331,0.9995
Lrrd1,Lrrd1,10.8649,0.0099,0.4955,0.02,0.9841,0.9995
Lrrfip1,Lrrfip1,6107.5549,-0.0999,0.1224,-0.8162,0.4144,0.9995
Lrrfip2,Lrrfip2,1849.029,0.0654,0.1036,0.6314,0.5278,0.9995
Lrriq3,Lrriq3,22.6263,0.172,0.3445,0.4993,0.6176,0.9995
Lrrk1,Lrrk1,4600.0236,-0.0112,0.111,-0.1011,0.9194,0.9995
Lrrk2,Lrrk2,1834.25,-0.1324,0.0996,-1.3296,0.1837,0.9995
Lrrn1,Lrrn1,3345.159,-0.0742,0.2868,-0.2586,0.796,0.9995
Lrrn2,Lrrn2,3.549,1.1439,0.9366,1.2214,0.2219,0.9995
Lrrn3,Lrrn3,19.1082,-0.0057,0.3957,-0.0145,0.9884,0.9995
Lrrn4,Lrrn4,0.3441,-1.7844,2.6033,-0.6854,0.4931,0.9995
Lrrn4cl,Lrrn4cl,91.2775,-0.0241,0.2184,-0.1105,0.912,0.9995
Lrrtm2,Lrrtm2,26.0815,-0.3212,0.4821,-0.6664,0.5052,0.9995
Lrrtm3,Lrrtm3,0.6882,2.1268,1.8533,1.1475,0.2512,0.9995
Lrrtm4,Lrrtm4,1.0248,-0.4749,1.4644,-0.3243,0.7457,0.9995
Lrsam1,Lrsam1,972.2929,-0.0688,0.0823,-0.8357,0.4033,0.9995
Lrtm1,Lrtm1,11.2061,0.5684,1.0034,0.5665,0.571,0.9995
Lrtm2,Lrtm2,1.1405,0.5447,1.3932,0.391,0.6958,0.9995
Lrwd1,Lrwd1,1013.2137,0.0425,0.0952,0.4464,0.6553,0.9995
Lsg1,Lsg1,2282.5828,0.0392,0.0667,0.5877,0.5568,0.9995
Lsm1,Lsm1,1081.8959,0.0749,0.1152,0.6499,0.5158,0.9995
Lsm10,Lsm10,661.47,0.1633,0.144,1.1342,0.2567,0.9995
Lsm11,Lsm11,641.4161,-0.0156,0.0908,-0.1716,0.8638,0.9995
Lsm12,Lsm12,1186.4271,-0.0827,0.0748,-1.1059,0.2688,0.9995
Lsm14a,Lsm14a,5934.3548,-0.0763,0.0668,-1.1424,0.2533,0.9995
Lsm14b,Lsm14b,3220.9529,0.0736,0.1156,0.6367,0.5243,0.9995
Lsm2,Lsm2,720.1581,0.0831,0.1319,0.6301,0.5286,0.9995
Lsm3,Lsm3,888.3161,0.0099,0.1347,0.0738,0.9411,0.9995
Lsm4,Lsm4,895.6747,0.0601,0.097,0.6199,0.5354,0.9995
Lsm5,Lsm5,548.3198,0.0462,0.1201,0.3846,0.7005,0.9995
Lsm6,Lsm6,2109.7871,0.1139,0.141,0.8077,0.4193,0.9995
Lsm7,Lsm7,604.6231,0.1927,0.1307,1.4739,0.1405,0.9995
Lsm8,Lsm8,998.5943,0.0221,0.0979,0.2257,0.8215,0.9995
Lsmem1,Lsmem1,3.7773,-0.5003,0.7802,-0.6413,0.5214,0.9995
Lsp1,Lsp1,4129.41,0.0031,0.2221,0.0141,0.9887,0.9995
Lsr,Lsr,22.6295,-0.1776,0.4608,-0.3854,0.6999,0.9995
Lss,Lss,1500.7542,-0.1463,0.1296,-1.1289,0.2589,0.9995
Lst1,Lst1,4.1044,0.7882,0.8905,0.8851,0.3761,0.9995
Lta,Lta,7.2057,-0.3637,0.5402,-0.6733,0.5008,0.9995
Lta4h,Lta4h,4186.0385,0.0012,0.0654,0.019,0.9849,0.9995
Ltb4r1,Ltb4r1,0.5729,-1.4753,2.3931,-0.6165,0.5376,0.9995
Ltb4r2,Ltb4r2,0.4554,-1.0543,2.5226,-0.4179,0.676,0.9995
Ltbp1,Ltbp1,7837.2209,0.1348,0.1369,0.9847,0.3247,0.9995
Ltbp2,Ltbp2,10751.5787,-0.0582,0.0952,-0.6118,0.5406,0.9995
Ltbp3,Ltbp3,14991.3793,-0.0358,0.0698,-0.513,0.608,0.9995
Ltbp4,Ltbp4,3542.5682,-0.1686,0.2388,-0.7057,0.4804,0.9995
Ltbr,Ltbr,4726.5398,0.0576,0.1604,0.3591,0.7195,0.9995
Ltc4s,Ltc4s,60.5126,-0.205,0.3329,-0.6159,0.538,0.9995
Ltk,Ltk,0.6875,-0.7803,1.969,-0.3963,0.6919,0.9995
Ltn1,Ltn1,2144.945,-0.0397,0.1495,-0.2657,0.7905,0.9995
Ltv1,Ltv1,1604.122,0.0496,0.0907,0.5466,0.5846,0.9995
Luc7l,Luc7l,2691.508,0.0236,0.0671,0.3517,0.7251,0.9995
Luc7l2,Luc7l2,4224.4435,0.0333,0.1422,0.2338,0.8151,0.9995
Luc7l3,Luc7l3,1583.847,0.294,0.1646,1.7859,0.0741,0.9995
Lum,Lum,71.0239,-0.7216,0.5128,-1.4072,0.1594,0.9995
Lurap1,Lurap1,98.2736,0.2074,0.1708,1.2144,0.2246,0.9995
Lurap1l,Lurap1l,2551.9252,0.1427,0.1143,1.2488,0.2118,0.9995
Luzp1,Luzp1,4161.1856,-0.1027,0.1554,-0.6608,0.5087,0.9995
Luzp4,Luzp4,2.8585,-0.8159,0.8372,-0.9745,0.3298,0.9995
Lvrn,Lvrn,165.2722,-0.2626,0.1683,-1.5605,0.1186,0.9995
Lxn,Lxn,832.4138,-0.0096,0.1009,-0.0952,0.9241,0.9995
Ly6a,Ly6a,15769.3612,0.1092,0.3411,0.3203,0.7488,0.9995
Ly6c1,Ly6c1,2267.5925,-0.1093,0.2096,-0.5215,0.602,0.9995
Ly6c2,Ly6c2,773.0088,-0.3796,0.1807,-2.1012,0.0356,0.9995
Ly6d,Ly6d,13.3796,0.1186,0.6654,0.1782,0.8586,0.9995
Ly6e,Ly6e,18585.9376,0.0322,0.0809,0.3985,0.6902,0.9995
Ly6f,Ly6f,1.027,0.3932,1.9127,0.2056,0.8371,0.9995
Ly6g5b,Ly6g5b,3.3282,-0.0246,1.0353,-0.0238,0.981,0.9995
Ly6g6c,Ly6g6c,2.2838,0.6248,0.9293,0.6724,0.5013,0.9995
Ly6g6d,Ly6g6d,0.5705,-0.362,2.0507,-0.1765,0.8599,0.9995
Ly6g6e,Ly6g6e,0.573,0.7126,2.0542,0.3469,0.7287,0.9995
Ly6i,Ly6i,3.6639,-0.384,0.98,-0.3918,0.6952,0.9995
Ly75,Ly75,885.2528,-0.1371,0.0865,-1.5844,0.1131,0.9995
Ly9,Ly9,0.4544,1.0267,2.5451,0.4034,0.6866,0.9995
Ly96,Ly96,211.8421,0.0982,0.222,0.4426,0.658,0.9995
Lyar,Lyar,820.4549,0.0169,0.116,0.1453,0.8844,0.9995
Lyl1,Lyl1,11.7805,-0.3513,0.528,-0.6653,0.5059,0.9995
Lyn,Lyn,684.6557,-0.097,0.0892,-1.0875,0.2768,0.9995
Lynx1,Lynx1,3338.4147,0.0324,0.0814,0.3984,0.6904,0.9995
Lypd6,Lypd6,329.2581,-0.1356,0.2085,-0.6505,0.5154,0.9995
Lypd6b,Lypd6b,63.2508,-0.0131,0.3242,-0.0404,0.9678,0.9995
Lypla1,Lypla1,3014.3701,-0.0892,0.1351,-0.6603,0.509,0.9995
Lypla2,Lypla2,1614.2132,0.0516,0.0898,0.5741,0.5659,0.9995
Lyplal1,Lyplal1,212.1694,-0.1497,0.208,-0.7196,0.4718,0.9995
Lyrm1,Lyrm1,149.4566,-0.0551,0.125,-0.4408,0.6594,0.9995
Lyrm2,Lyrm2,776.6004,0.0501,0.0846,0.5925,0.5535,0.9995
Lyrm4,Lyrm4,353.5658,0.1108,0.1404,0.7897,0.4297,0.9995
Lyrm5,Lyrm5,1115.8482,0.0024,0.0959,0.0252,0.9799,0.9995
Lyrm7,Lyrm7,53.7343,-0.1071,0.2201,-0.4866,0.6265,0.9995
Lyrm9,Lyrm9,267.2145,-0.0769,0.0968,-0.7939,0.4273,0.9995
Lysmd1,Lysmd1,146.4914,0.1825,0.2217,0.8231,0.4105,0.9995
Lysmd2,Lysmd2,432.4034,0.1817,0.1678,1.0829,0.2788,0.9995
Lysmd3,Lysmd3,576.0889,0.0888,0.1533,0.5792,0.5625,0.9995
Lysmd4,Lysmd4,544.3093,0.1381,0.0859,1.6072,0.108,0.9995
Lyst,Lyst,1343.8478,-0.2773,0.183,-1.5151,0.1297,0.9995
Lyve1,Lyve1,1.1447,-1.7745,1.5691,-1.1309,0.2581,0.9995
Lyz2,Lyz2,29.4462,0.4367,0.3202,1.3638,0.1726,0.9995
Lyzl4,Lyzl4,1.0314,-0.2513,1.923,-0.1307,0.896,0.9995
Lyzl4os,Lyzl4os,0.572,-0.3765,2.4628,-0.1529,0.8785,0.9995
Lzic,Lzic,1709.883,0.0637,0.074,0.8605,0.3895,0.9995
Lztfl1,Lztfl1,587.8157,0.1046,0.1468,0.7124,0.4762,0.9995
Lztr1,Lztr1,3723.9398,0.0248,0.0995,0.2496,0.8029,0.9995
Lzts1,Lzts1,107.628,-0.0724,0.26,-0.2783,0.7808,0.9995
Lzts2,Lzts2,3616.1841,0.0423,0.1092,0.3873,0.6985,0.9995
Lzts3,Lzts3,746.175,-0.2143,0.1255,-1.7068,0.0879,0.9995
M1ap,M1ap,25.2721,-0.1807,0.291,-0.6209,0.5347,0.9995
M6pr,M6pr,7894.1392,0.0148,0.1144,0.1296,0.8969,0.9995
Maats1,Maats1,19.1889,-0.3441,0.3314,-1.0384,0.2991,0.9995
Mab21l1,Mab21l1,1.259,0.3614,1.3948,0.2591,0.7955,0.9995
Mab21l3,Mab21l3,93.2912,0.1707,0.1683,1.0142,0.3105,0.9995
Macc1,Macc1,104.5561,-0.2926,0.3964,-0.7382,0.4604,0.9995
Macf1,Macf1,15096.8035,-0.105,0.2628,-0.3995,0.6895,0.9995
Macrod1,Macrod1,1383.2273,0.0893,0.1682,0.5312,0.5953,0.9995
Macrod2,Macrod2,7.7645,-0.0173,0.6308,-0.0274,0.9781,0.9995
Mad1l1,Mad1l1,1064.2208,0.0564,0.1283,0.4395,0.6603,0.9995
Mad2l1,Mad2l1,1133.0897,-0.0489,0.3087,-0.1583,0.8742,0.9995
Mad2l1bp,Mad2l1bp,867.5187,0.034,0.0978,0.3478,0.728,0.9995
Mad2l2,Mad2l2,494.2715,-0.017,0.1258,-0.1355,0.8922,0.9995
Madcam1,Madcam1,0.5703,-0.3614,2.0507,-0.1762,0.8601,0.9995
Madd,Madd,959.1728,-0.078,0.1405,-0.5554,0.5786,0.9995
Maea,Maea,5924.7183,0.08,0.0586,1.3653,0.1722,0.9995
Maf,Maf,1042.3727,-0.0173,0.1734,-0.0995,0.9208,0.9995
Maf1,Maf1,4839.6274,0.043,0.1292,0.3332,0.739,0.9995
Mafa,Mafa,75.3363,0.2323,0.3224,0.7206,0.4711,0.9995
Mafb,Mafb,12.1174,-0.6313,0.501,-1.26,0.2077,0.9995
Maff,Maff,2188.4579,0.1616,0.3856,0.4191,0.6752,0.9995
Mafg,Mafg,1286.7964,-0.0166,0.1893,-0.0879,0.9299,0.9995
Mafk,Mafk,2065.3233,0.0188,0.1368,0.1374,0.8907,0.9995
Magea3,Magea3,1.603,0.1064,1.1982,0.0888,0.9292,0.9995
Magea5,Magea5,0.7996,1.4231,1.6705,0.8519,0.3943,0.9995
Magea8,Magea8,32.5996,-0.0357,0.2557,-0.1395,0.889,0.9995
Mageb18,Mageb18,5.0347,-0.6847,0.6872,-0.9963,0.3191,0.9995
Mageb3,Mageb3,1.1441,0.1138,1.3638,0.0835,0.9335,0.9995
Mageb4,Mageb4,0.4597,0.2124,2.57,0.0826,0.9341,0.9995
Maged1,Maged1,31956.2362,0.0117,0.0557,0.2099,0.8338,0.9995
Maged2,Maged2,3564.9938,0.0039,0.1091,0.0355,0.9717,0.9995
Magee1,Magee1,1265.3066,-0.0115,0.0776,-0.148,0.8824,0.9995
Magef1,Magef1,119.5823,0.3792,0.2541,1.4923,0.1356,0.9995
Magi1,Magi1,589.1895,-0.19,0.1181,-1.609,0.1076,0.9995
Magi2,Magi2,76.8971,0.0058,0.1738,0.0334,0.9734,0.9995
Magi3,Magi3,1649.0018,-0.0891,0.1408,-0.633,0.5267,0.9995
Magix,Magix,3.9912,1.4642,0.9366,1.5633,0.118,0.9995
Magoh,Magoh,1656.6023,0.0168,0.0663,0.2535,0.7999,0.9995
Magohb,Magohb,434.1761,0.0321,0.1035,0.3097,0.7568,0.9995
Magt1,Magt1,3271.8062,-0.1462,0.1772,-0.8247,0.4096,0.9995
Mak,Mak,0.7971,1.2714,2.0136,0.6314,0.5278,0.9995
Mak16,Mak16,1473.9228,0.1815,0.1055,1.7202,0.0854,0.9995
Mal,Mal,65.6907,0.2614,0.4874,0.5362,0.5918,0.9995
Mal2,Mal2,1.2657,-1.2924,1.8304,-0.7061,0.4801,0.9995
Malat1,Malat1,8407.0686,-0.4032,0.2073,-1.9447,0.0518,0.9995
Mall,Mall,0.4594,-1.0672,2.5214,-0.4233,0.6721,0.9995
Malsu1,Malsu1,578.9803,0.1394,0.1496,0.9314,0.3516,0.9995
Malt1,Malt1,327.7347,-0.0044,0.1457,-0.0305,0.9757,0.9995
Mamdc2,Mamdc2,1336.4965,0.0103,0.2272,0.0455,0.9637,0.9995
Mamdc4,Mamdc4,72.7871,0.1513,0.1886,0.8019,0.4226,0.9995
Maml1,Maml1,2025.1501,-0.0559,0.0824,-0.678,0.4978,0.9995
Maml2,Maml2,537.4017,-0.0903,0.1825,-0.4949,0.6207,0.9995
Maml3,Maml3,925.2007,-0.2159,0.1259,-1.7155,0.0862,0.9995
Mamld1,Mamld1,2.399,-0.0493,1.1732,-0.0421,0.9665,0.9995
Mamstr,Mamstr,99.0814,-0.0115,0.31,-0.0371,0.9704,0.9995
Man1a,Man1a,162.4869,-0.1945,0.1623,-1.1985,0.2307,0.9995
Man1a2,Man1a2,2074.2215,-0.0026,0.1312,-0.0202,0.9839,0.9995
Man1b1,Man1b1,4398.9786,-0.0295,0.0694,-0.4246,0.6711,0.9995
Man1c1,Man1c1,3638.8575,-0.0702,0.1285,-0.546,0.5851,0.9995
Man2a1,Man2a1,4936.4819,-0.0954,0.1202,-0.7936,0.4274,0.9995
Man2a2,Man2a2,5285.0081,-0.0907,0.0948,-0.9573,0.3384,0.9995
Man2b1,Man2b1,2988.4543,-0.0952,0.0934,-1.0192,0.3081,0.9995
Man2b2,Man2b2,2664.7347,-0.1144,0.082,-1.3949,0.163,0.9995
Man2c1,Man2c1,1598.6565,0.0746,0.1161,0.6424,0.5206,0.9995
Man2c1os,Man2c1os,5.2434,-0.012,0.7706,-0.0156,0.9876,0.9995
Manba,Manba,965.6913,-0.0826,0.121,-0.6827,0.4948,0.9995
Manbal,Manbal,1277.7793,0.1508,0.1235,1.2217,0.2218,0.9995
Manea,Manea,1219.6544,-0.0154,0.1403,-0.1098,0.9125,0.9995
Maneal,Maneal,5.8361,-0.4901,0.6716,-0.7298,0.4655,0.9995
Manf,Manf,9626.3092,-0.044,0.1304,-0.3377,0.7356,0.9995
Mannr,Mannr,3.6595,-0.2635,0.7828,-0.3366,0.7364,0.9995
Mansc1,Mansc1,6.9681,-0.028,0.5819,-0.0481,0.9617,0.9995
Mansc4,Mansc4,5.6055,-0.5092,0.5822,-0.8746,0.3818,0.9995
Maoa,Maoa,4482.5877,0.0978,0.2224,0.4399,0.66,0.9995
Maob,Maob,19.4517,-0.2823,0.3721,-0.7587,0.4481,0.9995
Map1a,Map1a,5166.144,-0.0834,0.0594,-1.4036,0.1604,0.9995
Map1b,Map1b,6740.1725,-0.1201,0.2452,-0.4897,0.6244,0.9995
Map1lc3a,Map1lc3a,2963.994,0.0774,0.074,1.0447,0.2962,0.9995
Map1lc3b,Map1lc3b,10603.3416,0.0828,0.172,0.4815,0.6301,0.9995
Map1s,Map1s,1810.2207,-0.0651,0.0992,-0.6559,0.5119,0.9995
Map2,Map2,311.4171,-0.4944,0.4809,-1.028,0.3039,0.9995
Map2k1,Map2k1,6121.0769,-0.0231,0.1324,-0.1749,0.8612,0.9995
Map2k2,Map2k2,3414.1191,0.0427,0.0596,0.7162,0.4739,0.9995
Map2k3,Map2k3,4242.9851,0.0772,0.1,0.7721,0.44,0.9995
Map2k3os,Map2k3os,97.9414,0.0413,0.1748,0.2361,0.8134,0.9995
Map2k4,Map2k4,2760.7141,-0.0813,0.108,-0.7527,0.4517,0.9995
Map2k5,Map2k5,1217.1268,0.0375,0.1277,0.2938,0.7689,0.9995
Map2k6,Map2k6,166.9958,0.0015,0.1252,0.0123,0.9902,0.9995
Map2k7,Map2k7,2451.8057,0.0329,0.0494,0.6673,0.5046,0.9995
Map3k1,Map3k1,285.166,-0.0298,0.1846,-0.1612,0.872,0.9995
Map3k10,Map3k10,1411.6768,0.0343,0.0833,0.4122,0.6802,0.9995
Map3k11,Map3k11,1228.9461,-0.0103,0.0797,-0.1295,0.8969,0.9995
Map3k12,Map3k12,917.0737,0.015,0.1156,0.1297,0.8968,0.9995
Map3k13,Map3k13,43.3179,-0.154,0.2874,-0.5358,0.5921,0.9995
Map3k14,Map3k14,1009.8645,-0.0149,0.1473,-0.1013,0.9193,0.9995
Map3k15,Map3k15,14.275,0.0693,0.4919,0.141,0.8879,0.9995
Map3k19,Map3k19,25.2613,0.096,0.3542,0.2709,0.7865,0.9995
Map3k2,Map3k2,1673.4829,-0.0258,0.1344,-0.1917,0.848,0.9995
Map3k3,Map3k3,2168.7027,0.0216,0.1206,0.1787,0.8582,0.9995
Map3k4,Map3k4,2074.6958,-0.0953,0.0646,-1.4749,0.1402,0.9995
Map3k5,Map3k5,53.4613,-0.0035,0.2401,-0.0146,0.9883,0.9995
Map3k6,Map3k6,353.8925,-0.064,0.1,-0.6405,0.5218,0.9995
Map3k7,Map3k7,4361.1424,-0.0905,0.1005,-0.9004,0.3679,0.9995
Map3k7cl,Map3k7cl,258.8393,-0.3193,0.4193,-0.7616,0.4463,0.9995
Map3k8,Map3k8,782.4364,0.0438,0.3629,0.1206,0.904,0.9995
Map3k9,Map3k9,81.3167,0.0486,0.2241,0.217,0.8282,0.9995
Map4,Map4,17528.0596,-0.0596,0.0539,-1.1058,0.2688,0.9995
Map4k1,Map4k1,10.2923,0.2932,0.4612,0.6357,0.525,0.9995
Map4k2,Map4k2,610.5975,-0.1859,0.1301,-1.4292,0.1529,0.9995
Map4k3,Map4k3,1155.1643,-0.1954,0.1388,-1.4076,0.1593,0.9995
Map4k4,Map4k4,21485.4794,-0.0251,0.0554,-0.4542,0.6497,0.9995
Map4k5,Map4k5,2057.4533,-0.058,0.12,-0.4835,0.6287,0.9995
Map6,Map6,2883.9705,0.0398,0.1199,0.332,0.7399,0.9995
Map6d1,Map6d1,12.3373,-0.0262,0.4214,-0.0622,0.9504,0.9995
Map7,Map7,17.5048,0.1934,0.4103,0.4713,0.6374,0.9995
Map7d1,Map7d1,10222.6142,0.021,0.1215,0.1727,0.8629,0.9995
Map9,Map9,160.2925,0.048,0.177,0.2713,0.7862,0.9995
Mapk1,Mapk1,9793.5046,0.0434,0.0674,0.644,0.5196,0.9995
Mapk10,Mapk10,0.4554,-1.0543,2.5226,-0.4179,0.676,0.9995
Mapk11,Mapk11,631.2416,0.0146,0.0886,0.1646,0.8693,0.9995
Mapk12,Mapk12,978.7514,0.0533,0.0622,0.8571,0.3914,0.9995
Mapk13,Mapk13,43.849,0.008,0.264,0.0303,0.9758,0.9995
Mapk14,Mapk14,3684.0763,0.0904,0.1159,0.7805,0.4351,0.9995
Mapk15,Mapk15,44.7175,-0.2738,0.2706,-1.0118,0.3116,0.9995
Mapk1ip1,Mapk1ip1,330.3094,-0.0461,0.1143,-0.4035,0.6866,0.9995
Mapk1ip1l,Mapk1ip1l,4762.7886,0.0546,0.0851,0.6412,0.5214,0.9995
Mapk3,Mapk3,5041.8643,-0.0046,0.0908,-0.0505,0.9597,0.9995
Mapk4,Mapk4,69.7419,-0.1011,0.2642,-0.3828,0.7019,0.9995
Mapk6,Mapk6,7378.2667,-0.0591,0.0781,-0.7576,0.4487,0.9995
Mapk7,Mapk7,1242.4355,0.0282,0.0804,0.3507,0.7258,0.9995
Mapk8,Mapk8,1326.1912,-0.0457,0.1666,-0.2746,0.7836,0.9995
Mapk8ip1,Mapk8ip1,1550.1968,-0.1369,0.1713,-0.7992,0.4242,0.9995
Mapk8ip3,Mapk8ip3,3070.7683,-0.0592,0.064,-0.9249,0.355,0.9995
Mapk9,Mapk9,2121.8331,-0.023,0.0711,-0.3232,0.7465,0.9995
Mapkap1,Mapkap1,2987.6335,-0.0633,0.049,-1.2906,0.1968,0.9995
Mapkapk2,Mapkapk2,6502.8518,0.0212,0.0637,0.3325,0.7395,0.9995
Mapkapk3,Mapkapk3,35.6413,0.153,0.2683,0.5702,0.5686,0.9995
Mapkapk5,Mapkapk5,1604.2973,-0.0217,0.0576,-0.3771,0.7061,0.9995
Mapkbp1,Mapkbp1,1544.8029,-0.0136,0.0622,-0.2191,0.8266,0.9995
Mapre1,Mapre1,8113.1585,-0.0208,0.1109,-0.1877,0.8511,0.9995
Mapre2,Mapre2,1664.1205,-0.1001,0.1103,-0.908,0.3639,0.9995
Mapre3,Mapre3,2896.0265,0.0632,0.0672,0.9405,0.3469,0.9995
Mapt,Mapt,54.4731,-0.3092,0.2705,-1.1429,0.2531,0.9995
Marcks,Marcks,14420.9053,-0.1472,0.1278,-1.1517,0.2494,0.9995
Marcksl1,Marcksl1,2560.0431,0.1255,0.0742,1.6914,0.0908,0.9995
Marf1,Marf1,2589.273,-0.0613,0.0877,-0.6988,0.4847,0.9995
Mark1,Mark1,55.5587,0.2823,0.5077,0.5561,0.5781,0.9995
Mark2,Mark2,2703.8976,-0.0096,0.0552,-0.1746,0.8614,0.9995
Mark3,Mark3,3687.305,-0.0182,0.079,-0.2302,0.818,0.9995
Mark4,Mark4,906.5146,-0.0414,0.0735,-0.5631,0.5734,0.9995
Mars,Mars,6400.7168,0.0437,0.0703,0.6226,0.5336,0.9995
Mars2,Mars2,300.7154,-0.007,0.2205,-0.0319,0.9746,0.9995
Marveld1,Marveld1,3169.21,0.0342,0.0786,0.4355,0.6632,0.9995
Marveld2,Marveld2,3.0933,0.0869,1.0296,0.0844,0.9328,0.9995
Marveld3,Marveld3,1.7205,-0.4555,1.074,-0.4242,0.6715,0.9995
Mas1,Mas1,0.8003,0.2838,1.7329,0.1638,0.8699,0.9995
Masp1,Masp1,4127.5471,0.0925,0.3527,0.2623,0.7931,0.9995
Masp2,Masp2,7.4121,0.509,0.7477,0.6807,0.496,0.9995
Mast1,Mast1,216.1268,-0.0083,0.1545,-0.0538,0.9571,0.9995
Mast2,Mast2,4825.0108,-0.0596,0.0722,-0.8247,0.4095,0.9995
Mast3,Mast3,1710.9404,-0.0384,0.0659,-0.5837,0.5594,0.9995
Mast4,Mast4,2514.1375,-0.1116,0.0927,-1.2032,0.2289,0.9995
Mastl,Mastl,413.6643,-0.0375,0.2994,-0.1252,0.9004,0.9995
Mat1a,Mat1a,1.6026,-0.2915,1.1241,-0.2593,0.7954,0.9995
Mat2a,Mat2a,11623.7724,0.0762,0.0599,1.2724,0.2032,0.9995
Mat2b,Mat2b,2997.48,0.0579,0.0959,0.6036,0.5461,0.9995
Matk,Matk,21.2719,0.0109,0.3475,0.0313,0.975,0.9995
Matn2,Matn2,7888.4063,-0.0138,0.0552,-0.2498,0.8028,0.9995
Matn3,Matn3,13.3568,-0.3896,1.0472,-0.372,0.7099,0.9995
Matn4,Matn4,14.5977,0.3624,0.6317,0.5736,0.5662,0.9995
Matr3,Matr3,5875.6831,0.0768,0.1849,0.4151,0.6781,0.9995
Mau2,Mau2,2222.6638,-0.068,0.0515,-1.3208,0.1866,0.9995
Mavs,Mavs,1671.2764,0.0377,0.0805,0.468,0.6398,0.9995
Max,Max,2810.5342,0.0599,0.0964,0.6213,0.5344,0.9995
Maz,Maz,3597.011,-0.0282,0.0966,-0.2921,0.7702,0.9995
Mb,Mb,2562.578,0.5759,0.8046,0.7158,0.4741,0.9995
Mb21d1,Mb21d1,186.0357,0.1336,0.2104,0.6347,0.5256,0.9995
Mb21d2,Mb21d2,370.9766,0.0967,0.1351,0.7158,0.4741,0.9995
Mbd1,Mbd1,1397.0214,0.0156,0.0704,0.2213,0.8249,0.9995
Mbd2,Mbd2,3233.7937,0.0024,0.0805,0.0293,0.9766,0.9995
Mbd3,Mbd3,4109.3646,0.0132,0.0772,0.1713,0.864,0.9995
Mbd4,Mbd4,145.3025,-0.0083,0.2061,-0.0405,0.9677,0.9995
Mbd5,Mbd5,695.4987,-0.1088,0.1531,-0.7106,0.4774,0.9995
Mbd6,Mbd6,1235.8403,0.1077,0.1164,0.9252,0.3549,0.9995
Mbip,Mbip,495.3721,-0.1014,0.1257,-0.8064,0.42,0.9995
Mbl2,Mbl2,0.3427,-0.4733,2.6733,-0.177,0.8595,0.9995
Mblac1,Mblac1,53.6658,0.0224,0.2745,0.0816,0.9349,0.9995
Mblac2,Mblac2,173.4949,0.0252,0.1982,0.1269,0.899,0.9995
Mbnl1,Mbnl1,5773.0817,0.1235,0.158,0.7815,0.4345,0.9995
Mbnl2,Mbnl2,3855.5079,0.0006,0.1504,0.0041,0.9968,0.9995
Mbnl3,Mbnl3,166.2524,0.0134,0.1792,0.0747,0.9405,0.9995
Mboat1,Mboat1,539.7564,-0.0891,0.217,-0.4107,0.6813,0.9995
Mboat2,Mboat2,486.2121,0.1613,0.1863,0.8659,0.3866,0.9995
Mboat4,Mboat4,5.9428,0.1859,0.6257,0.297,0.7664,0.9995
Mboat7,Mboat7,1483.2621,-0.0284,0.0867,-0.3273,0.7434,0.9995
Mbp,Mbp,98.5103,0.09,0.1472,0.6119,0.5406,0.9995
Mbtd1,Mbtd1,887.5269,0.0826,0.1543,0.5354,0.5924,0.9995
Mbtps1,Mbtps1,9648.0854,0,0.0624,-0.0005,0.9996,1
Mbtps2,Mbtps2,1100.2509,-0.0049,0.1567,-0.0312,0.9751,0.9995
Mc1r,Mc1r,0.9141,0.6697,1.6633,0.4026,0.6872,0.9995
Mc4r,Mc4r,14.5134,0.3229,0.473,0.6826,0.4949,0.9995
Mc5r,Mc5r,2.4019,-0.8266,1.1539,-0.7163,0.4738,0.9995
Mcam,Mcam,179.176,-0.0284,0.3043,-0.0932,0.9258,0.9995
Mcat,Mcat,1203.3456,0.0708,0.0756,0.9365,0.349,0.9995
Mcc,Mcc,406.3194,-0.1191,0.0919,-1.2958,0.195,0.9995
Mccc1,Mccc1,821.9638,0.1215,0.0844,1.4392,0.1501,0.9995
Mccc1os,Mccc1os,4.7942,1.0967,1.1467,0.9564,0.3389,0.9995
Mccc2,Mccc2,677.5818,-0.0326,0.0771,-0.423,0.6723,0.9995
Mcee,Mcee,219.0406,-0.0146,0.1192,-0.1221,0.9028,0.9995
Mcf2l,Mcf2l,702.1902,-0.1586,0.182,-0.8715,0.3835,0.9995
Mcfd2,Mcfd2,4269.7873,0.0874,0.1525,0.5733,0.5665,0.9995
Mchr1,Mchr1,167.0247,-0.0278,0.3782,-0.0736,0.9414,0.9995
Mcidas,Mcidas,0.686,2.0955,2.2725,0.9221,0.3565,0.9995
Mcl1,Mcl1,8790.2115,-0.0306,0.0612,-0.5002,0.6169,0.9995
Mcm10,Mcm10,277.6548,-0.2472,0.4276,-0.5781,0.5632,0.9995
Mcm2,Mcm2,1799.8015,-0.0315,0.2069,-0.1522,0.8791,0.9995
Mcm3,Mcm3,1596.3684,-0.1456,0.2741,-0.5311,0.5954,0.9995
Mcm3ap,Mcm3ap,3040.4085,-0.0973,0.0614,-1.5854,0.1129,0.9995
Mcm4,Mcm4,1826.6841,-0.0991,0.2047,-0.4841,0.6283,0.9995
Mcm5,Mcm5,1054.7351,-0.155,0.5377,-0.2883,0.7731,0.9995
Mcm6,Mcm6,2639.3044,-0.0342,0.235,-0.1453,0.8845,0.9995
Mcm7,Mcm7,2363.412,-0.0307,0.1772,-0.1731,0.8625,0.9995
Mcm8,Mcm8,169.9748,-0.2591,0.2453,-1.0565,0.2908,0.9995
Mcm9,Mcm9,282.7378,-0.2403,0.1077,-2.2311,0.0257,0.9995
Mcmbp,Mcmbp,1921.9724,-0.0534,0.0631,-0.8466,0.3972,0.9995
Mcoln1,Mcoln1,2247.3817,-0.0629,0.1419,-0.4434,0.6575,0.9995
Mcoln2,Mcoln2,1.4779,0.9781,1.3121,0.7454,0.456,0.9995
Mcoln3,Mcoln3,3.4228,0.1146,1.0944,0.1047,0.9166,0.9995
Mcph1,Mcph1,852.179,-0.0994,0.0851,-1.1679,0.2428,0.9995
Mcpt1,Mcpt1,6.9789,0.0398,0.5611,0.0709,0.9434,0.9995
Mcpt2,Mcpt2,0.5726,-0.3679,1.8108,-0.2032,0.839,0.9995
Mcpt4,Mcpt4,0.9177,-1.362,1.4834,-0.9182,0.3585,0.9995
Mcpt8,Mcpt8,286.8377,-0.2535,0.2353,-1.0777,0.2812,0.9995
Mcrs1,Mcrs1,1996.2216,0.08,0.0755,1.0599,0.2892,0.9995
Mctp1,Mctp1,29.8836,-0.6183,0.5326,-1.1608,0.2457,0.9995
Mctp2,Mctp2,22.2587,0.3981,0.3609,1.1029,0.2701,0.9995
Mcts1,Mcts1,1441.253,0.0822,0.1037,0.7926,0.428,0.9995
Mcts2,Mcts2,252.5674,-0.0088,0.1046,-0.0842,0.9329,0.9995
Mcu,Mcu,2269.2177,0.0579,0.1207,0.4792,0.6318,0.9995
Mcur1,Mcur1,1094.9045,-0.1141,0.1407,-0.8106,0.4176,0.9995
Mdc1,Mdc1,1645.1031,-0.1639,0.1075,-1.5239,0.1275,0.9995
Mdfi,Mdfi,75.923,0.2626,0.3405,0.7713,0.4405,0.9995
Mdfic,Mdfic,3564.3449,-0.0155,0.1311,-0.1181,0.906,0.9995
Mdga1,Mdga1,92.766,0.1899,0.4251,0.4467,0.6551,0.9995
Mdh1,Mdh1,6948.5859,0.0333,0.1007,0.3308,0.7408,0.9995
Mdh1b,Mdh1b,2.8615,-0.9514,0.872,-1.0911,0.2752,0.9995
Mdh2,Mdh2,10597.8283,0.0791,0.0886,0.8925,0.3721,0.9995
Mdk,Mdk,5.4895,-0.882,0.7062,-1.2489,0.2117,0.9995
Mdm1,Mdm1,493.2021,-0.1835,0.1037,-1.7702,0.0767,0.9995
Mdm2,Mdm2,4517.4427,-0.0303,0.0882,-0.3435,0.7312,0.9995
Mdm4,Mdm4,3243.9813,0.0245,0.1815,0.135,0.8926,0.9995
Mdn1,Mdn1,1874.0638,-0.0441,0.1262,-0.3494,0.7268,0.9995
Mdp1,Mdp1,1604.9834,0.0961,0.0842,1.142,0.2535,0.9995
Me1,Me1,4841.343,-0.0141,0.0948,-0.1483,0.8821,0.9995
Me2,Me2,1703.9428,-0.0312,0.0703,-0.4444,0.6568,0.9995
Me3,Me3,112.9654,0.1783,0.2051,0.8692,0.3847,0.9995
Mea1,Mea1,1697.5507,0.1419,0.1227,1.1567,0.2474,0.9995
Meaf6,Meaf6,641.3016,-0.0241,0.1073,-0.2247,0.8222,0.9995
Mecom,Mecom,225.8499,-0.0843,0.2022,-0.417,0.6767,0.9995
Mecp2,Mecp2,3031.8751,-0.086,0.0888,-0.9685,0.3328,0.9995
Mecr,Mecr,694.0155,0.1409,0.0994,1.4174,0.1564,0.9995
Med1,Med1,2791.2123,-0.1022,0.1038,-0.9842,0.325,0.9995
Med10,Med10,1316.4629,0.0917,0.0769,1.1922,0.2332,0.9995
Med11,Med11,532.0902,0.0651,0.0973,0.669,0.5035,0.9995
Med12,Med12,2560.5549,-0.0837,0.0832,-1.0053,0.3147,0.9995
Med12l,Med12l,11.9818,-0.066,0.477,-0.1383,0.89,0.9995
Med13,Med13,1745.4551,-0.1104,0.1918,-0.5755,0.5649,0.9995
Med13l,Med13l,2177.8024,-0.2003,0.1302,-1.5383,0.124,0.9995
Med14,Med14,2085.8658,-0.0657,0.2101,-0.3128,0.7544,0.9995
Med15,Med15,3204.287,0.0063,0.0655,0.0964,0.9232,0.9995
Med16,Med16,1706.0243,-0.0003,0.0786,-0.0032,0.9974,0.9995
Med17,Med17,1748.8948,0.0265,0.0756,0.3513,0.7254,0.9995
Med18,Med18,227.1726,0.034,0.1118,0.3039,0.7612,0.9995
Med19,Med19,1106.6552,0.0594,0.0636,0.9333,0.3507,0.9995
Med20,Med20,1331.5978,0.0941,0.0914,1.0301,0.303,0.9995
Med21,Med21,1501.2595,-0.0073,0.0864,-0.0843,0.9328,0.9995
Med22,Med22,2460.198,0.0972,0.098,0.9918,0.3213,0.9995
Med23,Med23,2096.728,-0.0326,0.0808,-0.4031,0.6869,0.9995
Med24,Med24,2120.3756,0.0609,0.0924,0.6597,0.5094,0.9995
Med25,Med25,1679.0774,0.046,0.0779,0.5912,0.5544,0.9995
Med26,Med26,539.8428,-0.1176,0.1163,-1.0106,0.3122,0.9995
Med27,Med27,803.5244,0.1451,0.1063,1.3648,0.1723,0.9995
Med28,Med28,2103.1343,0.0532,0.0645,0.8248,0.4095,0.9995
Med29,Med29,472.3731,0.0191,0.1032,0.1853,0.853,0.9995
Med30,Med30,2052.4943,-0.0834,0.085,-0.9812,0.3265,0.9995
Med31,Med31,564.6014,0.0113,0.1156,0.0973,0.9225,0.9995
Med4,Med4,1102.4398,0.0866,0.0733,1.1811,0.2376,0.9995
Med6,Med6,901.5942,-0.0141,0.0792,-0.1784,0.8584,0.9995
Med7,Med7,1207.1912,0.0077,0.1642,0.0469,0.9626,0.9995
Med8,Med8,1250.4891,-0.004,0.0819,-0.0488,0.9611,0.9995
Med9,Med9,910.8338,0.0345,0.0705,0.4901,0.6241,0.9995
Med9os,Med9os,7.4167,0.0066,0.7278,0.0091,0.9927,0.9995
Medag,Medag,3117.8696,-0.1547,0.1058,-1.4618,0.1438,0.9995
Mef2a,Mef2a,6244.611,0.0946,0.3034,0.3119,0.7551,0.9995
Mef2b,Mef2b,0.458,1.4163,2.4881,0.5692,0.5692,0.9995
Mef2c,Mef2c,1663.6178,0.4625,0.7589,0.6094,0.5423,0.9995
Mef2d,Mef2d,3500.3487,-0.0111,0.0626,-0.1773,0.8593,0.9995
Mefv,Mefv,1.1445,-1.777,1.6414,-1.0826,0.279,0.9995
Megf10,Megf10,5015.8364,-0.1038,0.2759,-0.3761,0.7068,0.9995
Megf11,Megf11,10.3837,0.7596,0.502,1.513,0.1303,0.9995
Megf6,Megf6,297.2034,0.011,0.3862,0.0284,0.9774,0.9995
Megf8,Megf8,5973.6099,-0.1841,0.103,-1.787,0.0739,0.9995
Megf9,Megf9,152.2398,-0.0617,0.2112,-0.292,0.7703,0.9995
Mei1,Mei1,0.3421,0.9335,2.6545,0.3517,0.7251,0.9995
Mei4,Mei4,0.5723,1.8092,1.9545,0.9256,0.3546,0.9995
Meig1,Meig1,2.7348,0.6598,0.8808,0.7491,0.4538,0.9995
Meis1,Meis1,617.6317,0.0328,0.1219,0.2688,0.7881,0.9995
Meis2,Meis2,1561.6546,-0.0861,0.1646,-0.5231,0.6009,0.9995
Meis3,Meis3,433.4515,-0.1083,0.0988,-1.0954,0.2733,0.9995
Melk,Melk,619.4578,-0.1957,0.569,-0.3439,0.7309,0.9995
Memo1,Memo1,3322.7373,-0.023,0.1408,-0.1635,0.8701,0.9995
Men1,Men1,2457.0318,0.0189,0.0728,0.2597,0.7951,0.9995
Meox1,Meox1,12.2296,-0.0744,0.4797,-0.155,0.8768,0.9995
Mep1a,Mep1a,3.316,0.0887,0.78,0.1138,0.9094,0.9995
Mepce,Mepce,1806.2843,-0.0006,0.0695,-0.0087,0.993,0.9995
Mertk,Mertk,215.5245,-0.1681,0.1478,-1.1368,0.2556,0.9995
Mesdc1,Mesdc1,1654.4735,-0.1372,0.1093,-1.2553,0.2094,0.9995
Mesdc2,Mesdc2,5122.0745,0.0827,0.1316,0.6284,0.5297,0.9995
Mesp2,Mesp2,1.1401,-1.7735,1.8914,-0.9377,0.3484,0.9995
Mest,Mest,1300.9296,0.2075,0.5521,0.3757,0.7071,0.9995
Met,Met,1940.1132,-0.0862,0.1886,-0.457,0.6476,0.9995
Metap1,Metap1,2568.5163,0.0119,0.0597,0.1991,0.8422,0.9995
Metap1d,Metap1d,331.0319,0.0144,0.1334,0.1077,0.9143,0.9995
Metap2,Metap2,8448.0102,-0.008,0.1283,-0.0626,0.95,0.9995
Methig1,Methig1,0.6851,0.8867,2.0446,0.4337,0.6645,0.9995
Metrn,Metrn,471.6347,0.0801,0.105,0.7628,0.4456,0.9995
Metrnl,Metrnl,1559.4741,0.073,0.1154,0.6328,0.5268,0.9995
Mettl1,Mettl1,413.5317,0.1149,0.1154,0.9953,0.3196,0.9995
Mettl10,Mettl10,553.8016,-0.0201,0.1006,-0.1996,0.8418,0.9995
Mettl13,Mettl13,833.1497,0.1069,0.1093,0.9778,0.3282,0.9995
Mettl14,Mettl14,887.5045,-0.0844,0.1248,-0.6761,0.499,0.9995
Mettl15,Mettl15,333.4088,-0.1641,0.1698,-0.966,0.334,0.9995
Mettl16,Mettl16,1165.6964,0.0007,0.073,0.01,0.992,0.9995
Mettl17,Mettl17,584.1436,0.0125,0.0788,0.1587,0.8739,0.9995
Mettl18,Mettl18,205.0147,-0.0203,0.1198,-0.1691,0.8657,0.9995
Mettl2,Mettl2,940.2934,0.0576,0.1038,0.555,0.5789,0.9995
Mettl20,Mettl20,315.0847,0.1561,0.1234,1.2652,0.2058,0.9995
Mettl21a,Mettl21a,2038.3181,-0.0063,0.0997,-0.0628,0.9499,0.9995
Mettl21b,Mettl21b,15.4429,0.125,0.373,0.3351,0.7375,0.9995
Mettl21c,Mettl21c,1.2585,-0.6653,1.2083,-0.5506,0.5819,0.9995
Mettl22,Mettl22,377.909,0.0733,0.0948,0.7731,0.4394,0.9995
Mettl23,Mettl23,567.0053,-0.0042,0.0883,-0.0471,0.9624,0.9995
Mettl24,Mettl24,55.6809,0.0686,0.3131,0.2192,0.8265,0.9995
Mettl25,Mettl25,372.868,0.0241,0.1156,0.2084,0.8349,0.9995
Mettl3,Mettl3,861.694,0.0852,0.1007,0.8464,0.3974,0.9995
Mettl4,Mettl4,365.62,-0.0389,0.1011,-0.3848,0.7004,0.9995
Mettl5,Mettl5,313.5894,0.0091,0.0941,0.0971,0.9227,0.9995
Mettl6,Mettl6,1152.3437,0.1545,0.1442,1.0711,0.2841,0.9995
Mettl7a1,Mettl7a1,1594.7585,0.013,0.1273,0.1018,0.9189,0.9995
Mettl7a3,Mettl7a3,0.687,-0.7797,1.737,-0.4489,0.6535,0.9995
Mettl7b,Mettl7b,3.5357,-0.6358,0.9762,-0.6513,0.5148,0.9995
Mettl8,Mettl8,753.7509,0.1443,0.0894,1.6146,0.1064,0.9995
Mettl9,Mettl9,3581.1107,-0.0709,0.0639,-1.1108,0.2666,0.9995
Mex3a,Mex3a,1241.0701,0.0635,0.0964,0.6587,0.5101,0.9995
Mex3b,Mex3b,980.7502,-0.1164,0.1049,-1.11,0.267,0.9995
Mex3c,Mex3c,2027.1405,-0.0157,0.1264,-0.1244,0.901,0.9995
Mex3d,Mex3d,2096.8385,0.013,0.0718,0.1814,0.856,0.9995
Mfap1a,Mfap1a,1099.1853,0.0482,0.1126,0.4283,0.6684,0.9995
Mfap1b,Mfap1b,296.7584,0.0413,0.1086,0.3806,0.7035,0.9995
Mfap2,Mfap2,348.0152,0.0249,0.148,0.1682,0.8665,0.9995
Mfap3,Mfap3,1638.6259,-0.0774,0.0892,-0.867,0.386,0.9995
Mfap3l,Mfap3l,2548.0604,-0.083,0.2437,-0.3408,0.7333,0.9995
Mfap4,Mfap4,38.0817,0.3391,0.8641,0.3925,0.6947,0.9995
Mfap5,Mfap5,2705.9165,-0.0634,0.263,-0.2409,0.8096,0.9995
Mff,Mff,4242.9871,0.0523,0.0691,0.756,0.4496,0.9995
Mfge8,Mfge8,9502.3361,0.0249,0.0762,0.3272,0.7435,0.9995
Mfhas1,Mfhas1,850.4231,-0.1865,0.0736,-2.5339,0.0113,0.9995
Mfn1,Mfn1,2248.9196,-0.0368,0.0993,-0.3709,0.7107,0.9995
Mfn2,Mfn2,4355.9202,0.0367,0.0552,0.6648,0.5062,0.9995
Mfng,Mfng,1.6055,0.1022,1.2191,0.0838,0.9332,0.9995
Mfsd1,Mfsd1,7193.0203,-0.0383,0.1595,-0.2399,0.8104,0.9995
Mfsd10,Mfsd10,694.8447,0.0663,0.1209,0.5483,0.5835,0.9995
Mfsd11,Mfsd11,2724.907,-0.0164,0.1143,-0.1433,0.8861,0.9995
Mfsd12,Mfsd12,432.1964,0.0014,0.0904,0.0158,0.9874,0.9995
Mfsd2a,Mfsd2a,285.0104,-0.2051,0.3679,-0.5575,0.5772,0.9995
Mfsd2b,Mfsd2b,9.481,0.2591,0.4576,0.5663,0.5712,0.9995
Mfsd3,Mfsd3,346.9665,0.0811,0.1444,0.562,0.5741,0.9995
Mfsd4,Mfsd4,296.5315,0.0543,0.151,0.3597,0.7191,0.9995
Mfsd5,Mfsd5,3150.5655,0.0665,0.1693,0.393,0.6943,0.9995
Mfsd6,Mfsd6,300.7193,-0.3157,0.1848,-1.7086,0.0875,0.9995
Mfsd7a,Mfsd7a,773.0364,0.153,0.1266,1.209,0.2267,0.9995
Mfsd7b,Mfsd7b,532.3885,0.1034,0.2214,0.4669,0.6406,0.9995
Mfsd7c,Mfsd7c,22.8673,0.5591,0.3069,1.8218,0.0685,0.9995
Mfsd8,Mfsd8,530.2392,0.0618,0.0878,0.7041,0.4813,0.9995
Mfsd9,Mfsd9,304.1388,0.0072,0.1455,0.0495,0.9606,0.9995
Mga,Mga,1533.613,-0.0124,0.1369,-0.0905,0.9279,0.9995
Mgam,Mgam,1326.0237,-0.3315,0.1795,-1.8468,0.0648,0.9995
Mgarp,Mgarp,1210.6786,0.0564,0.1823,0.3093,0.7571,0.9995
Mgat1,Mgat1,3759.1987,0.0198,0.086,0.2307,0.8176,0.9995
Mgat2,Mgat2,4735.5074,-0.0221,0.0644,-0.3433,0.7314,0.9995
Mgat3,Mgat3,2686.3277,-0.0499,0.1556,-0.3211,0.7482,0.9995
Mgat4a,Mgat4a,33.9779,-0.493,0.4258,-1.1578,0.2469,0.9995
Mgat4b,Mgat4b,4774.7598,0.0648,0.0898,0.721,0.4709,0.9995
Mgat4e,Mgat4e,0.6906,0.11,2.4212,0.0454,0.9638,0.9995
Mgat5,Mgat5,336.4336,-0.1099,0.2694,-0.4081,0.6832,0.9995
Mgat5b,Mgat5b,0.6894,-0.7815,1.9693,-0.3968,0.6915,0.9995
Mgea5,Mgea5,4355.4236,-0.1297,0.1027,-1.2623,0.2068,0.9995
Mgl2,Mgl2,543.1392,0.095,0.1543,0.6156,0.5382,0.9995
Mgll,Mgll,433.3913,0.0459,0.4571,0.1004,0.92,0.9995
Mgme1,Mgme1,508.0226,-0.1429,0.107,-1.3348,0.1819,0.9995
Mgmt,Mgmt,6.646,-0.5319,0.6062,-0.8775,0.3802,0.9995
Mgp,Mgp,12730.3895,-0.1036,0.1896,-0.5463,0.5849,0.9995
Mgrn1,Mgrn1,4224.9721,0.0167,0.0628,0.2663,0.79,0.9995
Mgst1,Mgst1,3422.4898,0.0821,0.3472,0.2365,0.8131,0.9995
Mgst2,Mgst2,458.4366,0.099,0.3041,0.3256,0.7448,0.9995
Mgst3,Mgst3,863.7813,-0.0238,0.1124,-0.2116,0.8324,0.9995
Mia,Mia,0.9184,0.8322,1.6267,0.5116,0.6089,0.9995
Mia3,Mia3,4654.3416,-0.0649,0.1341,-0.4841,0.6283,0.9995
Miat,Miat,44.3275,0.8537,0.5013,1.703,0.0886,0.9995
Mib1,Mib1,787.2831,-0.097,0.1764,-0.5502,0.5822,0.9995
Mib2,Mib2,1914.3911,-0.0852,0.0867,-0.9827,0.3257,0.9995
Mical1,Mical1,3224.3574,0.0931,0.0775,1.2025,0.2292,0.9995
Mical2,Mical2,7361.1861,-0.127,0.0938,-1.3534,0.1759,0.9995
Mical3,Mical3,1724.8908,-0.0992,0.1023,-0.9702,0.3319,0.9995
Micalcl,Micalcl,25.4987,-0.3348,0.2821,-1.1868,0.2353,0.9995
Micall1,Micall1,1658.9478,-0.2119,0.1103,-1.9206,0.0548,0.9995
Micall2,Micall2,1322.9958,-0.0178,0.0883,-0.2011,0.8406,0.9995
Micu1,Micu1,6501.9549,0.0147,0.0738,0.1996,0.8418,0.9995
Micu2,Micu2,4146.032,-0.0739,0.1058,-0.6979,0.4853,0.9995
Micu3,Micu3,228.5303,0.0235,0.1662,0.1413,0.8877,0.9995
Mid1,Mid1,1494.6573,-0.0102,0.0865,-0.1183,0.9059,0.9995
Mid1ip1,Mid1ip1,2705.7065,0.0806,0.1362,0.592,0.5538,0.9995
Mid2,Mid2,666.2228,-0.0404,0.2606,-0.155,0.8769,0.9995
Midn,Midn,6873.1028,-0.0283,0.1462,-0.1937,0.8464,0.9995
Mief1,Mief1,2450.349,0.0555,0.0478,1.1614,0.2455,0.9995
Mief2,Mief2,878.4435,0.0975,0.0888,1.0981,0.2722,0.9995
Mien1,Mien1,1176.3589,0.0762,0.1225,0.6221,0.5339,0.9995
Mier1,Mier1,1783.6568,-0.0014,0.1331,-0.0108,0.9914,0.9995
Mier2,Mier2,1417.2277,-0.0044,0.0653,-0.0675,0.9462,0.9995
Mier3,Mier3,854.466,0.091,0.15,0.6068,0.544,0.9995
Mif,Mif,17078.4006,0.0673,0.1426,0.4723,0.6367,0.9995
Mif4gd,Mif4gd,460.0191,-0.0846,0.0931,-0.9091,0.3633,0.9995
Miip,Miip,358.6133,0.1602,0.137,1.1693,0.2423,0.9995
Mill2,Mill2,55.7607,-0.146,0.2374,-0.6149,0.5386,0.9995
Milr1,Milr1,356.0383,-0.1277,0.1742,-0.7327,0.4638,0.9995
Mina,Mina,659.4927,0.0741,0.0843,0.8789,0.3795,0.9995
Mink1,Mink1,3891.0182,0.0141,0.0918,0.154,0.8776,0.9995
Minos1,Minos1,3402.6031,0.1166,0.0742,1.5718,0.116,0.9995
Minpp1,Minpp1,2706.652,0.0203,0.0478,0.4249,0.6709,0.9995
Mios,Mios,889.6802,-0.0633,0.1114,-0.5684,0.5697,0.9995
Mip,Mip,2.0521,1.2838,1.1131,1.1534,0.2488,0.9995
Mipep,Mipep,908.7454,-0.0299,0.0977,-0.3062,0.7594,0.9995
Mipol1,Mipol1,80.5187,-0.1731,0.2406,-0.7192,0.472,0.9995
Mir103-2,Mir103-2,1.1433,1.9979,1.6408,1.2176,0.2234,0.9995
Mir106b,Mir106b,0.9124,0.1062,1.6355,0.065,0.9482,0.9995
Mir1191,Mir1191,20.0683,0.8905,0.5203,1.7114,0.087,0.9995
Mir1191b,Mir1191b,0.6801,1.9027,2.4242,0.7849,0.4325,0.9995
Mir1249,Mir1249,11.9762,0.3931,0.5232,0.7514,0.4524,0.9995
Mir1258,Mir1258,2.0557,-1.9953,1.1234,-1.7761,0.0757,0.9995
Mir125a,Mir125a,0.6869,-0.7775,1.5987,-0.4863,0.6268,0.9995
Mir1291,Mir1291,19.7407,0.4101,0.4715,0.8696,0.3845,0.9995
Mir133a-1,Mir133a-1,0.4574,1.4317,2.0658,0.693,0.4883,0.9995
Mir133a-2,Mir133a-2,4.0075,1.5906,0.8226,1.9336,0.0532,0.9995
Mir140,Mir140,2.1699,0.1747,1.0252,0.1704,0.8647,0.9995
Mir143,Mir143,5.2669,-0.9096,0.671,-1.3555,0.1753,0.9995
Mir143hg,Mir143hg,91.3204,0.2451,0.2359,1.0387,0.299,0.9995
Mir145a,Mir145a,8.3414,-0.2245,0.4933,-0.4552,0.6489,0.9995
Mir155hg,Mir155hg,35.8177,0.2971,0.6064,0.4899,0.6242,0.9995
Mir16-1,Mir16-1,1.6012,0.4158,1.3608,0.3055,0.76,0.9995
Mir17hg,Mir17hg,70.315,0.4011,0.2714,1.478,0.1394,0.9995
Mir181b-1,Mir181b-1,0.4535,-0.4733,2.5097,-0.1886,0.8504,0.9995
Mir181d,Mir181d,1.023,1.6777,1.694,0.9904,0.322,0.9995
Mir1839,Mir1839,3.6512,0.7216,1.0213,0.7066,0.4798,0.9995
Mir186,Mir186,10.1691,0.2335,0.4752,0.4914,0.6232,0.9995
Mir1894,Mir1894,5.0264,0.4999,0.6661,0.7505,0.453,0.9995
Mir1898,Mir1898,9.8188,0.2519,0.4791,0.5258,0.599,0.9995
Mir1907,Mir1907,0.4576,0.2154,2.1469,0.1004,0.9201,0.9995
Mir191,Mir191,1.1402,1.0727,1.4739,0.7278,0.4667,0.9995
Mir1929,Mir1929,1.0269,0.9621,1.6377,0.5875,0.5569,0.9995
Mir1930,Mir1930,2.3885,1.1984,1.2848,0.9327,0.351,0.9995
Mir1932,Mir1932,1.2601,-0.3431,1.4393,-0.2384,0.8116,0.9995
Mir1938,Mir1938,0.3435,0.9335,2.652,0.352,0.7248,0.9995
Mir194-1,Mir194-1,2.0512,1.3201,1.3905,0.9493,0.3425,0.9995
Mir1943,Mir1943,3.3121,0.6756,0.9202,0.7342,0.4628,0.9995
Mir1945,Mir1945,0.9129,0.6611,1.5205,0.4348,0.6637,0.9995
Mir1949,Mir1949,10.1546,0.4364,0.5312,0.8215,0.4114,0.9995
Mir1956,Mir1956,2.5145,-0.0659,0.9005,-0.0731,0.9417,0.9995
Mir1964,Mir1964,0.3442,-0.4801,2.6724,-0.1797,0.8574,0.9995
Mir1968,Mir1968,6.4067,0.1756,0.6281,0.2796,0.7798,0.9995
Mir196b,Mir196b,8.5644,0.453,0.551,0.8222,0.411,0.9995
Mir199a-1,Mir199a-1,6.6045,0.6204,0.7954,0.78,0.4354,0.9995
Mir206,Mir206,4.4589,0.3916,0.9213,0.425,0.6708,0.9995
Mir210,Mir210,3.4275,-0.2903,1.2163,-0.2387,0.8113,0.9995
Mir215,Mir215,2.7422,-0.4592,0.8287,-0.5542,0.5794,0.9995
Mir221,Mir221,4.2121,0.7765,0.7874,0.9862,0.324,0.9995
Mir22hg,Mir22hg,2714.7558,-0.0625,0.1131,-0.553,0.5802,0.9995
Mir23a,Mir23a,8.4615,-0.7866,0.502,-1.567,0.1171,0.9995
Mir24-2,Mir24-2,40.7977,0.6052,0.5611,1.0787,0.2807,0.9995
Mir25,Mir25,7.4218,-0.1321,0.6039,-0.2188,0.8268,0.9995
Mir26b,Mir26b,1.2588,-0.6822,1.3156,-0.5185,0.6041,0.9995
Mir27a,Mir27a,6.7285,-0.2045,0.6977,-0.2931,0.7695,0.9995
Mir296,Mir296,0.6857,-1.7939,2.4072,-0.7452,0.4561,0.9995
Mir29a,Mir29a,0.4577,-2.1964,2.4291,-0.9042,0.3659,0.9995
Mir301,Mir301,0.801,-0.2779,1.6649,-0.1669,0.8674,0.9995
Mir3058,Mir3058,1.1461,-0.4489,1.2571,-0.3571,0.721,0.9995
Mir3060,Mir3060,7.6347,0.232,0.6469,0.3586,0.7199,0.9995
Mir3061,Mir3061,29.8179,0.2572,0.3847,0.6686,0.5037,0.9995
Mir3064,Mir3064,222.0358,0.6038,0.3548,1.7018,0.0888,0.9995
Mir3068,Mir3068,3.0804,0.009,0.8309,0.0109,0.9913,0.9995
Mir3091,Mir3091,2.9762,0.7252,0.9116,0.7956,0.4263,0.9995
Mir30c-1,Mir30c-1,0.3432,-0.475,2.6723,-0.1777,0.8589,0.9995
Mir30d,Mir30d,0.4535,-0.4733,2.5097,-0.1886,0.8504,0.9995
Mir31,Mir31,34.9228,0.2921,0.3979,0.7341,0.4629,0.9995
Mir3100,Mir3100,2.1718,0.1762,0.9285,0.1897,0.8495,0.9995
Mir3101,Mir3101,8.1137,-0.116,0.5272,-0.2201,0.8258,0.9995
Mir3113,Mir3113,9.3762,-0.1679,0.477,-0.352,0.7249,0.9995
Mir324,Mir324,2.3879,2.479,1.2427,1.9949,0.0461,0.9995
Mir335,Mir335,0.3453,-0.4801,2.6703,-0.1798,0.8573,0.9995
Mir339,Mir339,1.5928,1.1882,1.3841,0.8584,0.3907,0.9995
Mir343,Mir343,2.4006,1.0469,0.9154,1.1436,0.2528,0.9995
Mir345,Mir345,5.8234,0.3473,0.6079,0.5713,0.5678,0.9995
Mir3470a,Mir3470a,2.5178,0.2306,1.0959,0.2104,0.8333,0.9995
Mir3470b,Mir3470b,1.8235,0.9841,1.0984,0.8959,0.3703,0.9995
Mir3471-1,Mir3471-1,1.1453,0.5406,1.4317,0.3776,0.7057,0.9995
Mir3473c,Mir3473c,1.7091,0.4829,1.1092,0.4354,0.6633,0.9995
Mir3473g,Mir3473g,0.3448,-0.4801,2.6714,-0.1797,0.8574,0.9995
Mir365-2,Mir365-2,4.7908,-0.3729,0.6702,-0.5565,0.5779,0.9995
Mir374b,Mir374b,0.3415,-0.4733,2.6754,-0.1769,0.8596,0.9995
Mir378b,Mir378b,1.72,-0.6181,1.608,-0.3844,0.7007,0.9995
Mir3960,Mir3960,18.721,-0.3022,0.3949,-0.7653,0.4441,0.9995
Mir421,Mir421,2.4011,0.4564,0.8772,0.5203,0.6029,0.9995
Mir423,Mir423,0.5699,0.2901,2.1111,0.1374,0.8907,0.9995
Mir425,Mir425,5.4862,0.5927,0.5933,0.9991,0.3178,0.9995
Mir450b,Mir450b,0.3442,0.9357,2.6503,0.353,0.7241,0.9995
Mir466i,Mir466i,0.9093,1.4088,1.7607,0.8001,0.4236,0.9995
Mir467c,Mir467c,6.6305,1.0921,0.6016,1.8153,0.0695,0.9995
Mir491,Mir491,0.4589,0.2194,2.57,0.0854,0.932,0.9995
Mir5098,Mir5098,1.8265,-0.144,1.0803,-0.1333,0.8939,0.9995
Mir5100,Mir5100,0.686,-0.7804,1.7375,-0.4492,0.6533,0.9995
Mir5119,Mir5119,1.491,-1.0527,1.3858,-0.7596,0.4475,0.9995
Mir5133,Mir5133,23.7729,-0.8875,0.3132,-2.8336,0.0046,0.9995
Mir5619,Mir5619,0.4547,-0.475,2.5082,-0.1894,0.8498,0.9995
Mir568,Mir568,30.6578,-0.1045,0.2914,-0.3587,0.7198,0.9995
Mir574,Mir574,0.3437,0.9335,2.6517,0.352,0.7248,0.9995
Mir615,Mir615,0.6882,0.1252,1.9715,0.0635,0.9494,0.9995
Mir6358,Mir6358,1.377,0.1055,1.2826,0.0822,0.9345,0.9995
Mir6362,Mir6362,0.9123,-2.278,1.8282,-1.246,0.2127,0.9995
Mir6385,Mir6385,5.2517,0.8691,0.9223,0.9423,0.3461,0.9995
Mir6386,Mir6386,6.5035,0.4876,0.6163,0.7911,0.4289,0.9995
Mir6395,Mir6395,0.6833,0.1129,2.4212,0.0466,0.9628,0.9995
Mir6403,Mir6403,2.8673,-0.005,0.8805,-0.0057,0.9955,0.9995
Mir6516,Mir6516,14.2641,0.3586,0.5388,0.6655,0.5057,0.9995
Mir669n,Mir669n,0.7979,2.2853,2.3399,0.9767,0.3287,0.9995
Mir674,Mir674,0.5715,0.7018,2.4538,0.286,0.7749,0.9995
Mir677,Mir677,1.834,0.465,1.1013,0.4223,0.6728,0.9995
Mir680-2,Mir680-2,0.801,-0.7198,1.9586,-0.3675,0.7132,0.9995
Mir682,Mir682,71.5404,0.459,0.3028,1.516,0.1295,0.9995
Mir684-1,Mir684-1,10.2682,-0.0545,0.5915,-0.0921,0.9266,0.9995
Mir687,Mir687,0.4579,-1.0624,2.5218,-0.4213,0.6735,0.9995
Mir688,Mir688,0.6847,0.1153,2.4211,0.0476,0.962,0.9995
Mir6907,Mir6907,0.5724,0.7232,1.8253,0.3962,0.6919,0.9995
Mir6909,Mir6909,0.4584,-1.062,2.0894,-0.5083,0.6113,0.9995
Mir6911,Mir6911,0.4544,2.361,2.476,0.9536,0.3403,0.9995
Mir6912,Mir6912,0.795,1.1217,2.0549,0.5459,0.5852,0.9995
Mir6913,Mir6913,0.7946,2.1671,1.9574,1.1072,0.2682,0.9995
Mir6929,Mir6929,1.4827,1.1015,1.5016,0.7335,0.4633,0.9995
Mir6931,Mir6931,8.5774,1.1819,0.5678,2.0816,0.0374,0.9995
Mir6935,Mir6935,27.5958,0.0261,0.4578,0.0569,0.9546,0.9995
Mir6939,Mir6939,1.3717,-0.0525,1.169,-0.0449,0.9642,0.9995
Mir6941,Mir6941,0.5703,-0.3633,2.462,-0.1476,0.8827,0.9995
Mir6942,Mir6942,0.9138,-1.3632,1.6455,-0.8285,0.4074,0.9995
Mir6945,Mir6945,1.2502,-1.7094,1.8872,-0.9058,0.3651,0.9995
Mir6948,Mir6948,2.1667,-0.6126,0.9915,-0.6178,0.5367,0.9995
Mir6954,Mir6954,1.3683,0.3351,1.3576,0.2468,0.8051,0.9995
Mir6955,Mir6955,2.4014,-0.1134,0.8974,-0.1264,0.8994,0.9995
Mir6960,Mir6960,0.3434,-0.475,2.672,-0.1778,0.8589,0.9995
Mir6966,Mir6966,1.1386,0.3785,1.4721,0.2571,0.7971,0.9995
Mir697,Mir697,3.8797,-0.2353,0.7803,-0.3015,0.763,0.9995
Mir6976,Mir6976,0.5715,0.7017,2.4538,0.286,0.7749,0.9995
Mir6990,Mir6990,3.9969,-0.0311,0.7073,-0.0439,0.965,0.9995
Mir6991,Mir6991,0.9141,1.5458,1.6783,0.921,0.357,0.9995
Mir6993,Mir6993,0.4578,0.218,2.1462,0.1016,0.9191,0.9995
Mir6998,Mir6998,0.8022,0.5337,1.5183,0.3515,0.7252,0.9995
Mir6999,Mir6999,2.059,0.0135,1.1606,0.0117,0.9907,0.9995
Mir7-1,Mir7-1,36.5605,-0.3756,0.3487,-1.0772,0.2814,0.9995
Mir7001,Mir7001,9.484,0.8281,0.4705,1.7601,0.0784,0.9995
Mir7013,Mir7013,2.509,0.1256,0.9166,0.137,0.891,0.9995
Mir7014,Mir7014,1.8273,-0.3814,1.1776,-0.3239,0.746,0.9995
Mir7022,Mir7022,0.4541,1.0267,2.5454,0.4034,0.6867,0.9995
Mir7025,Mir7025,0.8028,-1.1007,1.8881,-0.5829,0.5599,0.9995
Mir7026,Mir7026,1.8244,1.0058,1.1818,0.851,0.3948,0.9995
Mir7027,Mir7027,1.9354,0.3594,1.1874,0.3027,0.7621,0.9995
Mir7028,Mir7028,2.1703,0.1715,1.009,0.17,0.865,0.9995
Mir703,Mir703,140.9785,-0.3389,0.4613,-0.7347,0.4625,0.9995
Mir7030,Mir7030,1.1398,-0.089,1.3087,-0.068,0.9458,0.9995
Mir7031,Mir7031,0.6872,1.1058,1.7453,0.6336,0.5264,0.9995
Mir7035,Mir7035,0.455,1.0297,2.5451,0.4046,0.6858,0.9995
Mir7036b,Mir7036b,0.8045,0.4936,1.9371,0.2548,0.7989,0.9995
Mir7051,Mir7051,0.4592,1.4194,2.4875,0.5706,0.5683,0.9995
Mir7052,Mir7052,6.6292,-0.2289,0.5315,-0.4306,0.6668,0.9995
Mir7061,Mir7061,0.9153,0.1159,1.4881,0.0779,0.9379,0.9995
Mir7063,Mir7063,0.8026,0.4959,1.9367,0.256,0.7979,0.9995
Mir7079,Mir7079,6.0425,1.3165,0.6944,1.8959,0.058,0.9995
Mir7115,Mir7115,2.9692,0.6759,0.8275,0.8168,0.414,0.9995
Mir7211,Mir7211,0.4578,-2.1968,2.0028,-1.0969,0.2727,0.9995
Mir7237,Mir7237,1.3634,-0.1227,1.8448,-0.0665,0.947,0.9995
Mir744,Mir744,1.0265,2.7161,1.6194,1.6772,0.0935,0.9995
Mir761,Mir761,4.6938,-0.8911,0.6934,-1.2852,0.1987,0.9995
Mir7649,Mir7649,0.9069,3.3417,2.2421,1.4905,0.1361,0.9995
Mir7656,Mir7656,0.3435,2.1373,2.5691,0.8319,0.4054,0.9995
Mir7660,Mir7660,0.6876,-0.7784,1.7371,-0.4481,0.6541,0.9995
Mir7662,Mir7662,8.2317,-0.4982,0.4981,-1.0003,0.3172,0.9995
Mir7664,Mir7664,1.9454,-0.2959,1.1772,-0.2513,0.8015,0.9995
Mir7666,Mir7666,1.9435,-1.3649,1.0689,-1.2769,0.2016,0.9995
Mir7667,Mir7667,3.4221,-0.417,0.9032,-0.4617,0.6443,0.9995
Mir7669,Mir7669,0.9146,0.1232,1.4508,0.0849,0.9323,0.9995
Mir7673,Mir7673,3.3062,0.6172,0.836,0.7383,0.4603,0.9995
Mir7674,Mir7674,3.8864,0.1831,0.734,0.2495,0.803,0.9995
Mir8091,Mir8091,4.576,-1.176,0.7161,-1.6422,0.1006,0.9995
Mir8094,Mir8094,6.8514,-0.4619,0.5858,-0.7884,0.4304,0.9995
Mir8102,Mir8102,0.6853,-1.4787,1.9313,-0.7657,0.4439,0.9995
Mir8103,Mir8103,1.0233,0.1233,1.9268,0.064,0.949,0.9995
Mir8105,Mir8105,0.5742,-2.5227,2.2815,-1.1057,0.2688,0.9995
Mir8112,Mir8112,0.802,-0.2659,1.5221,-0.1747,0.8613,0.9995
Mir8116,Mir8116,0.5733,-0.3809,2.4628,-0.1547,0.8771,0.9995
Mir9-2,Mir9-2,0.5726,2.8231,2.2147,1.2747,0.2024,0.9995
Mir93,Mir93,1.0296,0.4144,1.6296,0.2543,0.7993,0.9995
Mir99ahg,Mir99ahg,23.5367,0.0738,0.3106,0.2375,0.8123,0.9995
Mira,Mira,331.7911,0.1506,0.1133,1.3288,0.1839,0.9995
Mirc35hg,Mirc35hg,1.3743,-0.352,1.1736,-0.3,0.7642,0.9995
Mirlet7a-1,Mirlet7a-1,0.4549,-0.4759,2.5082,-0.1898,0.8495,0.9995
Mirlet7d,Mirlet7d,16.9967,0.3657,0.4512,0.8106,0.4176,0.9995
Mirlet7e,Mirlet7e,0.5714,-1.067,2.401,-0.4444,0.6568,0.9995
Mirlet7f-1,Mirlet7f-1,3.9928,0.3892,0.728,0.5347,0.5929,0.9995
Mirlet7i,Mirlet7i,2.5206,0.0289,0.9236,0.0313,0.9751,0.9995
Mis12,Mis12,1660.1177,0.0215,0.09,0.2389,0.8112,0.9995
Mis18a,Mis18a,323.3421,-0.0809,0.1984,-0.4076,0.6836,0.9995
Mis18bp1,Mis18bp1,138.1656,-0.0988,0.3924,-0.2517,0.8013,0.9995
Misp,Misp,6.6334,0.0552,0.5507,0.1002,0.9202,0.9995
Mitd1,Mitd1,445.9169,0.0854,0.1455,0.5866,0.5575,0.9995
Mitf,Mitf,567.1074,-0.1054,0.1824,-0.5777,0.5634,0.9995
Mki67,Mki67,1068.8174,-0.428,0.5916,-0.7234,0.4694,0.9995
Mkks,Mkks,1411.4722,0.0221,0.0825,0.2684,0.7884,0.9995
Mkl1,Mkl1,3000.4085,-0.0105,0.0789,-0.1336,0.8937,0.9995
Mkl2,Mkl2,1556.9771,-0.0991,0.0855,-1.1598,0.2461,0.9995
Mkln1,Mkln1,2510.2043,0.0251,0.1395,0.1803,0.857,0.9995
Mkln1os,Mkln1os,11.4367,-0.3992,0.4143,-0.9635,0.3353,0.9995
Mknk1,Mknk1,1425.8906,-0.0011,0.115,-0.0095,0.9924,0.9995
Mknk2,Mknk2,5521.6508,-0.0823,0.1116,-0.7379,0.4606,0.9995
Mkrn1,Mkrn1,2032.7635,0.0259,0.1553,0.1665,0.8678,0.9995
Mkrn2,Mkrn2,1185.2844,0.0202,0.1014,0.199,0.8423,0.9995
Mkrn2os,Mkrn2os,16.9983,0.3549,0.4463,0.7952,0.4265,0.9995
Mkrn3,Mkrn3,24.217,0.0468,0.2934,0.1594,0.8734,0.9995
Mks1,Mks1,353.5671,0.0293,0.1004,0.2918,0.7704,0.9995
Mkx,Mkx,42.7277,-0.1944,0.2293,-0.8481,0.3964,0.9995
Mlana,Mlana,3.2059,-1.604,1.1744,-1.3658,0.172,0.9995
Mlc1,Mlc1,2.0608,0.341,1.0735,0.3176,0.7508,0.9995
Mlec,Mlec,16988.3049,-0.1261,0.0924,-1.365,0.1722,0.9995
Mlf1,Mlf1,19.3358,0.0005,0.4474,0.0012,0.999,1
Mlf2,Mlf2,8020.2861,0.0805,0.057,1.4117,0.158,0.9995
Mlh1,Mlh1,513.4304,0.11,0.0999,1.1014,0.2707,0.9995
Mlh3,Mlh3,307.3818,-0.0101,0.1752,-0.0579,0.9539,0.9995
Mlip,Mlip,8.8111,-0.0483,0.5126,-0.0943,0.9249,0.9995
Mlkl,Mlkl,973.6195,-0.1702,0.0773,-2.2023,0.0276,0.9995
Mllt1,Mllt1,2362.2208,0.0079,0.0761,0.1034,0.9176,0.9995
Mllt10,Mllt10,999.0625,-0.0639,0.1095,-0.5837,0.5594,0.9995
Mllt11,Mllt11,1427.2999,0.1945,0.0848,2.2929,0.0219,0.9995
Mllt3,Mllt3,611.6629,0.0347,0.1578,0.2198,0.8261,0.9995
Mllt4,Mllt4,2712.3748,-0.1836,0.083,-2.2106,0.0271,0.9995
Mllt6,Mllt6,2589.771,0.0022,0.0725,0.0298,0.9762,0.9995
Mlph,Mlph,9.958,-0.1865,0.5601,-0.333,0.7392,0.9995
Mlst8,Mlst8,542.7709,0.114,0.1354,0.8415,0.4001,0.9995
Mlx,Mlx,1486.4591,0.0965,0.0856,1.1263,0.26,0.9995
Mlxip,Mlxip,1718.6439,-0.0223,0.1045,-0.2136,0.8309,0.9995
Mlycd,Mlycd,756.3534,-0.0542,0.0964,-0.5625,0.5738,0.9995
Mmaa,Mmaa,676.3535,0.0243,0.0818,0.297,0.7665,0.9995
Mmab,Mmab,779.5488,-0.105,0.0906,-1.159,0.2464,0.9995
Mmachc,Mmachc,846.0345,-0.0122,0.0803,-0.1519,0.8793,0.9995
Mmadhc,Mmadhc,4244.3646,0.0612,0.0625,0.9804,0.3269,0.9995
Mmd,Mmd,9302.0861,0.1658,0.2912,0.5694,0.5691,0.9995
Mme,Mme,40.5888,0.1333,0.2626,0.5077,0.6117,0.9995
Mmel1,Mmel1,3.7646,-0.2726,0.8022,-0.3398,0.734,0.9995
Mmgt1,Mmgt1,2298.4599,-0.1082,0.158,-0.6846,0.4936,0.9995
Mmgt2,Mmgt2,794.8473,-0.0326,0.1036,-0.3144,0.7533,0.9995
Mmp10,Mmp10,33.755,0.3201,0.6876,0.4655,0.6416,0.9995
Mmp11,Mmp11,4354.1777,0.0796,0.2314,0.3442,0.7307,0.9995
Mmp12,Mmp12,1.8264,-0.5115,1.3293,-0.3848,0.7004,0.9995
Mmp13,Mmp13,135.1972,0.4126,1.1855,0.3481,0.7278,0.9995
Mmp14,Mmp14,25121.1752,-0.0256,0.0527,-0.4851,0.6276,0.9995
Mmp15,Mmp15,2025.5048,-0.0039,0.2939,-0.0133,0.9894,0.9995
Mmp16,Mmp16,142.187,-0.3382,0.1955,-1.7298,0.0837,0.9995
Mmp17,Mmp17,10.2843,0.0279,0.5333,0.0523,0.9583,0.9995
Mmp19,Mmp19,2438.2925,0.0669,0.1428,0.4685,0.6394,0.9995
Mmp2,Mmp2,44070.374,-0.0351,0.0787,-0.4459,0.6557,0.9995
Mmp23,Mmp23,428.2616,0.0612,0.1538,0.3978,0.6908,0.9995
Mmp24,Mmp24,1.3714,-2.0965,1.3427,-1.5614,0.1184,0.9995
Mmp25,Mmp25,2.6333,-0.0166,0.9554,-0.0174,0.9861,0.9995
Mmp27,Mmp27,2.0612,-0.5512,1.1689,-0.4715,0.6372,0.9995
Mmp28,Mmp28,458.46,-0.1391,0.2856,-0.4869,0.6263,0.9995
Mmp3,Mmp3,114.4084,0.3208,0.9086,0.3531,0.724,0.9995
Mmp8,Mmp8,40.4877,-0.9355,0.6498,-1.4398,0.1499,0.9995
Mmp9,Mmp9,72.3528,0.1779,0.2597,0.685,0.4933,0.9995
Mmrn2,Mmrn2,1.7154,-0.8587,1.0687,-0.8035,0.4217,0.9995
Mms19,Mms19,1560.286,-0.0165,0.0841,-0.1959,0.8447,0.9995
Mms22l,Mms22l,301.9,-0.0964,0.2781,-0.3468,0.7288,0.9995
Mn1,Mn1,204.868,-0.3246,0.3777,-0.8594,0.3901,0.9995
Mnat1,Mnat1,2202.7019,0.026,0.0866,0.3001,0.7641,0.9995
Mnd1,Mnd1,196.8723,-0.0261,0.2086,-0.125,0.9005,0.9995
Mnda,Mnda,384.7064,-0.1695,0.1258,-1.347,0.178,0.9995
Mndal,Mndal,89.132,-0.1098,0.1567,-0.7007,0.4835,0.9995
Mns1,Mns1,64.0119,-0.0366,0.2915,-0.1255,0.9001,0.9995
Mnt,Mnt,1516.3645,-0.0643,0.1269,-0.5069,0.6122,0.9995
Mob1a,Mob1a,2090.908,-0.1428,0.1039,-1.3744,0.1693,0.9995
Mob1b,Mob1b,649.3032,-0.0603,0.1645,-0.367,0.7137,0.9995
Mob2,Mob2,1101.5811,0.0857,0.0842,1.0181,0.3086,0.9995
Mob3a,Mob3a,1702.2714,-0.0016,0.1152,-0.0142,0.9887,0.9995
Mob3b,Mob3b,119.11,0.0694,0.31,0.2239,0.8229,0.9995
Mob3c,Mob3c,383.8489,-0.0581,0.0927,-0.6267,0.5308,0.9995
Mob4,Mob4,2802.6467,-0.0161,0.1805,-0.089,0.9291,0.9995
Mocos,Mocos,160.5733,-0.0294,0.2884,-0.1018,0.9189,0.9995
Mocs1,Mocs1,1527.1019,0.1076,0.3004,0.3583,0.7201,0.9995
Mocs2,Mocs2,1583.9063,0.0367,0.0868,0.4223,0.6728,0.9995
Mocs3,Mocs3,270.4675,0.1226,0.0961,1.2758,0.202,0.9995
Mog,Mog,4.6901,-0.1949,0.7143,-0.2729,0.7849,0.9995
Mogat1,Mogat1,0.8008,-0.2679,1.5221,-0.176,0.8603,0.9995
Mogat2,Mogat2,251.9448,0.0048,0.2017,0.0236,0.9812,0.9995
Mogs,Mogs,2567.1984,0.0709,0.1159,0.6119,0.5406,0.9995
Mok,Mok,145.0259,-0.1108,0.185,-0.5985,0.5495,0.9995
Mon1a,Mon1a,402.126,0.0085,0.0942,0.0901,0.9282,0.9995
Mon1b,Mon1b,841.3584,-0.0244,0.0928,-0.2627,0.7927,0.9995
Mon2,Mon2,4790.8664,-0.0807,0.0826,-0.9778,0.3282,0.9995
Morc1,Morc1,0.4561,1.0296,2.5436,0.4048,0.6856,0.9995
Morc2a,Morc2a,3679.3113,0.0233,0.048,0.4848,0.6278,0.9995
Morc2b,Morc2b,3.086,0.3769,0.8014,0.4703,0.6382,0.9995
Morc3,Morc3,2254.1653,-0.0293,0.1597,-0.1836,0.8543,0.9995
Morc4,Morc4,585.6855,-0.0798,0.1821,-0.4383,0.6612,0.9995
Morf4l1,Morf4l1,16470.4812,0.0159,0.0592,0.2681,0.7886,0.9995
Morf4l2,Morf4l2,18400.2711,0.0267,0.0701,0.3815,0.7029,0.9995
Morn1,Morn1,73.1444,-0.065,0.2347,-0.277,0.7818,0.9995
Morn2,Morn2,134.9451,0.3277,0.1546,2.1197,0.034,0.9995
Morn3,Morn3,3.3189,-0.1231,0.8043,-0.153,0.8784,0.9995
Morn4,Morn4,1009.9948,0.0669,0.0769,0.8696,0.3845,0.9995
Morn5,Morn5,4.5803,-1.1757,0.6931,-1.6963,0.0898,0.9995
Mos,Mos,0.4585,0.219,2.1462,0.102,0.9187,0.9995
Mospd1,Mospd1,1409.2186,0.0854,0.1134,0.7531,0.4514,0.9995
Mospd2,Mospd2,953.0045,-0.0562,0.1557,-0.3607,0.7183,0.9995
Mospd3,Mospd3,634.37,0.0674,0.0826,0.816,0.4145,0.9995
Mospd4,Mospd4,2.1727,-0.972,0.9619,-1.0105,0.3122,0.9995
Mov10,Mov10,678.4753,-0.1014,0.1069,-0.948,0.3431,0.9995
Mov10l1,Mov10l1,13.161,-0.2844,0.4168,-0.6822,0.4951,0.9995
Moxd1,Moxd1,0.5725,0.7226,1.8254,0.3959,0.6922,0.9995
Mpc1,Mpc1,414.3805,0.4282,0.282,1.5183,0.1289,0.9995
Mpc2,Mpc2,1159.4952,0.0726,0.0848,0.8557,0.3921,0.9995
Mpdu1,Mpdu1,885.6439,-0.0493,0.0883,-0.5589,0.5762,0.9995
Mpdz,Mpdz,2428.3568,-0.1424,0.1795,-0.7931,0.4277,0.9995
Mpeg1,Mpeg1,22.486,-0.1114,0.4946,-0.2252,0.8218,0.9995
Mpg,Mpg,651.6096,0.0397,0.0832,0.4775,0.633,0.9995
Mphosph10,Mphosph10,912.1687,0.1464,0.1145,1.2783,0.2011,0.9995
Mphosph6,Mphosph6,644.9082,-0.0759,0.1431,-0.5305,0.5958,0.9995
Mphosph8,Mphosph8,527.7048,0.1455,0.139,1.0468,0.2952,0.9995
Mphosph9,Mphosph9,444.6026,-0.1088,0.1469,-0.7404,0.459,0.9995
Mpi,Mpi,1683.1108,0.1691,0.111,1.5226,0.1279,0.9995
Mplkip,Mplkip,552.4654,0.0459,0.0953,0.482,0.6298,0.9995
Mpnd,Mpnd,2000.4393,-0.0242,0.0741,-0.3269,0.7437,0.9995
Mpo,Mpo,0.3429,0.9357,2.6527,0.3527,0.7243,0.9995
Mpp1,Mpp1,2505.0663,0.0577,0.0765,0.7533,0.4513,0.9995
Mpp2,Mpp2,468.8551,-0.1076,0.1238,-0.8689,0.3849,0.9995
Mpp3,Mpp3,17.1483,0.6175,0.5265,1.1729,0.2408,0.9995
Mpp4,Mpp4,7.5395,-0.1178,0.5831,-0.2021,0.8399,0.9995
Mpp5,Mpp5,877.307,0.0745,0.1794,0.4153,0.678,0.9995
Mpp6,Mpp6,839.4755,-0.0211,0.1555,-0.1358,0.892,0.9995
Mpp7,Mpp7,9.5,0.5644,0.8406,0.6714,0.502,0.9995
Mppe1,Mppe1,451.4467,0.0163,0.0921,0.1768,0.8596,0.9995
Mprip,Mprip,15970.1056,-0.0065,0.0679,-0.096,0.9236,0.9995
Mpst,Mpst,1229.874,0.0302,0.0995,0.3031,0.7618,0.9995
Mpv17,Mpv17,2033.0827,-0.023,0.0944,-0.2433,0.8078,0.9995
Mpv17l,Mpv17l,243.6102,-0.0618,0.2415,-0.2561,0.7979,0.9995
Mpv17l2,Mpv17l2,754.5434,0.0761,0.0995,0.7646,0.4445,0.9995
Mpz,Mpz,4.8012,-0.1122,0.6223,-0.1803,0.8569,0.9995
Mpzl1,Mpzl1,1455.3425,0.0717,0.1386,0.5172,0.605,0.9995
Mpzl2,Mpzl2,0.3428,-0.475,2.6731,-0.1777,0.859,0.9995
Mpzl3,Mpzl3,20.7041,0.3145,0.3832,0.8207,0.4118,0.9995
Mr1,Mr1,1633.0041,0.0845,0.1069,0.7908,0.429,0.9995
Mrap,Mrap,0.3421,0.9335,2.6545,0.3517,0.7251,0.9995
Mrap2,Mrap2,1.5985,0.7438,1.1294,0.6586,0.5102,0.9995
Mras,Mras,1715.4063,0.0083,0.1241,0.0669,0.9467,0.9995
Mrc1,Mrc1,5.6065,0.0092,0.6859,0.0135,0.9892,0.9995
Mrc2,Mrc2,10492.616,-0.1178,0.0904,-1.303,0.1926,0.9995
Mre11a,Mre11a,950.4731,-0.1045,0.0938,-1.1135,0.2655,0.9995
Mreg,Mreg,481.8042,0.2628,0.5983,0.4392,0.6605,0.9995
Mrfap1,Mrfap1,11150.3078,0.1977,0.1025,1.9289,0.0537,0.9995
Mrgbp,Mrgbp,1121.6168,-0.0285,0.1932,-0.1478,0.8825,0.9995
Mrgprd,Mrgprd,0.7995,0.5151,1.7007,0.3029,0.762,0.9995
Mrgpre,Mrgpre,537.7784,-0.108,0.2242,-0.482,0.6298,0.9995
Mrgprf,Mrgprf,953.1224,0.0861,0.1161,0.7416,0.4584,0.9995
Mri1,Mri1,934.5814,0.1512,0.1825,0.8288,0.4072,0.9995
Mrln,Mrln,80.6629,0.3066,0.3438,0.892,0.3724,0.9995
Mrm1,Mrm1,520.2836,0.2592,0.2437,1.0638,0.2874,0.9995
Mro,Mro,6.2897,0.6991,0.5869,1.1911,0.2336,0.9995
Mroh1,Mroh1,2939.4972,-0.0881,0.1843,-0.4778,0.6328,0.9995
Mroh2a,Mroh2a,5.0298,0.1221,0.6502,0.1877,0.8511,0.9995
Mroh4,Mroh4,0.914,-1.364,1.9301,-0.7067,0.4798,0.9995
Mroh6,Mroh6,12.4678,0.217,0.4431,0.4897,0.6243,0.9995
Mroh7,Mroh7,2.0574,0.6005,1.0842,0.5539,0.5797,0.9995
Mroh8,Mroh8,4.3474,0.6054,0.8275,0.7316,0.4644,0.9995
Mroh9,Mroh9,0.3453,-0.4801,2.6703,-0.1798,0.8573,0.9995
Mrpl1,Mrpl1,815.654,-0.0316,0.1351,-0.2337,0.8152,0.9995
Mrpl10,Mrpl10,2302.1819,0.06,0.0686,0.8742,0.382,0.9995
Mrpl11,Mrpl11,1269.5596,0.1108,0.0753,1.4725,0.1409,0.9995
Mrpl12,Mrpl12,2340.6071,0.1332,0.0951,1.4006,0.1613,0.9995
Mrpl13,Mrpl13,2901.5338,0.0796,0.0761,1.0464,0.2954,0.9995
Mrpl14,Mrpl14,1383.2085,0.0976,0.0804,1.214,0.2248,0.9995
Mrpl15,Mrpl15,1744.8864,0.1471,0.0806,1.8253,0.0679,0.9995
Mrpl16,Mrpl16,1044.0921,0.1196,0.108,1.1068,0.2684,0.9995
Mrpl17,Mrpl17,1882.6448,0.0997,0.0669,1.4912,0.1359,0.9995
Mrpl18,Mrpl18,1822.2086,0.0879,0.1002,0.8769,0.3806,0.9995
Mrpl19,Mrpl19,1028.3564,0.0897,0.0859,1.0445,0.2962,0.9995
Mrpl2,Mrpl2,1648.3646,0.0954,0.1129,0.8454,0.3979,0.9995
Mrpl20,Mrpl20,1505.6757,0.1946,0.1432,1.3591,0.1741,0.9995
Mrpl21,Mrpl21,1095.649,0.1173,0.0791,1.4827,0.1382,0.9995
Mrpl22,Mrpl22,848.7518,0.1403,0.0893,1.5704,0.1163,0.9995
Mrpl23,Mrpl23,887.0665,0.0811,0.1068,0.7589,0.4479,0.9995
Mrpl24,Mrpl24,1570.8116,0.0315,0.0671,0.4698,0.6385,0.9995
Mrpl27,Mrpl27,823.3133,0.2041,0.1262,1.6178,0.1057,0.9995
Mrpl28,Mrpl28,1838.3295,0.0923,0.0942,0.9798,0.3272,0.9995
Mrpl3,Mrpl3,2316.9002,0.1532,0.1029,1.4887,0.1366,0.9995
Mrpl30,Mrpl30,2278.9287,0.095,0.0689,1.3789,0.1679,0.9995
Mrpl32,Mrpl32,966.2818,0.044,0.0731,0.6024,0.5469,0.9995
Mrpl33,Mrpl33,2748.5513,0.1432,0.1167,1.2267,0.2199,0.9995
Mrpl34,Mrpl34,700.4037,0.1232,0.1259,0.9779,0.3281,0.9995
Mrpl35,Mrpl35,561.5639,0.1762,0.1027,1.7156,0.0862,0.9995
Mrpl36,Mrpl36,913.8986,0.1216,0.0819,1.4842,0.1378,0.9995
Mrpl37,Mrpl37,1645.2759,0.0668,0.0662,1.0098,0.3126,0.9995
Mrpl38,Mrpl38,1958.6181,0.051,0.0875,0.5823,0.5604,0.9995
Mrpl39,Mrpl39,1681.6835,0.0683,0.0673,1.014,0.3106,0.9995
Mrpl4,Mrpl4,1360.3436,0.0969,0.0728,1.3313,0.1831,0.9995
Mrpl40,Mrpl40,1143.1747,0.1409,0.0877,1.6059,0.1083,0.9995
Mrpl41,Mrpl41,862.6196,0.1502,0.0876,1.7141,0.0865,0.9995
Mrpl42,Mrpl42,1983.4595,0.0058,0.1437,0.0404,0.9678,0.9995
Mrpl43,Mrpl43,1690.1999,0.1048,0.0734,1.4276,0.1534,0.9995
Mrpl44,Mrpl44,973.5302,0.0273,0.0742,0.3678,0.7131,0.9995
Mrpl45,Mrpl45,1767.9194,-0.019,0.055,-0.3447,0.7303,0.9995
Mrpl46,Mrpl46,445.2074,0.0849,0.095,0.8943,0.3712,0.9995
Mrpl47,Mrpl47,572.7159,-0.0277,0.0834,-0.3327,0.7394,0.9995
Mrpl48,Mrpl48,688.2932,0.0495,0.082,0.6036,0.5461,0.9995
Mrpl49,Mrpl49,1624.4451,0.1028,0.0708,1.4531,0.1462,0.9995
Mrpl50,Mrpl50,1787.5028,0.0657,0.0827,0.7937,0.4273,0.9995
Mrpl51,Mrpl51,1706.0112,0.104,0.0661,1.5738,0.1155,0.9995
Mrpl52,Mrpl52,1214.8868,0.1087,0.1089,0.9978,0.3184,0.9995
Mrpl53,Mrpl53,913.541,0.1126,0.0823,1.3685,0.1712,0.9995
Mrpl54,Mrpl54,801.1307,0.0191,0.0864,0.2215,0.8247,0.9995
Mrpl55,Mrpl55,419.9026,0.1303,0.0987,1.3207,0.1866,0.9995
Mrpl57,Mrpl57,615.7187,0.1957,0.134,1.4606,0.1441,0.9995
Mrpl9,Mrpl9,2176.8172,0.1405,0.0694,2.0263,0.0427,0.9995
Mrps10,Mrps10,1510.1456,0.1287,0.071,1.8131,0.0698,0.9995
Mrps11,Mrps11,658.3266,0.1084,0.0954,1.1365,0.2558,0.9995
Mrps12,Mrps12,607.7448,0.0457,0.0902,0.5068,0.6123,0.9995
Mrps14,Mrps14,974.7881,0.114,0.0711,1.6038,0.1088,0.9995
Mrps15,Mrps15,968.4359,0.0311,0.0698,0.445,0.6563,0.9995
Mrps16,Mrps16,1158.1027,0.1763,0.1033,1.7062,0.088,0.9995
Mrps17,Mrps17,1933.9833,0.1689,0.0859,1.9665,0.0492,0.9995
Mrps18a,Mrps18a,1153.4734,0.1076,0.0739,1.4558,0.1455,0.9995
Mrps18b,Mrps18b,1131.287,0.1928,0.1501,1.2846,0.1989,0.9995
Mrps18c,Mrps18c,939.0436,0.0851,0.1134,0.7502,0.4531,0.9995
Mrps2,Mrps2,1690.9672,0.0282,0.0677,0.417,0.6767,0.9995
Mrps21,Mrps21,1439.1339,0.0973,0.0665,1.4635,0.1433,0.9995
Mrps22,Mrps22,969.2614,-0.0455,0.0884,-0.5144,0.607,0.9995
Mrps23,Mrps23,2404.5774,0.1607,0.0696,2.31,0.0209,0.9995
Mrps24,Mrps24,1143.7033,0.083,0.07,1.1864,0.2355,0.9995
Mrps25,Mrps25,818.5663,0.1396,0.0997,1.3993,0.1617,0.9995
Mrps26,Mrps26,1137.7178,0.1292,0.0745,1.7348,0.0828,0.9995
Mrps27,Mrps27,937.8293,0.055,0.1016,0.5413,0.5883,0.9995
Mrps28,Mrps28,446.4149,0.0751,0.1171,0.6415,0.5212,0.9995
Mrps30,Mrps30,1373.3794,0.0652,0.0565,1.1544,0.2483,0.9995
Mrps31,Mrps31,851.0524,0.0752,0.0772,0.9741,0.33,0.9995
Mrps33,Mrps33,820.4606,0.286,0.1521,1.8801,0.0601,0.9995
Mrps34,Mrps34,1356.7098,0.0888,0.0786,1.1292,0.2588,0.9995
Mrps35,Mrps35,724.0514,0.0913,0.0815,1.1202,0.2626,0.9995
Mrps36,Mrps36,727.313,0.2017,0.0876,2.3032,0.0213,0.9995
Mrps5,Mrps5,1142.7632,0.1108,0.0669,1.6561,0.0977,0.9995
Mrps6,Mrps6,897.7611,0.1591,0.1575,1.0099,0.3125,0.9995
Mrps7,Mrps7,1807.8063,0.1082,0.0849,1.2752,0.2022,0.9995
Mrps9,Mrps9,1190.2526,0.0126,0.0822,0.1539,0.8777,0.9995
Mrrf,Mrrf,1096.8188,0.0207,0.0812,0.2553,0.7985,0.9995
Mrs2,Mrs2,631.6382,-0.0461,0.1106,-0.4169,0.6767,0.9995
Mrto4,Mrto4,1697.2875,0.1294,0.1118,1.1579,0.2469,0.9995
Mrvi1,Mrvi1,33.9629,0.0301,0.3255,0.0925,0.9263,0.9995
Ms4a10,Ms4a10,2.6342,-0.8025,1.0758,-0.7459,0.4557,0.9995
Ms4a18,Ms4a18,0.4544,1.0267,2.5451,0.4034,0.6866,0.9995
Ms4a4b,Ms4a4b,0.572,-1.4731,2.4492,-0.6015,0.5475,0.9995
Ms4a4c,Ms4a4c,0.6882,2.0989,2.3532,0.8919,0.3724,0.9995
Ms4a4d,Ms4a4d,370.6963,-0.1234,0.4091,-0.3015,0.763,0.9995
Ms4a6c,Ms4a6c,2.9808,0.2564,0.9884,0.2594,0.7954,0.9995
Ms4a6d,Ms4a6d,4.0007,0.4375,0.6929,0.6313,0.5278,0.9995
Ms4a8a,Ms4a8a,0.5724,-0.364,2.0509,-0.1775,0.8591,0.9995
Msantd1,Msantd1,1.1447,-0.4762,1.5088,-0.3156,0.7523,0.9995
Msantd2,Msantd2,413.3312,0.0085,0.1216,0.0703,0.9439,0.9995
Msantd3,Msantd3,938.3328,0.0595,0.0766,0.7774,0.4369,0.9995
Msantd4,Msantd4,3006.1938,0.0413,0.0856,0.4827,0.6293,0.9995
Msc,Msc,112.9093,-0.2851,0.3772,-0.7557,0.4498,0.9995
Msh2,Msh2,1227.3613,-0.0332,0.0798,-0.4158,0.6776,0.9995
Msh3,Msh3,584.5509,-0.0494,0.1557,-0.3177,0.7507,0.9995
Msh4,Msh4,0.8017,-0.2747,1.6648,-0.165,0.8689,0.9995
Msh5,Msh5,60.9132,0.1959,0.2115,0.9266,0.3541,0.9995
Msh6,Msh6,1625.8783,-0.1028,0.0915,-1.1233,0.2613,0.9995
Msi1,Msi1,48.4279,0.3259,0.2161,1.5084,0.1315,0.9995
Msi2,Msi2,5607.6688,0.0855,0.175,0.4887,0.6251,0.9995
Msl1,Msl1,2945.8399,0.0425,0.0923,0.4605,0.6452,0.9995
Msl2,Msl2,1641.8831,-0.038,0.1218,-0.3122,0.7549,0.9995
Msl3,Msl3,1904.5388,0.0132,0.0696,0.1891,0.85,0.9995
Msl3l2,Msl3l2,172.265,-0.2144,0.153,-1.4017,0.161,0.9995
Msln,Msln,7314.9316,0.116,0.1535,0.7559,0.4497,0.9995
Mslnl,Mslnl,5.0285,-0.2042,0.653,-0.3126,0.7545,0.9995
Msmo1,Msmo1,5105.9812,-0.1252,0.1072,-1.1684,0.2426,0.9995
Msn,Msn,36187.7149,-0.0666,0.0772,-0.8627,0.3883,0.9995
Msr1,Msr1,16.0203,-0.3266,0.425,-0.7685,0.4422,0.9995
Msra,Msra,320.669,0.1542,0.1457,1.058,0.2901,0.9995
Msrb1,Msrb1,859.262,0.1053,0.0744,1.4163,0.1567,0.9995
Msrb2,Msrb2,75.9497,-0.0961,0.2327,-0.4129,0.6797,0.9995
Msrb3,Msrb3,4812.8982,-0.0753,0.1986,-0.3794,0.7044,0.9995
Mss51,Mss51,202.8475,0.2152,0.3576,0.6017,0.5474,0.9995
Mst1,Mst1,9.1256,0.0329,0.5898,0.0558,0.9555,0.9995
Mst1r,Mst1r,16.3552,0.0791,0.4133,0.1914,0.8482,0.9995
Mstn,Mstn,4.4572,1.0074,0.7215,1.3962,0.1626,0.9995
Msto1,Msto1,887.681,0.0842,0.0913,0.9226,0.3562,0.9995
Msx1,Msx1,78.6157,0.094,0.1767,0.5319,0.5948,0.9995
Msx1os,Msx1os,13.5997,0.1314,0.3708,0.3545,0.7229,0.9995
Msx2,Msx2,14.2714,0.328,0.3992,0.8215,0.4113,0.9995
Msx3,Msx3,7.6608,0.0132,0.541,0.0243,0.9806,0.9995
Mt1,Mt1,15498.9239,0.1978,0.513,0.3855,0.6999,0.9995
Mt2,Mt2,17662.4518,0.3019,0.6664,0.453,0.6505,0.9995
Mt3,Mt3,1.02,1.638,2.0383,0.8036,0.4216,0.9995
Mta1,Mta1,4477.99,-0.023,0.0454,-0.5069,0.6123,0.9995
Mta2,Mta2,2762.6198,0.0542,0.0773,0.7014,0.483,0.9995
Mta3,Mta3,1296.8984,0.0308,0.0668,0.4611,0.6447,0.9995
Mtag2,Mtag2,1.8296,-1.2369,1.1337,-1.091,0.2753,0.9995
Mtap,Mtap,4091.8667,-0.0308,0.0607,-0.5079,0.6115,0.9995
Mtap7d3,Mtap7d3,15.5119,0.3043,0.5028,0.6051,0.5451,0.9995
Mtbp,Mtbp,979.5806,-0.116,0.0779,-1.4899,0.1362,0.9995
Mtch1,Mtch1,14001.9523,0.071,0.1448,0.4904,0.6239,0.9995
Mtch2,Mtch2,6337.9466,0.1,0.0597,1.6746,0.094,0.9995
Mtcl1,Mtcl1,1317.1324,-0.1113,0.1414,-0.7869,0.4313,0.9995
Mtcp1,Mtcp1,58.1907,-0.0356,0.2142,-0.166,0.8682,0.9995
Mtdh,Mtdh,7838.5526,0.0519,0.1008,0.5148,0.6067,0.9995
Mterf1a,Mterf1a,119.8249,0.0942,0.1661,0.5672,0.5706,0.9995
Mterf1b,Mterf1b,99.4201,0.0791,0.1909,0.4145,0.6785,0.9995
Mterf2,Mterf2,309.5225,-0.0903,0.1606,-0.5624,0.5739,0.9995
Mterf3,Mterf3,860.2902,0.0048,0.1486,0.0322,0.9743,0.9995
Mterf4,Mterf4,829.2337,0.0556,0.0711,0.7823,0.434,0.9995
Mtf1,Mtf1,1259.2934,-0.063,0.1195,-0.5271,0.5982,0.9995
Mtf2,Mtf2,921.6668,0.1173,0.1504,0.7798,0.4355,0.9995
Mtfmt,Mtfmt,441.1172,0.0919,0.0946,0.9706,0.3318,0.9995
Mtfp1,Mtfp1,179.4482,0.053,0.1412,0.3752,0.7075,0.9995
Mtfr1,Mtfr1,2276.4785,0.0026,0.0887,0.0295,0.9765,0.9995
Mtfr1l,Mtfr1l,4595.0357,0.0915,0.0688,1.3306,0.1833,0.9995
Mtfr2,Mtfr2,159.5819,-0.0527,0.4527,-0.1163,0.9074,0.9995
Mtg1,Mtg1,374.5047,0.1094,0.1054,1.0374,0.2995,0.9995
Mtg2,Mtg2,652.2168,0.0356,0.1002,0.3549,0.7227,0.9995
Mthfd1,Mthfd1,2331.0492,0.1117,0.1426,0.7834,0.4334,0.9995
Mthfd1l,Mthfd1l,3581.9542,-0.1468,0.1666,-0.881,0.3783,0.9995
Mthfd2,Mthfd2,3744.7947,0.0404,0.1851,0.2183,0.8272,0.9995
Mthfd2l,Mthfd2l,579.3795,0.0578,0.1169,0.4943,0.6211,0.9995
Mthfr,Mthfr,2475.5982,-0.0385,0.1379,-0.2789,0.7803,0.9995
Mthfs,Mthfs,86.823,-0.1563,0.2151,-0.7267,0.4674,0.9995
Mthfsd,Mthfsd,432.3099,-0.0544,0.0922,-0.5901,0.5551,0.9995
Mthfsl,Mthfsl,139.0732,0.0737,0.2292,0.3214,0.7479,0.9995
Mtif2,Mtif2,1234.7866,-0.0001,0.1324,-0.0009,0.9993,1
Mtif3,Mtif3,581.4623,0.176,0.1096,1.6055,0.1084,0.9995
Mtl5,Mtl5,32.5777,0.4008,0.272,1.4733,0.1407,0.9995
Mtm1,Mtm1,217.3398,0.1287,0.1955,0.6582,0.5104,0.9995
Mtmr1,Mtmr1,1270.4943,-0.0505,0.1793,-0.2815,0.7783,0.9995
Mtmr10,Mtmr10,1355.2118,-0.1529,0.0818,-1.8692,0.0616,0.9995
Mtmr11,Mtmr11,967.9329,-0.0106,0.1071,-0.0993,0.9209,0.9995
Mtmr12,Mtmr12,1018.1094,-0.1519,0.0754,-2.0128,0.0441,0.9995
Mtmr14,Mtmr14,1078.9275,0.0246,0.0817,0.3014,0.7631,0.9995
Mtmr2,Mtmr2,2726.2302,0.07,0.0863,0.812,0.4168,0.9995
Mtmr3,Mtmr3,4081.694,-0.0249,0.0986,-0.2524,0.8007,0.9995
Mtmr4,Mtmr4,2243.7604,-0.0304,0.0692,-0.4402,0.6598,0.9995
Mtmr6,Mtmr6,4571.8743,-0.0029,0.0631,-0.0456,0.9636,0.9995
Mtmr7,Mtmr7,37.7248,-0.1402,0.2827,-0.4961,0.6198,0.9995
Mtmr9,Mtmr9,1519.3612,-0.065,0.0646,-1.0068,0.314,0.9995
Mto1,Mto1,702.056,0.0914,0.107,0.8544,0.3929,0.9995
Mtor,Mtor,3540.4465,-0.0038,0.0884,-0.0433,0.9655,0.9995
Mtpap,Mtpap,1450.6678,0.0275,0.0846,0.3255,0.7448,0.9995
Mtpn,Mtpn,10978.3564,-0.0151,0.0893,-0.1693,0.8656,0.9995
Mtr,Mtr,770.7736,0.0299,0.1746,0.1711,0.8642,0.9995
Mtrf1,Mtrf1,61.154,0.0289,0.2039,0.1415,0.8874,0.9995
Mtrf1l,Mtrf1l,256.1992,0.1173,0.1226,0.957,0.3386,0.9995
Mtrr,Mtrr,1080.027,0.049,0.0799,0.6141,0.5391,0.9995
Mtss1,Mtss1,6720.6788,-0.1702,0.1299,-1.3106,0.19,0.9995
Mtss1l,Mtss1l,8036.2422,-0.0142,0.2107,-0.0673,0.9463,0.9995
Mttp,Mttp,766.6475,-0.0875,0.1787,-0.4896,0.6244,0.9995
Mturn,Mturn,1651.6209,-0.0966,0.1842,-0.5244,0.6,0.9995
Mtus1,Mtus1,1101.9625,-0.0403,0.2034,-0.1981,0.843,0.9995
Mtus2,Mtus2,6.5332,0.1123,0.6929,0.1621,0.8712,0.9995
Mtx1,Mtx1,1196.1386,0.0804,0.0867,0.928,0.3534,0.9995
Mtx2,Mtx2,1733.8291,0.0535,0.0694,0.7716,0.4403,0.9995
Mtx3,Mtx3,724.486,-0.0469,0.1424,-0.3295,0.7417,0.9995
Muc1,Muc1,18.13,0.1169,0.5455,0.2143,0.8303,0.9995
Muc13,Muc13,18.9503,-0.4244,0.5579,-0.7607,0.4468,0.9995
Muc2,Muc2,2.9795,1.173,1.1688,1.0036,0.3156,0.9995
Muc20,Muc20,0.802,-1.1021,1.6697,-0.6601,0.5092,0.9995
Muc4,Muc4,5.4837,1.0394,0.7435,1.398,0.1621,0.9995
Muc5b,Muc5b,0.6847,0.8674,1.818,0.4771,0.6333,0.9995
Muc6,Muc6,0.5728,-2.5198,2.2816,-1.1044,0.2694,0.9995
Mug1,Mug1,2.0571,0.2402,1.0183,0.2359,0.8135,0.9995
Mul1,Mul1,1358.8419,0.0212,0.0843,0.2518,0.8012,0.9995
Mum1,Mum1,1834.415,-0.0129,0.0724,-0.1776,0.859,0.9995
Mum1l1,Mum1l1,469.9796,0.051,0.3233,0.1576,0.8747,0.9995
Munc,Munc,22.5466,0.1192,0.4534,0.2629,0.7926,0.9995
Mup10,Mup10,1.4801,1.5748,1.3251,1.1885,0.2346,0.9995
Mup13,Mup13,0.3437,0.9335,2.6517,0.352,0.7248,0.9995
Mup14,Mup14,0.3435,2.1373,2.5691,0.8319,0.4054,0.9995
Mup20,Mup20,1.483,0.0447,1.2155,0.0368,0.9706,0.9995
Mup3,Mup3,2.4036,0.5235,0.9303,0.5627,0.5737,0.9995
Mup7,Mup7,1.2553,1.4124,1.295,1.0906,0.2754,0.9995
Murc,Murc,8698.3882,0.0336,0.2242,0.1499,0.8809,0.9995
Mus81,Mus81,930.6112,0.0219,0.0764,0.2868,0.7743,0.9995
Musk,Musk,1216.5207,-0.034,0.182,-0.1867,0.8519,0.9995
Mustn1,Mustn1,3086.632,0.0926,0.1003,0.9233,0.3558,0.9995
Mut,Mut,1941.386,-0.1337,0.1167,-1.1457,0.2519,0.9995
Mutyh,Mutyh,69.7269,-0.1075,0.3085,-0.3483,0.7276,0.9995
Mvb12a,Mvb12a,1247.0302,0.0424,0.122,0.3474,0.7283,0.9995
Mvb12b,Mvb12b,1604.6723,-0.17,0.1492,-1.1392,0.2546,0.9995
Mvd,Mvd,975.4038,-0.065,0.0921,-0.7059,0.4803,0.9995
Mvk,Mvk,836.9026,-0.008,0.1106,-0.0721,0.9426,0.9995
Mvp,Mvp,6913.7748,0.0702,0.0847,0.8294,0.4069,0.9995
Mx1,Mx1,17.5096,-0.2023,0.3816,-0.5302,0.596,0.9995
Mx2,Mx2,54.5416,0.0779,0.255,0.3054,0.7601,0.9995
Mxd1,Mxd1,855.3505,-0.0085,0.1301,-0.0651,0.9481,0.9995
Mxd3,Mxd3,203.9158,-0.031,0.4918,-0.063,0.9498,0.9995
Mxd4,Mxd4,1469.8933,0.0316,0.0831,0.3799,0.704,0.9995
Mxi1,Mxi1,3385.7727,0.0062,0.2369,0.0261,0.9791,0.9995
Mxra7,Mxra7,4516.9887,-0.0941,0.1937,-0.486,0.6269,0.9995
Mxra8,Mxra8,12570.7397,0.0038,0.0753,0.0504,0.9598,0.9995
Myadm,Myadm,21066.2177,-0.0625,0.0518,-1.2048,0.2283,0.9995
Myadml2,Myadml2,17.3782,0.3946,0.3995,0.9878,0.3233,0.9995
Myb,Myb,8.8167,0.1675,0.8039,0.2084,0.8349,0.9995
Mybbp1a,Mybbp1a,9033.973,0.1125,0.1396,0.8059,0.4203,0.9995
Mybl1,Mybl1,136.9268,-0.1633,0.3648,-0.4477,0.6544,0.9995
Mybl2,Mybl2,257.3672,-0.2374,0.4349,-0.5457,0.5852,0.9995
Mybpc1,Mybpc1,147.817,0.5034,1.0238,0.4917,0.6229,0.9995
Mybpc2,Mybpc2,141.2018,0.5313,0.4271,1.2439,0.2135,0.9995
Mybph,Mybph,12755.9021,0.145,0.2839,0.5108,0.6095,0.9995
Myc,Myc,2103.5638,-0.1352,0.1352,-1.0002,0.3172,0.9995
Mycbp,Mycbp,730.7805,-0.0293,0.1857,-0.1576,0.8748,0.9995
Mycbp2,Mycbp2,1843.284,-0.1925,0.1276,-1.5092,0.1313,0.9995
Mycbpap,Mycbpap,19.3237,-0.1457,0.3489,-0.4178,0.6761,0.9995
Mycl,Mycl,1490.9813,-0.2144,0.3209,-0.6682,0.504,0.9995
Mycn,Mycn,4.3468,1.1727,0.8216,1.4273,0.1535,0.9995
Myd88,Myd88,1162.2011,0.1596,0.1992,0.8011,0.4231,0.9995
Mydgf,Mydgf,2800.5433,0.0769,0.0966,0.7957,0.4262,0.9995
Myef2,Myef2,1582.8051,-0.0722,0.1991,-0.3629,0.7167,0.9995
Myeov2,Myeov2,1979.2647,0.1563,0.0935,1.6717,0.0946,0.9995
Myf5,Myf5,1054.7834,-0.0772,0.1698,-0.4549,0.6492,0.9995
Myf6,Myf6,20.817,-0.0155,0.3409,-0.0456,0.9637,0.9995
Myg1,Myg1,1410.1911,0.008,0.0892,0.0895,0.9287,0.9995
Myh1,Myh1,11723.9355,0.1831,0.3793,0.4826,0.6294,0.9995
Myh10,Myh10,3972.6148,-0.2565,0.1603,-1.5996,0.1097,0.9995
Myh11,Myh11,4.3377,0.2323,0.6758,0.3437,0.7311,0.9995
Myh13,Myh13,14.4071,-0.3644,0.7075,-0.515,0.6065,0.9995
Myh14,Myh14,24.5804,0.4492,0.3814,1.1778,0.2389,0.9995
Myh2,Myh2,781.9879,0.1482,0.6046,0.245,0.8064,0.9995
Myh3,Myh3,21930.7602,0.0492,0.2763,0.1781,0.8586,0.9995
Myh4,Myh4,610.4665,0.8444,0.7138,1.183,0.2368,0.9995
Myh6,Myh6,117.733,0.307,0.9935,0.309,0.7573,0.9995
Myh7,Myh7,492.714,0.1917,0.8967,0.2138,0.8307,0.9995
Myh7b,Myh7b,103.3469,-0.0181,0.3582,-0.0505,0.9598,0.9995
Myh8,Myh8,932.8415,0.4813,0.9249,0.5204,0.6028,0.9995
Myh9,Myh9,50295.2221,-0.0474,0.1011,-0.469,0.6391,0.9995
Myl1,Myl1,21742.7768,0.1427,0.2491,0.5731,0.5666,0.9995
Myl10,Myl10,3.3095,0.0155,0.7952,0.0195,0.9844,0.9995
Myl12a,Myl12a,35916.5363,0.0078,0.1383,0.0562,0.9552,0.9995
Myl12b,Myl12b,8849.0763,-0.163,0.1382,-1.1797,0.2381,0.9995
Myl2,Myl2,4.9119,0.3904,1.0723,0.3641,0.7158,0.9995
Myl3,Myl3,0.3421,-0.4733,2.6744,-0.177,0.8595,0.9995
Myl4,Myl4,10239.9255,0.3493,0.393,0.8888,0.3741,0.9995
Myl6,Myl6,21468.6332,0.1108,0.1272,0.8714,0.3835,0.9995
Myl6b,Myl6b,1979.3614,0.2383,0.3471,0.6865,0.4924,0.9995
Myl9,Myl9,3502.7144,0.2203,0.3967,0.5552,0.5787,0.9995
Mylip,Mylip,892.38,0.3024,0.1554,1.9465,0.0516,0.9995
Mylk,Mylk,1897.758,-0.1035,0.1165,-0.8887,0.3742,0.9995
Mylk2,Mylk2,548.2515,-0.0761,0.3397,-0.224,0.8228,0.9995
Mylk3,Mylk3,12.4636,0.2709,0.5626,0.4816,0.6301,0.9995
Mylk4,Mylk4,993.6686,0.1589,0.2781,0.5713,0.5678,0.9995
Mylpf,Mylpf,43902.8775,0.1445,0.247,0.5851,0.5585,0.9995
Mynn,Mynn,974.5919,-0.0386,0.1331,-0.2899,0.7719,0.9995
Myo10,Myo10,11634.3567,-0.094,0.095,-0.9894,0.3224,0.9995
Myo15,Myo15,2.5113,0.4978,0.925,0.5381,0.5905,0.9995
Myo16,Myo16,0.5717,0.7098,2.0544,0.3455,0.7297,0.9995
Myo18a,Myo18a,6155.2558,-0.0191,0.0937,-0.2036,0.8387,0.9995
Myo18b,Myo18b,189.7931,0.1352,0.4784,0.2825,0.7776,0.9995
Myo19,Myo19,495.5354,-0.0694,0.1061,-0.6542,0.513,0.9995
Myo1a,Myo1a,13.8453,-0.0554,0.4644,-0.1193,0.905,0.9995
Myo1b,Myo1b,1524.9781,-0.1993,0.1456,-1.3686,0.1711,0.9995
Myo1c,Myo1c,17385.3055,0.0276,0.1005,0.2748,0.7835,0.9995
Myo1d,Myo1d,2949.9465,-0.0841,0.0965,-0.8712,0.3837,0.9995
Myo1e,Myo1e,4233.8494,-0.0675,0.103,-0.6552,0.5124,0.9995
Myo1g,Myo1g,4.218,0.6259,0.73,0.8574,0.3912,0.9995
Myo1h,Myo1h,71.3827,-0.0432,0.2164,-0.1998,0.8416,0.9995
Myo3b,Myo3b,1.1444,0.6759,1.4887,0.454,0.6498,0.9995
Myo5a,Myo5a,3305.3091,-0.0419,0.1191,-0.3513,0.7254,0.9995
Myo5b,Myo5b,2.624,-0.0948,0.9544,-0.0993,0.9209,0.9995
Myo5c,Myo5c,3.4247,0.234,0.9003,0.2599,0.795,0.9995
Myo6,Myo6,860.1341,-0.1055,0.1205,-0.8753,0.3814,0.9995
Myo7a,Myo7a,21.9334,0.0649,0.432,0.1503,0.8805,0.9995
Myo7b,Myo7b,9.0223,0.3752,0.536,0.7001,0.4839,0.9995
Myo9a,Myo9a,849.5985,-0.0957,0.1635,-0.5856,0.5581,0.9995
Myo9b,Myo9b,4773.1494,-0.1058,0.0789,-1.341,0.1799,0.9995
Myoc,Myoc,1.6012,-0.7174,1.1454,-0.6264,0.5311,0.9995
Myocd,Myocd,0.5737,1.7823,2.3993,0.7428,0.4576,0.9995
Myod1,Myod1,5039.4376,-0.0708,0.3269,-0.2167,0.8285,0.9995
Myof,Myof,14614.525,-0.1336,0.0748,-1.7853,0.0742,0.9995
Myog,Myog,20695.8998,0.0885,0.2872,0.3083,0.7579,0.9995
Myom1,Myom1,1660.4772,0.1223,0.3065,0.3991,0.6899,0.9995
Myom2,Myom2,14077.4285,0.0458,0.222,0.2063,0.8366,0.9995
Myom3,Myom3,2004.9237,0.2239,0.2915,0.7679,0.4425,0.9995
Myot,Myot,71.9169,0.5756,0.6027,0.955,0.3396,0.9995
Myoz1,Myoz1,23.1011,0.3557,0.3925,0.9062,0.3648,0.9995
Myoz2,Myoz2,1258.8206,0.1867,0.2481,0.7525,0.4518,0.9995
Myoz3,Myoz3,2.5138,0.8576,0.8754,0.9797,0.3272,0.9995
Mypn,Mypn,434.9594,0.2187,0.2566,0.8523,0.394,0.9995
Mypop,Mypop,418.0288,0.0729,0.0819,0.8892,0.3739,0.9995
Myrf,Myrf,193.6091,-0.239,0.2338,-1.0221,0.3067,0.9995
Myrfl,Myrfl,6.3023,0.2165,0.7106,0.3046,0.7606,0.9995
Myrip,Myrip,11.7933,0.3646,0.5951,0.6127,0.5401,0.9995
Mysm1,Mysm1,517.0355,-0.0387,0.1534,-0.2523,0.8008,0.9995
Myt1,Myt1,1.596,-0.9344,1.2373,-0.7552,0.4502,0.9995
Myt1l,Myt1l,1.0264,0.2469,1.4559,0.1696,0.8653,0.9995
Myzap,Myzap,280.4157,0.1116,0.252,0.4428,0.6579,0.9995
Mzb1,Mzb1,1.4922,-1.064,1.4882,-0.715,0.4746,0.9995
Mzf1,Mzf1,16.8986,0.1106,0.3887,0.2845,0.776,0.9995
Mzt1,Mzt1,2403.8968,-0.0316,0.1499,-0.2105,0.8332,0.9995
Mzt2,Mzt2,763.1113,0.0732,0.1219,0.6002,0.5484,0.9995
N4bp1,N4bp1,4291.1398,-0.0098,0.1047,-0.0933,0.9257,0.9995
N4bp2,N4bp2,214.6578,-0.1425,0.2292,-0.622,0.534,0.9995
N4bp2l1,N4bp2l1,177.3975,0.1655,0.4955,0.334,0.7384,0.9995
N4bp2l2,N4bp2l2,1661.4487,0.0058,0.1314,0.044,0.9649,0.9995
N4bp3,N4bp3,284.3541,0.1382,0.2838,0.487,0.6263,0.9995
N6amt1,N6amt1,569.2583,-0.0621,0.1235,-0.5031,0.6149,0.9995
N6amt2,N6amt2,806.8686,0.1052,0.117,0.8994,0.3684,0.9995
Naa10,Naa10,1008.3269,0.1228,0.0824,1.4897,0.1363,0.9995
Naa11,Naa11,1.7143,0.1907,1.2066,0.1581,0.8744,0.9995
Naa15,Naa15,2390.2067,0.1099,0.1617,0.6798,0.4966,0.9995
Naa16,Naa16,293.2532,0.1642,0.1368,1.2002,0.2301,0.9995
Naa20,Naa20,1973.4824,0.1193,0.0883,1.3512,0.1766,0.9995
Naa25,Naa25,1724.9287,-0.0156,0.0944,-0.165,0.869,0.9995
Naa30,Naa30,1530.7377,0.0075,0.1586,0.0476,0.962,0.9995
Naa35,Naa35,2075.8888,-0.0195,0.0657,-0.2973,0.7662,0.9995
Naa38,Naa38,452.2566,0.2301,0.1099,2.0934,0.0363,0.9995
Naa40,Naa40,1365.7948,0.0603,0.0833,0.7242,0.469,0.9995
Naa50,Naa50,6734.2911,0.1376,0.1805,0.7625,0.4458,0.9995
Naa60,Naa60,2107.2159,-0.012,0.0578,-0.2085,0.8348,0.9995
Naaa,Naaa,874.4025,0.0125,0.1662,0.0754,0.9399,0.9995
Naalad2,Naalad2,374.6195,-0.0218,0.0825,-0.2642,0.7916,0.9995
Naaladl1,Naaladl1,11.6642,-0.1771,0.488,-0.363,0.7166,0.9995
Nab1,Nab1,2128.8119,-0.0723,0.1248,-0.5794,0.5623,0.9995
Nab2,Nab2,3634.17,-0.0375,0.0633,-0.5927,0.5534,0.9995
Nabp1,Nabp1,1055.2911,-0.0391,0.1192,-0.3277,0.7431,0.9995
Nabp2,Nabp2,1806.7564,0.1198,0.0811,1.477,0.1397,0.9995
Naca,Naca,25668.8804,0.0849,0.0396,2.1426,0.0321,0.9995
Nacad,Nacad,195.9261,-0.0349,0.1313,-0.2659,0.7903,0.9995
Nacc1,Nacc1,7883.2796,0.0504,0.0756,0.6663,0.5052,0.9995
Nacc2,Nacc2,2954.0386,-0.0138,0.058,-0.2377,0.8121,0.9995
Nadk,Nadk,7103.0249,0.0449,0.1387,0.324,0.746,0.9995
Nadk2,Nadk2,1375.32,-0.0775,0.1031,-0.7518,0.4522,0.9995
Nadsyn1,Nadsyn1,374.5128,-0.0134,0.1214,-0.1106,0.912,0.9995
Nae1,Nae1,1621.2969,-0.0065,0.0968,-0.0675,0.9462,0.9995
Naf1,Naf1,889.779,-0.0195,0.1092,-0.1787,0.8582,0.9995
Naga,Naga,2729.3236,0.0323,0.1305,0.2473,0.8047,0.9995
Nagk,Nagk,1427.1932,0.006,0.084,0.0718,0.9428,0.9995
Naglu,Naglu,2647.3762,-0.0131,0.2015,-0.0652,0.948,0.9995
Nagpa,Nagpa,791.1106,-0.0344,0.1704,-0.2022,0.8397,0.9995
Nags,Nags,0.9171,-0.6182,2.2998,-0.2688,0.7881,0.9995
Naif1,Naif1,192.3225,-0.0129,0.1436,-0.0896,0.9286,0.9995
Naip1,Naip1,2.2932,-2.3385,1.1552,-2.0244,0.0429,0.9995
Naip2,Naip2,81.7141,-0.2521,0.2117,-1.1908,0.2337,0.9995
Naip5,Naip5,12.2526,-0.9996,0.5306,-1.8838,0.0596,0.9995
Naip6,Naip6,17.5947,0.0939,0.4391,0.2138,0.8307,0.9995
Nalcn,Nalcn,13.9784,-0.1465,0.6937,-0.2112,0.8328,0.9995
Nampt,Nampt,3066.1424,-0.081,0.1613,-0.5022,0.6155,0.9995
Nanog,Nanog,10.0635,0.0396,0.5661,0.07,0.9442,0.9995
Nanos1,Nanos1,32.3558,-0.1793,0.3455,-0.519,0.6037,0.9995
Nanos3,Nanos3,19.177,0.3153,0.3801,0.8294,0.4069,0.9995
Nanp,Nanp,56.4918,0.1194,0.3266,0.3654,0.7148,0.9995
Nans,Nans,2920.3285,0.0543,0.0927,0.5858,0.558,0.9995
Nap1l1,Nap1l1,14172.8595,-0.0984,0.0979,-1.0048,0.315,0.9995
Nap1l2,Nap1l2,31.926,-0.5429,0.3184,-1.705,0.0882,0.9995
Nap1l3,Nap1l3,9.037,-0.2692,0.5179,-0.5198,0.6032,0.9995
Nap1l4,Nap1l4,5233.6857,0.0026,0.083,0.0314,0.975,0.9995
Nap1l5,Nap1l5,1.4856,0.3324,1.2159,0.2734,0.7845,0.9995
Napa,Napa,4774.7253,0.0393,0.0761,0.5171,0.6051,0.9995
Napb,Napb,379.1113,0.0975,0.2065,0.4721,0.6369,0.9995
Napepld,Napepld,337.4644,-0.032,0.1462,-0.2188,0.8268,0.9995
Napg,Napg,1962.3508,0.0203,0.0833,0.2438,0.8074,0.9995
Naprt,Naprt,29.7983,0.0945,0.2857,0.3309,0.7407,0.9995
Napsa,Napsa,0.682,1.9853,1.9492,1.0185,0.3084,0.9995
Narf,Narf,3575.6744,0.0469,0.0829,0.5656,0.5717,0.9995
Narfl,Narfl,1092.6065,0.0551,0.0722,0.7636,0.4451,0.9995
Nars,Nars,13417.803,-0.0279,0.0859,-0.3247,0.7454,0.9995
Nars2,Nars2,930.3111,0.0468,0.1212,0.3864,0.6992,0.9995
Nasp,Nasp,1505.9745,-0.0463,0.2083,-0.2223,0.8241,0.9995
Nat1,Nat1,3.6566,-0.4965,0.7335,-0.6768,0.4985,0.9995
Nat10,Nat10,1651.5233,0.126,0.15,0.8398,0.401,0.9995
Nat14,Nat14,73.1796,-0.0419,0.1911,-0.2195,0.8263,0.9995
Nat2,Nat2,253.6414,-0.0416,0.117,-0.3557,0.722,0.9995
Nat6,Nat6,749.5934,0.0695,0.1721,0.404,0.6862,0.9995
Nat8,Nat8,3.8734,0.077,1.0723,0.0718,0.9428,0.9995
Nat8l,Nat8l,1.1385,-0.0724,1.4368,-0.0504,0.9598,0.9995
Nat9,Nat9,484.5438,0.1659,0.1277,1.2992,0.1939,0.9995
Natd1,Natd1,1652.4619,-0.0282,0.0633,-0.4453,0.6561,0.9995
Nav1,Nav1,3860.5172,-0.1582,0.1487,-1.0643,0.2872,0.9995
Nav2,Nav2,1338.0648,0.0465,0.1289,0.3604,0.7186,0.9995
Nav3,Nav3,691.7005,-0.0573,0.1316,-0.4351,0.6635,0.9995
Nbas,Nbas,1877.4603,-0.0437,0.0711,-0.6149,0.5386,0.9995
Nbea,Nbea,726.5147,-0.0931,0.1465,-0.6355,0.5251,0.9995
Nbeal1,Nbeal1,376.3051,-0.2517,0.1492,-1.6874,0.0915,0.9995
Nbeal2,Nbeal2,346.7273,-0.1084,0.0909,-1.1926,0.233,0.9995
Nbl1,Nbl1,12361.2197,0.1072,0.2132,0.5028,0.6151,0.9995
Nbn,Nbn,911.0524,-0.0827,0.1364,-0.6062,0.5444,0.9995
Nbr1,Nbr1,8804.1378,-0.0535,0.0719,-0.7446,0.4565,0.9995
Ncald,Ncald,116.7266,0.1478,0.1708,0.8654,0.3868,0.9995
Ncam1,Ncam1,14072.533,0.0588,0.202,0.2912,0.7709,0.9995
Ncapd2,Ncapd2,1785.047,-0.0558,0.2977,-0.1873,0.8515,0.9995
Ncapd3,Ncapd3,759.1037,-0.1367,0.1876,-0.7286,0.4663,0.9995
Ncapg,Ncapg,448.644,-0.1156,0.4074,-0.2837,0.7767,0.9995
Ncapg2,Ncapg2,730.5126,-0.1372,0.369,-0.3718,0.71,0.9995
Ncaph,Ncaph,1094.5729,-0.1358,0.3372,-0.4028,0.6871,0.9995
Ncaph2,Ncaph2,6010.8022,0.026,0.0829,0.3132,0.7542,0.9995
Ncbp1,Ncbp1,4328.6312,0.0657,0.0788,0.8334,0.4046,0.9995
Ncbp2,Ncbp2,2678.7757,0.0669,0.0824,0.8114,0.4171,0.9995
Ncdn,Ncdn,1663.4803,-0.0364,0.0702,-0.519,0.6037,0.9995
Nceh1,Nceh1,1019.215,-0.0644,0.1131,-0.5697,0.5689,0.9995
Ncf1,Ncf1,54.63,-0.0961,0.1958,-0.4907,0.6237,0.9995
Ncf2,Ncf2,7.4115,-0.5068,0.7592,-0.6676,0.5044,0.9995
Ncf4,Ncf4,17.352,0.0368,0.3944,0.0932,0.9257,0.9995
Nck1,Nck1,1568.4114,-0.001,0.1065,-0.0091,0.9927,0.9995
Nck2,Nck2,1709.7434,-0.016,0.0537,-0.2985,0.7653,0.9995
Nckap1,Nckap1,8106.8576,-0.1446,0.1245,-1.1614,0.2455,0.9995
Nckap1l,Nckap1l,45.2739,0.031,0.2174,0.1427,0.8865,0.9995
Nckap5,Nckap5,28.9459,-0.2556,0.3892,-0.6566,0.5114,0.9995
Nckap5l,Nckap5l,2395.828,-0.1104,0.1979,-0.558,0.5768,0.9995
Nckipsd,Nckipsd,464.5725,0.1602,0.1561,1.0259,0.3049,0.9995
Ncl,Ncl,12777.704,0.1487,0.1586,0.9375,0.3485,0.9995
Ncln,Ncln,4327.1395,0.0112,0.0752,0.1492,0.8814,0.9995
Ncmap,Ncmap,4.2157,1.3428,1.027,1.3075,0.191,0.9995
Ncoa1,Ncoa1,949.7586,-0.0865,0.149,-0.5805,0.5616,0.9995
Ncoa2,Ncoa2,1582.0468,-0.1237,0.1739,-0.7117,0.4767,0.9995
Ncoa3,Ncoa3,1111.595,-0.1681,0.1103,-1.5236,0.1276,0.9995
Ncoa4,Ncoa4,2193.9667,-0.0309,0.1198,-0.2577,0.7967,0.9995
Ncoa5,Ncoa5,2028.2941,-0.091,0.0913,-0.9976,0.3185,0.9995
Ncoa6,Ncoa6,2234.1708,-0.1525,0.1001,-1.5238,0.1276,0.9995
Ncoa7,Ncoa7,638.722,-0.0462,0.1931,-0.2392,0.8109,0.9995
Ncor1,Ncor1,4614.4272,-0.0588,0.1343,-0.4375,0.6617,0.9995
Ncor2,Ncor2,7034.8306,-0.1577,0.1219,-1.2932,0.196,0.9995
Ncs1,Ncs1,3703.2364,0.0922,0.1011,0.9123,0.3616,0.9995
Ncstn,Ncstn,5837.0317,0.0147,0.1016,0.1449,0.8848,0.9995
Nctc1,Nctc1,12.4661,0.6153,0.5955,1.0333,0.3015,0.9995
Ndc1,Ndc1,863.4725,-0.1006,0.1096,-0.9175,0.3589,0.9995
Ndc80,Ndc80,435.6769,0.0456,0.6132,0.0744,0.9407,0.9995
Nde1,Nde1,2940.2827,0.0233,0.1225,0.1904,0.849,0.9995
Ndel1,Ndel1,3769.2779,-0.0474,0.0708,-0.6693,0.5033,0.9995
Ndfip1,Ndfip1,7012.6325,-0.0184,0.0863,-0.2137,0.8308,0.9995
Ndfip2,Ndfip2,2737.8278,0.0551,0.0658,0.8381,0.402,0.9995
Ndn,Ndn,284.9919,-0.0082,0.1224,-0.0669,0.9466,0.9995
Ndnf,Ndnf,2.7419,-0.4101,1.2972,-0.3161,0.7519,0.9995
Ndnl2,Ndnl2,1256.2842,-0.0486,0.0852,-0.5706,0.5682,0.9995
Ndor1,Ndor1,1216.1815,0.0664,0.1783,0.3727,0.7094,0.9995
Ndrg1,Ndrg1,20273.9359,-0.0031,0.2918,-0.0106,0.9916,0.9995
Ndrg2,Ndrg2,2355.4086,0.0029,0.123,0.0238,0.9811,0.9995
Ndrg3,Ndrg3,3906.4246,0.0207,0.0476,0.4344,0.664,0.9995
Ndrg4,Ndrg4,6091.0278,0.0759,0.1684,0.4506,0.6523,0.9995
Ndst1,Ndst1,4737.6965,-0.0657,0.122,-0.5388,0.59,0.9995
Ndst2,Ndst2,1286.9171,0.0415,0.082,0.5067,0.6124,0.9995
Ndst3,Ndst3,73.0917,0.0271,0.2812,0.0963,0.9233,0.9995
Ndst4,Ndst4,49.2543,-0.1545,0.2271,-0.6806,0.4961,0.9995
Ndufa1,Ndufa1,1126.8036,0.1137,0.0963,1.1803,0.2379,0.9995
Ndufa10,Ndufa10,4382.3585,0.0999,0.074,1.3495,0.1772,0.9995
Ndufa11,Ndufa11,1604.918,0.074,0.0836,0.885,0.3762,0.9995
Ndufa12,Ndufa12,1729.1763,0.1115,0.077,1.4486,0.1475,0.9995
Ndufa13,Ndufa13,2588.7252,0.0909,0.0787,1.1557,0.2478,0.9995
Ndufa2,Ndufa2,1793.891,0.0921,0.0858,1.0737,0.2829,0.9995
Ndufa3,Ndufa3,695.8694,0.1995,0.0721,2.7656,0.0057,0.9995
Ndufa4,Ndufa4,3744.5043,0.0669,0.1566,0.4275,0.669,0.9995
Ndufa4l2,Ndufa4l2,17.8061,0.0572,0.4504,0.1271,0.8989,0.9995
Ndufa5,Ndufa5,909.8953,0.1536,0.0935,1.643,0.1004,0.9995
Ndufa6,Ndufa6,2453.9639,0.0371,0.0741,0.5003,0.6168,0.9995
Ndufa7,Ndufa7,3217.7869,0.1203,0.0742,1.6199,0.1053,0.9995
Ndufa8,Ndufa8,3086.215,0.0738,0.0698,1.0571,0.2905,0.9995
Ndufa9,Ndufa9,3513.5369,0.1105,0.1084,1.019,0.3082,0.9995
Ndufab1,Ndufab1,2031.3262,0.1317,0.0756,1.743,0.0813,0.9995
Ndufaf1,Ndufaf1,1086.0263,0.0524,0.0784,0.6682,0.504,0.9995
Ndufaf2,Ndufaf2,376.1377,0.0505,0.1315,0.3838,0.7011,0.9995
Ndufaf3,Ndufaf3,382.9559,0.121,0.1055,1.1474,0.2512,0.9995
Ndufaf4,Ndufaf4,974.2683,0.1759,0.0896,1.9618,0.0498,0.9995
Ndufaf5,Ndufaf5,395.2099,0.0869,0.1068,0.8138,0.4158,0.9995
Ndufaf6,Ndufaf6,174.7376,0.195,0.1516,1.2863,0.1983,0.9995
Ndufaf7,Ndufaf7,849.7982,0.0827,0.0904,0.9146,0.3604,0.9995
Ndufb10,Ndufb10,2984.5102,0.149,0.0825,1.8056,0.071,0.9995
Ndufb11,Ndufb11,2402.5436,0.1057,0.0736,1.4359,0.151,0.9995
Ndufb2,Ndufb2,675.906,0.1229,0.1072,1.1466,0.2516,0.9995
Ndufb3,Ndufb3,1430.0211,0.0328,0.0656,0.5003,0.6169,0.9995
Ndufb4,Ndufb4,1639.1355,0.2625,0.1344,1.9529,0.0508,0.9995
Ndufb5,Ndufb5,2593.3852,0.0964,0.0811,1.1888,0.2345,0.9995
Ndufb6,Ndufb6,1598.5194,0.1912,0.0951,2.0099,0.0444,0.9995
Ndufb7,Ndufb7,3186.2861,0.2041,0.0799,2.5541,0.0106,0.9995
Ndufb8,Ndufb8,3172.0751,0.1198,0.0947,1.2648,0.2059,0.9995
Ndufb9,Ndufb9,4614.223,0.1256,0.0946,1.3279,0.1842,0.9995
Ndufc1,Ndufc1,1122.1281,0.0842,0.1063,0.7916,0.4286,0.9995
Ndufc2,Ndufc2,2121.6869,0.017,0.0748,0.2274,0.8201,0.9995
Ndufs1,Ndufs1,4462.8748,0.0642,0.0809,0.7932,0.4277,0.9995
Ndufs2,Ndufs2,11456.2177,0.0941,0.0868,1.0841,0.2783,0.9995
Ndufs3,Ndufs3,3114.4416,0.0934,0.0825,1.1326,0.2574,0.9995
Ndufs4,Ndufs4,2269.9982,0.1478,0.1089,1.3567,0.1749,0.9995
Ndufs6,Ndufs6,1297.9791,0.1389,0.0852,1.6308,0.1029,0.9995
Ndufs7,Ndufs7,1700.0226,0.0609,0.0589,1.0342,0.301,0.9995
Ndufs8,Ndufs8,2211.9767,0.0761,0.1142,0.6666,0.505,0.9995
Ndufv1,Ndufv1,4891.6939,0.0966,0.0839,1.1525,0.2491,0.9995
Ndufv2,Ndufv2,3539.374,0.0888,0.0984,0.9024,0.3668,0.9995
Ndufv3,Ndufv3,2325.3755,0.0834,0.112,0.744,0.4569,0.9995
Neat1,Neat1,8012.6241,0.4192,0.2781,1.5072,0.1318,0.9995
Neb,Neb,2913.5614,-0.0243,0.3562,-0.0683,0.9455,0.9995
Nebl,Nebl,7.3188,-0.8342,0.6849,-1.218,0.2232,0.9995
Necab1,Necab1,12.5964,0.0618,0.4925,0.1256,0.9001,0.9995
Necab3,Necab3,10.4122,0.2881,0.4908,0.5871,0.5571,0.9995
Necap1,Necap1,2080.8162,0.0512,0.0796,0.6425,0.5205,0.9995
Necap2,Necap2,2714.6442,0.0902,0.1409,0.6401,0.5221,0.9995
Nedd1,Nedd1,1431.4095,-0.0825,0.1275,-0.647,0.5176,0.9995
Nedd4,Nedd4,46345.9484,-0.1192,0.139,-0.8578,0.391,0.9995
Nedd4l,Nedd4l,1869.5613,-0.0744,0.1319,-0.5644,0.5725,0.9995
Nedd8,Nedd8,3280.986,0.1049,0.0581,1.804,0.0712,0.9995
Nedd9,Nedd9,4010.9349,-0.287,0.1204,-2.3842,0.0171,0.9995
Nefh,Nefh,5.1398,0.4602,0.6514,0.7066,0.4798,0.9995
Nefl,Nefl,553.5783,-0.5901,0.4407,-1.3389,0.1806,0.9995
Nefm,Nefm,109.9898,-0.3581,0.3886,-0.9215,0.3568,0.9995
Negr1,Negr1,20.5736,-0.4015,0.347,-1.1571,0.2473,0.9995
Neil1,Neil1,384.7834,-0.0664,0.1067,-0.6222,0.5338,0.9995
Neil2,Neil2,2.0582,1.0394,0.9615,1.081,0.2797,0.9995
Neil3,Neil3,217.1907,-0.08,0.4845,-0.1652,0.8688,0.9995
Nek1,Nek1,810.9312,-0.0213,0.2238,-0.0953,0.924,0.9995
Nek10,Nek10,3.541,0.5201,0.8825,0.5894,0.5556,0.9995
Nek11,Nek11,7.4361,-0.021,0.5866,-0.0357,0.9715,0.9995
Nek2,Nek2,935.23,-0.0773,0.354,-0.2184,0.8271,0.9995
Nek3,Nek3,267.4019,0.0056,0.1092,0.0513,0.9591,0.9995
Nek4,Nek4,646.2346,-0.0896,0.1056,-0.8482,0.3963,0.9995
Nek6,Nek6,2852.898,0.0749,0.2111,0.3548,0.7227,0.9995
Nek7,Nek7,4564.0008,0.0581,0.1447,0.4017,0.6879,0.9995
Nek8,Nek8,433.0919,-0.1332,0.1087,-1.2262,0.2201,0.9995
Nek9,Nek9,6836.9847,0.0025,0.0697,0.0356,0.9716,0.9995
Nelfa,Nelfa,1086.2235,-0.0313,0.0797,-0.393,0.6943,0.9995
Nelfb,Nelfb,2711.6118,0.0116,0.0858,0.1356,0.8921,0.9995
Nelfcd,Nelfcd,1472.8868,0.0333,0.0878,0.3788,0.7048,0.9995
Nelfe,Nelfe,1488.9243,0.0683,0.0715,0.954,0.3401,0.9995
Nell2,Nell2,13.5914,0.5706,0.3892,1.466,0.1427,0.9995
Nemf,Nemf,934.3733,0.1678,0.1308,1.2833,0.1994,0.9995
Nenf,Nenf,1783.0053,0.1353,0.1204,1.1241,0.261,0.9995
Neo1,Neo1,6553.546,-0.0734,0.2037,-0.3605,0.7185,0.9995
Nepn,Nepn,1.37,0.1102,1.2808,0.086,0.9315,0.9995
Nes,Nes,41616.2515,-0.1268,0.2563,-0.4947,0.6208,0.9995
Nespas,Nespas,11.6702,-0.0144,0.4242,-0.034,0.9729,0.9995
Net1,Net1,4477.5559,-0.0283,0.0749,-0.3782,0.7053,0.9995
Neto2,Neto2,25.9491,-0.09,0.4016,-0.2241,0.8227,0.9995
Neu1,Neu1,1815.4355,0.0403,0.1623,0.2483,0.8039,0.9995
Neu2,Neu2,45.1542,0.3547,0.2204,1.6096,0.1075,0.9995
Neu3,Neu3,167.4821,0.0429,0.1423,0.3016,0.763,0.9995
Neurl1a,Neurl1a,3076.6786,-0.0321,0.2628,-0.1223,0.9026,0.9995
Neurl1b,Neurl1b,152.6334,0.137,0.5384,0.2545,0.7991,0.9995
Neurl2,Neurl2,153.3078,0.1509,0.1653,0.9127,0.3614,0.9995
Neurl3,Neurl3,145.5495,-0.0592,0.2401,-0.2465,0.8053,0.9995
Neurl4,Neurl4,2040.5576,-0.0293,0.0668,-0.4384,0.6611,0.9995
Nexn,Nexn,1023.3944,0.0093,0.2365,0.0395,0.9685,0.9995
Nf1,Nf1,2174.2392,-0.1609,0.1621,-0.9927,0.3208,0.9995
Nf2,Nf2,4899.0737,-0.038,0.065,-0.5841,0.5592,0.9995
Nfam1,Nfam1,0.572,-0.3729,2.0522,-0.1817,0.8558,0.9995
Nfat5,Nfat5,4479.7669,-0.1929,0.1783,-1.0818,0.2793,0.9995
Nfatc1,Nfatc1,1203.1383,-0.0624,0.1349,-0.4621,0.644,0.9995
Nfatc2,Nfatc2,26.0607,-0.0258,0.7875,-0.0327,0.9739,0.9995
Nfatc2ip,Nfatc2ip,418.0732,0.0504,0.1216,0.4146,0.6785,0.9995
Nfatc3,Nfatc3,2575.3898,-0.1788,0.1343,-1.3316,0.183,0.9995
Nfatc4,Nfatc4,1425.9688,-0.0044,0.0947,-0.0464,0.963,0.9995
Nfe2,Nfe2,6.1695,0.0522,0.6303,0.0827,0.9341,0.9995
Nfe2l1,Nfe2l1,27291.2673,0.0747,0.1295,0.5764,0.5644,0.9995
Nfe2l2,Nfe2l2,8196.8227,-0.0565,0.1476,-0.3828,0.7019,0.9995
Nfe2l3,Nfe2l3,7.3093,0.5388,0.5203,1.0356,0.3004,0.9995
Nfia,Nfia,36.0418,-0.2748,0.322,-0.8536,0.3933,0.9995
Nfib,Nfib,1659.6821,-0.0386,0.16,-0.2414,0.8092,0.9995
Nfic,Nfic,11365.7788,-0.1088,0.1293,-0.8414,0.4001,0.9995
Nfil3,Nfil3,3083.965,0.088,0.2893,0.3043,0.7609,0.9995
Nfix,Nfix,13329.7381,-0.018,0.0845,-0.2128,0.8315,0.9995
Nfkb1,Nfkb1,5206.4178,-0.0846,0.0463,-1.8279,0.0676,0.9995
Nfkb2,Nfkb2,3343.4712,0.028,0.0902,0.3101,0.7565,0.9995
Nfkbia,Nfkbia,1688.6071,0.0919,0.1211,0.7586,0.4481,0.9995
Nfkbib,Nfkbib,686.3787,0.0477,0.092,0.5187,0.604,0.9995
Nfkbid,Nfkbid,10.4017,0.5061,0.4416,1.1459,0.2518,0.9995
Nfkbie,Nfkbie,887.0869,0.1112,0.1112,1.0003,0.3172,0.9995
Nfkbil1,Nfkbil1,621.1521,0.0771,0.1169,0.6596,0.5095,0.9995
Nfkbiz,Nfkbiz,3400.167,-0.1084,0.2532,-0.4281,0.6686,0.9995
Nfrkb,Nfrkb,1108.8112,0.0217,0.0697,0.3113,0.7556,0.9995
Nfs1,Nfs1,1980.7999,0.1337,0.0876,1.5263,0.1269,0.9995
Nfu1,Nfu1,1524.7797,0.1105,0.0648,1.7053,0.0881,0.9995
Nfx1,Nfx1,3709.4709,-0.0351,0.0764,-0.46,0.6455,0.9995
Nfxl1,Nfxl1,895.5412,-0.0699,0.1091,-0.6401,0.5221,0.9995
Nfya,Nfya,1913.4232,0.0263,0.0743,0.3545,0.7229,0.9995
Nfyb,Nfyb,1127.4582,-0.0788,0.0915,-0.8613,0.3891,0.9995
Nfyc,Nfyc,1346.9608,0.0083,0.0813,0.1018,0.9189,0.9995
Ngb,Ngb,3.3091,-0.6853,0.9696,-0.7068,0.4797,0.9995
Ngdn,Ngdn,1248.2075,0.0334,0.0792,0.4215,0.6734,0.9995
Ngef,Ngef,954.8299,0.2213,0.1134,1.9516,0.051,0.9995
Ngf,Ngf,136.0105,0.0434,0.3082,0.1409,0.8879,0.9995
Ngfr,Ngfr,15.3052,0.1891,0.4402,0.4296,0.6675,0.9995
Ngfrap1,Ngfrap1,1842.9905,0.1659,0.1061,1.5632,0.118,0.9995
Ngly1,Ngly1,1121.6795,-0.0429,0.1045,-0.4102,0.6817,0.9995
Ngrn,Ngrn,1202.2646,0.0692,0.0701,0.9872,0.3235,0.9995
Nhej1,Nhej1,105.4802,0.1475,0.1717,0.8594,0.3901,0.9995
Nhlh2,Nhlh2,2.9741,0.2048,0.9336,0.2193,0.8264,0.9995
Nhlrc1,Nhlrc1,50.2893,0.3475,0.2128,1.6333,0.1024,0.9995
Nhlrc2,Nhlrc2,1044.6888,-0.1115,0.0935,-1.1917,0.2334,0.9995
Nhlrc3,Nhlrc3,365.1661,0.0178,0.2467,0.072,0.9426,0.9995
Nhlrc4,Nhlrc4,49.0227,0.0277,0.223,0.1244,0.901,0.9995
Nhp2,Nhp2,1376.3596,0.1375,0.1153,1.1919,0.2333,0.9995
Nhp2l1,Nhp2l1,3924.0149,0.2061,0.106,1.9444,0.0518,0.9995
Nhs,Nhs,36.4967,-0.2746,0.3453,-0.7951,0.4266,0.9995
Nhsl1,Nhsl1,2064.1733,-0.2337,0.1396,-1.6745,0.094,0.9995
Nhsl2,Nhsl2,24.7152,-0.1416,0.4313,-0.3283,0.7427,0.9995
Nicn1,Nicn1,1292.6449,-0.0466,0.0912,-0.5112,0.6092,0.9995
Nid1,Nid1,29595.9951,0.1701,0.5215,0.3262,0.7443,0.9995
Nid2,Nid2,20309.7275,-0.1837,0.1572,-1.1686,0.2426,0.9995
Nif3l1,Nif3l1,1405.2615,-0.0334,0.0794,-0.4213,0.6735,0.9995
Nifk,Nifk,2774.225,0.0489,0.1006,0.486,0.627,0.9995
Nim1k,Nim1k,29.0322,-0.3712,0.3249,-1.1426,0.2532,0.9995
Nin,Nin,1115.2533,-0.1354,0.1842,-0.7348,0.4625,0.9995
Ninj1,Ninj1,1121.6578,0.0892,0.1194,0.747,0.455,0.9995
Ninj2,Ninj2,1.3694,-0.0506,1.1457,-0.0442,0.9648,0.9995
Ninl,Ninl,637.8678,-0.0958,0.0913,-1.0499,0.2938,0.9995
Nip7,Nip7,1834.6044,0.1109,0.0781,1.4206,0.1554,0.9995
Nipa1,Nipa1,300.985,0.0495,0.0984,0.5031,0.6149,0.9995
Nipa2,Nipa2,1185.1719,0.0081,0.0671,0.1204,0.9042,0.9995
Nipal1,Nipal1,68.8993,0.1198,0.1845,0.6494,0.5161,0.9995
Nipal2,Nipal2,0.3435,0.9378,2.6523,0.3536,0.7237,0.9995
Nipal3,Nipal3,252.6608,0.016,0.1232,0.1302,0.8964,0.9995
Nipal4,Nipal4,17.1308,0.2043,0.3836,0.5325,0.5944,0.9995
Nipbl,Nipbl,1734.0086,-0.1663,0.1034,-1.6084,0.1078,0.9995
Nipsnap1,Nipsnap1,429.0748,-0.1432,0.1185,-1.2089,0.2267,0.9995
Nipsnap3b,Nipsnap3b,1273.9529,-0.0628,0.1321,-0.4756,0.6344,0.9995
Nisch,Nisch,22641.9979,-0.0668,0.0643,-1.0397,0.2985,0.9995
Nit1,Nit1,733.7774,0.0725,0.0834,0.8692,0.3847,0.9995
Nit2,Nit2,792.1671,0.0531,0.0948,0.5607,0.575,0.9995
Nkain1,Nkain1,2867.4511,0.0099,0.0717,0.1383,0.89,0.9995
Nkain2,Nkain2,14.3146,-0.5634,0.4447,-1.2671,0.2051,0.9995
Nkain3,Nkain3,0.3453,-0.4801,2.6703,-0.1798,0.8573,0.9995
Nkap,Nkap,745.8177,0.0517,0.1333,0.3878,0.6982,0.9995
Nkapl,Nkapl,5.2565,0.6153,0.5971,1.0305,0.3028,0.9995
Nkd1,Nkd1,2.7452,0.2849,0.9036,0.3153,0.7525,0.9995
Nkd2,Nkd2,1438.0075,-0.2372,0.2998,-0.7913,0.4288,0.9995
Nkiras1,Nkiras1,571.466,0.062,0.1056,0.5878,0.5567,0.9995
Nkiras2,Nkiras2,536.6196,0.016,0.098,0.1631,0.8705,0.9995
Nkpd1,Nkpd1,0.3423,0.9335,2.6541,0.3517,0.7251,0.9995
Nkrf,Nkrf,486.6702,0.0284,0.1657,0.1714,0.8639,0.9995
Nktr,Nktr,2508.4065,-0.1123,0.1693,-0.6632,0.5072,0.9995
Nkx2-3,Nkx2-3,5.2492,0.6709,0.755,0.8887,0.3742,0.9995
Nkx2-5,Nkx2-5,12.7988,0.2489,0.3801,0.6548,0.5126,0.9995
Nkx3-2,Nkx3-2,10.4011,-0.3428,0.5671,-0.6045,0.5455,0.9995
Nkx6-3,Nkx6-3,7.2084,-0.7031,0.6522,-1.0779,0.2811,0.9995
Nle1,Nle1,633.3728,0.0886,0.116,0.7639,0.4449,0.9995
Nlgn2,Nlgn2,2987.7788,-0.1326,0.1001,-1.3254,0.1851,0.9995
Nlgn3,Nlgn3,10.5246,0.0348,0.453,0.0769,0.9387,0.9995
Nlk,Nlk,686.9689,-0.0437,0.1032,-0.4237,0.6718,0.9995
Nln,Nln,1761.1845,0.042,0.1427,0.2947,0.7682,0.9995
Nlrc3,Nlrc3,138.3608,0.0795,0.1607,0.495,0.6206,0.9995
Nlrc4,Nlrc4,0.6855,-0.7848,1.9701,-0.3984,0.6903,0.9995
Nlrc5,Nlrc5,98.5969,-0.214,0.203,-1.0543,0.2917,0.9995
Nlrp10,Nlrp10,16.3359,0.3908,0.3629,1.0769,0.2815,0.9995
Nlrp12,Nlrp12,0.6809,-1.4682,2.3577,-0.6227,0.5335,0.9995
Nlrp1b,Nlrp1b,0.3446,0.9378,2.6503,0.3539,0.7234,0.9995
Nlrp2,Nlrp2,2.1615,0.6967,1.7934,0.3885,0.6977,0.9995
Nlrp3,Nlrp3,3.2,0.137,0.9256,0.148,0.8823,0.9995
Nlrp4e,Nlrp4e,11.5372,0.6015,0.4684,1.2842,0.1991,0.9995
Nlrp4f,Nlrp4f,0.4579,-1.062,2.0899,-0.5082,0.6113,0.9995
Nlrp5,Nlrp5,0.6857,0.1179,2.0231,0.0583,0.9535,0.9995
Nlrp5-ps,Nlrp5-ps,1.262,-1.2776,1.5492,-0.8247,0.4095,0.9995
Nlrx1,Nlrx1,577.1794,0.0428,0.0905,0.4727,0.6364,0.9995
Nmb,Nmb,26.8575,0.4091,0.3053,1.3399,0.1803,0.9995
Nmbr,Nmbr,0.6848,-0.2963,2.0299,-0.1459,0.884,0.9995
Nmd3,Nmd3,1957.779,-0.0392,0.116,-0.3384,0.7351,0.9995
Nme1,Nme1,3256.2126,0.155,0.1096,1.4137,0.1575,0.9995
Nme2,Nme2,12266.6647,0.1115,0.0773,1.4426,0.1491,0.9995
Nme3,Nme3,298.7665,0.0709,0.1684,0.4213,0.6735,0.9995
Nme4,Nme4,336.3857,0.0562,0.1241,0.453,0.6506,0.9995
Nme5,Nme5,72.7322,0.061,0.2058,0.2964,0.7669,0.9995
Nme6,Nme6,484.8696,-0.0068,0.1492,-0.0454,0.9638,0.9995
Nme7,Nme7,783.6733,-0.0553,0.0757,-0.7296,0.4657,0.9995
Nmi,Nmi,111.9104,-0.0753,0.171,-0.4404,0.6596,0.9995
Nmnat1,Nmnat1,275.0975,-0.047,0.1277,-0.3683,0.7126,0.9995
Nmnat2,Nmnat2,599.1788,0.0636,0.1896,0.3354,0.7373,0.9995
Nmnat3,Nmnat3,152.0999,0.08,0.2617,0.3057,0.7599,0.9995
Nmral1,Nmral1,354.9815,0.0126,0.1183,0.1066,0.9151,0.9995
Nmrk1,Nmrk1,202.8787,-0.0566,0.1163,-0.4865,0.6266,0.9995
Nmrk2,Nmrk2,254.8608,0.2049,0.4572,0.4482,0.654,0.9995
Nmt1,Nmt1,5521.5712,0.0224,0.0692,0.3244,0.7456,0.9995
Nmt2,Nmt2,1604.4435,-0.1066,0.1371,-0.7778,0.4367,0.9995
Nmu,Nmu,0.5719,1.7809,2.3401,0.761,0.4466,0.9995
Nmur1,Nmur1,0.3442,-0.4801,2.6724,-0.1797,0.8574,0.9995
Nnat,Nnat,13.131,0.2863,0.4531,0.6318,0.5275,0.9995
Nnmt,Nnmt,348.9588,-0.0527,0.1009,-0.5221,0.6016,0.9995
Nnt,Nnt,2935.8927,-0.0355,0.096,-0.3693,0.7119,0.9995
Noa1,Noa1,881.2292,0.0335,0.0798,0.4203,0.6743,0.9995
Nob1,Nob1,1382.0396,0.0511,0.096,0.5328,0.5942,0.9995
Nobox,Nobox,2.8552,-0.1674,0.7963,-0.2103,0.8335,0.9995
Noc2l,Noc2l,2286.901,0.0991,0.1061,0.9347,0.3499,0.9995
Noc3l,Noc3l,980.8593,0.0282,0.1149,0.2451,0.8064,0.9995
Noc4l,Noc4l,1461.6382,-0.0137,0.0884,-0.1545,0.8772,0.9995
Nod1,Nod1,1261.4224,0.0399,0.1161,0.3436,0.7312,0.9995
Nod2,Nod2,534.5451,0.161,0.1078,1.4932,0.1354,0.9995
Nog,Nog,25.6843,0.0848,0.3599,0.2357,0.8137,0.9995
Nol10,Nol10,1613.4239,0.0972,0.0979,0.9925,0.321,0.9995
Nol11,Nol11,2093.2739,-0.0405,0.0827,-0.4897,0.6244,0.9995
Nol12,Nol12,1626.7398,0.0602,0.0685,0.8786,0.3796,0.9995
Nol3,Nol3,1245.7023,-0.0327,0.1154,-0.2829,0.7773,0.9995
Nol4,Nol4,192.9814,-0.186,0.2928,-0.6352,0.5253,0.9995
Nol4l,Nol4l,91.1474,-0.0011,0.2002,-0.0057,0.9954,0.9995
Nol6,Nol6,2337.6284,0.0731,0.1119,0.6533,0.5136,0.9995
Nol7,Nol7,1442.4597,-0.0568,0.121,-0.4691,0.639,0.9995
Nol8,Nol8,458.5698,0.0068,0.1301,0.0519,0.9586,0.9995
Nol9,Nol9,2141.5908,0.043,0.1,0.4302,0.667,0.9995
Nolc1,Nolc1,3505.3782,0.0792,0.0872,0.9087,0.3635,0.9995
Nom1,Nom1,1766.0335,0.0033,0.0783,0.0418,0.9667,0.9995
Nomo1,Nomo1,5663.1518,0.0258,0.1047,0.2463,0.8054,0.9995
Nono,Nono,14005.5647,0.0286,0.0653,0.4372,0.662,0.9995
Nop10,Nop10,1444.5525,0.0777,0.1176,0.6603,0.509,0.9995
Nop14,Nop14,1874.8442,0.0008,0.0894,0.009,0.9928,0.9995
Nop16,Nop16,1620.6205,0.1499,0.1092,1.3729,0.1698,0.9995
Nop2,Nop2,2969.442,0.1105,0.0811,1.3623,0.1731,0.9995
Nop56,Nop56,3742.2088,0.1134,0.1105,1.0263,0.3047,0.9995
Nop58,Nop58,1855.4835,0.1283,0.1924,0.6666,0.505,0.9995
Nop9,Nop9,1720.2941,0.0609,0.0988,0.6168,0.5374,0.9995
Nos1,Nos1,170.7902,0.0198,0.1487,0.1334,0.8939,0.9995
Nos1ap,Nos1ap,4.5779,-1.2549,0.6973,-1.7995,0.0719,0.9995
Nos2,Nos2,1489.5537,0.213,0.7945,0.2681,0.7886,0.9995
Nos3,Nos3,30.3002,-0.0178,0.2726,-0.0652,0.948,0.9995
Nosip,Nosip,1391.1205,0.0573,0.076,0.7544,0.4506,0.9995
Nostrin,Nostrin,3.3251,0.9863,1.1024,0.8947,0.3709,0.9995
Notch1,Notch1,1632.039,-0.2316,0.2279,-1.0162,0.3095,0.9995
Notch2,Notch2,9313.4574,-0.1663,0.0814,-2.0419,0.0412,0.9995
Notch3,Notch3,5014.3443,-0.1804,0.1809,-0.9973,0.3186,0.9995
Notch4,Notch4,21.8193,-0.0263,0.4071,-0.0646,0.9485,0.9995
Notum,Notum,63.5847,0.3582,0.399,0.8976,0.3694,0.9995
Nov,Nov,1435.1126,-0.8398,0.6292,-1.3347,0.182,0.9995
Nova2,Nova2,7.6385,0.3096,0.6719,0.4608,0.645,0.9995
Nox1,Nox1,2.6302,0.4211,0.8906,0.4728,0.6364,0.9995
Nox4,Nox4,345.626,-0.0067,0.2316,-0.0289,0.977,0.9995
Noxa1,Noxa1,0.344,-0.476,2.6711,-0.1782,0.8586,0.9995
Noxo1,Noxo1,99.5521,-0.12,0.1648,-0.728,0.4666,0.9995
Noxred1,Noxred1,14.9462,0.3475,0.4711,0.7377,0.4607,0.9995
Npas1,Npas1,9.3605,0.3048,0.5015,0.6078,0.5433,0.9995
Npas2,Npas2,129.0578,-0.0882,0.3347,-0.2637,0.792,0.9995
Npas3,Npas3,12.2333,0.717,0.8167,0.8779,0.38,0.9995
Npas4,Npas4,28.365,0.3122,0.4548,0.6863,0.4925,0.9995
Npat,Npat,800.945,0.0428,0.1277,0.335,0.7376,0.9995
Npb,Npb,3.5466,0.6328,0.8412,0.7522,0.4519,0.9995
Npc1,Npc1,3774.9539,0.028,0.2306,0.1214,0.9034,0.9995
Npc1l1,Npc1l1,9.2522,-0.1687,0.4729,-0.3567,0.7213,0.9995
Npc2,Npc2,22475.9625,0.0319,0.1127,0.2831,0.7771,0.9995
Npdc1,Npdc1,5844.9526,0.0109,0.1095,0.0998,0.9205,0.9995
Npepl1,Npepl1,1714.1791,0.0757,0.0673,1.1243,0.2609,0.9995
Npepps,Npepps,7802.0151,-0.0429,0.0889,-0.4824,0.6295,0.9995
Npff,Npff,38.3631,0.3455,0.4167,0.8291,0.407,0.9995
Nphp1,Nphp1,1517.2278,-0.085,0.0727,-1.169,0.2424,0.9995
Nphp3,Nphp3,523.2459,-0.0221,0.1043,-0.2116,0.8324,0.9995
Nphp4,Nphp4,160.0287,-0.0275,0.1627,-0.1691,0.8657,0.9995
Nphs1,Nphs1,0.3441,-1.7844,2.6033,-0.6854,0.4931,0.9995
Nphs2,Nphs2,6.4043,0.4893,0.6134,0.7976,0.4251,0.9995
Npl,Npl,2.172,0.1768,0.9285,0.1904,0.849,0.9995
Nploc4,Nploc4,6293.8356,0.0539,0.0695,0.7749,0.4384,0.9995
Npm1,Npm1,17202.0497,0.0129,0.1046,0.1231,0.902,0.9995
Npm2,Npm2,8.6874,0.0187,0.4629,0.0404,0.9678,0.9995
Npm3,Npm3,1093.9156,0.1075,0.0873,1.2303,0.2186,0.9995
Npm3-ps1,Npm3-ps1,12.2416,-0.1592,0.509,-0.3128,0.7544,0.9995
Npnt,Npnt,5038.7398,0.0963,0.2464,0.3908,0.6959,0.9995
Nppa,Nppa,2.3996,-1.0211,1.0116,-1.0094,0.3128,0.9995
Nppb,Nppb,18.1944,-0.2399,0.4574,-0.5245,0.6,0.9995
Nppc,Nppc,6.1846,0.0081,0.7426,0.0109,0.9913,0.9995
Npr1,Npr1,8.1107,-0.2343,0.5014,-0.4673,0.6403,0.9995
Npr2,Npr2,2446.0987,0.0158,0.0694,0.2281,0.8196,0.9995
Npr3,Npr3,81.8708,-0.0938,0.3225,-0.2909,0.7711,0.9995
Nprl2,Nprl2,674.7263,0.0965,0.1068,0.9041,0.3659,0.9995
Nprl3,Nprl3,1059.5594,0.1358,0.0867,1.5659,0.1174,0.9995
Nps,Nps,3.3149,0.6648,0.7902,0.8414,0.4002,0.9995
Nptn,Nptn,15572.022,-0.009,0.0758,-0.1189,0.9054,0.9995
Nptx1,Nptx1,1247.7077,-0.28,0.3192,-0.8773,0.3803,0.9995
Nptxr,Nptxr,28.4712,-0.498,0.3196,-1.5581,0.1192,0.9995
Npw,Npw,0.7978,0.2838,1.7325,0.1638,0.8699,0.9995
Npy1r,Npy1r,283.7435,0.1276,0.6773,0.1884,0.8505,0.9995
Npy4r,Npy4r,22.9919,0.874,0.7424,1.1773,0.2391,0.9995
Npy5r,Npy5r,2.1687,-0.602,1.0397,-0.5791,0.5625,0.9995
Nqo1,Nqo1,1440.4256,0.2568,0.6155,0.4173,0.6765,0.9995
Nqo2,Nqo2,1692.1819,0.028,0.0909,0.3082,0.7579,0.9995
Nr1d1,Nr1d1,2212.0672,0.3068,0.0943,3.2519,0.0011,0.9995
Nr1d2,Nr1d2,1707.2556,0.0343,0.2066,0.1662,0.868,0.9995
Nr1h2,Nr1h2,2348.1249,0.0048,0.1016,0.0471,0.9624,0.9995
Nr1h3,Nr1h3,145.0972,-0.0343,0.2309,-0.1487,0.8818,0.9995
Nr1h4,Nr1h4,0.9114,-0.1314,1.6684,-0.0787,0.9372,0.9995
Nr1h5,Nr1h5,17.2718,0.2541,0.4201,0.6047,0.5454,0.9995
Nr1i2,Nr1i2,1.7164,1.486,1.1751,1.2646,0.206,0.9995
Nr1i3,Nr1i3,3.3124,1.3726,0.7997,1.7163,0.0861,0.9995
Nr2c1,Nr2c1,1249.7441,0.0097,0.086,0.1127,0.9103,0.9995
Nr2c2,Nr2c2,987.6794,-0.1853,0.1197,-1.5483,0.1215,0.9995
Nr2c2ap,Nr2c2ap,45.4639,0.1447,0.3223,0.4488,0.6536,0.9995
Nr2f1,Nr2f1,290.0018,-0.0795,0.1102,-0.7217,0.4705,0.9995
Nr2f2,Nr2f2,877.4458,-0.0284,0.1226,-0.2319,0.8166,0.9995
Nr2f6,Nr2f6,1629.5787,-0.0288,0.0983,-0.2933,0.7693,0.9995
Nr3c1,Nr3c1,3716.3285,0,0.1342,0.0003,0.9998,1
Nr3c2,Nr3c2,17.8318,0.4377,0.37,1.1832,0.2367,0.9995
Nr4a1,Nr4a1,571.2487,-0.0875,0.1217,-0.7189,0.4722,0.9995
Nr4a2,Nr4a2,222.2635,0.065,0.1728,0.3765,0.7066,0.9995
Nr4a3,Nr4a3,30.535,0.1682,0.514,0.3273,0.7434,0.9995
Nr5a1,Nr5a1,1.034,1.8692,1.9021,0.9827,0.3258,0.9995
Nr6a1,Nr6a1,326.2317,-0.035,0.1165,-0.3009,0.7635,0.9995
Nradd,Nradd,1890.3758,0.0996,0.1038,0.9594,0.3374,0.9995
Nrap,Nrap,1792.4398,-0.0605,0.1656,-0.3654,0.7148,0.9995
Nrarp,Nrarp,33.1645,0.1291,0.5101,0.2531,0.8002,0.9995
Nras,Nras,4383.6334,-0.0966,0.1097,-0.8804,0.3787,0.9995
Nrbf2,Nrbf2,1111.1759,0.0578,0.1125,0.5134,0.6077,0.9995
Nrbp1,Nrbp1,4702.3642,0.0583,0.0897,0.6497,0.5159,0.9995
Nrbp2,Nrbp2,673.9493,-0.0745,0.0828,-0.8997,0.3683,0.9995
Nrcam,Nrcam,21.5623,-0.0585,0.4511,-0.1296,0.8969,0.9995
Nrd1,Nrd1,6317.5935,-0.0786,0.0645,-1.2177,0.2233,0.9995
Nrde2,Nrde2,815.904,-0.0503,0.0792,-0.6345,0.5258,0.9995
Nrep,Nrep,2858.885,0.0256,0.2525,0.1016,0.9191,0.9995
Nrf1,Nrf1,1242.1238,-0.0402,0.0889,-0.4514,0.6517,0.9995
Nrg1,Nrg1,425.6632,-0.0902,0.1528,-0.5905,0.5549,0.9995
Nrg4,Nrg4,16.6885,0.2523,0.3875,0.6513,0.5149,0.9995
Nrip1,Nrip1,360.6634,-0.4121,0.1948,-2.1155,0.0344,0.9995
Nrip2,Nrip2,53.1754,0.0323,0.3645,0.0887,0.9293,0.9995
Nrip3,Nrip3,5.7121,-0.1178,0.5753,-0.2048,0.8377,0.9995
Nrk,Nrk,0.9179,-0.59,1.4635,-0.4032,0.6868,0.9995
Nrm,Nrm,361.9187,0.03,0.241,0.1246,0.9008,0.9995
Nrn1,Nrn1,1496.1908,0.0867,0.3812,0.2275,0.82,0.9995
Nrn1l,Nrn1l,3.5418,0.0918,0.7496,0.1224,0.9026,0.9995
Nrp,Nrp,9.1385,-0.1316,0.4853,-0.2713,0.7862,0.9995
Nrp1,Nrp1,3161.4699,-0.09,0.0995,-0.9047,0.3656,0.9995
Nrp2,Nrp2,8122.2623,-0.0875,0.1271,-0.6885,0.4911,0.9995
Nrros,Nrros,2.17,-0.9212,1.3382,-0.6884,0.4912,0.9995
Nrtn,Nrtn,6.2884,-0.2323,0.5923,-0.3922,0.6949,0.9995
Nrxn1,Nrxn1,1.0304,-1.585,1.4292,-1.1091,0.2674,0.9995
Nrxn3,Nrxn3,64.7045,0.3325,0.2828,1.1758,0.2397,0.9995
Nsa2,Nsa2,5471.5679,0.0894,0.0875,1.0218,0.3069,0.9995
Nsd1,Nsd1,3954.8855,-0.0317,0.1402,-0.2258,0.8213,0.9995
Nsdhl,Nsdhl,2993.3575,-0.1058,0.1246,-0.8486,0.3961,0.9995
Nsf,Nsf,2261.6074,-0.0681,0.1,-0.6804,0.4963,0.9995
Nsfl1c,Nsfl1c,3505.3021,0.101,0.0517,1.9541,0.0507,0.9995
Nsg1,Nsg1,6949.3291,0.0949,0.194,0.4891,0.6248,0.9995
Nsl1,Nsl1,246.142,-0.1069,0.4145,-0.2579,0.7965,0.9995
Nsmaf,Nsmaf,1710.4657,0.0042,0.0864,0.0485,0.9613,0.9995
Nsmce1,Nsmce1,957.4535,-0.0246,0.1001,-0.2458,0.8058,0.9995
Nsmce2,Nsmce2,2407.0718,0.0087,0.0738,0.118,0.9061,0.9995
Nsmce4a,Nsmce4a,1510.8982,0.0261,0.1119,0.2329,0.8158,0.9995
Nsmf,Nsmf,1963.564,-0.0237,0.0805,-0.2948,0.7682,0.9995
Nsun2,Nsun2,5380.6983,0.114,0.0916,1.2436,0.2136,0.9995
Nsun3,Nsun3,149.8067,-0.1176,0.1363,-0.8629,0.3882,0.9995
Nsun4,Nsun4,1193.5631,0.0546,0.0638,0.8564,0.3918,0.9995
Nsun5,Nsun5,493.6334,0.0961,0.1023,0.9397,0.3474,0.9995
Nsun6,Nsun6,231.3208,-0.0597,0.1035,-0.5765,0.5643,0.9995
Nsun7,Nsun7,9.1499,-0.0044,0.4891,-0.009,0.9928,0.9995
Nt5c,Nt5c,1082.6502,0.15,0.1147,1.3075,0.191,0.9995
Nt5c2,Nt5c2,2757.4262,-0.0162,0.0517,-0.3128,0.7544,0.9995
Nt5c3,Nt5c3,1009.0614,0.0361,0.0775,0.4655,0.6416,0.9995
Nt5c3b,Nt5c3b,1231.4802,0.049,0.0867,0.5655,0.5717,0.9995
Nt5dc1,Nt5dc1,745.2152,-0.0688,0.0914,-0.7526,0.4517,0.9995
Nt5dc2,Nt5dc2,4684.4027,0.0708,0.2012,0.352,0.7249,0.9995
Nt5dc3,Nt5dc3,2280.5077,-0.0016,0.0596,-0.0268,0.9786,0.9995
Nt5e,Nt5e,1430.6054,0.031,0.2302,0.1346,0.893,0.9995
Nt5m,Nt5m,621.5839,0.0493,0.0844,0.5837,0.5594,0.9995
Ntan1,Ntan1,922.8476,0.0484,0.0881,0.5489,0.5831,0.9995
Ntf5,Ntf5,19.7888,0.4641,0.4187,1.1083,0.2677,0.9995
Nthl1,Nthl1,277.8398,-0.0074,0.1076,-0.0684,0.9455,0.9995
Ntmt1,Ntmt1,1106.2007,0.0871,0.1013,0.86,0.3898,0.9995
Ntn1,Ntn1,5017.5016,-0.3204,0.217,-1.4762,0.1399,0.9995
Ntn3,Ntn3,13.2793,-0.1033,0.4136,-0.2498,0.8027,0.9995
Ntn4,Ntn4,685.4685,-0.0528,0.2302,-0.2292,0.8187,0.9995
Ntn5,Ntn5,35.6632,-0.0126,0.54,-0.0234,0.9814,0.9995
Ntng2,Ntng2,74.5592,0.1514,0.3717,0.4073,0.6838,0.9995
Ntpcr,Ntpcr,345.3835,-0.0183,0.0948,-0.1925,0.8473,0.9995
Ntrk3,Ntrk3,9.8383,-0.1986,0.5774,-0.344,0.7308,0.9995
Ntsr2,Ntsr2,2.2809,-1.1725,2.2244,-0.5271,0.5981,0.9995
Nuak1,Nuak1,3511.9616,-0.1716,0.2258,-0.76,0.4473,0.9995
Nuak2,Nuak2,441.9104,0.1432,0.1737,0.8243,0.4098,0.9995
Nub1,Nub1,3977.0725,0.002,0.0821,0.0244,0.9805,0.9995
Nubp1,Nubp1,783.9908,0.2128,0.1445,1.4726,0.1409,0.9995
Nubp2,Nubp2,1455.3526,0.089,0.1197,0.7431,0.4574,0.9995
Nubpl,Nubpl,548.7651,0.0503,0.1148,0.4379,0.6615,0.9995
Nucb1,Nucb1,10866.518,0.0342,0.1409,0.243,0.808,0.9995
Nucb2,Nucb2,1799.1808,-0.1271,0.1094,-1.1617,0.2454,0.9995
Nucks1,Nucks1,7114.7719,0.0023,0.2001,0.0113,0.991,0.9995
Nudc,Nudc,3574.576,0.0475,0.0805,0.5892,0.5557,0.9995
Nudcd1,Nudcd1,1829.21,-0.0479,0.1399,-0.3423,0.7321,0.9995
Nudcd2,Nudcd2,2698.943,0.1362,0.0976,1.3952,0.163,0.9995
Nudcd3,Nudcd3,6337.8086,0.0417,0.0541,0.7692,0.4418,0.9995
Nudt1,Nudt1,188.7116,0.0013,0.1944,0.0066,0.9947,0.9995
Nudt10,Nudt10,0.5731,-1.4784,1.993,-0.7418,0.4582,0.9995
Nudt12,Nudt12,72.3851,-0.3159,0.2342,-1.349,0.1773,0.9995
Nudt13,Nudt13,462.3161,0.0455,0.1019,0.4461,0.6555,0.9995
Nudt14,Nudt14,659.2738,-0.0301,0.155,-0.1943,0.8459,0.9995
Nudt15,Nudt15,43.1402,0.3348,0.2785,1.2022,0.2293,0.9995
Nudt16,Nudt16,361.0084,0.0572,0.1107,0.517,0.6052,0.9995
Nudt16l1,Nudt16l1,769.2877,0.1577,0.1234,1.2783,0.2011,0.9995
Nudt17,Nudt17,108.7781,0.001,0.2648,0.0037,0.9971,0.9995
Nudt18,Nudt18,1032.6882,-0.0553,0.1042,-0.5305,0.5957,0.9995
Nudt19,Nudt19,928.1468,0.0159,0.0906,0.1756,0.8606,0.9995
Nudt2,Nudt2,873.7609,0.0089,0.0875,0.102,0.9187,0.9995
Nudt21,Nudt21,3127.7463,0.1255,0.1058,1.1861,0.2356,0.9995
Nudt22,Nudt22,337.7146,0.1355,0.1155,1.1724,0.2411,0.9995
Nudt3,Nudt3,3503.572,0.1064,0.0789,1.3479,0.1777,0.9995
Nudt4,Nudt4,12056.9034,-0.1182,0.0791,-1.4937,0.1352,0.9995
Nudt5,Nudt5,1148.182,-0.0728,0.078,-0.934,0.3503,0.9995
Nudt6,Nudt6,326.7546,0.0524,0.1443,0.3633,0.7164,0.9995
Nudt7,Nudt7,2.7513,0.8128,1.0485,0.7751,0.4383,0.9995
Nudt8,Nudt8,331.7675,0.1492,0.1451,1.0284,0.3037,0.9995
Nudt9,Nudt9,3320.7462,0.1409,0.2008,0.7014,0.4831,0.9995
Nuf2,Nuf2,952.3515,-0.1746,0.5861,-0.2979,0.7658,0.9995
Nufip1,Nufip1,986.2221,-0.0061,0.0699,-0.0876,0.9302,0.9995
Nufip2,Nufip2,3002.1713,0.0091,0.1649,0.055,0.9562,0.9995
Nuggc,Nuggc,1.4854,-0.7774,1.1391,-0.6825,0.4949,0.9995
Numa1,Numa1,7652.1339,-0.1201,0.0783,-1.5333,0.1252,0.9995
Numb,Numb,1268.3082,-0.0238,0.0877,-0.2709,0.7865,0.9995
Numbl,Numbl,2069.1363,0.0714,0.0598,1.1944,0.2323,0.9995
Nup107,Nup107,1994.351,-0.1067,0.1407,-0.7584,0.4482,0.9995
Nup133,Nup133,1554.2686,0.044,0.0652,0.6754,0.4994,0.9995
Nup153,Nup153,2996.4853,-0.0553,0.1241,-0.4457,0.6558,0.9995
Nup155,Nup155,2570.293,-0.0456,0.1113,-0.4092,0.6824,0.9995
Nup160,Nup160,1243.6295,-0.1575,0.1259,-1.2512,0.2109,0.9995
Nup188,Nup188,3214.4942,-0.0341,0.0832,-0.4094,0.6822,0.9995
Nup205,Nup205,3379.954,-0.0528,0.0651,-0.8109,0.4174,0.9995
Nup210,Nup210,24.1464,0.106,0.5213,0.2034,0.8389,0.9995
Nup210l,Nup210l,25.5763,0.1536,0.4415,0.3479,0.728,0.9995
Nup214,Nup214,2404.8035,-0.0931,0.0675,-1.3803,0.1675,0.9995
Nup35,Nup35,1121.6212,0.0309,0.0882,0.3501,0.7262,0.9995
Nup37,Nup37,814.7859,-0.0121,0.138,-0.0879,0.9299,0.9995
Nup43,Nup43,657.831,0.0293,0.1178,0.2491,0.8033,0.9995
Nup50,Nup50,3068.3178,0.0233,0.0588,0.3962,0.6919,0.9995
Nup54,Nup54,1121.3756,0.01,0.0906,0.1105,0.912,0.9995
Nup62,Nup62,2185.083,-0.0005,0.1117,-0.0042,0.9966,0.9995
Nup62-il4i1,Nup62-il4i1,1.7154,0.3078,1.0785,0.2854,0.7753,0.9995
Nup85,Nup85,1728.2514,0.0507,0.1197,0.423,0.6723,0.9995
Nup88,Nup88,3182.4514,0.0174,0.0652,0.2668,0.7896,0.9995
Nup93,Nup93,4277.2963,0.1605,0.139,1.155,0.2481,0.9995
Nup98,Nup98,2999.0448,-0.097,0.0732,-1.3261,0.1848,0.9995
Nupl1,Nupl1,1511.2743,-0.0575,0.0706,-0.8148,0.4152,0.9995
Nupl2,Nupl2,505.195,-0.058,0.1076,-0.539,0.5899,0.9995
Nupr1,Nupr1,2976.7117,0.1364,0.1904,0.7164,0.4738,0.9995
Nupr1l,Nupr1l,7.2057,-0.0271,0.5978,-0.0453,0.9639,0.9995
Nus1,Nus1,4384.0754,-0.0839,0.1138,-0.7375,0.4608,0.9995
Nusap1,Nusap1,1038.0358,-0.1346,0.5484,-0.2455,0.8061,0.9995
Nutf2,Nutf2,499.4057,0.0848,0.0851,0.9963,0.3191,0.9995
Nutm1,Nutm1,1.0319,-0.2498,1.8537,-0.1348,0.8928,0.9995
Nvl,Nvl,1596.9769,-0.0257,0.1268,-0.2029,0.8392,0.9995
Nwd1,Nwd1,6.1734,-0.1596,0.8085,-0.1974,0.8435,0.9995
Nxf1,Nxf1,2727.0175,-0.0128,0.0427,-0.3,0.7642,0.9995
Nxf2,Nxf2,0.3433,0.9378,2.6527,0.3535,0.7237,0.9995
Nxf3,Nxf3,212.8466,-0.2127,0.2139,-0.9942,0.3201,0.9995
Nxf7,Nxf7,88.8082,-0.528,0.337,-1.5666,0.1172,0.9995
Nxn,Nxn,6232.2524,0.0634,0.0716,0.886,0.3756,0.9995
Nxnl1,Nxnl1,1.8308,-1.2343,1.1347,-1.0878,0.2767,0.9995
Nxpe3,Nxpe3,236.7095,0.1016,0.122,0.833,0.4048,0.9995
Nxpe4,Nxpe4,29.9393,-0.1556,0.312,-0.4987,0.618,0.9995
Nxph2,Nxph2,11.3097,0.0307,0.4292,0.0716,0.9429,0.9995
Nxph3,Nxph3,45.5049,-0.058,0.2551,-0.2275,0.8201,0.9995
Nxph4,Nxph4,32.5432,0.1151,0.301,0.3824,0.7022,0.9995
Nxt1,Nxt1,664.0752,0.1128,0.1316,0.8573,0.3913,0.9995
Nxt2,Nxt2,550.883,-0.0877,0.1353,-0.6483,0.5168,0.9995
Nyap1,Nyap1,374.5671,0.1675,0.1789,0.9363,0.3491,0.9995
Nynrin,Nynrin,2078.3405,-0.0512,0.0537,-0.9522,0.341,0.9995
Nyx,Nyx,5.1388,0.2941,0.7625,0.3857,0.6997,0.9995
Oacyl,Oacyl,2.8505,0.0144,0.9312,0.0155,0.9877,0.9995
Oaf,Oaf,2019.0277,0.0465,0.1217,0.3823,0.7022,0.9995
Oard1,Oard1,632.143,0.0955,0.0954,1.0011,0.3168,0.9995
Oas1a,Oas1a,2.5209,-0.7022,1.0755,-0.6529,0.5138,0.9995
Oas1b,Oas1b,11.88,-0.6189,0.4449,-1.3912,0.1642,0.9995
Oas1c,Oas1c,1.9342,-0.0115,1.2489,-0.0092,0.9927,0.9995
Oas2,Oas2,2.8589,0.2066,1.0031,0.206,0.8368,0.9995
Oas3,Oas3,3.0898,-0.6399,0.851,-0.752,0.452,0.9995
Oasl1,Oasl1,27.0877,0.0408,0.3092,0.1319,0.895,0.9995
Oasl2,Oasl2,211.359,-0.4337,0.2696,-1.6087,0.1077,0.9995
Oat,Oat,7049.3504,-0.041,0.0578,-0.7086,0.4786,0.9995
Oaz2,Oaz2,3802.1605,0.1363,0.0611,2.2291,0.0258,0.9995
Oaz3,Oaz3,30.555,-0.0136,0.497,-0.0275,0.9781,0.9995
Obfc1,Obfc1,1443.8641,-0.012,0.066,-0.1821,0.8555,0.9995
Obscn,Obscn,1243.8871,-0.152,0.2725,-0.5578,0.577,0.9995
Obsl1,Obsl1,4593.7153,0.1082,0.2688,0.4025,0.6873,0.9995
Oc90,Oc90,0.4604,-1.0667,2.52,-0.4233,0.6721,0.9995
Ocel1,Ocel1,426.3921,-0.0414,0.1033,-0.4012,0.6883,0.9995
Ociad1,Ociad1,8415.081,0.0541,0.0488,1.1085,0.2676,0.9995
Ociad2,Ociad2,737.4737,0.0132,0.1093,0.1212,0.9035,0.9995
Ocln,Ocln,31.0633,0.0655,0.2697,0.243,0.808,0.9995
Ocrl,Ocrl,1416.7237,-0.1378,0.0709,-1.9447,0.0518,0.9995
Ocstamp,Ocstamp,0.6858,0.1378,1.7336,0.0795,0.9366,0.9995
Odc1,Odc1,5788.3512,0.0869,0.0719,1.2093,0.2265,0.9995
Odf2,Odf2,2320.4893,0.0192,0.063,0.3045,0.7607,0.9995
Odf2l,Odf2l,413.1959,-0.039,0.1735,-0.2248,0.8221,0.9995
Odf3l1,Odf3l1,18.8784,0.0013,0.3515,0.0037,0.997,0.9995
Odf3l2,Odf3l2,1.0242,1.7318,2.2855,0.7577,0.4486,0.9995
Ofd1,Ofd1,347.6771,0.0625,0.1125,0.5554,0.5786,0.9995
Ogdh,Ogdh,7962.1825,0.0299,0.0607,0.4925,0.6224,0.9995
Ogdhl,Ogdhl,68.7743,-0.3108,0.3812,-0.8152,0.4149,0.9995
Ogfod1,Ogfod1,2817.9231,0.0244,0.0833,0.2925,0.7699,0.9995
Ogfod2,Ogfod2,443.9388,0.1307,0.118,1.107,0.2683,0.9995
Ogfod3,Ogfod3,476.8379,0.0287,0.0931,0.3078,0.7582,0.9995
Ogfr,Ogfr,2179.0859,0.0021,0.0907,0.0234,0.9813,0.9995
Ogfrl1,Ogfrl1,195.0497,-0.0502,0.1177,-0.4265,0.6697,0.9995
Ogg1,Ogg1,433.1848,0.0871,0.1499,0.5811,0.5611,0.9995
Ogn,Ogn,6503.535,-0.153,0.5199,-0.2944,0.7685,0.9995
Ogt,Ogt,6296.4858,0.0668,0.1293,0.5167,0.6054,0.9995
Oip5,Oip5,157.88,0.1033,0.3029,0.341,0.7331,0.9995
Oit1,Oit1,0.9172,1.6549,1.9073,0.8677,0.3856,0.9995
Oit3,Oit3,26.4064,-0.159,0.3335,-0.4767,0.6336,0.9995
Ola1,Ola1,3808.1441,0.011,0.1186,0.0928,0.9261,0.9995
Olfm1,Olfm1,9426.121,-0.0865,0.1003,-0.8627,0.3883,0.9995
Olfm2,Olfm2,3.8792,0.0304,1.2095,0.0251,0.98,0.9995
Olfml2a,Olfml2a,123.4884,0.0224,0.1944,0.1154,0.9081,0.9995
Olfml2b,Olfml2b,5737.9397,-0.0953,0.3228,-0.2951,0.7679,0.9995
Olfml3,Olfml3,9429.9665,-0.0063,0.1357,-0.0462,0.9632,0.9995
Olfr1250,Olfr1250,3.325,-2.3605,1.1031,-2.1398,0.0324,0.9995
Olfr1251,Olfr1251,9.9347,0.303,0.5608,0.5403,0.589,0.9995
Olfr1259,Olfr1259,0.7992,-1.0975,1.6688,-0.6577,0.5108,0.9995
Olfr1349,Olfr1349,0.5719,0.709,2.0544,0.3451,0.73,0.9995
Olfr1372-ps1,Olfr1372-ps1,6.5145,0.2058,0.5634,0.3653,0.7149,0.9995
Olfr1392,Olfr1392,0.3438,-0.475,2.6713,-0.1778,0.8589,0.9995
Olfr1393,Olfr1393,0.4563,-1.0573,2.5223,-0.4192,0.6751,0.9995
Olfr1417,Olfr1417,0.7946,2.1671,1.9574,1.1072,0.2682,0.9995
Olfr1420,Olfr1420,0.9143,-1.0477,1.7101,-0.6126,0.5401,0.9995
Olfr18,Olfr18,0.5729,-1.4755,1.7632,-0.8368,0.4027,0.9995
Olfr215,Olfr215,2.4119,-0.0639,1.271,-0.0503,0.9599,0.9995
Olfr222,Olfr222,0.6811,1.9011,2.4231,0.7846,0.4327,0.9995
Olfr31,Olfr31,1.2619,0.9076,1.3283,0.6833,0.4944,0.9995
Olfr455,Olfr455,0.458,0.2172,2.1462,0.1012,0.9194,0.9995
Olfr456,Olfr456,6.9802,0.1692,0.5646,0.2997,0.7644,0.9995
Olfr531,Olfr531,1.0342,0.3944,1.7914,0.2202,0.8258,0.9995
Olfr543,Olfr543,0.9145,-1.3595,1.9298,-0.7045,0.4811,0.9995
Olfr56,Olfr56,0.8004,-0.7278,1.7296,-0.4208,0.6739,0.9995
Olfr767,Olfr767,0.3438,-0.475,2.6713,-0.1778,0.8589,0.9995
Olfr805,Olfr805,83.7723,0.3008,0.3219,0.9346,0.35,0.9995
Olfr809,Olfr809,0.9086,0.485,1.7487,0.2773,0.7815,0.9995
Olfr810,Olfr810,43.0388,-0.1001,0.3423,-0.2926,0.7698,0.9995
Olfr856-ps1,Olfr856-ps1,2.4062,-1.9464,1.1115,-1.7511,0.0799,0.9995
Olfr901,Olfr901,0.4558,-1.0536,2.522,-0.4178,0.6761,0.9995
Olfr920,Olfr920,10.1579,0.0764,0.5736,0.1331,0.8941,0.9995
Olfr99,Olfr99,1.8303,0.4774,1.0501,0.4547,0.6494,0.9995
Olr1,Olr1,5.0339,-0.1027,0.6439,-0.1595,0.8733,0.9995
Oma1,Oma1,520.2033,-0.1173,0.0865,-1.3554,0.1753,0.9995
Omd,Omd,424.8914,-0.1885,0.6299,-0.2993,0.7647,0.9995
Omg,Omg,1.4842,2.4226,1.5845,1.529,0.1263,0.9995
Omp,Omp,10.628,0.1957,0.4375,0.4473,0.6547,0.9995
Onecut2,Onecut2,19.003,-0.1506,0.4206,-0.3581,0.7202,0.9995
Ooep,Ooep,4.2314,-0.3384,0.774,-0.4372,0.662,0.9995
Opa1,Opa1,2962.0837,-0.0583,0.1171,-0.4984,0.6182,0.9995
Opa3,Opa3,859.5484,0.0523,0.0812,0.6442,0.5194,0.9995
Opcml,Opcml,0.8022,-3.0057,2.0801,-1.445,0.1485,0.9995
Ophn1,Ophn1,822.5158,-0.0754,0.1419,-0.5312,0.5953,0.9995
Oplah,Oplah,978.7407,0.0018,0.1959,0.0091,0.9928,0.9995
Opn1sw,Opn1sw,8.001,0.1213,0.5119,0.237,0.8126,0.9995
Opn3,Opn3,415.7328,-0.0307,0.1127,-0.2723,0.7854,0.9995
Opn4,Opn4,4.1217,-0.7701,0.6934,-1.1106,0.2667,0.9995
Optc,Optc,35.7399,0.0626,0.2875,0.2177,0.8276,0.9995
Optn,Optn,1060.5045,0.0454,0.1398,0.3245,0.7455,0.9995
Orai1,Orai1,748.774,0.1264,0.0864,1.4629,0.1435,0.9995
Orai2,Orai2,2016.7002,0.1106,0.1427,0.7748,0.4384,0.9995
Orai3,Orai3,818.7325,0.089,0.1151,0.7732,0.4394,0.9995
Oraov1,Oraov1,648.0282,0.1042,0.119,0.8763,0.3809,0.9995
Orc1,Orc1,161.933,-0.1575,0.2985,-0.5276,0.5978,0.9995
Orc2,Orc2,1654.4779,0.0565,0.0999,0.5652,0.5719,0.9995
Orc3,Orc3,2310.3923,-0.0038,0.1131,-0.0334,0.9734,0.9995
Orc4,Orc4,1432.2921,-0.0072,0.1179,-0.0609,0.9515,0.9995
Orc5,Orc5,827.0651,0.0611,0.1019,0.5997,0.5487,0.9995
Orc6,Orc6,1212.7716,0.0677,0.1628,0.4157,0.6776,0.9995
Orm1,Orm1,376.8949,0.2621,0.4117,0.6367,0.5243,0.9995
Orm2,Orm2,44.8401,0.3989,0.3563,1.1193,0.263,0.9995
Orm3,Orm3,63.1799,-0.0298,0.2837,-0.1051,0.9163,0.9995
Ormdl1,Ormdl1,843.6683,0.0149,0.1033,0.1447,0.885,0.9995
Ormdl2,Ormdl2,315.3635,0.0535,0.1397,0.3833,0.7015,0.9995
Ormdl3,Ormdl3,3441.3123,0.1068,0.1221,0.8751,0.3815,0.9995
Os9,Os9,10397.3816,-0.0028,0.1375,-0.0204,0.9837,0.9995
Osbp,Osbp,4480.985,-0.0139,0.0478,-0.2898,0.772,0.9995
Osbp2,Osbp2,582.8452,-0.3359,0.2605,-1.2895,0.1972,0.9995
Osbpl10,Osbpl10,94.468,-0.2542,0.1969,-1.2912,0.1966,0.9995
Osbpl11,Osbpl11,1820.0086,-0.0866,0.0817,-1.0601,0.2891,0.9995
Osbpl1a,Osbpl1a,1035.6138,-0.0987,0.1361,-0.7249,0.4685,0.9995
Osbpl2,Osbpl2,2358.0402,0.0293,0.0722,0.4059,0.6848,0.9995
Osbpl3,Osbpl3,1749.7236,-0.0623,0.1214,-0.5131,0.6079,0.9995
Osbpl5,Osbpl5,4017.4589,0.0142,0.066,0.2148,0.8299,0.9995
Osbpl6,Osbpl6,119.2302,-0.3704,0.1925,-1.9239,0.0544,0.9995
Osbpl7,Osbpl7,242.6749,-0.0074,0.175,-0.0423,0.9663,0.9995
Osbpl8,Osbpl8,1395.3432,-0.0229,0.1487,-0.1538,0.8778,0.9995
Osbpl9,Osbpl9,7857.5475,0.01,0.144,0.0697,0.9444,0.9995
Oscar,Oscar,0.7955,3.1445,1.85,1.6997,0.0892,0.9995
Oscp1,Oscp1,270.2085,-0.11,0.1409,-0.7808,0.4349,0.9995
Oser1,Oser1,988.0369,0.1035,0.1971,0.5252,0.5994,0.9995
Osgep,Osgep,1269.8087,0.0717,0.0819,0.8756,0.3813,0.9995
Osgepl1,Osgepl1,500.46,0.0105,0.1051,0.1003,0.9201,0.9995
Osgin1,Osgin1,558.6221,0.0766,0.1047,0.7311,0.4647,0.9995
Osgin2,Osgin2,763.5921,-0.0301,0.1169,-0.2572,0.797,0.9995
Osmr,Osmr,7788.4859,-0.0542,0.2465,-0.2199,0.8259,0.9995
Osr1,Osr1,252.1886,-0.1157,0.1182,-0.9788,0.3277,0.9995
Osr2,Osr2,5.2502,-0.0067,0.6375,-0.0105,0.9916,0.9995
Ost4,Ost4,2458.752,0.1395,0.1443,0.9664,0.3338,0.9995
Ostc,Ostc,5772.3617,-0.0173,0.0679,-0.2551,0.7986,0.9995
Ostf1,Ostf1,2798.8625,-0.0555,0.0727,-0.7642,0.4447,0.9995
Ostm1,Ostm1,2621.9432,0.0159,0.0839,0.189,0.8501,0.9995
Ostn,Ostn,1.4825,1.0727,1.2402,0.865,0.387,0.9995
Otoa,Otoa,14.1803,0.5094,0.4359,1.1687,0.2425,0.9995
Otog,Otog,688.3299,0.0986,0.3509,0.281,0.7787,0.9995
Otogl,Otogl,1.7156,0.6862,1.1756,0.5837,0.5594,0.9995
Otop1,Otop1,7.9843,0.3235,0.5705,0.567,0.5707,0.9995
Otop2,Otop2,9.8345,0.1135,0.4974,0.2282,0.8195,0.9995
Otor,Otor,0.4567,-2.1939,2.4295,-0.903,0.3665,0.9995
Otos,Otos,10.6409,-0.2696,0.45,-0.5992,0.5491,0.9995
Otub1,Otub1,3389.6784,0.0909,0.0587,1.5485,0.1215,0.9995
Otub2,Otub2,559.1847,-0.0317,0.1568,-0.2019,0.84,0.9995
Otud1,Otud1,1106.4284,-0.1316,0.1294,-1.0165,0.3094,0.9995
Otud3,Otud3,355.2521,-0.0914,0.1027,-0.8905,0.3732,0.9995
Otud4,Otud4,4222.865,0.0997,0.1765,0.5649,0.5721,0.9995
Otud5,Otud5,3650.5079,-0.0385,0.0589,-0.6533,0.5135,0.9995
Otud6a,Otud6a,0.5702,0.2819,2.1111,0.1335,0.8938,0.9995
Otud6b,Otud6b,2454.0682,0.0131,0.1185,0.1106,0.9119,0.9995
Otud7a,Otud7a,48.3818,0.1028,0.4059,0.2532,0.8001,0.9995
Otud7b,Otud7b,4223.9559,-0.0883,0.0737,-1.1989,0.2306,0.9995
Otulin,Otulin,1588.4636,0.0603,0.0604,0.9983,0.3181,0.9995
Otx1,Otx1,72.9494,-0.1528,0.1862,-0.8209,0.4117,0.9995
Ovca2,Ovca2,457.7077,0.2351,0.1005,2.3396,0.0193,0.9995
Ovgp1,Ovgp1,51.3751,0.1721,0.2634,0.6531,0.5137,0.9995
Ovol1,Ovol1,7.4347,0.5066,0.5425,0.9338,0.3504,0.9995
Oxa1l,Oxa1l,2958.9001,0.0272,0.0857,0.3177,0.7507,0.9995
Oxct1,Oxct1,6623.5708,-0.0024,0.0852,-0.0277,0.9779,0.9995
Oxct2a,Oxct2a,0.6844,0.1295,1.971,0.0657,0.9476,0.9995
Oxld1,Oxld1,118.8494,0.1333,0.2151,0.6195,0.5356,0.9995
Oxnad1,Oxnad1,926.2405,0.0203,0.0963,0.2107,0.8331,0.9995
Oxr1,Oxr1,4515.2331,-0.0282,0.1155,-0.244,0.8072,0.9995
Oxsm,Oxsm,584.2482,-0.0363,0.1106,-0.3285,0.7425,0.9995
Oxsr1,Oxsr1,2935.9556,-0.072,0.0687,-1.0484,0.2944,0.9995
Oxtr,Oxtr,8.3505,0.4159,0.6729,0.618,0.5366,0.9995
P2rx1,P2rx1,4.2298,1.4673,0.8148,1.8009,0.0717,0.9995
P2rx2,P2rx2,7.7829,-0.3575,0.6249,-0.5722,0.5672,0.9995
P2rx3,P2rx3,63.166,0.1819,0.6313,0.2881,0.7733,0.9995
P2rx4,P2rx4,5253.2194,-0.0154,0.2319,-0.0663,0.9471,0.9995
P2rx5,P2rx5,279.8962,0.1444,0.3404,0.4243,0.6714,0.9995
P2rx6,P2rx6,1000.9154,0.1121,0.2545,0.4405,0.6596,0.9995
P2rx7,P2rx7,2318.8485,-0.0329,0.207,-0.1591,0.8736,0.9995
P2ry1,P2ry1,9.3903,-0.0131,0.7494,-0.0174,0.9861,0.9995
P2ry10,P2ry10,0.5688,0.2854,2.1108,0.1352,0.8924,0.9995
P2ry14,P2ry14,14.4201,0.1896,0.528,0.359,0.7196,0.9995
P2ry2,P2ry2,733.2095,0.08,0.1833,0.4364,0.6626,0.9995
P2ry6,P2ry6,9.3637,0.3453,0.4768,0.7243,0.4689,0.9995
P3h1,P3h1,4504.3141,-0.0268,0.06,-0.4466,0.6552,0.9995
P3h2,P3h2,127.789,-0.2386,0.1574,-1.5156,0.1296,0.9995
P3h3,P3h3,2786.2797,-0.0069,0.0807,-0.085,0.9322,0.9995
P3h4,P3h4,6221.3142,0.0181,0.0829,0.2181,0.8274,0.9995
P4ha1,P4ha1,18944.7334,-0.1669,0.0973,-1.7152,0.0863,0.9995
P4ha2,P4ha2,8479.6556,-0.0966,0.1728,-0.5593,0.576,0.9995
P4ha3,P4ha3,1292.3856,0.0265,0.3028,0.0875,0.9302,0.9995
P4hb,P4hb,69876.7589,0.0174,0.1205,0.1443,0.8852,0.9995
P4htm,P4htm,120.0929,-0.0424,0.1471,-0.2885,0.773,0.9995
Pa2g4,Pa2g4,7351.739,0.081,0.0996,0.8133,0.416,0.9995
Pabpc1,Pabpc1,33329.7907,0.025,0.1239,0.2022,0.8398,0.9995
Pabpc1l,Pabpc1l,10.2812,0.077,0.4931,0.1562,0.8759,0.9995
Pabpc4,Pabpc4,5729.6801,-0.0616,0.0404,-1.5233,0.1277,0.9995
Pabpc4l,Pabpc4l,0.6842,-0.778,2.3599,-0.3297,0.7416,0.9995
Pabpn1,Pabpn1,2669.2505,0.1031,0.0597,1.7253,0.0845,0.9995
Pabpn1l,Pabpn1l,1.3734,2.4016,1.5136,1.5866,0.1126,0.9995
Pacrg,Pacrg,14.513,0.0822,0.4088,0.2012,0.8405,0.9995
Pacrgl,Pacrgl,442.0032,0.028,0.083,0.3372,0.7359,0.9995
Pacs1,Pacs1,1651.0252,-0.0702,0.089,-0.789,0.4301,0.9995
Pacs2,Pacs2,10422.1927,-0.0688,0.0866,-0.7945,0.4269,0.9995
Pacsin1,Pacsin1,68.8158,-0.0945,0.2799,-0.3378,0.7355,0.9995
Pacsin2,Pacsin2,12484.9348,-0.0497,0.0674,-0.7383,0.4603,0.9995
Pacsin3,Pacsin3,2817.7814,0.1471,0.0949,1.5497,0.1212,0.9995
Padi1,Padi1,0.4566,1.4162,2.4898,0.5688,0.5695,0.9995
Padi2,Padi2,477.621,0.1434,0.6874,0.2086,0.8348,0.9995
Padi3,Padi3,69.7507,0.375,0.673,0.5571,0.5774,0.9995
Padi4,Padi4,23.7927,0.2037,0.5513,0.3694,0.7118,0.9995
Padi6,Padi6,1.3694,1.5976,1.3088,1.2207,0.2222,0.9995
Paf1,Paf1,1895.8929,0.0648,0.0585,1.1076,0.268,0.9995
Pafah1b1,Pafah1b1,8565.577,-0.0009,0.1479,-0.0058,0.9954,0.9995
Pafah1b2,Pafah1b2,6712.5173,0.0368,0.0671,0.5493,0.5828,0.9995
Pafah1b3,Pafah1b3,798.6891,-0.1564,0.109,-1.435,0.1513,0.9995
Pafah2,Pafah2,646.1073,-0.0113,0.111,-0.1021,0.9186,0.9995
Pag1,Pag1,56.1682,-0.4484,0.2425,-1.8496,0.0644,0.9995
Pagr1a,Pagr1a,856.3193,0.0103,0.0862,0.1199,0.9046,0.9995
Pah,Pah,0.5722,-0.3615,1.8102,-0.1997,0.8417,0.9995
Paics,Paics,10126.1807,0.0232,0.0694,0.3337,0.7386,0.9995
Paip1,Paip1,3257.9671,-0.051,0.076,-0.6717,0.5018,0.9995
Paip2,Paip2,6521.7157,0.0323,0.0658,0.4911,0.6233,0.9995
Paip2b,Paip2b,1574.7565,0.0802,0.0579,1.3859,0.1658,0.9995
Pak1,Pak1,5302.7801,-0.0954,0.1672,-0.5704,0.5684,0.9995
Pak1ip1,Pak1ip1,3231.776,0.0874,0.0699,1.2513,0.2108,0.9995
Pak2,Pak2,4383.8667,-0.0408,0.101,-0.4044,0.6859,0.9995
Pak3,Pak3,743.7136,0.0772,0.1687,0.4578,0.6471,0.9995
Pak4,Pak4,983.775,-0.0893,0.14,-0.6383,0.5233,0.9995
Pak6,Pak6,3.5438,0.2211,0.7444,0.297,0.7664,0.9995
Pakap,Pakap,4.9866,2.5962,1.492,1.74,0.0819,0.9995
Palb2,Palb2,85.2832,-0.2622,0.2807,-0.9341,0.3503,0.9995
Pald1,Pald1,1571.795,0.0392,0.1588,0.2472,0.8048,0.9995
Palld,Palld,11062.9478,0.0321,0.2423,0.1324,0.8947,0.9995
Palm,Palm,5220.4953,-0.0029,0.0955,-0.0307,0.9755,0.9995
Palm2,Palm2,541.7818,-0.0393,0.2112,-0.1862,0.8523,0.9995
Palm3,Palm3,251.6434,0.0929,0.338,0.2747,0.7835,0.9995
Palmd,Palmd,29.6471,0.0737,0.404,0.1825,0.8552,0.9995
Pam,Pam,12336.507,-0.1001,0.0787,-1.2723,0.2033,0.9995
Pam16,Pam16,729.8521,0.0661,0.082,0.8062,0.4201,0.9995
Pamr1,Pamr1,0.8039,-0.2766,1.6652,-0.1661,0.8681,0.9995
Pan2,Pan2,999.3021,-0.0084,0.0678,-0.1232,0.9019,0.9995
Pan3,Pan3,1205.4064,-0.0794,0.1257,-0.6313,0.5278,0.9995
Pank1,Pank1,614.0096,-0.0045,0.1175,-0.0383,0.9694,0.9995
Pank2,Pank2,1977.2508,0.0199,0.0564,0.3535,0.7237,0.9995
Pank3,Pank3,3359.1654,-0.0637,0.1864,-0.3419,0.7324,0.9995
Pank4,Pank4,966.2364,0.0089,0.0735,0.1209,0.9038,0.9995
Panx1,Panx1,1188.0546,0.1398,0.1307,1.0695,0.2848,0.9995
Panx2,Panx2,0.7985,2.2676,1.6625,1.3639,0.1726,0.9995
Panx3,Panx3,1.7138,0.047,1.0867,0.0432,0.9655,0.9995
Paox,Paox,345.3753,0.0108,0.1392,0.0779,0.9379,0.9995
Papd4,Papd4,1220.1384,-0.0906,0.0881,-1.0281,0.3039,0.9995
Papd5,Papd5,2179.8188,-0.0122,0.1262,-0.0969,0.9228,0.9995
Papd7,Papd7,1889.26,-0.14,0.0842,-1.6636,0.0962,0.9995
Papln,Papln,0.4592,1.4194,2.4875,0.5706,0.5683,0.9995
Papola,Papola,5728.7391,-0.1021,0.1422,-0.7185,0.4724,0.9995
Papolb,Papolb,1.8262,1.0789,1.0804,0.9986,0.318,0.9995
Papolg,Papolg,690.2653,-0.0166,0.1834,-0.0905,0.9279,0.9995
Pappa,Pappa,132.6464,0.1455,0.2048,0.7105,0.4774,0.9995
Pappa2,Pappa2,291.3208,-0.3362,0.2164,-1.5536,0.1203,0.9995
Papss1,Papss1,4088.6026,-0.0928,0.0741,-1.253,0.2102,0.9995
Papss2,Papss2,95.3659,-0.2132,0.2529,-0.8428,0.3993,0.9995
Paqr3,Paqr3,160.6949,-0.1307,0.1716,-0.762,0.4461,0.9995
Paqr4,Paqr4,295.2465,-0.0052,0.1736,-0.0301,0.976,0.9995
Paqr5,Paqr5,2.1705,0.0781,1.0405,0.0751,0.9401,0.9995
Paqr6,Paqr6,1.6051,0.0994,1.2886,0.0772,0.9385,0.9995
Paqr7,Paqr7,838.4399,0.0264,0.1022,0.2585,0.796,0.9995
Paqr8,Paqr8,338.7885,-0.3413,0.1754,-1.946,0.0516,0.9995
Pard3,Pard3,2028.178,-0.0983,0.0714,-1.3761,0.1688,0.9995
Pard3b,Pard3b,55.3301,-0.4355,0.2092,-2.0823,0.0373,0.9995
Pard6a,Pard6a,267.7453,-0.0318,0.108,-0.2948,0.7681,0.9995
Pard6b,Pard6b,16.3287,0.5632,0.415,1.3573,0.1747,0.9995
Pard6g,Pard6g,808.1849,0.0191,0.0846,0.2261,0.8211,0.9995
Parg,Parg,1939.2421,-0.1226,0.1239,-0.9897,0.3223,0.9995
Park2,Park2,14.2802,0.6852,0.433,1.5823,0.1136,0.9995
Park7,Park7,5115.7923,0.1108,0.0798,1.3876,0.1653,0.9995
Parl,Parl,2038.3138,0.1494,0.1032,1.448,0.1476,0.9995
Parm1,Parm1,141.9883,0.4148,0.782,0.5305,0.5958,0.9995
Parn,Parn,1669.0699,0.0138,0.0717,0.1918,0.8479,0.9995
Parp1,Parp1,2916.9733,-0.0251,0.0744,-0.3374,0.7358,0.9995
Parp10,Parp10,1068.0969,-0.1042,0.1077,-0.9667,0.3337,0.9995
Parp11,Parp11,391.8579,-0.0535,0.0905,-0.591,0.5545,0.9995
Parp12,Parp12,1219.6906,-0.1027,0.1142,-0.8993,0.3685,0.9995
Parp14,Parp14,242.9899,-0.1379,0.2292,-0.6016,0.5475,0.9995
Parp16,Parp16,479.7748,0.0237,0.0978,0.2423,0.8086,0.9995
Parp2,Parp2,1170.4051,-0.0216,0.0843,-0.2559,0.798,0.9995
Parp3,Parp3,3493.888,0.0588,0.0854,0.6888,0.491,0.9995
Parp4,Parp4,1822.9782,-0.1747,0.0861,-2.0288,0.0425,0.9995
Parp6,Parp6,882.5969,0.0509,0.1106,0.4607,0.645,0.9995
Parp8,Parp8,1078.4115,-0.0264,0.0896,-0.2946,0.7683,0.9995
Parp9,Parp9,667.555,-0.1112,0.1662,-0.6689,0.5036,0.9995
Parpbp,Parpbp,265.591,-0.1848,0.4169,-0.4432,0.6576,0.9995
Pars2,Pars2,281.828,0.0477,0.0996,0.479,0.632,0.9995
Particl,Particl,77.857,0.1597,0.2573,0.6208,0.5347,0.9995
Parva,Parva,9106.2848,-0.037,0.0568,-0.6506,0.5153,0.9995
Parvb,Parvb,4117.5641,0.0186,0.0672,0.2772,0.7816,0.9995
Parvg,Parvg,5.2393,0.5696,0.7604,0.749,0.4538,0.9995
Pask,Pask,364.8756,-0.1342,0.2525,-0.5315,0.5951,0.9995
Pate2,Pate2,2.6309,-1.2169,0.9067,-1.3421,0.1796,0.9995
Pate4,Pate4,1.378,-0.3746,1.3084,-0.2863,0.7746,0.9995
Patl1,Patl1,2128.0304,-0.0071,0.0781,-0.0905,0.9279,0.9995
Patl2,Patl2,5.9492,0.2359,0.6018,0.3919,0.6951,0.9995
Patz1,Patz1,1113.9988,-0.0091,0.0701,-0.1301,0.8965,0.9995
Pawr,Pawr,71.1136,-0.2648,0.1966,-1.3468,0.1781,0.9995
Pax3,Pax3,2.2847,0.8588,0.9324,0.9211,0.357,0.9995
Pax5,Pax5,2.4002,0.1723,0.8817,0.1954,0.8451,0.9995
Pax6,Pax6,21.3694,-0.1289,0.3809,-0.3383,0.7351,0.9995
Pax6os1,Pax6os1,0.3423,0.9335,2.6541,0.3517,0.7251,0.9995
Pax7,Pax7,1033.2307,0.1661,0.1164,1.4263,0.1538,0.9995
Pax8,Pax8,8.779,0.6533,0.6198,1.054,0.2919,0.9995
Paxbp1,Paxbp1,993.3814,0.0141,0.1453,0.097,0.9227,0.9995
Paxip1,Paxip1,1091.4179,-0.149,0.0778,-1.9145,0.0556,0.9995
Pbdc1,Pbdc1,2114.2343,-0.0021,0.0645,-0.0332,0.9735,0.9995
Pbk,Pbk,965.3291,-0.1705,0.5471,-0.3116,0.7554,0.9995
Pbld1,Pbld1,1.0307,-0.8508,1.4422,-0.59,0.5552,0.9995
Pbld2,Pbld2,18.6194,0.1281,0.4078,0.3142,0.7534,0.9995
Pbp2,Pbp2,1.8313,-0.603,1.039,-0.5804,0.5616,0.9995
Pbrm1,Pbrm1,2748.3463,-0.0304,0.1271,-0.2394,0.8108,0.9995
Pbx1,Pbx1,3333.061,0.0073,0.1178,0.062,0.9506,0.9995
Pbx2,Pbx2,1705.7757,0.087,0.067,1.2988,0.194,0.9995
Pbx3,Pbx3,721.4818,0.0937,0.175,0.5358,0.5921,0.9995
Pbx4,Pbx4,35.9157,-0.2616,0.2597,-1.0072,0.3138,0.9995
Pbxip1,Pbxip1,11014.0508,-0.0215,0.0823,-0.2617,0.7936,0.9995
Pcbd1,Pcbd1,106.1087,0.0304,0.2532,0.1202,0.9043,0.9995
Pcbd2,Pcbd2,232.9511,0.0722,0.121,0.5969,0.5506,0.9995
Pcbp1,Pcbp1,13165.899,0.0389,0.0722,0.5386,0.5902,0.9995
Pcbp2,Pcbp2,13458.2196,0.0724,0.0855,0.847,0.397,0.9995
Pcbp3,Pcbp3,391.8049,-0.0336,0.1042,-0.3222,0.7473,0.9995
Pcbp4,Pcbp4,5736.5312,0.1037,0.0955,1.0848,0.278,0.9995
Pcca,Pcca,1229.2397,0.0825,0.0556,1.4834,0.138,0.9995
Pccb,Pccb,1602.9608,0.1055,0.0891,1.1839,0.2364,0.9995
Pcdh1,Pcdh1,1902.454,-0.1503,0.1152,-1.3047,0.192,0.9995
Pcdh10,Pcdh10,1.8316,-1.2234,1.2601,-0.9709,0.3316,0.9995
Pcdh12,Pcdh12,0.9165,0.133,1.3627,0.0976,0.9222,0.9995
Pcdh15,Pcdh15,1.0292,1.902,1.566,1.2146,0.2245,0.9995
Pcdh17,Pcdh17,0.6876,-0.7796,2.3596,-0.3304,0.7411,0.9995
Pcdh18,Pcdh18,1172.8316,-0.1084,0.1484,-0.7307,0.465,0.9995
Pcdh19,Pcdh19,2231.3469,-0.2869,0.2472,-1.1606,0.2458,0.9995
Pcdh20,Pcdh20,0.4599,0.2161,2.1462,0.1007,0.9198,0.9995
Pcdh7,Pcdh7,4943.482,-0.1822,0.1074,-1.6968,0.0897,0.9995
Pcdha10,Pcdha10,1.6049,-1.1844,1.2049,-0.9831,0.3256,0.9995
Pcdha3,Pcdha3,0.9109,0.4852,1.7491,0.2774,0.7815,0.9995
Pcdha9,Pcdha9,4.2312,0.2049,0.6905,0.2967,0.7667,0.9995
Pcdhac2,Pcdhac2,4.4509,-0.2657,0.7579,-0.3506,0.7259,0.9995
Pcdhb10,Pcdhb10,25.1362,-0.2699,0.3247,-0.8314,0.4058,0.9995
Pcdhb11,Pcdhb11,63.7051,-0.1657,0.2792,-0.5936,0.5528,0.9995
Pcdhb12,Pcdhb12,174.271,-0.0912,0.1251,-0.7287,0.4662,0.9995
Pcdhb13,Pcdhb13,65.2467,-0.2289,0.2093,-1.0936,0.2741,0.9995
Pcdhb14,Pcdhb14,398.4468,0.0768,0.1315,0.5838,0.5593,0.9995
Pcdhb15,Pcdhb15,122.5408,-0.1128,0.1576,-0.7157,0.4742,0.9995
Pcdhb16,Pcdhb16,492.8394,0.0395,0.14,0.2823,0.7777,0.9995
Pcdhb17,Pcdhb17,692.9809,-0.226,0.1356,-1.6661,0.0957,0.9995
Pcdhb18,Pcdhb18,161.37,-0.2645,0.1797,-1.4714,0.1412,0.9995
Pcdhb19,Pcdhb19,152.7626,-0.2877,0.1507,-1.9089,0.0563,0.9995
Pcdhb2,Pcdhb2,18.7508,-0.3551,0.3922,-0.9053,0.3653,0.9995
Pcdhb20,Pcdhb20,626.9193,-0.0066,0.1132,-0.0584,0.9534,0.9995
Pcdhb21,Pcdhb21,203.5478,-0.0632,0.1512,-0.4182,0.6758,0.9995
Pcdhb22,Pcdhb22,297.2178,0.0474,0.161,0.2942,0.7686,0.9995
Pcdhb3,Pcdhb3,21.6368,-0.298,0.4521,-0.6591,0.5098,0.9995
Pcdhb4,Pcdhb4,14.4938,-0.2147,0.4269,-0.5031,0.6149,0.9995
Pcdhb5,Pcdhb5,55.789,-0.1998,0.2191,-0.912,0.3618,0.9995
Pcdhb6,Pcdhb6,1.8333,-0.9989,1.069,-0.9345,0.3501,0.9995
Pcdhb7,Pcdhb7,50.8738,-0.3499,0.2329,-1.5023,0.133,0.9995
Pcdhb8,Pcdhb8,12.686,0.0603,0.4241,0.1422,0.8869,0.9995
Pcdhb9,Pcdhb9,74.2734,0.1235,0.1951,0.633,0.5267,0.9995
Pcdhga1,Pcdhga1,173.0453,0.0712,0.1844,0.3863,0.6993,0.9995
Pcdhga10,Pcdhga10,0.4598,-1.0667,2.5207,-0.4232,0.6722,0.9995
Pcdhga11,Pcdhga11,2.3942,0.5575,1.1264,0.4949,0.6206,0.9995
Pcdhga12,Pcdhga12,3.4329,0.255,0.7383,0.3453,0.7298,0.9995
Pcdhga2,Pcdhga2,19.9101,-0.2708,0.3814,-0.7099,0.4778,0.9995
Pcdhga3,Pcdhga3,24.026,-0.5241,0.3546,-1.478,0.1394,0.9995
Pcdhga4,Pcdhga4,19.5268,-0.2848,0.3443,-0.8273,0.408,0.9995
Pcdhga5,Pcdhga5,3.8831,-0.0547,0.7466,-0.0732,0.9416,0.9995
Pcdhga6,Pcdhga6,194.9505,-0.1286,0.1573,-0.8179,0.4134,0.9995
Pcdhga7,Pcdhga7,16.353,-0.4249,0.3953,-1.0748,0.2825,0.9995
Pcdhga8,Pcdhga8,5.8401,-0.8071,0.6479,-1.2456,0.2129,0.9995
Pcdhga9,Pcdhga9,59.211,-0.1946,0.2344,-0.8302,0.4064,0.9995
Pcdhgb1,Pcdhgb1,282.6452,-0.0186,0.1639,-0.1135,0.9097,0.9995
Pcdhgb2,Pcdhgb2,27.0856,-0.2317,0.2837,-0.8167,0.4141,0.9995
Pcdhgb4,Pcdhgb4,0.573,-0.3659,1.8103,-0.2022,0.8398,0.9995
Pcdhgb5,Pcdhgb5,1.603,0.0928,1.2767,0.0727,0.9421,0.9995
Pcdhgb6,Pcdhgb6,36.0031,-0.2973,0.2429,-1.2238,0.221,0.9995
Pcdhgb7,Pcdhgb7,4.6931,-0.2993,0.76,-0.3938,0.6937,0.9995
Pcdhgb8,Pcdhgb8,1.9434,-0.3004,1.146,-0.2621,0.7932,0.9995
Pcdhgc3,Pcdhgc3,14314.0986,-0.1354,0.1043,-1.2983,0.1942,0.9995
Pcdhgc4,Pcdhgc4,15.1024,-0.3042,0.402,-0.7569,0.4491,0.9995
Pcdhgc5,Pcdhgc5,149.6839,-0.1539,0.2062,-0.7465,0.4553,0.9995
Pced1a,Pced1a,785.2152,-0.0132,0.0797,-0.1653,0.8687,0.9995
Pced1b,Pced1b,132.9026,-0.1017,0.1552,-0.6557,0.512,0.9995
Pcf11,Pcf11,752.1169,0.0394,0.1019,0.3867,0.699,0.9995
Pcgf1,Pcgf1,252.3021,0.0773,0.1322,0.5848,0.5587,0.9995
Pcgf2,Pcgf2,1172.3917,0.0858,0.1146,0.7487,0.454,0.9995
Pcgf3,Pcgf3,3606.8545,-0.122,0.1329,-0.9177,0.3588,0.9995
Pcgf5,Pcgf5,676.0706,-0.0467,0.0696,-0.671,0.5022,0.9995
Pcgf6,Pcgf6,568.6687,-0.0117,0.1124,-0.104,0.9171,0.9995
Pcid2,Pcid2,1297.1856,0.0638,0.0801,0.7962,0.4259,0.9995
Pcif1,Pcif1,1719.9941,0.0146,0.1119,0.1306,0.8961,0.9995
Pck1,Pck1,1.72,0.6926,1.0995,0.63,0.5287,0.9995
Pck2,Pck2,4165.9852,0.0435,0.2418,0.1797,0.8574,0.9995
Pclo,Pclo,73.2802,-0.4798,0.4049,-1.1852,0.236,0.9995
Pcm1,Pcm1,1478.3351,-0.1124,0.1274,-0.882,0.3778,0.9995
Pcmt1,Pcmt1,3007.4467,0.0782,0.0549,1.4239,0.1545,0.9995
Pcmtd1,Pcmtd1,1506.8152,0.0852,0.1326,0.6426,0.5205,0.9995
Pcmtd2,Pcmtd2,2516.7579,-0.0791,0.1321,-0.5989,0.5492,0.9995
Pcna,Pcna,3312.5445,0.015,0.123,0.1219,0.903,0.9995
Pcnp,Pcnp,3279.9732,0.154,0.1163,1.3235,0.1857,0.9995
Pcnt,Pcnt,1282.9384,-0.1971,0.1324,-1.4882,0.1367,0.9995
Pcnx,Pcnx,2939.9713,-0.1423,0.0833,-1.7089,0.0875,0.9995
Pcnxl3,Pcnxl3,2774.6883,-0.0594,0.0887,-0.6699,0.5029,0.9995
Pcnxl4,Pcnxl4,965.7155,-0.0326,0.0949,-0.3437,0.7311,0.9995
Pcolce,Pcolce,26887.0593,0.0441,0.0856,0.5157,0.6061,0.9995
Pcolce2,Pcolce2,607.9177,0.0693,0.2803,0.2471,0.8048,0.9995
Pcp2,Pcp2,0.57,0.2893,2.1112,0.137,0.891,0.9995
Pcp4,Pcp4,0.573,-0.3659,1.8103,-0.2022,0.8398,0.9995
Pcp4l1,Pcp4l1,4.4641,-0.1529,0.6674,-0.2292,0.8187,0.9995
Pcsk1,Pcsk1,0.5707,-0.3691,2.0522,-0.1799,0.8573,0.9995
Pcsk2,Pcsk2,4.8021,-0.7854,0.6784,-1.1576,0.247,0.9995
Pcsk2os1,Pcsk2os1,1.6039,-0.2895,1.1242,-0.2575,0.7968,0.9995
Pcsk4,Pcsk4,71.8347,-0.1105,0.2329,-0.4744,0.6352,0.9995
Pcsk6,Pcsk6,280.1032,0.3485,0.1481,2.3537,0.0186,0.9995
Pcsk7,Pcsk7,1742.0922,0.0821,0.0794,1.0339,0.3012,0.9995
Pcsk9,Pcsk9,303.7419,-0.0451,0.1447,-0.3115,0.7554,0.9995
Pctp,Pctp,25.3454,0.1269,0.3745,0.3387,0.7348,0.9995
Pcx,Pcx,1775.4578,-0.0311,0.1046,-0.2977,0.7659,0.9995
Pcyox1,Pcyox1,7242.7692,-0.0497,0.0566,-0.8773,0.3803,0.9995
Pcyox1l,Pcyox1l,491.6953,0.0054,0.1332,0.0408,0.9675,0.9995
Pcyt1a,Pcyt1a,3821.6435,-0.0722,0.0596,-1.2126,0.2253,0.9995
Pcyt1b,Pcyt1b,322.7027,-0.1231,0.2197,-0.5603,0.5753,0.9995
Pcyt2,Pcyt2,1241.7652,-0.1621,0.0955,-1.6978,0.0895,0.9995
Pdap1,Pdap1,4470.0484,0.0716,0.0802,0.8933,0.3717,0.9995
Pdc,Pdc,0.9144,0.6643,1.6633,0.3994,0.6896,0.9995
Pdcd10,Pdcd10,1777.0851,-0.0351,0.0885,-0.3969,0.6915,0.9995
Pdcd11,Pdcd11,2570.0467,0.0431,0.0868,0.4965,0.6196,0.9995
Pdcd1lg2,Pdcd1lg2,0.4561,1.0296,2.5436,0.4048,0.6856,0.9995
Pdcd2,Pdcd2,665.9077,0.0692,0.1221,0.5672,0.5706,0.9995
Pdcd2l,Pdcd2l,566.7608,0.039,0.0957,0.4072,0.6838,0.9995
Pdcd4,Pdcd4,1296.0465,0.0322,0.118,0.2731,0.7848,0.9995
Pdcd5,Pdcd5,1450.082,0.0507,0.0831,0.6101,0.5418,0.9995
Pdcd6,Pdcd6,3243.372,0.097,0.115,0.8435,0.399,0.9995
Pdcd6ip,Pdcd6ip,8569.4874,-0.0533,0.0608,-0.8775,0.3802,0.9995
Pdcd7,Pdcd7,595.4639,0.1326,0.1062,1.2481,0.212,0.9995
Pdcl,Pdcl,2452.5525,-0.0196,0.1334,-0.1469,0.8832,0.9995
Pdcl3,Pdcl3,4018.6899,0.008,0.0508,0.158,0.8744,0.9995
Pddc1,Pddc1,836.3751,0.0969,0.1079,0.8981,0.3691,0.9995
Pde10a,Pde10a,400.3368,-0.4677,0.2243,-2.0855,0.037,0.9995
Pde12,Pde12,898.7993,0.0073,0.0888,0.082,0.9346,0.9995
Pde1a,Pde1a,147.1798,0.3865,0.4955,0.78,0.4354,0.9995
Pde1b,Pde1b,182.6242,-0.2894,0.2445,-1.1835,0.2366,0.9995
Pde1c,Pde1c,2.287,-0.4803,1.1031,-0.4355,0.6632,0.9995
Pde2a,Pde2a,485.767,0.0903,0.2613,0.3456,0.7297,0.9995
Pde3a,Pde3a,16.6985,-0.6672,0.362,-1.8429,0.0653,0.9995
Pde3b,Pde3b,563.1401,-0.0125,0.1655,-0.0755,0.9398,0.9995
Pde4a,Pde4a,536.4814,-0.0191,0.1556,-0.123,0.9021,0.9995
Pde4b,Pde4b,1159.7773,0.0542,0.1478,0.3668,0.7137,0.9995
Pde4c,Pde4c,1.8317,0.4529,1.2381,0.3658,0.7145,0.9995
Pde4d,Pde4d,1979.982,0.0079,0.0754,0.1052,0.9162,0.9995
Pde4dip,Pde4dip,5884.6179,-0.0104,0.1055,-0.0984,0.9216,0.9995
Pde5a,Pde5a,929.4645,-0.1741,0.1548,-1.1246,0.2608,0.9995
Pde6a,Pde6a,4.114,-0.3248,0.7304,-0.4447,0.6566,0.9995
Pde6b,Pde6b,1.0262,0.2334,1.3629,0.1713,0.864,0.9995
Pde6d,Pde6d,2187.2257,0.0821,0.1009,0.8137,0.4158,0.9995
Pde6g,Pde6g,2.7293,1.2222,1.2102,1.0099,0.3125,0.9995
Pde6h,Pde6h,1.8221,-0.5525,1.1081,-0.4987,0.618,0.9995
Pde7a,Pde7a,1111.2299,0.0783,0.1625,0.4816,0.6301,0.9995
Pde7b,Pde7b,153.2224,0.2945,0.2835,1.0386,0.299,0.9995
Pde8a,Pde8a,368.5738,-0.1599,0.1897,-0.8431,0.3992,0.9995
Pde8b,Pde8b,40.3126,0.0262,0.2613,0.1004,0.92,0.9995
Pdf,Pdf,842.592,0.0673,0.082,0.821,0.4117,0.9995
Pdgfa,Pdgfa,1248.053,0.0613,0.0945,0.6489,0.5164,0.9995
Pdgfb,Pdgfb,582.8125,-0.0845,0.425,-0.1987,0.8425,0.9995
Pdgfc,Pdgfc,3404.1138,-0.1099,0.2124,-0.5174,0.6048,0.9995
Pdgfd,Pdgfd,359.4045,-0.4267,0.2609,-1.6352,0.102,0.9995
Pdgfra,Pdgfra,2575.6004,-0.2248,0.1327,-1.6931,0.0904,0.9995
Pdgfrb,Pdgfrb,15272.1458,-0.0838,0.1021,-0.8205,0.4119,0.9995
Pdgfrl,Pdgfrl,4890.2132,-0.0587,0.2171,-0.2702,0.787,0.9995
Pdha1,Pdha1,6804.5806,-0.0043,0.0933,-0.0462,0.9632,0.9995
Pdhb,Pdhb,4317.038,0.0924,0.0929,0.9944,0.32,0.9995
Pdhx,Pdhx,1297.338,0.0597,0.115,0.5188,0.6039,0.9995
Pdia2,Pdia2,2.3994,1.0427,1.0246,1.0176,0.3089,0.9995
Pdia3,Pdia3,37986.4871,-0.0924,0.1077,-0.8574,0.3912,0.9995
Pdia4,Pdia4,11877.9222,0.0441,0.153,0.2882,0.7732,0.9995
Pdia5,Pdia5,1781.4789,-0.1308,0.0837,-1.5617,0.1184,0.9995
Pdia6,Pdia6,19494.4835,-0.0398,0.1112,-0.3577,0.7206,0.9995
Pdik1l,Pdik1l,381.94,0.1419,0.1047,1.3552,0.1754,0.9995
Pdk1,Pdk1,7179.6008,-0.3375,0.1749,-1.9299,0.0536,0.9995
Pdk2,Pdk2,1469.1908,0.0526,0.1023,0.5145,0.6069,0.9995
Pdk3,Pdk3,1224.0822,-0.0512,0.1281,-0.3994,0.6896,0.9995
Pdk4,Pdk4,1316.9788,-0.2073,0.1146,-1.8097,0.0703,0.9995
Pdlim1,Pdlim1,2593.8981,-0.1895,0.2056,-0.9215,0.3568,0.9995
Pdlim2,Pdlim2,4603.2143,0.0302,0.117,0.2579,0.7965,0.9995
Pdlim3,Pdlim3,4642.0446,0.0536,0.2181,0.2456,0.806,0.9995
Pdlim4,Pdlim4,4416.9793,0.0282,0.2035,0.1384,0.8899,0.9995
Pdlim5,Pdlim5,5777.8426,-0.0663,0.1824,-0.3633,0.7164,0.9995
Pdlim7,Pdlim7,4461.4322,0.042,0.1829,0.2297,0.8183,0.9995
Pdp1,Pdp1,1653.835,-0.0749,0.161,-0.465,0.642,0.9995
Pdp2,Pdp2,172.8687,-0.0949,0.1374,-0.6909,0.4896,0.9995
Pdpk1,Pdpk1,3535.7582,-0.1157,0.0853,-1.3556,0.1752,0.9995
Pdpn,Pdpn,21169.8797,0.1198,0.2796,0.4286,0.6682,0.9995
Pdpr,Pdpr,390.929,-0.0744,0.1442,-0.5159,0.606,0.9995
Pdrg1,Pdrg1,2513.5302,0.1476,0.0847,1.7438,0.0812,0.9995
Pds5a,Pds5a,1634.5692,-0.0851,0.178,-0.4784,0.6324,0.9995
Pds5b,Pds5b,1798.7203,0.0435,0.156,0.2787,0.7805,0.9995
Pdss1,Pdss1,173.6118,0.075,0.2041,0.3675,0.7133,0.9995
Pdss2,Pdss2,399.4796,0.0719,0.0869,0.8279,0.4077,0.9995
Pdxdc1,Pdxdc1,5516.7842,-0.0125,0.0713,-0.1759,0.8604,0.9995
Pdxk,Pdxk,1854.7897,0.0433,0.1507,0.2873,0.7739,0.9995
Pdxk-ps,Pdxk-ps,6.0479,-0.0862,0.5986,-0.144,0.8855,0.9995
Pdxp,Pdxp,701.7694,0.1125,0.1859,0.6054,0.5449,0.9995
Pdzd11,Pdzd11,1915.6515,0.1019,0.0764,1.3324,0.1827,0.9995
Pdzd2,Pdzd2,18.8632,-0.3273,0.4056,-0.807,0.4197,0.9995
Pdzd3,Pdzd3,2.5075,0.0579,1.0195,0.0568,0.9547,0.9995
Pdzd4,Pdzd4,263.6534,-0.1446,0.143,-1.0113,0.3119,0.9995
Pdzd7,Pdzd7,79.0945,0.0008,0.4797,0.0017,0.9987,1
Pdzd8,Pdzd8,1317.6788,-0.0122,0.1118,-0.109,0.9132,0.9995
Pdzd9,Pdzd9,2.8522,0.0044,0.881,0.005,0.996,0.9995
Pdzk1,Pdzk1,229.8282,0.0121,0.1377,0.0881,0.9298,0.9995
Pdzk1ip1,Pdzk1ip1,7.3133,-0.3866,0.5061,-0.7639,0.4449,0.9995
Pdzrn3,Pdzrn3,3356.0405,-0.1104,0.1325,-0.8335,0.4045,0.9995
Pdzrn4,Pdzrn4,1.6011,-0.2925,1.1403,-0.2565,0.7976,0.9995
Pea15a,Pea15a,9625.4298,0.0432,0.0915,0.4716,0.6372,0.9995
Peak1,Peak1,5326.0519,-0.2176,0.0858,-2.5367,0.0112,0.9995
Pear1,Pear1,287.2856,-0.0336,0.1019,-0.33,0.7414,0.9995
Pebp1,Pebp1,11106.1279,0.1395,0.0995,1.4021,0.1609,0.9995
Pebp4,Pebp4,3.7775,-0.0908,0.7908,-0.1148,0.9086,0.9995
Pecam1,Pecam1,5.2532,-0.7564,0.6428,-1.1768,0.2393,0.9995
Pecr,Pecr,752.9233,0.1139,0.1569,0.7256,0.4681,0.9995
Pef1,Pef1,2730.4212,0.0758,0.0883,0.8583,0.3907,0.9995
Peg10,Peg10,972.8095,-0.2764,0.3321,-0.8322,0.4053,0.9995
Peg12,Peg12,49.435,0.1411,0.3221,0.4381,0.6613,0.9995
Peg13,Peg13,1119.9216,-0.1032,0.1095,-0.9431,0.3456,0.9995
Peg3,Peg3,2300.0364,-0.32,0.2772,-1.1543,0.2484,0.9995
Peli1,Peli1,423.2302,0.0165,0.1412,0.1168,0.907,0.9995
Peli2,Peli2,1902.0205,-0.0205,0.099,-0.2066,0.8363,0.9995
Peli3,Peli3,138.1459,-0.0181,0.2245,-0.0808,0.9356,0.9995
Pelo,Pelo,650.593,0.1496,0.1044,1.4327,0.1519,0.9995
Pelp1,Pelp1,1811.2382,0.0459,0.0788,0.583,0.5599,0.9995
Pemt,Pemt,141.8571,0.1854,0.1821,1.0179,0.3087,0.9995
Penk,Penk,9.8471,-0.5497,0.487,-1.1286,0.2591,0.9995
Peo1,Peo1,1283.3637,0.1438,0.1019,1.4119,0.158,0.9995
Pepd,Pepd,1783.3602,-0.0502,0.0786,-0.6386,0.5231,0.9995
Per1,Per1,813.0395,0.0365,0.0973,0.375,0.7076,0.9995
Per2,Per2,308.0558,-0.2827,0.4087,-0.6916,0.4892,0.9995
Per3,Per3,501.4744,-0.0491,0.1632,-0.301,0.7634,0.9995
Perm1,Perm1,54.8132,-0.0727,0.2524,-0.2879,0.7735,0.9995
Perp,Perp,41.2631,-0.2238,0.2395,-0.9347,0.35,0.9995
Pes1,Pes1,5190.5873,0.0926,0.1023,0.9058,0.3651,0.9995
Pet100,Pet100,263.9074,0.1442,0.1169,1.233,0.2176,0.9995
Pet2,Pet2,33.2917,0.1372,0.3826,0.3587,0.7198,0.9995
Pex1,Pex1,698.2976,-0.121,0.1024,-1.1817,0.2373,0.9995
Pex10,Pex10,218.8122,0.3234,0.1195,2.7074,0.0068,0.9995
Pex11a,Pex11a,138.7862,0.0382,0.1708,0.2237,0.823,0.9995
Pex11b,Pex11b,1522.3972,0.1396,0.1249,1.1183,0.2634,0.9995
Pex11g,Pex11g,181.6922,-0.0882,0.1267,-0.6959,0.4865,0.9995
Pex12,Pex12,584.6163,0.0994,0.0786,1.2645,0.2061,0.9995
Pex13,Pex13,1735.9669,-0.0287,0.1143,-0.251,0.8018,0.9995
Pex14,Pex14,2115.221,0.0677,0.138,0.4905,0.6238,0.9995
Pex16,Pex16,663.8116,0.0159,0.0851,0.1866,0.852,0.9995
Pex19,Pex19,5933.5658,0.0694,0.086,0.8075,0.4194,0.9995
Pex2,Pex2,2023.9865,0,0.0623,0.0003,0.9997,1
Pex26,Pex26,444.3673,-0.0161,0.1873,-0.086,0.9315,0.9995
Pex3,Pex3,1284.6181,0.0282,0.0718,0.3931,0.6942,0.9995
Pex5,Pex5,2936.4033,0.0977,0.0781,1.2504,0.2112,0.9995
Pex5l,Pex5l,31.5608,-0.6078,0.2821,-2.1545,0.0312,0.9995
Pex6,Pex6,1826.4029,-0.0614,0.0886,-0.6925,0.4886,0.9995
Pex7,Pex7,652.2264,-0.0363,0.0834,-0.4358,0.663,0.9995
Pf4,Pf4,1.947,0.9764,1.0531,0.9272,0.3538,0.9995
Pfas,Pfas,1057.9335,0.0525,0.0799,0.6569,0.5112,0.9995
Pfdn1,Pfdn1,1437.9157,0.1352,0.1103,1.2262,0.2201,0.9995
Pfdn2,Pfdn2,1624.7651,0.1916,0.1184,1.6186,0.1055,0.9995
Pfdn4,Pfdn4,787.3321,0.0347,0.1088,0.3186,0.75,0.9995
Pfdn5,Pfdn5,6159.3793,0.0872,0.087,1.0031,0.3158,0.9995
Pfdn6,Pfdn6,1348.8439,0.107,0.123,0.8698,0.3844,0.9995
Pfkfb1,Pfkfb1,42.4045,-0.1452,0.2351,-0.6178,0.5367,0.9995
Pfkfb2,Pfkfb2,872.4327,0.005,0.1219,0.0412,0.9671,0.9995
Pfkfb3,Pfkfb3,1385.461,0.0767,0.2642,0.2903,0.7716,0.9995
Pfkfb4,Pfkfb4,460.5132,-0.1667,0.1041,-1.601,0.1094,0.9995
Pfkl,Pfkl,11095.5967,-0.2706,0.1552,-1.7431,0.0813,0.9995
Pfkm,Pfkm,7764.1044,0.1103,0.1863,0.5918,0.554,0.9995
Pfkp,Pfkp,4651.2909,-0.1204,0.1168,-1.0312,0.3025,0.9995
Pfn1,Pfn1,19839.5202,0.0709,0.1209,0.5862,0.5577,0.9995
Pfn2,Pfn2,321.4625,0.1542,0.1297,1.1888,0.2345,0.9995
Pfn4,Pfn4,2.1675,1.029,1.1207,0.9181,0.3585,0.9995
Pga5,Pga5,1.2579,-0.9616,1.4263,-0.6742,0.5002,0.9995
Pgam1,Pgam1,17633.6385,0.0646,0.1805,0.3576,0.7207,0.9995
Pgam2,Pgam2,790.7959,0.239,0.2486,0.9614,0.3363,0.9995
Pgam5,Pgam5,2249.2394,0.1448,0.0893,1.6215,0.1049,0.9995
Pgap1,Pgap1,270.0813,0.0981,0.2447,0.4008,0.6886,0.9995
Pgap2,Pgap2,1064.9248,0.037,0.0613,0.603,0.5465,0.9995
Pgap3,Pgap3,369.4978,0.0507,0.1176,0.4314,0.6662,0.9995
Pgbd1,Pgbd1,30.5324,-0.2263,0.2825,-0.801,0.4231,0.9995
Pgbd5,Pgbd5,9.3666,0.3116,0.4983,0.6254,0.5317,0.9995
Pgd,Pgd,15020.0843,0.1646,0.3309,0.4974,0.6189,0.9995
Pgf,Pgf,734.5123,0.2204,0.1541,1.4299,0.1527,0.9995
Pggt1b,Pggt1b,408.4672,-0.1261,0.1344,-0.938,0.3482,0.9995
Pgk1,Pgk1,59859.1062,0.0212,0.115,0.1844,0.8537,0.9995
Pgls,Pgls,1719.6077,0.0943,0.0892,1.0574,0.2903,0.9995
Pglyrp1,Pglyrp1,0.5727,1.7795,2.3994,0.7416,0.4583,0.9995
Pgm1,Pgm1,1464.827,0.017,0.0796,0.2131,0.8312,0.9995
Pgm2,Pgm2,7481.7842,-0.151,0.1168,-1.2937,0.1958,0.9995
Pgm2l1,Pgm2l1,116.2461,-0.0973,0.1435,-0.678,0.4978,0.9995
Pgm3,Pgm3,897.2877,-0.0428,0.0916,-0.4676,0.6401,0.9995
Pgm5,Pgm5,2416.7703,0.1756,0.3085,0.5692,0.5693,0.9995
Pgp,Pgp,951.883,0.0043,0.08,0.0541,0.9569,0.9995
Pgpep1,Pgpep1,2138.3718,0.1645,0.0969,1.6982,0.0895,0.9995
Pgpep1l,Pgpep1l,4.3426,-0.4613,0.7929,-0.5818,0.5607,0.9995
Pgrmc1,Pgrmc1,5509.5614,-0.0292,0.1298,-0.2251,0.8219,0.9995
Pgrmc2,Pgrmc2,5327.3139,-0.0092,0.0552,-0.1668,0.8675,0.9995
Pgs1,Pgs1,2707.7496,0.1308,0.1579,0.8285,0.4074,0.9995
Phactr1,Phactr1,3.1965,0.0438,0.8849,0.0495,0.9605,0.9995
Phactr2,Phactr2,0.3423,0.9335,2.6541,0.3517,0.7251,0.9995
Phactr4,Phactr4,2442.1713,-0.0328,0.0696,-0.4721,0.6368,0.9995
Phax,Phax,1684.758,-0.0354,0.0565,-0.6269,0.5307,0.9995
Phb,Phb,2915.1239,0.0865,0.0831,1.0411,0.2978,0.9995
Phb2,Phb2,5408.9649,0.1167,0.0819,1.4259,0.1539,0.9995
Phc1,Phc1,1238.0471,-0.0491,0.0764,-0.6427,0.5204,0.9995
Phc2,Phc2,5700.3068,0.0528,0.0799,0.6603,0.5091,0.9995
Phc3,Phc3,2059.1189,-0.1214,0.1887,-0.6434,0.5199,0.9995
Phex,Phex,291.8731,-0.1903,0.273,-0.6971,0.4858,0.9995
Phf1,Phf1,1165.5739,-0.0855,0.1244,-0.6871,0.492,0.9995
Phf10,Phf10,3719.7765,0.0068,0.1404,0.0484,0.9614,0.9995
Phf11a,Phf11a,0.797,-0.7242,1.7289,-0.4189,0.6753,0.9995
Phf11b,Phf11b,9.9388,-0.2573,0.6703,-0.3839,0.7011,0.9995
Phf11c,Phf11c,17.278,0.1397,0.4046,0.3453,0.7299,0.9995
Phf11d,Phf11d,101.7234,-0.0991,0.2293,-0.4323,0.6655,0.9995
Phf12,Phf12,2195.8917,0.023,0.0662,0.3474,0.7283,0.9995
Phf13,Phf13,1836.4739,0.0857,0.1106,0.7751,0.4383,0.9995
Phf14,Phf14,1040.34,-0.0341,0.157,-0.2169,0.8283,0.9995
Phf19,Phf19,241.3163,-0.3245,0.4763,-0.6812,0.4958,0.9995
Phf2,Phf2,3552.7522,-0.0641,0.0678,-0.9451,0.3446,0.9995
Phf20,Phf20,2834.8865,-0.1164,0.1202,-0.9689,0.3326,0.9995
Phf20l1,Phf20l1,1064.7227,-0.0125,0.116,-0.1073,0.9145,0.9995
Phf21a,Phf21a,1735.6207,-0.0033,0.1232,-0.0269,0.9786,0.9995
Phf21b,Phf21b,4.9089,-0.0853,0.7241,-0.1178,0.9062,0.9995
Phf23,Phf23,3393.9628,0.0529,0.0757,0.6985,0.4849,0.9995
Phf3,Phf3,2562.2554,0.0187,0.1315,0.1422,0.887,0.9995
Phf5a,Phf5a,1986.4307,0.1418,0.0958,1.4804,0.1388,0.9995
Phf6,Phf6,1143.7432,0.0021,0.1986,0.0107,0.9915,0.9995
Phf7,Phf7,283.2698,0.0152,0.1189,0.1275,0.8985,0.9995
Phf8,Phf8,1430.1767,0.0418,0.1311,0.319,0.7497,0.9995
Phgdh,Phgdh,7148.1834,0.0428,0.1071,0.3994,0.6896,0.9995
Phip,Phip,715.0277,-0.2777,0.0845,-3.2872,0.001,0.9995
Phka1,Phka1,954.9407,-0.0204,0.0656,-0.3101,0.7565,0.9995
Phka2,Phka2,1368.6344,-0.0834,0.1328,-0.6279,0.53,0.9995
Phkb,Phkb,3563.2093,-0.0681,0.178,-0.3828,0.7019,0.9995
Phkg1,Phkg1,20.3243,-0.0091,0.3499,-0.026,0.9792,0.9995
Phkg2,Phkg2,296.6549,0.12,0.0961,1.2486,0.2118,0.9995
Phlda1,Phlda1,2849.0523,-0.2379,0.1231,-1.932,0.0534,0.9995
Phlda3,Phlda3,6332.3012,0.2031,0.0791,2.5664,0.0103,0.9995
Phldb1,Phldb1,4570.454,-0.0429,0.0883,-0.4862,0.6268,0.9995
Phldb2,Phldb2,7014.6076,0.0413,0.1998,0.2067,0.8362,0.9995
Phldb3,Phldb3,264.5076,0.0349,0.1265,0.2755,0.7829,0.9995
Phlpp1,Phlpp1,713.9175,-0.0906,0.1037,-0.8731,0.3826,0.9995
Phlpp2,Phlpp2,502.9094,-0.1619,0.0878,-1.8452,0.065,0.9995
Phospho1,Phospho1,347.1822,0.3905,0.4098,0.9528,0.3407,0.9995
Phospho2,Phospho2,1194.5081,0.0471,0.0829,0.568,0.5701,0.9995
Phpt1,Phpt1,990.423,0.1401,0.0663,2.1118,0.0347,0.9995
Phrf1,Phrf1,2979.4384,-0.0524,0.0526,-0.9957,0.3194,0.9995
Phtf1,Phtf1,1585.6597,-0.028,0.0741,-0.3773,0.7059,0.9995
Phtf1os,Phtf1os,5.1363,0.2283,0.7649,0.2984,0.7654,0.9995
Phtf2,Phtf2,568.0266,0.0092,0.1867,0.0492,0.9608,0.9995
Phyh,Phyh,987.2016,0.0829,0.2033,0.408,0.6832,0.9995
Phyhd1,Phyhd1,841.7391,0.1158,0.1981,0.5844,0.5589,0.9995
Phyhip,Phyhip,3.3175,-0.1853,0.8326,-0.2226,0.8239,0.9995
Phyhipl,Phyhipl,1.0337,-0.8809,1.8512,-0.4759,0.6342,0.9995
Phykpl,Phykpl,267.4395,0.2235,0.1101,2.0304,0.0423,0.9995
Pi15,Pi15,1114.5405,0.0603,0.172,0.3504,0.726,0.9995
Pi16,Pi16,72.2809,0.2917,0.2153,1.3547,0.1755,0.9995
Pi4k2a,Pi4k2a,3231.5742,0.051,0.1167,0.4371,0.6621,0.9995
Pi4k2b,Pi4k2b,1787.7924,0.0471,0.1406,0.3348,0.7377,0.9995
Pi4ka,Pi4ka,3920.3935,-0.082,0.1284,-0.6391,0.5228,0.9995
Pi4kb,Pi4kb,3264.8559,0.0065,0.0641,0.1021,0.9187,0.9995
Pianp,Pianp,255.253,0.2683,0.3523,0.7615,0.4464,0.9995
Pias1,Pias1,1151.7754,-0.1139,0.1491,-0.7639,0.4449,0.9995
Pias2,Pias2,3338.0799,-0.0682,0.1055,-0.6464,0.518,0.9995
Pias3,Pias3,1749.5641,0.0606,0.0666,0.9086,0.3635,0.9995
Pias4,Pias4,1136.8166,-0.0535,0.0664,-0.806,0.4202,0.9995
Pibf1,Pibf1,280.9243,0.0285,0.1564,0.1822,0.8554,0.9995
Picalm,Picalm,5998.8865,-0.0514,0.1756,-0.293,0.7696,0.9995
Pick1,Pick1,636.8473,-0.0325,0.0903,-0.3595,0.7192,0.9995
Pid1,Pid1,278.1312,-0.3418,0.3696,-0.9247,0.3551,0.9995
Pidd1,Pidd1,137.8643,0.297,0.1884,1.5766,0.1149,0.9995
Piezo1,Piezo1,6394.1426,-0.074,0.1111,-0.6657,0.5056,0.9995
Piezo2,Piezo2,756.7041,-0.227,0.2497,-0.9092,0.3632,0.9995
Pif1,Pif1,169.5007,0.2386,0.4449,0.5362,0.5919,0.9995
Piga,Piga,697.1317,0.0592,0.2578,0.2298,0.8183,0.9995
Pigb,Pigb,144.5721,0.0377,0.1308,0.2883,0.7731,0.9995
Pigc,Pigc,1447.5549,0.0495,0.0659,0.7509,0.4527,0.9995
Pigf,Pigf,426.3467,0.0736,0.1134,0.6491,0.5163,0.9995
Pigg,Pigg,529.3237,-0.0376,0.1288,-0.2919,0.7704,0.9995
Pigh,Pigh,288.2966,-0.0025,0.1592,-0.0154,0.9877,0.9995
Pigk,Pigk,3530.7189,-0.0034,0.0641,-0.0524,0.9582,0.9995
Pigl,Pigl,164.6257,-0.023,0.1366,-0.1685,0.8662,0.9995
Pigm,Pigm,1081.6765,-0.0045,0.1039,-0.0433,0.9654,0.9995
Pign,Pign,2032.3158,-0.097,0.1318,-0.7361,0.4616,0.9995
Pigo,Pigo,374.9202,0.0083,0.1052,0.079,0.9371,0.9995
Pigp,Pigp,1461.0367,-0.0431,0.0944,-0.4567,0.6479,0.9995
Pigq,Pigq,2650.581,0.0559,0.0628,0.8897,0.3737,0.9995
Pigr,Pigr,1.0285,1.1065,1.4221,0.7781,0.4365,0.9995
Pigs,Pigs,3673.4624,0.0144,0.0741,0.1942,0.846,0.9995
Pigt,Pigt,3809.697,0.0103,0.0638,0.1621,0.8712,0.9995
Pigu,Pigu,1242.209,0.0759,0.0659,1.1519,0.2493,0.9995
Pigv,Pigv,564.0045,0.0477,0.0943,0.5053,0.6133,0.9995
Pigw,Pigw,288.2229,0.1014,0.1075,0.9431,0.3456,0.9995
Pigx,Pigx,762.1769,0.0327,0.1029,0.3177,0.7507,0.9995
Pigyl,Pigyl,465.5211,0.0196,0.0943,0.2075,0.8356,0.9995
Pigz,Pigz,4.2215,0.8414,0.7263,1.1585,0.2467,0.9995
Pih1d1,Pih1d1,795.7344,0.0694,0.0692,1.0042,0.3153,0.9995
Pih1d2,Pih1d2,66.6162,0.1468,0.1865,0.7869,0.4314,0.9995
Pik3ap1,Pik3ap1,0.5683,1.6091,2.0412,0.7883,0.4305,0.9995
Pik3c2a,Pik3c2a,1136.8162,0.1027,0.1401,0.7331,0.4635,0.9995
Pik3c2b,Pik3c2b,331.1818,0.0577,0.1673,0.345,0.7301,0.9995
Pik3c2g,Pik3c2g,6.176,-0.3449,0.9185,-0.3755,0.7073,0.9995
Pik3c3,Pik3c3,1575.3936,-0.0047,0.1247,-0.038,0.9697,0.9995
Pik3ca,Pik3ca,2926.7778,-0.0187,0.101,-0.1851,0.8532,0.9995
Pik3cb,Pik3cb,539.7094,-0.0621,0.1202,-0.5168,0.6053,0.9995
Pik3cd,Pik3cd,57.8811,-0.0329,0.3553,-0.0926,0.9262,0.9995
Pik3ip1,Pik3ip1,1464.8844,0.0466,0.1515,0.3079,0.7582,0.9995
Pik3r1,Pik3r1,4529.4235,-0.2038,0.1955,-1.0426,0.2971,0.9995
Pik3r2,Pik3r2,4283.8342,-0.0455,0.0878,-0.5176,0.6047,0.9995
Pik3r3,Pik3r3,1191.697,0.0123,0.2456,0.0503,0.9599,0.9995
Pik3r4,Pik3r4,1796.9125,-0.03,0.0816,-0.3672,0.7135,0.9995
Pik3r5,Pik3r5,74.3393,-0.4221,0.2266,-1.8629,0.0625,0.9995
Pik3r6,Pik3r6,1.6019,-0.7061,1.0776,-0.6552,0.5123,0.9995
Pikfyve,Pikfyve,1158.3516,-0.0358,0.1663,-0.2152,0.8296,0.9995
Pilra,Pilra,1.6014,0.8587,1.1449,0.75,0.4533,0.9995
Pim1,Pim1,1127.1868,0.0596,0.2247,0.2652,0.7909,0.9995
Pim2,Pim2,148.4355,-0.0344,0.1587,-0.2169,0.8283,0.9995
Pim3,Pim3,1471.28,0.1413,0.2609,0.5416,0.5881,0.9995
Pin1,Pin1,1785.7716,0.0888,0.0793,1.1201,0.2627,0.9995
Pin4,Pin4,487.5356,0.2538,0.104,2.4394,0.0147,0.9995
Pink1,Pink1,4344.3444,0.0666,0.0927,0.7192,0.472,0.9995
Pinlyp,Pinlyp,1.5985,0.4134,1.121,0.3688,0.7123,0.9995
Pinx1,Pinx1,452.7761,0.0885,0.0913,0.9691,0.3325,0.9995
Pip4k2a,Pip4k2a,1487.0744,-0.099,0.1601,-0.6182,0.5365,0.9995
Pip4k2b,Pip4k2b,3035.1729,0.0423,0.0779,0.5425,0.5875,0.9995
Pip4k2c,Pip4k2c,2647.1481,0.0145,0.1672,0.0868,0.9308,0.9995
Pip5k1a,Pip5k1a,4073.5583,0.0097,0.0954,0.1012,0.9194,0.9995
Pip5k1b,Pip5k1b,22.2,0.0389,0.3529,0.1103,0.9121,0.9995
Pip5k1c,Pip5k1c,2611.8992,-0.0243,0.0851,-0.2856,0.7752,0.9995
Pip5kl1,Pip5kl1,2.0539,-0.6754,1.0222,-0.6607,0.5088,0.9995
Pipox,Pipox,0.4562,0.214,2.5725,0.0832,0.9337,0.9995
Pir,Pir,838.9361,0.0245,0.1427,0.172,0.8635,0.9995
Pisd,Pisd,2743.1003,0.0577,0.1252,0.4607,0.645,0.9995
Pisd-ps1,Pisd-ps1,247.4428,-0.0551,0.1266,-0.4349,0.6636,0.9995
Pisd-ps2,Pisd-ps2,31.3118,-0.2285,0.2929,-0.7802,0.4353,0.9995
Pithd1,Pithd1,1375.1749,0.0743,0.0809,0.9186,0.3583,0.9995
Pitpna,Pitpna,7911.2295,0.0805,0.0667,1.2066,0.2276,0.9995
Pitpnb,Pitpnb,4696.396,-0.0004,0.0598,-0.0064,0.9949,0.9995
Pitpnc1,Pitpnc1,170.4411,-0.019,0.1873,-0.1014,0.9193,0.9995
Pitpnm1,Pitpnm1,3096.9729,0.1185,0.2087,0.5677,0.5702,0.9995
Pitpnm2,Pitpnm2,796.1539,-0.0519,0.0734,-0.7063,0.48,0.9995
Pitrm1,Pitrm1,3800.4231,-0.036,0.0602,-0.5979,0.5499,0.9995
Pitx2,Pitx2,2839.0327,-0.0225,0.1343,-0.1675,0.8669,0.9995
Pitx3,Pitx3,135.2026,0.04,0.226,0.177,0.8595,0.9995
Piwil2,Piwil2,16.4517,-0.2299,0.4355,-0.5278,0.5976,0.9995
Piwil4,Piwil4,14.7242,-0.2233,0.4541,-0.4918,0.6229,0.9995
Pja1,Pja1,2992.4861,0.0571,0.0739,0.7728,0.4397,0.9995
Pja2,Pja2,6650.2297,-0.1082,0.1774,-0.6097,0.542,0.9995
Pkd1,Pkd1,7000.4561,-0.2231,0.0862,-2.5873,0.0097,0.9995
Pkd1l2,Pkd1l2,1.1444,1.3143,1.4732,0.8921,0.3723,0.9995
Pkd1l3,Pkd1l3,68.6265,0.188,0.2779,0.6766,0.4987,0.9995
Pkd2,Pkd2,4298.9832,0.0529,0.167,0.317,0.7513,0.9995
Pkd2l2,Pkd2l2,321.9682,-0.1063,0.1984,-0.5358,0.5921,0.9995
Pkdcc,Pkdcc,292.4761,0.0361,0.1247,0.2894,0.7722,0.9995
Pkhd1,Pkhd1,207.7309,0.0566,0.2282,0.2482,0.804,0.9995
Pkia,Pkia,4839.2194,0.0022,0.349,0.0062,0.995,0.9995
Pkig,Pkig,5945.3088,0.0725,0.1515,0.4788,0.6321,0.9995
Pkm,Pkm,135135.505,0.0478,0.1346,0.3554,0.7223,0.9995
Pkmyt1,Pkmyt1,169.7664,-0.18,0.44,-0.4091,0.6825,0.9995
Pkn1,Pkn1,3427.1257,-0.0192,0.1134,-0.1695,0.8654,0.9995
Pkn2,Pkn2,2586.229,0.0561,0.105,0.534,0.5933,0.9995
Pkn3,Pkn3,170.2805,-0.3367,0.2275,-1.4804,0.1388,0.9995
Pknox1,Pknox1,1329.1528,-0.1519,0.0881,-1.724,0.0847,0.9995
Pknox2,Pknox2,596.0549,0.0594,0.2852,0.2082,0.8351,0.9995
Pkp1,Pkp1,3250.6221,-0.0701,0.1426,-0.4916,0.623,0.9995
Pkp2,Pkp2,851.7583,0.1815,0.1485,1.2221,0.2217,0.9995
Pkp3,Pkp3,19.549,0.0452,0.3704,0.1221,0.9028,0.9995
Pkp4,Pkp4,1433.6012,-0.0802,0.123,-0.6519,0.5145,0.9995
Pla1a,Pla1a,1580.2102,-0.0388,0.1059,-0.3665,0.714,0.9995
Pla2g12a,Pla2g12a,1262.222,0.0811,0.166,0.4885,0.6252,0.9995
Pla2g12b,Pla2g12b,8.4498,0.1118,0.6375,0.1753,0.8608,0.9995
Pla2g15,Pla2g15,1676.3335,0.0995,0.1184,0.8404,0.4007,0.9995
Pla2g16,Pla2g16,2624.1882,0.1252,0.2238,0.5594,0.5759,0.9995
Pla2g1b,Pla2g1b,2.048,2.2149,1.2613,1.7561,0.0791,0.9995
Pla2g2d,Pla2g2d,0.9127,-1.048,1.6661,-0.629,0.5294,0.9995
Pla2g2e,Pla2g2e,42.3187,0.1938,0.3013,0.6431,0.5202,0.9995
Pla2g3,Pla2g3,5.0311,0.3046,0.6082,0.5009,0.6165,0.9995
Pla2g4a,Pla2g4a,1322.3249,0.0103,0.2235,0.0462,0.9632,0.9995
Pla2g4b,Pla2g4b,4.1103,0.0568,0.9277,0.0612,0.9512,0.9995
Pla2g4c,Pla2g4c,7.6621,-0.4194,0.7202,-0.5823,0.5603,0.9995
Pla2g4e,Pla2g4e,1.2598,0.8909,1.4588,0.6107,0.5414,0.9995
Pla2g4f,Pla2g4f,1.251,-0.9336,1.6293,-0.573,0.5666,0.9995
Pla2g5,Pla2g5,1.4908,1.8212,1.3653,1.3339,0.1822,0.9995
Pla2g6,Pla2g6,1409.5827,0.033,0.093,0.3543,0.7231,0.9995
Pla2g7,Pla2g7,215.3838,0.0716,0.1259,0.5688,0.5695,0.9995
Pla2r1,Pla2r1,765.3281,-0.1997,0.1142,-1.749,0.0803,0.9995
Plaa,Plaa,3998.9392,0.0073,0.1256,0.0584,0.9535,0.9995
Plac1,Plac1,4.4573,0.7105,0.7425,0.9569,0.3386,0.9995
Plac8,Plac8,33.5255,-0.2832,0.2986,-0.9481,0.3431,0.9995
Plag1,Plag1,43.915,-0.1191,0.287,-0.4149,0.6782,0.9995
Plagl1,Plagl1,3.7808,-0.6914,0.8312,-0.8318,0.4055,0.9995
Plagl2,Plagl2,682.2033,0.0012,0.1014,0.0114,0.9909,0.9995
Plat,Plat,5925.0466,0.037,0.1536,0.2408,0.8097,0.9995
Platr14,Platr14,261.034,-0.0933,0.1781,-0.5238,0.6004,0.9995
Platr17,Platr17,0.3442,-0.4801,2.6724,-0.1797,0.8574,0.9995
Platr20,Platr20,1.2603,-0.1463,1.3079,-0.1119,0.9109,0.9995
Platr22,Platr22,7.3098,0.0764,0.7019,0.1089,0.9133,0.9995
Platr26,Platr26,1.9514,-0.8006,1.4887,-0.5378,0.5907,0.9995
Platr5,Platr5,0.4563,-1.0536,2.5212,-0.4179,0.676,0.9995
Platr8,Platr8,1.2566,-0.3297,1.5709,-0.2099,0.8338,0.9995
Plau,Plau,4232.2835,-0.163,0.2804,-0.5813,0.561,0.9995
Plaur,Plaur,750.7392,0.0422,0.162,0.2606,0.7944,0.9995
Plb1,Plb1,45.4329,-0.2577,0.2913,-0.8845,0.3764,0.9995
Plbd1,Plbd1,6.3946,-0.2038,0.611,-0.3335,0.7387,0.9995
Plbd2,Plbd2,8656.518,0.0153,0.135,0.1129,0.9101,0.9995
Plcb1,Plcb1,137.3379,-0.0586,0.2978,-0.1968,0.844,0.9995
Plcb2,Plcb2,0.9164,-0.5843,1.463,-0.3994,0.6896,0.9995
Plcb3,Plcb3,5190.311,-0.1087,0.0838,-1.2975,0.1944,0.9995
Plcb4,Plcb4,608.33,0.1404,0.2375,0.5911,0.5545,0.9995
Plcd1,Plcd1,1533.2139,0.0801,0.0902,0.8882,0.3744,0.9995
Plcd3,Plcd3,1483.0685,-0.0175,0.0675,-0.2588,0.7958,0.9995
Plcd4,Plcd4,19.2138,-0.0695,0.3477,-0.1999,0.8416,0.9995
Plce1,Plce1,0.5714,1.7794,2.4006,0.7412,0.4585,0.9995
Plcg1,Plcg1,3439.2354,0.012,0.0597,0.201,0.8407,0.9995
Plcg2,Plcg2,124.2334,-0.2606,0.3162,-0.8241,0.4099,0.9995
Plch2,Plch2,7.778,-0.0947,0.6908,-0.1371,0.891,0.9995
Plcl1,Plcl1,305.6945,-0.1314,0.2512,-0.5231,0.6009,0.9995
Plcl2,Plcl2,434.3899,-0.0009,0.096,-0.0097,0.9923,0.9995
Plcxd1,Plcxd1,24.5559,0.4903,0.3139,1.5619,0.1183,0.9995
Plcxd2,Plcxd2,158.6301,0.061,0.1667,0.3659,0.7145,0.9995
Pld1,Pld1,913.4551,-0.1125,0.0985,-1.1425,0.2533,0.9995
Pld2,Pld2,1390.2125,0.0037,0.0811,0.046,0.9633,0.9995
Pld3,Pld3,8638.5758,-0.0519,0.1141,-0.455,0.6491,0.9995
Pld4,Pld4,1.1393,-0.7287,1.5001,-0.4858,0.6271,0.9995
Pld5,Pld5,1.0332,-0.2182,1.5745,-0.1386,0.8898,0.9995
Pld6,Pld6,0.6877,-1.7991,1.9547,-0.9204,0.3574,0.9995
Pldi,Pldi,2.0525,-1.4689,1.1863,-1.2382,0.2156,0.9995
Plec,Plec,23275.7397,-0.1345,0.1229,-1.0943,0.2738,0.9995
Plek,Plek,170.8714,0.4574,0.9189,0.4978,0.6186,0.9995
Plek2,Plek2,18.9812,0.0024,0.654,0.0036,0.9971,0.9995
Plekha1,Plekha1,2258.3068,-0.0655,0.1769,-0.3701,0.7113,0.9995
Plekha2,Plekha2,4349.3567,-0.0049,0.0518,-0.0954,0.924,0.9995
Plekha3,Plekha3,2626.1038,0.1321,0.2094,0.6307,0.5282,0.9995
Plekha4,Plekha4,114.2196,0.0229,0.2332,0.0981,0.9218,0.9995
Plekha5,Plekha5,1124.2886,-0.0814,0.1243,-0.6547,0.5126,0.9995
Plekha6,Plekha6,374.5653,-0.3329,0.1891,-1.7607,0.0783,0.9995
Plekha7,Plekha7,251.9474,-0.1289,0.2563,-0.5031,0.6149,0.9995
Plekha8,Plekha8,758.1137,-0.0332,0.0852,-0.3893,0.6971,0.9995
Plekhb1,Plekhb1,84.297,-0.2028,0.3491,-0.581,0.5612,0.9995
Plekhb2,Plekhb2,7121.4353,-0.018,0.0803,-0.2246,0.8223,0.9995
Plekhf1,Plekhf1,873.0231,-0.0344,0.1255,-0.2738,0.7843,0.9995
Plekhf2,Plekhf2,966.7736,-0.0639,0.0859,-0.7445,0.4566,0.9995
Plekhg1,Plekhg1,31.3805,-0.2654,0.4525,-0.5866,0.5575,0.9995
Plekhg2,Plekhg2,1523.078,-0.0041,0.1351,-0.0301,0.976,0.9995
Plekhg3,Plekhg3,1063.4654,-0.0757,0.1117,-0.6778,0.4979,0.9995
Plekhg4,Plekhg4,197.5352,-0.0217,0.4605,-0.047,0.9625,0.9995
Plekhg5,Plekhg5,4668.5112,-0.0602,0.2119,-0.2839,0.7765,0.9995
Plekhg6,Plekhg6,54.7943,-0.139,0.3179,-0.4373,0.6619,0.9995
Plekhh1,Plekhh1,340.9876,-0.0342,0.2096,-0.1632,0.8703,0.9995
Plekhh2,Plekhh2,1902.0404,-0.0705,0.133,-0.5303,0.5959,0.9995
Plekhh3,Plekhh3,842.5003,0.1448,0.0888,1.6309,0.1029,0.9995
Plekhj1,Plekhj1,1273.2362,0.0259,0.0753,0.3434,0.7313,0.9995
Plekhm1,Plekhm1,2077.5139,0.012,0.1771,0.0678,0.9459,0.9995
Plekhm2,Plekhm2,2517.896,-0.0134,0.1251,-0.1072,0.9147,0.9995
Plekhm3,Plekhm3,1158.0211,-0.0574,0.1354,-0.4238,0.6717,0.9995
Plekhn1,Plekhn1,239.7063,-0.0192,0.1773,-0.1084,0.9137,0.9995
Plekho1,Plekho1,3044.2948,0.06,0.1261,0.4763,0.6339,0.9995
Plekho2,Plekho2,2749.5813,0.0783,0.0999,0.7835,0.4333,0.9995
Plekhs1,Plekhs1,6.7427,-0.5854,0.6481,-0.9032,0.3664,0.9995
Plet1,Plet1,73.342,0.187,0.2168,0.8622,0.3886,0.9995
Plet1os,Plet1os,5.0378,0.026,0.7064,0.0368,0.9707,0.9995
Plg,Plg,1.3716,0.4632,1.1961,0.3873,0.6985,0.9995
Plgrkt,Plgrkt,806.4292,0.0679,0.0717,0.9474,0.3434,0.9995
Plin1,Plin1,0.3415,-0.4733,2.6754,-0.1769,0.8596,0.9995
Plin2,Plin2,11789.485,0.1601,0.3433,0.4664,0.6409,0.9995
Plin3,Plin3,5001.8159,0.0349,0.1122,0.3107,0.756,0.9995
Plin4,Plin4,274.7089,-0.0529,0.336,-0.1574,0.8749,0.9995
Plin5,Plin5,0.919,0.8288,1.6268,0.5094,0.6104,0.9995
Plk1,Plk1,1231.0801,-0.1517,0.555,-0.2733,0.7846,0.9995
Plk2,Plk2,9080.5707,-0.2342,0.0948,-2.4705,0.0135,0.9995
Plk3,Plk3,757.3379,-0.0193,0.2249,-0.0857,0.9317,0.9995
Plk4,Plk4,666.8881,0.0016,0.3927,0.0042,0.9966,0.9995
Plk5,Plk5,0.8036,-1.1052,1.7133,-0.6451,0.5189,0.9995
Pllp,Pllp,11.1974,0.08,0.4408,0.1814,0.8561,0.9995
Plod1,Plod1,12790.8538,0.0127,0.1216,0.1046,0.9167,0.9995
Plod2,Plod2,7678.1014,-0.0933,0.2103,-0.4437,0.6572,0.9995
Plod3,Plod3,6889.8559,0.0742,0.1611,0.4605,0.6452,0.9995
Plp1,Plp1,30.531,-0.3247,0.3111,-1.0437,0.2966,0.9995
Plp2,Plp2,4419.6241,0.0671,0.1077,0.6228,0.5334,0.9995
Plrg1,Plrg1,2664.391,0.03,0.0767,0.3908,0.6959,0.9995
Pls1,Pls1,4.7004,-0.2995,0.7798,-0.3841,0.7009,0.9995
Pls3,Pls3,13155.0031,-0.0913,0.083,-1.0999,0.2714,0.9995
Plscr1,Plscr1,1376.4035,0.0712,0.2219,0.321,0.7482,0.9995
Plscr2,Plscr2,773.4324,-0.0586,0.2478,-0.2364,0.8132,0.9995
Plscr3,Plscr3,2232.1837,0.0782,0.0632,1.2376,0.2159,0.9995
Plscr4,Plscr4,1099.1135,-0.028,0.0891,-0.3138,0.7537,0.9995
Pltp,Pltp,4692.6583,0.0084,0.1579,0.0531,0.9577,0.9995
Plvap,Plvap,20.2459,-0.1687,0.4034,-0.4183,0.6758,0.9995
Plxdc1,Plxdc1,307.9639,-0.1472,0.2604,-0.5653,0.5719,0.9995
Plxdc2,Plxdc2,615.3256,-0.1935,0.1553,-1.2456,0.2129,0.9995
Plxna1,Plxna1,7538.9197,-0.0944,0.0686,-1.3753,0.169,0.9995
Plxna2,Plxna2,1500.5867,-0.1715,0.1814,-0.9452,0.3446,0.9995
Plxna3,Plxna3,1515.0048,-0.0749,0.089,-0.8422,0.3997,0.9995
Plxna4,Plxna4,40.7712,-0.2739,0.3445,-0.7951,0.4265,0.9995
Plxnb1,Plxnb1,716.4049,-0.0857,0.1282,-0.6686,0.5038,0.9995
Plxnb2,Plxnb2,19434.6057,-0.0626,0.0725,-0.8631,0.3881,0.9995
Plxnb3,Plxnb3,62.0368,-0.1919,0.4564,-0.4205,0.6742,0.9995
Plxnc1,Plxnc1,13.4002,-0.4101,0.5707,-0.7186,0.4724,0.9995
Plxnd1,Plxnd1,4377.3676,-0.0826,0.1114,-0.7419,0.4582,0.9995
Pm20d1,Pm20d1,5.2631,-0.0348,0.7394,-0.0471,0.9624,0.9995
Pm20d2,Pm20d2,14.747,-0.0283,0.4026,-0.0703,0.944,0.9995
Pmaip1,Pmaip1,2062.0243,-0.1472,0.2414,-0.61,0.5418,0.9995
Pmch,Pmch,4.2314,0.4163,0.7999,0.5204,0.6028,0.9995
Pmel,Pmel,19.8991,0.0647,0.3307,0.1956,0.8449,0.9995
Pmepa1,Pmepa1,13978.1102,-0.0445,0.2165,-0.2054,0.8372,0.9995
Pmf1,Pmf1,593.3129,0.0494,0.2043,0.2419,0.8089,0.9995
Pml,Pml,2790.0823,0.0657,0.0656,1.0008,0.3169,0.9995
Pmm1,Pmm1,1638.2066,0.0928,0.0898,1.0332,0.3015,0.9995
Pmm2,Pmm2,1413.3842,0.0571,0.0907,0.6296,0.529,0.9995
Pmp22,Pmp22,9368.9182,0.0319,0.1804,0.1766,0.8598,0.9995
Pmpca,Pmpca,4289.4791,0.0396,0.0652,0.6078,0.5433,0.9995
Pmpcb,Pmpcb,3562.5434,0.0518,0.0732,0.7081,0.4789,0.9995
Pms1,Pms1,213.9643,0.0626,0.1739,0.3601,0.7188,0.9995
Pms2,Pms2,439.8136,-0.0314,0.1251,-0.2511,0.8017,0.9995
Pmvk,Pmvk,653.457,-0.113,0.131,-0.8625,0.3884,0.9995
Pnck,Pnck,2.1779,-0.646,0.9756,-0.6621,0.5079,0.9995
Pnisr,Pnisr,1223.6992,0.0616,0.1365,0.4511,0.6519,0.9995
Pnkd,Pnkd,954.3214,0.033,0.1053,0.3135,0.7539,0.9995
Pnkp,Pnkp,998.1562,0.02,0.0977,0.2051,0.8375,0.9995
Pnldc1,Pnldc1,4.6865,-0.1488,0.7184,-0.2071,0.8359,0.9995
Pnma1,Pnma1,43.9028,-0.0059,0.2685,-0.0219,0.9825,0.9995
Pnma2,Pnma2,1.7101,-0.3486,1.2844,-0.2714,0.7861,0.9995
Pnma5,Pnma5,0.917,-0.5869,1.4632,-0.4011,0.6883,0.9995
Pnmal2,Pnmal2,2522.3065,-0.0804,0.1869,-0.43,0.6672,0.9995
Pnmt,Pnmt,1.3735,0.4653,1.3717,0.3392,0.7345,0.9995
Pnn,Pnn,1221.8426,0.1727,0.191,0.9041,0.3659,0.9995
Pno1,Pno1,2292.5495,0.0977,0.11,0.8885,0.3743,0.9995
Pnp,Pnp,2288.3025,0.083,0.1647,0.504,0.6142,0.9995
Pnp2,Pnp2,123.7875,-0.2117,0.3409,-0.6209,0.5346,0.9995
Pnpla2,Pnpla2,1503.7046,0.162,0.1821,0.8895,0.3738,0.9995
Pnpla3,Pnpla3,1.4834,0.6041,1.8125,0.3333,0.7389,0.9995
Pnpla6,Pnpla6,1005.8909,-0.0178,0.1111,-0.1604,0.8726,0.9995
Pnpla7,Pnpla7,645.6084,-0.0814,0.1087,-0.7488,0.454,0.9995
Pnpla8,Pnpla8,1986.7384,0.0471,0.1418,0.3325,0.7395,0.9995
Pnpo,Pnpo,509.5362,0.1332,0.085,1.5665,0.1172,0.9995
Pnpt1,Pnpt1,845.8072,-0.0713,0.1478,-0.4827,0.6293,0.9995
Pnrc1,Pnrc1,4203.585,0.1056,0.223,0.4735,0.6358,0.9995
Pnrc2,Pnrc2,3371.1225,0.0445,0.0944,0.4712,0.6375,0.9995
Poc1a,Poc1a,136.4073,-0.1025,0.2351,-0.4361,0.6628,0.9995
Poc1b,Poc1b,760.0315,-0.0635,0.0816,-0.7779,0.4366,0.9995
Poc5,Poc5,766.1728,-0.0136,0.0979,-0.1388,0.8896,0.9995
Podn,Podn,41.288,-0.036,0.3,-0.1201,0.9044,0.9995
Podnl1,Podnl1,1497.4808,-0.0316,0.099,-0.3194,0.7494,0.9995
Podxl,Podxl,105.0129,-0.2873,0.2215,-1.2973,0.1945,0.9995
Podxl2,Podxl2,597.5177,0.0317,0.0777,0.4084,0.683,0.9995
Pof1b,Pof1b,0.6876,-0.7784,1.7371,-0.4481,0.6541,0.9995
Pofut1,Pofut1,2729.4615,-0.0621,0.0655,-0.9486,0.3428,0.9995
Pofut2,Pofut2,6796.7596,-0.0254,0.0706,-0.3596,0.7191,0.9995
Pogk,Pogk,1352.5205,-0.1298,0.139,-0.9339,0.3504,0.9995
Poglut1,Poglut1,3501.7809,0.0008,0.0846,0.009,0.9928,0.9995
Pogz,Pogz,1993.1929,-0.0978,0.0792,-1.2352,0.2168,0.9995
Pola1,Pola1,425.1323,-0.0752,0.2896,-0.2598,0.795,0.9995
Pola2,Pola2,819.2948,-0.0084,0.1101,-0.0763,0.9392,0.9995
Polb,Polb,1453.1264,0.0031,0.0813,0.0384,0.9694,0.9995
Pold1,Pold1,505.1146,-0.158,0.1823,-0.8662,0.3864,0.9995
Pold2,Pold2,974.4843,0.0699,0.116,0.6029,0.5466,0.9995
Pold3,Pold3,965.8047,0.0019,0.094,0.0207,0.9835,0.9995
Pold4,Pold4,240.0451,0.139,0.183,0.7593,0.4477,0.9995
Poldip2,Poldip2,4543.4774,0.1005,0.0779,1.2901,0.197,0.9995
Poldip3,Poldip3,6112.7029,0.0025,0.0737,0.0333,0.9735,0.9995
Pole,Pole,510.91,-0.2975,0.3755,-0.7923,0.4282,0.9995
Pole2,Pole2,412.325,-0.0497,0.1522,-0.3263,0.7442,0.9995
Pole3,Pole3,1085.3723,0.1579,0.0781,2.0225,0.0431,0.9995
Pole4,Pole4,1728.9909,0.0829,0.1233,0.6723,0.5014,0.9995
Polg,Polg,1705.7926,-0.0043,0.0829,-0.0524,0.9582,0.9995
Polg2,Polg2,165.8632,0.1544,0.1734,0.8901,0.3734,0.9995
Polh,Polh,1318.184,0.0407,0.1435,0.2835,0.7768,0.9995
Poli,Poli,284.5557,0.0178,0.1248,0.143,0.8863,0.9995
Polk,Polk,682.9693,0.2239,0.1234,1.8151,0.0695,0.9995
Poll,Poll,498.7586,-0.0038,0.1168,-0.0326,0.974,0.9995
Polm,Polm,537.091,0.0636,0.1253,0.5077,0.6117,0.9995
Poln,Poln,5.3774,0.1011,0.6167,0.164,0.8698,0.9995
Polq,Polq,103.0267,-0.0602,0.4226,-0.1424,0.8867,0.9995
Polr1a,Polr1a,3276.5813,0.1099,0.1302,0.8436,0.3989,0.9995
Polr1b,Polr1b,1190.7632,0.1854,0.0999,1.8564,0.0634,0.9995
Polr1c,Polr1c,1827.7713,0.0555,0.0983,0.5647,0.5723,0.9995
Polr1d,Polr1d,1913.6057,0.0713,0.069,1.0333,0.3015,0.9995
Polr1e,Polr1e,603.1606,0.0751,0.0994,0.7556,0.4499,0.9995
Polr2a,Polr2a,8178.4615,-0.0557,0.0755,-0.7379,0.4606,0.9995
Polr2b,Polr2b,5060.3713,-0.018,0.0661,-0.2729,0.7849,0.9995
Polr2c,Polr2c,2813.6584,0.1085,0.0923,1.1748,0.2401,0.9995
Polr2d,Polr2d,1231.5963,0.0366,0.0946,0.3869,0.6988,0.9995
Polr2e,Polr2e,2787.2118,0.1172,0.1182,0.9914,0.3215,0.9995
Polr2f,Polr2f,1505.3885,0.1426,0.0715,1.9937,0.0462,0.9995
Polr2g,Polr2g,952.6024,0.0941,0.1031,0.9127,0.3614,0.9995
Polr2h,Polr2h,818.6367,0.1051,0.0992,1.0597,0.2893,0.9995
Polr2i,Polr2i,412.6082,0.1741,0.106,1.6436,0.1003,0.9995
Polr2j,Polr2j,1338.4583,0.1459,0.0966,1.5104,0.1309,0.9995
Polr2k,Polr2k,1147.536,0.2263,0.0917,2.4688,0.0136,0.9995
Polr2l,Polr2l,635.8627,0.3542,0.1673,2.1181,0.0342,0.9995
Polr2m,Polr2m,9089.5672,0.0814,0.0517,1.574,0.1155,0.9995
Polr3a,Polr3a,1361.6958,-0.0167,0.0777,-0.2151,0.8297,0.9995
Polr3b,Polr3b,2075.1081,-0.0671,0.0649,-1.0348,0.3008,0.9995
Polr3c,Polr3c,1577.7861,0.1181,0.0844,1.4001,0.1615,0.9995
Polr3d,Polr3d,1468.3134,0.0481,0.0709,0.678,0.4978,0.9995
Polr3e,Polr3e,963.6156,-0.0118,0.0849,-0.1394,0.8892,0.9995
Polr3f,Polr3f,1108.0335,-0.0396,0.1476,-0.2685,0.7883,0.9995
Polr3g,Polr3g,296.5652,-0.0526,0.1029,-0.511,0.6093,0.9995
Polr3gl,Polr3gl,859.8207,0.0664,0.0816,0.8136,0.4159,0.9995
Polr3h,Polr3h,1400.4837,0.1482,0.1125,1.3168,0.1879,0.9995
Polr3k,Polr3k,1539.8792,-0.0221,0.0933,-0.2366,0.813,0.9995
Polrmt,Polrmt,1463.6637,0.0098,0.0924,0.1063,0.9153,0.9995
Pom121,Pom121,1483.0443,-0.0705,0.0956,-0.7375,0.4608,0.9995
Pomc,Pomc,0.7956,2.1659,1.9566,1.1069,0.2683,0.9995
Pomgnt1,Pomgnt1,4523.9431,0.0288,0.0773,0.3725,0.7095,0.9995
Pomgnt2,Pomgnt2,318.9318,-0.0525,0.1222,-0.4298,0.6673,0.9995
Pomk,Pomk,1209.2325,-0.0344,0.0838,-0.4108,0.6812,0.9995
Pomp,Pomp,3765.043,0.0863,0.0943,0.915,0.3602,0.9995
Pomt1,Pomt1,807.1555,-0.046,0.1213,-0.379,0.7047,0.9995
Pomt2,Pomt2,1604.7674,0.0762,0.1206,0.6318,0.5275,0.9995
Pon1,Pon1,0.4599,0.2161,2.1462,0.1007,0.9198,0.9995
Pon2,Pon2,2246.8111,0.061,0.0609,1.0011,0.3168,0.9995
Pon3,Pon3,849.3566,-0.0917,0.1052,-0.8713,0.3836,0.9995
Pop1,Pop1,401.3257,0.0314,0.1202,0.2609,0.7942,0.9995
Pop4,Pop4,535.8929,-0.0413,0.0832,-0.4959,0.62,0.9995
Pop5,Pop5,398.5314,0.282,0.1245,2.2652,0.0235,0.9995
Pop7,Pop7,373.3724,-0.0514,0.0939,-0.5478,0.5838,0.9995
Popdc2,Popdc2,106.4103,0.3077,0.3861,0.7969,0.4255,0.9995
Popdc3,Popdc3,6001.9729,-0.0982,0.1383,-0.7099,0.4778,0.9995
Por,Por,3950.3776,0.0578,0.1226,0.4711,0.6376,0.9995
Porcn,Porcn,3300.9708,0.1643,0.1266,1.2973,0.1945,0.9995
Postn,Postn,26065.4768,-0.4473,0.4535,-0.9863,0.324,0.9995
Pot1a,Pot1a,926.4486,-0.0272,0.1099,-0.2474,0.8046,0.9995
Pot1b,Pot1b,255.2782,0.0209,0.1005,0.2076,0.8356,0.9995
Pou2af1,Pou2af1,21.397,0.1481,0.5467,0.271,0.7864,0.9995
Pou2f1,Pou2f1,438.0863,-0.0849,0.2255,-0.3766,0.7065,0.9995
Pou2f3,Pou2f3,2.0577,0.347,0.9198,0.3773,0.706,0.9995
Pou3f1,Pou3f1,0.5711,0.7244,1.8259,0.3967,0.6916,0.9995
Pou4f1,Pou4f1,25.038,0.0297,0.3493,0.0849,0.9323,0.9995
Pou6f1,Pou6f1,1122.8392,-0.1312,0.0691,-1.8995,0.0575,0.9995
Pp2d1,Pp2d1,2.4011,-0.7024,0.9401,-0.7472,0.455,0.9995
Ppa1,Ppa1,2768.2431,0.0618,0.0733,0.8428,0.3993,0.9995
Ppa2,Ppa2,1075.8592,0.0364,0.0682,0.5341,0.5933,0.9995
Ppan,Ppan,1041.6306,0.0984,0.0729,1.3495,0.1772,0.9995
Ppap2a,Ppap2a,3964.7103,0.0252,0.0952,0.2648,0.7911,0.9995
Ppap2b,Ppap2b,3319.7753,-0.0159,0.1984,-0.0801,0.9361,0.9995
Ppap2c,Ppap2c,2266.3007,0.0407,0.1667,0.2442,0.8071,0.9995
Ppapdc1b,Ppapdc1b,1924.4837,-0.0751,0.0673,-1.1154,0.2647,0.9995
Ppapdc2,Ppapdc2,139.3337,0.0559,0.2088,0.2676,0.789,0.9995
Ppapdc3,Ppapdc3,321.0293,0.1242,0.2909,0.4269,0.6695,0.9995
Ppara,Ppara,5.7284,-0.1261,0.6557,-0.1923,0.8475,0.9995
Ppard,Ppard,1884.8607,0.0237,0.1187,0.1995,0.8419,0.9995
Pparg,Pparg,276.4249,-0.1196,0.1624,-0.7365,0.4614,0.9995
Ppargc1a,Ppargc1a,43.4586,-0.2563,0.2707,-0.9467,0.3438,0.9995
Ppargc1b,Ppargc1b,163.6916,-0.2319,0.2154,-1.0767,0.2816,0.9995
Ppat,Ppat,1270.7202,0.1213,0.1328,0.9134,0.361,0.9995
Ppbp,Ppbp,57.5984,-0.2373,0.3306,-0.718,0.4728,0.9995
Ppcdc,Ppcdc,486,0.0991,0.1033,0.9598,0.3372,0.9995
Ppcs,Ppcs,427.5853,0.1209,0.1299,0.9304,0.3522,0.9995
Ppdpf,Ppdpf,729.05,0.1333,0.1197,1.114,0.2653,0.9995
Ppef1,Ppef1,17.489,-0.0155,0.3541,-0.0438,0.965,0.9995
Ppef2,Ppef2,21.5785,0.3267,0.4137,0.7896,0.4298,0.9995
Ppfia1,Ppfia1,2372.8865,-0.0643,0.1271,-0.5061,0.6128,0.9995
Ppfia3,Ppfia3,94.1326,-0.0346,0.1996,-0.1732,0.8625,0.9995
Ppfia4,Ppfia4,961.5545,0.055,0.2984,0.1844,0.8537,0.9995
Ppfibp1,Ppfibp1,11978.8408,-0.0248,0.1553,-0.1594,0.8733,0.9995
Ppfibp2,Ppfibp2,35.3378,0.2964,0.5187,0.5714,0.5677,0.9995
Pphln1,Pphln1,2660.1863,-0.0696,0.1369,-0.508,0.6115,0.9995
Ppia,Ppia,38062.3747,0.115,0.0844,1.3624,0.1731,0.9995
Ppib,Ppib,5399.6723,0.2178,0.135,1.6131,0.1067,0.9995
Ppic,Ppic,11188.3644,0.0927,0.1349,0.687,0.4921,0.9995
Ppid,Ppid,3109.862,0.0002,0.1218,0.0012,0.999,1
Ppie,Ppie,1235.1826,0.1017,0.1028,0.9889,0.3227,0.9995
Ppif,Ppif,301.6077,0.1497,0.1025,1.4604,0.1442,0.9995
Ppifos,Ppifos,43.2792,-0.0723,0.2464,-0.2936,0.7691,0.9995
Ppig,Ppig,1262.9894,0.0173,0.0888,0.1943,0.8459,0.9995
Ppih,Ppih,440.69,-0.0386,0.2377,-0.1625,0.8709,0.9995
Ppil1,Ppil1,893.5446,0.1135,0.1067,1.0638,0.2874,0.9995
Ppil2,Ppil2,2987.8392,0.0069,0.0559,0.123,0.9021,0.9995
Ppil3,Ppil3,1100.2597,0.1641,0.1366,1.201,0.2298,0.9995
Ppil4,Ppil4,1369.7948,0.1099,0.1509,0.7282,0.4665,0.9995
Ppil6,Ppil6,21.3559,0.119,0.3131,0.3799,0.704,0.9995
Ppip5k1,Ppip5k1,770.5256,-0.1195,0.0995,-1.201,0.2298,0.9995
Ppip5k2,Ppip5k2,1044.3999,-0.0218,0.1376,-0.1583,0.8743,0.9995
Ppl,Ppl,28.2258,-0.1427,0.4836,-0.2951,0.7679,0.9995
Ppm1a,Ppm1a,5306.6014,-0.0472,0.0619,-0.7618,0.4462,0.9995
Ppm1b,Ppm1b,3582.5597,-0.0001,0.0774,-0.0008,0.9994,1
Ppm1d,Ppm1d,735.5999,-0.0403,0.0857,-0.4708,0.6378,0.9995
Ppm1e,Ppm1e,144.4591,-0.0921,0.3719,-0.2477,0.8044,0.9995
Ppm1f,Ppm1f,2851.7734,0.0807,0.0823,0.9799,0.3272,0.9995
Ppm1g,Ppm1g,4638.0585,0.1153,0.0872,1.3229,0.1859,0.9995
Ppm1h,Ppm1h,9.0337,-0.275,0.4887,-0.5626,0.5737,0.9995
Ppm1j,Ppm1j,14.1787,-0.2047,0.4315,-0.4744,0.6352,0.9995
Ppm1k,Ppm1k,203.7835,0.1637,0.135,1.2123,0.2254,0.9995
Ppm1l,Ppm1l,334.8416,-0.0548,0.141,-0.3885,0.6976,0.9995
Ppm1m,Ppm1m,951.7295,0.0006,0.0873,0.0071,0.9944,0.9995
Ppm1n,Ppm1n,1.142,0.1093,1.4015,0.078,0.9379,0.9995
Ppme1,Ppme1,3392.5031,-0.0595,0.0664,-0.8969,0.3698,0.9995
Ppox,Ppox,695.1695,0.043,0.0797,0.54,0.5892,0.9995
Ppp1ca,Ppp1ca,13141.4499,0.0835,0.0769,1.0856,0.2777,0.9995
Ppp1cb,Ppp1cb,9706.5045,-0.0545,0.134,-0.4072,0.6839,0.9995
Ppp1cc,Ppp1cc,5299.7354,0.1443,0.1598,0.9033,0.3664,0.9995
Ppp1r10,Ppp1r10,2727.2125,0.0106,0.0799,0.133,0.8942,0.9995
Ppp1r11,Ppp1r11,1667.6181,0.1985,0.1205,1.6467,0.0996,0.9995
Ppp1r12a,Ppp1r12a,1317.3027,0.0032,0.1958,0.0165,0.9869,0.9995
Ppp1r12b,Ppp1r12b,211.4097,-0.165,0.1293,-1.2764,0.2018,0.9995
Ppp1r12c,Ppp1r12c,1488.2837,0.0217,0.0662,0.3273,0.7434,0.9995
Ppp1r13b,Ppp1r13b,651.988,-0.0455,0.1445,-0.3149,0.7528,0.9995
Ppp1r13l,Ppp1r13l,1000.7554,-0.0119,0.1744,-0.0683,0.9455,0.9995
Ppp1r14a,Ppp1r14a,12.4579,-0.2832,0.4994,-0.5669,0.5708,0.9995
Ppp1r14b,Ppp1r14b,6785.5674,0.109,0.0793,1.3742,0.1694,0.9995
Ppp1r14c,Ppp1r14c,1925.6767,0.0818,0.103,0.7942,0.4271,0.9995
Ppp1r14d,Ppp1r14d,0.9149,-1.3649,1.6457,-0.8293,0.4069,0.9995
Ppp1r15a,Ppp1r15a,2413.4833,-0.0342,0.2436,-0.1403,0.8885,0.9995
Ppp1r15b,Ppp1r15b,6737.0648,-0.1102,0.1017,-1.0835,0.2786,0.9995
Ppp1r16a,Ppp1r16a,1430.802,-0.0631,0.094,-0.6711,0.5021,0.9995
Ppp1r16b,Ppp1r16b,0.5723,-1.4753,2.3936,-0.6164,0.5377,0.9995
Ppp1r18,Ppp1r18,3886.7646,0.0072,0.0831,0.0868,0.9309,0.9995
Ppp1r1a,Ppp1r1a,2.5207,-0.4092,0.9345,-0.4379,0.6615,0.9995
Ppp1r1b,Ppp1r1b,0.4578,-2.1968,2.0028,-1.0969,0.2727,0.9995
Ppp1r1c,Ppp1r1c,0.6905,-0.7872,2.4142,-0.3261,0.7444,0.9995
Ppp1r2,Ppp1r2,3896.3102,-0.0273,0.0835,-0.3271,0.7436,0.9995
Ppp1r21,Ppp1r21,1295.3796,-0.1333,0.0674,-1.9787,0.0479,0.9995
Ppp1r26,Ppp1r26,60.0049,-0.2844,0.2494,-1.1404,0.2541,0.9995
Ppp1r27,Ppp1r27,41.7718,0.045,0.3375,0.1333,0.894,0.9995
Ppp1r32,Ppp1r32,3.7718,0.1447,0.7966,0.1816,0.8559,0.9995
Ppp1r35,Ppp1r35,573.0889,0.1249,0.0912,1.3687,0.1711,0.9995
Ppp1r37,Ppp1r37,2115.4621,-0.0648,0.0668,-0.9711,0.3315,0.9995
Ppp1r3a,Ppp1r3a,17.2877,0.8723,0.5801,1.5036,0.1327,0.9995
Ppp1r3b,Ppp1r3b,374.7443,0.114,0.3378,0.3374,0.7358,0.9995
Ppp1r3c,Ppp1r3c,219.7638,0.3013,0.4303,0.7002,0.4838,0.9995
Ppp1r3e,Ppp1r3e,36.346,-0.3558,0.2537,-1.4022,0.1609,0.9995
Ppp1r3f,Ppp1r3f,232.842,0.0543,0.1253,0.4336,0.6646,0.9995
Ppp1r3fos,Ppp1r3fos,6.0592,0.0669,0.5864,0.1141,0.9092,0.9995
Ppp1r3g,Ppp1r3g,3.0837,0.2493,0.914,0.2728,0.785,0.9995
Ppp1r42,Ppp1r42,1.1367,-0.1828,1.976,-0.0925,0.9263,0.9995
Ppp1r7,Ppp1r7,1703.9469,0.0027,0.0904,0.0301,0.976,0.9995
Ppp1r8,Ppp1r8,2406.8359,0.1203,0.1306,0.9211,0.357,0.9995
Ppp1r9a,Ppp1r9a,55.0697,-0.3943,0.399,-0.988,0.3231,0.9995
Ppp1r9b,Ppp1r9b,6054.1044,0.0039,0.0893,0.0435,0.9653,0.9995
Ppp2ca,Ppp2ca,14603.6648,0.0374,0.0592,0.6318,0.5275,0.9995
Ppp2cb,Ppp2cb,2726.9322,-0.0067,0.0819,-0.0814,0.9352,0.9995
Ppp2r1a,Ppp2r1a,11204.7722,0.0616,0.0625,0.9864,0.324,0.9995
Ppp2r1b,Ppp2r1b,1986.6588,0.0391,0.1069,0.3659,0.7144,0.9995
Ppp2r2a,Ppp2r2a,3945.6157,-0.0253,0.0812,-0.3121,0.755,0.9995
Ppp2r2b,Ppp2r2b,92.844,-0.2246,0.2795,-0.8036,0.4216,0.9995
Ppp2r2c,Ppp2r2c,1.0261,-0.4679,1.5015,-0.3116,0.7553,0.9995
Ppp2r2d,Ppp2r2d,1588.8087,0.0352,0.0657,0.5354,0.5924,0.9995
Ppp2r3a,Ppp2r3a,1296.2568,0.0192,0.2123,0.0902,0.9281,0.9995
Ppp2r3c,Ppp2r3c,1292.9711,-0.0314,0.1091,-0.2876,0.7737,0.9995
Ppp2r3d,Ppp2r3d,198.2693,-0.0229,0.1559,-0.1472,0.883,0.9995
Ppp2r4,Ppp2r4,6224.2079,0.0591,0.0681,0.8689,0.3849,0.9995
Ppp2r5a,Ppp2r5a,1667.6431,0.028,0.0836,0.3345,0.738,0.9995
Ppp2r5b,Ppp2r5b,2536.4793,-0.04,0.074,-0.5399,0.5893,0.9995
Ppp2r5c,Ppp2r5c,4213.5173,-0.0757,0.0988,-0.7667,0.4433,0.9995
Ppp2r5d,Ppp2r5d,3691.0217,0.0296,0.0928,0.3186,0.7501,0.9995
Ppp2r5e,Ppp2r5e,2701.2167,-0.1002,0.0806,-1.2433,0.2138,0.9995
Ppp3ca,Ppp3ca,3995.0399,0.1194,0.109,1.0954,0.2734,0.9995
Ppp3cb,Ppp3cb,4876.8101,-0.0757,0.1457,-0.5194,0.6035,0.9995
Ppp3cc,Ppp3cc,843.9085,0.0003,0.0933,0.0034,0.9973,0.9995
Ppp3r1,Ppp3r1,7704.9166,-0.0007,0.076,-0.0093,0.9925,0.9995
Ppp3r2,Ppp3r2,0.4585,0.219,2.1462,0.102,0.9187,0.9995
Ppp4c,Ppp4c,2460.3123,0.02,0.1109,0.1807,0.8566,0.9995
Ppp4r1,Ppp4r1,3360.8735,0.006,0.069,0.0868,0.9308,0.9995
Ppp4r1l-ps,Ppp4r1l-ps,217.921,0.0615,0.1526,0.4033,0.6867,0.9995
Ppp4r2,Ppp4r2,3192.0493,0.0163,0.1357,0.1203,0.9042,0.9995
Ppp4r4,Ppp4r4,24.9249,-0.1908,0.3138,-0.6082,0.543,0.9995
Ppp5c,Ppp5c,2261.443,-0.0011,0.0816,-0.0134,0.9893,0.9995
Ppp6c,Ppp6c,2050.9122,0.0155,0.0672,0.2306,0.8176,0.9995
Ppp6r1,Ppp6r1,3385.9861,-0.0213,0.0675,-0.3155,0.7524,0.9995
Ppp6r2,Ppp6r2,1079.1267,-0.0398,0.0717,-0.555,0.5789,0.9995
Ppp6r3,Ppp6r3,4497.1455,-0.1446,0.1373,-1.0535,0.2921,0.9995
Pprc1,Pprc1,2122.5118,-0.016,0.0745,-0.2146,0.8301,0.9995
Ppt1,Ppt1,6681.4969,-0.0235,0.0711,-0.3306,0.741,0.9995
Ppt2,Ppt2,1451.9026,0.0633,0.1005,0.6297,0.5289,0.9995
Pptc7,Pptc7,1152.7695,-0.1079,0.0935,-1.154,0.2485,0.9995
Ppwd1,Ppwd1,720.6214,-0.0854,0.1291,-0.6615,0.5083,0.9995
Pqbp1,Pqbp1,1234.2396,0.1051,0.058,1.8106,0.0702,0.9995
Pqlc1,Pqlc1,512.4697,0.118,0.1208,0.9771,0.3285,0.9995
Pqlc2,Pqlc2,339.5316,0.1145,0.2504,0.4574,0.6474,0.9995
Pqlc3,Pqlc3,1290.9638,0.0031,0.0799,0.0393,0.9686,0.9995
Pradc1,Pradc1,219.5939,0.0376,0.1667,0.2256,0.8215,0.9995
Praf2,Praf2,2351.7727,-0.021,0.0694,-0.303,0.7619,0.9995
Pram1,Pram1,17.7015,0.2269,0.4113,0.5517,0.5812,0.9995
Pramef8,Pramef8,1543.7484,-0.0847,0.0613,-1.3821,0.1669,0.9995
Prc1,Prc1,2912.2803,-0.1828,0.4018,-0.4551,0.649,0.9995
Prcc,Prcc,2470.2376,0.0306,0.0729,0.4204,0.6742,0.9995
Prcp,Prcp,1690.8906,-0.0189,0.0739,-0.2555,0.7984,0.9995
Prdm1,Prdm1,228.9769,-0.073,0.3684,-0.1981,0.843,0.9995
Prdm10,Prdm10,113.9234,-0.2996,0.1569,-1.909,0.0563,0.9995
Prdm11,Prdm11,24.0697,0.0092,0.4059,0.0227,0.9819,0.9995
Prdm15,Prdm15,639.8205,0.0131,0.0853,0.1534,0.8781,0.9995
Prdm2,Prdm2,3127.6825,-0.132,0.1065,-1.2396,0.2151,0.9995
Prdm4,Prdm4,1959.685,-0.0172,0.0812,-0.2114,0.8326,0.9995
Prdm5,Prdm5,597.9019,-0.0188,0.089,-0.2116,0.8324,0.9995
Prdm8,Prdm8,64.4025,-0.2669,0.2612,-1.0217,0.3069,0.9995
Prdm9,Prdm9,92.1662,-0.2799,0.2344,-1.194,0.2325,0.9995
Prdx1,Prdx1,23002.646,0.1613,0.2025,0.7963,0.4258,0.9995
Prdx2,Prdx2,17873.2851,0.0421,0.0723,0.5826,0.5602,0.9995
Prdx3,Prdx3,3695.7153,0.1131,0.0664,1.703,0.0886,0.9995
Prdx4,Prdx4,6666.6109,0.1326,0.2018,0.6573,0.511,0.9995
Prdx5,Prdx5,9378.4977,0.1746,0.2433,0.7174,0.4731,0.9995
Prdx6,Prdx6,8769.2146,0.1819,0.2488,0.7311,0.4647,0.9995
Preb,Preb,4435.9151,0.0656,0.0599,1.0958,0.2731,0.9995
Prelid1,Prelid1,10992.125,0.0197,0.0916,0.2149,0.8298,0.9995
Prelid2,Prelid2,572.958,-0.0899,0.1744,-0.5154,0.6063,0.9995
Prelp,Prelp,6689.0349,-0.2416,0.3158,-0.7649,0.4443,0.9995
Prep,Prep,7758.7821,0.0276,0.0739,0.3734,0.7089,0.9995
Prepl,Prepl,2915.5428,0.0326,0.083,0.3928,0.6945,0.9995
Prex1,Prex1,119.7111,0.0518,0.1678,0.3085,0.7577,0.9995
Prex2,Prex2,17.0435,-0.2834,0.4378,-0.6474,0.5174,0.9995
Prf1,Prf1,1.599,-0.9475,1.1183,-0.8473,0.3968,0.9995
Prg4,Prg4,2024.8603,0.4576,0.942,0.4857,0.6272,0.9995
Prickle1,Prickle1,1158.1041,-0.138,0.1356,-1.018,0.3087,0.9995
Prickle2,Prickle2,107.4592,-0.187,0.1781,-1.0504,0.2936,0.9995
Prickle3,Prickle3,217.617,0.221,0.1179,1.874,0.0609,0.9995
Prickle4,Prickle4,3.7668,0.5229,0.9117,0.5736,0.5663,0.9995
Prim1,Prim1,587.7384,-0.1627,0.2701,-0.6026,0.5468,0.9995
Prim2,Prim2,668.0384,0.0231,0.1507,0.1534,0.8781,0.9995
Primpol,Primpol,208.826,-0.1596,0.1859,-0.8584,0.3906,0.9995
Prkaa1,Prkaa1,4173.5812,-0.0792,0.1528,-0.5182,0.6043,0.9995
Prkaa2,Prkaa2,460.6187,0.0479,0.2618,0.1829,0.8549,0.9995
Prkab1,Prkab1,1590.0063,0.0643,0.0846,0.7596,0.4475,0.9995
Prkab2,Prkab2,1477.802,0.1569,0.1495,1.0494,0.294,0.9995
Prkaca,Prkaca,13241.0019,0.0903,0.113,0.7992,0.4242,0.9995
Prkacb,Prkacb,4422.6806,-0.09,0.1185,-0.7593,0.4477,0.9995
Prkag1,Prkag1,4239.5542,0.0604,0.0775,0.7794,0.4357,0.9995
Prkag2,Prkag2,333.2642,-0.0236,0.1101,-0.2143,0.8304,0.9995
Prkag2os1,Prkag2os1,0.3434,-0.476,2.6722,-0.1781,0.8586,0.9995
Prkag3,Prkag3,1002.3537,0.188,0.3269,0.5752,0.5652,0.9995
Prkar1a,Prkar1a,37942.9103,0.0377,0.1162,0.3247,0.7454,0.9995
Prkar1b,Prkar1b,90.5403,0.0081,0.3918,0.0207,0.9835,0.9995
Prkar2a,Prkar2a,2201.8557,-0.1169,0.1574,-0.7426,0.4577,0.9995
Prkar2b,Prkar2b,2844.2106,-0.197,0.1207,-1.6326,0.1025,0.9995
Prkca,Prkca,2463.2887,-0.0994,0.0872,-1.1393,0.2546,0.9995
Prkcb,Prkcb,23.214,-0.4795,0.3589,-1.3359,0.1816,0.9995
Prkcd,Prkcd,1661.7269,0.0225,0.0839,0.2685,0.7883,0.9995
Prkcdbp,Prkcdbp,2445.0788,-0.0145,0.1194,-0.1218,0.9031,0.9995
Prkce,Prkce,256.1958,-0.2574,0.1118,-2.3031,0.0213,0.9995
Prkcg,Prkcg,24.4558,0.2022,0.331,0.611,0.5412,0.9995
Prkch,Prkch,34.6462,-0.0981,0.3576,-0.2744,0.7838,0.9995
Prkci,Prkci,3450.0185,-0.0844,0.0917,-0.9203,0.3574,0.9995
Prkcq,Prkcq,0.3421,0.9335,2.6545,0.3517,0.7251,0.9995
Prkcsh,Prkcsh,7073.3796,0.0538,0.1348,0.3995,0.6895,0.9995
Prkcz,Prkcz,14.5242,-0.1191,0.3737,-0.3186,0.75,0.9995
Prkd1,Prkd1,5.0299,0.0337,0.6262,0.0538,0.9571,0.9995
Prkd2,Prkd2,552.6505,0.0129,0.0809,0.1598,0.873,0.9995
Prkd3,Prkd3,3742.0328,-0.1123,0.117,-0.9605,0.3368,0.9995
Prkdc,Prkdc,680.6719,-0.0979,0.1857,-0.5269,0.5982,0.9995
Prkg1,Prkg1,261.4639,0.2777,0.2525,1.0997,0.2715,0.9995
Prkg2,Prkg2,2525.3933,0.1911,0.1277,1.496,0.1346,0.9995
Prkra,Prkra,1252.8382,0.0586,0.0709,0.8266,0.4084,0.9995
Prkrip1,Prkrip1,830.5263,0.0551,0.0906,0.6085,0.5429,0.9995
Prkrir,Prkrir,2729.6386,0.0326,0.0916,0.3558,0.722,0.9995
Prkx,Prkx,1268.4981,-0.1624,0.1279,-1.2702,0.204,0.9995
Prl2c2,Prl2c2,979.3063,0.3054,1.1271,0.271,0.7864,0.9995
Prl2c3,Prl2c3,7.7267,1.1898,1.0988,1.0828,0.2789,0.9995
Prl2c5,Prl2c5,15.7464,-0.2435,0.6359,-0.3829,0.7018,0.9995
Prl7a1,Prl7a1,0.5715,-1.475,1.9929,-0.7401,0.4592,0.9995
Prl8a8,Prl8a8,0.4563,-1.0536,2.5212,-0.4179,0.676,0.9995
Prm1,Prm1,0.4561,1.0296,2.5436,0.4048,0.6856,0.9995
Prmt1,Prmt1,6780.8186,0.0689,0.11,0.6268,0.5308,0.9995
Prmt10,Prmt10,941.0071,0.0602,0.0831,0.7241,0.469,0.9995
Prmt2,Prmt2,1940.8776,-0.0536,0.09,-0.5961,0.5511,0.9995
Prmt3,Prmt3,1941.7054,0.0924,0.1156,0.7987,0.4245,0.9995
Prmt5,Prmt5,2910.7675,0.1055,0.0947,1.113,0.2657,0.9995
Prmt6,Prmt6,738.8688,0.0424,0.0833,0.5082,0.6113,0.9995
Prmt7,Prmt7,1294.1352,0.0638,0.1224,0.5215,0.602,0.9995
Prnp,Prnp,11151.3418,0.0656,0.1126,0.5826,0.5602,0.9995
Prob1,Prob1,234.8278,-0.0831,0.2174,-0.3821,0.7024,0.9995
Proc,Proc,0.8014,-0.2598,1.432,-0.1814,0.856,0.9995
Proca1,Proca1,4.917,0.5816,0.6699,0.8682,0.3853,0.9995
Procr,Procr,284.9957,0.151,0.3192,0.473,0.6362,0.9995
Prodh,Prodh,87.4361,0.2354,0.2652,0.8874,0.3749,0.9995
Prok1,Prok1,1.371,0.5442,1.7738,0.3068,0.759,0.9995
Prokr1,Prokr1,57.6723,0.032,0.2138,0.1495,0.8812,0.9995
Prorsd1,Prorsd1,423.081,0.109,0.097,1.1236,0.2612,0.9995
Pros1,Pros1,3770.8468,-0.01,0.1292,-0.0777,0.938,0.9995
Prosc,Prosc,2362.2666,0.1111,0.103,1.0785,0.2808,0.9995
Proser1,Proser1,910.5036,-0.0442,0.0887,-0.4984,0.6182,0.9995
Proser2,Proser2,213.4194,-0.1701,0.147,-1.1568,0.2474,0.9995
Proser3,Proser3,167.4499,-0.022,0.1488,-0.1477,0.8826,0.9995
Prox1,Prox1,30.0819,0.1746,0.5076,0.3439,0.7309,0.9995
Prox2,Prox2,114.8475,0.0748,0.1689,0.443,0.6578,0.9995
Proz,Proz,41.0409,-0.0961,0.2889,-0.3325,0.7395,0.9995
Prpf18,Prpf18,2354.9116,-0.0182,0.0774,-0.2349,0.8143,0.9995
Prpf19,Prpf19,7115.0155,0.0992,0.0897,1.106,0.2687,0.9995
Prpf3,Prpf3,1272.8896,-0.0677,0.0951,-0.7116,0.4767,0.9995
Prpf31,Prpf31,1580.1977,0.1075,0.099,1.0854,0.2777,0.9995
Prpf38a,Prpf38a,1594.8886,0.0445,0.1077,0.4134,0.6793,0.9995
Prpf38b,Prpf38b,2357.1888,0.0829,0.1486,0.5577,0.5771,0.9995
Prpf39,Prpf39,934.7262,0.0056,0.1421,0.0395,0.9685,0.9995
Prpf4,Prpf4,1406.3325,-0.003,0.0941,-0.032,0.9745,0.9995
Prpf40a,Prpf40a,1773.6581,0.0728,0.1277,0.5699,0.5688,0.9995
Prpf40b,Prpf40b,1499.7962,0.0002,0.0624,0.0031,0.9975,0.9995
Prpf4b,Prpf4b,1520.7095,0.1153,0.1054,1.0938,0.274,0.9995
Prpf6,Prpf6,4719.1294,-0.0043,0.0569,-0.0756,0.9397,0.9995
Prpf8,Prpf8,14488.4771,-0.0432,0.0765,-0.5654,0.5718,0.9995
Prph,Prph,17.5819,0.0215,0.56,0.0384,0.9694,0.9995
Prps1,Prps1,1329.1206,0.1489,0.1206,1.2349,0.2169,0.9995
Prps1l3,Prps1l3,1811.1602,-0.0579,0.1067,-0.5422,0.5877,0.9995
Prps2,Prps2,1273.9326,-0.1312,0.114,-1.1506,0.2499,0.9995
Prpsap1,Prpsap1,3166.5538,0.0379,0.1035,0.366,0.7144,0.9995
Prpsap2,Prpsap2,1035.835,-0.0538,0.0615,-0.8751,0.3815,0.9995
Prr11,Prr11,726.7103,-0.1496,0.6081,-0.2459,0.8057,0.9995
Prr12,Prr12,1447.0175,-0.0175,0.0897,-0.1948,0.8455,0.9995
Prr13,Prr13,3456.0562,-0.0055,0.0999,-0.0553,0.9559,0.9995
Prr14,Prr14,1703.249,0.0962,0.0714,1.3479,0.1777,0.9995
Prr14l,Prr14l,948.8761,-0.1153,0.1846,-0.6245,0.5323,0.9995
Prr15,Prr15,9.7106,0.3449,0.5712,0.6038,0.546,0.9995
Prr15l,Prr15l,0.4592,1.4194,2.4875,0.5706,0.5683,0.9995
Prr16,Prr16,61.3118,-0.1642,0.23,-0.714,0.4752,0.9995
Prr18,Prr18,15.3371,-0.2111,0.4211,-0.5013,0.6161,0.9995
Prr22,Prr22,4.1146,0.5138,0.6855,0.7494,0.4536,0.9995
Prr29,Prr29,9.0398,0.0819,0.4827,0.1696,0.8653,0.9995
Prr3,Prr3,665.3585,0.0902,0.089,1.0134,0.3109,0.9995
Prr32,Prr32,66.1934,0.5854,0.5094,1.1493,0.2504,0.9995
Prr33,Prr33,284.063,0.4591,0.2175,2.1111,0.0348,0.9995
Prr36,Prr36,25.1501,-0.1526,0.298,-0.5119,0.6087,0.9995
Prr5,Prr5,358.1979,0.0569,0.173,0.3286,0.7424,0.9995
Prr5l,Prr5l,44.3834,0.0184,0.2968,0.0618,0.9507,0.9995
Prr7,Prr7,79.518,0.2377,0.4179,0.5687,0.5696,0.9995
Prr9,Prr9,28.7758,-0.463,0.3869,-1.1968,0.2314,0.9995
Prrc1,Prrc1,4038.6971,0.0081,0.0555,0.1457,0.8842,0.9995
Prrc2a,Prrc2a,14563.6311,-0.1101,0.0868,-1.2689,0.2045,0.9995
Prrc2b,Prrc2b,11108.1731,-0.0858,0.0745,-1.1511,0.2497,0.9995
Prrc2c,Prrc2c,6270.3162,-0.116,0.1255,-0.9249,0.355,0.9995
Prrg1,Prrg1,159.4112,0.116,0.1996,0.5814,0.561,0.9995
Prrg2,Prrg2,250.2761,0.0231,0.1162,0.1985,0.8426,0.9995
Prrg4,Prrg4,194.4382,-0.29,0.2399,-1.209,0.2267,0.9995
Prrt2,Prrt2,51.7215,0.2215,0.2773,0.7989,0.4244,0.9995
Prrt3,Prrt3,26.506,0.019,0.2926,0.065,0.9482,0.9995
Prrt4,Prrt4,112.4283,-0.1573,0.1839,-0.8553,0.3924,0.9995
Prrx1,Prrx1,8123.0988,-0.1935,0.1767,-1.0954,0.2733,0.9995
Prrx2,Prrx2,1703.5018,0.0953,0.0648,1.4711,0.1413,0.9995
Prss12,Prss12,59.0168,0.2362,0.2996,0.7882,0.4306,0.9995
Prss16,Prss16,6.976,-0.1573,0.5814,-0.2706,0.7867,0.9995
Prss2,Prss2,6.2598,0.1836,0.8578,0.214,0.8305,0.9995
Prss22,Prss22,4.4564,-0.1688,0.8197,-0.2059,0.8368,0.9995
Prss23,Prss23,7082.0714,0.0977,0.1644,0.5941,0.5524,0.9995
Prss27,Prss27,4.4544,-0.1109,0.6795,-0.1631,0.8704,0.9995
Prss32,Prss32,1.8231,0.6989,1.5901,0.4395,0.6603,0.9995
Prss35,Prss35,70.9666,0.0103,0.3268,0.0315,0.9748,0.9995
Prss36,Prss36,194.1882,0.0797,0.1125,0.709,0.4783,0.9995
Prss38,Prss38,0.911,1.4507,1.9769,0.7338,0.463,0.9995
Prss41,Prss41,1.6009,-1.175,1.1304,-1.0394,0.2986,0.9995
Prss42,Prss42,0.458,0.2172,2.1462,0.1012,0.9194,0.9995
Prss43,Prss43,0.5718,-0.3723,2.0522,-0.1814,0.8561,0.9995
Prss45,Prss45,2.0516,0.6709,1.2965,0.5175,0.6048,0.9995
Prss46,Prss46,146.215,0.0639,0.2623,0.2436,0.8075,0.9995
Prss50,Prss50,2.8602,-0.2285,0.8654,-0.264,0.7918,0.9995
Prss53,Prss53,70.8553,-0.0203,0.2108,-0.0962,0.9233,0.9995
Prss56,Prss56,2.7407,-0.0514,0.8176,-0.0628,0.9499,0.9995
Prss57,Prss57,1.822,0.7006,1.5897,0.4407,0.6594,0.9995
Prss8,Prss8,1.3727,1.5934,1.3429,1.1866,0.2354,0.9995
Prtg,Prtg,95.9349,0.0253,0.2181,0.1162,0.9075,0.9995
Prtn3,Prtn3,16.6987,-0.1091,0.4113,-0.2651,0.7909,0.9995
Prune,Prune,3299.2976,0.0863,0.0652,1.3223,0.1861,0.9995
Prune2,Prune2,8476.6861,-0.2026,0.1577,-1.2847,0.1989,0.9995
Prx,Prx,231.0018,0.0817,0.1261,0.6483,0.5168,0.9995
Psap,Psap,82672.9286,-0.0058,0.1626,-0.0359,0.9714,0.9995
Psat1,Psat1,10509.0029,-0.0072,0.1343,-0.0539,0.957,0.9995
Psca,Psca,2.7379,-0.4474,1.1323,-0.3952,0.6927,0.9995
Psd,Psd,528.0667,0.0365,0.0869,0.4198,0.6746,0.9995
Psd2,Psd2,2.8536,0.5182,0.982,0.5277,0.5977,0.9995
Psd3,Psd3,476.6247,-0.2061,0.3239,-0.6365,0.5245,0.9995
Psd4,Psd4,12.5647,-0.1716,0.4373,-0.3924,0.6948,0.9995
Psen1,Psen1,3883.2929,0.0449,0.0864,0.5194,0.6035,0.9995
Psen2,Psen2,1014.1897,0.0561,0.1428,0.3929,0.6944,0.9995
Psenen,Psenen,1520.0063,0.1062,0.1418,0.7491,0.4538,0.9995
Psg17,Psg17,3.8821,1.3101,0.9423,1.3902,0.1645,0.9995
Psg18,Psg18,0.7998,1.2413,1.6189,0.7668,0.4432,0.9995
Psg22,Psg22,0.4587,0.219,2.1461,0.102,0.9187,0.9995
Psg26,Psg26,8.708,0.1502,0.6487,0.2316,0.8169,0.9995
Psg28,Psg28,29.9946,-0.4489,0.4501,-0.9973,0.3186,0.9995
Psip1,Psip1,2322.4568,0.0362,0.1952,0.1854,0.853,0.9995
Pskh1,Pskh1,1569.913,-0.0347,0.1023,-0.3386,0.7349,0.9995
Psma1,Psma1,3361.6473,0.1003,0.09,1.1139,0.2653,0.9995
Psma2,Psma2,6095.7043,0.1559,0.0715,2.1793,0.0293,0.9995
Psma3,Psma3,6671.5239,0.1008,0.0801,1.2577,0.2085,0.9995
Psma4,Psma4,4381.711,0.1065,0.0685,1.5537,0.1203,0.9995
Psma5,Psma5,6472.5137,0.087,0.0715,1.216,0.224,0.9995
Psma6,Psma6,6547.9419,0.0845,0.0699,1.2092,0.2266,0.9995
Psma7,Psma7,4899.8419,0.1326,0.0857,1.5465,0.122,0.9995
Psmb1,Psmb1,7892.6099,0.0681,0.0607,1.1209,0.2623,0.9995
Psmb10,Psmb10,354.4246,0.1443,0.1263,1.1426,0.2532,0.9995
Psmb11,Psmb11,0.7959,-0.1488,2.0778,-0.0716,0.9429,0.9995
Psmb2,Psmb2,3528.7699,0.1052,0.0852,1.2352,0.2168,0.9995
Psmb3,Psmb3,5346.4243,0.1554,0.0849,1.8302,0.0672,0.9995
Psmb4,Psmb4,6769.7931,0.1238,0.0734,1.6866,0.0917,0.9995
Psmb5,Psmb5,2113.126,0.2711,0.1164,2.3284,0.0199,0.9995
Psmb6,Psmb6,4711.4705,0.0861,0.0871,0.9892,0.3226,0.9995
Psmb7,Psmb7,5408.7009,0.1311,0.0981,1.3364,0.1814,0.9995
Psmb8,Psmb8,41.9604,0.1029,0.281,0.3661,0.7143,0.9995
Psmb9,Psmb9,6.0563,0.7501,0.5955,1.2596,0.2078,0.9995
Psmc1,Psmc1,8350.5132,0.0601,0.059,1.0194,0.308,0.9995
Psmc2,Psmc2,6445.4359,0.0996,0.0833,1.1958,0.2318,0.9995
Psmc3,Psmc3,13309.5956,0.151,0.1093,1.3806,0.1674,0.9995
Psmc3ip,Psmc3ip,152.0435,-0.018,0.2583,-0.0698,0.9443,0.9995
Psmc4,Psmc4,4149.1225,0.1067,0.0779,1.3701,0.1707,0.9995
Psmc5,Psmc5,5565.5541,0.1375,0.0923,1.4907,0.136,0.9995
Psmc6,Psmc6,6323.0132,0.0304,0.1328,0.229,0.8189,0.9995
Psmd1,Psmd1,9967.9691,0.0237,0.0794,0.2991,0.7649,0.9995
Psmd10,Psmd10,1832.6888,0.1145,0.0525,2.1823,0.0291,0.9995
Psmd11,Psmd11,4179.1135,0.071,0.0785,0.905,0.3654,0.9995
Psmd12,Psmd12,5226.628,0.0043,0.0961,0.045,0.9641,0.9995
Psmd13,Psmd13,4292.0352,0.0784,0.0963,0.8139,0.4157,0.9995
Psmd14,Psmd14,5049.4604,0.0513,0.0791,0.6478,0.5171,0.9995
Psmd2,Psmd2,18382.5463,0.094,0.0881,1.0672,0.2859,0.9995
Psmd3,Psmd3,6823.0102,0.102,0.0583,1.75,0.0801,0.9995
Psmd4,Psmd4,7032.4437,0.0993,0.0727,1.3663,0.1718,0.9995
Psmd5,Psmd5,3438.9777,0.0441,0.0872,0.5061,0.6128,0.9995
Psmd6,Psmd6,5658.8362,0.1035,0.0779,1.3281,0.1842,0.9995
Psmd7,Psmd7,6357.6237,0.0589,0.0522,1.1294,0.2587,0.9995
Psmd8,Psmd8,11326.3342,0.0533,0.1386,0.3847,0.7005,0.9995
Psmd9,Psmd9,1398.6379,0.1078,0.0725,1.4862,0.1372,0.9995
Psme1,Psme1,1958.7977,0.0196,0.087,0.2249,0.8221,0.9995
Psme2,Psme2,2401.8265,0.0239,0.097,0.2463,0.8055,0.9995
Psme2b,Psme2b,15.1904,-0.4726,0.4754,-0.9942,0.3201,0.9995
Psme3,Psme3,5939.7143,0.0629,0.0706,0.891,0.3729,0.9995
Psme4,Psme4,4757.5658,-0.0405,0.1913,-0.2115,0.8325,0.9995
Psmf1,Psmf1,1622.4436,0.0286,0.0883,0.3233,0.7465,0.9995
Psmg1,Psmg1,786.4691,0.1499,0.1093,1.3708,0.1704,0.9995
Psmg2,Psmg2,1174.0807,0.0733,0.0887,0.8265,0.4085,0.9995
Psmg3,Psmg3,582.8419,0.1611,0.0788,2.0438,0.041,0.9995
Psmg4,Psmg4,323.8216,0.1354,0.1622,0.8345,0.404,0.9995
Psors1c2,Psors1c2,1.8288,-0.255,1.1924,-0.2139,0.8306,0.9995
Pspc1,Pspc1,1443.3899,-0.024,0.0972,-0.2467,0.8051,0.9995
Psph,Psph,1465.6599,0.0206,0.1467,0.1407,0.8881,0.9995
Pspn,Pspn,11.3116,0.0984,0.4687,0.2099,0.8338,0.9995
Psrc1,Psrc1,656.3374,0.2565,0.1549,1.656,0.0977,0.9995
Pstk,Pstk,463.3127,0.0045,0.0938,0.0475,0.9621,0.9995
Pstpip1,Pstpip1,306.9373,0.4018,0.3702,1.0854,0.2777,0.9995
Pstpip2,Pstpip2,1238.9301,-0.0668,0.1652,-0.4042,0.686,0.9995
Ptafr,Ptafr,6.9713,-0.5075,0.5583,-0.909,0.3633,0.9995
Ptar1,Ptar1,89.6886,-0.0359,0.3039,-0.1181,0.906,0.9995
Ptbp1,Ptbp1,7318.4722,0.0583,0.103,0.5661,0.5714,0.9995
Ptbp2,Ptbp2,1482.1468,-0.0153,0.1193,-0.1284,0.8978,0.9995
Ptbp3,Ptbp3,3042.1575,-0.0388,0.1767,-0.2199,0.826,0.9995
Ptcd1,Ptcd1,947.648,0.0114,0.1204,0.0949,0.9244,0.9995
Ptcd2,Ptcd2,1465.7682,-0.0056,0.0707,-0.0785,0.9374,0.9995
Ptcd3,Ptcd3,2121.676,0.0235,0.1175,0.1997,0.8417,0.9995
Ptch1,Ptch1,434.4997,-0.0339,0.2319,-0.1461,0.8838,0.9995
Ptch2,Ptch2,18.8331,0.2378,0.416,0.5717,0.5675,0.9995
Ptchd1,Ptchd1,1.8311,-0.2297,0.9959,-0.2306,0.8176,0.9995
Ptchd2,Ptchd2,4.8972,1.3063,0.8724,1.4975,0.1343,0.9995
Ptchd4,Ptchd4,3.8869,0.0057,0.7115,0.008,0.9936,0.9995
Ptcra,Ptcra,0.919,0.8092,1.8528,0.4367,0.6623,0.9995
Ptdss1,Ptdss1,2836.5402,0.0501,0.0655,0.7647,0.4444,0.9995
Ptdss2,Ptdss2,1270.0879,0.004,0.0779,0.0515,0.9589,0.9995
Pten,Pten,2941.7891,0.0119,0.1584,0.0751,0.9401,0.9995
Pter,Pter,422.9026,-0.0032,0.1129,-0.0285,0.9773,0.9995
Ptgdr,Ptgdr,2.6277,-0.8579,1.0827,-0.7924,0.4281,0.9995
Ptgdr2,Ptgdr2,4.4524,0.8015,0.6968,1.1502,0.2501,0.9995
Ptgds,Ptgds,71.5113,0.1434,0.3783,0.3791,0.7046,0.9995
Ptger1,Ptger1,1799.3381,0.0303,0.0794,0.3814,0.7029,0.9995
Ptger2,Ptger2,3.5396,0.1317,0.9741,0.1351,0.8925,0.9995
Ptger3,Ptger3,2.4068,-0.5772,0.9727,-0.5934,0.5529,0.9995
Ptger4,Ptger4,971.9683,-0.1322,0.1609,-0.8217,0.4112,0.9995
Ptges,Ptges,77.1075,-0.101,0.3064,-0.3297,0.7416,0.9995
Ptges2,Ptges2,1225.5154,0.0826,0.103,0.8017,0.4227,0.9995
Ptges3,Ptges3,8066.8252,0.0518,0.0517,1.0032,0.3158,0.9995
Ptges3l,Ptges3l,570.4923,0.1252,0.1748,0.7164,0.4738,0.9995
Ptgfr,Ptgfr,2438.3927,0.0407,0.2493,0.1634,0.8702,0.9995
Ptgfrn,Ptgfrn,28478.9446,-0.0121,0.0759,-0.159,0.8737,0.9995
Ptgir,Ptgir,422.4971,0.0551,0.1958,0.2815,0.7783,0.9995
Ptgis,Ptgis,5022.8857,-0.0954,0.196,-0.4868,0.6264,0.9995
Ptgr1,Ptgr1,4923.953,0.043,0.1418,0.3035,0.7615,0.9995
Ptgr2,Ptgr2,2457.7329,-0.011,0.1066,-0.1031,0.9179,0.9995
Ptgs1,Ptgs1,8492.3793,0.1665,0.2735,0.6089,0.5426,0.9995
Ptgs2,Ptgs2,2107.2738,0.1233,0.5951,0.2072,0.8359,0.9995
Ptgs2os,Ptgs2os,12.4635,-0.2363,0.3901,-0.6058,0.5447,0.9995
Ptgs2os2,Ptgs2os2,44.4051,-0.0457,0.424,-0.1077,0.9142,0.9995
Pth1r,Pth1r,78.7257,0.2441,0.4211,0.5797,0.5621,0.9995
Pth2r,Pth2r,0.3439,-1.7836,2.6035,-0.6851,0.4933,0.9995
Pthlh,Pthlh,10.1655,0.7906,0.7628,1.0365,0.3,0.9995
Ptk2,Ptk2,3911.533,-0.0952,0.0622,-1.5308,0.1258,0.9995
Ptk2b,Ptk2b,1185.3409,-0.0014,0.1082,-0.0127,0.9899,0.9995
Ptk7,Ptk7,3837.581,0.0797,0.074,1.0768,0.2816,0.9995
Ptma,Ptma,22803.7772,0.0946,0.1819,0.5201,0.603,0.9995
Ptms,Ptms,12525.1996,0.055,0.1155,0.4765,0.6337,0.9995
Ptn,Ptn,84.3126,0.0039,0.636,0.0061,0.9952,0.9995
Ptov1,Ptov1,3750.0271,0.0113,0.0831,0.1356,0.8921,0.9995
Ptp4a1,Ptp4a1,378.008,0.0913,0.1574,0.58,0.5619,0.9995
Ptp4a2,Ptp4a2,15130.1811,-0.0333,0.1133,-0.2941,0.7687,0.9995
Ptp4a3,Ptp4a3,2692.3275,0.0338,0.061,0.554,0.5796,0.9995
Ptpdc1,Ptpdc1,869.4243,-0.1338,0.0732,-1.8267,0.0677,0.9995
Ptpmt1,Ptpmt1,1007.056,0.177,0.1037,1.7067,0.0879,0.9995
Ptpn1,Ptpn1,4228.4046,0.006,0.0618,0.0963,0.9233,0.9995
Ptpn11,Ptpn11,10074.8409,-0.0335,0.0687,-0.4878,0.6257,0.9995
Ptpn12,Ptpn12,3684.2307,-0.0506,0.1063,-0.4763,0.6339,0.9995
Ptpn13,Ptpn13,1730.4118,-0.1865,0.0595,-3.1356,0.0017,0.9995
Ptpn14,Ptpn14,4067.8757,-0.0657,0.0928,-0.708,0.479,0.9995
Ptpn18,Ptpn18,0.4563,1.4147,2.4898,0.5682,0.5699,0.9995
Ptpn2,Ptpn2,1442.3729,-0.0529,0.0911,-0.5814,0.561,0.9995
Ptpn21,Ptpn21,2974.7223,0.0129,0.0867,0.1487,0.8818,0.9995
Ptpn22,Ptpn22,256.0165,0.0056,0.1383,0.0408,0.9674,0.9995
Ptpn23,Ptpn23,3817.9875,-0.0148,0.0945,-0.1564,0.8757,0.9995
Ptpn3,Ptpn3,1016.6821,-0.0137,0.1166,-0.1178,0.9062,0.9995
Ptpn4,Ptpn4,126.913,-0.2566,0.1752,-1.4645,0.1431,0.9995
Ptpn5,Ptpn5,25.1137,0.2645,0.3716,0.7119,0.4765,0.9995
Ptpn6,Ptpn6,82.6642,-0.0251,0.2129,-0.118,0.9061,0.9995
Ptpn7,Ptpn7,2.3991,0.7412,0.9531,0.7777,0.4368,0.9995
Ptpn9,Ptpn9,3531.51,-0.0082,0.1178,-0.0692,0.9448,0.9995
Ptpra,Ptpra,5989.1215,-0.0012,0.0988,-0.012,0.9904,0.9995
Ptprb,Ptprb,26.0625,-0.203,0.29,-0.6999,0.484,0.9995
Ptprc,Ptprc,0.5721,0.7091,2.0543,0.3452,0.73,0.9995
Ptprcap,Ptprcap,6.4037,0.5511,0.5655,0.9745,0.3298,0.9995
Ptprd,Ptprd,771.0516,-0.0713,0.2561,-0.2785,0.7806,0.9995
Ptpre,Ptpre,416.0174,-0.2667,0.1223,-2.1808,0.0292,0.9995
Ptprf,Ptprf,2614.6441,-0.0523,0.0882,-0.5927,0.5534,0.9995
Ptprg,Ptprg,2145.566,-0.0515,0.0924,-0.5574,0.5772,0.9995
Ptprj,Ptprj,627.9635,-0.0077,0.1425,-0.0541,0.9569,0.9995
Ptprk,Ptprk,5712.5425,0.0032,0.2249,0.0143,0.9886,0.9995
Ptprm,Ptprm,1266.7716,-0.0931,0.2397,-0.3883,0.6978,0.9995
Ptprn,Ptprn,18.7704,-0.1514,0.4117,-0.3678,0.713,0.9995
Ptprn2,Ptprn2,75.0778,-0.1538,0.1868,-0.8235,0.4102,0.9995
Ptprq,Ptprq,17.597,0.4697,0.4437,1.0588,0.2897,0.9995
Ptprr,Ptprr,66.7058,-0.2978,0.2454,-1.2136,0.2249,0.9995
Ptprs,Ptprs,10716.5297,-0.1084,0.082,-1.3225,0.186,0.9995
Ptpru,Ptpru,15.1805,-0.0899,0.4759,-0.1889,0.8501,0.9995
Ptprv,Ptprv,158.6401,0.0685,0.2689,0.2549,0.7988,0.9995
Ptprz1,Ptprz1,0.3439,-1.7836,2.6035,-0.6851,0.4933,0.9995
Ptrf,Ptrf,16972.627,0.025,0.1206,0.2071,0.8359,0.9995
Ptrh1,Ptrh1,955.1838,0.1824,0.339,0.538,0.5906,0.9995
Ptrh2,Ptrh2,951.3604,0.0265,0.0808,0.3277,0.7432,0.9995
Ptrhd1,Ptrhd1,231.1691,0.0919,0.1224,0.751,0.4527,0.9995
Pts,Pts,847.4443,0.0543,0.0655,0.8284,0.4074,0.9995
Pttg1,Pttg1,784.0297,-0.0057,0.3449,-0.0164,0.9869,0.9995
Pttg1ip,Pttg1ip,14975.303,0.0096,0.0834,0.1147,0.9087,0.9995
Ptx3,Ptx3,1750.9673,0.0592,0.5208,0.1136,0.9095,0.9995
Puf60,Puf60,6802.0117,0.0593,0.0606,0.9789,0.3277,0.9995
Pum1,Pum1,4439.7337,-0.0968,0.0616,-1.571,0.1162,0.9995
Pum2,Pum2,5097.7166,0.0456,0.119,0.3833,0.7015,0.9995
Pura,Pura,188.2592,-0.0621,0.1351,-0.4595,0.6459,0.9995
Purb,Purb,10324.7258,0.0176,0.2132,0.0826,0.9342,0.9995
Purg,Purg,232.0424,-0.0041,0.111,-0.0368,0.9707,0.9995
Pus1,Pus1,1194.2425,0.0727,0.1123,0.6472,0.5175,0.9995
Pus10,Pus10,849.9477,0.0043,0.1374,0.0315,0.9748,0.9995
Pus3,Pus3,411.8169,0.1516,0.1158,1.309,0.1905,0.9995
Pus7,Pus7,1909.1757,0.0228,0.0886,0.257,0.7972,0.9995
Pus7l,Pus7l,447.1689,-0.009,0.1145,-0.0786,0.9373,0.9995
Pusl1,Pusl1,367.8915,0.2312,0.2084,1.1097,0.2671,0.9995
Pvalb,Pvalb,60.1542,0.3902,0.6234,0.6258,0.5314,0.9995
Pvr,Pvr,2678.0916,0.0272,0.196,0.1388,0.8896,0.9995
Pvrl1,Pvrl1,683.0206,0.0033,0.12,0.0278,0.9778,0.9995
Pvrl2,Pvrl2,1647.9408,0.055,0.1724,0.3192,0.7496,0.9995
Pvrl3,Pvrl3,934.3305,-0.0685,0.1375,-0.4981,0.6184,0.9995
Pvrl4,Pvrl4,13.2636,0.44,0.423,1.0402,0.2982,0.9995
Pvt1,Pvt1,515.7208,0.1938,0.2702,0.7171,0.4733,0.9995
Pwp1,Pwp1,2483.9433,0.0427,0.064,0.6675,0.5044,0.9995
Pwp2,Pwp2,1577.0187,0.1114,0.1227,0.9075,0.3642,0.9995
Pwwp2a,Pwwp2a,473.311,0.0528,0.1445,0.365,0.7151,0.9995
Pwwp2b,Pwwp2b,507.0818,-0.0101,0.1013,-0.0992,0.9209,0.9995
Pxdc1,Pxdc1,987.0913,-0.103,0.1228,-0.8389,0.4015,0.9995
Pxdn,Pxdn,9427.1616,-0.0835,0.2249,-0.3712,0.7105,0.9995
Pxk,Pxk,1957.4858,-0.0533,0.0752,-0.7083,0.4788,0.9995
Pxmp2,Pxmp2,43.5478,0.1814,0.2408,0.7534,0.4512,0.9995
Pxmp4,Pxmp4,547.1187,0.0241,0.1426,0.1689,0.8659,0.9995
Pxn,Pxn,3884.0804,-0.038,0.0705,-0.5397,0.5894,0.9995
Pxylp1,Pxylp1,2462.6155,0.0144,0.0828,0.1736,0.8621,0.9995
Pycard,Pycard,1.1437,0.6753,1.4885,0.4537,0.6501,0.9995
Pycr1,Pycr1,498.0012,-0.1156,0.1043,-1.1084,0.2677,0.9995
Pycr2,Pycr2,1690.8766,0.0997,0.1097,0.9093,0.3632,0.9995
Pycrl,Pycrl,830.2386,-0.0121,0.0843,-0.144,0.8855,0.9995
Pydc3,Pydc3,0.6839,0.1282,1.971,0.065,0.9482,0.9995
Pygb,Pygb,3315.4875,0.0258,0.1042,0.2477,0.8044,0.9995
Pygl,Pygl,87.6593,0.0738,0.2967,0.2489,0.8034,0.9995
Pygm,Pygm,2051.7033,0.2848,0.2961,0.9616,0.3362,0.9995
Pygo1,Pygo1,65.3902,-0.1983,0.205,-0.9673,0.3334,0.9995
Pygo2,Pygo2,3229.7691,0.0325,0.0572,0.5682,0.5699,0.9995
Pyroxd1,Pyroxd1,370.0997,-0.0164,0.1155,-0.1424,0.8868,0.9995
Pyroxd2,Pyroxd2,45.2577,0.2705,0.2689,1.0062,0.3143,0.9995
Pyurf,Pyurf,469.0285,0.0992,0.1045,0.9492,0.3425,0.9995
Pzp,Pzp,4.8025,0.0762,0.6786,0.1123,0.9106,0.9995
Qars,Qars,5027.8803,0.0317,0.0742,0.427,0.6694,0.9995
Qdpr,Qdpr,1307.3094,0.073,0.0769,0.9501,0.342,0.9995
Qk,Qk,8586.96,0.028,0.2086,0.134,0.8934,0.9995
Qpct,Qpct,401.8686,0.015,0.1961,0.0763,0.9392,0.9995
Qpctl,Qpctl,662.3967,0.1151,0.1201,0.9582,0.338,0.9995
Qprt,Qprt,7.4183,-0.2052,0.5576,-0.368,0.7129,0.9995
Qrfp,Qrfp,145.9162,0.3057,0.2476,1.2348,0.2169,0.9995
Qrfpr,Qrfpr,1.9366,1.1689,1.256,0.9306,0.3521,0.9995
Qrich1,Qrich1,4336.0585,-0.0159,0.0487,-0.326,0.7444,0.9995
Qrich2,Qrich2,1.2565,0.2155,1.2805,0.1683,0.8664,0.9995
Qrsl1,Qrsl1,411.4011,0.1168,0.1264,0.9238,0.3556,0.9995
Qser1,Qser1,1533.5825,-0.0268,0.1612,-0.1665,0.8677,0.9995
Qsox1,Qsox1,13942.3985,0.0308,0.1065,0.2888,0.7727,0.9995
Qsox2,Qsox2,1733.0872,-0.0787,0.1194,-0.6594,0.5096,0.9995
Qtrt1,Qtrt1,443.4114,0.0389,0.1612,0.2412,0.8094,0.9995
Qtrtd1,Qtrtd1,806.5922,0.0358,0.1496,0.2395,0.8107,0.9995
R3hcc1,R3hcc1,1461.4526,0.0848,0.099,0.8564,0.3917,0.9995
R3hcc1l,R3hcc1l,840.1926,-0.061,0.1017,-0.5995,0.5489,0.9995
R3hdm1,R3hdm1,2135.3794,-0.0949,0.1451,-0.6538,0.5132,0.9995
R3hdm2,R3hdm2,4798.611,-0.1087,0.0883,-1.2309,0.2184,0.9995
R3hdm4,R3hdm4,3730.0013,0.0456,0.0613,0.7445,0.4566,0.9995
R3hdml,R3hdml,984.2369,0.0999,0.5913,0.1689,0.8658,0.9995
R74862,R74862,101.815,0.163,0.1666,0.9783,0.3279,0.9995
Rab1,Rab1,10093.9393,-0.0373,0.0905,-0.4128,0.6797,0.9995
Rab10,Rab10,8785.3454,0.0022,0.1406,0.0159,0.9873,0.9995
Rab10os,Rab10os,181.1168,0.0697,0.1887,0.3692,0.712,0.9995
Rab11a,Rab11a,4484.3912,0.0415,0.0471,0.8811,0.3783,0.9995
Rab11b,Rab11b,4682.2719,0.1034,0.1155,0.8951,0.3707,0.9995
Rab11fip1,Rab11fip1,479.7226,-0.0626,0.0754,-0.8302,0.4064,0.9995
Rab11fip2,Rab11fip2,359.2434,-0.2459,0.1941,-1.2668,0.2052,0.9995
Rab11fip3,Rab11fip3,2139.1744,-0.0178,0.0623,-0.2864,0.7746,0.9995
Rab11fip5,Rab11fip5,4494.1901,0.0666,0.1378,0.4835,0.6288,0.9995
Rab12,Rab12,4818.0208,-0.0025,0.0553,-0.0459,0.9634,0.9995
Rab13,Rab13,1037.0951,-0.0257,0.0937,-0.2741,0.784,0.9995
Rab14,Rab14,8805.3858,-0.0079,0.0786,-0.1009,0.9196,0.9995
Rab15,Rab15,23.1812,-0.1316,0.3004,-0.4383,0.6612,0.9995
Rab17,Rab17,1.1494,-2.6508,1.7954,-1.4765,0.1398,0.9995
Rab18,Rab18,8852.3198,0.0142,0.0724,0.1956,0.8449,0.9995
Rab1b,Rab1b,6283.6903,0.0189,0.0769,0.2452,0.8063,0.9995
Rab20,Rab20,142.8155,-0.0016,0.3197,-0.0049,0.9961,0.9995
Rab21,Rab21,3703.572,0.0393,0.0732,0.5369,0.5913,0.9995
Rab22a,Rab22a,1674.7456,0.0372,0.0873,0.4264,0.6698,0.9995
Rab23,Rab23,1986.985,-0.0416,0.0949,-0.439,0.6607,0.9995
Rab24,Rab24,2009.0908,0.0262,0.0637,0.4107,0.6813,0.9995
Rab25,Rab25,0.7988,-1.7983,1.6575,-1.085,0.2779,0.9995
Rab26,Rab26,4.2352,-0.0099,0.6927,-0.0143,0.9886,0.9995
Rab26os,Rab26os,25.2468,0.389,0.3971,0.9795,0.3273,0.9995
Rab27a,Rab27a,45.851,-0.1436,0.3019,-0.4756,0.6344,0.9995
Rab27b,Rab27b,356.3706,0.1198,0.1562,0.7668,0.4432,0.9995
Rab28,Rab28,1971.9469,0.016,0.0633,0.2531,0.8002,0.9995
Rab29,Rab29,249.7457,0.0055,0.1217,0.0455,0.9637,0.9995
Rab2a,Rab2a,10813.5408,0.0108,0.053,0.2043,0.8381,0.9995
Rab2b,Rab2b,1174.3243,0.009,0.0912,0.0989,0.9212,0.9995
Rab30,Rab30,173.7881,-0.0925,0.1413,-0.655,0.5125,0.9995
Rab31,Rab31,11286.2958,0.0277,0.067,0.4138,0.679,0.9995
Rab32,Rab32,1242.7119,-0.0523,0.1711,-0.3056,0.7599,0.9995
Rab33a,Rab33a,16.4297,0.229,0.4362,0.5249,0.5996,0.9995
Rab33b,Rab33b,1489.8319,-0.1323,0.1009,-1.3115,0.1897,0.9995
Rab34,Rab34,4161.5585,0.0246,0.0871,0.2822,0.7778,0.9995
Rab35,Rab35,2922.9675,0.0474,0.0709,0.6685,0.5038,0.9995
Rab36,Rab36,172.166,-0.0816,0.1521,-0.5367,0.5915,0.9995
Rab37,Rab37,1.4827,1.1804,1.2147,0.9718,0.3312,0.9995
Rab38,Rab38,196.5359,0.0167,0.4045,0.0413,0.9671,0.9995
Rab39,Rab39,0.8003,-1.8012,1.9049,-0.9455,0.3444,0.9995
Rab39b,Rab39b,28.7538,0.1114,0.4859,0.2293,0.8186,0.9995
Rab3a,Rab3a,680.7036,0.0776,0.0866,0.8957,0.3704,0.9995
Rab3b,Rab3b,28.6486,-0.0319,0.3186,-0.1,0.9203,0.9995
Rab3d,Rab3d,1631.6793,0.0216,0.0848,0.2544,0.7992,0.9995
Rab3gap1,Rab3gap1,3378.2802,0.0024,0.0715,0.0336,0.9732,0.9995
Rab3gap2,Rab3gap2,4655.2609,-0.034,0.0765,-0.4444,0.6568,0.9995
Rab3il1,Rab3il1,587.9423,0.0427,0.1572,0.2716,0.786,0.9995
Rab3ip,Rab3ip,1342.2379,0.0349,0.0655,0.5325,0.5943,0.9995
Rab40b,Rab40b,660.6847,-0.034,0.1919,-0.177,0.8595,0.9995
Rab40c,Rab40c,1236.1367,0.0945,0.1062,0.89,0.3734,0.9995
Rab42,Rab42,9.1367,0.0738,0.4903,0.1505,0.8804,0.9995
Rab43,Rab43,2451.5253,0.0132,0.1271,0.104,0.9172,0.9995
Rab44,Rab44,140.943,0.0213,0.318,0.067,0.9466,0.9995
Rab4a,Rab4a,569.4985,-0.0019,0.0918,-0.0203,0.9838,0.9995
Rab4b,Rab4b,1254.3244,0.0365,0.1173,0.3113,0.7556,0.9995
Rab5a,Rab5a,3713.0806,-0.0072,0.1198,-0.0602,0.952,0.9995
Rab5b,Rab5b,7601.0988,0.1025,0.1291,0.7944,0.4269,0.9995
Rab5c,Rab5c,5887.9464,0.0587,0.0787,0.7463,0.4555,0.9995
Rab6a,Rab6a,6032.8888,-0.1085,0.1284,-0.8451,0.3981,0.9995
Rab6b,Rab6b,112.0384,-0.0776,0.2078,-0.3733,0.709,0.9995
Rab7,Rab7,16370.6139,0.0237,0.101,0.2342,0.8148,0.9995
Rab7b,Rab7b,1060.2459,0.0104,0.1916,0.0545,0.9565,0.9995
Rab8a,Rab8a,3349.648,0.0501,0.0658,0.7612,0.4465,0.9995
Rab8b,Rab8b,1277.4215,0.0124,0.1347,0.0918,0.9268,0.9995
Rab9,Rab9,2047.4827,0.037,0.1298,0.2848,0.7758,0.9995
Rabac1,Rabac1,4818.8187,0.0923,0.1705,0.5416,0.5881,0.9995
Rabep1,Rabep1,2591.8675,0.0729,0.1723,0.4234,0.672,0.9995
Rabep2,Rabep2,757.2214,-0.1271,0.0925,-1.3746,0.1693,0.9995
Rabepk,Rabepk,725.2984,0.0902,0.0856,1.054,0.2919,0.9995
Rabgap1,Rabgap1,3554.1274,-0.0663,0.0897,-0.7391,0.4599,0.9995
Rabgap1l,Rabgap1l,1153.5378,-0.0982,0.1065,-0.9222,0.3564,0.9995
Rabgef1,Rabgef1,2026.4833,0.0136,0.0573,0.2365,0.813,0.9995
Rabggta,Rabggta,1016.635,-0.0042,0.1149,-0.0369,0.9706,0.9995
Rabggtb,Rabggtb,3252.5517,0.1023,0.1226,0.8339,0.4044,0.9995
Rabif,Rabif,1378.4545,-0.0211,0.0923,-0.2282,0.8195,0.9995
Rabl2,Rabl2,603.2362,-0.0306,0.1012,-0.3023,0.7624,0.9995
Rabl3,Rabl3,478.9198,0.0855,0.0987,0.8662,0.3864,0.9995
Rabl6,Rabl6,4232.6617,-0.0349,0.0867,-0.4029,0.687,0.9995
Rac1,Rac1,15330.419,-0.0002,0.0486,-0.0038,0.9969,0.9995
Rac2,Rac2,0.3448,-0.4801,2.6714,-0.1797,0.8574,0.9995
Rac3,Rac3,310.8597,0.0677,0.1528,0.4429,0.6578,0.9995
Racgap1,Racgap1,3834.499,-0.0998,0.3272,-0.3049,0.7605,0.9995
Rad1,Rad1,801.5372,0.1159,0.1007,1.1509,0.2498,0.9995
Rad17,Rad17,1027.3873,-0.0394,0.1404,-0.2806,0.779,0.9995
Rad18,Rad18,314.8937,-0.0406,0.2249,-0.1806,0.8567,0.9995
Rad21,Rad21,11208.7447,-0.1253,0.1507,-0.8317,0.4056,0.9995
Rad23a,Rad23a,4785.9058,0.0821,0.0909,0.9026,0.3667,0.9995
Rad23b,Rad23b,12685.6536,0.0321,0.0553,0.5799,0.562,0.9995
Rad50,Rad50,766.5355,0.0443,0.1152,0.3844,0.7007,0.9995
Rad51,Rad51,479.9191,-0.1005,0.3426,-0.2933,0.7693,0.9995
Rad51ap1,Rad51ap1,184.5126,-0.1491,0.3997,-0.3729,0.7092,0.9995
Rad51b,Rad51b,103.9318,-0.0425,0.2967,-0.1431,0.8862,0.9995
Rad51c,Rad51c,227.5999,-0.0002,0.1778,-0.0009,0.9993,1
Rad51d,Rad51d,715.4339,0.02,0.081,0.247,0.8049,0.9995
Rad52,Rad52,711.6505,0.0629,0.1228,0.5124,0.6084,0.9995
Rad54b,Rad54b,178.633,-0.202,0.3562,-0.5672,0.5706,0.9995
Rad54l,Rad54l,172.4316,-0.2864,0.3919,-0.7309,0.4648,0.9995
Rad54l2,Rad54l2,1781.448,-0.0631,0.0695,-0.907,0.3644,0.9995
Rad9a,Rad9a,1021.7214,0.1051,0.1151,0.9131,0.3612,0.9995
Rad9b,Rad9b,56.3276,0.2328,0.1952,1.1924,0.2331,0.9995
Radil,Radil,190.1732,0.053,0.1246,0.4251,0.6708,0.9995
Rae1,Rae1,2439.008,0.1049,0.0881,1.1908,0.2337,0.9995
Raet1a,Raet1a,40.4199,-0.2813,0.2786,-1.0097,0.3126,0.9995
Raet1d,Raet1d,35.4381,-0.3011,0.2898,-1.0391,0.2988,0.9995
Raet1e,Raet1e,55.0502,0.169,0.2045,0.8265,0.4085,0.9995
Raf1,Raf1,5383.8705,0.061,0.097,0.6295,0.5291,0.9995
Rai1,Rai1,1958.0182,-0.0611,0.0543,-1.1257,0.2603,0.9995
Rai14,Rai14,5674.2344,-0.2381,0.104,-2.2901,0.022,0.9995
Rai2,Rai2,9.3589,-0.1703,0.871,-0.1956,0.845,0.9995
Rala,Rala,3102.3076,-0.092,0.1141,-0.8061,0.4202,0.9995
Ralb,Ralb,3302.1087,-0.039,0.0959,-0.407,0.684,0.9995
Ralbp1,Ralbp1,3257.5669,-0.1093,0.0976,-1.1197,0.2628,0.9995
Ralgapa1,Ralgapa1,1192.8792,-0.0052,0.1945,-0.0267,0.9787,0.9995
Ralgapa2,Ralgapa2,543.9713,-0.2088,0.1369,-1.5247,0.1273,0.9995
Ralgapb,Ralgapb,3703.015,-0.1484,0.1027,-1.4443,0.1487,0.9995
Ralgds,Ralgds,3555.0066,-0.0373,0.1386,-0.2688,0.7881,0.9995
Ralgps1,Ralgps1,223.8824,-0.2672,0.1211,-2.2062,0.0274,0.9995
Ralgps2,Ralgps2,772.6096,-0.0795,0.1871,-0.425,0.6708,0.9995
Raly,Raly,8312.1259,0.0172,0.101,0.1702,0.8649,0.9995
Ramp1,Ramp1,54.2251,0.1727,0.2495,0.6921,0.4888,0.9995
Ramp2,Ramp2,77.4383,0.0182,0.3247,0.0559,0.9554,0.9995
Ramp3,Ramp3,23.8845,0.4058,0.3992,1.0164,0.3095,0.9995
Ran,Ran,13361.2542,0.1656,0.089,1.8611,0.0627,0.9995
Ranbp1,Ranbp1,4082.5637,0.0886,0.1086,0.8158,0.4146,0.9995
Ranbp10,Ranbp10,1915.0684,-0.0461,0.0603,-0.7643,0.4447,0.9995
Ranbp2,Ranbp2,3242.7805,0.0511,0.1574,0.3244,0.7457,0.9995
Ranbp3,Ranbp3,2955.6805,0.029,0.0635,0.457,0.6477,0.9995
Ranbp3l,Ranbp3l,477.7127,-0.0356,0.157,-0.2269,0.8205,0.9995
Ranbp6,Ranbp6,708.4643,0.0351,0.1666,0.2108,0.833,0.9995
Ranbp9,Ranbp9,3699.9719,-0.0666,0.0956,-0.6972,0.4857,0.9995
Rangap1,Rangap1,4714.5307,0.0393,0.1431,0.2745,0.7837,0.9995
Rangrf,Rangrf,389.6156,0.2455,0.1189,2.0645,0.039,0.9995
Rap1a,Rap1a,2523.7341,-0.0675,0.15,-0.4501,0.6526,0.9995
Rap1b,Rap1b,10199.0039,-0.0131,0.0491,-0.2665,0.7899,0.9995
Rap1gap,Rap1gap,168.9473,0.208,0.2142,0.9709,0.3316,0.9995
Rap1gap2,Rap1gap2,2964.4925,0.0941,0.2099,0.4481,0.6541,0.9995
Rap1gds1,Rap1gds1,3600.7866,0.0526,0.049,1.074,0.2828,0.9995
Rap2a,Rap2a,1577.1588,-0.0557,0.1109,-0.5025,0.6153,0.9995
Rap2b,Rap2b,1532.8922,-0.0857,0.1383,-0.6193,0.5357,0.9995
Rap2c,Rap2c,1729.8352,-0.0325,0.1844,-0.1763,0.8601,0.9995
Rapgef1,Rapgef1,7221.0204,-0.0099,0.0521,-0.1898,0.8494,0.9995
Rapgef2,Rapgef2,1448.3258,-0.0897,0.1126,-0.7963,0.4259,0.9995
Rapgef3,Rapgef3,225.2277,-0.1063,0.1652,-0.6435,0.5199,0.9995
Rapgef4,Rapgef4,17.0425,0.4045,0.5566,0.7266,0.4674,0.9995
Rapgef6,Rapgef6,982.6938,-0.0844,0.1624,-0.5198,0.6032,0.9995
Rapgefl1,Rapgefl1,231.5153,-0.0498,0.1511,-0.3298,0.7416,0.9995
Raph1,Raph1,2784.2253,-0.1238,0.1371,-0.903,0.3665,0.9995
Rapsn,Rapsn,3248.5563,-0.0241,0.1423,-0.1691,0.8657,0.9995
Rara,Rara,2156.3526,-0.0283,0.065,-0.4355,0.6632,0.9995
Rarb,Rarb,20.2341,-0.4354,0.3221,-1.3516,0.1765,0.9995
Rarg,Rarg,6329.1346,0.0552,0.1635,0.3379,0.7354,0.9995
Rarres1,Rarres1,2.7401,-0.8465,0.962,-0.8799,0.3789,0.9995
Rarres2,Rarres2,170.2896,0.3774,0.2832,1.3326,0.1827,0.9995
Rars,Rars,5234.4982,0.0293,0.0661,0.4427,0.658,0.9995
Rars2,Rars2,871.9539,-0.0013,0.1028,-0.0128,0.9898,0.9995
Rasa1,Rasa1,2821.826,0.0365,0.1791,0.204,0.8384,0.9995
Rasa2,Rasa2,606.5969,-0.0638,0.1516,-0.4207,0.674,0.9995
Rasa3,Rasa3,9073.2628,0.0704,0.2064,0.3412,0.733,0.9995
Rasa4,Rasa4,1884.6835,-0.0263,0.066,-0.3987,0.6901,0.9995
Rasal2,Rasal2,1683.3038,-0.1185,0.1999,-0.5928,0.5533,0.9995
Rasd1,Rasd1,2.2837,-0.2788,0.9514,-0.2931,0.7695,0.9995
Rasgef1a,Rasgef1a,9.003,0.0178,0.7646,0.0233,0.9814,0.9995
Rasgef1b,Rasgef1b,7.7943,-0.6324,0.6871,-0.9205,0.3573,0.9995
Rasgrf2,Rasgrf2,2.8517,0.5095,0.901,0.5655,0.5717,0.9995
Rasgrp2,Rasgrp2,4.5737,-0.0582,0.8592,-0.0677,0.946,0.9995
Rasgrp3,Rasgrp3,15.199,0.3168,0.423,0.749,0.4539,0.9995
Rasgrp4,Rasgrp4,27.2113,-0.0538,0.3004,-0.179,0.858,0.9995
Rasip1,Rasip1,6.2794,-0.3312,0.6215,-0.5329,0.5941,0.9995
Rasl10a,Rasl10a,37.6278,-0.298,0.2731,-1.091,0.2753,0.9995
Rasl10b,Rasl10b,4.9135,-0.1776,0.6375,-0.2785,0.7806,0.9995
Rasl11a,Rasl11a,798.2906,0.2947,0.7691,0.3831,0.7016,0.9995
Rasl11b,Rasl11b,94.7326,0.0413,0.2701,0.153,0.8784,0.9995
Rasl12,Rasl12,903.2143,0.2078,0.1365,1.5223,0.1279,0.9995
Rasl2-9,Rasl2-9,0.458,0.2172,2.1462,0.1012,0.9194,0.9995
Rassf1,Rassf1,2520.0521,0.1639,0.1856,0.8829,0.3773,0.9995
Rassf10,Rassf10,0.3441,0.9357,2.6506,0.353,0.7241,0.9995
Rassf2,Rassf2,620.6047,0.0669,0.1302,0.5137,0.6075,0.9995
Rassf3,Rassf3,2556.5656,0.0256,0.1627,0.1574,0.8749,0.9995
Rassf4,Rassf4,306.9193,-0.1877,0.1622,-1.1573,0.2472,0.9995
Rassf5,Rassf5,1118.859,0.0293,0.2121,0.138,0.8902,0.9995
Rassf6,Rassf6,5.8237,-0.7316,0.615,-1.1896,0.2342,0.9995
Rassf7,Rassf7,687.1118,0.0049,0.1924,0.0257,0.9795,0.9995
Rassf8,Rassf8,413.3758,-0.1169,0.0924,-1.2659,0.2056,0.9995
Raver1,Raver1,1442.1349,0.0636,0.0818,0.7773,0.437,0.9995
Raver2,Raver2,7.6637,-0.3386,0.5584,-0.6064,0.5442,0.9995
Rax,Rax,3.3144,0.0865,0.7583,0.1141,0.9092,0.9995
Rb1,Rb1,2030.2941,-0.0348,0.2771,-0.1254,0.9002,0.9995
Rb1cc1,Rb1cc1,1346.0024,-0.1235,0.0991,-1.2471,0.2123,0.9995
Rbak,Rbak,506.3045,0.0609,0.1075,0.566,0.5714,0.9995
Rbbp4,Rbbp4,16514.8146,0.0524,0.088,0.5951,0.5518,0.9995
Rbbp5,Rbbp5,1918.3293,0.0564,0.0634,0.8894,0.3738,0.9995
Rbbp6,Rbbp6,1517.8765,-0.1317,0.1314,-1.0026,0.316,0.9995
Rbbp7,Rbbp7,8769.9923,0.0574,0.0897,0.6399,0.5222,0.9995
Rbbp8,Rbbp8,581.1098,-0.0763,0.1728,-0.4416,0.6588,0.9995
Rbbp9,Rbbp9,1513.5461,-0.0082,0.1105,-0.0743,0.9407,0.9995
Rbck1,Rbck1,1935.2423,-0.0677,0.0622,-1.0875,0.2768,0.9995
Rbfa,Rbfa,448.6371,0.2338,0.162,1.4434,0.1489,0.9995
Rbfox1,Rbfox1,117.8686,0.2536,0.409,0.62,0.5352,0.9995
Rbfox2,Rbfox2,16013.0975,0.0431,0.1334,0.3229,0.7467,0.9995
Rbks,Rbks,45.1483,0.0121,0.2552,0.0475,0.9621,0.9995
Rbl1,Rbl1,814.5776,-0.1434,0.2759,-0.5198,0.6032,0.9995
Rbl2,Rbl2,4599.1785,-0.0667,0.1139,-0.5851,0.5585,0.9995
Rbm10,Rbm10,2258.9664,-0.0287,0.0913,-0.3141,0.7535,0.9995
Rbm11,Rbm11,5.8251,-0.3675,0.6399,-0.5743,0.5658,0.9995
Rbm12,Rbm12,1313.024,-0.1618,0.1762,-0.9186,0.3583,0.9995
Rbm12b1,Rbm12b1,90.3931,0.0925,0.2346,0.3944,0.6933,0.9995
Rbm12b2,Rbm12b2,362.0329,-0.0262,0.1819,-0.1442,0.8854,0.9995
Rbm14,Rbm14,1230.698,0.1009,0.0757,1.3321,0.1828,0.9995
Rbm15,Rbm15,449.3885,-0.0936,0.1506,-0.6217,0.5342,0.9995
Rbm15b,Rbm15b,1613.0359,-0.0467,0.0929,-0.5021,0.6156,0.9995
Rbm17,Rbm17,2788.7568,0.0273,0.0518,0.5277,0.5977,0.9995
Rbm18,Rbm18,2355.3858,-0.007,0.0991,-0.0709,0.9435,0.9995
Rbm19,Rbm19,1033.4418,-0.0028,0.1366,-0.0202,0.9839,0.9995
Rbm20,Rbm20,3859.2166,-0.0429,0.0743,-0.5779,0.5634,0.9995
Rbm22,Rbm22,2189.6001,-0.0566,0.0645,-0.8789,0.3795,0.9995
Rbm24,Rbm24,3877.5678,0.0184,0.2871,0.0641,0.9489,0.9995
Rbm25,Rbm25,2190.0558,0.0732,0.1621,0.4513,0.6517,0.9995
Rbm26,Rbm26,759.4861,-0.0233,0.1315,-0.1775,0.8591,0.9995
Rbm27,Rbm27,852.6356,0.0837,0.1599,0.5232,0.6008,0.9995
Rbm28,Rbm28,2840.128,0.0674,0.099,0.6812,0.4957,0.9995
Rbm3,Rbm3,7867.0121,0.2723,0.1897,1.4351,0.1513,0.9995
Rbm33,Rbm33,2277.0112,-0.1123,0.0828,-1.356,0.1751,0.9995
Rbm34,Rbm34,824.9021,-0.0908,0.1142,-0.7954,0.4264,0.9995
Rbm38,Rbm38,833.2219,-0.021,0.2299,-0.0913,0.9273,0.9995
Rbm39,Rbm39,6628.0956,-0.0237,0.1113,-0.2131,0.8313,0.9995
Rbm3os,Rbm3os,15.7878,-0.0847,0.4011,-0.2111,0.8328,0.9995
Rbm4,Rbm4,45.3563,-0.0244,0.2293,-0.1066,0.9151,0.9995
Rbm41,Rbm41,372.7761,0.0334,0.1465,0.2278,0.8198,0.9995
Rbm42,Rbm42,2284.9882,0.046,0.0728,0.6323,0.5272,0.9995
Rbm43,Rbm43,152.1105,-0.0807,0.1375,-0.5871,0.5571,0.9995
Rbm44,Rbm44,1.2602,0.8954,1.4588,0.6138,0.5394,0.9995
Rbm45,Rbm45,1421.0299,0.0328,0.0885,0.3704,0.7111,0.9995
Rbm47,Rbm47,69.4129,-0.4506,0.2229,-2.0216,0.0432,0.9995
Rbm48,Rbm48,243.8016,-0.0816,0.1097,-0.744,0.4569,0.9995
Rbm4b,Rbm4b,299.9399,0.0251,0.1206,0.208,0.8352,0.9995
Rbm5,Rbm5,3573.8969,0.0161,0.0687,0.2339,0.815,0.9995
Rbm6,Rbm6,2124.0485,-0.0372,0.1153,-0.3229,0.7468,0.9995
Rbm7,Rbm7,2222.0507,-0.0179,0.1306,-0.1373,0.8908,0.9995
Rbm8a,Rbm8a,3154.6181,0.0713,0.0771,0.9245,0.3552,0.9995
Rbms1,Rbms1,1869.3886,0.0204,0.1401,0.1459,0.884,0.9995
Rbms2,Rbms2,4858.5908,0.0375,0.0426,0.8796,0.3791,0.9995
Rbms3,Rbms3,1033.1234,-0.0725,0.1737,-0.4175,0.6763,0.9995
Rbmx,Rbmx,865.5935,0.2123,0.1567,1.355,0.1754,0.9995
Rbmx2,Rbmx2,271.4127,-0.1437,0.1248,-1.1512,0.2496,0.9995
Rbmxl1,Rbmxl1,1805.2658,0.1972,0.1311,1.5037,0.1327,0.9995
Rbp1,Rbp1,461.4991,-0.0149,0.1014,-0.1467,0.8834,0.9995
Rbp3,Rbp3,0.8026,0.535,1.5183,0.3524,0.7246,0.9995
Rbp4,Rbp4,109.2561,0.4868,0.3016,1.6142,0.1065,0.9995
Rbp7,Rbp7,1.0268,-0.8563,1.5777,-0.5428,0.5873,0.9995
Rbpj,Rbpj,2832.3148,-0.1004,0.1848,-0.543,0.5871,0.9995
Rbpms,Rbpms,571.6552,0.0546,0.2214,0.2466,0.8052,0.9995
Rbpms2,Rbpms2,771.3781,0.1043,0.0801,1.3032,0.1925,0.9995
Rbsn,Rbsn,2208.9683,-0.086,0.0503,-1.711,0.0871,0.9995
Rbx1,Rbx1,5280.2934,0.1073,0.0914,1.1748,0.2401,0.9995
Rc3h1,Rc3h1,1603.0767,0.0132,0.1946,0.0679,0.9458,0.9995
Rc3h2,Rc3h2,1644.7742,0.0498,0.2201,0.2263,0.821,0.9995
Rcan1,Rcan1,1269.9292,0.0795,0.0792,1.0044,0.3152,0.9995
Rcan2,Rcan2,2063.0325,-0.2966,0.2009,-1.4759,0.14,0.9995
Rcan3,Rcan3,1376.0236,-0.0796,0.07,-1.1367,0.2557,0.9995
Rcbtb1,Rcbtb1,1891.264,-0.023,0.0913,-0.2523,0.8008,0.9995
Rcbtb2,Rcbtb2,1333.4085,-0.0284,0.1246,-0.2282,0.8195,0.9995
Rcc1,Rcc1,1432.5065,0.0603,0.1306,0.4613,0.6446,0.9995
Rcc2,Rcc2,11110.1394,0.0802,0.1681,0.4769,0.6334,0.9995
Rccd1,Rccd1,243.7775,0.0622,0.1375,0.4525,0.6509,0.9995
Rce1,Rce1,924.7561,0.0595,0.1022,0.5822,0.5604,0.9995
Rchy1,Rchy1,1816.2652,0.072,0.0758,0.9499,0.3422,0.9995
Rcl1,Rcl1,1218.9575,0.0759,0.1551,0.489,0.6249,0.9995
Rcn1,Rcn1,13820.2886,-0.0871,0.0463,-1.8828,0.0597,0.9995
Rcn2,Rcn2,5617.9539,0.012,0.0702,0.1703,0.8648,0.9995
Rcn3,Rcn3,8081.0835,0.0066,0.127,0.0521,0.9585,0.9995
Rcor1,Rcor1,886.9112,-0.205,0.143,-1.4337,0.1517,0.9995
Rcor2,Rcor2,1055.144,-0.0651,0.1541,-0.4222,0.6728,0.9995
Rcor3,Rcor3,1344.3881,-0.1113,0.1079,-1.0318,0.3022,0.9995
Rcsd1,Rcsd1,2.1664,-0.6057,1.014,-0.5974,0.5503,0.9995
Rd3,Rd3,1.3679,0.3107,1.2646,0.2457,0.8059,0.9995
Rdh1,Rdh1,4.6894,-0.6137,0.7543,-0.8137,0.4158,0.9995
Rdh10,Rdh10,1183.9376,0.0007,0.0603,0.0119,0.9905,0.9995
Rdh11,Rdh11,1684.3599,0.0055,0.1664,0.0329,0.9738,0.9995
Rdh12,Rdh12,55.8776,-0.3162,0.217,-1.457,0.1451,0.9995
Rdh13,Rdh13,1003.5971,0.1709,0.1296,1.3188,0.1872,0.9995
Rdh14,Rdh14,1156.3993,-0.0533,0.1082,-0.4921,0.6227,0.9995
Rdh16,Rdh16,1.1432,-0.0807,1.4379,-0.0562,0.9552,0.9995
Rdh18-ps,Rdh18-ps,0.4586,1.4317,2.0649,0.6934,0.4881,0.9995
Rdh5,Rdh5,522.5161,-0.0843,0.3455,-0.2441,0.8072,0.9995
Rdh7,Rdh7,0.3438,-0.475,2.6713,-0.1778,0.8589,0.9995
Rdh8,Rdh8,1.2587,-0.1398,1.2703,-0.11,0.9124,0.9995
Rdh9,Rdh9,24.7944,-0.2872,0.378,-0.76,0.4472,0.9995
Rdm1,Rdm1,235.5469,-0.0601,0.1203,-0.4992,0.6177,0.9995
Rdx,Rdx,4595.7821,-0.0591,0.1689,-0.3498,0.7265,0.9995
Rec114,Rec114,57.3447,0.2327,0.2026,1.1488,0.2506,0.9995
Rec8,Rec8,0.4579,0.2152,2.5707,0.0837,0.9333,0.9995
Reck,Reck,433.8554,-0.0868,0.1007,-0.8617,0.3888,0.9995
Recql,Recql,653.792,0.0322,0.0855,0.3766,0.7065,0.9995
Recql4,Recql4,190.5514,-0.1453,0.2716,-0.5351,0.5926,0.9995
Recql5,Recql5,1043.1476,-0.0108,0.0803,-0.1349,0.8927,0.9995
Reep1,Reep1,751.1295,0.0509,0.2647,0.1922,0.8476,0.9995
Reep2,Reep2,183.5095,0.079,0.2052,0.385,0.7002,0.9995
Reep3,Reep3,3537.2928,-0.1566,0.1359,-1.1524,0.2492,0.9995
Reep4,Reep4,945.9393,0.137,0.1652,0.8295,0.4068,0.9995
Reep5,Reep5,10628.272,-0.0097,0.0418,-0.2317,0.8168,0.9995
Reep6,Reep6,158.0285,0.0314,0.1878,0.1671,0.8673,0.9995
Rel,Rel,88.1905,-0.2056,0.3214,-0.6396,0.5224,0.9995
Rela,Rela,4251.773,-0.0064,0.0917,-0.0694,0.9447,0.9995
Relb,Relb,1184.1696,-0.0038,0.0729,-0.0524,0.9582,0.9995
Rell1,Rell1,2927.9884,-0.0581,0.1035,-0.5616,0.5744,0.9995
Rell2,Rell2,7.4253,-0.1712,0.5542,-0.3088,0.7575,0.9995
Reln,Reln,3.6446,1.2267,0.9464,1.2962,0.1949,0.9995
Relt,Relt,312.5588,-0.0205,0.2327,-0.0881,0.9298,0.9995
Rem1,Rem1,721.1011,0.0534,0.1452,0.368,0.7129,0.9995
Rem2,Rem2,3.55,0.5258,0.8042,0.6538,0.5133,0.9995
Renbp,Renbp,2317.6342,0.0296,0.151,0.1961,0.8445,0.9995
Rep15,Rep15,73.2091,0.1923,0.2557,0.752,0.452,0.9995
Repin1,Repin1,1051.7128,0.1145,0.1587,0.7213,0.4707,0.9995
Reps1,Reps1,1395.5354,-0.1004,0.0861,-1.1657,0.2437,0.9995
Reps2,Reps2,3.7763,-0.0233,0.7026,-0.0331,0.9736,0.9995
Rer1,Rer1,5334.032,0.053,0.0867,0.6116,0.5408,0.9995
Rere,Rere,6088.6438,-0.0681,0.1546,-0.4405,0.6596,0.9995
Rerg,Rerg,721.6435,-0.0297,0.0962,-0.3087,0.7576,0.9995
Rest,Rest,879.794,-0.2016,0.1448,-1.3916,0.164,0.9995
Ret,Ret,93.6667,0.1293,0.5799,0.223,0.8235,0.9995
Retsat,Retsat,1034.09,-0.028,0.1347,-0.2077,0.8355,0.9995
Rev1,Rev1,624.9005,-0.1024,0.0909,-1.1261,0.2601,0.9995
Rev3l,Rev3l,807.7094,-0.1483,0.1417,-1.0465,0.2954,0.9995
Rex2,Rex2,0.3427,-0.475,2.6733,-0.1777,0.859,0.9995
Rexo1,Rexo1,1391.2322,-0.1281,0.073,-1.7552,0.0792,0.9995
Rexo2,Rexo2,3190.022,0.0407,0.0968,0.421,0.6737,0.9995
Rexo4,Rexo4,1702.5341,0.0731,0.0677,1.0805,0.2799,0.9995
Rfc1,Rfc1,1941.7013,-0.058,0.1257,-0.4617,0.6443,0.9995
Rfc2,Rfc2,1139.3456,-0.0403,0.1179,-0.3414,0.7328,0.9995
Rfc3,Rfc3,787.1445,-0.0232,0.1921,-0.1205,0.9041,0.9995
Rfc4,Rfc4,452.9395,-0.0685,0.1756,-0.39,0.6965,0.9995
Rfc5,Rfc5,653.5095,-0.0631,0.2851,-0.2212,0.8249,0.9995
Rfesd,Rfesd,435.1454,0.0085,0.0909,0.0936,0.9254,0.9995
Rffl,Rffl,640.9433,0.0476,0.2613,0.1822,0.8554,0.9995
Rfk,Rfk,2809.5517,-0.0247,0.0681,-0.3627,0.7169,0.9995
Rfng,Rfng,1078.5723,0.0334,0.0755,0.4429,0.6578,0.9995
Rft1,Rft1,1365.0249,0.0602,0.142,0.4243,0.6714,0.9995
Rftn1,Rftn1,977.5633,-0.0496,0.1855,-0.2675,0.7891,0.9995
Rftn2,Rftn2,3517.2365,0.1008,0.1188,0.849,0.3959,0.9995
Rfwd2,Rfwd2,3823.6621,0.0159,0.0761,0.2093,0.8342,0.9995
Rfwd3,Rfwd3,1678.115,-0.0088,0.0893,-0.0985,0.9215,0.9995
Rfx1,Rfx1,790.0413,-0.0394,0.1025,-0.3841,0.7009,0.9995
Rfx2,Rfx2,184.4287,0.0479,0.1337,0.3583,0.7201,0.9995
Rfx3,Rfx3,248.4023,0.0185,0.2814,0.0657,0.9477,0.9995
Rfx4,Rfx4,9.9676,-0.3431,0.5626,-0.6098,0.542,0.9995
Rfx5,Rfx5,884.4611,0.0049,0.0876,0.0563,0.9551,0.9995
Rfx7,Rfx7,1083.8796,0.0415,0.1561,0.2655,0.7906,0.9995
Rfx8,Rfx8,7.6616,-0.2286,0.5963,-0.3834,0.7014,0.9995
Rfxank,Rfxank,369.1142,0.0851,0.1014,0.8397,0.4011,0.9995
Rfxap,Rfxap,670.0999,0.0079,0.0774,0.102,0.9187,0.9995
Rgag1,Rgag1,75.0216,-0.3788,0.3729,-1.0158,0.3097,0.9995
Rgag4,Rgag4,89.6212,-0.2254,0.1774,-1.2709,0.2038,0.9995
Rgcc,Rgcc,181.751,-0.0912,0.151,-0.6044,0.5456,0.9995
Rgl1,Rgl1,2103.7568,-0.0821,0.1444,-0.5686,0.5696,0.9995
Rgl2,Rgl2,977.9236,-0.0403,0.0706,-0.5706,0.5682,0.9995
Rgl3,Rgl3,648.1816,-0.0138,0.0845,-0.163,0.8705,0.9995
Rgma,Rgma,1751.8554,-0.1377,0.1679,-0.8203,0.4121,0.9995
Rgmb,Rgmb,1147.2,0.0849,0.0748,1.135,0.2564,0.9995
Rgn,Rgn,10.628,-0.1288,0.5278,-0.2439,0.8073,0.9995
Rgp1,Rgp1,1999.3217,0.0668,0.0933,0.7158,0.4741,0.9995
Rgr,Rgr,0.572,1.7781,2.3993,0.7411,0.4586,0.9995
Rgs10,Rgs10,220.0301,0.0267,0.1352,0.1972,0.8437,0.9995
Rgs11,Rgs11,107.1314,-0.3345,0.3025,-1.1058,0.2688,0.9995
Rgs12,Rgs12,2457.7595,-0.0459,0.0821,-0.559,0.5762,0.9995
Rgs14,Rgs14,13.6036,0.3585,0.6272,0.5715,0.5677,0.9995
Rgs16,Rgs16,234.1254,0.1139,0.3013,0.378,0.7054,0.9995
Rgs17,Rgs17,10.865,-0.4239,0.4603,-0.9209,0.3571,0.9995
Rgs18,Rgs18,1.0285,0.2368,1.3631,0.1737,0.8621,0.9995
Rgs19,Rgs19,881.7731,0.1255,0.1385,0.9066,0.3646,0.9995
Rgs2,Rgs2,100.2778,-0.0431,0.2,-0.2157,0.8292,0.9995
Rgs20,Rgs20,184.2238,-0.193,0.2192,-0.8804,0.3787,0.9995
Rgs3,Rgs3,1651.4505,0.1654,0.2053,0.8055,0.4205,0.9995
Rgs4,Rgs4,165.6359,-0.5013,0.8293,-0.6045,0.5455,0.9995
Rgs5,Rgs5,1.5971,-0.0076,1.9475,-0.0039,0.9969,0.9995
Rgs7,Rgs7,2.1744,0.4913,0.9667,0.5081,0.6113,0.9995
Rgs8,Rgs8,1.2574,1.5062,1.4388,1.0469,0.2952,0.9995
Rgs9,Rgs9,3.891,-0.0674,0.814,-0.0828,0.934,0.9995
Rgs9bp,Rgs9bp,7.1834,-0.0936,0.6367,-0.147,0.8831,0.9995
Rhbdd1,Rhbdd1,2748.8471,0.045,0.1565,0.2874,0.7738,0.9995
Rhbdd2,Rhbdd2,1193.1761,0.1021,0.0748,1.3652,0.1722,0.9995
Rhbdd3,Rhbdd3,530.0203,0.0312,0.1234,0.2524,0.8008,0.9995
Rhbdf1,Rhbdf1,3104.0299,0.0032,0.0792,0.041,0.9673,0.9995
Rhbdf2,Rhbdf2,1366.0782,0.1097,0.201,0.5457,0.5852,0.9995
Rhbdl1,Rhbdl1,36.2542,-0.0987,0.285,-0.3461,0.7293,0.9995
Rhbdl2,Rhbdl2,110.4073,0.476,0.2626,1.8125,0.0699,0.9995
Rhbdl3,Rhbdl3,16.4518,-0.2737,0.3436,-0.7966,0.4257,0.9995
Rhd,Rhd,14.6275,0.3883,0.3631,1.0694,0.2849,0.9995
Rheb,Rheb,4581.6818,0.0803,0.0942,0.8531,0.3936,0.9995
Rhebl1,Rhebl1,269.1935,0.1744,0.2437,0.7159,0.4741,0.9995
Rhno1,Rhno1,1077.1002,0.0888,0.0904,0.9821,0.326,0.9995
Rho,Rho,6.8622,-0.6316,0.6264,-1.0083,0.3133,0.9995
Rhoa,Rhoa,25059.0655,0.0629,0.0773,0.8137,0.4158,0.9995
Rhob,Rhob,16969.3423,-0.104,0.0986,-1.0556,0.2912,0.9995
Rhobtb1,Rhobtb1,1561.9663,0.0507,0.0829,0.6117,0.5407,0.9995
Rhobtb2,Rhobtb2,2455.9472,-0.0707,0.1074,-0.6583,0.5103,0.9995
Rhobtb3,Rhobtb3,1973.1256,0.0027,0.1876,0.0144,0.9885,0.9995
Rhoc,Rhoc,9377.7611,0.084,0.1595,0.5267,0.5984,0.9995
Rhod,Rhod,1254.3299,0.2047,0.1148,1.7827,0.0746,0.9995
Rhof,Rhof,61.5237,-0.0331,0.2466,-0.1342,0.8932,0.9995
Rhog,Rhog,1730.3594,0.0744,0.0843,0.8823,0.3776,0.9995
Rhoh,Rhoh,10.3952,-0.1339,0.4516,-0.2964,0.7669,0.9995
Rhoj,Rhoj,1381.0597,-0.0665,0.1926,-0.3453,0.7299,0.9995
Rhoq,Rhoq,7651.631,-0.086,0.1256,-0.6848,0.4935,0.9995
Rhot1,Rhot1,3176.7434,-0.0706,0.0791,-0.8931,0.3718,0.9995
Rhot2,Rhot2,1630.3868,0.0869,0.0643,1.3522,0.1763,0.9995
Rhou,Rhou,1526.0072,-0.2535,0.1423,-1.781,0.0749,0.9995
Rhov,Rhov,46.7768,0.2183,0.4589,0.4758,0.6342,0.9995
Rhox10,Rhox10,7.4391,0.4794,0.5692,0.8422,0.3997,0.9995
Rhox5,Rhox5,2.3935,0.3715,0.9286,0.4,0.6891,0.9995
Rhpn1,Rhpn1,16.6816,0.3794,0.4032,0.941,0.3467,0.9995
Rhpn2,Rhpn2,88.6268,-0.0956,0.1744,-0.5484,0.5834,0.9995
Ribc1,Ribc1,44.5984,-0.3846,0.2495,-1.5415,0.1232,0.9995
Ric1,Ric1,1364.9358,-0.0699,0.098,-0.7134,0.4756,0.9995
Ric3,Ric3,0.4548,-0.475,2.5081,-0.1894,0.8498,0.9995
Ric8,Ric8,3169.4397,0.0603,0.0597,1.0098,0.3126,0.9995
Ric8b,Ric8b,1527.995,-0.101,0.0809,-1.2489,0.2117,0.9995
Rictor,Rictor,1430.7611,0.0215,0.15,0.1435,0.8859,0.9995
Rif1,Rif1,354.6679,-0.1794,0.1128,-1.5903,0.1118,0.9995
Riiad1,Riiad1,4.6873,-0.1917,0.6569,-0.2917,0.7705,0.9995
Rilp,Rilp,98.8691,0.0241,0.161,0.1499,0.8808,0.9995
Rilpl1,Rilpl1,1692.0766,0.1016,0.0717,1.4181,0.1561,0.9995
Rilpl2,Rilpl2,770.1002,0.1188,0.0954,1.246,0.2128,0.9995
Rimbp3,Rimbp3,1.3729,0.5556,1.7412,0.3191,0.7497,0.9995
Rimklb,Rimklb,2.1718,0.1737,0.9488,0.1831,0.8547,0.9995
Rims2,Rims2,4.3325,-0.0645,0.8711,-0.074,0.941,0.9995
Rims3,Rims3,1.2599,-0.7224,1.8245,-0.3959,0.6922,0.9995
Rin1,Rin1,2833.9089,0.0619,0.0768,0.8059,0.4203,0.9995
Rin2,Rin2,4510.1534,-0.1197,0.0991,-1.2072,0.2274,0.9995
Rin3,Rin3,1503.9979,-0.0733,0.2502,-0.2928,0.7697,0.9995
Ring1,Ring1,1136.7371,-0.0183,0.0766,-0.2391,0.811,0.9995
Rinl,Rinl,7.4286,-0.645,0.6624,-0.9737,0.3302,0.9995
Rint1,Rint1,1088.7039,-0.0598,0.0966,-0.6185,0.5363,0.9995
Riok1,Riok1,1095.7944,-0.0827,0.0914,-0.9046,0.3657,0.9995
Riok2,Riok2,2065.4167,0.0063,0.0758,0.0838,0.9333,0.9995
Riok3,Riok3,7818.0114,0.0548,0.0972,0.5635,0.5731,0.9995
Ripk1,Ripk1,2393.0537,-0.0622,0.161,-0.3866,0.699,0.9995
Ripk2,Ripk2,1308.2058,0.0497,0.1581,0.3142,0.7533,0.9995
Ripk3,Ripk3,371.9772,0.1232,0.1297,0.95,0.3421,0.9995
Ripk4,Ripk4,1.032,0.42,1.5637,0.2686,0.7882,0.9995
Ripply1,Ripply1,25.3436,0.2352,0.3456,0.6807,0.4961,0.9995
Ripply3,Ripply3,26.6201,-0.0547,0.2974,-0.184,0.854,0.9995
Rit1,Rit1,2093.6988,0.106,0.092,1.1513,0.2496,0.9995
Rita1,Rita1,372.6664,0.1433,0.1827,0.7848,0.4326,0.9995
Rlbp1,Rlbp1,2.7449,0.214,0.9684,0.221,0.8251,0.9995
Rlf,Rlf,1914.7864,-0.0447,0.1477,-0.3028,0.7621,0.9995
Rlim,Rlim,2985.8088,0.0784,0.2043,0.3836,0.7013,0.9995
Rln1,Rln1,0.9142,0.8462,1.4867,0.5691,0.5693,0.9995
Rln3,Rln3,1.0247,-1.3102,1.6451,-0.7964,0.4258,0.9995
Rltpr,Rltpr,17.8302,-0.5104,0.3808,-1.3404,0.1801,0.9995
Rmdn1,Rmdn1,384.3082,-0.0183,0.1116,-0.1639,0.8698,0.9995
Rmdn2,Rmdn2,329.4367,0.0406,0.1072,0.379,0.7047,0.9995
Rmdn3,Rmdn3,1714.478,0.0061,0.0811,0.0758,0.9396,0.9995
Rmi1,Rmi1,490.1008,-0.0283,0.1557,-0.182,0.8556,0.9995
Rmi2,Rmi2,24.9152,-0.0732,0.5006,-0.1462,0.8838,0.9995
Rmnd1,Rmnd1,0.458,1.4163,2.488,0.5692,0.5692,0.9995
Rmnd5a,Rmnd5a,2728.1992,-0.0281,0.1151,-0.2437,0.8075,0.9995
Rmnd5b,Rmnd5b,1436.529,-0.0022,0.0802,-0.0271,0.9784,0.9995
Rmrp,Rmrp,1.3701,-0.5676,1.3246,-0.4285,0.6683,0.9995
Rn45s,Rn45s,20695.5772,0.1308,0.099,1.3213,0.1864,0.9995
Rnase1,Rnase1,5.7357,-0.6486,1.0608,-0.6114,0.5409,0.9995
Rnase10,Rnase10,41.6948,0.263,0.2424,1.0851,0.2779,0.9995
Rnase2a,Rnase2a,6.9768,-0.5364,0.7793,-0.6883,0.4913,0.9995
Rnase2b,Rnase2b,0.4591,-2.2002,2.4285,-0.906,0.365,0.9995
Rnase4,Rnase4,6240.7716,0.0442,0.2126,0.2081,0.8352,0.9995
Rnase6,Rnase6,2.6251,0.0751,0.8386,0.0895,0.9287,0.9995
Rnaseh1,Rnaseh1,621.9121,0.0843,0.1379,0.6115,0.5409,0.9995
Rnaseh2a,Rnaseh2a,1624.9067,0.0334,0.1194,0.28,0.7795,0.9995
Rnaseh2b,Rnaseh2b,520.756,-0.0058,0.125,-0.0465,0.9629,0.9995
Rnaseh2c,Rnaseh2c,560.3308,0.0239,0.1051,0.2278,0.8198,0.9995
Rnasek,Rnasek,2976.6655,0.0734,0.1192,0.6155,0.5382,0.9995
Rnasel,Rnasel,98.1641,-0.3962,0.2161,-1.8338,0.0667,0.9995
Rnaset2b,Rnaset2b,105.5241,0.5252,0.3327,1.5787,0.1144,0.9995
Rnd1,Rnd1,237.8523,0.1635,0.273,0.5991,0.5491,0.9995
Rnd2,Rnd2,305.5063,0.1065,0.1199,0.8887,0.3742,0.9995
Rnd3,Rnd3,4545.3236,-0.1455,0.1205,-1.2079,0.2271,0.9995
Rnf10,Rnf10,10488.0076,0.0532,0.0607,0.8763,0.3809,0.9995
Rnf103,Rnf103,1487.2295,-0.0864,0.0934,-0.9247,0.3551,0.9995
Rnf11,Rnf11,15459.2025,0.0951,0.1591,0.5979,0.5499,0.9995
Rnf111,Rnf111,1609.0487,-0.0507,0.0697,-0.727,0.4673,0.9995
Rnf113a1,Rnf113a1,141.6563,0.2772,0.2957,0.9374,0.3485,0.9995
Rnf113a2,Rnf113a2,252.8569,0.0669,0.1048,0.6389,0.5229,0.9995
Rnf114,Rnf114,2040.2837,0.0442,0.1192,0.371,0.7106,0.9995
Rnf115,Rnf115,1849.8149,-0.0513,0.0711,-0.7214,0.4706,0.9995
Rnf121,Rnf121,1165.3221,0.0426,0.0934,0.4558,0.6485,0.9995
Rnf122,Rnf122,786.9235,0.0191,0.1526,0.1253,0.9003,0.9995
Rnf123,Rnf123,1769.7834,-0.0515,0.1038,-0.4959,0.62,0.9995
Rnf125,Rnf125,23.9817,-0.1591,0.3623,-0.4391,0.6606,0.9995
Rnf126,Rnf126,2431.2258,0.0077,0.0756,0.1021,0.9187,0.9995
Rnf128,Rnf128,649.4604,-0.0726,0.2126,-0.3417,0.7326,0.9995
Rnf13,Rnf13,4052.3693,-0.1346,0.1689,-0.7971,0.4254,0.9995
Rnf130,Rnf130,2.8597,0.0802,0.8521,0.0941,0.925,0.9995
Rnf135,Rnf135,445.4871,0.0146,0.0926,0.1573,0.875,0.9995
Rnf138,Rnf138,729.4265,-0.0639,0.1335,-0.4784,0.6324,0.9995
Rnf138rt1,Rnf138rt1,0.5735,-0.3645,1.8102,-0.2014,0.8404,0.9995
Rnf139,Rnf139,2945.2166,-0.0491,0.1104,-0.445,0.6563,0.9995
Rnf14,Rnf14,3908.4862,0.1051,0.0761,1.382,0.167,0.9995
Rnf141,Rnf141,408.9614,-0.1259,0.1172,-1.0742,0.2827,0.9995
Rnf144b,Rnf144b,112.7215,-0.1469,0.2084,-0.7047,0.481,0.9995
Rnf145,Rnf145,6436.6788,-0.0819,0.1034,-0.7914,0.4287,0.9995
Rnf146,Rnf146,1535.9059,-0.0489,0.0851,-0.574,0.566,0.9995
Rnf149,Rnf149,3486.8686,0.0532,0.1994,0.2666,0.7897,0.9995
Rnf150,Rnf150,7525.5086,-0.2224,0.1411,-1.5763,0.115,0.9995
Rnf151,Rnf151,12.3484,0.3166,0.4252,0.7446,0.4565,0.9995
Rnf152,Rnf152,21.9315,-0.1601,0.4563,-0.3509,0.7256,0.9995
Rnf157,Rnf157,1254.5807,-0.0494,0.1373,-0.3599,0.7189,0.9995
Rnf165,Rnf165,46.3726,-0.0875,0.2307,-0.3793,0.7045,0.9995
Rnf166,Rnf166,1224.9634,0.1379,0.1177,1.1719,0.2412,0.9995
Rnf167,Rnf167,1006.7061,0.0748,0.106,0.706,0.4802,0.9995
Rnf168,Rnf168,1116.9414,-0.0465,0.1084,-0.4292,0.6678,0.9995
Rnf169,Rnf169,874.2979,0.0755,0.1052,0.7174,0.4731,0.9995
Rnf170,Rnf170,877.1724,-0.0346,0.1931,-0.1793,0.8577,0.9995
Rnf181,Rnf181,5039.286,0.0632,0.0554,1.1426,0.2532,0.9995
Rnf182,Rnf182,1.2537,0.792,1.3309,0.595,0.5518,0.9995
Rnf183,Rnf183,3.6467,-0.1216,0.8379,-0.1451,0.8846,0.9995
Rnf185,Rnf185,2693.7685,0.0163,0.0883,0.1848,0.8534,0.9995
Rnf187,Rnf187,6456.033,0.0281,0.0569,0.4944,0.621,0.9995
Rnf19a,Rnf19a,2936.0989,-0.112,0.0961,-1.1657,0.2437,0.9995
Rnf19b,Rnf19b,4233.6743,-0.0565,0.0754,-0.7498,0.4534,0.9995
Rnf2,Rnf2,2453.8793,-0.07,0.1191,-0.5878,0.5567,0.9995
Rnf20,Rnf20,3210.1982,-0.0643,0.104,-0.6186,0.5362,0.9995
Rnf207,Rnf207,17.7493,-0.4628,0.4983,-0.9288,0.353,0.9995
Rnf208,Rnf208,8.1313,-0.4539,0.5483,-0.8278,0.4078,0.9995
Rnf214,Rnf214,1689.2555,-0.0584,0.0913,-0.6401,0.5221,0.9995
Rnf215,Rnf215,834.5049,0.0262,0.0869,0.3015,0.763,0.9995
Rnf216,Rnf216,2509.2438,-0.1349,0.0624,-2.1632,0.0305,0.9995
Rnf217,Rnf217,2301.517,-0.1576,0.1319,-1.1947,0.2322,0.9995
Rnf219,Rnf219,522.9501,-0.065,0.1218,-0.5337,0.5936,0.9995
Rnf220,Rnf220,2607.9385,0.026,0.1252,0.2077,0.8354,0.9995
Rnf223,Rnf223,11.8695,0.2529,0.4424,0.5716,0.5676,0.9995
Rnf225,Rnf225,86.8796,-0.0839,0.2111,-0.3975,0.691,0.9995
Rnf24,Rnf24,1021.1054,-0.1312,0.0713,-1.8417,0.0655,0.9995
Rnf25,Rnf25,1130.0079,-0.0344,0.0607,-0.5673,0.5705,0.9995
Rnf26,Rnf26,1468.1494,0.1231,0.0853,1.4443,0.1486,0.9995
Rnf31,Rnf31,884.4378,-0.0265,0.099,-0.2673,0.7892,0.9995
Rnf32,Rnf32,41.0383,-0.232,0.22,-1.0547,0.2915,0.9995
Rnf34,Rnf34,1428.4232,0.0212,0.0638,0.3316,0.7402,0.9995
Rnf38,Rnf38,2058.2786,-0.0556,0.1038,-0.5357,0.5922,0.9995
Rnf39,Rnf39,3.1996,-0.2435,0.7816,-0.3115,0.7554,0.9995
Rnf4,Rnf4,6774.4875,0.052,0.0571,0.9107,0.3624,0.9995
Rnf40,Rnf40,2671.7983,0.0093,0.0562,0.1649,0.869,0.9995
Rnf41,Rnf41,1855.0326,0.092,0.0964,0.9549,0.3396,0.9995
Rnf43,Rnf43,0.9095,1.4082,1.7607,0.7998,0.4239,0.9995
Rnf44,Rnf44,3703.5733,-0.0199,0.0551,-0.361,0.7181,0.9995
Rnf5,Rnf5,1064.6205,-0.0056,0.08,-0.0697,0.9445,0.9995
Rnf6,Rnf6,2705.6299,-0.0189,0.1536,-0.1231,0.902,0.9995
Rnf7,Rnf7,3649.9562,0.0848,0.0648,1.309,0.1905,0.9995
Rnf8,Rnf8,121.8377,-0.0472,0.1949,-0.2422,0.8086,0.9995
Rnf8-cmtr1,Rnf8-cmtr1,8.0931,0.2492,0.6243,0.3991,0.6898,0.9995
Rnft1,Rnft1,2178.5434,-0.0608,0.1245,-0.4886,0.6251,0.9995
Rnft2,Rnft2,89.9029,0.0416,0.3025,0.1376,0.8906,0.9995
Rngtt,Rngtt,915.986,-0.035,0.1372,-0.2547,0.7989,0.9995
Rnh1,Rnh1,8546.9251,0.092,0.1167,0.7888,0.4302,0.9995
Rnls,Rnls,124.6905,0.1064,0.1324,0.8041,0.4214,0.9995
Rnmt,Rnmt,1937.3566,0.0589,0.0812,0.7255,0.4682,0.9995
Rnmtl1,Rnmtl1,440.5837,0.1062,0.0917,1.1584,0.2467,0.9995
Rnpc3,Rnpc3,309.1488,0.026,0.1326,0.1965,0.8442,0.9995
Rnpep,Rnpep,1218.9161,-0.0805,0.1194,-0.6738,0.5005,0.9995
Rnpepl1,Rnpepl1,2080.3854,0.0054,0.0731,0.0736,0.9413,0.9995
Rnps1,Rnps1,2216.6691,0.0248,0.076,0.3269,0.7438,0.9995
Rnu73b,Rnu73b,2.6214,0.4736,0.9311,0.5086,0.611,0.9995
Robo1,Robo1,1485.3126,-0.2548,0.1991,-1.2796,0.2007,0.9995
Robo2,Robo2,156.0242,-0.3354,0.2278,-1.4727,0.1408,0.9995
Robo3,Robo3,2.9734,-0.1913,1.0453,-0.183,0.8548,0.9995
Rock1,Rock1,796.2685,-0.2377,0.1098,-2.1647,0.0304,0.9995
Rock2,Rock2,3050.786,-0.1255,0.0961,-1.3066,0.1913,0.9995
Rogdi,Rogdi,585.6367,0.1682,0.0787,2.1367,0.0326,0.9995
Rom1,Rom1,65.9435,0.0791,0.1941,0.4075,0.6837,0.9995
Romo1,Romo1,746.3247,0.1814,0.0906,2.0021,0.0453,0.9995
Ropn1l,Ropn1l,156.7904,-0.0842,0.2022,-0.4164,0.6771,0.9995
Ror1,Ror1,204.7923,-0.1169,0.3203,-0.3648,0.7152,0.9995
Ror2,Ror2,243.8834,-0.0025,0.1121,-0.0222,0.9823,0.9995
Rora,Rora,231.2593,0.0329,0.3276,0.1005,0.92,0.9995
Rorb,Rorb,30.7783,-0.4849,0.3341,-1.4513,0.1467,0.9995
Rorc,Rorc,262.8064,-0.1652,0.1489,-1.1096,0.2672,0.9995
Rp2h,Rp2h,739.9124,0.0294,0.142,0.2067,0.8362,0.9995
Rp9,Rp9,866.0854,0.0207,0.079,0.2623,0.7931,0.9995
Rpa1,Rpa1,4222.3504,0.0214,0.1401,0.1528,0.8786,0.9995
Rpa2,Rpa2,951.5291,-0.0055,0.1879,-0.0291,0.9767,0.9995
Rpa3,Rpa3,741.8214,-0.0041,0.1084,-0.038,0.9697,0.9995
Rpain,Rpain,352.755,0.1156,0.1393,0.8293,0.4069,0.9995
Rpap1,Rpap1,1146.8776,0.0404,0.0816,0.4952,0.6205,0.9995
Rpap2,Rpap2,862.0577,0.0177,0.1012,0.175,0.8611,0.9995
Rpap3,Rpap3,1208.126,-0.063,0.0605,-1.0416,0.2976,0.9995
Rpe,Rpe,1094.6981,0.0532,0.1013,0.5254,0.5993,0.9995
Rpf1,Rpf1,1005.1252,0.0557,0.0843,0.6612,0.5085,0.9995
Rpf2,Rpf2,1216.1351,0.0104,0.1031,0.1013,0.9193,0.9995
Rpgr,Rpgr,265.1323,-0.0009,0.1508,-0.0061,0.9952,0.9995
Rpgrip1,Rpgrip1,3.0907,0.5906,0.8468,0.6975,0.4855,0.9995
Rpgrip1l,Rpgrip1l,872.352,-0.0255,0.177,-0.1438,0.8856,0.9995
Rph3al,Rph3al,11.8914,0.4213,0.4586,0.9185,0.3583,0.9995
Rpia,Rpia,637.2184,0.1177,0.0848,1.3885,0.165,0.9995
Rpl10,Rpl10,51327.5364,0.0596,0.1263,0.4717,0.6371,0.9995
Rpl10a,Rpl10a,19921.2047,0.1367,0.1055,1.2964,0.1948,0.9995
Rpl11,Rpl11,17502.7136,0.1322,0.0811,1.6313,0.1028,0.9995
Rpl12,Rpl12,36669.0078,0.059,0.1272,0.4641,0.6426,0.9995
Rpl13,Rpl13,28339.9661,0.0977,0.1282,0.7619,0.4461,0.9995
Rpl13a,Rpl13a,21582.9761,0.219,0.1817,1.2054,0.2281,0.9995
Rpl14,Rpl14,23100.3016,0.173,0.1084,1.5962,0.1105,0.9995
Rpl14-ps1,Rpl14-ps1,58.1734,0.2302,0.2391,0.9626,0.3358,0.9995
Rpl15,Rpl15,16592.4996,0.1711,0.1374,1.245,0.2131,0.9995
Rpl17,Rpl17,29374.0899,0.0915,0.1284,0.7122,0.4763,0.9995
Rpl18,Rpl18,16558.9194,0.1203,0.1141,1.0544,0.2917,0.9995
Rpl18a,Rpl18a,32969.4477,0.1182,0.1448,0.8161,0.4145,0.9995
Rpl19,Rpl19,29091.1632,0.1193,0.1189,1.0038,0.3155,0.9995
Rpl21,Rpl21,17063.2696,0.0102,0.1199,0.0847,0.9325,0.9995
Rpl22,Rpl22,13951.1091,0.0961,0.1112,0.8641,0.3876,0.9995
Rpl22l1,Rpl22l1,4475.6778,-0.0117,0.1525,-0.0768,0.9388,0.9995
Rpl23,Rpl23,35439.5981,0.1217,0.1225,0.9942,0.3201,0.9995
Rpl23a,Rpl23a,36008.2713,0.1237,0.1246,0.9925,0.3209,0.9995
Rpl24,Rpl24,19838.2257,0.1373,0.1092,1.2574,0.2086,0.9995
Rpl27,Rpl27,13021.0804,0.1453,0.093,1.5624,0.1182,0.9995
Rpl27a,Rpl27a,23688.3166,0.1449,0.1331,1.0883,0.2765,0.9995
Rpl28,Rpl28,18443.3729,0.096,0.092,1.0436,0.2967,0.9995
Rpl29,Rpl29,1245.3578,-0.0828,0.2588,-0.32,0.7489,0.9995
Rpl3,Rpl3,35442.5469,-0.0336,0.1038,-0.3242,0.7458,0.9995
Rpl30,Rpl30,14.8416,0.2723,0.4053,0.6719,0.5016,0.9995
Rpl31,Rpl31,24401.1664,0.1305,0.1446,0.9029,0.3666,0.9995
Rpl31-ps12,Rpl31-ps12,4.5696,0.3167,0.7101,0.446,0.6556,0.9995
Rpl32,Rpl32,19182.6002,0.1655,0.1508,1.0979,0.2722,0.9995
Rpl34,Rpl34,70.1609,0.3681,0.3045,1.2088,0.2267,0.9995
Rpl35,Rpl35,18163.2255,0.1813,0.1204,1.5055,0.1322,0.9995
Rpl35a,Rpl35a,12738.4347,0.155,0.117,1.3239,0.1855,0.9995
Rpl36,Rpl36,7569.658,0.1623,0.1341,1.2106,0.226,0.9995
Rpl36a,Rpl36a,10283.7564,0.1706,0.1338,1.2752,0.2022,0.9995
Rpl36al,Rpl36al,3651.3735,0.1889,0.1612,1.172,0.2412,0.9995
Rpl37,Rpl37,18530.27,0.1609,0.1149,1.4008,0.1613,0.9995
Rpl37a,Rpl37a,17577.7853,0.1126,0.1083,1.0392,0.2987,0.9995
Rpl37rt,Rpl37rt,260.5323,0.4579,0.2584,1.7719,0.0764,0.9995
Rpl38,Rpl38,3528.4773,0.1092,0.1341,0.814,0.4156,0.9995
Rpl39,Rpl39,9872.2423,0.1587,0.1252,1.2674,0.205,0.9995
Rpl3l,Rpl3l,3.4404,-0.2785,0.8474,-0.3287,0.7424,0.9995
Rpl4,Rpl4,53551.5175,0.0341,0.0925,0.3689,0.7122,0.9995
Rpl41,Rpl41,30404.352,0.1003,0.0897,1.1182,0.2635,0.9995
Rpl5,Rpl5,30531.7987,0.1546,0.141,1.0965,0.2729,0.9995
Rpl6,Rpl6,34094.6062,0.1694,0.1283,1.3206,0.1867,0.9995
Rpl7,Rpl7,49077.2296,0.0946,0.0883,1.0715,0.284,0.9995
Rpl7a,Rpl7a,30103.1918,0.0423,0.0808,0.5233,0.6008,0.9995
Rpl7l1,Rpl7l1,5805.7466,0.0584,0.0806,0.7244,0.4688,0.9995
Rpl8,Rpl8,36405.4942,0.1163,0.0935,1.2444,0.2133,0.9995
Rpl9,Rpl9,29003.6045,0.1076,0.1086,0.9903,0.322,0.9995
Rplp0,Rplp0,85873.8331,0.1137,0.1641,0.6927,0.4885,0.9995
Rplp1,Rplp1,26709.8328,0.1569,0.151,1.0397,0.2985,0.9995
Rplp2,Rplp2,12228.1294,0.1338,0.1423,0.9399,0.3473,0.9995
Rpn1,Rpn1,13552.4437,-0.0124,0.1013,-0.1227,0.9023,0.9995
Rpn2,Rpn2,14575.3072,-0.0098,0.0868,-0.1132,0.9099,0.9995
Rpp14,Rpp14,1423.6041,0.0905,0.0666,1.3574,0.1747,0.9995
Rpp21,Rpp21,334.0008,0.0601,0.1246,0.4828,0.6292,0.9995
Rpp25,Rpp25,55.4071,0.2213,0.2695,0.8212,0.4115,0.9995
Rpp25l,Rpp25l,662.5362,0.1358,0.0809,1.6793,0.0931,0.9995
Rpp30,Rpp30,796.719,-0.0446,0.1079,-0.4139,0.679,0.9995
Rpp38,Rpp38,291.8691,0.0398,0.1249,0.3188,0.7498,0.9995
Rpp40,Rpp40,343.9423,0.0969,0.1359,0.7132,0.4757,0.9995
Rpph1,Rpph1,1.7131,0.1898,1.0489,0.181,0.8564,0.9995
Rprd1a,Rprd1a,1036.6734,-0.0878,0.1376,-0.6378,0.5236,0.9995
Rprd1b,Rprd1b,1699.3198,0.0267,0.0539,0.4964,0.6196,0.9995
Rprd2,Rprd2,1994.2616,-0.0448,0.1046,-0.4283,0.6685,0.9995
Rprm,Rprm,1.2578,-0.149,1.3074,-0.114,0.9093,0.9995
Rps10,Rps10,20609.396,0.1447,0.1358,1.0659,0.2865,0.9995
Rps11,Rps11,18165.4875,0.1149,0.1182,0.9726,0.3308,0.9995
Rps12,Rps12,26683.1432,0.0813,0.1253,0.6489,0.5164,0.9995
Rps13,Rps13,10590.3894,0.1304,0.1194,1.0919,0.2749,0.9995
Rps14,Rps14,30469.9822,0.1399,0.1459,0.959,0.3375,0.9995
Rps15,Rps15,27473.2235,0.1012,0.1119,0.9047,0.3656,0.9995
Rps15a,Rps15a,15293.0888,0.1211,0.1004,1.2061,0.2278,0.9995
Rps15a-ps4,Rps15a-ps4,8.1181,-0.2874,0.5001,-0.5748,0.5655,0.9995
Rps15a-ps6,Rps15a-ps6,23.3207,-0.1784,0.381,-0.4683,0.6396,0.9995
Rps16,Rps16,15094.9164,0.2092,0.1429,1.4646,0.143,0.9995
Rps17,Rps17,15832.6527,0.0629,0.1004,0.6269,0.5308,0.9995
Rps18,Rps18,11281.395,-0.2502,0.3245,-0.771,0.4407,0.9995
Rps19,Rps19,14074.7305,0.1408,0.1589,0.8861,0.3755,0.9995
Rps19-ps3,Rps19-ps3,41.9273,0.1051,0.2792,0.3763,0.7067,0.9995
Rps19bp1,Rps19bp1,1064.4687,0.0832,0.0692,1.2024,0.2292,0.9995
Rps2,Rps2,9507.9572,-0.1334,0.2145,-0.622,0.534,0.9995
Rps20,Rps20,18500.9368,0.096,0.12,0.7999,0.4238,0.9995
Rps21,Rps21,11223.009,0.1696,0.1275,1.3302,0.1835,0.9995
Rps23,Rps23,23775.0898,0.1732,0.1579,1.0969,0.2727,0.9995
Rps24,Rps24,30192.2245,0.1434,0.1445,0.9925,0.3209,0.9995
Rps25,Rps25,17480.66,0.1488,0.1338,1.1126,0.2659,0.9995
Rps26,Rps26,14789.7919,0.0535,0.092,0.5811,0.5611,0.9995
Rps27,Rps27,48.7669,0.5321,0.4864,1.0939,0.274,0.9995
Rps27a,Rps27a,21852.84,0.0866,0.0903,0.9584,0.3379,0.9995
Rps27l,Rps27l,3827.6823,0.2037,0.1104,1.8451,0.065,0.9995
Rps28,Rps28,8115.0863,0.1319,0.1364,0.9666,0.3338,0.9995
Rps29,Rps29,6850.5856,0.1466,0.1207,1.2148,0.2244,0.9995
Rps3,Rps3,32157.4909,0.1101,0.134,0.8212,0.4115,0.9995
Rps3a1,Rps3a1,23008.4509,-0.1064,0.1709,-0.6229,0.5334,0.9995
Rps4x,Rps4x,53034.8329,0.0621,0.1122,0.5538,0.5797,0.9995
Rps5,Rps5,21950.7802,0.1005,0.1268,0.7928,0.4279,0.9995
Rps6,Rps6,34401.4936,0.171,0.1556,1.0987,0.2719,0.9995
Rps6ka1,Rps6ka1,211.2682,0.0019,0.1559,0.0121,0.9903,0.9995
Rps6ka2,Rps6ka2,1557.5709,-0.0612,0.0915,-0.6691,0.5034,0.9995
Rps6ka3,Rps6ka3,2308.8515,0.0357,0.157,0.2277,0.8199,0.9995
Rps6ka4,Rps6ka4,3148.4756,0.0621,0.1524,0.4074,0.6837,0.9995
Rps6ka5,Rps6ka5,206.1618,0.0588,0.1091,0.539,0.5899,0.9995
Rps6kb1,Rps6kb1,1661.5514,0.0887,0.1515,0.5857,0.5581,0.9995
Rps6kb2,Rps6kb2,949.7887,0.0151,0.0951,0.1589,0.8738,0.9995
Rps6kc1,Rps6kc1,1568.8566,-0.0086,0.083,-0.1033,0.9177,0.9995
Rps6kl1,Rps6kl1,10.9593,0.2834,0.4558,0.6218,0.5341,0.9995
Rps7,Rps7,27594.702,0.1281,0.1285,0.9974,0.3185,0.9995
Rps8,Rps8,31467.5909,0.1631,0.1293,1.2617,0.2071,0.9995
Rps9,Rps9,25887.3401,0.1475,0.1212,1.2174,0.2235,0.9995
Rpsa,Rpsa,57501.89,0.1256,0.1288,0.9753,0.3294,0.9995
Rptor,Rptor,3620.8566,0.0238,0.0604,0.3941,0.6935,0.9995
Rptoros,Rptoros,3.0761,-0.2645,1.0147,-0.2607,0.7943,0.9995
Rpusd1,Rpusd1,590.343,-0.0101,0.0698,-0.1452,0.8846,0.9995
Rpusd2,Rpusd2,274.8939,0.0771,0.1208,0.6381,0.5234,0.9995
Rpusd3,Rpusd3,173.0893,0.16,0.1757,0.9108,0.3624,0.9995
Rpusd4,Rpusd4,494.3656,0.1457,0.1117,1.3043,0.1921,0.9995
Rqcd1,Rqcd1,2482.6117,0.0732,0.0806,0.9084,0.3637,0.9995
Rrad,Rrad,796.4355,0.0476,0.4153,0.1146,0.9088,0.9995
Rraga,Rraga,3023.1937,0.0562,0.0631,0.8918,0.3725,0.9995
Rragc,Rragc,5952.755,0.0091,0.1307,0.0699,0.9443,0.9995
Rragd,Rragd,603.3691,-0.1268,0.1383,-0.9167,0.3593,0.9995
Rras,Rras,2105.2848,0.0073,0.1013,0.0717,0.9428,0.9995
Rras2,Rras2,4599.8339,-0.1011,0.1012,-0.9988,0.3179,0.9995
Rrbp1,Rrbp1,13048.7188,-0.1485,0.117,-1.2686,0.2046,0.9995
Rreb1,Rreb1,2095.1053,-0.1472,0.121,-1.2167,0.2237,0.9995
Rrm1,Rrm1,6243.2165,-0.0161,0.221,-0.0729,0.9419,0.9995
Rrm2,Rrm2,5930.6713,-0.0588,0.2934,-0.2003,0.8413,0.9995
Rrm2b,Rrm2b,804.7613,-0.0353,0.1571,-0.225,0.822,0.9995
Rrn3,Rrn3,4179.4842,0.0836,0.0784,1.0672,0.2859,0.9995
Rrnad1,Rrnad1,559.4614,0.0823,0.107,0.7691,0.4419,0.9995
Rrp1,Rrp1,6465.8366,0.032,0.0467,0.6866,0.4923,0.9995
Rrp12,Rrp12,1528.7407,0.1373,0.107,1.2829,0.1995,0.9995
Rrp15,Rrp15,987.0897,0.2297,0.1662,1.3823,0.1669,0.9995
Rrp1b,Rrp1b,1450.6395,0.0887,0.0832,1.0655,0.2867,0.9995
Rrp36,Rrp36,1099.4945,0.0282,0.0782,0.3605,0.7185,0.9995
Rrp7a,Rrp7a,2926.4787,0.1226,0.1199,1.0225,0.3066,0.9995
Rrp8,Rrp8,1532.6341,0.0816,0.0789,1.0342,0.301,0.9995
Rrp9,Rrp9,840.9592,0.1619,0.1263,1.2822,0.1998,0.9995
Rrs1,Rrs1,1816.3834,0.135,0.0963,1.402,0.1609,0.9995
Rs1,Rs1,0.4594,-2.2007,2.4285,-0.9062,0.3648,0.9995
Rsad1,Rsad1,508.7069,0.1056,0.1369,0.7712,0.4406,0.9995
Rsad2,Rsad2,15.888,-0.4377,0.4384,-0.9984,0.3181,0.9995
Rsbn1,Rsbn1,433.2693,0.1098,0.1255,0.875,0.3816,0.9995
Rsbn1l,Rsbn1l,500.0909,0.0873,0.1379,0.6334,0.5265,0.9995
Rsc1a1,Rsc1a1,0.4544,1.0267,2.5451,0.4034,0.6866,0.9995
Rsf1,Rsf1,680.3739,-0.036,0.1353,-0.2664,0.7899,0.9995
Rsg1,Rsg1,17.3768,0.0123,0.4377,0.0281,0.9776,0.9995
Rsl1,Rsl1,73.7143,-0.2348,0.2221,-1.0574,0.2903,0.9995
Rsl1d1,Rsl1d1,5389.4128,0.0375,0.0981,0.3823,0.7023,0.9995
Rsl24d1,Rsl24d1,2075.779,0.1117,0.0789,1.4153,0.157,0.9995
Rslcan18,Rslcan18,38.0373,0.3632,0.3083,1.1781,0.2387,0.9995
Rsph1,Rsph1,23.0698,0.023,0.3021,0.0761,0.9394,0.9995
Rsph3a,Rsph3a,497.877,0.1278,0.1799,0.7102,0.4775,0.9995
Rsph3b,Rsph3b,156.8432,-0.2173,0.2011,-1.0805,0.2799,0.9995
Rsph4a,Rsph4a,0.9122,-0.1654,1.4281,-0.1158,0.9078,0.9995
Rsph9,Rsph9,254.3431,-0.0623,0.1957,-0.3186,0.75,0.9995
Rspo1,Rspo1,6.3889,0.6112,0.7791,0.7845,0.4327,0.9995
Rspo2,Rspo2,27.2275,-0.3955,0.4802,-0.8237,0.4101,0.9995
Rspo3,Rspo3,6.9647,0.1677,0.6127,0.2737,0.7843,0.9995
Rspo4,Rspo4,2.0633,-2.1618,1.222,-1.7691,0.0769,0.9995
Rspry1,Rspry1,2306.8584,-0.0641,0.0941,-0.681,0.4958,0.9995
Rsrc1,Rsrc1,2101.0762,-0.0827,0.0968,-0.8552,0.3925,0.9995
Rsrc2,Rsrc2,1643.1675,0.1216,0.1787,0.6803,0.4963,0.9995
Rsrp1,Rsrp1,5426.5173,0.2161,0.1888,1.1443,0.2525,0.9995
Rsu1,Rsu1,4301.8305,-0.0625,0.0947,-0.6598,0.5094,0.9995
Rtbdn,Rtbdn,2.5138,0.7317,1.0252,0.7137,0.4754,0.9995
Rtca,Rtca,1969.6601,0.0786,0.0798,0.9856,0.3243,0.9995
Rtcb,Rtcb,7242.3786,0.047,0.0627,0.7495,0.4535,0.9995
Rtel1,Rtel1,777.1349,-0.0173,0.1585,-0.1094,0.9129,0.9995
Rtf1,Rtf1,1758.825,-0.0278,0.1335,-0.2079,0.8353,0.9995
Rtfdc1,Rtfdc1,3409.3745,0.0063,0.0821,0.0768,0.9388,0.9995
Rtkn,Rtkn,1755.814,0.0672,0.0966,0.6955,0.4867,0.9995
Rtkn2,Rtkn2,441.379,0.0088,0.1924,0.046,0.9633,0.9995
Rtn2,Rtn2,3722.2009,0.0343,0.1541,0.2225,0.8239,0.9995
Rtn3,Rtn3,8095.1595,-0.0638,0.0513,-1.2419,0.2143,0.9995
Rtn4,Rtn4,24969.2526,-0.0626,0.1536,-0.4076,0.6836,0.9995
Rtn4ip1,Rtn4ip1,548.5809,0.0298,0.0945,0.3147,0.753,0.9995
Rtn4r,Rtn4r,49.0562,0.0685,0.4815,0.1422,0.8869,0.9995
Rtn4rl1,Rtn4rl1,8.9241,-0.0646,0.5169,-0.125,0.9006,0.9995
Rtn4rl2,Rtn4rl2,60.3986,0.0438,0.4957,0.0883,0.9296,0.9995
Rtp4,Rtp4,215.4882,-0.0939,0.175,-0.5367,0.5915,0.9995
Rttn,Rttn,359.9142,-0.0844,0.1708,-0.4938,0.6214,0.9995
Rufy1,Rufy1,1294.7646,0.0376,0.064,0.5871,0.5571,0.9995
Rufy2,Rufy2,929.9888,-0.1113,0.1237,-0.9002,0.368,0.9995
Rufy3,Rufy3,750.0308,0.1329,0.0973,1.3658,0.172,0.9995
Rufy4,Rufy4,2.1719,0.8166,0.9381,0.8705,0.384,0.9995
Rundc1,Rundc1,1079.6011,0.0599,0.0601,0.9962,0.3192,0.9995
Rundc3a,Rundc3a,214.4995,-0.0182,0.1478,-0.1233,0.9019,0.9995
Runx1,Runx1,7956.0779,-0.1776,0.195,-0.9106,0.3625,0.9995
Runx1t1,Runx1t1,11.9045,-0.6239,0.6599,-0.9455,0.3444,0.9995
Runx2,Runx2,1942.6485,-0.0782,0.11,-0.7109,0.4771,0.9995
Runx3,Runx3,1291.4566,-0.0739,0.0878,-0.8419,0.3998,0.9995
Rusc1,Rusc1,1034.5049,0.0053,0.0934,0.0565,0.9549,0.9995
Rusc2,Rusc2,2651.2136,0.0245,0.247,0.0994,0.9208,0.9995
Ruvbl1,Ruvbl1,1932.7834,0.0857,0.0725,1.1832,0.2367,0.9995
Ruvbl2,Ruvbl2,1819.7033,0.0363,0.0943,0.3847,0.7005,0.9995
Rwdd1,Rwdd1,1905.78,0.0682,0.0852,0.7996,0.4239,0.9995
Rwdd2a,Rwdd2a,48.9375,0.0017,0.2251,0.0078,0.9938,0.9995
Rwdd2b,Rwdd2b,256.8745,0.0899,0.1059,0.8486,0.3961,0.9995
Rwdd3,Rwdd3,234.2988,0.0188,0.1238,0.1516,0.8795,0.9995
Rwdd4a,Rwdd4a,1401.7231,0.0417,0.1125,0.3704,0.7111,0.9995
Rxfp3,Rxfp3,12.9226,0.4893,0.5479,0.893,0.3719,0.9995
Rxfp4,Rxfp4,0.7973,1.1218,2.0555,0.5458,0.5852,0.9995
Rxra,Rxra,4461.4066,-0.0377,0.0733,-0.5143,0.607,0.9995
Rxrb,Rxrb,1714.1454,0.062,0.08,0.7748,0.4384,0.9995
Rxrg,Rxrg,1.0261,-0.2386,1.9217,-0.1241,0.9012,0.9995
Rybp,Rybp,547.3383,-0.1257,0.1925,-0.6531,0.5137,0.9995
Ryk,Ryk,7537.3181,-0.0569,0.0677,-0.8401,0.4009,0.9995
Ryr1,Ryr1,4426.8491,-0.0757,0.2523,-0.3002,0.764,0.9995
Ryr2,Ryr2,0.912,-1.3607,1.9292,-0.7053,0.4806,0.9995
Ryr3,Ryr3,636.8368,-0.0276,0.3991,-0.0691,0.9449,0.9995
S100a1,S100a1,1262.5914,0.1665,0.1098,1.5167,0.1293,0.9995
S100a10,S100a10,10595.1919,-0.0009,0.1468,-0.0058,0.9954,0.9995
S100a11,S100a11,15558.2052,0.0638,0.0743,0.8579,0.391,0.9995
S100a13,S100a13,1227.8296,0.1598,0.0877,1.8214,0.0685,0.9995
S100a14,S100a14,11.3153,-0.4515,0.4426,-1.0202,0.3077,0.9995
S100a16,S100a16,3881.7294,0.0854,0.0952,0.8974,0.3695,0.9995
S100a2,S100a2,0.4551,-0.4759,2.508,-0.1898,0.8495,0.9995
S100a3,S100a3,38.8793,-0.1837,0.3033,-0.6055,0.5448,0.9995
S100a4,S100a4,31825.6753,0.1131,0.0911,1.242,0.2142,0.9995
S100a5,S100a5,0.5728,-0.3716,2.0516,-0.1811,0.8563,0.9995
S100a6,S100a6,14471.7347,0.1254,0.1051,1.1931,0.2328,0.9995
S100a7a,S100a7a,13.4863,-0.2722,0.3945,-0.6901,0.4901,0.9995
S100a8,S100a8,38.1774,0.4045,1.2364,0.3272,0.7435,0.9995
S100b,S100b,3.5441,0.6785,0.8149,0.8325,0.4051,0.9995
S100g,S100g,0.8032,-0.2777,1.6651,-0.1668,0.8676,0.9995
S100pbp,S100pbp,507.8989,-0.1311,0.1121,-1.1702,0.2419,0.9995
S1pr1,S1pr1,1343.8639,0.0802,0.2819,0.2844,0.7761,0.9995
S1pr2,S1pr2,1651.3233,0.1826,0.1886,0.9677,0.3332,0.9995
S1pr3,S1pr3,831.4094,-0.1976,0.26,-0.7599,0.4473,0.9995
S1pr4,S1pr4,0.913,-0.1392,1.6687,-0.0834,0.9335,0.9995
S1pr5,S1pr5,8.6867,0.1163,0.528,0.2203,0.8256,0.9995
Saa1,Saa1,15.7164,0.7278,0.7832,0.9292,0.3528,0.9995
Saa2,Saa2,25.9053,0.4126,0.5209,0.7921,0.4283,0.9995
Saa3,Saa3,20373.7016,0.4269,1.0985,0.3886,0.6975,0.9995
Saa4,Saa4,6.1502,0.0079,0.8505,0.0093,0.9926,0.9995
Saal1,Saal1,853.7973,-0.0166,0.0903,-0.1833,0.8545,0.9995
Sac3d1,Sac3d1,449.1746,0.2076,0.0998,2.0794,0.0376,0.9995
Sacm1l,Sacm1l,3128.0625,0.0338,0.1521,0.2226,0.8239,0.9995
Sacs,Sacs,19.6727,-0.2976,0.3547,-0.8392,0.4014,0.9995
Sae1,Sae1,4619.0192,0.0637,0.0847,0.752,0.452,0.9995
Safb,Safb,3413.1864,0.0301,0.047,0.6415,0.5212,0.9995
Safb2,Safb2,1824.4444,0.0231,0.0712,0.325,0.7452,0.9995
Sag,Sag,4.0028,-0.7922,0.8664,-0.9143,0.3605,0.9995
Sall2,Sall2,1009.714,0.0025,0.0702,0.0351,0.972,0.9995
Samd1,Samd1,1260.6513,-0.046,0.1076,-0.428,0.6687,0.9995
Samd10,Samd10,71.7774,-0.1137,0.1922,-0.5915,0.5542,0.9995
Samd11,Samd11,1.0276,3.6178,1.6555,2.1853,0.0289,0.9995
Samd12,Samd12,8.2515,-1.2537,0.5931,-2.1137,0.0345,0.9995
Samd14,Samd14,1438.802,-0.0003,0.0682,-0.004,0.9968,0.9995
Samd15,Samd15,11.0861,0.2574,0.433,0.5945,0.5522,0.9995
Samd4,Samd4,3607.8287,-0.1467,0.1155,-1.2707,0.2038,0.9995
Samd4b,Samd4b,2116.0634,-0.0871,0.0568,-1.5339,0.125,0.9995
Samd5,Samd5,0.681,2.9287,2.3095,1.2681,0.2048,0.9995
Samd7,Samd7,1.2562,0.9066,1.3464,0.6734,0.5007,0.9995
Samd8,Samd8,3686.3023,0.0006,0.1647,0.0034,0.9973,0.9995
Samd9l,Samd9l,216.4904,-0.1543,0.1537,-1.0035,0.3156,0.9995
Samhd1,Samhd1,2680.9207,-0.1215,0.1304,-0.9315,0.3516,0.9995
Samm50,Samm50,4474.9226,0.073,0.075,0.9735,0.3303,0.9995
Samsn1,Samsn1,2.175,0.5476,1.1101,0.4933,0.6218,0.9995
Sap130,Sap130,2677.0494,-0.1886,0.1061,-1.778,0.0754,0.9995
Sap18,Sap18,860.6852,0.0637,0.0888,0.7168,0.4735,0.9995
Sap30,Sap30,1004.8216,0.1241,0.0964,1.2879,0.1978,0.9995
Sap30bp,Sap30bp,2295.8813,0.0218,0.0575,0.3797,0.7042,0.9995
Sap30l,Sap30l,906.4826,0.0802,0.1285,0.6236,0.5329,0.9995
Sapcd1,Sapcd1,3.5349,0.0246,0.7688,0.032,0.9744,0.9995
Sapcd2,Sapcd2,140.1563,-0.0787,0.4274,-0.1841,0.854,0.9995
Sar1a,Sar1a,16574.3624,-0.0101,0.0412,-0.2453,0.8062,0.9995
Sar1b,Sar1b,3335.7577,0.0103,0.0857,0.1207,0.9039,0.9995
Saraf,Saraf,7154.6822,0.0194,0.1205,0.1613,0.8718,0.9995
Sardh,Sardh,1379.3634,0.0844,0.1347,0.6266,0.5309,0.9995
Sarm1,Sarm1,19.2928,0.0399,0.429,0.093,0.9259,0.9995
Sarnp,Sarnp,2739.0286,0.0174,0.0759,0.2296,0.8184,0.9995
Sars,Sars,12259.0841,0.0664,0.1594,0.4166,0.6769,0.9995
Sars2,Sars2,252.1826,0.0069,0.1196,0.0575,0.9541,0.9995
Sart1,Sart1,2830.3813,0.0205,0.0537,0.3815,0.7028,0.9995
Sart3,Sart3,1991.4825,-0.0239,0.0786,-0.3048,0.7605,0.9995
Sash1,Sash1,2046.2095,-0.0119,0.2171,-0.0549,0.9562,0.9995
Sass6,Sass6,152.6068,0.1968,0.1868,1.0534,0.2922,0.9995
Sat1,Sat1,7694.6061,0.238,0.3037,0.7836,0.4333,0.9995
Sat2,Sat2,176.3266,0.1576,0.1153,1.3667,0.1717,0.9995
Satb1,Satb1,36.4562,-0.1491,0.2714,-0.5493,0.5828,0.9995
Satb2,Satb2,414.8843,-0.1436,0.1254,-1.1458,0.2519,0.9995
Satl1,Satl1,1.7182,-0.8679,1.1405,-0.761,0.4467,0.9995
Sav1,Sav1,4040.2898,-0.083,0.0918,-0.9039,0.366,0.9995
Saxo2,Saxo2,6.0524,0.1973,0.8181,0.2411,0.8095,0.9995
Saysd1,Saysd1,315.3075,0.1974,0.1102,1.7914,0.0732,0.9995
Sbds,Sbds,3101.0382,0.0617,0.0919,0.6716,0.5018,0.9995
Sbf1,Sbf1,7098.1183,-0.0252,0.064,-0.3934,0.694,0.9995
Sbf2,Sbf2,2493.9715,-0.108,0.1065,-1.014,0.3106,0.9995
Sbk1,Sbk1,1012.7005,0.0168,0.0867,0.1932,0.8468,0.9995
Sbk2,Sbk2,143.4534,-0.1132,0.2421,-0.4677,0.64,0.9995
Sbk3,Sbk3,25.4117,-0.2202,0.3864,-0.57,0.5687,0.9995
Sbno1,Sbno1,2698.5691,-0.0157,0.1468,-0.1071,0.9147,0.9995
Sbno2,Sbno2,6846.5319,0.0603,0.2595,0.2324,0.8163,0.9995
Sbsn,Sbsn,111.8807,0.5782,0.3682,1.5706,0.1163,0.9995
Sbspon,Sbspon,5.949,0.7334,0.9106,0.8054,0.4206,0.9995
Sc5d,Sc5d,1068.766,-0.0346,0.0776,-0.4464,0.6553,0.9995
Scaf1,Scaf1,3750.0422,-0.0014,0.0673,-0.0211,0.9832,0.9995
Scaf11,Scaf11,4989.5599,0.008,0.1118,0.072,0.9426,0.9995
Scaf4,Scaf4,1328.0865,-0.0802,0.0879,-0.9122,0.3616,0.9995
Scaf8,Scaf8,2917.1182,-0.1057,0.0859,-1.2309,0.2184,0.9995
Scai,Scai,323.7413,-0.2763,0.1472,-1.8771,0.0605,0.9995
Scamp1,Scamp1,2796.0818,-0.0784,0.0922,-0.8501,0.3953,0.9995
Scamp2,Scamp2,2722.0253,0.0584,0.0594,0.9834,0.3254,0.9995
Scamp3,Scamp3,127.1047,0.4753,0.2811,1.691,0.0908,0.9995
Scamp4,Scamp4,2762.0376,-0.0004,0.1035,-0.0038,0.997,0.9995
Scamp5,Scamp5,1011.962,-0.0171,0.104,-0.1646,0.8692,0.9995
Scand1,Scand1,560.8084,0.139,0.1486,0.9354,0.3496,0.9995
Scap,Scap,3126.4337,0.0343,0.1703,0.2017,0.8402,0.9995
Scaper,Scaper,342.648,-0.094,0.126,-0.7461,0.4556,0.9995
Scara3,Scara3,807.4025,-0.0562,0.0971,-0.5785,0.5629,0.9995
Scara5,Scara5,1632.6817,0.0251,0.1869,0.1343,0.8931,0.9995
Scarb1,Scarb1,1362.4867,-0.0431,0.1041,-0.4138,0.679,0.9995
Scarb2,Scarb2,5398.4218,-0.0277,0.0919,-0.3013,0.7632,0.9995
Scarf1,Scarf1,11.7888,0.2812,0.4411,0.6374,0.5239,0.9995
Scarf2,Scarf2,1881.5787,0.0337,0.078,0.4323,0.6655,0.9995
Scarletltr,Scarletltr,5.3703,0.4044,0.5846,0.6917,0.4891,0.9995
Scarna10,Scarna10,0.3437,0.9335,2.6517,0.352,0.7248,0.9995
Scarna13,Scarna13,3.1902,0.7657,0.9276,0.8254,0.4091,0.9995
Scarna17,Scarna17,0.685,0.8936,2.0443,0.4371,0.662,0.9995
Scarna6,Scarna6,2.5238,-0.9921,1.0974,-0.9041,0.3659,0.9995
Scarna9,Scarna9,0.4594,-2.2007,2.4285,-0.9062,0.3648,0.9995
Sccpdh,Sccpdh,3134.4436,0.0861,0.0868,0.9912,0.3216,0.9995
Scd1,Scd1,17579.7862,-0.191,0.1224,-1.5598,0.1188,0.9995
Scd2,Scd2,53568.3051,-0.1271,0.1323,-0.9606,0.3367,0.9995
Scd3,Scd3,3.893,0.0914,0.8532,0.1071,0.9147,0.9995
Scd4,Scd4,29.1458,-0.3066,0.2562,-1.1969,0.2313,0.9995
Scel,Scel,5.1485,0.3584,0.7071,0.5068,0.6123,0.9995
Scfd1,Scfd1,2112.8747,-0.0927,0.181,-0.5121,0.6086,0.9995
Scfd2,Scfd2,392.6397,0.091,0.1242,0.7331,0.4635,0.9995
Scg2,Scg2,22.7114,-0.0282,0.4145,-0.0681,0.9457,0.9995
Scg5,Scg5,14.1561,-0.2548,0.4882,-0.522,0.6017,0.9995
Scgb1b30,Scgb1b30,1.1339,1.8262,1.7535,1.0415,0.2977,0.9995
Scgb2b7,Scgb2b7,1.482,0.029,1.1555,0.0251,0.98,0.9995
Schip1,Schip1,6.0641,-0.4592,0.5695,-0.8064,0.42,0.9995
Scimp,Scimp,0.3436,-0.476,2.6719,-0.1781,0.8586,0.9995
Scin,Scin,4.3382,0.6094,0.6715,0.9076,0.3641,0.9995
Sclt1,Sclt1,146.6856,0.0064,0.1856,0.0342,0.9727,0.9995
Scly,Scly,596.7359,-0.0427,0.1378,-0.3096,0.7569,0.9995
Scmh1,Scmh1,1844.5838,0.0088,0.1082,0.0815,0.935,0.9995
Scml2,Scml2,6.6366,0.1545,0.5535,0.2791,0.7801,0.9995
Scml4,Scml4,267.4879,0.0411,0.3533,0.1163,0.9074,0.9995
Scn10a,Scn10a,91.7981,-0.2077,0.3783,-0.5489,0.583,0.9995
Scn1b,Scn1b,437.197,0.1171,0.0994,1.1788,0.2385,0.9995
Scn2a1,Scn2a1,6.8588,0.2585,0.5369,0.4815,0.6302,0.9995
Scn3a,Scn3a,11.6551,-0.0073,0.683,-0.0107,0.9914,0.9995
Scn3b,Scn3b,5.4774,0.6417,0.835,0.7685,0.4422,0.9995
Scn4a,Scn4a,722.816,0.0074,0.1423,0.0521,0.9584,0.9995
Scn5a,Scn5a,3069.1156,-0.1479,0.2366,-0.6249,0.532,0.9995
Scn7a,Scn7a,492.001,-0.1384,0.4147,-0.3337,0.7386,0.9995
Scn9a,Scn9a,1.714,-0.4972,1.5056,-0.3302,0.7412,0.9995
Scnm1,Scnm1,612.6841,0.1822,0.0821,2.2183,0.0265,0.9995
Scnn1a,Scnn1a,41.9004,-0.1692,0.3885,-0.4357,0.6631,0.9995
Sco1,Sco1,786.2803,0.0923,0.0765,1.2061,0.2278,0.9995
Scoc,Scoc,632.5741,0.1679,0.1481,1.1335,0.257,0.9995
Scp2,Scp2,6534.2544,-0.0055,0.1111,-0.0498,0.9603,0.9995
Scpep1,Scpep1,13535.1589,0.1088,0.2358,0.4612,0.6447,0.9995
Scpep1os,Scpep1os,5.1263,0.4893,0.8135,0.6015,0.5475,0.9995
Scrib,Scrib,4363.298,-0.0098,0.1302,-0.0755,0.9398,0.9995
Scrn1,Scrn1,1857.2997,0.0831,0.0852,0.9753,0.3294,0.9995
Scrn2,Scrn2,471.4058,0.0859,0.1295,0.6633,0.5071,0.9995
Scrn3,Scrn3,803.8463,-0.0419,0.1726,-0.2429,0.8081,0.9995
Scrt1,Scrt1,0.5707,0.6918,2.5075,0.2759,0.7826,0.9995
Sct,Sct,1.9464,-0.0476,1.0086,-0.0472,0.9624,0.9995
Sctr,Sctr,41.1869,0.1408,0.2999,0.4693,0.6388,0.9995
Scube1,Scube1,0.686,-0.7804,1.7375,-0.4492,0.6533,0.9995
Scube2,Scube2,5.8341,0.1237,0.6794,0.182,0.8556,0.9995
Scube3,Scube3,10.3934,0.0458,0.4511,0.1015,0.9192,0.9995
Scx,Scx,2698.9322,-0.0212,0.2097,-0.101,0.9196,0.9995
Scyl1,Scyl1,4295.8634,-0.0353,0.0861,-0.4097,0.682,0.9995
Scyl2,Scyl2,1605.4463,-0.1823,0.1536,-1.187,0.2352,0.9995
Scyl3,Scyl3,972.2923,0.0202,0.1181,0.1712,0.8641,0.9995
Sdad1,Sdad1,1382.992,0.0105,0.111,0.0944,0.9248,0.9995
Sdc1,Sdc1,19449.5291,0.137,0.1601,0.8558,0.3921,0.9995
Sdc2,Sdc2,31587.5831,-0.0732,0.1089,-0.6724,0.5013,0.9995
Sdc3,Sdc3,6727.2853,0.1899,0.209,0.9085,0.3636,0.9995
Sdc4,Sdc4,12079.4304,0.0299,0.1853,0.1616,0.8717,0.9995
Sdcbp,Sdcbp,7915.655,-0.0434,0.0547,-0.7935,0.4275,0.9995
Sdcbp2,Sdcbp2,13.0458,0.3234,0.4544,0.7117,0.4766,0.9995
Sdccag3,Sdccag3,2410.6458,0.0041,0.0596,0.0696,0.9445,0.9995
Sdccag8,Sdccag8,736.4707,-0.1929,0.1216,-1.5867,0.1126,0.9995
Sde2,Sde2,2633.3663,0.0461,0.0688,0.6705,0.5026,0.9995
Sdf2,Sdf2,3493.6446,0.025,0.0756,0.3301,0.7413,0.9995
Sdf2l1,Sdf2l1,1484.3408,0.0163,0.2032,0.0801,0.9362,0.9995
Sdf4,Sdf4,9254.3146,0.098,0.1029,0.9522,0.341,0.9995
Sdha,Sdha,9427.234,0.0591,0.0742,0.7955,0.4263,0.9995
Sdhaf1,Sdhaf1,256.3042,0.0718,0.1792,0.4006,0.6887,0.9995
Sdhaf2,Sdhaf2,1825.1497,0.0682,0.0543,1.2546,0.2096,0.9995
Sdhaf3,Sdhaf3,144.5319,0.0527,0.1738,0.3032,0.7617,0.9995
Sdhaf4,Sdhaf4,693.6569,0.0363,0.0816,0.4446,0.6566,0.9995
Sdhb,Sdhb,3071.8745,0.127,0.0849,1.4956,0.1348,0.9995
Sdhc,Sdhc,4970.202,0.1018,0.0743,1.3693,0.1709,0.9995
Sdhd,Sdhd,4994.7816,0.0934,0.0703,1.3278,0.1842,0.9995
Sdk1,Sdk1,2.9796,0.5338,0.9726,0.5489,0.5831,0.9995
Sdk2,Sdk2,0.7996,-0.7292,1.7294,-0.4216,0.6733,0.9995
Sdpr,Sdpr,5056.5352,-0.3173,0.3092,-1.0261,0.3049,0.9995
Sdr39u1,Sdr39u1,883.3488,0.1313,0.1514,0.8671,0.3859,0.9995
Sdr42e1,Sdr42e1,13.8227,-0.3165,0.4569,-0.6927,0.4885,0.9995
Sdr9c7,Sdr9c7,4.2367,-0.0699,0.8852,-0.0789,0.9371,0.9995
Sds,Sds,7.5241,0.8734,0.6134,1.4237,0.1545,0.9995
Sdsl,Sdsl,32.0217,-0.3376,0.3468,-0.9734,0.3303,0.9995
Sec1,Sec1,16.5819,-0.3679,0.3613,-1.0184,0.3085,0.9995
Sec11a,Sec11a,2748.6506,0.0646,0.0741,0.8712,0.3836,0.9995
Sec11c,Sec11c,931.6363,0.11,0.1118,0.9841,0.3251,0.9995
Sec13,Sec13,7066.0204,0.1297,0.0934,1.3889,0.1649,0.9995
Sec14l1,Sec14l1,6634.9263,0.0062,0.0778,0.0802,0.9361,0.9995
Sec14l2,Sec14l2,686.9154,-0.0695,0.0971,-0.7161,0.474,0.9995
Sec14l5,Sec14l5,5.0396,0.3199,0.7374,0.4338,0.6644,0.9995
Sec16a,Sec16a,5507.6613,-0.1306,0.0675,-1.9348,0.053,0.9995
Sec16b,Sec16b,1002.3601,-0.2868,0.1892,-1.5156,0.1296,0.9995
Sec22a,Sec22a,1054.3854,-0.0026,0.0797,-0.0323,0.9743,0.9995
Sec22b,Sec22b,3623.1109,-0.0072,0.0589,-0.1229,0.9021,0.9995
Sec22c,Sec22c,764.6627,0.0008,0.0848,0.0093,0.9925,0.9995
Sec23a,Sec23a,6093.9234,-0.1153,0.101,-1.1415,0.2536,0.9995
Sec23b,Sec23b,3405.5114,-0.0675,0.0629,-1.0735,0.283,0.9995
Sec23ip,Sec23ip,3537.8437,-0.051,0.0606,-0.8423,0.3996,0.9995
Sec24a,Sec24a,1432.3161,-0.1137,0.1347,-0.8441,0.3986,0.9995
Sec24b,Sec24b,2564.659,-0.1047,0.0703,-1.4909,0.136,0.9995
Sec24c,Sec24c,7342.5672,-0.0496,0.0642,-0.7724,0.4399,0.9995
Sec24d,Sec24d,8171.4132,-0.0743,0.0457,-1.6259,0.104,0.9995
Sec31a,Sec31a,15289.8215,-0.0287,0.0537,-0.5343,0.5931,0.9995
Sec31b,Sec31b,24.2206,-0.2003,0.29,-0.6907,0.4897,0.9995
Sec61a1,Sec61a1,13102.3727,-0.058,0.0728,-0.7962,0.4259,0.9995
Sec61a2,Sec61a2,2039.6687,0.0158,0.0798,0.1983,0.8428,0.9995
Sec61b,Sec61b,2960.0688,-0.0058,0.0637,-0.091,0.9275,0.9995
Sec61g,Sec61g,3622.4251,0.1109,0.1052,1.055,0.2914,0.9995
Sec62,Sec62,4614.1666,0.1388,0.1143,1.2139,0.2248,0.9995
Sec63,Sec63,5612.2216,-0.1253,0.1511,-0.8289,0.4072,0.9995
Secisbp2,Secisbp2,975.0277,0.0297,0.0675,0.4404,0.6597,0.9995
Secisbp2l,Secisbp2l,2846.2069,-0.0073,0.134,-0.0545,0.9566,0.9995
Sectm1a,Sectm1a,59.9127,-0.0551,0.2561,-0.215,0.8298,0.9995
Sectm1b,Sectm1b,1.028,-0.2195,1.5734,-0.1395,0.889,0.9995
Seh1l,Seh1l,3202.5571,0.0132,0.146,0.0902,0.9281,0.9995
Sel1l,Sel1l,7484.9826,-0.1249,0.1126,-1.1088,0.2675,0.9995
Sel1l3,Sel1l3,4.8022,0.0912,0.7834,0.1165,0.9073,0.9995
Sele,Sele,0.5717,-2.5177,1.8958,-1.3281,0.1842,0.9995
Selenbp1,Selenbp1,370.5065,-0.0659,0.2569,-0.2564,0.7977,0.9995
Selenbp2,Selenbp2,28.2734,-0.3837,0.3298,-1.1632,0.2448,0.9995
Selk,Selk,4894.5185,0.0294,0.1022,0.2874,0.7738,0.9995
Selm,Selm,1424.7234,0.086,0.0785,1.0957,0.2732,0.9995
Selo,Selo,870.9937,0.1285,0.1657,0.7751,0.4383,0.9995
Selp,Selp,24.3815,0.2526,0.792,0.3189,0.7498,0.9995
Selplg,Selplg,0.7961,1.1189,2.0553,0.5444,0.5862,0.9995
Selt,Selt,6457.8129,-0.0109,0.1842,-0.0592,0.9528,0.9995
Sema3a,Sema3a,1213.3065,-0.0551,0.3523,-0.1563,0.8758,0.9995
Sema3b,Sema3b,3658.0834,-0.0511,0.1171,-0.4358,0.663,0.9995
Sema3c,Sema3c,1630.2407,-0.0354,0.2222,-0.1594,0.8734,0.9995
Sema3d,Sema3d,2970.335,-0.053,0.1871,-0.283,0.7772,0.9995
Sema3e,Sema3e,797.2061,-0.0328,0.2283,-0.1437,0.8858,0.9995
Sema3f,Sema3f,1042.1033,-0.0224,0.0928,-0.2416,0.8091,0.9995
Sema3g,Sema3g,104.2827,0.0899,0.3733,0.241,0.8096,0.9995
Sema4a,Sema4a,41.392,-0.1993,0.2418,-0.8244,0.4097,0.9995
Sema4b,Sema4b,1249.8547,0.028,0.0797,0.3509,0.7256,0.9995
Sema4c,Sema4c,3327.7045,-0.1145,0.1121,-1.0205,0.3075,0.9995
Sema4d,Sema4d,385.5939,0.0463,0.2009,0.2306,0.8176,0.9995
Sema4f,Sema4f,83.6311,-0.3569,0.2359,-1.5129,0.1303,0.9995
Sema4g,Sema4g,75.9461,-0.0401,0.2138,-0.1877,0.8511,0.9995
Sema5a,Sema5a,2063.0259,-0.1539,0.174,-0.8845,0.3764,0.9995
Sema5b,Sema5b,6.0518,0.2007,0.7329,0.2739,0.7842,0.9995
Sema6a,Sema6a,2942.9144,-0.2215,0.257,-0.8617,0.3888,0.9995
Sema6b,Sema6b,130.1008,-0.1156,0.3129,-0.3695,0.7118,0.9995
Sema6c,Sema6c,613.1928,-0.0342,0.1762,-0.1939,0.8463,0.9995
Sema6d,Sema6d,272.9422,0.0017,0.1096,0.0156,0.9875,0.9995
Sema7a,Sema7a,2337.7468,-0.0642,0.2313,-0.2777,0.7812,0.9995
Senp1,Senp1,1428.3831,-0.0414,0.0914,-0.4527,0.6508,0.9995
Senp2,Senp2,2496.1663,-0.0017,0.114,-0.0152,0.9879,0.9995
Senp3,Senp3,3769.0319,0.0387,0.071,0.546,0.585,0.9995
Senp5,Senp5,3319.6573,-0.0985,0.1046,-0.9414,0.3465,0.9995
Senp6,Senp6,1990.1636,0.0468,0.134,0.3494,0.7268,0.9995
Senp7,Senp7,727.8561,0.134,0.1416,0.9459,0.3442,0.9995
Senp8,Senp8,305.6134,0.0116,0.14,0.0827,0.9341,0.9995
Sephs1,Sephs1,2435.8538,-0.0418,0.0867,-0.4815,0.6302,0.9995
Sephs2,Sephs2,1333.8761,-0.0138,0.0828,-0.1668,0.8675,0.9995
Sepn1,Sepn1,4569.4064,-0.0664,0.0748,-0.8875,0.3748,0.9995
Sepp1,Sepp1,4824.9425,-0.1062,0.1085,-0.9795,0.3273,0.9995
Sepsecs,Sepsecs,341.8949,-0.0328,0.1149,-0.2853,0.7754,0.9995
Sepw1,Sepw1,1985.9861,0.2074,0.1303,1.5915,0.1115,0.9995
Serac1,Serac1,955.2375,-0.0832,0.1348,-0.6173,0.537,0.9995
Serbp1,Serbp1,14772.1683,0.0266,0.0948,0.2808,0.7788,0.9995
Serf1,Serf1,491.0149,-0.0168,0.0943,-0.178,0.8587,0.9995
Serf2,Serf2,6312.9327,0.1553,0.1056,1.4712,0.1412,0.9995
Sergef,Sergef,256.3373,-0.0099,0.1113,-0.0887,0.9293,0.9995
Serhl,Serhl,646.8209,0.0222,0.08,0.2779,0.7811,0.9995
Serinc1,Serinc1,20250.9227,-0.111,0.1341,-0.8279,0.4077,0.9995
Serinc2,Serinc2,2247.5615,-0.0333,0.1602,-0.208,0.8352,0.9995
Serinc3,Serinc3,19445.0121,0.0353,0.117,0.3019,0.7628,0.9995
Serinc4,Serinc4,66.872,0.0717,0.1925,0.3722,0.7097,0.9995
Serinc5,Serinc5,2886.9644,-0.1173,0.1022,-1.1472,0.2513,0.9995
Serp1,Serp1,11219.6196,-0.1545,0.0926,-1.6692,0.0951,0.9995
Serp2,Serp2,201.0444,0.2033,0.1851,1.0981,0.2722,0.9995
Serpina11,Serpina11,2.4032,-1.7676,1.2398,-1.4257,0.154,0.9995
Serpina12,Serpina12,41.397,-0.0571,0.2993,-0.1907,0.8488,0.9995
Serpina1a,Serpina1a,1.6025,1.3909,1.4311,0.9719,0.3311,0.9995
Serpina1b,Serpina1b,2.5183,0.6135,1.0804,0.5678,0.5702,0.9995
Serpina1c,Serpina1c,1.3717,-0.0468,1.2304,-0.038,0.9697,0.9995
Serpina1d,Serpina1d,4.8925,0.0892,0.9272,0.0962,0.9233,0.9995
Serpina1e,Serpina1e,1.9531,0.2286,1.5243,0.15,0.8808,0.9995
Serpina3c,Serpina3c,24.4383,0.1082,0.3971,0.2725,0.7852,0.9995
Serpina3f,Serpina3f,17.9688,-0.1188,0.4099,-0.2898,0.772,0.9995
Serpina3g,Serpina3g,645.0788,-0.0213,0.3128,-0.068,0.9458,0.9995
Serpina3h,Serpina3h,184.2551,-0.2884,0.2434,-1.1847,0.2361,0.9995
Serpina3i,Serpina3i,124.9232,0.1704,0.4849,0.3514,0.7253,0.9995
Serpina3k,Serpina3k,4.5738,-0.0803,0.698,-0.1151,0.9084,0.9995
Serpina3m,Serpina3m,43.298,0.2285,0.7349,0.3109,0.7559,0.9995
Serpina3n,Serpina3n,1458.5657,0.3259,1.0029,0.325,0.7452,0.9995
Serpina4-ps1,Serpina4-ps1,0.568,0.2892,2.1118,0.1369,0.8911,0.9995
Serpina6,Serpina6,82.964,0.1184,0.1646,0.7194,0.4719,0.9995
Serpina9,Serpina9,22.5356,-0.0091,0.3882,-0.0235,0.9813,0.9995
Serpinb1a,Serpinb1a,7079.0323,0.2556,0.2441,1.0474,0.2949,0.9995
Serpinb1b,Serpinb1b,226.7758,0.119,0.3653,0.3259,0.7445,0.9995
Serpinb1c,Serpinb1c,25.5201,-0.1373,0.3737,-0.3675,0.7133,0.9995
Serpinb2,Serpinb2,292.3601,0.4016,1.1148,0.3603,0.7186,0.9995
Serpinb6a,Serpinb6a,27343.5202,0.0753,0.1319,0.5704,0.5684,0.9995
Serpinb6b,Serpinb6b,1076.1369,0.0469,0.2358,0.199,0.8423,0.9995
Serpinb6c,Serpinb6c,20.1317,0.3753,0.4685,0.8011,0.4231,0.9995
Serpinb6d,Serpinb6d,2.061,1.4143,1.0679,1.3244,0.1854,0.9995
Serpinb7,Serpinb7,171.2419,0.1033,0.2623,0.394,0.6936,0.9995
Serpinb8,Serpinb8,227.2669,-0.0983,0.1717,-0.5723,0.5671,0.9995
Serpinb9,Serpinb9,3181.2325,0.1188,0.2701,0.4399,0.66,0.9995
Serpinb9b,Serpinb9b,1494.4977,-0.0138,0.4057,-0.0341,0.9728,0.9995
Serpinb9c,Serpinb9c,40.3562,0.1556,0.3414,0.4559,0.6485,0.9995
Serpinb9d,Serpinb9d,64.1842,-0.1339,0.2697,-0.4963,0.6197,0.9995
Serpinb9e,Serpinb9e,125.8872,-0.0459,0.3275,-0.1401,0.8886,0.9995
Serpinb9f,Serpinb9f,9.4716,0.2495,0.5285,0.472,0.6369,0.9995
Serpinb9g,Serpinb9g,147.018,0.083,0.2176,0.3816,0.7028,0.9995
Serpinc1,Serpinc1,6.9775,0.5606,0.5605,1.0001,0.3173,0.9995
Serpind1,Serpind1,41.0516,-0.2522,0.2312,-1.0908,0.2753,0.9995
Serpine1,Serpine1,4283.2753,-0.2187,0.1333,-1.6413,0.1007,0.9995
Serpine2,Serpine2,3866.2609,-0.207,0.1441,-1.4365,0.1509,0.9995
Serpine3,Serpine3,18.2792,0.4279,0.4131,1.0359,0.3003,0.9995
Serpinf1,Serpinf1,30697.6922,0.0878,0.0783,1.1213,0.2622,0.9995
Serpinf2,Serpinf2,3.315,0.2963,0.7626,0.3886,0.6976,0.9995
Serping1,Serping1,3707.8753,0.2237,0.336,0.6658,0.5055,0.9995
Serpinh1,Serpinh1,54853.5968,-0.0465,0.1313,-0.3539,0.7234,0.9995
Serpini1,Serpini1,10.0569,-0.5292,0.5227,-1.0125,0.3113,0.9995
Sertad1,Sertad1,910.9139,0.0261,0.089,0.2937,0.769,0.9995
Sertad2,Sertad2,3145.1454,-0.1588,0.1064,-1.4929,0.1355,0.9995
Sertad3,Sertad3,483.7166,0.1896,0.1078,1.7585,0.0787,0.9995
Sertad4,Sertad4,8755.2512,-0.1783,0.2474,-0.721,0.4709,0.9995
Sesn1,Sesn1,2196.4423,-0.0257,0.1244,-0.2064,0.8365,0.9995
Sesn2,Sesn2,1439.4541,0.1792,0.3851,0.4653,0.6418,0.9995
Sesn3,Sesn3,648.7439,-0.1892,0.1954,-0.9681,0.333,0.9995
Sestd1,Sestd1,2415.7285,-0.0341,0.0949,-0.3591,0.7195,0.9995
Set,Set,9576.2793,0.0814,0.0828,0.9838,0.3252,0.9995
Setbp1,Setbp1,1121.8412,-0.2674,0.1794,-1.4906,0.1361,0.9995
Setd1a,Setd1a,1905.1053,-0.0816,0.08,-1.0202,0.3076,0.9995
Setd1b,Setd1b,1155.3551,-0.0653,0.0878,-0.7429,0.4575,0.9995
Setd2,Setd2,1886.368,-0.0562,0.158,-0.3555,0.7222,0.9995
Setd3,Setd3,4140.0117,0.0077,0.0759,0.1009,0.9196,0.9995
Setd4,Setd4,135.6814,0.1374,0.1767,0.7777,0.4368,0.9995
Setd5,Setd5,4931.17,-0.0767,0.082,-0.9356,0.3495,0.9995
Setd6,Setd6,718.2784,0.2046,0.1354,1.5106,0.1309,0.9995
Setd7,Setd7,5354.5768,-0.0912,0.1532,-0.5951,0.5518,0.9995
Setd8,Setd8,3610.7032,-0.0301,0.1184,-0.2544,0.7992,0.9995
Setdb1,Setdb1,2907.7106,0.0109,0.0786,0.1382,0.8901,0.9995
Setdb2,Setdb2,375.9134,0.0426,0.1218,0.3496,0.7266,0.9995
Setmar,Setmar,71.6998,-0.0226,0.184,-0.1227,0.9024,0.9995
Setx,Setx,1868.2925,-0.009,0.1332,-0.0675,0.9462,0.9995
Sez6l2,Sez6l2,6.183,-0.1754,0.6033,-0.2907,0.7712,0.9995
Sf1,Sf1,7540.1367,-0.0282,0.0835,-0.3381,0.7353,0.9995
Sf3a1,Sf3a1,4337.6304,0.0436,0.0859,0.5077,0.6117,0.9995
Sf3a2,Sf3a2,2072.2723,0.0377,0.0732,0.5151,0.6065,0.9995
Sf3a3,Sf3a3,2847.6,0.0342,0.0633,0.5408,0.5886,0.9995
Sf3b1,Sf3b1,10567.562,-0.0235,0.1194,-0.1967,0.8441,0.9995
Sf3b2,Sf3b2,10751.9126,-0.005,0.0625,-0.0795,0.9366,0.9995
Sf3b3,Sf3b3,7989.385,0.045,0.0985,0.4567,0.6479,0.9995
Sf3b4,Sf3b4,2837.4292,0.133,0.1184,1.1233,0.2613,0.9995
Sf3b5,Sf3b5,1166.5607,0.0087,0.0806,0.1078,0.9141,0.9995
Sf3b6,Sf3b6,2644.602,0.14,0.0737,1.8982,0.0577,0.9995
Sfi1,Sfi1,604.3533,-0.0028,0.1117,-0.0251,0.98,0.9995
Sfmbt1,Sfmbt1,874.0262,-0.0208,0.0706,-0.2941,0.7687,0.9995
Sfmbt2,Sfmbt2,54.6535,-0.2423,0.248,-0.977,0.3286,0.9995
Sfn,Sfn,48.0624,0.1144,0.2891,0.3956,0.6924,0.9995
Sfpq,Sfpq,8358.5764,0.0284,0.0795,0.3571,0.721,0.9995
Sfr1,Sfr1,6273.2082,-0.1245,0.1397,-0.8916,0.3726,0.9995
Sfrp1,Sfrp1,651.2242,0.1328,0.2162,0.6145,0.5389,0.9995
Sfrp2,Sfrp2,4424.4405,-0.3689,0.5818,-0.634,0.5261,0.9995
Sfrp4,Sfrp4,84.1799,-0.0086,0.2151,-0.0399,0.9682,0.9995
Sfswap,Sfswap,1687.4838,-0.0734,0.062,-1.1827,0.2369,0.9995
Sft2d1,Sft2d1,832.8616,0.1558,0.1036,1.5037,0.1327,0.9995
Sft2d2,Sft2d2,5079.6539,-0.011,0.1687,-0.0653,0.9479,0.9995
Sft2d3,Sft2d3,218.1835,0.0201,0.1467,0.1368,0.8912,0.9995
Sftpb,Sftpb,0.6823,3.0022,2.2554,1.3311,0.1831,0.9995
Sftpc,Sftpc,0.6841,-0.3141,1.7957,-0.1749,0.8611,0.9995
Sfxn1,Sfxn1,1363.023,0.0741,0.0987,0.7511,0.4526,0.9995
Sfxn2,Sfxn2,117.3639,-0.0253,0.1644,-0.1539,0.8777,0.9995
Sfxn3,Sfxn3,6318.5641,0.0645,0.1174,0.5488,0.5832,0.9995
Sfxn4,Sfxn4,128.7293,-0.0158,0.223,-0.0709,0.9434,0.9995
Sfxn5,Sfxn5,109.4061,-0.0551,0.2149,-0.2563,0.7977,0.9995
Sgca,Sgca,1537.6313,-0.0367,0.2482,-0.1478,0.8825,0.9995
Sgcb,Sgcb,6303.6497,-0.0657,0.1476,-0.4451,0.6562,0.9995
Sgcd,Sgcd,394.5625,0.0036,0.1015,0.035,0.9721,0.9995
Sgce,Sgce,2276.574,-0.0696,0.0672,-1.036,0.3002,0.9995
Sgcg,Sgcg,1858.6406,0.0905,0.243,0.3725,0.7095,0.9995
Sgip1,Sgip1,24.7063,-0.0431,0.3351,-0.1286,0.8977,0.9995
Sgk1,Sgk1,3736.8927,-0.2359,0.0986,-2.3918,0.0168,0.9995
Sgk3,Sgk3,135.5048,-0.1629,0.2229,-0.7307,0.465,0.9995
Sgms1,Sgms1,969.7166,-0.1227,0.1656,-0.7408,0.4588,0.9995
Sgms2,Sgms2,1377.3436,-0.252,0.1439,-1.7511,0.0799,0.9995
Sgol1,Sgol1,401.3475,-0.1892,0.4681,-0.4043,0.686,0.9995
Sgol2a,Sgol2a,231.043,-0.0547,0.3813,-0.1434,0.886,0.9995
Sgpl1,Sgpl1,10811.5657,-0.0051,0.1466,-0.0345,0.9724,0.9995
Sgpp1,Sgpp1,4043.5248,-0.0265,0.2071,-0.1282,0.898,0.9995
Sgpp2,Sgpp2,4.229,-0.3319,0.7314,-0.4538,0.65,0.9995
Sgsh,Sgsh,663.1675,-0.0762,0.1764,-0.4319,0.6658,0.9995
Sgsm1,Sgsm1,225.9442,-0.0718,0.1339,-0.5361,0.5919,0.9995
Sgsm2,Sgsm2,1244.4232,-0.132,0.1165,-1.1334,0.257,0.9995
Sgsm3,Sgsm3,1447.6178,0.0401,0.0989,0.4057,0.685,0.9995
Sgta,Sgta,5007.6711,0.0062,0.0636,0.0981,0.9218,0.9995
Sgtb,Sgtb,397.5445,-0.0174,0.1206,-0.144,0.8855,0.9995
Sh2b1,Sh2b1,3047.049,0.0154,0.1133,0.1355,0.8922,0.9995
Sh2b2,Sh2b2,402.5997,-0.013,0.122,-0.1066,0.9151,0.9995
Sh2b3,Sh2b3,1838.7616,0.0209,0.0703,0.297,0.7665,0.9995
Sh2d1b1,Sh2d1b1,0.7973,-1.099,1.94,-0.5665,0.5711,0.9995
Sh2d3c,Sh2d3c,72.284,-0.0684,0.288,-0.2374,0.8123,0.9995
Sh2d4a,Sh2d4a,151.0104,-0.0557,0.1943,-0.2866,0.7744,0.9995
Sh2d4b,Sh2d4b,2.974,-0.6513,0.8569,-0.76,0.4472,0.9995
Sh2d5,Sh2d5,10.3943,0.3541,0.4588,0.7719,0.4402,0.9995
Sh2d7,Sh2d7,34.134,0.3454,0.2705,1.2768,0.2017,0.9995
Sh3bgr,Sh3bgr,304.9423,0.1029,0.3295,0.3122,0.7549,0.9995
Sh3bgrl,Sh3bgrl,4217.791,0.0484,0.2039,0.2376,0.8122,0.9995
Sh3bgrl2,Sh3bgrl2,225.9619,0.0101,0.1397,0.072,0.9426,0.9995
Sh3bgrl3,Sh3bgrl3,2771.0609,0.0471,0.0894,0.5269,0.5983,0.9995
Sh3bp1,Sh3bp1,847.4201,0.0888,0.1269,0.6995,0.4843,0.9995
Sh3bp2,Sh3bp2,924.0768,0.0336,0.0751,0.4481,0.6541,0.9995
Sh3bp4,Sh3bp4,2304.1282,-0.1047,0.1231,-0.8503,0.3952,0.9995
Sh3bp5,Sh3bp5,2231.481,0.0335,0.1003,0.3336,0.7387,0.9995
Sh3bp5l,Sh3bp5l,1938.1603,0.0477,0.0865,0.5516,0.5812,0.9995
Sh3d19,Sh3d19,6967.8284,-0.0905,0.1306,-0.6928,0.4885,0.9995
Sh3d21,Sh3d21,18.3951,0.1664,0.3228,0.5153,0.6064,0.9995
Sh3gl1,Sh3gl1,4161.8956,-0.0336,0.0987,-0.34,0.7338,0.9995
Sh3gl2,Sh3gl2,0.4604,-1.0667,2.52,-0.4233,0.6721,0.9995
Sh3gl3,Sh3gl3,257.9978,0.0233,0.2275,0.1023,0.9185,0.9995
Sh3glb1,Sh3glb1,28497.3732,-0.0921,0.2167,-0.4249,0.6709,0.9995
Sh3glb2,Sh3glb2,1448.6525,0.0027,0.0897,0.0297,0.9763,0.9995
Sh3kbp1,Sh3kbp1,3861.3904,-0.0699,0.152,-0.46,0.6455,0.9995
Sh3pxd2a,Sh3pxd2a,13550.6883,-0.103,0.1541,-0.6682,0.504,0.9995
Sh3pxd2b,Sh3pxd2b,6852.4399,-0.0741,0.0742,-0.9977,0.3184,0.9995
Sh3rf1,Sh3rf1,1044.1035,-0.1296,0.0861,-1.5049,0.1324,0.9995
Sh3rf2,Sh3rf2,60.4947,-0.05,0.23,-0.2176,0.8278,0.9995
Sh3rf3,Sh3rf3,233.9643,-0.2654,0.2052,-1.2936,0.1958,0.9995
Sh3tc1,Sh3tc1,26.8653,0.068,0.3082,0.2205,0.8255,0.9995
Sh3tc2,Sh3tc2,18.1786,-0.321,0.3227,-0.9946,0.3199,0.9995
Sh3yl1,Sh3yl1,136.1368,0.0633,0.1724,0.3669,0.7137,0.9995
Shank1,Shank1,7.2094,0.1387,0.587,0.2363,0.8132,0.9995
Shank2,Shank2,21.0233,-0.291,0.374,-0.7782,0.4365,0.9995
Shank3,Shank3,4.3485,-1.0738,0.8095,-1.3265,0.1847,0.9995
Sharpin,Sharpin,1278.3127,0.1434,0.0978,1.466,0.1426,0.9995
Shb,Shb,1616.3006,-0.1016,0.1161,-0.8752,0.3815,0.9995
Shbg,Shbg,1.2539,1.4145,1.3704,1.0321,0.302,0.9995
Shc1,Shc1,8991.1592,-0.065,0.0685,-0.9482,0.343,0.9995
Shc2,Shc2,2783.9943,-0.137,0.1728,-0.7925,0.4281,0.9995
Shc3,Shc3,1.0294,0.4071,1.7897,0.2275,0.82,0.9995
Shc4,Shc4,71.9286,-0.089,0.2101,-0.4238,0.6717,0.9995
Shcbp1,Shcbp1,492.2424,-0.0905,0.6034,-0.1499,0.8808,0.9995
Shcbp1l,Shcbp1l,2.6272,0.6843,0.8945,0.765,0.4443,0.9995
Shd,Shd,1.1413,-0.4591,1.3725,-0.3345,0.738,0.9995
She,She,13.2552,-0.3603,0.4327,-0.8328,0.405,0.9995
Shf,Shf,1003.9267,0.0561,0.1098,0.5114,0.6091,0.9995
Shfm1,Shfm1,2624.4045,0.0692,0.0676,1.0234,0.3061,0.9995
Shisa2,Shisa2,238.1434,0.0379,0.4053,0.0935,0.9255,0.9995
Shisa4,Shisa4,1664.6136,0.0923,0.1102,0.8375,0.4023,0.9995
Shisa5,Shisa5,5346.7505,0.055,0.1787,0.308,0.7581,0.9995
Shisa8,Shisa8,3.4286,-0.4672,0.8277,-0.5645,0.5724,0.9995
Shisa9,Shisa9,1.3701,-0.3859,1.5319,-0.2519,0.8011,0.9995
Shkbp1,Shkbp1,698.9066,-0.021,0.0971,-0.2161,0.8289,0.9995
Shmt1,Shmt1,346.2171,0.0057,0.1171,0.049,0.9609,0.9995
Shmt2,Shmt2,5214.2781,0.0761,0.1505,0.5057,0.6131,0.9995
Shoc2,Shoc2,1954.0587,-0.0564,0.1881,-0.2996,0.7645,0.9995
Shox2,Shox2,1324.0082,0.101,0.1159,0.8711,0.3837,0.9995
Shpk,Shpk,101.0915,0.3283,0.2219,1.4797,0.139,0.9995
Shprh,Shprh,761.5901,-0.0513,0.1715,-0.2993,0.7647,0.9995
Shq1,Shq1,418.7107,-0.0115,0.1386,-0.0828,0.934,0.9995
Shroom1,Shroom1,245.8478,0.119,0.1111,1.0719,0.2838,0.9995
Shroom2,Shroom2,15.6648,0.2814,0.5718,0.4921,0.6227,0.9995
Shroom3,Shroom3,407.6862,-0.0052,0.2529,-0.0207,0.9835,0.9995
Shroom4,Shroom4,119.4662,-0.1701,0.2133,-0.7972,0.4253,0.9995
Shtn1,Shtn1,25.8519,-0.0768,0.3101,-0.2476,0.8044,0.9995
Siae,Siae,245.7232,-0.0883,0.109,-0.81,0.418,0.9995
Siah1a,Siah1a,2032.5238,-0.025,0.0857,-0.2918,0.7705,0.9995
Siah1b,Siah1b,246.4717,-0.171,0.1588,-1.0769,0.2815,0.9995
Siah2,Siah2,1284.8189,0.0423,0.0725,0.5834,0.5596,0.9995
Sidt1,Sidt1,1.1455,0.6895,1.3562,0.5084,0.6111,0.9995
Sidt2,Sidt2,7083.6451,0.0206,0.0966,0.2136,0.8308,0.9995
Sigirr,Sigirr,60.6841,-0.1825,0.2082,-0.8767,0.3806,0.9995
Siglec1,Siglec1,3.1848,0.9054,1.0367,0.8733,0.3825,0.9995
Siglec15,Siglec15,41.8151,-0.1526,0.284,-0.5373,0.5911,0.9995
Siglecf,Siglecf,27.5452,-0.1075,0.299,-0.3594,0.7193,0.9995
Siglecg,Siglecg,335.2641,-0.1975,0.1899,-1.0397,0.2985,0.9995
Sigmar1,Sigmar1,2794.5945,0.0128,0.1306,0.0978,0.9221,0.9995
Sik1,Sik1,2113.6685,-0.0687,0.198,-0.3469,0.7287,0.9995
Sik2,Sik2,442.4798,-0.1026,0.1381,-0.743,0.4575,0.9995
Sik3,Sik3,2214.0122,-0.0177,0.093,-0.1902,0.8491,0.9995
Sike1,Sike1,1770.0256,0.0072,0.1253,0.0572,0.9544,0.9995
Sil1,Sil1,2620.9558,0.0531,0.0775,0.6855,0.493,0.9995
Sim1,Sim1,0.6859,0.1342,1.971,0.0681,0.9457,0.9995
Sim2,Sim2,1486.0459,0.0268,0.0704,0.381,0.7032,0.9995
Simc1,Simc1,537.6684,-0.033,0.1122,-0.294,0.7687,0.9995
Sin3a,Sin3a,2989.8969,-0.0069,0.106,-0.0646,0.9485,0.9995
Sin3b,Sin3b,3132.2315,0.0852,0.073,1.168,0.2428,0.9995
Sipa1,Sipa1,1185.4893,-0.0452,0.0795,-0.5686,0.5697,0.9995
Sipa1l1,Sipa1l1,2997.553,-0.2242,0.107,-2.0952,0.0362,0.9995
Sipa1l2,Sipa1l2,1067.2678,-0.1445,0.0739,-1.9569,0.0504,0.9995
Sipa1l3,Sipa1l3,1267.3084,-0.2009,0.1245,-1.6142,0.1065,0.9995
Sirpa,Sirpa,5245.9118,-0.0508,0.2501,-0.2029,0.8392,0.9995
Sirt1,Sirt1,714.3257,-0.074,0.2171,-0.3407,0.7334,0.9995
Sirt2,Sirt2,2711.0291,0.0552,0.0882,0.6261,0.5312,0.9995
Sirt3,Sirt3,425.5226,0.0742,0.1277,0.5813,0.561,0.9995
Sirt4,Sirt4,391.1604,0.2319,0.0934,2.4816,0.0131,0.9995
Sirt5,Sirt5,297.8794,-0.1661,0.1366,-1.2163,0.2239,0.9995
Sirt6,Sirt6,761.0529,-0.0435,0.0834,-0.5216,0.6019,0.9995
Sirt7,Sirt7,687.855,0.0347,0.0715,0.4853,0.6275,0.9995
Sit1,Sit1,0.4577,-1.0584,2.0891,-0.5066,0.6124,0.9995
Siva1,Siva1,674.0551,0.0927,0.1252,0.7406,0.4589,0.9995
Six1,Six1,8916.262,-0.0831,0.1094,-0.7595,0.4476,0.9995
Six4,Six4,1613.3872,-0.1101,0.2004,-0.5495,0.5826,0.9995
Six5,Six5,367.2108,-0.0669,0.1336,-0.5007,0.6166,0.9995
Six6,Six6,0.9112,1.5471,1.7197,0.8996,0.3683,0.9995
Ska1,Ska1,181.7835,-0.1984,0.5303,-0.3741,0.7083,0.9995
Ska2,Ska2,588.91,-0.0774,0.231,-0.3352,0.7375,0.9995
Ska3,Ska3,345.5553,-0.124,0.4004,-0.3096,0.7569,0.9995
Skap1,Skap1,24.1332,0.0218,0.5647,0.0386,0.9692,0.9995
Skap2,Skap2,1910.1642,0.0012,0.0616,0.0197,0.9843,0.9995
Ski,Ski,7636.6535,-0.0574,0.0649,-0.884,0.3767,0.9995
Skida1,Skida1,24.9139,-0.1875,0.3659,-0.5126,0.6082,0.9995
Skil,Skil,2567.3693,-0.0266,0.196,-0.1358,0.8919,0.9995
Skint7,Skint7,2.8451,0.9965,1.2467,0.7993,0.4241,0.9995
Skiv2l,Skiv2l,3276.6384,-0.0352,0.068,-0.5168,0.6053,0.9995
Skiv2l2,Skiv2l2,2308.0019,-0.0559,0.1175,-0.4758,0.6342,0.9995
Skor1,Skor1,2.9697,0.2042,0.9161,0.2229,0.8236,0.9995
Skp1a,Skp1a,11838.5738,0.0514,0.0773,0.6649,0.5061,0.9995
Skp2,Skp2,726.1047,-0.0044,0.1883,-0.0236,0.9812,0.9995
Sla,Sla,81.0895,-0.1228,0.288,-0.4264,0.6698,0.9995
Sla2,Sla2,4.5798,-0.9338,0.7458,-1.252,0.2106,0.9995
Slain2,Slain2,3524.6061,-0.1149,0.1322,-0.8688,0.385,0.9995
Slamf8,Slamf8,7.0838,-0.3019,0.5488,-0.55,0.5823,0.9995
Slamf9,Slamf9,14.0706,-0.1779,0.4016,-0.4431,0.6577,0.9995
Slbp,Slbp,1378.2518,0.0142,0.1222,0.1161,0.9075,0.9995
Slc10a1,Slc10a1,5.015,1.2016,0.747,1.6086,0.1077,0.9995
Slc10a3,Slc10a3,918.7806,0.0615,0.1544,0.3984,0.6903,0.9995
Slc10a4,Slc10a4,13.4911,0.3954,0.3891,1.0162,0.3095,0.9995
Slc10a6,Slc10a6,157.1322,0.1994,0.7559,0.2638,0.7919,0.9995
Slc10a7,Slc10a7,1067.3348,-0.0704,0.0864,-0.815,0.4151,0.9995
Slc11a1,Slc11a1,157.59,0.1176,0.2194,0.5362,0.5918,0.9995
Slc11a2,Slc11a2,7666.6696,0.0641,0.1819,0.3522,0.7247,0.9995
Slc12a1,Slc12a1,7.2069,-0.0808,0.6245,-0.1293,0.8971,0.9995
Slc12a2,Slc12a2,3237.5076,-0.0347,0.2334,-0.1487,0.8818,0.9995
Slc12a3,Slc12a3,0.6828,1.9865,1.9492,1.0192,0.3081,0.9995
Slc12a4,Slc12a4,3977.2385,-0.042,0.0635,-0.6605,0.5089,0.9995
Slc12a5,Slc12a5,19.098,-0.4612,0.378,-1.2199,0.2225,0.9995
Slc12a6,Slc12a6,2617.058,-0.0667,0.1017,-0.656,0.5118,0.9995
Slc12a7,Slc12a7,2859.8138,-0.0245,0.0801,-0.3061,0.7596,0.9995
Slc12a8,Slc12a8,11.5594,-0.0563,0.5651,-0.0996,0.9207,0.9995
Slc12a9,Slc12a9,870.491,0.0382,0.1515,0.2523,0.8008,0.9995
Slc13a1,Slc13a1,4.3463,0.4101,0.8147,0.5034,0.6147,0.9995
Slc13a2,Slc13a2,0.6864,1.0885,1.96,0.5554,0.5786,0.9995
Slc13a3,Slc13a3,1.149,0.6466,1.9133,0.3379,0.7354,0.9995
Slc13a4,Slc13a4,3.5421,-0.0392,0.77,-0.0509,0.9594,0.9995
Slc13a5,Slc13a5,47.8537,0.0998,0.275,0.3628,0.7167,0.9995
Slc14a1,Slc14a1,93.343,-0.6129,0.4513,-1.358,0.1745,0.9995
Slc14a2,Slc14a2,4.4574,-0.0141,0.7716,-0.0183,0.9854,0.9995
Slc15a3,Slc15a3,1.7191,-0.073,1.0856,-0.0673,0.9464,0.9995
Slc15a4,Slc15a4,1951.8822,-0.0215,0.1495,-0.1435,0.8859,0.9995
Slc16a1,Slc16a1,13909.219,0.0989,0.3481,0.2841,0.7764,0.9995
Slc16a10,Slc16a10,168.7015,-0.059,0.1888,-0.3124,0.7548,0.9995
Slc16a11,Slc16a11,500.9691,0.1215,0.247,0.492,0.6227,0.9995
Slc16a12,Slc16a12,6.2877,0.4051,1.2931,0.3133,0.7541,0.9995
Slc16a13,Slc16a13,388.4746,0.1639,0.1997,0.8208,0.4118,0.9995
Slc16a14,Slc16a14,1.9432,-0.306,1.1187,-0.2735,0.7845,0.9995
Slc16a2,Slc16a2,1675.7215,-0.2693,0.21,-1.2824,0.1997,0.9995
Slc16a3,Slc16a3,4073.9608,-0.2024,0.1438,-1.4071,0.1594,0.9995
Slc16a4,Slc16a4,22.4349,-0.2359,0.3981,-0.5925,0.5535,0.9995
Slc16a5,Slc16a5,4.6891,0.6764,0.7055,0.9588,0.3377,0.9995
Slc16a6,Slc16a6,40.6152,-0.1461,0.2987,-0.4889,0.6249,0.9995
Slc16a7,Slc16a7,15.7753,-0.5249,0.4115,-1.2758,0.202,0.9995
Slc16a8,Slc16a8,5.4968,-0.7437,0.6531,-1.1387,0.2548,0.9995
Slc16a9,Slc16a9,102.1369,-0.0322,0.2069,-0.1558,0.8762,0.9995
Slc17a4,Slc17a4,0.5702,1.6395,2.4386,0.6723,0.5014,0.9995
Slc17a5,Slc17a5,1068.9189,-0.008,0.1827,-0.0439,0.965,0.9995
Slc17a7,Slc17a7,8.9082,0.8705,0.5303,1.6415,0.1007,0.9995
Slc17a8,Slc17a8,0.6851,1.1064,1.7457,0.6338,0.5262,0.9995
Slc17a9,Slc17a9,3.6602,0.1052,0.8133,0.1294,0.8971,0.9995
Slc18a1,Slc18a1,4.8984,0.7942,0.7409,1.072,0.2837,0.9995
Slc18a2,Slc18a2,58.1588,-0.0486,0.2509,-0.1938,0.8463,0.9995
Slc18b1,Slc18b1,931.921,-0.0737,0.0913,-0.8074,0.4194,0.9995
Slc19a1,Slc19a1,953.2782,0.1557,0.1966,0.7921,0.4283,0.9995
Slc19a2,Slc19a2,918.3127,0.2033,0.2354,0.8635,0.3879,0.9995
Slc1a2,Slc1a2,1.1439,-0.467,1.4292,-0.3268,0.7438,0.9995
Slc1a3,Slc1a3,4802.7466,-0.1136,0.0512,-2.217,0.0266,0.9995
Slc1a4,Slc1a4,4919.7231,0.053,0.1767,0.3,0.7642,0.9995
Slc1a5,Slc1a5,806.4765,0.0576,0.2083,0.2765,0.7822,0.9995
Slc1a6,Slc1a6,131.983,-0.1801,0.2906,-0.6198,0.5354,0.9995
Slc1a7,Slc1a7,2.9677,-0.3981,1.1003,-0.3618,0.7175,0.9995
Slc20a1,Slc20a1,4844.5945,-0.0516,0.0817,-0.632,0.5274,0.9995
Slc20a2,Slc20a2,2879.3025,0.1621,0.2105,0.7702,0.4412,0.9995
Slc22a1,Slc22a1,0.5696,1.609,2.0404,0.7886,0.4303,0.9995
Slc22a13,Slc22a13,1.0335,0.4132,1.5642,0.2641,0.7917,0.9995
Slc22a13b-ps,Slc22a13b-ps,9.8306,-0.0157,0.502,-0.0313,0.975,0.9995
Slc22a15,Slc22a15,389.4733,0.0882,0.0967,0.9117,0.3619,0.9995
Slc22a17,Slc22a17,221.3004,0.0821,0.2417,0.3397,0.7341,0.9995
Slc22a18,Slc22a18,48.5629,-0.2309,0.3241,-0.7124,0.4762,0.9995
Slc22a21,Slc22a21,209.2415,-0.0028,0.1212,-0.0234,0.9814,0.9995
Slc22a23,Slc22a23,712.623,-0.111,0.224,-0.4953,0.6204,0.9995
Slc22a4,Slc22a4,337.2083,0.1641,0.4764,0.3445,0.7304,0.9995
Slc22a5,Slc22a5,664.0881,0.0163,0.0765,0.2136,0.8308,0.9995
Slc23a1,Slc23a1,20.4398,0.2521,0.3394,0.7427,0.4577,0.9995
Slc23a2,Slc23a2,3338.8362,-0.0261,0.153,-0.1707,0.8645,0.9995
Slc23a3,Slc23a3,11.5351,-0.1048,0.5355,-0.1956,0.8449,0.9995
Slc24a3,Slc24a3,1026.2327,-0.0204,0.2267,-0.0899,0.9283,0.9995
Slc24a4,Slc24a4,13.5011,0.4949,0.4874,1.0154,0.3099,0.9995
Slc24a5,Slc24a5,11.539,-0.0263,0.4796,-0.0548,0.9563,0.9995
Slc25a1,Slc25a1,2569.7432,-0.0069,0.1064,-0.0645,0.9485,0.9995
Slc25a10,Slc25a10,1381.8503,0.0023,0.1402,0.0163,0.987,0.9995
Slc25a11,Slc25a11,3542.1885,0.0572,0.0673,0.8494,0.3957,0.9995
Slc25a12,Slc25a12,2643.1284,0.0322,0.0972,0.3309,0.7407,0.9995
Slc25a13,Slc25a13,69.4313,-0.0543,0.24,-0.2264,0.8209,0.9995
Slc25a14,Slc25a14,344.2225,0.0992,0.0919,1.0793,0.2805,0.9995
Slc25a15,Slc25a15,438.3015,-0.0033,0.0791,-0.0415,0.9669,0.9995
Slc25a16,Slc25a16,1348.779,-0.102,0.1233,-0.8276,0.4079,0.9995
Slc25a17,Slc25a17,5425.3635,0.0487,0.0621,0.7842,0.433,0.9995
Slc25a18,Slc25a18,4.5674,-0.0817,0.6959,-0.1174,0.9065,0.9995
Slc25a19,Slc25a19,490.574,0.0678,0.1108,0.6123,0.5403,0.9995
Slc25a2,Slc25a2,4.3485,0.2857,0.8147,0.3506,0.7259,0.9995
Slc25a20,Slc25a20,1289.5384,0.0105,0.0648,0.162,0.8713,0.9995
Slc25a22,Slc25a22,563.3017,0.1056,0.1182,0.8931,0.3718,0.9995
Slc25a23,Slc25a23,295.86,-0.1526,0.1682,-0.9073,0.3642,0.9995
Slc25a24,Slc25a24,5168.2436,-0.1397,0.103,-1.356,0.1751,0.9995
Slc25a25,Slc25a25,669.2284,0.0736,0.1225,0.601,0.5478,0.9995
Slc25a26,Slc25a26,200.7203,-0.0517,0.1651,-0.3133,0.7541,0.9995
Slc25a27,Slc25a27,368.1684,0.0788,0.2387,0.3304,0.7411,0.9995
Slc25a28,Slc25a28,557.3577,0.1273,0.1031,1.2343,0.2171,0.9995
Slc25a29,Slc25a29,1076.5473,0.0478,0.1924,0.2488,0.8036,0.9995
Slc25a3,Slc25a3,20319.7504,0.0549,0.0659,0.8331,0.4048,0.9995
Slc25a30,Slc25a30,1201.5585,0.0214,0.1538,0.1392,0.8893,0.9995
Slc25a32,Slc25a32,655.3329,-0.023,0.129,-0.1785,0.8583,0.9995
Slc25a33,Slc25a33,481.5829,0.1584,0.2523,0.6279,0.5301,0.9995
Slc25a34,Slc25a34,4.8094,-0.1177,0.6777,-0.1737,0.8621,0.9995
Slc25a35,Slc25a35,121.6584,0.3103,0.1449,2.141,0.0323,0.9995
Slc25a36,Slc25a36,1400.8941,-0.0242,0.143,-0.1689,0.8659,0.9995
Slc25a37,Slc25a37,7225.7506,0.0698,0.2697,0.2588,0.7958,0.9995
Slc25a38,Slc25a38,442.8145,0.1369,0.1106,1.2377,0.2158,0.9995
Slc25a39,Slc25a39,3770.4903,0.0317,0.0783,0.4053,0.6853,0.9995
Slc25a4,Slc25a4,13446.5946,0.0842,0.0685,1.2292,0.219,0.9995
Slc25a40,Slc25a40,652.7016,-0.0502,0.1046,-0.4798,0.6314,0.9995
Slc25a42,Slc25a42,290.4481,0.0252,0.0963,0.262,0.7933,0.9995
Slc25a43,Slc25a43,85.9385,-0.0338,0.1677,-0.2013,0.8404,0.9995
Slc25a44,Slc25a44,1762.8055,0.0537,0.072,0.7461,0.4556,0.9995
Slc25a45,Slc25a45,330.4624,-0.0514,0.148,-0.3473,0.7284,0.9995
Slc25a46,Slc25a46,2742.8391,-0.0932,0.1189,-0.7837,0.4332,0.9995
Slc25a47,Slc25a47,66.468,0.0733,0.2101,0.349,0.7271,0.9995
Slc25a5,Slc25a5,13323.3004,0.1098,0.0778,1.4112,0.1582,0.9995
Slc25a51,Slc25a51,3679.106,0.0152,0.0651,0.234,0.815,0.9995
Slc25a53,Slc25a53,61.6751,-0.0309,0.2361,-0.131,0.8958,0.9995
Slc25a54,Slc25a54,3.193,1.4848,1.0714,1.3859,0.1658,0.9995
Slc26a1,Slc26a1,6.1696,0.2343,0.5689,0.4118,0.6805,0.9995
Slc26a10,Slc26a10,21.6118,-0.4745,0.3871,-1.226,0.2202,0.9995
Slc26a11,Slc26a11,253.4642,0.0737,0.2045,0.3605,0.7185,0.9995
Slc26a2,Slc26a2,374.4816,-0.1637,0.1828,-0.8956,0.3705,0.9995
Slc26a4,Slc26a4,4.8006,0.1594,0.8175,0.195,0.8454,0.9995
Slc26a6,Slc26a6,166.5524,0.2276,0.1293,1.7604,0.0783,0.9995
Slc26a7,Slc26a7,3.777,0.8303,0.7673,1.0821,0.2792,0.9995
Slc26a8,Slc26a8,5.4928,-1.3027,0.6838,-1.9052,0.0568,0.9995
Slc27a1,Slc27a1,5140.7071,0.0709,0.2657,0.2668,0.7896,0.9995
Slc27a2,Slc27a2,1.2538,2.1068,1.6583,1.2704,0.2039,0.9995
Slc27a3,Slc27a3,502.5166,-0.2938,0.2453,-1.1979,0.2309,0.9995
Slc27a4,Slc27a4,2382.9463,-0.0119,0.066,-0.18,0.8571,0.9995
Slc27a5,Slc27a5,2.3936,0.5906,0.9532,0.6196,0.5355,0.9995
Slc28a1,Slc28a1,0.8023,-0.2804,1.6651,-0.1684,0.8663,0.9995
Slc28a2,Slc28a2,0.5687,1.6396,2.44,0.6719,0.5016,0.9995
Slc29a1,Slc29a1,17605.9185,0.0267,0.1045,0.2553,0.7985,0.9995
Slc29a2,Slc29a2,313.9776,0.0127,0.1275,0.0997,0.9206,0.9995
Slc29a3,Slc29a3,1475.8279,-0.0932,0.1408,-0.6617,0.5082,0.9995
Slc29a4,Slc29a4,0.5683,0.3055,2.5077,0.1218,0.903,0.9995
Slc2a1,Slc2a1,9992.9152,0.067,0.3407,0.1967,0.844,0.9995
Slc2a10,Slc2a10,196.0204,-0.0177,0.2041,-0.0868,0.9309,0.9995
Slc2a12,Slc2a12,11.9023,-0.0954,0.5196,-0.1835,0.8544,0.9995
Slc2a13,Slc2a13,194.0351,-0.2393,0.2203,-1.086,0.2775,0.9995
Slc2a3,Slc2a3,189.9557,0.0046,0.2607,0.0175,0.9861,0.9995
Slc2a4,Slc2a4,21.1519,0.0789,0.5106,0.1544,0.8773,0.9995
Slc2a4rg-ps,Slc2a4rg-ps,102.567,0.0684,0.1906,0.3589,0.7197,0.9995
Slc2a5,Slc2a5,3.6647,-0.6096,0.7615,-0.8005,0.4234,0.9995
Slc2a6,Slc2a6,788.4978,0.3093,0.2006,1.5418,0.1231,0.9995
Slc2a8,Slc2a8,617.8394,0.0046,0.1182,0.0386,0.9692,0.9995
Slc2a9,Slc2a9,69.8888,0.1989,0.2447,0.8131,0.4161,0.9995
Slc30a1,Slc30a1,597.7392,-0.0872,0.1258,-0.6926,0.4886,0.9995
Slc30a2,Slc30a2,3.6651,0.1132,0.762,0.1486,0.8819,0.9995
Slc30a3,Slc30a3,17.7071,0.4268,0.4372,0.9764,0.3289,0.9995
Slc30a4,Slc30a4,4671.8931,-0.0785,0.158,-0.4969,0.6193,0.9995
Slc30a5,Slc30a5,3177.8771,-0.0444,0.0674,-0.6596,0.5095,0.9995
Slc30a6,Slc30a6,999.2192,-0.0398,0.0869,-0.4575,0.6473,0.9995
Slc30a7,Slc30a7,2479.1854,-0.1092,0.1184,-0.9221,0.3565,0.9995
Slc30a9,Slc30a9,4918.6056,-0.1095,0.0676,-1.6207,0.1051,0.9995
Slc31a1,Slc31a1,3906.2762,-0.0494,0.0628,-0.787,0.4313,0.9995
Slc31a2,Slc31a2,774.9807,0.0271,0.1668,0.1627,0.8708,0.9995
Slc33a1,Slc33a1,3113.7785,-0.1149,0.1348,-0.8523,0.394,0.9995
Slc35a1,Slc35a1,1994.0371,-0.0289,0.0634,-0.4558,0.6486,0.9995
Slc35a2,Slc35a2,1494.596,0.0092,0.0619,0.1485,0.8819,0.9995
Slc35a3,Slc35a3,1035.3064,0.0628,0.142,0.4423,0.6582,0.9995
Slc35a4,Slc35a4,3022.6263,0.0319,0.0685,0.4662,0.641,0.9995
Slc35a5,Slc35a5,935.5798,-0.0532,0.1343,-0.3962,0.6919,0.9995
Slc35b1,Slc35b1,3612.3128,0.0505,0.1432,0.3527,0.7243,0.9995
Slc35b2,Slc35b2,3171.3749,0.0829,0.0871,0.9514,0.3414,0.9995
Slc35b3,Slc35b3,540.0481,0.0409,0.0786,0.5207,0.6026,0.9995
Slc35b4,Slc35b4,2557.6918,-0.0309,0.0879,-0.3518,0.725,0.9995
Slc35c1,Slc35c1,774.0754,0.0208,0.073,0.2855,0.7753,0.9995
Slc35c2,Slc35c2,2007.803,0.1041,0.1691,0.6159,0.538,0.9995
Slc35d1,Slc35d1,353.4331,0.0595,0.095,0.6264,0.531,0.9995
Slc35d2,Slc35d2,343.3103,0.0005,0.102,0.0044,0.9965,0.9995
Slc35e1,Slc35e1,3392.4896,-0.0472,0.0701,-0.6728,0.5011,0.9995
Slc35e2,Slc35e2,720.5864,0.007,0.1054,0.0661,0.9473,0.9995
Slc35e3,Slc35e3,1649.5564,0.1072,0.1435,0.7469,0.4551,0.9995
Slc35e4,Slc35e4,2783.1469,-0.015,0.0621,-0.2421,0.8087,0.9995
Slc35f1,Slc35f1,1.0256,0.2494,1.4931,0.1671,0.8673,0.9995
Slc35f2,Slc35f2,1.2581,-0.6662,1.2084,-0.5513,0.5814,0.9995
Slc35f3,Slc35f3,0.8013,-1.1009,1.5396,-0.7151,0.4746,0.9995
Slc35f5,Slc35f5,3919.5154,0.1049,0.1775,0.5909,0.5546,0.9995
Slc35f6,Slc35f6,2287.9086,0.0964,0.138,0.6984,0.485,0.9995
Slc35g1,Slc35g1,16.666,-0.0318,0.4482,-0.071,0.9434,0.9995
Slc35g2,Slc35g2,13.3691,0.1113,0.4066,0.2738,0.7842,0.9995
Slc35g3,Slc35g3,3.5415,0.0523,1.025,0.0511,0.9593,0.9995
Slc36a1,Slc36a1,953.1643,-0.1054,0.1198,-0.8799,0.3789,0.9995
Slc36a2,Slc36a2,45.6262,-0.2378,0.2471,-0.9624,0.3359,0.9995
Slc36a4,Slc36a4,383.2561,-0.0914,0.1103,-0.8289,0.4071,0.9995
Slc37a1,Slc37a1,7.8885,0.0204,0.5142,0.0397,0.9683,0.9995
Slc37a2,Slc37a2,322.5049,-0.0704,0.1554,-0.4527,0.6508,0.9995
Slc37a3,Slc37a3,2290.9309,-0.0643,0.1125,-0.5716,0.5676,0.9995
Slc37a4,Slc37a4,719.4566,-0.0068,0.1425,-0.0479,0.9618,0.9995
Slc38a1,Slc38a1,3226.5214,0.0264,0.1686,0.1568,0.8754,0.9995
Slc38a10,Slc38a10,8480.5134,0.0524,0.1406,0.3728,0.7093,0.9995
Slc38a2,Slc38a2,24283.8157,-0.1842,0.1248,-1.4761,0.1399,0.9995
Slc38a3,Slc38a3,3.5432,-0.5031,0.8416,-0.5977,0.55,0.9995
Slc38a4,Slc38a4,15.4378,0.3104,0.426,0.7287,0.4662,0.9995
Slc38a5,Slc38a5,0.5732,0.7062,2.0546,0.3437,0.731,0.9995
Slc38a6,Slc38a6,696.7933,-0.0612,0.1345,-0.4547,0.6493,0.9995
Slc38a7,Slc38a7,4132.9395,0.1568,0.2854,0.5495,0.5827,0.9995
Slc38a9,Slc38a9,750.7605,0.0355,0.1181,0.3005,0.7638,0.9995
Slc39a1,Slc39a1,7124.7376,0.056,0.0922,0.6071,0.5438,0.9995
Slc39a10,Slc39a10,734.4921,-0.1144,0.1469,-0.779,0.436,0.9995
Slc39a11,Slc39a11,1019.0179,0.0618,0.1153,0.5357,0.5922,0.9995
Slc39a12,Slc39a12,1.7087,0.1907,1.2735,0.1497,0.881,0.9995
Slc39a13,Slc39a13,4588.4659,0.0433,0.0666,0.6497,0.5159,0.9995
Slc39a14,Slc39a14,8213.8359,0.0515,0.2877,0.1789,0.858,0.9995
Slc39a2,Slc39a2,6.0698,0.0053,0.6928,0.0076,0.9939,0.9995
Slc39a3,Slc39a3,1338.0589,-0.085,0.097,-0.8761,0.381,0.9995
Slc39a4,Slc39a4,5.7095,0.428,0.7838,0.5461,0.585,0.9995
Slc39a5,Slc39a5,7.9846,-0.1848,0.683,-0.2706,0.7867,0.9995
Slc39a6,Slc39a6,5268.1839,-0.0143,0.2026,-0.0707,0.9436,0.9995
Slc39a7,Slc39a7,12944.637,0.039,0.1155,0.3377,0.7356,0.9995
Slc39a8,Slc39a8,240.1531,-0.0526,0.1723,-0.3055,0.76,0.9995
Slc39a9,Slc39a9,3359.0903,-0.0426,0.0537,-0.7934,0.4276,0.9995
Slc3a1,Slc3a1,2.4037,-0.3084,1.0194,-0.3026,0.7622,0.9995
Slc3a2,Slc3a2,12472.1554,0.1291,0.36,0.3586,0.7199,0.9995
Slc40a1,Slc40a1,753.1634,-0.2452,0.2766,-0.8863,0.3755,0.9995
Slc41a1,Slc41a1,2282.5442,0.0167,0.1651,0.1011,0.9194,0.9995
Slc41a2,Slc41a2,1905.5229,-0.182,0.1192,-1.5261,0.127,0.9995
Slc41a3,Slc41a3,323.1771,-0.0477,0.112,-0.4256,0.6704,0.9995
Slc43a1,Slc43a1,667.6337,0.0997,0.1285,0.7753,0.4382,0.9995
Slc43a2,Slc43a2,1431.9532,0.1041,0.181,0.5749,0.5653,0.9995
Slc43a3,Slc43a3,1153.4211,0.0551,0.1303,0.423,0.6723,0.9995
Slc44a1,Slc44a1,4897.9622,-0.0079,0.0724,-0.1084,0.9136,0.9995
Slc44a2,Slc44a2,19925.5031,0.0683,0.1037,0.6592,0.5097,0.9995
Slc44a3,Slc44a3,10.984,-0.2118,0.4698,-0.4507,0.6522,0.9995
Slc44a4,Slc44a4,278.7599,-0.0514,0.219,-0.2348,0.8144,0.9995
Slc44a5,Slc44a5,16.5308,0.4761,0.5492,0.867,0.3859,0.9995
Slc45a2,Slc45a2,1.1361,-0.1883,1.9112,-0.0985,0.9215,0.9995
Slc45a3,Slc45a3,46.8158,-0.0102,0.3871,-0.0265,0.9789,0.9995
Slc45a4,Slc45a4,2016.1997,-0.0634,0.0614,-1.0331,0.3016,0.9995
Slc46a1,Slc46a1,526.8869,0.044,0.1362,0.3231,0.7466,0.9995
Slc46a3,Slc46a3,125.5107,-0.0685,0.1578,-0.4342,0.6641,0.9995
Slc47a1,Slc47a1,1.1362,1.9237,1.8133,1.0609,0.2887,0.9995
Slc47a2,Slc47a2,2.2838,0.6224,0.9426,0.6603,0.509,0.9995
Slc48a1,Slc48a1,9353.6567,0.1458,0.2862,0.5094,0.6105,0.9995
Slc4a10,Slc4a10,0.6871,0.1347,1.7337,0.0777,0.9381,0.9995
Slc4a11,Slc4a11,101.0061,0.0856,0.1705,0.5022,0.6155,0.9995
Slc4a1ap,Slc4a1ap,1333.8464,-0.0252,0.0639,-0.3947,0.6931,0.9995
Slc4a2,Slc4a2,5355.3277,-0.0031,0.1015,-0.0303,0.9758,0.9995
Slc4a3,Slc4a3,1284.3326,0.1621,0.2096,0.7731,0.4395,0.9995
Slc4a4,Slc4a4,81.4964,-0.5438,0.4788,-1.1357,0.2561,0.9995
Slc4a5,Slc4a5,2.1644,1.027,1.0932,0.9394,0.3475,0.9995
Slc4a7,Slc4a7,2813.2398,-0.0615,0.2096,-0.2933,0.7693,0.9995
Slc4a8,Slc4a8,749.2054,-0.06,0.2493,-0.2405,0.81,0.9995
Slc50a1,Slc50a1,1145.0825,0.0468,0.121,0.3867,0.699,0.9995
Slc51a,Slc51a,2.174,-0.1389,0.9027,-0.1539,0.8777,0.9995
Slc51b,Slc51b,4.5599,-0.7789,0.8068,-0.9654,0.3344,0.9995
Slc52a2,Slc52a2,842.5893,0.0326,0.0812,0.4015,0.688,0.9995
Slc52a3,Slc52a3,2.0537,-0.6741,1.0014,-0.6731,0.5009,0.9995
Slc5a10,Slc5a10,0.5731,0.7118,2.0543,0.3465,0.729,0.9995
Slc5a2,Slc5a2,1.139,1.1018,1.613,0.6831,0.4945,0.9995
Slc5a3,Slc5a3,1732.5845,-0.0378,0.146,-0.259,0.7957,0.9995
Slc5a4a,Slc5a4a,0.5674,-1.0545,2.401,-0.4392,0.6605,0.9995
Slc5a5,Slc5a5,140.1323,0.1087,0.3263,0.3331,0.739,0.9995
Slc5a6,Slc5a6,480.2642,0.1056,0.0875,1.2066,0.2276,0.9995
Slc5a7,Slc5a7,63.0247,0.1698,0.2398,0.7078,0.4791,0.9995
Slc5a8,Slc5a8,1.3698,1.5922,1.2843,1.2398,0.2151,0.9995
Slc6a12,Slc6a12,1.362,0.8769,1.8955,0.4626,0.6436,0.9995
Slc6a13,Slc6a13,1.4879,-0.0971,1.1451,-0.0848,0.9324,0.9995
Slc6a15,Slc6a15,1.4875,-1.586,1.3443,-1.1798,0.2381,0.9995
Slc6a17,Slc6a17,774.067,0.0706,0.2342,0.3014,0.7631,0.9995
Slc6a19,Slc6a19,46.1673,0.3212,0.2218,1.4483,0.1475,0.9995
Slc6a2,Slc6a2,401.7572,-0.1119,0.1269,-0.8814,0.3781,0.9995
Slc6a4,Slc6a4,0.3446,0.9378,2.6503,0.3539,0.7234,0.9995
Slc6a6,Slc6a6,31116.9975,-0.1215,0.1337,-0.909,0.3634,0.9995
Slc6a7,Slc6a7,92.1242,0.2714,0.4102,0.6616,0.5082,0.9995
Slc6a8,Slc6a8,8080.9454,0.1235,0.2058,0.6,0.5485,0.9995
Slc6a9,Slc6a9,2865.7478,0.1028,0.3219,0.3193,0.7495,0.9995
Slc7a1,Slc7a1,3415.3524,-0.0542,0.1824,-0.2971,0.7664,0.9995
Slc7a11,Slc7a11,2312.3136,-0.2158,0.2213,-0.9751,0.3295,0.9995
Slc7a15,Slc7a15,3.5397,0.4756,0.8671,0.5485,0.5834,0.9995
Slc7a2,Slc7a2,7224.548,-0.1726,0.1639,-1.0531,0.2923,0.9995
Slc7a3,Slc7a3,17.127,-0.121,0.4431,-0.273,0.7848,0.9995
Slc7a4,Slc7a4,207.2459,0.1653,0.2554,0.6471,0.5175,0.9995
Slc7a5,Slc7a5,7805.8674,0.0278,0.1236,0.2252,0.8218,0.9995
Slc7a6,Slc7a6,2094.9006,0.0267,0.0793,0.3363,0.7367,0.9995
Slc7a6os,Slc7a6os,970.2815,0.0569,0.0678,0.8393,0.4013,0.9995
Slc7a7,Slc7a7,119.0711,0.1843,0.1612,1.1435,0.2528,0.9995
Slc7a8,Slc7a8,0.9116,0.0635,2.3156,0.0274,0.9781,0.9995
Slc8a1,Slc8a1,1645.2795,-0.0308,0.1133,-0.272,0.7856,0.9995
Slc8a2,Slc8a2,2.5178,-0.6849,0.9463,-0.7238,0.4692,0.9995
Slc8a3,Slc8a3,12.9242,-0.454,0.4431,-1.0247,0.3055,0.9995
Slc8b1,Slc8b1,1663.511,0.0854,0.1359,0.628,0.53,0.9995
Slc9a1,Slc9a1,2788.3039,0.0452,0.108,0.4182,0.6758,0.9995
Slc9a2,Slc9a2,610.5064,-0.172,0.1646,-1.0446,0.2962,0.9995
Slc9a3r1,Slc9a3r1,1095.6177,-0.0744,0.1904,-0.3909,0.6959,0.9995
Slc9a3r2,Slc9a3r2,898.2947,0.188,0.1272,1.4785,0.1393,0.9995
Slc9a4,Slc9a4,25.7133,0.2491,0.3277,0.7602,0.4471,0.9995
Slc9a5,Slc9a5,495.8499,0.0262,0.1108,0.236,0.8134,0.9995
Slc9a6,Slc9a6,1552.201,-0.0509,0.0698,-0.7287,0.4662,0.9995
Slc9a7,Slc9a7,13.2703,-0.6805,0.4519,-1.5057,0.1321,0.9995
Slc9a8,Slc9a8,1855.5293,0.0379,0.1093,0.347,0.7286,0.9995
Slc9a9,Slc9a9,3057.1253,-0.1132,0.1316,-0.8602,0.3897,0.9995
Slc9b1,Slc9b1,1.2548,0.7883,1.2503,0.6304,0.5284,0.9995
Slc9b2,Slc9b2,23.868,0.0206,0.3606,0.0571,0.9544,0.9995
Slco1a5,Slco1a5,11.7665,0.2267,0.5799,0.3909,0.6958,0.9995
Slco1a6,Slco1a6,0.5721,0.6869,2.5078,0.2739,0.7842,0.9995
Slco1b2,Slco1b2,0.8038,-0.2765,1.6652,-0.166,0.8681,0.9995
Slco2a1,Slco2a1,11.413,0.1515,0.5222,0.2902,0.7717,0.9995
Slco2b1,Slco2b1,5.3714,0.498,0.7046,0.7068,0.4797,0.9995
Slco3a1,Slco3a1,2137.2876,-0.0111,0.1123,-0.0989,0.9212,0.9995
Slco4a1,Slco4a1,49.7874,0.2472,0.833,0.2968,0.7666,0.9995
Slco5a1,Slco5a1,167.5639,0.2522,0.3747,0.673,0.5009,0.9995
SlcUbl4a,SlcUbl4a,1.8204,1.0042,1.1809,0.8504,0.3951,0.9995
Slfn10-ps,Slfn10-ps,1.2569,-1.7419,1.4057,-1.2392,0.2153,0.9995
Slfn2,Slfn2,23.4729,0.0691,0.8849,0.0781,0.9378,0.9995
Slfn3,Slfn3,3.6566,-0.3803,0.8069,-0.4713,0.6375,0.9995
Slfn4,Slfn4,1.4849,-0.2683,1.2273,-0.2186,0.827,0.9995
Slfn5,Slfn5,46.0709,-0.367,0.2334,-1.5725,0.1158,0.9995
Slfn5os,Slfn5os,1.1461,2.8983,1.8816,1.5403,0.1235,0.9995
Slfn8,Slfn8,2.2831,0.6164,1.0915,0.5647,0.5723,0.9995
Slfn9,Slfn9,40.3228,-0.1207,0.4987,-0.2421,0.8087,0.9995
Slfnl1,Slfnl1,0.5749,-0.3708,2.051,-0.1808,0.8566,0.9995
Slirp,Slirp,596.3104,0.3654,0.22,1.6612,0.0967,0.9995
Slit1,Slit1,16.3531,0.2041,0.4057,0.5031,0.6149,0.9995
Slit2,Slit2,3583.8671,-0.4499,0.2556,-1.7598,0.0784,0.9995
Slit3,Slit3,0.8006,-0.2771,1.6648,-0.1664,0.8678,0.9995
Slitrk4,Slitrk4,0.5712,1.8068,1.9545,0.9244,0.3553,0.9995
Slitrk5,Slitrk5,0.4568,0.2162,2.5715,0.0841,0.933,0.9995
Slk,Slk,2953.8859,0.0302,0.1587,0.1902,0.8491,0.9995
Slmap,Slmap,2752.7014,0.0103,0.1359,0.0756,0.9397,0.9995
Slmo1,Slmo1,106.6342,0.0091,0.1502,0.0604,0.9518,0.9995
Slmo2,Slmo2,2836.6,0.0811,0.094,0.8627,0.3883,0.9995
Slpi,Slpi,1780.1118,0.5971,0.9185,0.6501,0.5156,0.9995
Sltm,Sltm,1177.8469,0.1379,0.1554,0.8873,0.3749,0.9995
Slu7,Slu7,2643.1408,-0.0751,0.0854,-0.8801,0.3788,0.9995
Slurp1,Slurp1,3.9979,-0.1946,0.7968,-0.2442,0.8071,0.9995
Slx1b,Slx1b,307.0705,0.0681,0.1413,0.4819,0.6299,0.9995
Slx4,Slx4,1058.2449,-0.1763,0.0708,-2.4915,0.0127,0.9995
Slx4ip,Slx4ip,158.4618,0.061,0.1848,0.3301,0.7414,0.9995
Smad1,Smad1,2454.4296,-0.0201,0.0735,-0.2737,0.7843,0.9995
Smad2,Smad2,2384.3428,-0.0777,0.0654,-1.1874,0.2351,0.9995
Smad3,Smad3,4039.6791,-0.1028,0.1386,-0.7419,0.4581,0.9995
Smad4,Smad4,3662.719,-0.0398,0.0876,-0.4546,0.6494,0.9995
Smad5,Smad5,4533.1102,-0.145,0.0991,-1.463,0.1435,0.9995
Smad6,Smad6,380.2297,-0.0385,0.1076,-0.3576,0.7207,0.9995
Smad7,Smad7,671.1005,-0.1838,0.0984,-1.8677,0.0618,0.9995
Smad9,Smad9,172.5309,0.2565,0.2852,0.8995,0.3684,0.9995
Smagp,Smagp,8.5761,0.2617,0.5935,0.4409,0.6593,0.9995
Smap1,Smap1,1072.8351,-0.0893,0.0788,-1.1328,0.2573,0.9995
Smap2,Smap2,2151.5897,0.0116,0.0728,0.1595,0.8732,0.9995
Smarca1,Smarca1,0.3438,-0.475,2.6713,-0.1778,0.8589,0.9995
Smarca2,Smarca2,1663.7963,-0.1035,0.1083,-0.9558,0.3392,0.9995
Smarca4,Smarca4,6630.0189,-0.0236,0.0787,-0.2999,0.7642,0.9995
Smarca5,Smarca5,5437.4765,0.1726,0.169,1.0209,0.3073,0.9995
Smarca5-ps,Smarca5-ps,6.6284,0.1923,0.5305,0.3625,0.717,0.9995
Smarcad1,Smarcad1,901.2519,0.0123,0.1429,0.0862,0.9313,0.9995
Smarcal1,Smarcal1,1930.0364,-0.0259,0.0787,-0.3296,0.7417,0.9995
Smarcb1,Smarcb1,4241.2697,-0.0011,0.0695,-0.0155,0.9877,0.9995
Smarcc1,Smarcc1,4145.3549,-0.0881,0.126,-0.6992,0.4844,0.9995
Smarcc2,Smarcc2,6348.7113,-0.1151,0.0659,-1.7456,0.0809,0.9995
Smarcd1,Smarcd1,1329.7749,-0.0278,0.0742,-0.3745,0.708,0.9995
Smarcd2,Smarcd2,2138.5403,0.0405,0.0809,0.5002,0.6169,0.9995
Smarcd3,Smarcd3,2245.0884,0.0342,0.1419,0.2411,0.8094,0.9995
Smarce1,Smarce1,5395.2674,0.0293,0.07,0.418,0.6759,0.9995
Smc1a,Smc1a,3490.6788,-0.007,0.209,-0.0335,0.9733,0.9995
Smc1b,Smc1b,1.4853,0.5674,1.3353,0.425,0.6709,0.9995
Smc2,Smc2,750.2728,-0.058,0.3457,-0.1678,0.8667,0.9995
Smc2os,Smc2os,3.1966,-0.0195,0.7911,-0.0247,0.9803,0.9995
Smc3,Smc3,1328.5722,0.0017,0.1364,0.0122,0.9902,0.9995
Smc4,Smc4,1072.703,-0.1409,0.1792,-0.786,0.4319,0.9995
Smc5,Smc5,1208.6178,0.0204,0.153,0.1334,0.8938,0.9995
Smc6,Smc6,1287.8642,0.0119,0.1044,0.1141,0.9092,0.9995
Smchd1,Smchd1,1942.4943,-0.0025,0.1441,-0.0176,0.9859,0.9995
Smco3,Smco3,85.195,0.4701,0.501,0.9382,0.3481,0.9995
Smco4,Smco4,266.424,-0.0008,0.1142,-0.0068,0.9946,0.9995
Smcr8,Smcr8,2887.5748,-0.0566,0.0806,-0.7021,0.4826,0.9995
Smdt1,Smdt1,2253.0644,0.118,0.0956,1.2341,0.2172,0.9995
Smek1,Smek1,1551.9304,0.0117,0.1738,0.0672,0.9465,0.9995
Smek2,Smek2,1323.4182,0.0442,0.114,0.3875,0.6984,0.9995
Smg1,Smg1,3431.2186,-0.0665,0.1542,-0.4309,0.6665,0.9995
Smg5,Smg5,3745.0916,0.0387,0.0671,0.5771,0.5639,0.9995
Smg6,Smg6,2694.301,-0.0662,0.1225,-0.5406,0.5888,0.9995
Smg7,Smg7,2519.2303,-0.0225,0.071,-0.3175,0.7509,0.9995
Smg8,Smg8,1714.5568,-0.0492,0.0682,-0.7215,0.4706,0.9995
Smg9,Smg9,554.4106,0.0794,0.1548,0.5129,0.608,0.9995
Smim1,Smim1,120.9456,0.0502,0.1649,0.3047,0.7606,0.9995
Smim10l1,Smim10l1,1664.0599,0.0963,0.1479,0.6516,0.5146,0.9995
Smim10l2a,Smim10l2a,2.4035,0.8036,0.9521,0.844,0.3987,0.9995
Smim11,Smim11,833.8288,0.0428,0.0856,0.4994,0.6175,0.9995
Smim12,Smim12,735.2623,-0.013,0.0953,-0.1368,0.8912,0.9995
Smim13,Smim13,1998.7017,-0.1069,0.1001,-1.0675,0.2858,0.9995
Smim14,Smim14,4584.2048,-0.0043,0.1553,-0.028,0.9777,0.9995
Smim15,Smim15,1672.8076,0.0662,0.1285,0.5152,0.6064,0.9995
Smim19,Smim19,1084.0271,0.0423,0.086,0.4916,0.623,0.9995
Smim20,Smim20,417.1854,0.0678,0.1306,0.5194,0.6035,0.9995
Smim22,Smim22,7.0806,0.677,0.5907,1.1461,0.2517,0.9995
Smim24,Smim24,1.2561,0.0879,1.6111,0.0546,0.9565,0.9995
Smim3,Smim3,1270.7616,0.0248,0.0993,0.2494,0.803,0.9995
Smim4,Smim4,212.994,0.046,0.128,0.3593,0.7194,0.9995
Smim5,Smim5,113.1295,0.3028,0.5268,0.5748,0.5654,0.9995
Smim6,Smim6,18.2938,0.3238,0.6461,0.5012,0.6162,0.9995
Smim7,Smim7,4657.7292,0.0968,0.0658,1.4712,0.1412,0.9995
Smim8,Smim8,388.5808,-0.0257,0.0937,-0.2739,0.7841,0.9995
Smkr-ps,Smkr-ps,1.6008,-1.4794,1.363,-1.0854,0.2777,0.9995
Smn1,Smn1,1040.1483,0.0919,0.072,1.2754,0.2022,0.9995
Smndc1,Smndc1,2323.656,0.0076,0.0585,0.1298,0.8967,0.9995
Smo,Smo,4324.2966,-0.0155,0.0738,-0.2102,0.8335,0.9995
Smoc1,Smoc1,54.9828,0.5053,0.2345,2.1547,0.0312,0.9995
Smoc2,Smoc2,675.8677,0.6714,0.3626,1.8514,0.0641,0.9995
Smox,Smox,1237.8807,0.0646,0.0927,0.6967,0.486,0.9995
Smpd1,Smpd1,2953.1287,0.0206,0.0784,0.2627,0.7928,0.9995
Smpd2,Smpd2,1016.2941,0.0584,0.1059,0.551,0.5817,0.9995
Smpd3,Smpd3,21.941,-0.1289,0.2984,-0.4319,0.6658,0.9995
Smpd4,Smpd4,1551.0259,0.0344,0.0614,0.5598,0.5756,0.9995
Smpd5,Smpd5,29.0295,0.0329,0.3152,0.1043,0.917,0.9995
Smpdl3a,Smpdl3a,717.6894,0.079,0.2239,0.3527,0.7243,0.9995
Smpdl3b,Smpdl3b,646.7214,0.1201,0.1236,0.9719,0.3311,0.9995
Smpx,Smpx,912.8644,0.3385,0.3696,0.9159,0.3597,0.9995
Sms,Sms,2471.059,0.1282,0.0912,1.4062,0.1597,0.9995
Smtn,Smtn,4817.4141,-0.0173,0.1403,-0.1235,0.9017,0.9995
Smtnl1,Smtnl1,11.4332,0.5016,0.5269,0.952,0.3411,0.9995
Smtnl2,Smtnl2,15.1996,0.2819,0.3743,0.7531,0.4514,0.9995
Smu1,Smu1,4066.1105,0.0379,0.073,0.5191,0.6037,0.9995
Smug1,Smug1,1322.6932,0.0973,0.0887,1.0967,0.2728,0.9995
Smurf1,Smurf1,4788.512,-0.0419,0.171,-0.2451,0.8064,0.9995
Smurf2,Smurf2,3328.8567,-0.1188,0.0963,-1.2336,0.2174,0.9995
Smyd1,Smyd1,2361.1813,0.1256,0.2319,0.5418,0.5879,0.9995
Smyd2,Smyd2,2569.2607,0.064,0.116,0.5521,0.5809,0.9995
Smyd3,Smyd3,707.0009,-0.0332,0.0958,-0.3466,0.7289,0.9995
Smyd4,Smyd4,882.9441,-0.0509,0.0653,-0.7805,0.4351,0.9995
Smyd5,Smyd5,1402.6295,0.0764,0.0754,1.0133,0.3109,0.9995
Snai1,Snai1,1664.5558,0.0919,0.0881,1.0433,0.2968,0.9995
Snai2,Snai2,1788.0205,-0.061,0.1494,-0.4081,0.6832,0.9995
Snai3,Snai3,12.6886,0.3773,0.789,0.4782,0.6325,0.9995
Snap23,Snap23,2111.138,-0.1027,0.1316,-0.7807,0.435,0.9995
Snap29,Snap29,1808.9469,-0.0296,0.0944,-0.3139,0.7536,0.9995
Snap47,Snap47,3043.6683,-0.0289,0.0996,-0.29,0.7719,0.9995
Snap91,Snap91,1.3732,-0.3762,1.4014,-0.2684,0.7884,0.9995
Snapc1,Snapc1,657.217,0.0592,0.0772,0.7679,0.4425,0.9995
Snapc2,Snapc2,1174.0128,0.0583,0.0862,0.6764,0.4988,0.9995
Snapc3,Snapc3,805.1108,0.1153,0.1096,1.0518,0.2929,0.9995
Snapc4,Snapc4,728.6217,-0.015,0.1542,-0.0971,0.9226,0.9995
Snapc5,Snapc5,498.2271,0.1002,0.0971,1.0317,0.3022,0.9995
Snapin,Snapin,3561.5686,0.0114,0.066,0.1729,0.8627,0.9995
Sncaip,Sncaip,181.4332,-0.056,0.2025,-0.2767,0.782,0.9995
Sncg,Sncg,25.8384,0.1375,0.3301,0.4164,0.6771,0.9995
Snd1,Snd1,10262.5756,-0.0432,0.0754,-0.5729,0.5667,0.9995
Sned1,Sned1,102.2765,-0.1365,0.1961,-0.6958,0.4866,0.9995
Snf8,Snf8,2016.371,0.1034,0.0747,1.3839,0.1664,0.9995
Snhg1,Snhg1,935.0767,0.1324,0.1771,0.7477,0.4546,0.9995
Snhg10,Snhg10,16.9046,0.1893,0.3965,0.4774,0.6331,0.9995
Snhg11,Snhg11,11.6491,-0.0757,0.5225,-0.1449,0.8848,0.9995
Snhg12,Snhg12,970.3162,0.2752,0.3842,0.7162,0.4739,0.9995
Snhg14,Snhg14,28.4636,-0.2846,0.3019,-0.9426,0.3459,0.9995
Snhg17,Snhg17,998.1963,0.047,0.1473,0.3191,0.7497,0.9995
Snhg18,Snhg18,776.2714,0.0489,0.1361,0.3597,0.7191,0.9995
Snhg20,Snhg20,177.0487,0.2742,0.1599,1.7148,0.0864,0.9995
Snhg3,Snhg3,293.0808,0.2593,0.1452,1.7859,0.0741,0.9995
Snhg4,Snhg4,282.7003,0.387,0.1899,2.0383,0.0415,0.9995
Snhg5,Snhg5,1832.7036,0.1596,0.272,0.5868,0.5573,0.9995
Snhg6,Snhg6,230.5518,0.3638,0.2377,1.5306,0.1259,0.9995
Snhg7,Snhg7,140.5828,0.5541,0.3243,1.7086,0.0875,0.9995
Snhg8,Snhg8,875.2665,0.178,0.2379,0.748,0.4544,0.9995
Snip1,Snip1,1258.3221,0.0213,0.0649,0.3283,0.7427,0.9995
Snn,Snn,1876.2363,0.0168,0.0857,0.1959,0.8447,0.9995
Snora15,Snora15,0.9119,1.5506,1.6786,0.9237,0.3556,0.9995
Snora16a,Snora16a,32.1011,0.1347,0.3225,0.4177,0.6762,0.9995
Snora17,Snora17,15.8306,1.3134,0.6141,2.1387,0.0325,0.9995
Snora20,Snora20,5.4765,0.2636,0.6394,0.4123,0.6801,0.9995
Snora21,Snora21,6.2865,-0.4829,0.6574,-0.7345,0.4627,0.9995
Snora23,Snora23,1.941,-0.7668,1.2288,-0.624,0.5326,0.9995
Snora28,Snora28,27.6617,-0.1169,0.363,-0.3221,0.7474,0.9995
Snora2b,Snora2b,15.7772,-0.5333,0.3638,-1.4661,0.1426,0.9995
Snora3,Snora3,36.1269,-0.4061,0.2764,-1.4695,0.1417,0.9995
Snora30,Snora30,1.944,0.535,0.9908,0.54,0.5892,0.9995
Snora31,Snora31,44.7829,0.0738,0.2335,0.3161,0.7519,0.9995
Snora33,Snora33,27.2782,0.1675,0.3437,0.4873,0.6261,0.9995
Snora34,Snora34,15.2753,-0.0409,0.5123,-0.0798,0.9364,0.9995
Snora41,Snora41,30.1667,-0.2265,0.288,-0.7864,0.4316,0.9995
Snora43,Snora43,15.9755,0.5014,0.5227,0.9591,0.3375,0.9995
Snora44,Snora44,11.9854,0.0597,0.4548,0.1312,0.8956,0.9995
Snora47,Snora47,1.2506,1.2889,1.9014,0.6779,0.4979,0.9995
Snora52,Snora52,12.689,0.1509,0.3842,0.3927,0.6946,0.9995
Snora5c,Snora5c,7.8917,-0.0469,0.5711,-0.0821,0.9345,0.9995
Snora61,Snora61,20.467,0.2018,0.3372,0.5985,0.5495,0.9995
Snora62,Snora62,5.9453,-0.4932,0.673,-0.7329,0.4636,0.9995
Snora64,Snora64,42.3031,-0.3366,0.2704,-1.2448,0.2132,0.9995
Snora65,Snora65,99.67,-0.2056,0.1457,-1.411,0.1583,0.9995
Snora68,Snora68,8.5764,-0.0468,0.6311,-0.0741,0.9409,0.9995
Snora69,Snora69,8.9133,0.5948,0.4817,1.2349,0.2169,0.9995
Snora70,Snora70,55.7109,-0.3304,0.234,-1.4117,0.158,0.9995
Snora74a,Snora74a,8.6897,0.6442,0.5333,1.208,0.2271,0.9995
Snora75,Snora75,5.9535,-0.447,0.6375,-0.7013,0.4831,0.9995
Snora78,Snora78,2.8516,-0.0081,0.8308,-0.0098,0.9922,0.9995
Snora7a,Snora7a,41.7991,-0.1002,0.2535,-0.3951,0.6928,0.9995
Snora81,Snora81,41.8838,-0.5348,0.3988,-1.3408,0.18,0.9995
Snord100,Snord100,27.6676,-0.4591,0.3006,-1.5273,0.1267,0.9995
Snord104,Snord104,29.9282,0.1531,0.2692,0.5686,0.5696,0.9995
Snord110,Snord110,0.7992,-1.7991,1.8522,-0.9714,0.3314,0.9995
Snord111,Snord111,0.4578,1.4194,2.4892,0.5702,0.5685,0.9995
Snord12,Snord12,41.0359,0.3371,0.2334,1.4441,0.1487,0.9995
Snord123,Snord123,8.09,0.3927,0.8102,0.4846,0.6279,0.9995
Snord15a,Snord15a,1.7148,-1.6364,1.219,-1.3424,0.1795,0.9995
Snord15b,Snord15b,5.9557,-0.3351,0.6294,-0.5324,0.5944,0.9995
Snord16a,Snord16a,22.3131,-0.2316,0.4083,-0.5673,0.5705,0.9995
Snord17,Snord17,1.4848,-0.2706,1.1807,-0.2292,0.8187,0.9995
Snord19,Snord19,8.796,-0.2621,0.5103,-0.5136,0.6075,0.9995
Snord1b,Snord1b,0.6875,1.0838,2.0113,0.5389,0.59,0.9995
Snord1c,Snord1c,6.4058,-0.0168,0.6845,-0.0245,0.9805,0.9995
Snord2,Snord2,19.467,-0.5606,0.4283,-1.3088,0.1906,0.9995
Snord22,Snord22,27.1946,-0.1372,0.3119,-0.4398,0.6601,0.9995
Snord23,Snord23,1.3705,-0.5601,1.3625,-0.4111,0.681,0.9995
Snord32a,Snord32a,3.095,0.0042,0.8436,0.0049,0.9961,0.9995
Snord34,Snord34,1.0325,-0.2163,1.5276,-0.1416,0.8874,0.9995
Snord35a,Snord35a,4.1224,-0.376,0.7766,-0.4841,0.6283,0.9995
Snord35b,Snord35b,1.8327,-0.2681,1.2633,-0.2122,0.8319,0.9995
Snord37,Snord37,1.7175,-0.8668,1.1212,-0.7731,0.4395,0.9995
Snord42a,Snord42a,2.9807,0.1024,0.9129,0.1122,0.9106,0.9995
Snord42b,Snord42b,17.8172,-0.0439,0.3517,-0.1248,0.9007,0.9995
Snord43,Snord43,5.2589,0.5158,0.7275,0.709,0.4783,0.9995
Snord45b,Snord45b,15.1032,-0.2127,0.3955,-0.5377,0.5908,0.9995
Snord47,Snord47,10.7387,0.0908,0.5313,0.1709,0.8643,0.9995
Snord49a,Snord49a,33.1339,-0.0187,0.2805,-0.0667,0.9468,0.9995
Snord49b,Snord49b,7.4182,-0.8155,0.6095,-1.338,0.1809,0.9995
Snord4a,Snord4a,17.9565,-0.212,0.3289,-0.6446,0.5192,0.9995
Snord52,Snord52,49.2691,0.0042,0.2054,0.0205,0.9836,0.9995
Snord53,Snord53,0.8008,0.5362,1.5182,0.3532,0.724,0.9995
Snord55,Snord55,13.2595,-0.7339,0.4366,-1.6809,0.0928,0.9995
Snord57,Snord57,0.8038,0.4928,1.937,0.2544,0.7992,0.9995
Snord58b,Snord58b,10.8529,0.3259,0.4243,0.7679,0.4425,0.9995
Snord64,Snord64,0.7979,-0.7131,1.9579,-0.3642,0.7157,0.9995
Snord65,Snord65,5.9523,0.1546,0.6195,0.2496,0.8029,0.9995
Snord67,Snord67,0.3426,-1.7793,2.6046,-0.6831,0.4945,0.9995
Snord68,Snord68,1.7195,-1.3343,1.3141,-1.0153,0.3099,0.9995
Snord69,Snord69,17.707,-0.1297,0.3667,-0.3536,0.7236,0.9995
Snord70,Snord70,0.6829,-0.2988,2.0294,-0.1473,0.8829,0.9995
Snord71,Snord71,1.3709,0.9996,1.2253,0.8158,0.4146,0.9995
Snord72,Snord72,36.7915,0.2119,0.269,0.7876,0.4309,0.9995
Snord73a,Snord73a,9.8352,-0.4395,0.5372,-0.8182,0.4133,0.9995
Snord8,Snord8,1.027,0.9585,1.4581,0.6574,0.5109,0.9995
Snord83b,Snord83b,13.615,0.2368,0.4548,0.5206,0.6026,0.9995
Snord87,Snord87,5.4724,-0.4574,0.7796,-0.5867,0.5574,0.9995
Snord88a,Snord88a,0.5687,-1.0589,2.0113,-0.5265,0.5986,0.9995
Snord88c,Snord88c,3.3093,0.7207,0.9205,0.783,0.4336,0.9995
Snord89,Snord89,8.7862,0.7408,0.5595,1.3239,0.1855,0.9995
Snord91a,Snord91a,13.1656,-0.8663,0.5039,-1.7191,0.0856,0.9995
Snord93,Snord93,0.6822,0.8894,2.0447,0.435,0.6636,0.9995
Snord95,Snord95,26.1598,0.0741,0.2771,0.2674,0.7892,0.9995
Snord96a,Snord96a,249.2186,0.1199,0.1389,0.8631,0.3881,0.9995
Snord98,Snord98,2.0603,-0.6744,1.0967,-0.6149,0.5386,0.9995
Snord99,Snord99,22.2896,0.2609,0.3039,0.8585,0.3906,0.9995
Snph,Snph,0.6864,-1.7968,1.9546,-0.9193,0.358,0.9995
Snrk,Snrk,1172.7019,-0.0159,0.0675,-0.2359,0.8135,0.9995
Snrnp200,Snrnp200,6653.4814,-0.0356,0.0685,-0.5196,0.6034,0.9995
Snrnp25,Snrnp25,426.6155,0.0653,0.0969,0.6734,0.5007,0.9995
Snrnp27,Snrnp27,1730.1,0.0234,0.0655,0.3573,0.7209,0.9995
Snrnp35,Snrnp35,418.2247,0.1226,0.0923,1.3274,0.1844,0.9995
Snrnp40,Snrnp40,1489.3341,0.0181,0.1209,0.15,0.8807,0.9995
Snrnp48,Snrnp48,397.8568,0.1331,0.1592,0.8357,0.4033,0.9995
Snrnp70,Snrnp70,5482.829,0.0302,0.0459,0.6589,0.51,0.9995
Snrpa,Snrpa,1675.6523,0.0694,0.079,0.8782,0.3799,0.9995
Snrpa1,Snrpa1,1192.1655,0.1002,0.1191,0.8414,0.4001,0.9995
Snrpb,Snrpb,5395.6616,0.1148,0.0983,1.1672,0.2431,0.9995
Snrpb2,Snrpb2,1914.6147,0.0237,0.0835,0.2839,0.7765,0.9995
Snrpc,Snrpc,1991.3254,0.1607,0.0737,2.1811,0.0292,0.9995
Snrpd1,Snrpd1,2174.313,0.0261,0.1431,0.1827,0.855,0.9995
Snrpd2,Snrpd2,1888.7081,0.0968,0.1039,0.9325,0.3511,0.9995
Snrpd3,Snrpd3,2731.9706,0.0554,0.08,0.6922,0.4888,0.9995
Snrpe,Snrpe,1939.6549,0.0989,0.1245,0.7941,0.4272,0.9995
Snrpg,Snrpg,1720.6567,0.146,0.1067,1.3678,0.1714,0.9995
Snrpn,Snrpn,3.3181,1.1723,0.7891,1.4855,0.1374,0.9995
Snta1,Snta1,2299.8597,0.0487,0.0842,0.5783,0.5631,0.9995
Sntb1,Sntb1,609.3607,-0.1588,0.2437,-0.6517,0.5146,0.9995
Sntb2,Sntb2,945.2586,-0.1419,0.1124,-1.2621,0.2069,0.9995
Sntg2,Sntg2,0.3453,-0.4801,2.6703,-0.1798,0.8573,0.9995
Snupn,Snupn,479.1533,0.1151,0.0946,1.2165,0.2238,0.9995
Snw1,Snw1,8724.1377,0.0531,0.1061,0.5002,0.6169,0.9995
Snx1,Snx1,8433.8132,0.0662,0.0767,0.8629,0.3882,0.9995
Snx10,Snx10,930.6258,-0.0315,0.1353,-0.2328,0.8159,0.9995
Snx11,Snx11,1184.5034,0.1668,0.0846,1.9719,0.0486,0.9995
Snx12,Snx12,2772.0066,0.0451,0.0601,0.7499,0.4533,0.9995
Snx13,Snx13,1980.6419,0.003,0.1494,0.0199,0.9841,0.9995
Snx14,Snx14,1612.6323,-0.1333,0.1011,-1.319,0.1872,0.9995
Snx15,Snx15,863.4923,0.1174,0.0696,1.6856,0.0919,0.9995
Snx16,Snx16,512.3105,-0.1412,0.123,-1.1478,0.2511,0.9995
Snx17,Snx17,4363.2444,0.1269,0.0899,1.4113,0.1582,0.9995
Snx18,Snx18,7657.7198,-0.2056,0.1197,-1.7178,0.0858,0.9995
Snx19,Snx19,2371.2971,-0.0425,0.0885,-0.4805,0.6309,0.9995
Snx2,Snx2,2911.0482,-0.0818,0.0708,-1.1561,0.2476,0.9995
Snx20,Snx20,1.257,-1.945,1.4765,-1.3173,0.1877,0.9995
Snx21,Snx21,977.3184,0.0134,0.085,0.1577,0.8747,0.9995
Snx22,Snx22,94.2187,0.4053,0.2699,1.5019,0.1331,0.9995
Snx24,Snx24,1196.005,-0.0186,0.103,-0.1803,0.8569,0.9995
Snx25,Snx25,1272.7831,-0.0055,0.0937,-0.0587,0.9532,0.9995
Snx27,Snx27,3287.0123,-0.0915,0.0714,-1.2815,0.2,0.9995
Snx29,Snx29,217.2797,-0.0181,0.286,-0.0633,0.9495,0.9995
Snx3,Snx3,5820.8384,-0.003,0.0831,-0.0363,0.9711,0.9995
Snx30,Snx30,888.0292,-0.0733,0.1526,-0.4799,0.6313,0.9995
Snx32,Snx32,203.868,0.0936,0.1711,0.547,0.5844,0.9995
Snx33,Snx33,1911.0911,-0.0262,0.1465,-0.1792,0.8578,0.9995
Snx4,Snx4,4371.3223,-0.0263,0.0817,-0.3215,0.7478,0.9995
Snx5,Snx5,5598.7519,-0.0655,0.0627,-1.0443,0.2964,0.9995
Snx6,Snx6,5054.1151,-0.1052,0.0536,-1.9617,0.0498,0.9995
Snx7,Snx7,4039.2229,0.1135,0.0798,1.4217,0.1551,0.9995
Snx8,Snx8,1299.6187,0.0495,0.0681,0.7265,0.4675,0.9995
Snx9,Snx9,5319.5697,-0.0606,0.1386,-0.4375,0.6617,0.9995
Soat1,Soat1,4156.7411,0.0817,0.1395,0.5855,0.5582,0.9995
Soat2,Soat2,2.8528,0.2535,0.8763,0.2893,0.7723,0.9995
Sobp,Sobp,245.4519,-0.0573,0.2457,-0.2332,0.8156,0.9995
Socs1,Socs1,173.6439,0.066,0.1299,0.5083,0.6113,0.9995
Socs2,Socs2,2390.4717,-0.0458,0.1739,-0.2631,0.7924,0.9995
Socs3,Socs3,3620.2493,0.0518,0.2595,0.1995,0.8419,0.9995
Socs4,Socs4,245.1697,-0.0147,0.1337,-0.1101,0.9123,0.9995
Socs5,Socs5,3615.6932,-0.0812,0.0447,-1.8171,0.0692,0.9995
Socs6,Socs6,958.9032,-0.0449,0.1337,-0.3355,0.7373,0.9995
Socs7,Socs7,1592.2425,-0.0623,0.093,-0.6697,0.5031,0.9995
Sod1,Sod1,4807.8369,0.0072,0.1041,0.0695,0.9446,0.9995
Sod2,Sod2,7260.3466,0.2313,0.3777,0.6125,0.5402,0.9995
Sod3,Sod3,7780.6447,0.0632,0.1236,0.5114,0.609,0.9995
Soga1,Soga1,4442.1172,-0.1806,0.1118,-1.6146,0.1064,0.9995
Soga3,Soga3,73.2626,-0.1362,0.355,-0.3835,0.7014,0.9995
Sohlh2,Sohlh2,67.7316,-0.0191,0.3261,-0.0587,0.9532,0.9995
Son,Son,9009.8664,-0.119,0.1349,-0.8821,0.3777,0.9995
Sorbs1,Sorbs1,3133.5257,-0.0546,0.1695,-0.322,0.7475,0.9995
Sorbs2,Sorbs2,4743.4966,-0.2143,0.1891,-1.1331,0.2572,0.9995
Sorbs2os,Sorbs2os,10.6313,-0.1452,0.464,-0.313,0.7543,0.9995
Sorbs3,Sorbs3,3182.5115,-0.0477,0.069,-0.691,0.4896,0.9995
Sorcs1,Sorcs1,92.8901,-0.4638,0.2589,-1.7913,0.0732,0.9995
Sorcs2,Sorcs2,4177.4207,-0.1831,0.1718,-1.0658,0.2865,0.9995
Sord,Sord,2500.1992,0.1968,0.1926,1.022,0.3068,0.9995
Sorl1,Sorl1,1.7179,-1.8348,1.2023,-1.526,0.127,0.9995
Sort1,Sort1,547.0807,0.1229,0.185,0.6642,0.5066,0.9995
Sos1,Sos1,1397.6782,-0.0346,0.1481,-0.2337,0.8152,0.9995
Sos2,Sos2,1271.224,-0.0431,0.1106,-0.3896,0.6969,0.9995
Sost,Sost,1.1414,0.099,1.5486,0.0639,0.949,0.9995
Sowaha,Sowaha,1.0272,-0.2118,1.5263,-0.1388,0.8896,0.9995
Sowahb,Sowahb,0.3441,-1.7844,2.6033,-0.6854,0.4931,0.9995
Sowahc,Sowahc,389.8172,-0.0978,0.162,-0.604,0.5458,0.9995
Sox11,Sox11,3849.1906,-0.0785,0.2954,-0.2659,0.7903,0.9995
Sox12,Sox12,288.0215,0.0673,0.1566,0.4301,0.6671,0.9995
Sox13,Sox13,96.4135,-0.2397,0.2287,-1.0479,0.2947,0.9995
Sox15,Sox15,0.5723,-1.4755,1.7634,-0.8367,0.4028,0.9995
Sox18,Sox18,6.8559,-0.1408,0.5557,-0.2534,0.7999,0.9995
Sox30,Sox30,3.8864,-0.179,1.127,-0.1588,0.8738,0.9995
Sox4,Sox4,2087.648,-0.2566,0.1353,-1.8961,0.0579,0.9995
Sox5,Sox5,121.4085,0.0269,0.245,0.1098,0.9126,0.9995
Sox6,Sox6,2.2946,-0.2866,1.2615,-0.2272,0.8203,0.9995
Sox8,Sox8,532.4578,0.1078,0.7533,0.1431,0.8862,0.9995
Sox9,Sox9,1525.1858,-0.3357,0.208,-1.6144,0.1064,0.9995
Sp1,Sp1,4956.0856,-0.2175,0.1503,-1.4467,0.148,0.9995
Sp100,Sp100,107.9746,-0.2482,0.2483,-0.9996,0.3175,0.9995
Sp140,Sp140,10.2826,-0.0087,0.4767,-0.0181,0.9855,0.9995
Sp2,Sp2,631.4898,-0.1302,0.1038,-1.255,0.2095,0.9995
Sp3,Sp3,2309.7421,0,0.1485,-0.0001,0.9999,1
Sp3os,Sp3os,80.6773,-0.2078,0.2709,-0.767,0.4431,0.9995
Sp4,Sp4,249.8185,0.0188,0.1948,0.0968,0.9229,0.9995
Sp6,Sp6,265.541,0.0106,0.103,0.1032,0.9178,0.9995
Sp7,Sp7,5.2583,0.5509,0.6579,0.8374,0.4024,0.9995
Sp8,Sp8,20.5856,-0.4755,0.4649,-1.0227,0.3065,0.9995
Sp9,Sp9,4.108,-0.1045,0.7368,-0.1419,0.8872,0.9995
Spa17,Spa17,23.318,-0.2608,0.3404,-0.7661,0.4436,0.9995
Spaca4,Spaca4,0.57,0.7098,2.0552,0.3454,0.7298,0.9995
Spaca5,Spaca5,0.6892,-0.781,1.9693,-0.3966,0.6917,0.9995
Spaca6,Spaca6,106.2112,0.3876,0.2319,1.6717,0.0946,0.9995
Spag1,Spag1,161.6851,-0.2099,0.2003,-1.048,0.2947,0.9995
Spag17,Spag17,5.2475,0.3142,0.6789,0.4628,0.6435,0.9995
Spag4,Spag4,33.4576,0.1413,0.3271,0.4319,0.6658,0.9995
Spag5,Spag5,1018.1802,-0.1806,0.4196,-0.4305,0.6669,0.9995
Spag6l,Spag6l,15.4225,0.0544,0.3613,0.1506,0.8803,0.9995
Spag7,Spag7,1995.0758,0.0477,0.0464,1.0272,0.3043,0.9995
Spag8,Spag8,6.5271,-0.6084,0.6976,-0.8721,0.3832,0.9995
Spag9,Spag9,7176.1268,-0.0747,0.128,-0.5833,0.5597,0.9995
Sparc,Sparc,187211.7468,-0.0197,0.1805,-0.1091,0.9131,0.9995
Sparcl1,Sparcl1,20.9228,0.5448,0.3584,1.5199,0.1285,0.9995
Spast,Spast,2025.704,-0.0716,0.128,-0.5598,0.5756,0.9995
Spata1,Spata1,58.5192,0.0344,0.2592,0.1328,0.8944,0.9995
Spata13,Spata13,519.8258,-0.2506,0.2691,-0.9311,0.3518,0.9995
Spata17,Spata17,3.7791,-0.3866,0.7443,-0.5194,0.6035,0.9995
Spata18,Spata18,0.9148,0.8362,1.5803,0.5291,0.5967,0.9995
Spata2,Spata2,1463.0624,0.0041,0.0998,0.0411,0.9673,0.9995
Spata20,Spata20,2.6275,0.2137,1.0653,0.2006,0.841,0.9995
Spata21,Spata21,1.0284,-3.3649,1.7276,-1.9477,0.0515,0.9995
Spata22,Spata22,0.4585,0.2198,2.1461,0.1024,0.9184,0.9995
Spata24,Spata24,155.5801,0.0023,0.1477,0.0159,0.9873,0.9995
Spata25,Spata25,2.7436,-0.4593,0.8289,-0.5541,0.5795,0.9995
Spata2l,Spata2l,61.1271,0.0684,0.2189,0.3124,0.7548,0.9995
Spata32,Spata32,0.9179,-0.59,1.4635,-0.4032,0.6868,0.9995
Spata33,Spata33,23.7396,0.4119,0.3349,1.2298,0.2188,0.9995
Spata4,Spata4,1.3728,-0.3569,1.2023,-0.2968,0.7666,0.9995
Spata45,Spata45,1.1428,0.5446,1.3936,0.3907,0.696,0.9995
Spata5,Spata5,1156.6693,-0.0582,0.0648,-0.8987,0.3688,0.9995
Spata5l1,Spata5l1,144.6599,0.0528,0.2455,0.2149,0.8298,0.9995
Spata6,Spata6,1421.9743,-0.1381,0.1041,-1.3271,0.1845,0.9995
Spata7,Spata7,395.1136,-0.0564,0.1065,-0.529,0.5968,0.9995
Spata9,Spata9,20.0103,0.0716,0.3371,0.2125,0.8317,0.9995
Spatc1,Spatc1,1.8201,0.6333,1.5252,0.4152,0.678,0.9995
Spats1,Spats1,2.1732,0.2457,1.0814,0.2272,0.8203,0.9995
Spats2,Spats2,2466.0054,-0.0267,0.0622,-0.4288,0.668,0.9995
Spats2l,Spats2l,1094.711,0.482,0.3452,1.3964,0.1626,0.9995
Spc24,Spc24,345.0586,0.0523,0.6789,0.077,0.9386,0.9995
Spc25,Spc25,883.4631,-0.1531,0.3946,-0.3879,0.6981,0.9995
Spcs1,Spcs1,7235.6085,0.106,0.0545,1.9438,0.0519,0.9995
Spcs2,Spcs2,5586.3174,-0.0471,0.1086,-0.4333,0.6648,0.9995
Spcs3,Spcs3,7009.0167,-0.1364,0.1322,-1.0316,0.3022,0.9995
Spdef,Spdef,2.9671,0.8662,0.8576,1.01,0.3125,0.9995
Spdl1,Spdl1,258.8075,-0.1553,0.3993,-0.3889,0.6974,0.9995
Spdya,Spdya,9.3697,0.3807,0.5078,0.7497,0.4535,0.9995
Specc1,Specc1,2923.2319,-0.1554,0.1473,-1.0553,0.2913,0.9995
Specc1l,Specc1l,4920.1259,-0.0985,0.1019,-0.9665,0.3338,0.9995
Speer3,Speer3,1.1403,0.3759,1.4724,0.2553,0.7985,0.9995
Speer4a,Speer4a,2.6159,-0.0162,1.2405,-0.0131,0.9896,0.9995
Speer4e,Speer4e,1.4823,1.1741,1.3624,0.8618,0.3888,0.9995
Spef1,Spef1,642.2806,0.0675,0.2061,0.3277,0.7431,0.9995
Spef2,Spef2,0.3438,-0.475,2.6713,-0.1778,0.8589,0.9995
Speg,Speg,2242.3353,-0.071,0.0874,-0.8125,0.4165,0.9995
Spem1,Spem1,1.0253,0.9633,1.6374,0.5883,0.5563,0.9995
Spen,Spen,2477.2855,-0.2358,0.0884,-2.6688,0.0076,0.9995
Spg11,Spg11,1372.6806,-0.1279,0.1171,-1.0917,0.275,0.9995
Spg20,Spg20,4448.0573,-0.0101,0.0612,-0.1646,0.8692,0.9995
Spg21,Spg21,5328.2068,0.0712,0.1333,0.5341,0.5933,0.9995
Spg7,Spg7,2482.4803,-0.0382,0.0694,-0.5508,0.5818,0.9995
Sphk1,Sphk1,2016.4972,0.1168,0.2274,0.5136,0.6075,0.9995
Sphk2,Sphk2,1053.3597,-0.0027,0.0735,-0.0362,0.9711,0.9995
Spi1,Spi1,1.8265,1.0744,1.039,1.0341,0.3011,0.9995
Spib,Spib,1.0282,-0.2199,1.5734,-0.1398,0.8888,0.9995
Spice1,Spice1,764.4587,-0.1251,0.0815,-1.5341,0.125,0.9995
Spidr,Spidr,1289.8556,-0.2195,0.1682,-1.3054,0.1918,0.9995
Spin1,Spin1,4343.7127,-0.0356,0.0697,-0.5106,0.6096,0.9995
Spin2c,Spin2c,12.8028,0.1408,0.3992,0.3528,0.7242,0.9995
Spin4,Spin4,134.1179,-0.1386,0.1686,-0.8223,0.4109,0.9995
Spink10,Spink10,3.0852,-0.5054,0.8101,-0.6239,0.5327,0.9995
Spink13,Spink13,0.3421,0.9335,2.6545,0.3517,0.7251,0.9995
Spink2,Spink2,0.3428,-1.7798,2.6044,-0.6834,0.4944,0.9995
Spink4,Spink4,3.0905,0.3687,0.8771,0.4204,0.6742,0.9995
Spink5,Spink5,6.3731,0.5135,0.9694,0.5297,0.5963,0.9995
Spink8,Spink8,0.4593,0.2144,2.1462,0.0999,0.9204,0.9995
Spint1,Spint1,334.8194,-0.0134,0.2287,-0.0585,0.9533,0.9995
Spint2,Spint2,4.1198,1.4068,0.8694,1.6181,0.1056,0.9995
Spire1,Spire1,3961.0761,-0.0709,0.0982,-0.7213,0.4707,0.9995
Spire2,Spire2,164.5332,0.113,0.2455,0.4604,0.6452,0.9995
Spn,Spn,805.4382,0.0018,0.1278,0.014,0.9888,0.9995
Spns1,Spns1,1321.0241,-0.0129,0.0841,-0.1535,0.878,0.9995
Spns2,Spns2,24.0082,0.076,0.32,0.2376,0.8122,0.9995
Spns3,Spns3,1.0305,-0.1892,1.3074,-0.1447,0.8849,0.9995
Spock1,Spock1,14.5025,0.3693,0.7405,0.4987,0.618,0.9995
Spock2,Spock2,2167.5423,-0.027,0.1097,-0.2464,0.8054,0.9995
Spon1,Spon1,7.4404,-0.483,0.6335,-0.7625,0.4457,0.9995
Spon2,Spon2,2184.8739,-0.1133,0.2995,-0.3781,0.7054,0.9995
Spop,Spop,6815.7144,0.0119,0.114,0.1045,0.9168,0.9995
Spopl,Spopl,599.0293,-0.0902,0.1393,-0.6476,0.5172,0.9995
Spp1,Spp1,78952.07,-0.0368,0.1835,-0.2003,0.8412,0.9995
Sppl2a,Sppl2a,4073.0317,-0.0255,0.1586,-0.1607,0.8723,0.9995
Sppl2b,Sppl2b,1086.0561,0.0488,0.0883,0.5519,0.581,0.9995
Sppl3,Sppl3,3556.5921,-0.0185,0.0989,-0.1872,0.8515,0.9995
Spr,Spr,933.9857,-0.0216,0.1314,-0.1647,0.8692,0.9995
Spred1,Spred1,3157.8859,-0.1149,0.1191,-0.964,0.335,0.9995
Spred2,Spred2,1702.4913,-0.1429,0.0898,-1.5909,0.1116,0.9995
Spred3,Spred3,290.9126,-0.0335,0.1157,-0.2895,0.7722,0.9995
Sprr1a,Sprr1a,146.6458,0.073,0.1992,0.3664,0.7141,0.9995
Sprr1b,Sprr1b,1.4831,0.2016,1.3549,0.1488,0.8817,0.9995
Sprr2b,Sprr2b,1.8194,0.977,1.4098,0.693,0.4883,0.9995
Sprr2d,Sprr2d,1.3691,-0.5633,1.381,-0.4079,0.6833,0.9995
Sprr2e,Sprr2e,9.458,0.1763,1.0231,0.1723,0.8632,0.9995
Sprr2f,Sprr2f,0.8035,-0.2954,1.8989,-0.1555,0.8764,0.9995
Sprr2g,Sprr2g,32.1564,-0.0351,0.7102,-0.0494,0.9606,0.9995
Sprr2h,Sprr2h,13.0946,0.3322,0.8777,0.3785,0.705,0.9995
Sprr2j-ps,Sprr2j-ps,3.1863,0.2848,1.2934,0.2202,0.8257,0.9995
Sprr2k,Sprr2k,4.6892,0.8437,0.8521,0.9901,0.3221,0.9995
Sprr3,Sprr3,1.8246,-0.3802,1.177,-0.3231,0.7467,0.9995
Sprtn,Sprtn,703.2096,-0.1,0.0875,-1.1426,0.2532,0.9995
Spry1,Spry1,1033.6358,-0.1034,0.1021,-1.0132,0.311,0.9995
Spry2,Spry2,3224.0813,-0.1864,0.1736,-1.0739,0.2829,0.9995
Spry4,Spry4,277.1995,-0.0991,0.1488,-0.6663,0.5052,0.9995
Spryd3,Spryd3,2625.3081,0.0319,0.0733,0.4345,0.6639,0.9995
Spryd4,Spryd4,659.7069,0.1127,0.107,1.054,0.2919,0.9995
Spryd7,Spryd7,635.6122,0.1562,0.082,1.9044,0.0569,0.9995
Spsb1,Spsb1,2878.2606,-0.1188,0.106,-1.1207,0.2624,0.9995
Spsb2,Spsb2,812.0063,0.0937,0.0948,0.9885,0.3229,0.9995
Spsb3,Spsb3,912.7176,0.1038,0.0785,1.3218,0.1862,0.9995
Spsb4,Spsb4,64.5037,-0.2321,0.2317,-1.0021,0.3163,0.9995
Spta1,Spta1,16.4613,0.4671,1.0694,0.4368,0.6622,0.9995
Sptan1,Sptan1,17167.1672,-0.0875,0.1039,-0.8421,0.3997,0.9995
Sptb,Sptb,39.2973,-0.0428,0.2815,-0.152,0.8792,0.9995
Sptbn1,Sptbn1,18798.9845,-0.2096,0.1282,-1.6357,0.1019,0.9995
Sptbn2,Sptbn2,129.4838,0.107,0.1946,0.5499,0.5824,0.9995
Sptbn4,Sptbn4,16.2515,-0.2416,0.3666,-0.659,0.5099,0.9995
Sptlc1,Sptlc1,2496.9165,0.0067,0.0989,0.0681,0.9457,0.9995
Sptlc2,Sptlc2,4523.7424,0.0743,0.2088,0.3557,0.7221,0.9995
Sptssa,Sptssa,3083.8169,0.0447,0.1255,0.3564,0.7215,0.9995
Spty2d1,Spty2d1,2074.6537,-0.1346,0.111,-1.2117,0.2256,0.9995
Spx,Spx,14.5096,0.1484,0.3911,0.3794,0.7044,0.9995
Sqle,Sqle,7951.8829,-0.1133,0.0965,-1.174,0.2404,0.9995
Sqrdl,Sqrdl,2086.5157,0.1765,0.3594,0.4912,0.6233,0.9995
Sqstm1,Sqstm1,34660.1694,0.0819,0.2035,0.4025,0.6873,0.9995
Sra1,Sra1,2233.2856,0.0541,0.0789,0.6861,0.4926,0.9995
Srbd1,Srbd1,941.7714,-0.0818,0.0719,-1.139,0.2547,0.9995
Src,Src,2301.5724,0.0007,0.0673,0.0105,0.9916,0.9995
Srcap,Srcap,3024.3873,-0.1291,0.0953,-1.355,0.1754,0.9995
Srd5a1,Srd5a1,146.3297,-0.0802,0.1654,-0.485,0.6277,0.9995
Srd5a2,Srd5a2,0.6859,-0.7858,1.9701,-0.3989,0.69,0.9995
Srd5a3,Srd5a3,920.7534,0.0202,0.1393,0.1447,0.8849,0.9995
Srebf1,Srebf1,3804.6449,-0.0214,0.0775,-0.2758,0.7827,0.9995
Srebf2,Srebf2,14183.4673,-0.1153,0.1101,-1.0475,0.2948,0.9995
Srek1,Srek1,1192.7713,-0.0633,0.1671,-0.3785,0.7051,0.9995
Srek1ip1,Srek1ip1,804.0726,0.0053,0.1259,0.042,0.9665,0.9995
Srf,Srf,2808.6291,-0.0072,0.1331,-0.0543,0.9567,0.9995
Srfbp1,Srfbp1,1387.5125,-0.0057,0.1154,-0.0491,0.9608,0.9995
Srgap1,Srgap1,117.324,0.1161,0.225,0.5159,0.6059,0.9995
Srgap2,Srgap2,1920.7739,-0.0156,0.0772,-0.2021,0.8398,0.9995
Srgap3,Srgap3,2631.8776,-0.0352,0.1445,-0.2433,0.8077,0.9995
Srgn,Srgn,110.6713,0.1062,0.2881,0.3685,0.7125,0.9995
Sri,Sri,2299.6485,0.067,0.0688,0.9729,0.3306,0.9995
Srl,Srl,9485.5111,0.1247,0.2561,0.4869,0.6263,0.9995
Srm,Srm,2462.0109,0.0931,0.1226,0.7589,0.4479,0.9995
Srp14,Srp14,4686.5241,0.0434,0.0545,0.7952,0.4265,0.9995
Srp19,Srp19,1974.2623,-0.0569,0.0708,-0.8041,0.4213,0.9995
Srp54a,Srp54a,169.5045,-0.1529,0.2211,-0.6916,0.4892,0.9995
Srp54b,Srp54b,468.7711,-0.0899,0.1543,-0.5827,0.5601,0.9995
Srp68,Srp68,5388.8444,0.0226,0.0504,0.4491,0.6534,0.9995
Srp72,Srp72,6411.0479,-0.0844,0.0657,-1.285,0.1988,0.9995
Srp9,Srp9,3423.9221,0.0224,0.0623,0.3599,0.7189,0.9995
Srpk1,Srpk1,1738.6081,0.0135,0.0794,0.1694,0.8655,0.9995
Srpk2,Srpk2,2586.6217,-0.0638,0.1005,-0.635,0.5254,0.9995
Srpk3,Srpk3,426.3273,0.101,0.2265,0.4457,0.6558,0.9995
Srpr,Srpr,10789.8914,0.0058,0.0968,0.06,0.9522,0.9995
Srprb,Srprb,4098.5763,0.0432,0.1151,0.3753,0.7075,0.9995
Srpx,Srpx,2.8609,0.1976,1.0626,0.1859,0.8525,0.9995
Srpx2,Srpx2,7632.4965,0.0724,0.1444,0.5015,0.616,0.9995
Srr,Srr,680.1602,-0.0439,0.1168,-0.3762,0.7068,0.9995
Srrd,Srrd,231.7487,0.0608,0.1271,0.4787,0.6322,0.9995
Srrm1,Srrm1,4755.2773,-0.0138,0.0728,-0.19,0.8493,0.9995
Srrm2,Srrm2,11473.8526,-0.2745,0.1537,-1.7867,0.074,0.9995
Srrm3,Srrm3,1.3735,1.0677,1.528,0.6987,0.4847,0.9995
Srrm4,Srrm4,4.1197,-0.4983,0.6954,-0.7166,0.4736,0.9995
Srrm4os,Srrm4os,42.071,0.0219,0.3793,0.0577,0.954,0.9995
Srrt,Srrt,3806.07,0.0141,0.0863,0.1636,0.8701,0.9995
Srsf1,Srsf1,7697.1266,0.0338,0.1321,0.2556,0.7983,0.9995
Srsf10,Srsf10,3196.2016,0.033,0.1626,0.203,0.8391,0.9995
Srsf11,Srsf11,2893.7272,0.0461,0.0855,0.5395,0.5896,0.9995
Srsf12,Srsf12,1.2597,-0.6816,1.3157,-0.5181,0.6044,0.9995
Srsf2,Srsf2,8217.521,0.1364,0.0907,1.5044,0.1325,0.9995
Srsf3,Srsf3,8858.0724,0.1099,0.0956,1.1495,0.2503,0.9995
Srsf4,Srsf4,533.1634,0.0191,0.1169,0.1634,0.8702,0.9995
Srsf5,Srsf5,9515.9217,-0.2546,0.1597,-1.5947,0.1108,0.9995
Srsf6,Srsf6,9295.3463,-0.1416,0.1238,-1.1436,0.2528,0.9995
Srsf7,Srsf7,4655.8489,-0.0006,0.0967,-0.006,0.9952,0.9995
Srsf9,Srsf9,1886.2534,0.0764,0.0824,0.9265,0.3542,0.9995
Srxn1,Srxn1,2388.3927,0.0104,0.2688,0.0386,0.9692,0.9995
Ss18,Ss18,2400.6194,-0.064,0.0699,-0.9152,0.3601,0.9995
Ss18l1,Ss18l1,319.8958,0.0601,0.1506,0.3993,0.6896,0.9995
Ssb,Ssb,3132.9496,0.2085,0.1307,1.5959,0.1105,0.9995
Ssbp1,Ssbp1,1249.3252,0.0744,0.073,1.0192,0.3081,0.9995
Ssbp2,Ssbp2,3024.7877,0.0108,0.0604,0.1795,0.8576,0.9995
Ssbp3,Ssbp3,5161.532,0.0047,0.0401,0.1177,0.9063,0.9995
Ssbp4,Ssbp4,1596.7897,0.0272,0.1113,0.2439,0.8073,0.9995
Ssc4d,Ssc4d,55.8069,-0.0388,0.2252,-0.1722,0.8633,0.9995
Ssc5d,Ssc5d,3671.9166,-0.1872,0.1927,-0.9711,0.3315,0.9995
Ssfa2,Ssfa2,1538.287,-0.124,0.0966,-1.2838,0.1992,0.9995
Ssh1,Ssh1,432.4466,-0.1078,0.1018,-1.0584,0.2899,0.9995
Ssh2,Ssh2,1067.7427,-0.1277,0.1236,-1.0331,0.3016,0.9995
Ssh3,Ssh3,93.8353,-0.2484,0.2027,-1.2255,0.2204,0.9995
Ssmem1,Ssmem1,3.1959,-0.087,0.8731,-0.0996,0.9206,0.9995
Ssna1,Ssna1,1665.9949,0.1085,0.1029,1.0543,0.2918,0.9995
Sspn,Sspn,3114.4327,-0.1301,0.1167,-1.1149,0.2649,0.9995
Sspo,Sspo,11.5472,-0.2916,0.4192,-0.6955,0.4867,0.9995
Ssr1,Ssr1,15598.2056,-0.0458,0.0643,-0.7122,0.4763,0.9995
Ssr2,Ssr2,5760.0211,0.0972,0.0757,1.2845,0.199,0.9995
Ssr3,Ssr3,27578.6189,-0.075,0.0766,-0.9794,0.3274,0.9995
Ssr4,Ssr4,3929.9009,0.0891,0.0967,0.9213,0.3569,0.9995
Ssrp1,Ssrp1,7998.2921,0.0177,0.0874,0.203,0.8392,0.9995
Sssca1,Sssca1,613.2984,0.0859,0.0747,1.1494,0.2504,0.9995
Sstr2,Sstr2,2.741,-0.2916,1.0048,-0.2902,0.7717,0.9995
Sstr3,Sstr3,0.5726,0.7049,2.0546,0.3431,0.7315,0.9995
Sstr5,Sstr5,3.1899,0.3235,1.0434,0.3101,0.7565,0.9995
Ssu2,Ssu2,8.6847,0.3319,0.4923,0.6741,0.5002,0.9995
Ssu72,Ssu72,2904.5959,0.1242,0.09,1.3796,0.1677,0.9995
Ssx2ip,Ssx2ip,1497.3259,-0.0027,0.1345,-0.0204,0.9838,0.9995
St13,St13,12936.5442,-0.0771,0.0901,-0.8561,0.3919,0.9995
St14,St14,0.6848,0.1425,1.7334,0.0822,0.9345,0.9995
St18,St18,6.3918,-0.5573,0.7505,-0.7426,0.4577,0.9995
St3gal1,St3gal1,3793.5655,-0.2618,0.1559,-1.6794,0.0931,0.9995
St3gal2,St3gal2,4807.0164,0.0061,0.1361,0.0446,0.9644,0.9995
St3gal3,St3gal3,1691.9582,-0.0936,0.1368,-0.6838,0.4941,0.9995
St3gal4,St3gal4,2502.2043,0.0852,0.0803,1.0615,0.2885,0.9995
St3gal5,St3gal5,5381.0477,-0.0245,0.1182,-0.2071,0.8359,0.9995
St3gal6,St3gal6,27.9908,-0.0611,0.2977,-0.2054,0.8373,0.9995
St5,St5,4447.7883,-0.0294,0.0963,-0.305,0.7604,0.9995
St6gal1,St6gal1,991.073,0.0356,0.1841,0.1933,0.8468,0.9995
St6galnac2,St6galnac2,31.0973,-0.2392,0.4113,-0.5816,0.5608,0.9995
St6galnac4,St6galnac4,3511.1922,0.0554,0.0652,0.8503,0.3952,0.9995
St6galnac6,St6galnac6,2790.5372,0.0551,0.0738,0.7464,0.4554,0.9995
St7,St7,611.6245,-0.0364,0.1272,-0.2858,0.775,0.9995
St7l,St7l,1377.7326,-0.0615,0.1148,-0.5354,0.5924,0.9995
St8sia1,St8sia1,0.5696,-1.4687,2.3939,-0.6135,0.5395,0.9995
St8sia2,St8sia2,506.6576,0.2181,0.4313,0.5057,0.6131,0.9995
St8sia4,St8sia4,7.3212,0.5234,0.6846,0.7644,0.4446,0.9995
St8sia6,St8sia6,0.5715,-2.5173,1.8958,-1.3279,0.1842,0.9995
Stab1,Stab1,12.7898,0.0511,0.4316,0.1184,0.9058,0.9995
Stab2,Stab2,47.5978,-0.4512,0.3216,-1.403,0.1606,0.9995
Stac,Stac,30.3849,0.1745,0.535,0.3262,0.7443,0.9995
Stac2,Stac2,5316.5364,-0.037,0.1344,-0.2755,0.783,0.9995
Stac3,Stac3,1194.282,-0.037,0.2206,-0.1677,0.8668,0.9995
Stag1,Stag1,2060.2364,0.0199,0.1283,0.1553,0.8766,0.9995
Stag2,Stag2,2140.1583,0.0886,0.1384,0.64,0.5222,0.9995
Stag3,Stag3,0.6873,0.1,2.4215,0.0413,0.967,0.9995
Stam,Stam,3661.0077,-0.0763,0.1371,-0.5565,0.5779,0.9995
Stam2,Stam2,2786.5312,-0.0892,0.0763,-1.17,0.242,0.9995
Stambp,Stambp,1244.0542,-0.0439,0.0945,-0.4647,0.6422,0.9995
Stambpl1,Stambpl1,1165.4009,0.0799,0.073,1.0955,0.2733,0.9995
Stamos,Stamos,32.8178,-0.0963,0.3295,-0.2921,0.7702,0.9995
Stap1,Stap1,0.4581,-1.0626,2.0898,-0.5085,0.6111,0.9995
Stap2,Stap2,175.1842,-0.1249,0.1485,-0.841,0.4004,0.9995
Star,Star,193.5323,0.0334,0.1654,0.2017,0.8402,0.9995
Stard10,Stard10,863.745,-0.0282,0.1843,-0.1528,0.8786,0.9995
Stard13,Stard13,2530.4926,-0.0914,0.1865,-0.4902,0.624,0.9995
Stard3,Stard3,1072.434,0.0045,0.1049,0.0427,0.9659,0.9995
Stard3nl,Stard3nl,1178.8608,-0.0485,0.1042,-0.4654,0.6416,0.9995
Stard4,Stard4,827.1315,-0.152,0.097,-1.5676,0.117,0.9995
Stard5,Stard5,1156.3439,0.1365,0.3148,0.4337,0.6645,0.9995
Stard6,Stard6,24.3556,-0.3393,0.3039,-1.1163,0.2643,0.9995
Stard7,Stard7,3499.9381,0.0896,0.0564,1.588,0.1123,0.9995
Stard8,Stard8,11.422,0.2666,0.6399,0.4167,0.6769,0.9995
Stat1,Stat1,1689.2709,-0.1239,0.1234,-1.004,0.3154,0.9995
Stat2,Stat2,1696.1216,0.0056,0.14,0.0399,0.9681,0.9995
Stat3,Stat3,11659.1282,0.0331,0.1664,0.1987,0.8425,0.9995
Stat5a,Stat5a,1575.2776,0.156,0.1138,1.3708,0.1704,0.9995
Stat5b,Stat5b,2008.1759,0.0578,0.0817,0.7074,0.4793,0.9995
Stat6,Stat6,30.6606,-0.4059,0.2754,-1.4738,0.1405,0.9995
Stau1,Stau1,7295.8386,0.021,0.0436,0.4809,0.6306,0.9995
Stau2,Stau2,797.5946,-0.1991,0.1677,-1.1874,0.2351,0.9995
Stbd1,Stbd1,2689.3652,-0.0177,0.1069,-0.1653,0.8687,0.9995
Stc1,Stc1,95.1484,-0.4196,0.2552,-1.6445,0.1001,0.9995
Stc2,Stc2,390.9275,0.1171,0.2374,0.4935,0.6217,0.9995
Steap1,Steap1,1015.8699,0.2068,0.3334,0.6202,0.5352,0.9995
Steap2,Steap2,3547.8221,0.0844,0.1936,0.436,0.6628,0.9995
Steap3,Steap3,4218.1864,-0.0076,0.1931,-0.0392,0.9687,0.9995
Steap4,Steap4,934.2309,-0.2199,0.1823,-1.2063,0.2277,0.9995
Stil,Stil,316.2562,-0.3397,0.393,-0.8643,0.3874,0.9995
Stim1,Stim1,1095.6455,0.0211,0.0648,0.3262,0.7443,0.9995
Stim2,Stim2,2472.6748,-0.1815,0.2144,-0.8465,0.3973,0.9995
Stip1,Stip1,9863.8579,0.0239,0.0712,0.3362,0.7367,0.9995
Stk10,Stk10,872.8279,0.0404,0.1606,0.2516,0.8013,0.9995
Stk11,Stk11,4421.4297,0.0055,0.0576,0.0949,0.9244,0.9995
Stk11ip,Stk11ip,1418.0613,0.1,0.0887,1.1274,0.2596,0.9995
Stk16,Stk16,2285.0807,0.0658,0.0732,0.8985,0.3689,0.9995
Stk17b,Stk17b,7978.8657,-0.0575,0.3275,-0.1755,0.8607,0.9995
Stk19,Stk19,537.8882,0.0322,0.1368,0.2356,0.8137,0.9995
Stk24,Stk24,5399.1393,0.0238,0.2621,0.0908,0.9276,0.9995
Stk25,Stk25,5189.9081,0.0647,0.0768,0.8425,0.3995,0.9995
Stk3,Stk3,1257.0367,-0.0221,0.1586,-0.1395,0.8891,0.9995
Stk32a,Stk32a,25.393,-0.1456,0.4196,-0.3471,0.7285,0.9995
Stk32b,Stk32b,7.4428,-0.2069,0.6119,-0.3381,0.7353,0.9995
Stk32c,Stk32c,8.576,-0.2839,0.4954,-0.5731,0.5666,0.9995
Stk33,Stk33,2.4003,-0.1114,0.8677,-0.1284,0.8978,0.9995
Stk35,Stk35,802.9731,-0.0772,0.0828,-0.9325,0.3511,0.9995
Stk36,Stk36,595.0433,0.046,0.0793,0.5799,0.562,0.9995
Stk38,Stk38,2919.1987,-0.0031,0.0581,-0.0527,0.958,0.9995
Stk38l,Stk38l,1301.112,-0.0223,0.1104,-0.2019,0.84,0.9995
Stk39,Stk39,662.0926,0.0069,0.1155,0.0597,0.9524,0.9995
Stk4,Stk4,1774.3681,-0.1063,0.0614,-1.731,0.0835,0.9995
Stk40,Stk40,689.1685,0.0403,0.0961,0.4188,0.6754,0.9995
Stkld1,Stkld1,7.0966,-0.4192,0.528,-0.7939,0.4272,0.9995
Stmn1,Stmn1,2387.454,-0.0177,0.2717,-0.0652,0.948,0.9995
Stmn2,Stmn2,3275.0858,-0.273,0.2591,-1.0537,0.292,0.9995
Stmn4,Stmn4,83.2557,-0.2206,0.2912,-0.7575,0.4487,0.9995
Stmnd1,Stmnd1,24.2701,-0.4204,0.3813,-1.1026,0.2702,0.9995
Stom,Stom,13149.4732,0.0012,0.1187,0.0103,0.9918,0.9995
Stoml1,Stoml1,1623.7084,0.1356,0.1872,0.7242,0.4689,0.9995
Stoml2,Stoml2,2027.9863,0.0836,0.081,1.0313,0.3024,0.9995
Ston1,Ston1,1907.9997,-0.146,0.0579,-2.5201,0.0117,0.9995
Ston2,Ston2,1740.2671,-0.2156,0.1762,-1.2235,0.2211,0.9995
Stox1,Stox1,0.6809,-0.275,2.4738,-0.1112,0.9115,0.9995
Stox2,Stox2,9.9507,-0.3221,0.4672,-0.6895,0.4905,0.9995
Stra13,Stra13,356.6786,0.0643,0.1197,0.5372,0.5912,0.9995
Stra6,Stra6,45.4038,0.3636,0.5085,0.715,0.4746,0.9995
Stra6l,Stra6l,0.4566,0.2195,2.1472,0.1022,0.9186,0.9995
Strada,Strada,1015.3299,0.0852,0.072,1.1827,0.2369,0.9995
Stradb,Stradb,902.9766,0.035,0.0684,0.5113,0.6091,0.9995
Strap,Strap,8292.1031,0.0163,0.0721,0.2269,0.8205,0.9995
Strbp,Strbp,216.2643,-0.2395,0.2159,-1.1097,0.2671,0.9995
Strip1,Strip1,3484.8255,0.0359,0.0689,0.5214,0.6021,0.9995
Strip2,Strip2,176.7896,-0.5137,0.3766,-1.3641,0.1725,0.9995
Strn,Strn,571.6422,-0.2176,0.1544,-1.4088,0.1589,0.9995
Strn3,Strn3,4626.1365,0.0978,0.2182,0.4483,0.654,0.9995
Strn4,Strn4,2900.4985,0.0194,0.0925,0.2092,0.8343,0.9995
Stt3a,Stt3a,12292.031,0.0264,0.0681,0.3881,0.698,0.9995
Stt3b,Stt3b,6547.2492,-0.0411,0.0833,-0.4937,0.6215,0.9995
Stub1,Stub1,1930.8341,0.0739,0.1098,0.6733,0.5008,0.9995
Stx11,Stx11,691.0038,0.1966,0.1279,1.5372,0.1242,0.9995
Stx12,Stx12,4441.286,-0.0009,0.0423,-0.0206,0.9836,0.9995
Stx16,Stx16,2205.8851,0.0108,0.0918,0.1178,0.9063,0.9995
Stx17,Stx17,1034.8553,-0.0022,0.1265,-0.017,0.9864,0.9995
Stx18,Stx18,1159.4918,-0.0272,0.0609,-0.4465,0.6552,0.9995
Stx19,Stx19,0.575,-1.4822,2.3933,-0.6193,0.5357,0.9995
Stx1a,Stx1a,285.8386,0.0019,0.1088,0.0177,0.9859,0.9995
Stx1b,Stx1b,6.5223,-0.3185,0.6248,-0.5097,0.6103,0.9995
Stx2,Stx2,1624.1904,-0.096,0.064,-1.5007,0.1334,0.9995
Stx3,Stx3,593.6761,0.0252,0.1634,0.1542,0.8775,0.9995
Stx4a,Stx4a,2239.1665,0.0263,0.0653,0.402,0.6877,0.9995
Stx5a,Stx5a,1821.1538,0.105,0.1015,1.0337,0.3013,0.9995
Stx6,Stx6,2622.4426,0.098,0.0954,1.0269,0.3045,0.9995
Stx7,Stx7,3573.7101,-0.0331,0.0496,-0.6668,0.5049,0.9995
Stx8,Stx8,1010.6017,0.0158,0.0777,0.2035,0.8388,0.9995
Stxbp1,Stxbp1,2750.665,-0.0227,0.1038,-0.2184,0.8271,0.9995
Stxbp2,Stxbp2,604.8735,-0.027,0.1198,-0.2254,0.8216,0.9995
Stxbp3,Stxbp3,1572.911,-0.0228,0.124,-0.1839,0.8541,0.9995
Stxbp3-ps,Stxbp3-ps,1.0322,0.4156,1.5639,0.2658,0.7904,0.9995
Stxbp4,Stxbp4,813.9954,-0.221,0.1297,-1.7043,0.0883,0.9995
Stxbp5,Stxbp5,1000.3181,-0.1049,0.1271,-0.8253,0.4092,0.9995
Stxbp6,Stxbp6,0.4544,1.0267,2.5451,0.4034,0.6866,0.9995
Styk1,Styk1,8.9235,0.0703,0.5427,0.1295,0.8969,0.9995
Styx,Styx,198.6656,0.2118,0.1863,1.1366,0.2557,0.9995
Styxl1,Styxl1,6.6267,-0.0726,0.6624,-0.1096,0.9127,0.9995
Sub1,Sub1,3093.2127,-0.0486,0.0853,-0.5699,0.5688,0.9995
Sucla2,Sucla2,3999.1614,0.0412,0.1151,0.3585,0.72,0.9995
Suclg1,Suclg1,3300.2425,0.1218,0.0821,1.4837,0.1379,0.9995
Suclg2,Suclg2,1933.6807,0.0839,0.1381,0.6076,0.5435,0.9995
Sucnr1,Sucnr1,18.3124,-0.2852,0.7061,-0.4038,0.6863,0.9995
Suco,Suco,1244.8824,0.0085,0.1619,0.0527,0.958,0.9995
Suds3,Suds3,3935.5519,0.0126,0.078,0.1616,0.8716,0.9995
Sufu,Sufu,1656.2105,0.0027,0.0851,0.0323,0.9742,0.9995
Sugct,Sugct,64.3635,0.111,0.208,0.5338,0.5934,0.9995
Sugp1,Sugp1,1685.9869,0.0602,0.0842,0.7156,0.4742,0.9995
Sugp2,Sugp2,800.8061,-0.034,0.122,-0.279,0.7802,0.9995
Sugt1,Sugt1,3348.5313,-0.036,0.0666,-0.5411,0.5885,0.9995
Sulf1,Sulf1,9930.6323,-0.0457,0.2168,-0.2109,0.833,0.9995
Sulf2,Sulf2,7007.5229,-0.0201,0.1053,-0.1907,0.8488,0.9995
Sult1a1,Sult1a1,1.829,0.2876,1.3175,0.2183,0.8272,0.9995
Sult2b1,Sult2b1,12.0054,0.5734,0.468,1.2253,0.2205,0.9995
Sult5a1,Sult5a1,2.7456,-0.3644,0.8947,-0.4073,0.6838,0.9995
Sult6b1,Sult6b1,9.0316,-0.0739,0.5454,-0.1356,0.8922,0.9995
Sumf1,Sumf1,3823.788,0.0259,0.1242,0.2085,0.8349,0.9995
Sumf2,Sumf2,1133.6335,0.1051,0.1464,0.7174,0.4732,0.9995
Sumo1,Sumo1,4177.3703,0.0361,0.0696,0.5195,0.6034,0.9995
Sumo2,Sumo2,4715.8619,0.1153,0.0953,1.2093,0.2265,0.9995
Sumo3,Sumo3,5614.6459,0.1297,0.108,1.2007,0.2299,0.9995
Sun1,Sun1,5673.2486,0,0.0538,0.0008,0.9993,1
Sun2,Sun2,8336.0524,0.0602,0.0889,0.6764,0.4988,0.9995
Suox,Suox,2939.8204,0.0963,0.0786,1.2253,0.2205,0.9995
Supt16,Supt16,3185.3866,0.0099,0.1416,0.07,0.9442,0.9995
Supt20,Supt20,1115.8215,-0.1101,0.1299,-0.8473,0.3968,0.9995
Supt3,Supt3,695.1173,-0.0058,0.114,-0.0511,0.9592,0.9995
Supt4a,Supt4a,2009.7252,0.0936,0.1005,0.9308,0.352,0.9995
Supt5,Supt5,5926.5083,0.0022,0.0629,0.0347,0.9724,0.9995
Supt6,Supt6,6550.6346,-0.0586,0.063,-0.9304,0.3522,0.9995
Supt7l,Supt7l,1086.1041,0.0223,0.0587,0.3794,0.7044,0.9995
Supv3l1,Supv3l1,1188.1973,0.0152,0.0737,0.2062,0.8366,0.9995
Surf1,Surf1,1072.8719,0.1342,0.1008,1.3308,0.1833,0.9995
Surf2,Surf2,718.6212,0.1363,0.1516,0.8989,0.3687,0.9995
Surf4,Surf4,19050.3853,0.0077,0.0675,0.1145,0.9088,0.9995
Surf6,Surf6,999.6525,0.0237,0.0869,0.2725,0.7852,0.9995
Susd1,Susd1,403.1646,-0.0671,0.3135,-0.2141,0.8305,0.9995
Susd2,Susd2,65.9736,0.1418,0.1885,0.7525,0.4517,0.9995
Susd3,Susd3,2.5127,0.36,1.0064,0.3577,0.7206,0.9995
Susd4,Susd4,24.9356,-0.4484,0.3191,-1.4054,0.1599,0.9995
Susd5,Susd5,622.2733,-0.1787,0.2261,-0.7902,0.4294,0.9995
Susd6,Susd6,14848.606,0.0373,0.1511,0.2468,0.805,0.9995
Suv39h1,Suv39h1,1376.7293,0.0177,0.1487,0.1193,0.905,0.9995
Suv39h2,Suv39h2,165.4784,0.0616,0.272,0.2264,0.8209,0.9995
Suv420h1,Suv420h1,1590.2707,-0.0954,0.1483,-0.6431,0.5202,0.9995
Suv420h2,Suv420h2,380.2069,0.0229,0.0986,0.2319,0.8166,0.9995
Suz12,Suz12,1560.1599,0.001,0.1651,0.0061,0.9951,0.9995
Sv2a,Sv2a,58.4565,0.3965,0.3142,1.2617,0.2071,0.9995
Sv2b,Sv2b,187.1346,-0.1818,0.2009,-0.905,0.3654,0.9995
Svep1,Svep1,4183.0283,-0.0712,0.3145,-0.2263,0.821,0.9995
Svil,Svil,6413.17,-0.0951,0.1354,-0.7024,0.4824,0.9995
Svip,Svip,22.9692,-0.293,0.3215,-0.9113,0.3621,0.9995
Svop,Svop,0.4593,0.2144,2.1462,0.0999,0.9204,0.9995
Swap70,Swap70,2624.3056,-0.1476,0.1436,-1.0279,0.304,0.9995
Swi5,Swi5,5766.0075,0.0546,0.0766,0.7135,0.4756,0.9995
Swsap1,Swsap1,293.0089,-0.0494,0.1422,-0.3478,0.728,0.9995
Swt1,Swt1,280.0053,0.1901,0.1523,1.2484,0.2119,0.9995
Syap1,Syap1,3101.6919,-0.0247,0.1779,-0.1385,0.8898,0.9995
Sybu,Sybu,17.1418,-0.4122,0.3639,-1.1327,0.2573,0.9995
Syce1l,Syce1l,1.0283,-1.5871,1.5771,-1.0063,0.3143,0.9995
Syce2,Syce2,27.8527,0.0893,0.3232,0.2764,0.7823,0.9995
Sycp1,Sycp1,24.3427,-0.1037,0.3888,-0.2668,0.7896,0.9995
Sycp3,Sycp3,24.9936,0.2927,0.3401,0.8607,0.3894,0.9995
Syde1,Syde1,2816.2579,0.0529,0.1319,0.4009,0.6885,0.9995
Syde2,Syde2,131.3937,-0.1111,0.163,-0.6816,0.4955,0.9995
Syf2,Syf2,2592.4834,0.0863,0.1317,0.6551,0.5124,0.9995
Syk,Syk,489.088,-0.1174,0.1953,-0.6012,0.5477,0.9995
Sympk,Sympk,3454.5011,-0.0449,0.0819,-0.5477,0.5839,0.9995
Syn1,Syn1,512.1002,-0.2152,0.1643,-1.31,0.1902,0.9995
Syn2,Syn2,86.1166,-0.2153,0.2169,-0.9927,0.3209,0.9995
Syn3,Syn3,49.3245,0.1619,0.2715,0.5962,0.551,0.9995
Syna,Syna,9.5918,0.0013,0.4675,0.0027,0.9979,0.9997
Sync,Sync,1924.7137,-0.1018,0.2075,-0.4906,0.6237,0.9995
Syncrip,Syncrip,7083.2839,-0.0102,0.1237,-0.0828,0.934,0.9995
Syne1,Syne1,1873.8866,-0.0924,0.2047,-0.4516,0.6516,0.9995
Syne2,Syne2,877.4137,-0.4137,0.193,-2.1439,0.032,0.9995
Syne3,Syne3,1155.9156,-0.2586,0.1182,-2.1886,0.0286,0.9995
Syne4,Syne4,2.6312,0.6163,0.8789,0.7013,0.4831,0.9995
Syngap1,Syngap1,543.0937,-0.2599,0.1268,-2.0494,0.0404,0.9995
Syngr1,Syngr1,194.0258,-0.1033,0.1611,-0.6412,0.5214,0.9995
Syngr2,Syngr2,2948.3773,0.1358,0.0974,1.3941,0.1633,0.9995
Syngr3,Syngr3,21.2336,0.1466,0.3802,0.3857,0.6997,0.9995
Syngr4,Syngr4,3.5342,0.3733,0.8104,0.4607,0.645,0.9995
Synj1,Synj1,929.5137,-0.1347,0.1008,-1.3365,0.1814,0.9995
Synj2,Synj2,4502.6557,-0.0205,0.0599,-0.3423,0.7321,0.9995
Synj2bp,Synj2bp,1574.8603,0.0313,0.115,0.2719,0.7857,0.9995
Synm,Synm,94.5383,-0.3781,0.4144,-0.9123,0.3616,0.9995
Synpo,Synpo,4127.5916,-0.1807,0.1354,-1.3345,0.182,0.9995
Synpo2,Synpo2,3645.3658,-0.1586,0.2462,-0.6443,0.5194,0.9995
Synpo2l,Synpo2l,8057.3244,-0.007,0.2377,-0.0294,0.9765,0.9995
Synpr,Synpr,15.9899,0.1083,0.9061,0.1196,0.9048,0.9995
Synrg,Synrg,1574.6251,-0.0968,0.0806,-1.2009,0.2298,0.9995
Syp,Syp,14.2679,0.3742,0.405,0.9239,0.3555,0.9995
Sypl,Sypl,6471.2107,-0.0911,0.1261,-0.7228,0.4698,0.9995
Sypl2,Sypl2,33.3932,0.0187,0.3565,0.0525,0.9581,0.9995
Sys1,Sys1,885.2396,0.0382,0.1042,0.3663,0.7141,0.9995
Syt1,Syt1,2.1736,-0.3313,0.9593,-0.3454,0.7298,0.9995
Syt11,Syt11,560.6021,-0.1839,0.0929,-1.98,0.0477,0.9995
Syt12,Syt12,433.0427,0.2861,0.1748,1.6363,0.1018,0.9995
Syt13,Syt13,3316.6402,-0.0489,0.1137,-0.4304,0.6669,0.9995
Syt14,Syt14,1.1454,0.1277,1.245,0.1026,0.9183,0.9995
Syt15,Syt15,1.8228,1.0978,1.2694,0.8648,0.3872,0.9995
Syt17,Syt17,779.6879,0.1034,0.1762,0.587,0.5572,0.9995
Syt3,Syt3,2.516,-0.8109,0.887,-0.9142,0.3606,0.9995
Syt5,Syt5,12.0925,-0.1758,0.6347,-0.2769,0.7819,0.9995
Syt6,Syt6,21.028,-0.3815,0.3325,-1.1475,0.2512,0.9995
Syt7,Syt7,55.8344,-0.0864,0.3512,-0.2461,0.8056,0.9995
Syt8,Syt8,198.6757,-0.1569,0.2703,-0.5806,0.5615,0.9995
Sytl1,Sytl1,151.7496,-0.0283,0.1585,-0.1785,0.8583,0.9995
Sytl2,Sytl2,3687.9337,-0.189,0.207,-0.9128,0.3613,0.9995
Sytl3,Sytl3,6.5092,1.0658,0.6271,1.6996,0.0892,0.9995
Sytl4,Sytl4,3.6557,0.6087,0.7865,0.7739,0.439,0.9995
Sytl5,Sytl5,388.8317,-0.162,0.2731,-0.5931,0.5531,0.9995
Syvn1,Syvn1,2864.4596,-0.0171,0.1074,-0.1595,0.8733,0.9995
Szrd1,Szrd1,5801.951,0.0124,0.0761,0.1627,0.8708,0.9995
Szt2,Szt2,1461.4241,-0.1192,0.0993,-1.2002,0.2301,0.9995
Tab1,Tab1,1588.756,0.0582,0.0803,0.7246,0.4687,0.9995
Tab2,Tab2,4230.4643,-0.1347,0.13,-1.0366,0.2999,0.9995
Tab3,Tab3,347.0219,-0.2158,0.1995,-1.0821,0.2792,0.9995
Tac4,Tac4,15.4288,0.3876,0.3764,1.0299,0.3031,0.9995
Tacc1,Tacc1,4693.8788,-0.0875,0.0748,-1.1699,0.2421,0.9995
Tacc2,Tacc2,1842.6684,-0.0521,0.0638,-0.8167,0.4141,0.9995
Tacc3,Tacc3,1532.6418,0.0096,0.3883,0.0247,0.9803,0.9995
Taco1,Taco1,659.762,0.041,0.0978,0.4192,0.675,0.9995
Tacr2,Tacr2,7.2085,-0.5019,0.5359,-0.9366,0.349,0.9995
Tacstd2,Tacstd2,12.6923,0.1345,0.4519,0.2977,0.7659,0.9995
Tada1,Tada1,1176.7387,-0.0611,0.0946,-0.646,0.5183,0.9995
Tada2a,Tada2a,966.0608,0.0496,0.0716,0.6921,0.4889,0.9995
Tada2b,Tada2b,1116.4488,-0.0498,0.0682,-0.7293,0.4658,0.9995
Tada3,Tada3,1332.4892,0.0378,0.0867,0.4353,0.6633,0.9995
Taf1,Taf1,2118.624,-0.0788,0.1529,-0.5152,0.6064,0.9995
Taf10,Taf10,1324.133,0.0543,0.0771,0.7052,0.4807,0.9995
Taf11,Taf11,1338.7539,0.1306,0.0802,1.6294,0.1032,0.9995
Taf12,Taf12,1195.2003,0.1399,0.0859,1.6296,0.1032,0.9995
Taf13,Taf13,1202.253,0.0385,0.1274,0.3021,0.7626,0.9995
Taf15,Taf15,2462.6752,-0.0339,0.1201,-0.282,0.7779,0.9995
Taf1a,Taf1a,415.8424,0.0509,0.0973,0.5236,0.6006,0.9995
Taf1b,Taf1b,892.8922,-0.0672,0.0886,-0.7589,0.4479,0.9995
Taf1c,Taf1c,340.4087,0.051,0.0899,0.5669,0.5708,0.9995
Taf1d,Taf1d,670.5721,0.2094,0.1342,1.56,0.1188,0.9995
Taf2,Taf2,3380.3179,-0.0773,0.105,-0.7358,0.4619,0.9995
Taf3,Taf3,576.893,-0.1633,0.0971,-1.6825,0.0925,0.9995
Taf4a,Taf4a,845.3655,-0.0501,0.0937,-0.5348,0.5928,0.9995
Taf4b,Taf4b,157.6536,-0.1398,0.1759,-0.7947,0.4268,0.9995
Taf5,Taf5,298.8904,-0.1391,0.1194,-1.1653,0.2439,0.9995
Taf5l,Taf5l,906.3141,-0.0068,0.0907,-0.0746,0.9405,0.9995
Taf6,Taf6,2183.8637,0.0418,0.059,0.709,0.4783,0.9995
Taf6l,Taf6l,207.5949,-0.1011,0.1096,-0.9226,0.3562,0.9995
Taf7,Taf7,201.3387,-0.2723,0.2178,-1.2506,0.2111,0.9995
Taf7l,Taf7l,9.129,0.4455,0.5021,0.8872,0.375,0.9995
Taf8,Taf8,875.5486,0.0684,0.1188,0.5759,0.5647,0.9995
Taf9,Taf9,1874.5044,0.1328,0.1314,1.0102,0.3124,0.9995
Taf9b,Taf9b,155.8584,0.0873,0.2341,0.3728,0.7093,0.9995
Tagap,Tagap,131.0291,-0.0114,0.1768,-0.0642,0.9488,0.9995
Tagap1,Tagap1,659.2584,0.1884,0.2041,0.9232,0.3559,0.9995
Tagln,Tagln,7868.576,0.1086,0.6064,0.1791,0.8579,0.9995
Tagln2,Tagln2,11799.6152,0.0671,0.1314,0.5106,0.6097,0.9995
Tagln3,Tagln3,4.0123,-0.1502,0.8265,-0.1818,0.8558,0.9995
Tal2,Tal2,28.0317,0.1303,0.34,0.3832,0.7016,0.9995
Taldo1,Taldo1,5241.6176,0.1308,0.1868,0.7001,0.4839,0.9995
Tamm41,Tamm41,471.4345,0.0043,0.1109,0.0389,0.969,0.9995
Tanc1,Tanc1,4327.9344,-0.0788,0.0508,-1.55,0.1211,0.9995
Tanc2,Tanc2,3435.9901,-0.3101,0.1932,-1.6053,0.1084,0.9995
Tango2,Tango2,663.7126,0.0432,0.0849,0.5084,0.6112,0.9995
Tango6,Tango6,403.3889,-0.0904,0.0897,-1.0083,0.3133,0.9995
Tank,Tank,1884.7343,0.043,0.1081,0.3976,0.691,0.9995
Taok1,Taok1,3332.7593,-0.0203,0.2289,-0.0888,0.9292,0.9995
Taok2,Taok2,2396.3696,0.0012,0.0722,0.0169,0.9865,0.9995
Taok3,Taok3,1379.7966,-0.0286,0.0914,-0.3131,0.7542,0.9995
Tap1,Tap1,151.0213,0.1186,0.1587,0.7474,0.4548,0.9995
Tap2,Tap2,1152.5811,0.0805,0.0997,0.8074,0.4194,0.9995
Tapbp,Tapbp,7147.6525,-0.0398,0.1078,-0.3693,0.7119,0.9995
Tapbpl,Tapbpl,367.96,-0.0743,0.1034,-0.719,0.4721,0.9995
Tapt1,Tapt1,2268.5744,0.0144,0.0615,0.2337,0.8152,0.9995
Tarbp2,Tarbp2,1004.2075,0.0324,0.0712,0.455,0.6491,0.9995
Tardbp,Tardbp,6829.4132,0.0653,0.1014,0.6436,0.5198,0.9995
Tars,Tars,8845.9049,-0.0271,0.0803,-0.3369,0.7362,0.9995
Tars2,Tars2,1100.9945,0.0151,0.0634,0.2382,0.8117,0.9995
Tarsl2,Tarsl2,515.9459,-0.2265,0.2107,-1.0754,0.2822,0.9995
Tas1r1,Tas1r1,299.999,0.0413,0.3184,0.1297,0.8968,0.9995
Tas1r2,Tas1r2,73.4949,0.1023,0.1666,0.6142,0.5391,0.9995
Tas1r3,Tas1r3,24.1199,-0.1598,0.3102,-0.5152,0.6064,0.9995
Tas2r135,Tas2r135,0.6864,-0.3004,2.0302,-0.148,0.8824,0.9995
Tasp1,Tasp1,576.9644,-0.0699,0.0948,-0.7374,0.4609,0.9995
Tat,Tat,0.6863,-0.7838,1.9695,-0.3979,0.6907,0.9995
Tatdn1,Tatdn1,676.9981,0.1144,0.0823,1.3901,0.1645,0.9995
Tatdn2,Tatdn2,1638.0921,0.1195,0.0758,1.5756,0.1151,0.9995
Tatdn3,Tatdn3,285.8191,0.0833,0.0908,0.917,0.3591,0.9995
Tax1bp1,Tax1bp1,4679.2617,0.0842,0.1524,0.5527,0.5804,0.9995
Tax1bp3,Tax1bp3,2166.6449,0.1359,0.0743,1.829,0.0674,0.9995
Taz,Taz,1516.0889,0.0041,0.08,0.0515,0.9589,0.9995
Tbata,Tbata,4.7948,-0.5077,0.8316,-0.6105,0.5415,0.9995
Tbc1d1,Tbc1d1,4285.8054,-0.0049,0.1773,-0.0277,0.9779,0.9995
Tbc1d10a,Tbc1d10a,936.2591,-0.0283,0.0853,-0.332,0.7399,0.9995
Tbc1d10b,Tbc1d10b,2956.4619,-0.0054,0.0749,-0.0725,0.9422,0.9995
Tbc1d10c,Tbc1d10c,13.8301,0.1189,0.4987,0.2384,0.8115,0.9995
Tbc1d12,Tbc1d12,433.3364,-0.0734,0.1679,-0.4368,0.6622,0.9995
Tbc1d13,Tbc1d13,1510.2532,0.0517,0.1552,0.3333,0.7389,0.9995
Tbc1d14,Tbc1d14,1864.4735,-0.0384,0.1178,-0.3263,0.7442,0.9995
Tbc1d15,Tbc1d15,3819.5614,-0.0391,0.0929,-0.4213,0.6735,0.9995
Tbc1d16,Tbc1d16,811.3379,0.0459,0.0966,0.4747,0.635,0.9995
Tbc1d17,Tbc1d17,1853.3185,0.0207,0.1471,0.141,0.8879,0.9995
Tbc1d19,Tbc1d19,1130.6956,-0.0595,0.1006,-0.5914,0.5543,0.9995
Tbc1d2,Tbc1d2,189.4054,0.2008,0.4533,0.443,0.6578,0.9995
Tbc1d20,Tbc1d20,3041.9013,-0.0038,0.1308,-0.0292,0.9767,0.9995
Tbc1d21,Tbc1d21,1.7147,0.5961,1.0954,0.5442,0.5863,0.9995
Tbc1d22a,Tbc1d22a,2092.2524,-0.0314,0.0961,-0.3267,0.7439,0.9995
Tbc1d22b,Tbc1d22b,786.9458,-0.1314,0.0676,-1.9429,0.052,0.9995
Tbc1d22bos,Tbc1d22bos,0.4592,-1.0626,2.0889,-0.5087,0.611,0.9995
Tbc1d23,Tbc1d23,2559.1899,-0.1057,0.1258,-0.8404,0.4007,0.9995
Tbc1d24,Tbc1d24,1385.6623,-0.0438,0.127,-0.3449,0.7302,0.9995
Tbc1d25,Tbc1d25,693.6621,0.0503,0.0864,0.5822,0.5604,0.9995
Tbc1d2b,Tbc1d2b,3039.6375,0.0302,0.159,0.1903,0.8491,0.9995
Tbc1d30,Tbc1d30,0.8031,0.5207,1.656,0.3145,0.7532,0.9995
Tbc1d31,Tbc1d31,1086.9173,-0.0984,0.0982,-1.0026,0.316,0.9995
Tbc1d32,Tbc1d32,346.729,-0.035,0.1442,-0.2427,0.8082,0.9995
Tbc1d4,Tbc1d4,222.8742,-0.0428,0.1378,-0.3104,0.7563,0.9995
Tbc1d5,Tbc1d5,1629.9239,-0.1309,0.0633,-2.0673,0.0387,0.9995
Tbc1d7,Tbc1d7,717.5737,0.0301,0.1034,0.2914,0.7708,0.9995
Tbc1d8,Tbc1d8,415.6129,0.0788,0.2489,0.3166,0.7515,0.9995
Tbc1d8b,Tbc1d8b,1117.9885,-0.0492,0.1296,-0.3798,0.7041,0.9995
Tbc1d9,Tbc1d9,498.9981,-0.2093,0.1012,-2.0686,0.0386,0.9995
Tbc1d9b,Tbc1d9b,4854.3329,-0.0972,0.0832,-1.1683,0.2427,0.9995
Tbca,Tbca,3361.597,0.0775,0.1151,0.6738,0.5005,0.9995
Tbcb,Tbcb,1788.1142,0.1204,0.0848,1.4195,0.1557,0.9995
Tbcc,Tbcc,856.0256,0.152,0.09,1.6884,0.0913,0.9995
Tbccd1,Tbccd1,1143.3488,0.0078,0.1131,0.0686,0.9453,0.9995
Tbcd,Tbcd,4539.782,0.0959,0.1239,0.7746,0.4386,0.9995
Tbce,Tbce,1002.5301,0.0786,0.1135,0.6923,0.4887,0.9995
Tbcel,Tbcel,1710.8765,-0.015,0.1279,-0.1176,0.9064,0.9995
Tbck,Tbck,880.0814,-0.1072,0.0971,-1.1034,0.2698,0.9995
Tbk1,Tbk1,1657.0579,-0.0661,0.0973,-0.6801,0.4965,0.9995
Tbkbp1,Tbkbp1,2.7399,-0.4157,0.893,-0.4656,0.6415,0.9995
Tbl1x,Tbl1x,1801.9443,-0.1148,0.1074,-1.0686,0.2853,0.9995
Tbl1xr1,Tbl1xr1,3332.5444,-0.0544,0.1486,-0.3663,0.7141,0.9995
Tbl2,Tbl2,2255.391,-0.0724,0.0823,-0.8799,0.3789,0.9995
Tbl3,Tbl3,1774.7722,0.1833,0.1216,1.507,0.1318,0.9995
Tbp,Tbp,858.0539,-0.0115,0.0766,-0.15,0.8807,0.9995
Tbpl1,Tbpl1,1894.405,-0.0119,0.1108,-0.1071,0.9147,0.9995
Tbr1,Tbr1,0.9106,0.4833,1.749,0.2763,0.7823,0.9995
Tbrg1,Tbrg1,5376.2592,0.099,0.1243,0.7968,0.4256,0.9995
Tbrg3,Tbrg3,0.4561,1.0296,2.5436,0.4048,0.6856,0.9995
Tbrg4,Tbrg4,1534.9021,0.1044,0.0551,1.8949,0.0581,0.9995
Tbx1,Tbx1,529.8954,0.151,0.1302,1.1595,0.2463,0.9995
Tbx10,Tbx10,2.3982,-0.4053,1.1135,-0.364,0.7158,0.9995
Tbx15,Tbx15,3958.6557,0.0113,0.1847,0.0612,0.9512,0.9995
Tbx18,Tbx18,2152.4621,-0.0455,0.1098,-0.4146,0.6784,0.9995
Tbx19,Tbx19,0.9162,-0.5876,1.4631,-0.4016,0.688,0.9995
Tbx2,Tbx2,9.2482,0.2874,0.4623,0.6217,0.5341,0.9995
Tbx20,Tbx20,0.5719,0.7004,2.4535,0.2855,0.7753,0.9995
Tbx3,Tbx3,941.2858,0.0279,0.1391,0.2003,0.8412,0.9995
Tbx4,Tbx4,25.467,0.1514,0.3204,0.4724,0.6366,0.9995
Tbx5,Tbx5,0.6906,-1.8042,2.332,-0.7737,0.4391,0.9995
Tbx6,Tbx6,19.8854,-0.0494,0.3448,-0.1432,0.8862,0.9995
Tbxa2r,Tbxa2r,3.6651,-0.2506,0.7925,-0.3163,0.7518,0.9995
Tbxas1,Tbxas1,5.1332,0.0742,0.8663,0.0857,0.9317,0.9995
Tc2n,Tc2n,0.572,-1.476,1.9929,-0.7406,0.4589,0.9995
Tcaf1,Tcaf1,2229.1968,-0.0426,0.0781,-0.5455,0.5854,0.9995
Tcaf2,Tcaf2,1334.3643,-0.0523,0.1019,-0.5131,0.6079,0.9995
Tcaf3,Tcaf3,2.5223,-1.1192,1.2342,-0.9068,0.3645,0.9995
Tcaim,Tcaim,371.463,-0.0064,0.1248,-0.051,0.9593,0.9995
Tcam1,Tcam1,13.4772,-0.0134,0.5589,-0.0241,0.9808,0.9995
Tcap,Tcap,136.0763,0.2832,0.3854,0.7348,0.4624,0.9995
Tcea1,Tcea1,2353.5999,0.0301,0.1253,0.2401,0.8102,0.9995
Tcea2,Tcea2,155.4433,0.1485,0.1718,0.8646,0.3873,0.9995
Tcea3,Tcea3,314.9704,0.0217,0.1268,0.1712,0.8641,0.9995
Tceal1,Tceal1,190.2878,-0.1143,0.1542,-0.7412,0.4586,0.9995
Tceal3,Tceal3,2.3967,2.0901,1.0248,2.0396,0.0414,0.9995
Tceal5,Tceal5,14.53,0.0733,0.4814,0.1524,0.8789,0.9995
Tceal6,Tceal6,1.2562,1.5025,1.461,1.0284,0.3038,0.9995
Tceal7,Tceal7,201.6279,0.4298,0.5458,0.7875,0.431,0.9995
Tceal8,Tceal8,4929.3431,-0.0222,0.1352,-0.1641,0.8697,0.9995
Tceanc,Tceanc,243.6048,-0.0095,0.1395,-0.0683,0.9456,0.9995
Tceanc2,Tceanc2,1119.6413,0.0429,0.074,0.58,0.5619,0.9995
Tceb1,Tceb1,2820.8462,0.0216,0.1062,0.2038,0.8385,0.9995
Tceb2,Tceb2,4813.8899,0.1105,0.0698,1.5818,0.1137,0.9995
Tceb3,Tceb3,3716.3933,-0.0372,0.0563,-0.6597,0.5095,0.9995
Tcerg1,Tcerg1,2275.9057,-0.0226,0.1508,-0.1501,0.8807,0.9995
Tcf12,Tcf12,6172.6279,-0.0519,0.1373,-0.378,0.7054,0.9995
Tcf19,Tcf19,469.7246,-0.0851,0.3672,-0.2317,0.8168,0.9995
Tcf20,Tcf20,2018.2241,-0.0827,0.1091,-0.7574,0.4488,0.9995
Tcf23,Tcf23,61.1779,-0.1155,0.2714,-0.4255,0.6704,0.9995
Tcf25,Tcf25,9421.9487,-0.0055,0.057,-0.0969,0.9228,0.9995
Tcf3,Tcf3,4048.0654,-0.0225,0.0905,-0.2487,0.8036,0.9995
Tcf4,Tcf4,3033.526,0.0541,0.1463,0.37,0.7114,0.9995
Tcf7,Tcf7,1247.5311,0.0293,0.0746,0.3923,0.6949,0.9995
Tcf7l1,Tcf7l1,1144.7519,0.0103,0.0767,0.1347,0.8928,0.9995
Tcf7l2,Tcf7l2,916.604,-0.0246,0.0989,-0.2483,0.8039,0.9995
Tchh,Tchh,1.8297,2.8398,1.4118,2.0115,0.0443,0.9995
Tchp,Tchp,618.6293,-0.0214,0.0842,-0.2537,0.7997,0.9995
Tcirg1,Tcirg1,2726.2004,0.0575,0.0834,0.6891,0.4908,0.9995
Tcl1b1,Tcl1b1,0.5719,0.7003,2.4535,0.2854,0.7753,0.9995
Tcn2,Tcn2,2329.0043,0.1041,0.1776,0.5859,0.558,0.9995
Tcof1,Tcof1,2444.6798,0.044,0.1212,0.3628,0.7168,0.9995
Tcp1,Tcp1,14812.9878,0.0455,0.0436,1.0437,0.2966,0.9995
Tcp10b,Tcp10b,2.0515,-0.217,1.1237,-0.1931,0.8469,0.9995
Tcp10c,Tcp10c,1.3673,0.8342,1.6655,0.5009,0.6165,0.9995
Tcp11l1,Tcp11l1,280.6436,-0.0131,0.113,-0.1162,0.9075,0.9995
Tcp11l2,Tcp11l2,1593.1869,0.0596,0.1784,0.3344,0.7381,0.9995
Tcp11x2,Tcp11x2,46.0485,0.2383,0.3111,0.7659,0.4437,0.9995
Tcta,Tcta,1309.1616,0.0072,0.0926,0.0773,0.9384,0.9995
Tcte2,Tcte2,14.7448,0.1922,0.3701,0.5195,0.6034,0.9995
Tctex1d2,Tctex1d2,705.5919,0.036,0.1282,0.2811,0.7786,0.9995
Tctex1d4,Tctex1d4,3.4386,-1.4661,0.9489,-1.545,0.1224,0.9995
Tctn1,Tctn1,588.1887,0.0493,0.1319,0.3741,0.7083,0.9995
Tctn2,Tctn2,737.0421,0.0274,0.0902,0.3039,0.7612,0.9995
Tctn3,Tctn3,611.9106,-0.1254,0.0874,-1.4338,0.1516,0.9995
Tdh,Tdh,1.8274,-1.2322,1.133,-1.0875,0.2768,0.9995
Tdo2,Tdo2,3.2093,0.253,0.8596,0.2943,0.7685,0.9995
Tdp1,Tdp1,751.6703,0.0373,0.0933,0.4,0.6892,0.9995
Tdp2,Tdp2,834.6138,-0.0545,0.1185,-0.4599,0.6456,0.9995
Tdrd1,Tdrd1,0.5699,-0.3638,2.0514,-0.1773,0.8592,0.9995
Tdrd12,Tdrd12,0.914,0.8312,1.626,0.5112,0.6092,0.9995
Tdrd3,Tdrd3,1347.7025,-0.0585,0.1398,-0.4182,0.6758,0.9995
Tdrd5,Tdrd5,0.8018,-0.2748,1.6648,-0.1651,0.8689,0.9995
Tdrd6,Tdrd6,2.1607,1.3586,1.1617,1.1694,0.2422,0.9995
Tdrd7,Tdrd7,1636.2848,-0.13,0.0541,-2.4032,0.0163,0.9995
Tdrd9,Tdrd9,37.3931,-0.0184,0.4024,-0.0456,0.9636,0.9995
Tdrkh,Tdrkh,501.2705,-0.2283,0.2875,-0.7941,0.4271,0.9995
Tdrp,Tdrp,5.4884,-0.0824,0.5924,-0.1391,0.8893,0.9995
Tead1,Tead1,4685.0397,-0.1483,0.2195,-0.6755,0.4993,0.9995
Tead2,Tead2,1794.8205,0.056,0.109,0.5143,0.607,0.9995
Tead3,Tead3,1641.4438,0.0736,0.0745,0.9886,0.3229,0.9995
Tead4,Tead4,1446.031,0.0476,0.1924,0.2475,0.8045,0.9995
Tec,Tec,204.8395,-0.2506,0.1976,-1.2684,0.2046,0.9995
Tecpr1,Tecpr1,1469.5903,-0.0335,0.1854,-0.1809,0.8565,0.9995
Tecpr2,Tecpr2,726.322,-0.0685,0.0815,-0.8397,0.4011,0.9995
Tecr,Tecr,12546.0202,0.0136,0.0697,0.1958,0.8448,0.9995
Tecrl,Tecrl,84.9962,0.2037,0.2856,0.7133,0.4757,0.9995
Tecta,Tecta,2.399,-0.7021,0.8833,-0.7949,0.4267,0.9995
Teddm2,Teddm2,0.9122,-0.1485,1.5216,-0.0976,0.9223,0.9995
Tef,Tef,4382.5249,-0.0094,0.2037,-0.0463,0.9631,0.9995
Tefm,Tefm,574.8007,0.154,0.0786,1.9603,0.05,0.9995
Tek,Tek,29.5235,0.4275,0.4393,0.9732,0.3305,0.9995
Tekt2,Tekt2,35.2305,-0.4005,0.3136,-1.2772,0.2015,0.9995
Tekt5,Tekt5,70.9121,0.047,0.375,0.1254,0.9002,0.9995
Telo2,Telo2,776.1288,0.0781,0.0858,0.91,0.3628,0.9995
Ten1,Ten1,618.3008,0.1469,0.0867,1.6949,0.0901,0.9995
Tenm2,Tenm2,1.2528,0.0485,1.4177,0.0342,0.9727,0.9995
Tenm3,Tenm3,5198.1068,-0.1902,0.2669,-0.7125,0.4761,0.9995
Tenm4,Tenm4,177.5269,0.0606,0.2848,0.2129,0.8314,0.9995
Tep1,Tep1,2565.1392,-0.1538,0.0823,-1.8677,0.0618,0.9995
Terc,Terc,1.7105,2.646,1.6988,1.5575,0.1193,0.9995
Terf1,Terf1,361.0839,0.0871,0.1455,0.5985,0.5495,0.9995
Terf2,Terf2,1278.2995,-0.0176,0.0687,-0.2563,0.7977,0.9995
Terf2ip,Terf2ip,972.7258,-0.038,0.0819,-0.4642,0.6425,0.9995
Tert,Tert,93.1511,-0.1494,0.1633,-0.9151,0.3602,0.9995
Tes,Tes,2977.4186,-0.0563,0.088,-0.6395,0.5225,0.9995
Tesc,Tesc,2.7512,0.1006,0.9651,0.1043,0.9169,0.9995
Tescl,Tescl,1.2547,0.6592,1.412,0.4668,0.6406,0.9995
Tesk1,Tesk1,1883.2331,0.0025,0.051,0.0495,0.9605,0.9995
Tesk2,Tesk2,663.8226,0.0938,0.0813,1.1531,0.2489,0.9995
Tet1,Tet1,180.0423,-0.0674,0.2577,-0.2616,0.7936,0.9995
Tet2,Tet2,469.9365,0.0273,0.176,0.1551,0.8768,0.9995
Tet3,Tet3,2013.4283,-0.1037,0.068,-1.5261,0.127,0.9995
Tex10,Tex10,1442.1552,0.018,0.1008,0.1789,0.8581,0.9995
Tex12,Tex12,1.3737,0.5994,1.2052,0.4973,0.619,0.9995
Tex14,Tex14,2.9788,-0.6592,1.015,-0.6495,0.516,0.9995
Tex16,Tex16,2.753,-0.3758,0.9562,-0.393,0.6943,0.9995
Tex19.1,Tex19.1,0.5718,-0.3657,2.0514,-0.1782,0.8585,0.9995
Tex19.2,Tex19.2,0.5732,-0.3665,1.8103,-0.2024,0.8396,0.9995
Tex2,Tex2,1695.8862,0.0042,0.0981,0.0424,0.9662,0.9995
Tex22,Tex22,0.4567,-1.0588,2.09,-0.5066,0.6124,0.9995
Tex26,Tex26,46.9598,-0.0886,0.248,-0.3572,0.7209,0.9995
Tex261,Tex261,2311.8409,0.0721,0.1211,0.5951,0.5518,0.9995
Tex264,Tex264,3620.1478,0.0228,0.1611,0.1412,0.8877,0.9995
Tex30,Tex30,385.0152,0.0162,0.126,0.1285,0.8977,0.9995
Tex35,Tex35,0.7991,2.2774,1.8584,1.2255,0.2204,0.9995
Tex38,Tex38,1.2624,-0.1559,1.3657,-0.1141,0.9091,0.9995
Tex40,Tex40,6.6266,0.916,0.5939,1.5424,0.123,0.9995
Tex9,Tex9,238.6713,0.0088,0.1051,0.0837,0.9333,0.9995
Tfam,Tfam,2217.5454,0.0188,0.0802,0.2351,0.8141,0.9995
Tfap2a,Tfap2a,8.6768,0.1531,0.4942,0.3097,0.7568,0.9995
Tfap2c,Tfap2c,3.9921,-0.353,0.8978,-0.3932,0.6942,0.9995
Tfap2e,Tfap2e,0.3415,-0.4733,2.6754,-0.1769,0.8596,0.9995
Tfap4,Tfap4,354.0293,0.2251,0.2512,0.896,0.3703,0.9995
Tfb1m,Tfb1m,252.4618,-0.0393,0.1144,-0.3437,0.7311,0.9995
Tfb2m,Tfb2m,1126.5159,-0.065,0.1526,-0.4259,0.6702,0.9995
Tfcp2,Tfcp2,1201.5545,0.0981,0.0715,1.3721,0.17,0.9995
Tfcp2l1,Tfcp2l1,24.2596,-0.037,0.4057,-0.0912,0.9273,0.9995
Tfdp1,Tfdp1,5582.337,0.0727,0.0932,0.78,0.4354,0.9995
Tfdp2,Tfdp2,1479.9584,-0.0108,0.1417,-0.0762,0.9393,0.9995
Tfe3,Tfe3,3194.6844,0.0471,0.1388,0.3396,0.7342,0.9995
Tfeb,Tfeb,449.6482,0.0793,0.1426,0.5564,0.5779,0.9995
Tfg,Tfg,3959.5828,-0.0376,0.0951,-0.3958,0.6923,0.9995
Tfip11,Tfip11,2459.1781,0.0235,0.0731,0.3216,0.7477,0.9995
Tfpi,Tfpi,2447.5487,-0.0414,0.1281,-0.3229,0.7468,0.9995
Tfpi2,Tfpi2,0.3442,0.9357,2.6503,0.353,0.7241,0.9995
Tfpt,Tfpt,450.0104,0.0434,0.0841,0.5154,0.6063,0.9995
Tfr2,Tfr2,67.4623,0.0621,0.252,0.2465,0.8053,0.9995
Tfrc,Tfrc,6381.8385,-0.0844,0.1852,-0.4557,0.6486,0.9995
Tg,Tg,557.3721,0.1146,0.1816,0.6311,0.528,0.9995
Tgds,Tgds,1014.6501,-0.0568,0.0814,-0.6969,0.4858,0.9995
Tgfa,Tgfa,12.3402,-0.2128,0.436,-0.488,0.6255,0.9995
Tgfb1,Tgfb1,3520.458,0.0722,0.0638,1.1309,0.2581,0.9995
Tgfb1i1,Tgfb1i1,3101.3025,0.0062,0.1045,0.0595,0.9526,0.9995
Tgfb2,Tgfb2,2007.341,0.0677,0.3668,0.1845,0.8536,0.9995
Tgfb3,Tgfb3,6937.3697,0.0139,0.2352,0.0593,0.9527,0.9995
Tgfbi,Tgfbi,134.5848,0.0798,0.2965,0.2693,0.7877,0.9995
Tgfbr1,Tgfbr1,1701.7601,-0.1548,0.2008,-0.7713,0.4406,0.9995
Tgfbr2,Tgfbr2,14407.5833,-0.0033,0.1179,-0.0282,0.9775,0.9995
Tgfbr3,Tgfbr3,831.103,-0.3065,0.133,-2.3053,0.0211,0.9995
Tgfbr3l,Tgfbr3l,42.7388,-0.0098,0.312,-0.0314,0.9749,0.9995
Tgfbrap1,Tgfbrap1,1856.6998,-0.0598,0.1071,-0.5588,0.5763,0.9995
Tgif1,Tgif1,4770.0677,0.0489,0.1803,0.2709,0.7864,0.9995
Tgif2,Tgif2,351.2396,0.2244,0.1073,2.0916,0.0365,0.9995
Tgm1,Tgm1,10.5021,0.3559,0.6355,0.5601,0.5754,0.9995
Tgm2,Tgm2,1517.8637,-0.061,0.239,-0.2553,0.7985,0.9995
Tgm3,Tgm3,1.7045,1.9243,1.4684,1.3104,0.1901,0.9995
Tgm4,Tgm4,557.2106,0.1212,0.1461,0.8296,0.4067,0.9995
Tgm5,Tgm5,42.6903,-0.376,0.3477,-1.0814,0.2795,0.9995
Tgoln1,Tgoln1,2876.7833,-0.0084,0.1662,-0.0507,0.9595,0.9995
Tgs1,Tgs1,1109.446,0.0048,0.1663,0.0289,0.9769,0.9995
Tgtp1,Tgtp1,5.1479,-0.5767,0.9082,-0.635,0.5254,0.9995
Tgtp2,Tgtp2,24.0264,-0.894,0.4935,-1.8118,0.07,0.9995
Tha1,Tha1,63.0536,0.2194,0.2707,0.8103,0.4178,0.9995
Thada,Thada,1098.0284,-0.1133,0.0872,-1.2992,0.1939,0.9995
Thap1,Thap1,388.5894,-0.1914,0.1283,-1.492,0.1357,0.9995
Thap11,Thap11,1303.0381,0.0844,0.0731,1.1551,0.248,0.9995
Thap2,Thap2,482.0734,-0.0534,0.1202,-0.4443,0.6568,0.9995
Thap3,Thap3,643.1709,0.115,0.0774,1.4869,0.137,0.9995
Thap4,Thap4,1507.8267,0.0773,0.1095,0.7057,0.4803,0.9995
Thap6,Thap6,151.1425,-0.2101,0.1779,-1.181,0.2376,0.9995
Thap7,Thap7,885.7621,0.1024,0.2122,0.4825,0.6295,0.9995
Thbd,Thbd,5127.8447,0.1865,0.6734,0.277,0.7818,0.9995
Thbs1,Thbs1,140588.2795,-0.3006,0.2585,-1.1625,0.245,0.9995
Thbs2,Thbs2,27056.9624,0.0398,0.1862,0.2136,0.8308,0.9995
Thbs3,Thbs3,338.8886,0.0339,0.1767,0.1917,0.848,0.9995
Thbs4,Thbs4,3.207,1.6321,1.2659,1.2893,0.1973,0.9995
Them4,Them4,368.6496,-0.0025,0.1894,-0.0133,0.9894,0.9995
Them6,Them6,683.1244,0.076,0.1099,0.6917,0.4891,0.9995
Them7,Them7,1.0291,0.9585,1.4584,0.6573,0.511,0.9995
Themis,Themis,15.1065,-0.195,0.4769,-0.409,0.6826,0.9995
Thg1l,Thg1l,1071.7588,0.0597,0.1458,0.4096,0.6821,0.9995
Thnsl1,Thnsl1,438.3825,-0.0514,0.167,-0.3076,0.7584,0.9995
Thnsl2,Thnsl2,52.7029,-0.2109,0.217,-0.9719,0.3311,0.9995
Thoc1,Thoc1,1614.987,-0.0136,0.0994,-0.1366,0.8914,0.9995
Thoc2,Thoc2,829.1168,-0.1222,0.1137,-1.0739,0.2829,0.9995
Thoc3,Thoc3,1333.9075,-0.0066,0.0693,-0.0958,0.9237,0.9995
Thoc5,Thoc5,2155.5221,0.071,0.0696,1.0206,0.3075,0.9995
Thoc6,Thoc6,747.479,-0.0055,0.1115,-0.0496,0.9604,0.9995
Thoc7,Thoc7,2445.0721,0.015,0.103,0.1461,0.8839,0.9995
Thop1,Thop1,2677.3942,0.0735,0.1205,0.6096,0.5421,0.9995
Thpo,Thpo,43.8062,-0.0319,0.2832,-0.1126,0.9103,0.9995
Thra,Thra,2946.3578,0.0548,0.1064,0.5146,0.6068,0.9995
Thrap3,Thrap3,6617.9829,-0.0004,0.0871,-0.0043,0.9966,0.9995
Thrb,Thrb,0.344,-0.475,2.671,-0.1778,0.8589,0.9995
Thsd1,Thsd1,6.7307,0.467,0.5657,0.8255,0.4091,0.9995
Thsd4,Thsd4,306.0294,-0.1758,0.1231,-1.4282,0.1532,0.9995
Thsd7a,Thsd7a,1278.4524,-0.1786,0.1056,-1.6911,0.0908,0.9995
Thsd7b,Thsd7b,23.1836,-0.1198,0.318,-0.3767,0.7064,0.9995
Thtpa,Thtpa,745.6614,0.0477,0.0807,0.5913,0.5543,0.9995
Thumpd1,Thumpd1,1603.1172,-0.0169,0.0634,-0.2659,0.7903,0.9995
Thumpd2,Thumpd2,355.9931,0.1375,0.1374,1.0007,0.317,0.9995
Thumpd3,Thumpd3,1431.1328,0.0328,0.0769,0.427,0.6694,0.9995
Thy1,Thy1,1.3703,-1.1474,1.4495,-0.7916,0.4286,0.9995
Thyn1,Thyn1,364.9149,0.1378,0.141,0.9773,0.3284,0.9995
Tia1,Tia1,1717.3362,0.1002,0.1328,0.7548,0.4504,0.9995
Tial1,Tial1,1745.4022,0.0125,0.1181,0.1059,0.9157,0.9995
Tiam1,Tiam1,1524.6251,-0.0917,0.1203,-0.7622,0.4459,0.9995
Tiam2,Tiam2,1675.877,-0.0433,0.0632,-0.6861,0.4927,0.9995
Ticam1,Ticam1,965.2015,-0.0702,0.0976,-0.7195,0.4718,0.9995
Ticam2,Ticam2,0.4589,0.2081,2.5711,0.0809,0.9355,0.9995
Ticrr,Ticrr,222.7397,-0.3286,0.4228,-0.7772,0.437,0.9995
Tifa,Tifa,828.51,0.0603,0.2134,0.2827,0.7774,0.9995
Tigar,Tigar,354.1689,0.0701,0.1441,0.4866,0.6265,0.9995
Tigd2,Tigd2,771.6214,-0.0612,0.1364,-0.4491,0.6533,0.9995
Tigd3,Tigd3,18.3902,-0.1079,0.3579,-0.3014,0.7631,0.9995
Tigd4,Tigd4,1.8241,0.3744,1.1211,0.334,0.7384,0.9995
Tigd5,Tigd5,263.9039,0.1172,0.098,1.1956,0.2318,0.9995
Tigit,Tigit,49.9675,-0.1607,0.2803,-0.5735,0.5663,0.9995
Timeless,Timeless,515.0158,-0.1264,0.1219,-1.0375,0.2995,0.9995
Timm10,Timm10,609.8578,0.1701,0.1099,1.5478,0.1217,0.9995
Timm10b,Timm10b,559.7948,0.0951,0.0977,0.9731,0.3305,0.9995
Timm13,Timm13,1964.367,0.0716,0.0813,0.8804,0.3786,0.9995
Timm17a,Timm17a,2939.4131,0.1426,0.0669,2.1333,0.0329,0.9995
Timm17b,Timm17b,990.4536,-0.0182,0.0899,-0.2026,0.8395,0.9995
Timm21,Timm21,822.4663,0.0343,0.0939,0.3656,0.7147,0.9995
Timm22,Timm22,1801.611,0.0878,0.0826,1.0633,0.2877,0.9995
Timm23,Timm23,3204.5482,0.1665,0.0688,2.4206,0.0155,0.9995
Timm44,Timm44,1897.5009,0.0563,0.0612,0.9193,0.3579,0.9995
Timm50,Timm50,1178.1189,0.0073,0.0736,0.0988,0.9213,0.9995
Timm8a1,Timm8a1,372.1546,0.2739,0.2705,1.0125,0.3113,0.9995
Timm8a2,Timm8a2,0.4541,1.0267,2.5454,0.4034,0.6867,0.9995
Timm8b,Timm8b,716.0815,0.191,0.1598,1.1959,0.2317,0.9995
Timm9,Timm9,510.4134,0.1906,0.1524,1.2508,0.211,0.9995
Timmdc1,Timmdc1,1248.1189,0.1209,0.0613,1.9713,0.0487,0.9995
Timp1,Timp1,9367.7464,0.035,0.0833,0.4197,0.6747,0.9995
Timp2,Timp2,56408.3944,-0.0338,0.0654,-0.5173,0.605,0.9995
Timp3,Timp3,18931.3785,0.006,0.3323,0.0181,0.9855,0.9995
Timp4,Timp4,25.7328,-0.1837,0.3412,-0.5385,0.5903,0.9995
Tinagl1,Tinagl1,494.3997,0.0706,0.1308,0.5401,0.5891,0.9995
Tinf2,Tinf2,715.1937,0.0164,0.1059,0.1549,0.8769,0.9995
Tiparp,Tiparp,1974.5507,-0.0342,0.1199,-0.2852,0.7755,0.9995
Tipin,Tipin,1084.6047,-0.0857,0.1322,-0.648,0.517,0.9995
Tiprl,Tiprl,2802.312,-0.0116,0.0636,-0.1831,0.8548,0.9995
Tirap,Tirap,1006.3764,0.0487,0.1328,0.3663,0.7141,0.9995
Tjap1,Tjap1,2338.7278,-0.0202,0.0893,-0.2256,0.8215,0.9995
Tjp1,Tjp1,6796.7859,-0.1367,0.1659,-0.8239,0.41,0.9995
Tjp2,Tjp2,1049.8259,-0.1018,0.1401,-0.7267,0.4674,0.9995
Tjp3,Tjp3,3.4314,-0.0123,0.7679,-0.0161,0.9872,0.9995
Tk1,Tk1,895.0513,-0.1069,0.5606,-0.1906,0.8488,0.9995
Tk2,Tk2,767.8238,-0.0069,0.1216,-0.0568,0.9547,0.9995
Tkfc,Tkfc,688.9298,-0.0199,0.0861,-0.2317,0.8168,0.9995
Tkt,Tkt,1813.782,0.2313,0.1986,1.1643,0.2443,0.9995
Tktl1,Tktl1,1.482,-0.7661,1.2202,-0.6279,0.5301,0.9995
Tlcd1,Tlcd1,159.4524,-0.1183,0.159,-0.7438,0.457,0.9995
Tlcd2,Tlcd2,87.294,0.3113,0.204,1.5258,0.127,0.9995
Tldc1,Tldc1,480.6873,0.0283,0.1021,0.2775,0.7814,0.9995
Tldc2,Tldc2,1.3698,-0.3949,1.563,-0.2526,0.8006,0.9995
Tle1,Tle1,849.1167,-0.0878,0.0932,-0.9427,0.3458,0.9995
Tle2,Tle2,530.3822,-0.194,0.0974,-1.9912,0.0465,0.9995
Tle3,Tle3,4642.5952,-0.0169,0.0686,-0.2464,0.8054,0.9995
Tle4,Tle4,69.6367,0.1866,0.2727,0.6844,0.4937,0.9995
Tle6,Tle6,541.71,-0.0757,0.123,-0.6153,0.5384,0.9995
Tlk1,Tlk1,2032.1244,-0.0924,0.1164,-0.7941,0.4271,0.9995
Tlk2,Tlk2,2118.5186,-0.027,0.1305,-0.2069,0.8361,0.9995
Tll1,Tll1,12.8052,0.1886,0.4291,0.4394,0.6604,0.9995
Tln1,Tln1,24583.5564,-0.118,0.0745,-1.5852,0.1129,0.9995
Tln2,Tln2,3056.3403,-0.1129,0.2325,-0.4854,0.6274,0.9995
Tlr1,Tlr1,6.9835,0.5034,0.5962,0.8444,0.3985,0.9995
Tlr13,Tlr13,1.1457,-0.7019,1.8654,-0.3763,0.7067,0.9995
Tlr2,Tlr2,1999.9823,-0.1208,0.1551,-0.7788,0.4361,0.9995
Tlr3,Tlr3,164.3483,-0.198,0.1974,-1.0028,0.3159,0.9995
Tlr4,Tlr4,2141.0231,-0.1344,0.223,-0.6026,0.5468,0.9995
Tlr5,Tlr5,34.5422,-0.4608,0.293,-1.5725,0.1158,0.9995
Tlr6,Tlr6,340.4645,-0.1032,0.2041,-0.5059,0.6129,0.9995
Tlr7,Tlr7,2.6231,0.2233,1.0543,0.2118,0.8322,0.9995
Tlx2,Tlx2,8.6992,-0.0531,0.6783,-0.0783,0.9376,0.9995
Tm2d1,Tm2d1,1608.8587,-0.0348,0.0625,-0.5562,0.5781,0.9995
Tm2d2,Tm2d2,2625.6791,0.1221,0.09,1.3566,0.1749,0.9995
Tm2d3,Tm2d3,533.5178,0.0168,0.0858,0.1954,0.8451,0.9995
Tm4sf1,Tm4sf1,3455.9355,-0.0435,0.1055,-0.4129,0.6797,0.9995
Tm4sf19,Tm4sf19,2.5129,-0.8087,1.2813,-0.6311,0.5279,0.9995
Tm4sf4,Tm4sf4,2.2843,-1.2776,1.0063,-1.2696,0.2042,0.9995
Tm6sf1,Tm6sf1,65.9693,0.099,0.1903,0.5201,0.603,0.9995
Tm6sf2,Tm6sf2,13.4792,0.5421,0.4902,1.1058,0.2688,0.9995
Tm7sf2,Tm7sf2,381.3463,-0.0698,0.1694,-0.4122,0.6802,0.9995
Tm7sf3,Tm7sf3,2585.087,-0.007,0.0834,-0.084,0.933,0.9995
Tm9sf1,Tm9sf1,5038.9544,0.0219,0.0801,0.2741,0.784,0.9995
Tm9sf2,Tm9sf2,10949.4029,-0.0144,0.1109,-0.1298,0.8967,0.9995
Tm9sf3,Tm9sf3,11730.8171,-0.0524,0.1212,-0.4325,0.6654,0.9995
Tm9sf4,Tm9sf4,4669.2072,-0.0138,0.0773,-0.179,0.8579,0.9995
Tma16,Tma16,370.8876,0.1926,0.1664,1.1573,0.2471,0.9995
Tma7,Tma7,2240.3124,0.1808,0.0717,2.5223,0.0117,0.9995
Tmbim1,Tmbim1,8884.98,0.0676,0.0674,1.002,0.3164,0.9995
Tmbim4,Tmbim4,2492.9611,0.0674,0.0775,0.8703,0.3841,0.9995
Tmbim6,Tmbim6,24296.6197,-0.0047,0.0699,-0.0671,0.9465,0.9995
Tmc3,Tmc3,108.1356,-0.588,0.4082,-1.4406,0.1497,0.9995
Tmc4,Tmc4,66.4229,0.2043,0.1943,1.0518,0.2929,0.9995
Tmc6,Tmc6,1908.6707,-0.0175,0.1018,-0.1717,0.8637,0.9995
Tmc7,Tmc7,71.6755,0.1459,0.1909,0.7641,0.4448,0.9995
Tmc8,Tmc8,14.2699,0.4186,0.4503,0.9295,0.3526,0.9995
Tmcc1,Tmcc1,1431.4185,-0.113,0.0899,-1.2562,0.209,0.9995
Tmcc2,Tmcc2,1795.4141,-0.0454,0.0795,-0.5709,0.568,0.9995
Tmcc3,Tmcc3,1053.0305,-0.3597,0.2025,-1.7759,0.0757,0.9995
Tmco1,Tmco1,3847.1051,-0.0139,0.0612,-0.2268,0.8206,0.9995
Tmco3,Tmco3,2862.677,-0.0596,0.0768,-0.7763,0.4376,0.9995
Tmco4,Tmco4,164.5443,0.1047,0.2209,0.4741,0.6354,0.9995
Tmco6,Tmco6,314.2548,-0.0128,0.1511,-0.0849,0.9323,0.9995
Tmed1,Tmed1,1936.904,0.1054,0.132,0.7986,0.4245,0.9995
Tmed10,Tmed10,17442.758,0.0212,0.1214,0.175,0.8611,0.9995
Tmed2,Tmed2,8428.2877,0.235,0.1778,1.3219,0.1862,0.9995
Tmed3,Tmed3,5009.5905,0.0036,0.1014,0.036,0.9713,0.9995
Tmed4,Tmed4,3882.3347,0.0773,0.1021,0.7574,0.4488,0.9995
Tmed5,Tmed5,703.7517,0.0146,0.1264,0.1157,0.9079,0.9995
Tmed6,Tmed6,0.3436,-0.476,2.6719,-0.1781,0.8586,0.9995
Tmed7,Tmed7,7103.0609,-0.0407,0.138,-0.2951,0.768,0.9995
Tmed8,Tmed8,1265.2337,0.0463,0.1559,0.297,0.7665,0.9995
Tmed9,Tmed9,8648.5724,0.0674,0.0759,0.8881,0.3745,0.9995
Tmeff1,Tmeff1,2737.7753,0.1788,0.1514,1.1813,0.2375,0.9995
Tmeff2,Tmeff2,697.7171,-0.1959,0.2638,-0.7427,0.4576,0.9995
Tmem100,Tmem100,4.6931,0.4212,0.9331,0.4514,0.6517,0.9995
Tmem101,Tmem101,832.2569,0.0363,0.0667,0.5439,0.5865,0.9995
Tmem104,Tmem104,1076.8975,0.055,0.1726,0.3188,0.7499,0.9995
Tmem106a,Tmem106a,118.2372,-0.1502,0.2458,-0.6111,0.5411,0.9995
Tmem106b,Tmem106b,5511.4623,0.0715,0.1483,0.4822,0.6297,0.9995
Tmem106c,Tmem106c,819.1466,-0.0519,0.0941,-0.5512,0.5815,0.9995
Tmem107,Tmem107,311.0833,-0.0718,0.134,-0.5356,0.5922,0.9995
Tmem108,Tmem108,1.7136,1.0158,1.1599,0.8757,0.3812,0.9995
Tmem109,Tmem109,5613.4723,0.0185,0.0919,0.2007,0.8409,0.9995
Tmem11,Tmem11,1199.231,0.0989,0.0733,1.3492,0.1773,0.9995
Tmem110,Tmem110,882.9439,-0.0551,0.0928,-0.5938,0.5527,0.9995
Tmem115,Tmem115,2309.5984,0.1008,0.1432,0.7037,0.4816,0.9995
Tmem116,Tmem116,22.4471,0.1571,0.4246,0.3699,0.7115,0.9995
Tmem117,Tmem117,158.4629,0.0624,0.1522,0.4096,0.6821,0.9995
Tmem119,Tmem119,4519.8676,-0.049,0.2498,-0.1961,0.8445,0.9995
Tmem120a,Tmem120a,1030.8252,0.1495,0.1526,0.9796,0.3273,0.9995
Tmem120b,Tmem120b,577.4632,0.1004,0.0996,1.0078,0.3135,0.9995
Tmem121,Tmem121,342.0791,0.1002,0.1079,0.9279,0.3535,0.9995
Tmem123,Tmem123,13762.5952,-0.0447,0.2098,-0.2132,0.8312,0.9995
Tmem125,Tmem125,1.4876,-0.5386,1.0998,-0.4897,0.6243,0.9995
Tmem126a,Tmem126a,901.8416,0.0378,0.067,0.5647,0.5722,0.9995
Tmem126b,Tmem126b,447.7054,0.0595,0.1074,0.5536,0.5799,0.9995
Tmem127,Tmem127,4698.5481,-0.0296,0.0783,-0.3781,0.7053,0.9995
Tmem128,Tmem128,964.2355,0.0687,0.1462,0.4698,0.6385,0.9995
Tmem129,Tmem129,1533.8633,0.0697,0.082,0.8497,0.3955,0.9995
Tmem130,Tmem130,24.8091,0.3919,0.5877,0.6669,0.5048,0.9995
Tmem131,Tmem131,3729.6268,-0.1366,0.0949,-1.439,0.1502,0.9995
Tmem132a,Tmem132a,4951.0002,-0.0221,0.065,-0.3402,0.7337,0.9995
Tmem132b,Tmem132b,0.4565,-1.0578,2.5223,-0.4194,0.6749,0.9995
Tmem134,Tmem134,2230.2328,0.1074,0.0797,1.3466,0.1781,0.9995
Tmem135,Tmem135,1138.1721,-0.0459,0.1079,-0.425,0.6708,0.9995
Tmem136,Tmem136,0.8001,0.5356,1.5182,0.3528,0.7242,0.9995
Tmem138,Tmem138,726.0495,0.0313,0.1107,0.2829,0.7773,0.9995
Tmem139,Tmem139,3.6528,0.5638,0.7896,0.714,0.4752,0.9995
Tmem140,Tmem140,68.3632,0.4314,0.3772,1.1435,0.2528,0.9995
Tmem141,Tmem141,340.1215,0.0672,0.0892,0.7539,0.4509,0.9995
Tmem143,Tmem143,636.8812,-0.0576,0.102,-0.5644,0.5725,0.9995
Tmem144,Tmem144,65.0582,-0.2305,0.208,-1.1082,0.2678,0.9995
Tmem147,Tmem147,1730.2401,0.0608,0.0877,0.6925,0.4886,0.9995
Tmem14a,Tmem14a,70.6719,-0.1276,0.227,-0.5622,0.574,0.9995
Tmem14c,Tmem14c,2358.7848,0.1149,0.1063,1.0806,0.2799,0.9995
Tmem150a,Tmem150a,753.8074,0.1112,0.0677,1.6433,0.1003,0.9995
Tmem150b,Tmem150b,1.3689,-1.175,1.257,-0.9347,0.3499,0.9995
Tmem151a,Tmem151a,674.2089,0.0086,0.2078,0.0415,0.9669,0.9995
Tmem151b,Tmem151b,4.3397,-1.5713,0.9405,-1.6708,0.0948,0.9995
Tmem154,Tmem154,289.9481,0.2797,0.6408,0.4364,0.6625,0.9995
Tmem158,Tmem158,525.2247,0.1655,0.1466,1.1291,0.2588,0.9995
Tmem159,Tmem159,934.1178,0.0092,0.1199,0.0767,0.9388,0.9995
Tmem160,Tmem160,677.7148,0.0795,0.1183,0.6722,0.5015,0.9995
Tmem161a,Tmem161a,2341.1498,-0.0035,0.0813,-0.0434,0.9654,0.9995
Tmem161b,Tmem161b,333.1014,0.0795,0.1517,0.5238,0.6004,0.9995
Tmem163,Tmem163,0.804,-1.1117,1.9413,-0.5726,0.5669,0.9995
Tmem164,Tmem164,2028.87,-0.028,0.095,-0.2943,0.7685,0.9995
Tmem165,Tmem165,3565.0761,0.0961,0.1346,0.7141,0.4752,0.9995
Tmem167,Tmem167,4032.7428,0.0726,0.0735,0.9872,0.3236,0.9995
Tmem167b,Tmem167b,4160.0144,-0.0384,0.0592,-0.6485,0.5166,0.9995
Tmem168,Tmem168,2347.599,-0.0838,0.0777,-1.0777,0.2812,0.9995
Tmem169,Tmem169,297.5849,0.0306,0.1627,0.188,0.8509,0.9995
Tmem17,Tmem17,114.5868,-0.3491,0.1755,-1.989,0.0467,0.9995
Tmem170,Tmem170,119.2646,0.0894,0.1434,0.6238,0.5328,0.9995
Tmem170b,Tmem170b,462.4319,-0.1331,0.1989,-0.6691,0.5034,0.9995
Tmem171,Tmem171,69.8438,-0.1238,0.2567,-0.4823,0.6296,0.9995
Tmem173,Tmem173,1075.5703,-0.0209,0.1123,-0.1857,0.8527,0.9995
Tmem175,Tmem175,932.094,-0.0304,0.0981,-0.3096,0.7569,0.9995
Tmem176a,Tmem176a,823.6943,-0.1488,0.1877,-0.7927,0.428,0.9995
Tmem176b,Tmem176b,2229.5348,-0.1908,0.1656,-1.1522,0.2492,0.9995
Tmem177,Tmem177,655.1771,0.1707,0.1081,1.5795,0.1142,0.9995
Tmem178b,Tmem178b,0.458,-2.1974,2.429,-0.9047,0.3656,0.9995
Tmem179b,Tmem179b,296.4481,0.1542,0.1635,0.9434,0.3455,0.9995
Tmem18,Tmem18,1022.7876,-0.0106,0.0718,-0.1482,0.8822,0.9995
Tmem180,Tmem180,66.1304,0.1981,0.2629,0.7533,0.4513,0.9995
Tmem181a,Tmem181a,436.6297,0.134,0.1697,0.7895,0.4298,0.9995
Tmem181b-ps,Tmem181b-ps,983.485,0.1187,0.1263,0.9397,0.3474,0.9995
Tmem181c-ps,Tmem181c-ps,352.9138,-0.1157,0.0994,-1.1648,0.2441,0.9995
Tmem182,Tmem182,986.7044,0.0449,0.2477,0.1814,0.8561,0.9995
Tmem183a,Tmem183a,3680.1676,0.0249,0.0554,0.4493,0.6532,0.9995
Tmem184a,Tmem184a,112.5381,0.2266,0.2514,0.9013,0.3674,0.9995
Tmem184b,Tmem184b,7377.5249,-0.0105,0.1109,-0.0946,0.9246,0.9995
Tmem184c,Tmem184c,1330.946,-0.0295,0.1918,-0.1539,0.8777,0.9995
Tmem185b,Tmem185b,1423.5315,-0.0166,0.062,-0.2681,0.7887,0.9995
Tmem186,Tmem186,674.6367,0.1715,0.1274,1.3459,0.1783,0.9995
Tmem189,Tmem189,3808.4551,0.1495,0.1286,1.1628,0.2449,0.9995
Tmem19,Tmem19,2468.1688,0.0453,0.061,0.7423,0.4579,0.9995
Tmem190,Tmem190,3.1949,-0.2371,0.8553,-0.2772,0.7816,0.9995
Tmem191c,Tmem191c,29.0181,0.0524,0.2776,0.1889,0.8501,0.9995
Tmem192,Tmem192,870.4422,0.0979,0.1656,0.5913,0.5543,0.9995
Tmem194,Tmem194,702.1689,0.026,0.1194,0.2178,0.8276,0.9995
Tmem194b,Tmem194b,180.601,0.1734,0.1393,1.2452,0.2131,0.9995
Tmem198,Tmem198,29.4798,0.1994,0.3174,0.6283,0.5298,0.9995
Tmem198b,Tmem198b,643.5896,-0.0157,0.0984,-0.1596,0.8732,0.9995
Tmem199,Tmem199,1022.8225,0.1118,0.0997,1.122,0.2618,0.9995
Tmem2,Tmem2,1889.6858,0.01,0.1407,0.071,0.9434,0.9995
Tmem200a,Tmem200a,78.9229,-0.1019,0.5156,-0.1976,0.8434,0.9995
Tmem200b,Tmem200b,43.2346,-0.1978,0.2451,-0.8068,0.4198,0.9995
Tmem200c,Tmem200c,1.0291,-0.4535,1.7154,-0.2643,0.7915,0.9995
Tmem201,Tmem201,1447.1458,-0.0025,0.0637,-0.0391,0.9688,0.9995
Tmem202,Tmem202,34.5521,-0.134,0.29,-0.462,0.6441,0.9995
Tmem203,Tmem203,215.7631,0.0515,0.1967,0.2617,0.7935,0.9995
Tmem204,Tmem204,39.333,-0.1744,0.2422,-0.7202,0.4714,0.9995
Tmem205,Tmem205,542.0228,0.0583,0.1106,0.5271,0.5981,0.9995
Tmem206,Tmem206,817.5736,0.0861,0.1604,0.5367,0.5915,0.9995
Tmem208,Tmem208,1229.3206,0.1138,0.0686,1.6594,0.097,0.9995
Tmem209,Tmem209,2156.731,-0.0116,0.0943,-0.1232,0.9019,0.9995
Tmem212,Tmem212,1.5925,0.6776,1.3581,0.4989,0.6178,0.9995
Tmem214,Tmem214,3551.4669,-0.0239,0.0696,-0.3438,0.731,0.9995
Tmem216,Tmem216,369.6618,0.0404,0.1402,0.2879,0.7734,0.9995
Tmem218,Tmem218,476.3007,0.0334,0.1061,0.3147,0.753,0.9995
Tmem219,Tmem219,563.6335,0.1048,0.0841,1.246,0.2128,0.9995
Tmem220,Tmem220,82.3398,0.0864,0.2271,0.3804,0.7036,0.9995
Tmem221,Tmem221,11.4542,-0.7083,0.4968,-1.4258,0.1539,0.9995
Tmem222,Tmem222,1555.353,-0.0338,0.0821,-0.4124,0.6801,0.9995
Tmem223,Tmem223,34.1044,-0.0393,0.3002,-0.131,0.8958,0.9995
Tmem229b,Tmem229b,189.4664,-0.0219,0.2425,-0.0903,0.9281,0.9995
Tmem230,Tmem230,1693.8523,0.0313,0.1213,0.2581,0.7963,0.9995
Tmem231,Tmem231,496.656,0.0298,0.1036,0.2875,0.7737,0.9995
Tmem234,Tmem234,2171.2928,0.0404,0.0952,0.4248,0.671,0.9995
Tmem236,Tmem236,7.7844,-0.5164,0.5395,-0.9572,0.3385,0.9995
Tmem237,Tmem237,1289.4117,-0.0698,0.0765,-0.9122,0.3617,0.9995
Tmem238,Tmem238,50.1695,0.157,0.1953,0.8038,0.4215,0.9995
Tmem239,Tmem239,3.314,0.8893,0.7897,1.1262,0.2601,0.9995
Tmem240,Tmem240,14.5056,0.3339,0.5318,0.6278,0.5302,0.9995
Tmem241,Tmem241,407.9614,-0.0094,0.1623,-0.0576,0.954,0.9995
Tmem242,Tmem242,1963.3239,0.0761,0.0774,0.984,0.3251,0.9995
Tmem243,Tmem243,235.2265,0.1825,0.1662,1.0975,0.2724,0.9995
Tmem245,Tmem245,398.7689,-0.22,0.2048,-1.0742,0.2827,0.9995
Tmem246,Tmem246,182.9069,0.0747,0.2718,0.2749,0.7834,0.9995
Tmem248,Tmem248,4181.9199,0.0151,0.067,0.2259,0.8213,0.9995
Tmem25,Tmem25,46.3256,-0.2188,0.2346,-0.9326,0.351,0.9995
Tmem251,Tmem251,647.4481,0.0923,0.2649,0.3485,0.7274,0.9995
Tmem252,Tmem252,8.8197,0.9275,0.9143,1.0144,0.3104,0.9995
Tmem253,Tmem253,8.2297,0.1498,0.5156,0.2906,0.7713,0.9995
Tmem255a,Tmem255a,0.4581,0.2142,2.5707,0.0833,0.9336,0.9995
Tmem256,Tmem256,1164.2808,0.0795,0.0889,0.8942,0.3712,0.9995
Tmem258,Tmem258,2625.9179,0.1178,0.1165,1.0114,0.3118,0.9995
Tmem259,Tmem259,4858.7166,0.04,0.1027,0.3895,0.6969,0.9995
Tmem26,Tmem26,6.8504,-0.0109,0.5934,-0.0183,0.9854,0.9995
Tmem260,Tmem260,1080.9932,-0.14,0.127,-1.1029,0.27,0.9995
Tmem261,Tmem261,726.7238,0.0544,0.0925,0.5877,0.5567,0.9995
Tmem263,Tmem263,3765.717,-0.0929,0.1525,-0.6089,0.5426,0.9995
Tmem265,Tmem265,113.1142,0.0782,0.1716,0.4554,0.6488,0.9995
Tmem27,Tmem27,1.0292,0.2424,1.4564,0.1664,0.8678,0.9995
Tmem29,Tmem29,346.5284,0.064,0.1363,0.47,0.6384,0.9995
Tmem30a,Tmem30a,5117.4714,0.0362,0.1607,0.2253,0.8217,0.9995
Tmem30b,Tmem30b,1.0261,1.7152,1.9458,0.8815,0.3781,0.9995
Tmem30c,Tmem30c,0.6825,-0.2977,2.0293,-0.1467,0.8834,0.9995
Tmem33,Tmem33,3873.9421,0.0488,0.0723,0.6755,0.4994,0.9995
Tmem35,Tmem35,13.9522,-0.2016,0.373,-0.5404,0.5889,0.9995
Tmem37,Tmem37,1222.5544,0.0592,0.1605,0.3689,0.7122,0.9995
Tmem38a,Tmem38a,5529.0986,0.0941,0.2055,0.4579,0.647,0.9995
Tmem38b,Tmem38b,4350.5448,0.068,0.1116,0.6097,0.5421,0.9995
Tmem39a,Tmem39a,2113.2207,-0.0361,0.0728,-0.4962,0.6198,0.9995
Tmem39b,Tmem39b,388.2758,0.074,0.0972,0.7612,0.4465,0.9995
Tmem40,Tmem40,5.7244,0.8836,0.9202,0.9602,0.337,0.9995
Tmem41a,Tmem41a,542.2609,0.1132,0.1655,0.6841,0.4939,0.9995
Tmem41b,Tmem41b,1511.4069,0.0076,0.139,0.0547,0.9564,0.9995
Tmem42,Tmem42,358.2798,0.0077,0.1334,0.058,0.9537,0.9995
Tmem43,Tmem43,9457.47,0.0826,0.1375,0.601,0.5478,0.9995
Tmem44,Tmem44,243.9165,-0.1291,0.181,-0.7131,0.4758,0.9995
Tmem45a,Tmem45a,3414.2869,-0.0829,0.1336,-0.621,0.5346,0.9995
Tmem45a2,Tmem45a2,0.5697,-0.3632,2.0514,-0.177,0.8595,0.9995
Tmem47,Tmem47,1530.9308,0.1813,0.1869,0.9703,0.3319,0.9995
Tmem5,Tmem5,1698.3596,0.0351,0.0761,0.4612,0.6447,0.9995
Tmem50a,Tmem50a,7718.787,0.0625,0.1132,0.5524,0.5807,0.9995
Tmem50b,Tmem50b,1583.5546,0.01,0.0838,0.1191,0.9052,0.9995
Tmem52,Tmem52,0.5728,0.7126,2.0543,0.3469,0.7287,0.9995
Tmem53,Tmem53,337.6433,-0.1625,0.1607,-1.0108,0.3121,0.9995
Tmem54,Tmem54,0.3435,0.9378,2.6523,0.3536,0.7237,0.9995
Tmem55a,Tmem55a,3377.0496,-0.0407,0.1265,-0.3218,0.7476,0.9995
Tmem55b,Tmem55b,2308.7871,0.0582,0.1777,0.3274,0.7434,0.9995
Tmem56,Tmem56,42.5379,0.6285,0.342,1.8378,0.0661,0.9995
Tmem57,Tmem57,3577.2827,-0.0463,0.1135,-0.4079,0.6834,0.9995
Tmem59,Tmem59,14991.7411,0.0503,0.0894,0.563,0.5734,0.9995
Tmem59l,Tmem59l,1.0268,-0.256,2.2872,-0.1119,0.9109,0.9995
Tmem60,Tmem60,729.7511,0.0634,0.1401,0.4525,0.6509,0.9995
Tmem62,Tmem62,847.6839,0.0372,0.1237,0.3007,0.7636,0.9995
Tmem63a,Tmem63a,4403.4325,0.0499,0.1696,0.2939,0.7688,0.9995
Tmem63b,Tmem63b,2916.8727,0.0064,0.0804,0.0797,0.9364,0.9995
Tmem63c,Tmem63c,1.2569,-0.3528,1.2592,-0.2802,0.7794,0.9995
Tmem64,Tmem64,10124.7908,-0.2351,0.2243,-1.0484,0.2945,0.9995
Tmem65,Tmem65,5262.4894,-0.1184,0.1329,-0.8907,0.3731,0.9995
Tmem67,Tmem67,502.8665,-0.1365,0.1103,-1.2371,0.216,0.9995
Tmem68,Tmem68,738.7723,-0.0346,0.0753,-0.4591,0.6461,0.9995
Tmem69,Tmem69,634.6159,0.0608,0.1116,0.5443,0.5863,0.9995
Tmem70,Tmem70,1833.785,-0.0082,0.1102,-0.0745,0.9406,0.9995
Tmem71,Tmem71,16.4475,0.1835,0.4155,0.4417,0.6587,0.9995
Tmem74,Tmem74,5.9422,-1.109,0.604,-1.8361,0.0663,0.9995
Tmem79,Tmem79,255.2612,-0.0535,0.2248,-0.2379,0.812,0.9995
Tmem8,Tmem8,101.2364,-0.0465,0.172,-0.2701,0.7871,0.9995
Tmem80,Tmem80,305.8741,0.0898,0.1056,0.8503,0.3951,0.9995
Tmem81,Tmem81,192.5466,-0.0668,0.1443,-0.463,0.6434,0.9995
Tmem82,Tmem82,0.6862,0.1487,1.5903,0.0935,0.9255,0.9995
Tmem86a,Tmem86a,1503.7982,0.2131,0.1032,2.066,0.0388,0.9995
Tmem86b,Tmem86b,37.9328,0.1516,0.3342,0.4536,0.6501,0.9995
Tmem87a,Tmem87a,2403.6479,-0.0378,0.0722,-0.5227,0.6012,0.9995
Tmem87b,Tmem87b,1934.492,-0.0961,0.1409,-0.6826,0.4949,0.9995
Tmem88,Tmem88,5.8341,-0.538,0.6233,-0.8631,0.3881,0.9995
Tmem88b,Tmem88b,89.8504,0.0476,0.2645,0.18,0.8571,0.9995
Tmem8b,Tmem8b,183.5817,-0.0303,0.1353,-0.2242,0.8226,0.9995
Tmem8c,Tmem8c,12179.4822,0.1447,0.2528,0.5722,0.5672,0.9995
Tmem9,Tmem9,2532.2771,0.0852,0.0792,1.076,0.2819,0.9995
Tmem91,Tmem91,4.2193,0.1146,0.7759,0.1477,0.8826,0.9995
Tmem95,Tmem95,21.0189,0.1975,0.3366,0.5868,0.5573,0.9995
Tmem97,Tmem97,2059.4776,0.0744,0.0886,0.8394,0.4013,0.9995
Tmem98,Tmem98,2776.8066,-0.0553,0.1275,-0.4341,0.6642,0.9995
Tmem9b,Tmem9b,2198.8892,0.0818,0.0607,1.3474,0.1779,0.9995
Tmf1,Tmf1,1213.8152,0.1099,0.1564,0.7024,0.4824,0.9995
Tmie,Tmie,57.8081,0.1651,0.3152,0.5238,0.6004,0.9995
Tmigd1,Tmigd1,3.5484,-1.3744,0.7814,-1.759,0.0786,0.9995
Tmigd3,Tmigd3,0.4541,1.0267,2.5454,0.4034,0.6867,0.9995
Tmod1,Tmod1,1106.9304,0.1395,0.1834,0.7603,0.4471,0.9995
Tmod2,Tmod2,37.939,-0.0428,0.2691,-0.1591,0.8736,0.9995
Tmod3,Tmod3,3182.3705,-0.113,0.0907,-1.2459,0.2128,0.9995
Tmod4,Tmod4,31.9879,0.1085,0.3429,0.3165,0.7517,0.9995
Tmpo,Tmpo,7814.6925,-0.1132,0.1835,-0.6169,0.5373,0.9995
Tmppe,Tmppe,377.574,0.1341,0.1786,0.7508,0.4528,0.9995
Tmprss11b,Tmprss11b,5.4873,0.2489,0.5931,0.4197,0.6747,0.9995
Tmprss11f,Tmprss11f,13.9729,-0.5414,0.4602,-1.1765,0.2394,0.9995
Tmprss2,Tmprss2,0.9095,-0.1303,1.6679,-0.0782,0.9377,0.9995
Tmprss6,Tmprss6,32.5953,-0.0356,0.3014,-0.1181,0.906,0.9995
Tmprss9,Tmprss9,1.7107,0.1868,1.3428,0.1391,0.8893,0.9995
Tmsb10,Tmsb10,26769.802,0.0647,0.1487,0.435,0.6636,0.9995
Tmsb15a,Tmsb15a,2.6239,-0.4647,0.908,-0.5118,0.6088,0.9995
Tmsb4x,Tmsb4x,28970.708,0.0411,0.2971,0.1383,0.89,0.9995
Tmtc1,Tmtc1,3.8812,0.5303,0.7947,0.6673,0.5046,0.9995
Tmtc2,Tmtc2,116.308,-0.1277,0.3158,-0.4043,0.686,0.9995
Tmtc3,Tmtc3,1086.7251,0.0083,0.1406,0.059,0.9529,0.9995
Tmtc4,Tmtc4,1058.5062,-0.0618,0.0798,-0.7746,0.4386,0.9995
Tmub1,Tmub1,330.6948,-0.0472,0.1913,-0.2466,0.8052,0.9995
Tmub2,Tmub2,2629.4935,-0.0039,0.0745,-0.0521,0.9585,0.9995
Tmx1,Tmx1,3971.4638,-0.1233,0.0793,-1.555,0.12,0.9995
Tmx2,Tmx2,2675.398,0.0561,0.081,0.6922,0.4888,0.9995
Tmx3,Tmx3,2989.8817,0.05,0.1392,0.3592,0.7194,0.9995
Tmx4,Tmx4,2604.5494,-0.0449,0.0923,-0.4865,0.6266,0.9995
Tnc,Tnc,19911.3731,0.0164,0.3293,0.0498,0.9603,0.9995
Tnf,Tnf,21.3884,-0.1677,0.4774,-0.3513,0.7254,0.9995
Tnfaip1,Tnfaip1,5893.8809,0.0204,0.0673,0.3038,0.7613,0.9995
Tnfaip2,Tnfaip2,11189.3323,0.0413,0.2732,0.1512,0.8798,0.9995
Tnfaip3,Tnfaip3,1814.1773,-0.078,0.0857,-0.9098,0.3629,0.9995
Tnfaip6,Tnfaip6,25.8383,-0.5446,0.2999,-1.8161,0.0694,0.9995
Tnfaip8,Tnfaip8,685.4463,0.037,0.0815,0.4533,0.6503,0.9995
Tnfaip8l1,Tnfaip8l1,107.9069,-0.0541,0.2125,-0.2547,0.799,0.9995
Tnfaip8l2,Tnfaip8l2,3.4287,0.122,0.7701,0.1584,0.8741,0.9995
Tnfrsf10b,Tnfrsf10b,1552.6735,0.1061,0.1251,0.848,0.3964,0.9995
Tnfrsf11a,Tnfrsf11a,3.8751,-0.3467,0.9118,-0.3803,0.7037,0.9995
Tnfrsf11b,Tnfrsf11b,196.4663,-0.2896,0.5372,-0.5391,0.5898,0.9995
Tnfrsf12a,Tnfrsf12a,4425.0048,-0.0483,0.1961,-0.2463,0.8054,0.9995
Tnfrsf13b,Tnfrsf13b,0.4578,0.2211,2.5714,0.086,0.9315,0.9995
Tnfrsf13c,Tnfrsf13c,4.1174,-0.5922,0.6743,-0.8782,0.3798,0.9995
Tnfrsf14,Tnfrsf14,19.5464,-0.3649,0.3747,-0.9738,0.3302,0.9995
Tnfrsf18,Tnfrsf18,34.7051,0.6206,0.3783,1.6405,0.1009,0.9995
Tnfrsf19,Tnfrsf19,52.4735,0.9446,0.4751,1.988,0.0468,0.9995
Tnfrsf1a,Tnfrsf1a,8323.5221,0.1128,0.2072,0.5448,0.5859,0.9995
Tnfrsf1b,Tnfrsf1b,4431.3634,-0.0585,0.0637,-0.9184,0.3584,0.9995
Tnfrsf21,Tnfrsf21,276.9675,0.3413,0.2758,1.2373,0.216,0.9995
Tnfrsf22,Tnfrsf22,691.6105,0.0814,0.2824,0.2884,0.7731,0.9995
Tnfrsf23,Tnfrsf23,3507.1153,0.1907,0.266,0.7168,0.4735,0.9995
Tnfrsf25,Tnfrsf25,223.566,0.2133,0.2883,0.7399,0.4594,0.9995
Tnfrsf26,Tnfrsf26,15.5284,-0.1168,0.4384,-0.2664,0.7899,0.9995
Tnfrsf4,Tnfrsf4,18.0468,0.0888,0.3705,0.2396,0.8106,0.9995
Tnfrsf8,Tnfrsf8,1.3739,-2.0993,1.4659,-1.4321,0.1521,0.9995
Tnfrsf9,Tnfrsf9,540.1595,0.5878,0.988,0.5949,0.5519,0.9995
Tnfsf10,Tnfsf10,1.4857,-0.5496,1.1971,-0.4591,0.6461,0.9995
Tnfsf11,Tnfsf11,6.6231,-0.5487,0.5843,-0.9391,0.3477,0.9995
Tnfsf12,Tnfsf12,313.9146,0.0653,0.1183,0.5516,0.5812,0.9995
Tnfsf13,Tnfsf13,24.3549,-0.2958,0.3526,-0.8391,0.4014,0.9995
Tnfsf13b,Tnfsf13b,2.8595,1.09,0.8577,1.2709,0.2038,0.9995
Tnfsf14,Tnfsf14,2.6154,0.7945,1.3227,0.6007,0.5481,0.9995
Tnfsf15,Tnfsf15,41.8857,0.2113,0.5547,0.3809,0.7033,0.9995
Tnfsf18,Tnfsf18,6.6254,-0.5515,0.9555,-0.5772,0.5638,0.9995
Tnfsf4,Tnfsf4,2.2812,0.7834,0.9612,0.815,0.4151,0.9995
Tnfsf9,Tnfsf9,453.9281,0.2278,0.2647,0.8608,0.3894,0.9995
Tnik,Tnik,229.744,-0.3842,0.3252,-1.1814,0.2374,0.9995
Tnip1,Tnip1,3834.619,0.0188,0.0754,0.2497,0.8028,0.9995
Tnip2,Tnip2,570.2982,-0.0252,0.1002,-0.2511,0.8017,0.9995
Tnip3,Tnip3,9.4952,-0.522,0.6191,-0.8432,0.3991,0.9995
Tnk1,Tnk1,1.1441,-0.4594,1.373,-0.3346,0.7379,0.9995
Tnk2,Tnk2,1842.2619,-0.0548,0.111,-0.4933,0.6218,0.9995
Tnk2os,Tnk2os,6.2966,-0.3962,0.5813,-0.6816,0.4955,0.9995
Tnks,Tnks,2087.0762,-0.1963,0.1394,-1.4085,0.159,0.9995
Tnks1bp1,Tnks1bp1,10086.3768,-0.0289,0.0601,-0.4809,0.6306,0.9995
Tnks2,Tnks2,6989.6086,-0.0629,0.1061,-0.593,0.5532,0.9995
Tnn,Tnn,49.2085,0.1405,0.7157,0.1964,0.8443,0.9995
Tnnc1,Tnnc1,19313.0514,0.2174,0.2403,0.9046,0.3657,0.9995
Tnnc2,Tnnc2,6145.6158,0.2131,0.2583,0.8247,0.4095,0.9995
Tnni1,Tnni1,18575.3683,0.1965,0.2761,0.7118,0.4766,0.9995
Tnni2,Tnni2,4972.4915,0.2208,0.2596,0.8505,0.395,0.9995
Tnni3,Tnni3,13.7243,0.2333,0.4015,0.581,0.5612,0.9995
Tnni3k,Tnni3k,7.0812,-0.0066,0.5406,-0.0121,0.9903,0.9995
Tnnt1,Tnnt1,6016.2549,0.1515,0.3433,0.4413,0.659,0.9995
Tnnt2,Tnnt2,15416.6194,0.2285,0.2907,0.7863,0.4317,0.9995
Tnnt3,Tnnt3,13567.7913,0.1602,0.2627,0.6099,0.5419,0.9995
Tnpo1,Tnpo1,3888.4048,-0.0406,0.1472,-0.2759,0.7826,0.9995
Tnpo2,Tnpo2,7419.8383,0.1845,0.188,0.9815,0.3264,0.9995
Tnpo3,Tnpo3,4321.8841,-0.0839,0.087,-0.9647,0.3347,0.9995
Tnr,Tnr,4.9243,-0.6545,0.8923,-0.7336,0.4632,0.9995
Tnrc18,Tnrc18,4062.0502,-0.1958,0.0776,-2.5232,0.0116,0.9995
Tnrc6a,Tnrc6a,1674.6801,-0.0169,0.1465,-0.1153,0.9082,0.9995
Tnrc6b,Tnrc6b,2442.8919,-0.0957,0.1754,-0.5455,0.5854,0.9995
Tnrc6c,Tnrc6c,1393.5613,-0.1942,0.1325,-1.4659,0.1427,0.9995
Tns1,Tns1,14449.1502,-0.0747,0.0727,-1.0274,0.3042,0.9995
Tns2,Tns2,6553.953,-0.0252,0.1149,-0.2196,0.8262,0.9995
Tns3,Tns3,12342.4059,-0.1324,0.0874,-1.5146,0.1299,0.9995
Tns4,Tns4,74.6839,-0.0488,0.2613,-0.1868,0.8519,0.9995
Tnxb,Tnxb,26.5309,0.586,0.9707,0.6037,0.5461,0.9995
Tob1,Tob1,3139.3922,-0.0264,0.1196,-0.2204,0.8255,0.9995
Tob2,Tob2,2384.792,0.0408,0.0802,0.509,0.6108,0.9995
Toe1,Toe1,791.3887,0.035,0.1006,0.3477,0.728,0.9995
Tollip,Tollip,4035.2165,0.0235,0.0627,0.375,0.7076,0.9995
Tom1,Tom1,1843.3917,0.0181,0.0893,0.2032,0.839,0.9995
Tom1l1,Tom1l1,348.007,-0.1664,0.1743,-0.9548,0.3397,0.9995
Tom1l2,Tom1l2,3748.7625,0.0288,0.0771,0.3737,0.7086,0.9995
Tomm20,Tomm20,6040.7139,0.0971,0.1356,0.7162,0.4739,0.9995
Tomm22,Tomm22,3788.901,0.1079,0.0648,1.6657,0.0958,0.9995
Tomm34,Tomm34,1053.4232,-0.0452,0.0704,-0.6416,0.5211,0.9995
Tomm40,Tomm40,2018.7255,0.1091,0.0735,1.4834,0.138,0.9995
Tomm40l,Tomm40l,896.6405,0.1458,0.0889,1.64,0.101,0.9995
Tomm5,Tomm5,1497.8815,0.1756,0.1054,1.6656,0.0958,0.9995
Tomm6,Tomm6,830.533,0.3047,0.2105,1.4476,0.1477,0.9995
Tomm6os,Tomm6os,12.1964,0.8022,0.4999,1.6048,0.1085,0.9995
Tomm7,Tomm7,1616.783,0.1558,0.0797,1.9551,0.0506,0.9995
Tomm70a,Tomm70a,4650.6481,0.0157,0.1098,0.1433,0.886,0.9995
Tomt,Tomt,83.8421,0.124,0.1714,0.7238,0.4692,0.9995
Tonsl,Tonsl,362.8836,-0.2985,0.2309,-1.2927,0.1961,0.9995
Top1,Top1,3451.3488,0.1305,0.1269,1.0285,0.3037,0.9995
Top1mt,Top1mt,401.6044,0.0255,0.0824,0.3096,0.7569,0.9995
Top2a,Top2a,4573.2633,-0.1019,0.5623,-0.1812,0.8562,0.9995
Top2b,Top2b,3396.2973,0.1668,0.1702,0.98,0.3271,0.9995
Top3a,Top3a,605.5995,-0.0773,0.082,-0.9435,0.3454,0.9995
Top3b,Top3b,2114.2153,0.0041,0.0716,0.0571,0.9544,0.9995
Topbp1,Topbp1,1825.4516,-0.0506,0.1831,-0.2762,0.7824,0.9995
Topors,Topors,1916.6437,-0.1041,0.1853,-0.5619,0.5742,0.9995
Toporsos,Toporsos,6.391,0.4349,0.5991,0.7259,0.4679,0.9995
Tor1a,Tor1a,1526.3928,0.0707,0.1042,0.6783,0.4976,0.9995
Tor1aip1,Tor1aip1,3703.1598,-0.0736,0.0739,-0.9954,0.3195,0.9995
Tor1aip2,Tor1aip2,8457.2101,0.0193,0.0478,0.4043,0.686,0.9995
Tor1b,Tor1b,3789.074,0.0155,0.0781,0.1987,0.8425,0.9995
Tor2a,Tor2a,849.8813,0.1012,0.1347,0.7512,0.4525,0.9995
Tor3a,Tor3a,4404.1885,0.1235,0.1868,0.6608,0.5087,0.9995
Tor4a,Tor4a,1339.0811,0.0767,0.1284,0.5977,0.5501,0.9995
Tox,Tox,0.344,-0.476,2.6711,-0.1782,0.8586,0.9995
Tox2,Tox2,7.9118,-0.2147,0.6755,-0.3178,0.7506,0.9995
Tox4,Tox4,3378.8199,-0.0279,0.0508,-0.5502,0.5822,0.9995
Tpbg,Tpbg,2849.0213,0.096,0.1314,0.7304,0.4651,0.9995
Tpcn1,Tpcn1,4318.8403,-0.0748,0.0968,-0.7727,0.4397,0.9995
Tpcn2,Tpcn2,432.7985,0.0666,0.1613,0.4128,0.6798,0.9995
Tpd52,Tpd52,1351.031,-0.0858,0.1027,-0.8355,0.4034,0.9995
Tpd52l1,Tpd52l1,319.6242,0.0982,0.1582,0.6205,0.5349,0.9995
Tpd52l2,Tpd52l2,4599.8025,0.0728,0.0958,0.7592,0.4478,0.9995
Tpgs1,Tpgs1,835.0805,0.0185,0.0954,0.194,0.8462,0.9995
Tpgs2,Tpgs2,1024.8753,-0.1026,0.1277,-0.803,0.422,0.9995
Tph1,Tph1,4.7983,0.6688,0.6557,1.02,0.3077,0.9995
Tph2,Tph2,26.7742,-0.2792,0.3699,-0.7549,0.4503,0.9995
Tpi1,Tpi1,44408.7281,-0.0338,0.0974,-0.3467,0.7288,0.9995
Tpk1,Tpk1,164.797,-0.1913,0.2135,-0.896,0.3702,0.9995
Tpm1,Tpm1,36811.5005,0.1176,0.2521,0.4664,0.641,0.9995
Tpm2,Tpm2,32403.0847,0.2042,0.2246,0.9089,0.3634,0.9995
Tpm3,Tpm3,11324.8266,0.0209,0.0712,0.2931,0.7694,0.9995
Tpm4,Tpm4,35050.3361,0.0238,0.107,0.2228,0.8237,0.9995
Tpmt,Tpmt,422.384,-0.001,0.1597,-0.0065,0.9948,0.9995
Tpp1,Tpp1,6329.9698,-0.1023,0.1452,-0.7043,0.4812,0.9995
Tpp2,Tpp2,3124.758,0.0525,0.1631,0.3216,0.7478,0.9995
Tppp,Tppp,1.3726,-0.3648,1.2874,-0.2833,0.7769,0.9995
Tppp3,Tppp3,2664.074,-0.2415,0.1979,-1.2204,0.2223,0.9995
Tpr,Tpr,1932.6138,-0.1781,0.0757,-2.3531,0.0186,0.9995
Tpra1,Tpra1,994.1268,0.1731,0.1723,1.0046,0.3151,0.9995
Tprg,Tprg,1.1421,-0.4726,1.508,-0.3134,0.754,0.9995
Tprgl,Tprgl,4580.8214,0.0808,0.1298,0.6227,0.5335,0.9995
Tprkb,Tprkb,1747.4147,0.1142,0.1256,0.9089,0.3634,0.9995
Tprn,Tprn,409.7971,0.014,0.0984,0.1422,0.8869,0.9995
Tpsab1,Tpsab1,377.5946,0.3598,0.6953,0.5175,0.6048,0.9995
Tpsb2,Tpsb2,0.9129,0.6571,1.5204,0.4322,0.6656,0.9995
Tpst1,Tpst1,2280.0559,-0.0393,0.0676,-0.5823,0.5604,0.9995
Tpst2,Tpst2,4031.7789,0.0506,0.0734,0.69,0.4902,0.9995
Tpt1,Tpt1,115487.7684,0.1188,0.1348,0.8814,0.3781,0.9995
Tpte,Tpte,1.5952,0.2871,1.1913,0.241,0.8096,0.9995
Tpx2,Tpx2,2388.7628,-0.1576,0.3835,-0.4109,0.6812,0.9995
Tra2a,Tra2a,3075.2003,-0.0827,0.153,-0.5407,0.5887,0.9995
Tra2b,Tra2b,4624.7445,0.04,0.0818,0.4893,0.6246,0.9995
Trabd,Trabd,2722.0523,0.0407,0.0782,0.5207,0.6026,0.9995
Trabd2b,Trabd2b,1208.0016,-0.0392,0.7587,-0.0516,0.9588,0.9995
Tradd,Tradd,670.1676,0.0355,0.0941,0.3769,0.7063,0.9995
Traf1,Traf1,58.8547,-0.0247,0.5439,-0.0454,0.9638,0.9995
Traf2,Traf2,2381.1285,0.1061,0.0708,1.4972,0.1343,0.9995
Traf3,Traf3,2667.6079,-0.1974,0.1073,-1.8403,0.0657,0.9995
Traf3ip1,Traf3ip1,624.4085,0.0648,0.0913,0.7097,0.4779,0.9995
Traf3ip2,Traf3ip2,318.4635,-0.0678,0.1997,-0.3394,0.7343,0.9995
Traf3ip3,Traf3ip3,139.2656,0.0967,0.2154,0.4489,0.6535,0.9995
Traf4,Traf4,3451.5487,0.016,0.2452,0.0652,0.948,0.9995
Traf5,Traf5,418.6759,0.0389,0.0915,0.4254,0.6705,0.9995
Traf6,Traf6,1268.8007,-0.1993,0.0974,-2.0474,0.0406,0.9995
Traf7,Traf7,4725.0991,0.0386,0.0719,0.5374,0.591,0.9995
Trafd1,Trafd1,1970.8615,0.0055,0.0717,0.0769,0.9387,0.9995
Traip,Traip,199.8896,-0.0239,0.3648,-0.0655,0.9477,0.9995
Trak1,Trak1,3532.4115,-0.0987,0.0934,-1.0562,0.2909,0.9995
Trak2,Trak2,3044.9984,-0.0667,0.1353,-0.4929,0.6221,0.9995
Tram1,Tram1,8160.6101,-0.1168,0.0982,-1.1883,0.2347,0.9995
Tram1l1,Tram1l1,257.5369,0.1301,0.1089,1.1955,0.2319,0.9995
Tram2,Tram2,247.1275,-0.0745,0.117,-0.6365,0.5244,0.9995
Trap1,Trap1,3601.3823,0.1095,0.0659,1.6624,0.0964,0.9995
Trappc1,Trappc1,1776.997,0.0099,0.1071,0.0923,0.9264,0.9995
Trappc10,Trappc10,3508.9599,-0.0561,0.0718,-0.7814,0.4346,0.9995
Trappc11,Trappc11,2264.781,-0.0682,0.0825,-0.8266,0.4085,0.9995
Trappc12,Trappc12,2075.1496,-0.0172,0.0692,-0.2485,0.8038,0.9995
Trappc13,Trappc13,3073.2767,0.0203,0.0875,0.232,0.8166,0.9995
Trappc2,Trappc2,632.6798,-0.0574,0.1277,-0.4493,0.6532,0.9995
Trappc2l,Trappc2l,960.0611,0.0923,0.0862,1.0705,0.2844,0.9995
Trappc3,Trappc3,3139.9704,0.0382,0.0689,0.5535,0.5799,0.9995
Trappc4,Trappc4,2073.7199,0.1028,0.1024,1.0032,0.3157,0.9995
Trappc5,Trappc5,1556.8121,0.1073,0.1098,0.9768,0.3287,0.9995
Trappc6a,Trappc6a,875.9022,0.1076,0.1958,0.5497,0.5825,0.9995
Trappc6b,Trappc6b,1979.1351,0.0014,0.0972,0.0143,0.9886,0.9995
Trappc8,Trappc8,2316.4341,-0.0646,0.1303,-0.4961,0.6198,0.9995
Trappc9,Trappc9,2098.3739,-0.008,0.0767,-0.104,0.9172,0.9995
Trcg1,Trcg1,2.0553,-0.4651,1.0491,-0.4434,0.6575,0.9995
Trdmt1,Trdmt1,241.0672,0.0349,0.1266,0.2758,0.7827,0.9995
Trdn,Trdn,25.9537,0.0529,0.3302,0.1603,0.8727,0.9995
Trem2,Trem2,68.3534,0.2137,0.5537,0.386,0.6995,0.9995
Trem3,Trem3,1.7129,0.0566,1.1433,0.0495,0.9605,0.9995
Trerf1,Trerf1,365.877,-0.0153,0.1356,-0.1126,0.9103,0.9995
Trex1,Trex1,327.8816,0.0042,0.1435,0.0295,0.9765,0.9995
Trf,Trf,14.2951,0.2489,0.4017,0.6196,0.5355,0.9995
Trhde,Trhde,4.9226,-0.352,0.6552,-0.5372,0.5911,0.9995
Trhr2,Trhr2,2.7512,-1.452,0.9856,-1.4732,0.1407,0.9995
Triap1,Triap1,916.3518,0.1625,0.1047,1.5522,0.1206,0.9995
Trib1,Trib1,1544.7839,-0.0313,0.281,-0.1114,0.9113,0.9995
Trib2,Trib2,1295.5756,-0.1932,0.1964,-0.9836,0.3253,0.9995
Trib3,Trib3,1719.3587,0.3047,0.7857,0.3878,0.6982,0.9995
Tril,Tril,381.2942,-0.0351,0.4291,-0.0819,0.9348,0.9995
Trim11,Trim11,1539.1964,0.2565,0.2385,1.0752,0.2823,0.9995
Trim12c,Trim12c,184.4954,0.1314,0.207,0.6347,0.5256,0.9995
Trim13,Trim13,704.6571,0.0421,0.0973,0.4327,0.6652,0.9995
Trim14,Trim14,15.3244,-0.0725,0.3792,-0.1913,0.8483,0.9995
Trim15,Trim15,5.9486,-0.3422,0.6339,-0.5398,0.5893,0.9995
Trim16,Trim16,1510.1662,-0.0682,0.0979,-0.6966,0.4861,0.9995
Trim17,Trim17,32.6372,0.5441,0.3174,1.7143,0.0865,0.9995
Trim2,Trim2,1236.8592,-0.0814,0.1894,-0.4297,0.6674,0.9995
Trim21,Trim21,186.3162,-0.0212,0.1255,-0.1689,0.8659,0.9995
Trim23,Trim23,925.6875,0.0283,0.174,0.1628,0.8707,0.9995
Trim24,Trim24,689.5854,-0.1144,0.1951,-0.5865,0.5576,0.9995
Trim25,Trim25,1945.0686,-0.0408,0.0956,-0.4274,0.6691,0.9995
Trim26,Trim26,1761.1647,-0.054,0.0664,-0.8125,0.4165,0.9995
Trim27,Trim27,2090.734,-0.0002,0.0624,-0.004,0.9968,0.9995
Trim28,Trim28,8301.6285,-0.022,0.0846,-0.2605,0.7945,0.9995
Trim29,Trim29,5.2386,0.2646,0.7617,0.3473,0.7284,0.9995
Trim3,Trim3,2038.8743,0.0936,0.1137,0.8236,0.4101,0.9995
Trim30a,Trim30a,18.627,-0.3772,0.3741,-1.0085,0.3132,0.9995
Trim30d,Trim30d,0.344,-0.476,2.6711,-0.1782,0.8586,0.9995
Trim32,Trim32,1784.2748,0.0285,0.0614,0.4645,0.6423,0.9995
Trim33,Trim33,1156.7823,-0.0792,0.1691,-0.4683,0.6396,0.9995
Trim34a,Trim34a,12.7957,-0.5797,0.4712,-1.2302,0.2186,0.9995
Trim34b,Trim34b,16.5805,-0.0944,0.4058,-0.2326,0.8161,0.9995
Trim35,Trim35,12316.895,0.099,0.1154,0.8575,0.3912,0.9995
Trim36,Trim36,29.0523,-0.342,0.3269,-1.0462,0.2955,0.9995
Trim37,Trim37,1765.9715,-0.0819,0.0645,-1.2684,0.2046,0.9995
Trim38,Trim38,1.0312,0.4176,1.5636,0.2671,0.7894,0.9995
Trim39,Trim39,741.885,0.1325,0.0812,1.6321,0.1027,0.9995
Trim41,Trim41,1887.294,-0.0445,0.0749,-0.5937,0.5527,0.9995
Trim43a,Trim43a,6.2756,1.0287,0.6326,1.6261,0.1039,0.9995
Trim43b,Trim43b,3.888,0.3198,0.9484,0.3373,0.7359,0.9995
Trim43c,Trim43c,9.712,0.2679,0.5272,0.5081,0.6114,0.9995
Trim44,Trim44,4262.7531,-0.0661,0.0647,-1.0219,0.3068,0.9995
Trim45,Trim45,294.8382,-0.0994,0.1162,-0.8554,0.3923,0.9995
Trim46,Trim46,501.6908,0.0736,0.115,0.6398,0.5223,0.9995
Trim47,Trim47,1693.5828,0.0761,0.1281,0.5943,0.5523,0.9995
Trim54,Trim54,1101.7298,0.1503,0.1471,1.0221,0.3067,0.9995
Trim55,Trim55,2434.0366,-0.1191,0.1938,-0.6149,0.5386,0.9995
Trim56,Trim56,337.5975,-0.1617,0.1849,-0.8747,0.3817,0.9995
Trim59,Trim59,1753.5082,0.0514,0.2409,0.2132,0.8312,0.9995
Trim62,Trim62,111.9412,0.072,0.156,0.4614,0.6445,0.9995
Trim63,Trim63,858.9703,0.1263,0.2181,0.5792,0.5625,0.9995
Trim65,Trim65,189.3619,-0.1834,0.1517,-1.209,0.2267,0.9995
Trim66,Trim66,45.5658,0.5299,0.4638,1.1425,0.2532,0.9995
Trim67,Trim67,2.0509,2.316,1.312,1.7652,0.0775,0.9995
Trim68,Trim68,306.1885,-0.226,0.1208,-1.8704,0.0614,0.9995
Trim69,Trim69,4.2313,-0.066,0.6797,-0.0971,0.9227,0.9995
Trim7,Trim7,155.4596,-0.0268,0.1242,-0.2159,0.8291,0.9995
Trim72,Trim72,4181.9298,0.2069,0.2364,0.8752,0.3815,0.9995
Trim75,Trim75,0.574,0.7013,2.5071,0.2797,0.7797,0.9995
Trim8,Trim8,3672.9187,-0.0726,0.0937,-0.7754,0.4381,0.9995
Trio,Trio,4742.2002,-0.1444,0.143,-1.01,0.3125,0.9995
Triobp,Triobp,1483.3927,0.0084,0.2136,0.0391,0.9688,0.9995
Trip10,Trip10,2511.4826,-0.0183,0.0692,-0.2645,0.7914,0.9995
Trip11,Trip11,480.169,-0.2313,0.1275,-1.8139,0.0697,0.9995
Trip12,Trip12,9269.2796,-0.1108,0.1856,-0.5969,0.5506,0.9995
Trip13,Trip13,263.3691,-0.1967,0.3184,-0.6178,0.5367,0.9995
Trip4,Trip4,1597.3854,-0.0403,0.1207,-0.3339,0.7385,0.9995
Trip6,Trip6,2470.9213,0.061,0.1392,0.4383,0.6611,0.9995
Triqk,Triqk,179.5189,-0.1529,0.1768,-0.8651,0.387,0.9995
Trit1,Trit1,1083.5915,0.1286,0.122,1.0543,0.2917,0.9995
Trmt1,Trmt1,2790.6568,0.0911,0.147,0.62,0.5352,0.9995
Trmt10a,Trmt10a,637.3898,-0.0139,0.1628,-0.0855,0.9319,0.9995
Trmt10b,Trmt10b,378.2613,0.0416,0.0882,0.4711,0.6376,0.9995
Trmt10c,Trmt10c,770.4346,0.0688,0.152,0.4524,0.651,0.9995
Trmt11,Trmt11,446.6647,-0.0623,0.0874,-0.7127,0.476,0.9995
Trmt112,Trmt112,2542.7306,0.0719,0.1276,0.564,0.5728,0.9995
Trmt12,Trmt12,510.5988,0.1573,0.0911,1.7268,0.0842,0.9995
Trmt13,Trmt13,143.4773,-0.01,0.1657,-0.0604,0.9518,0.9995
Trmt1l,Trmt1l,1745.0129,-0.0082,0.077,-0.1059,0.9157,0.9995
Trmt2a,Trmt2a,1497.8973,0.0712,0.1058,0.6728,0.5011,0.9995
Trmt2b,Trmt2b,1045.415,-0.1094,0.1109,-0.9871,0.3236,0.9995
Trmt44,Trmt44,437.3982,0.062,0.1143,0.5423,0.5876,0.9995
Trmt5,Trmt5,644.9865,-0.0487,0.1034,-0.4714,0.6373,0.9995
Trmt6,Trmt6,1393.7348,0.0217,0.0635,0.3415,0.7327,0.9995
Trmt61a,Trmt61a,599.6823,0.172,0.1397,1.2311,0.2183,0.9995
Trmt61b,Trmt61b,114.9733,0.2584,0.2062,1.2527,0.2103,0.9995
Trmu,Trmu,483.9553,0.1254,0.1282,0.9783,0.3279,0.9995
Trnau1ap,Trnau1ap,1114.8329,0.0446,0.0968,0.4603,0.6453,0.9995
Trnp1,Trnp1,62.1407,-0.2021,0.2734,-0.7392,0.4598,0.9995
Trnt1,Trnt1,892.7673,0.086,0.144,0.5967,0.5507,0.9995
Tro,Tro,6.4003,-0.0907,0.6172,-0.1469,0.8832,0.9995
Troap,Troap,442.8262,-0.1367,0.5912,-0.2312,0.8172,0.9995
Trove2,Trove2,1159.5009,0.001,0.1118,0.0087,0.993,0.9995
Trp53,Trp53,5497.3488,0.075,0.0762,0.9843,0.3249,0.9995
Trp53bp1,Trp53bp1,2413.2153,-0.0955,0.0853,-1.1198,0.2628,0.9995
Trp53bp2,Trp53bp2,1057.3635,-0.0678,0.0932,-0.7268,0.4674,0.9995
Trp53cor1,Trp53cor1,148.9425,-0.2232,0.1487,-1.5014,0.1333,0.9995
Trp53i11,Trp53i11,65.4655,-0.1394,0.3447,-0.4045,0.6858,0.9995
Trp53i13,Trp53i13,777.5584,0.0313,0.1093,0.2864,0.7746,0.9995
Trp53inp1,Trp53inp1,2540.2963,0.1756,0.1462,1.2014,0.2296,0.9995
Trp53inp2,Trp53inp2,6000.4828,0.0449,0.1522,0.2952,0.7678,0.9995
Trp53rka,Trp53rka,593.53,0.1597,0.1491,1.0713,0.284,0.9995
Trp53rkb,Trp53rkb,149.7713,0.1947,0.1247,1.5609,0.1185,0.9995
Trp53tg5,Trp53tg5,10.3736,-0.2065,0.7103,-0.2907,0.7713,0.9995
Trp63,Trp63,304.8532,0.1506,0.4716,0.3194,0.7495,0.9995
Trpc1,Trpc1,71.4384,-0.1617,0.1782,-0.9079,0.3639,0.9995
Trpc3,Trpc3,4.2304,0.794,0.8678,0.915,0.3602,0.9995
Trpc4ap,Trpc4ap,7236.9302,-0.0113,0.0575,-0.1967,0.8441,0.9995
Trpc5os,Trpc5os,0.3441,-1.7844,2.6033,-0.6854,0.4931,0.9995
Trpm1,Trpm1,0.5703,-0.3614,2.0507,-0.1762,0.8601,0.9995
Trpm2,Trpm2,3.9947,-0.0445,0.8879,-0.0501,0.96,0.9995
Trpm3,Trpm3,11.0766,0.2589,0.4958,0.5222,0.6015,0.9995
Trpm4,Trpm4,1003.9641,-0.0956,0.1133,-0.8439,0.3987,0.9995
Trpm6,Trpm6,41.6016,-0.248,0.321,-0.7728,0.4397,0.9995
Trpm7,Trpm7,2156.5375,0.0282,0.1401,0.2015,0.8403,0.9995
Trpm8,Trpm8,3.3107,0.5498,0.9039,0.6082,0.543,0.9995
Trps1,Trps1,968.1391,0.1022,0.115,0.8891,0.374,0.9995
Trpt1,Trpt1,159.8507,0.1109,0.1408,0.7874,0.4311,0.9995
Trpv1,Trpv1,4.5754,0.3296,1.0679,0.3087,0.7576,0.9995
Trpv2,Trpv2,259.8925,0.0294,0.1137,0.2582,0.7963,0.9995
Trpv3,Trpv3,2.0604,1.4588,1.2051,1.2106,0.2261,0.9995
Trpv4,Trpv4,73.1396,-0.005,0.1904,-0.0264,0.9789,0.9995
Trpv6,Trpv6,85.6274,0.0711,0.2922,0.2433,0.8078,0.9995
Trrap,Trrap,4197.8589,-0.1584,0.0814,-1.9453,0.0517,0.9995
Trub1,Trub1,563.1184,0.1934,0.1272,1.5208,0.1283,0.9995
Trub2,Trub2,1508.8448,0.1406,0.1317,1.0673,0.2858,0.9995
Try4,Try4,0.6827,0.8868,2.0439,0.4339,0.6644,0.9995
Try5,Try5,377.1362,0.7732,1.4382,0.5376,0.5909,0.9995
Tsacc,Tsacc,36.3472,0.1863,0.2432,0.766,0.4437,0.9995
Tsc1,Tsc1,1663.5404,0.0335,0.0937,0.3574,0.7208,0.9995
Tsc2,Tsc2,3395.0573,-0.0524,0.0627,-0.8361,0.4031,0.9995
Tsc22d1,Tsc22d1,21089.2211,0.0198,0.1621,0.1221,0.9028,0.9995
Tsc22d2,Tsc22d2,1926.335,-0.2462,0.1524,-1.6147,0.1064,0.9995
Tsc22d3,Tsc22d3,2168.1553,0.1459,0.1228,1.1881,0.2348,0.9995
Tsc22d4,Tsc22d4,2064.82,0.0527,0.0771,0.6833,0.4944,0.9995
Tsen15,Tsen15,718.483,0.0033,0.0789,0.0417,0.9667,0.9995
Tsen2,Tsen2,1048.7871,0.0214,0.0715,0.299,0.7649,0.9995
Tsen34,Tsen34,2368.0523,0.0699,0.0885,0.7895,0.4298,0.9995
Tsen54,Tsen54,534.1657,0.0505,0.1254,0.4026,0.6872,0.9995
Tsfm,Tsfm,1207.36,0.0913,0.0844,1.082,0.2792,0.9995
Tsg101,Tsg101,3709.1296,0.0168,0.0561,0.2991,0.7648,0.9995
Tsga10,Tsga10,109.4682,0.0272,0.1971,0.1383,0.89,0.9995
Tshz1,Tshz1,1350.7245,0.0483,0.2561,0.1887,0.8503,0.9995
Tshz3,Tshz3,1433.1373,-0.1891,0.1545,-1.2241,0.2209,0.9995
Tsks,Tsks,1.0314,0.4191,1.5636,0.268,0.7887,0.9995
Tsku,Tsku,1617.6918,0.1393,0.2574,0.5414,0.5882,0.9995
Tslp,Tslp,86.6716,0.0886,0.2058,0.4308,0.6666,0.9995
Tsn,Tsn,4896.9546,-0.0387,0.086,-0.45,0.6527,0.9995
Tsnax,Tsnax,3855.6956,0.0169,0.0609,0.278,0.781,0.9995
Tsnaxip1,Tsnaxip1,1.601,-0.2872,1.1115,-0.2584,0.7961,0.9995
Tspan1,Tspan1,1.9404,-0.6762,1.2348,-0.5476,0.5839,0.9995
Tspan11,Tspan11,700.3737,-0.2246,0.2479,-0.9058,0.365,0.9995
Tspan12,Tspan12,1768.042,-0.0799,0.152,-0.5258,0.5991,0.9995
Tspan13,Tspan13,175.7143,0.1967,0.3207,0.6133,0.5397,0.9995
Tspan14,Tspan14,3598.2844,-0.0166,0.1017,-0.1634,0.8702,0.9995
Tspan15,Tspan15,2510.8514,-0.1397,0.2134,-0.6546,0.5127,0.9995
Tspan17,Tspan17,1889.7698,-0.0581,0.0988,-0.5879,0.5566,0.9995
Tspan18,Tspan18,12.7032,-0.6579,0.5253,-1.2524,0.2104,0.9995
Tspan2,Tspan2,123.9952,0.2094,0.3701,0.5658,0.5715,0.9995
Tspan3,Tspan3,7512.4992,0.0856,0.0714,1.1987,0.2306,0.9995
Tspan31,Tspan31,5742.0345,0.0135,0.07,0.1925,0.8473,0.9995
Tspan32,Tspan32,418.9037,0.1645,0.2434,0.676,0.4991,0.9995
Tspan33,Tspan33,101.3501,0.1343,0.2623,0.5119,0.6087,0.9995
Tspan4,Tspan4,3266.1817,0.088,0.1933,0.4554,0.6488,0.9995
Tspan5,Tspan5,1719.172,0.0475,0.1348,0.3525,0.7245,0.9995
Tspan6,Tspan6,1822.3981,-0.1088,0.1158,-0.9401,0.3472,0.9995
Tspan7,Tspan7,1594.0802,-0.0322,0.1423,-0.226,0.8212,0.9995
Tspan8,Tspan8,217.8705,0.022,1.0863,0.0203,0.9838,0.9995
Tspan9,Tspan9,7485.9528,-0.0156,0.1116,-0.1397,0.8889,0.9995
Tspo,Tspo,10932.8873,0.0789,0.0799,0.9867,0.3238,0.9995
Tspyl1,Tspyl1,3857.3868,0.0608,0.0754,0.8064,0.42,0.9995
Tspyl2,Tspyl2,1705.901,-0.0183,0.0877,-0.209,0.8344,0.9995
Tspyl3,Tspyl3,10.2945,0.3041,0.5205,0.5843,0.559,0.9995
Tspyl4,Tspyl4,212.5674,0.0826,0.1302,0.6347,0.5256,0.9995
Tspyl5,Tspyl5,257.2332,-0.1141,0.1208,-0.9445,0.3449,0.9995
Tsr1,Tsr1,1906.1876,0.0286,0.1026,0.2789,0.7803,0.9995
Tsr2,Tsr2,895.3427,0.1268,0.1006,1.2604,0.2075,0.9995
Tsr3,Tsr3,858.8839,0.1818,0.1048,1.7351,0.0827,0.9995
Tssc1,Tssc1,901.0015,0.1106,0.1102,1.0034,0.3157,0.9995
Tssc4,Tssc4,915.0969,0.1286,0.1277,1.0077,0.3136,0.9995
Tssk1,Tssk1,1.5948,0.3079,1.319,0.2334,0.8155,0.9995
Tssk2,Tssk2,2.2814,0.4519,0.9658,0.4679,0.6399,0.9995
Tssk3,Tssk3,0.6879,0.1173,1.9717,0.0595,0.9526,0.9995
Tssk4,Tssk4,14.9653,-0.0831,0.3993,-0.2081,0.8352,0.9995
Tssk6,Tssk6,10.5156,0.253,0.4485,0.5641,0.5727,0.9995
Tst,Tst,252.3208,-0.0262,0.1015,-0.2581,0.7963,0.9995
Tsta3,Tsta3,1505.87,0.055,0.0871,0.6313,0.5279,0.9995
Tstd1,Tstd1,23.6287,0.6561,0.3749,1.7502,0.0801,0.9995
Tstd2,Tstd2,998.0916,0.0324,0.0826,0.393,0.6943,0.9995
Tstd3,Tstd3,502.674,0.0506,0.086,0.5892,0.5557,0.9995
Tsx,Tsx,0.6895,1.0856,1.9598,0.554,0.5796,0.9995
Ttbk2,Ttbk2,1040.3985,-0.0081,0.1322,-0.0617,0.9508,0.9995
Ttc1,Ttc1,2241.7297,0.0281,0.0608,0.4613,0.6446,0.9995
Ttc12,Ttc12,565.5777,-0.1196,0.168,-0.7119,0.4765,0.9995
Ttc13,Ttc13,2666.9473,-0.0172,0.0545,-0.3165,0.7517,0.9995
Ttc14,Ttc14,1008.1603,0.0769,0.1227,0.6267,0.5308,0.9995
Ttc16,Ttc16,14.3071,-0.0496,0.419,-0.1184,0.9057,0.9995
Ttc17,Ttc17,2110.1405,-0.0466,0.1083,-0.4301,0.6671,0.9995
Ttc19,Ttc19,1226.8595,0.0251,0.0805,0.3121,0.755,0.9995
Ttc21a,Ttc21a,11.1014,0.0034,0.4656,0.0073,0.9942,0.9995
Ttc21b,Ttc21b,970.3511,-0.1298,0.0871,-1.4902,0.1362,0.9995
Ttc23,Ttc23,710.6611,0.0285,0.077,0.3703,0.7112,0.9995
Ttc25,Ttc25,34.2898,-0.1908,0.2578,-0.7402,0.4592,0.9995
Ttc26,Ttc26,702.6266,0.0037,0.0821,0.0451,0.964,0.9995
Ttc27,Ttc27,1046.132,0.0791,0.1153,0.6864,0.4924,0.9995
Ttc28,Ttc28,2549.7839,-0.2085,0.1195,-1.7448,0.081,0.9995
Ttc3,Ttc3,4653.3399,-0.054,0.1778,-0.3038,0.7613,0.9995
Ttc30a1,Ttc30a1,179.4015,-0.0635,0.1164,-0.5452,0.5856,0.9995
Ttc30a2,Ttc30a2,6.2674,0.0963,0.8888,0.1083,0.9137,0.9995
Ttc30b,Ttc30b,471.5337,-0.1421,0.0898,-1.5832,0.1134,0.9995
Ttc32,Ttc32,134.7844,-0.2064,0.1498,-1.3773,0.1684,0.9995
Ttc33,Ttc33,2295.0019,-0.013,0.0755,-0.1723,0.8632,0.9995
Ttc36,Ttc36,2.18,-0.9901,1.0698,-0.9255,0.3547,0.9995
Ttc37,Ttc37,1193.8349,0.0174,0.1253,0.139,0.8895,0.9995
Ttc38,Ttc38,117.6296,-0.2494,0.1551,-1.608,0.1078,0.9995
Ttc39a,Ttc39a,21.383,0.3322,0.4549,0.7303,0.4652,0.9995
Ttc39aos1,Ttc39aos1,5.2545,0.2897,0.6623,0.4375,0.6618,0.9995
Ttc39b,Ttc39b,2720.2684,-0.0382,0.1188,-0.3217,0.7477,0.9995
Ttc39c,Ttc39c,607.8882,0.0765,0.1753,0.4366,0.6624,0.9995
Ttc39d,Ttc39d,1.7173,0.1889,1.1487,0.1645,0.8694,0.9995
Ttc4,Ttc4,1857.8967,0.0452,0.0552,0.8196,0.4124,0.9995
Ttc41,Ttc41,74.1182,-0.3105,0.2171,-1.4299,0.1528,0.9995
Ttc5,Ttc5,1353.096,0.006,0.0783,0.0766,0.9389,0.9995
Ttc7,Ttc7,1840.462,-0.0036,0.1307,-0.0277,0.9779,0.9995
Ttc7b,Ttc7b,1076.5275,-0.0409,0.1111,-0.3682,0.7127,0.9995
Ttc8,Ttc8,768.6747,-0.2071,0.114,-1.8171,0.0692,0.9995
Ttc9,Ttc9,1954.4161,-0.0366,0.197,-0.1858,0.8526,0.9995
Ttc9c,Ttc9c,945.2116,0.0525,0.1237,0.424,0.6716,0.9995
Ttf1,Ttf1,743.7957,-0.0006,0.1082,-0.0057,0.9954,0.9995
Ttf2,Ttf2,795.8839,-0.003,0.1197,-0.0248,0.9802,0.9995
Tti1,Tti1,1166.919,-0.0261,0.0575,-0.4546,0.6494,0.9995
Tti2,Tti2,696.3388,0.1401,0.0945,1.4833,0.138,0.9995
Ttk,Ttk,380.6878,0.0147,0.4801,0.0306,0.9756,0.9995
Ttl,Ttl,1441.7098,0.052,0.0653,0.7965,0.4257,0.9995
Ttll1,Ttll1,1861.2809,-0.0004,0.0595,-0.006,0.9952,0.9995
Ttll11,Ttll11,421.5215,-0.0694,0.1352,-0.5135,0.6076,0.9995
Ttll12,Ttll12,3900.8893,0.0717,0.0663,1.0817,0.2794,0.9995
Ttll13,Ttll13,16.8059,-0.4202,0.3751,-1.1202,0.2626,0.9995
Ttll2,Ttll2,8.7993,-0.3662,0.496,-0.7383,0.4604,0.9995
Ttll3,Ttll3,83.3287,0.1003,0.1753,0.5724,0.567,0.9995
Ttll4,Ttll4,611.4733,-0.09,0.1205,-0.7472,0.455,0.9995
Ttll5,Ttll5,1569.6203,-0.0369,0.2444,-0.1511,0.8799,0.9995
Ttll6,Ttll6,4.4514,0.1732,1.3179,0.1314,0.8955,0.9995
Ttll7,Ttll7,1173.1445,-0.0221,0.2037,-0.1084,0.9137,0.9995
Ttll8,Ttll8,0.4574,0.2183,2.5714,0.0849,0.9324,0.9995
Ttn,Ttn,9370.3546,-0.2197,0.3647,-0.6023,0.547,0.9995
Ttpa,Ttpa,14.4013,-0.0372,0.4107,-0.0905,0.9279,0.9995
Ttpal,Ttpal,2673.0398,0.0659,0.0648,1.0168,0.3093,0.9995
Ttr,Ttr,2.1649,0.7397,1.0412,0.7105,0.4774,0.9995
Ttyh1,Ttyh1,9.4632,1.0221,0.5325,1.9195,0.0549,0.9995
Ttyh2,Ttyh2,4287.8778,0.0435,0.1171,0.371,0.7106,0.9995
Ttyh3,Ttyh3,2952.443,-0.098,0.0939,-1.0435,0.2967,0.9995
Tuba1a,Tuba1a,29291.1672,0.0104,0.1327,0.0785,0.9375,0.9995
Tuba1b,Tuba1b,18120.4305,0.2573,0.1173,2.1939,0.0282,0.9995
Tuba1c,Tuba1c,5776.1928,0.213,0.1329,1.603,0.1089,0.9995
Tuba4a,Tuba4a,4527.8857,0.1046,0.1353,0.7727,0.4397,0.9995
Tubb2a,Tubb2a,9321.4795,0.0549,0.1795,0.3058,0.7598,0.9995
Tubb2a-ps2,Tubb2a-ps2,4.0073,-0.8144,0.7696,-1.0582,0.29,0.9995
Tubb2b,Tubb2b,10015.8244,-0.0066,0.1325,-0.0501,0.96,0.9995
Tubb3,Tubb3,1214.6462,-0.1536,0.2033,-0.7559,0.4497,0.9995
Tubb4a,Tubb4a,14.0464,-0.2438,0.4376,-0.5571,0.5774,0.9995
Tubb4b,Tubb4b,7908.7135,0.0836,0.1496,0.5587,0.5763,0.9995
Tubb5,Tubb5,37525.996,0.0418,0.1117,0.374,0.7084,0.9995
Tubb6,Tubb6,17002.7374,0.1853,0.2398,0.7729,0.4396,0.9995
Tubd1,Tubd1,470.6865,0.1075,0.1074,1.0013,0.3167,0.9995
Tube1,Tube1,161.1268,-0.2693,0.2633,-1.0231,0.3063,0.9995
Tubg1,Tubg1,1671.1012,0.0778,0.1297,0.6003,0.5483,0.9995
Tubg2,Tubg2,31.2078,0.6301,0.284,2.2188,0.0265,0.9995
Tubgcp2,Tubgcp2,1227.5632,-0.0906,0.1072,-0.8445,0.3984,0.9995
Tubgcp3,Tubgcp3,1701.9731,-0.0131,0.0774,-0.1691,0.8657,0.9995
Tubgcp4,Tubgcp4,796.2299,-0.0954,0.0882,-1.081,0.2797,0.9995
Tubgcp5,Tubgcp5,659.3842,-0.0356,0.127,-0.2804,0.7792,0.9995
Tubgcp6,Tubgcp6,1280.3062,-0.036,0.0893,-0.4028,0.6871,0.9995
Tufm,Tufm,3018.9447,0.1598,0.0606,2.6375,0.0084,0.9995
Tuft1,Tuft1,672.3349,0.0433,0.0964,0.4491,0.6534,0.9995
Tug1,Tug1,3029.2349,0.0187,0.1467,0.1277,0.8984,0.9995
Tulp1,Tulp1,0.6864,1.1048,1.7453,0.633,0.5267,0.9995
Tulp2,Tulp2,1.7158,-0.2158,1.1061,-0.1951,0.8453,0.9995
Tulp3,Tulp3,2631.6992,0.1062,0.1525,0.6968,0.4859,0.9995
Tulp4,Tulp4,6286.2703,4.5161e-06,0.1868,0,1,1
Tusc1,Tusc1,184.4827,0.0062,0.1771,0.0353,0.9718,0.9995
Tusc2,Tusc2,725.7746,0.1254,0.0884,1.4193,0.1558,0.9995
Tusc3,Tusc3,3838.831,0.0034,0.1296,0.0259,0.9793,0.9995
Tusc5,Tusc5,3.4296,0.1895,0.7245,0.2615,0.7937,0.9995
Tut1,Tut1,761.4425,0.12,0.0844,1.4221,0.155,0.9995
Tvp23a,Tvp23a,179.2885,-0.0751,0.1345,-0.5585,0.5765,0.9995
Tvp23b,Tvp23b,2967.5673,0.0349,0.0821,0.4249,0.6709,0.9995
Twf1,Twf1,6173.6981,-0.0472,0.061,-0.774,0.4389,0.9995
Twf2,Twf2,957.904,0.0618,0.1088,0.568,0.5701,0.9995
Twist1,Twist1,0.5734,0.6915,2.453,0.2819,0.778,0.9995
Twist2,Twist2,634.106,0.058,0.206,0.2814,0.7784,0.9995
Twistnb,Twistnb,597.9378,0.046,0.1335,0.3444,0.7306,0.9995
Twsg1,Twsg1,3980.6679,-0.1311,0.1106,-1.1855,0.2358,0.9995
Txk,Txk,0.3421,-0.4733,2.6744,-0.177,0.8595,0.9995
Txlna,Txlna,5105.5018,-0.0281,0.0643,-0.4365,0.6625,0.9995
Txlnb,Txlnb,593.1419,-0.0699,0.2632,-0.2656,0.7906,0.9995
Txlng,Txlng,404.4649,0.0294,0.1351,0.2174,0.8279,0.9995
Txn1,Txn1,8623.9809,0.0873,0.1035,0.8431,0.3992,0.9995
Txn2,Txn2,4852.951,0.0837,0.063,1.3294,0.1837,0.9995
Txndc11,Txndc11,1529.64,-0.09,0.1108,-0.8118,0.4169,0.9995
Txndc12,Txndc12,2635.2752,0.0667,0.1239,0.5385,0.5902,0.9995
Txndc15,Txndc15,3188.467,-0.0113,0.0559,-0.203,0.8392,0.9995
Txndc16,Txndc16,2071.258,-0.0745,0.0967,-0.7699,0.4414,0.9995
Txndc17,Txndc17,3315.6933,0.0324,0.0728,0.445,0.6563,0.9995
Txndc2,Txndc2,6.6301,-0.0864,0.6423,-0.1345,0.893,0.9995
Txndc5,Txndc5,19075.7521,0.03,0.0645,0.4652,0.6418,0.9995
Txndc9,Txndc9,3588.1427,0.0389,0.0551,0.7045,0.4811,0.9995
Txnip,Txnip,11295.2033,0.1633,0.3207,0.5093,0.6106,0.9995
Txnl1,Txnl1,4910.1081,0.0323,0.0441,0.7331,0.4635,0.9995
Txnl4a,Txnl4a,5226.8752,0.051,0.0821,0.6209,0.5346,0.9995
Txnl4b,Txnl4b,276.6333,0.1282,0.115,1.1151,0.2648,0.9995
Txnrd1,Txnrd1,9838.7606,-0.0185,0.1177,-0.1571,0.8751,0.9995
Txnrd2,Txnrd2,714.8045,0.0338,0.0909,0.3715,0.7102,0.9995
Txnrd3,Txnrd3,524.4862,0.1451,0.1137,1.2769,0.2017,0.9995
Tyk2,Tyk2,1505.2049,-0.0297,0.077,-0.3859,0.6996,0.9995
Tymp,Tymp,36.1069,-0.0566,0.235,-0.2407,0.8098,0.9995
Tyms,Tyms,982.9942,0.1083,0.1516,0.7143,0.475,0.9995
Tyro3,Tyro3,593.9699,-0.0174,0.1112,-0.1563,0.8758,0.9995
Tysnd1,Tysnd1,389.0231,0.0484,0.0856,0.5657,0.5716,0.9995
Tyw1,Tyw1,1528.8351,-0.0092,0.1059,-0.087,0.9307,0.9995
Tyw3,Tyw3,174.6212,-0.141,0.1494,-0.9438,0.3453,0.9995
Tyw5,Tyw5,333.9976,0.0108,0.1351,0.08,0.9362,0.9995
U2af1,U2af1,2827.9657,0.1399,0.0901,1.553,0.1204,0.9995
U2af1l4,U2af1l4,664.6861,0.0459,0.0857,0.5353,0.5924,0.9995
U2af2,U2af2,5758.2379,0.0819,0.1053,0.7779,0.4366,0.9995
U2surp,U2surp,1157.0757,0.005,0.1288,0.0392,0.9687,0.9995
U90926,U90926,5.4763,0.0883,1.3476,0.0656,0.9477,0.9995
Uaca,Uaca,2864.7828,-0.1118,0.1932,-0.5786,0.5629,0.9995
Uap1,Uap1,2700.8335,-0.0996,0.0667,-1.4929,0.1355,0.9995
Uap1l1,Uap1l1,4866.5752,0.1022,0.2421,0.4222,0.6729,0.9995
Uba1,Uba1,20340.1898,0.0601,0.0668,0.8991,0.3686,0.9995
Uba2,Uba2,4265.591,-0.001,0.0792,-0.0131,0.9896,0.9995
Uba3,Uba3,6014.0637,-0.0365,0.1481,-0.2462,0.8055,0.9995
Uba5,Uba5,2433.4021,-0.0786,0.0709,-1.1085,0.2676,0.9995
Uba52,Uba52,11235.6716,0.1865,0.143,1.304,0.1922,0.9995
Uba6,Uba6,590.5479,-0.0101,0.1549,-0.0653,0.9479,0.9995
Uba7,Uba7,161.3667,-0.3888,0.2453,-1.5851,0.1129,0.9995
Ubac1,Ubac1,2071.339,-0.0183,0.137,-0.1338,0.8935,0.9995
Ubac2,Ubac2,2044.4347,0.0766,0.0995,0.7703,0.4411,0.9995
Ubald1,Ubald1,1806.084,0.1547,0.1547,1.0002,0.3172,0.9995
Ubald2,Ubald2,0.7989,2.279,1.9108,1.1927,0.233,0.9995
Ubap1,Ubap1,3330.9133,0.0183,0.1178,0.155,0.8769,0.9995
Ubap1l,Ubap1l,3.8929,0.5757,0.7655,0.7521,0.452,0.9995
Ubap2,Ubap2,4995.1632,-0.0256,0.113,-0.2261,0.8211,0.9995
Ubap2l,Ubap2l,10129.9569,-0.0305,0.0453,-0.673,0.501,0.9995
Ubash3b,Ubash3b,363.389,-0.1944,0.1695,-1.1473,0.2513,0.9995
Ubc,Ubc,15224.24,-0.2558,0.1935,-1.3222,0.1861,0.9995
Ube2a,Ube2a,1823.0989,0.007,0.0634,0.1101,0.9123,0.9995
Ube2b,Ube2b,5608.8431,-0.0268,0.0616,-0.4343,0.664,0.9995
Ube2c,Ube2c,1630.7878,-0.1599,0.4148,-0.3855,0.6999,0.9995
Ube2cbp,Ube2cbp,162.7231,0.2094,0.2059,1.017,0.3092,0.9995
Ube2d1,Ube2d1,3842.5293,-0.0193,0.1221,-0.1582,0.8743,0.9995
Ube2d2a,Ube2d2a,3890.1157,0.0897,0.0585,1.534,0.125,0.9995
Ube2d3,Ube2d3,13687.7434,0.0291,0.0583,0.4993,0.6176,0.9995
Ube2e1,Ube2e1,790.6176,0.3546,0.1839,1.928,0.0539,0.9995
Ube2e2,Ube2e2,1111.1023,0.0763,0.087,0.8764,0.3808,0.9995
Ube2e3,Ube2e3,2076.2408,0.0747,0.0878,0.8509,0.3948,0.9995
Ube2f,Ube2f,2139.6411,0.104,0.0599,1.7382,0.0822,0.9995
Ube2g1,Ube2g1,3173.3178,-0.0471,0.1067,-0.4415,0.6589,0.9995
Ube2g2,Ube2g2,5316.5452,0.1045,0.0578,1.8075,0.0707,0.9995
Ube2h,Ube2h,5741.8673,0.1004,0.0722,1.3904,0.1644,0.9995
Ube2i,Ube2i,6527.2066,0.2091,0.1646,1.2704,0.204,0.9995
Ube2j1,Ube2j1,5691.6121,-0.0735,0.0622,-1.1807,0.2377,0.9995
Ube2j2,Ube2j2,131.0986,0.2616,0.1836,1.4249,0.1542,0.9995
Ube2k,Ube2k,2884.9166,0.0971,0.0709,1.3691,0.171,0.9995
Ube2l3,Ube2l3,8224.8226,0.0524,0.0358,1.4614,0.1439,0.9995
Ube2l6,Ube2l6,1242.6864,-0.0479,0.1164,-0.4115,0.6807,0.9995
Ube2m,Ube2m,3550.9238,0.0493,0.0809,0.6088,0.5427,0.9995
Ube2n,Ube2n,5563.3408,0.0528,0.0926,0.5704,0.5684,0.9995
Ube2o,Ube2o,2584.4653,-0.0785,0.0924,-0.8499,0.3954,0.9995
Ube2q1,Ube2q1,3515.9513,0.0292,0.0744,0.3923,0.6949,0.9995
Ube2q2,Ube2q2,1701.5947,0.0565,0.1042,0.5423,0.5876,0.9995
Ube2ql1,Ube2ql1,1.1403,1.2041,1.3969,0.862,0.3887,0.9995
Ube2r2,Ube2r2,4482.1504,-0.0095,0.0768,-0.1236,0.9016,0.9995
Ube2s,Ube2s,2780.0653,0.0997,0.1126,0.8852,0.376,0.9995
Ube2t,Ube2t,149.7429,0.0907,0.2,0.4532,0.6504,0.9995
Ube2u,Ube2u,0.4589,0.2194,2.57,0.0854,0.932,0.9995
Ube2v1,Ube2v1,3068.1281,0.1379,0.1106,1.2464,0.2126,0.9995
Ube2v2,Ube2v2,872.0279,0.0852,0.1488,0.5725,0.567,0.9995
Ube2w,Ube2w,2981.2925,0.0588,0.0632,0.9301,0.3523,0.9995
Ube2z,Ube2z,7065.7106,0.046,0.059,0.7796,0.4357,0.9995
Ube3a,Ube3a,778.8149,0.0574,0.1389,0.4133,0.6794,0.9995
Ube3b,Ube3b,3724.2512,-0.066,0.0554,-1.19,0.234,0.9995
Ube3c,Ube3c,5432.9498,-0.0106,0.0552,-0.1924,0.8474,0.9995
Ube4a,Ube4a,3208.7137,-0.1112,0.0829,-1.3407,0.18,0.9995
Ube4b,Ube4b,4684.5198,0.0353,0.0717,0.4915,0.6231,0.9995
Ube4bos3,Ube4bos3,28.117,-0.1359,0.3469,-0.3917,0.6953,0.9995
Ubfd1,Ubfd1,2075.6856,0.0437,0.0673,0.6496,0.516,0.9995
Ubiad1,Ubiad1,1601.235,0.0494,0.0802,0.6161,0.5378,0.9995
Ubl3,Ubl3,2541.2689,-0.0331,0.0884,-0.3748,0.7078,0.9995
Ubl4a,Ubl4a,1180.4916,0.0642,0.0851,0.7543,0.4507,0.9995
Ubl5,Ubl5,2469.9686,0.0951,0.0616,1.5445,0.1225,0.9995
Ubl7,Ubl7,2488.8654,0.086,0.1083,0.794,0.4272,0.9995
Ublcp1,Ublcp1,1335.3999,0.0804,0.1294,0.6218,0.5341,0.9995
Ubn1,Ubn1,3090.8106,-0.0456,0.0661,-0.6897,0.4904,0.9995
Ubn2,Ubn2,1236.6416,-0.2126,0.2041,-1.0417,0.2976,0.9995
Ubox5,Ubox5,502.5283,0.024,0.1041,0.2306,0.8177,0.9995
Ubp1,Ubp1,2842.4038,0.047,0.071,0.6616,0.5082,0.9995
Ubqln1,Ubqln1,7116.5037,-0.019,0.0449,-0.4225,0.6727,0.9995
Ubqln2,Ubqln2,2278.1791,-0.0718,0.08,-0.8976,0.3694,0.9995
Ubqln4,Ubqln4,2881.7964,0.154,0.1304,1.1814,0.2374,0.9995
Ubr1,Ubr1,1997.6505,-0.005,0.1159,-0.0432,0.9655,0.9995
Ubr2,Ubr2,5718.1388,-0.0359,0.0942,-0.381,0.7032,0.9995
Ubr3,Ubr3,3620.2002,0.0262,0.1744,0.1503,0.8805,0.9995
Ubr4,Ubr4,9516.8572,-0.1107,0.0604,-1.8341,0.0666,0.9995
Ubr5,Ubr5,10645.3644,-0.1466,0.1023,-1.4333,0.1518,0.9995
Ubr7,Ubr7,1760.1246,-0.0515,0.0865,-0.5952,0.5517,0.9995
Ubtd1,Ubtd1,1967.188,-0.0042,0.1216,-0.0348,0.9722,0.9995
Ubtd2,Ubtd2,1854.794,-0.1499,0.1933,-0.7754,0.4381,0.9995
Ubtf,Ubtf,5603.5514,0.0308,0.1024,0.3011,0.7633,0.9995
Ubxn1,Ubxn1,2382.8082,0.1546,0.0881,1.7547,0.0793,0.9995
Ubxn11,Ubxn11,66.1145,0.0854,0.2268,0.3766,0.7064,0.9995
Ubxn2a,Ubxn2a,576.9632,0.0984,0.1622,0.6065,0.5442,0.9995
Ubxn2b,Ubxn2b,368.408,-0.0665,0.1183,-0.5623,0.5739,0.9995
Ubxn4,Ubxn4,5579.2528,0.0201,0.1311,0.1534,0.8781,0.9995
Ubxn6,Ubxn6,2535.7857,0.0474,0.1194,0.397,0.6914,0.9995
Ubxn7,Ubxn7,2292.3542,0.1379,0.1237,1.1146,0.265,0.9995
Ubxn8,Ubxn8,566.3265,0.0827,0.2042,0.4049,0.6856,0.9995
Uchl1,Uchl1,314.2873,0.0136,0.165,0.0826,0.9341,0.9995
Uchl3,Uchl3,776.2475,0.055,0.1118,0.4919,0.6228,0.9995
Uchl4,Uchl4,2.6298,-0.3572,1.006,-0.3551,0.7225,0.9995
Uchl5,Uchl5,923.6459,-0.067,0.114,-0.588,0.5565,0.9995
Uck1,Uck1,1591.4241,0.1806,0.1104,1.6362,0.1018,0.9995
Uck2,Uck2,1800.8044,0.0333,0.1295,0.2567,0.7974,0.9995
Uckl1,Uckl1,900.4102,0.056,0.0924,0.6061,0.5445,0.9995
Uckl1os,Uckl1os,13.3755,0.3964,0.4446,0.8917,0.3726,0.9995
Ucma,Ucma,5.7046,0.8581,1.4061,0.6103,0.5417,0.9995
Ucn,Ucn,9.7219,0.3198,0.5012,0.6381,0.5234,0.9995
Ucn2,Ucn2,0.7997,3.2372,1.7977,1.8007,0.0717,0.9995
Ucp2,Ucp2,6368.3609,0.0574,0.3379,0.1699,0.8651,0.9995
Ucp3,Ucp3,16.9367,-0.1025,0.4464,-0.2295,0.8185,0.9995
Uevld,Uevld,1454.7791,-0.0313,0.0841,-0.3719,0.71,0.9995
Ufc1,Ufc1,2712.1169,0.0939,0.0675,1.3921,0.1639,0.9995
Ufd1l,Ufd1l,2974.0902,0.0651,0.0887,0.7339,0.463,0.9995
Ufl1,Ufl1,1664.7949,0.001,0.1207,0.0079,0.9937,0.9995
Ufm1,Ufm1,3604.9974,-0.0523,0.0732,-0.7135,0.4755,0.9995
Ufsp1,Ufsp1,62.7181,0.3939,0.2512,1.5677,0.1169,0.9995
Ufsp2,Ufsp2,1737.7625,-0.0235,0.0535,-0.4387,0.6609,0.9995
Ugcg,Ugcg,22372.8095,-0.1885,0.1703,-1.1072,0.2682,0.9995
Ugdh,Ugdh,12781.1028,-0.041,0.1304,-0.3143,0.7533,0.9995
Uggt1,Uggt1,8197.8731,-0.1149,0.0705,-1.63,0.1031,0.9995
Uggt2,Uggt2,751.6015,0.0487,0.1348,0.3613,0.7179,0.9995
Ugp2,Ugp2,5024.3823,-0.1692,0.1225,-1.382,0.167,0.9995
Ugt1a1,Ugt1a1,1.3706,0.4624,1.2251,0.3774,0.7058,0.9995
Ugt1a6a,Ugt1a6a,789.1026,-0.0044,0.2055,-0.0213,0.983,0.9995
Ugt1a6b,Ugt1a6b,57.0865,0.2137,0.3506,0.6097,0.5421,0.9995
Ugt1a7c,Ugt1a7c,50.9752,0.2998,0.6042,0.4961,0.6198,0.9995
Ugt2b35,Ugt2b35,0.7993,1.4042,1.8699,0.7509,0.4527,0.9995
Ugt2b36,Ugt2b36,0.5706,1.6124,2.0406,0.7902,0.4294,0.9995
Ugt8a,Ugt8a,4.5742,0.3197,0.6785,0.4712,0.6375,0.9995
Uhmk1,Uhmk1,306.8703,-0.3203,0.1454,-2.2029,0.0276,0.9995
Uhrf1,Uhrf1,1580.3045,-0.26,0.4057,-0.6408,0.5217,0.9995
Uhrf1bp1,Uhrf1bp1,1500.2349,0.0138,0.1712,0.0805,0.9358,0.9995
Uhrf1bp1l,Uhrf1bp1l,2673.9576,-0.0438,0.1179,-0.3717,0.7101,0.9995
Uhrf2,Uhrf2,3990.5166,-0.0178,0.0985,-0.181,0.8563,0.9995
Uimc1,Uimc1,1652.0094,0.015,0.072,0.2091,0.8344,0.9995
Ulbp1,Ulbp1,139.5067,-0.1071,0.3503,-0.3057,0.7598,0.9995
Ulk1,Ulk1,3794.9289,0.0434,0.2122,0.2046,0.8379,0.9995
Ulk2,Ulk2,2771.4252,-0.1516,0.1248,-1.2145,0.2246,0.9995
Ulk3,Ulk3,718.5298,0.0035,0.1061,0.0332,0.9735,0.9995
Ulk4,Ulk4,116.9695,0.1414,0.2256,0.6266,0.5309,0.9995
Umad1,Umad1,506.4879,-0.0854,0.09,-0.9493,0.3425,0.9995
Umps,Umps,1867.2021,0.1197,0.1316,0.9098,0.3629,0.9995
Unc119,Unc119,1026.9985,0.024,0.0959,0.2501,0.8025,0.9995
Unc119b,Unc119b,2491.1562,0.0414,0.0769,0.5381,0.5905,0.9995
Unc13a,Unc13a,117.8833,-0.1688,0.2097,-0.8052,0.4207,0.9995
Unc13b,Unc13b,87.1438,-0.1267,0.1756,-0.7215,0.4706,0.9995
Unc13c,Unc13c,10.7449,0.0382,0.5943,0.0642,0.9488,0.9995
Unc13d,Unc13d,894.6766,0.0185,0.1872,0.0986,0.9215,0.9995
Unc45a,Unc45a,1482.5499,0.0408,0.1005,0.4064,0.6844,0.9995
Unc45b,Unc45b,1090.9817,0.1405,0.2795,0.5025,0.6153,0.9995
Unc50,Unc50,2093.9544,0.0651,0.1025,0.6347,0.5256,0.9995
Unc5a,Unc5a,3.0905,-0.4393,0.9753,-0.4504,0.6524,0.9995
Unc5b,Unc5b,5930.0707,-0.1574,0.1003,-1.5686,0.1167,0.9995
Unc5c,Unc5c,287.1075,-0.2839,0.207,-1.3714,0.1702,0.9995
Unc93a,Unc93a,45.5824,0.0881,0.3832,0.2299,0.8182,0.9995
Unc93b1,Unc93b1,796.9607,-0.0967,0.1675,-0.5775,0.5636,0.9995
Ung,Ung,142.989,0.0448,0.1874,0.2389,0.8112,0.9995
Unk,Unk,1011.9239,-0.0549,0.0701,-0.7825,0.4339,0.9995
Unkl,Unkl,233.1807,-0.0351,0.1829,-0.1918,0.8479,0.9995
Uox,Uox,0.9146,0.8005,1.925,0.4158,0.6775,0.9995
Upf1,Upf1,2756.4656,0.094,0.0642,1.4637,0.1433,0.9995
Upf2,Upf2,750.6705,0.0727,0.1502,0.4839,0.6285,0.9995
Upf3a,Upf3a,1273.9159,0.0743,0.1029,0.7215,0.4706,0.9995
Upf3b,Upf3b,269.6288,0.1729,0.1497,1.1554,0.2479,0.9995
Upk1a,Upk1a,12.7975,0.4105,0.4202,0.977,0.3286,0.9995
Upk1b,Upk1b,26.85,0.359,0.4992,0.7192,0.472,0.9995
Upk3bl,Upk3bl,0.5736,-1.4784,1.9926,-0.7419,0.4581,0.9995
Upp1,Upp1,202.4747,-0.0352,0.225,-0.1565,0.8756,0.9995
Upp2,Upp2,40.9127,0.0106,0.2262,0.0467,0.9628,0.9995
Uprt,Uprt,113.5183,-0.1155,0.2632,-0.4389,0.6607,0.9995
Uqcc1,Uqcc1,1984.0562,0.0924,0.0739,1.2504,0.2112,0.9995
Uqcc2,Uqcc2,2548.009,0.1383,0.0741,1.8664,0.062,0.9995
Uqcc3,Uqcc3,279.5473,0.231,0.1717,1.3448,0.1787,0.9995
Uqcr10,Uqcr10,1944.8906,0.1206,0.0866,1.3926,0.1637,0.9995
Uqcr11,Uqcr11,2347.5588,0.1684,0.0832,2.0248,0.0429,0.9995
Uqcrb,Uqcrb,3077.8689,0.0472,0.0976,0.4835,0.6288,0.9995
Uqcrc1,Uqcrc1,5387.6016,0.0713,0.0919,0.776,0.4378,0.9995
Uqcrc2,Uqcrc2,5487.94,0.0292,0.1068,0.2734,0.7845,0.9995
Uqcrfs1,Uqcrfs1,4240.9599,0.0649,0.083,0.7821,0.4341,0.9995
Uqcrh,Uqcrh,6322.471,0.1101,0.0673,1.6343,0.1022,0.9995
Uqcrq,Uqcrq,2964.1565,0.1294,0.0915,1.4142,0.1573,0.9995
Urah,Urah,3.4246,0.1192,1.2362,0.0964,0.9232,0.9995
Urb1,Urb1,589.0704,0.0474,0.1108,0.4278,0.6688,0.9995
Urb2,Urb2,939.5047,-0.0747,0.0843,-0.886,0.3756,0.9995
Urgcp,Urgcp,2305.1843,-0.04,0.0684,-0.5859,0.558,0.9995
Uri1,Uri1,1600.9514,-0.0171,0.088,-0.1945,0.8458,0.9995
Urm1,Urm1,1144.6546,0.0976,0.1008,0.9679,0.3331,0.9995
Uroc1,Uroc1,1.8368,-1.0211,1.2421,-0.8221,0.411,0.9995
Urod,Urod,1823.6394,0.0663,0.0919,0.7216,0.4706,0.9995
Uros,Uros,465.1295,0.0013,0.1106,0.0116,0.9908,0.9995
Usb1,Usb1,2030.3419,0.1061,0.0877,1.2102,0.2262,0.9995
Use1,Use1,2291.4982,0.0665,0.1202,0.553,0.5802,0.9995
Usf1,Usf1,2602.7515,0.072,0.0956,0.7533,0.4513,0.9995
Usf2,Usf2,1597.3483,-0.041,0.0745,-0.5507,0.5818,0.9995
Ush1c,Ush1c,0.344,-0.476,2.6711,-0.1782,0.8586,0.9995
Ush1g,Ush1g,132.2061,0.0123,0.2149,0.0573,0.9543,0.9995
Ushbp1,Ushbp1,1.0276,1.7871,1.6505,1.0828,0.2789,0.9995
Usmg5,Usmg5,2488.1015,0.1817,0.0737,2.4659,0.0137,0.9995
Uso1,Uso1,6554.9466,-0.0721,0.1462,-0.4932,0.6219,0.9995
Usp1,Usp1,1874.096,-0.0232,0.1489,-0.1555,0.8764,0.9995
Usp10,Usp10,1769.1456,-0.0529,0.0649,-0.8153,0.4149,0.9995
Usp11,Usp11,1642.2097,-0.0617,0.1367,-0.4515,0.6517,0.9995
Usp12,Usp12,2570.3785,-0.0589,0.1446,-0.4076,0.6835,0.9995
Usp13,Usp13,533.7922,-0.149,0.1133,-1.3147,0.1886,0.9995
Usp14,Usp14,4689.8451,-0.0159,0.1134,-0.1405,0.8883,0.9995
Usp15,Usp15,1996.7111,-0.0116,0.1846,-0.0626,0.9501,0.9995
Usp16,Usp16,1114.917,0.0518,0.1566,0.3309,0.7407,0.9995
Usp17la,Usp17la,22.0364,0.0375,0.5131,0.0731,0.9417,0.9995
Usp17lb,Usp17lb,2.9663,-0.2616,1.0398,-0.2516,0.8014,0.9995
Usp17le,Usp17le,0.6853,-1.4787,1.9313,-0.7657,0.4439,0.9995
Usp18,Usp18,29.9813,-0.2364,0.4755,-0.4971,0.6191,0.9995
Usp19,Usp19,7035.5706,0.0118,0.0575,0.2059,0.8369,0.9995
Usp2,Usp2,379.3095,-0.0599,0.2581,-0.232,0.8165,0.9995
Usp20,Usp20,1948.0098,-0.0082,0.0849,-0.0963,0.9233,0.9995
Usp21,Usp21,1328.3316,0.0863,0.1031,0.8368,0.4027,0.9995
Usp22,Usp22,6178.8179,-0.0118,0.0776,-0.1525,0.8788,0.9995
Usp24,Usp24,2937.1465,-0.0546,0.1235,-0.4421,0.6584,0.9995
Usp25,Usp25,1417.9936,-0.0839,0.1538,-0.5453,0.5855,0.9995
Usp27x,Usp27x,233.2578,-0.1175,0.1195,-0.9834,0.3254,0.9995
Usp28,Usp28,1874.8307,0.0411,0.1404,0.2924,0.77,0.9995
Usp29,Usp29,19.1106,-0.1134,0.3547,-0.3197,0.7492,0.9995
Usp3,Usp3,1654.4407,0.0165,0.074,0.2231,0.8234,0.9995
Usp30,Usp30,1269.2841,0.0082,0.087,0.0942,0.925,0.9995
Usp31,Usp31,1072.5427,-0.1385,0.1399,-0.9902,0.3221,0.9995
Usp32,Usp32,1484.8551,-0.0463,0.1602,-0.2892,0.7724,0.9995
Usp33,Usp33,1997.9249,-0.0985,0.1021,-0.9649,0.3346,0.9995
Usp34,Usp34,2019.3496,-0.1311,0.2235,-0.5866,0.5575,0.9995
Usp35,Usp35,249.145,-0.0306,0.1182,-0.2592,0.7955,0.9995
Usp36,Usp36,1494.1259,0.0363,0.1109,0.3277,0.7432,0.9995
Usp37,Usp37,721.7469,-0.065,0.179,-0.3633,0.7164,0.9995
Usp38,Usp38,2788.8183,-0.046,0.1163,-0.395,0.6928,0.9995
Usp39,Usp39,2578.3458,0.0084,0.0922,0.0911,0.9274,0.9995
Usp4,Usp4,5443.6396,0.0703,0.0616,1.1401,0.2542,0.9995
Usp40,Usp40,1798.4529,-0.0792,0.0834,-0.9502,0.342,0.9995
Usp42,Usp42,980.6501,-0.1279,0.0903,-1.416,0.1568,0.9995
Usp43,Usp43,51.777,-0.2245,0.3802,-0.5904,0.5549,0.9995
Usp44,Usp44,14.6428,-0.1137,0.5076,-0.224,0.8227,0.9995
Usp45,Usp45,1014.4633,0.0844,0.1556,0.5426,0.5874,0.9995
Usp46,Usp46,1316.2353,-0.0624,0.0849,-0.7352,0.4622,0.9995
Usp47,Usp47,6601.652,-0.1298,0.1585,-0.8188,0.4129,0.9995
Usp48,Usp48,3166.4601,-0.1504,0.0728,-2.067,0.0387,0.9995
Usp49,Usp49,350.0378,-0.0322,0.1191,-0.2705,0.7867,0.9995
Usp5,Usp5,6919.7374,0.0863,0.0787,1.0963,0.273,0.9995
Usp50,Usp50,0.8057,-1.1093,2.3146,-0.4792,0.6318,0.9995
Usp53,Usp53,326.2579,0.0631,0.1117,0.5646,0.5724,0.9995
Usp54,Usp54,932.6409,-0.0218,0.1244,-0.1754,0.8608,0.9995
Usp6nl,Usp6nl,1165.4243,-0.1638,0.111,-1.4755,0.1401,0.9995
Usp7,Usp7,4362.218,-0.0673,0.0859,-0.784,0.4331,0.9995
Usp8,Usp8,3606.9748,-0.0321,0.101,-0.3182,0.7503,0.9995
Usp9x,Usp9x,3815.0609,-0.0404,0.2074,-0.1948,0.8455,0.9995
Uspl1,Uspl1,1519.5523,0.0109,0.0648,0.1679,0.8667,0.9995
Ust,Ust,1336.307,0.0118,0.1277,0.0922,0.9265,0.9995
Utp11l,Utp11l,1600.154,0.0835,0.0692,1.2076,0.2272,0.9995
Utp14a,Utp14a,1244.1535,0.0777,0.1327,0.5853,0.5584,0.9995
Utp14b,Utp14b,258.9291,0.0544,0.2695,0.2018,0.8401,0.9995
Utp15,Utp15,1194.3987,-0.0151,0.1037,-0.1461,0.8839,0.9995
Utp18,Utp18,1726.8595,-0.0207,0.0768,-0.2692,0.7878,0.9995
Utp20,Utp20,2384.3659,0.0858,0.1571,0.5462,0.585,0.9995
Utp23,Utp23,850.1221,0.0466,0.075,0.6218,0.5341,0.9995
Utp3,Utp3,2158.0611,-0.0085,0.0682,-0.1253,0.9003,0.9995
Utp6,Utp6,3152.7126,-0.0073,0.1073,-0.0684,0.9454,0.9995
Utrn,Utrn,5174.3128,-0.2648,0.2173,-1.2184,0.2231,0.9995
Uts2,Uts2,0.573,0.7118,2.0543,0.3465,0.729,0.9995
Uts2r,Uts2r,18.7407,-0.5251,0.5808,-0.9041,0.366,0.9995
Uvrag,Uvrag,1816.9765,0.0101,0.1539,0.0656,0.9477,0.9995
Uvssa,Uvssa,305.0695,0.0491,0.1287,0.3817,0.7027,0.9995
Uxs1,Uxs1,2561.1895,0.0892,0.0769,1.1602,0.2459,0.9995
Uxt,Uxt,234.0554,0.204,0.1838,1.1103,0.2669,0.9995
Vac14,Vac14,1261.643,0.0341,0.1433,0.2382,0.8117,0.9995
Vamp1,Vamp1,103.8341,0.3367,0.2125,1.5839,0.1132,0.9995
Vamp2,Vamp2,2218.253,0.0716,0.0839,0.8536,0.3933,0.9995
Vamp3,Vamp3,4886.9026,-0.0329,0.0519,-0.6335,0.5264,0.9995
Vamp4,Vamp4,1156.5742,0.0769,0.1356,0.5672,0.5706,0.9995
Vamp5,Vamp5,2084.5319,0.1924,0.2849,0.6751,0.4996,0.9995
Vamp8,Vamp8,2426.7667,0.055,0.082,0.6712,0.5021,0.9995
Vangl1,Vangl1,1273.8383,-0.1074,0.0671,-1.6008,0.1094,0.9995
Vangl2,Vangl2,224.3763,0.0449,0.1353,0.3322,0.7397,0.9995
Vapa,Vapa,9283.24,0.0022,0.0566,0.0381,0.9696,0.9995
Vapb,Vapb,5290.2521,0.001,0.0394,0.0256,0.9796,0.9995
Vars,Vars,5688.422,0.1076,0.0917,1.1733,0.2407,0.9995
Vars2,Vars2,767.3737,0.0038,0.0686,0.0554,0.9558,0.9995
Vash1,Vash1,444.4467,-0.2216,0.2299,-0.9638,0.3352,0.9995
Vash2,Vash2,2488.3123,0.1205,0.0819,1.4712,0.1412,0.9995
Vasn,Vasn,4533.4876,0.0214,0.132,0.1621,0.8713,0.9995
Vasp,Vasp,4927.1996,0.081,0.1595,0.5076,0.6117,0.9995
Vat1,Vat1,19981.9132,0.0623,0.2095,0.2974,0.7662,0.9995
Vaultrc5,Vaultrc5,0.3438,-0.475,2.6713,-0.1778,0.8589,0.9995
Vav2,Vav2,818.4419,-0.0816,0.1074,-0.7593,0.4477,0.9995
Vav3,Vav3,655.0614,-0.0616,0.1378,-0.4471,0.6548,0.9995
Vax2,Vax2,30.7516,-0.0883,0.2619,-0.3369,0.7362,0.9995
Vax2os,Vax2os,1.0284,0.4147,1.563,0.2653,0.7907,0.9995
Vbp1,Vbp1,2225.2248,-0.0194,0.1483,-0.1308,0.8959,0.9995
Vcam1,Vcam1,4811.6143,-0.2489,0.2454,-1.0139,0.3106,0.9995
Vcan,Vcan,6439.45,0.1831,0.1736,1.0546,0.2916,0.9995
Vcl,Vcl,23471.3789,-0.0577,0.169,-0.3417,0.7326,0.9995
Vcp,Vcp,30470.7734,0.0437,0.0422,1.0354,0.3005,0.9995
Vcpip1,Vcpip1,1632.817,0.0166,0.1434,0.1159,0.9077,0.9995
Vcpkmt,Vcpkmt,522.8098,0.0529,0.0931,0.5684,0.5697,0.9995
Vdac1,Vdac1,15608.2802,0.0406,0.0506,0.8008,0.4233,0.9995
Vdac2,Vdac2,9970.3116,0.0749,0.0538,1.3917,0.164,0.9995
Vdac3,Vdac3,7617.2976,0.1305,0.0808,1.6152,0.1063,0.9995
Vdr,Vdr,2234.2641,-0.1065,0.2265,-0.4702,0.6382,0.9995
Vegfa,Vegfa,9189.7998,-0.1114,0.1639,-0.6794,0.4969,0.9995
Vegfb,Vegfb,1363.9571,-0.0341,0.1579,-0.2158,0.8292,0.9995
Vegfc,Vegfc,665.5627,0.0165,0.1888,0.0875,0.9303,0.9995
Veph1,Veph1,3.6516,-0.0685,0.7704,-0.089,0.9291,0.9995
Vezf1,Vezf1,3686.1128,-0.1095,0.1449,-0.756,0.4497,0.9995
Vezt,Vezt,1236.1896,0.0292,0.0957,0.3047,0.7606,0.9995
Vgf,Vgf,2.0634,-0.885,1.1483,-0.7707,0.4409,0.9995
Vgll2,Vgll2,286.4352,-0.2332,0.2258,-1.0327,0.3018,0.9995
Vgll3,Vgll3,3161.5887,-0.0421,0.1163,-0.3622,0.7172,0.9995
Vgll4,Vgll4,1088.6148,-0.0506,0.0921,-0.5498,0.5824,0.9995
Vhl,Vhl,1600.3801,0.0983,0.1003,0.9797,0.3272,0.9995
Vil1,Vil1,4.1142,-0.1027,0.7478,-0.1373,0.8908,0.9995
Vill,Vill,64.8175,-0.0141,0.191,-0.0737,0.9412,0.9995
Vim,Vim,97495.6922,-0.1208,0.1249,-0.9666,0.3338,0.9995
Vimp,Vimp,3417.613,-0.0242,0.0984,-0.246,0.8057,0.9995
Vipas39,Vipas39,1751.9561,0.0324,0.1015,0.3195,0.7494,0.9995
Vipr1,Vipr1,38.4602,-0.0173,0.3809,-0.0454,0.9638,0.9995
Vipr2,Vipr2,153.0618,-0.0509,0.1927,-0.2643,0.7916,0.9995
Vit,Vit,6.6264,-0.0425,0.6481,-0.0655,0.9478,0.9995
Vkorc1,Vkorc1,1602.9946,0.0256,0.0625,0.4106,0.6814,0.9995
Vkorc1l1,Vkorc1l1,2189.8173,-0.0314,0.0669,-0.4702,0.6382,0.9995
Vldlr,Vldlr,2940.7139,0.0969,0.3486,0.2779,0.7811,0.9995
Vma21,Vma21,2664.1753,0.0717,0.1679,0.4268,0.6696,0.9995
Vmac,Vmac,610.611,0.1587,0.15,1.0581,0.29,0.9995
Vmn1r40,Vmn1r40,1.3677,0.3343,1.3575,0.2462,0.8055,0.9995
Vmn1r42,Vmn1r42,1.9469,0.8424,1.5946,0.5283,0.5973,0.9995
Vmn2r-ps54,Vmn2r-ps54,1.0278,-0.1964,1.3924,-0.1411,0.8878,0.9995
Vmn2r1,Vmn2r1,1.4865,0.7847,1.2042,0.6516,0.5146,0.9995
Vmn2r13,Vmn2r13,5.7165,-0.6748,0.6201,-1.0882,0.2765,0.9995
Vmn2r18,Vmn2r18,0.7983,0.2624,1.5863,0.1654,0.8686,0.9995
Vmn2r29,Vmn2r29,51.9771,0.0254,0.2224,0.1142,0.9091,0.9995
Vmn2r30,Vmn2r30,0.6871,-0.7798,1.737,-0.4489,0.6535,0.9995
Vmn2r31,Vmn2r31,0.3432,-0.475,2.6723,-0.1777,0.8589,0.9995
Vmn2r43,Vmn2r43,0.3442,-0.476,2.6709,-0.1782,0.8586,0.9995
Vmn2r57,Vmn2r57,8.8082,-0.2044,0.5347,-0.3822,0.7023,0.9995
Vmn2r78,Vmn2r78,6.7515,0.0683,0.6397,0.1067,0.915,0.9995
Vmn2r79,Vmn2r79,0.7998,-0.2644,1.5219,-0.1737,0.8621,0.9995
Vmn2r87,Vmn2r87,1.1414,-2.4752,1.5049,-1.6448,0.1,0.9995
Vmn2r96,Vmn2r96,4.1171,0.3454,0.6711,0.5147,0.6068,0.9995
Vmp1,Vmp1,10369.7053,0.1437,0.1871,0.768,0.4425,0.9995
Vnn1,Vnn1,19.8525,0.4438,0.5263,0.8432,0.3991,0.9995
Vnn3,Vnn3,22.698,0.0107,0.8773,0.0121,0.9903,0.9995
Vopp1,Vopp1,2810.3316,0.0676,0.1188,0.5692,0.5692,0.9995
Vprbp,Vprbp,1935.1334,-0.0452,0.0798,-0.5668,0.5709,0.9995
Vpreb1,Vpreb1,5.3727,0.5736,0.6049,0.9482,0.343,0.9995
Vpreb3,Vpreb3,2.0463,0.8338,1.2012,0.6942,0.4876,0.9995
Vps11,Vps11,2475.3054,0.0799,0.1314,0.6085,0.5429,0.9995
Vps13a,Vps13a,456.7604,-0.1578,0.1697,-0.93,0.3524,0.9995
Vps13b,Vps13b,1364.638,-0.198,0.1776,-1.1149,0.2649,0.9995
Vps13c,Vps13c,2365.1075,-0.2932,0.1699,-1.726,0.0843,0.9995
Vps13d,Vps13d,3390.5774,-0.153,0.0714,-2.1429,0.0321,0.9995
Vps16,Vps16,1771.5724,0.0176,0.0817,0.2157,0.8292,0.9995
Vps18,Vps18,1872.7533,-0.0216,0.105,-0.2056,0.8371,0.9995
Vps25,Vps25,2351.1457,0.0776,0.0624,1.2421,0.2142,0.9995
Vps26a,Vps26a,5151.4474,-0.0246,0.094,-0.2622,0.7932,0.9995
Vps26b,Vps26b,3139.4324,0.0549,0.0966,0.5679,0.5701,0.9995
Vps28,Vps28,2544.2693,0.1226,0.0727,1.6859,0.0918,0.9995
Vps29,Vps29,3245.9865,0.1216,0.0917,1.3255,0.185,0.9995
Vps33a,Vps33a,2606.0165,0.0814,0.0911,0.8938,0.3714,0.9995
Vps33b,Vps33b,672.7857,0.0696,0.0925,0.7521,0.452,0.9995
Vps35,Vps35,14949.2023,-0.0718,0.0853,-0.8412,0.4002,0.9995
Vps36,Vps36,1064.7671,0.0324,0.0693,0.4678,0.6399,0.9995
Vps37a,Vps37a,1482.1549,-0.0713,0.138,-0.5169,0.6052,0.9995
Vps37b,Vps37b,1032.4582,-0.0099,0.1141,-0.087,0.9307,0.9995
Vps37c,Vps37c,1799.1419,0.0101,0.0759,0.1332,0.8941,0.9995
Vps37d,Vps37d,170.101,-0.0214,0.1702,-0.1256,0.9,0.9995
Vps39,Vps39,1917.1682,-0.0272,0.0575,-0.4728,0.6364,0.9995
Vps41,Vps41,3968.0123,-0.1234,0.1069,-1.1543,0.2484,0.9995
Vps45,Vps45,808.0688,-0.0455,0.1003,-0.4531,0.6505,0.9995
Vps4a,Vps4a,2342.1908,0.0538,0.0647,0.8303,0.4064,0.9995
Vps4b,Vps4b,3903.4234,-0.015,0.0756,-0.1978,0.8432,0.9995
Vps51,Vps51,1205.6525,0.04,0.0601,0.6664,0.5052,0.9995
Vps52,Vps52,1885.7648,0.0346,0.0798,0.4336,0.6646,0.9995
Vps53,Vps53,2637.6791,-0.0229,0.0726,-0.3153,0.7526,0.9995
Vps54,Vps54,1150.6184,-0.0244,0.1365,-0.1786,0.8582,0.9995
Vps72,Vps72,2270.7486,0.0383,0.0638,0.6003,0.5483,0.9995
Vps8,Vps8,2490.1859,-0.0438,0.0968,-0.4522,0.6512,0.9995
Vps9d1,Vps9d1,521.5353,-0.043,0.1125,-0.3819,0.7025,0.9995
Vrk1,Vrk1,653.1406,-0.1274,0.1997,-0.6377,0.5236,0.9995
Vrk2,Vrk2,342.8106,0.0082,0.134,0.0612,0.9512,0.9995
Vrk3,Vrk3,718.1685,-0.0605,0.099,-0.6114,0.5409,0.9995
Vsig10,Vsig10,805.2099,-0.0624,0.1303,-0.4788,0.6321,0.9995
Vsig10l,Vsig10l,91.4922,-0.0405,0.3366,-0.1202,0.9043,0.9995
Vsig8,Vsig8,4.6731,0.565,0.8669,0.6518,0.5145,0.9995
Vsnl1,Vsnl1,2.8644,-0.9481,0.8466,-1.1198,0.2628,0.9995
Vstm2a,Vstm2a,0.3415,-0.4733,2.6754,-0.1769,0.8596,0.9995
Vsx2,Vsx2,0.3448,-0.4801,2.6714,-0.1797,0.8574,0.9995
Vta1,Vta1,2213.692,-0.0998,0.0858,-1.1639,0.2445,0.9995
Vtcn1,Vtcn1,4.7942,-0.1247,0.6783,-0.1839,0.8541,0.9995
Vti1a,Vti1a,1467.1832,-0.0362,0.1315,-0.2749,0.7834,0.9995
Vti1b,Vti1b,2718.5754,0.0381,0.061,0.6238,0.5328,0.9995
Vtn,Vtn,1.8279,-1.009,1.1541,-0.8743,0.382,0.9995
Vwa1,Vwa1,1581.1197,0.1102,0.1398,0.7884,0.4305,0.9995
Vwa2,Vwa2,0.7977,-0.2875,1.9499,-0.1474,0.8828,0.9995
Vwa3a,Vwa3a,0.7997,0.5147,1.7008,0.3026,0.7622,0.9995
Vwa5a,Vwa5a,6786.4299,-0.0639,0.0929,-0.6873,0.4919,0.9995
Vwa5b2,Vwa5b2,3.5414,1.0493,0.7581,1.3841,0.1663,0.9995
Vwa7,Vwa7,1.8265,0.3764,1.1217,0.3356,0.7372,0.9995
Vwa8,Vwa8,2550.9423,-0.0787,0.0712,-1.1052,0.2691,0.9995
Vwa9,Vwa9,1654.8469,0.0058,0.0659,0.088,0.9299,0.9995
Vwc2l,Vwc2l,0.344,-0.476,2.6711,-0.1782,0.8586,0.9995
Vwce,Vwce,2.6239,0.5449,0.9067,0.601,0.5479,0.9995
Vwf,Vwf,41.8615,-0.4186,0.2302,-1.8188,0.0689,0.9995
Wac,Wac,3757.5533,-0.0907,0.1165,-0.7784,0.4363,0.9995
Wapal,Wapal,2411.6095,0.0896,0.1846,0.4856,0.6272,0.9995
Wars,Wars,3323.9425,0.0776,0.1463,0.5307,0.5956,0.9995
Wars2,Wars2,342.583,0.0332,0.0995,0.3342,0.7382,0.9995
Was,Was,19.0837,0.3953,0.3226,1.2254,0.2204,0.9995
Wasf1,Wasf1,497.3934,0.0251,0.1141,0.2203,0.8257,0.9995
Wasf2,Wasf2,6052.7548,-0.0665,0.082,-0.8103,0.4178,0.9995
Wash1,Wash1,1859.3056,0.073,0.1254,0.5824,0.5603,0.9995
Wasl,Wasl,2198.1398,-0.0796,0.1253,-0.6354,0.5252,0.9995
Wbp1,Wbp1,1119.3475,0.0464,0.1221,0.3804,0.7037,0.9995
Wbp11,Wbp11,3719.8723,-0.0427,0.0547,-0.7797,0.4355,0.9995
Wbp1l,Wbp1l,5714.7102,-0.0821,0.0824,-0.9955,0.3195,0.9995
Wbp2,Wbp2,5301.9747,0.0486,0.1199,0.4055,0.6851,0.9995
Wbp4,Wbp4,1677.8434,0.0676,0.1294,0.5226,0.6013,0.9995
Wbp5,Wbp5,5368.3827,-0.0393,0.062,-0.6333,0.5265,0.9995
Wbscr16,Wbscr16,717.0407,0.0994,0.1343,0.74,0.4593,0.9995
Wbscr22,Wbscr22,1032.0133,0.0374,0.0767,0.4877,0.6257,0.9995
Wbscr25,Wbscr25,0.4579,0.218,2.1461,0.1016,0.9191,0.9995
Wbscr27,Wbscr27,564.9655,-0.0303,0.1831,-0.1655,0.8686,0.9995
Wdfy1,Wdfy1,2817.6008,-0.0476,0.0675,-0.7049,0.4809,0.9995
Wdfy2,Wdfy2,266.4858,-0.0229,0.2013,-0.1139,0.9093,0.9995
Wdfy3,Wdfy3,3292.0056,-0.2304,0.088,-2.6198,0.0088,0.9995
Wdfy4,Wdfy4,2.7442,-0.8703,0.9057,-0.961,0.3366,0.9995
Wdhd1,Wdhd1,514.5116,-0.0648,0.2649,-0.2448,0.8066,0.9995
Wdpcp,Wdpcp,478.8995,-0.0759,0.078,-0.973,0.3305,0.9995
Wdr1,Wdr1,13815.1592,0.1034,0.076,1.3604,0.1737,0.9995
Wdr11,Wdr11,1687.2171,-0.0885,0.0716,-1.2357,0.2166,0.9995
Wdr12,Wdr12,1431.2555,0.1808,0.118,1.5324,0.1254,0.9995
Wdr13,Wdr13,2437.5617,-0.1189,0.0737,-1.6126,0.1068,0.9995
Wdr17,Wdr17,1.2568,-0.6685,1.2354,-0.5412,0.5884,0.9995
Wdr18,Wdr18,1383.7118,0.1094,0.0854,1.2808,0.2003,0.9995
Wdr19,Wdr19,923.9033,-0.1095,0.0991,-1.1051,0.2691,0.9995
Wdr20,Wdr20,992.0037,-0.0494,0.1266,-0.3905,0.6962,0.9995
Wdr24,Wdr24,1106.2031,-0.0195,0.0777,-0.2512,0.8016,0.9995
Wdr25,Wdr25,316.8805,0.0549,0.1,0.549,0.583,0.9995
Wdr26,Wdr26,9037.9943,-0.0341,0.1515,-0.2248,0.8221,0.9995
Wdr27,Wdr27,15.7762,0.14,0.3946,0.3548,0.7228,0.9995
Wdr3,Wdr3,2115.2141,0.0601,0.0916,0.6554,0.5122,0.9995
Wdr31,Wdr31,87.9445,-0.0657,0.1973,-0.3328,0.7393,0.9995
Wdr33,Wdr33,3290.7784,0.0441,0.0495,0.8912,0.3728,0.9995
Wdr34,Wdr34,739.3324,0.0665,0.1007,0.66,0.5093,0.9995
Wdr35,Wdr35,1820.0479,-0.0776,0.094,-0.8257,0.409,0.9995
Wdr36,Wdr36,4467.9573,-0.0542,0.0793,-0.6839,0.494,0.9995
Wdr37,Wdr37,1080.816,-0.0122,0.1063,-0.1149,0.9085,0.9995
Wdr38,Wdr38,0.5721,1.7809,2.3399,0.7611,0.4466,0.9995
Wdr4,Wdr4,1190.5444,0.0447,0.1419,0.3149,0.7528,0.9995
Wdr41,Wdr41,1123.8065,-0.0039,0.0744,-0.0526,0.9581,0.9995
Wdr43,Wdr43,2706.1466,-0.1059,0.131,-0.8087,0.4187,0.9995
Wdr44,Wdr44,951.7935,-0.0087,0.2007,-0.0432,0.9655,0.9995
Wdr45,Wdr45,1351.8511,0.0835,0.1696,0.4926,0.6223,0.9995
Wdr45b,Wdr45b,4228.0984,-0.0033,0.0914,-0.0366,0.9708,0.9995
Wdr46,Wdr46,1732.6244,0.1634,0.1471,1.1105,0.2668,0.9995
Wdr47,Wdr47,1019.9057,-0.0726,0.1516,-0.4785,0.6323,0.9995
Wdr48,Wdr48,2032.6521,-0.0499,0.0911,-0.5479,0.5838,0.9995
Wdr5,Wdr5,2731.1391,0.0509,0.0608,0.8379,0.4021,0.9995
Wdr53,Wdr53,366.7315,-0.03,0.0897,-0.3349,0.7377,0.9995
Wdr54,Wdr54,302.0098,-0.024,0.141,-0.1704,0.8647,0.9995
Wdr55,Wdr55,909.4135,0.1801,0.1103,1.6331,0.1025,0.9995
Wdr59,Wdr59,1142.4255,-0.041,0.086,-0.4765,0.6337,0.9995
Wdr5b,Wdr5b,162.9175,0.1476,0.2373,0.6219,0.534,0.9995
Wdr6,Wdr6,3418.5256,0.0441,0.0679,0.65,0.5157,0.9995
Wdr60,Wdr60,834.234,-0.0631,0.1101,-0.5737,0.5662,0.9995
Wdr61,Wdr61,2082.7067,0.0645,0.0879,0.7335,0.4633,0.9995
Wdr62,Wdr62,341.6479,-0.1143,0.1384,-0.8254,0.4092,0.9995
Wdr63,Wdr63,3.9972,-0.1909,0.8134,-0.2347,0.8144,0.9995
Wdr7,Wdr7,2414.4995,-0.0805,0.1197,-0.6726,0.5012,0.9995
Wdr70,Wdr70,1535.2223,0.0017,0.0617,0.028,0.9776,0.9995
Wdr72,Wdr72,0.6861,-0.7755,1.7368,-0.4465,0.6552,0.9995
Wdr73,Wdr73,649.9803,0.0959,0.097,0.9883,0.323,0.9995
Wdr74,Wdr74,745.4477,0.0919,0.0899,1.0217,0.3069,0.9995
Wdr75,Wdr75,2388.2574,0.049,0.1061,0.4621,0.644,0.9995
Wdr76,Wdr76,432.6629,-0.048,0.141,-0.3405,0.7335,0.9995
Wdr77,Wdr77,3000.7023,0.1454,0.0867,1.6776,0.0934,0.9995
Wdr78,Wdr78,31.4459,-0.424,0.297,-1.4274,0.1535,0.9995
Wdr8,Wdr8,709.9913,0.0291,0.085,0.3427,0.7318,0.9995
Wdr81,Wdr81,2743.3309,-0.0611,0.1539,-0.3973,0.6912,0.9995
Wdr82,Wdr82,3657.654,0.0813,0.0864,0.9409,0.3467,0.9995
Wdr83,Wdr83,1257.9324,0.1467,0.0696,2.1095,0.0349,0.9995
Wdr83os,Wdr83os,3095.6409,0.1842,0.1159,1.5898,0.1119,0.9995
Wdr89,Wdr89,136.46,0.0178,0.1389,0.1284,0.8978,0.9995
Wdr90,Wdr90,494.1129,-0.1828,0.1798,-1.0171,0.3091,0.9995
Wdr91,Wdr91,694.4476,0.0348,0.1288,0.2697,0.7874,0.9995
Wdr92,Wdr92,829.9126,0.1351,0.1155,1.1702,0.2419,0.9995
Wdr93,Wdr93,8.7053,0.1745,0.6712,0.26,0.7949,0.9995
Wdr95,Wdr95,5.2496,0.2216,0.7172,0.3089,0.7574,0.9995
Wdsub1,Wdsub1,1052.3128,0.0061,0.1123,0.0544,0.9566,0.9995
Wdtc1,Wdtc1,2923.1358,-0.01,0.0715,-0.1393,0.8892,0.9995
Wdyhv1,Wdyhv1,1217.3671,0.0534,0.0623,0.8564,0.3918,0.9995
Wee1,Wee1,907.9463,-0.1056,0.1171,-0.9017,0.3672,0.9995
Wfdc1,Wfdc1,14.2919,0.5362,0.504,1.0639,0.2874,0.9995
Wfdc13,Wfdc13,2.7446,-1.0054,0.9905,-1.0151,0.3101,0.9995
Wfdc17,Wfdc17,460.9433,0.3959,0.9986,0.3964,0.6918,0.9995
Wfdc18,Wfdc18,4.2342,-0.4617,0.7501,-0.6155,0.5382,0.9995
Wfdc2,Wfdc2,6.8605,-0.0274,0.762,-0.0359,0.9714,0.9995
Wfdc21,Wfdc21,48.8521,0.3706,0.7904,0.4689,0.6392,0.9995
Wfdc3,Wfdc3,0.4585,0.2198,2.1461,0.1024,0.9184,0.9995
Wfikkn1,Wfikkn1,25.9525,-0.3334,0.312,-1.0685,0.2853,0.9995
Wfikkn2,Wfikkn2,7.5258,-0.2161,0.7504,-0.288,0.7733,0.9995
Wfs1,Wfs1,3068.9326,0.0442,0.0844,0.5232,0.6009,0.9995
Whamm,Whamm,373.0304,0.0481,0.1602,0.3006,0.7637,0.9995
Whrn,Whrn,1041.5177,-0.0021,0.134,-0.0159,0.9873,0.9995
Whsc1,Whsc1,2224.0786,-0.0012,0.1937,-0.0062,0.995,0.9995
Whsc1l1,Whsc1l1,3526.6985,-0.1222,0.0836,-1.4615,0.1439,0.9995
Wibg,Wibg,814.9371,0.0504,0.0885,0.5691,0.5693,0.9995
Wif1,Wif1,13.7156,0.6174,0.7416,0.8325,0.4051,0.9995
Wipf1,Wipf1,2979.6093,0.0096,0.0788,0.1223,0.9026,0.9995
Wipf2,Wipf2,1276.185,0.0055,0.0886,0.0619,0.9506,0.9995
Wipf3,Wipf3,20.4963,0.3507,0.5062,0.6929,0.4884,0.9995
Wipi1,Wipi1,4354.7013,-0.0063,0.0741,-0.0856,0.9318,0.9995
Wipi2,Wipi2,5170.8088,0.0855,0.1438,0.5941,0.5524,0.9995
Wisp1,Wisp1,13770.9905,-0.1177,0.2597,-0.4533,0.6503,0.9995
Wisp2,Wisp2,3257.7887,-0.0719,0.1737,-0.4138,0.679,0.9995
Wisp3,Wisp3,3.0948,-0.2041,0.8272,-0.2467,0.8051,0.9995
Wiz,Wiz,1909.7605,-0.0475,0.0802,-0.5917,0.554,0.9995
Wls,Wls,25599.9307,0.0151,0.078,0.1933,0.8467,0.9995
Wnk1,Wnk1,12544.1427,-0.1564,0.1856,-0.8424,0.3996,0.9995
Wnk2,Wnk2,0.3453,-0.4801,2.6703,-0.1798,0.8573,0.9995
Wnk3,Wnk3,4.5707,-1.2674,0.8227,-1.5405,0.1234,0.9995
Wnk4,Wnk4,8.1129,0.5374,0.4913,1.0938,0.2741,0.9995
Wnt1,Wnt1,0.8003,0.5353,1.5182,0.3526,0.7244,0.9995
Wnt10a,Wnt10a,1383.118,0.2403,0.2782,0.8638,0.3877,0.9995
Wnt10b,Wnt10b,210.2268,-0.2759,0.1386,-1.991,0.0465,0.9995
Wnt11,Wnt11,48.0137,0.2438,0.4127,0.5907,0.5547,0.9995
Wnt16,Wnt16,2.2916,-0.7559,0.9253,-0.817,0.414,0.9995
Wnt2b,Wnt2b,23.1098,0.0643,0.3379,0.1904,0.849,0.9995
Wnt4,Wnt4,82.3712,0.3514,0.2756,1.2751,0.2023,0.9995
Wnt5a,Wnt5a,29.6315,-0.3828,0.3153,-1.214,0.2247,0.9995
Wnt5b,Wnt5b,174.5814,0.0644,0.2064,0.312,0.7551,0.9995
Wnt6,Wnt6,89.3845,0.2186,0.2515,0.8694,0.3846,0.9995
Wnt7b,Wnt7b,21.5032,-0.4829,0.492,-0.9815,0.3264,0.9995
Wnt9a,Wnt9a,768.0778,-0.0025,0.3002,-0.0085,0.9932,0.9995
Wrap53,Wrap53,444.6752,-0.0456,0.0796,-0.573,0.5666,0.9995
Wrb,Wrb,915.8952,0.032,0.0763,0.4192,0.6751,0.9995
Wrn,Wrn,505.3606,0.0877,0.16,0.5481,0.5836,0.9995
Wrnip1,Wrnip1,1956.4828,0.0587,0.0975,0.6015,0.5475,0.9995
Wsb1,Wsb1,4174.7182,-0.0494,0.1492,-0.3311,0.7405,0.9995
Wsb2,Wsb2,5977.8253,0.0224,0.0581,0.386,0.6995,0.9995
Wscd2,Wscd2,3.3122,0.1753,1.0517,0.1667,0.8676,0.9995
Wt1,Wt1,41.4763,-0.2809,0.3248,-0.8648,0.3872,0.9995
Wtap,Wtap,2372.63,0.0381,0.086,0.4426,0.658,0.9995
Wtip,Wtip,704.4461,0.0673,0.0897,0.75,0.4533,0.9995
Wwc1,Wwc1,50.6959,0.162,0.3615,0.4481,0.6541,0.9995
Wwc2,Wwc2,2882.9506,-0.1615,0.0834,-1.9378,0.0526,0.9995
Wwox,Wwox,404.0133,0.1133,0.1487,0.7616,0.4463,0.9995
Wwp1,Wwp1,1006.6467,-0.0678,0.1487,-0.4563,0.6482,0.9995
Wwp2,Wwp2,3064.3765,-0.019,0.0915,-0.2076,0.8356,0.9995
Wwtr1,Wwtr1,8951.4942,-0.0585,0.1671,-0.3498,0.7265,0.9995
Xab2,Xab2,2045.2629,0.0258,0.0903,0.2859,0.7749,0.9995
Xaf1,Xaf1,328.1692,-0.1453,0.1713,-0.8478,0.3965,0.9995
Xbp1,Xbp1,9351.3609,-0.0282,0.0911,-0.3098,0.7567,0.9995
Xcr1,Xcr1,12.3628,-0.0934,0.4738,-0.1971,0.8438,0.9995
Xdh,Xdh,4778.1797,0.0862,0.5009,0.1721,0.8634,0.9995
Xiap,Xiap,2002.0752,0.0159,0.1748,0.0908,0.9276,0.9995
Xirp1,Xirp1,3187.8284,-0.137,0.2633,-0.5203,0.6028,0.9995
Xirp2,Xirp2,15.7804,-0.0378,0.3681,-0.1026,0.9183,0.9995
Xist,Xist,14180.5691,-0.0612,0.2348,-0.2605,0.7945,0.9995
Xk,Xk,45.634,-0.1581,0.2385,-0.6629,0.5074,0.9995
Xkr5,Xkr5,116.2017,-0.0735,0.4895,-0.1502,0.8806,0.9995
Xkr6,Xkr6,18.3075,-0.267,0.3666,-0.7285,0.4663,0.9995
Xkr8,Xkr8,374.3631,0.0691,0.1074,0.6433,0.52,0.9995
Xkr9,Xkr9,0.3421,0.9335,2.6545,0.3517,0.7251,0.9995
Xkrx,Xkrx,4.804,0.2033,0.7058,0.2881,0.7733,0.9995
Xlr,Xlr,946.4522,0.0188,0.1576,0.1194,0.9049,0.9995
Xlr3a,Xlr3a,94.3016,-0.2361,0.2388,-0.989,0.3227,0.9995
Xlr3b,Xlr3b,10.7304,-0.4611,0.4639,-0.9938,0.3203,0.9995
Xlr3c,Xlr3c,14.8586,0.1571,0.4593,0.342,0.7324,0.9995
Xndc1,Xndc1,158.8201,0.1689,0.1804,0.9367,0.3489,0.9995
Xpa,Xpa,563.2752,-0.0247,0.0951,-0.2595,0.7953,0.9995
Xpc,Xpc,1018.0842,-0.0456,0.1455,-0.3136,0.7538,0.9995
Xpnpep1,Xpnpep1,5029.1813,0.045,0.0655,0.6879,0.4915,0.9995
Xpnpep2,Xpnpep2,73.5216,0.0831,0.2013,0.4126,0.6799,0.9995
Xpnpep3,Xpnpep3,677.4168,-0.0631,0.1064,-0.5935,0.5529,0.9995
Xpo1,Xpo1,3381.3226,0.0879,0.1807,0.4864,0.6267,0.9995
Xpo4,Xpo4,334.1136,-0.1407,0.1848,-0.7614,0.4464,0.9995
Xpo5,Xpo5,3058.9324,0.0615,0.13,0.4732,0.6361,0.9995
Xpo6,Xpo6,2542.5559,-0.0018,0.0966,-0.0181,0.9855,0.9995
Xpo7,Xpo7,3628.417,-0.0599,0.0519,-1.1555,0.2479,0.9995
Xpot,Xpot,6867.8306,-0.0433,0.1144,-0.3781,0.7053,0.9995
Xpr1,Xpr1,2705.5556,-0.1506,0.1829,-0.823,0.4105,0.9995
Xrcc1,Xrcc1,1292.4114,0.0437,0.0957,0.4565,0.648,0.9995
Xrcc2,Xrcc2,444.4941,-0.0044,0.1584,-0.0278,0.9778,0.9995
Xrcc3,Xrcc3,540.5384,0.0956,0.1163,0.8225,0.4108,0.9995
Xrcc4,Xrcc4,643.0221,-0.0548,0.1131,-0.4842,0.6282,0.9995
Xrcc5,Xrcc5,4399.3038,-0.0784,0.0953,-0.8226,0.4107,0.9995
Xrcc6,Xrcc6,1853.4156,0.0561,0.0628,0.8931,0.3718,0.9995
Xrcc6bp1,Xrcc6bp1,227.7695,0.1399,0.1338,1.0454,0.2958,0.9995
Xrn1,Xrn1,483.7813,-0.0595,0.2064,-0.2881,0.7733,0.9995
Xrn2,Xrn2,5202.9759,-0.0269,0.0787,-0.3418,0.7325,0.9995
Xrra1,Xrra1,14.975,0.0972,0.3811,0.2552,0.7986,0.9995
Xxylt1,Xxylt1,2096.6315,-0.111,0.0847,-1.3115,0.1897,0.9995
Xylb,Xylb,154.0085,-0.0738,0.2245,-0.3285,0.7425,0.9995
Xylt2,Xylt2,1321.986,0.0716,0.1156,0.6195,0.5356,0.9995
Yae1d1,Yae1d1,851.6155,0.0559,0.1008,0.5543,0.5794,0.9995
Yaf2,Yaf2,1592.7425,-0.0484,0.1212,-0.3997,0.6894,0.9995
Yap1,Yap1,5683.2973,-0.0125,0.0533,-0.2341,0.8149,0.9995
Yars,Yars,5481.9348,0.0846,0.0994,0.8506,0.395,0.9995
Yars2,Yars2,692.3374,0.0914,0.1085,0.842,0.3998,0.9995
Ybey,Ybey,236.9457,0.0355,0.1215,0.2922,0.7702,0.9995
Ybx1,Ybx1,20453.941,0.0558,0.0713,0.7825,0.4339,0.9995
Ybx2,Ybx2,0.9155,0.8082,1.852,0.4364,0.6625,0.9995
Ybx3,Ybx3,11570.0944,0.0129,0.0592,0.2172,0.8281,0.9995
Ydjc,Ydjc,124.1459,0.0654,0.197,0.332,0.7399,0.9995
Yeats2,Yeats2,1431.6409,-0.1045,0.07,-1.4918,0.1358,0.9995
Yeats4,Yeats4,1424.5501,0.0054,0.0551,0.0982,0.9217,0.9995
Yes1,Yes1,788.9624,0.167,0.1287,1.2976,0.1944,0.9995
Yif1a,Yif1a,2489.0076,-0.0163,0.0769,-0.2119,0.8322,0.9995
Yif1b,Yif1b,2014.9714,0.0178,0.0688,0.2589,0.7957,0.9995
Yipf1,Yipf1,1261.2248,0.1135,0.1108,1.0245,0.3056,0.9995
Yipf2,Yipf2,420.3227,0.0391,0.1085,0.3601,0.7188,0.9995
Yipf3,Yipf3,4202.3013,0.0246,0.1044,0.2357,0.8137,0.9995
Yipf4,Yipf4,4611.0025,-0.0292,0.0981,-0.2973,0.7663,0.9995
Yipf5,Yipf5,4746.1503,-0.057,0.0629,-0.9059,0.365,0.9995
Yipf6,Yipf6,876.4508,-0.0905,0.1614,-0.561,0.5748,0.9995
Yipf7,Yipf7,65.632,0.0945,0.2154,0.4387,0.6609,0.9995
Ykt6,Ykt6,6424.5138,0.1109,0.0811,1.3673,0.1715,0.9995
Ylpm1,Ylpm1,2237.3655,-0.1314,0.1312,-1.0016,0.3165,0.9995
Yme1l1,Yme1l1,5104.9775,0.0108,0.1624,0.0668,0.9467,0.9995
Yod1,Yod1,147.519,-0.0201,0.2093,-0.0961,0.9234,0.9995
Ypel1,Ypel1,134.3276,-0.068,0.1492,-0.4558,0.6485,0.9995
Ypel2,Ypel2,494.3727,0.0168,0.205,0.0817,0.9349,0.9995
Ypel3,Ypel3,2973.782,-0.0439,0.0934,-0.4697,0.6386,0.9995
Ypel4,Ypel4,160.1996,-0.0685,0.2286,-0.2995,0.7645,0.9995
Ypel5,Ypel5,2861.6883,0.077,0.0871,0.885,0.3762,0.9995
Yrdc,Yrdc,1148.7593,0.0761,0.0974,0.7815,0.4345,0.9995
Ythdc1,Ythdc1,2135.1082,0.037,0.1358,0.2723,0.7854,0.9995
Ythdc2,Ythdc2,330.5928,0.0516,0.1754,0.2944,0.7685,0.9995
Ythdf1,Ythdf1,3421.5575,-0.0638,0.0491,-1.2996,0.1937,0.9995
Ythdf2,Ythdf2,2969.6564,-0.0534,0.0889,-0.6006,0.5481,0.9995
Ythdf3,Ythdf3,3094.6341,0.0291,0.1882,0.1547,0.8771,0.9995
Ywhab,Ywhab,12765.1957,0.0363,0.0531,0.684,0.494,0.9995
Ywhae,Ywhae,24991.0404,-0.0189,0.0964,-0.1959,0.8447,0.9995
Ywhag,Ywhag,14703.8722,0.0269,0.0521,0.515,0.6066,0.9995
Ywhah,Ywhah,5614.535,0.0617,0.1005,0.6142,0.5391,0.9995
Ywhaq,Ywhaq,6899.8278,0.1527,0.126,1.212,0.2255,0.9995
Ywhaz,Ywhaz,20257.365,0.0571,0.0717,0.7969,0.4255,0.9995
Yy1,Yy1,2965.6961,-0.0585,0.0696,-0.8403,0.4007,0.9995
Yy2,Yy2,143.4021,-0.0123,0.2057,-0.0599,0.9523,0.9995
Zadh2,Zadh2,2733.0554,0.1232,0.3035,0.4059,0.6848,0.9995
Zak,Zak,2625.0676,0.1006,0.1373,0.7327,0.4638,0.9995
Zan,Zan,2.7308,0.8959,1.255,0.7138,0.4753,0.9995
Zap70,Zap70,25.4143,0.3504,0.495,0.7079,0.479,0.9995
Zbed3,Zbed3,771.6158,0.1183,0.0864,1.3697,0.1708,0.9995
Zbed4,Zbed4,467.2019,-0.0396,0.1197,-0.3312,0.7405,0.9995
Zbed5,Zbed5,189.9267,0.22,0.1297,1.6969,0.0897,0.9995
Zbed6,Zbed6,1201.926,-0.1772,0.2306,-0.7682,0.4423,0.9995
Zbp1,Zbp1,76.5392,-0.1401,0.2966,-0.4725,0.6366,0.9995
Zbtb1,Zbtb1,1269.4693,-0.2128,0.1672,-1.273,0.203,0.9995
Zbtb10,Zbtb10,569.9506,-0.0922,0.1614,-0.5714,0.5678,0.9995
Zbtb11,Zbtb11,716.8544,0.0098,0.1439,0.0684,0.9454,0.9995
Zbtb11os1,Zbtb11os1,39.188,0.0638,0.2482,0.2571,0.7971,0.9995
Zbtb12,Zbtb12,496.4189,0.0766,0.0889,0.8617,0.3889,0.9995
Zbtb14,Zbtb14,724.1295,-0.0174,0.0976,-0.1783,0.8585,0.9995
Zbtb17,Zbtb17,1124.9218,-0.0538,0.0897,-0.5993,0.549,0.9995
Zbtb18,Zbtb18,2817.5452,-0.0938,0.2496,-0.3756,0.7072,0.9995
Zbtb2,Zbtb2,537.7912,-0.0602,0.101,-0.5964,0.5509,0.9995
Zbtb20,Zbtb20,92.2679,0.0295,0.1717,0.1719,0.8635,0.9995
Zbtb21,Zbtb21,956.9693,-0.117,0.0925,-1.2641,0.2062,0.9995
Zbtb22,Zbtb22,1239.2197,-0.0595,0.0941,-0.6328,0.5268,0.9995
Zbtb24,Zbtb24,982.6908,-0.0793,0.0807,-0.9829,0.3257,0.9995
Zbtb25,Zbtb25,443.9737,-0.2065,0.11,-1.8769,0.0605,0.9995
Zbtb26,Zbtb26,453.6824,0.1319,0.1743,0.7569,0.4491,0.9995
Zbtb3,Zbtb3,117.4408,0.0401,0.1545,0.2598,0.795,0.9995
Zbtb32,Zbtb32,5.3667,0.1032,0.6345,0.1626,0.8708,0.9995
Zbtb33,Zbtb33,834.9272,0.0637,0.1979,0.3217,0.7477,0.9995
Zbtb34,Zbtb34,524.3672,-0.0596,0.109,-0.5469,0.5844,0.9995
Zbtb37,Zbtb37,104.2521,-0.1303,0.1947,-0.6695,0.5032,0.9995
Zbtb38,Zbtb38,1089.2984,-0.1144,0.0987,-1.1594,0.2463,0.9995
Zbtb39,Zbtb39,683.9671,-0.0545,0.0735,-0.7419,0.4582,0.9995
Zbtb4,Zbtb4,2837.0912,-0.1021,0.0779,-1.3119,0.1896,0.9995
Zbtb40,Zbtb40,657.0608,-0.0198,0.1432,-0.138,0.8903,0.9995
Zbtb41,Zbtb41,817.3935,0.0125,0.121,0.1034,0.9176,0.9995
Zbtb42,Zbtb42,342.7528,0.0157,0.1266,0.1242,0.9012,0.9995
Zbtb43,Zbtb43,1573.3805,-0.0241,0.0934,-0.2585,0.7961,0.9995
Zbtb44,Zbtb44,827.3757,-0.1549,0.0949,-1.6325,0.1026,0.9995
Zbtb45,Zbtb45,278.8091,0.0211,0.1027,0.2052,0.8374,0.9995
Zbtb46,Zbtb46,18.8683,0.1939,0.4174,0.4646,0.6422,0.9995
Zbtb48,Zbtb48,316.9562,0.056,0.1018,0.5499,0.5824,0.9995
Zbtb49,Zbtb49,261.8233,-0.0716,0.1077,-0.6646,0.5063,0.9995
Zbtb5,Zbtb5,774.5652,0.0134,0.0665,0.2008,0.8408,0.9995
Zbtb6,Zbtb6,1009.3643,0.1371,0.1553,0.8825,0.3775,0.9995
Zbtb7a,Zbtb7a,2361.6355,-0.013,0.0968,-0.1345,0.893,0.9995
Zbtb7b,Zbtb7b,2441.5945,0.0637,0.1579,0.4034,0.6866,0.9995
Zbtb7c,Zbtb7c,1871.1529,-0.1133,0.2121,-0.5342,0.5932,0.9995
Zbtb8a,Zbtb8a,400.7706,-0.0607,0.1243,-0.488,0.6255,0.9995
Zbtb8b,Zbtb8b,1.9449,-0.3857,1.0116,-0.3813,0.703,0.9995
Zbtb8os,Zbtb8os,770.0964,0.0069,0.0864,0.0801,0.9362,0.9995
Zbtb9,Zbtb9,695.0832,0.0581,0.0803,0.7243,0.4689,0.9995
Zc2hc1a,Zc2hc1a,2089.4074,-0.0241,0.1546,-0.1561,0.876,0.9995
Zc2hc1c,Zc2hc1c,276.9894,0.09,0.1558,0.5777,0.5634,0.9995
Zc3h10,Zc3h10,819.8995,0.0583,0.1186,0.4912,0.6233,0.9995
Zc3h11a,Zc3h11a,7597.7143,-0.0744,0.1755,-0.424,0.6715,0.9995
Zc3h12a,Zc3h12a,2990.685,-0.0954,0.1183,-0.8059,0.4203,0.9995
Zc3h12b,Zc3h12b,65.8477,-0.1804,0.1861,-0.9689,0.3326,0.9995
Zc3h12c,Zc3h12c,537.7136,-0.0541,0.1314,-0.4116,0.6806,0.9995
Zc3h12d,Zc3h12d,22.1653,-0.1227,0.359,-0.3418,0.7325,0.9995
Zc3h13,Zc3h13,1500.4589,-0.051,0.1727,-0.2952,0.7679,0.9995
Zc3h14,Zc3h14,3411.267,-0.0333,0.1154,-0.2888,0.7727,0.9995
Zc3h15,Zc3h15,2654.1806,0.0437,0.1801,0.2428,0.8082,0.9995
Zc3h18,Zc3h18,2895.3496,-0.0407,0.067,-0.6076,0.5435,0.9995
Zc3h3,Zc3h3,639.0279,0.1914,0.1489,1.2858,0.1985,0.9995
Zc3h4,Zc3h4,2758.7105,-0.1511,0.0736,-2.0525,0.0401,0.9995
Zc3h6,Zc3h6,360.1567,0.0523,0.0976,0.5358,0.5921,0.9995
Zc3h7a,Zc3h7a,1762.8077,0.0154,0.1663,0.0927,0.9262,0.9995
Zc3h7b,Zc3h7b,5186.7373,-0.0589,0.0587,-1.0033,0.3157,0.9995
Zc3h8,Zc3h8,126.7458,0.0413,0.1466,0.2819,0.778,0.9995
Zc3hav1,Zc3hav1,1702.1517,-0.1826,0.1108,-1.647,0.0996,0.9995
Zc3hav1l,Zc3hav1l,641.8724,0.0001,0.1028,0.001,0.9992,1
Zc3hc1,Zc3hc1,1422.431,0.0108,0.089,0.1215,0.9033,0.9995
Zc4h2,Zc4h2,626.3749,-0.0279,0.0765,-0.3644,0.7155,0.9995
Zcchc10,Zcchc10,337.3662,-0.0091,0.1476,-0.0619,0.9506,0.9995
Zcchc11,Zcchc11,659.3457,-0.0167,0.0869,-0.1918,0.8479,0.9995
Zcchc12,Zcchc12,2.0545,0.5876,0.952,0.6172,0.5371,0.9995
Zcchc14,Zcchc14,3250.0019,-0.183,0.0773,-2.3668,0.0179,0.9995
Zcchc17,Zcchc17,1300.148,0.0153,0.1409,0.1084,0.9137,0.9995
Zcchc18,Zcchc18,4.8041,0.2021,0.7083,0.2853,0.7754,0.9995
Zcchc2,Zcchc2,846.4539,-0.0442,0.1062,-0.4161,0.6773,0.9995
Zcchc24,Zcchc24,13875.1988,-0.0224,0.089,-0.2513,0.8016,0.9995
Zcchc4,Zcchc4,625.1898,0.035,0.1141,0.3067,0.7591,0.9995
Zcchc5,Zcchc5,35.5453,0.0982,0.255,0.3852,0.7001,0.9995
Zcchc6,Zcchc6,2640.6601,-0.0653,0.1141,-0.5722,0.5672,0.9995
Zcchc7,Zcchc7,844.2701,-0.2331,0.1661,-1.4035,0.1605,0.9995
Zcchc8,Zcchc8,1424.9228,-0.0171,0.0808,-0.2113,0.8326,0.9995
Zcchc9,Zcchc9,1195.6963,0.0198,0.0759,0.2609,0.7942,0.9995
Zcrb1,Zcrb1,1705.9962,0.0076,0.0518,0.1468,0.8833,0.9995
Zcwpw1,Zcwpw1,141.2404,0.1461,0.1363,1.0719,0.2838,0.9995
Zdbf2,Zdbf2,3.6664,0.4371,0.9876,0.4425,0.6581,0.9995
Zdhhc1,Zdhhc1,1084.8858,0.0255,0.0823,0.3092,0.7572,0.9995
Zdhhc12,Zdhhc12,387.2748,-0.0124,0.1344,-0.0925,0.9263,0.9995
Zdhhc13,Zdhhc13,899.2094,-0.0804,0.1302,-0.6175,0.5369,0.9995
Zdhhc14,Zdhhc14,10.0524,0.0086,0.62,0.0139,0.9889,0.9995
Zdhhc15,Zdhhc15,98.5558,-0.4607,0.3183,-1.4474,0.1478,0.9995
Zdhhc16,Zdhhc16,1644.6999,0.1695,0.1188,1.4272,0.1535,0.9995
Zdhhc17,Zdhhc17,1373.4337,-0.0658,0.1592,-0.4131,0.6796,0.9995
Zdhhc18,Zdhhc18,1730.6299,0.0907,0.1361,0.6666,0.505,0.9995
Zdhhc2,Zdhhc2,341.1519,-0.332,0.2898,-1.1456,0.2519,0.9995
Zdhhc20,Zdhhc20,2648.2553,0.0483,0.14,0.3448,0.7303,0.9995
Zdhhc21,Zdhhc21,1142.015,0.0514,0.192,0.268,0.7887,0.9995
Zdhhc23,Zdhhc23,0.4574,0.2183,2.5714,0.0849,0.9324,0.9995
Zdhhc24,Zdhhc24,818.9712,0.1102,0.1351,0.8158,0.4146,0.9995
Zdhhc25,Zdhhc25,0.7957,0.2858,1.7321,0.165,0.8689,0.9995
Zdhhc3,Zdhhc3,3592.3061,0.0402,0.1234,0.3259,0.7445,0.9995
Zdhhc4,Zdhhc4,1332.013,0.118,0.1159,1.0181,0.3087,0.9995
Zdhhc5,Zdhhc5,6394.1854,-0.0996,0.0657,-1.5156,0.1296,0.9995
Zdhhc6,Zdhhc6,2314.5183,0.0504,0.0581,0.8687,0.385,0.9995
Zdhhc7,Zdhhc7,1544.2496,-0.0592,0.0704,-0.841,0.4003,0.9995
Zdhhc8,Zdhhc8,2907.0049,0.0262,0.1109,0.2362,0.8133,0.9995
Zdhhc9,Zdhhc9,2193.1432,-0.0018,0.086,-0.0209,0.9833,0.9995
Zeb1,Zeb1,5331.8669,-0.0203,0.1897,-0.1072,0.9146,0.9995
Zeb2,Zeb2,3578.6758,-0.0513,0.1459,-0.3516,0.7252,0.9995
Zeb2os,Zeb2os,41.3462,-0.1116,0.2664,-0.4188,0.6753,0.9995
Zer1,Zer1,1703.3182,0.026,0.0856,0.3043,0.7609,0.9995
Zfand1,Zfand1,997.3576,-0.02,0.0898,-0.2221,0.8242,0.9995
Zfand2a,Zfand2a,2237.7826,0.1239,0.2048,0.6051,0.5451,0.9995
Zfand2b,Zfand2b,796.4405,-0.0203,0.137,-0.1479,0.8824,0.9995
Zfand3,Zfand3,5407.4694,-0.0072,0.0507,-0.1414,0.8876,0.9995
Zfand4,Zfand4,406.9942,-0.0386,0.1825,-0.2117,0.8323,0.9995
Zfand5,Zfand5,5294.5676,-0.0194,0.1122,-0.1728,0.8628,0.9995
Zfand6,Zfand6,2356.7552,-0.0394,0.1183,-0.3332,0.739,0.9995
Zfat,Zfat,322.1284,-0.1629,0.1415,-1.1513,0.2496,0.9995
Zfc3h1,Zfc3h1,1171.3597,0.1442,0.1397,1.0323,0.3019,0.9995
Zfhx2,Zfhx2,181.6821,0.0956,0.1441,0.6637,0.5069,0.9995
Zfhx2os,Zfhx2os,1.6987,3.4213,1.9383,1.7651,0.0775,0.9995
Zfhx3,Zfhx3,482.105,-0.1707,0.1532,-1.1141,0.2652,0.9995
Zfhx4,Zfhx4,1015.3805,-0.0995,0.145,-0.6859,0.4928,0.9995
Zfp1,Zfp1,367.2218,-0.0635,0.1035,-0.6133,0.5397,0.9995
Zfp101,Zfp101,125.3563,0.1927,0.2538,0.7593,0.4477,0.9995
Zfp105,Zfp105,99.1386,0.2304,0.1745,1.3201,0.1868,0.9995
Zfp106,Zfp106,12815.1253,-0.1213,0.1604,-0.7562,0.4496,0.9995
Zfp108,Zfp108,83.4342,-0.163,0.1579,-1.0319,0.3021,0.9995
Zfp109,Zfp109,59.4791,0.0752,0.2528,0.2976,0.766,0.9995
Zfp11,Zfp11,258.2257,-0.1387,0.1167,-1.1889,0.2345,0.9995
Zfp110,Zfp110,1737.8334,0.0238,0.0613,0.3878,0.6982,0.9995
Zfp111,Zfp111,412.7332,-0.055,0.1131,-0.4864,0.6267,0.9995
Zfp112,Zfp112,126.5811,-0.1317,0.1933,-0.6809,0.4959,0.9995
Zfp113,Zfp113,604.1183,-0.0425,0.1014,-0.4193,0.675,0.9995
Zfp114,Zfp114,0.5718,-0.3657,2.0514,-0.1782,0.8585,0.9995
Zfp119a,Zfp119a,128.6559,0.0629,0.1819,0.346,0.7294,0.9995
Zfp119b,Zfp119b,152.007,0.0441,0.1814,0.2432,0.8079,0.9995
Zfp12,Zfp12,1224.7502,-0.0383,0.0686,-0.5573,0.5773,0.9995
Zfp120,Zfp120,313.3382,0.0981,0.1613,0.608,0.5432,0.9995
Zfp128,Zfp128,194.7099,-0.1055,0.1214,-0.8692,0.3847,0.9995
Zfp13,Zfp13,261.7899,0.0982,0.0998,0.9837,0.3253,0.9995
Zfp131,Zfp131,1420.0503,0.0519,0.0929,0.5581,0.5768,0.9995
Zfp133-ps,Zfp133-ps,16.6919,0.2545,0.3802,0.6695,0.5032,0.9995
Zfp14,Zfp14,232.079,-0.1074,0.1255,-0.8558,0.3921,0.9995
Zfp141,Zfp141,318.77,0.1253,0.1275,0.9824,0.3259,0.9995
Zfp142,Zfp142,1055.7333,-0.0669,0.0736,-0.9082,0.3638,0.9995
Zfp143,Zfp143,837.9645,-0.079,0.0816,-0.968,0.333,0.9995
Zfp146,Zfp146,1795.3558,-0.1064,0.0963,-1.1039,0.2696,0.9995
Zfp148,Zfp148,1726.6845,0.0264,0.168,0.1574,0.8749,0.9995
Zfp157,Zfp157,438.1248,-0.0703,0.1199,-0.5865,0.5575,0.9995
Zfp160,Zfp160,488.1233,-0.015,0.1603,-0.0939,0.9252,0.9995
Zfp169,Zfp169,171.2133,-0.1579,0.1386,-1.1392,0.2546,0.9995
Zfp174,Zfp174,169.6543,0.0056,0.1621,0.0344,0.9726,0.9995
Zfp180,Zfp180,1018.6169,-0.1328,0.1041,-1.2755,0.2021,0.9995
Zfp182,Zfp182,173.6157,-0.1206,0.2293,-0.5258,0.599,0.9995
Zfp184,Zfp184,132.8055,-0.0804,0.1507,-0.5336,0.5936,0.9995
Zfp185,Zfp185,19.9866,0.1726,0.4852,0.3558,0.722,0.9995
Zfp189,Zfp189,402.758,0.0397,0.1172,0.339,0.7346,0.9995
Zfp191,Zfp191,1528.5046,-0.1412,0.1265,-1.116,0.2644,0.9995
Zfp2,Zfp2,163.6366,-0.1227,0.1837,-0.6677,0.5043,0.9995
Zfp202,Zfp202,352.4354,-0.0033,0.157,-0.0209,0.9833,0.9995
Zfp207,Zfp207,7382.2471,0.1209,0.0988,1.2238,0.221,0.9995
Zfp212,Zfp212,917.6759,-0.0638,0.0644,-0.9907,0.3218,0.9995
Zfp213,Zfp213,399.6951,0.0856,0.1186,0.7218,0.4704,0.9995
Zfp217,Zfp217,1498.4649,-0.0341,0.0766,-0.4445,0.6567,0.9995
Zfp219,Zfp219,1017.1942,0.002,0.0993,0.0206,0.9836,0.9995
Zfp229,Zfp229,188.0901,0.0801,0.1566,0.5115,0.609,0.9995
Zfp235,Zfp235,247.8366,-0.1001,0.1237,-0.8086,0.4187,0.9995
Zfp236,Zfp236,1812.5436,-0.1523,0.096,-1.5866,0.1126,0.9995
Zfp239,Zfp239,358.5906,-0.0525,0.091,-0.5776,0.5635,0.9995
Zfp248,Zfp248,168.147,-0.2194,0.21,-1.0447,0.2961,0.9995
Zfp251,Zfp251,1519.8103,-0.039,0.0699,-0.5585,0.5765,0.9995
Zfp26,Zfp26,773.7288,0.0933,0.2424,0.385,0.7002,0.9995
Zfp260,Zfp260,1997.1079,0.0741,0.1561,0.4744,0.6352,0.9995
Zfp266,Zfp266,2726.5625,0.0511,0.1244,0.4108,0.6812,0.9995
Zfp27,Zfp27,567.9574,-0.0478,0.0821,-0.5821,0.5605,0.9995
Zfp273,Zfp273,54.909,0.1163,0.2414,0.4816,0.6301,0.9995
Zfp275,Zfp275,2671.0975,0.0167,0.1539,0.1084,0.9137,0.9995
Zfp276,Zfp276,548.8137,-0.0638,0.0819,-0.779,0.436,0.9995
Zfp277,Zfp277,934.6514,-0.1147,0.0962,-1.1918,0.2333,0.9995
Zfp28,Zfp28,391.9124,0.0138,0.1045,0.132,0.895,0.9995
Zfp280b,Zfp280b,1026.9495,-0.011,0.0867,-0.1273,0.8987,0.9995
Zfp280c,Zfp280c,356.9835,0.101,0.1653,0.6107,0.5414,0.9995
Zfp280d,Zfp280d,516.9351,0.0793,0.1551,0.511,0.6093,0.9995
Zfp281,Zfp281,1267.0653,-0.0329,0.1191,-0.2763,0.7823,0.9995
Zfp282,Zfp282,1268.3207,0.0537,0.0724,0.7422,0.4579,0.9995
Zfp286,Zfp286,1.1417,-0.4781,1.5751,-0.3035,0.7615,0.9995
Zfp287,Zfp287,261.2736,0.0032,0.1515,0.0208,0.9834,0.9995
Zfp292,Zfp292,719.4947,-0.2243,0.1166,-1.9235,0.0544,0.9995
Zfp296,Zfp296,18.0397,0.61,0.3638,1.6767,0.0936,0.9995
Zfp3,Zfp3,195.389,-0.0179,0.1227,-0.1461,0.8839,0.9995
Zfp30,Zfp30,229.2993,-0.0069,0.1631,-0.0425,0.9661,0.9995
Zfp300,Zfp300,32.0183,0.2112,0.3233,0.6532,0.5136,0.9995
Zfp316,Zfp316,917.6455,-0.1406,0.097,-1.4502,0.147,0.9995
Zfp317,Zfp317,1277.2734,-0.0668,0.1161,-0.5758,0.5648,0.9995
Zfp318,Zfp318,1002.1758,0.0171,0.1424,0.1203,0.9042,0.9995
Zfp319,Zfp319,1687.685,-0.0543,0.0601,-0.9036,0.3662,0.9995
Zfp322a,Zfp322a,820.5916,0.3623,0.1976,1.8334,0.0667,0.9995
Zfp324,Zfp324,468.4292,-0.013,0.0982,-0.1322,0.8948,0.9995
Zfp326,Zfp326,974.9714,0.1276,0.1428,0.8935,0.3716,0.9995
Zfp329,Zfp329,222.3921,0.2111,0.1782,1.1847,0.2361,0.9995
Zfp330,Zfp330,3383.4971,0.0665,0.0875,0.7599,0.4473,0.9995
Zfp334,Zfp334,680.7131,-0.0499,0.0932,-0.5352,0.5925,0.9995
Zfp335,Zfp335,1545.4855,-0.0412,0.0669,-0.6161,0.5378,0.9995
Zfp341,Zfp341,154.6859,-0.0158,0.1417,-0.1117,0.911,0.9995
Zfp345,Zfp345,17.1382,0.1387,0.3599,0.3853,0.7,0.9995
Zfp346,Zfp346,3089.6981,0.087,0.058,1.4995,0.1337,0.9995
Zfp35,Zfp35,1134.9073,0.0308,0.0623,0.4946,0.6208,0.9995
Zfp354a,Zfp354a,209.3492,-0.0057,0.1725,-0.0328,0.9738,0.9995
Zfp354b,Zfp354b,18.4116,0.0798,0.3911,0.2041,0.8383,0.9995
Zfp354c,Zfp354c,733.1001,0.1636,0.1625,1.0069,0.314,0.9995
Zfp358,Zfp358,1168.5912,0.033,0.1048,0.3149,0.7529,0.9995
Zfp36,Zfp36,1066.0631,-0.0859,0.1307,-0.6572,0.5111,0.9995
Zfp362,Zfp362,1156.3587,-0.0044,0.0624,-0.0702,0.944,0.9995
Zfp365,Zfp365,1486.9877,-0.1215,0.1203,-1.0104,0.3123,0.9995
Zfp366,Zfp366,2.2887,-0.5111,1.3327,-0.3835,0.7014,0.9995
Zfp367,Zfp367,800.4122,-0.0781,0.0987,-0.7913,0.4288,0.9995
Zfp369,Zfp369,303.1252,-0.1009,0.153,-0.66,0.5093,0.9995
Zfp36l1,Zfp36l1,6561.5506,-0.2137,0.1779,-1.2014,0.2296,0.9995
Zfp36l2,Zfp36l2,5943.0484,-0.1607,0.0875,-1.8369,0.0662,0.9995
Zfp36l3,Zfp36l3,6.0705,-0.5562,0.8176,-0.6803,0.4963,0.9995
Zfp37,Zfp37,119.3418,0.1726,0.1796,0.9608,0.3367,0.9995
Zfp382,Zfp382,93.87,-0.1946,0.2271,-0.8569,0.3915,0.9995
Zfp383,Zfp383,422.3942,-0.0279,0.1225,-0.2278,0.8198,0.9995
Zfp384,Zfp384,1813.7793,0.008,0.0988,0.0814,0.9351,0.9995
Zfp385a,Zfp385a,1218.3766,0.0293,0.0692,0.4236,0.6719,0.9995
Zfp385b,Zfp385b,4.8131,-0.5025,0.7835,-0.6413,0.5213,0.9995
Zfp385c,Zfp385c,2.8515,0.1431,1.1513,0.1243,0.9011,0.9995
Zfp386,Zfp386,475.027,-0.0352,0.17,-0.207,0.836,0.9995
Zfp389,Zfp389,6.9854,0.1899,0.6108,0.3108,0.7559,0.9995
Zfp39,Zfp39,230.6812,-0.1222,0.1607,-0.7604,0.447,0.9995
Zfp395,Zfp395,1644.1732,0.0997,0.1894,0.5264,0.5986,0.9995
Zfp397,Zfp397,1026.4677,0.0635,0.1276,0.4981,0.6184,0.9995
Zfp398,Zfp398,227.1071,-0.2112,0.1212,-1.7424,0.0814,0.9995
Zfp40,Zfp40,92.3724,-0.2092,0.205,-1.0207,0.3074,0.9995
Zfp407,Zfp407,593.0415,-0.1691,0.1407,-1.2017,0.2295,0.9995
Zfp408,Zfp408,877.5378,0.0356,0.0924,0.3847,0.7004,0.9995
Zfp41,Zfp41,644.6635,-0.0203,0.0862,-0.2359,0.8135,0.9995
Zfp410,Zfp410,1583.0816,0.0478,0.075,0.6374,0.5239,0.9995
Zfp414,Zfp414,476.0144,0.1318,0.0935,1.409,0.1588,0.9995
Zfp418,Zfp418,99.2459,-0.115,0.1716,-0.6706,0.5025,0.9995
Zfp420,Zfp420,255.8469,0.0209,0.1373,0.1523,0.8789,0.9995
Zfp422,Zfp422,710.1293,-0.0402,0.132,-0.3043,0.7609,0.9995
Zfp423,Zfp423,12.2411,-0.1806,0.5735,-0.3149,0.7528,0.9995
Zfp426,Zfp426,901.4275,-0.0636,0.0839,-0.7586,0.4481,0.9995
Zfp428,Zfp428,229.2257,0.1732,0.1239,1.3985,0.162,0.9995
Zfp429,Zfp429,151.9916,-0.0564,0.154,-0.3665,0.714,0.9995
Zfp433,Zfp433,26.1533,-0.2358,0.2943,-0.8012,0.423,0.9995
Zfp438,Zfp438,240.41,-0.1338,0.1144,-1.1703,0.2419,0.9995
Zfp442,Zfp442,42.6635,-0.0762,0.2398,-0.3176,0.7508,0.9995
Zfp444,Zfp444,587.5351,0.0834,0.1225,0.6807,0.4961,0.9995
Zfp445,Zfp445,2439.6655,0.0588,0.141,0.4168,0.6768,0.9995
Zfp446,Zfp446,162.2779,-0.149,0.1424,-1.046,0.2955,0.9995
Zfp449,Zfp449,579.7793,-0.1103,0.1589,-0.6943,0.4875,0.9995
Zfp451,Zfp451,1325.3454,-0.0515,0.1704,-0.3021,0.7626,0.9995
Zfp454,Zfp454,26.6366,-0.0459,0.2706,-0.1696,0.8653,0.9995
Zfp455,Zfp455,50.8389,0.4219,0.3034,1.3908,0.1643,0.9995
Zfp456,Zfp456,81.61,0.1037,0.1837,0.5648,0.5722,0.9995
Zfp457,Zfp457,6.6219,0.5387,0.6261,0.8604,0.3896,0.9995
Zfp458,Zfp458,42.4347,-0.3035,0.2365,-1.2834,0.1994,0.9995
Zfp459,Zfp459,1.2591,-0.1313,1.1946,-0.1099,0.9125,0.9995
Zfp46,Zfp46,1291.0867,0.0348,0.0678,0.5138,0.6074,0.9995
Zfp462,Zfp462,630.7084,-0.0477,0.1149,-0.4152,0.678,0.9995
Zfp467,Zfp467,98.9239,0.0318,0.2173,0.1465,0.8835,0.9995
Zfp472,Zfp472,263.9904,-0.0634,0.1052,-0.6026,0.5468,0.9995
Zfp473,Zfp473,21.2403,0.3775,0.3118,1.2107,0.226,0.9995
Zfp474,Zfp474,4.9046,0.694,0.6705,1.0351,0.3006,0.9995
Zfp488,Zfp488,0.5675,0.2869,2.1116,0.1359,0.8919,0.9995
Zfp493,Zfp493,33.8334,0.3248,0.3647,0.8907,0.3731,0.9995
Zfp503,Zfp503,3034.9161,-0.1475,0.1007,-1.4639,0.1432,0.9995
Zfp507,Zfp507,1590.1822,-0.1066,0.064,-1.6654,0.0958,0.9995
Zfp51,Zfp51,158.3796,-0.0356,0.1383,-0.2572,0.797,0.9995
Zfp511,Zfp511,350.8563,-0.0824,0.1223,-0.6738,0.5004,0.9995
Zfp512,Zfp512,1379.2059,0.0125,0.0567,0.2196,0.8262,0.9995
Zfp513,Zfp513,1095.3992,0.0316,0.0719,0.4395,0.6603,0.9995
Zfp516,Zfp516,3140.7771,-0.0187,0.0583,-0.3203,0.7488,0.9995
Zfp518a,Zfp518a,98.8551,-0.3402,0.2184,-1.5575,0.1194,0.9995
Zfp518b,Zfp518b,658.6571,-0.149,0.1273,-1.1709,0.2416,0.9995
Zfp52,Zfp52,472.0025,0.215,0.242,0.8883,0.3744,0.9995
Zfp521,Zfp521,196.8081,-0.2242,0.1691,-1.3259,0.1849,0.9995
Zfp523,Zfp523,1329.7919,-0.0406,0.0849,-0.4778,0.6328,0.9995
Zfp524,Zfp524,286.1524,0.0268,0.1479,0.1811,0.8563,0.9995
Zfp526,Zfp526,387.0296,-0.0904,0.096,-0.9418,0.3463,0.9995
Zfp53,Zfp53,391.0248,-0.0082,0.1269,-0.0644,0.9487,0.9995
Zfp532,Zfp532,755.6145,-0.0864,0.0894,-0.9662,0.334,0.9995
Zfp536,Zfp536,4.0057,-0.6358,0.7544,-0.8427,0.3994,0.9995
Zfp54,Zfp54,100.347,0.29,0.1624,1.7855,0.0742,0.9995
Zfp551,Zfp551,87.8908,-0.258,0.1823,-1.4154,0.157,0.9995
Zfp553,Zfp553,862.4116,0.0146,0.0971,0.1501,0.8806,0.9995
Zfp558,Zfp558,84.0561,0.0254,0.1836,0.1383,0.89,0.9995
Zfp560,Zfp560,358.1017,0.1152,0.0977,1.1788,0.2385,0.9995
Zfp563,Zfp563,266.6286,-0.0099,0.1681,-0.0589,0.953,0.9995
Zfp566,Zfp566,176.5682,0.0235,0.1447,0.1626,0.8709,0.9995
Zfp568,Zfp568,2927.4558,-0.1042,0.2329,-0.4476,0.6545,0.9995
Zfp57,Zfp57,547.9115,-0.0021,0.1903,-0.0111,0.9911,0.9995
Zfp572,Zfp572,0.3441,-1.7844,2.6033,-0.6854,0.4931,0.9995
Zfp574,Zfp574,706.4409,0.0058,0.1013,0.057,0.9546,0.9995
Zfp575,Zfp575,12.3435,-0.0077,0.423,-0.0181,0.9855,0.9995
Zfp579,Zfp579,416.7566,-0.0991,0.1313,-0.755,0.4503,0.9995
Zfp58,Zfp58,258.5394,0.1607,0.1245,1.2907,0.1968,0.9995
Zfp580,Zfp580,153.1143,0.0885,0.162,0.5464,0.5848,0.9995
Zfp583,Zfp583,55.2211,0.0777,0.2643,0.294,0.7687,0.9995
Zfp59,Zfp59,293.791,0.0552,0.1053,0.5242,0.6001,0.9995
Zfp592,Zfp592,1431.8035,-0.1226,0.0612,-2.0015,0.0453,0.9995
Zfp593,Zfp593,160.2146,0.4088,0.2664,1.5345,0.1249,0.9995
Zfp595,Zfp595,127.0757,0.1552,0.1467,1.0584,0.2899,0.9995
Zfp597,Zfp597,357.3612,0.0908,0.2225,0.4081,0.6832,0.9995
Zfp598,Zfp598,2318.7957,0.0138,0.0814,0.1697,0.8653,0.9995
Zfp599,Zfp599,76.9479,0.2026,0.2241,0.9041,0.366,0.9995
Zfp60,Zfp60,618.9527,0.1011,0.1487,0.6796,0.4968,0.9995
Zfp605,Zfp605,265.2487,-0.0209,0.1438,-0.1454,0.8844,0.9995
Zfp606,Zfp606,306.8639,0.1368,0.1085,1.2603,0.2076,0.9995
Zfp607,Zfp607,119.6053,0.2297,0.1563,1.4696,0.1417,0.9995
Zfp608,Zfp608,1053.3966,-0.0796,0.0728,-1.0939,0.274,0.9995
Zfp609,Zfp609,2309.0641,-0.0441,0.1299,-0.3397,0.7341,0.9995
Zfp61,Zfp61,462.7271,-0.0386,0.1083,-0.3569,0.7212,0.9995
Zfp617,Zfp617,547.7495,0.2399,0.1481,1.62,0.1052,0.9995
Zfp618,Zfp618,0.6864,-1.7967,1.9018,-0.9447,0.3448,0.9995
Zfp619,Zfp619,32.9413,-0.1257,0.3503,-0.3588,0.7197,0.9995
Zfp62,Zfp62,1046.1998,0.0355,0.1139,0.3114,0.7555,0.9995
Zfp622,Zfp622,4050.9302,-0.0553,0.0805,-0.6868,0.4922,0.9995
Zfp623,Zfp623,1359.481,0.055,0.0749,0.7349,0.4624,0.9995
Zfp626,Zfp626,359.6168,0.1006,0.1605,0.6266,0.5309,0.9995
Zfp628,Zfp628,440.5668,-0.198,0.1338,-1.4796,0.139,0.9995
Zfp629,Zfp629,1015.486,0.042,0.1058,0.3974,0.691,0.9995
Zfp637,Zfp637,1371.0883,0.0248,0.0945,0.2623,0.7931,0.9995
Zfp638,Zfp638,968.2227,-0.021,0.1426,-0.1475,0.8827,0.9995
Zfp639,Zfp639,1390.5534,-0.0333,0.0755,-0.4405,0.6596,0.9995
Zfp64,Zfp64,869.531,0.0176,0.083,0.2121,0.832,0.9995
Zfp644,Zfp644,924.7954,0.0699,0.1661,0.4206,0.674,0.9995
Zfp646,Zfp646,1594.4821,-0.1091,0.1049,-1.0402,0.2982,0.9995
Zfp647,Zfp647,285.6978,-0.0612,0.101,-0.6052,0.545,0.9995
Zfp65,Zfp65,352.6395,0.1493,0.1572,0.9501,0.3421,0.9995
Zfp651,Zfp651,2031.7472,0.0068,0.0753,0.0906,0.9278,0.9995
Zfp652,Zfp652,519.5061,-0.1304,0.0961,-1.3565,0.1749,0.9995
Zfp652os,Zfp652os,10.2609,0.5368,0.5316,1.0099,0.3125,0.9995
Zfp653,Zfp653,272.0108,0.0394,0.0993,0.3961,0.692,0.9995
Zfp654,Zfp654,331.1249,0.0833,0.1247,0.6681,0.5041,0.9995
Zfp655,Zfp655,1626.7867,0.1515,0.1825,0.8305,0.4063,0.9995
Zfp658,Zfp658,246.9165,-0.0231,0.1331,-0.1736,0.8622,0.9995
Zfp661,Zfp661,243.8614,0.0755,0.209,0.361,0.7181,0.9995
Zfp664,Zfp664,4032.6796,-0.0467,0.0773,-0.605,0.5452,0.9995
Zfp667,Zfp667,208.1086,0.1396,0.2622,0.5322,0.5946,0.9995
Zfp668,Zfp668,382.7309,-0.0348,0.1043,-0.3333,0.7389,0.9995
Zfp672,Zfp672,686.5891,-0.0529,0.1025,-0.5166,0.6054,0.9995
Zfp677,Zfp677,42.0337,0.0444,0.2386,0.1861,0.8524,0.9995
Zfp68,Zfp68,1497.4162,-0.0025,0.1366,-0.0182,0.9855,0.9995
Zfp687,Zfp687,1385.6123,-0.0366,0.0784,-0.4666,0.6408,0.9995
Zfp688,Zfp688,265.4532,0.1576,0.1585,0.9944,0.32,0.9995
Zfp689,Zfp689,192.5605,-0.048,0.1144,-0.4199,0.6746,0.9995
Zfp69,Zfp69,71.0476,0.0248,0.1924,0.1291,0.8973,0.9995
Zfp691,Zfp691,260.4608,0.129,0.1036,1.2452,0.213,0.9995
Zfp692,Zfp692,260.6248,-0.0947,0.1371,-0.6906,0.4898,0.9995
Zfp697,Zfp697,710.86,-0.029,0.1288,-0.2251,0.8219,0.9995
Zfp7,Zfp7,577.1535,-0.0091,0.1206,-0.0755,0.9398,0.9995
Zfp703,Zfp703,1256.9834,-0.201,0.1805,-1.1138,0.2654,0.9995
Zfp704,Zfp704,891.8315,-0.4202,0.2191,-1.9182,0.0551,0.9995
Zfp706,Zfp706,6212.7807,0.0345,0.0552,0.6254,0.5317,0.9995
Zfp707,Zfp707,398.6986,0.0494,0.0903,0.5467,0.5846,0.9995
Zfp708,Zfp708,54.529,0.1873,0.2077,0.902,0.3671,0.9995
Zfp709,Zfp709,102.0797,0.0889,0.1774,0.501,0.6164,0.9995
Zfp710,Zfp710,449.5026,-0.1192,0.0788,-1.513,0.1303,0.9995
Zfp712,Zfp712,71.3953,0.1451,0.2817,0.5149,0.6066,0.9995
Zfp715,Zfp715,883.1269,-0.0778,0.0721,-1.0796,0.2803,0.9995
Zfp719,Zfp719,611.9815,-0.0783,0.1307,-0.5994,0.5489,0.9995
Zfp72,Zfp72,58.7406,0.0445,0.2146,0.2073,0.8357,0.9995
Zfp729a,Zfp729a,348.3192,-0.1573,0.1736,-0.9061,0.3649,0.9995
Zfp729b,Zfp729b,235.3283,-0.0198,0.1194,-0.1657,0.8684,0.9995
Zfp738,Zfp738,156.1748,-0.2383,0.1538,-1.5494,0.1213,0.9995
Zfp74,Zfp74,351.5903,-0.0065,0.1261,-0.0515,0.9589,0.9995
Zfp740,Zfp740,5457.4655,0.0488,0.1266,0.3857,0.6997,0.9995
Zfp746,Zfp746,1330.9828,-0.0166,0.0728,-0.228,0.8196,0.9995
Zfp747,Zfp747,352.5707,0.0634,0.1543,0.4111,0.681,0.9995
Zfp748,Zfp748,294.8653,-0.0513,0.1542,-0.3327,0.7393,0.9995
Zfp750,Zfp750,8.0181,0.4903,0.6462,0.7587,0.448,0.9995
Zfp758,Zfp758,65.5212,0.0009,0.2232,0.0042,0.9967,0.9995
Zfp759,Zfp759,132.7345,0.072,0.1664,0.4326,0.6653,0.9995
Zfp760,Zfp760,143.9992,0.2239,0.2637,0.8492,0.3958,0.9995
Zfp763,Zfp763,232.2235,0.0498,0.1775,0.2805,0.7791,0.9995
Zfp764,Zfp764,322.5704,0.0699,0.1214,0.5755,0.565,0.9995
Zfp768,Zfp768,762.7955,-0.0044,0.0738,-0.0596,0.9525,0.9995
Zfp770,Zfp770,552.8483,0.048,0.1745,0.2752,0.7831,0.9995
Zfp771,Zfp771,424.6817,-0.0833,0.0925,-0.9008,0.3677,0.9995
Zfp772,Zfp772,235.7589,0.0437,0.1049,0.4165,0.677,0.9995
Zfp773,Zfp773,11.7541,0.359,0.4264,0.8418,0.3999,0.9995
Zfp775,Zfp775,290.4544,0.0076,0.2161,0.035,0.9721,0.9995
Zfp777,Zfp777,963.766,0.0436,0.1003,0.4343,0.6641,0.9995
Zfp78,Zfp78,73.9426,-0.1473,0.1895,-0.7772,0.4371,0.9995
Zfp780b,Zfp780b,263.9772,0.0991,0.1574,0.6301,0.5286,0.9995
Zfp781,Zfp781,12.3385,0.3822,0.4982,0.7672,0.443,0.9995
Zfp783,Zfp783,1.9365,0.7611,1.2539,0.607,0.5439,0.9995
Zfp784,Zfp784,168.5266,0.0109,0.1879,0.058,0.9537,0.9995
Zfp786,Zfp786,35.4116,0.0983,0.2789,0.3524,0.7246,0.9995
Zfp787,Zfp787,579.7935,0.0495,0.0949,0.5216,0.602,0.9995
Zfp788,Zfp788,229.8884,-0.0471,0.1542,-0.3053,0.7602,0.9995
Zfp790,Zfp790,677.6817,0.0098,0.1002,0.0976,0.9223,0.9995
Zfp791,Zfp791,62.0831,0.0859,0.2048,0.4197,0.6747,0.9995
Zfp799,Zfp799,695.0614,-0.0556,0.1208,-0.4603,0.6453,0.9995
Zfp800,Zfp800,245.6071,-0.0898,0.1089,-0.8247,0.4095,0.9995
Zfp808,Zfp808,27.1123,-0.501,0.3058,-1.6381,0.1014,0.9995
Zfp809,Zfp809,230.7906,0.1713,0.1135,1.5089,0.1313,0.9995
Zfp81,Zfp81,123.5143,-0.1292,0.1907,-0.6777,0.498,0.9995
Zfp810,Zfp810,529.2804,-0.0571,0.1532,-0.3725,0.7095,0.9995
Zfp811,Zfp811,13.3827,0.4615,0.4306,1.0717,0.2839,0.9995
Zfp819,Zfp819,0.8012,0.5374,1.5183,0.354,0.7234,0.9995
Zfp82,Zfp82,232.824,-0.0255,0.1095,-0.2328,0.8159,0.9995
Zfp820,Zfp820,39.4444,-0.6208,0.2301,-2.698,0.007,0.9995
Zfp821,Zfp821,561.2271,-0.0016,0.0795,-0.0197,0.9843,0.9995
Zfp825,Zfp825,320.2353,-0.0566,0.1418,-0.3994,0.6896,0.9995
Zfp827,Zfp827,1450.2642,-0.1154,0.0777,-1.4851,0.1375,0.9995
Zfp830,Zfp830,926.8626,0.0152,0.0675,0.2258,0.8214,0.9995
Zfp839,Zfp839,391.4852,-0.0261,0.1113,-0.2341,0.8149,0.9995
Zfp84,Zfp84,703.2494,-0.0225,0.1618,-0.1388,0.8896,0.9995
Zfp846,Zfp846,263.4564,-0.07,0.1195,-0.5854,0.5583,0.9995
Zfp85,Zfp85,131.0563,0.0572,0.207,0.2764,0.7822,0.9995
Zfp850,Zfp850,76.3764,-0.0447,0.1952,-0.2291,0.8188,0.9995
Zfp85os,Zfp85os,9.4928,0.4629,0.5805,0.7974,0.4252,0.9995
Zfp862-ps,Zfp862-ps,2624.656,-0.0816,0.0801,-1.0196,0.3079,0.9995
Zfp865,Zfp865,714.0078,0.0045,0.0906,0.0491,0.9608,0.9995
Zfp866,Zfp866,716.8984,0.169,0.1515,1.1155,0.2647,0.9995
Zfp867,Zfp867,590.033,-0.0674,0.0962,-0.7008,0.4834,0.9995
Zfp868,Zfp868,533.4624,-0.0765,0.1009,-0.7582,0.4483,0.9995
Zfp869,Zfp869,1390.8798,-0.0856,0.0895,-0.9561,0.339,0.9995
Zfp87,Zfp87,560.8483,0.0803,0.0966,0.8311,0.4059,0.9995
Zfp870,Zfp870,284.3608,-0.0211,0.1033,-0.2043,0.8381,0.9995
Zfp871,Zfp871,1674.4728,-0.0192,0.2295,-0.0837,0.9333,0.9995
Zfp873,Zfp873,151.2349,0.0821,0.1726,0.4759,0.6341,0.9995
Zfp874a,Zfp874a,333.3943,0.1224,0.1867,0.6554,0.5122,0.9995
Zfp874b,Zfp874b,683.3109,0.0329,0.1916,0.1716,0.8637,0.9995
Zfp882,Zfp882,119.0693,0.2077,0.1502,1.3831,0.1666,0.9995
Zfp9,Zfp9,1195.9446,-0.0377,0.1471,-0.2566,0.7975,0.9995
Zfp90,Zfp90,601.9096,-0.0269,0.0738,-0.3641,0.7158,0.9995
Zfp91,Zfp91,4341.6606,-0.0362,0.1398,-0.2592,0.7955,0.9995
Zfp92,Zfp92,0.4566,0.2168,2.5723,0.0843,0.9328,0.9995
Zfp93,Zfp93,196.2345,-0.0424,0.1239,-0.3419,0.7325,0.9995
Zfp930,Zfp930,205.9888,0.131,0.1711,0.7655,0.444,0.9995
Zfp931,Zfp931,58.4914,0.0217,0.2641,0.0823,0.9344,0.9995
Zfp932,Zfp932,195.3016,0.0284,0.2095,0.1357,0.892,0.9995
Zfp933,Zfp933,196.7645,0.043,0.1707,0.252,0.801,0.9995
Zfp934,Zfp934,28.6773,-0.5199,0.2966,-1.7525,0.0797,0.9995
Zfp935,Zfp935,177.9254,-0.0093,0.1667,-0.0556,0.9557,0.9995
Zfp936,Zfp936,5.6019,-0.4347,0.6797,-0.6395,0.5225,0.9995
Zfp937,Zfp937,101.8347,0.265,0.1853,1.4299,0.1527,0.9995
Zfp938,Zfp938,269.3201,0.0902,0.1573,0.5737,0.5662,0.9995
Zfp939,Zfp939,62.1579,-0.0289,0.1876,-0.1539,0.8777,0.9995
Zfp94,Zfp94,211.9799,0.0973,0.1606,0.6054,0.5449,0.9995
Zfp940,Zfp940,163.595,-0.1148,0.1452,-0.7905,0.4292,0.9995
Zfp941,Zfp941,18.1601,-0.1379,0.3501,-0.394,0.6936,0.9995
Zfp942,Zfp942,136.2601,-0.2192,0.1663,-1.3177,0.1876,0.9995
Zfp943,Zfp943,185.3746,-0.2811,0.1596,-1.7612,0.0782,0.9995
Zfp944,Zfp944,269.0528,-0.0426,0.1321,-0.3224,0.7471,0.9995
Zfp945,Zfp945,364.5998,-0.0993,0.0959,-1.0356,0.3004,0.9995
Zfp946,Zfp946,100.063,-0.1235,0.1673,-0.7385,0.4602,0.9995
Zfp947,Zfp947,23.4455,-0.1867,0.3225,-0.5788,0.5627,0.9995
Zfp948,Zfp948,182.6495,0.0167,0.1702,0.0979,0.922,0.9995
Zfp949,Zfp949,453.1387,0.0273,0.1115,0.2446,0.8068,0.9995
Zfp950,Zfp950,294.6975,-0.09,0.113,-0.7965,0.4258,0.9995
Zfp951,Zfp951,31.8692,0.2465,0.2953,0.8347,0.4039,0.9995
Zfp952,Zfp952,516.8858,0.0111,0.1243,0.0892,0.9289,0.9995
Zfp953,Zfp953,107.538,-0.1076,0.1654,-0.6503,0.5155,0.9995
Zfp954,Zfp954,449.488,0.0029,0.1176,0.0246,0.9804,0.9995
Zfp955a,Zfp955a,527.7731,0.1665,0.1608,1.0352,0.3006,0.9995
Zfp955b,Zfp955b,343.8535,0.1251,0.1088,1.1497,0.2502,0.9995
Zfp956,Zfp956,168.6494,0.0846,0.1417,0.5972,0.5503,0.9995
Zfp957,Zfp957,1.146,0.1284,1.245,0.1031,0.9179,0.9995
Zfp958,Zfp958,294.8958,0.234,0.1358,1.7225,0.085,0.9995
Zfp959,Zfp959,198.265,0.1165,0.1774,0.6567,0.5114,0.9995
Zfp960,Zfp960,83.1904,0.1134,0.2018,0.5619,0.5742,0.9995
Zfp961,Zfp961,273.5687,0.1577,0.1258,1.2539,0.2099,0.9995
Zfp963,Zfp963,190.1736,0.058,0.1687,0.344,0.7309,0.9995
Zfp964,Zfp964,78.053,-0.0185,0.1752,-0.1056,0.9159,0.9995
Zfp97,Zfp97,16.0048,-0.1919,0.3826,-0.5015,0.616,0.9995
Zfpl1,Zfpl1,1208.0931,-0.0237,0.0766,-0.3094,0.757,0.9995
Zfpm1,Zfpm1,646.3065,-0.0788,0.1411,-0.5586,0.5764,0.9995
Zfpm2,Zfpm2,676.4317,-0.2762,0.1873,-1.4745,0.1404,0.9995
Zfr,Zfr,4286.011,-0.0638,0.149,-0.4282,0.6685,0.9995
Zfr2,Zfr2,81.2599,-0.1603,0.1848,-0.8672,0.3858,0.9995
Zfx,Zfx,1056.6314,0.0936,0.1706,0.5487,0.5832,0.9995
Zfyve1,Zfyve1,2650.2883,-0.0164,0.1114,-0.1475,0.8827,0.9995
Zfyve16,Zfyve16,911.784,0.0741,0.1925,0.3849,0.7003,0.9995
Zfyve19,Zfyve19,764.5194,-0.021,0.0816,-0.2573,0.7969,0.9995
Zfyve21,Zfyve21,1098.0943,0.0071,0.0653,0.1092,0.913,0.9995
Zfyve26,Zfyve26,1470.6172,-0.0576,0.1429,-0.4029,0.687,0.9995
Zfyve27,Zfyve27,1362.9276,-0.0197,0.0837,-0.236,0.8134,0.9995
Zfyve28,Zfyve28,3.1954,0.1583,1.093,0.1448,0.8849,0.9995
Zfyve9,Zfyve9,744.4945,-0.0224,0.1179,-0.1903,0.849,0.9995
Zglp1,Zglp1,9.2625,0.3859,0.4895,0.7884,0.4305,0.9995
Zgpat,Zgpat,943.8452,-0.1083,0.0691,-1.5674,0.117,0.9995
Zgrf1,Zgrf1,198.5408,-0.0127,0.2584,-0.0491,0.9608,0.9995
Zhx1,Zhx1,1156.5786,-0.0277,0.1773,-0.1564,0.8757,0.9995
Zhx2,Zhx2,1548.8238,0.0504,0.0889,0.5674,0.5704,0.9995
Zhx3,Zhx3,835.6352,-0.2257,0.1756,-1.2852,0.1987,0.9995
Zic1,Zic1,677.9745,0.0934,0.2009,0.465,0.6419,0.9995
Zic2,Zic2,0.6882,2.0965,2.3525,0.8912,0.3728,0.9995
Zic4,Zic4,31.9859,-0.0853,0.2633,-0.324,0.746,0.9995
Zik1,Zik1,300.0863,-0.0364,0.1319,-0.2758,0.7827,0.9995
Zim1,Zim1,267.8544,-0.3278,0.2966,-1.1052,0.2691,0.9995
Zkscan1,Zkscan1,2154.5885,-0.0921,0.1328,-0.6934,0.4881,0.9995
Zkscan14,Zkscan14,275.7556,0.1104,0.1772,0.6232,0.5331,0.9995
Zkscan16,Zkscan16,1.3702,1.5974,1.3427,1.1897,0.2342,0.9995
Zkscan17,Zkscan17,2138.7043,0.0269,0.109,0.247,0.8049,0.9995
Zkscan3,Zkscan3,1986.5484,-0.0266,0.0735,-0.3615,0.7177,0.9995
Zkscan4,Zkscan4,12.7733,0.275,0.5439,0.5057,0.6131,0.9995
Zkscan5,Zkscan5,846.4362,0.0767,0.0662,1.1575,0.2471,0.9995
Zkscan6,Zkscan6,560.1311,-0.0665,0.0883,-0.753,0.4514,0.9995
Zkscan7,Zkscan7,99.6121,-0.107,0.1902,-0.5628,0.5736,0.9995
Zkscan8,Zkscan8,730.5087,0.1318,0.1569,0.8403,0.4007,0.9995
Zmat1,Zmat1,148.5446,-0.1238,0.1655,-0.7481,0.4544,0.9995
Zmat2,Zmat2,2929.9473,0.0493,0.065,0.7585,0.4482,0.9995
Zmat3,Zmat3,3440.0304,0.2521,0.1816,1.3879,0.1652,0.9995
Zmat5,Zmat5,622.1219,-0.0601,0.0748,-0.8039,0.4215,0.9995
Zmiz1,Zmiz1,7382.8176,-0.0862,0.08,-1.0781,0.281,0.9995
Zmiz2,Zmiz2,2178.7057,-0.0109,0.0568,-0.1914,0.8482,0.9995
Zmpste24,Zmpste24,4888.1656,-0.0762,0.1046,-0.7287,0.4662,0.9995
Zmym1,Zmym1,561.1084,0.0125,0.1497,0.0831,0.9337,0.9995
Zmym2,Zmym2,3102.8355,-0.0116,0.1444,-0.08,0.9362,0.9995
Zmym3,Zmym3,1663.0794,-0.0835,0.0795,-1.0503,0.2936,0.9995
Zmym4,Zmym4,1570.7516,-0.0718,0.1806,-0.3977,0.6909,0.9995
Zmym5,Zmym5,1146.3081,0.1621,0.1206,1.3443,0.1789,0.9995
Zmynd10,Zmynd10,17.9403,0.0938,0.3693,0.2539,0.7996,0.9995
Zmynd11,Zmynd11,3798.3511,-0.0758,0.1128,-0.6723,0.5014,0.9995
Zmynd12,Zmynd12,1.7184,0.19,1.2376,0.1535,0.878,0.9995
Zmynd15,Zmynd15,69.8633,-0.0841,0.2399,-0.3507,0.7258,0.9995
Zmynd19,Zmynd19,778.9616,0.0263,0.0974,0.2702,0.787,0.9995
Zmynd8,Zmynd8,3734.3172,-0.2157,0.133,-1.6222,0.1048,0.9995
Znf512b,Znf512b,1211.3592,0.0056,0.0921,0.0605,0.9517,0.9995
Znfx1,Znfx1,3658.2411,-0.0507,0.0545,-0.9312,0.3518,0.9995
Znhit1,Znhit1,1003.9828,0.0964,0.0964,1.0002,0.3172,0.9995
Znhit2,Znhit2,572.8943,0.1762,0.1074,1.6397,0.1011,0.9995
Znhit3,Znhit3,393.9045,0.0894,0.1322,0.6767,0.4986,0.9995
Znhit6,Znhit6,932.7033,-0.0117,0.1567,-0.0747,0.9405,0.9995
Znrd1,Znrd1,745.1601,0.0544,0.091,0.5977,0.5501,0.9995
Znrd1as,Znrd1as,261.8694,-0.0336,0.119,-0.2826,0.7775,0.9995
Znrf1,Znrf1,2249.6615,0.0081,0.1379,0.0588,0.9531,0.9995
Znrf2,Znrf2,1529.6988,-0.1197,0.1222,-0.9795,0.3273,0.9995
Znrf3,Znrf3,711.8559,-0.1595,0.1308,-1.2187,0.223,0.9995
Zp1,Zp1,0.4574,1.4317,2.0658,0.693,0.4883,0.9995
Zp3r,Zp3r,0.6862,1.1085,1.7458,0.635,0.5255,0.9995
Zpld1,Zpld1,2.2902,0.3184,0.96,0.3316,0.7402,0.9995
Zpr1,Zpr1,2404.9148,0.0555,0.1578,0.3515,0.7252,0.9995
Zranb1,Zranb1,825.3097,0.089,0.1471,0.6053,0.545,0.9995
Zranb2,Zranb2,2196.3343,0.1499,0.1625,0.9225,0.3563,0.9995
Zranb3,Zranb3,354.2987,-0.2721,0.1664,-1.635,0.1021,0.9995
Zrsr1,Zrsr1,1019.4973,0.0575,0.129,0.446,0.6556,0.9995
Zrsr2,Zrsr2,1297.1028,-0.0131,0.0841,-0.1552,0.8767,0.9995
Zscan10,Zscan10,0.4566,-1.0543,2.5212,-0.4182,0.6758,0.9995
Zscan12,Zscan12,460.0947,0.0052,0.0932,0.0563,0.9551,0.9995
Zscan18,Zscan18,25.8196,0.019,0.4049,0.0469,0.9626,0.9995
Zscan2,Zscan2,245.7866,0.1283,0.1292,0.9928,0.3208,0.9995
Zscan20,Zscan20,338.7234,0.0255,0.1553,0.1641,0.8697,0.9995
Zscan21,Zscan21,1080.1789,0.0038,0.0743,0.0505,0.9597,0.9995
Zscan22,Zscan22,376.0031,-0.0529,0.0962,-0.5497,0.5825,0.9995
Zscan25,Zscan25,501.9154,-0.0465,0.0896,-0.519,0.6037,0.9995
Zscan26,Zscan26,1228.0129,-0.0671,0.1456,-0.4607,0.645,0.9995
Zscan29,Zscan29,764.5653,-0.0066,0.0968,-0.0678,0.946,0.9995
Zswim1,Zswim1,641.1699,0.0954,0.104,0.917,0.3592,0.9995
Zswim2,Zswim2,1.2621,-1.7187,1.8899,-0.9094,0.3632,0.9995
Zswim3,Zswim3,310.5824,0.0913,0.15,0.6087,0.5428,0.9995
Zswim4,Zswim4,3047.1681,0.0505,0.0891,0.5675,0.5704,0.9995
Zswim5,Zswim5,1.0262,0.2334,1.3629,0.1713,0.864,0.9995
Zswim6,Zswim6,941.7977,-0.0417,0.1496,-0.2788,0.7804,0.9995
Zswim7,Zswim7,328.5667,0.0222,0.1397,0.1591,0.8736,0.9995
Zswim8,Zswim8,6738.6161,-0.0006,0.0962,-0.0063,0.9949,0.9995
Zufsp,Zufsp,327.5003,-0.0389,0.1462,-0.2661,0.7901,0.9995
Zw10,Zw10,1011.3536,0.0822,0.1307,0.6287,0.5295,0.9995
Zwilch,Zwilch,371.1526,-0.1225,0.3771,-0.3247,0.7454,0.9995
Zwint,Zwint,4049.7808,-0.011,0.0973,-0.1131,0.91,0.9995
Zxda,Zxda,218.7452,-0.1785,0.1586,-1.1255,0.2604,0.9995
Zxdb,Zxdb,240.28,-0.177,0.1817,-0.9741,0.33,0.9995
Zxdc,Zxdc,1159.0029,-0.0205,0.0793,-0.2592,0.7955,0.9995
Zyg11b,Zyg11b,2951.4487,-0.0285,0.1086,-0.2621,0.7932,0.9995
Zyx,Zyx,22934.7972,-0.0039,0.0908,-0.0434,0.9654,0.9995
Zzef1,Zzef1,2221.3149,-0.0888,0.0763,-1.164,0.2444,0.9995
Zzz3,Zzz3,2422.0052,-0.1007,0.1172,-0.8594,0.3901,0.9995
