"gene_id","baseMean","log2FoldChange","lfcSE","pvalue","padj","significant","direction"
"Gene0035",103.879723813235,1.73708326462592,0.247424068089792,1.32530493285555e-13,1.31072657859414e-10,TRUE,"Up in treated"
"Gene0043",2367.90689202682,1.64180677393708,0.25051989476308,2.11336736089863e-12,1.04506015996437e-09,TRUE,"Up in treated"
"Gene0008",198.889283599712,1.93337234607259,0.300217701752396,3.28653884161595e-12,1.08346230478606e-09,TRUE,"Up in treated"
"Gene0014",104.205482146885,1.73453898274619,0.280533070477844,2.27345671203798e-11,4.76222570249697e-09,TRUE,"Up in treated"
"Gene0054",93.9571070011269,1.62109412169042,0.260455505400134,2.40759641177804e-11,4.76222570249697e-09,TRUE,"Up in treated"
"Gene0012",43.7387801409843,1.89956368178105,0.315387458976632,8.51268112114458e-11,1.403173604802e-08,TRUE,"Up in treated"
"Gene0042",191.323640139709,1.56207618355508,0.262944849662806,1.08858808490212e-10,1.53801945138314e-08,TRUE,"Up in treated"
"Gene0003",132.372729409403,1.49873528785088,0.258999463753962,3.55523748601271e-10,4.39516234208321e-08,TRUE,"Up in treated"
"Gene0098",160.199863191009,-1.62120216692325,0.283891051082544,4.61827766564506e-10,4.56747661132297e-08,TRUE,"Down in treated"
"Gene0100",37.2821933361027,-1.89987994891242,0.329259620280448,4.28392816090189e-10,4.56747661132297e-08,TRUE,"Down in treated"
"Gene0004",210.278191366396,1.49460932490032,0.268320897661206,1.08740645088063e-09,9.77677254473587e-08,TRUE,"Up in treated"
"Gene0040",102.615129112221,1.58487318974003,0.290516984191479,2.73242922241845e-09,2.2519770841432e-07,TRUE,"Up in treated"
"Gene0006",152.378197850743,1.683665766093,0.313080755764424,3.58754989178465e-09,2.72929757151924e-07,TRUE,"Up in treated"
"Gene0049",233.563747448898,1.57251587910654,0.298448819010941,5.22132323984852e-09,3.68849191729299e-07,TRUE,"Up in treated"
"Gene0062",153.999950606302,-1.39271212121392,0.277540703368912,2.22248281742929e-08,1.46535700429171e-06,TRUE,"Down in treated"
"Gene0038",113.540957424668,1.35100731353467,0.271801529470211,3.80778899614075e-08,2.3536895732395e-06,TRUE,"Up in treated"
"Gene0085",166.00787583625,-1.29925732491154,0.276793387732423,1.07455508686402e-07,6.25138224063831e-06,TRUE,"Down in treated"
"Gene0021",48.4552415720921,1.34393110831559,0.28770159307581,1.6523303856675e-07,9.07863750791757e-06,TRUE,"Up in treated"
"Gene0017",111.134099642956,1.45449235899971,0.320837131766495,2.64493701824934e-07,1.32714267004964e-05,TRUE,"Up in treated"
"Gene0057",39.529435531367,1.61494315273533,0.362766094392971,2.81799758048962e-07,1.32714267004964e-05,TRUE,"Up in treated"
"Gene0086",36.8156256178688,-1.52657582197889,0.335438596700366,2.73135637688548e-07,1.32714267004964e-05,TRUE,"Down in treated"
"Gene0026",122.000045604693,1.33871674043086,0.294511995179118,2.99991841842964e-07,1.34859968901223e-05,TRUE,"Up in treated"
"Gene0034",197.611125765109,1.58162275748188,0.359465982547656,3.36948113034145e-07,1.39722544424307e-05,TRUE,"Up in treated"
"Gene0059",116.833405394399,1.27900981544088,0.287249032638785,3.39063808511968e-07,1.39722544424307e-05,TRUE,"Up in treated"
"Gene0015",223.306735824,1.5343700133399,0.345279820271423,3.90676848553644e-07,1.48607462776751e-05,TRUE,"Up in treated"
"Gene0058",197.960265894901,1.50746985031054,0.337726724440154,3.80549834618643e-07,1.48607462776751e-05,TRUE,"Up in treated"
"Gene0070",200.84153727579,-1.2439774838944,0.278938578513914,4.73451976080779e-07,1.73423705312552e-05,TRUE,"Down in treated"
"Gene0097",98.0580672289949,-1.36197821282771,0.315162307304014,6.9498299298947e-07,2.45477921452352e-05,TRUE,"Down in treated"
"Gene0039",29.3341733030369,1.60199697518752,0.36958645003208,7.51686563849963e-07,2.56351038499177e-05,TRUE,"Up in treated"
"Gene0073",66.4059315070487,-1.23193755733096,0.286140167753436,9.60663057180453e-07,3.16698587850489e-05,TRUE,"Down in treated"
"Gene0093",71.8617215891949,-1.15722849951806,0.279189731898258,2.03559812550038e-06,6.49421466490282e-05,TRUE,"Down in treated"
"Gene0005",71.6169808778938,1.61962729662456,0.407962786685462,2.76022277606876e-06,8.53081351728751e-05,TRUE,"Up in treated"
"Gene0090",131.591402409843,-1.42600260457905,0.371285865643821,3.68608426448647e-06,0.000110470828411428,TRUE,"Down in treated"
"Gene0074",67.1164608314273,-1.25202159223252,0.314540694343943,4.11588552008737e-06,0.000119723846451953,TRUE,"Down in treated"
"Gene0075",473.120664703359,-1.18911243351206,0.302614216380518,4.33590296348004e-06,0.000122520229453764,TRUE,"Down in treated"
"Gene0078",52.6539180167537,-1.25710504728032,0.327361507840187,5.82378343723137e-06,0.000159992272761717,TRUE,"Down in treated"
"Gene0010",232.113802817461,1.42844411543855,0.376607695423165,6.76500746744767e-06,0.00018082682122448,TRUE,"Up in treated"
"Gene0002",265.129149227083,1.373040821339,0.371397800111007,1.10540051448355e-05,0.000287695028637955,TRUE,"Up in treated"
"Gene0053",68.6063448982479,1.31082579071329,0.359773566377356,1.3862086199612e-05,0.000351528288497854,TRUE,"Up in treated"
"Gene0051",264.497667590056,1.10298347188889,0.300935289033403,1.46976648283935e-05,0.00036339976288203,TRUE,"Up in treated"
"Gene0079",16.7713094745018,-1.46371564050065,0.40264408177898,1.51328765754961e-05,0.000365034510565016,TRUE,"Down in treated"
"Gene0099",62.183980845453,-1.04836424730651,0.287610833306187,1.62025274721853e-05,0.000381530944523602,TRUE,"Down in treated"
"Gene0092",45.648985584264,-1.21727204564149,0.343195954653944,2.01173888257764e-05,0.000462699942992857,TRUE,"Down in treated"
"Gene0036",124.399367923957,1.25523370188526,0.363004798716679,2.12278030046177e-05,0.000477143117535611,TRUE,"Up in treated"
"Gene0095",30.1521444989277,-1.33744189779861,0.384550476406501,2.33862669542883e-05,0.000513978178173135,TRUE,"Down in treated"
"Gene0080",58.5330572237955,-1.07593080969924,0.308346220954837,2.8339498005131e-05,0.000609299207110317,TRUE,"Down in treated"
"Gene0052",83.4277420899305,1.16264538913092,0.338924020854939,3.2651859808686e-05,0.00068707849682533,TRUE,"Up in treated"
"Gene0067",63.9621371418203,-1.21493228856566,0.370643419279683,3.61038131835882e-05,0.000743888984136848,TRUE,"Down in treated"
"Gene0025",367.265939488921,1.22891978184874,0.387161926744384,4.7069167778033e-05,0.000950028712907645,TRUE,"Up in treated"
"Gene0047",115.401538116489,1.0456514223221,0.311082398330285,5.24634144482e-05,0.0010173787625347,TRUE,"Up in treated"
"Gene0060",88.6792190603333,1.02884111056307,0.306228903447055,5.20501728490503e-05,0.0010173787625347,TRUE,"Up in treated"
"Gene0023",660.091362864679,1.11318828459363,0.343345366984198,5.66927369301456e-05,0.00107825224661373,TRUE,"Up in treated"
"Gene0066",151.641474879112,-0.959666456125827,0.299890890349962,7.31363754369687e-05,0.00136475236428608,FALSE,"Not significant"
"Gene0065",40.1451196425292,-1.03313221114068,0.324381373642336,9.7210231972745e-05,0.00178038739668601,TRUE,"Down in treated"
"Gene0022",421.525901519791,1.0957331062168,0.357410456237272,0.00011273921498824,0.00202725606587944,TRUE,"Up in treated"
"Gene0064",14.390669402893,-1.39311971597207,0.456645324210439,0.000115383599033754,0.00203775677579254,TRUE,"Down in treated"
"Gene0007",197.761647564928,0.900624386902121,0.29132331773113,0.000153039749947281,0.00265537390698002,FALSE,"Not significant"
"Gene0030",341.177669926131,0.810860926640978,0.260057966391381,0.000160091595796406,0.00272983772832148,FALSE,"Not significant"
"Gene0056",199.271409768257,0.927711537032446,0.309829407770824,0.000190146875510651,0.00318737728610227,FALSE,"Not significant"
"Gene0041",67.0628305337388,0.967317762621228,0.328110579044769,0.000218490055860148,0.00360144442076143,FALSE,"Not significant"
"Gene0077",132.61546211635,-1.10690771019719,0.401545963024883,0.000237353000250244,0.00384823143028674,TRUE,"Down in treated"
"Gene0076",37.1378019767538,-1.00604314910171,0.349958172083776,0.00024381624516574,0.00388926236240188,TRUE,"Down in treated"
"Gene0020",42.5371946818944,1.0857638544305,0.386299724351937,0.000257144236222765,0.00403675634324309,TRUE,"Up in treated"
"Gene0087",48.3725915495143,-1.00974252636846,0.383717502658014,0.000492025109194297,0.00748635127681785,TRUE,"Down in treated"
"Gene0088",38.092157839386,-0.889246271149746,0.328956807339421,0.000486265481591982,0.00748635127681785,FALSE,"Not significant"
"Gene0045",259.588305686665,0.898312176135802,0.34308951116868,0.000516348295146187,0.00773740096817544,FALSE,"Not significant"
"Gene0055",36.5341224829755,0.919728967927992,0.349942134276733,0.000566947335598085,0.00836881962547024,FALSE,"Not significant"
"Gene0091",213.332825429833,-0.805131768869749,0.297500427534091,0.000583898347812672,0.00849228626451077,FALSE,"Not significant"
"Gene0050",201.902185039401,0.845982674497,0.323597740143294,0.000688765599776049,0.00987230693012337,FALSE,"Not significant"
"Gene0046",1854.94996351046,0.918838985251235,0.360130176420618,0.000726155899038998,0.010259545487851,FALSE,"Not significant"
"Gene0001",15.9286093126547,1.0571568849654,0.43020161862999,0.000748650154944181,0.010428380327321,TRUE,"Up in treated"
"Gene0089",184.072398737316,-0.674049325479102,0.256847503950868,0.000975562845050913,0.013400439635491,FALSE,"Not significant"
"Gene0063",20.2187307133879,-0.890708852194305,0.375439584622504,0.00122957468860652,0.0166582105072856,FALSE,"Not significant"
"Gene0048",71.4795590760886,0.903024244244933,0.392296091721207,0.00130722891445964,0.0174709377891971,FALSE,"Not significant"
"Gene0094",85.2741417211655,-0.715369676614512,0.318294116320509,0.00195764668096927,0.0258148342330481,FALSE,"Not significant"
"Gene0430",44.2913619506801,0.702316725430811,0.323596581557162,0.00285553982240429,0.0371595905836558,FALSE,"Not significant"
"Gene0240",78.4406443018152,-0.67203730199622,0.31589524944236,0.00317677299120284,0.0405554579145049,FALSE,"Not significant"
"Gene0725",36.8495863818297,0.70965503609362,0.346143798021183,0.00319850931984973,0.0405554579145049,FALSE,"Not significant"
"Gene0033",15.7209026007235,0.813591039042053,0.414577988970199,0.00330517596060934,0.041377456013198,FALSE,"Not significant"
"Gene0029",35.7473415727333,0.735946073268772,0.3580785463806,0.00336714393104327,0.0416263168475224,FALSE,"Not significant"
"Gene0024",43.190320893636,0.785076903139094,0.418138468685492,0.00378390237144772,0.0462009808069357,FALSE,"Not significant"
"Gene0084",124.347477423945,-0.676203558763084,0.344342150089907,0.00399407141623042,0.0478636945320105,FALSE,"Not significant"
"Gene0096",16.180727263945,-0.756025873846084,0.3887047619681,0.00401687224080574,0.0478636945320105,FALSE,"Not significant"
"Gene0072",27.9122451292009,-0.729378189239417,0.38701785495259,0.00429878057527499,0.0506130236779401,FALSE,"Not significant"
"Gene0071",110.145296671109,-0.640334837347935,0.333688519117128,0.00497310171866774,0.0578635011736753,FALSE,"Not significant"
"Gene0848",44.4460541136983,0.586652336718162,0.304608296135207,0.00676846849335286,0.0778373876735579,FALSE,"Not significant"
"Gene0032",189.064696990589,0.655523207674003,0.384214910781326,0.00701088357253185,0.0796984350946436,FALSE,"Not significant"
"Gene0031",561.522547018071,0.620416195417619,0.393903949683437,0.00758961854477138,0.0852969629633966,FALSE,"Not significant"
"Gene0019",63.7793324358623,0.608293752590033,0.345795906647281,0.00823921770325273,0.0915571495338984,FALSE,"Not significant"
"Gene0827",93.3937454795374,-0.568857124736489,0.328308892390395,0.00860044389198869,0.0945093223241868,FALSE,"Not significant"
"Gene0440",249.906854231172,-0.471690439903627,0.244480279104672,0.0096402061997904,0.104771032215304,FALSE,"Not significant"
"Gene0082",137.11233816926,-0.474748236167939,0.247316262874066,0.0101603998756355,0.109224298663082,FALSE,"Not significant"
"Gene0908",141.504221047669,0.539587158187064,0.309398676393415,0.0107410960796776,0.114225204546249,FALSE,"Not significant"
"Gene0134",102.480658201823,0.540188477186448,0.325940933021484,0.0116998760174119,0.12180186717074,FALSE,"Not significant"
"Gene0368",42.5986182243878,0.54349796129766,0.324694576611865,0.0116832958815239,0.12180186717074,FALSE,"Not significant"
"Gene0061",10.301452825219,-0.651902171911072,0.469130663149343,0.0123795860479861,0.124956880337564,FALSE,"Not significant"
"Gene0199",41.9509378610538,-0.561151194941717,0.354098462111022,0.0123819760091822,0.124956880337564,FALSE,"Not significant"
"Gene0751",125.594983481564,-0.587681253592075,0.4442918433315,0.0123290635177461,0.124956880337564,FALSE,"Not significant"
"Gene0228",402.853804234105,0.561524280858678,0.385172957814716,0.0126514926882413,0.125306402650632,FALSE,"Not significant"
"Gene0349",411.5828108757,-0.559255714247891,0.395030592371878,0.0127051251143645,0.125306402650632,FALSE,"Not significant"
"Gene0778",49.6021647943442,0.525202216507038,0.312368892224932,0.0127967104830272,0.125306402650632,FALSE,"Not significant"
"Gene0222",113.521514362166,-0.483031255340399,0.279329562065229,0.0135117840608033,0.131011318001319,FALSE,"Not significant"
"Gene0471",702.801697717938,-0.445135912678351,0.242156386906258,0.0138203257564617,0.132701962846025,FALSE,"Not significant"
"Gene0081",88.6870269102603,-0.556177015398566,0.388109471206184,0.0154102282446199,0.146545343595472,FALSE,"Not significant"
"Gene0152",152.10720172977,-0.438909096863905,0.245874824877463,0.0155683070739945,0.14663862567791,FALSE,"Not significant"
"Gene0279",52.1976844114439,0.543669844325129,0.372832227203158,0.016137097493806,0.150562164352586,FALSE,"Not significant"
"Gene0656",49.2711949831676,0.447672488016379,0.259389416804588,0.0168402544706897,0.155654314687029,FALSE,"Not significant"
"Gene0009",558.567904739466,0.460306578861445,0.282080754979859,0.0171539930608866,0.157086103122378,FALSE,"Not significant"
"Gene0579",13.7200623614184,0.560858451367951,0.423478395923233,0.0174647148604646,0.158464247678894,FALSE,"Not significant"
"Gene0746",33.2221533162881,-0.473310244972943,0.305422747496748,0.0195116590448278,0.175427552684861,FALSE,"Not significant"
"Gene0757",75.6398322871876,-0.468321532021773,0.32028347633173,0.0213210730922628,0.189968840434666,FALSE,"Not significant"
"Gene0139",231.469205917893,-0.380020077147612,0.217721878413365,0.0224175606023795,0.197955066390654,FALSE,"Not significant"
"Gene0166",26.8915262861594,-0.486763342154343,0.3759289677335,0.0234795180503364,0.20391929766959,FALSE,"Not significant"
"Gene0871",197.667375554252,-0.402907990365572,0.244079714197576,0.0235053588820356,0.20391929766959,FALSE,"Not significant"
"Gene0013",54.4309067882474,0.438515805143709,0.287902621086258,0.0238724415290307,0.204329295104915,FALSE,"Not significant"
"Gene0193",186.854078979901,-0.419674928865887,0.274957531452811,0.0239658222772195,0.204329295104915,FALSE,"Not significant"
"Gene0266",177.765673142207,-0.405428673613425,0.253410336601873,0.0247983002975001,0.209619820463483,FALSE,"Not significant"
"Gene0028",78.9222507952517,0.431914253432093,0.325908589870393,0.0307307998532151,0.2575657716511,FALSE,"Not significant"
"Gene0255",22.7126274921955,-0.422109100602633,0.308138526384211,0.0325633413836968,0.270631467466186,FALSE,"Not significant"
"Gene0044",36.4438663242996,0.432484805276974,0.371389386944474,0.0335702026696123,0.276273646459743,FALSE,"Not significant"
"Gene0448",45.5932604301109,0.429072843819774,0.371999654063062,0.033800921356551,0.276273646459743,FALSE,"Not significant"
"Gene0652",282.147639151518,-0.395811099205148,0.299608823986932,0.0343824584437317,0.27872337213812,FALSE,"Not significant"
"Gene0529",164.202610216425,0.391048593728048,0.278913718126946,0.0349329490522026,0.279815148174209,FALSE,"Not significant"
"Gene0532",56.6995386683223,-0.383329229991533,0.262411180838942,0.0352128439732717,0.279815148174209,FALSE,"Not significant"
"Gene0603",46.1704169955656,0.428100616354729,0.349461631765335,0.0353659186266694,0.279815148174209,FALSE,"Not significant"
"Gene0741",24.6913182410434,0.427980729053213,0.39040993986688,0.0361669337210737,0.283881725794777,FALSE,"Not significant"
"Gene0304",316.210006852043,-0.386529230318327,0.303398636263775,0.0382682721160765,0.298007253055098,FALSE,"Not significant"
"Gene0422",83.9409530487285,-0.378097380012615,0.269385832846514,0.0385691894752806,0.298007253055098,FALSE,"Not significant"
"Gene0027",59.6269901188416,0.378976053670006,0.284908972923806,0.0401606899599139,0.306737747143167,FALSE,"Not significant"
"Gene0885",199.758941593378,0.362493171289749,0.249655905976166,0.0403194207569381,0.306737747143167,FALSE,"Not significant"
"Gene0653",96.5600911353313,0.356435046536591,0.245186417642847,0.0410898502212207,0.309428234488436,FALSE,"Not significant"
"Gene0720",86.7465426256386,0.383666225518149,0.289406425952831,0.0412988139054333,0.309428234488436,FALSE,"Not significant"
"Gene0815",538.546473622203,-0.370439044317731,0.294893216561378,0.0437863935323928,0.325599572958921,FALSE,"Not significant"
"Gene0747",15.3737222485519,-0.396800642107582,0.368978412306452,0.0445564925033224,0.328853515565566,FALSE,"Not significant"
"Gene0648",43.8517544404176,0.386192658188991,0.330870407237192,0.0451372358478031,0.330672046322053,FALSE,"Not significant"
"Gene0276",11.2819037472812,-0.390154153602224,0.374302636674817,0.0487873001937741,0.354784116850313,FALSE,"Not significant"
"Gene0372",93.1657083073991,-0.33829854630978,0.242604494871199,0.0491612188595359,0.354893762423949,FALSE,"Not significant"
"Gene0287",346.743042703857,0.339858754550542,0.2479871218751,0.0499917985657944,0.358274556388193,FALSE,"Not significant"
"Gene0237",40.1105043947697,0.370566155385133,0.3232841854965,0.0505048748654797,0.359347634834241,FALSE,"Not significant"
"Gene0016",39.9418031408096,0.379818131172411,0.357078056815529,0.0510948148956386,0.360948370941333,FALSE,"Not significant"
"Gene0437",81.6420919319494,0.340683500802205,0.259709271317564,0.0516328500548697,0.36216233123593,FALSE,"Not significant"
"Gene0348",145.969263415447,-0.3346993266436,0.247378040725027,0.0533496096884312,0.36640808320735,FALSE,"Not significant"
"Gene0388",238.345942054731,-0.343114686959106,0.296810330161756,0.0531953090481142,0.36640808320735,FALSE,"Not significant"
"Gene0499",70.4763719317013,0.326861340372262,0.232981681733322,0.0527418517649929,0.36640808320735,FALSE,"Not significant"
"Gene0408",355.147396442451,0.35520438483481,0.326505246491696,0.0568283809572779,0.387608750115503,FALSE,"Not significant"
"Gene0561",62.4394050082549,-0.347509832782981,0.302381213733285,0.0580618991724088,0.393309714256934,FALSE,"Not significant"
"Gene0387",102.412641819862,0.331666476027064,0.261409746098591,0.0588160151313315,0.395707748060455,FALSE,"Not significant"
"Gene0204",25.390555379704,-0.345690895638023,0.317392899927574,0.0609210809831193,0.4016729939487,FALSE,"Not significant"
"Gene0571",114.746981690712,0.332211282884296,0.27968256288579,0.0608385258465508,0.4016729939487,FALSE,"Not significant"
"Gene0582",27.6304279180511,0.346651170062745,0.301438722359598,0.0603796771393992,0.4016729939487,FALSE,"Not significant"
"Gene0683",93.6919766993569,-0.333272550967962,0.310667655294625,0.0635979666622967,0.416545622708685,FALSE,"Not significant"
"Gene0696",99.5152583812443,-0.32247326598401,0.265174602777848,0.064518387696986,0.417050231583785,FALSE,"Not significant"
"Gene0832",17.6205866362942,-0.332470654262401,0.365030256277851,0.0641566000146153,0.417050231583785,FALSE,"Not significant"
"Gene0011",117.814191538095,0.317835858641829,0.265868117710073,0.0653603743592597,0.41974941715135,FALSE,"Not significant"
"Gene0575",465.497659613179,0.300523493570074,0.224187394333949,0.0674071810652542,0.430101303700235,FALSE,"Not significant"
"Gene0068",22.0850706367721,-0.331703319756302,0.294892361970367,0.0687124538443744,0.434011409210098,FALSE,"Not significant"
"Gene0113",109.893766785733,-0.327763178259856,0.30450847931686,0.0697753428355972,0.434011409210098,FALSE,"Not significant"
"Gene0564",217.156569059874,0.324809257796978,0.318500308885807,0.0690484425880093,0.434011409210098,FALSE,"Not significant"
"Gene0907",23.9209657962776,0.332903933577568,0.307308500902168,0.0696942934805173,0.434011409210098,FALSE,"Not significant"
"Gene0816",105.168208732157,0.328657112287437,0.318625436340447,0.0713141055104048,0.44081031468619,FALSE,"Not significant"
"Gene0446",286.555170548336,0.321762083355935,0.293800561498233,0.0721272935804338,0.443067660565522,FALSE,"Not significant"
"Gene0194",120.364668910027,0.304759551767558,0.359888160430748,0.0728435538340641,0.444705399641292,FALSE,"Not significant"
"Gene0923",81.7392075799538,0.313043355130317,0.269242569112828,0.0733733241746796,0.445191519072136,FALSE,"Not significant"
"Gene0159",81.7792065617706,0.311718268984304,0.28592066489033,0.0762937793015461,0.44647661378242,FALSE,"Not significant"
"Gene0378",65.4500920942396,-0.316561574066183,0.280673271382378,0.0745375302904834,0.44647661378242,FALSE,"Not significant"
"Gene0583",7.64208003033633,-0.283344229034498,0.39359275004489,0.074879023840117,0.44647661378242,FALSE,"Not significant"
"Gene0624",92.7085535642161,-0.316756404325898,0.29819153383942,0.0754478530280748,0.44647661378242,FALSE,"Not significant"
"Gene0892",39.4795366987042,-0.314061950603985,0.319249742004546,0.076146784158682,0.44647661378242,FALSE,"Not significant"
"Gene0952",38.8886287090957,0.318688562936822,0.307782604187837,0.0754300122440686,0.44647661378242,FALSE,"Not significant"
"Gene0147",73.1886455011462,-0.297544941081373,0.32868671882178,0.0774318811865382,0.450471355844037,FALSE,"Not significant"
"Gene0695",41.5559041307767,-0.306754655218957,0.266026249141611,0.0781478552479369,0.451977946433974,FALSE,"Not significant"
"Gene0103",32.6412285995041,0.313543531839346,0.31814636863485,0.0802638101700941,0.459509287500242,FALSE,"Not significant"
"Gene0795",33.2940673696701,0.3087057586777,0.285577147497347,0.0806867759508085,0.459509287500242,FALSE,"Not significant"
"Gene0958",36.4478919339577,-0.307694513148836,0.28103904219822,0.080843898913086,0.459509287500242,FALSE,"Not significant"
"Gene0359",51.7476948139508,0.31023019758102,0.3049483984795,0.0822940667386343,0.463384678316502,FALSE,"Not significant"
"Gene0921",262.658722715488,0.305126164328791,0.289199337550907,0.0824627941190135,0.463384678316502,FALSE,"Not significant"
"Gene0227",207.69486296428,-0.301908031896783,0.27522168489059,0.0842903079295995,0.463513203950586,FALSE,"Not significant"
"Gene0712",24.7648511209105,0.307891329673511,0.291263737270806,0.0838727835163142,0.463513203950586,FALSE,"Not significant"
"Gene0904",104.729328532613,0.299218138587316,0.268090772486382,0.0842405454310192,0.463513203950586,FALSE,"Not significant"
"Gene0912",82.52734595956,0.297689379915604,0.262521789838847,0.0843603404561228,0.463513203950586,FALSE,"Not significant"
"Gene0315",85.7908370561103,0.298043550026817,0.270341812650782,0.0854051836031854,0.466661472837295,FALSE,"Not significant"
"Gene0534",99.2893992129538,-0.299512555489261,0.275594160686725,0.0859406812746841,0.467007328465179,FALSE,"Not significant"
"Gene0667",258.927310117497,-0.289585281352023,0.258755959183659,0.0872252658345697,0.471397748144205,FALSE,"Not significant"
"Gene0157",238.95704957776,-0.278828389296392,0.230742822904451,0.089296637993956,0.477374999870392,FALSE,"Not significant"
"Gene0198",153.837115712316,0.28097908729901,0.235879024886522,0.0890676382309466,0.477374999870392,FALSE,"Not significant"
"Gene0301",19.668046351329,-0.293661873362276,0.30634879493949,0.0942950784914718,0.496052301213115,FALSE,"Not significant"
"Gene0879",151.207999197142,0.281785205441849,0.266976045211277,0.0941131055086127,0.496052301213115,FALSE,"Not significant"
"Gene0985",33.4109257909566,0.291459223342508,0.296371885190148,0.0938559422858057,0.496052301213115,FALSE,"Not significant"
"Gene0168",48.5649950256972,0.285108251690157,0.28188364223881,0.0994779753622259,0.517809040174955,FALSE,"Not significant"
"Gene0281",9.18484366289288,0.276981487525989,0.341053097276947,0.0993889830252184,0.517809040174955,FALSE,"Not significant"
"Gene0651",110.067402854824,0.278888805120629,0.255188074725939,0.100308315828533,0.519397509709,FALSE,"Not significant"
"Gene0125",5.2806635737656,0.225528383325483,0.355636662149624,0.102761414684905,0.523871335687481,FALSE,"Not significant"
"Gene0640",321.090171447058,-0.273727814383409,0.278564974503932,0.102484818329717,0.523871335687481,FALSE,"Not significant"
"Gene0822",56.1133113273885,-0.284033804953759,0.290786270300307,0.101895579440174,0.523871335687481,FALSE,"Not significant"
"Gene0585",33.0690777186093,-0.276067337676297,0.285311704923263,0.106750628612395,0.541417290757222,FALSE,"Not significant"
"Gene0649",86.6436721522635,-0.268470663443279,0.276783535394704,0.112247521117612,0.56351674307268,FALSE,"Not significant"
"Gene0909",97.1233473418832,-0.270871927971218,0.281828946979703,0.111754990868851,0.56351674307268,FALSE,"Not significant"
"Gene0733",81.2967477502711,-0.255021701867018,0.296553832673055,0.113533445478509,0.567093826152753,FALSE,"Not significant"
"Gene0037",92.3968131545726,0.26415867612135,0.265310156495905,0.11737046879094,0.577509421065867,FALSE,"Not significant"
"Gene0439",68.0481704690856,0.256728581262468,0.248588605182008,0.117307884482807,0.577509421065867,FALSE,"Not significant"
"Gene0754",624.814394792396,0.261776071954853,0.246887706429458,0.117221076281811,0.577509421065867,FALSE,"Not significant"
"Gene0793",33.7838838990488,0.262092029004112,0.264811493558107,0.118007679952782,0.577770274620303,FALSE,"Not significant"
"Gene0940",79.7705681873665,0.264145087421997,0.298266514360099,0.118926229513116,0.579399216691978,FALSE,"Not significant"
"Gene0538",148.456308516502,0.244093483753942,0.216286957294144,0.122877835364935,0.587331459213333,FALSE,"Not significant"
"Gene0560",131.863443009107,0.239780741385657,0.208154007711649,0.122608312820451,0.587331459213333,FALSE,"Not significant"
"Gene0799",24.1731557005459,-0.259893535569416,0.268368778887115,0.122929840300465,0.587331459213333,FALSE,"Not significant"
"Gene0802",44.0582373151395,-0.257255468201102,0.253300018224385,0.121536667374463,0.587331459213333,FALSE,"Not significant"
"Gene0376",47.0839469212732,-0.251726850335164,0.310173964134073,0.126033097119557,0.599263139669434,FALSE,"Not significant"
"Gene0191",241.735468114017,-0.238878280237559,0.298617070967628,0.127403233250427,0.602879414759198,FALSE,"Not significant"
"Gene0109",283.987569461093,-0.243959851330558,0.242403838938607,0.1306023469716,0.613931428912076,FALSE,"Not significant"
"Gene0244",59.5391106430725,-0.246364704419312,0.245092774154282,0.131916001594205,0.613931428912076,FALSE,"Not significant"
"Gene0332",292.478475283346,-0.248614814041041,0.265358103771373,0.13358956138173,0.613931428912076,FALSE,"Not significant"
"Gene0337",27.1823189341423,0.2499950223584,0.254017978537767,0.131569003875009,0.613931428912076,FALSE,"Not significant"
"Gene0685",229.077345549711,-0.242205855269424,0.23435002688981,0.134084113897885,0.613931428912076,FALSE,"Not significant"
"Gene0955",86.4721474982243,-0.237322390868783,0.21961354115588,0.132714813360653,0.613931428912076,FALSE,"Not significant"
"Gene0969",25.9243558862153,-0.24985886642022,0.280914160905326,0.132895529917499,0.613931428912076,FALSE,"Not significant"
"Gene0436",21.5188714958388,0.249406958125433,0.27684371183837,0.135940791456879,0.619564252308082,FALSE,"Not significant"
"Gene0792",35.5591087723634,0.244907083001943,0.290825144245416,0.138019234037563,0.626151479188759,FALSE,"Not significant"
"Gene0723",27.0305834110909,0.156179245961102,0.316606406236327,0.140668955284454,0.635258432768609,FALSE,"Not significant"
"Gene0808",128.884149624698,-0.228770703634636,0.21571689192834,0.141897912329343,0.637481123719407,FALSE,"Not significant"
"Gene0959",530.688493302928,0.238847934891693,0.252755221101075,0.142450281437805,0.637481123719407,FALSE,"Not significant"
"Gene0657",536.442898142687,-0.222453364999591,0.208027791119872,0.146971346019951,0.654750726187981,FALSE,"Not significant"
"Gene0257",35.2814986471551,0.236365815441146,0.269645175727931,0.149911275935009,0.656338274499607,FALSE,"Not significant"
"Gene0590",53.7709525486056,-0.235217977498087,0.256305619385129,0.150645893135906,0.656338274499607,FALSE,"Not significant"
"Gene0826",64.4494466283689,-0.234047105021738,0.2690001536775,0.150007395623467,0.656338274499607,FALSE,"Not significant"
"Gene0830",247.660608215233,0.235494559362341,0.258139852018961,0.149796279560341,0.656338274499607,FALSE,"Not significant"
"Gene0961",25.9412184781774,-0.236004145468886,0.280489898514354,0.14838813656181,0.656338274499607,FALSE,"Not significant"
"Gene0633",1670.84004375844,0.225200842951943,0.22874619181415,0.154460629955612,0.667212717629134,FALSE,"Not significant"
"Gene0806",210.767763076598,-0.230668368277444,0.263002388237687,0.154491114597646,0.667212717629134,FALSE,"Not significant"
"Gene0515",20.4272490648717,-0.217293783579181,0.303910540988289,0.157212804043113,0.676015057385385,FALSE,"Not significant"
"Gene0177",170.551884855091,0.2264983188363,0.24341326303183,0.158323730897944,0.677844891160464,FALSE,"Not significant"
"Gene0665",30.1111400857245,0.23021637854837,0.278241217424121,0.159242349188577,0.678768233247514,FALSE,"Not significant"
"Gene0731",27.0080463147622,-0.229290168953836,0.255941169808672,0.159912030684197,0.678768233247514,FALSE,"Not significant"
"Gene0314",14.3772992841901,-0.220882671250704,0.294864699317226,0.16131749943409,0.678773488809057,FALSE,"Not significant"
"Gene0458",61.7904039776372,-0.226354044276309,0.25563836590247,0.161972237976681,0.678773488809057,FALSE,"Not significant"
"Gene0797",21.8446775430147,-0.228091536223711,0.259255085747789,0.160638655511341,0.678773488809057,FALSE,"Not significant"
"Gene0927",60.1380999081764,0.223214235486442,0.241642688928878,0.163040629424296,0.680367858652442,FALSE,"Not significant"
"Gene0390",77.4518172352398,-0.22520164352752,0.256793008302204,0.165257104574432,0.683846344870766,FALSE,"Not significant"
"Gene0942",287.553806810219,-0.222363189844357,0.281391300185138,0.16511731438297,0.683846344870766,FALSE,"Not significant"
"Gene0261",35.8335471598064,0.223373226064626,0.238983233891836,0.16651033347707,0.686161332536759,FALSE,"Not significant"
"Gene0253",57.1214759502198,-0.220596457062368,0.249185370758947,0.168303966956166,0.687944133091699,FALSE,"Not significant"
"Gene0426",61.9898755793786,0.216796346049681,0.225233577260314,0.168334155923348,0.687944133091699,FALSE,"Not significant"
"Gene0247",21.858426901543,-0.210784424373357,0.27750107491577,0.176382826104977,0.694990498078972,FALSE,"Not significant"
"Gene0288",42.867763718726,-0.218313134061712,0.252552792076525,0.175877877112166,0.694990498078972,FALSE,"Not significant"
"Gene0459",61.2858941294061,0.211445449556743,0.291758675735374,0.175360111486274,0.694990498078972,FALSE,"Not significant"
"Gene0570",211.331616984859,-0.207814650438942,0.213314934462923,0.175798360760478,0.694990498078972,FALSE,"Not significant"
"Gene0592",50.1756095822475,-0.212956954822846,0.286732039044871,0.176325631511551,0.694990498078972,FALSE,"Not significant"
"Gene0697",388.029086307038,0.211378652237212,0.216806324198656,0.174080129622739,0.694990498078972,FALSE,"Not significant"
"Gene0705",54.590763985586,0.211044457421921,0.266064533104387,0.173499714144952,0.694990498078972,FALSE,"Not significant"
"Gene0771",12.8521586641266,-0.207806884358679,0.295889157767433,0.174865711207726,0.694990498078972,FALSE,"Not significant"
"Gene0866",44.6766243467618,-0.214833723243827,0.275568392581724,0.17328870747221,0.694990498078972,FALSE,"Not significant"
"Gene0245",105.405665177622,0.197418522906258,0.281871538092585,0.178612755711136,0.698213499598078,FALSE,"Not significant"
"Gene0674",19.8617263678721,-0.211986838492467,0.287403234413401,0.178074476393252,0.698213499598078,FALSE,"Not significant"
"Gene0411",162.029858873274,-0.210169360684186,0.230586011537034,0.182822757393099,0.711857114416438,FALSE,"Not significant"
"Gene0234",30.4260541348831,-0.208130352867253,0.256400599968751,0.192168402502044,0.742400586228601,FALSE,"Not significant"
"Gene0911",49.5634005019876,0.203567509832792,0.264692293441813,0.191625087007382,0.742400586228601,FALSE,"Not significant"
"Gene0112",22.011710158628,0.196193929660759,0.273938841000204,0.202039357470239,0.742813845866417,FALSE,"Not significant"
"Gene0343",105.289255146846,0.205209495266116,0.238835309406903,0.194629690366778,0.742813845866417,FALSE,"Not significant"
"Gene0404",100.142989286658,-0.198346010049263,0.23005497313595,0.199159759448442,0.742813845866417,FALSE,"Not significant"
"Gene0442",330.563925739647,-0.202207910444218,0.22062428145555,0.196040974889977,0.742813845866417,FALSE,"Not significant"
"Gene0479",194.969616501942,0.193881151741492,0.270727585240691,0.199298348701505,0.742813845866417,FALSE,"Not significant"
"Gene0506",76.751305979099,-0.204909104003949,0.259679640401582,0.193653166577853,0.742813845866417,FALSE,"Not significant"
"Gene0563",72.6341815944837,-0.198546593745716,0.223113886164099,0.20188969009838,0.742813845866417,FALSE,"Not significant"
"Gene0566",352.048673451745,-0.202091682710146,0.250211638052434,0.194603286150376,0.742813845866417,FALSE,"Not significant"
"Gene0729",157.177649567569,-0.202365166177866,0.242884259985128,0.200163014689369,0.742813845866417,FALSE,"Not significant"
"Gene0753",48.4149670309001,0.202147756465035,0.235290180156138,0.199745178448122,0.742813845866417,FALSE,"Not significant"
"Gene0814",114.536456839484,-0.196084280921482,0.267092237212629,0.197017787848336,0.742813845866417,FALSE,"Not significant"
"Gene0828",40.2116653145557,0.201775934737988,0.23866075899569,0.201586496660531,0.742813845866417,FALSE,"Not significant"
"Gene0976",43.9178319322025,-0.202515771134828,0.235877474888513,0.197526785167424,0.742813845866417,FALSE,"Not significant"
"Gene0726",64.1560425381216,-0.197719781301266,0.243294006733613,0.205056313033088,0.751113679961942,FALSE,"Not significant"
"Gene0755",44.0278211618484,0.192892082217331,0.27931328584724,0.206792168671007,0.754676955039209,FALSE,"Not significant"
"Gene0444",69.2632638726322,0.197383839496435,0.245163156963795,0.208515578166261,0.75539160002356,FALSE,"Not significant"
"Gene0979",292.033445027591,0.195457435968499,0.239841957416933,0.207949192216913,0.75539160002356,FALSE,"Not significant"
"Gene0127",98.0654663872366,-0.195385119679508,0.242753247909187,0.210472262492477,0.759697327025764,FALSE,"Not significant"
"Gene0693",579.033237144584,0.193446065606012,0.227418837652965,0.212507811676404,0.764255366356232,FALSE,"Not significant"
"Gene0323",317.055787101736,-0.188870358781558,0.221220402663331,0.217119810697555,0.772415441654251,FALSE,"Not significant"
"Gene0490",19.7266927849048,-0.188873795964607,0.277939416474972,0.216567591522987,0.772415441654251,FALSE,"Not significant"
"Gene0954",206.601623495062,0.194148861616453,0.240267556468605,0.216554539939161,0.772415441654251,FALSE,"Not significant"
"Gene0188",55.5967410260256,0.190693924954021,0.242387343931968,0.218807916898607,0.775630931228394,FALSE,"Not significant"
"Gene0203",18.7768011491749,-0.188360785956444,0.2706056672354,0.21980097111661,0.776368430122598,FALSE,"Not significant"
"Gene0324",60.9028809748846,0.188640408392368,0.270888947486465,0.220657641412934,0.776620666752284,FALSE,"Not significant"
"Gene0362",39.1356497647517,-0.174559924158041,0.277122567632187,0.223274317548927,0.783043617219465,FALSE,"Not significant"
"Gene0146",173.048810547377,-0.177649667715668,0.192326957321012,0.225003021647915,0.784658607521605,FALSE,"Not significant"
"Gene0865",28.91313022796,-0.190060588590794,0.242802948261218,0.225321581937448,0.784658607521605,FALSE,"Not significant"
"Gene0760",75.7361315673926,0.188848008815123,0.241723384956938,0.229443008561492,0.796207492867773,FALSE,"Not significant"
"Gene0707",40.0197586258508,0.187542440191561,0.244975125301582,0.230421530034714,0.796807318896267,FALSE,"Not significant"
"Gene0331",35.9810820573244,-0.18533394356279,0.226729683438598,0.231278567419847,0.796984331631457,FALSE,"Not significant"
"Gene0569",58.8156822649926,-0.181820718168239,0.212348152698641,0.232942289351038,0.799930292250613,FALSE,"Not significant"
"Gene0862",1176.80842180349,-0.180820016553549,0.21308440632507,0.234842020566545,0.803663523668902,FALSE,"Not significant"
"Gene0484",99.6953850285244,0.180369376933703,0.249569954133743,0.240434154925023,0.815284344416384,FALSE,"Not significant"
"Gene0647",49.0430670675683,0.179838349930215,0.215037953199675,0.240710847896445,0.815284344416384,FALSE,"Not significant"
"Gene0930",208.63969757014,0.17974462944393,0.213372712445004,0.239865344041124,0.815284344416384,FALSE,"Not significant"
"Gene0128",112.896226916854,0.173868639728024,0.200082298133697,0.243369684806431,0.819379749022515,FALSE,"Not significant"
"Gene0338",116.813414154249,0.173450524825249,0.199903941266268,0.243576993137128,0.819379749022515,FALSE,"Not significant"
"Gene0600",73.9588632304872,0.17630946386978,0.246446326011023,0.252633559873753,0.846964714288617,FALSE,"Not significant"
"Gene0214",158.537932570372,-0.169790083206607,0.230276416200117,0.257890736691759,0.847135836116995,FALSE,"Not significant"
"Gene0485",146.498729333903,0.172738880519557,0.211759008257125,0.256603912979382,0.847135836116995,FALSE,"Not significant"
"Gene0531",56.8928913599004,-0.171368732063404,0.248029221496729,0.255125988123155,0.847135836116995,FALSE,"Not significant"
"Gene0765",197.106288966483,0.173051266559656,0.22840482229265,0.257224775256621,0.847135836116995,FALSE,"Not significant"
"Gene0783",17.8935878428701,-0.164577176293296,0.269290146514872,0.258680508096393,0.847135836116995,FALSE,"Not significant"
"Gene0859",100.179116659159,-0.174513545557453,0.232268355464655,0.257587532420646,0.847135836116995,FALSE,"Not significant"
"Gene0869",55.5181724769573,-0.164074883836563,0.269324447147951,0.253942284729222,0.847135836116995,FALSE,"Not significant"
"Gene0434",180.908769764307,-0.169537418120006,0.213809064786239,0.261126864497094,0.849521279564561,FALSE,"Not significant"
"Gene0837",34.5695503019499,0.174143737706424,0.245098473839629,0.260809176635077,0.849521279564561,FALSE,"Not significant"
"Gene0246",298.822751725001,-0.167766534115418,0.212568402335193,0.26625848565955,0.854966371160049,FALSE,"Not significant"
"Gene0369",322.317999511767,0.169043026093046,0.21837282111402,0.265332099674825,0.854966371160049,FALSE,"Not significant"
"Gene0551",41.7763830667664,-0.168931110229116,0.243485893796812,0.265853804095149,0.854966371160049,FALSE,"Not significant"
"Gene0642",69.4105925535104,0.171739829524785,0.227622206871786,0.265862950164371,0.854966371160049,FALSE,"Not significant"
"Gene0106",43.704656967565,-0.165819687511042,0.246100626897798,0.270307356631687,0.855576497424681,FALSE,"Not significant"
"Gene0205",26.2874209082864,-0.168990664464154,0.250091898349912,0.269240815519036,0.855576497424681,FALSE,"Not significant"
"Gene0260",17.7404315104011,-0.162360838778096,0.267126721792996,0.267612513624247,0.855576497424681,FALSE,"Not significant"
"Gene0576",32.2438183107828,0.161909051978059,0.267185220918368,0.269572322658643,0.855576497424681,FALSE,"Not significant"
"Gene0903",36.1849208851071,-0.167993561825381,0.240060115179229,0.270773957223382,0.855576497424681,FALSE,"Not significant"
"Gene0438",239.856454827181,0.166425424711187,0.237703317020198,0.272751640864192,0.859080805142312,FALSE,"Not significant"
"Gene0395",7.94705214476579,0.151637400975107,0.277863488252242,0.275709551358034,0.864624836089269,FALSE,"Not significant"
"Gene0398",182.780999634566,-0.160548473653679,0.249203381158174,0.276260311632163,0.864624836089269,FALSE,"Not significant"
"Gene0477",211.16383085857,-0.165165974217555,0.241733782227752,0.278120321809913,0.864971692672969,FALSE,"Not significant"
"Gene0938",49.7106508985565,-0.166172023978806,0.232779802106057,0.277887220362168,0.864971692672969,FALSE,"Not significant"
"Gene0140",231.473529169858,-0.160623009560361,0.221203944748348,0.27961427281957,0.866891899117725,FALSE,"Not significant"
"Gene0161",130.060928370187,-0.16328925449388,0.229473049672726,0.283264736659254,0.870027405453423,FALSE,"Not significant"
"Gene0307",42.1221909295171,0.162789692071086,0.233209112693214,0.28169604758079,0.870027405453423,FALSE,"Not significant"
"Gene0358",79.9602441099767,0.16460897120687,0.238657418350984,0.28242474005531,0.870027405453423,FALSE,"Not significant"
"Gene0219",142.910450165637,0.153100814510757,0.2512270065285,0.290217935833386,0.876434792573648,FALSE,"Not significant"
"Gene0424",182.182809036901,-0.158910380757897,0.214426103690603,0.290438525668213,0.876434792573648,FALSE,"Not significant"
"Gene0523",42.4301934050232,0.156360697524272,0.256420792967639,0.29035947298203,0.876434792573648,FALSE,"Not significant"
"Gene0573",15.1881968101895,-0.149341353737656,0.270770289770053,0.290667959518864,0.876434792573648,FALSE,"Not significant"
"Gene0589",112.650554471227,0.160209951081655,0.214603875076207,0.289826317278316,0.876434792573648,FALSE,"Not significant"
"Gene0847",86.629167897538,0.161691821550477,0.236487741855019,0.288994943531105,0.876434792573648,FALSE,"Not significant"
"Gene0894",81.3560810840289,-0.159550453861746,0.24314600209125,0.292323413191889,0.87874728160115,FALSE,"Not significant"
"Gene0107",212.412826011703,-0.157712586273037,0.221135068661797,0.29783523102173,0.879280726807434,FALSE,"Not significant"
"Gene0142",93.9941632045175,0.150041331903972,0.261021458080131,0.296952235118183,0.879280726807434,FALSE,"Not significant"
"Gene0153",79.0888564436842,-0.146459066943135,0.266429332795949,0.296356645857729,0.879280726807434,FALSE,"Not significant"
"Gene0181",159.332636789109,-0.159641228089069,0.215710128287788,0.295175628707848,0.879280726807434,FALSE,"Not significant"
"Gene0317",75.969928216808,-0.118529301312798,0.28741350012433,0.296131539001623,0.879280726807434,FALSE,"Not significant"
"Gene0500",106.434347862268,0.157633243270033,0.219836782444291,0.294695497643497,0.879280726807434,FALSE,"Not significant"
"Gene0213",33.6451507363358,-0.147420044949353,0.261340099918011,0.299329495221963,0.881062115400361,FALSE,"Not significant"
"Gene0170",17.3600161643211,0.1549851599635,0.251132921790969,0.301915766063223,0.886037663609873,FALSE,"Not significant"
"Gene0396",75.0428892021567,0.155765887629083,0.216145441796511,0.303749071759222,0.888780567958198,FALSE,"Not significant"
"Gene0114",21.4462666962766,0.143163297358464,0.251880360045249,0.330466061589001,0.889487799403231,FALSE,"Not significant"
"Gene0136",338.267732648728,0.142006065285928,0.190861070430984,0.331970019553299,0.889487799403231,FALSE,"Not significant"
"Gene0151",372.047349632205,-0.151211582144845,0.225622006686521,0.306031955053889,0.889487799403231,FALSE,"Not significant"
"Gene0167",45.2971664388661,0.155586174759683,0.225223578321156,0.307191197464006,0.889487799403231,FALSE,"Not significant"
"Gene0176",26.8337236675067,0.14010107085837,0.263726909330833,0.312985622718827,0.889487799403231,FALSE,"Not significant"
"Gene0211",123.170782563745,0.151060575849871,0.240406943379467,0.311002377901187,0.889487799403231,FALSE,"Not significant"
"Gene0226",97.8069976823153,0.134624557740014,0.258623357443797,0.327818619508366,0.889487799403231,FALSE,"Not significant"
"Gene0243",88.5246238556914,-0.139958810883478,0.256584832641421,0.332638239711109,0.889487799403231,FALSE,"Not significant"
"Gene0250",15.1522110365438,0.149529499499817,0.249167804446243,0.317927820052298,0.889487799403231,FALSE,"Not significant"
"Gene0258",499.912381374115,0.14634088080229,0.215208453536643,0.33096896177152,0.889487799403231,FALSE,"Not significant"
"Gene0262",18.6320708850355,-0.148525685519846,0.244560864975616,0.322197459040974,0.889487799403231,FALSE,"Not significant"
"Gene0270",84.8611608468781,-0.146118360350591,0.23321072435093,0.329661498469654,0.889487799403231,FALSE,"Not significant"
"Gene0283",33.5636528969082,0.152805430423582,0.237536882112138,0.309736746319039,0.889487799403231,FALSE,"Not significant"
"Gene0290",156.746275192932,-0.150489491359922,0.224976668522604,0.319472417586932,0.889487799403231,FALSE,"Not significant"
"Gene0413",127.332713422234,-0.140139214679321,0.255214291203207,0.335117311884802,0.889487799403231,FALSE,"Not significant"
"Gene0433",32.3657217714865,0.147862258344893,0.247545971918549,0.320013018835367,0.889487799403231,FALSE,"Not significant"
"Gene0441",30.8135896741222,0.150018875034384,0.224704958729938,0.322689837099842,0.889487799403231,FALSE,"Not significant"
"Gene0449",164.725914537408,0.144627938054241,0.231917455314224,0.335469109380591,0.889487799403231,FALSE,"Not significant"
"Gene0460",77.4658219433442,-0.151408073991735,0.210279337648493,0.311268401885905,0.889487799403231,FALSE,"Not significant"
"Gene0473",159.94631658234,-0.141831814154323,0.243956848583619,0.329222944944974,0.889487799403231,FALSE,"Not significant"
"Gene0476",18.0585322077304,0.151725224484804,0.241407364089226,0.315061843468351,0.889487799403231,FALSE,"Not significant"
"Gene0492",99.5493763326628,-0.150353487718554,0.212132672406434,0.313134602925829,0.889487799403231,FALSE,"Not significant"
"Gene0554",128.693335565285,0.153538164919685,0.232799136475327,0.310129968677906,0.889487799403231,FALSE,"Not significant"
"Gene0639",123.868297423298,0.149344636850191,0.237748811571424,0.321581708287641,0.889487799403231,FALSE,"Not significant"
"Gene0680",13.4659425348009,-0.136677231096067,0.262121200946833,0.335289400705571,0.889487799403231,FALSE,"Not significant"
"Gene0686",15.6055412875692,0.141828550127206,0.249637256076548,0.333222780610835,0.889487799403231,FALSE,"Not significant"
"Gene0690",561.352684790943,-0.152479080951367,0.238836291263854,0.305275304580226,0.889487799403231,FALSE,"Not significant"
"Gene0718",24.0399202496584,0.138919202579734,0.266719056374519,0.320937673529401,0.889487799403231,FALSE,"Not significant"
"Gene0748",37.7750960693337,0.147063135312938,0.233402112310972,0.33040428574971,0.889487799403231,FALSE,"Not significant"
"Gene0775",168.620372533507,-0.147197733435307,0.243025239559127,0.320182238922117,0.889487799403231,FALSE,"Not significant"
"Gene0788",178.0854042887,-0.148719183671299,0.22186220148224,0.317593326253337,0.889487799403231,FALSE,"Not significant"
"Gene0824",91.3233701896277,0.147183393619581,0.22116101229352,0.328873482637264,0.889487799403231,FALSE,"Not significant"
"Gene0917",103.136128196221,0.147021602182758,0.235036374292957,0.329567360996787,0.889487799403231,FALSE,"Not significant"
"Gene0945",783.898734273734,0.138107807302984,0.259442782303393,0.3102429718716,0.889487799403231,FALSE,"Not significant"
"Gene0962",39.8098754110422,-0.143845802547714,0.243286457745155,0.335271842135625,0.889487799403231,FALSE,"Not significant"
"Gene0101",106.81953365179,-0.141503793942069,0.222956103434191,0.33807014351215,0.893005405580608,FALSE,"Not significant"
"Gene0179",31.7202622543983,-0.140879947776825,0.218271324243713,0.347336765212678,0.893005405580608,FALSE,"Not significant"
"Gene0187",23.4905488895289,0.136235540342185,0.242016975891074,0.353245531879771,0.893005405580608,FALSE,"Not significant"
"Gene0189",90.6821240310964,-0.135404389436161,0.225356087095909,0.354929315171014,0.893005405580608,FALSE,"Not significant"
"Gene0229",8.58790030516873,0.127812161496152,0.263167586577485,0.355909690563877,0.893005405580608,FALSE,"Not significant"
"Gene0238",182.215416805125,-0.136583886132002,0.247650493763473,0.341533126290738,0.893005405580608,FALSE,"Not significant"
"Gene0268",63.1538845880002,-0.140274164328029,0.214147091984177,0.348475371896084,0.893005405580608,FALSE,"Not significant"
"Gene0293",80.1531278167638,-0.131080908076076,0.197290345270831,0.367651937598775,0.893005405580608,FALSE,"Not significant"
"Gene0299",129.491623186998,0.138015144277361,0.245048875371824,0.343543450777597,0.893005405580608,FALSE,"Not significant"
"Gene0300",86.2176051415361,0.130233125142627,0.248202145844707,0.362440722208215,0.893005405580608,FALSE,"Not significant"
"Gene0340",40.5211168987993,0.133342612579715,0.227761138604061,0.36839858996652,0.893005405580608,FALSE,"Not significant"
"Gene0380",29.7146226633099,-0.094691436217489,0.281288493628019,0.338698279207087,0.893005405580608,FALSE,"Not significant"
"Gene0381",87.9896698194083,-0.131170998751447,0.235975892214703,0.36830278754048,0.893005405580608,FALSE,"Not significant"
"Gene0386",320.645514295008,0.133579285951966,0.235342201252455,0.363913615402143,0.893005405580608,FALSE,"Not significant"
"Gene0394",192.213535966979,0.134845252474513,0.213631498122516,0.367087367147448,0.893005405580608,FALSE,"Not significant"
"Gene0409",40.3158218878503,0.136539558257431,0.212326078500302,0.360197894285731,0.893005405580608,FALSE,"Not significant"
"Gene0463",101.045140201508,-0.133079811789135,0.237499470550606,0.357799844686091,0.893005405580608,FALSE,"Not significant"
"Gene0470",158.766212327848,0.141227606129794,0.219833371361086,0.348418147644488,0.893005405580608,FALSE,"Not significant"
"Gene0493",54.4880459137421,0.128340315949565,0.247671845938808,0.364585566424551,0.893005405580608,FALSE,"Not significant"
"Gene0537",225.084524808721,-0.137560377670032,0.203300061291283,0.352036698619015,0.893005405580608,FALSE,"Not significant"
"Gene0659",166.40542981374,0.131670553398168,0.253105976088679,0.345254648577944,0.893005405580608,FALSE,"Not significant"
"Gene0670",144.381740466349,0.136923135390016,0.212585353970238,0.35781627716011,0.893005405580608,FALSE,"Not significant"
"Gene0688",111.235849187353,-0.133594745285198,0.201828556948322,0.361701187970492,0.893005405580608,FALSE,"Not significant"
"Gene0694",42.9039896862564,-0.137685534656773,0.231005349357739,0.356614491451845,0.893005405580608,FALSE,"Not significant"
"Gene0750",328.204191065272,-0.137972192353371,0.223343981358368,0.355497492411029,0.893005405580608,FALSE,"Not significant"
"Gene0752",23.5922197779728,-0.131909701476635,0.239872910212995,0.364471810704338,0.893005405580608,FALSE,"Not significant"
"Gene0759",142.798356141428,-0.131881735188879,0.187400073775887,0.356642543753465,0.893005405580608,FALSE,"Not significant"
"Gene0767",194.765407082315,0.140417881703743,0.224885088824057,0.344146465891806,0.893005405580608,FALSE,"Not significant"
"Gene0855",69.4455518432011,0.13311789526166,0.24122543797991,0.35877752454417,0.893005405580608,FALSE,"Not significant"
"Gene0863",89.4473220190552,-0.140556809639717,0.242002020181162,0.341020914090113,0.893005405580608,FALSE,"Not significant"
"Gene0886",360.411283063836,0.140739206758439,0.222872119239576,0.34880624544847,0.893005405580608,FALSE,"Not significant"
"Gene0916",131.472408016864,-0.126935925717001,0.253079554015106,0.366120145406593,0.893005405580608,FALSE,"Not significant"
"Gene0926",50.4179363103332,0.1342915133186,0.21727031162431,0.367916937631137,0.893005405580608,FALSE,"Not significant"
"Gene0928",13.6687415687459,0.131639051799834,0.258980990155716,0.346515422176218,0.893005405580608,FALSE,"Not significant"
"Gene0975",130.999313774762,0.135297811157346,0.230164760856402,0.35384469963466,0.893005405580608,FALSE,"Not significant"
"Gene0355",526.165049507384,0.131133126588648,0.22324484877645,0.37109980161564,0.895165131214312,FALSE,"Not significant"
"Gene0919",116.895350281833,0.123843679013045,0.24708095839485,0.370758054547316,0.895165131214312,FALSE,"Not significant"
"Gene0333",104.595908778926,0.128232623652769,0.248016396456157,0.374485421662864,0.897791976828359,FALSE,"Not significant"
"Gene0540",198.385429615284,0.13171861551659,0.207690256071,0.37574064764174,0.897791976828359,FALSE,"Not significant"
"Gene0541",90.7995477645739,-0.130293701159833,0.216089793929703,0.373128081000178,0.897791976828359,FALSE,"Not significant"
"Gene0550",26.8856517691139,0.129329994601392,0.243485033753559,0.375819897276987,0.897791976828359,FALSE,"Not significant"
"Gene0774",52.7420131714935,-0.129451230276983,0.229787729950908,0.379669733819489,0.900463709226557,FALSE,"Not significant"
"Gene0947",30.9612142896306,-0.130470883078285,0.232506424395597,0.379465764396475,0.900463709226557,FALSE,"Not significant"
"Gene0973",378.466946385013,-0.129451938268009,0.217788053023446,0.379116890656619,0.900463709226557,FALSE,"Not significant"
"Gene0208",86.2383836215501,-0.126399815587733,0.191070565477757,0.381323982571015,0.902223489863,FALSE,"Not significant"
"Gene0391",46.6094357606753,0.124903636189625,0.243570956660454,0.386786696527926,0.910060679509847,FALSE,"Not significant"
"Gene0435",53.2205144439592,-0.127184015436007,0.203417269342334,0.387739334646305,0.910060679509847,FALSE,"Not significant"
"Gene0496",66.2053002759181,0.125350864507914,0.190562002851879,0.386242088301812,0.910060679509847,FALSE,"Not significant"
"Gene0800",46.3245956240828,-0.126124459958173,0.237710814323971,0.388317094795911,0.910060679509847,FALSE,"Not significant"
"Gene0616",141.927838507659,-0.125264663814631,0.198285888491112,0.389769946583144,0.911306092602196,FALSE,"Not significant"
"Gene0488",67.9842233090176,0.122680105857525,0.234729134229391,0.396402114742805,0.911724863908451,FALSE,"Not significant"
"Gene0661",13.380651445557,-0.118320591015293,0.257745944844636,0.392020390867954,0.911724863908451,FALSE,"Not significant"
"Gene0671",29.5427176951909,0.117622323017412,0.246265195399187,0.396234544113168,0.911724863908451,FALSE,"Not significant"
"Gene0737",79.3752834773064,-0.123215899582044,0.228252537797736,0.394662490427741,0.911724863908451,FALSE,"Not significant"
"Gene0780",214.98276640563,-0.124432380221371,0.201452923467137,0.395899805401557,0.911724863908451,FALSE,"Not significant"
"Gene0809",30.5040018756472,0.126136336081567,0.2263105479738,0.392810301131919,0.911724863908451,FALSE,"Not significant"
"Gene0924",108.695043503595,0.126342486247758,0.236486531614698,0.390975102471082,0.911724863908451,FALSE,"Not significant"
"Gene0132",19.0620638146114,-0.123222624017375,0.236871437859193,0.401085242115575,0.918677347075777,FALSE,"Not significant"
"Gene0740",445.478766941294,0.120936510767646,0.243167378699526,0.401282723899632,0.918677347075777,FALSE,"Not significant"
"Gene0714",92.8776516816062,-0.124233193070554,0.221795322340771,0.402556952643324,0.919466111233827,FALSE,"Not significant"
"Gene0654",193.373437946772,0.122222404463832,0.225030246119719,0.405745890797474,0.922553446912006,FALSE,"Not significant"
"Gene0873",150.65500998774,0.121030267010903,0.22540279896195,0.406085653205313,0.922553446912006,FALSE,"Not significant"
"Gene0875",44.0536304994253,0.123478382447052,0.225536655962256,0.406707080741794,0.922553446912006,FALSE,"Not significant"
"Gene0215",176.381342960428,0.120898137009033,0.235530807200923,0.40814959102803,0.923706969168699,FALSE,"Not significant"
"Gene0108",89.7853671882061,0.111992519078456,0.225214444330888,0.442003969569492,0.924190118190756,FALSE,"Not significant"
"Gene0141",176.164937973636,0.120035438280311,0.200358283796021,0.413299432937417,0.924190118190756,FALSE,"Not significant"
"Gene0173",29.4036076915285,-0.112359241279554,0.232155494440254,0.438969093726085,0.924190118190756,FALSE,"Not significant"
"Gene0200",106.628638939174,0.108365422472464,0.24321674349184,0.431890590972285,0.924190118190756,FALSE,"Not significant"
"Gene0292",234.08142613862,0.117037682576466,0.218899795914382,0.427501775441872,0.924190118190756,FALSE,"Not significant"
"Gene0316",330.94431545699,-0.117285789094572,0.216971248489353,0.42542672332182,0.924190118190756,FALSE,"Not significant"
"Gene0425",117.285513140043,0.114929586331891,0.218969090054604,0.437588509489769,0.924190118190756,FALSE,"Not significant"
"Gene0443",162.2878555386,-0.113302521448132,0.216043955594031,0.433551022545417,0.924190118190756,FALSE,"Not significant"
"Gene0495",18.0564234074754,0.115449978957285,0.240498608719077,0.423257571548362,0.924190118190756,FALSE,"Not significant"
"Gene0514",138.075723187859,0.101365272150119,0.249592760290651,0.435174600859458,0.924190118190756,FALSE,"Not significant"
"Gene0553",29.9210891500136,-0.108012131344012,0.242249122914836,0.44082773398514,0.924190118190756,FALSE,"Not significant"
"Gene0586",31.2979620323556,-0.11752703634641,0.24308119978025,0.414226260691051,0.924190118190756,FALSE,"Not significant"
"Gene0587",53.0766184434573,-0.107797165415873,0.238596407730455,0.437706011642307,0.924190118190756,FALSE,"Not significant"
"Gene0605",138.371150989812,-0.10226231103488,0.249023480865757,0.434554584454522,0.924190118190756,FALSE,"Not significant"
"Gene0607",221.287313064873,0.115761933104029,0.204042314074358,0.429726706804497,0.924190118190756,FALSE,"Not significant"
"Gene0608",37.1953899387481,0.118462848674973,0.207567692635424,0.42259706387159,0.924190118190756,FALSE,"Not significant"
"Gene0611",273.687769262938,-0.115922338596738,0.205797484971289,0.432466096964111,0.924190118190756,FALSE,"Not significant"
"Gene0613",48.6357644520168,0.1154441892387,0.21461712207065,0.436073217121485,0.924190118190756,FALSE,"Not significant"
"Gene0628",50.7490945701295,0.112053787576559,0.230008135096785,0.438643749824044,0.924190118190756,FALSE,"Not significant"
"Gene0629",106.809338549856,-0.116759398405231,0.210440716229055,0.419874843293738,0.924190118190756,FALSE,"Not significant"
"Gene0637",121.930421479999,-0.110302415485018,0.189398561891425,0.441173051451015,0.924190118190756,FALSE,"Not significant"
"Gene0641",195.944263601585,0.118562415343663,0.202963041441787,0.420505202194791,0.924190118190756,FALSE,"Not significant"
"Gene0679",31.5003926415371,-0.117871702437843,0.233248631933594,0.417759190602274,0.924190118190756,FALSE,"Not significant"
"Gene0745",137.012311013178,0.113933014131564,0.208754306913884,0.434218493589119,0.924190118190756,FALSE,"Not significant"
"Gene0781",143.941368125099,-0.118681897151292,0.233405193511177,0.41106211511845,0.924190118190756,FALSE,"Not significant"
"Gene0796",68.9116319738195,-0.111346860290897,0.19513898071419,0.440642748599752,0.924190118190756,FALSE,"Not significant"
"Gene0825",79.4231736023248,-0.120376747604702,0.210411821619898,0.412964627556921,0.924190118190756,FALSE,"Not significant"
"Gene0844",46.0979432247474,0.116001385667861,0.223441338435394,0.432302197650434,0.924190118190756,FALSE,"Not significant"
"Gene0856",260.927145857203,0.105927311764266,0.248159334066262,0.436776091339662,0.924190118190756,FALSE,"Not significant"
"Gene0864",728.295529368484,0.109273777115992,0.184462431249313,0.438927940005062,0.924190118190756,FALSE,"Not significant"
"Gene0877",67.8813273224652,-0.115863567100536,0.220153792493707,0.431542929403574,0.924190118190756,FALSE,"Not significant"
"Gene0900",57.813560679816,-0.119898900756958,0.221039843551318,0.409897679813818,0.924190118190756,FALSE,"Not significant"
"Gene0920",139.887244807912,-0.114428100403629,0.234438197642322,0.422600939882498,0.924190118190756,FALSE,"Not significant"
"Gene0922",212.101642434221,-0.11533277096529,0.192879375041672,0.422910518979999,0.924190118190756,FALSE,"Not significant"
"Gene0925",61.0463051375845,-0.113223775006829,0.223511513541683,0.431915345481186,0.924190118190756,FALSE,"Not significant"
"Gene0957",75.333070153652,-0.112253217374971,0.202143197313612,0.440658033015862,0.924190118190756,FALSE,"Not significant"
"Gene0456",198.959901930586,-0.11134519974132,0.207248462646752,0.446326129275414,0.927345676162572,FALSE,"Not significant"
"Gene0638",286.510031221211,-0.108319772572245,0.181859510161644,0.44579693498876,0.927345676162572,FALSE,"Not significant"
"Gene0996",364.485929861998,0.112166548595723,0.218632351425226,0.446274252481798,0.927345676162572,FALSE,"Not significant"
"Gene0303",37.0803696038774,0.107202128282597,0.23311562578129,0.45087052199078,0.934130016414379,FALSE,"Not significant"
"Gene0357",228.946349610661,0.109938753492193,0.218033180781143,0.452235263668218,0.934130016414379,FALSE,"Not significant"
"Gene0631",40.1622975646664,-0.110026936619203,0.223733245890935,0.452424952338208,0.934130016414379,FALSE,"Not significant"
"Gene0118",32.1267291751796,-0.108299830660412,0.232626967933797,0.455206577252498,0.937915218547335,FALSE,"Not significant"
"Gene0018",264.400155954682,0.0991322010286579,0.238548143214212,0.47180705434329,0.939425497249098,FALSE,"Not significant"
"Gene0137",32.1480846858237,0.100467074779852,0.230039293680343,0.478280383205381,0.939425497249098,FALSE,"Not significant"
"Gene0183",36.0510939680937,0.0927456438377915,0.229396760836789,0.520217529535881,0.939425497249098,FALSE,"Not significant"
"Gene0186",128.551465957866,0.0945814766841893,0.200254201266291,0.513344054413844,0.939425497249098,FALSE,"Not significant"
"Gene0201",110.802022055454,-0.100449700911511,0.234824086563054,0.460938049708997,0.939425497249098,FALSE,"Not significant"
"Gene0223",496.186653093717,-0.0932230733296601,0.212077870013914,0.518077597551494,0.939425497249098,FALSE,"Not significant"
"Gene0224",110.941690225257,-0.0987421723243845,0.215150567853098,0.493930803908429,0.939425497249098,FALSE,"Not significant"
"Gene0254",42.4189634156886,-0.0951565093326583,0.208079010821986,0.512102278249084,0.939425497249098,FALSE,"Not significant"
"Gene0256",378.641214114869,-0.100411932296087,0.191137831379687,0.483275668746767,0.939425497249098,FALSE,"Not significant"
"Gene0259",21.7557334012549,0.0952053440104155,0.219898481972318,0.51297548400487,0.939425497249098,FALSE,"Not significant"
"Gene0267",173.634333807402,0.0984246634509727,0.196107694243471,0.49256086968327,0.939425497249098,FALSE,"Not significant"
"Gene0274",109.539318227798,0.0990141936566161,0.213905910646807,0.500056847403651,0.939425497249098,FALSE,"Not significant"
"Gene0278",197.394439225616,-0.0933747986823666,0.182235187311615,0.507225366127016,0.939425497249098,FALSE,"Not significant"
"Gene0284",123.642961425705,0.0933619560120449,0.231057978513168,0.516367978168492,0.939425497249098,FALSE,"Not significant"
"Gene0310",48.1304359292779,0.0941708361339264,0.219191052993196,0.508970990521236,0.939425497249098,FALSE,"Not significant"
"Gene0311",254.507400756893,-0.099957887064998,0.239867660542642,0.466656391055194,0.939425497249098,FALSE,"Not significant"
"Gene0312",226.097728382993,-0.100748851904305,0.204970842836002,0.48972694433795,0.939425497249098,FALSE,"Not significant"
"Gene0322",211.09820180968,0.101902817794174,0.214824514970094,0.479824452590416,0.939425497249098,FALSE,"Not significant"
"Gene0326",87.7800834582883,-0.101140338986612,0.184572403034306,0.475423266036007,0.939425497249098,FALSE,"Not significant"
"Gene0329",36.2646444006383,-0.0969282478676715,0.224510697176633,0.501805601403465,0.939425497249098,FALSE,"Not significant"
"Gene0346",83.3028136492431,-0.0935325434650348,0.241869425882941,0.495214852496784,0.939425497249098,FALSE,"Not significant"
"Gene0374",101.019583895676,-0.0970417008299979,0.216029753266408,0.503702411220325,0.939425497249098,FALSE,"Not significant"
"Gene0375",148.424587572558,-0.105445549822001,0.209651149161882,0.469491205438508,0.939425497249098,FALSE,"Not significant"
"Gene0383",88.4305354008786,0.0939466467790477,0.198665814028244,0.516764709301044,0.939425497249098,FALSE,"Not significant"
"Gene0384",35.1821752921361,0.102228208036641,0.215014289734473,0.485227458922669,0.939425497249098,FALSE,"Not significant"
"Gene0402",56.4924376717011,0.0911763536742063,0.235122065591331,0.51711623426654,0.939425497249098,FALSE,"Not significant"
"Gene0415",36.8351341703195,0.0958416892828494,0.213982312870681,0.506570381861555,0.939425497249098,FALSE,"Not significant"
"Gene0429",49.962381094546,-0.0929201090244492,0.214915439436913,0.521397316540837,0.939425497249098,FALSE,"Not significant"
"Gene0457",82.6852943715443,-0.0943013223891784,0.207293557537262,0.513349450017259,0.939425497249098,FALSE,"Not significant"
"Gene0462",69.2797724201968,-0.10173802794926,0.22716574848022,0.480005977698601,0.939425497249098,FALSE,"Not significant"
"Gene0505",34.6712181869607,0.0964354438065953,0.23012165401841,0.504556129507577,0.939425497249098,FALSE,"Not significant"
"Gene0507",111.934982087701,-0.0994029661480097,0.211598390749089,0.495001611601759,0.939425497249098,FALSE,"Not significant"
"Gene0512",164.289609094199,-0.0992248896258685,0.190765418387079,0.486700174102081,0.939425497249098,FALSE,"Not significant"
"Gene0525",25.3655789331553,0.103311776534674,0.227582822685987,0.478914079070606,0.939425497249098,FALSE,"Not significant"
"Gene0526",90.0035957250487,0.105110695454604,0.211141992896624,0.472890137355113,0.939425497249098,FALSE,"Not significant"
"Gene0539",100.20201095666,-0.0925620800621753,0.232943321825331,0.495640994734462,0.939425497249098,FALSE,"Not significant"
"Gene0543",164.687686049862,-0.103458357970169,0.201402103304466,0.471140664523802,0.939425497249098,FALSE,"Not significant"
"Gene0549",211.547522805518,-0.100083012655382,0.211273461692267,0.486710405270537,0.939425497249098,FALSE,"Not significant"
"Gene0558",33.5584260980115,0.0936085617205087,0.214968101852227,0.517683585974974,0.939425497249098,FALSE,"Not significant"
"Gene0593",70.9342997067545,0.0986106916048726,0.240093107091824,0.486830842882715,0.939425497249098,FALSE,"Not significant"
"Gene0601",157.282340758318,0.0995356619235146,0.189768389251374,0.487923730122951,0.939425497249098,FALSE,"Not significant"
"Gene0609",495.179736631154,0.102803197027312,0.206344835644482,0.482553284943962,0.939425497249098,FALSE,"Not significant"
"Gene0615",93.2652439765645,0.0928287258614801,0.226487160678392,0.521480887755061,0.939425497249098,FALSE,"Not significant"
"Gene0627",273.393169188084,0.0899327804840204,0.238211207638251,0.512467218496189,0.939425497249098,FALSE,"Not significant"
"Gene0669",91.727416152883,-0.0915558109701761,0.237071894275695,0.49890425657799,0.939425497249098,FALSE,"Not significant"
"Gene0672",25.9829774075337,0.0940258359654486,0.226050534642092,0.51075451702142,0.939425497249098,FALSE,"Not significant"
"Gene0677",67.072429365429,-0.0982309506228664,0.228049413188439,0.494950091055221,0.939425497249098,FALSE,"Not significant"
"Gene0706",158.950978747803,0.103361922268501,0.208486579022326,0.478494485455082,0.939425497249098,FALSE,"Not significant"
"Gene0710",172.202223683759,0.105027978964588,0.205264897991781,0.472601266391797,0.939425497249098,FALSE,"Not significant"
"Gene0711",9.47406134167858,0.0974070244843739,0.247738284754128,0.481789061117322,0.939425497249098,FALSE,"Not significant"
"Gene0716",71.7740597555437,-0.106101088901939,0.205964884368535,0.466979255948202,0.939425497249098,FALSE,"Not significant"
"Gene0730",58.0738982620711,0.0845472459797257,0.243286159082738,0.520754925746786,0.939425497249098,FALSE,"Not significant"
"Gene0739",7.82911668724589,-0.0911079431426192,0.250098726699543,0.499684616129934,0.939425497249098,FALSE,"Not significant"
"Gene0768",97.9216126731781,-0.091287204569352,0.18640252834244,0.519895146477648,0.939425497249098,FALSE,"Not significant"
"Gene0770",17.1379115547903,-0.0976598543510868,0.237328682423548,0.489996879558879,0.939425497249098,FALSE,"Not significant"
"Gene0772",248.999332105658,0.093043565524183,0.226573535808397,0.519594765916626,0.939425497249098,FALSE,"Not significant"
"Gene0777",81.793640361451,0.0912969727272164,0.225838046292081,0.514940064779637,0.939425497249098,FALSE,"Not significant"
"Gene0804",42.5920342965924,0.106531819338629,0.222223081721095,0.467406907662043,0.939425497249098,FALSE,"Not significant"
"Gene0838",170.840702874117,0.103948620046202,0.19697487178631,0.474959902010249,0.939425497249098,FALSE,"Not significant"
"Gene0840",23.6175852840283,0.103967604518535,0.234018676497762,0.464432432314207,0.939425497249098,FALSE,"Not significant"
"Gene0878",101.59709804634,-0.0978230961206281,0.206126041362169,0.5012818768449,0.939425497249098,FALSE,"Not significant"
"Gene0887",148.89653339816,-0.0948982493135616,0.208099908534168,0.513986505026786,0.939425497249098,FALSE,"Not significant"
"Gene0889",81.6294629054982,0.0928455108224751,0.240695024533739,0.505000601777927,0.939425497249098,FALSE,"Not significant"
"Gene0935",15.0681991081715,0.10424614894843,0.231863023528533,0.472511786824353,0.939425497249098,FALSE,"Not significant"
"Gene0936",305.444233133571,-0.0986918392092301,0.210033591487648,0.493564747283556,0.939425497249098,FALSE,"Not significant"
"Gene0949",83.3107327677297,0.108481346411294,0.213237921219239,0.46189678640257,0.939425497249098,FALSE,"Not significant"
"Gene0951",455.283409531218,-0.0918864236029612,0.229878244546081,0.508029376778303,0.939425497249098,FALSE,"Not significant"
"Gene0972",69.9641149593322,0.102493087058147,0.229411148364278,0.477725401975889,0.939425497249098,FALSE,"Not significant"
"Gene0994",132.95424955576,-0.0974037414521759,0.229127831522214,0.497535354021689,0.939425497249098,FALSE,"Not significant"
"Gene0829",44.817594953271,0.0932335991259591,0.215192817036026,0.522962495532334,0.940381651057233,FALSE,"Not significant"
"Gene0202",37.3217315504333,-0.0908716174770895,0.221713046213852,0.525386774556779,0.940477315515959,FALSE,"Not significant"
"Gene0269",11.382923888377,-0.0840220547064054,0.246982715396798,0.525049818177205,0.940477315515959,FALSE,"Not significant"
"Gene0364",25.2382924681484,-0.0877521842203631,0.233582597599049,0.525868509080208,0.940477315515959,FALSE,"Not significant"
"Gene0116",25.7883767079637,0.0883474853593994,0.221767025562542,0.539041620842834,0.941002415838093,FALSE,"Not significant"
"Gene0144",32.0318131510196,-0.0892065960346996,0.216437419694398,0.538363293174835,0.941002415838093,FALSE,"Not significant"
"Gene0148",99.9627162385883,-0.0557309069192716,0.268201037379724,0.565534106107395,0.941002415838093,FALSE,"Not significant"
"Gene0150",84.7874855514352,0.0909320037281643,0.222049969057442,0.530628482484556,0.941002415838093,FALSE,"Not significant"
"Gene0180",87.1682884751099,-0.0817445003120707,0.217703588308336,0.559956598316194,0.941002415838093,FALSE,"Not significant"
"Gene0196",62.0898813281559,-0.0741987882670323,0.238332991200598,0.569920258161049,0.941002415838093,FALSE,"Not significant"
"Gene0216",31.1557217829158,-0.0814486421949187,0.225315502746491,0.568609977985118,0.941002415838093,FALSE,"Not significant"
"Gene0236",110.857146071241,-0.0853208530864283,0.213383212411111,0.55212153725226,0.941002415838093,FALSE,"Not significant"
"Gene0277",59.930049205289,-0.0842419058056821,0.232272486010689,0.542514159254515,0.941002415838093,FALSE,"Not significant"
"Gene0354",96.3337665260417,0.0807978573930283,0.208443873864042,0.572020776001255,0.941002415838093,FALSE,"Not significant"
"Gene0377",37.9525254659599,-0.0786800064794216,0.233787073603386,0.570528243176092,0.941002415838093,FALSE,"Not significant"
"Gene0389",14.7822631109344,0.0789205179919687,0.242261284160625,0.556366029057326,0.941002415838093,FALSE,"Not significant"
"Gene0397",195.272508330539,0.0773686465617116,0.238645591551144,0.558027609224038,0.941002415838093,FALSE,"Not significant"
"Gene0410",94.0986249400715,-0.0891692735738985,0.201044678242111,0.537574382635306,0.941002415838093,FALSE,"Not significant"
"Gene0414",710.098937606379,-0.0840539065896879,0.212150782832597,0.556311167366229,0.941002415838093,FALSE,"Not significant"
"Gene0431",58.144047070677,-0.08752171682027,0.233219198235378,0.528370777564435,0.941002415838093,FALSE,"Not significant"
"Gene0445",461.61805412707,0.088523040846004,0.203529052484851,0.539402430266674,0.941002415838093,FALSE,"Not significant"
"Gene0472",34.4808886213328,0.0846786076155744,0.222523982710268,0.555656013976339,0.941002415838093,FALSE,"Not significant"
"Gene0510",31.1364641317341,0.0803205928248763,0.226252674161575,0.573735547775905,0.941002415838093,FALSE,"Not significant"
"Gene0518",32.0428702327663,0.0852846539610592,0.240006226145947,0.538837976629019,0.941002415838093,FALSE,"Not significant"
"Gene0521",54.2466685053145,0.0829283706257695,0.233607694475508,0.554570478626236,0.941002415838093,FALSE,"Not significant"
"Gene0556",97.3721740279825,0.0842952524709837,0.241084023496414,0.535552673682966,0.941002415838093,FALSE,"Not significant"
"Gene0591",43.5683253807229,0.0840155049687848,0.209980502242267,0.560937644404513,0.941002415838093,FALSE,"Not significant"
"Gene0602",39.1594280905262,0.0885897979797847,0.213089713228698,0.540805171982809,0.941002415838093,FALSE,"Not significant"
"Gene0604",8.22873837587743,0.0714105692752878,0.256962557926453,0.561476832809054,0.941002415838093,FALSE,"Not significant"
"Gene0663",33.399743743939,-0.0872050946915525,0.221090616280582,0.540075861435461,0.941002415838093,FALSE,"Not significant"
"Gene0704",63.2997151500069,0.0825158185135788,0.205551635959854,0.570014076752309,0.941002415838093,FALSE,"Not significant"
"Gene0724",330.855006466503,-0.0817928173651161,0.232585650385795,0.548340403362584,0.941002415838093,FALSE,"Not significant"
"Gene0766",547.837611392791,0.0845348922988546,0.192021887472118,0.555468694658886,0.941002415838093,FALSE,"Not significant"
"Gene0779",267.876060815267,-0.0826167121388015,0.208218701044475,0.567187894821512,0.941002415838093,FALSE,"Not significant"
"Gene0805",61.0819691307887,-0.0857348727151415,0.213303549007823,0.54981433039936,0.941002415838093,FALSE,"Not significant"
"Gene0821",513.116144243979,-0.0900007521397746,0.225458833846498,0.534621431396223,0.941002415838093,FALSE,"Not significant"
"Gene0836",16.0750405397585,0.0839699610514598,0.241509453229284,0.539932489452599,0.941002415838093,FALSE,"Not significant"
"Gene0860",37.5758189135253,0.0809338397664524,0.223881830597758,0.569842851636511,0.941002415838093,FALSE,"Not significant"
"Gene0872",293.144585203629,-0.0899037699598391,0.214618965945835,0.534530765982412,0.941002415838093,FALSE,"Not significant"
"Gene0882",35.4457123977643,-0.0879699065868427,0.234878921640886,0.529663665038981,0.941002415838093,FALSE,"Not significant"
"Gene0891",35.3185915598238,-0.0789635848909808,0.236442673936062,0.564530834491234,0.941002415838093,FALSE,"Not significant"
"Gene0895",22.9851772747437,0.0885455194701824,0.231843950237466,0.535678645866882,0.941002415838093,FALSE,"Not significant"
"Gene0896",87.2219563698965,0.0813053001813152,0.195429572577744,0.572811710176655,0.941002415838093,FALSE,"Not significant"
"Gene0899",71.1541162188803,-0.0838879610069137,0.218554373029022,0.557700866577734,0.941002415838093,FALSE,"Not significant"
"Gene0937",69.2926684861774,0.082502236915011,0.217234790694627,0.565985542570677,0.941002415838093,FALSE,"Not significant"
"Gene0948",78.6806645440443,0.0826940924576362,0.223379335048664,0.562490964893462,0.941002415838093,FALSE,"Not significant"
"Gene0967",74.1876527676183,-0.0870042717611224,0.202232063409541,0.546492072389107,0.941002415838093,FALSE,"Not significant"
"Gene0968",176.500395264827,0.0831931867066357,0.222996230215832,0.563466311372472,0.941002415838093,FALSE,"Not significant"
"Gene0980",52.1666851584389,-0.0850025184892049,0.217829798487803,0.551764747703991,0.941002415838093,FALSE,"Not significant"
"Gene0986",141.209233220113,-0.0850649595157721,0.187265013750782,0.548385291442515,0.941002415838093,FALSE,"Not significant"
"Gene0987",396.1016130072,0.0833063430063985,0.2148268417907,0.561544658811131,0.941002415838093,FALSE,"Not significant"
"Gene0988",68.4474445777172,-0.081149124330567,0.206029987929943,0.572576788058606,0.941002415838093,FALSE,"Not significant"
"Gene0998",34.7035431168602,-0.0837012434112158,0.228412880372061,0.544093583116949,0.941002415838093,FALSE,"Not significant"
"Gene0999",13.7242998685494,-0.0761007568589054,0.242586774228475,0.573415399665938,0.941002415838093,FALSE,"Not significant"
"Gene0461",39.8629054208347,0.0811270143843902,0.204801122100145,0.575665230946644,0.941046137861538,FALSE,"Not significant"
"Gene0555",8.57249972557212,0.0747181746330928,0.246893271904087,0.575004010076468,0.941046137861538,FALSE,"Not significant"
"Gene0174",402.37015947026,0.0783719245006266,0.184772720881733,0.577390426197584,0.942308797870314,FALSE,"Not significant"
"Gene0481",92.4413386174487,0.0792345204331154,0.222014770663586,0.580507914965737,0.944417956274155,FALSE,"Not significant"
"Gene0769",82.481937254907,0.0780814231483193,0.214868995107007,0.581494333416448,0.944417956274155,FALSE,"Not significant"
"Gene0910",11.6681134092158,0.0753178321258036,0.241229996373225,0.581547558514621,0.944417956274155,FALSE,"Not significant"
"Gene0155",24.0794076392436,0.0793572975112359,0.215682204116124,0.583365743047637,0.94581757356412,FALSE,"Not significant"
"Gene0794",69.3782994734262,0.0780311740734413,0.210827754515087,0.585711751070509,0.948066975137044,FALSE,"Not significant"
"Gene0175",199.418217629708,0.0778979807691698,0.208013514592065,0.588894055070413,0.951660490955292,FALSE,"Not significant"
"Gene0897",16.7703597061484,-0.0752610573917525,0.230088735561775,0.592109921020869,0.955296430488809,FALSE,"Not significant"
"Gene0345",135.304391914114,0.0754089682905654,0.221901308014808,0.593180305759437,0.955464694456162,FALSE,"Not significant"
"Gene0367",6.58609062348366,0.0660084339753227,0.252367736371709,0.59894427969811,0.958584742401719,FALSE,"Not significant"
"Gene0428",321.154498557701,-0.0746410544106744,0.223436750394606,0.598994308194401,0.958584742401719,FALSE,"Not significant"
"Gene0721",276.509084772556,-0.0722333900247108,0.172140700916687,0.597651867687577,0.958584742401719,FALSE,"Not significant"
"Gene0944",119.230122653607,-0.0749540240551579,0.217545627844843,0.59897269744307,0.958584742401719,FALSE,"Not significant"
"Gene0120",113.828694703573,0.0754186055242856,0.20375929090294,0.600172001932802,0.958917786609922,FALSE,"Not significant"
"Gene0111",94.725648493679,0.0717573932508168,0.235162080269078,0.60196096600701,0.959845027072219,FALSE,"Not significant"
"Gene0536",73.685296145467,0.0722657417689653,0.221469318426272,0.605093361468803,0.959845027072219,FALSE,"Not significant"
"Gene0547",321.398059632617,0.0731127703078578,0.21008237504235,0.603486894765217,0.959845027072219,FALSE,"Not significant"
"Gene0584",17.3393914396589,0.0692139810188853,0.237561525810507,0.606500945304519,0.959845027072219,FALSE,"Not significant"
"Gene0791",30.0024741470777,-0.0669466912909276,0.245346764977029,0.605365562497053,0.959845027072219,FALSE,"Not significant"
"Gene0817",12.2858771763762,0.0712114897088324,0.235471931919581,0.606575472113384,0.959845027072219,FALSE,"Not significant"
"Gene0508",191.263155127603,-0.0606759662082011,0.242417695843984,0.608295404440919,0.961029001584775,FALSE,"Not significant"
"Gene0209",49.157398867114,0.0625741799280479,0.24212406933735,0.615816630559523,0.962750973926282,FALSE,"Not significant"
"Gene0321",393.73229009309,0.0711842481561006,0.209922418329338,0.621447695777796,0.962750973926282,FALSE,"Not significant"
"Gene0379",126.065613123428,-0.0701867617938112,0.219319480446917,0.621042470604507,0.962750973926282,FALSE,"Not significant"
"Gene0418",100.92618453496,-0.0720416342353395,0.204794337675811,0.616265616695945,0.962750973926282,FALSE,"Not significant"
"Gene0447",13.7585625108931,0.0675365548099258,0.241370757259777,0.61164097359875,0.962750973926282,FALSE,"Not significant"
"Gene0482",256.857910522861,-0.0711372483988942,0.201241372559696,0.615218437474462,0.962750973926282,FALSE,"Not significant"
"Gene0520",29.3462366506741,0.0648164261329719,0.239636566104136,0.61936649781429,0.962750973926282,FALSE,"Not significant"
"Gene0524",468.169609393446,0.0724656303687676,0.186641213786222,0.610731396002293,0.962750973926282,FALSE,"Not significant"
"Gene0620",74.8501928341048,-0.0718450971192187,0.202217545317914,0.613448871424431,0.962750973926282,FALSE,"Not significant"
"Gene0758",98.0690738495894,0.0692897631132331,0.215129530152337,0.622872931001761,0.962750973926282,FALSE,"Not significant"
"Gene0867",46.4173958853165,-0.0713639474391284,0.201015946346245,0.618706254775178,0.962750973926282,FALSE,"Not significant"
"Gene0914",50.6742751802352,0.0707279871713112,0.193119555515348,0.621021852231523,0.962750973926282,FALSE,"Not significant"
"Gene0929",428.122692782392,0.0699460447608157,0.208456747340291,0.623013774836016,0.962750973926282,FALSE,"Not significant"
"Gene0943",33.7513005761424,-0.0727098607790568,0.204494452439714,0.613053670003479,0.962750973926282,FALSE,"Not significant"
"Gene0264",54.2036866082491,0.0704442416424973,0.21772478599003,0.625872586004285,0.96565988698633,FALSE,"Not significant"
"Gene0327",55.5256065203128,-0.0659843775069732,0.231722034363152,0.627946930879305,0.967351268909086,FALSE,"Not significant"
"Gene0698",43.8002518523669,0.0695706172181386,0.202138652422706,0.629114606957504,0.967642840250344,FALSE,"Not significant"
"Gene0123",30.7341008696449,-0.0661112317255164,0.224677283939666,0.631736915423424,0.96909648801476,FALSE,"Not significant"
"Gene0502",640.646117765877,0.0668883069397583,0.221930698479603,0.632019448705278,0.96909648801476,FALSE,"Not significant"
"Gene0813",29.3986261526156,0.0674062114402166,0.218829789155153,0.634507632097057,0.971405647281717,FALSE,"Not significant"
"Gene0117",116.638181980077,0.0670893080785457,0.190010285945147,0.638801191121128,0.972480061705351,FALSE,"Not significant"
"Gene0184",183.739353823669,-0.0677248391345744,0.217227391486144,0.637730277257369,0.972480061705351,FALSE,"Not significant"
"Gene0235",69.2750447772632,-0.0672297554130233,0.206775325699613,0.63927175158982,0.972480061705351,FALSE,"Not significant"
"Gene0417",48.1775584424425,0.0672783223984678,0.201314768409722,0.639853326965192,0.972480061705351,FALSE,"Not significant"
"Gene0689",48.416012387851,0.067289018682665,0.205216513391259,0.640719884654048,0.972480061705351,FALSE,"Not significant"
"Gene0901",46.4462419717564,-0.0668297157885287,0.211779156050889,0.641237073554278,0.972480061705351,FALSE,"Not significant"
"Gene0974",33.6752774142446,-0.0635957225087375,0.233720773040298,0.642092497769054,0.972480061705351,FALSE,"Not significant"
"Gene0210",22.1686887693414,0.064782736772982,0.229649504254125,0.64440844396648,0.973007558905112,FALSE,"Not significant"
"Gene0474",20.317874140791,0.0656557799098821,0.220985397262865,0.643724500469353,0.973007558905112,FALSE,"Not significant"
"Gene0756",194.801360833884,-0.0655447546053525,0.200929545202123,0.645624627545496,0.973357860735511,FALSE,"Not significant"
"Gene0835",58.0585813773428,-0.0645226097706061,0.187784728219754,0.647210976378839,0.974264316040596,FALSE,"Not significant"
"Gene0298",54.9042068906928,-0.0636556584733131,0.217695579004064,0.653312177048496,0.98104599005284,FALSE,"Not significant"
"Gene0350",64.9311653664569,0.0632483928551201,0.193078403426197,0.657424055374485,0.98104599005284,FALSE,"Not significant"
"Gene0401",28.4284971378323,0.0632976552923364,0.221930108666739,0.656162152222198,0.98104599005284,FALSE,"Not significant"
"Gene0427",67.2896856016792,-0.0610784590600387,0.232829868496249,0.654324263996072,0.98104599005284,FALSE,"Not significant"
"Gene0843",107.565390176508,-0.0626051692967002,0.191059046945315,0.65766783761884,0.98104599005284,FALSE,"Not significant"
"Gene0918",318.250439509521,-0.0621454543131258,0.186650132613708,0.655070964449936,0.98104599005284,FALSE,"Not significant"
"Gene0102",108.889249907963,0.0594290909022023,0.217715900096141,0.678087356838563,0.985517365059028,FALSE,"Not significant"
"Gene0129",31.5834780070031,-0.0548034599221007,0.215694914450654,0.698272455958556,0.985517365059028,FALSE,"Not significant"
"Gene0149",36.0992933503067,-0.0563903381322481,0.234636609657615,0.671518333758893,0.985517365059028,FALSE,"Not significant"
"Gene0154",12.4214438389953,0.0505200807975086,0.244052566440137,0.696253863524199,0.985517365059028,FALSE,"Not significant"
"Gene0165",106.719415062148,-0.0502020517693757,0.212883717264762,0.719589621987031,0.985517365059028,FALSE,"Not significant"
"Gene0190",97.1260428104768,-0.0597732480913412,0.206401521221813,0.673588991010407,0.985517365059028,FALSE,"Not significant"
"Gene0217",42.2147738222841,0.057710777733796,0.210292599844444,0.687450053166409,0.985517365059028,FALSE,"Not significant"
"Gene0233",132.846111000447,0.0563162638811077,0.197708832535726,0.694290892749236,0.985517365059028,FALSE,"Not significant"
"Gene0249",19.2834260620011,0.0464261424542973,0.238104463879984,0.720906448253518,0.985517365059028,FALSE,"Not significant"
"Gene0272",15.681759757088,-0.0418501853054644,0.248714981411108,0.716186149147068,0.985517365059028,FALSE,"Not significant"
"Gene0273",59.9522008325566,-0.055230869899497,0.213569366340217,0.695636564333676,0.985517365059028,FALSE,"Not significant"
"Gene0285",43.7072108025556,0.0502625754271587,0.228321640508237,0.718527649197272,0.985517365059028,FALSE,"Not significant"
"Gene0294",25.9978485511883,0.0523235729938038,0.225714663264144,0.704647365436544,0.985517365059028,FALSE,"Not significant"
"Gene0335",185.241650355398,-0.0546753774400115,0.20364110553621,0.702481500374125,0.985517365059028,FALSE,"Not significant"
"Gene0356",32.343271196187,-0.050001564356851,0.216654294150451,0.723018943237349,0.985517365059028,FALSE,"Not significant"
"Gene0360",153.133390403913,-0.0533677872180431,0.216248513227386,0.69661715619303,0.985517365059028,FALSE,"Not significant"
"Gene0365",69.6707426215726,0.0511304564492685,0.201840083883716,0.721622800704742,0.985517365059028,FALSE,"Not significant"
"Gene0399",7.75769839159737,0.0496976149722353,0.245495907518379,0.700714596886128,0.985517365059028,FALSE,"Not significant"
"Gene0400",27.3471927401064,0.0600785795314757,0.218672583457271,0.675311666142461,0.985517365059028,FALSE,"Not significant"
"Gene0403",19.4845155388064,-0.0491218828774449,0.219964126498664,0.724439964001935,0.985517365059028,FALSE,"Not significant"
"Gene0423",61.8376190162626,-0.0510715188748706,0.198867559179162,0.719664097733086,0.985517365059028,FALSE,"Not significant"
"Gene0450",76.9639475678686,-0.0488212048027424,0.224498109098726,0.72202361334101,0.985517365059028,FALSE,"Not significant"
"Gene0451",431.335239763501,-0.0520877208435543,0.214151528094608,0.718327756869915,0.985517365059028,FALSE,"Not significant"
"Gene0464",38.7683283588256,-0.0498255323121912,0.211081053226561,0.722818078040826,0.985517365059028,FALSE,"Not significant"
"Gene0466",659.475166989319,0.0572432824033346,0.187076166096897,0.686328703422065,0.985517365059028,FALSE,"Not significant"
"Gene0468",103.127814599109,0.0577710285135599,0.211834388621899,0.688623894264658,0.985517365059028,FALSE,"Not significant"
"Gene0528",21.6419901433456,-0.0594685415353302,0.212433402604486,0.677083806727163,0.985517365059028,FALSE,"Not significant"
"Gene0530",235.610998319204,0.0480282861522724,0.240871234616162,0.71569631055615,0.985517365059028,FALSE,"Not significant"
"Gene0557",92.030920264131,-0.0510589434543782,0.213656796779936,0.718633140428858,0.985517365059028,FALSE,"Not significant"
"Gene0562",86.6405029276865,0.0550514321737572,0.22185138412892,0.696150228057002,0.985517365059028,FALSE,"Not significant"
"Gene0574",129.692009614654,0.0536798448207036,0.217451617278121,0.707173191791096,0.985517365059028,FALSE,"Not significant"
"Gene0597",38.2352540224601,-0.0556797140583593,0.213936504959626,0.694221515847282,0.985517365059028,FALSE,"Not significant"
"Gene0619",31.2836164280781,-0.0513163175044789,0.217446700695812,0.713980256069729,0.985517365059028,FALSE,"Not significant"
"Gene0622",24.788033015767,0.0590843539218619,0.228767285507152,0.67188278756485,0.985517365059028,FALSE,"Not significant"
"Gene0623",63.6456768592813,0.0552025667567654,0.228471639770292,0.688206056227922,0.985517365059028,FALSE,"Not significant"
"Gene0632",207.04803810093,0.0628613273760706,0.210791686464439,0.662027724465931,0.985517365059028,FALSE,"Not significant"
"Gene0636",78.7806820550978,0.0619711012785827,0.20675215128879,0.664756801477341,0.985517365059028,FALSE,"Not significant"
"Gene0643",23.6963017942028,-0.0608860305618515,0.218559441745453,0.666953566730001,0.985517365059028,FALSE,"Not significant"
"Gene0655",15.5179476990473,-0.0557553799331996,0.23704795238373,0.672732745862656,0.985517365059028,FALSE,"Not significant"
"Gene0660",53.248209482741,0.0506498007667825,0.219395713141026,0.717327884549008,0.985517365059028,FALSE,"Not significant"
"Gene0668",45.8173330760864,0.061797894764082,0.216830634004452,0.664850293172524,0.985517365059028,FALSE,"Not significant"
"Gene0678",154.96889477172,0.0578750561848217,0.208843269631119,0.682720510811172,0.985517365059028,FALSE,"Not significant"
"Gene0684",54.0343933661753,-0.0495325500491881,0.228550890085379,0.714525395684266,0.985517365059028,FALSE,"Not significant"
"Gene0701",23.3704628308365,-0.0511511726380899,0.230687057253384,0.7002450434841,0.985517365059028,FALSE,"Not significant"
"Gene0719",47.8088700823073,0.0606260401589376,0.219560724005909,0.670715772818781,0.985517365059028,FALSE,"Not significant"
"Gene0732",36.220246421736,0.054968181149416,0.221524314637957,0.692366107266908,0.985517365059028,FALSE,"Not significant"
"Gene0742",58.1658540461421,-0.0525325105652526,0.187115540531795,0.709831719793601,0.985517365059028,FALSE,"Not significant"
"Gene0762",95.1793989301726,-0.0614356078462136,0.187573641833591,0.663162648304567,0.985517365059028,FALSE,"Not significant"
"Gene0764",57.6297148140656,0.0506696634246507,0.22758526086485,0.718416519056742,0.985517365059028,FALSE,"Not significant"
"Gene0785",43.0715056171282,0.058515885711083,0.196731714156283,0.683146723710084,0.985517365059028,FALSE,"Not significant"
"Gene0787",67.6738327536615,0.0577220813210842,0.200235968247787,0.685300524707786,0.985517365059028,FALSE,"Not significant"
"Gene0819",19.2836519489797,-0.0547978548007033,0.22795587328985,0.692312191755052,0.985517365059028,FALSE,"Not significant"
"Gene0842",42.6201251982675,0.0583521110903271,0.220077690309818,0.681850151838345,0.985517365059028,FALSE,"Not significant"
"Gene0858",79.2325584180102,0.0519571952417385,0.205709918814389,0.718236247948599,0.985517365059028,FALSE,"Not significant"
"Gene0861",50.5973293410501,-0.055857591297716,0.212981971436537,0.693408741705982,0.985517365059028,FALSE,"Not significant"
"Gene0884",199.818797366503,0.0521938969158191,0.210258459963943,0.716187908164071,0.985517365059028,FALSE,"Not significant"
"Gene0890",31.4260325701097,-0.0541465875129763,0.213197790219599,0.703319696851968,0.985517365059028,FALSE,"Not significant"
"Gene0893",17.5830496236172,-0.0502723204601305,0.232337324201319,0.709454462388417,0.985517365059028,FALSE,"Not significant"
"Gene0898",121.998636016176,-0.0553819493514611,0.215443333687002,0.696324476566607,0.985517365059028,FALSE,"Not significant"
"Gene0902",32.481764539621,0.0475155128738764,0.23660008900619,0.720092057888717,0.985517365059028,FALSE,"Not significant"
"Gene0905",120.625377085131,-0.0485992352692938,0.222379435690722,0.723530906610491,0.985517365059028,FALSE,"Not significant"
"Gene0934",422.043721013728,0.0502532868039108,0.208982085406186,0.723571220512123,0.985517365059028,FALSE,"Not significant"
"Gene0953",83.2166508104571,0.0546908521801673,0.19865526678222,0.701626791066009,0.985517365059028,FALSE,"Not significant"
"Gene0956",40.1850234315556,-0.0591672647658894,0.20502297663929,0.674232590525477,0.985517365059028,FALSE,"Not significant"
"Gene0105",53.9718266930463,-0.0469027447378899,0.21807236970504,0.736900294201916,0.98720469776575,FALSE,"Not significant"
"Gene0122",75.6065167020575,0.0285290343697712,0.217217507377288,0.836991452001448,0.98720469776575,FALSE,"Not significant"
"Gene0126",174.484590015745,0.0225822540727705,0.224087419121055,0.868264873363962,0.98720469776575,FALSE,"Not significant"
"Gene0130",116.432935543985,0.0472332421432255,0.198826716151156,0.742061100087643,0.98720469776575,FALSE,"Not significant"
"Gene0131",57.9635660652569,0.0240696394456337,0.20414079366175,0.866265453736294,0.98720469776575,FALSE,"Not significant"
"Gene0133",44.3133588780481,0.026977383990065,0.219937943937103,0.846857022224485,0.98720469776575,FALSE,"Not significant"
"Gene0135",33.8137700207979,-0.022954859031698,0.219503022926171,0.865638301488338,0.98720469776575,FALSE,"Not significant"
"Gene0145",12.7305808486971,0.0296787964624849,0.228271432466958,0.828064969819955,0.98720469776575,FALSE,"Not significant"
"Gene0158",172.679863638755,0.0320600824814875,0.237526052655334,0.807723650878439,0.98720469776575,FALSE,"Not significant"
"Gene0162",59.6791227651735,0.02407947645605,0.192414307018033,0.864428481850833,0.98720469776575,FALSE,"Not significant"
"Gene0164",26.7934873809463,0.0384504797613186,0.221327215971771,0.783595714473371,0.98720469776575,FALSE,"Not significant"
"Gene0169",73.1323746744677,0.0471772833401491,0.224168078382553,0.736878811028597,0.98720469776575,FALSE,"Not significant"
"Gene0172",16.7834290477345,-0.0236008317347804,0.214723882098541,0.865877537665851,0.98720469776575,FALSE,"Not significant"
"Gene0182",13.2340441504661,0.0245338475530704,0.235914136559468,0.852219200936268,0.98720469776575,FALSE,"Not significant"
"Gene0185",34.2708572207892,-0.0288857738561681,0.219783482635903,0.84119559424296,0.98720469776575,FALSE,"Not significant"
"Gene0206",28.2102089532795,0.0447043526464834,0.211741410038625,0.756893953588139,0.98720469776575,FALSE,"Not significant"
"Gene0212",277.731265246705,-0.0374942476501177,0.204721754241861,0.788734267784878,0.98720469776575,FALSE,"Not significant"
"Gene0218",129.249720984813,-0.0373214189158778,0.207273130060296,0.786663673569744,0.98720469776575,FALSE,"Not significant"
"Gene0220",59.2095615224138,-0.0316728815676869,0.212594777256821,0.82027861439815,0.98720469776575,FALSE,"Not significant"
"Gene0225",34.5280346097384,-0.0266822347143862,0.215227741284799,0.848278766243296,0.98720469776575,FALSE,"Not significant"
"Gene0230",449.806363479613,-0.0288662813358958,0.224357477929232,0.832432665099966,0.98720469776575,FALSE,"Not significant"
"Gene0232",98.021018654072,-0.0261253528563933,0.200923427787012,0.852352088120141,0.98720469776575,FALSE,"Not significant"
"Gene0248",103.60313977091,-0.0439103632780605,0.19952379188796,0.757266834411935,0.98720469776575,FALSE,"Not significant"
"Gene0251",55.1360536351887,-0.0334138474975148,0.203340395615687,0.81265658626418,0.98720469776575,FALSE,"Not significant"
"Gene0263",19.6893361742077,0.0317028369030566,0.23525746171354,0.811805571671987,0.98720469776575,FALSE,"Not significant"
"Gene0275",544.373735986217,-0.0253902785503992,0.213422886628715,0.857844008219277,0.98720469776575,FALSE,"Not significant"
"Gene0295",133.622907957291,0.0448214890724448,0.221754053635295,0.743578375063284,0.98720469776575,FALSE,"Not significant"
"Gene0297",32.885591910301,0.0369281483682203,0.230175970046285,0.785869422764436,0.98720469776575,FALSE,"Not significant"
"Gene0305",24.2423214478633,-0.0436299494411533,0.224381205487284,0.753338259334949,0.98720469776575,FALSE,"Not significant"
"Gene0306",29.5141669995557,0.0307477425094352,0.216037863099387,0.831048999590077,0.98720469776575,FALSE,"Not significant"
"Gene0309",30.8892547964231,-0.0461843074182085,0.235597991061309,0.729273156973105,0.98720469776575,FALSE,"Not significant"
"Gene0313",74.5673135648597,-0.030712576914706,0.217600434582038,0.82362289974078,0.98720469776575,FALSE,"Not significant"
"Gene0320",167.119992388454,-0.0353959924151014,0.210549906260015,0.801768610363086,0.98720469776575,FALSE,"Not significant"
"Gene0325",119.234722959512,0.0450600633620557,0.199812995406469,0.753684404450375,0.98720469776575,FALSE,"Not significant"
"Gene0328",202.217795497894,-0.0293738520358592,0.239075713392383,0.810159773956285,0.98720469776575,FALSE,"Not significant"
"Gene0330",36.9420618603413,-0.0278898712805635,0.205370899627241,0.843509456956699,0.98720469776575,FALSE,"Not significant"
"Gene0334",93.9897052369766,-0.0299573169861366,0.261555148820531,0.766619579025755,0.98720469776575,FALSE,"Not significant"
"Gene0336",221.469246494902,0.0474840660556054,0.197557933133655,0.738187261554588,0.98720469776575,FALSE,"Not significant"
"Gene0347",110.239595745761,0.0247871610983928,0.200119306400211,0.863802573077233,0.98720469776575,FALSE,"Not significant"
"Gene0351",19.244262429006,-0.0396912847461803,0.216427430223642,0.777312354422192,0.98720469776575,FALSE,"Not significant"
"Gene0352",48.3239013001808,0.0452400437911483,0.202948930932155,0.751842192455229,0.98720469776575,FALSE,"Not significant"
"Gene0366",118.920277162707,-0.0269085344569406,0.217451558537405,0.843609918417843,0.98720469776575,FALSE,"Not significant"
"Gene0370",33.0628983595016,-0.0308425448890165,0.22807014272155,0.820256143788299,0.98720469776575,FALSE,"Not significant"
"Gene0371",123.481137378974,0.0237099989435585,0.20977675845455,0.861134122827882,0.98720469776575,FALSE,"Not significant"
"Gene0373",226.971792506483,0.0335436348545099,0.218810576774884,0.811618927443786,0.98720469776575,FALSE,"Not significant"
"Gene0382",64.0213960103261,-0.0432049740528902,0.196441532684754,0.760695952173816,0.98720469776575,FALSE,"Not significant"
"Gene0405",153.542995370776,-0.0215803581912437,0.216177279459322,0.867808883859061,0.98720469776575,FALSE,"Not significant"
"Gene0412",96.510991981825,0.043412039376932,0.199866880485079,0.762808497534043,0.98720469776575,FALSE,"Not significant"
"Gene0416",56.9793632188481,-0.0388316462594917,0.203919309166727,0.782663815519719,0.98720469776575,FALSE,"Not significant"
"Gene0421",336.771052563379,-0.0374628703821222,0.188245890312745,0.790953302862989,0.98720469776575,FALSE,"Not significant"
"Gene0452",16.6259193846466,0.0353375662935583,0.226002306752357,0.798528138121218,0.98720469776575,FALSE,"Not significant"
"Gene0454",13.5130072748199,-0.0299378507223994,0.224797708312586,0.828557265968419,0.98720469776575,FALSE,"Not significant"
"Gene0467",17.161556713075,0.024886129849918,0.24125511751492,0.843889079321618,0.98720469776575,FALSE,"Not significant"
"Gene0469",387.592918930152,-0.0376028389686021,0.181742639271823,0.785786992838667,0.98720469776575,FALSE,"Not significant"
"Gene0475",141.458082600901,-0.0474457159544219,0.201036291352085,0.737171459514083,0.98720469776575,FALSE,"Not significant"
"Gene0487",18.9091233998938,0.0331013428801932,0.241505189817384,0.799393788524952,0.98720469776575,FALSE,"Not significant"
"Gene0489",103.198791554031,-0.0294634239439555,0.20091046620568,0.832074510078504,0.98720469776575,FALSE,"Not significant"
"Gene0494",84.9016054998956,-0.042676352785246,0.223057267337822,0.758310418057114,0.98720469776575,FALSE,"Not significant"
"Gene0497",81.6227567758146,-0.0312660448770608,0.201142694430128,0.824667940022122,0.98720469776575,FALSE,"Not significant"
"Gene0498",28.9575948389877,-0.0460812189704631,0.213302530598781,0.743201777481714,0.98720469776575,FALSE,"Not significant"
"Gene0501",274.498341895043,0.0442327109713273,0.173562270012857,0.748373600434476,0.98720469776575,FALSE,"Not significant"
"Gene0503",34.5390379545374,-0.0415588285014889,0.213966431453116,0.765949219429711,0.98720469776575,FALSE,"Not significant"
"Gene0504",121.924980556211,0.0443168207322714,0.206104286448219,0.756487587596559,0.98720469776575,FALSE,"Not significant"
"Gene0511",395.893675886515,0.0457199790080426,0.182104906436235,0.745968856692067,0.98720469776575,FALSE,"Not significant"
"Gene0513",68.7342319378879,0.0407106603417056,0.214387802613809,0.776060828610193,0.98720469776575,FALSE,"Not significant"
"Gene0517",43.7732859833315,0.0342695449738785,0.224812394984864,0.800433564596786,0.98720469776575,FALSE,"Not significant"
"Gene0522",55.7392083189284,-0.0350353781513039,0.209756847243373,0.800327733862461,0.98720469776575,FALSE,"Not significant"
"Gene0533",35.2583888533711,-0.0241197011458798,0.213133429885959,0.860196390012254,0.98720469776575,FALSE,"Not significant"
"Gene0535",427.583013953398,0.0415629137394035,0.198912927534409,0.767576924980507,0.98720469776575,FALSE,"Not significant"
"Gene0548",31.1185446244207,0.0454647756094735,0.213045889565354,0.750664921377767,0.98720469776575,FALSE,"Not significant"
"Gene0552",40.6893815050691,-0.0354620765395862,0.219907085029877,0.798699482473441,0.98720469776575,FALSE,"Not significant"
"Gene0568",642.250160513957,-0.0382617795342853,0.191526498657841,0.782363764533533,0.98720469776575,FALSE,"Not significant"
"Gene0572",91.2926934914683,-0.0320033909564704,0.197042813483399,0.819941464924813,0.98720469776575,FALSE,"Not significant"
"Gene0578",10.3014712922312,-0.0413679098188208,0.23468197063406,0.757288324211097,0.98720469776575,FALSE,"Not significant"
"Gene0580",25.4648129193893,0.0393554670785305,0.210081345264783,0.780702907467773,0.98720469776575,FALSE,"Not significant"
"Gene0581",12.1327797186838,-0.0257135684794852,0.236992593740082,0.843187462574269,0.98720469776575,FALSE,"Not significant"
"Gene0599",103.508728519171,0.0272585703029303,0.208230401574182,0.847338886320281,0.98720469776575,FALSE,"Not significant"
"Gene0610",225.246310838853,0.0387414351840736,0.200956826577032,0.785601844907702,0.98720469776575,FALSE,"Not significant"
"Gene0617",86.1420524975241,0.026526763774324,0.185020932662051,0.850876888564869,0.98720469776575,FALSE,"Not significant"
"Gene0618",111.521428650662,-0.0377173962348418,0.203639745652513,0.787644016671281,0.98720469776575,FALSE,"Not significant"
"Gene0621",20.6743217163351,0.0368192728984002,0.209560646359041,0.798669644563798,0.98720469776575,FALSE,"Not significant"
"Gene0625",233.582656834784,0.0333841628200321,0.208354166932356,0.814160576528269,0.98720469776575,FALSE,"Not significant"
"Gene0626",47.5740321703934,-0.0321918711872984,0.239149590094169,0.802186825801819,0.98720469776575,FALSE,"Not significant"
"Gene0630",53.4114413432324,-0.0389543708006455,0.187790898465504,0.781556767721046,0.98720469776575,FALSE,"Not significant"
"Gene0634",26.1244084628925,-0.044607050600605,0.211347519984909,0.750797787634372,0.98720469776575,FALSE,"Not significant"
"Gene0644",50.8915117940749,0.0329803520192698,0.203799878687308,0.817430858590206,0.98720469776575,FALSE,"Not significant"
"Gene0645",90.3340563282524,-0.0263785375770945,0.195674605423543,0.85100797169552,0.98720469776575,FALSE,"Not significant"
"Gene0646",46.2639768538596,-0.0489502985898075,0.217749580050455,0.728103938982078,0.98720469776575,FALSE,"Not significant"
"Gene0662",122.080873171546,-0.029842399792314,0.199832337333012,0.831713901110964,0.98720469776575,FALSE,"Not significant"
"Gene0664",21.6616260111324,-0.0253267025641548,0.233432425831826,0.845825856341201,0.98720469776575,FALSE,"Not significant"
"Gene0673",8.76404631269867,-0.0369426274405851,0.246904271844277,0.762607524184506,0.98720469776575,FALSE,"Not significant"
"Gene0675",27.2405123258271,0.0323900978448573,0.24634675860949,0.783702810647681,0.98720469776575,FALSE,"Not significant"
"Gene0676",20.8062030723691,-0.0471058881773534,0.216826354015072,0.737643524006811,0.98720469776575,FALSE,"Not significant"
"Gene0682",28.3695996257342,0.0379435503204107,0.210151844496211,0.789475940514462,0.98720469776575,FALSE,"Not significant"
"Gene0692",19.4538932146535,0.0246794509878273,0.219205249625974,0.861003472893085,0.98720469776575,FALSE,"Not significant"
"Gene0699",37.7680690814863,-0.0354687144234448,0.203192148318096,0.801244860076903,0.98720469776575,FALSE,"Not significant"
"Gene0700",49.1242867187914,-0.0243465136844484,0.222496608194193,0.857818049258852,0.98720469776575,FALSE,"Not significant"
"Gene0702",43.6738569735084,0.0248216615037308,0.215048716343915,0.852827296856176,0.98720469776575,FALSE,"Not significant"
"Gene0703",63.0246685733099,-0.0338099421442109,0.215572136794957,0.808422895913614,0.98720469776575,FALSE,"Not significant"
"Gene0709",103.575912584449,-0.0420437771082133,0.190896210815037,0.765220659904807,0.98720469776575,FALSE,"Not significant"
"Gene0713",83.7381401231593,-0.0321995712612002,0.203067246852229,0.817612960501696,0.98720469776575,FALSE,"Not significant"
"Gene0715",29.051253716356,-0.0392020891047701,0.235099205896939,0.759133199054703,0.98720469776575,FALSE,"Not significant"
"Gene0717",39.4560820543615,-0.025042041346144,0.211213740700308,0.857963554480787,0.98720469776575,FALSE,"Not significant"
"Gene0727",28.7359067813866,-0.0401939344509445,0.215062356576364,0.774737498909811,0.98720469776575,FALSE,"Not significant"
"Gene0738",104.560116924485,0.0466283401415461,0.192733212295771,0.740545352111142,0.98720469776575,FALSE,"Not significant"
"Gene0749",166.676825996223,-0.0370414197674336,0.200376072823982,0.795768568140115,0.98720469776575,FALSE,"Not significant"
"Gene0763",20.5466628321436,-0.0229563055906778,0.219023122992619,0.868420714920326,0.98720469776575,FALSE,"Not significant"
"Gene0776",49.5220777053847,0.0355073029221624,0.205402198039184,0.803410803288243,0.98720469776575,FALSE,"Not significant"
"Gene0782",116.186361385167,0.0414460852331692,0.230357467238204,0.753969373131041,0.98720469776575,FALSE,"Not significant"
"Gene0803",42.9374784318225,-0.0283662911285559,0.213987635161838,0.838433024347783,0.98720469776575,FALSE,"Not significant"
"Gene0812",375.367190719888,-0.0442018367032861,0.201282688076792,0.754302131551324,0.98720469776575,FALSE,"Not significant"
"Gene0818",35.1771238530276,-0.0365556665621542,0.205780907113866,0.796485581196068,0.98720469776575,FALSE,"Not significant"
"Gene0823",51.5248543559088,-0.0280154671471643,0.214613129445108,0.838656142598485,0.98720469776575,FALSE,"Not significant"
"Gene0831",9.7379737389244,-0.0353015683159741,0.245503613775058,0.773421875518117,0.98720469776575,FALSE,"Not significant"
"Gene0833",102.942146188346,0.0427055842680697,0.196073578668879,0.764973047879641,0.98720469776575,FALSE,"Not significant"
"Gene0839",28.8286011950222,-0.029296114388988,0.227564202164238,0.826633474094016,0.98720469776575,FALSE,"Not significant"
"Gene0841",170.585136811673,0.0379618981971064,0.229242632873187,0.779208527492021,0.98720469776575,FALSE,"Not significant"
"Gene0845",336.147108471089,0.0323925702268438,0.194416467808952,0.820851688634548,0.98720469776575,FALSE,"Not significant"
"Gene0846",25.908508306929,0.0412946228301367,0.202152742789469,0.773830089753877,0.98720469776575,FALSE,"Not significant"
"Gene0849",39.2083075311043,-0.0459324063201833,0.214903901377339,0.74108847944154,0.98720469776575,FALSE,"Not significant"
"Gene0850",79.6642125990458,-0.0426763733049396,0.215872937157849,0.761070387076058,0.98720469776575,FALSE,"Not significant"
"Gene0851",27.3171941155043,0.0304898360771377,0.207622442544759,0.830468123041364,0.98720469776575,FALSE,"Not significant"
"Gene0852",122.808436124979,0.0252646996326817,0.191233284420286,0.860584577834259,0.98720469776575,FALSE,"Not significant"
"Gene0857",134.816710878438,-0.0274733291020586,0.217399997417093,0.843267400032121,0.98720469776575,FALSE,"Not significant"
"Gene0870",294.606029840746,-0.030181222956996,0.187900246623948,0.828798560386194,0.98720469776575,FALSE,"Not significant"
"Gene0874",53.1243668306394,-0.0326928313235017,0.194547498904427,0.818462779056464,0.98720469776575,FALSE,"Not significant"
"Gene0876",285.918961155767,-0.0451435225434786,0.1839359538926,0.746217255356896,0.98720469776575,FALSE,"Not significant"
"Gene0880",105.981806389211,-0.0430647356693396,0.215869743442164,0.76042257210285,0.98720469776575,FALSE,"Not significant"
"Gene0915",18.7594759556122,0.0318823455841549,0.235773437369886,0.807890645101696,0.98720469776575,FALSE,"Not significant"
"Gene0933",89.1985641389538,0.045729394788683,0.208912713715863,0.747928160864334,0.98720469776575,FALSE,"Not significant"
"Gene0939",535.059250411837,0.0456680288552596,0.212213139684658,0.749859927397964,0.98720469776575,FALSE,"Not significant"
"Gene0941",19.6013541373346,-0.0211951638626533,0.237774143026544,0.867469032015575,0.98720469776575,FALSE,"Not significant"
"Gene0946",59.5624278860923,-0.0325282162535783,0.200085149681263,0.817831877617737,0.98720469776575,FALSE,"Not significant"
"Gene0960",84.2733077990988,0.0266420943879508,0.214419361601402,0.850374850431414,0.98720469776575,FALSE,"Not significant"
"Gene0963",140.174190007697,0.0337078135352016,0.22186973025464,0.800580371974345,0.98720469776575,FALSE,"Not significant"
"Gene0964",141.3635014458,-0.0443389457815843,0.187321505212939,0.751722572154981,0.98720469776575,FALSE,"Not significant"
"Gene0965",36.0547426024764,-0.0264209278201311,0.216844221897789,0.84671579848869,0.98720469776575,FALSE,"Not significant"
"Gene0970",208.751676081114,-0.0354213787383611,0.206232928993577,0.800358584738273,0.98720469776575,FALSE,"Not significant"
"Gene0971",38.1337642692516,0.0364842386226561,0.203320944927362,0.798101016528935,0.98720469776575,FALSE,"Not significant"
"Gene0978",37.2392659752346,0.0342031881939632,0.222414556161315,0.806746754228044,0.98720469776575,FALSE,"Not significant"
"Gene0982",142.259718246581,-0.032974444582039,0.203012407984611,0.815555145928947,0.98720469776575,FALSE,"Not significant"
"Gene0991",461.906096328874,0.02733059004758,0.193528141527906,0.848256291007059,0.98720469776575,FALSE,"Not significant"
"Gene0995",95.738677079845,-0.0384416769544803,0.223236084872044,0.77581378605738,0.98720469776575,FALSE,"Not significant"
"Gene0681",80.1514325189465,0.0235019793249667,0.199229862155511,0.870375638090035,0.98829105174632,FALSE,"Not significant"
"Gene0308",299.336412599323,-0.0221394387685349,0.21068742791222,0.871771256783781,0.988740565320137,FALSE,"Not significant"
"Gene0486",52.6850802882449,0.0222964588850237,0.20865047158348,0.874323253805211,0.989490165247896,FALSE,"Not significant"
"Gene0743",318.762709746451,-0.0216677108449098,0.188752823818045,0.874433169288838,0.989490165247896,FALSE,"Not significant"
"Gene0291",46.9424153508754,-0.0215939310054104,0.210124709191571,0.876469325562878,0.98952986641745,FALSE,"Not significant"
"Gene0406",71.7104610078209,0.0222149628905423,0.215545136211107,0.875558172660616,0.98952986641745,FALSE,"Not significant"
"Gene0798",39.083880183847,0.021657480934991,0.211155211831073,0.878790430702018,0.991019083197601,FALSE,"Not significant"
"Gene0115",125.674212436268,0.0169297050936309,0.193795558974433,0.906281843638066,0.991225770418574,FALSE,"Not significant"
"Gene0119",65.8837860424775,0.0201122070010013,0.212403143284788,0.889733727864961,0.991225770418574,FALSE,"Not significant"
"Gene0121",107.586682232412,0.0185671912695815,0.177433944942634,0.894838926117593,0.991225770418574,FALSE,"Not significant"
"Gene0143",90.391599986626,-0.0192111565257703,0.215933255909753,0.890613141850621,0.991225770418574,FALSE,"Not significant"
"Gene0156",52.3759444437435,-0.0155013026140327,0.215841998415054,0.907079924772517,0.991225770418574,FALSE,"Not significant"
"Gene0171",626.66823980914,-0.0132696859068984,0.19469770774765,0.919320187763737,0.991225770418574,FALSE,"Not significant"
"Gene0178",66.8866109748609,-0.016708285800701,0.203895966047694,0.90479933910568,0.991225770418574,FALSE,"Not significant"
"Gene0280",46.3228241135238,-0.0156042816519823,0.216011563855735,0.909802704214139,0.991225770418574,FALSE,"Not significant"
"Gene0289",408.511820084953,0.016693597059436,0.217516348387574,0.904485176360103,0.991225770418574,FALSE,"Not significant"
"Gene0296",57.1149811598019,-0.0132912101854761,0.215399739792229,0.922855680365942,0.991225770418574,FALSE,"Not significant"
"Gene0341",36.1389560165378,0.0146849680507222,0.207282089915123,0.918415982159261,0.991225770418574,FALSE,"Not significant"
"Gene0353",186.136277215964,-0.0181819478713059,0.21540019376455,0.892304959693314,0.991225770418574,FALSE,"Not significant"
"Gene0419",48.896927490435,0.0137314737799295,0.225542663817979,0.916113640657159,0.991225770418574,FALSE,"Not significant"
"Gene0432",202.083204085102,0.0160608949019698,0.227478351627005,0.906069236880691,0.991225770418574,FALSE,"Not significant"
"Gene0453",116.976981611657,0.0210403484197552,0.182960297709649,0.883062987483443,0.991225770418574,FALSE,"Not significant"
"Gene0455",134.379239484063,0.016128435494515,0.203360132122307,0.911830115751781,0.991225770418574,FALSE,"Not significant"
"Gene0465",58.3387179594252,-0.0164931618964799,0.202349374827467,0.905215881040555,0.991225770418574,FALSE,"Not significant"
"Gene0480",80.9303810684655,-0.0135307054643472,0.209270273605601,0.921320666955833,0.991225770418574,FALSE,"Not significant"
"Gene0483",67.7490461328524,0.0195011909363577,0.201699228138216,0.892090430638394,0.991225770418574,FALSE,"Not significant"
"Gene0527",70.3939685171952,0.0168508113340499,0.212404266831329,0.907135545850918,0.991225770418574,FALSE,"Not significant"
"Gene0542",13.831606577049,0.0189108192020554,0.226177074998898,0.891540660754985,0.991225770418574,FALSE,"Not significant"
"Gene0546",32.6754869185174,0.0148455172195019,0.224091252861986,0.916497342673795,0.991225770418574,FALSE,"Not significant"
"Gene0559",659.682388442777,0.0216844360235914,0.206646495309434,0.88119569889261,0.991225770418574,FALSE,"Not significant"
"Gene0565",38.6057934765363,0.0153120979099749,0.209650400466145,0.914774407750465,0.991225770418574,FALSE,"Not significant"
"Gene0588",32.0434926659298,-0.0207887865685216,0.209236994184326,0.881245283700303,0.991225770418574,FALSE,"Not significant"
"Gene0595",163.47819343761,-0.0164225504587541,0.205292143329365,0.902237133724451,0.991225770418574,FALSE,"Not significant"
"Gene0598",78.4294491820606,-0.0160247249386441,0.200446751382588,0.908147682893099,0.991225770418574,FALSE,"Not significant"
"Gene0606",551.14890628288,0.0179735720236377,0.187157597973305,0.897897447668903,0.991225770418574,FALSE,"Not significant"
"Gene0614",76.0630017995901,0.0199994964327961,0.201738830595556,0.889164159512997,0.991225770418574,FALSE,"Not significant"
"Gene0691",203.380035010841,-0.0137951010242681,0.225964657376151,0.918917082104409,0.991225770418574,FALSE,"Not significant"
"Gene0708",148.873558100867,0.0152971622365695,0.2089923170017,0.915125692543724,0.991225770418574,FALSE,"Not significant"
"Gene0735",15.8102859587463,-0.0151817662787575,0.220971203320921,0.911592490968534,0.991225770418574,FALSE,"Not significant"
"Gene0744",259.30340484814,0.0182275658168475,0.19598876680762,0.901319849540201,0.991225770418574,FALSE,"Not significant"
"Gene0761",334.454054658248,0.0178274596007732,0.205694526740912,0.903067063536478,0.991225770418574,FALSE,"Not significant"
"Gene0773",52.305933333545,0.0172697323023836,0.196361515007851,0.904350854248676,0.991225770418574,FALSE,"Not significant"
"Gene0789",425.94404382197,0.0186379273950584,0.193023033780768,0.897123999319677,0.991225770418574,FALSE,"Not significant"
"Gene0820",8.09990841496216,0.0166663554992578,0.247200812830882,0.892081168386408,0.991225770418574,FALSE,"Not significant"
"Gene0854",78.8320557469466,0.0207589303838194,0.206560642577293,0.884479646238451,0.991225770418574,FALSE,"Not significant"
"Gene0881",105.031917079588,0.0172450143553071,0.213731677243537,0.903330009540625,0.991225770418574,FALSE,"Not significant"
"Gene0906",336.779995792574,0.0165578341853508,0.209139882978363,0.908821490211835,0.991225770418574,FALSE,"Not significant"
"Gene0966",75.7579156898246,0.013874620043788,0.198331494937429,0.923072734636509,0.991225770418574,FALSE,"Not significant"
"Gene0989",221.208565886436,0.0174019446642673,0.217185983127033,0.902608190549298,0.991225770418574,FALSE,"Not significant"
"Gene0990",87.1303522357906,0.0147813340670851,0.200857053696324,0.918877724151488,0.991225770418574,FALSE,"Not significant"
"Gene1000",57.9664502624188,0.0145647824731996,0.199742560950575,0.922145823224077,0.991225770418574,FALSE,"Not significant"
"Gene0221",33.0254130191822,0.0127821649370534,0.213655676171825,0.927735302716363,0.994156282643804,FALSE,"Not significant"
"Gene0594",205.115935751901,-0.0119750223210362,0.222689408777992,0.927812182892043,0.994156282643804,FALSE,"Not significant"
"Gene0110",11.4180962115009,-0.0115068631101591,0.232016323766296,0.931706930899468,0.996956999441157,FALSE,"Not significant"
"Gene0252",83.4854583915676,-0.00930205318736903,0.225112586163005,0.943530587944311,0.996956999441157,FALSE,"Not significant"
"Gene0342",369.023879142538,0.0106806525023393,0.197966281145422,0.940569975113384,0.996956999441157,FALSE,"Not significant"
"Gene0392",50.8193088208246,-0.0100467927457264,0.20339857101886,0.942358920230355,0.996956999441157,FALSE,"Not significant"
"Gene0509",31.8956295983293,0.0107007097786679,0.224527556956869,0.939035750763251,0.996956999441157,FALSE,"Not significant"
"Gene0544",101.804785876299,-0.0106543103937073,0.207979299358446,0.938501599463947,0.996956999441157,FALSE,"Not significant"
"Gene0658",6.96943907359731,0.0094653001194992,0.245807586478423,0.939657547055406,0.996956999441157,FALSE,"Not significant"
"Gene0734",44.0982299304777,-0.011755802586222,0.218433906174862,0.93258492144019,0.996956999441157,FALSE,"Not significant"
"Gene0736",531.556462937931,0.0103923555088301,0.177962519423697,0.943156587977285,0.996956999441157,FALSE,"Not significant"
"Gene0810",203.426528390537,-0.0100276743531562,0.186590328096176,0.941401450486584,0.996956999441157,FALSE,"Not significant"
"Gene0811",42.0731412098057,-0.0104694513860885,0.21491031662698,0.938102635164173,0.996956999441157,FALSE,"Not significant"
"Gene0853",102.392326082606,-0.00985619674516757,0.190433912181607,0.943195721254041,0.996956999441157,FALSE,"Not significant"
"Gene0931",86.3180892192572,-0.011184829041789,0.196898742229744,0.935517623610715,0.996956999441157,FALSE,"Not significant"
"Gene0104",994.706592245221,0.00445145705185217,0.212785968531505,0.975757800867215,0.998056918096373,FALSE,"Not significant"
"Gene0124",122.036828406164,-0.00566728859101806,0.192692837947907,0.96679840405729,0.998056918096373,FALSE,"Not significant"
"Gene0138",33.7165054569288,0.00806458148756899,0.203596899420098,0.955587596150456,0.998056918096373,FALSE,"Not significant"
"Gene0160",661.40780131764,-0.0059270865240701,0.174633588486594,0.974220326737929,0.998056918096373,FALSE,"Not significant"
"Gene0163",112.791404445179,-0.00294466775250009,0.203341199402626,0.98134851932878,0.998056918096373,FALSE,"Not significant"
"Gene0195",369.779982481739,0.00245078290225892,0.19983389736764,0.983928710964574,0.998056918096373,FALSE,"Not significant"
"Gene0197",43.2433931988527,-0.00907197242661323,0.211508716720728,0.946154383965119,0.998056918096373,FALSE,"Not significant"
"Gene0239",1213.48525974933,-0.0120212234182374,0.206005530613984,0.95566123694487,0.998056918096373,FALSE,"Not significant"
"Gene0241",77.2096318231244,0.00743259379667368,0.191212583366321,0.959077302287178,0.998056918096373,FALSE,"Not significant"
"Gene0265",41.006536118039,-0.00523359559996819,0.195802056136904,0.969672328487381,0.998056918096373,FALSE,"Not significant"
"Gene0286",23.3755329275139,0.00836787690414663,0.218002498559389,0.95450925384605,0.998056918096373,FALSE,"Not significant"
"Gene0302",217.650766568388,0.00368235893840124,0.212950266697553,0.97879928374261,0.998056918096373,FALSE,"Not significant"
"Gene0318",32.3207728930859,-0.00682092828991072,0.198811565648552,0.963271121215931,0.998056918096373,FALSE,"Not significant"
"Gene0339",173.90500236159,0.00611368866402551,0.202952459783549,0.973775073113759,0.998056918096373,FALSE,"Not significant"
"Gene0344",44.8054570128129,-0.00226897449834567,0.202266758929582,0.982155619713281,0.998056918096373,FALSE,"Not significant"
"Gene0361",185.148548086811,0.00875009008709334,0.210853856462114,0.950821297522633,0.998056918096373,FALSE,"Not significant"
"Gene0363",134.369854217777,0.00839172593519611,0.238168521354575,0.949997385434018,0.998056918096373,FALSE,"Not significant"
"Gene0393",67.7615520412218,0.00687386508649101,0.193008461423019,0.962714959820819,0.998056918096373,FALSE,"Not significant"
"Gene0407",19.9562414464533,0.00359200258247625,0.228668454980068,0.980156687294149,0.998056918096373,FALSE,"Not significant"
"Gene0478",69.7382082886116,-0.00523352435293859,0.234592520879531,0.968030946704059,0.998056918096373,FALSE,"Not significant"
"Gene0491",27.4708348152642,0.00366212240161157,0.223907520274814,0.980616162402633,0.998056918096373,FALSE,"Not significant"
"Gene0516",48.176264479012,-0.00428178349522189,0.19870234220178,0.975035710719402,0.998056918096373,FALSE,"Not significant"
"Gene0519",106.654264601765,-0.00464447850355558,0.180733233828481,0.972327521054853,0.998056918096373,FALSE,"Not significant"
"Gene0545",26.0361970408094,-0.00454406740021569,0.223053586739139,0.972334599853403,0.998056918096373,FALSE,"Not significant"
"Gene0612",32.1314666524487,-0.00409395840763654,0.264968699486246,0.958668515865833,0.998056918096373,FALSE,"Not significant"
"Gene0635",186.441924524799,0.00656412512618513,0.188447510657799,0.965008080264984,0.998056918096373,FALSE,"Not significant"
"Gene0666",272.9560586572,0.00364169635691185,0.185937722057159,0.980086807601699,0.998056918096373,FALSE,"Not significant"
"Gene0687",45.1995221013706,0.00582580173268,0.208116162963757,0.968775561993088,0.998056918096373,FALSE,"Not significant"
"Gene0728",48.7237689753206,-0.00504361569761692,0.226569147937187,0.968025850326358,0.998056918096373,FALSE,"Not significant"
"Gene0784",71.6647126219531,-0.00869010721058389,0.205083464323032,0.949401783576233,0.998056918096373,FALSE,"Not significant"
"Gene0807",81.2933606338432,-0.00736548858791038,0.217406896073671,0.956798627302124,0.998056918096373,FALSE,"Not significant"
"Gene0868",82.5249472047575,0.00812290311596976,0.214158147276682,0.955078259623786,0.998056918096373,FALSE,"Not significant"
"Gene0883",200.152576701259,0.00787268459367349,0.213482303600679,0.952190693174852,0.998056918096373,FALSE,"Not significant"
"Gene0888",63.4850088400478,-0.00794204864809944,0.217009338149089,0.952696261649263,0.998056918096373,FALSE,"Not significant"
"Gene0932",149.186688935776,0.00307379812079061,0.222165340207668,0.983839123124976,0.998056918096373,FALSE,"Not significant"
"Gene0950",70.6945086238289,-0.00430081351322304,0.189908058446126,0.974201141085363,0.998056918096373,FALSE,"Not significant"
"Gene0983",33.087299038758,0.0038407182256044,0.202563833076756,0.980042476783583,0.998056918096373,FALSE,"Not significant"
"Gene0984",579.353689320997,0.00965032296559253,0.194589944102393,0.969989979546085,0.998056918096373,FALSE,"Not significant"
"Gene0993",432.372239159754,0.00727169791333313,0.182062317215373,0.959717387183256,0.998056918096373,FALSE,"Not significant"
"Gene0650",14.494493390403,0.00220343577995977,0.226674524180247,0.988325472495449,0.998529449246014,FALSE,"Not significant"
"Gene0834",57.8655800790953,-0.00216494973702833,0.191908404711021,0.986386801799269,0.998529449246014,FALSE,"Not significant"
"Gene0977",186.008576833972,-0.00192726539087557,0.196176703480796,0.987819747868559,0.998529449246014,FALSE,"Not significant"
"Gene0992",79.9673471073344,-0.00126973276111822,0.214438030222129,0.988433094855255,0.998529449246014,FALSE,"Not significant"
"Gene0207",28.6967196322152,-0.000473243167708145,0.218164697149942,0.994499018305143,0.999295210772656,FALSE,"Not significant"
"Gene0231",64.1892841410077,0.000605739885082231,0.20941444271822,0.998226954628067,0.999295210772656,FALSE,"Not significant"
"Gene0271",18.0229650209172,-0.000528187967752533,0.232389255051065,0.995445814189352,0.999295210772656,FALSE,"Not significant"
"Gene0282",9.4691153181728,2.89594100792507e-05,0.231827861549097,0.999104884096703,0.999295210772656,FALSE,"Not significant"
"Gene0420",230.990655599504,0.00140621095800756,0.205486179810479,0.994004255630028,0.999295210772656,FALSE,"Not significant"
"Gene0577",109.223921653915,-0.000773268594916754,0.206787290029642,0.992861980483005,0.999295210772656,FALSE,"Not significant"
"Gene0722",162.244975275612,0.00120301040775928,0.227496063692044,0.995224643094969,0.999295210772656,FALSE,"Not significant"
"Gene0790",107.085830101526,0.00102531818889931,0.193866485011455,0.995567476379612,0.999295210772656,FALSE,"Not significant"
"Gene0801",16.0158467400024,0.000315830720241221,0.2184620302491,0.999295210772656,0.999295210772656,FALSE,"Not significant"
"Gene0997",105.619169803097,0.000803312558812202,0.188591182964585,0.996783804396926,0.999295210772656,FALSE,"Not significant"
